# https://github.com/mikedh/trimesh

o FR_KNEE_LINK.STL
v -0.00900208 0.01500000 -0.01980655
v -0.01081640 0.01500000 -0.02064944
v -0.00919913 0.01500000 -0.01940841
v -0.01087850 0.01498948 -0.02056852
v -0.00900208 0.00850000 -0.01980655
v -0.00922237 0.01499736 -0.01936162
v -0.00921408 0.01500000 -0.02398306
v -0.00800204 0.01485801 -0.02749105
v 0.01519417 -0.00150000 -0.14964259
v 0.01391571 -0.00208579 -0.14649351
v 0.01472012 -0.00150000 -0.15277389
v -0.01100724 0.01496209 -0.02064233
v 0.01426171 -0.00150000 -0.15491705
v 0.01331457 -0.00210713 -0.15248351
v -0.01113352 0.01485345 -0.02080600
v -0.01113641 0.01487705 -0.02072313
v 0.01377529 -0.00150000 -0.15705331
v -0.00739250 0.01500000 -0.02315730
v -0.00768467 0.01500000 -0.02735072
v 0.00189028 0.01500000 -0.04762290
v 0.00156107 0.01500000 -0.05392700
v 0.00192808 0.01500000 -0.04637070
v 0.00016712 0.01500000 -0.04213173
v -0.00144875 0.01500000 -0.03748652
v -0.00319489 0.01500000 -0.03288868
v -0.00449308 0.01500000 -0.02970184
v -0.00585364 0.01500000 -0.02654112
v 0.00765078 0.01500000 -0.07967641
v 0.00633273 0.01500000 -0.08165772
v 0.00331521 0.01485449 -0.06314716
v 0.00745915 0.01500000 -0.07782640
v 0.00797980 0.01500000 -0.07600981
v 0.00720987 0.01500000 -0.07188898
v 0.00498689 0.01500000 -0.05965902
v -0.00137115 0.01485449 -0.04501078
v 0.00782195 0.01500000 -0.08152867
v 0.00867492 0.01500000 -0.10860518
v 0.00831825 0.01484904 -0.10863616
v 0.00598196 0.01485281 -0.08168817
v 0.01016930 0.01500000 -0.10847549
v 0.00999850 0.01500000 -0.12586486
v 0.01093909 0.01485801 -0.14532106
v 0.01250614 0.01500000 -0.14064090
v 0.01128753 0.01500000 -0.14530055
v 0.01149367 0.01500000 -0.12579072
v 0.01282999 0.01500000 -0.14650531
v 0.01126440 0.01500000 -0.14864813
v 0.01045243 0.01484899 -0.15189148
v 0.01353468 0.01500000 -0.14473890
v 0.01505328 0.01500000 -0.14298314
v 0.01330925 0.01500000 -0.14232352
v 0.01270581 0.01500000 -0.14940159
v 0.01080276 0.01500000 -0.15196536
v 0.00987974 0.01500000 -0.15614519
v 0.01035496 0.01500000 -0.15405765
v 0.01227194 0.01500000 -0.15226746
v 0.00953985 0.01485798 -0.15606581
v 0.01241906 -0.00206475 -0.15673593
v 0.00751511 -0.00176795 -0.17054123
v 0.00838993 -0.00150000 -0.17102563
v 0.01182035 0.01500000 -0.15437874
v 0.01134117 0.01500000 -0.15648320
v 0.00461458 0.01500000 -0.16957992
v 0.00620284 0.01500000 -0.16981460
v -0.00423523 0.01500000 -0.18097742
v 0.00031962 0.01485355 -0.17537957
v 0.00596989 0.01485355 -0.16621952
v -0.02759433 0.01500000 -0.19929442
v -0.01594659 0.01500000 -0.18940660
v -0.00715512 0.01485355 -0.18312299
v -0.00236949 0.01500000 -0.18124424
v -0.01611001 0.01485355 -0.18909308
v -0.02828368 0.01500000 -0.20389092
v -0.03383011 0.01500000 -0.21323673
v -0.03349924 0.01485355 -0.21037860
v -0.01981583 0.01500000 -0.19417685
v -0.02699144 0.01485355 -0.19794932
v -0.03233243 0.01500000 -0.22375305
v -0.03342263 0.01500000 -0.22855242
v -0.03457890 0.01485355 -0.22436690
v -0.03231907 0.01500000 -0.21612953
v -0.02715295 0.01500000 -0.23795035
v -0.02646011 0.01500000 -0.24213757
v -0.03005549 0.01485355 -0.23764761
v -0.03057536 0.01500000 -0.23116253
v -0.01611803 0.01500000 -0.24827820
v -0.01433619 0.01500000 -0.25137976
v -0.02066195 0.01485355 -0.24806874
v -0.02224770 0.01500000 -0.24375957
v -0.00159554 0.01500000 -0.25251082
v 0.00058328 0.01500000 -0.25449392
v -0.00792041 0.01485355 -0.25394168
v -0.00910224 0.01500000 -0.25125101
v 0.01326716 0.01500000 -0.24972293
v 0.01547957 0.01500000 -0.25083235
v 0.00610454 0.01485355 -0.25431478
v 0.00599513 0.01500000 -0.25199240
v 0.02244246 0.01500000 -0.24620210
v 0.01571354 0.01500000 -0.25071377
v 0.02778326 0.01500000 -0.24045180
v 0.01981583 0.01500000 -0.24582316
v 0.01594659 0.01500000 -0.25059339
v 0.01914032 0.01485355 -0.24912761
v 0.03168697 0.01500000 -0.23364365
v 0.02907466 0.01485355 -0.23922068
v 0.02828368 0.01500000 -0.23610908
v 0.03394989 0.01500000 -0.22613639
v 0.03231907 0.01500000 -0.22387049
v 0.03636378 0.01500000 -0.20904289
v 0.03429790 0.01485346 -0.22619928
v 0.03535219 0.01500000 -0.20315978
v 0.03727514 0.01500000 -0.19265537
v 0.03688739 0.01485350 -0.20725630
v 0.03434160 0.01500000 -0.20500118
v 0.03103074 0.01500000 -0.21017390
v 0.03564764 0.01500000 -0.18004948
v 0.03688860 0.01500000 -0.17329794
v 0.03765042 0.01485353 -0.18815267
v 0.03500629 0.01500000 -0.16596396
v 0.03558948 0.01500000 -0.14998840
v 0.03703187 0.01485355 -0.16904703
v 0.03311280 0.01500000 -0.11314967
v 0.03315198 0.01500000 -0.11365386
v 0.03350791 0.01500000 -0.13999532
v 0.03593822 0.01485781 -0.14996967
v 0.03285160 0.01500000 -0.14184281
v 0.03386602 0.01500000 -0.14600109
v 0.03398060 0.01500000 -0.14803490
v 0.03409162 0.01500000 -0.15006855
v 0.03128872 0.01500000 -0.10910820
v 0.02860255 0.01500000 -0.07806806
v 0.03001355 0.01500000 -0.07698530
v 0.03021664 0.01494670 -0.07682528
v 0.03346410 0.01485355 -0.11311086
v 0.00687468 -0.00250000 -0.17018661
v -0.00160083 -0.00208901 -0.18200654
v -0.00173233 -0.00230407 -0.18187554
v -0.00199092 -0.00209904 -0.18330039
v 0.02517495 0.00850000 -0.04789877
v -0.00059453 -0.00150000 -0.18300478
v 0.02884256 0.01364989 -0.07106762
v 0.02512139 0.00850000 -0.04792301
v 0.02778756 0.01407724 -0.07403474
v 0.02815938 0.01432241 -0.07498718
v 0.02836329 0.01459202 -0.07619189
v 0.02853993 0.01499581 -0.07809495
v 0.03315513 0.01485365 -0.14001720
v 0.02882711 0.01500000 -0.14369631
v 0.03106479 0.01500000 -0.14264947
v 0.03214946 0.01485355 -0.14197072
v 0.03131802 0.01500000 -0.14364441
v 0.03306736 0.01500000 -0.14430894
v 0.02448285 -0.00150000 -0.19225897
v 0.01282378 -0.00150000 -0.18529372
v 0.01825052 -0.00208579 -0.18945058
v 0.03292115 0.01485355 -0.14113238
v 0.02878255 0.01500000 -0.14269702
v 0.02877527 0.01485754 -0.14234757
v 0.03105742 0.01485355 -0.14229599
v 0.02741261 0.01441364 -0.14373419
v 0.02736857 0.01441416 -0.14273489
v 0.02746173 0.01431370 -0.14237516
v 0.03132538 0.01485355 -0.14399788
v 0.02883438 0.01485801 -0.14404528
v 0.02752696 0.01430775 -0.14408122
v 0.03317878 0.01485355 -0.14498805
v 0.03238153 0.01485355 -0.14425065
v 0.03374310 0.01485801 -0.15008757
v 0.03351295 0.01485345 -0.14602131
v 0.03475161 0.01485355 -0.16776654
v 0.02591629 -0.00208579 -0.19561365
v 0.03541689 0.01485355 -0.18545303
v 0.03500396 0.01485801 -0.20313603
v 0.03229800 0.01500000 -0.20542558
v 0.03329450 0.01485351 -0.20509119
v 0.00919042 -0.00208579 -0.18562146
v 0.03447581 0.01485350 -0.20440017
v 0.03063785 0.01500000 -0.20413898
v 0.03193569 0.01485353 -0.20492780
v 0.02421314 0.01500000 -0.19824675
v 0.02282860 0.01500000 -0.19413336
v 0.03095183 0.01485355 -0.20397644
v 0.01309897 0.01500000 -0.19020240
v 0.01195730 0.01500000 -0.18763874
v 0.01787498 0.01485355 -0.19007918
v 0.02538302 0.01485355 -0.19611543
v -0.00036106 0.01500000 -0.18745267
v -0.00055436 0.01500000 -0.18550445
v 0.00900132 0.01485355 -0.18632884
v -0.01377425 0.01500000 -0.19050810
v -0.00234532 0.01500000 -0.18478870
v -0.00056004 0.01485355 -0.18515095
v -0.00309391 0.01500000 -0.18303171
v -0.00256921 0.01485355 -0.18384612
v -0.00176360 0.01485355 -0.18480492
v -0.00270264 0.01485355 -0.18260093
v -0.00211847 0.01485355 -0.18149321
v -0.01689491 0.01500000 -0.19217801
v 0.00864573 0.01485355 -0.16567689
v 0.00399224 0.01485355 -0.17408092
v 0.01261367 0.01485799 -0.15233853
v 0.01168542 0.01485345 -0.15656409
v 0.01318352 0.01485355 -0.14650147
v 0.01527775 0.01500000 -0.14397867
v 0.01422422 0.01485355 -0.14463833
v 0.01345592 0.01485355 -0.14543140
v 0.01778184 0.01500000 -0.14292628
v 0.01782640 0.01500000 -0.14392556
v 0.01783369 0.01485750 -0.14427504
v 0.01528512 0.01485355 -0.14433216
v 0.01919582 0.01441417 -0.14288841
v 0.01923986 0.01441468 -0.14388771
v 0.01504591 0.01485355 -0.14262965
v 0.01777457 0.01485801 -0.14257731
v 0.01908504 0.01431071 -0.14254548
v 0.01319699 0.01485355 -0.14164647
v 0.01399342 0.01485355 -0.14237884
v 0.01052153 0.01485355 -0.10844487
v 0.01285909 0.01485346 -0.14061867
v 0.00817424 0.01485347 -0.08149782
v 0.00780613 0.01485801 -0.07778851
v -0.00057181 -0.00208579 -0.18441881
v 0.01098843 0.01500000 -0.07338596
v 0.00962247 0.01500000 -0.07507592
v 0.00865237 0.01485355 -0.07584108
v 0.00944683 0.01500000 -0.07358614
v 0.00798064 0.01500000 -0.07319577
v 0.00797420 0.01485355 -0.07670331
v 0.01105549 0.01500000 -0.07488985
v 0.01110102 0.01485354 -0.07524048
v 0.00966800 0.01485355 -0.07542653
v 0.01238801 0.01441605 -0.07320423
v 0.01246492 0.01441359 -0.07473698
v 0.01297890 0.01000000 -0.07312750
v 0.00944683 0.00350000 -0.07358614
v 0.01355695 0.00859690 -0.07305244
v 0.00799201 0.00350000 -0.07320482
v 0.00720987 0.00350000 -0.07188899
v 0.00499259 0.00350000 -0.05968488
v 0.00188975 0.00350000 -0.04762094
v 0.00270129 0.01500000 -0.04538759
v 0.00195294 0.00350000 -0.04630576
v 0.00110767 0.01500000 -0.04325722
v 0.00256329 0.01500000 -0.04343832
v 0.00270757 0.01495224 -0.04339536
v 0.00285886 0.01494675 -0.04529306
v 0.00199880 0.00350000 -0.04620077
v 0.00124240 0.00350000 -0.04332426
v 0.00284803 0.00350000 -0.04334176
v -0.00095117 0.01400227 -0.03887271
v 0.00016712 0.00350000 -0.04213173
v -0.00204523 0.01338502 -0.03587160
v -0.00319491 0.01278080 -0.03288862
v -0.00457572 0.00850000 -0.02950487
v -0.00327375 0.01274088 -0.03268987
v -0.00335286 0.01270100 -0.03249113
v -0.00335286 0.00850000 -0.03249113
v -0.00585364 0.00850000 -0.02654112
v -0.00739246 0.00850000 -0.02315738
v 0.03231907 -0.01250000 -0.22387049
v 0.03208538 -0.00850000 -0.21451998
v 0.03251263 -0.01250000 -0.22155929
v 0.03254113 -0.01250000 -0.21924016
v 0.03254113 -0.00950000 -0.21924016
v 0.03252535 -0.00899966 -0.21873343
v 0.03250164 -0.00850000 -0.21822634
v 0.03234664 -0.00850000 -0.21636719
v 0.02818953 -0.01250000 -0.23627429
v 0.02957445 -0.01250000 -0.23359613
v 0.02957445 -0.00850000 -0.23359613
v 0.03188723 -0.01250000 -0.22653504
v 0.03123612 -0.00950000 -0.22915465
v 0.03108975 -0.00899966 -0.22964004
v 0.03093562 -0.00850000 -0.23012371
v 0.03030481 -0.00850000 -0.23187943
v 0.01981583 -0.01250000 -0.24582316
v 0.02174620 -0.01250000 -0.24421993
v 0.02354734 -0.01250000 -0.24247277
v 0.02354734 -0.00950000 -0.24247277
v 0.02656276 -0.00850000 -0.23881283
v 0.02389449 -0.00899966 -0.24210329
v 0.02544131 -0.00850000 -0.24030374
v 0.02423630 -0.00850000 -0.24172796
v 0.01302871 -0.00850000 -0.24982877
v 0.01776769 -0.01250000 -0.24727291
v 0.01561396 -0.00950000 -0.24856058
v 0.01516724 -0.00899966 -0.24880031
v 0.01471624 -0.00850000 -0.24903333
v 0.00548003 -0.00850000 -0.25208539
v 0.01129838 -0.01250000 -0.25052619
v 0.00842534 -0.01250000 -0.25144067
v 0.01129838 -0.00850000 -0.25052619
v -0.00424781 -0.01250000 -0.25227153
v 0.00075984 -0.01250000 -0.25254112
v 0.00075984 -0.00950000 -0.25254112
v 0.00363281 -0.00850000 -0.25234663
v 0.00177366 -0.00850000 -0.25250164
v 0.00126657 -0.00899966 -0.25252536
v -0.00915464 -0.00950000 -0.25123611
v -0.01627429 -0.01250000 -0.24818952
v -0.01359612 -0.01250000 -0.24957445
v -0.01359612 -0.00850000 -0.24957445
v -0.00964003 -0.00899966 -0.25108975
v -0.01012372 -0.00850000 -0.25093561
v -0.01187943 -0.00850000 -0.25030482
v -0.02247277 -0.00950000 -0.24354734
v -0.01881283 -0.00850000 -0.24656275
v -0.02030374 -0.00850000 -0.24544132
v -0.02172796 -0.00850000 -0.24423629
v -0.02210329 -0.00899966 -0.24389449
v -0.02856058 -0.00950000 -0.23561396
v -0.02247277 -0.01250000 -0.24354734
v -0.02582308 -0.01250000 -0.23981577
v -0.03144066 -0.01250000 -0.22842534
v -0.03052620 -0.01250000 -0.23129837
v -0.03052620 -0.00850000 -0.23129837
v -0.02880030 -0.00899966 -0.23516724
v -0.02903334 -0.00850000 -0.23471624
v -0.02982876 -0.00850000 -0.23302871
v -0.03234664 -0.00850000 -0.22363281
v -0.03208538 -0.00850000 -0.22548002
v -0.03227155 -0.01250000 -0.21575220
v -0.03254113 -0.01250000 -0.22075984
v -0.03254113 -0.00950000 -0.22075984
v -0.03250164 -0.00850000 -0.22177365
v -0.03252535 -0.00899966 -0.22126657
v -0.02818953 -0.01250000 -0.20372571
v -0.02957445 -0.01250000 -0.20640388
v -0.02957445 -0.00850000 -0.20640388
v -0.03123612 -0.00950000 -0.21084535
v -0.03108975 -0.00899966 -0.21035996
v -0.03093562 -0.00850000 -0.20987628
v -0.03030481 -0.00850000 -0.20812057
v -0.01981583 -0.01250000 -0.19417685
v -0.02174620 -0.01250000 -0.19578007
v -0.02354734 -0.01250000 -0.19752723
v -0.02354734 -0.00950000 -0.19752723
v -0.02656276 -0.00850000 -0.20118718
v -0.02544131 -0.00850000 -0.19969626
v -0.02423630 -0.00850000 -0.19827203
v -0.02389449 -0.00899966 -0.19789670
v -0.01561396 -0.00950000 -0.19143942
v -0.01776769 -0.01250000 -0.19272709
v -0.01377425 -0.00850000 -0.19050810
v -0.01424709 -0.00850000 -0.19073358
v -0.01516724 -0.00899966 -0.19119969
v -0.01471624 -0.00850000 -0.19096667
v 0.00277609 -0.01250000 -0.18756929
v -0.00435870 -0.01250000 -0.18774343
v -0.01129838 -0.01250000 -0.18947379
v -0.01129838 -0.00850000 -0.18947379
v -0.01254698 -0.00850000 -0.18996543
v 0.01627428 -0.01250000 -0.19181050
v 0.00976424 -0.01250000 -0.18894950
v 0.02669684 -0.01250000 -0.20137914
v 0.02200720 -0.01250000 -0.19601756
v 0.03011374 -0.01250000 -0.20764495
v -0.00924538 0.01498948 -0.01931531
v -0.01369149 0.01373079 -0.01511380
v -0.01198639 0.01376755 -0.01402772
v -0.00927978 0.00850000 -0.01924618
v 0.01459342 -0.00227526 -0.14507896
v 0.01407589 -0.00279289 -0.14508975
v -0.01733448 0.01065989 0.00066524
v -0.01936794 0.01029059 0.00133854
v -0.01902761 0.00991409 0.00387702
v -0.01925712 0.00967576 0.00431240
v -0.01733448 0.00850000 0.00066524
v -0.01919028 0.00736929 0.00418560
v -0.01778260 0.00850000 0.00151531
v -0.01869429 0.00815007 0.00324473
v -0.01936436 0.01070831 -0.00118529
v -0.01971607 0.01044034 -0.00066417
v -0.01717901 0.01117725 -0.00234476
v -0.01855746 0.01151343 -0.00543592
v -0.01887518 0.01134489 -0.00556946
v -0.01658637 0.01167804 -0.00491907
v -0.01775687 0.01198218 -0.00765684
v -0.01697661 0.01231679 -0.00996333
v -0.01586600 0.01210156 -0.00692794
v -0.01669339 0.01246518 -0.00976223
v -0.01490377 0.01253898 -0.00883534
v -0.01215523 0.00850000 -0.01371576
v -0.00955946 0.00850000 -0.01868678
v -0.01490705 0.00850000 -0.00882972
v -0.01586687 0.00850000 -0.00692592
v -0.01658635 0.00850000 -0.00491917
v -0.01717915 0.00850000 -0.00233937
v -0.01979689 0.00978258 0.00141064
v -0.01933254 0.00934970 0.00445547
v -0.01981907 0.01016914 -0.00100650
v 0.03160209 -0.00208579 -0.20363981
v 0.03205507 -0.00250396 -0.20452690
v 0.03349411 -0.00208583 -0.20425275
v -0.01933254 0.00650000 0.00445547
v -0.01979593 -0.00978055 0.00142396
v -0.01933254 -0.00650000 0.00445547
v -0.01933254 -0.00934970 0.00445547
v -0.01897292 0.01102378 -0.00566513
v -0.01981884 -0.01016987 -0.00101087
v -0.01815306 0.01149317 -0.00793787
v -0.01897291 -0.01102378 -0.00566514
v -0.01706295 0.01197571 -0.01009544
v -0.01192167 0.00850000 0.00492661
v -0.01279047 0.00850000 -0.00167382
v -0.01719645 0.00850000 0.00472994
v -0.01756532 0.00850000 0.00313640
v -0.00785328 0.00850000 0.01023406
v -0.01853713 0.00793523 0.00510766
v -0.01912149 0.00650000 0.00527234
v -0.01923141 -0.00649976 0.00486525
v -0.01923141 0.00649974 0.00486526
v -0.01023406 0.00850000 -0.00785328
v 0.00785328 0.00850000 -0.01023406
v 0.01625643 0.00850000 -0.00343811
v 0.02155996 0.00850000 -0.03538223
v 0.01240573 0.00791421 0.02874332
v 0.02085942 0.00850000 -0.03475156
v 0.02056886 0.00850000 -0.03432013
v 0.02044686 0.00850000 -0.03560912
v 0.01968523 0.00850000 -0.03617969
v 0.00284803 0.01490547 -0.04334176
v 0.02290562 0.00790581 -0.03480983
v 0.02202891 0.00850000 -0.03518276
v 0.00813015 0.00850000 0.02416859
v 0.01101000 0.00850000 0.02851543
v 0.00640524 0.00850000 0.02115969
v 0.01023406 0.00850000 0.00785328
v 0.01192167 0.00850000 -0.00492661
v 0.01279047 0.00850000 0.00167382
v 0.00722423 0.00850000 0.02748318
v 0.00916348 0.00850000 0.03219365
v 0.00092621 0.00850000 0.02829973
v 0.00556274 0.00850000 0.03416020
v 0.00774624 0.00791421 0.03491883
v 0.00425087 0.00850000 0.02919122
v 0.01083904 0.00791421 0.03240680
v -0.00163817 0.00850000 0.03104788
v 0.00148234 0.00850000 0.03373170
v 0.00383936 0.00791421 0.03570107
v 0.00001782 0.00791421 0.03457345
v -0.00079870 0.00850000 0.02529082
v -0.01516272 0.00850000 0.00933442
v -0.01634506 0.00793524 0.01007074
v -0.00283857 0.00791421 0.03179557
v -0.01634235 0.00850000 0.00710394
v 0.00308058 0.00850000 0.02026819
v 0.00010722 0.00850000 0.02197624
v -0.00960583 0.00850000 -0.01699231
v -0.00834070 0.00850000 -0.01587242
v -0.00492661 0.00850000 -0.01192167
v -0.00955946 0.00350000 -0.01868678
v -0.00927978 0.00350000 -0.01924618
v -0.00931858 0.00350000 -0.01652094
v -0.00975991 0.00350000 -0.01756817
v 0.00167382 0.00850000 -0.01279047
v -0.00666449 0.00850000 -0.01612400
v -0.00806799 0.00350000 -0.01581125
v 0.00486259 0.00850000 -0.02379148
v -0.00666449 0.00350000 -0.01612400
v 0.00835363 0.00850000 -0.02306615
v 0.00573361 0.00850000 -0.02516930
v 0.00486259 0.00350000 -0.02379148
v 0.00529071 0.00850000 -0.02673788
v 0.00573556 0.00350000 -0.02573430
v 0.00558371 0.00350000 -0.02464710
v 0.00528421 0.00350000 -0.02416783
v 0.00004067 0.01233451 -0.03303145
v 0.00529071 0.00350000 -0.02673788
v 0.01011449 0.00850000 -0.02407754
v -0.00060175 0.01344305 -0.03692377
v 0.00849253 0.00850000 -0.02682016
v 0.00724432 0.00850000 -0.02751820
v 0.00988779 0.00850000 -0.02713410
v 0.02017695 0.00850000 -0.03397815
v 0.00724432 0.00350000 -0.02751820
v -0.00060175 0.00350000 -0.03692377
v 0.00849253 0.00350000 -0.02682013
v 0.00838585 0.00350000 -0.02683859
v 0.00988779 0.00350000 -0.02713410
v 0.02017695 0.00350000 -0.03397815
v 0.02056890 0.00350000 -0.03432010
v 0.02085942 0.00350000 -0.03475156
v 0.02044725 0.00350000 -0.03560945
v 0.01968523 0.00350000 -0.03617969
v 0.02014449 0.00350000 -0.03590680
v 0.00640524 0.00730000 0.02115969
v 0.00812669 0.00730000 0.02414041
v -0.00167382 0.00850000 0.01279047
v 0.00492661 0.00850000 0.01192167
v 0.00305247 0.00730000 0.02027215
v 0.00008520 0.00730000 0.02200492
v -0.00079524 0.00730000 0.02531900
v 0.00092621 0.00730000 0.02829973
v 0.00427898 0.00730000 0.02918727
v 0.00724625 0.00730000 0.02745449
v 0.00767064 0.00820000 -0.00999606
v 0.01164100 0.00820000 -0.00482152
v 0.00164494 0.00820000 -0.01249216
v -0.00482152 0.00820000 -0.01164100
v -0.00999606 0.00820000 -0.00767064
v -0.01249216 0.00820000 -0.00164494
v -0.01164100 0.00820000 0.00482152
v -0.00767064 0.00820000 0.00999606
v -0.00164494 0.00820000 0.01249216
v 0.00482152 0.00820000 0.01164100
v 0.00999606 0.00820000 0.00767064
v 0.01249216 0.00820000 0.00164494
v 0.01819041 0.00650000 -0.00287424
v 0.02345320 0.00650000 -0.03457690
v 0.02297989 0.00850000 -0.03477824
v 0.01298386 0.00650000 0.02883771
v 0.01881368 0.00315000 -0.00664698
v 0.02331714 0.00835082 -0.03463478
v 0.02345320 0.00800000 -0.03457690
v 0.02471390 0.00315000 -0.04212004
v 0.01198709 0.00650000 0.03171210
v 0.01298386 0.00315000 0.02883771
v 0.02552924 0.00835290 -0.04786977
v 0.02456390 0.00800000 -0.04122356
v 0.00261965 0.00208813 -0.04280486
v 0.01953854 0.00233439 -0.03583482
v 0.00302501 0.01489105 -0.04521314
v 0.02216171 0.00850000 -0.03707293
v 0.02407622 0.00850000 -0.04133870
v 0.02315605 0.00850000 -0.04795252
v 0.02079844 0.00850000 -0.03848196
v 0.02180993 0.00850000 -0.03990511
v 0.02567440 0.00800000 -0.04787025
v 0.03044395 0.01449971 -0.07629288
v 0.03036968 0.01481285 -0.07668425
v 0.02567447 -0.00800000 -0.04787024
v 0.03043049 0.01439368 -0.07612494
v 0.02804354 0.01114974 -0.06194872
v 0.03041915 0.01429948 -0.07602611
v 0.02804354 -0.01114979 -0.06194872
v 0.01905447 0.00850000 -0.03839466
v 0.01905447 0.00350000 -0.03839466
v 0.00302501 0.00350000 -0.04521314
v 0.02079871 0.00350000 -0.03848129
v 0.02180993 0.00350000 -0.03990511
v 0.02337574 0.00850000 -0.04926256
v 0.02315605 0.00350000 -0.04795253
v 0.02505480 0.01073448 -0.05925528
v 0.02494452 0.00350000 -0.05860027
v 0.03044401 -0.01449972 -0.07629286
v 0.03213141 0.01450000 -0.09509332
v 0.03219778 -0.01450000 -0.09586661
v 0.03042891 -0.01440968 -0.07612943
v 0.03041921 -0.01429957 -0.07602610
v 0.02673934 0.01296959 -0.06924694
v 0.02637485 0.01321432 -0.07076218
v 0.02673934 0.00350000 -0.06924694
v 0.02502481 0.01316781 -0.07156335
v 0.02637482 0.00350000 -0.07076986
v 0.02210722 0.01423852 -0.07194220
v 0.02502481 0.00350000 -0.07156335
v 0.02706894 0.01382752 -0.07332543
v 0.02630568 0.01388999 -0.07304469
v 0.02548905 0.01395985 -0.07301566
v 0.02688190 0.01369641 -0.07364756
v 0.02785393 0.01416309 -0.07507452
v 0.02823242 0.01483069 -0.07814050
v 0.02804825 0.01442115 -0.07627060
v 0.02616174 0.00208579 -0.06934449
v 0.02631155 0.00248659 -0.07034694
v 0.02293388 0.00341498 -0.04663533
v 0.02274805 0.00333898 -0.04555280
v 0.02259302 0.00327149 -0.04466600
v 0.02246518 0.00321192 -0.04394874
v 0.02235992 0.00315966 -0.04336988
v 0.02227415 0.00311407 -0.04290815
v 0.02220422 0.00307453 -0.04253979
v 0.02214739 0.00304042 -0.04224692
v 0.02205254 0.00297780 -0.04177601
v 0.02197840 0.00292197 -0.04142958
v 0.02192331 0.00287436 -0.04119134
v 0.02188278 0.00283360 -0.04103334
v 0.02183525 0.00277703 -0.04087621
v 0.02177533 0.00268224 -0.04075793
v 0.02172668 0.00256562 -0.04081174
v 0.02169872 0.00247137 -0.04096652
v 0.02123217 0.00208579 -0.04000176
v 0.02161538 0.00224759 -0.04141320
v 0.02167034 0.00237459 -0.04117194
v 0.02143204 0.00202834 -0.04155958
v 0.02476727 0.00150000 -0.06958000
v 0.02118955 0.00186454 -0.04134110
v 0.02101349 0.00177871 -0.04109349
v 0.02084764 0.00170450 -0.04093478
v 0.02072405 0.00164348 -0.04102724
v 0.02069010 0.00162177 -0.04116774
v 0.01983734 0.00150000 -0.04023508
v 0.02066786 0.00160226 -0.04137339
v 0.02065860 0.00158143 -0.04172089
v 0.02066563 0.00156397 -0.04214531
v 0.02067959 0.00155304 -0.04249687
v 0.02070724 0.00154077 -0.04300031
v 0.02075678 0.00152762 -0.04372415
v 0.02082715 0.00151643 -0.04460162
v 0.02091412 0.00150816 -0.04557869
v 0.02102734 0.00150238 -0.04675768
v 0.02297222 0.00150000 -0.05893196
v 0.02118353 0.00150000 -0.04828292
v 0.00694059 0.00150000 -0.05923129
v 0.00380762 0.00150000 -0.04705366
v 0.00918923 0.00150000 -0.07160280
v 0.02494944 0.00208630 -0.07098295
v 0.02085443 0.00208579 -0.03925247
v 0.00325431 0.00208579 -0.04575219
v 0.01928377 0.00208579 -0.03893371
v 0.02011861 0.00208579 -0.03884912
v 0.00212729 0.00279289 -0.04623159
v 0.00260362 0.00227526 -0.04602898
v 0.00108643 0.00247159 -0.04291004
v 0.00070310 0.00210713 -0.04195372
v -0.00037889 0.00206477 -0.03866998
v -0.00038390 0.00350000 -0.04049969
v 0.00206517 0.00150000 -0.04150134
v 0.01915334 0.00160556 -0.03492928
v 0.00150776 0.00150000 -0.03985033
v 0.01849159 0.00152670 -0.03486796
v 0.01780832 0.00150000 -0.03480465
v 0.00878011 0.00150000 -0.02879935
v 0.00093405 0.00150000 -0.03820491
v 0.03303905 -0.00150000 -0.17696902
v 0.02021007 0.00265630 -0.03559550
v 0.00956336 0.00208579 -0.02762184
v 0.01934858 0.00164370 -0.03493513
v 0.01955120 0.00169921 -0.03491889
v 0.02037410 0.00223156 -0.03481366
v 0.02050194 0.00239022 -0.03479733
v 0.02028393 0.00256370 -0.03435967
v 0.02003215 0.00251137 -0.03419583
v 0.02014035 0.00299014 -0.03403318
v 0.02013201 0.00293609 -0.03404571
v 0.00897460 0.00227526 -0.02723021
v 0.00854360 0.00279289 -0.02694353
v 0.00769411 0.00208582 -0.02789341
v -0.00015259 0.00208666 -0.03729844
v -0.00063510 0.00227526 -0.03801058
v -0.00048529 0.00273605 -0.03702091
v -0.00087120 0.00350000 -0.03734406
v -0.00080794 0.00279289 -0.03752265
v -0.00103756 0.01375104 -0.03785736
v -0.00247114 0.01283066 -0.03349599
v -0.00094183 0.00350000 -0.03751132
v -0.00115087 0.01269178 -0.03372046
v -0.00095117 0.00350000 -0.03887270
v -0.00103922 0.00350000 -0.03853082
v -0.00106578 0.00350000 -0.03817879
v 0.00004067 0.00350000 -0.03303145
v -0.00245815 0.00350000 -0.03350319
v -0.00112411 0.00350000 -0.03371559
v 0.03314484 -0.00150000 -0.17999740
v -0.00335286 0.00350000 -0.03249113
v -0.00457572 0.00350000 -0.02950487
v -0.00585364 0.00350000 -0.02654112
v -0.00288443 0.00217216 -0.03230409
v -0.00529837 0.00206476 -0.02629560
v -0.00080737 0.00265330 -0.03342664
v -0.00007623 0.00273463 -0.03293393
v -0.00192917 0.00214364 -0.03315455
v -0.00040915 0.00208579 -0.03265622
v -0.00149512 0.00150000 -0.03175031
v -0.00090740 0.00165224 -0.03224058
v -0.00280961 0.00208679 -0.03227467
v 0.00484405 0.00208992 -0.02636528
v -0.00273206 0.00150000 -0.02872968
v 0.00375492 0.00150000 -0.02545673
v -0.00402449 0.00150000 -0.02573228
v 0.00537149 0.00246245 -0.02489980
v 0.00453816 0.00208579 -0.02427922
v -0.00730977 0.00168260 -0.01709410
v -0.00777216 0.00150000 -0.01778925
v -0.00748933 0.00150000 -0.01835496
v -0.00720849 0.00150000 -0.01892167
v -0.00558071 0.00150000 -0.02231029
v -0.00680865 0.00251337 -0.01634073
v -0.00693926 0.00218152 -0.01653709
v -0.00839030 0.00208585 -0.01651721
v -0.00901690 0.00206476 -0.01841433
v -0.00845762 0.00206476 -0.01953793
v -0.00948096 0.00249540 -0.01752320
v -0.00900208 0.00350000 -0.01980655
v -0.00739246 0.00350000 -0.02315738
v 0.00245171 0.00208584 -0.04745476
v 0.00776874 0.00210704 -0.07180819
v 0.03285799 -0.00150000 -0.20298964
v 0.00789082 0.00227526 -0.07250500
v 0.00796490 0.00279289 -0.07301731
v 0.00937140 0.00208579 -0.07300523
v 0.01496936 0.00800000 -0.07286904
v 0.01795505 0.00800000 -0.07248135
v 0.01935463 0.00858395 -0.07229961
v 0.01994551 0.01000000 -0.07222289
v 0.01994551 0.01224723 -0.07222289
v 0.02058589 0.01370952 -0.07213974
v 0.01297890 0.01300000 -0.07312750
v 0.01304784 0.01300000 -0.07467373
v 0.01304784 0.01000000 -0.07467373
v 0.01362467 0.00859144 -0.07458633
v 0.01802211 0.00800000 -0.07398523
v 0.01503642 0.00800000 -0.07437292
v 0.01941988 0.00857742 -0.07377388
v 0.02001068 0.01000000 -0.07368443
v 0.02001068 0.01225794 -0.07368443
v 0.02065539 0.01373082 -0.07361177
v 0.02217428 0.01424954 -0.07344608
v 0.01269619 0.01392904 -0.07503332
v 0.01202080 0.01460634 -0.07512102
v 0.01293486 0.01300000 -0.07501318
v 0.01292754 0.01000000 -0.07502189
v 0.01216881 0.01406742 -0.07524948
v 0.01261272 0.01300000 -0.07519184
v 0.01261272 0.01000000 -0.07519184
v 0.00968686 0.00350000 -0.07557176
v 0.03443807 -0.00208579 -0.17655848
v 0.03367553 -0.00167561 -0.20304628
v 0.03434462 -0.00216597 -0.20309101
v 0.01111988 0.01450000 -0.07538568
v 0.03457803 -0.00248645 -0.20310874
v 0.00968686 0.01450000 -0.07557176
v 0.01984777 0.00823591 -0.07425237
v 0.02219586 0.01375141 -0.07394747
v 0.02551062 0.01346171 -0.07351705
v 0.02220653 0.01411872 -0.07378246
v 0.02551062 0.00350000 -0.07351705
v 0.02619139 0.01338899 -0.07354570
v 0.02552203 0.01381402 -0.07336782
v 0.02057457 0.01000000 -0.07415800
v 0.02106228 0.01336705 -0.07409467
v 0.02057457 0.01225794 -0.07415800
v 0.02046510 0.01323842 -0.07400908
v 0.02121196 0.01392660 -0.07391210
v 0.02018928 0.01000000 -0.07404559
v 0.02019534 0.01225794 -0.07405058
v 0.01808649 0.00750000 -0.07448107
v 0.01913443 0.00813996 -0.07419737
v 0.01990708 0.00893040 -0.07408582
v 0.01510080 0.00750000 -0.07486876
v 0.01508136 0.00785801 -0.07471906
v 0.01806958 0.00783780 -0.07435080
v 0.01333904 0.00823773 -0.07509752
v 0.01321181 0.00891203 -0.07499148
v 0.01400866 0.00812729 -0.07487762
v 0.00838507 0.00350000 -0.07630270
v 0.03159522 -0.00150000 -0.15020262
v 0.00837238 0.01450000 -0.07631867
v 0.02558605 0.00208579 -0.07409796
v 0.00976229 0.00208579 -0.07615267
v 0.02682236 0.01332475 -0.07380080
v 0.02690936 0.00350000 -0.07385795
v 0.02695819 0.00279289 -0.07405686
v 0.02742239 0.01358129 -0.07437634
v 0.02774012 0.00350000 -0.07516669
v 0.02771676 0.00350000 -0.07504991
v 0.02772931 0.00350000 -0.07510813
v 0.02774012 0.01383730 -0.07516669
v 0.02784061 0.01397038 -0.07576044
v 0.02704456 0.00227526 -0.07456724
v 0.02716254 0.00208579 -0.07526444
v 0.02735990 0.00208600 -0.07642909
v 0.02794091 0.00350000 -0.07635298
v 0.02794078 0.01410515 -0.07635219
v 0.02576816 0.00150000 -0.07550041
v 0.02595647 0.00150000 -0.07661299
v 0.00994439 0.00150000 -0.07755511
v 0.01013885 0.00150000 -0.07943251
v 0.01031247 0.00150000 -0.08131111
v 0.00843002 0.00250000 -0.07671447
v 0.00888269 0.00210713 -0.08143618
v 0.00853853 0.00208579 -0.07770856
v 0.01384092 0.00150000 -0.12355401
v 0.02884220 0.00150000 -0.10988402
v 0.03101270 0.00150000 -0.14015001
v 0.01500119 0.00150000 -0.14048368
v 0.03104218 0.00208638 -0.14156450
v 0.03242421 0.00208579 -0.14006251
v 0.03246633 0.00248559 -0.14107625
v 0.01265990 0.00150000 -0.10825887
v 0.01125101 0.00208579 -0.10838147
v 0.01358912 0.00208644 -0.14057265
v 0.01503065 0.00208579 -0.14189759
v 0.03080155 0.00350000 -0.10929499
v 0.03300887 0.00350000 -0.14002626
v 0.03300887 0.01450000 -0.14002626
v 0.03248420 0.01450000 -0.14150451
v 0.03248420 0.00350000 -0.14150451
v 0.02811113 0.01450000 -0.07818665
v 0.03087070 0.01449993 -0.11015800
v 0.02802782 0.01430907 -0.07728938
v 0.03105437 0.01450000 -0.14214957
v 0.02877222 0.01450000 -0.14219713
v 0.03105437 0.00350000 -0.14214957
v 0.03298610 -0.00206477 -0.15012822
v 0.01504286 0.00350000 -0.14248323
v 0.02000172 0.00823523 -0.14237991
v 0.02177185 0.00750000 -0.14234301
v 0.02477166 0.00750000 -0.14228050
v 0.02653949 0.00823287 -0.14224365
v 0.02727204 0.00999978 -0.14222839
v 0.02727204 0.01300012 -0.14222839
v 0.02771151 0.01406072 -0.14221923
v 0.01366680 0.00279289 -0.14179493
v 0.01363424 0.00227526 -0.14127833
v 0.01367872 0.00350000 -0.14198403
v 0.01364743 0.01450000 -0.14195587
v 0.01504286 0.01450000 -0.14248323
v 0.01301396 0.00350000 -0.14070934
v 0.01300893 0.00350000 -0.14065945
v 0.01300515 0.00350000 -0.14060946
v 0.01300515 0.01450000 -0.14060946
v 0.01186945 0.01450001 -0.12406092
v 0.01187219 0.00350000 -0.12409795
v 0.01532984 -0.00150000 -0.14647813
v 0.01777134 0.01450000 -0.14242639
v 0.01927152 0.00999973 -0.14239512
v 0.03137010 -0.00150000 -0.14614387
v 0.01530037 -0.00208579 -0.14506422
v 0.01066742 0.01450000 -0.10843217
v 0.00832005 0.01450000 -0.08148515
v 0.01066742 0.00350000 -0.10843217
v 0.00832005 0.00350000 -0.08148515
v 0.00814853 0.00350000 -0.07962910
v 0.00814853 0.01450000 -0.07962908
v 0.00795620 0.00350000 -0.07777213
v 0.00795620 0.01450000 -0.07777213
v 0.01883205 0.01406072 -0.14240427
v 0.01927152 0.01300010 -0.14239512
v 0.01961943 0.01000000 -0.14252609
v 0.01962810 0.01300000 -0.14253421
v 0.02070022 0.00813692 -0.14250767
v 0.01990964 0.00892227 -0.14252111
v 0.02477484 0.00784934 -0.14242275
v 0.02177464 0.00784904 -0.14248498
v 0.02663132 0.00892808 -0.14239129
v 0.02584825 0.00814110 -0.14240453
v 0.02691800 0.01300000 -0.14238597
v 0.02692666 0.01000000 -0.14237699
v 0.03148444 -0.00150000 -0.14817330
v 0.01978144 0.01300000 -0.14287274
v 0.01978144 0.01000000 -0.14287274
v 0.01982600 0.01300000 -0.14387202
v 0.01914722 0.01431368 -0.14424746
v 0.01969195 0.01300000 -0.14423555
v 0.01969141 0.01000000 -0.14423612
v 0.01982600 0.01000000 -0.14387202
v 0.03278136 -0.00208514 -0.14606315
v 0.03274163 -0.00227526 -0.14535716
v 0.01933692 0.01300013 -0.14439419
v 0.01889745 0.01406072 -0.14440335
v 0.03271208 -0.00279289 -0.14484036
v 0.03134064 -0.00208579 -0.14472996
v 0.01933692 0.00999974 -0.14439419
v 0.01783668 0.01450000 -0.14442545
v 0.01528817 0.00350000 -0.14447856
v 0.01528817 0.01450000 -0.14447856
v 0.01389338 0.01450000 -0.14508651
v 0.01388647 0.00350000 -0.14509369
v 0.01332996 0.01450000 -0.14649987
v 0.01332996 0.00350000 -0.14649987
v 0.01320351 0.01450000 -0.14944977
v 0.01320351 0.00350000 -0.14944977
v 0.01276146 0.01450000 -0.15236910
v 0.01276146 0.00350000 -0.15236910
v 0.01231242 0.01450000 -0.15446895
v 0.01231242 0.00350000 -0.15446897
v 0.00663922 0.01450000 -0.17005871
v 0.01182792 0.01450000 -0.15659747
v 0.01182792 0.00350000 -0.15659747
v 0.00664027 0.00350000 -0.17005682
v -0.00201450 0.01450000 -0.18159634
v -0.00259446 0.01450000 -0.18302093
v -0.00201450 0.00350000 -0.18159634
v -0.00242908 0.00350000 -0.18220827
v -0.00225031 0.00350000 -0.18188299
v -0.00056239 0.01450000 -0.18500452
v 0.01212142 0.01450000 -0.18716601
v -0.00199157 0.01450000 -0.18443596
v -0.00056239 0.00350000 -0.18500452
v 0.01212142 0.00350000 -0.18716601
v -0.00225794 0.00350000 -0.18411522
v -0.00152349 0.00350000 -0.18477595
v -0.00258652 0.00350000 -0.18318357
v 0.03108188 0.01450000 -0.20390911
v 0.03240625 0.01450000 -0.20493795
v 0.02316709 0.01450000 -0.19376479
v 0.03108188 0.00350000 -0.20390911
v 0.03239949 0.00350000 -0.20493637
v 0.02316709 0.00350000 -0.19376479
v -0.00149940 -0.00257079 -0.18452720
v 0.03485335 0.01450000 -0.20312576
v 0.03509068 0.01450000 -0.17833342
v 0.03404824 0.01450000 -0.20459689
v 0.03485335 0.00350000 -0.20312576
v 0.03509316 0.00350000 -0.17840376
v 0.03403706 0.00350000 -0.20460512
v 0.03359236 0.01450000 -0.15009566
v 0.03442884 0.01450000 -0.16460876
v 0.03359236 0.00350000 -0.15009566
v 0.03348168 0.01450000 -0.14806829
v 0.03348168 0.00350000 -0.14806829
v 0.03443324 0.00350000 -0.16468588
v 0.03502562 0.00350000 -0.17659180
v 0.01388647 -0.00350000 -0.14509369
v 0.03272812 0.01450000 -0.14467561
v 0.03336684 0.01450000 -0.14602967
v 0.03336684 0.00350000 -0.14602967
v 0.03275454 0.00350000 -0.14470050
v 0.01528817 -0.00350000 -0.14447856
v 0.03132843 0.01450000 -0.14414430
v 0.03132843 0.00350000 -0.14414430
v 0.02883766 0.01450000 -0.14419620
v 0.02733743 0.00999983 -0.14422746
v 0.02660460 0.00823240 -0.14424273
v 0.03139355 0.00350000 -0.14414400
v 0.03145865 0.00350000 -0.14414582
v 0.01332996 -0.00350000 -0.14649987
v 0.02777690 0.01406071 -0.14421831
v 0.02698591 0.01300000 -0.14409316
v 0.02682751 0.01300000 -0.14374985
v 0.02682751 0.01000000 -0.14374985
v 0.02678295 0.01300000 -0.14275056
v 0.01320351 -0.00350000 -0.14944977
v 0.02698545 0.01000000 -0.14409272
v 0.01276146 -0.00350000 -0.15236910
v 0.02733743 0.01300014 -0.14422746
v 0.02678295 0.01000000 -0.14275056
v 0.01231242 -0.00350000 -0.15446895
v 0.00664027 -0.00350000 -0.17005682
v 0.02619711 0.00858592 -0.14275928
v 0.02624167 0.00858592 -0.14375857
v 0.01182792 -0.00350000 -0.15659747
v 0.02478230 0.00800000 -0.14278039
v 0.02482685 0.00800000 -0.14377968
v 0.02178210 0.00800000 -0.14284290
v -0.00199157 -0.00350000 -0.18443596
v 0.02036729 0.00858592 -0.14286402
v 0.02041185 0.00858592 -0.14386331
v 0.02182666 0.00800000 -0.14384221
v 0.01997829 0.00892695 -0.14423127
v 0.02006965 0.00823252 -0.14437892
v 0.03134064 0.00208579 -0.14472996
v 0.02483702 0.00750000 -0.14427957
v 0.02183724 0.00750000 -0.14434208
v 0.01407589 0.00279289 -0.14508975
v 0.01530037 0.00208579 -0.14506422
v 0.01459342 0.00227526 -0.14507896
v 0.03256512 0.00279289 -0.14470443
v 0.03204759 0.00227526 -0.14471522
v 0.02591077 0.00813806 -0.14411488
v 0.02670014 0.00892372 -0.14410144
v 0.02183411 0.00784934 -0.14419983
v 0.02483431 0.00784904 -0.14413761
v 0.02076159 0.00814060 -0.14421804
v 0.01391571 0.00208579 -0.14649351
v 0.01335606 0.00206476 -0.15249209
v 0.01237784 0.00210709 -0.15672627
v 0.00687468 0.00250000 -0.17018661
v -0.00173232 0.00230406 -0.18187556
v -0.00149939 0.00257079 -0.18452720
v 0.00919042 0.00208579 -0.18562146
v -0.00057181 0.00208579 -0.18441881
v -0.00199092 0.00209904 -0.18330039
v 0.03160209 0.00208579 -0.20363981
v 0.03205507 0.00250395 -0.20452690
v 0.01825052 0.00208579 -0.18945058
v 0.02591629 0.00208579 -0.19561365
v 0.03457804 0.00248647 -0.20310874
v 0.03349413 0.00208583 -0.20425275
v 0.03476811 0.00252191 -0.17654552
v 0.03298611 0.00206476 -0.15012822
v 0.03278201 0.00208579 -0.14606312
v 0.03137010 0.00150000 -0.14614387
v 0.03148443 0.00150000 -0.14817321
v 0.01532984 0.00150000 -0.14647813
v 0.01519419 0.00150000 -0.14964248
v 0.01471983 0.00150000 -0.15277557
v 0.01426163 0.00150000 -0.15491697
v 0.01377557 0.00150000 -0.15705240
v 0.00751511 0.00176795 -0.17054123
v 0.00838993 0.00150000 -0.17102563
v 0.03159531 0.00150000 -0.15020421
v -0.00160081 0.00208898 -0.18200657
v -0.00059453 0.00150000 -0.18300478
v 0.03302493 0.00150000 -0.17661427
v 0.01282378 0.00150000 -0.18529372
v 0.03285799 0.00150000 -0.20298964
v 0.02448285 0.00150000 -0.19225897
v 0.03367555 0.00167561 -0.20304628
v 0.03400226 0.00175547 -0.17657578
v 0.03434465 0.00216600 -0.20309101
v -0.00259446 -0.00350000 -0.18302093
v -0.00201450 -0.00350000 -0.18159634
v 0.01212142 -0.00350000 -0.18716601
v 0.02316709 -0.00350000 -0.19376479
v -0.00056239 -0.00350000 -0.18500452
v 0.03404824 -0.00350000 -0.20459689
v 0.03361434 0.01450000 -0.11315660
v 0.03240625 -0.00350000 -0.20493795
v 0.03373047 0.01450000 -0.11465125
v 0.03372990 -0.01450000 -0.11464380
v 0.03361183 -0.01450000 -0.11312445
v 0.03608876 0.01450000 -0.14996159
v 0.03608877 -0.01449993 -0.14996159
v 0.03691626 0.01450000 -0.16429599
v 0.03728277 -0.01450000 -0.17108276
v 0.03346397 -0.01485353 -0.11311088
v 0.03703186 -0.01485355 -0.16904679
v 0.03593822 -0.01485781 -0.14996967
v 0.03036145 -0.01482370 -0.07669363
v 0.02552917 -0.00835291 -0.04786942
v 0.03757465 0.01450000 -0.17778850
v 0.03779657 -0.01450000 -0.19035546
v 0.03740948 0.01450000 -0.20234987
v 0.03444191 -0.01450000 -0.22622532
v 0.03444191 0.01450000 -0.22622532
v 0.03695113 -0.01450000 -0.20816162
v 0.02988318 -0.01450000 -0.23822075
v 0.02988318 0.01450000 -0.23822075
v 0.03429336 -0.01485801 -0.22619846
v 0.02907472 -0.01485348 -0.23922072
v 0.03688743 -0.01485355 -0.20725632
v 0.03765037 -0.01485355 -0.18815243
v 0.03108188 -0.00350000 -0.20390911
v -0.01617770 0.01450000 -0.18896322
v -0.00458216 0.01450000 -0.18061739
v -0.03084311 0.01450000 -0.20345604
v -0.01881370 0.01450000 -0.19048654
v -0.02130735 0.01450000 -0.19223316
v -0.03491817 0.01450000 -0.21760798
v -0.03281104 0.01450000 -0.23218343
v -0.02489479 0.01450000 -0.24460182
v -0.01257097 0.01450000 -0.25266451
v 0.00197851 0.01450000 -0.25494403
v 0.01617770 0.01450000 -0.25103679
v 0.02130735 0.01450000 -0.24776684
v 0.01881370 0.01450000 -0.24951346
v -0.01617770 -0.01450000 -0.18896322
v -0.00458216 -0.01450000 -0.18061739
v -0.01881370 -0.01450000 -0.19048654
v -0.02130735 -0.01450000 -0.19223316
v -0.03444191 -0.01450000 -0.21377468
v -0.02988318 -0.01450000 -0.20177925
v -0.03493362 -0.01450000 -0.22215450
v -0.02997610 -0.01450000 -0.23806746
v -0.03341592 -0.01450000 -0.23041040
v -0.02481203 -0.01450000 -0.24468528
v -0.01058140 -0.01450000 -0.25336218
v -0.01822075 -0.01450000 -0.24988317
v 0.00604884 -0.01450000 -0.25447336
v -0.00233339 -0.01450000 -0.25492212
v 0.01408313 -0.01450000 -0.25204161
v 0.02130735 -0.01450000 -0.24776684
v 0.00939291 0.01450000 -0.15603137
v 0.00417982 0.01450000 -0.16933300
v 0.00939291 -0.01450000 -0.15603137
v 0.00987051 0.01450000 -0.15393297
v 0.00987052 -0.01450000 -0.15393294
v 0.00417982 -0.01450000 -0.16933300
v 0.01031334 0.01450000 -0.15186273
v 0.01031334 -0.01450000 -0.15186273
v 0.01076574 0.01450000 -0.14861195
v 0.01076574 -0.01450000 -0.14861195
v 0.01078839 0.01450000 -0.14532994
v 0.01078839 -0.01450000 -0.14532994
v 0.00953064 0.01450000 -0.12637551
v 0.00953401 -0.01450000 -0.12642235
v 0.00817680 0.01450000 -0.10864844
v 0.00817680 -0.01450000 -0.10864844
v 0.00583680 0.01450000 -0.08170078
v 0.00111007 0.01450000 -0.05417833
v 0.00110841 -0.01450000 -0.05417189
v 0.00583680 -0.01450000 -0.08170078
v -0.00814011 0.01450000 -0.02755209
v -0.00295898 0.01450000 -0.04069192
v -0.00814011 -0.01450000 -0.02755209
v -0.00966708 0.01450000 -0.02419501
v -0.00966709 -0.01450000 -0.02419497
v -0.00296045 -0.01450000 -0.04068768
v -0.01126474 0.01450000 -0.02087079
v -0.01126474 -0.01450000 -0.02087079
v -0.01406904 0.01324159 -0.01543287
v -0.01406904 -0.01324159 -0.01543287
v -0.01706294 -0.01197556 -0.01009547
v -0.01815333 -0.01149305 -0.00793725
v -0.01697550 -0.01231824 -0.00996233
v -0.01123605 -0.01472227 -0.02080593
v -0.01886432 -0.01135826 -0.00556307
v -0.01971608 -0.01044032 -0.00066406
v 0.03502535 -0.00350000 -0.17658500
v 0.03442884 -0.00350000 -0.16460876
v -0.01775688 -0.01198218 -0.00765685
v -0.01855747 -0.01151342 -0.00543590
v -0.01936504 -0.01070658 -0.00117536
v -0.01669338 -0.01246518 -0.00976225
v -0.01658620 -0.01167817 -0.00491971
v -0.01717901 -0.01117727 -0.00234487
v -0.01586597 -0.01210157 -0.00692797
v -0.01369149 -0.01373079 -0.01511380
v -0.01490433 -0.01253875 -0.00883438
v -0.01103422 -0.01494998 -0.02065788
v -0.01087850 -0.01498948 -0.02056852
v -0.01113641 -0.01487705 -0.02072313
v -0.01925712 -0.00967576 0.00431239
v -0.01902761 -0.00991409 0.00387702
v -0.01919016 -0.00736964 0.00418538
v -0.01936505 -0.01028448 0.00137772
v -0.01733448 -0.01065989 0.00066524
v -0.01869405 -0.00815029 0.00324427
v -0.01853713 -0.00793523 0.00510765
v -0.01912149 -0.00650000 0.00527234
v -0.01778268 -0.00850000 0.00151546
v -0.01733448 -0.00850000 0.00066524
v -0.01192167 -0.00850000 0.00492661
v -0.01719659 -0.00850000 0.00472951
v -0.01756526 -0.00850000 0.00313646
v -0.00785328 -0.00850000 0.01023406
v -0.01717905 -0.00850000 -0.00234006
v -0.01817216 -0.00650000 0.00791138
v -0.01817214 0.00650000 0.00791142
v -0.01686040 0.00650000 0.01039173
v -0.01686040 -0.00650000 0.01039173
v -0.00743013 -0.00315000 0.02553187
v -0.00333580 0.00315000 0.03210527
v -0.00333580 0.00650000 0.03210527
v -0.00743013 0.00315000 0.02553187
v -0.00333580 -0.00650000 0.03210527
v -0.01638102 -0.00789288 0.01009314
v -0.00237476 0.00315000 0.03337764
v -0.00237479 0.00650000 0.03337767
v 0.00451346 0.00315000 0.03628927
v 0.00149802 0.00315000 0.03587062
v -0.00236945 -0.00315000 0.02013539
v 0.00748443 0.00315000 0.03567014
v 0.00183938 0.00315000 0.02710972
v -0.00236945 0.00315000 0.02013539
v -0.00333580 -0.00315000 0.03210527
v 0.00451365 -0.00315000 0.03628926
v 0.00748464 -0.00315000 0.03567006
v 0.01007350 -0.00315000 0.03408645
v 0.00183938 -0.00315000 0.02710972
v 0.00068887 -0.00315000 0.02509816
v -0.00237479 -0.00650000 0.03337767
v -0.00237476 -0.00315000 0.03337764
v 0.00149813 -0.00315000 0.03587066
v -0.00283857 -0.00791421 0.03179557
v 0.00001782 -0.00791421 0.03457345
v -0.00120194 0.00650000 0.03445793
v 0.01007951 0.00650000 0.03408210
v 0.01198396 0.00315000 0.03171632
v 0.00748454 0.00650000 0.03567013
v 0.01007335 0.00315000 0.03408659
v 0.00450609 0.00650000 0.03629021
v 0.00149297 0.00650000 0.03586973
v -0.00120194 0.00315000 0.03445793
v 0.00664043 0.00315000 0.02434307
v 0.00587433 0.00315000 0.00655620
v 0.00460231 0.00315000 0.01083170
v 0.00355689 0.00315000 0.01343427
v 0.00204137 0.00315000 0.01579424
v 0.00066197 0.00315000 0.01732795
v 0.00549207 0.00315000 0.02234969
v 0.00408014 0.00315000 0.02770051
v 0.00605291 0.00315000 0.02654661
v 0.02471390 -0.00315000 -0.04212004
v 0.02456390 -0.00800000 -0.04122356
v 0.02331429 -0.00835186 -0.03463599
v 0.02345320 -0.00650000 -0.03457690
v 0.02345320 -0.00800000 -0.03457690
v 0.02290462 -0.00790708 -0.03481025
v 0.01881368 -0.00315000 -0.00664698
v 0.01819041 -0.00650000 -0.00287424
v 0.01240573 -0.00791421 0.02874332
v 0.01298386 -0.00315000 0.02883771
v 0.01298386 -0.00650000 0.02883771
v 0.01198402 -0.00315000 0.03171621
v 0.01198709 -0.00650000 0.03171210
v 0.00549207 -0.00315000 0.02234969
v 0.00603848 -0.00315000 0.02656542
v 0.00664258 -0.00315000 0.02436125
v 0.00587433 -0.00315000 0.00655620
v 0.00358712 -0.00315000 0.01337537
v 0.00212520 -0.00315000 0.01568605
v 0.00460231 -0.00315000 0.01083170
v 0.02517495 -0.00850000 -0.04789877
v 0.03020843 -0.01495108 -0.07683177
v 0.02512139 -0.00850000 -0.04792301
v 0.03001347 -0.01500000 -0.07698536
v 0.03485335 -0.00350000 -0.20312576
v 0.03509068 -0.00350000 -0.17833342
v 0.02884256 -0.01364989 -0.07106762
v 0.03311107 -0.01500000 -0.11313330
v 0.03121904 -0.01500000 -0.10824560
v 0.02860225 -0.01500000 -0.07806829
v 0.02337574 -0.00850000 -0.04926256
v 0.02407622 -0.00850000 -0.04133870
v 0.02505480 -0.01073448 -0.05925528
v 0.02673934 -0.01296959 -0.06924694
v 0.02297989 -0.00850000 -0.03477824
v 0.03558948 -0.01500000 -0.14998840
v 0.03409173 -0.01500000 -0.15007046
v 0.03350791 -0.01500000 -0.13999532
v 0.03386603 -0.01500000 -0.14600112
v 0.03398059 -0.01500000 -0.14803478
v 0.03667521 -0.01500000 -0.16899256
v 0.03492447 -0.01500000 -0.16452228
v 0.03359236 -0.00350000 -0.15009566
v -0.00921407 -0.01500000 -0.02398305
v -0.00900208 -0.01500000 -0.01980655
v -0.00919913 -0.01500000 -0.01940841
v -0.00927978 -0.00850000 -0.01924618
v -0.01081640 -0.01500000 -0.02064944
v -0.00922237 -0.01499736 -0.01936162
v -0.00739250 -0.01500000 -0.02315730
v -0.00900208 -0.00850000 -0.01980655
v -0.00768494 -0.01500000 -0.02735084
v -0.00585364 -0.01500000 -0.02654112
v -0.00739246 -0.00850000 -0.02315738
v 0.00156196 -0.01500000 -0.05392678
v -0.00449308 -0.01500000 -0.02970184
v -0.00585364 -0.00850000 -0.02654112
v -0.00319489 -0.01500000 -0.03288868
v -0.00335286 -0.01270100 -0.03249113
v -0.00457572 -0.00850000 -0.02950487
v -0.00144875 -0.01500000 -0.03748652
v -0.00319479 -0.01278086 -0.03288893
v -0.00327376 -0.01274087 -0.03268985
v 0.00016712 -0.01500000 -0.04213173
v -0.00095117 -0.01400226 -0.03887270
v -0.00204524 -0.01338502 -0.03587159
v 0.00110776 -0.01500000 -0.04325727
v 0.00016712 -0.00350000 -0.04213173
v -0.00038390 -0.00350000 -0.04049969
v -0.00095117 -0.00350000 -0.03887270
v 0.00192808 -0.01500000 -0.04637070
v 0.00256329 -0.01500000 -0.04343832
v 0.00124240 -0.00350000 -0.04332426
v 0.00270129 -0.01500000 -0.04538759
v 0.00285886 -0.01494675 -0.04529306
v 0.00270757 -0.01495224 -0.04339536
v 0.00205060 -0.00350000 -0.04609858
v 0.00302501 -0.00350000 -0.04521314
v 0.00189028 -0.01500000 -0.04762290
v 0.00199880 -0.00350000 -0.04620077
v 0.00498689 -0.01500000 -0.05965902
v 0.00189002 -0.00350000 -0.04762087
v 0.00633262 -0.01500000 -0.08165774
v 0.00720987 -0.01500000 -0.07188898
v 0.00499250 -0.00350000 -0.05968446
v 0.00798074 -0.01500000 -0.07319584
v 0.00720987 -0.00350000 -0.07188899
v 0.00797971 -0.01500000 -0.07600993
v 0.00944683 -0.01500000 -0.07358614
v 0.00799201 -0.00350000 -0.07320482
v 0.00962247 -0.01500000 -0.07507592
v 0.01339406 -0.01500000 -0.07307360
v 0.00944683 -0.00350000 -0.07358614
v 0.01358721 -0.01500000 -0.07456110
v 0.02548905 -0.01395985 -0.07301566
v 0.02502481 -0.01316781 -0.07156335
v 0.00966800 -0.01485355 -0.07542653
v 0.01362642 -0.01485364 -0.07491245
v 0.00745915 -0.01500000 -0.07782638
v 0.00797420 -0.01485355 -0.07670331
v 0.00865237 -0.01485355 -0.07584108
v 0.00765078 -0.01500000 -0.07967647
v 0.00817416 -0.01485355 -0.08149785
v 0.00781072 -0.01485346 -0.07778801
v 0.00782187 -0.01500000 -0.08152772
v 0.00867492 -0.01500000 -0.10860518
v 0.01016930 -0.01500000 -0.10847549
v 0.01052161 -0.01485347 -0.10844483
v 0.01007667 -0.01500000 -0.12699550
v 0.01143418 -0.01500000 -0.12496889
v 0.01285449 -0.01485801 -0.14061895
v 0.03348168 -0.00350000 -0.14806829
v 0.01250614 -0.01500000 -0.14064090
v 0.01128753 -0.01500000 -0.14530055
v 0.01330936 -0.01500000 -0.14232361
v 0.01505328 -0.01500000 -0.14298314
v 0.01399342 -0.01485355 -0.14237884
v 0.01319699 -0.01485355 -0.14164647
v 0.01527775 -0.01500000 -0.14397867
v 0.03106479 -0.01500000 -0.14264947
v 0.03105742 -0.01485355 -0.14229599
v 0.01353458 -0.01500000 -0.14473902
v 0.01504591 -0.01485355 -0.14262965
v 0.03131802 -0.01500000 -0.14364441
v 0.03285171 -0.01500000 -0.14184269
v 0.03306726 -0.01500000 -0.14430884
v 0.03292115 -0.01485355 -0.14113238
v 0.03214946 -0.01485355 -0.14197072
v 0.02853993 -0.01499581 -0.07809497
v 0.03132843 -0.00350000 -0.14414430
v 0.03315494 -0.01485346 -0.14001721
v 0.03555940 -0.01500000 -0.17751601
v 0.03729828 -0.01500000 -0.18868762
v 0.03535219 -0.01500000 -0.20315978
v 0.03653098 -0.01500000 -0.20727292
v 0.03033744 -0.01500000 -0.22399953
v 0.03394989 -0.01500000 -0.22613639
v 0.03023332 -0.01500000 -0.22318122
v 0.02973116 -0.01500000 -0.22252005
v 0.02896080 -0.01500000 -0.22219822
v 0.02813825 -0.01500000 -0.22230749
v 0.02748464 -0.01500000 -0.22280863
v 0.02171474 -0.01500000 -0.22898149
v 0.03434173 -0.01500000 -0.20500107
v 0.02329867 -0.01500000 -0.21693701
v 0.01862371 -0.01500000 -0.24427991
v 0.02798594 -0.01500000 -0.24017315
v 0.01668561 -0.01500000 -0.24173370
v 0.00186196 -0.01500000 -0.25444919
v 0.01430636 -0.01500000 -0.23864344
v 0.03001935 -0.01500000 -0.22476044
v 0.01912873 -0.01500000 -0.24362764
v 0.01924116 -0.01500000 -0.24280505
v 0.01892400 -0.01500000 -0.24203275
v 0.01826511 -0.01500000 -0.24152839
v 0.01744857 -0.01500000 -0.24142058
v 0.01656370 -0.01500000 -0.25026321
v 0.01914036 -0.01485349 -0.24912767
v 0.03270126 -0.00350000 -0.14465120
v 0.01638532 -0.01500000 -0.24398085
v 0.00610455 -0.01485350 -0.25431484
v 0.01704421 -0.01500000 -0.24448523
v 0.01786075 -0.01500000 -0.24459302
v -0.00476044 -0.01500000 -0.25001934
v -0.01316014 -0.01500000 -0.25189069
v -0.00792042 -0.01485351 -0.25394171
v 0.01606816 -0.01500000 -0.24320856
v 0.01618059 -0.01500000 -0.24238597
v -0.00399954 -0.01500000 -0.25033745
v -0.00318121 -0.01500000 -0.25023332
v -0.00252006 -0.01500000 -0.24973115
v 0.00896566 -0.01500000 -0.24172151
v -0.00902987 -0.01500000 -0.24169520
v -0.02559584 -0.01500000 -0.24313153
v -0.02066197 -0.01485351 -0.24806876
v -0.00526159 -0.01500000 -0.24936573
v -0.00537086 -0.01500000 -0.24854319
v -0.00504902 -0.01500000 -0.24777283
v -0.02329867 -0.01500000 -0.22306301
v -0.03305499 -0.01500000 -0.22987618
v -0.03005551 -0.01485352 -0.23764762
v -0.02459303 -0.01500000 -0.23786074
v -0.02448522 -0.01500000 -0.23704420
v -0.02427991 -0.01500000 -0.23862371
v -0.02362764 -0.01500000 -0.23912872
v -0.02280505 -0.01500000 -0.23924115
v -0.02203275 -0.01500000 -0.23892400
v -0.03033744 -0.01500000 -0.21600047
v -0.03407451 -0.01500000 -0.21459833
v -0.03457892 -0.01485353 -0.22436690
v -0.03023332 -0.01500000 -0.21681879
v -0.02973116 -0.01500000 -0.21747994
v -0.02896080 -0.01500000 -0.21780178
v -0.02813825 -0.01500000 -0.21769251
v -0.02748464 -0.01500000 -0.21719137
v -0.02171474 -0.01500000 -0.21101852
v -0.00055436 -0.01500000 -0.18550445
v -0.03401418 -0.01500000 -0.21423064
v -0.03001935 -0.01500000 -0.21523955
v -0.01430636 -0.01500000 -0.20135656
v -0.03394989 -0.01500000 -0.21386361
v -0.01924116 -0.01500000 -0.19719495
v -0.03168697 -0.01500000 -0.20635635
v -0.03349925 -0.01485354 -0.21037859
v -0.01892400 -0.01500000 -0.19796725
v -0.01826511 -0.01500000 -0.19847161
v -0.01744857 -0.01500000 -0.19857942
v -0.01668561 -0.01500000 -0.19826630
v -0.00236949 -0.01500000 -0.18124424
v -0.02778326 -0.01500000 -0.19954820
v -0.01912873 -0.01500000 -0.19637236
v -0.01862371 -0.01500000 -0.19572009
v -0.00309391 -0.01500000 -0.18303171
v -0.01594659 -0.01500000 -0.18940660
v -0.02244246 -0.01500000 -0.19379790
v -0.02699144 -0.01485355 -0.19794932
v -0.00423523 -0.01500000 -0.18097742
v -0.01611001 -0.01485355 -0.18909308
v 0.00620284 -0.01500000 -0.16981460
v 0.00461458 -0.01500000 -0.16957992
v 0.00031962 -0.01485355 -0.17537957
v -0.00715512 -0.01485355 -0.18312299
v 0.01134145 -0.01500000 -0.15648226
v 0.00987940 -0.01500000 -0.15614627
v 0.00596989 -0.01485355 -0.16621952
v 0.01182027 -0.01500000 -0.15437867
v 0.01035507 -0.01500000 -0.15405771
v 0.01046115 -0.01485803 -0.15189329
v 0.00953529 -0.01485350 -0.15606473
v 0.01227165 -0.01500000 -0.15226917
v 0.01080304 -0.01500000 -0.15196362
v 0.01270583 -0.01500000 -0.14940149
v 0.01126439 -0.01500000 -0.14864823
v 0.01093014 -0.01484904 -0.14532159
v 0.01282999 -0.01500000 -0.14650531
v 0.00832719 -0.01485801 -0.10863538
v 0.00598183 -0.01485268 -0.08168819
v -0.00137118 -0.01485442 -0.04501092
v 0.00331515 -0.01485442 -0.06314725
v -0.01112938 -0.01485801 -0.02080396
v -0.00800204 -0.01485801 -0.02749105
v -0.01084762 -0.01499736 -0.02060877
v 0.02936574 -0.01500000 -0.22526160
v 0.02854319 -0.01500000 -0.22537085
v 0.02854319 -0.01250000 -0.22537085
v 0.02777283 -0.01500000 -0.22504902
v 0.02777694 -0.01250000 -0.22505246
v 0.02937060 -0.01250000 -0.22525933
v 0.03002674 -0.01250000 -0.22475064
v 0.03033907 -0.01250000 -0.22398713
v 0.03022872 -0.01250000 -0.22316983
v 0.02972705 -0.01250000 -0.22251661
v 0.02896080 -0.01250000 -0.22219822
v 0.02813339 -0.01250000 -0.22230975
v 0.02716655 -0.01500000 -0.22356954
v 0.02747725 -0.01250000 -0.22281843
v 0.02727067 -0.01500000 -0.22438787
v 0.02716492 -0.01250000 -0.22358194
v 0.02727527 -0.01250000 -0.22439925
v 0.01638532 -0.01250000 -0.24398085
v 0.01606863 -0.01250000 -0.24321389
v 0.01704924 -0.01250000 -0.24448706
v 0.01787290 -0.01250000 -0.24459133
v 0.01863364 -0.01250000 -0.24427229
v 0.01913352 -0.01250000 -0.24361634
v 0.01924069 -0.01250000 -0.24279971
v 0.01892400 -0.01250000 -0.24203275
v 0.01826007 -0.01250000 -0.24152654
v 0.01743641 -0.01250000 -0.24142230
v 0.01667568 -0.01250000 -0.24174131
v 0.01617579 -0.01250000 -0.24239726
v -0.00537086 -0.01250000 -0.24854319
v -0.00505247 -0.01250000 -0.24777694
v -0.00525933 -0.01250000 -0.24937060
v -0.00475064 -0.01250000 -0.25002673
v -0.00398713 -0.01250000 -0.25033906
v -0.00316983 -0.01250000 -0.25022873
v 0.00300000 -0.01500000 -0.24330644
v -0.00219822 -0.01500000 -0.24896079
v -0.00251661 -0.01250000 -0.24972706
v -0.00230748 -0.01500000 -0.24813825
v -0.00219822 -0.01250000 -0.24896079
v -0.00280864 -0.01500000 -0.24748464
v -0.00230975 -0.01250000 -0.24813339
v -0.00356954 -0.01500000 -0.24716654
v -0.00281844 -0.01250000 -0.24747725
v -0.00438787 -0.01500000 -0.24727067
v -0.00358195 -0.01250000 -0.24716492
v -0.00439925 -0.01250000 -0.24727528
v -0.02398085 -0.01500000 -0.23638532
v -0.02398085 -0.01250000 -0.23638532
v -0.02320855 -0.01500000 -0.23606816
v -0.02321390 -0.01250000 -0.23606864
v -0.02448706 -0.01250000 -0.23704924
v -0.02459132 -0.01250000 -0.23787290
v -0.02427229 -0.01250000 -0.23863363
v -0.02361634 -0.01250000 -0.23913352
v -0.02279972 -0.01250000 -0.23924069
v -0.02152839 -0.01500000 -0.23826511
v -0.02203275 -0.01250000 -0.23892400
v -0.01864600 -0.01500000 -0.23430295
v -0.02142058 -0.01500000 -0.23744857
v -0.02152655 -0.01250000 -0.23826008
v -0.02173370 -0.01500000 -0.23668560
v -0.02142229 -0.01250000 -0.23743641
v -0.02238597 -0.01500000 -0.23618059
v -0.02174132 -0.01250000 -0.23667568
v -0.02239727 -0.01250000 -0.23617579
v -0.02936574 -0.01500000 -0.21473840
v -0.02854319 -0.01500000 -0.21462914
v -0.02854319 -0.01250000 -0.21462914
v -0.02777283 -0.01500000 -0.21495098
v -0.02777694 -0.01250000 -0.21494754
v -0.02937060 -0.01250000 -0.21474066
v -0.03002674 -0.01250000 -0.21524936
v -0.03033907 -0.01250000 -0.21601287
v -0.03022872 -0.01250000 -0.21683016
v -0.02972705 -0.01250000 -0.21748339
v -0.02896080 -0.01250000 -0.21780178
v -0.02813339 -0.01250000 -0.21769026
v -0.02716655 -0.01500000 -0.21643046
v -0.02747725 -0.01250000 -0.21718156
v -0.02727067 -0.01500000 -0.21561213
v -0.02716492 -0.01250000 -0.21641806
v -0.02727527 -0.01250000 -0.21560076
v -0.00234532 -0.01500000 -0.18478870
v -0.01704421 -0.01500000 -0.19551478
v -0.01638532 -0.01500000 -0.19601914
v -0.01638532 -0.01250000 -0.19601914
v -0.01606816 -0.01500000 -0.19679144
v -0.01606863 -0.01250000 -0.19678611
v -0.01786075 -0.01500000 -0.19540697
v -0.01704924 -0.01250000 -0.19551294
v -0.01787290 -0.01250000 -0.19540869
v -0.01863364 -0.01250000 -0.19572771
v -0.01913352 -0.01250000 -0.19638366
v -0.01924069 -0.01250000 -0.19720028
v -0.01892400 -0.01250000 -0.19796725
v -0.01826007 -0.01250000 -0.19847345
v -0.01743641 -0.01250000 -0.19857772
v -0.01618059 -0.01500000 -0.19761403
v -0.01667568 -0.01250000 -0.19825868
v -0.01617579 -0.01250000 -0.19760273
v 0.01195730 -0.01500000 -0.18763874
v 0.00526159 -0.01500000 -0.19063427
v 0.00537086 -0.01500000 -0.19145681
v 0.00537086 -0.01250000 -0.19145681
v 0.00504902 -0.01500000 -0.19222717
v 0.00505247 -0.01250000 -0.19222306
v 0.00476044 -0.01500000 -0.18998066
v 0.00525933 -0.01250000 -0.19062941
v 0.00399954 -0.01500000 -0.18966256
v 0.00475064 -0.01250000 -0.18997326
v 0.00318121 -0.01500000 -0.18976668
v 0.00398713 -0.01250000 -0.18966092
v 0.00252006 -0.01500000 -0.19026884
v 0.00316983 -0.01250000 -0.18977128
v -0.00300000 -0.01500000 -0.19669355
v 0.00219822 -0.01500000 -0.19103920
v 0.00251661 -0.01250000 -0.19027294
v -0.00896566 -0.01500000 -0.19827849
v 0.00230748 -0.01500000 -0.19186175
v 0.00219822 -0.01250000 -0.19103920
v 0.00280864 -0.01500000 -0.19251536
v 0.00230975 -0.01250000 -0.19186661
v 0.00902987 -0.01500000 -0.19830480
v 0.00356954 -0.01500000 -0.19283345
v 0.00281844 -0.01250000 -0.19252275
v 0.00438787 -0.01500000 -0.19272932
v 0.00358195 -0.01250000 -0.19283508
v 0.00439925 -0.01250000 -0.19272473
v 0.03063785 -0.01500000 -0.20413898
v 0.02448522 -0.01500000 -0.20295580
v 0.02398085 -0.01500000 -0.20361468
v 0.02398085 -0.01250000 -0.20361468
v 0.02320855 -0.01500000 -0.20393184
v 0.02321390 -0.01250000 -0.20393138
v 0.02459303 -0.01500000 -0.20213926
v 0.02448706 -0.01250000 -0.20295076
v 0.02282860 -0.01500000 -0.19413336
v 0.02427991 -0.01500000 -0.20137629
v 0.02459132 -0.01250000 -0.20212710
v 0.02362764 -0.01500000 -0.20087127
v 0.02427229 -0.01250000 -0.20136636
v 0.02280505 -0.01500000 -0.20075884
v 0.02361634 -0.01250000 -0.20086648
v 0.02203275 -0.01500000 -0.20107600
v 0.02279972 -0.01250000 -0.20075931
v 0.02152839 -0.01500000 -0.20173489
v 0.02203275 -0.01250000 -0.20107600
v 0.01864600 -0.01500000 -0.20569704
v 0.02142058 -0.01500000 -0.20255142
v 0.02152655 -0.01250000 -0.20173992
v 0.02173370 -0.01500000 -0.20331439
v 0.02142229 -0.01250000 -0.20256358
v 0.02238597 -0.01500000 -0.20381941
v 0.02174132 -0.01250000 -0.20332432
v 0.02239727 -0.01250000 -0.20382421
v 0.03374310 -0.01485801 -0.15008757
v 0.03475158 -0.01485353 -0.16776662
v 0.03351315 -0.01485365 -0.14602129
v 0.03238153 -0.01485355 -0.14425065
v 0.03335518 -0.00350000 -0.14589997
v 0.03317878 -0.01485355 -0.14498805
v 0.01528512 -0.01485355 -0.14433216
v 0.03132538 -0.01485355 -0.14399788
v 0.01345592 -0.01485355 -0.14543140
v 0.01422422 -0.01485355 -0.14463833
v 0.01262251 -0.01484907 -0.15234037
v 0.01318352 -0.01485355 -0.14650147
v 0.01168103 -0.01485802 -0.15656306
v 0.03336684 -0.00350000 -0.14602967
v 0.00399224 -0.01485355 -0.17408092
v 0.03336206 -0.00350000 -0.14596473
v 0.00864573 -0.01485355 -0.16567689
v -0.00211847 -0.01485355 -0.18149321
v -0.00256921 -0.01485355 -0.18384612
v -0.00270264 -0.01485355 -0.18260093
v -0.00176360 -0.01485355 -0.18480492
v -0.00056004 -0.01485355 -0.18515095
v 0.01787498 -0.01485355 -0.19007918
v 0.00900132 -0.01485355 -0.18632884
v 0.02538302 -0.01485355 -0.19611543
v 0.03229816 -0.01500000 -0.20542561
v 0.03095183 -0.01485355 -0.20397644
v 0.03329450 -0.01485355 -0.20509122
v 0.03193568 -0.01485355 -0.20492782
v 0.03447586 -0.01485355 -0.20440021
v 0.03499936 -0.01485346 -0.20313571
v 0.03541684 -0.01485350 -0.18545318
v 0.01430636 -0.01250000 -0.23864344
v 0.00305643 -0.01250000 -0.24329926
v 0.02173628 -0.01250000 -0.22892883
v 0.01866160 -0.01250000 -0.23428117
v 0.02329290 -0.01250000 -0.21689178
v 0.01864082 -0.01250000 -0.20569029
v 0.00898768 -0.01250000 -0.19828753
v -0.00305643 -0.01250000 -0.19670075
v -0.01430636 -0.01250000 -0.20135656
v -0.02173628 -0.01250000 -0.21107116
v -0.01866160 -0.01250000 -0.20571883
v -0.02329290 -0.01250000 -0.22310823
v -0.01864082 -0.01250000 -0.23430970
v -0.00898768 -0.01250000 -0.24171247
v -0.00924539 -0.01498948 -0.01931532
v -0.01198636 -0.01376756 -0.01402778
v -0.00955946 -0.00850000 -0.01868678
v 0.03272812 -0.01450000 -0.14467561
v -0.01658635 -0.00850000 -0.00491917
v -0.01490705 -0.00850000 -0.00882972
v -0.01586687 -0.00850000 -0.00692592
v -0.01215523 -0.00850000 -0.01371576
v -0.01279047 -0.00850000 -0.00167382
v 0.00305247 -0.00850000 0.02027215
v -0.01516272 -0.00850000 0.00933442
v -0.01634234 -0.00850000 0.00710397
v 0.00008520 -0.00850000 0.02200492
v 0.00556247 -0.00850000 0.03416026
v -0.00163817 -0.00850000 0.03104788
v 0.00092621 -0.00850000 0.02829973
v -0.00079524 -0.00850000 0.02531900
v 0.00148215 -0.00850000 0.03373162
v 0.00383936 -0.00791421 0.03570107
v 0.00427898 -0.00850000 0.02918727
v 0.00916334 -0.00850000 0.03219380
v 0.00774624 -0.00791421 0.03491883
v 0.00724625 -0.00850000 0.02745449
v 0.01101000 -0.00850000 0.02851543
v 0.01083904 -0.00791421 0.03240680
v 0.01279047 -0.00850000 0.00167382
v 0.01625643 -0.00850000 -0.00343811
v 0.00812669 -0.00850000 0.02414041
v 0.00640524 -0.00850000 0.02115969
v 0.00492661 -0.00850000 0.01192167
v 0.01023406 -0.00850000 0.00785328
v 0.02085942 -0.00850000 -0.03475156
v 0.02155996 -0.00850000 -0.03538223
v 0.02056886 -0.00850000 -0.03432013
v 0.02017695 -0.00850000 -0.03397815
v 0.00988779 -0.00850000 -0.02713410
v 0.01011449 -0.00850000 -0.02407754
v 0.00835363 -0.00850000 -0.02306615
v 0.00486259 -0.00850000 -0.02379148
v 0.00785328 -0.00850000 -0.01023406
v 0.01192167 -0.00850000 -0.00492661
v 0.02044686 -0.00850000 -0.03560912
v 0.01968523 -0.00850000 -0.03617969
v 0.00284803 -0.01490547 -0.04334176
v 0.02202891 -0.00850000 -0.03518276
v 0.01968523 -0.00350000 -0.03617969
v 0.00284803 -0.00350000 -0.04334176
v 0.02044725 -0.00350000 -0.03560945
v 0.02014443 -0.00350000 -0.03590685
v 0.02085942 -0.00350000 -0.03475156
v 0.02056890 -0.00350000 -0.03432010
v 0.02017695 -0.00350000 -0.03397815
v 0.00849253 -0.00850000 -0.02682016
v 0.00988779 -0.00350000 -0.02713410
v 0.00724432 -0.00850000 -0.02751820
v 0.00849253 -0.00350000 -0.02682013
v -0.00060175 -0.01344305 -0.03692377
v 0.00838585 -0.00350000 -0.02683859
v 0.00724432 -0.00350000 -0.02751820
v 0.00004067 -0.01233451 -0.03303145
v 0.00573359 -0.00850000 -0.02516915
v 0.00529071 -0.00850000 -0.02673788
v 0.00529071 -0.00350000 -0.02673788
v 0.00004067 -0.00350000 -0.03303145
v 0.00557467 -0.00350000 -0.02462696
v 0.00573851 -0.00350000 -0.02571242
v 0.00558779 -0.00350000 -0.02625710
v 0.00167382 -0.00850000 -0.01279047
v -0.00666449 -0.00850000 -0.01612400
v 0.00486259 -0.00350000 -0.02379148
v -0.00492661 -0.00850000 -0.01192167
v -0.00834083 -0.00850000 -0.01587246
v -0.00666449 -0.00350000 -0.01612400
v -0.00960589 -0.00850000 -0.01699243
v -0.00884356 -0.00350000 -0.01610043
v -0.00775053 -0.00350000 -0.01578936
v -0.00969968 -0.00350000 -0.01725571
v -0.00955946 -0.00350000 -0.01868678
v -0.01023406 -0.00850000 -0.00785328
v 0.00092621 -0.00730000 0.02829973
v 0.00425087 -0.00730000 0.02919122
v -0.00079870 -0.00730000 0.02529082
v 0.00010722 -0.00730000 0.02197624
v 0.00308058 -0.00730000 0.02026819
v 0.00640524 -0.00730000 0.02115969
v -0.00167382 -0.00850000 0.01279047
v 0.00813015 -0.00730000 0.02416859
v 0.00722423 -0.00730000 0.02748318
v -0.00767064 -0.00820000 0.00999606
v -0.00164494 -0.00820000 0.01249216
v -0.01164100 -0.00820000 0.00482152
v -0.01249216 -0.00820000 -0.00164494
v -0.00999606 -0.00820000 -0.00767064
v -0.00482152 -0.00820000 -0.01164100
v 0.00164494 -0.00820000 -0.01249216
v 0.00767064 -0.00820000 -0.00999606
v 0.01164100 -0.00820000 -0.00482152
v 0.01249216 -0.00820000 0.00164494
v 0.00999606 -0.00820000 0.00767064
v 0.00482152 -0.00820000 0.01164100
v -0.00120194 -0.00650000 0.03445793
v 0.00149297 -0.00650000 0.03586973
v -0.00120194 -0.00315000 0.03445793
v 0.00450609 -0.00650000 0.03629021
v 0.00748454 -0.00650000 0.03567013
v 0.01007951 -0.00650000 0.03408210
v 0.00406202 -0.00315000 0.02770314
v 0.00129297 -0.00315000 0.02289400
v -0.00233579 -0.00315000 0.02009050
v 0.00326943 -0.00315000 0.02175627
v -0.00230180 -0.00315000 0.02004586
v -0.00233579 0.00315000 0.02009050
v -0.00178401 -0.00315000 0.01944058
v -0.00230180 0.00315000 0.02004586
v -0.00120495 -0.00315000 0.01889362
v -0.00178401 0.00315000 0.01944058
v -0.00105912 -0.00315000 0.01877670
v -0.00120495 0.00315000 0.01889362
v -0.00091476 -0.00315000 0.01865796
v -0.00105912 0.00315000 0.01877670
v 0.00066197 -0.00315000 0.01732795
v -0.00091476 0.00315000 0.01865796
v 0.00204137 -0.00315000 0.01579424
v 0.00208340 -0.00315000 0.01574024
v 0.00549207 -0.00680000 0.02234969
v 0.00664007 -0.00680000 0.02433820
v 0.00327422 -0.00680000 0.02175536
v 0.00128571 -0.00680000 0.02290336
v 0.00069138 -0.00680000 0.02512121
v 0.00183938 -0.00680000 0.02710972
v 0.00405723 -0.00680000 0.02770405
v 0.00604574 -0.00680000 0.02655605
v 0.00127854 0.00315000 0.02291280
v 0.00069102 0.00315000 0.02511635
v 0.00325131 0.00315000 0.02175890
v 0.00183938 0.00680000 0.02710972
v 0.00405723 0.00680000 0.02770405
v 0.00069138 0.00680000 0.02512121
v 0.00128571 0.00680000 0.02290336
v 0.00327422 0.00680000 0.02175536
v 0.00549207 0.00680000 0.02234969
v 0.00664007 0.00680000 0.02433820
v 0.00604574 0.00680000 0.02655605
v 0.00088904 0.00730000 0.02259897
v 0.00019639 0.00730000 0.02518647
v 0.00320896 0.00730000 0.02126037
v 0.00579646 0.00730000 0.02195302
v 0.00153499 0.00730000 0.02750639
v 0.00412249 0.00730000 0.02819905
v 0.00713507 0.00730000 0.02427294
v 0.00644241 0.00730000 0.02686044
v 0.00088904 -0.00730000 0.02259897
v 0.00320917 -0.00730000 0.02126034
v 0.00019636 -0.00730000 0.02518626
v 0.00153499 -0.00730000 0.02750639
v 0.00579646 -0.00730000 0.02195302
v 0.00713509 -0.00730000 0.02427315
v 0.00412228 -0.00730000 0.02819907
v 0.00644241 -0.00730000 0.02686044
v 0.02216172 -0.00849854 -0.03707293
v 0.02180993 -0.00850000 -0.03990511
v 0.00302501 -0.01489105 -0.04521314
v 0.01953852 -0.00233433 -0.03583477
v 0.00261965 -0.00208813 -0.04280486
v 0.02021001 -0.00265632 -0.03559557
v 0.02315605 -0.00850000 -0.04795252
v 0.02494452 -0.00350000 -0.05860027
v 0.02315605 -0.00350000 -0.04795253
v 0.02079828 -0.00850000 -0.03848187
v 0.02180993 -0.00350000 -0.03990511
v 0.01905447 -0.00850000 -0.03839466
v 0.02079871 -0.00350000 -0.03848129
v 0.01905447 -0.00350000 -0.03839466
v 0.02836329 -0.01459202 -0.07619189
v 0.02804929 -0.01442233 -0.07627021
v 0.02823190 -0.01483014 -0.07814081
v 0.02815938 -0.01432241 -0.07498718
v 0.02784974 -0.01415819 -0.07507633
v 0.02778324 -0.01407526 -0.07402804
v 0.02688460 -0.01370160 -0.07364249
v 0.02706894 -0.01382752 -0.07332543
v 0.02631782 -0.01388897 -0.07304726
v 0.02635513 -0.01321651 -0.07078839
v 0.02502481 -0.00350000 -0.07156335
v 0.02637482 -0.00350000 -0.07076986
v 0.02673934 -0.00350000 -0.06924694
v 0.03132843 -0.01450000 -0.14414430
v 0.03248420 -0.01450000 -0.14150451
v 0.03086991 -0.01449993 -0.11015268
v 0.03300887 -0.01450000 -0.14002626
v 0.02811111 -0.01450000 -0.07818665
v 0.03300887 -0.00350000 -0.14002626
v 0.03248420 -0.00350000 -0.14150451
v 0.03080148 -0.00350000 -0.10929413
v 0.02802511 -0.01430304 -0.07726037
v 0.03105437 -0.01450000 -0.14214957
v 0.03105437 -0.00350000 -0.14214957
v 0.01504286 -0.00350000 -0.14248323
v 0.01504286 -0.01450000 -0.14248323
v 0.03104218 -0.00208638 -0.14156450
v 0.03246633 -0.00248559 -0.14107625
v 0.02735987 -0.00208598 -0.07642910
v 0.03244519 -0.00210713 -0.14006120
v 0.01499272 -0.00350000 -0.14248365
v 0.01364743 -0.01450000 -0.14195587
v 0.01367872 -0.00350000 -0.14198403
v 0.01494259 -0.00350000 -0.14248282
v 0.01503065 -0.00208579 -0.14189759
v 0.01300515 -0.01450000 -0.14060946
v 0.01300515 -0.00350000 -0.14060946
v 0.01186949 -0.00350000 -0.12406109
v 0.01187226 -0.01450001 -0.12409962
v 0.01361095 -0.00350000 -0.14192148
v 0.01366680 -0.00279289 -0.14179493
v 0.01361107 -0.00206476 -0.14057128
v 0.01363424 -0.00227526 -0.14127833
v 0.01066742 -0.00350000 -0.10843217
v 0.01066742 -0.01450000 -0.10843217
v 0.00832005 -0.00350000 -0.08148515
v 0.00832005 -0.01450000 -0.08148515
v 0.01123006 -0.00210713 -0.10838320
v 0.00814853 -0.00350000 -0.07962907
v 0.00814853 -0.01450000 -0.07962907
v 0.00890364 -0.00208579 -0.08143445
v 0.00795620 -0.00350000 -0.07777213
v 0.00795620 -0.01450000 -0.07777213
v 0.00838507 -0.00350000 -0.07630270
v 0.00837238 -0.01450000 -0.07631867
v 0.01528817 -0.01450000 -0.14447856
v 0.00843002 -0.00250000 -0.07671447
v 0.00853788 -0.00208644 -0.07770864
v 0.00968686 -0.01450000 -0.07557176
v 0.00968686 -0.00350000 -0.07557176
v 0.02551062 -0.00350000 -0.07351705
v 0.01363015 -0.01450000 -0.07505973
v 0.01389338 -0.01450000 -0.14508651
v 0.00976229 -0.00208579 -0.07615267
v 0.02551062 -0.01346171 -0.07351705
v 0.02552204 -0.01381391 -0.07336793
v 0.02556979 -0.00350000 -0.07351027
v 0.02619139 -0.01338898 -0.07354570
v 0.02562914 -0.00350000 -0.07350525
v 0.02700510 -0.00350000 -0.07392879
v 0.02680060 -0.00279289 -0.07394025
v 0.02628727 -0.00227526 -0.07400692
v 0.02558605 -0.00208579 -0.07409796
v 0.02682237 -0.01332475 -0.07380080
v 0.02741459 -0.01357703 -0.07436495
v 0.02774012 -0.01383730 -0.07516669
v 0.02774012 -0.00350000 -0.07516669
v 0.02794091 -0.00350000 -0.07635298
v 0.02794078 -0.01410515 -0.07635219
v 0.02784084 -0.01397070 -0.07576180
v 0.02716255 -0.00208579 -0.07526445
v 0.02595647 -0.00150000 -0.07661299
v 0.02576816 -0.00150000 -0.07550041
v 0.02856844 -0.00150000 -0.10648266
v 0.01265990 -0.00150000 -0.10825887
v 0.03101270 -0.00150000 -0.14015001
v 0.01500119 -0.00150000 -0.14048368
v 0.01383525 -0.00150000 -0.12347630
v 0.01031255 -0.00150000 -0.08131205
v 0.01013884 -0.00150000 -0.07943246
v 0.00994439 -0.00150000 -0.07755511
v 0.02494944 -0.00208630 -0.07098295
v 0.00937140 -0.00208579 -0.07300523
v 0.02476727 -0.00150000 -0.06958000
v 0.02631155 -0.00248659 -0.07034694
v 0.00918923 -0.00150000 -0.07160280
v 0.02297222 -0.00150000 -0.05893196
v 0.02616174 -0.00208579 -0.06934449
v 0.00789082 -0.00227526 -0.07250500
v 0.00796490 -0.00279289 -0.07301731
v 0.00694059 -0.00150000 -0.05923129
v 0.00781067 -0.00206468 -0.07180212
v 0.02118353 -0.00150000 -0.04828292
v 0.01983734 -0.00150000 -0.04023508
v 0.02102738 -0.00150238 -0.04675803
v 0.00380762 -0.00150000 -0.04705366
v 0.01928370 -0.00208595 -0.03893355
v 0.02084736 -0.00170438 -0.04093467
v 0.02123217 -0.00208579 -0.04000176
v 0.02093230 -0.00241980 -0.03895671
v 0.02072394 -0.00164342 -0.04102752
v 0.02069004 -0.00162173 -0.04116809
v 0.02066783 -0.00160223 -0.04137390
v 0.02065860 -0.00158139 -0.04172160
v 0.02066564 -0.00156396 -0.04214572
v 0.02067962 -0.00155303 -0.04249747
v 0.02070729 -0.00154075 -0.04300112
v 0.02075686 -0.00152760 -0.04372523
v 0.02082722 -0.00151642 -0.04460241
v 0.02091416 -0.00150815 -0.04557920
v 0.00245101 -0.00208632 -0.04745492
v 0.00325429 -0.00208583 -0.04575215
v 0.02177524 -0.00268206 -0.04075787
v 0.02172663 -0.00256547 -0.04081192
v 0.02169868 -0.00247121 -0.04096685
v 0.02167027 -0.00237438 -0.04117242
v 0.02161519 -0.00224725 -0.04141372
v 0.02143148 -0.00202786 -0.04155943
v 0.02101314 -0.00177855 -0.04109303
v 0.02293390 -0.00341498 -0.04663543
v 0.02274808 -0.00333900 -0.04555296
v 0.02259305 -0.00327151 -0.04466618
v 0.02246521 -0.00321194 -0.04394891
v 0.02235994 -0.00315967 -0.04337003
v 0.02227417 -0.00311408 -0.04290826
v 0.02220424 -0.00307454 -0.04253986
v 0.02214739 -0.00304042 -0.04224695
v 0.02205254 -0.00297780 -0.04177601
v 0.02197838 -0.00292196 -0.04142952
v 0.02192329 -0.00287434 -0.04119124
v 0.02188275 -0.00283356 -0.04103324
v 0.02183518 -0.00277694 -0.04087600
v 0.02118916 -0.00186433 -0.04134056
v 0.01320351 -0.01450000 -0.14944977
v 0.00216809 -0.00250000 -0.04649578
v 0.01332996 -0.01450000 -0.14649987
v 0.00108643 -0.00247159 -0.04291004
v 0.00074330 -0.00206476 -0.04194036
v 0.00206517 -0.00150000 -0.04150134
v 0.01780832 -0.00150000 -0.03480465
v 0.01849103 -0.00152665 -0.03486790
v 0.01915327 -0.00160550 -0.03492911
v -0.00041882 -0.00210713 -0.03868413
v 0.00150776 -0.00150000 -0.03985033
v -0.00063510 -0.00227526 -0.03801058
v -0.00095029 -0.00350000 -0.03753464
v -0.00106595 -0.00350000 -0.03820359
v -0.00087120 -0.00350000 -0.03734406
v -0.00080794 -0.00279289 -0.03752265
v 0.00093405 -0.00150000 -0.03820492
v -0.00015259 -0.00208666 -0.03729844
v 0.00878011 -0.00150000 -0.02879935
v 0.00769411 -0.00208582 -0.02789341
v 0.01934759 -0.00164347 -0.03493516
v 0.01955113 -0.00169915 -0.03491899
v 0.00956336 -0.00208579 -0.02762184
v 0.00897460 -0.00227526 -0.02723021
v 0.00854360 -0.00279289 -0.02694353
v 0.02014036 -0.00299023 -0.03403315
v 0.02013200 -0.00293603 -0.03404573
v 0.02003215 -0.00251137 -0.03419583
v 0.02028390 -0.00256366 -0.03435967
v 0.02037401 -0.00223145 -0.03481370
v -0.00048529 -0.00273605 -0.03702091
v -0.00060175 -0.00350000 -0.03692377
v -0.00080308 -0.00350000 -0.03721376
v -0.00103756 -0.01375103 -0.03785734
v -0.00247112 -0.01283066 -0.03349600
v -0.00115081 -0.01269177 -0.03372045
v -0.00335286 -0.00850000 -0.03249113
v -0.00457573 -0.00350000 -0.02950485
v -0.00335286 -0.00350000 -0.03249113
v -0.00585364 -0.00350000 -0.02654112
v -0.00739247 -0.00350000 -0.02315735
v -0.00112411 -0.00350000 -0.03371559
v -0.00034683 -0.00217189 -0.03270820
v 0.00484089 -0.00208579 -0.02636264
v -0.00245815 -0.00350000 -0.03350319
v -0.00266949 -0.00265330 -0.03313015
v -0.00320199 -0.00271051 -0.03243097
v -0.00151865 -0.00214364 -0.03321991
v -0.00278892 -0.00206477 -0.03226624
v -0.00149512 -0.00150000 -0.03175031
v -0.00220047 -0.00164976 -0.03203158
v -0.00040858 -0.00208653 -0.03265669
v -0.00529837 -0.00206476 -0.02629561
v 0.00375492 -0.00150000 -0.02545673
v -0.00273207 -0.00150000 -0.02872967
v -0.00402446 -0.00150000 -0.02573235
v -0.00845762 -0.00206476 -0.01953793
v -0.00900208 -0.00350000 -0.01980655
v -0.00558071 -0.00150000 -0.02231028
v -0.00927978 -0.00350000 -0.01924618
v -0.00720849 -0.00150000 -0.01892167
v -0.00851885 -0.00168271 -0.01816331
v -0.00932805 -0.00251382 -0.01856814
v -0.00911650 -0.00218209 -0.01846442
v -0.00748933 -0.00150000 -0.01835496
v -0.00895984 -0.00208585 -0.01702140
v -0.00777216 -0.00150000 -0.01778925
v -0.00782900 -0.00249540 -0.01606080
v -0.00698892 -0.00208579 -0.01661174
v 0.00454044 -0.00208992 -0.02427579
v 0.00546314 -0.00246245 -0.02553056
v 0.02050190 -0.00239018 -0.03479731
v -0.00767064 -0.00730000 0.00999606
v -0.00164494 -0.00730000 0.01249216
v -0.01164100 -0.00730000 0.00482152
v -0.01249216 -0.00730000 -0.00164494
v -0.00999606 -0.00730000 -0.00767064
v -0.00482152 -0.00730000 -0.01164100
v 0.00164494 -0.00730000 -0.01249216
v 0.00767064 -0.00730000 -0.00999606
v 0.01164100 -0.00730000 -0.00482152
v 0.01249216 -0.00730000 0.00164494
v 0.00999606 -0.00730000 0.00767064
v 0.00482152 -0.00730000 0.01164100
v 0.00748801 -0.00700000 -0.00975806
v 0.00159597 -0.00700000 -0.01219556
v 0.01136717 -0.00700000 -0.00469746
v 0.01219556 -0.00700000 0.00159597
v 0.00975806 -0.00700000 0.00748801
v 0.00469746 -0.00700000 0.01136717
v -0.00159597 -0.00700000 0.01219556
v -0.00748801 -0.00700000 0.00975806
v -0.01136717 -0.00700000 0.00469746
v -0.01219556 -0.00700000 -0.00159597
v -0.00975806 -0.00700000 -0.00748801
v -0.00469746 -0.00700000 -0.01136717
v -0.00541686 -0.00700000 -0.00780397
v -0.00896327 -0.00700000 -0.00314668
v 0.00019535 -0.00700000 -0.00949669
v 0.00578342 -0.00700000 -0.00753671
v 0.00315199 -0.00700000 -0.00896106
v -0.00578342 -0.00700000 0.00753671
v -0.00911101 -0.00700000 0.00268678
v -0.00019535 -0.00700000 0.00949669
v -0.00315199 -0.00700000 0.00896106
v 0.00541686 -0.00700000 0.00780397
v 0.00896327 -0.00700000 0.00314668
v 0.00911101 -0.00700000 -0.00268678
v 0.00578342 -0.00730000 -0.00753671
v 0.00124023 -0.00730000 -0.00941870
v 0.00941870 -0.00730000 0.00124023
v 0.00877695 -0.00730000 -0.00363527
v 0.00753671 -0.00730000 0.00578342
v 0.00363527 -0.00730000 0.00877695
v -0.00124023 -0.00730000 0.00941870
v -0.00578342 -0.00730000 0.00753671
v -0.00941870 -0.00730000 -0.00124023
v -0.00877695 -0.00730000 0.00363527
v -0.00753671 -0.00730000 -0.00578342
v -0.00363527 -0.00730000 -0.00877695
v 0.00729871 -0.00760000 0.00560079
v 0.00912188 -0.00760000 0.00119373
v 0.00351355 -0.00760000 0.00850228
v -0.00119373 -0.00760000 0.00912188
v -0.00560079 -0.00760000 0.00729871
v 0.00560079 -0.00760000 -0.00729871
v 0.00119373 -0.00760000 -0.00912188
v 0.00850228 -0.00760000 -0.00351355
v 0.00606904 -0.00760000 0.00465718
v 0.00758510 -0.00760000 0.00099411
v -0.00099411 -0.00760000 0.00758510
v 0.00292328 -0.00760000 0.00706940
v -0.00850228 -0.00760000 0.00351355
v -0.00465718 -0.00760000 0.00606904
v 0.00706940 -0.00760000 -0.00292328
v 0.00465718 -0.00760000 -0.00606904
v 0.00099411 -0.00760000 -0.00758510
v -0.00351355 -0.00760000 -0.00850228
v -0.00606904 -0.00760000 -0.00465718
v -0.00729871 -0.00760000 -0.00560079
v -0.00292328 -0.00760000 -0.00706940
v -0.00758510 -0.00760000 -0.00099411
v -0.00912188 -0.00760000 -0.00119373
v -0.00706940 -0.00760000 0.00292328
v -0.00456586 -0.00775000 0.00595004
v -0.00097913 -0.00775000 0.00743581
v -0.00692917 -0.00775000 0.00286995
v -0.00743581 -0.00775000 -0.00097913
v -0.00595004 -0.00775000 -0.00456586
v -0.00286995 -0.00775000 -0.00692917
v 0.00097913 -0.00775000 -0.00743581
v 0.00456586 -0.00775000 -0.00595004
v 0.00692917 -0.00775000 -0.00286995
v 0.00743581 -0.00775000 0.00097913
v 0.00595004 -0.00775000 0.00456586
v 0.00286995 -0.00775000 0.00692917
v -0.00456586 -0.01200000 0.00595004
v -0.00097913 -0.01200000 0.00743581
v -0.00692917 -0.01200000 0.00286995
v -0.00743581 -0.01200000 -0.00097913
v -0.00595004 -0.01200000 -0.00456586
v -0.00286995 -0.01200000 -0.00692917
v 0.00097913 -0.01200000 -0.00743581
v 0.00456586 -0.01200000 -0.00595004
v -0.00426147 -0.01250000 0.00555337
v -0.00090987 -0.01250000 0.00694059
v -0.00646882 -0.01250000 0.00267469
v -0.00694059 -0.01250000 -0.00090987
v -0.00555337 -0.01250000 -0.00426147
v -0.00267469 -0.01250000 -0.00646882
v 0.00090987 -0.01250000 -0.00694059
v 0.00692917 -0.01200000 -0.00286995
v 0.00426147 -0.01250000 -0.00555337
v 0.00743581 -0.01200000 0.00097913
v 0.00595004 -0.01200000 0.00456586
v 0.00646882 -0.01250000 -0.00267469
v 0.00694059 -0.01250000 0.00090987
v 0.00286995 -0.01200000 0.00692917
v 0.00555337 -0.01250000 0.00426147
v 0.00267469 -0.01250000 0.00646882
v 0.00334182 -0.01250000 0.00254313
v 0.00057238 -0.01250000 0.00416039
v -0.00255688 -0.01250000 0.00333202
v 0.00255688 -0.01250000 -0.00333202
v -0.00057238 -0.01250000 -0.00416039
v 0.00416357 -0.01250000 -0.00055001
v -0.00334182 -0.01250000 -0.00254313
v -0.00416357 -0.01250000 0.00055001
v -0.00255688 0.01250000 0.00333202
v 0.00054613 0.01250000 0.00416408
v -0.00416679 0.01250000 0.00052371
v -0.00332127 0.01250000 -0.00256991
v -0.00054613 0.01250000 -0.00416408
v 0.00255688 0.01250000 -0.00333202
v 0.00416679 0.01250000 -0.00052371
v 0.00332127 0.01250000 0.00256991
v -0.00426147 0.01250000 0.00555337
v -0.00090965 0.01250000 0.00694062
v -0.00646874 0.01250000 0.00267489
v 0.00090965 0.01250000 -0.00694062
v -0.00694062 0.01250000 -0.00090965
v -0.00267489 0.01250000 -0.00646874
v 0.00426147 0.01250000 -0.00555337
v 0.00646874 0.01250000 -0.00267489
v 0.00694062 0.01250000 0.00090965
v 0.00267489 0.01250000 0.00646874
v -0.00456586 0.01200000 0.00595004
v -0.00097913 0.01200000 0.00743581
v -0.00692917 0.01200000 0.00286995
v -0.00555337 0.01250000 -0.00426147
v -0.00743581 0.01200000 -0.00097913
v -0.00595004 0.01200000 -0.00456586
v -0.00286995 0.01200000 -0.00692917
v 0.00097913 0.01200000 -0.00743581
v 0.00456586 0.01200000 -0.00595004
v 0.00692917 0.01200000 -0.00286995
v 0.00555337 0.01250000 0.00426147
v 0.00743581 0.01200000 0.00097913
v 0.00595004 0.01200000 0.00456586
v 0.00286995 0.01200000 0.00692917
v -0.00456586 0.00775000 0.00595004
v -0.00097913 0.00775000 0.00743581
v -0.00692917 0.00775000 0.00286995
v -0.00743581 0.00775000 -0.00097913
v -0.00595004 0.00775000 -0.00456586
v -0.00286995 0.00775000 -0.00692917
v 0.00097913 0.00775000 -0.00743581
v 0.00456586 0.00775000 -0.00595004
v 0.00692917 0.00775000 -0.00286995
v 0.00743581 0.00775000 0.00097913
v 0.00595004 0.00775000 0.00456586
v 0.00286995 0.00775000 0.00692917
v 0.00606904 0.00760000 0.00465718
v 0.00758507 0.00760000 0.00099435
v 0.00292305 0.00760000 0.00706950
v -0.00099435 0.00760000 0.00758507
v -0.00465718 0.00760000 0.00606904
v 0.00465718 0.00760000 -0.00606904
v 0.00099435 0.00760000 -0.00758507
v 0.00706950 0.00760000 -0.00292305
v 0.00850228 0.00760000 -0.00351355
v 0.00119373 0.00760000 -0.00912188
v 0.00912188 0.00760000 0.00119373
v 0.00729871 0.00760000 0.00560079
v 0.00351355 0.00760000 0.00850228
v -0.00119373 0.00760000 0.00912188
v -0.00706950 0.00760000 0.00292305
v -0.00850228 0.00760000 0.00351355
v -0.00292305 0.00760000 -0.00706950
v -0.00606904 0.00760000 -0.00465718
v -0.00758507 0.00760000 -0.00099435
v -0.00912188 0.00760000 -0.00119373
v -0.00729871 0.00760000 -0.00560079
v -0.00351355 0.00760000 -0.00850228
v -0.00560079 0.00760000 0.00729871
v -0.00578342 0.00730000 0.00753671
v -0.00124023 0.00730000 0.00941870
v -0.00877695 0.00730000 0.00363527
v -0.00941870 0.00730000 -0.00124023
v -0.00753671 0.00730000 -0.00578342
v -0.00363527 0.00730000 -0.00877695
v 0.00560079 0.00760000 -0.00729871
v 0.00124023 0.00730000 -0.00941870
v 0.00578342 0.00730000 -0.00753671
v 0.00877695 0.00730000 -0.00363527
v 0.00941870 0.00730000 0.00124023
v 0.00753671 0.00730000 0.00578342
v 0.00363527 0.00730000 0.00877695
v -0.00578342 0.00700000 0.00753671
v -0.00023760 0.00700000 0.00949594
v -0.00912267 0.00700000 0.00264616
v -0.00784019 0.00700000 0.00536349
v -0.00893989 0.00700000 -0.00321292
v -0.00535893 0.00700000 -0.00784370
v 0.00023760 0.00700000 -0.00949594
v 0.00578342 0.00700000 -0.00753671
v 0.00912267 0.00700000 -0.00264616
v 0.00784019 0.00700000 -0.00536349
v 0.00893989 0.00700000 0.00321292
v 0.00535893 0.00700000 0.00784370
v 0.00748801 0.00700000 -0.00975806
v 0.00159597 0.00700000 -0.01219556
v 0.01136717 0.00700000 -0.00469746
v 0.00469746 0.00700000 0.01136717
v 0.01219556 0.00700000 0.00159597
v -0.00159597 0.00700000 0.01219556
v -0.00748801 0.00700000 0.00975806
v -0.01136717 0.00700000 0.00469746
v -0.00469746 0.00700000 -0.01136717
v -0.01219556 0.00700000 -0.00159597
v -0.00767064 0.00730000 0.00999606
v -0.00164494 0.00730000 0.01249216
v -0.01164100 0.00730000 0.00482152
v -0.00975806 0.00700000 -0.00748801
v -0.01249216 0.00730000 -0.00164494
v -0.00999606 0.00730000 -0.00767064
v -0.00482152 0.00730000 -0.01164100
v 0.00164494 0.00730000 -0.01249216
v 0.00767064 0.00730000 -0.00999606
v 0.01164100 0.00730000 -0.00482152
v 0.00975806 0.00700000 0.00748801
v 0.01249216 0.00730000 0.00164494
v 0.00999606 0.00730000 0.00767064
v 0.00482152 0.00730000 0.01164100
v 0.03123612 -0.01250000 -0.22915465
v 0.03092541 -0.01250000 -0.22957166
v 0.02976659 -0.01250000 -0.22896121
v 0.02766892 -0.01250000 -0.22868511
v 0.03041852 -0.01250000 -0.22968729
v 0.02897393 -0.01250000 -0.21877062
v 0.03107161 -0.01250000 -0.21904674
v 0.02897393 -0.00950000 -0.21877062
v 0.03138232 -0.01250000 -0.21862973
v 0.03128088 -0.00913689 -0.21870804
v 0.03107161 -0.00950000 -0.21904674
v 0.02883789 -0.01250000 -0.21693799
v 0.02858606 -0.01250000 -0.21511765
v 0.02877968 -0.00850000 -0.21643206
v 0.02894790 -0.00899957 -0.21826245
v 0.02891289 -0.00850000 -0.21775396
v 0.03208538 -0.01250000 -0.21451998
v 0.02858606 -0.00850000 -0.21511765
v -0.01006614 -0.01250000 -0.19280307
v -0.01006614 -0.00850000 -0.19280307
v -0.01176849 -0.01250000 -0.19349524
v -0.01342358 -0.01250000 -0.19429383
v -0.01251263 -0.00850000 -0.19383831
v -0.01130125 -0.00850000 -0.19329266
v -0.01471162 -0.01250000 -0.19261530
v -0.01471162 -0.00950000 -0.19261530
v -0.01342358 -0.00950000 -0.19429383
v -0.01297049 -0.00899957 -0.19406226
v -0.01509939 -0.01250000 -0.19136426
v -0.01450587 -0.01250000 -0.19213782
v -0.01561396 -0.01250000 -0.19143942
v -0.01465919 -0.01250000 -0.19164091
v -0.01452491 -0.00892982 -0.19192202
v -0.01452354 -0.00913892 -0.19226728
v -0.01489683 -0.00893021 -0.19143800
v -0.01522964 -0.00913932 -0.19134779
v -0.02264501 -0.01250000 -0.19870311
v -0.02135696 -0.01250000 -0.20038164
v -0.02315958 -0.01250000 -0.19877827
v -0.02375309 -0.01250000 -0.19800471
v -0.02359978 -0.01250000 -0.19850162
v -0.02373352 -0.00892900 -0.19822253
v -0.02373590 -0.00913726 -0.19787735
v -0.02336534 -0.00892875 -0.19870277
v -0.02303248 -0.00913689 -0.19879463
v -0.02135696 -0.00950000 -0.20038164
v -0.02264501 -0.00950000 -0.19870311
v -0.02255664 -0.01250000 -0.20177370
v -0.02366574 -0.01250000 -0.20323895
v -0.02287322 -0.00850000 -0.20217261
v -0.02203269 -0.00850000 -0.20114368
v -0.02169789 -0.00899957 -0.20075938
v -0.02656276 -0.01250000 -0.20118718
v -0.02366574 -0.00850000 -0.20323895
v -0.02634897 -0.01250000 -0.20788671
v -0.02634897 -0.00850000 -0.20788671
v -0.02706328 -0.01250000 -0.20957989
v -0.02766892 -0.01250000 -0.21131490
v -0.02734688 -0.00850000 -0.21034867
v -0.02687613 -0.00850000 -0.20910625
v -0.02976659 -0.01250000 -0.21103878
v -0.02976659 -0.00950000 -0.21103878
v -0.02766892 -0.00950000 -0.21131490
v -0.02751227 -0.00899957 -0.21083076
v -0.03041852 -0.01250000 -0.21031271
v -0.02995873 -0.01250000 -0.21055567
v -0.03012479 -0.00892982 -0.21041654
v -0.02987969 -0.00913892 -0.21065970
v -0.03092541 -0.01250000 -0.21042836
v -0.03073004 -0.00893021 -0.21033727
v -0.03123612 -0.01250000 -0.21084535
v -0.03102916 -0.00913932 -0.21050881
v -0.03188921 -0.01250000 -0.22148591
v -0.03138232 -0.01250000 -0.22137026
v -0.03107161 -0.01250000 -0.22095327
v -0.02897393 -0.01250000 -0.22122937
v -0.03234899 -0.01250000 -0.22124295
v -0.03218113 -0.00892900 -0.22138314
v -0.03242689 -0.00913726 -0.22114074
v -0.03158121 -0.00892875 -0.22146237
v -0.03128088 -0.00913689 -0.22129196
v -0.02897393 -0.00950000 -0.22122937
v -0.03107161 -0.00950000 -0.22095327
v -0.01042012 -0.01250000 -0.24706328
v -0.02883789 -0.01250000 -0.22306201
v -0.00868510 -0.01250000 -0.24766892
v -0.01211329 -0.01250000 -0.24634896
v -0.02858606 -0.01250000 -0.22488236
v -0.02877968 -0.00850000 -0.22356795
v -0.02891289 -0.00850000 -0.22224604
v -0.02894790 -0.00899957 -0.22173755
v -0.02719693 -0.01250000 -0.23006615
v -0.03208538 -0.01250000 -0.22548002
v -0.01676105 -0.01250000 -0.24366574
v -0.02858606 -0.00850000 -0.22488236
v -0.02719693 -0.00850000 -0.23006615
v -0.02650476 -0.01250000 -0.23176849
v -0.02570618 -0.01250000 -0.23342358
v -0.02616169 -0.00850000 -0.23251264
v -0.02670733 -0.00850000 -0.23130125
v -0.02738470 -0.01250000 -0.23471162
v -0.02738470 -0.00950000 -0.23471162
v -0.02570618 -0.00950000 -0.23342358
v -0.02593774 -0.00899957 -0.23297049
v -0.02122172 -0.01250000 -0.24315958
v -0.02786217 -0.01250000 -0.23450588
v -0.02129688 -0.01250000 -0.24264501
v -0.02149838 -0.01250000 -0.24359977
v -0.02835909 -0.01250000 -0.23465918
v -0.02807798 -0.00892982 -0.23452491
v -0.02773272 -0.00913892 -0.23452355
v -0.02199529 -0.01250000 -0.24375309
v -0.02863574 -0.01250000 -0.23509939
v -0.02856200 -0.00893021 -0.23489682
v -0.02856058 -0.01250000 -0.23561396
v -0.02865221 -0.00913932 -0.23522964
v -0.02177747 -0.00892900 -0.24373353
v -0.02212265 -0.00913726 -0.24373591
v -0.02129724 -0.00892875 -0.24336533
v -0.02120536 -0.00913689 -0.24303249
v -0.01961836 -0.01250000 -0.24135697
v -0.01961836 -0.00950000 -0.24135697
v -0.02129688 -0.00950000 -0.24264501
v -0.01822630 -0.01250000 -0.24255665
v -0.01782739 -0.00850000 -0.24287322
v -0.01885631 -0.00850000 -0.24203269
v -0.01924062 -0.00899957 -0.24169789
v -0.01881283 -0.01250000 -0.24656275
v -0.01676105 -0.00850000 -0.24366574
v -0.01211329 -0.00850000 -0.24634896
v -0.00965134 -0.00850000 -0.24734688
v -0.01089375 -0.00850000 -0.24687612
v -0.00896122 -0.01250000 -0.24976659
v -0.00896122 -0.00950000 -0.24976659
v -0.00868510 -0.00950000 -0.24766892
v -0.00916923 -0.00899957 -0.24751227
v -0.00915464 -0.01250000 -0.25123611
v -0.00944433 -0.01250000 -0.24995872
v -0.00968729 -0.01250000 -0.25041851
v -0.00958346 -0.00892982 -0.25012478
v -0.00934030 -0.00913892 -0.24987969
v -0.00957165 -0.01250000 -0.25092542
v -0.00966274 -0.00893021 -0.25073004
v -0.00949119 -0.00913932 -0.25102916
v 0.00124295 -0.01250000 -0.25234899
v 0.00095327 -0.01250000 -0.25107160
v 0.00148592 -0.01250000 -0.25188920
v 0.00138314 -0.00892900 -0.25218114
v 0.00114075 -0.00913726 -0.25242689
v 0.00137027 -0.01250000 -0.25138232
v 0.00146237 -0.00892875 -0.25158119
v 0.00129197 -0.00913689 -0.25128087
v 0.00122938 -0.01250000 -0.24897394
v 0.00122938 -0.00950000 -0.24897394
v 0.00095327 -0.00950000 -0.25107160
v 0.00306202 -0.01250000 -0.24883789
v 0.00488236 -0.01250000 -0.24858606
v 0.00356794 -0.00850000 -0.24877967
v 0.00224604 -0.00850000 -0.24891289
v 0.00173755 -0.00899957 -0.24894790
v 0.00548003 -0.01250000 -0.25208539
v 0.00488236 -0.00850000 -0.24858606
v 0.01006614 -0.01250000 -0.24719693
v 0.01006614 -0.00850000 -0.24719693
v 0.01176849 -0.01250000 -0.24650477
v 0.01342358 -0.01250000 -0.24570617
v 0.01251263 -0.00850000 -0.24616168
v 0.01130125 -0.00850000 -0.24670734
v 0.01471162 -0.01250000 -0.24738470
v 0.01471162 -0.00950000 -0.24738470
v 0.01342358 -0.00950000 -0.24570617
v 0.01297049 -0.00899957 -0.24593775
v 0.01509939 -0.01250000 -0.24863574
v 0.01450587 -0.01250000 -0.24786218
v 0.01561396 -0.01250000 -0.24856058
v 0.01465919 -0.01250000 -0.24835908
v 0.01452491 -0.00892982 -0.24807797
v 0.01452354 -0.00913892 -0.24773273
v 0.01489683 -0.00893021 -0.24856201
v 0.01522964 -0.00913932 -0.24865222
v 0.02264501 -0.01250000 -0.24129689
v 0.02135696 -0.01250000 -0.23961836
v 0.02315958 -0.01250000 -0.24122173
v 0.02375309 -0.01250000 -0.24199529
v 0.02359978 -0.01250000 -0.24149838
v 0.02373352 -0.00892900 -0.24177746
v 0.02373590 -0.00913726 -0.24212265
v 0.02336534 -0.00892875 -0.24129723
v 0.02303248 -0.00913689 -0.24120536
v 0.02135696 -0.00950000 -0.23961836
v 0.02264501 -0.00950000 -0.24129689
v 0.02255664 -0.01250000 -0.23822629
v 0.02366574 -0.01250000 -0.23676105
v 0.02287322 -0.00850000 -0.23782739
v 0.02169789 -0.00899957 -0.23924062
v 0.02203269 -0.00850000 -0.23885632
v 0.02656276 -0.01250000 -0.23881283
v 0.02366574 -0.00850000 -0.23676105
v 0.02634897 -0.01250000 -0.23211329
v 0.02634897 -0.00850000 -0.23211329
v 0.02706328 -0.01250000 -0.23042011
v 0.02734688 -0.00850000 -0.22965135
v 0.02687613 -0.00850000 -0.23089375
v 0.02976659 -0.00950000 -0.22896121
v 0.02766892 -0.00950000 -0.22868511
v 0.02751227 -0.00899957 -0.22916923
v 0.02995873 -0.01250000 -0.22944432
v 0.03012479 -0.00892982 -0.22958347
v 0.02987969 -0.00913892 -0.22934030
v 0.03073004 -0.00893021 -0.22966273
v 0.03102916 -0.00913932 -0.22949119
v 0.03188921 -0.01250000 -0.21851408
v 0.03234899 -0.01250000 -0.21875705
v 0.03218113 -0.00892900 -0.21861686
v 0.03242689 -0.00913726 -0.21885926
v 0.03158121 -0.00892875 -0.21853763
v 0.01231242 -0.01450000 -0.15446897
v 0.01276146 -0.01450000 -0.15236910
v 0.03348168 -0.01450000 -0.14806829
v 0.03359236 -0.01450000 -0.15009566
v 0.03443324 -0.01450000 -0.16468588
v 0.03336684 -0.01450000 -0.14602967
v 0.03404824 -0.01450000 -0.20459689
v 0.03509316 -0.01450000 -0.17840376
v 0.03485335 -0.01450000 -0.20312576
v 0.03108188 -0.01450000 -0.20390911
v 0.02316709 -0.01450000 -0.19376479
v 0.03240625 -0.01450000 -0.20493795
v -0.00056239 -0.01450000 -0.18500452
v -0.00199157 -0.01450000 -0.18443596
v 0.01212142 -0.01450000 -0.18716601
v -0.00201450 -0.01450000 -0.18159634
v 0.00664027 -0.01450000 -0.17005682
v -0.00259446 -0.01450000 -0.18302093
v 0.01182792 -0.01450000 -0.15659747
f 1 2 3
f 4 3 2
f 5 1 3
f 6 3 4
f 5 3 6
f 1 7 2
f 8 2 7
f 9 10 11
f 12 4 2
f 13 11 14
f 15 2 8
f 16 2 15
f 16 12 2
f 13 14 17
f 18 19 7
f 8 7 19
f 1 18 7
f 20 21 19
f 8 19 21
f 22 20 19
f 23 22 19
f 24 23 19
f 25 24 19
f 26 25 19
f 27 26 19
f 18 27 19
f 28 29 21
f 30 21 29
f 31 28 21
f 32 31 21
f 33 32 21
f 34 33 21
f 20 34 21
f 10 14 11
f 35 8 21
f 30 35 21
f 36 37 29
f 38 29 37
f 28 36 29
f 39 29 38
f 30 29 39
f 40 41 37
f 42 37 41
f 36 40 37
f 38 37 42
f 43 44 41
f 42 41 44
f 45 43 41
f 40 45 41
f 46 47 44
f 48 44 47
f 49 46 44
f 50 49 44
f 51 50 44
f 43 51 44
f 42 44 48
f 52 53 47
f 48 47 53
f 46 52 47
f 54 53 55
f 56 55 53
f 57 53 54
f 52 56 53
f 58 59 60
f 48 53 57
f 61 54 55
f 56 61 55
f 62 63 54
f 57 54 63
f 61 62 54
f 64 65 63
f 66 63 65
f 62 64 63
f 17 58 60
f 67 57 63
f 66 67 63
f 68 69 65
f 70 65 69
f 71 68 65
f 64 71 65
f 70 66 65
f 72 69 68
f 70 69 72
f 73 74 68
f 75 68 74
f 76 68 71
f 76 73 68
f 77 72 68
f 75 77 68
f 78 79 74
f 80 74 79
f 81 78 74
f 73 81 74
f 80 75 74
f 82 83 79
f 84 79 83
f 85 82 79
f 78 85 79
f 84 80 79
f 86 87 83
f 88 83 87
f 89 86 83
f 82 89 83
f 88 84 83
f 90 91 87
f 92 87 91
f 93 90 87
f 86 93 87
f 92 88 87
f 94 95 91
f 96 91 95
f 97 94 91
f 90 97 91
f 96 92 91
f 98 99 95
f 96 95 99
f 100 98 95
f 101 100 95
f 94 101 95
f 98 102 99
f 96 99 102
f 103 102 98
f 103 96 102
f 103 98 100
f 101 104 100
f 105 100 104
f 105 103 100
f 106 107 104
f 105 104 107
f 101 106 104
f 108 109 107
f 110 107 109
f 106 108 107
f 105 107 110
f 111 112 109
f 113 109 112
f 114 111 109
f 115 114 109
f 115 109 108
f 113 110 109
f 116 117 112
f 118 112 117
f 111 116 112
f 118 113 112
f 119 120 117
f 121 117 120
f 116 119 117
f 121 118 117
f 122 120 123
f 124 123 120
f 125 120 122
f 126 124 120
f 127 126 120
f 128 127 120
f 129 128 120
f 119 129 120
f 121 120 125
f 130 122 123
f 124 130 123
f 131 132 122
f 133 122 132
f 130 131 122
f 134 122 133
f 125 122 134
f 58 135 59
f 136 137 138
f 133 132 139
f 59 136 140
f 141 142 132
f 139 132 142
f 143 141 132
f 144 143 132
f 145 144 132
f 146 145 132
f 131 146 132
f 147 131 130
f 59 135 136
f 147 130 124
f 147 124 126
f 148 149 126
f 150 126 149
f 151 148 126
f 152 151 126
f 127 152 126
f 153 154 155
f 156 147 126
f 156 126 150
f 148 157 149
f 158 149 157
f 150 149 159
f 158 159 149
f 160 157 148
f 161 157 160
f 162 157 161
f 158 157 162
f 163 148 151
f 164 148 163
f 165 148 164
f 165 160 148
f 163 151 152
f 166 152 127
f 167 163 152
f 166 167 152
f 168 127 128
f 169 127 168
f 166 127 169
f 168 128 129
f 168 129 119
f 170 119 116
f 153 155 171
f 170 168 119
f 172 116 111
f 172 170 116
f 173 111 114
f 172 111 173
f 115 174 114
f 175 114 174
f 154 176 155
f 177 173 114
f 175 177 114
f 115 178 174
f 179 174 178
f 179 175 174
f 180 181 178
f 182 178 181
f 115 180 178
f 179 178 182
f 183 184 181
f 185 181 184
f 180 183 181
f 186 182 181
f 185 186 181
f 187 188 184
f 189 184 188
f 183 187 184
f 189 185 184
f 190 191 188
f 192 188 191
f 187 190 188
f 189 188 192
f 190 193 191
f 194 191 193
f 195 192 191
f 194 195 191
f 190 71 193
f 196 193 71
f 196 194 193
f 197 71 64
f 198 76 71
f 190 198 71
f 196 71 197
f 199 64 62
f 200 197 64
f 199 200 64
f 56 62 61
f 201 62 56
f 202 62 201
f 199 62 202
f 203 56 52
f 201 56 203
f 203 52 46
f 203 46 49
f 50 204 49
f 205 49 204
f 206 203 49
f 205 206 49
f 207 208 204
f 209 204 208
f 50 207 204
f 210 204 209
f 205 204 210
f 211 208 207
f 212 208 211
f 209 208 212
f 213 207 50
f 214 207 213
f 215 207 214
f 211 207 215
f 213 50 51
f 216 51 43
f 217 51 216
f 213 51 217
f 218 43 45
f 216 43 219
f 218 219 43
f 218 45 40
f 220 40 36
f 220 218 40
f 31 36 28
f 221 36 31
f 140 222 176
f 220 36 221
f 221 31 32
f 223 224 32
f 225 32 224
f 226 223 32
f 227 226 32
f 33 227 32
f 228 32 225
f 221 32 228
f 138 222 140
f 223 229 224
f 230 224 229
f 231 224 230
f 225 224 231
f 232 229 223
f 233 229 232
f 230 229 233
f 234 223 226
f 234 232 223
f 235 226 227
f 236 226 235
f 236 234 226
f 237 227 33
f 237 235 227
f 238 33 34
f 237 33 238
f 239 34 20
f 239 238 34
f 240 20 22
f 239 20 240
f 23 241 22
f 242 22 241
f 242 240 22
f 243 244 241
f 245 241 244
f 23 243 241
f 246 241 245
f 247 241 246
f 247 242 241
f 248 244 243
f 245 244 249
f 248 249 244
f 248 243 23
f 250 23 24
f 248 23 251
f 250 251 23
f 252 24 25
f 250 24 252
f 253 25 26
f 252 25 253
f 254 26 27
f 255 253 26
f 255 26 256
f 257 256 26
f 254 257 26
f 258 27 18
f 258 254 27
f 259 18 1
f 259 258 18
f 259 1 5
f 260 108 106
f 261 115 108
f 262 108 260
f 263 108 262
f 264 108 263
f 265 108 264
f 266 108 265
f 267 108 266
f 267 261 108
f 268 106 101
f 269 106 268
f 270 106 269
f 260 106 271
f 272 271 106
f 273 272 106
f 274 273 106
f 275 274 106
f 270 275 106
f 276 101 94
f 277 101 276
f 278 101 277
f 279 101 278
f 280 268 101
f 281 101 279
f 282 280 101
f 283 282 101
f 281 283 101
f 284 94 97
f 276 94 285
f 286 285 94
f 287 286 94
f 288 287 94
f 284 288 94
f 289 97 90
f 290 97 291
f 289 291 97
f 292 97 290
f 292 284 97
f 293 90 93
f 294 90 293
f 295 90 294
f 296 289 90
f 297 296 90
f 298 297 90
f 295 298 90
f 299 93 86
f 299 293 93
f 300 86 89
f 301 86 300
f 302 86 301
f 303 299 86
f 304 303 86
f 305 304 86
f 302 305 86
f 306 89 82
f 307 300 89
f 308 307 89
f 309 308 89
f 310 309 89
f 306 310 89
f 311 82 85
f 312 82 313
f 311 313 82
f 306 82 312
f 314 85 78
f 315 85 314
f 316 85 315
f 317 311 85
f 318 317 85
f 319 318 85
f 316 319 85
f 320 78 81
f 321 314 78
f 320 321 78
f 322 81 73
f 323 81 322
f 324 81 323
f 325 320 81
f 326 325 81
f 324 326 81
f 327 73 76
f 328 73 327
f 329 73 328
f 330 322 73
f 331 330 73
f 332 331 73
f 333 332 73
f 329 333 73
f 334 76 198
f 335 76 334
f 336 76 335
f 337 76 336
f 338 327 76
f 339 338 76
f 340 339 76
f 341 340 76
f 337 341 76
f 342 198 190
f 334 198 343
f 342 343 198
f 344 190 187
f 345 190 344
f 346 342 190
f 347 346 190
f 345 347 190
f 348 187 183
f 349 187 348
f 350 187 349
f 351 187 350
f 352 344 187
f 351 352 187
f 353 183 180
f 354 183 353
f 348 183 354
f 355 180 115
f 356 180 355
f 353 180 356
f 355 115 357
f 261 357 115
f 6 4 358
f 359 358 4
f 5 6 358
f 360 358 359
f 361 358 360
f 5 358 361
f 362 363 10
f 12 359 4
f 364 365 366
f 367 366 365
f 368 364 366
f 369 366 367
f 370 368 366
f 371 370 366
f 369 371 366
f 364 372 365
f 373 365 372
f 373 367 365
f 374 375 372
f 376 372 375
f 364 374 372
f 376 373 372
f 377 378 375
f 379 375 378
f 374 377 375
f 379 376 375
f 380 381 378
f 379 378 381
f 377 380 378
f 382 359 381
f 12 381 359
f 380 382 381
f 16 381 12
f 14 58 17
f 379 381 16
f 382 360 359
f 383 360 382
f 384 360 383
f 361 360 384
f 385 382 380
f 383 382 385
f 386 380 377
f 385 380 386
f 387 377 374
f 386 377 387
f 388 374 364
f 388 387 374
f 388 364 368
f 389 367 373
f 389 390 367
f 369 367 390
f 391 373 376
f 391 389 373
f 153 171 392
f 392 393 394
f 395 390 389
f 395 369 390
f 396 389 391
f 397 395 389
f 396 398 389
f 397 389 398
f 376 399 391
f 400 391 399
f 396 391 400
f 401 399 376
f 402 399 401
f 400 399 402
f 403 376 379
f 401 376 403
f 404 368 370
f 405 388 368
f 404 405 368
f 406 370 371
f 407 370 406
f 408 370 407
f 408 404 370
f 409 371 369
f 409 406 371
f 410 369 395
f 409 369 410
f 411 395 397
f 410 395 412
f 411 412 395
f 405 387 388
f 413 386 387
f 405 413 387
f 414 415 416
f 417 416 415
f 418 419 416
f 414 416 419
f 420 418 416
f 421 420 416
f 422 421 416
f 417 423 416
f 424 416 423
f 424 422 416
f 425 426 415
f 417 415 426
f 425 415 427
f 428 427 415
f 429 415 414
f 430 428 415
f 429 430 415
f 431 432 426
f 417 426 432
f 425 431 426
f 433 434 432
f 435 432 434
f 436 433 432
f 431 436 432
f 437 417 432
f 437 432 435
f 438 439 434
f 440 434 439
f 433 438 434
f 435 434 440
f 441 439 438
f 440 439 441
f 442 443 438
f 444 438 443
f 433 442 438
f 445 438 444
f 441 438 445
f 406 443 446
f 447 446 443
f 409 443 406
f 448 447 443
f 442 448 443
f 444 443 409
f 447 406 446
f 447 407 406
f 447 427 407
f 408 407 427
f 413 385 386
f 413 383 385
f 449 384 383
f 450 449 383
f 451 450 383
f 413 451 383
f 452 384 449
f 453 384 452
f 361 384 453
f 454 449 450
f 455 449 454
f 455 452 449
f 456 457 450
f 458 450 457
f 451 456 450
f 458 454 450
f 456 459 457
f 460 457 459
f 458 457 460
f 461 462 459
f 463 459 462
f 414 461 459
f 456 414 459
f 460 459 463
f 461 464 462
f 465 462 464
f 465 466 462
f 467 462 466
f 467 463 462
f 468 464 461
f 469 464 468
f 465 464 469
f 414 470 461
f 471 461 470
f 468 461 471
f 472 473 470
f 471 470 473
f 474 472 470
f 475 474 470
f 419 475 470
f 414 419 470
f 476 473 472
f 477 473 476
f 471 473 477
f 478 472 474
f 479 476 472
f 479 472 478
f 480 474 475
f 478 474 480
f 481 475 419
f 480 475 481
f 482 419 418
f 482 481 419
f 483 418 420
f 482 418 483
f 484 420 421
f 483 420 484
f 422 485 421
f 486 421 485
f 484 421 486
f 487 427 447
f 488 425 427
f 489 408 427
f 490 489 427
f 428 490 427
f 488 427 487
f 491 447 448
f 487 447 491
f 492 448 442
f 491 448 492
f 493 442 433
f 492 442 493
f 494 433 436
f 493 433 494
f 495 436 431
f 495 494 436
f 496 431 425
f 495 431 496
f 496 425 488
f 497 414 456
f 498 429 414
f 498 414 497
f 499 456 451
f 499 497 456
f 500 451 413
f 500 499 451
f 501 413 405
f 501 500 413
f 502 405 404
f 502 501 405
f 503 404 408
f 503 502 404
f 504 408 489
f 503 408 504
f 505 489 490
f 504 489 505
f 506 490 428
f 505 490 506
f 507 428 430
f 506 428 507
f 508 430 429
f 508 507 430
f 508 429 498
f 509 510 423
f 511 423 510
f 512 509 423
f 417 512 423
f 511 424 423
f 513 510 509
f 514 510 515
f 516 515 510
f 514 511 510
f 513 516 510
f 513 509 512
f 437 512 417
f 437 517 512
f 518 512 517
f 513 512 518
f 519 514 515
f 520 519 515
f 516 520 515
f 422 249 485
f 521 485 249
f 522 485 521
f 486 485 522
f 245 249 422
f 521 249 248
f 523 422 424
f 246 422 523
f 246 245 422
f 524 424 511
f 523 424 524
f 525 511 514
f 524 511 525
f 139 525 514
f 519 139 514
f 526 525 139
f 527 524 525
f 528 527 525
f 526 528 525
f 133 139 519
f 135 137 136
f 520 529 519
f 530 519 529
f 531 133 519
f 530 531 519
f 532 529 520
f 533 530 529
f 533 529 534
f 534 535 533
f 536 534 529
f 532 536 529
f 516 532 520
f 527 537 524
f 523 524 537
f 538 537 527
f 539 537 538
f 539 523 537
f 540 527 528
f 540 538 527
f 541 528 526
f 540 528 541
f 142 542 526
f 543 526 542
f 60 59 140
f 139 142 526
f 541 526 543
f 141 542 142
f 141 544 542
f 545 542 544
f 545 543 542
f 134 133 531
f 134 531 530
f 546 530 533
f 547 134 530
f 548 547 530
f 546 548 530
f 549 533 535
f 549 546 533
f 550 535 534
f 550 549 535
f 536 550 534
f 141 551 544
f 545 544 551
f 141 552 551
f 553 551 552
f 545 551 553
f 141 554 552
f 555 552 554
f 555 553 552
f 556 554 141
f 556 557 554
f 555 554 557
f 143 558 141
f 559 141 558
f 560 556 141
f 559 560 141
f 144 558 143
f 561 558 144
f 559 558 561
f 562 144 145
f 562 561 144
f 563 145 146
f 564 145 563
f 562 145 564
f 147 146 131
f 147 563 146
f 136 138 140
f 565 545 553
f 566 565 553
f 566 553 555
f 565 543 545
f 565 567 543
f 541 543 567
f 565 568 567
f 541 567 568
f 565 569 568
f 541 568 569
f 565 570 569
f 541 569 570
f 565 571 570
f 541 570 571
f 565 572 571
f 541 571 572
f 565 573 572
f 541 572 573
f 565 574 573
f 541 573 574
f 565 575 574
f 541 574 575
f 565 576 575
f 541 575 576
f 565 577 576
f 541 576 577
f 565 578 577
f 541 577 578
f 565 579 578
f 541 578 579
f 565 580 579
f 541 579 580
f 565 581 580
f 541 580 581
f 565 582 581
f 583 581 582
f 583 541 581
f 584 582 585
f 565 585 582
f 583 582 584
f 565 584 585
f 565 586 584
f 583 584 586
f 587 588 586
f 583 586 588
f 565 587 586
f 587 589 588
f 583 588 589
f 587 590 589
f 583 589 590
f 587 591 590
f 583 590 591
f 587 592 591
f 593 591 592
f 593 583 591
f 587 594 592
f 593 592 594
f 587 595 594
f 593 594 595
f 587 596 595
f 593 595 596
f 587 597 596
f 593 596 597
f 587 598 597
f 593 597 598
f 587 599 598
f 593 598 599
f 587 600 599
f 593 599 600
f 587 601 600
f 593 600 601
f 587 602 601
f 593 601 602
f 603 604 602
f 593 602 604
f 587 603 602
f 605 604 603
f 606 593 604
f 605 606 604
f 607 603 587
f 605 603 607
f 566 587 565
f 608 607 587
f 566 608 587
f 609 541 583
f 609 540 541
f 609 583 593
f 606 610 593
f 611 593 610
f 612 593 611
f 609 593 612
f 611 538 540
f 611 539 538
f 612 611 540
f 609 612 540
f 247 523 539
f 247 246 523
f 247 539 242
f 613 242 539
f 614 613 539
f 610 614 539
f 611 610 539
f 615 248 251
f 616 615 251
f 617 616 251
f 618 251 250
f 617 251 618
f 521 248 615
f 619 521 615
f 616 619 615
f 620 521 619
f 620 522 521
f 621 619 616
f 622 620 619
f 623 622 619
f 624 623 619
f 621 624 619
f 621 616 625
f 617 625 616
f 153 626 154
f 627 522 620
f 627 486 522
f 628 620 622
f 629 627 620
f 628 629 620
f 628 622 623
f 624 628 623
f 484 486 627
f 630 631 627
f 483 627 631
f 629 630 627
f 483 484 627
f 632 631 630
f 632 483 631
f 628 630 629
f 633 632 630
f 634 633 630
f 628 634 630
f 633 483 632
f 482 483 481
f 635 481 483
f 636 635 483
f 633 636 483
f 480 481 635
f 480 635 636
f 634 636 633
f 480 636 634
f 628 480 634
f 637 480 628
f 479 478 480
f 638 479 480
f 637 638 480
f 639 628 624
f 637 628 639
f 621 625 624
f 640 624 625
f 640 639 624
f 641 640 625
f 641 625 617
f 477 476 639
f 638 639 476
f 642 477 639
f 640 642 639
f 637 639 638
f 638 476 479
f 643 477 642
f 643 471 477
f 644 642 640
f 644 643 642
f 641 644 640
f 645 252 471
f 646 471 252
f 647 645 471
f 648 468 471
f 646 648 471
f 647 471 643
f 646 252 253
f 255 646 253
f 645 250 252
f 649 250 645
f 618 250 649
f 650 649 645
f 651 645 647
f 650 645 651
f 652 468 648
f 469 468 652
f 653 648 646
f 654 652 648
f 653 654 648
f 255 256 646
f 653 646 256
f 653 256 257
f 617 618 649
f 641 617 649
f 641 649 644
f 650 644 649
f 153 655 626
f 647 643 644
f 651 647 644
f 650 651 644
f 656 257 254
f 653 257 656
f 657 254 258
f 657 656 254
f 658 258 259
f 657 258 658
f 659 653 656
f 660 659 656
f 657 660 656
f 661 652 654
f 662 652 661
f 469 652 662
f 663 654 653
f 663 661 654
f 659 663 653
f 664 661 663
f 664 662 661
f 665 663 659
f 666 664 663
f 665 666 663
f 667 665 659
f 660 667 659
f 668 662 664
f 668 469 662
f 668 664 666
f 668 666 665
f 669 665 667
f 670 668 665
f 669 670 665
f 671 667 660
f 669 667 671
f 465 469 668
f 672 668 670
f 672 465 668
f 673 672 670
f 674 673 670
f 675 674 670
f 676 675 670
f 676 670 677
f 678 677 670
f 678 670 671
f 669 671 670
f 672 466 465
f 467 466 463
f 672 463 466
f 673 463 672
f 460 463 673
f 679 460 673
f 680 679 673
f 674 680 673
f 458 460 679
f 674 679 680
f 681 679 674
f 681 458 679
f 681 674 675
f 682 681 675
f 683 682 675
f 676 683 675
f 681 454 458
f 684 455 454
f 681 684 454
f 684 452 455
f 682 452 684
f 453 452 682
f 682 684 681
f 683 685 682
f 453 682 685
f 686 685 683
f 361 453 685
f 5 361 685
f 686 5 685
f 676 677 683
f 660 683 677
f 686 683 658
f 660 658 683
f 678 660 677
f 686 259 5
f 686 658 259
f 657 658 660
f 678 671 660
f 613 240 242
f 687 240 613
f 239 240 687
f 687 613 614
f 687 614 610
f 606 687 610
f 688 687 606
f 688 238 687
f 239 687 238
f 153 392 689
f 605 688 606
f 690 238 688
f 691 237 238
f 690 691 238
f 392 394 689
f 605 607 688
f 692 688 607
f 692 690 688
f 608 692 607
f 691 235 237
f 692 235 691
f 557 235 692
f 236 235 557
f 692 691 690
f 608 557 692
f 555 557 608
f 693 236 557
f 694 693 557
f 695 694 557
f 696 695 557
f 697 696 557
f 698 697 557
f 556 698 557
f 566 555 608
f 234 699 232
f 233 232 699
f 700 699 234
f 700 233 699
f 701 234 236
f 701 700 234
f 702 236 693
f 702 701 236
f 703 693 694
f 704 693 703
f 702 693 704
f 703 694 695
f 705 695 696
f 705 703 695
f 706 696 697
f 705 696 706
f 707 697 698
f 706 697 707
f 708 698 556
f 708 707 698
f 709 556 560
f 708 556 709
f 710 233 700
f 711 233 710
f 230 233 711
f 710 700 712
f 713 712 700
f 713 700 701
f 714 712 715
f 716 715 712
f 717 714 715
f 717 715 716
f 153 689 655
f 718 626 719
f 713 716 712
f 655 689 719
f 714 710 712
f 714 711 710
f 718 719 720
f 721 230 711
f 714 721 711
f 394 722 689
f 231 230 721
f 717 721 714
f 717 723 721
f 231 721 723
f 724 725 726
f 727 726 725
f 728 724 726
f 729 728 726
f 727 730 726
f 729 726 730
f 731 732 725
f 727 725 732
f 724 731 725
f 731 733 732
f 734 732 733
f 718 720 722
f 735 727 732
f 734 735 732
f 736 733 731
f 737 734 733
f 736 737 733
f 736 731 724
f 717 738 724
f 739 724 738
f 728 717 724
f 740 736 724
f 739 740 724
f 717 741 738
f 742 738 741
f 743 739 738
f 742 743 738
f 717 744 741
f 742 741 744
f 717 716 744
f 745 744 716
f 746 742 744
f 745 746 744
f 713 745 716
f 747 723 717
f 60 140 748
f 749 723 747
f 231 723 749
f 750 717 728
f 751 717 750
f 747 717 751
f 729 752 728
f 753 728 752
f 754 728 753
f 750 728 754
f 709 560 730
f 561 730 560
f 727 709 730
f 689 722 719
f 561 752 730
f 729 730 752
f 559 561 560
f 735 709 727
f 735 708 709
f 755 752 561
f 755 753 752
f 562 755 561
f 154 748 140
f 154 626 748
f 756 753 757
f 755 757 753
f 754 753 756
f 756 757 758
f 759 758 757
f 755 759 757
f 759 756 758
f 760 756 759
f 761 754 756
f 762 761 756
f 763 762 756
f 763 756 764
f 765 764 756
f 760 765 756
f 562 759 755
f 760 759 562
f 750 754 761
f 750 761 762
f 766 750 762
f 767 766 762
f 763 767 762
f 751 750 766
f 768 751 766
f 769 768 766
f 770 766 767
f 770 769 766
f 771 751 768
f 771 747 751
f 772 768 769
f 773 768 772
f 771 768 773
f 774 775 776
f 763 776 775
f 777 774 776
f 778 777 776
f 779 776 763
f 780 776 779
f 778 776 780
f 781 767 775
f 763 775 767
f 774 781 775
f 781 770 767
f 772 769 770
f 782 770 781
f 772 770 782
f 783 781 774
f 782 781 783
f 783 774 777
f 784 777 778
f 783 777 784
f 779 785 786
f 787 786 785
f 780 779 786
f 788 786 787
f 789 786 788
f 780 786 789
f 779 764 785
f 790 785 764
f 791 785 790
f 791 787 785
f 779 763 764
f 792 790 764
f 765 792 764
f 564 790 792
f 563 791 790
f 564 563 790
f 564 792 765
f 562 564 765
f 760 562 765
f 563 787 791
f 147 787 563
f 156 787 147
f 156 788 787
f 159 793 788
f 789 788 793
f 150 159 788
f 156 150 788
f 794 793 159
f 795 789 793
f 794 795 793
f 158 794 159
f 718 796 626
f 778 789 795
f 778 780 789
f 784 778 795
f 797 784 795
f 798 797 795
f 799 798 795
f 800 799 795
f 801 800 795
f 802 801 795
f 803 802 795
f 804 803 795
f 794 804 795
f 805 784 797
f 806 784 805
f 783 784 806
f 805 797 807
f 808 807 797
f 808 797 809
f 798 809 797
f 810 811 812
f 813 812 811
f 807 810 812
f 805 807 812
f 806 805 812
f 783 806 812
f 782 783 812
f 814 812 813
f 815 812 814
f 782 812 815
f 813 811 810
f 808 810 807
f 808 813 810
f 626 796 748
f 362 10 816
f 217 808 809
f 213 217 809
f 214 213 809
f 214 809 817
f 818 817 809
f 798 818 809
f 219 813 808
f 814 813 219
f 9 11 819
f 216 219 808
f 217 216 808
f 362 816 820
f 821 814 219
f 218 821 219
f 13 819 11
f 815 814 821
f 822 821 218
f 823 815 821
f 822 823 821
f 220 822 218
f 782 815 823
f 772 782 823
f 824 772 823
f 822 824 823
f 773 772 824
f 825 773 824
f 826 825 824
f 826 824 822
f 825 827 773
f 771 773 827
f 828 827 825
f 747 771 827
f 749 747 827
f 749 827 828
f 826 828 825
f 719 722 720
f 228 749 828
f 221 228 828
f 220 221 828
f 220 828 826
f 225 231 749
f 228 225 749
f 220 826 822
f 829 214 817
f 818 829 817
f 13 17 819
f 215 214 829
f 818 830 829
f 215 829 830
f 831 830 818
f 832 215 830
f 831 832 830
f 831 818 798
f 833 798 799
f 834 831 798
f 833 834 798
f 835 799 800
f 836 799 835
f 833 799 836
f 835 800 801
f 837 801 802
f 838 835 801
f 837 838 801
f 839 802 803
f 840 802 839
f 837 802 840
f 162 803 804
f 162 839 803
f 158 804 794
f 158 162 804
f 17 60 819
f 211 215 832
f 60 841 819
f 842 211 832
f 843 842 832
f 843 832 831
f 748 796 819
f 212 211 842
f 844 212 842
f 843 844 842
f 845 212 844
f 845 209 212
f 846 845 844
f 847 846 844
f 848 844 843
f 847 844 848
f 796 849 819
f 849 850 819
f 9 819 816
f 851 845 846
f 852 209 845
f 851 852 845
f 850 853 854
f 855 851 846
f 847 855 846
f 852 856 209
f 210 209 856
f 857 856 852
f 858 210 856
f 857 858 856
f 857 852 851
f 857 851 855
f 859 210 858
f 859 205 210
f 860 859 858
f 860 858 857
f 861 203 206
f 201 203 861
f 859 206 205
f 859 861 206
f 862 861 859
f 863 201 861
f 864 863 861
f 864 861 862
f 860 862 859
f 863 865 201
f 202 201 865
f 866 865 863
f 820 816 854
f 867 202 865
f 868 867 865
f 868 865 866
f 864 866 863
f 850 854 819
f 869 199 202
f 867 870 202
f 869 202 870
f 871 870 867
f 872 869 870
f 872 870 871
f 868 871 867
f 873 197 200
f 874 197 873
f 874 196 197
f 869 200 199
f 869 873 200
f 875 873 869
f 876 874 873
f 877 873 875
f 877 876 873
f 872 875 869
f 878 192 195
f 879 192 878
f 879 189 192
f 880 195 194
f 880 878 195
f 874 194 196
f 874 880 194
f 881 878 880
f 882 879 878
f 882 878 881
f 883 880 874
f 884 881 880
f 883 884 880
f 885 883 874
f 876 885 874
f 886 182 186
f 887 182 886
f 887 179 182
f 888 186 185
f 888 886 186
f 879 185 189
f 879 888 185
f 889 886 888
f 890 887 886
f 890 886 889
f 891 888 879
f 891 889 888
f 882 891 879
f 138 892 222
f 893 173 177
f 894 173 893
f 894 172 173
f 895 177 175
f 895 893 177
f 887 175 179
f 887 895 175
f 896 893 895
f 897 894 893
f 897 893 896
f 898 895 887
f 898 896 895
f 890 898 887
f 154 140 176
f 899 168 170
f 169 168 899
f 816 819 854
f 894 170 172
f 900 899 170
f 894 900 170
f 901 899 900
f 902 169 899
f 903 902 899
f 903 899 901
f 904 900 894
f 904 901 900
f 905 904 894
f 897 905 894
f 363 906 10
f 907 166 169
f 902 908 169
f 907 169 908
f 909 908 902
f 910 907 908
f 910 908 909
f 362 911 363
f 903 909 902
f 912 163 167
f 164 163 912
f 363 911 906
f 907 167 166
f 907 912 167
f 913 912 907
f 914 164 912
f 915 914 912
f 916 912 913
f 916 915 912
f 917 913 907
f 918 917 907
f 910 918 907
f 10 919 14
f 920 164 914
f 920 165 164
f 915 920 914
f 921 922 160
f 161 160 922
f 165 921 160
f 923 922 921
f 924 161 922
f 923 924 922
f 10 906 919
f 14 919 925
f 926 923 921
f 14 927 58
f 928 921 165
f 920 928 165
f 926 921 928
f 915 928 920
f 926 928 915
f 839 161 924
f 162 161 839
f 840 839 924
f 929 840 924
f 923 929 924
f 58 927 930
f 60 748 841
f 135 931 137
f 932 840 929
f 932 837 840
f 933 932 929
f 933 929 923
f 58 934 135
f 58 930 934
f 135 934 931
f 932 838 837
f 935 835 838
f 932 935 838
f 836 835 935
f 936 935 932
f 937 836 935
f 936 937 935
f 933 936 932
f 138 938 892
f 939 836 937
f 939 833 836
f 940 939 937
f 941 937 936
f 940 937 941
f 841 748 819
f 939 834 833
f 843 831 834
f 939 843 834
f 848 843 939
f 940 848 939
f 940 847 848
f 942 855 847
f 943 857 855
f 942 943 855
f 942 847 940
f 916 913 857
f 944 857 913
f 945 916 857
f 946 945 857
f 943 946 857
f 947 860 857
f 948 857 944
f 949 857 948
f 949 947 857
f 950 913 917
f 951 913 950
f 944 913 951
f 926 915 916
f 952 916 945
f 953 926 916
f 953 916 952
f 954 945 946
f 955 945 954
f 952 945 955
f 954 946 943
f 956 943 942
f 954 943 956
f 947 862 860
f 957 864 862
f 957 862 947
f 957 866 864
f 958 868 866
f 958 866 957
f 958 871 868
f 959 872 871
f 959 871 958
f 960 875 872
f 961 877 875
f 961 875 960
f 960 872 959
f 962 881 884
f 963 882 881
f 964 881 962
f 963 881 964
f 962 884 883
f 965 883 885
f 965 962 883
f 965 885 876
f 961 876 877
f 965 876 961
f 966 889 891
f 967 890 889
f 967 889 966
f 968 891 882
f 969 966 891
f 968 969 891
f 963 968 882
f 970 896 898
f 970 897 896
f 971 898 890
f 970 898 971
f 971 890 967
f 972 901 904
f 973 903 901
f 972 973 901
f 972 904 905
f 970 905 897
f 972 905 970
f 974 909 903
f 974 910 909
f 973 974 903
f 950 917 918
f 950 918 910
f 362 820 911
f 974 950 910
f 974 951 950
f 975 944 951
f 974 975 951
f 948 944 975
f 976 975 974
f 977 948 975
f 978 977 975
f 978 975 979
f 980 979 975
f 980 975 981
f 976 981 975
f 976 974 973
f 957 948 977
f 957 949 948
f 958 957 977
f 978 958 977
f 957 947 949
f 978 979 958
f 959 958 979
f 980 959 979
f 980 981 959
f 982 959 981
f 982 960 959
f 983 982 981
f 984 983 981
f 976 984 981
f 961 960 982
f 985 982 983
f 985 961 982
f 986 985 983
f 987 986 983
f 987 983 984
f 986 961 985
f 965 961 986
f 964 965 986
f 988 964 986
f 987 988 986
f 964 962 965
f 988 963 964
f 989 966 969
f 971 966 989
f 971 967 966
f 990 969 968
f 990 989 969
f 988 968 963
f 988 990 968
f 987 989 990
f 991 971 989
f 992 991 989
f 992 989 987
f 987 990 988
f 993 970 971
f 991 993 971
f 972 970 993
f 992 993 991
f 972 993 992
f 987 984 973
f 976 973 984
f 992 987 973
f 972 992 973
f 953 923 926
f 953 933 923
f 14 925 927
f 955 936 933
f 955 941 936
f 952 955 933
f 953 952 933
f 956 940 941
f 954 956 941
f 955 954 941
f 956 942 940
f 137 994 138
f 138 994 938
f 137 931 995
f 137 995 994
f 737 707 708
f 706 707 737
f 734 708 735
f 737 708 734
f 155 176 996
f 171 155 997
f 736 706 737
f 155 996 997
f 740 706 736
f 740 705 706
f 176 222 996
f 743 703 705
f 704 703 743
f 739 705 740
f 743 705 739
f 892 938 998
f 892 998 222
f 742 704 743
f 222 998 996
f 746 704 742
f 746 702 704
f 394 999 722
f 713 701 702
f 745 702 746
f 713 702 745
f 626 655 719
f 547 1000 134
f 125 134 1000
f 394 393 1001
f 548 1000 547
f 125 1000 1002
f 1003 1002 1000
f 1004 1003 1000
f 548 1004 1000
f 1005 125 1002
f 1006 1005 1002
f 1003 1006 1002
f 394 1001 999
f 1007 125 1005
f 121 125 1007
f 1008 1005 1006
f 1008 1007 1005
f 1009 1006 1003
f 1010 1008 1006
f 1011 1006 1009
f 1010 1006 1011
f 1009 1003 1004
f 1012 1004 548
f 1009 1004 1012
f 1012 548 546
f 1013 546 549
f 1013 1012 546
f 1013 549 550
f 1013 550 536
f 1008 1014 1007
f 121 1007 1014
f 1015 1016 1014
f 118 1014 1016
f 1008 1015 1014
f 121 1014 118
f 1017 1018 1016
f 113 1016 1018
f 1019 1017 1016
f 1015 1019 1016
f 118 1016 113
f 1020 1018 1017
f 110 113 1018
f 1021 110 1018
f 1020 1021 1018
f 1022 1017 1019
f 1023 1017 1022
f 1020 1017 1023
f 1024 1019 1015
f 1024 1022 1019
f 1025 1015 1008
f 1024 1015 1025
f 1025 1008 1010
f 171 1026 392
f 392 1026 393
f 1021 105 110
f 1027 72 77
f 1028 72 1027
f 1028 70 72
f 1029 77 75
f 1030 1027 77
f 1031 1030 77
f 1029 1031 77
f 1032 75 80
f 1032 1029 75
f 1033 80 84
f 1033 1032 80
f 1034 84 88
f 1034 1033 84
f 1035 88 92
f 1035 1034 88
f 1036 92 96
f 1036 1035 92
f 1037 96 103
f 1037 1036 96
f 1038 103 105
f 1039 1037 103
f 1038 1039 103
f 1021 1038 105
f 1040 1027 1030
f 1041 1028 1027
f 1041 1027 1040
f 1042 1030 1031
f 1042 1040 1030
f 1043 1031 1029
f 1042 1031 1043
f 1044 1029 1032
f 1045 1029 1044
f 1043 1029 1045
f 1046 1032 1033
f 1044 1032 1046
f 1047 1033 1034
f 1048 1033 1047
f 1046 1033 1048
f 1049 1034 1035
f 1047 1034 1049
f 1050 1035 1036
f 1051 1035 1050
f 1049 1035 1051
f 1052 1036 1037
f 1053 1036 1052
f 1050 1036 1053
f 1054 1037 1039
f 1052 1037 1054
f 1054 1039 1038
f 1055 1038 1021
f 1054 1038 1055
f 1055 1021 1020
f 1056 57 67
f 48 57 1056
f 1057 67 66
f 1057 1056 67
f 1028 66 70
f 1028 1057 66
f 1058 1056 1057
f 1059 48 1056
f 1060 1059 1056
f 1060 1056 1058
f 1061 1057 1028
f 1061 1058 1057
f 1061 1028 1041
f 1059 1062 48
f 42 48 1062
f 1063 1062 1059
f 1064 42 1062
f 1065 1064 1062
f 1065 1062 1063
f 1060 1063 1059
f 1064 1066 42
f 38 42 1066
f 1067 1066 1064
f 1068 38 1066
f 1069 1068 1066
f 1069 1066 1067
f 1065 1067 1064
f 1068 1070 38
f 39 38 1070
f 1071 1070 1068
f 1072 39 1070
f 1071 1072 1070
f 1069 1071 1068
f 1073 39 1072
f 1073 30 39
f 1074 1073 1072
f 1074 1072 1075
f 1071 1075 1072
f 1076 8 35
f 15 8 1076
f 1073 35 30
f 1077 1076 35
f 1073 1077 35
f 1078 1076 1077
f 171 997 1026
f 1079 15 1076
f 1080 1079 1076
f 1080 1076 1078
f 1074 1077 1073
f 1081 1078 1077
f 1081 1077 1074
f 393 1026 1001
f 1079 1082 15
f 16 15 1082
f 1083 1082 1079
f 379 16 1082
f 1084 379 1082
f 1085 1084 1082
f 1085 1082 1083
f 1080 1083 1079
f 1084 403 379
f 1086 403 1084
f 1087 401 403
f 1087 403 1086
f 1085 1086 1084
f 1087 402 401
f 1088 1087 1086
f 1089 1088 1086
f 1085 1089 1086
f 1088 402 1087
f 1088 1090 402
f 1091 402 1090
f 400 402 1091
f 796 1092 1093
f 718 1092 796
f 1094 1095 1090
f 1096 1090 1095
f 1097 1094 1090
f 1088 1097 1090
f 1096 1091 1090
f 1098 1095 1094
f 1099 1096 1095
f 1098 1099 1095
f 1100 1094 1097
f 1100 1098 1094
f 1101 1097 1088
f 1102 1097 1101
f 1102 1100 1097
f 1103 1104 1088
f 1101 1088 1104
f 1105 1103 1088
f 1105 1088 1089
f 396 1106 398
f 397 398 1106
f 396 1091 1106
f 1107 1106 1091
f 1108 1106 1107
f 1108 397 1106
f 396 400 1091
f 1109 1107 1091
f 1096 1109 1091
f 1110 1107 1109
f 1111 1108 1107
f 1110 1111 1107
f 1110 1109 1096
f 1099 1110 1096
f 411 397 1108
f 1112 1108 1111
f 411 1108 1113
f 1112 1113 1108
f 1110 1114 1111
f 1112 1111 1114
f 1110 1115 1114
f 1116 1114 1115
f 1117 1114 1118
f 1119 1118 1114
f 1112 1114 1117
f 1116 1119 1114
f 1099 1115 1110
f 1120 1115 1099
f 1116 1115 1120
f 1113 410 412
f 411 1113 412
f 1121 410 1113
f 444 409 410
f 1122 1123 410
f 444 410 1123
f 1121 1122 410
f 1112 1121 1113
f 1124 1123 1122
f 445 444 1123
f 1125 1123 1124
f 1126 1127 1123
f 445 1123 1127
f 1128 1126 1123
f 1125 1128 1123
f 1121 1124 1122
f 1112 1124 1121
f 1129 1125 1124
f 1130 1129 1124
f 1130 1124 1112
f 1131 1127 1126
f 1132 445 1127
f 1131 1132 1127
f 1133 1126 1128
f 1134 1126 1133
f 1131 1126 1134
f 1135 1128 1125
f 1133 1128 1136
f 1137 1136 1128
f 1138 1128 1135
f 1137 1128 1138
f 1129 1139 1125
f 1140 1125 1139
f 1141 1125 1140
f 1142 1125 1141
f 1143 1125 1142
f 1144 1135 1125
f 1143 1144 1125
f 1145 1139 1129
f 1146 1139 1145
f 1147 1139 1146
f 1140 1139 1147
f 1148 1129 1130
f 1149 1129 1148
f 1149 1145 1129
f 1132 1150 445
f 441 445 1150
f 437 1151 517
f 1152 517 1151
f 1152 518 517
f 435 1153 1151
f 1154 1151 1153
f 437 435 1151
f 1154 1152 1151
f 440 1155 1153
f 1136 1153 1155
f 435 440 1153
f 1136 1154 1153
f 440 1156 1155
f 1134 1155 1156
f 1133 1136 1155
f 1134 1133 1155
f 441 1150 1156
f 1134 1156 1150
f 440 441 1156
f 1157 1150 1132
f 1157 1134 1150
f 1131 1157 1132
f 1158 518 1152
f 1159 513 518
f 1160 1159 518
f 1161 1160 518
f 1162 1161 518
f 1163 1162 518
f 1164 1163 518
f 1158 1164 518
f 1165 1152 1154
f 1166 1158 1152
f 1165 1166 1152
f 1137 1154 1136
f 1165 1154 1137
f 1131 1134 1157
f 1013 536 532
f 1167 1168 532
f 1169 532 1168
f 516 1167 532
f 1169 1013 532
f 1170 1171 1168
f 1169 1168 1171
f 1167 1170 1168
f 1172 1171 1170
f 1169 1171 1172
f 1173 1174 1170
f 1175 1170 1174
f 1167 1173 1170
f 1172 1170 1175
f 1176 1177 1174
f 1175 1174 1177
f 1173 1176 1174
f 1178 1177 1176
f 1175 1177 1179
f 1178 1179 1177
f 1180 1176 1173
f 1181 1178 1176
f 1182 1176 1180
f 1182 1181 1176
f 1183 1173 1167
f 1184 1185 1173
f 1180 1173 1185
f 1186 1184 1173
f 1183 1186 1173
f 1159 1167 516
f 1159 1183 1167
f 1159 516 513
f 1187 1188 1012
f 1009 1012 1188
f 1013 1187 1012
f 1189 1190 1188
f 1009 1188 1190
f 718 722 1191
f 718 1191 1192
f 1187 1189 1188
f 1193 1190 1189
f 1194 1009 1190
f 1195 1194 1190
f 1196 1195 1190
f 1193 1196 1190
f 718 1192 1092
f 1197 1189 1198
f 1199 1189 1197
f 1200 1193 1189
f 1199 1200 1189
f 722 999 1191
f 1198 1189 1187
f 1198 1187 1013
f 1169 1201 1013
f 1198 1013 1201
f 1011 1009 1194
f 1011 1194 1202
f 1203 1202 1194
f 9 816 10
f 1195 1204 1194
f 1205 1194 1204
f 1206 1203 1194
f 1205 1206 1194
f 1207 1011 1202
f 1208 1207 1202
f 1208 1202 1203
f 796 1209 849
f 1010 1011 1207
f 1210 1211 1212
f 1213 1212 1211
f 1214 1210 1212
f 1215 1214 1212
f 1213 1215 1212
f 1210 1216 1211
f 1217 1211 1216
f 1213 1211 1217
f 1218 1219 1216
f 1220 1216 1219
f 1210 1218 1216
f 1217 1216 1220
f 1221 1222 1219
f 1223 1219 1222
f 1218 1221 1219
f 1220 1219 1223
f 1221 1224 1222
f 1225 1222 1224
f 1226 1222 1225
f 1226 1223 1222
f 1221 1227 1224
f 1228 1224 1227
f 1229 1224 1228
f 1229 1225 1224
f 1221 1230 1227
f 1231 1227 1230
f 1232 1227 1231
f 1232 1228 1227
f 1221 1233 1230
f 1234 1230 1233
f 1235 1230 1234
f 1236 1230 1235
f 1231 1230 1236
f 1237 1238 1233
f 1239 1233 1238
f 1221 1237 1233
f 1239 1234 1233
f 1237 1240 1238
f 1241 1238 1240
f 1242 1238 1241
f 1239 1238 1242
f 1243 1240 1237
f 1243 1244 1240
f 1241 1240 1244
f 1221 1245 1237
f 1246 1237 1245
f 1243 1237 1246
f 1221 1247 1245
f 1248 1245 1247
f 1246 1245 1248
f 1249 1250 1247
f 1251 1247 1250
f 1221 1249 1247
f 1251 1248 1247
f 1249 1252 1250
f 1253 1250 1252
f 1251 1250 1253
f 1254 1255 1252
f 1256 1252 1255
f 1249 1254 1252
f 1256 1253 1252
f 1257 1258 1255
f 1259 1255 1258
f 1254 1257 1255
f 1256 1255 1259
f 1257 1260 1258
f 1261 1258 1260
f 1262 1258 1193
f 1261 1193 1258
f 1259 1258 1262
f 1263 1260 1257
f 1264 1260 1263
f 1261 1260 1264
f 1263 1257 1254
f 1249 1265 1254
f 1266 1254 1265
f 1267 1254 1266
f 1263 1254 1267
f 1249 1268 1265
f 1269 1265 1268
f 1270 1265 1269
f 1266 1265 1270
f 1249 1271 1268
f 1269 1268 1271
f 1272 1273 1271
f 1274 1271 1273
f 1249 1272 1271
f 1269 1271 1274
f 1275 1276 1273
f 1277 1273 1276
f 1272 1275 1273
f 849 1209 1278
f 1274 1273 1277
f 1275 1279 1276
f 1277 1276 1279
f 1280 1281 1279
f 1277 1279 1281
f 1275 1280 1279
f 1280 1282 1281
f 1283 1281 1282
f 1284 1281 1283
f 1277 1281 1284
f 796 1093 1209
f 1285 1286 1282
f 1287 1282 1286
f 1288 1282 1280
f 1288 1285 1282
f 1289 1282 1287
f 1283 1282 1289
f 1290 1291 1286
f 1287 1286 1291
f 1285 1290 1286
f 1292 1204 1291
f 1293 1291 1204
f 1290 1292 1291
f 1294 1291 1293
f 1287 1291 1294
f 1295 1204 1195
f 1292 1205 1204
f 820 1296 911
f 1297 1204 1295
f 1293 1204 1297
f 1295 1195 1196
f 1193 1295 1196
f 1298 1299 1207
f 1010 1207 1299
f 1208 1298 1207
f 1300 1301 1299
f 1024 1299 1301
f 1298 1300 1299
f 1025 1010 1299
f 1024 1025 1299
f 1302 1303 1301
f 1024 1301 1303
f 1304 1302 1301
f 1305 1304 1301
f 1306 1305 1301
f 1307 1306 1301
f 1308 1307 1301
f 1309 1308 1301
f 1300 1310 1301
f 1311 1301 1310
f 1311 1309 1301
f 1312 1313 1303
f 1022 1303 1313
f 1314 1303 1315
f 1316 1315 1303
f 1302 1317 1303
f 1316 1303 1317
f 1318 1312 1303
f 1319 1318 1303
f 1320 1319 1303
f 1321 1320 1303
f 1322 1321 1303
f 1314 1322 1303
f 1024 1303 1022
f 1312 1323 1313
f 1324 1313 1323
f 854 1325 1296
f 1023 1022 1313
f 1324 1023 1313
f 1326 1315 1323
f 1327 1323 1315
f 1328 1326 1323
f 1329 1328 1323
f 1312 1329 1323
f 1327 1324 1323
f 1330 1331 1315
f 1332 1315 1331
f 1333 1315 1326
f 1334 1314 1315
f 1333 1334 1315
f 1335 1330 1315
f 1336 1335 1315
f 1337 1336 1315
f 1338 1337 1315
f 1338 1315 1316
f 1332 1327 1315
f 1339 1340 1331
f 1341 1331 1340
f 1342 1343 1331
f 1344 1331 1343
f 1330 1342 1331
f 1339 1331 1344
f 1341 1332 1331
f 1345 1346 1340
f 1347 1340 1346
f 1348 1349 1340
f 1345 1340 1349
f 1350 1348 1340
f 1351 1350 1340
f 1352 1351 1340
f 1353 1352 1340
f 1339 1353 1340
f 1347 1341 1340
f 1354 1355 1346
f 1356 1346 1355
f 1357 1354 1346
f 1358 1357 1346
f 1359 1358 1346
f 1360 1359 1346
f 1361 1360 1346
f 1362 1361 1346
f 1345 1362 1346
f 1356 1347 1346
f 1363 1364 1355
f 1356 1355 1364
f 1354 1365 1355
f 1366 1355 1365
f 1366 1363 1355
f 1363 1367 1364
f 1356 1364 1367
f 1368 1369 1367
f 1370 1367 1369
f 1371 1368 1367
f 1372 1371 1367
f 1373 1372 1367
f 1374 1373 1367
f 1363 1374 1367
f 1370 1356 1367
f 1375 1376 1369
f 1370 1369 1376
f 1377 1378 1369
f 1379 1369 1378
f 1368 1377 1369
f 1379 1375 1369
f 1380 1381 1376
f 1382 1376 1381
f 1383 1380 1376
f 1375 1383 1376
f 1382 1370 1376
f 1382 1381 1380
f 1384 1380 1383
f 1382 1380 1384
f 1385 1386 1383
f 1387 1383 1386
f 1375 1385 1383
f 1388 1384 1383
f 1387 1388 1383
f 1389 1390 1386
f 1391 1386 1390
f 1385 1389 1386
f 1391 1387 1386
f 1392 1393 1390
f 1394 1390 1393
f 1389 1392 1390
f 1395 1390 1394
f 1391 1390 1395
f 1396 1397 1393
f 1394 1393 1397
f 1392 1396 1393
f 1398 1399 1397
f 1400 1397 1399
f 1396 1398 1397
f 1394 1397 1400
f 1288 1280 1399
f 1400 1399 1280
f 1401 1288 1399
f 1398 1401 1399
f 1402 1280 1275
f 1400 1280 1402
f 1402 1275 1272
f 1402 1272 1249
f 1403 1249 1221
f 1402 1249 1403
f 1404 1221 1218
f 1405 1403 1221
f 1404 1405 1221
f 1406 1218 1210
f 1407 1218 1406
f 1404 1218 1407
f 1406 1210 1214
f 1104 1214 1408
f 1215 1408 1214
f 1103 1214 1104
f 1105 1214 1103
f 1105 1406 1214
f 1316 1409 1410
f 1411 1410 1409
f 1316 1410 1412
f 1413 1412 1410
f 1413 1410 1411
f 1316 1317 1409
f 1414 1409 1317
f 1414 1411 1409
f 1415 1317 1302
f 1415 1414 1317
f 1416 1302 1304
f 1416 1415 1302
f 1417 1304 1305
f 1417 1416 1304
f 1418 1305 1306
f 1418 1417 1305
f 1419 1306 1307
f 1419 1418 1306
f 1420 1307 1308
f 1420 1419 1307
f 1309 1421 1308
f 1422 1308 1421
f 1422 1420 1308
f 1309 1423 1421
f 1424 1421 1423
f 1424 1422 1421
f 1309 1412 1423
f 1425 1423 1412
f 1425 1424 1423
f 1309 1316 1412
f 1413 1425 1412
f 1426 1326 1328
f 1427 1333 1326
f 1427 1326 1426
f 1428 1328 1329
f 1426 1328 1428
f 1429 1329 1312
f 1428 1329 1429
f 1430 1312 1318
f 1429 1312 1430
f 1431 1318 1319
f 1430 1318 1431
f 1432 1319 1320
f 1431 1319 1432
f 1433 1320 1321
f 1432 1320 1433
f 1434 1321 1322
f 1434 1433 1321
f 1435 1322 1314
f 1434 1322 1435
f 1436 1314 1334
f 1435 1314 1436
f 1437 1334 1333
f 1436 1334 1437
f 1437 1333 1427
f 1438 1343 1342
f 1439 1344 1343
f 1439 1343 1438
f 1440 1342 1330
f 1438 1342 1440
f 1441 1330 1335
f 1440 1330 1441
f 1442 1335 1336
f 1441 1335 1442
f 1443 1336 1337
f 1442 1336 1443
f 1444 1445 1337
f 1446 1337 1445
f 1338 1444 1337
f 1443 1337 1446
f 1444 1447 1445
f 1448 1445 1447
f 1446 1445 1448
f 1444 1449 1447
f 1450 1447 1449
f 1450 1448 1447
f 1339 1451 1449
f 1452 1449 1451
f 1444 1339 1449
f 1450 1449 1452
f 1339 1453 1451
f 1454 1451 1453
f 1452 1451 1454
f 1339 1344 1453
f 1455 1453 1344
f 1454 1453 1455
f 1455 1344 1439
f 1345 1349 1456
f 1457 1456 1349
f 1345 1456 1458
f 1459 1458 1456
f 1459 1456 1457
f 1460 1349 1348
f 1457 1349 1460
f 1461 1348 1350
f 1460 1348 1461
f 1462 1350 1351
f 1461 1350 1462
f 1463 1351 1352
f 1462 1351 1463
f 1464 1352 1353
f 1463 1352 1464
f 1339 1465 1353
f 1466 1353 1465
f 1464 1353 1466
f 1467 1468 1465
f 1469 1465 1468
f 1339 1467 1465
f 1469 1466 1465
f 1467 1470 1468
f 1471 1468 1470
f 1469 1468 1471
f 1467 1472 1470
f 1473 1470 1472
f 1471 1470 1473
f 1345 1458 1472
f 1474 1472 1458
f 1467 1345 1472
f 1473 1472 1474
f 1474 1458 1459
f 1366 1475 1476
f 1477 1476 1475
f 1366 1476 1478
f 1479 1478 1476
f 1479 1476 1477
f 1366 1365 1475
f 1480 1475 1365
f 1477 1475 1480
f 1481 1365 1354
f 1480 1365 1481
f 1482 1354 1357
f 1481 1354 1482
f 1483 1357 1358
f 1482 1357 1483
f 1484 1358 1359
f 1483 1358 1484
f 1485 1359 1360
f 1484 1359 1485
f 1486 1360 1361
f 1486 1485 1360
f 1362 1487 1361
f 1488 1361 1487
f 1486 1361 1488
f 1362 1489 1487
f 1490 1487 1489
f 1488 1487 1490
f 1362 1478 1489
f 1491 1489 1478
f 1490 1489 1491
f 1362 1366 1478
f 1491 1478 1479
f 1492 1493 1494
f 1495 1494 1493
f 1492 1494 1496
f 1497 1496 1494
f 1497 1494 1495
f 1379 1498 1493
f 1499 1493 1498
f 1492 1379 1493
f 1495 1493 1499
f 1379 1378 1498
f 1500 1498 1378
f 1499 1498 1500
f 1501 1378 1377
f 1500 1378 1501
f 1502 1377 1368
f 1501 1377 1502
f 1503 1368 1371
f 1502 1368 1503
f 1504 1371 1372
f 1503 1371 1504
f 1505 1372 1373
f 1505 1504 1372
f 1506 1373 1374
f 1505 1373 1506
f 1363 1507 1374
f 1508 1374 1507
f 1506 1374 1508
f 1363 1496 1507
f 1509 1507 1496
f 1508 1507 1509
f 1363 1492 1496
f 1509 1496 1497
f 1510 1511 1512
f 1513 1512 1511
f 1510 1512 1514
f 1515 1514 1512
f 1515 1512 1513
f 1510 1516 1511
f 1517 1511 1516
f 1513 1511 1517
f 1363 1518 1516
f 1519 1516 1518
f 1510 1363 1516
f 1517 1516 1519
f 1363 1520 1518
f 1521 1518 1520
f 1519 1518 1521
f 1363 1522 1520
f 1523 1520 1522
f 1521 1520 1523
f 1524 1525 1522
f 1526 1522 1525
f 1527 1522 1363
f 1527 1524 1522
f 1523 1522 1526
f 1524 1528 1525
f 1529 1525 1528
f 1526 1525 1529
f 1524 1530 1528
f 1531 1528 1530
f 1531 1529 1528
f 1532 1533 1530
f 1534 1530 1533
f 1524 1532 1530
f 1531 1530 1534
f 1532 1535 1533
f 1536 1533 1535
f 1534 1533 1536
f 1532 1514 1535
f 1537 1535 1514
f 1536 1535 1537
f 1532 1510 1514
f 1537 1514 1515
f 1538 1539 1540
f 1541 1540 1539
f 1311 1540 1542
f 1543 1542 1540
f 1311 1538 1540
f 1543 1540 1541
f 1538 1544 1539
f 1545 1539 1544
f 1541 1539 1545
f 1546 1547 1544
f 1548 1544 1547
f 1538 1546 1544
f 1545 1544 1548
f 1546 1549 1547
f 1550 1547 1549
f 1548 1547 1550
f 1546 1551 1549
f 1552 1549 1551
f 1550 1549 1552
f 1546 1553 1551
f 1554 1551 1553
f 1552 1551 1554
f 1546 1555 1553
f 1556 1553 1555
f 1554 1553 1556
f 1557 1558 1555
f 1559 1555 1558
f 1557 1555 1546
f 1559 1556 1555
f 1557 1560 1558
f 1561 1558 1560
f 1559 1558 1561
f 1557 1562 1560
f 1563 1560 1562
f 1561 1560 1563
f 1311 1542 1562
f 1564 1562 1542
f 1557 1311 1562
f 1563 1562 1564
f 1564 1542 1543
f 1205 1203 1206
f 1565 1203 1205
f 1566 1208 1203
f 1566 1203 1565
f 1567 1205 1292
f 1567 1565 1205
f 1568 1292 1290
f 853 1569 1325
f 1570 1567 1292
f 1568 1570 1292
f 1571 1290 1285
f 1572 1290 1571
f 1568 1290 1572
f 1571 1285 1288
f 1573 1288 1401
f 1574 1571 1288
f 1573 1574 1288
f 1575 1401 1398
f 1576 1401 1575
f 1573 1401 1576
f 1575 1398 1396
f 1577 1396 1392
f 849 1578 850
f 1575 1396 1577
f 1577 1392 1389
f 1577 1389 1385
f 1579 1385 1375
f 853 1580 1569
f 1581 1577 1385
f 1579 1581 1385
f 1582 1375 1379
f 1579 1375 1582
f 1583 1379 1492
f 1584 1582 1379
f 1583 1584 1379
f 1585 1492 1363
f 1585 1583 1492
f 1586 1363 1510
f 1366 1527 1363
f 1585 1363 1586
f 1532 1546 1510
f 1587 1510 1546
f 1588 1586 1510
f 1587 1588 1510
f 1589 1546 1538
f 1532 1557 1546
f 1589 1587 1546
f 1311 1590 1538
f 1591 1538 1590
f 1589 1538 1591
f 1311 1310 1590
f 1592 1590 1310
f 1593 1591 1590
f 1592 1593 1590
f 1594 1310 1300
f 1594 1592 1310
f 1595 1300 1298
f 1594 1300 1595
f 1566 1298 1208
f 1596 1595 1298
f 1566 1596 1298
f 1597 1316 1309
f 1598 1338 1316
f 1598 1316 1597
f 1599 1309 1311
f 1600 1309 1599
f 1597 1309 1600
f 1601 1311 1557
f 1599 1311 1601
f 1602 1557 1532
f 1601 1557 1602
f 1603 1532 1524
f 1602 1532 1603
f 1604 1524 1527
f 1603 1524 1604
f 1604 1527 1366
f 1605 1366 1362
f 1604 1366 1605
f 1606 1362 1345
f 1607 1605 1362
f 1607 1362 1606
f 1608 1345 1467
f 1606 1345 1608
f 1609 1467 1339
f 1608 1467 1609
f 1610 1339 1444
f 1609 1339 1610
f 1598 1444 1338
f 1610 1444 1598
f 1611 1104 1408
f 1215 1611 1408
f 1612 1104 1611
f 1612 1101 1104
f 1213 1611 1215
f 1613 1612 1611
f 1213 1613 1611
f 1089 1083 1406
f 1407 1406 1083
f 1105 1089 1406
f 1085 1083 1089
f 850 1578 853
f 1080 1407 1083
f 849 1278 1578
f 1080 1078 1407
f 1081 1407 1078
f 1081 1404 1407
f 853 1578 1580
f 1325 1569 1614
f 1074 1405 1404
f 1075 1403 1405
f 1074 1075 1405
f 1081 1074 1404
f 1402 1403 1075
f 1071 1402 1075
f 1400 1402 1071
f 1069 1400 1071
f 1069 1067 1400
f 1394 1400 1067
f 1065 1394 1067
f 1065 1063 1394
f 1395 1394 1063
f 1569 1580 1614
f 1060 1395 1063
f 1580 1578 1614
f 1061 1391 1395
f 1060 1058 1395
f 1061 1395 1058
f 1040 1384 1388
f 1042 1384 1040
f 1043 1382 1384
f 1042 1043 1384
f 1041 1388 1387
f 1041 1040 1388
f 1061 1387 1391
f 1061 1041 1387
f 853 1325 854
f 1055 1023 1324
f 1055 1020 1023
f 1054 1324 1327
f 1054 1055 1324
f 1052 1327 1332
f 1052 1054 1327
f 1050 1332 1341
f 1053 1052 1332
f 1050 1053 1332
f 1049 1341 1347
f 1051 1050 1341
f 1049 1051 1341
f 1048 1347 1356
f 1047 1049 1347
f 1048 1047 1347
f 1046 1356 1370
f 1046 1048 1356
f 1045 1370 1382
f 1044 1046 1370
f 1045 1044 1370
f 1043 1045 1382
f 1612 1102 1101
f 1120 1099 1098
f 1615 1098 1100
f 1615 1120 1098
f 1616 1100 1102
f 1617 1615 1100
f 1617 1100 1616
f 1618 1102 1612
f 1616 1102 1618
f 1618 1612 1613
f 1619 1120 1615
f 1619 1116 1120
f 1619 1615 1617
f 1620 1117 1118
f 1119 1620 1118
f 1621 1117 1622
f 1620 1622 1117
f 1130 1117 1621
f 1130 1112 1117
f 1623 1621 1622
f 1620 1623 1622
f 1624 1625 1621
f 1148 1621 1625
f 1626 1624 1621
f 1627 1626 1621
f 1623 1627 1621
f 1148 1130 1621
f 1624 1628 1625
f 1148 1625 1628
f 1629 1628 1624
f 1149 1148 1628
f 1149 1628 1629
f 1630 1631 1624
f 1632 1624 1631
f 1630 1624 1626
f 1629 1624 1632
f 1633 1634 1631
f 1635 1631 1634
f 1630 1633 1631
f 1632 1631 1635
f 1636 1637 1634
f 1172 1634 1637
f 1638 1639 1634
f 1640 1634 1639
f 1633 1638 1634
f 1641 1636 1634
f 1640 1641 1634
f 1635 1634 1175
f 1172 1175 1634
f 1642 1643 1637
f 1172 1637 1643
f 1644 1642 1637
f 1645 1644 1637
f 1646 1645 1637
f 1647 1646 1637
f 1648 1647 1637
f 1649 1648 1637
f 1650 1649 1637
f 1651 1650 1637
f 1636 1651 1637
f 1652 1653 1643
f 1654 1643 1653
f 1642 1652 1643
f 1655 1172 1643
f 1654 1655 1643
f 1656 1653 1652
f 1657 1654 1653
f 1656 1657 1653
f 1658 1652 1642
f 1659 1656 1652
f 1659 1652 1658
f 1660 1642 1644
f 1658 1642 1660
f 1661 1644 1645
f 1661 1660 1644
f 1662 1645 1646
f 1661 1645 1662
f 1647 1663 1646
f 1664 1646 1663
f 1662 1646 1664
f 1647 1665 1663
f 1666 1663 1665
f 1666 1664 1663
f 1667 1665 1647
f 1668 1665 1669
f 1667 1669 1665
f 1668 1666 1665
f 1670 1647 1648
f 1232 1667 1647
f 1670 1232 1647
f 1671 1672 1648
f 1670 1648 1672
f 1649 1671 1648
f 1673 1672 1671
f 1670 1672 1674
f 1673 1674 1672
f 1675 1671 1649
f 1675 1676 1671
f 1677 1671 1676
f 1677 1673 1671
f 1678 1679 1649
f 1680 1649 1679
f 1650 1678 1649
f 1675 1649 1680
f 1681 1682 1679
f 1683 1679 1682
f 1678 1681 1679
f 1680 1679 1683
f 1681 1684 1682
f 1685 1682 1684
f 1686 1682 1685
f 1686 1683 1682
f 1618 1613 1684
f 1687 1684 1613
f 1681 1618 1684
f 1687 1685 1684
f 1213 1688 1613
f 1687 1613 1688
f 1689 1616 1618
f 1681 1689 1618
f 1619 1617 1616
f 1689 1619 1616
f 1690 1626 1627
f 1691 1630 1626
f 1691 1626 1690
f 1692 1627 1623
f 1690 1627 1692
f 1693 1623 1620
f 1692 1623 1693
f 1119 1639 1620
f 1694 1620 1639
f 1693 1620 1694
f 1695 1639 1638
f 1696 1639 1119
f 1696 1640 1639
f 1694 1639 1695
f 1697 1638 1633
f 1697 1695 1638
f 1698 1633 1630
f 1697 1633 1698
f 1698 1630 1691
f 1699 1119 1116
f 1700 1696 1119
f 1700 1119 1699
f 1701 1116 1619
f 1701 1699 1116
f 1702 1619 1689
f 1702 1701 1619
f 1703 1689 1681
f 1703 1702 1689
f 1704 1681 1678
f 1704 1703 1681
f 1705 1678 1650
f 1705 1704 1678
f 1706 1650 1651
f 1706 1705 1650
f 1707 1651 1636
f 1707 1706 1651
f 1708 1636 1641
f 1708 1707 1636
f 1709 1641 1640
f 1709 1708 1641
f 1710 1640 1696
f 1710 1709 1640
f 1700 1710 1696
f 1149 1711 1145
f 1146 1145 1711
f 1149 1712 1711
f 1713 1711 1712
f 1713 1146 1711
f 1629 1714 1712
f 1147 1712 1714
f 1149 1629 1712
f 1147 1713 1712
f 1632 1715 1714
f 1140 1714 1715
f 1629 1632 1714
f 1140 1147 1714
f 1632 1716 1715
f 1141 1715 1716
f 1141 1140 1715
f 1635 1179 1716
f 1178 1716 1179
f 1632 1635 1716
f 1142 1141 1716
f 1178 1142 1716
f 1635 1175 1179
f 1147 1146 1713
f 1143 1142 1178
f 1717 1143 1178
f 1181 1717 1178
f 1718 1719 1135
f 1138 1135 1719
f 1144 1718 1135
f 1720 1721 1719
f 1722 1719 1721
f 1718 1720 1719
f 1722 1138 1719
f 1720 1723 1721
f 1724 1721 1723
f 1722 1721 1724
f 1720 1725 1723
f 1726 1723 1725
f 1724 1723 1726
f 1720 1727 1725
f 1728 1725 1727
f 1726 1725 1728
f 1720 1729 1727
f 1730 1727 1729
f 1728 1727 1730
f 1180 1731 1729
f 1732 1729 1731
f 1720 1180 1729
f 1730 1729 1732
f 1180 1733 1731
f 1163 1731 1733
f 1732 1731 1163
f 1180 1734 1733
f 1162 1733 1734
f 1163 1733 1162
f 1180 1185 1734
f 1162 1734 1185
f 1161 1185 1184
f 1162 1185 1161
f 1161 1184 1186
f 1159 1186 1183
f 1160 1186 1159
f 1161 1186 1160
f 1735 1180 1720
f 1736 1182 1180
f 1736 1180 1735
f 1737 1720 1718
f 1737 1735 1720
f 1738 1718 1144
f 1737 1718 1738
f 1739 1144 1143
f 1739 1738 1144
f 1740 1143 1717
f 1740 1739 1143
f 1741 1717 1181
f 1741 1740 1717
f 1742 1181 1182
f 1741 1181 1742
f 1742 1182 1736
f 1743 1138 1722
f 1744 1137 1138
f 1743 1744 1138
f 1745 1732 1163
f 1164 1745 1163
f 1743 1730 1732
f 1745 1743 1732
f 1743 1728 1730
f 1743 1726 1728
f 1743 1724 1726
f 1743 1722 1724
f 1746 1137 1744
f 1747 1165 1137
f 1747 1137 1746
f 1748 1744 1743
f 1748 1746 1744
f 1749 1743 1745
f 1748 1743 1749
f 1750 1745 1164
f 1750 1749 1745
f 1751 1164 1158
f 1751 1750 1164
f 1752 1158 1166
f 1752 1751 1158
f 1753 1166 1165
f 1752 1166 1753
f 1753 1165 1747
f 1754 1749 1750
f 1755 1748 1749
f 1754 1755 1749
f 1756 1750 1751
f 1756 1754 1750
f 1757 1756 1751
f 1752 1757 1751
f 1758 1746 1748
f 1759 1746 1758
f 1759 1747 1746
f 1755 1758 1748
f 494 1758 1755
f 495 1759 1758
f 495 1758 494
f 493 1755 1754
f 493 494 1755
f 491 1754 1756
f 492 493 1754
f 491 492 1754
f 491 1756 1757
f 1760 1757 1752
f 487 1757 1760
f 487 491 1757
f 1761 1753 1747
f 1759 1761 1747
f 1760 1752 1753
f 1761 1760 1753
f 488 1760 1761
f 488 487 1760
f 495 1761 1759
f 496 488 1761
f 495 496 1761
f 1762 1738 1739
f 1763 1737 1738
f 1762 1763 1738
f 1764 1739 1740
f 1764 1762 1739
f 1765 1764 1740
f 1741 1765 1740
f 1766 1735 1737
f 1767 1735 1766
f 1767 1736 1735
f 1763 1766 1737
f 1695 1766 1763
f 1697 1767 1766
f 1697 1766 1695
f 1694 1763 1762
f 1694 1695 1763
f 1692 1762 1764
f 1693 1694 1762
f 1692 1693 1762
f 1692 1764 1765
f 1768 1765 1741
f 1690 1765 1768
f 1690 1692 1765
f 1769 1742 1736
f 1767 1769 1736
f 1768 1741 1742
f 1769 1768 1742
f 1691 1768 1769
f 1691 1690 1768
f 1697 1769 1767
f 1698 1691 1769
f 1697 1698 1769
f 1655 1201 1172
f 1169 1172 1201
f 1770 1201 1655
f 1771 1198 1201
f 1770 1771 1201
f 1770 1655 1654
f 1239 1654 1657
f 1772 1770 1654
f 1241 1772 1654
f 1242 1241 1654
f 1239 1242 1654
f 1773 1657 1656
f 1774 1239 1657
f 1773 1774 1657
f 1775 1656 1659
f 1773 1656 1775
f 1776 1197 1198
f 1771 1776 1198
f 1777 1197 1776
f 1777 1199 1197
f 1778 1776 1771
f 1777 1776 1778
f 1770 1779 1771
f 1780 1771 1779
f 1778 1771 1780
f 1770 1781 1779
f 1782 1779 1781
f 1782 1780 1779
f 1772 1781 1770
f 1782 1781 1783
f 1772 1783 1781
f 820 854 1296
f 1193 1784 1295
f 1785 1295 1784
f 1786 1297 1295
f 1785 1786 1295
f 1193 1787 1784
f 1788 1784 1787
f 1785 1784 1788
f 1193 1789 1787
f 1790 1787 1789
f 1788 1787 1790
f 1193 1791 1789
f 1790 1789 1791
f 1792 1791 1193
f 1790 1791 1792
f 1793 1262 1193
f 1200 1793 1193
f 1792 1193 1261
f 1794 1262 1793
f 1259 1262 1794
f 1795 1793 1200
f 1795 1794 1793
f 1796 1200 1199
f 1795 1200 1796
f 1777 1796 1199
f 1614 1570 1568
f 1296 1325 1797
f 1293 1297 1798
f 1799 1800 1297
f 1798 1297 1800
f 1801 1799 1297
f 1786 1801 1297
f 1802 1800 1799
f 1803 1798 1800
f 1802 1803 1800
f 1804 1799 1801
f 1804 1802 1799
f 1785 1801 1786
f 1805 1801 1785
f 1804 1801 1805
f 1294 1798 1806
f 1807 1806 1798
f 1287 1294 1806
f 1289 1287 1806
f 1808 1806 1807
f 1808 1809 1806
f 1289 1806 1809
f 1294 1293 1798
f 1803 1807 1798
f 1810 1807 1803
f 1810 1808 1807
f 1811 1803 1802
f 1811 1810 1803
f 1812 1802 1804
f 1813 1802 1812
f 1811 1802 1813
f 1814 1809 1808
f 1815 1289 1809
f 1816 1815 1809
f 1817 1816 1809
f 1814 1817 1809
f 1818 1814 1808
f 1810 1818 1808
f 1283 1289 1815
f 1284 1815 1819
f 1820 1819 1815
f 1277 1284 1819
f 1274 1277 1819
f 1821 1819 1820
f 1822 1819 1821
f 1274 1819 1822
f 1284 1283 1815
f 1823 1820 1815
f 1816 1823 1815
f 1824 1820 1823
f 1825 1821 1820
f 1826 1825 1820
f 1826 1820 1824
f 1824 1823 1816
f 1818 1816 1817
f 1818 1824 1816
f 1818 1817 1814
f 1822 1827 1828
f 1829 1828 1827
f 1274 1822 1828
f 1269 1274 1828
f 1269 1828 1830
f 1829 1830 1828
f 1822 1821 1827
f 1825 1827 1821
f 1831 1829 1827
f 1825 1831 1827
f 1270 1269 1830
f 1832 1830 1829
f 1833 1830 1832
f 1270 1830 1833
f 1614 1568 1572
f 1834 1832 1829
f 1831 1834 1829
f 1833 1835 1836
f 1837 1836 1835
f 1270 1833 1836
f 1838 1270 1836
f 1837 1838 1836
f 1833 1832 1835
f 1834 1835 1832
f 911 1296 1839
f 1840 1837 1835
f 1841 1840 1835
f 1834 1841 1835
f 1325 1614 1797
f 1266 1270 1838
f 1267 1838 1842
f 1843 1842 1838
f 1263 1267 1842
f 1264 1263 1842
f 1844 1842 1843
f 1844 1845 1842
f 1264 1842 1845
f 1267 1266 1838
f 1837 1843 1838
f 906 911 1846
f 1840 1843 1837
f 1847 1844 1843
f 1840 1847 1843
f 1844 1848 1845
f 1849 1845 1848
f 1849 1264 1845
f 1850 1848 1844
f 1851 1849 1848
f 1852 1851 1848
f 1850 1852 1848
f 1852 1844 1853
f 1854 1853 1844
f 1850 1844 1852
f 1855 1854 1844
f 1856 1855 1844
f 1847 1856 1844
f 1849 1261 1264
f 1790 1261 1849
f 1790 1792 1261
f 1851 1790 1849
f 1851 1857 1790
f 1788 1790 1857
f 1853 1857 1851
f 1858 1788 1857
f 1853 1858 1857
f 1296 1797 1839
f 1852 1853 1851
f 1858 1859 1788
f 1785 1788 1859
f 1860 1859 1858
f 1861 1859 1860
f 1862 1859 1863
f 1861 1863 1859
f 1785 1859 1862
f 1853 1860 1858
f 1854 1860 1853
f 1864 1861 1860
f 1854 1864 1860
f 1797 1572 1839
f 1861 1862 1863
f 1804 1862 1861
f 1805 1785 1862
f 1804 1805 1862
f 1812 1804 1861
f 1864 1812 1861
f 1813 1812 1865
f 1866 1865 1812
f 1867 1813 1865
f 1868 1867 1865
f 1868 1865 1866
f 1864 1866 1812
f 1867 1869 1813
f 1811 1813 1869
f 1870 1869 1867
f 1818 1869 1870
f 1810 1869 1818
f 1811 1869 1810
f 1871 1870 1867
f 1868 1871 1867
f 1872 1868 1866
f 1873 1872 1866
f 1874 1873 1866
f 1856 1874 1866
f 1856 1866 1864
f 1831 1870 1871
f 1825 1870 1831
f 1826 1870 1825
f 1818 1870 1826
f 1831 1871 1868
f 1834 1868 1872
f 1831 1868 1834
f 1841 1872 1873
f 1834 1872 1841
f 1841 1873 1874
f 1847 1874 1856
f 1841 1874 1847
f 1855 1864 1854
f 1856 1864 1855
f 1841 1847 1840
f 911 1839 1846
f 1846 1839 1574
f 1846 1574 1573
f 1572 1571 1839
f 1818 1826 1824
f 1875 1259 1794
f 1795 1875 1794
f 1876 1259 1875
f 1256 1259 1876
f 1876 1875 1877
f 1878 1877 1875
f 1879 1876 1877
f 1880 1879 1877
f 1881 1880 1877
f 1878 1881 1877
f 1795 1878 1875
f 1882 1876 1879
f 1883 1256 1876
f 1882 1883 1876
f 1884 1879 1880
f 1885 1879 1884
f 1882 1879 1885
f 1884 1886 1887
f 1888 1887 1886
f 1889 1884 1887
f 1890 1889 1887
f 1891 1892 1887
f 1893 1887 1892
f 1894 1891 1887
f 1895 1894 1887
f 1896 1895 1887
f 1897 1896 1887
f 1898 1897 1887
f 1899 1898 1887
f 1900 1899 1887
f 1901 1900 1887
f 1902 1901 1887
f 1903 1902 1887
f 1888 1903 1887
f 1890 1887 1893
f 1839 1571 1574
f 1884 1880 1886
f 1881 1886 1880
f 1881 1888 1886
f 1904 1884 1889
f 1885 1884 1904
f 1905 1889 1890
f 1904 1889 1905
f 1906 1780 1892
f 1893 1892 1780
f 1907 1906 1892
f 1908 1907 1892
f 1909 1908 1892
f 1910 1909 1892
f 1911 1910 1892
f 1912 1911 1892
f 1891 1912 1892
f 1913 1778 1780
f 1914 1913 1780
f 1915 1914 1780
f 1916 1915 1780
f 1917 1916 1780
f 1918 1917 1780
f 1919 1918 1780
f 1920 1919 1780
f 1921 1920 1780
f 1922 1921 1780
f 1923 1922 1780
f 1924 1923 1780
f 1925 1924 1780
f 1906 1925 1780
f 1893 1780 1782
f 1777 1778 1913
f 1796 1913 1914
f 1777 1913 1796
f 1796 1914 1915
f 1796 1915 1916
f 1796 1916 1917
f 1796 1917 1918
f 1796 1918 1919
f 1796 1919 1920
f 1796 1920 1921
f 1796 1921 1922
f 1796 1922 1923
f 1796 1923 1924
f 1796 1924 1925
f 1796 1925 1906
f 1796 1906 1907
f 1796 1907 1908
f 1796 1908 1909
f 1796 1909 1910
f 1881 1910 1911
f 1881 1796 1910
f 1912 1926 1911
f 1881 1911 1926
f 1881 1926 1912
f 1881 1912 1891
f 1881 1891 1894
f 1881 1894 1895
f 1881 1895 1896
f 1881 1896 1897
f 1881 1897 1898
f 1881 1898 1899
f 1881 1899 1900
f 1881 1900 1901
f 1881 1901 1902
f 1881 1902 1903
f 1881 1903 1888
f 1890 1782 1783
f 1905 1890 1783
f 1772 1244 1783
f 1905 1783 1244
f 1890 1893 1782
f 925 919 1927
f 1241 1244 1772
f 1928 1905 1244
f 1928 1244 1243
f 1904 1905 1928
f 1243 1246 1248
f 1928 1243 1248
f 1904 1928 1248
f 1885 1904 1248
f 1885 1248 1251
f 906 1929 919
f 906 1846 1929
f 919 1929 1927
f 1885 1251 1253
f 1882 1885 1253
f 1883 1253 1256
f 1882 1253 1883
f 1846 1573 1576
f 1930 1234 1239
f 1931 1234 1930
f 1235 1234 1931
f 1774 1930 1239
f 1932 1930 1774
f 1932 1931 1930
f 1933 1932 1774
f 1934 1933 1774
f 1934 1774 1935
f 1773 1935 1774
f 1936 1931 1932
f 1236 1235 1931
f 1936 1236 1931
f 1846 1576 1929
f 1937 1936 1932
f 1933 1937 1932
f 1938 1236 1936
f 1939 1940 1236
f 1231 1236 1940
f 1941 1939 1236
f 1942 1941 1236
f 1938 1942 1236
f 1927 1929 1576
f 1937 1943 1936
f 1944 1936 1943
f 1938 1936 1944
f 1933 1943 1937
f 1933 1945 1943
f 1946 1943 1945
f 1944 1943 1946
f 1934 1945 1933
f 1947 1948 1945
f 1949 1945 1948
f 1935 1947 1945
f 1934 1935 1945
f 1950 1945 1949
f 1946 1945 1950
f 1949 1662 1664
f 1950 1949 1664
f 1951 1664 1666
f 1950 1664 1951
f 1949 1952 1662
f 1661 1662 1952
f 1949 1953 1952
f 1660 1952 1953
f 1661 1952 1660
f 1949 1954 1953
f 1955 1953 1954
f 1955 1660 1953
f 1949 1948 1954
f 1955 1954 1948
f 1775 1948 1947
f 1956 1955 1948
f 1775 1956 1948
f 1775 1947 1935
f 1773 1775 1935
f 1946 1668 1669
f 1944 1946 1669
f 1957 1944 1669
f 1958 1957 1669
f 1667 1958 1669
f 1951 1666 1668
f 1946 1951 1668
f 1946 1950 1951
f 1942 1944 1957
f 1938 1944 1942
f 1942 1957 1958
f 1959 1942 1958
f 1960 1959 1958
f 1667 1960 1958
f 1960 1940 1939
f 1960 1231 1940
f 1960 1939 1941
f 1959 1941 1942
f 1960 1941 1959
f 1232 1231 1960
f 1232 1960 1667
f 1961 1228 1232
f 1961 1229 1228
f 1962 1232 1670
f 1961 1232 1962
f 1226 1225 1963
f 1961 1963 1225
f 1964 1226 1963
f 1965 1963 1961
f 1964 1963 1965
f 1961 1225 1229
f 1966 1223 1226
f 1967 1223 1966
f 1220 1223 1967
f 1964 1966 1226
f 1968 1670 1674
f 1969 1968 1674
f 1970 1969 1674
f 1970 1674 1673
f 1968 1962 1670
f 1971 1961 1962
f 1968 1971 1962
f 1971 1965 1961
f 1972 1965 1971
f 1973 1965 1972
f 1964 1965 1973
f 1974 1971 1968
f 1974 1972 1971
f 1969 1974 1968
f 1975 1972 1974
f 1975 1973 1972
f 1976 1974 1969
f 1977 1975 1974
f 1976 1977 1974
f 1978 1976 1969
f 1970 1978 1969
f 1966 1973 1975
f 1964 1973 1966
f 1979 1975 1977
f 1979 1966 1975
f 1979 1977 1976
f 1980 1976 1978
f 1981 1979 1976
f 1980 1981 1976
f 1970 1980 1978
f 1967 1966 1979
f 1981 1982 1979
f 1983 1979 1982
f 1967 1979 1984
f 1983 1984 1979
f 1980 1982 1981
f 1985 1983 1982
f 1980 1985 1982
f 1220 1967 1984
f 1217 1220 1984
f 1986 1217 1984
f 1986 1984 1983
f 1213 1217 1986
f 1985 1987 1983
f 1988 1983 1987
f 1989 1688 1983
f 1986 1983 1688
f 1990 1989 1983
f 1988 1990 1983
f 1980 1987 1985
f 1991 1988 1987
f 1980 1991 1987
f 1687 1688 1989
f 1213 1986 1688
f 1988 1989 1990
f 1992 1989 1988
f 1992 1687 1989
f 1991 1993 1988
f 1992 1988 1993
f 1980 1993 1991
f 1992 1993 1994
f 1995 1994 1993
f 1996 1995 1993
f 1980 1996 1993
f 1992 1685 1687
f 1994 1686 1685
f 1992 1994 1685
f 1994 1683 1686
f 1995 1683 1994
f 1680 1683 1995
f 1996 1680 1995
f 1675 1680 1996
f 1997 1996 1980
f 1997 1675 1996
f 1970 1997 1980
f 1997 1676 1675
f 1677 1676 1673
f 1997 1673 1676
f 1970 1673 1997
f 1955 1998 1660
f 1956 1660 1998
f 1775 1660 1956
f 1659 1658 1660
f 1775 1659 1660
f 1956 1998 1955
f 1878 1796 1881
f 1795 1796 1878
f 1999 1699 1701
f 2000 1700 1699
f 1999 2000 1699
f 2001 1701 1702
f 2001 1999 1701
f 2002 1702 1703
f 2002 2001 1702
f 2003 1703 1704
f 2003 2002 1703
f 2004 1704 1705
f 2004 2003 1704
f 2005 1705 1706
f 2005 2004 1705
f 2006 1706 1707
f 2005 1706 2006
f 2007 1707 1708
f 2007 2006 1707
f 2008 1708 1709
f 2008 2007 1708
f 2009 1709 1710
f 2009 2008 1709
f 2010 1710 1700
f 2010 2009 1710
f 2000 2010 1700
f 2011 2006 2007
f 2012 2005 2006
f 2011 2012 2006
f 2013 2007 2008
f 2013 2011 2007
f 2014 2008 2009
f 2013 2008 2014
f 2015 2009 2010
f 2014 2009 2015
f 2016 2010 2000
f 2015 2010 2016
f 2017 2000 1999
f 2016 2000 2017
f 2018 1999 2001
f 2017 1999 2018
f 2019 2001 2002
f 2019 2018 2001
f 2020 2002 2003
f 2020 2019 2002
f 2021 2003 2004
f 2020 2003 2021
f 2022 2004 2005
f 2022 2021 2004
f 2012 2022 2005
f 2023 2021 2022
f 2024 2020 2021
f 2023 2024 2021
f 2025 2022 2012
f 2025 2023 2022
f 2013 2012 2011
f 2026 2012 2013
f 2027 2012 2026
f 2027 2025 2012
f 2017 2018 2019
f 2028 2019 2020
f 2028 2017 2019
f 2029 2028 2020
f 2024 2029 2020
f 2030 2016 2017
f 2031 2030 2017
f 2028 2031 2017
f 2032 2015 2016
f 2030 2032 2016
f 2033 2014 2015
f 2032 2033 2015
f 2026 2013 2014
f 2034 2026 2014
f 2033 2034 2014
f 2035 2026 2034
f 2036 2027 2026
f 2036 2026 2035
f 2037 2034 2033
f 2038 2035 2034
f 2037 2038 2034
f 2039 2033 2032
f 2037 2033 2039
f 2040 2032 2030
f 2040 2039 2032
f 2041 2030 2031
f 2041 2040 2030
f 2041 2031 2028
f 2042 2028 2029
f 2042 2041 2028
f 2043 2029 2024
f 2044 2042 2029
f 2044 2029 2043
f 2045 2024 2023
f 2043 2024 2045
f 2046 2023 2025
f 2045 2023 2046
f 2036 2025 2027
f 2046 2025 2036
f 2047 2039 2040
f 2048 2037 2039
f 2048 2039 2047
f 2049 2040 2041
f 2049 2047 2040
f 2050 2041 2042
f 2050 2049 2041
f 2051 2050 2042
f 2044 2051 2042
f 2052 2035 2038
f 2053 2035 2052
f 2036 2035 2053
f 2054 2038 2037
f 2054 2052 2038
f 2048 2054 2037
f 2055 2047 2049
f 2056 2048 2047
f 2055 2056 2047
f 2057 2049 2050
f 2058 2055 2049
f 2057 2058 2049
f 2059 2050 2051
f 2060 2050 2059
f 2057 2050 2060
f 2044 2059 2051
f 2053 2052 2054
f 2061 2054 2048
f 2062 2053 2054
f 2061 2062 2054
f 2056 2061 2048
f 2063 2064 2053
f 2036 2053 2064
f 2062 2063 2053
f 2065 2066 2064
f 2046 2064 2066
f 2067 2065 2064
f 2063 2067 2064
f 2046 2036 2064
f 2068 2069 2066
f 2045 2066 2069
f 2065 2068 2066
f 2045 2046 2066
f 2070 2059 2069
f 2043 2069 2059
f 2068 2070 2069
f 2043 2045 2069
f 2070 2060 2059
f 2044 2043 2059
f 2071 2060 2070
f 2072 2057 2060
f 2072 2060 2071
f 2073 2070 2068
f 2073 2071 2070
f 2074 2068 2065
f 2074 2073 2068
f 2075 2065 2067
f 2075 2074 2065
f 2076 2067 2063
f 2076 2075 2067
f 2077 2063 2062
f 2077 2076 2063
f 2078 2062 2061
f 2078 2077 2062
f 2079 2061 2056
f 2079 2078 2061
f 2080 2056 2055
f 2079 2056 2080
f 2081 2055 2058
f 2080 2055 2081
f 2082 2058 2057
f 2082 2081 2058
f 2082 2057 2072
f 2083 2071 2073
f 2084 2071 2083
f 2072 2071 2084
f 2085 2073 2074
f 2085 2083 2073
f 2086 2074 2075
f 2086 2085 2074
f 2087 2075 2076
f 2087 2086 2075
f 2088 2076 2077
f 2088 2087 2076
f 2089 2077 2078
f 2089 2088 2077
f 2090 2089 2078
f 2079 2090 2078
f 2091 2083 2085
f 2092 2084 2083
f 2091 2092 2083
f 2093 2085 2086
f 2093 2091 2085
f 2094 2086 2087
f 2093 2086 2094
f 2095 2087 2088
f 2094 2087 2095
f 2096 2088 2089
f 2095 2088 2096
f 2097 2089 2090
f 2096 2089 2097
f 2098 2090 2079
f 2099 2090 2098
f 2097 2090 2099
f 2100 2080 2081
f 2101 2100 2081
f 2082 2101 2081
f 2098 2079 2080
f 2100 2098 2080
f 2102 2098 2100
f 2102 2099 2098
f 2103 2100 2101
f 2103 2102 2100
f 2082 2104 2101
f 2105 2101 2104
f 2103 2101 2105
f 2072 2084 2104
f 2106 2104 2084
f 2082 2072 2104
f 2106 2105 2104
f 2092 2106 2084
f 2103 2105 2106
f 2107 2106 2092
f 2107 2103 2106
f 2108 2092 2091
f 2108 2107 2092
f 2109 2091 2093
f 2108 2091 2109
f 2110 2099 2102
f 2111 2097 2099
f 2110 2111 2099
f 2107 2102 2103
f 2112 2110 2102
f 2107 2112 2102
f 2113 2096 2097
f 2111 2113 2097
f 2094 2095 2096
f 2113 2094 2096
f 2113 2093 2094
f 2114 2109 2093
f 2113 2114 2093
f 2115 2109 2114
f 2116 2108 2109
f 2116 2109 2115
f 2117 2114 2113
f 2117 2115 2114
f 2118 2113 2111
f 2118 2117 2113
f 2119 2111 2110
f 2119 2118 2111
f 2120 2110 2112
f 2120 2119 2110
f 2121 2112 2107
f 2121 2120 2112
f 2122 2107 2108
f 2122 2121 2107
f 2116 2122 2108
f 2123 2115 2117
f 2124 2116 2115
f 2124 2115 2123
f 2125 2117 2118
f 2125 2123 2117
f 2126 2118 2119
f 2127 2125 2118
f 2128 2127 2118
f 2126 2128 2118
f 2126 2119 2120
f 2129 2120 2121
f 2129 2126 2120
f 2130 2121 2122
f 2130 2129 2121
f 2124 2122 2116
f 2131 2130 2122
f 2132 2131 2122
f 2124 2132 2122
f 2133 2123 2125
f 2134 2124 2123
f 2134 2123 2133
f 2135 2125 2127
f 2135 2133 2125
f 2128 2136 2127
f 2137 2127 2136
f 2137 2135 2127
f 2138 2136 2128
f 2138 2137 2136
f 2139 2128 2126
f 2139 2138 2128
f 2140 2126 2129
f 2140 2139 2126
f 2141 2129 2130
f 2141 2140 2129
f 2142 2130 2131
f 2142 2141 2130
f 2132 2143 2131
f 2144 2131 2143
f 2144 2142 2131
f 2145 2143 2132
f 2145 2144 2143
f 2146 2132 2124
f 2146 2145 2132
f 2134 2146 2124
f 2147 2133 2135
f 2148 2134 2133
f 2147 2148 2133
f 2149 2135 2137
f 2149 2147 2135
f 2150 2137 2138
f 2149 2137 2150
f 2151 2138 2139
f 2150 2138 2151
f 2152 2139 2140
f 2151 2139 2152
f 2153 2140 2141
f 2152 2140 2153
f 2154 2141 2142
f 2153 2141 2154
f 2155 2142 2144
f 2155 2154 2142
f 2156 2144 2145
f 2156 2155 2144
f 2157 2145 2146
f 2156 2145 2157
f 2158 2146 2134
f 2158 2157 2146
f 2148 2158 2134
f 2159 2157 2158
f 2160 2156 2157
f 2159 2160 2157
f 2161 2158 2148
f 2161 2159 2158
f 2162 2148 2147
f 2162 2161 2148
f 2163 2162 2147
f 2149 2163 2147
f 2164 2154 2155
f 2165 2154 2164
f 2165 2153 2154
f 2166 2155 2156
f 2166 2164 2155
f 2160 2166 2156
f 2167 2164 2166
f 2168 2165 2164
f 2167 2168 2164
f 2169 2166 2160
f 2169 2167 2166
f 2169 2160 2159
f 2170 2159 2161
f 2170 2169 2159
f 2171 2161 2162
f 2171 2170 2161
f 2172 2162 2163
f 2172 2171 2162
f 2173 2163 2149
f 2174 2163 2173
f 2172 2163 2174
f 2175 2152 2153
f 2165 2175 2153
f 2176 2151 2152
f 2175 2176 2152
f 2177 2150 2151
f 2176 2177 2151
f 2173 2149 2150
f 2177 2173 2150
f 2178 2173 2177
f 2178 2174 2173
f 2178 2177 2176
f 2179 2176 2175
f 2179 2178 2176
f 2180 2175 2165
f 2180 2179 2175
f 2168 2180 2165
f 2172 2174 2181
f 2182 2181 2174
f 2183 2172 2181
f 2183 2181 2182
f 2184 2174 2178
f 2184 2182 2174
f 2185 2178 2179
f 2185 2184 2178
f 2186 2179 2180
f 2186 2185 2179
f 2187 2180 2168
f 2187 2186 2180
f 2167 2188 2168
f 2189 2168 2188
f 2189 2187 2168
f 2190 2188 2167
f 2190 2189 2188
f 2191 2167 2169
f 2191 2190 2167
f 2192 2169 2170
f 2192 2191 2169
f 2193 2170 2171
f 2193 2192 2170
f 2194 2171 2172
f 2194 2193 2171
f 2183 2194 2172
f 2195 2182 2184
f 2196 2183 2182
f 2195 2196 2182
f 2197 2184 2185
f 2198 2195 2184
f 2197 2198 2184
f 2199 2185 2186
f 2199 2197 2185
f 2200 2186 2187
f 2200 2199 2186
f 2201 2187 2189
f 2201 2200 2187
f 2201 2189 2190
f 2202 2190 2191
f 2201 2190 2202
f 2203 2191 2192
f 2204 2202 2191
f 2203 2204 2191
f 2205 2192 2193
f 2205 2203 2192
f 2206 2193 2194
f 2206 2205 2193
f 2196 2194 2183
f 2196 2206 2194
f 2207 2202 2204
f 2208 2201 2202
f 2207 2208 2202
f 2207 2204 2203
f 2209 2203 2205
f 2209 2207 2203
f 2210 2205 2206
f 2211 2209 2205
f 2210 2211 2205
f 2212 2206 2196
f 2212 2210 2206
f 2212 2196 2195
f 2213 2195 2198
f 2212 2195 2213
f 2213 2198 2197
f 2214 2197 2199
f 2214 2213 2197
f 2215 2199 2200
f 2216 2214 2199
f 2215 2216 2199
f 2208 2200 2201
f 2208 2215 2200
f 2217 2213 2214
f 2218 2212 2213
f 2218 2213 2217
f 2219 2214 2216
f 2219 2217 2214
f 2215 2220 2216
f 2221 2216 2220
f 2221 2219 2216
f 2222 2220 2215
f 2222 2221 2220
f 2223 2215 2208
f 2223 2222 2215
f 2224 2208 2207
f 2224 2223 2208
f 2225 2207 2209
f 2225 2224 2207
f 2226 2209 2211
f 2226 2225 2209
f 2210 2227 2211
f 2228 2211 2227
f 2228 2226 2211
f 2229 2227 2210
f 2229 2228 2227
f 2230 2210 2212
f 2230 2229 2210
f 2218 2230 2212
f 504 2217 2219
f 505 2218 2217
f 504 505 2217
f 503 2219 2221
f 503 504 2219
f 502 2221 2222
f 503 2221 502
f 501 2222 2223
f 502 2222 501
f 500 2223 2224
f 501 2223 500
f 499 2224 2225
f 500 2224 499
f 497 2225 2226
f 499 2225 497
f 498 2226 2228
f 498 497 2226
f 508 2228 2229
f 508 498 2228
f 507 2229 2230
f 508 2229 507
f 506 2230 2218
f 506 507 2230
f 505 506 2218
f 2231 1411 1414
f 2231 1413 1411
f 2231 1414 1415
f 271 1415 1416
f 271 2231 1415
f 271 1416 1417
f 1602 1417 1418
f 260 271 1417
f 1602 260 1417
f 1602 1418 1419
f 1602 1419 1420
f 1601 1420 1422
f 1601 1602 1420
f 1601 1422 1424
f 1601 1424 1425
f 2232 1425 1413
f 2233 2234 1425
f 1601 1425 2234
f 2235 2233 1425
f 2232 2235 1425
f 2231 2232 1413
f 262 2236 2237
f 2238 2237 2236
f 2239 262 2237
f 2240 2239 2237
f 2238 2241 2237
f 2240 2237 2241
f 354 2242 2236
f 2238 2236 2242
f 1602 354 2236
f 262 260 2236
f 1602 2236 260
f 354 2243 2242
f 2244 2242 2243
f 2245 2238 2242
f 2245 2242 2246
f 2244 2246 2242
f 1543 2247 2243
f 261 2243 2247
f 1563 2243 354
f 1564 1543 2243
f 1563 1564 2243
f 2248 2243 261
f 2244 2243 2248
f 1550 357 2247
f 261 2247 357
f 1548 1550 2247
f 1545 1548 2247
f 1541 1545 2247
f 1543 1541 2247
f 356 355 357
f 1550 356 357
f 1552 353 356
f 1550 1552 356
f 1563 354 353
f 1554 1556 353
f 1559 353 1556
f 1552 1554 353
f 1561 1563 353
f 1559 1561 353
f 1519 348 354
f 1517 1519 354
f 1602 1517 354
f 1529 349 348
f 1526 1529 348
f 1523 1526 348
f 1521 1523 348
f 1519 1521 348
f 1604 350 349
f 1531 349 1529
f 1604 349 1531
f 1604 2249 350
f 2250 350 2249
f 2250 351 350
f 1605 2251 2249
f 2250 2249 2251
f 1604 1605 2249
f 1605 2252 2251
f 2253 2251 2252
f 2254 2251 2253
f 2254 2250 2251
f 1605 2255 2252
f 2256 2252 2255
f 2257 2252 2256
f 2258 2252 2257
f 2253 2252 2258
f 2259 2260 2255
f 2256 2255 2260
f 2261 2259 2255
f 1605 2261 2255
f 2259 2262 2260
f 2263 2260 2262
f 2264 2256 2260
f 2263 2264 2260
f 2265 2262 2259
f 2265 2263 2262
f 2266 2259 2261
f 2266 2265 2259
f 1495 343 2261
f 342 2261 343
f 1497 1495 2261
f 1605 1497 2261
f 2266 2261 342
f 1500 334 343
f 1499 1500 343
f 1495 1499 343
f 1503 335 334
f 1502 1503 334
f 1501 1502 334
f 1500 1501 334
f 2267 336 335
f 2268 2267 335
f 1607 2268 335
f 1503 1504 335
f 1607 335 1504
f 2269 2270 336
f 337 336 2270
f 2267 2269 336
f 2269 2271 2270
f 2272 2270 2271
f 2273 337 2270
f 2273 2270 2272
f 2274 2271 2269
f 2272 2271 2274
f 2275 2269 2267
f 2274 2269 2275
f 2276 2267 2268
f 2277 2267 2276
f 2275 2267 2277
f 1607 2278 2268
f 2276 2268 2278
f 1606 2279 2278
f 2280 2278 2279
f 1607 1606 2278
f 2280 2281 2278
f 2282 2278 2281
f 2282 2276 2278
f 1606 2283 2279
f 338 2279 2283
f 2284 2279 338
f 2280 2279 2284
f 1606 327 2283
f 338 2283 327
f 2285 328 327
f 1606 2285 327
f 2286 328 2285
f 2286 329 328
f 1608 2287 2285
f 2286 2285 2287
f 1606 1608 2285
f 1608 2288 2287
f 2289 2287 2288
f 2290 2287 2289
f 2290 2286 2287
f 1491 2291 2288
f 2292 2288 2291
f 1608 1491 2288
f 2293 2288 2292
f 2294 2288 2293
f 2289 2288 2294
f 2295 2296 2291
f 2292 2291 2296
f 1491 2295 2291
f 2297 2296 2295
f 2298 2292 2296
f 2297 2298 2296
f 1491 2299 2295
f 2300 2295 2299
f 2300 2297 2295
f 1479 2301 2299
f 2302 2299 2301
f 1491 1479 2299
f 2302 2300 2299
f 1483 322 2301
f 330 2301 322
f 1482 1483 2301
f 1481 1482 2301
f 1480 1481 2301
f 1477 1480 2301
f 1479 1477 2301
f 2302 2301 330
f 2303 323 322
f 2304 2303 322
f 2305 2304 322
f 2306 2305 322
f 1609 2306 322
f 1609 322 1483
f 2303 2307 323
f 324 323 2307
f 2308 2307 2303
f 2309 324 2307
f 2309 2307 2308
f 2310 2303 2304
f 2308 2303 2310
f 2311 2304 2305
f 2310 2304 2311
f 2312 2305 2306
f 2313 2305 2312
f 2311 2305 2313
f 2314 2315 2306
f 2312 2306 2315
f 2316 2314 2306
f 1609 2316 2306
f 2317 2318 2315
f 2319 2315 2318
f 2314 2317 2315
f 2319 2320 2315
f 2321 2315 2320
f 2321 2312 2315
f 2322 2323 2318
f 321 2318 2323
f 1474 2322 2318
f 2317 2324 2318
f 1473 2318 2324
f 1473 1474 2318
f 2325 2318 321
f 2319 2318 2325
f 315 314 2323
f 321 2323 314
f 2322 315 2323
f 2326 315 2322
f 2326 316 315
f 1459 2327 2322
f 2326 2322 2327
f 1474 1459 2322
f 1459 2328 2327
f 2329 2327 2328
f 2330 2327 2329
f 2330 2326 2327
f 1461 2331 2328
f 2332 2328 2331
f 1460 1461 2328
f 1457 1460 2328
f 1459 1457 2328
f 2333 2328 2332
f 2334 2328 2333
f 2329 2328 2334
f 2335 2336 2331
f 2332 2331 2336
f 2337 2335 2331
f 1462 2337 2331
f 1461 1462 2331
f 2338 2339 2336
f 2340 2336 2339
f 2335 2338 2336
f 2341 2332 2336
f 2340 2341 2336
f 2342 2343 2339
f 2344 2339 2343
f 2338 2342 2339
f 2344 2340 2339
f 312 2345 2343
f 2346 2343 2345
f 2342 312 2343
f 2346 2344 2343
f 312 313 2345
f 311 2345 313
f 2346 2345 311
f 306 312 2342
f 2347 2342 2338
f 2348 306 2342
f 2348 2342 2347
f 2349 2338 2335
f 2347 2338 2349
f 2350 2335 2337
f 2349 2335 2350
f 1466 2351 2337
f 2352 2337 2351
f 1464 1466 2337
f 1463 1464 2337
f 1462 1463 2337
f 2353 2337 2352
f 2350 2337 2353
f 1469 2354 2351
f 2352 2351 2354
f 1469 2351 1466
f 1471 2324 2354
f 2355 2354 2324
f 1469 1471 2354
f 2355 2356 2354
f 2357 2354 2356
f 2357 2352 2354
f 300 2358 2324
f 307 2324 2358
f 301 300 2324
f 2317 301 2324
f 1471 1473 2324
f 2359 2324 307
f 2355 2324 2359
f 307 2358 300
f 2360 301 2317
f 2360 302 301
f 2360 2317 2314
f 2361 2314 2316
f 2362 2314 2361
f 2362 2360 2314
f 293 2363 2316
f 2364 2316 2363
f 1609 293 2316
f 2365 2316 2364
f 2366 2316 2365
f 2361 2316 2366
f 2367 2368 2363
f 2364 2363 2368
f 293 2367 2363
f 2367 2369 2368
f 2370 2368 2369
f 2371 2364 2368
f 2370 2371 2368
f 2367 2372 2369
f 2373 2369 2372
f 2373 2370 2369
f 2374 2372 2367
f 2374 2373 2372
f 299 2367 293
f 2374 2367 299
f 1446 294 293
f 1443 1446 293
f 1442 1443 293
f 1441 1442 293
f 1440 1441 293
f 1610 1440 293
f 1609 1610 293
f 1450 2375 294
f 295 294 2375
f 1446 1448 294
f 1450 294 1448
f 2376 2377 2375
f 2378 2375 2377
f 1450 2376 2375
f 2379 295 2375
f 2379 2375 2378
f 2376 2380 2377
f 2381 2377 2380
f 2378 2377 2381
f 2382 2380 2376
f 2381 2380 2382
f 1450 2383 2376
f 2384 2376 2383
f 2385 2376 2384
f 2382 2376 2385
f 1598 2386 2383
f 2384 2383 2386
f 1598 2383 1450
f 1598 2387 2386
f 2388 2386 2387
f 2388 2389 2386
f 2390 2386 2389
f 2390 2384 2386
f 291 2391 2387
f 289 2387 2391
f 1598 291 2387
f 2392 2387 289
f 2388 2387 2392
f 289 2391 291
f 1598 290 291
f 1598 2393 290
f 2394 290 2393
f 2394 292 290
f 1597 2395 2393
f 2394 2393 2395
f 1598 1597 2393
f 1597 2396 2395
f 2397 2395 2396
f 2398 2395 2397
f 2398 2394 2395
f 1597 2399 2396
f 2400 2396 2399
f 2401 2396 2400
f 2402 2396 2401
f 2397 2396 2402
f 2403 2404 2399
f 2400 2399 2404
f 2405 2403 2399
f 1597 2405 2399
f 2403 2406 2404
f 2407 2404 2406
f 2408 2400 2404
f 2407 2408 2404
f 2409 2406 2403
f 2409 2407 2406
f 2410 2403 2405
f 2410 2409 2403
f 1426 285 2405
f 286 2405 285
f 1427 1426 2405
f 1597 1427 2405
f 2410 2405 286
f 1429 276 285
f 1428 1429 285
f 1426 1428 285
f 1432 277 276
f 1431 1432 276
f 1430 1431 276
f 1429 1430 276
f 2411 278 277
f 2412 2411 277
f 1600 2412 277
f 1432 1433 277
f 1600 277 1433
f 2413 2414 278
f 279 278 2414
f 2411 2413 278
f 2413 2415 2414
f 2416 2414 2415
f 2417 279 2414
f 2416 2417 2414
f 2418 2415 2413
f 2418 2416 2415
f 2419 2413 2411
f 2419 2418 2413
f 2420 2411 2412
f 2421 2419 2411
f 2420 2421 2411
f 1600 2422 2412
f 2420 2412 2422
f 1599 2423 2422
f 2424 2422 2423
f 1600 1599 2422
f 2425 2422 2426
f 2424 2426 2422
f 2420 2422 2425
f 1599 2427 2423
f 280 2423 2427
f 2428 2423 280
f 2424 2423 2428
f 1599 268 2427
f 280 2427 268
f 2429 269 268
f 1599 2429 268
f 2430 269 2429
f 2430 270 269
f 1601 2431 2429
f 2430 2429 2431
f 1599 1601 2429
f 1601 2234 2431
f 2432 2431 2234
f 2433 2431 2432
f 2433 2430 2431
f 2434 2234 2233
f 2435 2234 2434
f 2436 2234 2435
f 2432 2234 2436
f 2235 2437 2233
f 2434 2233 2437
f 2438 2437 2235
f 2439 2434 2437
f 2438 2439 2437
f 2440 2235 2232
f 2440 2438 2235
f 2441 2232 2231
f 2441 2440 2232
f 272 2231 271
f 2441 2231 272
f 2442 263 262
f 2239 2442 262
f 2442 2443 263
f 264 263 2443
f 2444 2443 2442
f 2445 264 2443
f 2445 2443 2444
f 2446 2442 2239
f 2444 2442 2446
f 2446 2239 2240
f 1600 1433 1434
f 1597 1437 1427
f 1597 1436 1437
f 1597 1435 1436
f 1600 1434 1435
f 1597 1600 1435
f 1610 1438 1440
f 1610 1439 1438
f 1610 1455 1439
f 1598 1454 1455
f 1610 1598 1455
f 1598 1452 1454
f 1598 1450 1452
f 1609 1484 1485
f 1609 1485 1486
f 1609 1483 1484
f 1608 1490 1491
f 1608 1488 1490
f 1608 1486 1488
f 1608 1609 1486
f 1607 1504 1505
f 1605 1509 1497
f 1605 1508 1509
f 1605 1506 1508
f 1607 1505 1506
f 1607 1506 1605
f 1603 1513 1517
f 1602 1603 1517
f 1603 1515 1513
f 1603 1537 1515
f 1604 1536 1537
f 1603 1604 1537
f 1604 1534 1536
f 1604 1531 1534
f 2240 2241 2238
f 2245 266 2238
f 2446 2238 266
f 2446 2240 2238
f 2445 265 264
f 2445 266 265
f 2245 2246 266
f 267 266 2246
f 2444 2446 266
f 2445 2444 266
f 267 2246 261
f 2244 261 2246
f 347 344 352
f 345 344 347
f 347 352 351
f 2253 347 351
f 2254 2253 351
f 2254 351 2250
f 2244 2248 261
f 2417 281 279
f 2410 286 287
f 2410 287 288
f 292 288 284
f 2397 288 292
f 2410 288 2409
f 2397 2409 288
f 2398 2397 292
f 2398 292 2394
f 2389 289 296
f 2388 2392 289
f 2388 289 2389
f 2389 296 297
f 2379 297 298
f 2390 2389 297
f 2390 297 2384
f 2381 2384 297
f 2378 2381 297
f 2379 2378 297
f 2379 298 295
f 2374 299 303
f 2374 303 304
f 302 304 305
f 2361 304 302
f 2374 304 2373
f 2361 2373 304
f 2362 2361 302
f 2362 302 2360
f 2356 307 308
f 2355 2359 307
f 2355 307 2356
f 2356 308 309
f 2348 309 310
f 2357 2356 309
f 2357 309 2352
f 2349 2352 309
f 2347 2349 309
f 2348 2347 309
f 2348 310 306
f 2346 311 317
f 2346 317 318
f 316 318 319
f 2329 318 316
f 2346 318 2344
f 2329 2344 318
f 2330 2329 316
f 2330 316 2326
f 2320 321 320
f 2319 2325 321
f 2319 321 2320
f 2320 320 325
f 2309 325 326
f 2321 2320 325
f 2321 325 2312
f 2310 2312 325
f 2308 2310 325
f 2309 2308 325
f 2309 326 324
f 2302 330 331
f 2302 331 332
f 329 332 333
f 2289 332 329
f 2302 332 2300
f 2289 2300 332
f 2290 2289 329
f 2290 329 2286
f 2281 338 339
f 2280 2284 338
f 2280 338 2281
f 2281 339 340
f 2273 340 341
f 2282 2281 340
f 2282 340 2276
f 2274 2276 340
f 2272 2274 340
f 2273 2272 340
f 2273 341 337
f 2266 342 346
f 2266 346 347
f 2266 347 2265
f 2253 2265 347
f 2441 272 273
f 2441 273 274
f 270 274 275
f 2432 274 270
f 2441 274 2440
f 2432 2440 274
f 2433 2432 270
f 2433 270 2430
f 2426 280 282
f 2424 280 2426
f 2424 2428 280
f 2426 282 283
f 2417 283 281
f 2416 283 2417
f 2418 283 2416
f 2420 283 2418
f 2425 2426 283
f 2420 2425 283
f 2420 2418 2419
f 2420 2419 2421
f 2397 2400 2408
f 2402 2401 2400
f 2397 2402 2400
f 2397 2408 2407
f 2397 2407 2409
f 2382 2385 2384
f 2381 2382 2384
f 2361 2364 2371
f 2366 2365 2364
f 2361 2366 2364
f 2361 2371 2370
f 2361 2370 2373
f 2350 2353 2352
f 2349 2350 2352
f 2329 2332 2341
f 2334 2333 2332
f 2329 2334 2332
f 2329 2341 2340
f 2329 2340 2344
f 2311 2313 2312
f 2310 2311 2312
f 2289 2292 2298
f 2294 2293 2292
f 2289 2294 2292
f 2289 2298 2297
f 2289 2297 2300
f 2275 2277 2276
f 2274 2275 2276
f 2253 2256 2264
f 2258 2257 2256
f 2253 2258 2256
f 2253 2264 2263
f 2253 2263 2265
f 2432 2434 2439
f 2436 2435 2434
f 2432 2436 2434
f 2432 2439 2438
f 2432 2438 2440
f 930 927 2447
f 925 2448 927
f 1614 1572 1797
f 2449 2450 1565
f 2451 1565 2450
f 2452 2449 1565
f 1567 2452 1565
f 2451 1566 1565
f 1209 2450 2449
f 1093 2451 2450
f 1093 2450 1209
f 1278 2449 2452
f 1278 1209 2449
f 1570 2452 1567
f 1614 2452 1570
f 1578 2452 1614
f 1278 2452 1578
f 925 1927 2448
f 1927 1576 2448
f 2453 1594 1595
f 2454 1596 1566
f 2455 1595 1596
f 2454 2455 1596
f 2451 2454 1566
f 2453 1595 2455
f 1191 2455 2454
f 999 2453 2455
f 999 2455 1191
f 1192 2454 2451
f 1192 1191 2454
f 1092 1192 2451
f 1093 1092 2451
f 2456 1591 1593
f 2457 1591 2456
f 2457 1589 1591
f 2458 1593 1592
f 2458 2456 1593
f 2453 1592 1594
f 2453 2458 1592
f 1026 2456 2458
f 997 2457 2456
f 997 2456 1026
f 1001 2458 2453
f 1001 1026 2458
f 999 1001 2453
f 2459 1586 1588
f 2460 1586 2459
f 2460 1585 1586
f 2461 1588 1587
f 2461 2459 1588
f 2457 1587 1589
f 2457 2461 1587
f 998 2459 2461
f 938 2460 2459
f 938 2459 998
f 996 2461 2457
f 996 998 2461
f 997 996 2457
f 2462 1582 1584
f 2463 1582 2462
f 2463 1579 1582
f 2464 1584 1583
f 2464 2462 1584
f 2460 1583 1585
f 2460 2464 1583
f 995 2462 2464
f 931 2463 2462
f 931 2462 995
f 994 2464 2460
f 994 995 2464
f 938 994 2460
f 2465 1577 1581
f 1575 1577 2465
f 2463 1581 1579
f 2463 2465 1581
f 934 2465 2463
f 2447 1575 2465
f 930 2447 2465
f 930 2465 934
f 931 934 2463
f 2447 2448 1575
f 1576 1575 2448
f 927 2448 2447

