# https://github.com/mikedh/trimesh

o RL_KNEE_LINK.STL
v -0.00921408 -0.01500000 -0.02398306
v -0.00900208 -0.01500000 -0.01980655
v -0.00919913 -0.01500000 -0.01940841
v -0.00927978 -0.00850000 -0.01924618
v -0.01081640 -0.01500000 -0.02064944
v -0.00922238 -0.01499736 -0.01936160
v -0.00739250 -0.01500000 -0.02315730
v -0.00900208 -0.00850000 -0.01980655
v -0.00768467 -0.01500000 -0.02735072
v -0.00585364 -0.01500000 -0.02654112
v -0.00739246 -0.00850000 -0.02315738
v 0.00156107 -0.01500000 -0.05392700
v -0.00449308 -0.01500000 -0.02970184
v -0.00585364 -0.00850000 -0.02654112
v -0.00319489 -0.01500000 -0.03288868
v -0.00335286 -0.01270100 -0.03249113
v -0.00457572 -0.00850000 -0.02950487
v -0.00144875 -0.01500000 -0.03748652
v -0.00319491 -0.01278080 -0.03288862
v -0.00327375 -0.01274088 -0.03268987
v 0.00016712 -0.01500000 -0.04213173
v -0.00095117 -0.01400227 -0.03887271
v -0.00204536 -0.01338495 -0.03587127
v 0.00110776 -0.01500000 -0.04325727
v 0.00016712 -0.00350000 -0.04213173
v -0.00038390 -0.00350000 -0.04049968
v -0.00095117 -0.00350000 -0.03887270
v 0.00192808 -0.01500000 -0.04637070
v 0.00256329 -0.01500000 -0.04343832
v 0.00124240 -0.00350000 -0.04332426
v 0.00270129 -0.01500000 -0.04538759
v 0.00285940 -0.01494657 -0.04529275
v 0.00270736 -0.01495231 -0.04339544
v 0.00199880 -0.00350000 -0.04620077
v 0.00302501 -0.00350000 -0.04521314
v 0.00189028 -0.01500000 -0.04762290
v 0.00195294 -0.00350000 -0.04630576
v 0.00498689 -0.01500000 -0.05965902
v 0.00188975 -0.00350000 -0.04762094
v 0.00633273 -0.01500000 -0.08165772
v 0.00720987 -0.01500000 -0.07188898
v 0.00499250 -0.00350000 -0.05968446
v 0.00798074 -0.01500000 -0.07319584
v 0.00720987 -0.00350000 -0.07188899
v 0.00797971 -0.01500000 -0.07600993
v 0.00944683 -0.01500000 -0.07358614
v 0.00799201 -0.00350000 -0.07320482
v 0.01098843 -0.01500000 -0.07338596
v 0.00944683 -0.00350000 -0.07358614
v 0.00962247 -0.01500000 -0.07507592
v 0.01105549 -0.01500000 -0.07488985
v 0.01246557 -0.01441293 -0.07473692
v 0.01240085 -0.01440310 -0.07320256
v 0.00966800 -0.01485355 -0.07542653
v 0.01110044 -0.01485801 -0.07523599
v 0.01202080 -0.01460634 -0.07512102
v 0.00745915 -0.01500000 -0.07782640
v 0.00797420 -0.01485355 -0.07670331
v 0.00865237 -0.01485355 -0.07584108
v 0.00782195 -0.01500000 -0.08152867
v 0.00765078 -0.01500000 -0.07967641
v 0.00817416 -0.01485355 -0.08149783
v 0.00781071 -0.01485346 -0.07778801
v 0.00867492 -0.01500000 -0.10860518
v 0.01016930 -0.01500000 -0.10847549
v 0.01052597 -0.01484904 -0.10844448
v 0.00999278 -0.01500000 -0.12578504
v 0.01149487 -0.01500000 -0.12580727
v 0.01285449 -0.01485801 -0.14061895
v 0.01282378 0.00150000 -0.18529372
v 0.01825052 0.00208579 -0.18945058
v 0.00919042 0.00208579 -0.18562146
v 0.01128753 -0.01500000 -0.14530055
v 0.01250614 -0.01500000 -0.14064090
v 0.01330936 -0.01500000 -0.14232361
v 0.01505328 -0.01500000 -0.14298314
v 0.01399342 -0.01485355 -0.14237884
v 0.01319699 -0.01485355 -0.14164647
v 0.02448285 0.00150000 -0.19225897
v 0.01527775 -0.01500000 -0.14397867
v 0.01778184 -0.01500000 -0.14292628
v 0.01777439 -0.01484904 -0.14256833
v 0.01353458 -0.01500000 -0.14473902
v 0.01504591 -0.01485355 -0.14262965
v 0.01782640 -0.01500000 -0.14392556
v 0.01924038 -0.01441416 -0.14388770
v 0.01919559 -0.01441440 -0.14288841
v 0.01528512 -0.01485355 -0.14433216
v 0.01783368 -0.01485771 -0.14427483
v 0.01914722 -0.01431368 -0.14424746
v 0.01126440 -0.01500000 -0.14864813
v 0.01282999 -0.01500000 -0.14650531
v 0.01345592 -0.01485355 -0.14543140
v 0.01422422 -0.01485355 -0.14463833
v 0.01270581 -0.01500000 -0.14940159
v 0.01262245 -0.01484902 -0.15234035
v 0.01318352 -0.01485355 -0.14650147
v 0.01080276 -0.01500000 -0.15196536
v 0.01227194 -0.01500000 -0.15226746
v 0.01134117 -0.01500000 -0.15648320
v 0.01182035 -0.01500000 -0.15437874
v 0.01035496 -0.01500000 -0.15405765
v 0.01168097 -0.01485796 -0.15656304
v -0.00057181 0.00208579 -0.18441881
v 0.00987974 -0.01500000 -0.15614519
v 0.00461458 -0.01500000 -0.16957992
v 0.00620284 -0.01500000 -0.16981460
v -0.00423523 -0.01500000 -0.18097742
v -0.00236949 -0.01500000 -0.18124424
v 0.00399224 -0.01485355 -0.17408092
v 0.02591629 0.00208579 -0.19561365
v 0.00864573 -0.01485355 -0.16567689
v -0.01377425 -0.01500000 -0.19050810
v -0.00309391 -0.01500000 -0.18303171
v -0.00211847 -0.01485355 -0.18149321
v -0.01689491 -0.01500000 -0.19217801
v -0.00234532 -0.01500000 -0.18478870
v -0.00256921 -0.01485355 -0.18384612
v -0.00270264 -0.01485355 -0.18260093
v -0.00036081 -0.01500000 -0.18745267
v -0.00055436 -0.01500000 -0.18550445
v -0.00176360 -0.01485355 -0.18480492
v 0.01195730 -0.01500000 -0.18763874
v -0.00056004 -0.01485355 -0.18515095
v 0.01309932 -0.01500000 -0.19020255
v 0.02282860 -0.01500000 -0.19413336
v 0.01787498 -0.01485355 -0.19007918
v 0.00900132 -0.01485355 -0.18632884
v 0.02421339 -0.01500000 -0.19824703
v 0.03063785 -0.01500000 -0.20413898
v 0.02538302 -0.01485355 -0.19611543
v 0.03103081 -0.01500000 -0.21017414
v 0.03229816 -0.01500000 -0.20542561
v 0.03095183 -0.01485355 -0.20397644
v 0.03434173 -0.01500000 -0.20500107
v 0.03329450 -0.01485355 -0.20509122
v 0.03193568 -0.01485355 -0.20492782
v 0.03635808 -0.01500000 -0.20912160
v 0.03535219 -0.01500000 -0.20315978
v 0.03447586 -0.01485355 -0.20440021
v 0.03727259 -0.01500000 -0.19281355
v 0.03564486 -0.01500000 -0.17995942
v 0.03499936 -0.01485346 -0.20313571
v 0.03688883 -0.01500000 -0.17344345
v 0.03499913 -0.01500000 -0.16583630
v 0.03475158 -0.01485353 -0.16776654
v 0.03541684 -0.01485350 -0.18545303
v 0.03558948 -0.01500000 -0.14998840
v 0.03409162 -0.01500000 -0.15006855
v 0.03326510 -0.01500000 -0.11509805
v 0.03398060 -0.01500000 -0.14803490
v 0.03374310 -0.01485801 -0.15008757
v 0.03386602 -0.01500000 -0.14600109
v 0.03351755 -0.01485801 -0.14602104
v 0.03350791 -0.01500000 -0.13999532
v 0.03306726 -0.01500000 -0.14430884
v 0.03285171 -0.01500000 -0.14184269
v 0.03131802 -0.01500000 -0.14364441
v 0.03238153 -0.01485355 -0.14425065
v -0.00149939 0.00257079 -0.18452720
v -0.00199092 0.00209904 -0.18330039
v 0.03317878 -0.01485355 -0.14498805
v 0.03106479 -0.01500000 -0.14264947
v 0.02882711 -0.01500000 -0.14369631
v 0.02883448 -0.01485344 -0.14404991
v 0.03132538 -0.01485355 -0.14399788
v 0.02878255 -0.01500000 -0.14269702
v 0.02736788 -0.01441347 -0.14273490
v 0.02741313 -0.01441416 -0.14373417
v 0.02752389 -0.01431073 -0.14407711
v 0.03105742 -0.01485355 -0.14229599
v 0.02877527 -0.01485771 -0.14234775
v 0.02746175 -0.01431368 -0.14237513
v 0.03292115 -0.01485355 -0.14113238
v 0.03214946 -0.01485355 -0.14197072
v 0.03312391 -0.01500000 -0.11328175
v 0.03128868 -0.01500000 -0.10910773
v 0.02853993 -0.01499581 -0.07809495
v -0.00173232 0.00230406 -0.18187556
v -0.00059453 0.00150000 -0.18300478
v 0.03315494 -0.01485346 -0.14001721
v 0.03001355 -0.01500000 -0.07698530
v 0.02860255 -0.01500000 -0.07806806
v 0.02884256 -0.01364989 -0.07106762
v 0.03346419 -0.01485345 -0.11311086
v 0.03020995 -0.01495028 -0.07683063
v 0.02512139 -0.00850000 -0.04792301
v 0.03594277 -0.01485331 -0.14996943
v -0.00160081 0.00208898 -0.18200657
v 0.03765038 -0.01485358 -0.18815267
v 0.00838993 0.00150000 -0.17102563
v 0.03703185 -0.01485358 -0.16904703
v 0.03688732 -0.01485358 -0.20725629
v 0.03231907 -0.01500000 -0.22387049
v 0.03394989 -0.01500000 -0.22613639
v 0.02828368 -0.01500000 -0.23610908
v 0.03163358 -0.01500000 -0.23376714
v 0.03429776 -0.01485359 -0.22619925
v 0.01981583 -0.01500000 -0.24582316
v 0.02762769 -0.01500000 -0.24066299
v 0.02907470 -0.01485350 -0.23922071
v 0.00751511 0.00176795 -0.17054123
v 0.01547957 -0.01500000 -0.25083235
v 0.02214482 -0.01500000 -0.24645419
v 0.01914035 -0.01485351 -0.24912766
v 0.00659025 -0.01500000 -0.25187469
v 0.00064583 -0.01500000 -0.25449276
v 0.00610455 -0.01485351 -0.25431484
v -0.00785669 -0.01500000 -0.25158709
v -0.01430940 -0.01500000 -0.25139201
v -0.00792042 -0.01485352 -0.25394171
v -0.02075556 -0.01500000 -0.24507329
v -0.02649136 -0.01500000 -0.24210031
v -0.02066197 -0.01485352 -0.24806876
v -0.02957395 -0.01500000 -0.23359597
v -0.03343456 -0.01500000 -0.22850528
v -0.03005550 -0.01485353 -0.23764762
v -0.03254370 -0.01500000 -0.21938138
v -0.03383584 -0.01500000 -0.21326564
v -0.03457892 -0.01485354 -0.22436690
v -0.02905626 -0.01500000 -0.20533167
v -0.02763185 -0.01500000 -0.19934446
v -0.03349924 -0.01485354 -0.21037859
v -0.01594659 -0.01500000 -0.18940660
v -0.02699144 -0.01485355 -0.19794932
v -0.01981583 -0.01500000 -0.19417685
v -0.01611001 -0.01485355 -0.18909308
v 0.00031962 -0.01485355 -0.17537957
v -0.00715512 -0.01485355 -0.18312299
v 0.00596989 -0.01485355 -0.16621952
v 0.01046121 -0.01485796 -0.15189330
v 0.00953536 -0.01485343 -0.15606475
v 0.01093014 -0.01484904 -0.14532159
v 0.00832719 -0.01485801 -0.10863538
v 0.00598190 -0.01485275 -0.08168818
v -0.00137115 -0.01485449 -0.04501078
v 0.00331521 -0.01485449 -0.06314716
v -0.01112938 -0.01485801 -0.02080396
v -0.00800204 -0.01485801 -0.02749105
v -0.01087850 -0.01498948 -0.02056852
v -0.01100724 -0.01496209 -0.02064233
v 0.00687468 0.00250000 -0.17018661
v -0.01377425 0.00850000 -0.19050810
v -0.00435870 0.01250000 -0.18774343
v -0.01129838 0.00850000 -0.18947379
v -0.01254698 0.00850000 -0.18996543
v -0.01776769 0.01250000 -0.19272709
v -0.01561396 0.01250000 -0.19143942
v -0.01561396 0.00950000 -0.19143942
v -0.01424709 0.00850000 -0.19073358
v -0.01516664 0.00899900 -0.19119939
v -0.01471624 0.00850000 -0.19096667
v -0.01981583 0.01250000 -0.19417685
v -0.02957445 0.00850000 -0.20640388
v -0.02656276 0.01250000 -0.20118718
v -0.02818953 0.01250000 -0.20372571
v -0.02656276 0.00850000 -0.20118718
v -0.02174620 0.01250000 -0.19578007
v -0.02354734 0.00950000 -0.19752723
v -0.02389495 0.00899900 -0.19789720
v -0.02423630 0.00850000 -0.19827203
v -0.02544131 0.00850000 -0.19969626
v -0.03254113 0.00950000 -0.22075984
v -0.03123612 0.01250000 -0.21084535
v -0.03227155 0.01250000 -0.21575220
v -0.03123612 0.00950000 -0.21084535
v -0.03030481 0.00850000 -0.20812057
v -0.03093562 0.00850000 -0.20987628
v -0.03108955 0.00899900 -0.21035932
v -0.02903334 0.00850000 -0.23471624
v -0.03208538 0.01250000 -0.22548002
v -0.03144066 0.01250000 -0.22842534
v -0.03052620 0.00850000 -0.23129837
v -0.03208538 0.00850000 -0.22548002
v -0.03252532 0.00899900 -0.22126724
v -0.03250164 0.00850000 -0.22177365
v -0.03234664 0.00850000 -0.22363281
v -0.02982876 0.00850000 -0.23302871
v -0.02030374 0.00850000 -0.24544132
v -0.02856058 0.01250000 -0.23561396
v -0.02582308 0.01250000 -0.23981577
v -0.02247277 0.00950000 -0.24354734
v -0.02856058 0.00950000 -0.23561396
v -0.02880061 0.00899900 -0.23516664
v -0.02210280 0.00899900 -0.24389495
v -0.02172796 0.00850000 -0.24423629
v -0.00424781 0.01250000 -0.25227153
v -0.00915464 0.01250000 -0.25123611
v -0.00915464 0.00950000 -0.25123611
v -0.01881283 0.01250000 -0.24656275
v -0.01627429 0.01250000 -0.24818952
v -0.01359612 0.00850000 -0.24957445
v -0.01881283 0.00850000 -0.24656275
v -0.01187943 0.00850000 -0.25030482
v -0.01012372 0.00850000 -0.25093561
v -0.00964067 0.00899900 -0.25108954
v 0.00842534 0.01250000 -0.25144067
v 0.00548003 0.01250000 -0.25208539
v 0.00548003 0.00850000 -0.25208539
v 0.00075984 0.00950000 -0.25254112
v 0.00126724 0.00899900 -0.25252533
v 0.00177366 0.00850000 -0.25250164
v 0.00363281 0.00850000 -0.25234663
v 0.01981583 0.01250000 -0.24582316
v 0.01776769 0.01250000 -0.24727291
v 0.01561396 0.01250000 -0.24856058
v 0.01561396 0.00950000 -0.24856058
v 0.01129838 0.00850000 -0.25052619
v 0.01302871 0.00850000 -0.24982877
v 0.01471624 0.00850000 -0.24903333
v 0.01516664 0.00899900 -0.24880062
v 0.02957445 0.00850000 -0.23359613
v 0.02656276 0.01250000 -0.23881283
v 0.02818953 0.01250000 -0.23627429
v 0.02656276 0.00850000 -0.23881283
v 0.02174620 0.01250000 -0.24421993
v 0.02354734 0.00950000 -0.24247277
v 0.02389495 0.00899900 -0.24210280
v 0.02423630 0.00850000 -0.24172796
v 0.02544131 0.00850000 -0.24030374
v 0.03231907 0.01250000 -0.22387049
v 0.03188723 0.01250000 -0.22653504
v 0.03123612 0.01250000 -0.22915465
v 0.03123612 0.00950000 -0.22915465
v 0.03030481 0.00850000 -0.23187943
v 0.03093562 0.00850000 -0.23012371
v 0.03108955 0.00899900 -0.22964068
v 0.03011374 0.01250000 -0.20764495
v 0.03251263 0.01250000 -0.22155929
v 0.03254113 0.00950000 -0.21924016
v 0.03208538 0.01250000 -0.21451998
v 0.03208538 0.00850000 -0.21451998
v 0.03252532 0.00899900 -0.21873276
v 0.03250164 0.00850000 -0.21822634
v 0.03234664 0.00850000 -0.21636719
v 0.02200720 0.01250000 -0.19601756
v 0.02669684 0.01250000 -0.20137914
v 0.00976424 0.01250000 -0.18894950
v 0.01627428 0.01250000 -0.19181050
v 0.00277609 0.01250000 -0.18756929
v -0.00924538 -0.01498948 -0.01931531
v 0.01237781 0.00210711 -0.15672626
v -0.01198702 -0.01376728 -0.01402658
v -0.00955946 -0.00850000 -0.01868678
v 0.01377529 0.00150000 -0.15705331
v -0.01369149 -0.01373079 -0.01511380
v -0.01697619 -0.01231734 -0.00996295
v -0.01718288 -0.01117211 -0.00231665
v -0.01936509 -0.01070645 -0.00117462
v -0.01855746 -0.01151343 -0.00543592
v -0.01886428 -0.01135830 -0.00556312
v -0.01658637 -0.01167804 -0.00491907
v -0.01775687 -0.01198218 -0.00765685
v -0.01669339 -0.01246518 -0.00976223
v -0.01733448 -0.01065989 0.00066524
v -0.01936509 -0.01028454 0.00137737
v -0.01971607 -0.01044035 -0.00066418
v -0.01902761 -0.00991409 0.00387702
v -0.01869429 -0.00815008 0.00324473
v -0.01925712 -0.00967576 0.00431240
v -0.01919028 -0.00736928 0.00418561
v -0.01733448 -0.00850000 0.00066524
v -0.01778262 -0.00850000 0.00151534
v -0.01717905 -0.00850000 -0.00234006
v -0.01586529 -0.01210193 -0.00692966
v -0.01658635 -0.00850000 -0.00491917
v -0.01490377 -0.01253898 -0.00883535
v -0.01490705 -0.00850000 -0.00882972
v -0.01586687 -0.00850000 -0.00692592
v -0.01215523 -0.00850000 -0.01371576
v 0.01426171 0.00150000 -0.15491705
v 0.01472012 0.00150000 -0.15277389
v -0.01979583 -0.00978034 0.00142616
v -0.01897292 -0.01102378 -0.00566514
v -0.01982001 -0.01016641 -0.00098961
v -0.01933254 -0.00934970 0.00445547
v -0.01933254 -0.00650000 0.00445547
v -0.01979508 0.00977877 0.00143646
v -0.01897291 0.01102378 -0.00566514
v -0.01815332 -0.01149305 -0.00793728
v -0.01981962 0.01016764 -0.00099698
v -0.01912149 -0.00650000 0.00527234
v -0.01933254 0.00650000 0.00445547
v -0.01923138 -0.00649974 0.00486539
v -0.01853713 -0.00793523 0.00510765
v -0.01192167 -0.00850000 0.00492661
v -0.01719645 -0.00850000 0.00472994
v -0.01756532 -0.00850000 0.00313640
v -0.00785328 -0.00850000 0.01023406
v -0.01887707 0.01134293 -0.00556748
v -0.01815306 0.01149318 -0.00793788
v -0.01971613 0.01044011 -0.00066279
v 0.01335606 0.00206476 -0.15249209
v -0.01933254 0.00934970 0.00445547
v -0.01925712 0.00967576 0.00431239
v -0.01919017 0.00736960 0.00418540
v -0.01923138 0.00649976 0.00486539
v -0.01853713 0.00793523 0.00510766
v -0.01912149 0.00650000 0.00527234
v -0.01817215 -0.00650000 0.00791141
v -0.01817220 0.00650000 0.00791129
v -0.01634506 0.00793524 0.01007074
v -0.01638102 -0.00789288 0.01009314
v -0.01686040 -0.00650000 0.01039173
v 0.01519417 0.00150000 -0.14964259
v -0.01706296 0.01197571 -0.01009544
v -0.01697592 0.01231768 -0.00996271
v -0.01936426 0.01070855 -0.00118671
v -0.01855747 0.01151342 -0.00543590
v -0.01775688 0.01198218 -0.00765685
v -0.01936813 0.01029102 0.00133579
v -0.01902761 0.00991409 0.00387702
v -0.01733448 0.01065989 0.00066524
v -0.01733448 0.00850000 0.00066524
v -0.01778268 0.00850000 0.00151546
v -0.01869406 0.00815028 0.00324430
v -0.01718289 0.01117211 -0.00231664
v -0.01658621 0.01167817 -0.00491971
v -0.01717915 0.00850000 -0.00233937
v -0.01192167 0.00850000 0.00492661
v -0.01279047 0.00850000 -0.00167382
v -0.01719659 0.00850000 0.00472950
v -0.01756526 0.00850000 0.00313646
v -0.00785328 0.00850000 0.01023406
v -0.01369149 0.01373079 -0.01511380
v -0.01198697 0.01376730 -0.01402664
v -0.00924539 0.01498948 -0.01931532
v -0.00927978 0.00850000 -0.01924618
v -0.01087850 0.01498948 -0.02056852
v -0.00922238 0.01499736 -0.01936160
v -0.00900208 0.00850000 -0.01980655
v -0.01490433 0.01253875 -0.00883438
v -0.01215523 0.00850000 -0.01371576
v -0.00955946 0.00850000 -0.01868678
v -0.01669338 0.01246518 -0.00976225
v -0.01586522 0.01210194 -0.00692966
v -0.01490705 0.00850000 -0.00882972
v -0.01586687 0.00850000 -0.00692592
v -0.01658635 0.00850000 -0.00491917
v -0.01103422 0.01494998 -0.02065788
v -0.01113641 0.01487705 -0.02072313
v -0.01084762 0.01499736 -0.02060877
v -0.00919913 0.01500000 -0.01940841
v -0.01081640 0.01500000 -0.02064944
v -0.00900208 0.01500000 -0.01980655
v -0.00921407 0.01500000 -0.02398305
v -0.00800204 0.01485801 -0.02749105
v -0.01113742 0.01484904 -0.02080793
v 0.01532984 0.00150000 -0.14647813
v -0.00739250 0.01500000 -0.02315730
v -0.00768494 0.01500000 -0.02735084
v 0.00189028 0.01500000 -0.04762290
v 0.00156196 0.01500000 -0.05392678
v 0.00192808 0.01500000 -0.04637070
v 0.00016712 0.01500000 -0.04213173
v -0.00144875 0.01500000 -0.03748652
v -0.00319489 0.01500000 -0.03288868
v -0.00449308 0.01500000 -0.02970184
v -0.00585364 0.01500000 -0.02654112
v 0.00765078 0.01500000 -0.07967647
v 0.00633262 0.01500000 -0.08165774
v 0.00331515 0.01485442 -0.06314725
v 0.00745915 0.01500000 -0.07782638
v 0.00797980 0.01500000 -0.07600981
v 0.00720987 0.01500000 -0.07188898
v 0.00498689 0.01500000 -0.05965902
v 0.01391571 0.00208579 -0.14649351
v 0.01407589 0.00279289 -0.14508975
v 0.01459342 0.00227526 -0.14507896
v -0.00137118 0.01485442 -0.04501092
v 0.00782187 0.01500000 -0.08152772
v 0.00867492 0.01500000 -0.10860518
v 0.00831825 0.01484904 -0.10863616
v 0.00598534 0.01485618 -0.08168788
v 0.01143291 0.01500000 -0.12495147
v 0.01007670 0.01500000 -0.12699601
v 0.01093909 0.01485801 -0.14532106
v 0.01016930 0.01500000 -0.10847549
v 0.01250614 0.01500000 -0.14064090
v 0.01128753 0.01500000 -0.14530055
v 0.01282999 0.01500000 -0.14650531
v 0.01126439 0.01500000 -0.14864823
v 0.01045236 0.01484906 -0.15189147
v 0.01330925 0.01500000 -0.14232352
v 0.01505328 0.01500000 -0.14298314
v 0.01353468 0.01500000 -0.14473890
v 0.01270583 0.01500000 -0.14940149
v 0.01080304 0.01500000 -0.15196362
v 0.01227165 0.01500000 -0.15226917
v 0.01035507 0.01500000 -0.15405771
v 0.00953978 0.01485805 -0.15606578
v 0.01530037 0.00208579 -0.14506422
v 0.01182027 0.01500000 -0.15437867
v 0.00987940 0.01500000 -0.15614627
v 0.01134145 0.01500000 -0.15648226
v 0.00461458 0.01500000 -0.16957992
v 0.00620284 0.01500000 -0.16981460
v -0.00423523 0.01500000 -0.18097742
v 0.00031962 0.01485355 -0.17537957
v 0.00596989 0.01485355 -0.16621952
v -0.02800326 0.01500000 -0.19984892
v -0.01594659 0.01500000 -0.18940660
v -0.00715512 0.01485355 -0.18312299
v -0.00236949 0.01500000 -0.18124424
v -0.02258621 0.01500000 -0.19392167
v -0.01611001 0.01485355 -0.18909308
v -0.02699144 0.01485355 -0.19794932
v -0.01913352 0.01500000 -0.19638366
v -0.03190259 0.01500000 -0.20686831
v -0.01863364 0.01500000 -0.19572771
v -0.00309391 0.01500000 -0.18303171
v -0.01667568 0.01500000 -0.19825868
v -0.03407451 0.01500000 -0.21459833
v -0.03349924 0.01485355 -0.21037860
v -0.01924069 0.01500000 -0.19720028
v -0.01892400 0.01500000 -0.19796725
v -0.01826007 0.01500000 -0.19847345
v -0.01743641 0.01500000 -0.19857772
v -0.02972705 0.01500000 -0.21748339
v -0.03307270 0.01500000 -0.22981660
v -0.03457890 0.01485355 -0.22436690
v -0.03022872 0.01500000 -0.21683016
v -0.03033907 0.01500000 -0.21601287
v -0.03002674 0.01500000 -0.21524936
v -0.02937060 0.01500000 -0.21474066
v -0.01866160 0.01500000 -0.20571883
v -0.01430636 0.01500000 -0.20135656
v -0.02427229 0.01500000 -0.23863363
v -0.02561646 0.01500000 -0.24310875
v -0.03005549 0.01485355 -0.23764761
v -0.02459132 0.01500000 -0.23787290
v -0.02448706 0.01500000 -0.23704924
v -0.02398085 0.01500000 -0.23638532
v -0.02329290 0.01500000 -0.22310823
v -0.02896080 0.01500000 -0.21780178
v -0.02813339 0.01500000 -0.21769026
v -0.00898768 0.01500000 -0.24171247
v -0.01311730 0.01500000 -0.25190845
v -0.02066195 0.01485355 -0.24806874
v -0.02279972 0.01500000 -0.23924069
v -0.02203275 0.01500000 -0.23892400
v -0.02361634 0.01500000 -0.23913352
v -0.00316983 0.01500000 -0.25022873
v 0.00190826 0.01500000 -0.25444654
v -0.00792041 0.01485355 -0.25394168
v -0.00398713 0.01500000 -0.25033906
v -0.00475064 0.01500000 -0.25002673
v -0.00525933 0.01500000 -0.24937060
v -0.00537086 0.01500000 -0.24854319
v -0.00505247 0.01500000 -0.24777694
v -0.00439925 0.01500000 -0.24727528
v 0.00305643 0.01500000 -0.24329926
v 0.02794958 0.01500000 -0.24022356
v 0.01653672 0.01500000 -0.25027791
v 0.00610454 0.01485355 -0.25431478
v 0.01863364 0.01500000 -0.24427229
v 0.01787290 0.01500000 -0.24459133
v 0.01704924 0.01500000 -0.24448706
v 0.01638532 0.01500000 -0.24398085
v 0.01606863 0.01500000 -0.24321389
v 0.01914033 0.01485355 -0.24912761
v 0.01743641 0.01500000 -0.24142230
v 0.03394989 0.01500000 -0.22613639
v 0.02907466 0.01485355 -0.23922068
v 0.01924069 0.01500000 -0.24279971
v 0.01892400 0.01500000 -0.24203275
v 0.01826007 0.01500000 -0.24152654
v 0.01913352 0.01500000 -0.24361634
v 0.02972705 0.01500000 -0.22251661
v 0.03636505 0.01500000 -0.20903330
v 0.03429790 0.01485346 -0.22619928
v 0.03022872 0.01500000 -0.22316983
v 0.03033907 0.01500000 -0.22398713
v 0.03002674 0.01500000 -0.22475064
v 0.02937060 0.01500000 -0.22525933
v 0.01866160 0.01500000 -0.23428117
v 0.01667568 0.01500000 -0.24174131
v 0.01430636 0.01500000 -0.23864344
v 0.03535219 0.01500000 -0.20315978
v 0.03727588 0.01500000 -0.19259581
v 0.03688748 0.01485350 -0.20725632
v 0.02896080 0.01500000 -0.22219822
v 0.02813339 0.01500000 -0.22230975
v 0.02329290 0.01500000 -0.21689178
v 0.03434160 0.01500000 -0.20500118
v 0.03564715 0.01500000 -0.18003362
v 0.03688445 0.01500000 -0.17320397
v 0.03765040 0.01485353 -0.18815243
v 0.03500578 0.01500000 -0.16595498
v 0.03558948 0.01500000 -0.14998840
v 0.03703186 0.01485355 -0.16904679
v 0.03350791 0.01500000 -0.13999532
v 0.03311183 0.01500000 -0.11312955
v 0.03594277 0.01485331 -0.14996943
v 0.03285160 0.01500000 -0.14184281
v 0.03386603 0.01500000 -0.14600112
v 0.03398059 0.01500000 -0.14803481
v 0.03409171 0.01500000 -0.15007003
v 0.02860225 0.01500000 -0.07806829
v 0.03001347 0.01500000 -0.07698536
v 0.03020702 0.01495182 -0.07683291
v 0.03121997 0.01500000 -0.10825706
v 0.03346395 0.01485354 -0.11311088
v 0.03137010 0.00150000 -0.14614387
v 0.02517495 0.00850000 -0.04789877
v 0.02884256 0.01364989 -0.07106762
v 0.02512139 0.00850000 -0.04792301
v 0.02781441 0.01408965 -0.07407679
v 0.02836329 0.01459202 -0.07619189
v 0.02853993 0.01499581 -0.07809497
v 0.02815938 0.01432241 -0.07498718
v 0.03315954 0.01485801 -0.14001691
v 0.03134064 0.00208579 -0.14472996
v 0.03271208 0.00279289 -0.14484036
v 0.03274163 0.00227526 -0.14535716
v 0.03131802 0.01500000 -0.14364441
v 0.03106479 0.01500000 -0.14264947
v 0.03214946 0.01485355 -0.14197072
v 0.03306736 0.01500000 -0.14430894
v 0.03292115 0.01485355 -0.14113238
v 0.01527775 0.01500000 -0.14397867
v 0.01504591 0.01485355 -0.14262965
v 0.03105742 0.01485355 -0.14229599
v 0.01319699 0.01485355 -0.14164647
v 0.01399342 0.01485355 -0.14237884
v 0.01052153 0.01485355 -0.10844484
v 0.01285909 0.01485346 -0.14061867
v 0.00817860 0.01484904 -0.08149746
v 0.00780613 0.01485801 -0.07778851
v 0.03280300 0.00210713 -0.14606191
v 0.00944683 0.01500000 -0.07358614
v 0.00962247 0.01500000 -0.07507592
v 0.00865237 0.01485355 -0.07584108
v 0.00798064 0.01500000 -0.07319577
v 0.00797420 0.01485355 -0.07670331
v 0.03148444 0.00150000 -0.14817332
v 0.01339406 0.01500000 -0.07307360
v 0.01358721 0.01500000 -0.07456110
v 0.01362647 0.01485364 -0.07491244
v 0.00966800 0.01485355 -0.07542653
v 0.02548905 0.01395985 -0.07301566
v 0.02552203 0.01381398 -0.07336787
v 0.02502481 0.00350000 -0.07156335
v 0.02502481 0.01316781 -0.07156335
v 0.00944683 0.00350000 -0.07358614
v 0.00799201 0.00350000 -0.07320482
v 0.00720987 0.00350000 -0.07188899
v 0.00499259 0.00350000 -0.05968488
v 0.00188975 0.00350000 -0.04762094
v 0.00270129 0.01500000 -0.04538759
v 0.00199880 0.00350000 -0.04620077
v 0.00110767 0.01500000 -0.04325722
v 0.00256329 0.01500000 -0.04343832
v 0.00270736 0.01495231 -0.04339544
v 0.00285940 0.01494657 -0.04529275
v 0.00205060 0.00350000 -0.04609858
v 0.00124240 0.00350000 -0.04332426
v 0.00284803 0.00350000 -0.04334176
v -0.00095117 0.01400226 -0.03887270
v 0.00016712 0.00350000 -0.04213173
v -0.00204536 0.01338495 -0.03587126
v -0.00319479 0.01278086 -0.03288893
v -0.00457572 0.00850000 -0.02950487
v -0.00335286 0.00850000 -0.03249113
v -0.00335286 0.01270100 -0.03249113
v -0.00327376 0.01274087 -0.03268985
v -0.00585364 0.00850000 -0.02654112
v -0.00739246 0.00850000 -0.02315738
v 0.02896080 0.01250000 -0.22219822
v 0.02813825 0.01250000 -0.22230749
v 0.02973116 0.01250000 -0.22252005
v 0.03023332 0.01250000 -0.22318122
v 0.03033744 0.01250000 -0.22399953
v 0.03001935 0.01250000 -0.22476044
v 0.02173628 0.01500000 -0.22892883
v 0.02854319 0.01500000 -0.22537085
v 0.02936574 0.01250000 -0.22526160
v 0.02777694 0.01500000 -0.22505246
v 0.02854319 0.01250000 -0.22537085
v 0.02727527 0.01500000 -0.22439925
v 0.02777283 0.01250000 -0.22504902
v 0.02716492 0.01500000 -0.22358194
v 0.02727067 0.01250000 -0.22438787
v 0.02747725 0.01500000 -0.22281843
v 0.02716655 0.01250000 -0.22356954
v 0.02748464 0.01250000 -0.22280863
v 0.01892400 0.01250000 -0.24203275
v 0.01826511 0.01250000 -0.24152839
v 0.01924116 0.01250000 -0.24280505
v 0.01912873 0.01250000 -0.24362764
v 0.01862371 0.01250000 -0.24427991
v 0.01786075 0.01250000 -0.24459302
v 0.01704421 0.01250000 -0.24448523
v 0.01638532 0.01250000 -0.24398085
v 0.01617579 0.01500000 -0.24239726
v 0.01606816 0.01250000 -0.24320856
v 0.01618059 0.01250000 -0.24238597
v 0.01668561 0.01250000 -0.24173370
v 0.01744857 0.01250000 -0.24142058
v -0.00251661 0.01500000 -0.24972706
v -0.00219822 0.01500000 -0.24896079
v -0.00219822 0.01250000 -0.24896079
v -0.00230975 0.01500000 -0.24813339
v -0.00230748 0.01250000 -0.24813825
v -0.00252006 0.01250000 -0.24973115
v -0.00318121 0.01250000 -0.25023332
v -0.00399954 0.01250000 -0.25033745
v -0.00476044 0.01250000 -0.25001934
v -0.00526159 0.01250000 -0.24936573
v -0.00537086 0.01250000 -0.24854319
v -0.00504902 0.01250000 -0.24777283
v -0.00358195 0.01500000 -0.24716492
v -0.00438787 0.01250000 -0.24727067
v -0.00281844 0.01500000 -0.24747725
v -0.00356954 0.01250000 -0.24716654
v -0.00280864 0.01250000 -0.24748464
v -0.02203275 0.01250000 -0.23892400
v -0.02152655 0.01500000 -0.23826008
v -0.02152839 0.01250000 -0.23826511
v -0.02280505 0.01250000 -0.23924115
v -0.02362764 0.01250000 -0.23912872
v -0.02427991 0.01250000 -0.23862371
v -0.02459303 0.01250000 -0.23786074
v -0.02448522 0.01250000 -0.23704420
v -0.02321390 0.01500000 -0.23606864
v -0.02398085 0.01250000 -0.23638532
v -0.01864082 0.01500000 -0.23430970
v -0.02239727 0.01500000 -0.23617579
v -0.02320855 0.01250000 -0.23606816
v -0.02174132 0.01500000 -0.23667568
v -0.02238597 0.01250000 -0.23618059
v -0.02142229 0.01500000 -0.23743641
v -0.02173370 0.01250000 -0.23668560
v -0.02142058 0.01250000 -0.23744857
v -0.02896080 0.01250000 -0.21780178
v -0.02813825 0.01250000 -0.21769251
v -0.02973116 0.01250000 -0.21747994
v -0.03023332 0.01250000 -0.21681879
v -0.03033744 0.01250000 -0.21600047
v -0.03001935 0.01250000 -0.21523955
v -0.02173628 0.01500000 -0.21107116
v -0.02854319 0.01500000 -0.21462914
v -0.02936574 0.01250000 -0.21473840
v -0.02777694 0.01500000 -0.21494754
v -0.02854319 0.01250000 -0.21462914
v -0.02727527 0.01500000 -0.21560076
v -0.02777283 0.01250000 -0.21495098
v -0.02716492 0.01500000 -0.21641806
v -0.02727067 0.01250000 -0.21561213
v -0.02747725 0.01500000 -0.21718156
v -0.02716655 0.01250000 -0.21643046
v -0.02748464 0.01250000 -0.21719137
v -0.01892400 0.01250000 -0.19796725
v -0.01826511 0.01250000 -0.19847161
v -0.01924116 0.01250000 -0.19719495
v -0.01912873 0.01250000 -0.19637236
v -0.00234532 0.01500000 -0.18478870
v -0.01787290 0.01500000 -0.19540869
v -0.01862371 0.01250000 -0.19572009
v -0.01704924 0.01500000 -0.19551294
v -0.01786075 0.01250000 -0.19540697
v -0.01638532 0.01500000 -0.19601914
v -0.01704421 0.01250000 -0.19551478
v -0.00055436 0.01500000 -0.18550445
v -0.01606863 0.01500000 -0.19678611
v -0.01638532 0.01250000 -0.19601914
v -0.01617579 0.01500000 -0.19760273
v -0.01606816 0.01250000 -0.19679144
v 0.00316983 0.01500000 -0.18977128
v -0.01618059 0.01250000 -0.19761403
v -0.01668561 0.01250000 -0.19826630
v -0.01744857 0.01250000 -0.19857942
v 0.00251661 0.01500000 -0.19027294
v 0.00219822 0.01500000 -0.19103920
v 0.00219822 0.01250000 -0.19103920
v 0.00230975 0.01500000 -0.19186661
v 0.00230748 0.01250000 -0.19186175
v 0.00252006 0.01250000 -0.19026884
v 0.01195730 0.01500000 -0.18763874
v 0.00398713 0.01500000 -0.18966092
v 0.00318121 0.01250000 -0.18976668
v 0.00475064 0.01500000 -0.18997326
v 0.00399954 0.01250000 -0.18966256
v 0.00525933 0.01500000 -0.19062941
v 0.00476044 0.01250000 -0.18998066
v 0.00537086 0.01500000 -0.19145681
v 0.00526159 0.01250000 -0.19063427
v 0.00505247 0.01500000 -0.19222306
v 0.00537086 0.01250000 -0.19145681
v 0.00439925 0.01500000 -0.19272473
v 0.00504902 0.01250000 -0.19222717
v -0.00305643 0.01500000 -0.19670075
v 0.00358195 0.01500000 -0.19283508
v 0.00438787 0.01250000 -0.19272932
v 0.00898768 0.01500000 -0.19828753
v 0.00281844 0.01500000 -0.19252275
v 0.00356954 0.01250000 -0.19283345
v 0.00280864 0.01250000 -0.19251536
v 0.02282860 0.01500000 -0.19413336
v 0.02279972 0.01500000 -0.20075931
v 0.02203275 0.01500000 -0.20107600
v 0.02203275 0.01250000 -0.20107600
v 0.02152655 0.01500000 -0.20173992
v 0.02152839 0.01250000 -0.20173489
v 0.02361634 0.01500000 -0.20086648
v 0.02280505 0.01250000 -0.20075884
v 0.03063785 0.01500000 -0.20413898
v 0.02427229 0.01500000 -0.20136636
v 0.02362764 0.01250000 -0.20087127
v 0.02459132 0.01500000 -0.20212710
v 0.02427991 0.01250000 -0.20137629
v 0.02448706 0.01500000 -0.20295076
v 0.02459303 0.01250000 -0.20213926
v 0.02398085 0.01500000 -0.20361468
v 0.02448522 0.01250000 -0.20295580
v 0.02321390 0.01500000 -0.20393138
v 0.02398085 0.01250000 -0.20361468
v 0.01864082 0.01500000 -0.20569029
v 0.02239727 0.01500000 -0.20382421
v 0.02320855 0.01250000 -0.20393184
v 0.02174132 0.01500000 -0.20332432
v 0.02238597 0.01250000 -0.20381941
v 0.02142229 0.01500000 -0.20256358
v 0.02173370 0.01250000 -0.20331439
v 0.02142058 0.01250000 -0.20255142
v 0.03373862 0.01485357 -0.15008780
v 0.03317878 0.01485355 -0.14498805
v 0.03351295 0.01485345 -0.14602131
v 0.03475161 0.01485355 -0.16776662
v 0.03541689 0.01485355 -0.18545318
v 0.03500396 0.01485801 -0.20313603
v 0.03229800 0.01500000 -0.20542558
v 0.03329450 0.01485351 -0.20509119
v 0.03159522 0.00150000 -0.15020260
v 0.03447581 0.01485349 -0.20440017
v 0.03193569 0.01485353 -0.20492780
v 0.03095183 0.01485355 -0.20397644
v 0.01787498 0.01485355 -0.19007918
v 0.02538302 0.01485355 -0.19611543
v 0.00900132 0.01485355 -0.18632884
v -0.00056004 0.01485355 -0.18515095
v -0.00256921 0.01485355 -0.18384612
v -0.00176360 0.01485355 -0.18480492
v -0.00270264 0.01485355 -0.18260093
v -0.00211847 0.01485355 -0.18149321
v 0.00864573 0.01485355 -0.16567689
v 0.00399224 0.01485355 -0.17408092
v 0.01261372 0.01485804 -0.15233855
v 0.01168548 0.01485350 -0.15656410
v 0.01318352 0.01485355 -0.14650147
v 0.01422422 0.01485355 -0.14463833
v 0.01345592 0.01485355 -0.14543140
v 0.03132538 0.01485355 -0.14399788
v 0.01528512 0.01485355 -0.14433216
v 0.03238153 0.01485355 -0.14425065
v -0.01430636 0.01250000 -0.20135656
v -0.02171474 0.01250000 -0.21101852
v -0.00300000 0.01250000 -0.19669355
v -0.00896566 0.01250000 -0.19827849
v 0.00902987 0.01250000 -0.19830480
v 0.01864600 0.01250000 -0.20569704
v 0.02329867 0.01250000 -0.21693701
v 0.02171474 0.01250000 -0.22898149
v 0.01430636 0.01250000 -0.23864344
v 0.00300000 0.01250000 -0.24330644
v 0.00896566 0.01250000 -0.24172151
v -0.00902987 0.01250000 -0.24169520
v -0.01864600 0.01250000 -0.23430295
v -0.02329867 0.01250000 -0.22306301
v -0.00966708 0.01450000 -0.02419500
v -0.01126474 0.01450000 -0.02087079
v -0.01123605 0.01472227 -0.02080593
v -0.00814011 0.01450000 -0.02755209
v -0.01126474 -0.01450000 -0.02087079
v -0.01406904 0.01324159 -0.01543287
v -0.01406904 -0.01324159 -0.01543287
v -0.00966709 -0.01450000 -0.02419499
v -0.00814011 -0.01450000 -0.02755209
v -0.00295979 0.01450000 -0.04068957
v -0.01706296 -0.01197571 -0.01009544
v -0.01123605 -0.01472227 -0.02080593
v -0.00295976 -0.01450000 -0.04068967
v -0.01113641 -0.01487705 -0.02072313
v 0.03295937 0.00150000 -0.17492449
v 0.03298610 0.00206477 -0.15012822
v 0.00110940 -0.01450000 -0.05417572
v 0.00583680 -0.01450000 -0.08170078
v 0.00583680 0.01450000 -0.08170078
v 0.00817680 -0.01450000 -0.10864844
v 0.00110936 0.01450000 -0.05417559
v 0.00953109 -0.01450001 -0.12638128
v 0.00953465 0.01450001 -0.12643079
v 0.00817680 0.01450000 -0.10864844
v 0.01078839 -0.01450000 -0.14532994
v 0.01078839 0.01450000 -0.14532994
v 0.01076574 -0.01450000 -0.14861195
v 0.01076574 0.01450000 -0.14861195
v 0.01031328 -0.01450000 -0.15186271
v 0.01031328 0.01450000 -0.15186271
v 0.03302114 0.00150000 -0.17636281
v 0.00987043 -0.01450000 -0.15393333
v 0.00987043 0.01450000 -0.15393333
v 0.00417982 -0.01450000 -0.16933300
v 0.00939285 -0.01450000 -0.15603136
v 0.00939285 0.01450000 -0.15603136
v 0.00417982 0.01450000 -0.16933300
v -0.01617770 -0.01450000 -0.18896322
v -0.01881370 -0.01450000 -0.19048654
v -0.02130735 -0.01450000 -0.19223316
v -0.00458216 -0.01450000 -0.18061739
v -0.01617770 0.01450000 -0.18896322
v -0.01881370 0.01450000 -0.19048654
v -0.00458216 0.01450000 -0.18061739
v 0.03444191 -0.01450000 -0.22622532
v 0.03741225 -0.01449993 -0.20230627
v 0.02130735 -0.01450000 -0.24776684
v 0.02988318 -0.01450000 -0.23822075
v 0.00714968 -0.01450000 -0.25426197
v -0.00842407 -0.01450000 -0.25397110
v -0.02232933 -0.01450000 -0.24695183
v -0.03181199 -0.01450000 -0.23459442
v -0.03499390 -0.01450000 -0.21934642
v -0.03124483 -0.01450000 -0.20422786
v 0.03444191 0.01450000 -0.22622532
v 0.03695491 0.01449993 -0.20812215
v 0.02988318 0.01450000 -0.23822075
v 0.02130735 0.01450000 -0.24776684
v 0.00714968 0.01450000 -0.25426197
v -0.00842407 0.01450000 -0.25397110
v -0.02232933 0.01450000 -0.24695183
v -0.03181199 0.01450000 -0.23459442
v -0.03499390 0.01450000 -0.21934642
v -0.03124483 0.01450000 -0.20422786
v -0.02130735 0.01450000 -0.19223316
v 0.03608876 -0.01450000 -0.14996159
v 0.03757346 -0.01449993 -0.17775585
v 0.03691585 -0.01449993 -0.16428882
v 0.03608876 0.01450000 -0.14996159
v 0.03373209 -0.01449993 -0.11466823
v 0.03373191 0.01449993 -0.11466854
v 0.03728187 0.01449993 -0.17106442
v 0.03779671 0.01449993 -0.19031930
v 0.03036535 -0.01481867 -0.07668941
v 0.03213077 -0.01449993 -0.09508595
v 0.03044395 -0.01449971 -0.07629288
v 0.03044401 0.01449972 -0.07629286
v 0.02552922 -0.00835292 -0.04786977
v 0.03043048 0.01439403 -0.07612479
v 0.03043049 -0.01439368 -0.07612494
v 0.03361496 -0.01449993 -0.11316172
v 0.03219821 0.01449993 -0.09587133
v 0.03361233 0.01449993 -0.11312994
v 0.02517495 -0.00850000 -0.04789877
v 0.03476812 0.00252191 -0.17654543
v 0.03400227 0.00175548 -0.17657571
v 0.03042109 0.01429957 -0.07602578
v 0.03042109 -0.01429949 -0.07602578
v 0.02804354 0.01114979 -0.06194872
v 0.02804354 -0.01114974 -0.06194872
v 0.02567708 0.00800000 -0.04786980
v 0.02552919 0.00835290 -0.04786942
v 0.03036548 0.01481857 -0.07668927
v 0.02673934 -0.01296959 -0.06924694
v 0.02505480 -0.01073448 -0.05925528
v 0.02337574 -0.00850000 -0.04926256
v 0.02407622 -0.00850000 -0.04133870
v 0.03285799 0.00150000 -0.20298964
v 0.02567708 -0.00800000 -0.04786980
v 0.02331457 -0.00835206 -0.03463587
v 0.02297989 -0.00850000 -0.03477824
v 0.02456390 -0.00800000 -0.04122356
v 0.02471390 -0.00315000 -0.04212004
v 0.02471390 0.00315000 -0.04212004
v 0.02456390 0.00800000 -0.04122356
v 0.02836329 -0.01459202 -0.07619189
v 0.02804857 -0.01442146 -0.07627051
v 0.02823216 -0.01483039 -0.07814055
v 0.02815938 -0.01432241 -0.07498718
v 0.02784974 -0.01415819 -0.07507633
v 0.02781325 -0.01408913 -0.07407504
v 0.02688323 -0.01369897 -0.07364508
v 0.02706894 -0.01382752 -0.07332543
v 0.02631700 -0.01388904 -0.07304696
v 0.02636789 -0.01321654 -0.07077876
v 0.02502481 -0.01316781 -0.07156335
v 0.02210722 -0.01423852 -0.07194220
v 0.02502481 -0.00350000 -0.07156335
v 0.01936746 -0.00859690 -0.07229795
v 0.02637482 -0.00350000 -0.07076986
v 0.02673934 -0.00350000 -0.06924694
v 0.02494452 -0.00350000 -0.05860027
v 0.02315605 -0.00850000 -0.04795252
v 0.03248420 -0.01450000 -0.14150451
v 0.03086883 -0.01450000 -0.11013885
v 0.03300887 -0.01450000 -0.14002626
v 0.02811113 -0.01450000 -0.07818665
v 0.03300887 -0.00350000 -0.14002626
v 0.03248420 -0.00350000 -0.14150451
v 0.03080006 -0.00350000 -0.10927632
v 0.02802782 -0.01430907 -0.07728940
v 0.03105437 -0.01450000 -0.14214957
v 0.03105437 -0.00350000 -0.14214957
v 0.02653921 -0.00823241 -0.14224367
v 0.02727204 -0.00999978 -0.14222839
v 0.02877222 -0.01450000 -0.14219713
v 0.03104218 -0.00208638 -0.14156450
v 0.02477166 -0.00750000 -0.14228050
v 0.01504286 -0.00350000 -0.14248323
v 0.03246633 -0.00248559 -0.14107625
v 0.02735987 -0.00208598 -0.07642910
v 0.03244519 -0.00210713 -0.14006120
v 0.01777134 -0.01450000 -0.14242639
v 0.01504286 -0.01450000 -0.14248323
v 0.01367872 -0.00350000 -0.14198403
v 0.01364743 -0.01450000 -0.14195587
v 0.02177185 -0.00750000 -0.14234301
v 0.02000426 -0.00823252 -0.14237985
v 0.01927152 -0.00999974 -0.14239512
v 0.01927152 -0.01300010 -0.14239512
v 0.01883205 -0.01406072 -0.14240427
v 0.01503065 -0.00208579 -0.14189759
v 0.02771151 -0.01406072 -0.14221923
v 0.02727204 -0.01300012 -0.14222839
v 0.02691755 -0.01000000 -0.14238647
v 0.02692666 -0.01300000 -0.14237699
v 0.02584825 -0.00814110 -0.14240453
v 0.02663132 -0.00892808 -0.14239129
v 0.02177474 -0.00785358 -0.14248946
v 0.02477484 -0.00784929 -0.14242269
v 0.01990964 -0.00892227 -0.14252111
v 0.02070022 -0.00813692 -0.14250767
v 0.01962864 -0.01300000 -0.14253473
v 0.01961921 -0.01000000 -0.14252588
v 0.01908504 -0.01431071 -0.14254548
v 0.03160209 0.00208579 -0.20363981
v 0.03367555 0.00167561 -0.20304628
v 0.03434465 0.00216600 -0.20309101
v 0.03457804 0.00248647 -0.20310874
v 0.01978144 -0.01300000 -0.14287274
v 0.01982600 -0.01300000 -0.14387202
v 0.01978144 -0.01000000 -0.14287274
v 0.01982600 -0.01000000 -0.14387202
v 0.03349413 0.00208583 -0.20425275
v 0.02036729 -0.00858592 -0.14286402
v 0.02041185 -0.00858592 -0.14386331
v 0.02178210 -0.00800000 -0.14284290
v 0.02182666 -0.00800000 -0.14384221
v 0.02478230 -0.00800000 -0.14278039
v 0.02482685 -0.00800000 -0.14377968
v 0.02619711 -0.00858592 -0.14275928
v 0.02624167 -0.00858592 -0.14375857
v 0.02678295 -0.01000000 -0.14275056
v 0.02682751 -0.01000000 -0.14374985
v 0.02678295 -0.01300000 -0.14275056
v 0.02682751 -0.01300000 -0.14374985
v 0.03205507 0.00250395 -0.20452690
v 0.02698557 -0.01300000 -0.14409283
v 0.02698959 -0.01000000 -0.14409655
v 0.03240625 0.00350000 -0.20493795
v 0.03404824 0.00350000 -0.20459689
v 0.02733743 -0.01300014 -0.14422746
v 0.02777690 -0.01406071 -0.14421831
v 0.01212142 0.00350000 -0.18716601
v 0.02883766 -0.01450000 -0.14419620
v 0.03132843 -0.00350000 -0.14414430
v 0.03132843 -0.01450000 -0.14414430
v 0.02733743 -0.00999983 -0.14422746
v 0.02316709 0.00350000 -0.19376479
v 0.03272812 -0.01450000 -0.14467561
v 0.03143809 -0.00350000 -0.14414501
v 0.03138326 -0.00350000 -0.14414391
v 0.03336684 -0.01450000 -0.14602967
v 0.03336684 -0.00350000 -0.14602967
v 0.03348169 -0.01450000 -0.14806837
v 0.03348169 -0.00350000 -0.14806837
v 0.03276787 -0.00350000 -0.14471339
v 0.03108188 0.00350000 -0.20390911
v 0.03359236 -0.01450000 -0.15009566
v 0.03442956 -0.01450001 -0.16462079
v 0.03359236 -0.00350000 -0.15009566
v 0.03443414 -0.00350000 -0.16470166
v -0.00259446 0.00350000 -0.18302093
v -0.00199157 0.00350000 -0.18443596
v 0.03404824 -0.01450000 -0.20459689
v 0.03509098 -0.01450001 -0.17834084
v 0.03485335 -0.01450000 -0.20312576
v 0.03485335 -0.00350000 -0.20312576
v 0.03403706 -0.00350000 -0.20460512
v 0.03502558 -0.00350000 -0.17659067
v 0.03509360 -0.00350000 -0.17841607
v 0.03108188 -0.01450000 -0.20390911
v 0.02316709 -0.01450000 -0.19376479
v 0.03240625 -0.01450000 -0.20493795
v 0.03108188 -0.00350000 -0.20390911
v 0.02316709 -0.00350000 -0.19376479
v 0.03239949 -0.00350000 -0.20493637
v -0.00056239 -0.01450000 -0.18500452
v -0.00199157 -0.01450000 -0.18443596
v 0.01212142 -0.01450000 -0.18716601
v -0.00056239 -0.00350000 -0.18500452
v -0.00152349 -0.00350000 -0.18477595
v 0.01212142 -0.00350000 -0.18716601
v -0.00201450 -0.01450000 -0.18159634
v 0.00663922 -0.01450000 -0.17005871
v -0.00259446 -0.01450000 -0.18302093
v -0.00201450 -0.00350000 -0.18159634
v 0.00664027 -0.00350000 -0.17005682
v -0.00258652 -0.00350000 -0.18318357
v -0.00225031 -0.00350000 -0.18188299
v -0.00242908 -0.00350000 -0.18220827
v -0.00225794 -0.00350000 -0.18411522
v 0.01182812 -0.01450000 -0.15659751
v 0.01182812 -0.00350000 -0.15659751
v 0.01231235 -0.01450000 -0.15446928
v 0.01231235 -0.00350000 -0.15446928
v 0.01276152 -0.01450000 -0.15236911
v 0.01276152 -0.00350000 -0.15236911
v 0.01320351 -0.01450000 -0.14944977
v 0.01320351 -0.00350000 -0.14944977
v 0.01332996 -0.01450000 -0.14649987
v 0.01389338 -0.01450000 -0.14508651
v 0.01332996 -0.00350000 -0.14649987
v 0.01388647 -0.00350000 -0.14509369
v 0.01528817 -0.01450000 -0.14447856
v 0.01528817 -0.00350000 -0.14447856
v 0.01783668 -0.01450000 -0.14442545
v 0.01933692 -0.00999974 -0.14439419
v 0.02006819 -0.00823419 -0.14437895
v 0.01889745 -0.01406072 -0.14440335
v 0.01969193 -0.01300000 -0.14423557
v 0.01933692 -0.01300013 -0.14439419
v 0.01970030 -0.01000000 -0.14422637
v 0.01997829 -0.00892695 -0.14423127
v 0.02183411 -0.00784928 -0.14419989
v 0.02076159 -0.00814060 -0.14421804
v 0.02591077 -0.00813806 -0.14411488
v 0.02483413 -0.00785801 -0.14412864
v 0.02670014 -0.00892372 -0.14410144
v 0.02660347 -0.00823147 -0.14424276
v 0.02183724 -0.00750000 -0.14434208
v 0.02483702 -0.00750000 -0.14427957
v 0.01530037 -0.00208579 -0.14506422
v 0.03256512 -0.00279289 -0.14470443
v 0.03134064 -0.00208579 -0.14472996
v 0.03204759 -0.00227526 -0.14471522
v 0.01407589 -0.00279289 -0.14508975
v 0.01459342 -0.00227526 -0.14507896
v -0.00056239 0.00350000 -0.18500452
v 0.03278201 -0.00208579 -0.14606312
v 0.03298611 -0.00206476 -0.15012822
v 0.03443807 -0.00208579 -0.17655855
v 0.03457803 -0.00248645 -0.20310874
v 0.03205507 -0.00250396 -0.20452690
v 0.02591629 -0.00208579 -0.19561365
v 0.03160209 -0.00208579 -0.20363981
v 0.03349412 -0.00208583 -0.20425275
v -0.00057181 -0.00208579 -0.18441881
v -0.00149940 -0.00257079 -0.18452720
v 0.01825052 -0.00208579 -0.18945058
v 0.00919042 -0.00208579 -0.18562146
v -0.00173233 -0.00230407 -0.18187554
v -0.00199092 -0.00209904 -0.18330039
v 0.00687468 -0.00250000 -0.17018661
v 0.01241908 -0.00206473 -0.15673593
v 0.01331457 -0.00210713 -0.15248351
v 0.01391571 -0.00208579 -0.14649351
v 0.01532984 -0.00150000 -0.14647813
v 0.01519419 -0.00150000 -0.14964248
v 0.03137010 -0.00150000 -0.14614387
v 0.01471983 -0.00150000 -0.15277557
v 0.03148443 -0.00150000 -0.14817321
v 0.00838993 -0.00150000 -0.17102563
v 0.01377557 -0.00150000 -0.15705240
v 0.01426163 -0.00150000 -0.15491697
v 0.03159530 -0.00150000 -0.15020409
v 0.03303894 -0.00150000 -0.17696141
v 0.01282378 -0.00150000 -0.18529372
v -0.00059453 -0.00150000 -0.18300478
v 0.03367553 -0.00167561 -0.20304628
v 0.03434462 -0.00216597 -0.20309101
v 0.03314321 -0.00150000 -0.17994514
v 0.02448285 -0.00150000 -0.19225897
v 0.03285799 -0.00150000 -0.20298964
v -0.00160083 -0.00208901 -0.18200654
v 0.00751511 -0.00176795 -0.17054123
v 0.01300515 -0.01450000 -0.14060946
v 0.01300515 -0.00350000 -0.14060946
v 0.01187171 -0.00350000 -0.12409158
v 0.01186914 -0.01450000 -0.12405628
v 0.01300894 -0.00350000 -0.14065965
v 0.01301400 -0.00350000 -0.14070971
v 0.01366680 -0.00279289 -0.14179493
v 0.01359043 -0.00208513 -0.14057258
v 0.01363424 -0.00227526 -0.14127833
v 0.01066742 -0.00350000 -0.10843217
v 0.01066742 -0.01450000 -0.10843217
v 0.00832005 -0.00350000 -0.08148515
v 0.00832005 -0.01450000 -0.08148515
v 0.01125099 -0.00208581 -0.10838147
v 0.00814853 -0.00350000 -0.07962909
v 0.00814853 -0.01450000 -0.07962909
v 0.00890363 -0.00208579 -0.08143435
v 0.00795620 -0.00350000 -0.07777213
v 0.00795620 -0.01450000 -0.07777213
v 0.00838507 -0.00350000 -0.07630270
v 0.00837238 -0.01450000 -0.07631867
v -0.00201450 0.00350000 -0.18159634
v 0.00843002 -0.00250000 -0.07671447
v 0.00853789 -0.00208645 -0.07770864
v 0.00664027 0.00350000 -0.17005682
v 0.00968686 -0.01450000 -0.07557176
v 0.00968686 -0.00350000 -0.07557176
v 0.01336784 -0.00820791 -0.07509379
v 0.01261272 -0.01000000 -0.07519184
v 0.01111988 -0.01450000 -0.07538568
v 0.01510080 -0.00750000 -0.07486876
v 0.02551062 -0.00350000 -0.07351705
v 0.00976229 -0.00208579 -0.07615267
v 0.02551062 -0.01346171 -0.07351705
v 0.02219586 -0.01375141 -0.07394747
v 0.02552203 -0.01381395 -0.07336789
v 0.02105419 -0.01335647 -0.07409572
v 0.02121196 -0.01392660 -0.07391210
v 0.02220747 -0.01409896 -0.07380296
v 0.02692658 -0.00350000 -0.07387005
v 0.02619139 -0.01338899 -0.07354570
v 0.01808649 -0.00750000 -0.07448107
v 0.01981943 -0.00820750 -0.07425606
v 0.02057457 -0.01000000 -0.07415800
v 0.02057457 -0.01225794 -0.07415800
v 0.02558605 -0.00208579 -0.07409796
v 0.01217677 -0.01405934 -0.07524845
v 0.01261272 -0.01300000 -0.07519184
v 0.01269619 -0.01392904 -0.07503332
v 0.01293503 -0.01000000 -0.07501297
v 0.01294439 -0.01300000 -0.07500120
v 0.01400866 -0.00812729 -0.07487762
v 0.01321181 -0.00891203 -0.07499148
v 0.01806703 -0.00785818 -0.07433119
v 0.01508252 -0.00784904 -0.07472795
v 0.01990708 -0.00893040 -0.07408582
v 0.01913443 -0.00813996 -0.07419737
v 0.02018920 -0.01225794 -0.07404552
v 0.02019534 -0.01000000 -0.07405058
v 0.02046509 -0.01323842 -0.07400908
v 0.01182812 0.00350000 -0.15659751
v 0.01231235 0.00350000 -0.15446928
v 0.02548905 -0.01395985 -0.07301566
v 0.02217428 -0.01424954 -0.07344608
v 0.02065730 -0.01373258 -0.07361156
v 0.02058844 -0.01371871 -0.07213940
v 0.01276152 0.00350000 -0.15236911
v 0.01320351 0.00350000 -0.14944977
v 0.02001068 -0.01225794 -0.07368443
v 0.01994551 -0.01224723 -0.07222289
v 0.02001068 -0.01000000 -0.07368443
v 0.01994551 -0.01000000 -0.07222289
v 0.01332996 0.00350000 -0.14649987
v 0.01947160 -0.00863077 -0.07376615
v 0.01388647 0.00350000 -0.14509369
v 0.01802211 -0.00800000 -0.07398523
v 0.01881458 -0.00816567 -0.07386549
v 0.01528817 0.00350000 -0.14447856
v 0.01795505 -0.00800000 -0.07248135
v 0.01503642 -0.00800000 -0.07437292
v 0.01496936 -0.00800000 -0.07286904
v 0.01426988 -0.00815456 -0.07448873
v 0.01356978 -0.00858395 -0.07305077
v 0.01360472 -0.00861197 -0.07458935
v 0.01304784 -0.01000000 -0.07467373
v 0.03132843 0.00350000 -0.14414430
v 0.01297890 -0.01000000 -0.07312750
v 0.01304784 -0.01300000 -0.07467373
v 0.01297890 -0.01300000 -0.07312750
v 0.03268736 0.00350000 -0.14463893
v 0.02494944 -0.00208630 -0.07098295
v 0.00937140 -0.00208579 -0.07300523
v 0.02476727 -0.00150000 -0.06958000
v 0.00918923 -0.00150000 -0.07160280
v 0.00789082 -0.00227526 -0.07250500
v 0.00796490 -0.00279289 -0.07301731
v 0.02297222 -0.00150000 -0.05893196
v 0.00779019 -0.00208505 -0.07180508
v 0.00694059 -0.00150000 -0.05923129
v 0.02631155 -0.00248659 -0.07034694
v 0.02616174 -0.00208579 -0.06934449
v 0.03348169 0.00350000 -0.14806837
v 0.03336684 0.00350000 -0.14602967
v 0.00245171 -0.00208584 -0.04745476
v 0.00380762 -0.00150000 -0.04705366
v 0.00260362 -0.00227526 -0.04602898
v 0.00212729 -0.00279289 -0.04623159
v 0.01983734 -0.00150000 -0.04023508
v 0.00325431 -0.00208579 -0.04575219
v 0.01928377 -0.00208579 -0.03893371
v 0.02118353 -0.00150000 -0.04828292
v 0.01905447 -0.00350000 -0.03839466
v 0.00302501 -0.01489105 -0.04521314
v 0.00284803 -0.01490547 -0.04334176
v 0.02216171 -0.00850000 -0.03707293
v 0.01905447 -0.00850000 -0.03839466
v 0.02202891 -0.00850000 -0.03518276
v 0.02079828 -0.00850000 -0.03848187
v 0.02180993 -0.00850000 -0.03990511
v 0.02155996 -0.00850000 -0.03538223
v 0.01968523 -0.00850000 -0.03617969
v 0.00284803 -0.00350000 -0.04334176
v 0.02290892 -0.00790260 -0.03480842
v 0.02315605 -0.00350000 -0.04795253
v 0.02180993 -0.00350000 -0.03990511
v 0.02079871 -0.00350000 -0.03848129
v 0.02293390 -0.00341498 -0.04663543
v 0.02161519 -0.00224725 -0.04141372
v 0.02167027 -0.00237438 -0.04117242
v 0.02169868 -0.00247121 -0.04096685
v 0.02172663 -0.00256547 -0.04081192
v 0.02177524 -0.00268206 -0.04075787
v 0.02183518 -0.00277694 -0.04087600
v 0.02188275 -0.00283356 -0.04103324
v 0.02192329 -0.00287434 -0.04119124
v 0.02197838 -0.00292196 -0.04142952
v 0.02205254 -0.00297780 -0.04177601
v 0.02214739 -0.00304042 -0.04224695
v 0.02220424 -0.00307454 -0.04253986
v 0.02227417 -0.00311408 -0.04290826
v 0.02235994 -0.00315967 -0.04337003
v 0.02246521 -0.00321194 -0.04394891
v 0.02259305 -0.00327151 -0.04466618
v 0.02274808 -0.00333900 -0.04555296
v 0.02102738 -0.00150238 -0.04675803
v 0.02091416 -0.00150815 -0.04557920
v 0.02082722 -0.00151642 -0.04460241
v 0.02075686 -0.00152760 -0.04372523
v 0.02070729 -0.00154075 -0.04300112
v 0.02067962 -0.00155303 -0.04249747
v 0.02066564 -0.00156396 -0.04214572
v 0.02065860 -0.00158139 -0.04172160
v 0.02066783 -0.00160223 -0.04137390
v 0.02069004 -0.00162173 -0.04116809
v 0.02072394 -0.00164342 -0.04102752
v 0.02084736 -0.00170438 -0.04093467
v 0.02101314 -0.00177855 -0.04109303
v 0.02118916 -0.00186433 -0.04134056
v 0.02143148 -0.00202786 -0.04155943
v 0.02123217 -0.00208579 -0.04000176
v 0.02085443 -0.00208579 -0.03925247
v 0.02011861 -0.00208579 -0.03884912
v 0.02345320 -0.00800000 -0.03457690
v 0.02345320 -0.00650000 -0.03457690
v 0.01968523 -0.00350000 -0.03617969
v 0.01953858 -0.00233454 -0.03583492
v 0.00261965 -0.00208813 -0.04280486
v 0.02044686 -0.00850000 -0.03560912
v 0.02014449 -0.00350000 -0.03590680
v 0.02021007 -0.00265630 -0.03559550
v 0.01625643 -0.00850000 -0.00343811
v 0.02085942 -0.00850000 -0.03475156
v 0.01240573 -0.00791421 0.02874332
v 0.01101000 -0.00850000 0.02851543
v 0.01881368 -0.00315000 -0.00664698
v 0.01819041 -0.00650000 -0.00287424
v 0.01298386 -0.00315000 0.02883771
v 0.01298386 -0.00650000 0.02883771
v 0.01198402 -0.00315000 0.03171621
v 0.01198709 -0.00650000 0.03171210
v 0.00549207 -0.00315000 0.02234969
v 0.00603848 -0.00315000 0.02656542
v 0.00664258 -0.00315000 0.02436125
v 0.00587433 -0.00315000 0.00655620
v 0.00355689 -0.00315000 0.01343427
v 0.00204137 -0.00315000 0.01579424
v 0.00460231 -0.00315000 0.01083170
v 0.00587433 0.00315000 0.00655620
v 0.02345320 0.00650000 -0.03457690
v 0.01881368 0.00315000 -0.00664698
v 0.02345320 0.00800000 -0.03457690
v 0.01298386 0.00650000 0.02883771
v 0.01298386 0.00315000 0.02883771
v 0.01819041 0.00650000 -0.00287424
v 0.01198709 0.00650000 0.03171210
v 0.01198396 0.00315000 0.03171632
v 0.00664043 0.00315000 0.02434307
v 0.00460231 0.00315000 0.01083170
v 0.00358712 0.00315000 0.01337537
v 0.00212520 0.00315000 0.01568605
v 0.00208340 0.00315000 0.01574024
v 0.00204137 0.00315000 0.01579424
v 0.00066197 0.00315000 0.01732795
v 0.00549207 0.00315000 0.02234969
v 0.02290777 0.00790403 -0.03480891
v 0.01240573 0.00791421 0.02874332
v 0.01083904 0.00791421 0.03240680
v 0.02331716 0.00835080 -0.03463477
v 0.02297989 0.00850000 -0.03477824
v 0.01083904 -0.00791421 0.03240680
v 0.01279047 -0.00850000 0.00167382
v 0.00724625 -0.00850000 0.02745449
v 0.00916334 -0.00850000 0.03219380
v 0.00812669 -0.00850000 0.02414041
v 0.00640524 -0.00850000 0.02115969
v 0.00492661 -0.00850000 0.01192167
v 0.01023406 -0.00850000 0.00785328
v 0.02056886 -0.00850000 -0.03432013
v 0.02017695 -0.00850000 -0.03397815
v 0.00988779 -0.00850000 -0.02713410
v 0.01011449 -0.00850000 -0.02407754
v 0.00835363 -0.00850000 -0.02306615
v 0.00486259 -0.00850000 -0.02379148
v 0.00785328 -0.00850000 -0.01023406
v 0.01192167 -0.00850000 -0.00492661
v 0.02044725 -0.00350000 -0.03560945
v 0.02085942 -0.00350000 -0.03475156
v 0.02056890 -0.00350000 -0.03432010
v 0.02017695 -0.00350000 -0.03397815
v 0.00849253 -0.00850000 -0.02682016
v 0.00988779 -0.00350000 -0.02713410
v 0.00724432 -0.00850000 -0.02751820
v 0.00849253 -0.00350000 -0.02682013
v -0.00060175 -0.01344305 -0.03692377
v 0.00838585 -0.00350000 -0.02683859
v 0.00724432 -0.00350000 -0.02751820
v 0.00004067 -0.01233451 -0.03303145
v 0.00573359 -0.00850000 -0.02516915
v 0.00529071 -0.00850000 -0.02673788
v 0.00529071 -0.00350000 -0.02673788
v 0.00004067 -0.00350000 -0.03303145
v 0.00558371 -0.00350000 -0.02464710
v 0.00573556 -0.00350000 -0.02573430
v 0.00167382 -0.00850000 -0.01279047
v -0.00666449 -0.00850000 -0.01612400
v 0.00486259 -0.00350000 -0.02379148
v 0.00528421 -0.00350000 -0.02416783
v -0.00492661 -0.00850000 -0.01192167
v -0.00834083 -0.00850000 -0.01587246
v -0.00666449 -0.00350000 -0.01612400
v -0.00960589 -0.00850000 -0.01699243
v -0.00931858 -0.00350000 -0.01652094
v -0.00806799 -0.00350000 -0.01581125
v -0.00975991 -0.00350000 -0.01756817
v -0.00955946 -0.00350000 -0.01868678
v -0.01023406 -0.00850000 -0.00785328
v -0.01279047 -0.00850000 -0.00167382
v 0.00305247 -0.00850000 0.02027215
v -0.01516272 -0.00850000 0.00933442
v -0.01634235 -0.00850000 0.00710394
v 0.00008520 -0.00850000 0.02200492
v 0.00556247 -0.00850000 0.03416026
v -0.00163817 -0.00850000 0.03104788
v -0.00283857 -0.00791421 0.03179557
v 0.00092621 -0.00850000 0.02829973
v -0.00079524 -0.00850000 0.02531900
v 0.00148215 -0.00850000 0.03373162
v 0.00383936 -0.00791421 0.03570107
v 0.00001782 -0.00791421 0.03457345
v 0.00427898 -0.00850000 0.02918727
v 0.00774624 -0.00791421 0.03491883
v 0.00092621 -0.00730000 0.02829973
v 0.00425087 -0.00730000 0.02919122
v -0.00079870 -0.00730000 0.02529082
v 0.00010722 -0.00730000 0.02197624
v 0.00308058 -0.00730000 0.02026819
v 0.00640524 -0.00730000 0.02115969
v -0.00167382 -0.00850000 0.01279047
v 0.00813015 -0.00730000 0.02416859
v 0.00722423 -0.00730000 0.02748318
v -0.00767064 -0.00820000 0.00999606
v -0.00164494 -0.00820000 0.01249216
v -0.01164100 -0.00820000 0.00482152
v -0.01249216 -0.00820000 -0.00164494
v -0.00999606 -0.00820000 -0.00767064
v -0.00482152 -0.00820000 -0.01164100
v 0.00164494 -0.00820000 -0.01249216
v 0.00767064 -0.00820000 -0.00999606
v 0.01164100 -0.00820000 -0.00482152
v 0.01249216 -0.00820000 0.00164494
v 0.00999606 -0.00820000 0.00767064
v 0.00482152 -0.00820000 0.01164100
v 0.02037409 -0.00223155 -0.03481369
v 0.02050193 -0.00239022 -0.03479731
v 0.02028392 -0.00256371 -0.03435966
v 0.02013201 -0.00293613 -0.03404570
v 0.02014037 -0.00299030 -0.03403314
v 0.01955120 -0.00169921 -0.03491889
v 0.01915334 -0.00160556 -0.03492928
v 0.01934858 -0.00164370 -0.03493514
v 0.00878011 -0.00150000 -0.02879935
v 0.01849159 -0.00152670 -0.03486796
v 0.00956336 -0.00208579 -0.02762184
v 0.02003220 -0.00251150 -0.03419577
v 0.01780832 -0.00150000 -0.03480465
v 0.00206517 -0.00150000 -0.04150134
v 0.00108643 -0.00247159 -0.04291004
v 0.00150776 -0.00150000 -0.03985033
v 0.00074330 -0.00206476 -0.04194036
v -0.00041882 -0.00210713 -0.03868413
v 0.00093405 -0.00150000 -0.03820491
v -0.00103922 -0.00350000 -0.03853082
v -0.00063510 -0.00227526 -0.03801058
v -0.00106578 -0.00350000 -0.03817879
v -0.00094183 -0.00350000 -0.03751132
v -0.00087120 -0.00350000 -0.03734406
v -0.00080794 -0.00279289 -0.03752265
v -0.00247112 -0.01283066 -0.03349600
v -0.00103841 -0.01375035 -0.03785422
v -0.00115081 -0.01269177 -0.03372045
v 0.03336296 0.00350000 -0.14597496
v 0.03335758 0.00350000 -0.14592040
v -0.00015259 -0.00208666 -0.03729844
v 0.00769411 -0.00208582 -0.02789341
v 0.00897460 -0.00227526 -0.02723021
v 0.00854360 -0.00279289 -0.02694353
v -0.00060175 -0.00350000 -0.03692377
v -0.00048529 -0.00273605 -0.03702091
v -0.00335286 -0.00850000 -0.03249113
v -0.00245815 -0.00350000 -0.03350319
v -0.00335286 -0.00350000 -0.03249113
v -0.00112411 -0.00350000 -0.03371559
v -0.00457573 -0.00350000 -0.02950485
v -0.00585364 -0.00350000 -0.02654112
v -0.00739247 -0.00350000 -0.02315736
v -0.00080737 -0.00265330 -0.03342664
v -0.00007623 -0.00273463 -0.03293393
v 0.00484405 -0.00208992 -0.02636528
v -0.00288443 -0.00217216 -0.03230409
v -0.00192917 -0.00214364 -0.03315455
v -0.00090740 -0.00165224 -0.03224058
v -0.00040915 -0.00208579 -0.03265622
v -0.00280961 -0.00208678 -0.03227467
v -0.00149512 -0.00150000 -0.03175031
v -0.00529837 -0.00206476 -0.02629560
v 0.00375492 -0.00150000 -0.02545673
v -0.00273206 -0.00150000 -0.02872968
v -0.00402449 -0.00150000 -0.02573228
v -0.00845762 -0.00206476 -0.01953793
v -0.00900208 -0.00350000 -0.01980655
v -0.00558071 -0.00150000 -0.02231029
v -0.00927978 -0.00350000 -0.01924618
v -0.00720849 -0.00150000 -0.01892167
v -0.00905476 -0.00210713 -0.01843334
v -0.00748933 -0.00150000 -0.01835496
v -0.00948096 -0.00249539 -0.01752320
v -0.00777216 -0.00150000 -0.01778925
v -0.00839029 -0.00208585 -0.01651721
v -0.00730976 -0.00168260 -0.01709408
v 0.00453816 -0.00208579 -0.02427922
v -0.00680864 -0.00251340 -0.01634071
v -0.00693925 -0.00218156 -0.01653706
v 0.00537149 -0.00246245 -0.02489980
v -0.00333580 -0.00650000 0.03210527
v -0.01686040 0.00650000 0.01039173
v -0.00743013 -0.00315000 0.02553187
v -0.00283857 0.00791421 0.03179557
v -0.00333580 0.00650000 0.03210527
v -0.00333580 0.00315000 0.03210527
v -0.00743013 0.00315000 0.02553187
v -0.01516272 0.00850000 0.00933442
v -0.01634234 0.00850000 0.00710397
v 0.00308058 0.00850000 0.02026819
v -0.00163817 0.00850000 0.03104788
v -0.00079870 0.00850000 0.02529082
v 0.00010722 0.00850000 0.02197624
v 0.00640524 0.00850000 0.02115969
v -0.01023406 0.00850000 -0.00785328
v -0.00960583 0.00850000 -0.01699231
v -0.00834070 0.00850000 -0.01587242
v -0.00492661 0.00850000 -0.01192167
v -0.00955946 0.00350000 -0.01868678
v -0.00927978 0.00350000 -0.01924618
v -0.00884356 0.00350000 -0.01610043
v -0.00969968 0.00350000 -0.01725571
v 0.00167382 0.00850000 -0.01279047
v -0.00666449 0.00850000 -0.01612400
v -0.00775053 0.00350000 -0.01578936
v 0.00486259 0.00850000 -0.02379148
v -0.00666449 0.00350000 -0.01612400
v 0.00835363 0.00850000 -0.02306615
v 0.00573361 0.00850000 -0.02516930
v 0.00486259 0.00350000 -0.02379148
v 0.00785328 0.00850000 -0.01023406
v 0.00529071 0.00850000 -0.02673788
v 0.00573851 0.00350000 -0.02571242
v 0.00557467 0.00350000 -0.02462696
v 0.00004067 0.01233451 -0.03303145
v 0.00529071 0.00350000 -0.02673788
v 0.00558779 0.00350000 -0.02625710
v 0.01011449 0.00850000 -0.02407754
v -0.00060175 0.01344305 -0.03692377
v 0.00849253 0.00850000 -0.02682016
v 0.00724432 0.00850000 -0.02751820
v 0.00988779 0.00850000 -0.02713410
v 0.02017695 0.00850000 -0.03397815
v 0.02056886 0.00850000 -0.03432013
v 0.00724432 0.00350000 -0.02751820
v -0.00060175 0.00350000 -0.03692377
v 0.00849253 0.00350000 -0.02682013
v 0.00838585 0.00350000 -0.02683859
v 0.00988779 0.00350000 -0.02713410
v 0.02017695 0.00350000 -0.03397815
v 0.02155996 0.00850000 -0.03538223
v 0.02085942 0.00850000 -0.03475156
v 0.02056890 0.00350000 -0.03432010
v 0.02044686 0.00850000 -0.03560912
v 0.02085942 0.00350000 -0.03475156
v 0.01968523 0.00850000 -0.03617969
v 0.02044725 0.00350000 -0.03560945
v 0.00284803 0.01490547 -0.04334176
v 0.02014443 0.00350000 -0.03590685
v 0.01968523 0.00350000 -0.03617969
v 0.01625643 0.00850000 -0.00343811
v 0.02202891 0.00850000 -0.03518276
v 0.00813015 0.00850000 0.02416859
v 0.01101000 0.00850000 0.02851543
v 0.01023406 0.00850000 0.00785328
v 0.01192167 0.00850000 -0.00492661
v 0.01279047 0.00850000 0.00167382
v 0.00722423 0.00850000 0.02748318
v 0.00916348 0.00850000 0.03219365
v 0.00092621 0.00850000 0.02829973
v 0.00556274 0.00850000 0.03416020
v 0.00774624 0.00791421 0.03491883
v 0.00425087 0.00850000 0.02919122
v 0.00148234 0.00850000 0.03373170
v 0.00383936 0.00791421 0.03570107
v 0.00001782 0.00791421 0.03457345
v 0.00640524 0.00730000 0.02115969
v 0.00812669 0.00730000 0.02414041
v -0.00167382 0.00850000 0.01279047
v 0.00492661 0.00850000 0.01192167
v 0.00305247 0.00730000 0.02027215
v 0.00008520 0.00730000 0.02200492
v -0.00079524 0.00730000 0.02531900
v 0.00092621 0.00730000 0.02829973
v 0.00427898 0.00730000 0.02918727
v 0.00724625 0.00730000 0.02745449
v 0.00767064 0.00820000 -0.00999606
v 0.01164100 0.00820000 -0.00482152
v 0.00164494 0.00820000 -0.01249216
v -0.00482152 0.00820000 -0.01164100
v -0.00999606 0.00820000 -0.00767064
v -0.01249216 0.00820000 -0.00164494
v -0.01164100 0.00820000 0.00482152
v -0.00767064 0.00820000 0.00999606
v -0.00164494 0.00820000 0.01249216
v 0.00482152 0.00820000 0.01164100
v 0.00999606 0.00820000 0.00767064
v 0.01249216 0.00820000 0.00164494
v -0.00900208 0.00350000 -0.01980655
v -0.00739247 0.00350000 -0.02315736
v -0.00585364 0.00350000 -0.02654112
v -0.00457573 0.00350000 -0.02950485
v -0.00529837 0.00206477 -0.02629560
v -0.00845761 0.00206477 -0.01953793
v -0.00911653 0.00218212 -0.01846443
v -0.00932806 0.00251384 -0.01856815
v -0.00558071 0.00150000 -0.02231028
v -0.00402446 0.00150000 -0.02573235
v -0.00222845 0.00166242 -0.03204274
v -0.00720849 0.00150000 -0.01892167
v -0.00335286 0.00350000 -0.03249113
v -0.00321375 0.00274064 -0.03243565
v -0.00282827 0.00210713 -0.03228193
v 0.00375492 0.00150000 -0.02545673
v -0.00273207 0.00150000 -0.02872967
v -0.00748933 0.00150000 -0.01835496
v -0.00851886 0.00168272 -0.01816332
v -0.00777216 0.00150000 -0.01778925
v -0.00266949 0.00265330 -0.03313015
v -0.00245815 0.00350000 -0.03350319
v -0.00149512 0.00150000 -0.03175031
v -0.00151865 0.00214364 -0.03321991
v -0.00040858 0.00208653 -0.03265669
v 0.00484089 0.00208579 -0.02636264
v -0.00247114 0.01283066 -0.03349599
v -0.00115087 0.01269178 -0.03372046
v 0.00004067 0.00350000 -0.03303145
v -0.00112411 0.00350000 -0.03371559
v -0.00034683 0.00217189 -0.03270820
v 0.00546314 0.00246245 -0.02553056
v 0.00454044 0.00208992 -0.02427579
v -0.00698892 0.00208579 -0.01661174
v -0.00103840 0.01375034 -0.03785421
v -0.00095117 0.00350000 -0.03887270
v -0.00038390 0.00350000 -0.04049968
v -0.00095029 0.00350000 -0.03753464
v -0.00106595 0.00350000 -0.03820359
v -0.00080308 0.00350000 -0.03721376
v -0.00087120 0.00350000 -0.03734406
v -0.00039839 0.00208513 -0.03867689
v 0.00070310 0.00210713 -0.04195372
v 0.00108643 0.00247159 -0.04291004
v -0.00063510 0.00227526 -0.03801058
v -0.00080794 0.00279289 -0.03752265
v 0.00093405 0.00150000 -0.03820492
v 0.00150776 0.00150000 -0.03985033
v 0.00878011 0.00150000 -0.02879935
v -0.00015259 0.00208666 -0.03729844
v 0.00206517 0.00150000 -0.04150134
v 0.01780832 0.00150000 -0.03480465
v 0.01849114 0.00152666 -0.03486792
v 0.01915204 0.00160538 -0.03492903
v 0.00261965 0.00208813 -0.04280486
v 0.00956336 0.00208579 -0.02762184
v 0.00769411 0.00208582 -0.02789341
v 0.02014034 0.00299007 -0.03403319
v 0.02003211 0.00251124 -0.03419589
v 0.00897460 0.00227526 -0.02723021
v 0.02013199 0.00293599 -0.03404574
v 0.00854360 0.00279289 -0.02694353
v 0.01934760 0.00164347 -0.03493516
v 0.01955113 0.00169915 -0.03491899
v 0.02021001 0.00265632 -0.03559557
v 0.01953848 0.00233418 -0.03583468
v 0.02028390 0.00256365 -0.03435969
v 0.02037400 0.00223145 -0.03481366
v 0.02050191 0.00239018 -0.03479732
v 0.00302501 0.01489105 -0.04521314
v 0.02216172 0.00849854 -0.03707293
v 0.02407622 0.00850000 -0.04133870
v 0.02315605 0.00850000 -0.04795252
v 0.02079844 0.00850000 -0.03848196
v 0.02180993 0.00850000 -0.03990511
v 0.01905447 0.00850000 -0.03839466
v 0.01905447 0.00350000 -0.03839466
v 0.00302501 0.00350000 -0.04521314
v 0.02079871 0.00350000 -0.03848129
v 0.02180993 0.00350000 -0.03990511
v 0.02337574 0.00850000 -0.04926256
v 0.02315605 0.00350000 -0.04795253
v 0.02494452 0.00350000 -0.05860027
v 0.02505480 0.01073448 -0.05925528
v 0.00325429 0.00208583 -0.04575215
v 0.01927617 0.00210546 -0.03891585
v 0.03485335 0.00350000 -0.20312576
v 0.00216809 0.00250000 -0.04649578
v 0.00245175 0.00208579 -0.04745471
v 0.00380762 0.00150000 -0.04705366
v 0.00694059 0.00150000 -0.05923129
v 0.00778890 0.00208635 -0.07180528
v 0.03502530 0.00350000 -0.17658351
v 0.01983734 0.00150000 -0.04023508
v 0.02118353 0.00150000 -0.04828292
v 0.00789082 0.00227526 -0.07250500
v 0.00796490 0.00279289 -0.07301731
v 0.03509104 0.00350000 -0.17834319
v 0.00918923 0.00150000 -0.07160280
v 0.00937140 0.00208579 -0.07300523
v 0.02297222 0.00150000 -0.05893196
v 0.02476727 0.00150000 -0.06958000
v 0.02494944 0.00208630 -0.07098295
v 0.02102734 0.00150238 -0.04675768
v 0.02091412 0.00150816 -0.04557869
v 0.02082715 0.00151643 -0.04460162
v 0.02075678 0.00152762 -0.04372415
v 0.02070724 0.00154077 -0.04300031
v 0.02067959 0.00155304 -0.04249687
v 0.02066563 0.00156397 -0.04214531
v 0.02065860 0.00158143 -0.04172089
v 0.02066786 0.00160226 -0.04137339
v 0.02069010 0.00162177 -0.04116774
v 0.02072405 0.00164348 -0.04102724
v 0.02123217 0.00208579 -0.04000176
v 0.02093230 0.00241980 -0.03895671
v 0.02084764 0.00170450 -0.04093478
v 0.02101349 0.00177871 -0.04109349
v 0.02118955 0.00186454 -0.04134110
v 0.02143204 0.00202834 -0.04155958
v 0.02616174 0.00208579 -0.06934449
v 0.02631155 0.00248659 -0.07034694
v 0.02161538 0.00224759 -0.04141320
v 0.02169872 0.00247137 -0.04096652
v 0.02167034 0.00237459 -0.04117194
v 0.02172668 0.00256562 -0.04081174
v 0.02177533 0.00268224 -0.04075793
v 0.02183525 0.00277703 -0.04087621
v 0.02188278 0.00283360 -0.04103334
v 0.02192331 0.00287436 -0.04119134
v 0.02197840 0.00292197 -0.04142958
v 0.02205254 0.00297780 -0.04177601
v 0.02214739 0.00304042 -0.04224692
v 0.02220422 0.00307453 -0.04253979
v 0.02227415 0.00311407 -0.04290815
v 0.02235992 0.00315966 -0.04336988
v 0.02246518 0.00321192 -0.04394874
v 0.02259302 0.00327149 -0.04466600
v 0.02274805 0.00333898 -0.04555280
v 0.02293388 0.00341498 -0.04663533
v 0.02673934 0.00350000 -0.06924694
v 0.02673934 0.01296959 -0.06924694
v 0.02637482 0.00350000 -0.07076986
v 0.02636749 0.01321659 -0.07077931
v 0.02631228 0.01388943 -0.07304613
v 0.02706894 0.01382752 -0.07332543
v 0.02688360 0.01369976 -0.07364431
v 0.02619139 0.01338898 -0.07354570
v 0.02551062 0.01346171 -0.07351705
v 0.02682237 0.01332475 -0.07380080
v 0.02551062 0.00350000 -0.07351705
v 0.01363015 0.01450000 -0.07505973
v 0.00968686 0.00350000 -0.07557176
v 0.02561627 0.00350000 -0.07350618
v 0.02556337 0.00350000 -0.07351092
v 0.02742249 0.01358135 -0.07437649
v 0.02698849 0.00350000 -0.07391586
v 0.02785393 0.01416309 -0.07507452
v 0.00968686 0.01450000 -0.07557176
v 0.00837238 0.00350000 -0.07631867
v 0.00837238 0.01450000 -0.07631867
v 0.02558605 0.00208579 -0.07409796
v 0.00976229 0.00208579 -0.07615267
v 0.02680060 0.00279289 -0.07394025
v 0.02628727 0.00227526 -0.07400692
v 0.00795620 0.01450000 -0.07777213
v 0.00795620 0.00350000 -0.07777213
v 0.00814853 0.00350000 -0.07962909
v 0.00814853 0.01450000 -0.07962909
v 0.00843002 0.00250000 -0.07671447
v 0.00853853 0.00208579 -0.07770856
v 0.03442964 0.00350000 -0.16462271
v 0.00832005 0.00350000 -0.08148515
v 0.00832005 0.01450000 -0.08148515
v 0.01066742 0.00350000 -0.10843217
v 0.01066742 0.01450000 -0.10843217
v 0.00890362 0.00208581 -0.08143445
v 0.01186914 0.00350000 -0.12405628
v 0.01187171 0.01450000 -0.12409158
v 0.03359236 0.00350000 -0.15009566
v 0.01125100 0.00208579 -0.10838136
v 0.01300515 0.00350000 -0.14060946
v 0.01300515 0.01450000 -0.14060946
v 0.01361082 0.00350000 -0.14192134
v 0.01364743 0.01450000 -0.14195587
v 0.01367872 0.00350000 -0.14198403
v 0.01366680 0.00279289 -0.14179493
v 0.01363424 0.00227526 -0.14127833
v 0.01358912 0.00208644 -0.14057265
v 0.01504286 0.01450000 -0.14248323
v 0.01504286 0.00350000 -0.14248323
v 0.03105437 0.00350000 -0.14214957
v 0.03105437 0.01450000 -0.14214957
v 0.01499254 0.00350000 -0.14248365
v 0.01494222 0.00350000 -0.14248280
v 0.01503065 0.00208579 -0.14189759
v 0.03248420 0.00350000 -0.14150451
v 0.03248420 0.01450000 -0.14150451
v 0.03104218 0.00208638 -0.14156450
v 0.03300887 0.01450000 -0.14002626
v 0.03300887 0.00350000 -0.14002626
v 0.02823214 0.01483041 -0.07814077
v 0.03080042 0.00350000 -0.10928084
v 0.03086849 0.01450000 -0.11013464
v 0.03246633 0.00248559 -0.14107625
v 0.03242421 0.00208579 -0.14006251
v 0.02794091 0.00350000 -0.07635298
v 0.02802437 0.01430137 -0.07725235
v 0.02811111 0.01450000 -0.07818665
v 0.02804891 0.01442195 -0.07627032
v 0.02794078 0.01410515 -0.07635219
v 0.02774012 0.00350000 -0.07516669
v 0.02784084 0.01397070 -0.07576180
v 0.02735990 0.00208600 -0.07642909
v 0.03509332 0.01450001 -0.17840752
v 0.03443378 0.01450001 -0.16469482
v 0.02774012 0.01383730 -0.07516669
v 0.02716255 0.00208579 -0.07526445
v 0.02576816 0.00150000 -0.07550041
v 0.02595647 0.00150000 -0.07661299
v 0.00994439 0.00150000 -0.07755511
v 0.01013884 0.00150000 -0.07943246
v 0.01031255 0.00150000 -0.08131205
v 0.01265990 0.00150000 -0.10825887
v 0.02856336 0.00150000 -0.10642020
v 0.01383984 0.00150000 -0.12353955
v 0.03101270 0.00150000 -0.14015001
v 0.01500119 0.00150000 -0.14048368
v 0.03240625 0.01450000 -0.20493795
v 0.01007951 0.00650000 0.03408210
v 0.00748454 0.00650000 0.03567013
v 0.01007335 0.00315000 0.03408659
v 0.00450609 0.00650000 0.03629021
v 0.00748443 0.00315000 0.03567014
v 0.00149297 0.00650000 0.03586973
v 0.00149802 0.00315000 0.03587062
v 0.00451346 0.00315000 0.03628927
v -0.00120194 0.00650000 0.03445793
v -0.00237479 0.00650000 0.03337767
v -0.00120194 0.00315000 0.03445793
v -0.00237476 0.00315000 0.03337764
v 0.00408014 0.00315000 0.02770051
v 0.00605291 0.00315000 0.02654661
v 0.00183938 0.00315000 0.02710972
v -0.00236945 0.00315000 0.02013539
v -0.00236945 -0.00315000 0.02013539
v 0.00325131 0.00315000 0.02175890
v -0.00091476 0.00315000 0.01865796
v 0.00066197 -0.00315000 0.01732795
v 0.00127854 0.00315000 0.02291280
v -0.00105912 0.00315000 0.01877670
v -0.00091476 -0.00315000 0.01865796
v -0.00120495 0.00315000 0.01889362
v -0.00105912 -0.00315000 0.01877670
v -0.00178401 0.00315000 0.01944058
v -0.00120495 -0.00315000 0.01889362
v -0.00230180 0.00315000 0.02004586
v -0.00178401 -0.00315000 0.01944058
v -0.00233579 0.00315000 0.02009050
v -0.00230180 -0.00315000 0.02004586
v -0.00233579 -0.00315000 0.02009050
v 0.00069102 0.00315000 0.02511635
v 0.00183938 0.00680000 0.02710972
v 0.00405723 0.00680000 0.02770405
v 0.00069138 0.00680000 0.02512121
v 0.00128571 0.00680000 0.02290336
v 0.00327422 0.00680000 0.02175536
v 0.00549207 0.00680000 0.02234969
v 0.00664007 0.00680000 0.02433820
v 0.00604574 0.00680000 0.02655605
v -0.00333580 -0.00315000 0.03210527
v 0.00451365 -0.00315000 0.03628926
v 0.00748464 -0.00315000 0.03567006
v 0.01007350 -0.00315000 0.03408645
v 0.00183938 -0.00315000 0.02710972
v 0.00068887 -0.00315000 0.02509816
v -0.00237479 -0.00650000 0.03337767
v -0.00237476 -0.00315000 0.03337764
v 0.00149813 -0.00315000 0.03587066
v -0.00120194 -0.00650000 0.03445793
v 0.00149297 -0.00650000 0.03586973
v -0.00120194 -0.00315000 0.03445793
v 0.00450609 -0.00650000 0.03629021
v 0.00748454 -0.00650000 0.03567013
v 0.01007951 -0.00650000 0.03408210
v 0.00406202 -0.00315000 0.02770314
v 0.00129297 -0.00315000 0.02289400
v 0.00326943 -0.00315000 0.02175627
v 0.00549207 -0.00680000 0.02234969
v 0.00664007 -0.00680000 0.02433820
v 0.00327422 -0.00680000 0.02175536
v 0.00128571 -0.00680000 0.02290336
v 0.00069138 -0.00680000 0.02512121
v 0.00183938 -0.00680000 0.02710972
v 0.00405723 -0.00680000 0.02770405
v 0.00604574 -0.00680000 0.02655605
v 0.00088904 -0.00730000 0.02259897
v 0.00320917 -0.00730000 0.02126034
v 0.00019636 -0.00730000 0.02518626
v 0.00153499 -0.00730000 0.02750639
v 0.00579646 -0.00730000 0.02195302
v 0.00713509 -0.00730000 0.02427315
v 0.00412228 -0.00730000 0.02819907
v 0.00644241 -0.00730000 0.02686044
v 0.00088904 0.00730000 0.02259897
v 0.00019639 0.00730000 0.02518647
v 0.00320896 0.00730000 0.02126037
v 0.00579646 0.00730000 0.02195302
v 0.00153499 0.00730000 0.02750639
v 0.00412249 0.00730000 0.02819905
v 0.00713507 0.00730000 0.02427294
v 0.00644241 0.00730000 0.02686044
v -0.00048529 0.00273605 -0.03702091
v -0.00782900 0.00249539 -0.01606080
v -0.00895985 0.00208585 -0.01702141
v 0.00767064 0.00730000 -0.00999606
v 0.01164100 0.00730000 -0.00482152
v 0.00164494 0.00730000 -0.01249216
v -0.00482152 0.00730000 -0.01164100
v -0.00999606 0.00730000 -0.00767064
v -0.01249216 0.00730000 -0.00164494
v -0.01164100 0.00730000 0.00482152
v -0.00767064 0.00730000 0.00999606
v -0.00164494 0.00730000 0.01249216
v 0.00482152 0.00730000 0.01164100
v 0.00999606 0.00730000 0.00767064
v 0.01249216 0.00730000 0.00164494
v -0.00748801 0.00700000 0.00975806
v -0.01136717 0.00700000 0.00469746
v -0.00159597 0.00700000 0.01219556
v 0.00469746 0.00700000 0.01136717
v 0.00975806 0.00700000 0.00748801
v 0.01219556 0.00700000 0.00159597
v 0.01136717 0.00700000 -0.00469746
v 0.00748801 0.00700000 -0.00975806
v 0.00159597 0.00700000 -0.01219556
v -0.00469746 0.00700000 -0.01136717
v -0.00975806 0.00700000 -0.00748801
v -0.01219556 0.00700000 -0.00159597
v -0.00893989 0.00700000 -0.00321292
v -0.00535893 0.00700000 -0.00784370
v -0.00912267 0.00700000 0.00264616
v -0.00578342 0.00700000 0.00753671
v -0.00784019 0.00700000 0.00536349
v 0.00578342 0.00700000 -0.00753671
v 0.00023760 0.00700000 -0.00949594
v 0.00912267 0.00700000 -0.00264616
v 0.00784019 0.00700000 -0.00536349
v 0.00893989 0.00700000 0.00321292
v 0.00535893 0.00700000 0.00784370
v -0.00023760 0.00700000 0.00949594
v -0.00578342 0.00730000 0.00753671
v -0.00877695 0.00730000 0.00363527
v 0.00363527 0.00730000 0.00877695
v -0.00124023 0.00730000 0.00941870
v 0.00753671 0.00730000 0.00578342
v 0.00941870 0.00730000 0.00124023
v 0.00877695 0.00730000 -0.00363527
v 0.00578342 0.00730000 -0.00753671
v -0.00363527 0.00730000 -0.00877695
v 0.00124023 0.00730000 -0.00941870
v -0.00753671 0.00730000 -0.00578342
v -0.00941870 0.00730000 -0.00124023
v 0.00729871 0.00760000 0.00560079
v 0.00351355 0.00760000 0.00850228
v 0.00912188 0.00760000 0.00119373
v 0.00850228 0.00760000 -0.00351355
v 0.00560079 0.00760000 -0.00729871
v -0.00560079 0.00760000 0.00729871
v -0.00850228 0.00760000 0.00351355
v -0.00119373 0.00760000 0.00912188
v 0.00606904 0.00760000 0.00465718
v 0.00292305 0.00760000 0.00706950
v 0.00706950 0.00760000 -0.00292305
v 0.00758507 0.00760000 0.00099435
v 0.00119373 0.00760000 -0.00912188
v 0.00465718 0.00760000 -0.00606904
v -0.00099435 0.00760000 0.00758507
v -0.00465718 0.00760000 0.00606904
v -0.00706950 0.00760000 0.00292305
v -0.00912188 0.00760000 -0.00119373
v -0.00606904 0.00760000 -0.00465718
v -0.00729871 0.00760000 -0.00560079
v -0.00758507 0.00760000 -0.00099435
v -0.00292305 0.00760000 -0.00706950
v -0.00351355 0.00760000 -0.00850228
v 0.00099435 0.00760000 -0.00758507
v 0.00456586 0.00775000 -0.00595004
v 0.00692917 0.00775000 -0.00286995
v 0.00097913 0.00775000 -0.00743581
v -0.00286995 0.00775000 -0.00692917
v -0.00595004 0.00775000 -0.00456586
v -0.00743581 0.00775000 -0.00097913
v -0.00692917 0.00775000 0.00286995
v -0.00456586 0.00775000 0.00595004
v -0.00097913 0.00775000 0.00743581
v 0.00286995 0.00775000 0.00692917
v 0.00595004 0.00775000 0.00456586
v 0.00743581 0.00775000 0.00097913
v 0.00456586 0.01200000 -0.00595004
v 0.00692917 0.01200000 -0.00286995
v 0.00097913 0.01200000 -0.00743581
v -0.00286995 0.01200000 -0.00692917
v -0.00595004 0.01200000 -0.00456586
v -0.00743581 0.01200000 -0.00097913
v -0.00692917 0.01200000 0.00286995
v -0.00456586 0.01200000 0.00595004
v 0.00426147 0.01250000 -0.00555337
v 0.00646874 0.01250000 -0.00267489
v 0.00090965 0.01250000 -0.00694062
v -0.00267489 0.01250000 -0.00646874
v -0.00555337 0.01250000 -0.00426147
v -0.00694062 0.01250000 -0.00090965
v -0.00646874 0.01250000 0.00267489
v -0.00097913 0.01200000 0.00743581
v -0.00426147 0.01250000 0.00555337
v 0.00286995 0.01200000 0.00692917
v 0.00595004 0.01200000 0.00456586
v -0.00090965 0.01250000 0.00694062
v 0.00267489 0.01250000 0.00646874
v 0.00743581 0.01200000 0.00097913
v 0.00555337 0.01250000 0.00426147
v 0.00694062 0.01250000 0.00090965
v 0.00332127 0.01250000 0.00256991
v 0.00416679 0.01250000 -0.00052371
v 0.00255688 0.01250000 -0.00333202
v -0.00255688 0.01250000 0.00333202
v -0.00416679 0.01250000 0.00052371
v 0.00054613 0.01250000 0.00416408
v -0.00332127 0.01250000 -0.00256991
v -0.00054613 0.01250000 -0.00416408
v 0.00255688 -0.01250000 -0.00333202
v 0.00416357 -0.01250000 -0.00055001
v -0.00057238 -0.01250000 -0.00416039
v -0.00334182 -0.01250000 -0.00254313
v -0.00416357 -0.01250000 0.00055001
v -0.00255688 -0.01250000 0.00333202
v 0.00057238 -0.01250000 0.00416039
v 0.00334182 -0.01250000 0.00254313
v -0.00646882 -0.01250000 0.00267469
v -0.00426147 -0.01250000 0.00555337
v 0.00426147 -0.01250000 -0.00555337
v 0.00646882 -0.01250000 -0.00267469
v 0.00090987 -0.01250000 -0.00694059
v -0.00267469 -0.01250000 -0.00646882
v -0.00694059 -0.01250000 -0.00090987
v -0.00090987 -0.01250000 0.00694059
v 0.00267469 -0.01250000 0.00646882
v 0.00694059 -0.01250000 0.00090987
v 0.00456586 -0.01200000 -0.00595004
v 0.00692917 -0.01200000 -0.00286995
v 0.00097913 -0.01200000 -0.00743581
v -0.00555337 -0.01250000 -0.00426147
v -0.00286995 -0.01200000 -0.00692917
v -0.00595004 -0.01200000 -0.00456586
v -0.00743581 -0.01200000 -0.00097913
v -0.00692917 -0.01200000 0.00286995
v -0.00456586 -0.01200000 0.00595004
v -0.00097913 -0.01200000 0.00743581
v 0.00555337 -0.01250000 0.00426147
v 0.00286995 -0.01200000 0.00692917
v 0.00595004 -0.01200000 0.00456586
v 0.00743581 -0.01200000 0.00097913
v 0.00456586 -0.00775000 -0.00595004
v 0.00692917 -0.00775000 -0.00286995
v 0.00097913 -0.00775000 -0.00743581
v -0.00286995 -0.00775000 -0.00692917
v -0.00595004 -0.00775000 -0.00456586
v -0.00743581 -0.00775000 -0.00097913
v -0.00692917 -0.00775000 0.00286995
v -0.00456586 -0.00775000 0.00595004
v -0.00097913 -0.00775000 0.00743581
v 0.00286995 -0.00775000 0.00692917
v 0.00595004 -0.00775000 0.00456586
v 0.00743581 -0.00775000 0.00097913
v 0.00606904 -0.00760000 0.00465718
v 0.00292328 -0.00760000 0.00706940
v 0.00758510 -0.00760000 0.00099411
v 0.00706940 -0.00760000 -0.00292328
v 0.00465718 -0.00760000 -0.00606904
v -0.00465718 -0.00760000 0.00606904
v -0.00706940 -0.00760000 0.00292328
v -0.00099411 -0.00760000 0.00758510
v -0.00119373 -0.00760000 0.00912188
v -0.00850228 -0.00760000 0.00351355
v 0.00351355 -0.00760000 0.00850228
v 0.00729871 -0.00760000 0.00560079
v 0.00912188 -0.00760000 0.00119373
v 0.00850228 -0.00760000 -0.00351355
v 0.00099411 -0.00760000 -0.00758510
v 0.00119373 -0.00760000 -0.00912188
v -0.00758510 -0.00760000 -0.00099411
v -0.00606904 -0.00760000 -0.00465718
v -0.00292328 -0.00760000 -0.00706940
v -0.00351355 -0.00760000 -0.00850228
v -0.00729871 -0.00760000 -0.00560079
v -0.00912188 -0.00760000 -0.00119373
v 0.00560079 -0.00760000 -0.00729871
v 0.00578342 -0.00730000 -0.00753671
v 0.00877695 -0.00730000 -0.00363527
v 0.00124023 -0.00730000 -0.00941870
v -0.00363527 -0.00730000 -0.00877695
v -0.00753671 -0.00730000 -0.00578342
v -0.00941870 -0.00730000 -0.00124023
v -0.00560079 -0.00760000 0.00729871
v -0.00877695 -0.00730000 0.00363527
v -0.00578342 -0.00730000 0.00753671
v -0.00124023 -0.00730000 0.00941870
v 0.00363527 -0.00730000 0.00877695
v 0.00753671 -0.00730000 0.00578342
v 0.00941870 -0.00730000 0.00124023
v 0.00578342 -0.00700000 -0.00753671
v 0.00911101 -0.00700000 -0.00268678
v 0.00019535 -0.00700000 -0.00949669
v 0.00315199 -0.00700000 -0.00896106
v -0.00541686 -0.00700000 -0.00780397
v -0.00896327 -0.00700000 -0.00314668
v -0.00911101 -0.00700000 0.00268678
v -0.00578342 -0.00700000 0.00753671
v -0.00019535 -0.00700000 0.00949669
v -0.00315199 -0.00700000 0.00896106
v 0.00541686 -0.00700000 0.00780397
v 0.00896327 -0.00700000 0.00314668
v -0.00748801 -0.00700000 0.00975806
v -0.01136717 -0.00700000 0.00469746
v -0.00159597 -0.00700000 0.01219556
v 0.01219556 -0.00700000 0.00159597
v 0.00469746 -0.00700000 0.01136717
v 0.01136717 -0.00700000 -0.00469746
v 0.00748801 -0.00700000 -0.00975806
v 0.00159597 -0.00700000 -0.01219556
v -0.01219556 -0.00700000 -0.00159597
v -0.00469746 -0.00700000 -0.01136717
v 0.00767064 -0.00730000 -0.00999606
v 0.01164100 -0.00730000 -0.00482152
v 0.00164494 -0.00730000 -0.01249216
v -0.00975806 -0.00700000 -0.00748801
v -0.00482152 -0.00730000 -0.01164100
v -0.00999606 -0.00730000 -0.00767064
v -0.01249216 -0.00730000 -0.00164494
v -0.01164100 -0.00730000 0.00482152
v -0.00767064 -0.00730000 0.00999606
v -0.00164494 -0.00730000 0.01249216
v 0.00975806 -0.00700000 0.00748801
v 0.00482152 -0.00730000 0.01164100
v 0.00999606 -0.00730000 0.00767064
v 0.01249216 -0.00730000 0.00164494
v 0.02682236 -0.01332475 -0.07380080
v 0.02741472 -0.01357710 -0.07436513
v 0.02774012 -0.00350000 -0.07516669
v 0.02774012 -0.01383730 -0.07516669
v 0.02773056 -0.00350000 -0.07511445
v 0.02771962 -0.00350000 -0.07506248
v 0.02794091 -0.00350000 -0.07635298
v 0.02794078 -0.01410515 -0.07635219
v 0.02784061 -0.01397038 -0.07576044
v 0.02695819 -0.00279289 -0.07405686
v 0.02716254 -0.00208579 -0.07526444
v 0.02704456 -0.00227526 -0.07456724
v 0.02884658 -0.00150000 -0.10993898
v 0.03101270 -0.00150000 -0.14015001
v 0.02595647 -0.00150000 -0.07661299
v 0.01500119 -0.00150000 -0.14048368
v 0.01265990 -0.00150000 -0.10825887
v 0.01383668 -0.00150000 -0.12349558
v 0.02576816 -0.00150000 -0.07550041
v 0.01031247 -0.00150000 -0.08131111
v 0.01013885 -0.00150000 -0.07943251
v 0.00994439 -0.00150000 -0.07755511
v 0.03404824 0.01450000 -0.20459689
v 0.03485335 0.01450000 -0.20312576
v 0.03092551 0.01250000 -0.22957158
v 0.02976659 0.01250000 -0.22896121
v 0.02766892 0.01250000 -0.22868511
v 0.03107161 0.01250000 -0.21904674
v 0.02897393 0.01250000 -0.21877062
v 0.03107161 0.00950000 -0.21904674
v 0.02883789 0.01250000 -0.21693799
v 0.02891289 0.00850000 -0.21775396
v 0.02897393 0.00950000 -0.21877062
v 0.02894785 0.00899874 -0.21826160
v 0.03254113 0.01250000 -0.21924016
v 0.03138221 0.01250000 -0.21862979
v 0.03188921 0.01250000 -0.21851408
v 0.03158064 0.00892900 -0.21853782
v 0.03128053 0.00913726 -0.21870837
v 0.03234891 0.01250000 -0.21875696
v 0.03218063 0.00892875 -0.21861653
v 0.03242663 0.00913689 -0.21885885
v 0.03041852 0.01250000 -0.22968729
v 0.03076254 0.00894520 -0.22965190
v 0.02995881 0.01250000 -0.22944441
v 0.03009498 0.00894540 -0.22956382
v 0.02766892 0.00950000 -0.22868511
v 0.02976659 0.00950000 -0.22896121
v 0.02706328 0.01250000 -0.23042011
v 0.02634897 0.01250000 -0.23211329
v 0.02687613 0.00850000 -0.23089375
v 0.02751200 0.00899874 -0.22917004
v 0.02734688 0.00850000 -0.22965135
v 0.02957445 0.01250000 -0.23359613
v 0.02634897 0.00850000 -0.23211329
v 0.02366574 0.01250000 -0.23676105
v 0.02366574 0.00850000 -0.23676105
v 0.02255664 0.01250000 -0.23822629
v 0.02135696 0.01250000 -0.23961836
v 0.02203269 0.00850000 -0.23885632
v 0.02287322 0.00850000 -0.23782739
v 0.02264501 0.01250000 -0.24129689
v 0.02264501 0.00950000 -0.24129689
v 0.02135696 0.00950000 -0.23961836
v 0.02169845 0.00899874 -0.23923999
v 0.02375310 0.01250000 -0.24199517
v 0.02315946 0.01250000 -0.24122170
v 0.02354734 0.01250000 -0.24247277
v 0.02359978 0.01250000 -0.24149838
v 0.02336480 0.00892900 -0.24129696
v 0.02303200 0.00913726 -0.24120535
v 0.02373340 0.00892875 -0.24177688
v 0.02373601 0.00913689 -0.24212217
v 0.01471162 0.01250000 -0.24738470
v 0.01342358 0.01250000 -0.24570617
v 0.01450587 0.01250000 -0.24786229
v 0.01509951 0.01250000 -0.24863577
v 0.01465919 0.01250000 -0.24835908
v 0.01492748 0.00894520 -0.24857731
v 0.01451772 0.00894540 -0.24804300
v 0.01342358 0.00950000 -0.24570617
v 0.01471162 0.00950000 -0.24738470
v 0.01176849 0.01250000 -0.24650477
v 0.01006614 0.01250000 -0.24719693
v 0.01130125 0.00850000 -0.24670734
v 0.01296973 0.00899874 -0.24593812
v 0.01251263 0.00850000 -0.24616168
v 0.01129838 0.01250000 -0.25052619
v 0.01006614 0.00850000 -0.24719693
v 0.00488236 0.01250000 -0.24858606
v 0.00488236 0.00850000 -0.24858606
v 0.00306202 0.01250000 -0.24883789
v 0.00122938 0.01250000 -0.24897394
v 0.00224604 0.00850000 -0.24891289
v 0.00356794 0.00850000 -0.24877967
v 0.00095327 0.01250000 -0.25107160
v 0.00095327 0.00950000 -0.25107160
v 0.00122938 0.00950000 -0.24897394
v 0.00173840 0.00899874 -0.24894784
v 0.00148592 0.01250000 -0.25188920
v 0.00137020 0.01250000 -0.25138220
v 0.00146218 0.00892900 -0.25158063
v 0.00129164 0.00913726 -0.25128052
v 0.00124304 0.01250000 -0.25234890
v 0.00138347 0.00892875 -0.25218064
v 0.00075984 0.01250000 -0.25254112
v 0.00114115 0.00913689 -0.25242662
v -0.00968729 0.01250000 -0.25041851
v -0.00944442 0.01250000 -0.24995881
v -0.00896122 0.01250000 -0.24976659
v -0.00868510 0.01250000 -0.24766892
v -0.00957158 0.01250000 -0.25092551
v -0.00965189 0.00894520 -0.25076252
v -0.00956382 0.00894540 -0.25009498
v -0.00868510 0.00950000 -0.24766892
v -0.00896122 0.00950000 -0.24976659
v -0.02883789 0.01250000 -0.22306201
v -0.01042012 0.01250000 -0.24706328
v -0.02897393 0.01250000 -0.22122937
v -0.02858606 0.01250000 -0.22488236
v -0.01211329 0.01250000 -0.24634896
v -0.01089375 0.00850000 -0.24687612
v -0.00917004 0.00899874 -0.24751200
v -0.00965134 0.00850000 -0.24734688
v -0.01676105 0.01250000 -0.24366574
v -0.01359612 0.01250000 -0.24957445
v -0.02719693 0.01250000 -0.23006615
v -0.01211329 0.00850000 -0.24634896
v -0.01676105 0.00850000 -0.24366574
v -0.01822630 0.01250000 -0.24255665
v -0.01961836 0.01250000 -0.24135697
v -0.01885631 0.00850000 -0.24203269
v -0.01782739 0.00850000 -0.24287322
v -0.02129688 0.01250000 -0.24264501
v -0.02129688 0.00950000 -0.24264501
v -0.01961836 0.00950000 -0.24135697
v -0.01923999 0.00899874 -0.24169846
v -0.02786229 0.01250000 -0.23450586
v -0.02122170 0.01250000 -0.24315946
v -0.02738470 0.01250000 -0.23471162
v -0.02835909 0.01250000 -0.23465918
v -0.02149838 0.01250000 -0.24359977
v -0.02129696 0.00892900 -0.24336481
v -0.02120535 0.00913726 -0.24303199
v -0.02863577 0.01250000 -0.23509951
v -0.02199517 0.01250000 -0.24375309
v -0.02177688 0.00892875 -0.24373341
v -0.02247277 0.01250000 -0.24354734
v -0.02212217 0.00913689 -0.24373601
v -0.02857732 0.00894520 -0.23492748
v -0.02804300 0.00894540 -0.23451772
v -0.02570618 0.01250000 -0.23342358
v -0.02570618 0.00950000 -0.23342358
v -0.02738470 0.00950000 -0.23471162
v -0.02650476 0.01250000 -0.23176849
v -0.02670733 0.00850000 -0.23130125
v -0.02593812 0.00899874 -0.23296973
v -0.02616169 0.00850000 -0.23251264
v -0.03052620 0.01250000 -0.23129837
v -0.02719693 0.00850000 -0.23006615
v -0.02858606 0.00850000 -0.22488236
v -0.02891289 0.00850000 -0.22224604
v -0.02877968 0.00850000 -0.22356795
v -0.03107161 0.01250000 -0.22095327
v -0.03107161 0.00950000 -0.22095327
v -0.02897393 0.00950000 -0.22122937
v -0.02894785 0.00899874 -0.22173840
v -0.03254113 0.01250000 -0.22075984
v -0.03138221 0.01250000 -0.22137021
v -0.03188921 0.01250000 -0.22148591
v -0.03158064 0.00892900 -0.22146219
v -0.03128053 0.00913726 -0.22129163
v -0.03234891 0.01250000 -0.22124304
v -0.03218063 0.00892875 -0.22138347
v -0.03242663 0.00913689 -0.22114116
v -0.03092551 0.01250000 -0.21042842
v -0.02976659 0.01250000 -0.21103878
v -0.03041852 0.01250000 -0.21031271
v -0.03076254 0.00894520 -0.21034811
v -0.02995881 0.01250000 -0.21055558
v -0.03009498 0.00894540 -0.21043618
v -0.02766892 0.01250000 -0.21131490
v -0.02766892 0.00950000 -0.21131490
v -0.02976659 0.00950000 -0.21103878
v -0.02706328 0.01250000 -0.20957989
v -0.02634897 0.01250000 -0.20788671
v -0.02687613 0.00850000 -0.20910625
v -0.02751200 0.00899874 -0.21082996
v -0.02734688 0.00850000 -0.21034867
v -0.02957445 0.01250000 -0.20640388
v -0.02634897 0.00850000 -0.20788671
v -0.02366574 0.01250000 -0.20323895
v -0.02366574 0.00850000 -0.20323895
v -0.02255664 0.01250000 -0.20177370
v -0.02135696 0.01250000 -0.20038164
v -0.02203269 0.00850000 -0.20114368
v -0.02287322 0.00850000 -0.20217261
v -0.02264501 0.01250000 -0.19870311
v -0.02264501 0.00950000 -0.19870311
v -0.02135696 0.00950000 -0.20038164
v -0.02169845 0.00899874 -0.20076001
v -0.02375310 0.01250000 -0.19800483
v -0.02315946 0.01250000 -0.19877830
v -0.02354734 0.01250000 -0.19752723
v -0.02359978 0.01250000 -0.19850162
v -0.02336480 0.00892900 -0.19870304
v -0.02303200 0.00913726 -0.19879465
v -0.02373340 0.00892875 -0.19822311
v -0.02373601 0.00913689 -0.19787782
v -0.01471162 0.01250000 -0.19261530
v -0.01342358 0.01250000 -0.19429383
v -0.01450587 0.01250000 -0.19213770
v -0.01509951 0.01250000 -0.19136423
v -0.01465919 0.01250000 -0.19164091
v -0.01492748 0.00894520 -0.19142269
v -0.01451772 0.00894540 -0.19195700
v -0.01342358 0.00950000 -0.19429383
v -0.01471162 0.00950000 -0.19261530
v -0.01176849 0.01250000 -0.19349524
v -0.01006614 0.01250000 -0.19280307
v -0.01130125 0.00850000 -0.19329266
v -0.01296973 0.00899874 -0.19406188
v -0.01251263 0.00850000 -0.19383831
v -0.01129838 0.01250000 -0.18947379
v -0.01006614 0.00850000 -0.19280307
v 0.02858606 0.01250000 -0.21511765
v 0.02858606 0.00850000 -0.21511765
v 0.02877968 0.00850000 -0.21643206
v 0.03272812 0.01450000 -0.14467561
v 0.03348169 0.01450000 -0.14806837
v 0.03336684 0.01450000 -0.14602967
v 0.03359236 0.01450000 -0.15009566
v 0.03132843 0.01450000 -0.14414430
v 0.01528817 0.01450000 -0.14447856
v 0.01389338 0.01450000 -0.14508651
v 0.01332996 0.01450000 -0.14649987
v 0.01320351 0.01450000 -0.14944977
v 0.01276152 0.01450000 -0.15236911
v 0.01231235 0.01450000 -0.15446928
v 0.00664027 0.01450000 -0.17005682
v 0.01182812 0.01450000 -0.15659751
v -0.00201450 0.01450000 -0.18159634
v -0.00259446 0.01450000 -0.18302093
v -0.00056239 0.01450000 -0.18500452
v 0.01212142 0.01450000 -0.18716601
v -0.00199157 0.01450000 -0.18443596
v 0.03108188 0.01450000 -0.20390911
v 0.02316709 0.01450000 -0.19376479
f 1 2 3
f 4 3 2
f 5 1 3
f 6 5 3
f 4 6 3
f 1 7 2
f 8 2 7
f 4 2 8
f 9 10 7
f 11 7 10
f 1 9 7
f 8 7 11
f 12 13 10
f 14 10 13
f 9 12 10
f 11 10 14
f 12 15 13
f 16 13 15
f 17 13 16
f 17 14 13
f 12 18 15
f 19 15 18
f 20 15 19
f 16 15 20
f 12 21 18
f 22 18 21
f 23 19 18
f 22 23 18
f 12 24 21
f 25 21 24
f 26 21 25
f 26 27 21
f 22 21 27
f 28 29 24
f 30 24 29
f 12 28 24
f 25 24 30
f 28 31 29
f 32 29 31
f 33 29 32
f 30 29 33
f 34 31 28
f 35 31 34
f 32 31 35
f 12 36 28
f 37 28 36
f 34 28 37
f 12 38 36
f 39 36 38
f 37 36 39
f 40 41 38
f 42 38 41
f 12 40 38
f 42 39 38
f 40 43 41
f 44 41 43
f 42 41 44
f 45 46 43
f 47 43 46
f 40 45 43
f 44 43 47
f 45 48 46
f 49 46 48
f 47 46 49
f 50 51 48
f 52 48 51
f 45 50 48
f 53 48 52
f 49 48 53
f 54 51 50
f 55 51 54
f 55 56 51
f 52 51 56
f 54 50 45
f 40 57 45
f 58 45 57
f 59 45 58
f 54 45 59
f 60 57 61
f 40 61 57
f 62 57 60
f 63 57 62
f 58 57 63
f 40 60 61
f 64 65 60
f 66 60 65
f 40 64 60
f 62 60 66
f 67 68 65
f 69 65 68
f 64 67 65
f 70 71 72
f 66 65 69
f 73 74 68
f 69 68 74
f 67 73 68
f 73 75 74
f 69 74 75
f 73 76 75
f 77 75 76
f 78 75 77
f 69 75 78
f 70 79 71
f 80 81 76
f 82 76 81
f 83 80 76
f 73 83 76
f 84 76 82
f 77 76 84
f 80 85 81
f 86 81 85
f 87 82 81
f 86 87 81
f 88 85 80
f 89 85 88
f 90 85 89
f 86 85 90
f 88 80 83
f 91 92 83
f 93 83 92
f 73 91 83
f 94 88 83
f 93 94 83
f 91 95 92
f 96 92 95
f 97 92 96
f 93 92 97
f 98 99 95
f 96 95 99
f 91 98 95
f 100 99 101
f 102 101 99
f 103 99 100
f 98 102 99
f 70 72 104
f 96 99 103
f 105 100 101
f 102 105 101
f 106 107 100
f 103 100 107
f 105 106 100
f 108 109 107
f 110 107 109
f 106 108 107
f 79 111 71
f 112 103 107
f 110 112 107
f 113 114 109
f 115 109 114
f 116 109 108
f 116 113 109
f 110 109 115
f 113 117 114
f 118 114 117
f 119 115 114
f 118 119 114
f 120 121 117
f 122 117 121
f 120 117 113
f 122 118 117
f 120 123 121
f 124 121 123
f 122 121 124
f 125 126 123
f 127 123 126
f 120 125 123
f 128 124 123
f 127 128 123
f 129 130 126
f 131 126 130
f 125 129 126
f 131 127 126
f 132 133 130
f 134 130 133
f 129 132 130
f 131 130 134
f 132 135 133
f 136 133 135
f 137 134 133
f 136 137 133
f 138 139 135
f 140 135 139
f 132 138 135
f 140 136 135
f 141 142 139
f 143 139 142
f 138 141 139
f 140 139 143
f 144 145 142
f 146 142 145
f 141 144 142
f 147 143 142
f 146 147 142
f 148 149 145
f 146 145 149
f 144 148 145
f 150 151 149
f 152 149 151
f 148 150 149
f 146 149 152
f 150 153 151
f 154 151 153
f 152 151 154
f 155 156 153
f 154 153 156
f 150 155 153
f 157 158 156
f 159 156 158
f 155 157 156
f 104 160 161
f 162 154 156
f 159 162 156
f 163 164 158
f 165 158 164
f 157 163 158
f 166 158 165
f 159 158 166
f 163 167 164
f 168 164 167
f 169 164 168
f 170 164 169
f 170 165 164
f 171 167 163
f 172 167 171
f 173 167 172
f 168 167 173
f 171 163 157
f 174 157 155
f 175 157 174
f 171 157 175
f 176 177 155
f 178 155 177
f 150 176 155
f 161 179 180
f 181 155 178
f 174 155 181
f 182 183 177
f 178 177 183
f 176 182 177
f 184 183 182
f 184 178 183
f 185 182 176
f 186 182 185
f 187 182 186
f 184 182 187
f 188 176 150
f 180 179 189
f 185 176 188
f 188 150 148
f 188 148 144
f 190 144 141
f 180 189 191
f 192 188 144
f 190 192 144
f 193 141 138
f 193 190 141
f 194 195 138
f 193 138 195
f 132 194 138
f 196 197 195
f 198 195 197
f 194 196 195
f 193 195 198
f 199 200 197
f 201 197 200
f 196 199 197
f 189 202 191
f 201 198 197
f 203 204 200
f 201 200 204
f 199 203 200
f 205 204 203
f 205 201 204
f 206 207 203
f 208 203 207
f 199 206 203
f 208 205 203
f 209 210 207
f 211 207 210
f 206 209 207
f 211 208 207
f 212 213 210
f 214 210 213
f 209 212 210
f 214 211 210
f 215 216 213
f 217 213 216
f 212 215 213
f 217 214 213
f 218 219 216
f 220 216 219
f 215 218 216
f 220 217 216
f 221 222 219
f 223 219 222
f 218 221 219
f 223 220 219
f 108 224 222
f 225 222 224
f 226 108 222
f 221 226 222
f 225 223 222
f 227 224 108
f 225 224 227
f 228 108 106
f 226 116 108
f 229 227 108
f 228 229 108
f 230 106 105
f 230 228 106
f 98 105 102
f 231 105 98
f 232 105 231
f 230 105 232
f 233 98 91
f 231 98 233
f 233 91 73
f 234 73 67
f 233 73 234
f 234 67 64
f 234 64 40
f 235 40 12
f 234 40 235
f 236 12 9
f 237 235 12
f 236 237 12
f 238 9 1
f 239 9 238
f 236 9 239
f 238 1 5
f 240 5 6
f 241 5 240
f 238 5 241
f 179 242 202
f 243 113 116
f 244 120 113
f 245 244 113
f 246 245 113
f 243 246 113
f 247 116 226
f 248 116 247
f 249 116 248
f 250 243 116
f 251 116 249
f 252 116 251
f 250 116 252
f 253 226 221
f 247 226 253
f 254 221 218
f 255 221 256
f 254 256 221
f 257 221 255
f 253 221 258
f 259 258 221
f 260 259 221
f 261 260 221
f 262 261 221
f 257 262 221
f 263 218 215
f 264 218 265
f 263 265 218
f 266 218 264
f 267 254 218
f 268 267 218
f 269 268 218
f 266 269 218
f 270 215 212
f 271 215 272
f 273 272 215
f 274 215 271
f 275 263 215
f 276 275 215
f 277 276 215
f 274 277 215
f 278 273 215
f 270 278 215
f 279 212 209
f 280 212 281
f 282 281 212
f 283 212 280
f 284 270 212
f 283 284 212
f 285 282 212
f 286 285 212
f 279 286 212
f 287 209 206
f 288 209 287
f 289 209 288
f 290 209 291
f 292 291 209
f 293 209 290
f 293 279 209
f 294 292 209
f 295 294 209
f 296 295 209
f 289 296 209
f 297 206 199
f 298 206 297
f 299 206 298
f 300 287 206
f 301 300 206
f 302 301 206
f 303 302 206
f 299 303 206
f 304 199 196
f 305 199 304
f 306 199 305
f 307 199 306
f 308 297 199
f 309 308 199
f 310 309 199
f 311 310 199
f 307 311 199
f 312 196 194
f 313 196 314
f 312 314 196
f 315 196 313
f 304 196 316
f 317 316 196
f 318 317 196
f 319 318 196
f 320 319 196
f 315 320 196
f 321 194 132
f 322 194 321
f 323 194 322
f 324 194 323
f 325 312 194
f 326 325 194
f 327 326 194
f 324 327 194
f 328 132 129
f 321 132 329
f 330 329 132
f 331 132 328
f 332 132 331
f 333 132 334
f 335 334 132
f 330 132 333
f 332 335 132
f 336 129 125
f 337 129 336
f 328 129 337
f 338 125 120
f 339 125 338
f 336 125 339
f 340 120 244
f 338 120 340
f 240 6 341
f 4 341 6
f 202 242 342
f 343 240 341
f 344 343 341
f 4 344 341
f 202 342 345
f 346 240 343
f 347 240 346
f 241 240 347
f 348 349 350
f 351 350 349
f 352 348 350
f 353 352 350
f 353 350 354
f 351 354 350
f 355 356 349
f 357 349 356
f 348 355 349
f 357 351 349
f 355 358 356
f 357 356 358
f 359 358 355
f 360 357 358
f 361 360 358
f 359 361 358
f 362 355 348
f 363 359 355
f 362 363 355
f 364 348 352
f 364 362 348
f 353 365 352
f 366 352 365
f 364 352 366
f 354 367 365
f 368 365 367
f 353 354 365
f 369 365 368
f 366 365 369
f 346 343 367
f 370 367 343
f 354 346 367
f 368 367 370
f 370 343 344
f 347 346 354
f 347 354 351
f 371 345 342
f 371 342 372
f 373 357 360
f 374 351 357
f 375 374 357
f 373 375 357
f 373 360 376
f 377 376 360
f 361 377 360
f 378 373 376
f 378 376 377
f 347 351 374
f 379 374 375
f 380 374 379
f 347 374 380
f 381 375 373
f 381 379 375
f 378 381 373
f 382 377 361
f 383 378 377
f 384 383 377
f 384 377 382
f 385 361 359
f 385 382 361
f 385 359 363
f 386 363 362
f 387 363 388
f 389 388 363
f 385 363 387
f 386 389 363
f 386 362 364
f 390 379 381
f 391 379 390
f 380 379 391
f 392 381 378
f 342 393 372
f 392 390 381
f 383 394 378
f 395 378 394
f 395 392 378
f 396 394 383
f 396 395 394
f 384 397 383
f 398 383 397
f 398 396 383
f 382 399 397
f 398 397 399
f 384 382 397
f 400 399 382
f 401 399 400
f 402 399 401
f 402 398 399
f 403 382 385
f 403 404 382
f 400 382 404
f 405 372 393
f 406 390 407
f 391 390 406
f 408 390 392
f 408 409 390
f 410 390 409
f 407 390 410
f 411 392 395
f 411 408 392
f 411 395 412
f 396 412 395
f 413 411 412
f 414 413 412
f 415 414 412
f 416 415 412
f 396 416 412
f 417 409 408
f 417 418 409
f 410 409 418
f 413 408 411
f 417 408 413
f 419 413 414
f 419 417 413
f 420 414 415
f 421 419 414
f 420 421 414
f 422 415 416
f 423 415 422
f 424 415 423
f 424 420 415
f 398 416 396
f 422 416 398
f 425 426 427
f 428 427 426
f 429 425 427
f 430 429 427
f 431 430 427
f 428 431 427
f 425 432 426
f 433 426 432
f 434 426 433
f 428 426 434
f 435 436 432
f 437 432 436
f 425 435 432
f 433 432 437
f 410 418 436
f 438 436 418
f 435 410 436
f 437 436 438
f 439 418 417
f 438 418 439
f 439 417 419
f 407 410 435
f 440 435 425
f 441 435 440
f 407 435 441
f 440 425 429
f 442 429 430
f 440 429 442
f 442 430 443
f 431 443 430
f 444 442 443
f 445 444 443
f 431 445 443
f 440 442 444
f 445 446 444
f 447 444 446
f 447 448 444
f 440 444 448
f 405 393 449
f 450 451 446
f 447 446 451
f 445 450 446
f 452 453 451
f 447 451 453
f 454 452 451
f 455 454 451
f 456 455 451
f 457 456 451
f 458 457 451
f 459 458 451
f 450 459 451
f 460 461 453
f 462 453 461
f 463 460 453
f 464 463 453
f 465 464 453
f 466 465 453
f 452 466 453
f 467 468 469
f 470 447 453
f 462 470 453
f 471 472 461
f 473 461 472
f 460 471 461
f 474 461 473
f 462 461 474
f 475 476 472
f 477 472 476
f 478 475 472
f 471 478 472
f 473 472 477
f 479 480 476
f 477 476 480
f 475 479 476
f 481 482 480
f 483 480 482
f 484 485 480
f 486 480 485
f 479 484 480
f 486 481 480
f 477 480 483
f 487 488 482
f 483 482 488
f 481 487 482
f 489 490 488
f 491 488 490
f 487 489 488
f 467 469 492
f 483 488 491
f 493 494 490
f 491 490 494
f 489 493 490
f 495 496 494
f 491 494 496
f 493 495 494
f 497 498 496
f 499 496 498
f 495 497 496
f 393 467 449
f 500 491 496
f 499 500 496
f 501 502 498
f 503 498 502
f 504 501 498
f 497 504 498
f 503 499 498
f 501 505 502
f 506 502 505
f 503 502 506
f 507 505 501
f 507 506 505
f 508 509 501
f 507 501 509
f 510 508 501
f 511 510 501
f 504 511 501
f 512 513 509
f 514 509 513
f 515 516 509
f 517 509 516
f 508 515 509
f 518 512 509
f 517 518 509
f 514 507 509
f 519 520 513
f 521 513 520
f 522 519 513
f 523 522 513
f 524 523 513
f 525 524 513
f 526 525 513
f 527 513 512
f 526 513 527
f 521 514 513
f 528 529 520
f 530 520 529
f 531 528 520
f 532 531 520
f 533 532 520
f 534 533 520
f 519 535 520
f 536 520 535
f 534 520 536
f 530 521 520
f 537 538 529
f 539 529 538
f 540 541 529
f 537 529 541
f 542 540 529
f 528 542 529
f 539 530 529
f 543 544 538
f 545 538 544
f 546 543 538
f 547 546 538
f 548 547 538
f 549 548 538
f 550 549 538
f 551 550 538
f 552 551 538
f 537 552 538
f 545 539 538
f 553 554 544
f 555 544 554
f 556 553 544
f 557 556 544
f 558 557 544
f 559 558 544
f 560 559 544
f 543 560 544
f 555 545 544
f 561 554 553
f 561 555 554
f 562 563 553
f 564 553 563
f 565 566 553
f 567 553 566
f 568 565 553
f 556 568 553
f 567 562 553
f 564 561 553
f 569 570 563
f 571 563 570
f 572 569 563
f 573 572 563
f 574 573 563
f 575 574 563
f 576 575 563
f 562 577 563
f 543 563 577
f 578 563 543
f 578 576 563
f 564 563 571
f 579 580 570
f 581 570 580
f 569 582 570
f 583 570 582
f 584 570 583
f 585 579 570
f 584 585 570
f 581 571 570
f 586 587 580
f 588 580 587
f 579 586 580
f 588 581 580
f 589 590 587
f 591 587 590
f 586 589 587
f 591 588 587
f 592 593 590
f 594 590 593
f 595 592 590
f 596 595 590
f 597 596 590
f 598 597 590
f 589 598 590
f 591 590 594
f 599 600 593
f 601 593 600
f 602 599 593
f 592 602 593
f 603 593 601
f 603 594 593
f 467 492 449
f 371 372 604
f 601 600 605
f 405 449 604
f 606 607 600
f 605 600 607
f 608 606 600
f 609 600 610
f 599 610 600
f 611 600 609
f 611 608 600
f 612 599 602
f 613 614 615
f 612 602 592
f 612 592 595
f 616 617 595
f 618 595 617
f 619 595 596
f 619 616 595
f 620 595 618
f 612 595 620
f 449 492 604
f 621 485 617
f 622 617 485
f 616 621 617
f 623 617 622
f 618 617 623
f 622 485 484
f 621 486 485
f 624 484 479
f 625 484 624
f 622 484 625
f 626 479 475
f 627 479 626
f 624 479 627
f 626 475 478
f 628 478 471
f 626 478 628
f 629 471 460
f 613 615 630
f 628 471 629
f 629 460 463
f 629 463 464
f 631 632 464
f 633 464 632
f 634 631 464
f 465 634 464
f 635 464 633
f 629 464 635
f 345 604 636
f 637 638 632
f 639 632 638
f 631 637 632
f 640 632 639
f 633 632 640
f 606 638 637
f 641 638 606
f 642 638 641
f 639 638 642
f 643 637 631
f 644 637 643
f 606 637 644
f 645 631 634
f 645 643 631
f 646 634 465
f 646 645 634
f 647 465 466
f 646 465 647
f 648 466 452
f 647 466 648
f 649 452 454
f 648 452 649
f 455 650 454
f 651 454 650
f 651 649 454
f 652 653 650
f 654 650 653
f 455 652 650
f 655 650 654
f 656 650 655
f 656 651 650
f 657 653 652
f 654 653 658
f 657 658 653
f 657 652 455
f 659 455 456
f 660 455 659
f 657 455 660
f 661 456 457
f 659 456 661
f 662 457 458
f 661 457 662
f 663 458 459
f 664 458 663
f 665 458 664
f 666 458 665
f 666 662 458
f 667 459 450
f 663 459 667
f 668 450 445
f 668 667 450
f 668 445 431
f 669 582 569
f 670 583 582
f 670 582 669
f 671 569 572
f 671 669 569
f 672 572 573
f 672 671 572
f 673 573 574
f 673 672 573
f 674 574 575
f 674 673 574
f 675 676 575
f 677 575 676
f 576 675 575
f 677 674 575
f 675 678 676
f 679 676 678
f 679 677 676
f 675 680 678
f 681 678 680
f 681 679 678
f 584 682 680
f 683 680 682
f 675 584 680
f 683 681 680
f 584 684 682
f 685 682 684
f 685 683 682
f 584 583 684
f 686 684 583
f 686 685 684
f 670 686 583
f 687 566 565
f 688 567 566
f 688 566 687
f 689 565 568
f 687 565 689
f 690 568 556
f 689 568 690
f 691 556 557
f 690 556 691
f 692 557 558
f 691 557 692
f 693 558 559
f 692 558 693
f 694 559 560
f 693 559 694
f 543 695 560
f 696 560 695
f 696 694 560
f 543 577 695
f 697 695 577
f 696 695 697
f 698 577 562
f 697 577 698
f 699 562 567
f 698 562 699
f 699 567 688
f 578 700 701
f 702 701 700
f 578 701 703
f 704 703 701
f 704 701 702
f 578 543 700
f 705 700 543
f 702 700 705
f 706 543 546
f 705 543 706
f 707 546 547
f 706 546 707
f 708 547 548
f 707 547 708
f 709 548 549
f 708 548 709
f 710 549 550
f 709 549 710
f 711 550 551
f 711 710 550
f 552 712 551
f 713 551 712
f 711 551 713
f 552 714 712
f 715 712 714
f 713 712 715
f 552 703 714
f 716 714 703
f 715 714 716
f 552 578 703
f 716 703 704
f 717 541 540
f 537 541 718
f 719 718 541
f 719 541 717
f 720 540 542
f 717 540 720
f 721 542 528
f 720 542 721
f 722 528 531
f 721 528 722
f 723 531 532
f 722 531 723
f 724 532 533
f 723 532 724
f 534 725 533
f 726 533 725
f 724 533 726
f 727 728 725
f 729 725 728
f 534 727 725
f 729 726 725
f 727 730 728
f 731 728 730
f 729 728 731
f 727 732 730
f 733 730 732
f 731 730 733
f 537 718 732
f 734 732 718
f 727 537 732
f 733 732 734
f 734 718 719
f 735 535 519
f 736 536 535
f 736 535 735
f 737 519 522
f 735 519 737
f 738 522 523
f 737 522 738
f 739 523 524
f 738 523 739
f 740 524 525
f 739 524 740
f 741 742 525
f 743 525 742
f 526 741 525
f 740 525 743
f 741 744 742
f 745 742 744
f 743 742 745
f 741 746 744
f 747 744 746
f 747 745 744
f 534 748 746
f 749 746 748
f 741 534 746
f 747 746 749
f 534 750 748
f 751 748 750
f 749 748 751
f 534 536 750
f 752 750 536
f 751 750 752
f 752 536 736
f 753 516 515
f 754 517 516
f 754 516 753
f 755 515 508
f 753 515 755
f 756 508 510
f 755 508 756
f 757 758 510
f 759 510 758
f 511 757 510
f 756 510 759
f 757 760 758
f 761 758 760
f 759 758 761
f 757 762 760
f 763 760 762
f 761 760 763
f 764 765 762
f 766 762 765
f 757 764 762
f 763 762 766
f 764 767 765
f 768 765 767
f 768 766 765
f 769 512 767
f 770 767 512
f 764 769 767
f 768 767 770
f 771 512 518
f 527 512 769
f 770 512 771
f 772 518 517
f 771 518 772
f 772 517 754
f 527 773 774
f 775 774 773
f 527 774 776
f 777 776 774
f 777 774 775
f 527 769 773
f 778 773 769
f 775 773 778
f 779 780 769
f 781 769 780
f 764 779 769
f 778 769 781
f 779 782 780
f 783 780 782
f 781 780 783
f 779 784 782
f 785 782 784
f 783 782 785
f 779 786 784
f 787 784 786
f 785 784 787
f 779 788 786
f 789 786 788
f 787 786 789
f 779 790 788
f 791 788 790
f 791 789 788
f 792 793 790
f 794 790 793
f 795 790 779
f 795 792 790
f 791 790 794
f 792 796 793
f 797 793 796
f 794 793 797
f 792 776 796
f 798 796 776
f 797 796 798
f 792 527 776
f 798 776 777
f 799 800 801
f 802 801 800
f 795 801 803
f 804 803 801
f 795 799 801
f 804 801 802
f 799 805 800
f 806 800 805
f 802 800 806
f 807 808 805
f 809 805 808
f 799 807 805
f 806 805 809
f 807 810 808
f 811 808 810
f 809 808 811
f 807 812 810
f 813 810 812
f 811 810 813
f 807 814 812
f 815 812 814
f 813 812 815
f 807 816 814
f 817 814 816
f 815 814 817
f 818 819 816
f 820 816 819
f 818 816 807
f 820 817 816
f 818 821 819
f 822 819 821
f 820 819 822
f 818 823 821
f 824 821 823
f 822 821 824
f 795 803 823
f 825 823 803
f 818 795 823
f 824 823 825
f 825 803 804
f 598 596 597
f 826 596 598
f 827 619 596
f 826 828 596
f 827 596 828
f 826 598 589
f 829 589 586
f 636 604 630
f 829 826 589
f 830 586 579
f 830 829 586
f 831 579 585
f 830 579 831
f 584 832 585
f 833 585 832
f 191 345 834
f 835 831 585
f 833 835 585
f 818 807 832
f 836 832 807
f 584 818 832
f 836 833 832
f 837 807 799
f 836 807 837
f 795 779 799
f 838 799 779
f 839 837 799
f 838 839 799
f 840 779 764
f 840 838 779
f 841 764 757
f 840 764 841
f 842 757 511
f 843 841 757
f 842 843 757
f 844 511 504
f 844 842 511
f 845 504 497
f 844 504 845
f 846 497 495
f 847 845 497
f 846 847 497
f 848 495 493
f 849 495 848
f 846 495 849
f 848 493 489
f 850 489 487
f 848 489 850
f 850 487 481
f 850 481 486
f 851 486 621
f 852 850 486
f 851 852 486
f 853 621 616
f 854 621 853
f 851 621 854
f 853 616 619
f 855 853 619
f 827 855 619
f 856 527 792
f 857 526 527
f 857 527 856
f 858 792 795
f 859 792 858
f 856 792 859
f 860 795 818
f 858 795 860
f 861 818 584
f 860 818 861
f 862 584 675
f 861 584 862
f 863 675 576
f 862 675 863
f 863 576 578
f 864 578 552
f 863 578 864
f 865 552 537
f 866 864 552
f 866 552 865
f 867 537 727
f 865 537 867
f 868 727 534
f 867 727 868
f 869 534 741
f 868 534 869
f 857 741 526
f 869 741 857
f 870 871 448
f 872 448 871
f 873 870 448
f 447 873 448
f 441 440 448
f 872 441 448
f 874 871 870
f 407 872 871
f 875 407 871
f 876 875 871
f 874 876 871
f 877 870 873
f 877 874 870
f 470 873 447
f 878 877 873
f 879 878 873
f 879 873 470
f 407 441 872
f 875 406 407
f 880 406 875
f 380 406 880
f 380 391 406
f 876 880 875
f 881 880 876
f 347 380 880
f 881 347 880
f 881 876 874
f 238 874 877
f 238 881 874
f 239 877 878
f 239 238 877
f 882 239 878
f 879 882 878
f 883 241 347
f 345 636 834
f 881 883 347
f 238 241 883
f 636 630 834
f 238 883 881
f 191 202 345
f 191 834 884
f 180 191 884
f 882 236 239
f 630 885 834
f 884 834 885
f 886 237 236
f 887 235 237
f 886 887 237
f 882 886 236
f 234 235 887
f 888 887 886
f 889 234 887
f 888 889 887
f 890 886 882
f 890 888 886
f 890 882 879
f 233 234 889
f 891 233 889
f 892 891 889
f 892 889 893
f 888 893 889
f 891 894 233
f 231 233 894
f 895 894 891
f 896 231 894
f 897 896 894
f 897 894 895
f 892 895 891
f 896 898 231
f 232 231 898
f 899 898 896
f 70 900 79
f 901 232 898
f 902 901 898
f 902 898 899
f 897 899 896
f 70 884 900
f 903 230 232
f 901 904 232
f 903 232 904
f 905 904 901
f 906 903 904
f 906 904 905
f 902 905 901
f 907 227 229
f 908 227 907
f 909 225 227
f 908 909 227
f 910 229 228
f 910 907 229
f 903 228 230
f 903 910 228
f 911 907 910
f 912 908 907
f 912 907 911
f 913 910 903
f 913 911 910
f 913 903 906
f 189 179 202
f 914 198 201
f 915 198 914
f 915 193 198
f 916 201 205
f 917 914 201
f 916 917 201
f 918 205 208
f 918 916 205
f 918 208 211
f 919 211 214
f 919 918 211
f 920 214 217
f 920 919 214
f 921 217 220
f 921 920 217
f 922 220 223
f 922 921 220
f 923 223 225
f 923 922 223
f 909 923 225
f 924 914 917
f 925 915 914
f 925 914 924
f 926 917 916
f 926 924 917
f 927 916 918
f 926 916 927
f 928 918 919
f 927 918 928
f 929 919 920
f 928 919 929
f 930 920 921
f 929 920 930
f 931 921 922
f 930 921 931
f 932 922 923
f 931 922 932
f 933 923 909
f 932 923 933
f 934 909 908
f 933 909 934
f 934 908 912
f 935 188 192
f 185 188 935
f 936 192 190
f 937 935 192
f 936 937 192
f 915 190 193
f 915 936 190
f 938 935 937
f 939 185 935
f 940 939 935
f 938 940 935
f 941 937 936
f 941 938 937
f 942 936 915
f 941 936 942
f 942 915 925
f 943 944 945
f 946 945 944
f 947 943 945
f 948 949 945
f 947 945 949
f 946 948 945
f 943 950 944
f 951 944 950
f 951 946 944
f 943 185 950
f 939 950 185
f 952 950 939
f 952 951 950
f 943 186 185
f 953 186 943
f 884 885 900
f 885 954 955
f 953 187 186
f 947 953 943
f 940 952 939
f 956 957 949
f 947 949 957
f 948 956 949
f 958 957 956
f 959 947 957
f 958 959 957
f 948 960 958
f 958 956 948
f 960 948 946
f 603 946 951
f 961 960 946
f 962 961 946
f 603 962 946
f 603 951 952
f 594 952 940
f 603 952 594
f 594 940 938
f 941 594 938
f 885 955 900
f 963 184 187
f 964 963 187
f 965 964 187
f 966 965 187
f 79 967 111
f 966 187 953
f 966 953 947
f 959 968 947
f 969 947 968
f 966 947 970
f 969 970 947
f 960 968 959
f 971 969 968
f 972 971 968
f 973 972 968
f 974 973 968
f 960 974 968
f 958 960 959
f 104 161 180
f 184 975 178
f 976 178 975
f 977 181 178
f 976 977 178
f 184 978 975
f 979 975 978
f 976 975 979
f 184 980 978
f 981 978 980
f 979 978 981
f 184 982 980
f 981 980 982
f 983 982 184
f 981 982 983
f 984 985 184
f 986 184 985
f 963 984 184
f 983 184 986
f 987 985 984
f 988 985 987
f 988 986 985
f 989 984 963
f 989 987 984
f 990 963 964
f 989 963 990
f 991 964 965
f 991 990 964
f 966 992 965
f 991 965 992
f 79 900 967
f 900 955 967
f 174 181 993
f 994 995 181
f 993 181 995
f 996 994 181
f 977 996 181
f 997 995 994
f 998 993 995
f 997 998 995
f 999 994 996
f 999 997 994
f 976 996 977
f 1000 996 976
f 1000 999 996
f 175 993 1001
f 1002 1001 993
f 171 175 1001
f 172 171 1001
f 1003 1001 1002
f 1004 1005 1001
f 172 1001 1005
f 1003 1004 1001
f 175 174 993
f 998 1002 993
f 1006 1002 998
f 1007 1002 1008
f 1006 1008 1002
f 1007 1003 1002
f 1009 998 997
f 1006 998 1009
f 1010 997 999
f 1010 1011 997
f 1009 997 1011
f 1012 1008 1013
f 1014 1013 1008
f 84 1012 1013
f 1015 84 1013
f 1014 1015 1013
f 1016 1007 1008
f 1017 1016 1008
f 1018 1017 1008
f 1019 1018 1008
f 1020 1019 1008
f 1012 1020 1008
f 1021 1014 1008
f 1021 1008 1006
f 1004 1022 1005
f 172 1005 1022
f 1004 1023 1022
f 173 1022 1023
f 173 172 1022
f 1024 1023 1004
f 1025 1023 1024
f 173 1023 1025
f 1024 1004 1003
f 1026 1003 1007
f 1027 1024 1003
f 1026 1027 1003
f 1028 1007 1016
f 1029 1007 1028
f 1026 1007 1029
f 1028 1016 1017
f 1030 1017 1018
f 1031 1028 1017
f 1030 1031 1017
f 1032 1018 1019
f 1033 1018 1032
f 1030 1018 1033
f 1034 1019 1020
f 1034 1032 1019
f 82 1020 1012
f 1034 1020 82
f 84 82 1012
f 111 967 1035
f 955 1036 967
f 87 1034 82
f 77 84 1015
f 955 954 1037
f 955 1037 1036
f 954 1038 1037
f 1039 1032 1034
f 87 1039 1034
f 1033 1032 1039
f 1040 1039 87
f 1041 1033 1039
f 1042 1041 1039
f 1042 1039 1040
f 86 1040 87
f 1035 967 1043
f 1044 1030 1033
f 1044 1033 1041
f 1045 1044 1041
f 1045 1041 1042
f 967 1036 1043
f 1036 1037 1043
f 1044 1031 1030
f 1046 1028 1031
f 1044 1046 1031
f 1029 1028 1046
f 1047 1046 1044
f 1048 1029 1046
f 1049 1048 1046
f 1049 1046 1047
f 1045 1047 1044
f 1050 1029 1048
f 1050 1026 1029
f 1051 1050 1048
f 1051 1048 1049
f 1052 1024 1027
f 1025 1024 1052
f 1037 1038 1043
f 1050 1027 1026
f 1050 1052 1027
f 1053 1052 1050
f 1054 1025 1052
f 1055 1054 1052
f 1053 1055 1052
f 1051 1053 1050
f 1035 1043 1056
f 168 1025 1054
f 168 173 1025
f 169 168 1054
f 1055 169 1054
f 1057 169 1055
f 1057 170 169
f 1058 1057 1055
f 1058 1055 1053
f 1043 1059 1056
f 1038 1060 1043
f 1061 170 1057
f 1062 165 170
f 1061 1062 170
f 1043 1060 1059
f 72 71 1063
f 1062 1064 165
f 166 165 1064
f 1065 1064 1062
f 1066 166 1064
f 1065 1066 1064
f 1065 1062 1061
f 1067 1061 1057
f 1065 1061 1067
f 1058 1067 1057
f 111 1035 1068
f 1069 166 1066
f 1069 159 166
f 1070 1069 1066
f 1071 1066 1065
f 1071 1070 1066
f 70 104 180
f 1072 154 162
f 152 154 1072
f 71 1068 1063
f 1069 162 159
f 1069 1072 162
f 1073 1072 1069
f 1074 152 1072
f 1075 1074 1072
f 1075 1072 1073
f 1076 1073 1069
f 1056 1059 1077
f 1070 1076 1069
f 1035 1056 1077
f 1074 1078 152
f 1079 152 1078
f 1079 146 152
f 1080 1078 1074
f 1081 1079 1078
f 1081 1078 1080
f 1075 1080 1074
f 161 1082 179
f 161 160 1083
f 1084 140 143
f 1085 147 146
f 1086 143 147
f 1085 1086 147
f 1079 1085 146
f 1084 143 1086
f 1087 1086 1085
f 1088 1084 1086
f 1088 1086 1087
f 1089 1085 1079
f 1090 1087 1085
f 1089 1090 1085
f 1081 1089 1079
f 1091 134 137
f 1092 134 1091
f 1092 131 134
f 1093 137 136
f 1093 1091 137
f 1084 136 140
f 1084 1093 136
f 1094 1091 1093
f 1095 1092 1091
f 1095 1091 1094
f 1088 1093 1084
f 1096 1094 1093
f 1088 1096 1093
f 1097 124 128
f 1098 124 1097
f 1098 122 124
f 1099 128 127
f 1099 1097 128
f 1092 127 131
f 1092 1099 127
f 1100 1097 1099
f 1101 1098 1097
f 1101 1097 1100
f 1102 1099 1092
f 1102 1100 1099
f 1095 1102 1092
f 1103 115 119
f 1104 115 1103
f 1104 110 115
f 1105 119 118
f 1105 1103 119
f 1098 118 122
f 1098 1105 118
f 1106 1103 1105
f 1107 1104 1103
f 1107 1103 1106
f 1108 1105 1098
f 1109 1106 1105
f 1110 1109 1105
f 1108 1110 1105
f 1111 1108 1098
f 1101 1111 1098
f 1112 103 112
f 96 103 1112
f 1104 112 110
f 1104 1112 112
f 1113 1112 1104
f 1114 96 1112
f 1115 1114 1112
f 1115 1112 1113
f 1107 1113 1104
f 1114 1116 96
f 97 96 1116
f 1117 1116 1114
f 1118 97 1116
f 1119 1118 1116
f 1119 1116 1117
f 1115 1117 1114
f 1118 1120 97
f 1121 97 1120
f 1121 93 97
f 1122 1120 1118
f 1123 1121 1120
f 1123 1120 1122
f 1119 1122 1118
f 1124 88 94
f 89 88 1124
f 1121 94 93
f 1121 1124 94
f 1125 1124 1121
f 1126 89 1124
f 1127 1126 1124
f 1128 1127 1124
f 1125 1128 1124
f 1123 1125 1121
f 1129 89 1126
f 1129 90 89
f 1127 1129 1126
f 86 1130 1040
f 1042 1040 1130
f 86 90 1130
f 1131 1130 90
f 1132 1130 1131
f 1132 1042 1130
f 161 1083 1082
f 1129 1131 90
f 1127 1131 1129
f 1132 1131 1127
f 1133 1045 1042
f 1133 1042 1132
f 1134 1047 1045
f 1134 1049 1047
f 1135 1134 1045
f 1133 1135 1045
f 1136 1051 1049
f 1137 1049 1134
f 1136 1049 1137
f 1058 1053 1051
f 1138 1058 1051
f 1136 1138 1051
f 1138 1067 1058
f 1065 1067 1139
f 1138 1139 1067
f 71 111 1068
f 1132 1127 1128
f 1065 1140 1128
f 1135 1128 1140
f 1125 1065 1128
f 1133 1132 1128
f 1133 1128 1135
f 1065 1141 1140
f 1137 1140 1141
f 1135 1140 1134
f 1137 1134 1140
f 1065 1139 1141
f 1137 1141 1139
f 1136 1137 1139
f 1136 1139 1138
f 1142 1065 1125
f 1070 1065 1076
f 1143 1076 1065
f 1071 1065 1070
f 1144 1065 1142
f 1145 1065 1144
f 1145 1143 1065
f 1146 1125 1123
f 1147 1125 1146
f 1142 1125 1147
f 72 1148 104
f 104 1148 160
f 72 1063 1148
f 1143 1073 1076
f 1149 1075 1073
f 1149 1073 1143
f 1035 1077 1068
f 1149 1080 1075
f 1150 1081 1080
f 1150 1080 1149
f 1151 1087 1090
f 1152 1088 1087
f 1152 1087 1151
f 1151 1090 1089
f 1150 1089 1081
f 1151 1089 1150
f 1153 1094 1096
f 1154 1095 1094
f 1155 1094 1153
f 1154 1094 1155
f 1156 1096 1088
f 1156 1153 1096
f 1156 1088 1152
f 1157 1100 1102
f 1158 1101 1100
f 1158 1100 1157
f 1159 1102 1095
f 1160 1157 1102
f 1159 1160 1102
f 1154 1159 1095
f 1161 1106 1109
f 1161 1107 1106
f 1161 1109 1110
f 1161 1110 1108
f 1162 1108 1111
f 1161 1108 1162
f 1158 1111 1101
f 1162 1111 1158
f 1163 1113 1107
f 1164 1115 1113
f 1164 1113 1163
f 1163 1107 1161
f 1164 1117 1115
f 1165 1119 1117
f 1165 1117 1164
f 1165 1122 1119
f 1166 1123 1122
f 1165 1166 1122
f 1166 1146 1123
f 1166 1147 1146
f 1167 1142 1147
f 1166 1167 1147
f 1144 1142 1167
f 1168 1167 1166
f 1169 1144 1167
f 1168 1169 1167
f 1170 1166 1165
f 1168 1166 1170
f 1149 1144 1169
f 1149 1145 1144
f 1150 1149 1169
f 1171 1150 1169
f 1172 1171 1169
f 1173 1172 1169
f 1174 1173 1169
f 1174 1169 1170
f 1168 1170 1169
f 1149 1143 1145
f 1171 1175 1150
f 1176 1150 1175
f 1176 1151 1150
f 1172 1175 1171
f 1177 1176 1175
f 1177 1175 1178
f 1172 1178 1175
f 1179 1151 1176
f 1180 1152 1151
f 1179 1180 1151
f 1181 1179 1176
f 1182 1181 1176
f 1182 1176 1177
f 1179 1152 1180
f 1183 1152 1179
f 1156 1152 1183
f 1181 1183 1179
f 1182 1183 1181
f 1155 1156 1183
f 1182 1155 1183
f 1155 1153 1156
f 1182 1154 1155
f 1178 1157 1160
f 1162 1157 1178
f 1162 1158 1157
f 1177 1160 1159
f 1177 1178 1160
f 1182 1159 1154
f 1182 1177 1159
f 1184 1162 1178
f 1185 1184 1178
f 1172 1185 1178
f 1184 1161 1162
f 1163 1161 1184
f 1185 1163 1184
f 1164 1163 1185
f 1164 1185 1172
f 1173 1164 1172
f 1165 1164 1173
f 1174 1165 1173
f 1174 1170 1165
f 78 1015 1186
f 1187 1186 1015
f 69 78 1186
f 66 69 1186
f 1188 1186 1187
f 1188 1189 1186
f 66 1186 1189
f 78 77 1015
f 1190 1187 1015
f 1191 1190 1015
f 1014 1191 1015
f 1192 1187 1190
f 1193 1188 1187
f 1194 1193 1187
f 1194 1187 1192
f 1192 1190 1191
f 1192 1191 1014
f 1192 1014 1021
f 1195 1196 1189
f 66 1189 1196
f 1188 1195 1189
f 1197 1196 1195
f 62 66 1196
f 62 1196 1198
f 1197 1198 1196
f 1193 1195 1188
f 1199 1197 1195
f 1199 1195 1193
f 63 62 1198
f 1200 1198 1197
f 1200 1201 1198
f 63 1198 1201
f 160 1148 1083
f 1202 1200 1197
f 1202 1197 1199
f 1203 1204 1201
f 63 1201 1204
f 1200 1203 1201
f 1205 1204 1203
f 1206 63 1204
f 1205 1206 1204
f 1202 1203 1200
f 179 1082 1207
f 1208 1205 1203
f 1209 1203 1202
f 1208 1203 1209
f 242 1210 342
f 58 63 1206
f 59 1206 1211
f 1212 1211 1206
f 54 59 1211
f 55 54 1211
f 1213 1211 1212
f 1214 1215 1211
f 55 1211 1215
f 1213 1214 1211
f 59 58 1206
f 1205 1212 1206
f 179 1207 242
f 242 1207 1210
f 1208 1212 1205
f 1216 1212 1217
f 1218 1217 1212
f 1216 1213 1212
f 1218 1212 1208
f 1217 1219 1220
f 1221 1220 1219
f 1222 1217 1220
f 1223 1222 1220
f 1221 1224 1220
f 1223 1220 1224
f 1225 1219 1217
f 1226 1221 1219
f 1225 1226 1219
f 1227 1216 1217
f 1228 1227 1217
f 1229 1228 1217
f 1230 1229 1217
f 1222 1230 1217
f 1231 1225 1217
f 1231 1217 1218
f 1214 1232 1215
f 55 1215 1232
f 1214 1233 1232
f 1234 1232 1233
f 56 55 1232
f 1234 56 1232
f 1235 1233 1214
f 1236 1233 1235
f 1234 1233 1236
f 1235 1214 1213
f 1237 1213 1216
f 1238 1235 1213
f 1237 1238 1213
f 1239 1216 1227
f 1240 1216 1239
f 1237 1216 1240
f 1239 1227 1228
f 1241 1228 1229
f 1242 1239 1228
f 1241 1242 1228
f 1243 1229 1230
f 1244 1229 1243
f 1241 1229 1244
f 1243 1230 1222
f 1245 1243 1222
f 1223 1245 1222
f 342 1210 1246
f 393 1246 1247
f 1248 1249 1224
f 1250 1224 1249
f 1221 1248 1224
f 1250 1223 1224
f 986 1249 1248
f 1251 1250 1249
f 1251 1249 986
f 981 1248 1221
f 983 986 1248
f 981 983 1248
f 1226 981 1221
f 393 1252 467
f 393 1247 1252
f 467 1252 1253
f 1250 1245 1223
f 1254 1243 1245
f 1250 1254 1245
f 1244 1243 1254
f 1255 1254 1250
f 1256 1244 1254
f 1257 1256 1254
f 1257 1254 1255
f 1255 1250 1251
f 467 1258 468
f 1259 1244 1256
f 1259 1241 1244
f 988 1259 1256
f 988 1256 1257
f 468 1258 1260
f 467 1253 1258
f 1259 1242 1241
f 1261 1239 1242
f 1262 1261 1242
f 1259 1262 1242
f 1240 1239 1261
f 469 468 1263
f 1264 1261 1262
f 1265 1240 1261
f 1266 1265 1261
f 1266 1261 1264
f 988 1262 1259
f 1264 1262 988
f 469 1263 492
f 1267 1240 1265
f 1267 1237 1240
f 1268 1267 1265
f 1268 1265 1266
f 468 1260 1263
f 492 1263 613
f 1269 1238 1237
f 1270 1235 1238
f 1269 1270 1238
f 1267 1269 1237
f 1236 1235 1270
f 613 1271 614
f 1272 1270 1269
f 1273 1236 1270
f 1274 1273 1270
f 1272 1274 1270
f 1268 1269 1267
f 1272 1269 1268
f 614 1271 1275
f 52 1236 1273
f 52 1234 1236
f 53 52 1273
f 1274 53 1273
f 342 1246 393
f 52 56 1234
f 49 53 1274
f 49 1274 1272
f 49 988 987
f 1276 49 987
f 989 1276 987
f 1257 1251 986
f 988 1257 986
f 1257 1255 1251
f 49 1264 988
f 49 1266 1264
f 49 1268 1266
f 49 1272 1268
f 1276 1277 49
f 47 49 1277
f 1278 1279 1277
f 1280 1277 1279
f 1276 1278 1277
f 1281 47 1277
f 1280 1281 1277
f 1282 1279 1278
f 1283 1280 1279
f 1284 1283 1279
f 1282 1284 1279
f 1285 1278 1276
f 1282 1278 1286
f 1285 1286 1278
f 989 1285 1276
f 44 47 1281
f 44 1281 1280
f 630 1287 885
f 44 1280 1283
f 615 614 1288
f 42 44 1283
f 42 1283 39
f 1289 39 1283
f 1284 1289 1283
f 37 39 1289
f 1284 1290 1289
f 1291 1289 1290
f 1292 37 1289
f 1291 1292 1289
f 1293 1290 1284
f 1294 1291 1290
f 1295 1294 1290
f 1295 1290 1293
f 1296 1284 1282
f 1293 1284 1296
f 34 37 1292
f 35 1292 1291
f 35 34 1292
f 35 1291 1294
f 1297 35 1294
f 1295 1297 1294
f 1298 32 35
f 1297 1298 35
f 1299 32 1298
f 1299 33 32
f 1299 1298 1300
f 1301 1300 1298
f 1297 1301 1298
f 1302 1299 1300
f 970 1302 1300
f 1303 1304 1300
f 970 1300 1304
f 1301 1303 1300
f 30 33 1299
f 1305 1299 1302
f 1306 1307 1299
f 30 1299 1307
f 1305 1306 1299
f 1308 1302 970
f 1308 1305 1302
f 966 1304 992
f 1309 992 1304
f 991 992 1309
f 1310 1304 1303
f 966 970 1304
f 1310 1309 1304
f 1311 1303 1301
f 1311 1310 1303
f 1297 1311 1301
f 1308 970 969
f 1312 991 1309
f 1310 1312 1309
f 1312 990 991
f 1313 1286 990
f 1285 990 1286
f 1314 1313 990
f 1315 1314 990
f 1316 1315 990
f 1317 1316 990
f 1318 1317 990
f 1319 1318 990
f 1320 1319 990
f 1321 1320 990
f 1322 1321 990
f 1323 1322 990
f 1324 1323 990
f 1325 1324 990
f 1326 1325 990
f 1327 1326 990
f 1328 1327 990
f 1329 1328 990
f 1312 1329 990
f 989 990 1285
f 1296 1282 1286
f 1330 1296 1286
f 1331 1330 1286
f 1332 1331 1286
f 1333 1332 1286
f 1334 1333 1286
f 1335 1334 1286
f 1336 1335 1286
f 1337 1336 1286
f 1338 1337 1286
f 1339 1338 1286
f 1340 1339 1286
f 1341 1340 1286
f 1342 1341 1286
f 1343 1342 1286
f 1344 1343 1286
f 1313 1344 1286
f 1293 1296 1330
f 1293 1330 1331
f 1293 1331 1332
f 1293 1332 1333
f 1293 1333 1334
f 1293 1334 1335
f 1293 1335 1336
f 1293 1336 1337
f 1293 1337 1338
f 1293 1338 1339
f 1293 1339 1340
f 1293 1340 1341
f 1345 1341 1342
f 1345 1293 1341
f 1344 1342 1343
f 1345 1342 1344
f 1345 1344 1313
f 1345 1313 1314
f 1345 1314 1315
f 1345 1315 1316
f 1345 1316 1317
f 1310 1317 1318
f 1345 1317 1310
f 1310 1318 1319
f 1310 1319 1320
f 1310 1320 1321
f 1310 1321 1322
f 1310 1322 1323
f 1310 1323 1324
f 1310 1324 1325
f 1310 1325 1326
f 1310 1326 1327
f 1310 1327 1328
f 1310 1328 1329
f 1310 1329 1312
f 1346 1293 1345
f 1347 1293 1346
f 1295 1293 1347
f 1311 1345 1310
f 1346 1345 1311
f 1347 1311 1297
f 1347 1346 1311
f 1295 1347 1297
f 1308 969 1348
f 971 1348 969
f 1349 1308 1348
f 971 1349 1348
f 1306 1350 1307
f 1351 1307 1350
f 1352 1307 1351
f 30 1307 1352
f 1353 1350 1306
f 1354 1350 1353
f 1355 1350 1354
f 1351 1350 1355
f 1353 1306 1305
f 1356 1305 1308
f 1357 1305 1356
f 1357 1353 1305
f 1358 1308 1349
f 1358 1359 1308
f 1356 1308 1359
f 972 1349 971
f 1360 1361 1349
f 1358 1349 1361
f 972 1360 1349
f 1362 1363 1361
f 1358 1361 1363
f 1360 1362 1361
f 1364 1363 1362
f 1365 1358 1363
f 1364 1365 1363
f 1366 1362 1360
f 1367 1364 1362
f 1368 1362 1366
f 1368 1367 1362
f 1369 1360 972
f 1370 1371 1360
f 1366 1360 1371
f 1372 1370 1360
f 1369 1372 1360
f 1373 972 973
f 1369 972 1373
f 1374 1375 973
f 1373 973 1375
f 1376 1374 973
f 974 1376 973
f 1377 1378 1375
f 1373 1375 1378
f 1379 1377 1375
f 1374 1379 1375
f 1380 1378 1377
f 1381 1378 1380
f 1382 1378 1381
f 1383 1373 1378
f 1384 1383 1378
f 1385 1384 1378
f 1386 1385 1378
f 1387 1386 1378
f 1388 1387 1378
f 1389 1388 1378
f 1382 1389 1378
f 1390 1377 1379
f 1391 1377 1390
f 1392 1377 1391
f 1392 1380 1377
f 1390 1379 1374
f 1393 1374 1376
f 1394 1390 1374
f 1393 1394 1374
f 961 1376 974
f 961 1393 1376
f 961 974 960
f 1395 1359 1358
f 1396 1356 1359
f 1397 1359 1398
f 1395 1398 1359
f 1399 1400 1359
f 1401 1359 1400
f 1397 1399 1359
f 1402 1396 1359
f 1401 1402 1359
f 1395 1358 1365
f 1403 1357 1356
f 1404 1403 1356
f 1405 1404 1356
f 1406 1405 1356
f 1407 1406 1356
f 1408 1407 1356
f 1409 1408 1356
f 1410 1409 1356
f 1396 1410 1356
f 1411 1353 1357
f 1411 1354 1353
f 1412 1357 1403
f 1411 1357 1412
f 1413 1403 1404
f 1413 1412 1403
f 1414 1404 1405
f 1413 1404 1414
f 1406 1415 1405
f 1416 1405 1415
f 1414 1405 1416
f 1406 1417 1415
f 1418 1415 1417
f 1418 1416 1415
f 1419 1417 1406
f 1420 1417 1421
f 1419 1421 1417
f 1418 1417 1420
f 1422 1406 1407
f 1419 1406 23
f 1422 23 1406
f 1423 1424 1407
f 1422 1407 1424
f 1408 1423 1407
f 1425 1424 1423
f 1426 1422 1424
f 1425 1426 1424
f 1427 1423 1408
f 1428 1423 1427
f 1428 1425 1423
f 1429 1430 1408
f 1431 1408 1430
f 1409 1429 1408
f 1432 1408 1431
f 1432 1427 1408
f 1433 1434 1430
f 1435 1430 1434
f 1429 1433 1430
f 1431 1430 1435
f 1433 1436 1434
f 1437 1434 1436
f 1438 1434 1437
f 1438 1435 1434
f 370 344 1436
f 1439 1436 344
f 1433 370 1436
f 1439 1437 1436
f 4 1440 344
f 1439 344 1440
f 1441 368 370
f 1433 1441 370
f 1442 369 368
f 1441 1442 368
f 1442 366 369
f 1442 364 366
f 1442 386 364
f 1443 387 388
f 389 1443 388
f 1444 387 1445
f 1443 1445 387
f 403 387 1444
f 403 385 387
f 1446 1444 1445
f 1443 1446 1445
f 1447 1448 1444
f 1449 1444 1448
f 1450 1447 1444
f 1451 1450 1444
f 1446 1451 1444
f 1449 403 1444
f 1447 1452 1448
f 1449 1448 1452
f 1453 1452 1447
f 1454 1449 1452
f 1454 1452 1453
f 1455 1398 1447
f 1456 1447 1398
f 1455 1447 1450
f 1453 1447 1456
f 1455 1397 1398
f 1456 1398 1395
f 1457 1450 1451
f 1458 1455 1450
f 1458 1450 1457
f 1459 1451 1446
f 1457 1451 1459
f 1460 1446 1443
f 1459 1446 1460
f 389 1400 1443
f 1461 1443 1400
f 1460 1443 1461
f 1462 1400 1399
f 1463 1400 389
f 1463 1401 1400
f 1461 1400 1462
f 1464 1399 1397
f 1464 1462 1399
f 1465 1397 1455
f 1464 1397 1465
f 1465 1455 1458
f 1466 389 386
f 1467 1463 389
f 1467 389 1466
f 1468 386 1442
f 1468 1466 386
f 1469 1442 1441
f 1469 1468 1442
f 1470 1441 1433
f 1470 1469 1441
f 1471 1433 1429
f 1471 1470 1433
f 1472 1429 1409
f 1472 1471 1429
f 1473 1409 1410
f 1472 1409 1473
f 1474 1410 1396
f 1473 1410 1474
f 1475 1396 1402
f 1474 1396 1475
f 1476 1402 1401
f 1475 1402 1476
f 1477 1401 1463
f 1477 1476 1401
f 1477 1463 1467
f 1411 1412 1354
f 1355 1354 1412
f 1478 1355 1412
f 1479 1478 1412
f 1480 1479 1412
f 1481 1412 1482
f 1413 1482 1412
f 1480 1412 1481
f 1483 1355 1478
f 1484 1351 1355
f 1485 1484 1355
f 1483 1485 1355
f 1480 1478 1479
f 1480 1483 1478
f 1352 1351 1484
f 1486 1484 1485
f 1487 1352 1484
f 1486 1487 1484
f 1486 1485 1483
f 1488 1486 1483
f 1489 1488 1483
f 1480 1489 1483
f 1490 1491 1352
f 1492 1352 1491
f 1487 1490 1352
f 1492 30 1352
f 1493 1491 1490
f 1494 1492 1491
f 1495 1494 1491
f 1493 1495 1491
f 1486 1490 1487
f 1493 1490 1496
f 1486 1496 1490
f 1492 25 30
f 1494 25 1492
f 26 25 1494
f 26 1494 27
f 1495 27 1494
f 615 1288 630
f 1497 22 27
f 1498 27 1495
f 1499 1497 27
f 1500 1499 27
f 1501 1500 27
f 1502 1501 27
f 1498 1502 27
f 1503 19 23
f 1503 20 19
f 1504 23 22
f 1504 1419 23
f 1505 1503 23
f 1422 1505 23
f 1499 22 1497
f 1504 22 1499
f 1506 1288 1507
f 1493 1496 1495
f 1508 1495 1496
f 1498 1495 1508
f 1509 1496 1486
f 1508 1496 1509
f 1510 1486 1488
f 1509 1486 1510
f 1414 1416 1488
f 1510 1488 1416
f 1482 1414 1488
f 1481 1482 1488
f 1489 1481 1488
f 1510 1416 1511
f 1418 1511 1416
f 1413 1414 1482
f 1480 1481 1489
f 1509 1420 1421
f 1508 1509 1421
f 1419 1512 1421
f 1513 1421 1512
f 1513 1508 1421
f 1509 1511 1420
f 1418 1420 1511
f 1509 1510 1511
f 1504 1512 1419
f 1502 1513 1512
f 1502 1512 1501
f 1504 1501 1512
f 1502 1508 1513
f 1498 1508 1502
f 1504 1499 1500
f 1504 1500 1501
f 1503 16 20
f 1514 16 1503
f 17 16 1514
f 1515 1503 1505
f 1516 1514 1503
f 1515 1516 1503
f 1517 1505 1422
f 1517 1515 1505
f 1517 1422 1426
f 1518 17 1514
f 1518 1514 1516
f 1519 14 17
f 1520 14 1519
f 1520 11 14
f 1519 17 1518
f 1521 1517 1426
f 1522 1521 1426
f 1523 1522 1426
f 1523 1426 1425
f 1524 1516 1515
f 1518 1516 1524
f 1525 1515 1517
f 1524 1515 1525
f 1525 1517 1521
f 1526 1525 1521
f 1527 1526 1521
f 1522 1527 1521
f 1528 1524 1525
f 1529 1528 1525
f 1526 1529 1525
f 1519 1524 1528
f 1519 1518 1524
f 1530 1528 1529
f 1530 1519 1528
f 1531 1529 1526
f 1532 1530 1529
f 1531 1532 1529
f 1531 1526 1527
f 1523 1527 1522
f 1523 1531 1527
f 1520 1519 1530
f 1532 1533 1530
f 1534 1530 1533
f 1520 1530 1535
f 1534 1535 1530
f 1531 1533 1532
f 1536 1534 1533
f 1531 1536 1533
f 1535 8 11
f 1520 1535 11
f 1537 8 1535
f 4 8 1537
f 1537 1535 1534
f 1536 1538 1534
f 1539 1534 1538
f 1440 1537 1534
f 1539 1440 1534
f 1531 1538 1536
f 1540 1539 1538
f 1531 1540 1538
f 4 1537 1440
f 1541 1440 1539
f 1541 1439 1440
f 1540 1542 1539
f 1541 1539 1542
f 1531 1542 1540
f 1543 1541 1542
f 1544 1543 1542
f 1545 1544 1542
f 1531 1545 1542
f 1541 1437 1439
f 1543 1438 1437
f 1543 1437 1541
f 1546 1435 1438
f 1431 1435 1546
f 1546 1438 1543
f 1547 1546 1543
f 1544 1547 1543
f 1431 1546 1547
f 1545 1547 1544
f 1545 1431 1547
f 1548 1431 1545
f 1548 1432 1431
f 1548 1545 1531
f 1523 1548 1531
f 1548 1427 1432
f 1548 1428 1427
f 1523 1425 1428
f 1523 1428 1548
f 1549 404 403
f 401 400 404
f 1550 401 404
f 1551 1550 404
f 1549 1551 404
f 1449 1549 403
f 402 401 1550
f 1552 402 1550
f 1552 1550 1553
f 1554 1553 1550
f 1555 1554 1550
f 1551 1555 1550
f 1556 422 398
f 402 1556 398
f 1556 1557 422
f 1558 422 1557
f 1558 423 422
f 1558 1557 1556
f 1559 1556 402
f 1560 1556 1559
f 1561 1558 1556
f 1560 1561 1556
f 1552 1559 402
f 1558 1562 423
f 424 423 1562
f 421 439 419
f 1563 438 439
f 421 1563 439
f 1563 437 438
f 1563 433 437
f 1564 434 433
f 1565 1564 433
f 1566 1565 433
f 1563 1566 433
f 1567 434 1564
f 1568 428 434
f 1568 434 1567
f 1569 1564 1565
f 1570 1564 1569
f 1570 1567 1564
f 1571 1572 1565
f 1573 1565 1572
f 1566 1571 1565
f 1573 1569 1565
f 1571 1574 1572
f 1575 1572 1574
f 1573 1572 1575
f 1576 1577 1574
f 1578 1574 1577
f 1579 1576 1574
f 1571 1579 1574
f 1575 1574 1578
f 1576 1580 1577
f 1581 1577 1580
f 1582 1577 1581
f 1582 1578 1577
f 1583 1580 1576
f 1584 1580 1583
f 1585 1580 1584
f 1585 1581 1580
f 1579 1586 1576
f 1587 1576 1586
f 1587 1583 1576
f 1588 1589 1586
f 1587 1586 1589
f 1590 1588 1586
f 1591 1590 1586
f 1592 1591 1586
f 1579 1592 1586
f 1593 1589 1588
f 1594 1587 1589
f 1594 1589 1593
f 1595 1588 1590
f 1596 1593 1588
f 1595 1596 1588
f 1597 1590 1591
f 1595 1590 1597
f 1598 1591 1592
f 1597 1591 1598
f 1599 1600 1592
f 1601 1592 1600
f 1579 1599 1592
f 1601 1598 1592
f 1599 1602 1600
f 1603 1600 1602
f 1601 1600 1603
f 1599 1604 1602
f 1605 1602 1604
f 1605 1603 1602
f 1606 1604 1599
f 1607 1604 1608
f 1606 1608 1604
f 1605 1604 1607
f 1579 1609 1599
f 1391 1599 1609
f 1610 1599 1390
f 1391 1390 1599
f 1610 1606 1599
f 1611 1612 1609
f 1391 1609 1612
f 1611 1609 1562
f 1613 1562 1609
f 1614 1609 1579
f 1615 1613 1609
f 1614 1615 1609
f 1616 1617 1612
f 1391 1612 1617
f 1611 1616 1612
f 1618 1619 1617
f 1620 1617 1619
f 1621 1618 1617
f 1616 1621 1617
f 1392 1391 1617
f 1392 1617 1620
f 1559 1622 1619
f 1623 1619 1622
f 1618 1559 1619
f 1620 1619 1623
f 1624 1622 1559
f 1623 1622 1624
f 1618 1560 1559
f 1624 1559 1552
f 1625 1562 1558
f 1626 1611 1562
f 1627 424 1562
f 1628 1627 1562
f 1613 1628 1562
f 1626 1562 1625
f 1629 1558 1561
f 1625 1558 1629
f 1630 1561 1560
f 1629 1561 1630
f 1631 1560 1618
f 1630 1560 1631
f 1632 1618 1621
f 1631 1618 1632
f 1633 1621 1616
f 1633 1632 1621
f 1634 1616 1611
f 1633 1616 1634
f 1634 1611 1626
f 1635 1579 1571
f 1636 1614 1579
f 1636 1579 1635
f 1637 1571 1566
f 1637 1635 1571
f 1638 1566 1563
f 1638 1637 1566
f 1639 1563 421
f 1639 1638 1563
f 1640 421 420
f 1640 1639 421
f 1641 420 424
f 1641 1640 420
f 1642 424 1627
f 1642 1641 424
f 1643 1627 1628
f 1643 1642 1627
f 1644 1628 1613
f 1644 1643 1628
f 1645 1613 1615
f 1645 1644 1613
f 1646 1615 1614
f 1646 1645 1615
f 1636 1646 1614
f 1647 431 428
f 1648 668 431
f 1648 431 1647
f 1568 1647 428
f 1649 667 668
f 1650 667 1649
f 663 667 1650
f 1648 1649 668
f 1648 1647 1649
f 1651 1649 1647
f 1652 1651 1647
f 1653 1652 1647
f 1653 1647 1654
f 1568 1654 1647
f 1650 1649 1651
f 1655 1656 1651
f 1657 1651 1656
f 1658 1655 1651
f 1652 1658 1651
f 1659 1650 1651
f 1660 1659 1651
f 1661 1660 1651
f 1657 1661 1651
f 1662 1656 1655
f 1663 1657 1656
f 1662 1663 1656
f 1662 1655 1658
f 1664 1658 1652
f 1664 1662 1658
f 1665 1666 1652
f 1664 1652 1666
f 1665 1652 1653
f 663 1650 1659
f 1667 1659 1660
f 664 663 1659
f 1668 664 1659
f 1667 1668 1659
f 1667 1660 1661
f 1667 1661 1657
f 1663 1669 1657
f 1670 1657 1669
f 1670 1667 1657
f 1662 1669 1663
f 1671 1670 1669
f 1672 1671 1669
f 1662 1672 1669
f 1668 665 664
f 1673 666 665
f 1668 1673 665
f 1673 662 666
f 661 662 1673
f 1668 1674 1673
f 1587 1673 1674
f 1587 661 1673
f 1675 1583 1674
f 1587 1674 1583
f 1676 1675 1674
f 1668 1676 1674
f 1584 1583 1675
f 1677 1675 1676
f 1584 1675 1677
f 1670 1676 1668
f 1677 1676 1670
f 1670 1668 1667
f 1671 1677 1670
f 1584 1677 1671
f 1672 1584 1671
f 1678 1584 1672
f 1678 1585 1584
f 1678 1672 1662
f 1679 1678 1662
f 1680 1679 1662
f 1666 1680 1662
f 1664 1666 1662
f 1681 659 661
f 1587 1681 661
f 1682 659 1681
f 1683 660 659
f 1682 1683 659
f 1684 1681 1587
f 1685 1682 1681
f 1685 1681 1684
f 1686 1587 1594
f 1687 1684 1587
f 1686 1687 1587
f 1688 660 1683
f 1689 660 1688
f 1690 660 1689
f 1690 657 660
f 1688 1683 1682
f 1691 1688 1682
f 1692 1682 1685
f 1691 1682 1692
f 1689 1688 1693
f 1691 1693 1688
f 1694 1689 1693
f 1695 1694 1693
f 1696 1695 1693
f 1691 1696 1693
f 1507 1288 1275
f 614 1275 1288
f 1694 1697 1689
f 1690 1689 1697
f 1695 1697 1694
f 1695 1698 1697
f 1699 1697 1698
f 1700 1697 1699
f 1701 1697 1700
f 1701 1690 1697
f 1702 1698 1695
f 1699 1698 1702
f 1703 1702 1695
f 1696 1703 1695
f 1704 1597 1598
f 1603 1704 1598
f 1601 1603 1598
f 1705 1702 1597
f 1706 1597 1702
f 1707 1705 1597
f 1704 1707 1597
f 1595 1597 1596
f 1708 1596 1597
f 1706 1708 1597
f 1700 1699 1702
f 1709 1700 1702
f 1710 1709 1702
f 1705 1710 1702
f 1703 1706 1702
f 1711 1700 1709
f 1712 1700 1711
f 1701 1700 1712
f 1711 1709 1710
f 1713 1710 1705
f 1714 1710 1713
f 1711 1710 1714
f 1713 1705 1707
f 1603 1707 1704
f 1713 1707 1603
f 1715 1713 1603
f 1714 1715 1603
f 1711 1714 1603
f 1605 1711 1603
f 1714 1713 1715
f 1712 1607 1608
f 1701 1712 1608
f 1606 658 1608
f 1701 1608 658
f 1712 1711 1607
f 1605 1607 1711
f 1394 1610 1390
f 654 658 1606
f 1701 658 657
f 1716 1606 1610
f 655 654 1606
f 1716 655 1606
f 1717 1610 1394
f 1716 1610 1717
f 1718 1394 1393
f 1717 1394 1718
f 605 1718 1393
f 961 605 1393
f 1719 1718 605
f 1720 1717 1718
f 1721 1720 1718
f 1719 1721 1718
f 601 605 961
f 371 604 345
f 962 601 961
f 1720 1722 1717
f 1716 1717 1722
f 1723 1722 1720
f 1724 1716 1722
f 1723 1724 1722
f 1725 1720 1721
f 1725 1723 1720
f 1726 1721 1719
f 1725 1721 1726
f 607 1727 1719
f 1728 1719 1727
f 405 604 372
f 605 607 1719
f 1726 1719 1728
f 606 1727 607
f 1729 1728 1727
f 1730 1729 1727
f 1730 1727 606
f 656 655 1716
f 656 1716 1724
f 1701 657 1690
f 1731 656 1724
f 1732 1731 1724
f 1732 1724 1723
f 1038 1733 1060
f 1734 649 651
f 1735 649 1734
f 648 649 1735
f 1734 651 656
f 1731 1734 656
f 1736 1735 1734
f 1731 1736 1734
f 1737 1735 1736
f 647 648 1735
f 1738 647 1735
f 954 1739 1038
f 1737 1738 1735
f 1740 1736 1731
f 1741 1737 1736
f 1740 1741 1736
f 1732 1740 1731
f 1742 647 1738
f 1743 646 647
f 1742 1743 647
f 1038 1744 1733
f 1737 1745 1738
f 1746 1738 1745
f 1742 1738 1746
f 1747 1745 1737
f 1747 1748 1745
f 1749 1745 1748
f 1746 1745 1749
f 1747 1737 1741
f 1750 1741 1740
f 1750 1747 1741
f 1751 1750 1740
f 1752 1751 1740
f 1753 1752 1740
f 1754 1753 1740
f 1755 1754 1740
f 1756 1755 1740
f 1757 1756 1740
f 1758 1757 1740
f 1759 1758 1740
f 1760 1759 1740
f 1761 1760 1740
f 1762 1761 1740
f 1732 1762 1740
f 1750 1748 1747
f 1751 1748 1750
f 1752 1748 1751
f 1753 1748 1752
f 1754 1748 1753
f 1755 1748 1754
f 1756 1748 1755
f 1757 1748 1756
f 1758 1748 1757
f 1759 1748 1758
f 1760 1748 1759
f 1763 1748 1760
f 1764 1748 1763
f 1765 1748 1764
f 1766 1748 1765
f 1767 1748 1766
f 1768 1748 1767
f 1749 1748 1768
f 1761 1763 1760
f 1761 1764 1763
f 1761 1765 1764
f 1761 1766 1765
f 1761 1769 1766
f 1767 1766 1769
f 1770 1771 1769
f 1767 1769 1771
f 1761 1770 1769
f 1767 1771 1770
f 1761 1772 1770
f 1767 1770 1772
f 1726 1773 1772
f 1767 1772 1773
f 1761 1726 1772
f 1726 1774 1773
f 1767 1773 1774
f 1726 1775 1774
f 1767 1774 1775
f 1726 1776 1775
f 1767 1775 1776
f 1726 1777 1776
f 1767 1776 1777
f 1726 1778 1777
f 1767 1777 1778
f 1726 1779 1778
f 1767 1778 1779
f 1726 1780 1779
f 1767 1779 1780
f 1726 1781 1780
f 1767 1780 1781
f 1726 1782 1781
f 1767 1781 1782
f 1726 1783 1782
f 1767 1782 1783
f 1726 1784 1783
f 1767 1783 1784
f 1726 1785 1784
f 1767 1784 1785
f 1726 1786 1785
f 1767 1785 1786
f 1726 1728 1786
f 1767 1786 1728
f 1729 1767 1728
f 1762 1726 1761
f 1762 1725 1726
f 1729 1787 1767
f 1768 1767 1787
f 1788 1787 1729
f 1768 1787 1789
f 1790 1789 1787
f 1788 1790 1787
f 1730 1788 1729
f 1749 1789 643
f 644 643 1789
f 1746 1749 643
f 1746 643 645
f 1749 1768 1789
f 1790 644 1789
f 606 644 1790
f 606 1790 1788
f 1730 606 1788
f 1743 1746 645
f 1743 645 646
f 1791 606 1792
f 608 1792 606
f 1791 641 606
f 1742 1746 1743
f 1793 1791 1792
f 611 1793 1792
f 611 1792 608
f 1793 641 1791
f 1793 642 641
f 1794 1795 642
f 639 642 1795
f 1796 1794 642
f 1793 1796 642
f 1797 1795 1794
f 1798 639 1795
f 1799 1798 1795
f 1797 1799 1795
f 1800 1794 1796
f 1801 1797 1794
f 1800 1801 1794
f 1802 1796 1793
f 1803 1796 1802
f 1803 1800 1796
f 1804 1793 611
f 1802 1793 1804
f 640 639 1798
f 1799 1805 1798
f 640 1798 1805
f 1806 1805 1799
f 1807 640 1805
f 1806 1807 1805
f 1038 1739 1744
f 1808 1799 1797
f 1809 1806 1799
f 1809 1799 1808
f 1810 1797 1801
f 1811 1797 1810
f 1808 1797 1811
f 633 640 1807
f 635 1807 1812
f 1813 1812 1807
f 629 635 1812
f 628 629 1812
f 1814 1812 1813
f 1814 1815 1812
f 628 1812 1815
f 635 633 1807
f 1806 1813 1807
f 1816 1813 1806
f 1817 1814 1813
f 1816 1817 1813
f 954 1818 1739
f 1816 1806 1809
f 1819 1820 1815
f 628 1815 1820
f 1814 1819 1815
f 1821 1820 1819
f 626 628 1820
f 626 1820 1822
f 1821 1822 1820
f 1823 1819 1814
f 1823 1821 1819
f 1817 1823 1814
f 627 626 1822
f 1824 1822 1821
f 1824 1825 1822
f 627 1822 1825
f 885 1826 954
f 1827 1824 1821
f 1823 1827 1821
f 1828 1829 1825
f 627 1825 1829
f 1824 1828 1825
f 1830 1829 1828
f 1831 627 1829
f 1830 1831 1829
f 1827 1828 1824
f 1830 1828 1832
f 1833 1832 1828
f 1834 1833 1828
f 1835 1834 1828
f 1827 1835 1828
f 885 1287 1826
f 624 627 1831
f 625 1831 1836
f 1837 1836 1831
f 622 625 1836
f 623 622 1836
f 1838 1836 1837
f 1838 1839 1836
f 623 1836 1839
f 625 624 1831
f 1840 1837 1831
f 1841 1840 1831
f 1832 1841 1831
f 1830 1832 1831
f 1833 1837 1840
f 1842 1838 1837
f 1833 1842 1837
f 1833 1840 1841
f 1833 1841 1832
f 1843 1839 1838
f 1844 623 1839
f 1843 1844 1839
f 1845 1843 1838
f 1842 1845 1838
f 618 623 1844
f 620 1844 1846
f 1847 1846 1844
f 612 620 1846
f 1848 612 1846
f 1849 1846 1847
f 1850 1846 1849
f 1848 1846 1850
f 620 618 1844
f 1843 1847 1844
f 492 613 604
f 610 612 1848
f 599 612 610
f 1851 1847 1843
f 1852 1849 1847
f 1851 1852 1847
f 1845 1851 1843
f 1853 1854 1855
f 1856 1855 1854
f 1849 1853 1855
f 1850 1849 1855
f 1848 1850 1855
f 1856 1848 1855
f 1853 1857 1854
f 1856 1854 1857
f 1858 1857 1853
f 1804 1856 1857
f 1859 1804 1857
f 1859 1857 1858
f 1852 1853 1849
f 1860 1858 1853
f 1852 1860 1853
f 609 610 1848
f 1856 609 1848
f 1804 609 1856
f 1804 611 609
f 603 601 962
f 1744 1739 1861
f 954 1826 1818
f 941 591 594
f 1739 1818 1862
f 1818 1826 1862
f 926 564 571
f 942 581 588
f 924 571 581
f 925 924 581
f 942 925 581
f 941 588 591
f 941 942 588
f 926 571 924
f 911 506 507
f 913 506 911
f 913 503 506
f 933 507 514
f 912 911 507
f 934 912 507
f 933 934 507
f 932 514 521
f 932 933 514
f 931 521 530
f 931 932 521
f 930 530 539
f 930 931 530
f 929 539 545
f 929 930 539
f 929 545 555
f 928 555 561
f 928 929 555
f 927 561 564
f 927 928 561
f 926 927 564
f 905 491 500
f 483 491 905
f 906 500 499
f 906 905 500
f 913 499 503
f 913 906 499
f 902 483 905
f 902 899 483
f 477 483 899
f 897 477 899
f 897 895 477
f 473 477 895
f 892 473 895
f 892 893 473
f 474 473 893
f 1739 1862 1861
f 888 474 893
f 1861 1862 829
f 890 474 888
f 890 462 474
f 890 470 462
f 890 879 470
f 1732 1723 1725
f 1732 1725 1762
f 630 1288 1287
f 1802 1804 1863
f 1859 1863 1804
f 1803 1802 1863
f 1858 1803 1863
f 1859 1858 1863
f 1810 1801 1800
f 1810 1800 1803
f 1864 1803 1858
f 1864 1810 1803
f 1860 1864 1858
f 1864 1811 1810
f 1865 1808 1811
f 1864 1865 1811
f 1809 1808 1865
f 1866 1865 1864
f 1867 1809 1865
f 1868 1867 1865
f 1869 1865 1866
f 1869 1868 1865
f 1860 1866 1864
f 1816 1809 1867
f 1823 1867 1868
f 1817 1867 1823
f 1816 1867 1817
f 1870 1869 1866
f 1871 1870 1866
f 1860 1871 1866
f 1823 1868 1869
f 1827 1869 1870
f 1823 1869 1827
f 1871 1872 1870
f 1835 1870 1872
f 1827 1870 1835
f 1873 1874 1872
f 1835 1872 1874
f 1871 1873 1872
f 1845 1874 1873
f 1842 1874 1845
f 1835 1874 1842
f 1860 1873 1871
f 1852 1873 1860
f 1851 1873 1852
f 1845 1873 1851
f 1834 1842 1833
f 1835 1842 1834
f 1861 829 830
f 1059 1060 1875
f 1392 1876 1380
f 1381 1380 1876
f 1620 1877 1876
f 1878 1876 1877
f 1392 1620 1876
f 1878 1381 1876
f 1623 1879 1877
f 1880 1877 1879
f 1620 1623 1877
f 1880 1878 1877
f 1623 1881 1879
f 1882 1879 1881
f 1883 1880 1879
f 1882 1883 1879
f 1624 1884 1881
f 1882 1881 1884
f 1623 1624 1881
f 1552 1885 1884
f 1886 1884 1885
f 1624 1552 1884
f 1886 1882 1884
f 1552 1553 1885
f 1887 1885 1553
f 1887 1886 1885
f 1554 1887 1553
f 1888 1381 1878
f 1889 1382 1381
f 1888 1889 1381
f 1890 1878 1880
f 1888 1878 1890
f 1555 1880 1883
f 1890 1880 1555
f 1554 1883 1882
f 1555 1883 1554
f 1887 1882 1886
f 1554 1882 1887
f 1890 1555 1891
f 1892 1891 1555
f 1892 1555 1551
f 1372 1373 1383
f 1369 1373 1372
f 1372 1383 1384
f 1370 1384 1385
f 1372 1384 1370
f 1370 1385 1386
f 1370 1386 1387
f 1371 1387 1388
f 1370 1387 1371
f 1893 1894 1388
f 1895 1388 1894
f 1389 1893 1388
f 1371 1388 1895
f 1896 1897 1894
f 1898 1894 1897
f 1893 1896 1894
f 1895 1894 1898
f 1896 1899 1897
f 1900 1897 1899
f 1898 1897 1900
f 1896 1901 1899
f 1902 1899 1901
f 1900 1899 1902
f 1896 1903 1901
f 1904 1901 1903
f 1902 1901 1904
f 1896 1905 1903
f 1906 1903 1905
f 1904 1903 1906
f 1896 1891 1905
f 1907 1905 1891
f 1906 1905 1907
f 1908 1890 1891
f 1896 1908 1891
f 1907 1891 1892
f 1909 1890 1908
f 1910 1888 1890
f 1910 1890 1909
f 1911 1908 1896
f 1911 1909 1908
f 1912 1896 1893
f 1911 1896 1912
f 1913 1893 1389
f 1913 1912 1893
f 1914 1389 1382
f 1914 1913 1389
f 1915 1382 1889
f 1915 1914 1382
f 1916 1889 1888
f 1915 1889 1916
f 1916 1888 1910
f 1549 1917 1551
f 1918 1551 1917
f 1919 1551 1918
f 1920 1551 1919
f 1921 1551 1920
f 1922 1892 1551
f 1921 1922 1551
f 1923 1917 1549
f 1924 1917 1923
f 1925 1917 1924
f 1918 1917 1925
f 1454 1549 1449
f 1454 1923 1549
f 1454 1926 1923
f 1924 1923 1926
f 1454 1927 1926
f 1928 1926 1927
f 1928 1924 1926
f 1453 1929 1927
f 1925 1927 1929
f 1454 1453 1927
f 1925 1928 1927
f 1456 1930 1929
f 1918 1929 1930
f 1453 1456 1929
f 1918 1925 1929
f 1456 1931 1930
f 1919 1930 1931
f 1919 1918 1930
f 1395 1365 1931
f 1364 1931 1365
f 1456 1395 1931
f 1920 1919 1931
f 1364 1920 1931
f 1925 1924 1928
f 1921 1920 1364
f 1932 1921 1364
f 1367 1932 1364
f 1933 1907 1892
f 1922 1933 1892
f 1934 1906 1907
f 1933 1934 1907
f 1934 1904 1906
f 1934 1902 1904
f 1934 1900 1902
f 1934 1898 1900
f 1366 1895 1898
f 1934 1366 1898
f 1366 1371 1895
f 1935 1366 1934
f 1936 1368 1366
f 1936 1366 1935
f 1937 1934 1933
f 1937 1935 1934
f 1938 1933 1922
f 1937 1933 1938
f 1939 1922 1921
f 1939 1938 1922
f 1940 1921 1932
f 1940 1939 1921
f 1941 1932 1367
f 1941 1940 1932
f 1942 1367 1368
f 1941 1367 1942
f 1942 1368 1936
f 1943 1938 1939
f 1944 1937 1938
f 1943 1944 1938
f 1945 1939 1940
f 1945 1943 1939
f 1946 1945 1940
f 1941 1946 1940
f 1947 1935 1937
f 1948 1935 1947
f 1948 1936 1935
f 1944 1947 1937
f 1462 1947 1944
f 1464 1948 1947
f 1464 1947 1462
f 1461 1944 1943
f 1461 1462 1944
f 1459 1943 1945
f 1460 1461 1943
f 1459 1460 1943
f 1459 1945 1946
f 1949 1946 1941
f 1457 1946 1949
f 1457 1459 1946
f 1950 1942 1936
f 1948 1950 1936
f 1949 1941 1942
f 1950 1949 1942
f 1458 1949 1950
f 1458 1457 1949
f 1464 1950 1948
f 1465 1458 1950
f 1464 1465 1950
f 1951 1912 1913
f 1952 1911 1912
f 1951 1952 1912
f 1953 1913 1914
f 1953 1951 1913
f 1954 1953 1914
f 1915 1954 1914
f 1955 1909 1911
f 1956 1909 1955
f 1956 1910 1909
f 1952 1955 1911
f 1632 1955 1952
f 1633 1956 1955
f 1633 1955 1632
f 1631 1952 1951
f 1631 1632 1952
f 1629 1951 1953
f 1630 1631 1951
f 1629 1630 1951
f 1629 1953 1954
f 1957 1954 1915
f 1625 1954 1957
f 1625 1629 1954
f 1958 1916 1910
f 1956 1958 1910
f 1957 1915 1916
f 1958 1957 1916
f 1626 1957 1958
f 1626 1625 1957
f 1633 1958 1956
f 1634 1626 1958
f 1633 1634 1958
f 1708 1593 1596
f 1703 1593 1708
f 1594 1593 1703
f 1703 1708 1706
f 1959 1594 1703
f 1696 1959 1703
f 1686 1594 1959
f 1692 1959 1696
f 1686 1959 1687
f 1692 1687 1959
f 1691 1692 1696
f 1692 1684 1687
f 1692 1685 1684
f 1678 1581 1585
f 1678 1582 1581
f 1679 1578 1582
f 1575 1578 1679
f 1679 1582 1678
f 1680 1575 1679
f 1960 1575 1680
f 1960 1573 1575
f 1960 1680 1666
f 1961 1960 1666
f 1665 1961 1666
f 1960 1569 1573
f 1961 1570 1569
f 1961 1569 1960
f 1654 1567 1570
f 1568 1567 1654
f 1654 1570 1961
f 1653 1654 1961
f 1665 1653 1961
f 1962 1635 1637
f 1963 1636 1635
f 1962 1963 1635
f 1964 1637 1638
f 1964 1962 1637
f 1965 1638 1639
f 1965 1964 1638
f 1966 1639 1640
f 1966 1965 1639
f 1967 1640 1641
f 1967 1966 1640
f 1968 1641 1642
f 1968 1967 1641
f 1969 1642 1643
f 1968 1642 1969
f 1970 1643 1644
f 1970 1969 1643
f 1971 1644 1645
f 1971 1970 1644
f 1972 1645 1646
f 1972 1971 1645
f 1973 1646 1636
f 1973 1972 1646
f 1963 1973 1636
f 1974 1969 1970
f 1975 1968 1969
f 1974 1975 1969
f 1976 1970 1971
f 1976 1974 1970
f 1977 1971 1972
f 1976 1971 1977
f 1978 1972 1973
f 1977 1972 1978
f 1979 1973 1963
f 1978 1973 1979
f 1980 1963 1962
f 1979 1963 1980
f 1981 1962 1964
f 1980 1962 1981
f 1982 1964 1965
f 1982 1981 1964
f 1983 1965 1966
f 1983 1982 1965
f 1984 1966 1967
f 1983 1966 1984
f 1985 1967 1968
f 1985 1984 1967
f 1975 1985 1968
f 1986 1984 1985
f 1987 1983 1984
f 1986 1987 1984
f 1988 1985 1975
f 1988 1986 1985
f 1976 1975 1974
f 1989 1975 1976
f 1990 1975 1989
f 1990 1988 1975
f 1980 1981 1982
f 1991 1982 1983
f 1991 1980 1982
f 1992 1991 1983
f 1987 1992 1983
f 1993 1979 1980
f 1994 1993 1980
f 1991 1994 1980
f 1995 1978 1979
f 1993 1995 1979
f 1996 1977 1978
f 1995 1996 1978
f 1989 1976 1977
f 1997 1989 1977
f 1996 1997 1977
f 1998 1989 1997
f 1999 1990 1989
f 1999 1989 1998
f 2000 1997 1996
f 2001 1998 1997
f 2000 2001 1997
f 2002 1996 1995
f 2000 1996 2002
f 2003 1995 1993
f 2003 2002 1995
f 2004 1993 1994
f 2004 2003 1993
f 2004 1994 1991
f 2005 1991 1992
f 2005 2004 1991
f 2006 1992 1987
f 2007 2005 1992
f 2007 1992 2006
f 2008 1987 1986
f 2006 1987 2008
f 2009 1986 1988
f 2008 1986 2009
f 1999 1988 1990
f 2009 1988 1999
f 2010 2002 2003
f 2011 2000 2002
f 2011 2002 2010
f 2012 2003 2004
f 2012 2010 2003
f 2013 2004 2005
f 2013 2012 2004
f 2014 2013 2005
f 2007 2014 2005
f 2015 1998 2001
f 2016 1998 2015
f 1999 1998 2016
f 2017 2001 2000
f 2017 2015 2001
f 2011 2017 2000
f 2018 2010 2012
f 2019 2011 2010
f 2018 2019 2010
f 2020 2012 2013
f 2021 2018 2012
f 2020 2021 2012
f 2022 2013 2014
f 2023 2013 2022
f 2020 2013 2023
f 2007 2022 2014
f 2016 2015 2017
f 2024 2017 2011
f 2025 2016 2017
f 2024 2025 2017
f 2019 2024 2011
f 2026 2027 2016
f 1999 2016 2027
f 2025 2026 2016
f 2028 2029 2027
f 2009 2027 2029
f 2030 2028 2027
f 2026 2030 2027
f 2009 1999 2027
f 2031 2032 2029
f 2008 2029 2032
f 2028 2031 2029
f 2008 2009 2029
f 2033 2022 2032
f 2006 2032 2022
f 2031 2033 2032
f 2006 2008 2032
f 2033 2023 2022
f 2007 2006 2022
f 2034 2023 2033
f 2035 2020 2023
f 2035 2023 2034
f 2036 2033 2031
f 2036 2034 2033
f 2037 2031 2028
f 2037 2036 2031
f 2038 2028 2030
f 2038 2037 2028
f 2039 2030 2026
f 2039 2038 2030
f 2040 2026 2025
f 2040 2039 2026
f 2041 2025 2024
f 2041 2040 2025
f 2042 2024 2019
f 2042 2041 2024
f 2043 2019 2018
f 2042 2019 2043
f 2044 2018 2021
f 2043 2018 2044
f 2045 2021 2020
f 2045 2044 2021
f 2045 2020 2035
f 2046 2034 2036
f 2047 2034 2046
f 2035 2034 2047
f 2048 2036 2037
f 2048 2046 2036
f 2049 2037 2038
f 2049 2048 2037
f 2050 2038 2039
f 2050 2049 2038
f 2051 2039 2040
f 2051 2050 2039
f 2052 2040 2041
f 2052 2051 2040
f 2053 2052 2041
f 2042 2053 2041
f 2054 2046 2048
f 2055 2047 2046
f 2054 2055 2046
f 2056 2048 2049
f 2056 2054 2048
f 2057 2049 2050
f 2056 2049 2057
f 2058 2050 2051
f 2057 2050 2058
f 2059 2051 2052
f 2058 2051 2059
f 2060 2052 2053
f 2059 2052 2060
f 2061 2053 2042
f 2062 2053 2061
f 2060 2053 2062
f 2063 2043 2044
f 2064 2063 2044
f 2045 2064 2044
f 2061 2042 2043
f 2063 2061 2043
f 2065 2061 2063
f 2065 2062 2061
f 2066 2063 2064
f 2066 2065 2063
f 2045 2067 2064
f 2068 2064 2067
f 2066 2064 2068
f 2035 2047 2067
f 2069 2067 2047
f 2045 2035 2067
f 2069 2068 2067
f 2055 2069 2047
f 2066 2068 2069
f 2070 2069 2055
f 2070 2066 2069
f 2071 2055 2054
f 2071 2070 2055
f 2072 2054 2056
f 2071 2054 2072
f 2073 2062 2065
f 2074 2060 2062
f 2073 2074 2062
f 2070 2065 2066
f 2075 2073 2065
f 2070 2075 2065
f 2076 2059 2060
f 2074 2076 2060
f 2057 2058 2059
f 2076 2057 2059
f 2076 2056 2057
f 2077 2072 2056
f 2076 2077 2056
f 2078 2072 2077
f 2079 2071 2072
f 2079 2072 2078
f 2080 2077 2076
f 2080 2078 2077
f 2081 2076 2074
f 2081 2080 2076
f 2082 2074 2073
f 2082 2081 2074
f 2083 2073 2075
f 2082 2073 2083
f 2084 2075 2070
f 2084 2083 2075
f 2085 2070 2071
f 2085 2084 2070
f 2079 2085 2071
f 2086 2082 2083
f 2087 2083 2084
f 2087 2086 2083
f 2088 2078 2080
f 2089 2079 2078
f 2089 2078 2088
f 2090 2080 2081
f 2090 2088 2080
f 2086 2081 2082
f 2091 2090 2081
f 2092 2091 2081
f 2086 2092 2081
f 2093 2084 2085
f 2093 2087 2084
f 2089 2085 2079
f 2094 2093 2085
f 2095 2094 2085
f 2089 2095 2085
f 2096 2088 2090
f 2097 2089 2088
f 2097 2088 2096
f 2098 2090 2091
f 2098 2096 2090
f 2092 2099 2091
f 2100 2091 2099
f 2100 2098 2091
f 2101 2099 2092
f 2101 2100 2099
f 2102 2092 2086
f 2102 2101 2092
f 2103 2086 2087
f 2103 2102 2086
f 2104 2087 2093
f 2104 2103 2087
f 2105 2093 2094
f 2105 2104 2093
f 2095 2106 2094
f 2107 2094 2106
f 2107 2105 2094
f 2108 2106 2095
f 2108 2107 2106
f 2109 2095 2089
f 2109 2108 2095
f 2097 2109 2089
f 2110 2096 2098
f 2111 2097 2096
f 2110 2111 2096
f 2112 2098 2100
f 2112 2110 2098
f 2113 2100 2101
f 2112 2100 2113
f 2114 2101 2102
f 2113 2101 2114
f 2115 2102 2103
f 2114 2102 2115
f 2116 2103 2104
f 2115 2103 2116
f 2117 2104 2105
f 2116 2104 2117
f 2118 2105 2107
f 2118 2117 2105
f 2119 2107 2108
f 2119 2118 2107
f 2120 2108 2109
f 2119 2108 2120
f 2121 2109 2097
f 2121 2120 2109
f 2111 2121 2097
f 2122 2120 2121
f 2123 2119 2120
f 2122 2123 2120
f 2124 2121 2111
f 2124 2122 2121
f 2125 2111 2110
f 2125 2124 2111
f 2126 2125 2110
f 2112 2126 2110
f 2127 2117 2118
f 2128 2117 2127
f 2128 2116 2117
f 2129 2118 2119
f 2129 2127 2118
f 2123 2129 2119
f 2130 2127 2129
f 2131 2128 2127
f 2130 2131 2127
f 2132 2129 2123
f 2132 2130 2129
f 2132 2123 2122
f 2133 2122 2124
f 2133 2132 2122
f 2134 2124 2125
f 2134 2133 2124
f 2135 2125 2126
f 2135 2134 2125
f 2136 2126 2112
f 2137 2126 2136
f 2135 2126 2137
f 2138 2115 2116
f 2128 2138 2116
f 2139 2114 2115
f 2138 2139 2115
f 2140 2113 2114
f 2139 2140 2114
f 2136 2112 2113
f 2140 2136 2113
f 2141 2136 2140
f 2141 2137 2136
f 2141 2140 2139
f 2142 2139 2138
f 2142 2141 2139
f 2143 2138 2128
f 2143 2142 2138
f 2131 2143 2128
f 2135 2137 2144
f 2145 2144 2137
f 2146 2135 2144
f 2146 2144 2145
f 2147 2137 2141
f 2147 2145 2137
f 2148 2141 2142
f 2148 2147 2141
f 2149 2142 2143
f 2149 2148 2142
f 2150 2143 2131
f 2150 2149 2143
f 2130 2151 2131
f 2152 2131 2151
f 2152 2150 2131
f 2153 2151 2130
f 2153 2152 2151
f 2154 2130 2132
f 2154 2153 2130
f 2155 2132 2133
f 2155 2154 2132
f 2156 2133 2134
f 2156 2155 2133
f 2157 2134 2135
f 2157 2156 2134
f 2146 2157 2135
f 2158 2145 2147
f 2159 2146 2145
f 2158 2159 2145
f 2160 2147 2148
f 2161 2158 2147
f 2160 2161 2147
f 2162 2148 2149
f 2162 2160 2148
f 2163 2149 2150
f 2163 2162 2149
f 2164 2150 2152
f 2164 2163 2150
f 2164 2152 2153
f 2165 2153 2154
f 2164 2153 2165
f 2166 2154 2155
f 2167 2165 2154
f 2166 2167 2154
f 2168 2155 2156
f 2168 2166 2155
f 2169 2156 2157
f 2169 2168 2156
f 2159 2157 2146
f 2159 2169 2157
f 2170 2165 2167
f 2171 2164 2165
f 2170 2171 2165
f 2170 2167 2166
f 2172 2166 2168
f 2172 2170 2166
f 2173 2168 2169
f 2174 2172 2168
f 2173 2174 2168
f 2175 2169 2159
f 2175 2173 2169
f 2175 2159 2158
f 2176 2158 2161
f 2175 2158 2176
f 2176 2161 2160
f 2177 2160 2162
f 2177 2176 2160
f 2178 2162 2163
f 2179 2177 2162
f 2178 2179 2162
f 2171 2163 2164
f 2171 2178 2163
f 2180 2176 2177
f 2181 2175 2176
f 2181 2176 2180
f 2182 2177 2179
f 2182 2180 2177
f 2178 2183 2179
f 2184 2179 2183
f 2184 2182 2179
f 2185 2183 2178
f 2185 2184 2183
f 2186 2178 2171
f 2186 2185 2178
f 2187 2171 2170
f 2187 2186 2171
f 2188 2170 2172
f 2188 2187 2170
f 2189 2172 2174
f 2189 2188 2172
f 2173 2190 2174
f 2191 2174 2190
f 2191 2189 2174
f 2192 2190 2173
f 2192 2191 2190
f 2193 2173 2175
f 2193 2192 2173
f 2181 2193 2175
f 1473 2180 2182
f 1474 2181 2180
f 1473 1474 2180
f 1472 2182 2184
f 1472 1473 2182
f 1471 2184 2185
f 1472 2184 1471
f 1470 2185 2186
f 1471 2185 1470
f 1469 2186 2187
f 1470 2186 1469
f 1468 2187 2188
f 1469 2187 1468
f 1466 2188 2189
f 1468 2188 1466
f 1467 2189 2191
f 1467 1466 2189
f 1477 2191 2192
f 1477 1467 2191
f 1476 2192 2193
f 1477 2192 1476
f 1475 2193 2181
f 1475 1476 2193
f 1474 1475 2181
f 1226 2194 981
f 979 981 2194
f 1225 2194 1226
f 1225 2195 2194
f 979 2194 2195
f 2196 2197 2195
f 979 2195 2197
f 2198 2196 2195
f 2199 2198 2195
f 1225 2199 2195
f 2200 2197 2196
f 976 979 2197
f 2201 976 2197
f 2202 2201 2197
f 2200 2202 2197
f 2203 2196 2198
f 2204 2200 2196
f 2205 2196 2203
f 2204 2196 2205
f 2203 2198 2199
f 2203 2199 1225
f 2203 1225 1231
f 1000 976 2201
f 2200 2201 2202
f 999 2201 2200
f 1000 2201 999
f 1010 999 2200
f 2204 1010 2200
f 2206 2207 1011
f 1009 1011 2207
f 2208 2206 1011
f 1010 2208 1011
f 2209 2207 2206
f 1006 1009 2207
f 1021 1006 2207
f 2209 1021 2207
f 2210 2206 2208
f 2211 2209 2206
f 2210 2211 2206
f 2212 2208 1010
f 2212 2210 2208
f 2204 2212 1010
f 1194 1021 2209
f 1194 1192 1021
f 1193 2209 2211
f 1194 2209 1193
f 1199 2211 2210
f 1199 1193 2211
f 2212 2213 2210
f 1202 2210 2213
f 1202 1199 2210
f 2212 2214 2213
f 1209 2213 2214
f 1209 1202 2213
f 2212 2215 2214
f 1209 2214 2215
f 1231 2215 2212
f 1218 1209 2215
f 1231 1218 2215
f 2205 1231 2212
f 2204 2205 2212
f 1060 2216 1875
f 1060 1733 2216
f 1744 1861 2217
f 1733 1744 2217
f 1218 1208 1209
f 2205 2203 1231
f 862 669 671
f 862 670 669
f 321 671 672
f 862 671 321
f 321 672 673
f 322 673 674
f 322 321 673
f 322 674 677
f 322 677 679
f 323 679 681
f 323 322 679
f 863 681 683
f 2218 323 681
f 2219 2218 681
f 2220 2219 681
f 863 2220 681
f 863 683 685
f 863 685 686
f 862 686 670
f 862 863 686
f 329 2221 2222
f 2223 2222 2221
f 321 329 2222
f 861 321 2222
f 861 2222 2224
f 2225 2224 2222
f 2226 2222 2223
f 2227 2222 2226
f 2225 2222 2227
f 2228 2229 2221
f 2223 2221 2229
f 329 2228 2221
f 2228 2230 2229
f 2231 2229 2230
f 2232 2223 2229
f 2232 2229 2231
f 2228 2233 2230
f 2234 2230 2233
f 2231 2230 2234
f 2235 2233 2228
f 2234 2233 2235
f 330 2228 329
f 2235 2228 330
f 861 862 321
f 324 323 2218
f 2219 2236 2218
f 2237 2218 2236
f 2237 324 2218
f 2219 2238 2236
f 2239 2236 2238
f 2237 2236 2239
f 2239 2238 2219
f 2240 2219 2220
f 2241 2219 2240
f 2239 2219 2241
f 863 2242 2220
f 2240 2220 2242
f 863 2243 2242
f 2244 2242 2243
f 2245 2240 2242
f 2246 2245 2242
f 2244 2246 2242
f 314 2247 2243
f 312 2243 2247
f 863 314 2243
f 2248 2243 312
f 2244 2243 2248
f 312 2247 314
f 863 313 314
f 863 2249 313
f 2250 313 2249
f 2250 315 313
f 864 2251 2249
f 2250 2249 2251
f 863 864 2249
f 864 2252 2251
f 2253 2251 2252
f 2254 2251 2253
f 2254 2250 2251
f 864 2255 2252
f 2256 2252 2255
f 2257 2252 2256
f 2258 2252 2257
f 2253 2252 2258
f 2259 2260 2255
f 2256 2255 2260
f 2261 2259 2255
f 864 2261 2255
f 2259 2262 2260
f 2263 2260 2262
f 2264 2256 2260
f 2263 2264 2260
f 2265 2262 2259
f 2265 2263 2262
f 2266 2259 2261
f 2266 2265 2259
f 687 316 2261
f 317 2261 316
f 688 687 2261
f 864 688 2261
f 2266 2261 317
f 690 304 316
f 689 690 316
f 687 689 316
f 693 305 304
f 692 693 304
f 691 692 304
f 690 691 304
f 2267 306 305
f 2268 2267 305
f 866 2268 305
f 693 694 305
f 866 305 694
f 2269 2270 306
f 307 306 2270
f 2267 2269 306
f 2269 2271 2270
f 2272 2270 2271
f 2272 307 2270
f 2273 2271 2269
f 2272 2271 2273
f 2273 2269 2267
f 2274 2267 2268
f 2275 2267 2274
f 2273 2267 2275
f 866 2276 2268
f 2274 2268 2276
f 865 2277 2276
f 2278 2276 2277
f 866 865 2276
f 2279 2274 2276
f 2280 2279 2276
f 2278 2280 2276
f 865 2281 2277
f 308 2277 2281
f 2282 2277 308
f 2278 2277 2282
f 865 297 2281
f 308 2281 297
f 2283 298 297
f 865 2283 297
f 2284 298 2283
f 2284 299 298
f 867 2285 2283
f 2284 2283 2285
f 865 867 2283
f 867 2286 2285
f 2287 2285 2286
f 2288 2285 2287
f 2288 2284 2285
f 716 2289 2286
f 2290 2286 2289
f 867 716 2286
f 2291 2286 2290
f 2292 2286 2291
f 2287 2286 2292
f 2293 2294 2289
f 2290 2289 2294
f 716 2293 2289
f 2295 2294 2293
f 2296 2290 2294
f 2295 2296 2294
f 716 2297 2293
f 2298 2293 2297
f 2298 2295 2293
f 704 2299 2297
f 2300 2297 2299
f 716 704 2297
f 2300 2298 2297
f 708 287 2299
f 300 2299 287
f 707 708 2299
f 706 707 2299
f 705 706 2299
f 702 705 2299
f 704 702 2299
f 2300 2299 300
f 2301 288 287
f 2302 2301 287
f 2303 2302 287
f 2304 2303 287
f 868 2304 287
f 868 287 708
f 2301 2305 288
f 289 288 2305
f 2306 2305 2301
f 2306 289 2305
f 2307 2301 2302
f 2306 2301 2307
f 2307 2302 2303
f 2308 2303 2304
f 2309 2303 2308
f 2307 2303 2309
f 2310 2311 2304
f 2308 2304 2311
f 2312 2310 2304
f 868 2312 2304
f 2313 2314 2311
f 2315 2311 2314
f 2310 2313 2311
f 2316 2308 2311
f 2317 2316 2311
f 2315 2317 2311
f 2318 2319 2314
f 292 2314 2319
f 734 2318 2314
f 2313 2320 2314
f 733 2314 2320
f 733 734 2314
f 2321 2314 292
f 2315 2314 2321
f 290 291 2319
f 292 2319 291
f 2318 290 2319
f 2322 290 2318
f 2322 293 290
f 719 2323 2318
f 2322 2318 2323
f 734 719 2318
f 719 2324 2323
f 2325 2323 2324
f 2326 2323 2325
f 2326 2322 2323
f 721 2327 2324
f 2328 2324 2327
f 720 721 2324
f 717 720 2324
f 719 717 2324
f 2329 2324 2328
f 2330 2324 2329
f 2325 2324 2330
f 2331 2332 2327
f 2328 2327 2332
f 2333 2331 2327
f 722 2333 2327
f 721 722 2327
f 2334 2335 2332
f 2336 2332 2335
f 2331 2334 2332
f 2337 2328 2332
f 2336 2337 2332
f 2338 2339 2335
f 2340 2335 2339
f 2334 2338 2335
f 2340 2336 2335
f 280 2341 2339
f 2342 2339 2341
f 2338 280 2339
f 2342 2340 2339
f 280 281 2341
f 282 2341 281
f 2342 2341 282
f 283 280 2338
f 2343 2338 2334
f 2343 283 2338
f 2344 2334 2331
f 2343 2334 2344
f 2344 2331 2333
f 726 2345 2333
f 2346 2333 2345
f 724 726 2333
f 723 724 2333
f 722 723 2333
f 2347 2333 2346
f 2344 2333 2347
f 729 2348 2345
f 2346 2345 2348
f 729 2345 726
f 731 2320 2348
f 2349 2348 2320
f 729 731 2348
f 2350 2346 2348
f 2351 2350 2348
f 2349 2351 2348
f 272 2352 2320
f 273 2320 2352
f 271 272 2320
f 2313 271 2320
f 731 733 2320
f 2353 2320 273
f 2349 2320 2353
f 273 2352 272
f 2354 271 2313
f 2354 274 271
f 2354 2313 2310
f 2355 2310 2312
f 2356 2310 2355
f 2356 2354 2310
f 265 2357 2312
f 2358 2312 2357
f 868 265 2312
f 2359 2312 2358
f 2360 2312 2359
f 2355 2312 2360
f 2361 2362 2357
f 2358 2357 2362
f 265 2361 2357
f 2361 2363 2362
f 2364 2362 2363
f 2365 2358 2362
f 2364 2365 2362
f 2361 2366 2363
f 2367 2363 2366
f 2367 2364 2363
f 2368 2366 2361
f 2368 2367 2366
f 263 2361 265
f 2368 2361 263
f 743 264 265
f 740 743 265
f 739 740 265
f 738 739 265
f 737 738 265
f 869 737 265
f 868 869 265
f 747 2369 264
f 266 264 2369
f 743 745 264
f 747 264 745
f 2370 2371 2369
f 2372 2369 2371
f 747 2370 2369
f 2372 266 2369
f 2370 2373 2371
f 2374 2371 2373
f 2372 2371 2374
f 2374 2373 2370
f 747 2375 2370
f 2376 2370 2375
f 2377 2370 2376
f 2374 2370 2377
f 857 2378 2375
f 2376 2375 2378
f 857 2375 747
f 857 2379 2378
f 2380 2378 2379
f 2381 2376 2378
f 2382 2381 2378
f 2380 2382 2378
f 256 2383 2379
f 254 2379 2383
f 857 256 2379
f 2384 2379 254
f 2380 2379 2384
f 254 2383 256
f 857 255 256
f 857 2385 255
f 2386 255 2385
f 2386 257 255
f 856 2387 2385
f 2386 2385 2387
f 857 856 2385
f 856 2388 2387
f 2389 2387 2388
f 2390 2387 2389
f 2390 2386 2387
f 856 2391 2388
f 2392 2388 2391
f 2393 2388 2392
f 2394 2388 2393
f 2389 2388 2394
f 2395 2396 2391
f 2392 2391 2396
f 2397 2395 2391
f 856 2397 2391
f 2395 2398 2396
f 2399 2396 2398
f 2400 2392 2396
f 2399 2400 2396
f 2401 2398 2395
f 2401 2399 2398
f 2402 2395 2397
f 2402 2401 2395
f 753 258 2397
f 259 2397 258
f 754 753 2397
f 856 754 2397
f 2402 2397 259
f 756 253 258
f 755 756 258
f 753 755 258
f 763 247 253
f 761 763 253
f 759 761 253
f 756 759 253
f 2403 248 247
f 2404 2403 247
f 859 2404 247
f 763 766 247
f 859 247 766
f 2405 2406 248
f 249 248 2406
f 2403 2405 248
f 2405 2407 2406
f 2408 2406 2407
f 249 2406 2408
f 2409 2407 2405
f 2408 2407 2409
f 2409 2405 2403
f 2410 2403 2404
f 2411 2403 2410
f 2409 2403 2411
f 859 2412 2404
f 2410 2404 2412
f 858 2413 2412
f 2414 2412 2413
f 859 858 2412
f 2415 2410 2412
f 2416 2415 2412
f 2414 2416 2412
f 858 2417 2413
f 245 2413 2417
f 2418 2413 245
f 2414 2413 2418
f 858 244 2417
f 245 2417 244
f 783 340 244
f 781 783 244
f 778 781 244
f 775 778 244
f 777 775 244
f 798 777 244
f 860 798 244
f 858 860 244
f 2419 338 340
f 2224 2419 340
f 861 2224 340
f 783 785 340
f 861 340 785
f 806 339 338
f 824 338 2419
f 802 806 338
f 804 802 338
f 825 804 338
f 824 825 338
f 328 336 339
f 811 328 339
f 809 811 339
f 806 809 339
f 328 337 336
f 817 331 328
f 815 817 328
f 813 815 328
f 811 813 328
f 824 2419 331
f 2420 331 2419
f 820 331 817
f 822 824 331
f 820 822 331
f 2420 332 331
f 2420 2419 2224
f 2421 2224 2225
f 2420 2224 2421
f 866 694 696
f 864 699 688
f 864 698 699
f 864 697 698
f 866 696 697
f 866 697 864
f 868 709 710
f 868 710 711
f 868 708 709
f 867 715 716
f 867 713 715
f 867 711 713
f 867 868 711
f 869 735 737
f 869 736 735
f 869 752 736
f 857 751 752
f 869 857 752
f 857 749 751
f 857 747 749
f 859 766 768
f 856 772 754
f 856 771 772
f 856 770 771
f 859 768 770
f 856 859 770
f 861 787 789
f 861 789 791
f 861 785 787
f 860 797 798
f 860 794 797
f 860 791 794
f 860 861 791
f 2227 2226 2223
f 2225 2227 2223
f 2232 2225 2223
f 2234 334 2225
f 332 2225 334
f 2231 2234 2225
f 2232 2231 2225
f 2421 2225 332
f 2235 333 334
f 2234 2235 334
f 332 334 335
f 2235 330 333
f 2420 2421 332
f 2416 245 246
f 2414 2418 245
f 2414 245 2416
f 2416 246 243
f 250 2416 243
f 252 2410 2415
f 2409 2411 2410
f 252 2409 2410
f 252 2415 2416
f 250 252 2416
f 252 2408 2409
f 251 249 2408
f 252 251 2408
f 2266 317 318
f 2266 318 319
f 315 319 320
f 2253 319 315
f 2266 319 2265
f 2253 2265 319
f 2254 2253 315
f 2254 315 2250
f 2246 312 325
f 2244 2248 312
f 2244 312 2246
f 2246 325 326
f 2237 326 327
f 2245 326 2240
f 2239 2240 326
f 2246 326 2245
f 2237 2239 326
f 2237 327 324
f 2402 259 260
f 2402 260 261
f 257 261 262
f 2389 261 257
f 2402 261 2401
f 2389 2401 261
f 2390 2389 257
f 2390 257 2386
f 2382 254 267
f 2380 2384 254
f 2380 254 2382
f 2382 267 268
f 2372 268 269
f 2381 268 2376
f 2374 2376 268
f 2382 268 2381
f 2372 2374 268
f 2372 269 266
f 2368 263 275
f 2368 275 276
f 274 276 277
f 2355 276 274
f 2368 276 2367
f 2355 2367 276
f 2356 2355 274
f 2356 274 2354
f 2351 273 278
f 2349 2353 273
f 2349 273 2351
f 2351 278 270
f 2343 270 284
f 2350 270 2346
f 2344 2346 270
f 2351 270 2350
f 2343 2344 270
f 2343 284 283
f 2342 282 285
f 2342 285 286
f 293 286 279
f 2325 286 293
f 2342 286 2340
f 2325 2340 286
f 2326 2325 293
f 2326 293 2322
f 2317 292 294
f 2315 2321 292
f 2315 292 2317
f 2317 294 295
f 2306 295 296
f 2316 295 2308
f 2307 2308 295
f 2317 295 2316
f 2306 2307 295
f 2306 296 289
f 2300 300 301
f 2300 301 302
f 299 302 303
f 2287 302 299
f 2300 302 2298
f 2287 2298 302
f 2288 2287 299
f 2288 299 2284
f 2280 308 309
f 2278 2282 308
f 2278 308 2280
f 2280 309 310
f 2272 310 311
f 2279 310 2274
f 2273 2274 310
f 2280 310 2279
f 2272 2273 310
f 2272 311 307
f 2253 2256 2264
f 2258 2257 2256
f 2253 2258 2256
f 2253 2264 2263
f 2253 2263 2265
f 2239 2241 2240
f 2389 2392 2400
f 2394 2393 2392
f 2389 2394 2392
f 2389 2400 2399
f 2389 2399 2401
f 2374 2377 2376
f 2355 2358 2365
f 2360 2359 2358
f 2355 2360 2358
f 2355 2365 2364
f 2355 2364 2367
f 2344 2347 2346
f 2325 2328 2337
f 2330 2329 2328
f 2325 2330 2328
f 2325 2337 2336
f 2325 2336 2340
f 2307 2309 2308
f 2287 2290 2296
f 2292 2291 2290
f 2287 2292 2290
f 2287 2296 2295
f 2287 2295 2298
f 2273 2275 2274
f 1733 2217 2216
f 1875 2216 833
f 613 630 604
f 2422 827 828
f 2423 2424 828
f 2422 828 2424
f 2425 2423 828
f 826 2425 828
f 1288 2424 2423
f 1507 2422 2424
f 1506 2424 1288
f 1506 1507 2424
f 1287 2423 2425
f 1287 1288 2423
f 829 2425 826
f 1862 2425 829
f 1826 2425 1862
f 1287 2425 1826
f 2426 853 855
f 854 853 2426
f 2422 855 827
f 2422 2426 855
f 1271 2426 2422
f 2427 854 2426
f 1263 2427 2426
f 1263 2426 1271
f 1275 1271 2422
f 613 1263 1271
f 1507 1275 2422
f 2428 854 2427
f 2428 851 854
f 1260 2428 2427
f 1260 2427 1263
f 2429 850 852
f 848 850 2429
f 2428 852 851
f 2428 2429 852
f 1258 2429 2428
f 2430 848 2429
f 1253 2430 2429
f 1253 2429 1258
f 1260 1258 2428
f 2430 2431 848
f 849 848 2431
f 1252 2431 2430
f 1875 833 836
f 2432 849 2431
f 1247 2432 2431
f 1247 2431 1252
f 1253 1252 2430
f 2216 2217 835
f 2433 846 849
f 2432 2434 849
f 2433 849 2434
f 1246 2434 2432
f 1210 2433 2434
f 1210 2434 1246
f 1247 1246 2432
f 2435 845 847
f 2436 845 2435
f 2436 844 845
f 2433 847 846
f 2433 2435 847
f 1207 2435 2433
f 1082 2436 2435
f 1082 2435 1207
f 1210 1207 2433
f 2437 841 843
f 2438 841 2437
f 2438 840 841
f 2439 843 842
f 2439 2437 843
f 2436 842 844
f 2436 2439 842
f 1148 2437 2439
f 1063 2438 2437
f 1063 2437 1148
f 1083 2439 2436
f 1083 1148 2439
f 1082 1083 2436
f 2440 837 839
f 1875 837 2440
f 1875 836 837
f 2441 839 838
f 2441 2440 839
f 2438 838 840
f 2438 2441 838
f 1077 2440 2441
f 1059 1875 2440
f 1059 2440 1077
f 1068 2441 2438
f 1068 1077 2441
f 1063 1068 2438
f 70 180 884
f 2217 831 835
f 1861 831 2217
f 1861 830 831
f 2216 835 833

