# https://github.com/mikedh/trimesh

o RR_ABAD_LINK.STL
v 0.05420000 -0.01274056 -0.00410496
v 0.04780000 -0.01274055 -0.00410496
v 0.04780000 -0.01235117 -0.00415073
v 0.05420000 -0.01235117 -0.00415073
v 0.04780000 -0.01196033 -0.00411965
v 0.05420000 -0.01196033 -0.00411965
v 0.04780000 -0.01158307 -0.00401292
v 0.05420000 -0.01158307 -0.00401292
v 0.04780000 -0.01123388 -0.00383464
v 0.05420000 -0.01123388 -0.00383464
v 0.04780000 -0.01092618 -0.00359166
v 0.05420000 -0.01092618 -0.00359166
v 0.04780000 -0.01067179 -0.00329333
v 0.05420000 -0.01067179 -0.00329333
v 0.04780000 -0.01048050 -0.00295109
v 0.05420000 -0.01048050 -0.00295109
v 0.04780000 -0.01035964 -0.00257811
v 0.05420000 -0.01035964 -0.00257811
v 0.04780000 -0.01031388 -0.00218873
v 0.05420000 -0.01031388 -0.00218873
v 0.04780000 -0.01034496 -0.00179789
v 0.05420000 -0.01034496 -0.00179789
v 0.04780000 -0.01045169 -0.00142063
v 0.05420000 -0.01045169 -0.00142063
v 0.04780000 -0.01062996 -0.00107144
v 0.05420000 -0.01062996 -0.00107144
v 0.04780000 -0.01087294 -0.00076374
v 0.05420000 -0.01087294 -0.00076374
v 0.04780000 -0.01117128 -0.00050935
v 0.05420000 -0.01117128 -0.00050935
v 0.04780000 -0.01151351 -0.00031806
v 0.05420000 -0.01151351 -0.00031806
v 0.04780000 -0.01188649 -0.00019720
v 0.05420000 -0.01188649 -0.00019720
v 0.04750000 -0.01195055 -0.00049028
v 0.04750000 -0.01163351 -0.00059301
v 0.04750000 -0.01134262 -0.00075561
v 0.04750000 -0.01108903 -0.00097184
v 0.04750000 -0.01088250 -0.00123338
v 0.04750000 -0.01073096 -0.00153020
v 0.04750000 -0.01064024 -0.00185087
v 0.04750000 -0.01061382 -0.00218308
v 0.04750000 -0.01065273 -0.00251406
v 0.04750000 -0.01075545 -0.00283109
v 0.04750000 -0.01091805 -0.00312199
v 0.04750000 -0.01113428 -0.00337558
v 0.04750000 -0.01139583 -0.00358211
v 0.04750000 -0.01169264 -0.00373364
v 0.04750000 -0.01201331 -0.00382436
v 0.04750000 -0.01234552 -0.00385078
v 0.04750000 -0.01267650 -0.00381188
v 0.04750000 -0.01299353 -0.00370915
v 0.04750000 -0.01328443 -0.00354655
v 0.04750000 -0.01353802 -0.00333033
v 0.04750000 -0.01398680 -0.00245129
v 0.04750000 -0.01401322 -0.00211908
v 0.04750000 -0.01397432 -0.00178810
v 0.04750000 -0.01387160 -0.00147107
v 0.04750000 -0.01370899 -0.00118018
v 0.04750000 -0.01349277 -0.00092659
v 0.04750000 -0.01323122 -0.00072006
v 0.04750000 -0.01374455 -0.00306878
v 0.04750000 -0.01389608 -0.00277197
v 0.04750000 -0.01293441 -0.00056852
v 0.04750000 -0.01261374 -0.00047780
v 0.04750000 -0.01228153 -0.00045138
v 0.04780000 -0.01311353 -0.00398411
v 0.04780000 -0.01345577 -0.00379281
v 0.04780000 -0.01375410 -0.00353843
v 0.04780000 -0.01399708 -0.00323073
v 0.04780000 -0.01417536 -0.00288154
v 0.04780000 -0.01428209 -0.00250427
v 0.04780000 -0.01431317 -0.00211344
v 0.04780000 -0.01426740 -0.00172405
v 0.04780000 -0.01414655 -0.00135107
v 0.04780000 -0.01395525 -0.00100884
v 0.04780000 -0.01370087 -0.00071050
v 0.04780000 -0.01339317 -0.00046752
v 0.04780000 -0.01304398 -0.00028924
v 0.04780000 -0.01266671 -0.00018252
v 0.04780000 -0.01227588 -0.00015144
v 0.05420000 -0.01227588 -0.00015144
v 0.05420000 -0.01266671 -0.00018252
v 0.05420000 -0.01304398 -0.00028924
v 0.05420000 -0.01339317 -0.00046752
v 0.05420000 -0.01370087 -0.00071050
v 0.05420000 -0.01395525 -0.00100884
v 0.05420000 -0.01414655 -0.00135107
v 0.05420000 -0.01426740 -0.00172405
v 0.05420000 -0.01431317 -0.00211344
v 0.05420000 -0.01428209 -0.00250427
v 0.05420000 -0.01417536 -0.00288154
v 0.05420000 -0.01399708 -0.00323073
v 0.05420000 -0.01375410 -0.00353843
v 0.05420000 -0.01345577 -0.00379281
v 0.05420000 -0.01311353 -0.00398411
v 0.05450000 -0.01195055 -0.00049028
v 0.05450000 -0.01228153 -0.00045138
v 0.05450000 -0.01261374 -0.00047780
v 0.05450000 -0.01293441 -0.00056852
v 0.05450000 -0.01323122 -0.00072006
v 0.05450000 -0.01349277 -0.00092659
v 0.05450000 -0.01370899 -0.00118018
v 0.05450000 -0.01387160 -0.00147107
v 0.05450000 -0.01397432 -0.00178810
v 0.05450000 -0.01401322 -0.00211908
v 0.05450000 -0.01398680 -0.00245129
v 0.05450000 -0.01389608 -0.00277197
v 0.05450000 -0.01374455 -0.00306878
v 0.05450000 -0.01353802 -0.00333033
v 0.05450000 -0.01328443 -0.00354655
v 0.05450000 -0.01299353 -0.00370915
v 0.05450000 -0.01267650 -0.00381188
v 0.05450000 -0.01234552 -0.00385078
v 0.05450000 -0.01201331 -0.00382436
v 0.05450000 -0.01169264 -0.00373364
v 0.05450000 -0.01139583 -0.00358211
v 0.05450000 -0.01113428 -0.00337558
v 0.05450000 -0.01091805 -0.00312199
v 0.05450000 -0.01075545 -0.00283109
v 0.05450000 -0.01065273 -0.00251406
v 0.05450000 -0.01061382 -0.00218308
v 0.05450000 -0.01064024 -0.00185087
v 0.05450000 -0.01073096 -0.00153020
v 0.05450000 -0.01088250 -0.00123338
v 0.05450000 -0.01108903 -0.00097184
v 0.05450000 -0.01134262 -0.00075561
v 0.05450000 -0.01163351 -0.00059301
v 0.05420000 0.00759262 -0.01154216
v 0.04780000 0.00759262 -0.01154216
v 0.04780000 0.00798201 -0.01158793
v 0.05420000 0.00798201 -0.01158793
v 0.04780000 0.00837284 -0.01155685
v 0.05420000 0.00837284 -0.01155685
v 0.04780000 0.00875011 -0.01145012
v 0.05420000 0.00875011 -0.01145012
v 0.04780000 0.00909930 -0.01127184
v 0.05420000 0.00909930 -0.01127184
v 0.04780000 0.00940700 -0.01102886
v 0.05420000 0.00940700 -0.01102886
v 0.04780000 0.00966138 -0.01073053
v 0.05420000 0.00966138 -0.01073053
v 0.04780000 0.00985268 -0.01038829
v 0.05420000 0.00985268 -0.01038829
v 0.04780000 0.00997353 -0.01001532
v 0.05420000 0.00997353 -0.01001532
v 0.04780000 0.01001930 -0.00962593
v 0.05420000 0.01001930 -0.00962593
v 0.04780000 0.00998822 -0.00923509
v 0.05420000 0.00998822 -0.00923509
v 0.04780000 0.00988149 -0.00885783
v 0.05420000 0.00988149 -0.00885783
v 0.04780000 0.00970321 -0.00850864
v 0.05420000 0.00970321 -0.00850864
v 0.04780000 0.00946023 -0.00820094
v 0.05420000 0.00946023 -0.00820094
v 0.04780000 0.00916190 -0.00794655
v 0.05420000 0.00916190 -0.00794655
v 0.04780000 0.00881966 -0.00775526
v 0.05420000 0.00881966 -0.00775526
v 0.04780000 0.00844669 -0.00763440
v 0.05420000 0.00844669 -0.00763440
v 0.04750000 0.00838263 -0.00792749
v 0.04750000 0.00869966 -0.00803021
v 0.04750000 0.00899056 -0.00819281
v 0.04750000 0.00924415 -0.00840904
v 0.04750000 0.00945068 -0.00867059
v 0.04750000 0.00960222 -0.00896740
v 0.04750000 0.00969294 -0.00928807
v 0.04750000 0.00971935 -0.00962028
v 0.04750000 0.00968045 -0.00995126
v 0.04750000 0.00957773 -0.01026829
v 0.04750000 0.00941512 -0.01055919
v 0.04750000 0.00919890 -0.01081278
v 0.04750000 0.00893735 -0.01101931
v 0.04750000 0.00864054 -0.01117085
v 0.04750000 0.00831986 -0.01126157
v 0.04750000 0.00798766 -0.01128798
v 0.04750000 0.00765668 -0.01124908
v 0.04750000 0.00733964 -0.01114636
v 0.04750000 0.00704875 -0.01098375
v 0.04750000 0.00679516 -0.01076753
v 0.04750000 0.00634637 -0.00988850
v 0.04750000 0.00631995 -0.00955629
v 0.04750000 0.00635886 -0.00922531
v 0.04750000 0.00646158 -0.00890828
v 0.04750000 0.00662418 -0.00861738
v 0.04750000 0.00684041 -0.00836379
v 0.04750000 0.00710196 -0.00815726
v 0.04750000 0.00658863 -0.01050598
v 0.04750000 0.00643709 -0.01020917
v 0.04750000 0.00739877 -0.00800572
v 0.04750000 0.00771944 -0.00791500
v 0.04750000 0.00805165 -0.00788858
v 0.04780000 0.00721964 -0.01142131
v 0.04780000 0.00687741 -0.01123001
v 0.04780000 0.00657907 -0.01097563
v 0.04780000 0.00633609 -0.01066793
v 0.04780000 0.00615782 -0.01031874
v 0.04780000 0.00605109 -0.00994147
v 0.04780000 0.00602001 -0.00955064
v 0.04780000 0.00606577 -0.00916125
v 0.04780000 0.00618663 -0.00878827
v 0.04780000 0.00637792 -0.00844604
v 0.04780000 0.00663231 -0.00814770
v 0.04780000 0.00694001 -0.00790473
v 0.04780000 0.00728920 -0.00772645
v 0.04780000 0.00766646 -0.00761972
v 0.04780000 0.00805730 -0.00758864
v 0.05420000 0.00805730 -0.00758864
v 0.05420000 0.00766646 -0.00761972
v 0.05420000 0.00728920 -0.00772645
v 0.05420000 0.00694001 -0.00790473
v 0.05420000 0.00663231 -0.00814770
v 0.05420000 0.00637792 -0.00844604
v 0.05420000 0.00618663 -0.00878827
v 0.05420000 0.00606577 -0.00916125
v 0.05420000 0.00602001 -0.00955064
v 0.05420000 0.00605109 -0.00994147
v 0.05420000 0.00615782 -0.01031874
v 0.05420000 0.00633609 -0.01066793
v 0.05420000 0.00657907 -0.01097563
v 0.05420000 0.00687741 -0.01123001
v 0.05420000 0.00721964 -0.01142131
v 0.05450000 0.00838263 -0.00792749
v 0.05450000 0.00805165 -0.00788858
v 0.05450000 0.00771944 -0.00791500
v 0.05450000 0.00739877 -0.00800572
v 0.05450000 0.00710196 -0.00815726
v 0.05450000 0.00684041 -0.00836379
v 0.05450000 0.00662418 -0.00861738
v 0.05450000 0.00646158 -0.00890828
v 0.05450000 0.00635886 -0.00922531
v 0.05450000 0.00631995 -0.00955629
v 0.05450000 0.00634637 -0.00988850
v 0.05450000 0.00643709 -0.01020917
v 0.05450000 0.00658863 -0.01050598
v 0.05450000 0.00679516 -0.01076753
v 0.05450000 0.00704875 -0.01098375
v 0.05450000 0.00733964 -0.01114636
v 0.05450000 0.00765668 -0.01124908
v 0.05450000 0.00798766 -0.01128798
v 0.05450000 0.00831986 -0.01126157
v 0.05450000 0.00864054 -0.01117085
v 0.05450000 0.00893735 -0.01101931
v 0.05450000 0.00919890 -0.01081278
v 0.05450000 0.00941512 -0.01055919
v 0.05450000 0.00957773 -0.01026829
v 0.05450000 0.00968045 -0.00995126
v 0.05450000 0.00971935 -0.00962028
v 0.05450000 0.00969294 -0.00928807
v 0.05450000 0.00960222 -0.00896740
v 0.05450000 0.00945068 -0.00867059
v 0.05450000 0.00924415 -0.00840904
v 0.05450000 0.00899056 -0.00819281
v 0.05450000 0.00869966 -0.00803021
v 0.00000000 -0.00550000 0.01930000
v 0.00000000 -0.01170000 0.01930000
v -0.00461879 -0.00550000 0.01873918
v -0.00461879 -0.01170000 0.01873918
v -0.00896916 -0.00550000 0.01708930
v -0.00896916 -0.01170000 0.01708930
v -0.01279827 -0.00550000 0.01444626
v -0.01279827 -0.01170000 0.01444626
v -0.01588359 -0.00550000 0.01096365
v -0.01588359 -0.01170000 0.01096365
v -0.01804581 -0.00550000 0.00684387
v -0.01804581 -0.01170000 0.00684387
v -0.01915928 -0.00550000 0.00232636
v -0.01915928 -0.01170000 0.00232636
v -0.01915928 -0.00550000 -0.00232636
v -0.01915928 -0.01170000 -0.00232636
v -0.01804581 -0.00550000 -0.00684387
v -0.01804581 -0.01170000 -0.00684387
v -0.01588359 -0.00550000 -0.01096365
v -0.01588359 -0.01170000 -0.01096365
v -0.01279827 -0.00550000 -0.01444626
v -0.01279827 -0.01170000 -0.01444626
v -0.00896916 -0.00550000 -0.01708930
v -0.00896916 -0.01170000 -0.01708930
v -0.00461879 -0.00550000 -0.01873918
v -0.00461879 -0.01170000 -0.01873918
v -0.00000000 -0.00550000 -0.01930000
v -0.00000000 -0.01170000 -0.01930000
v 0.00461879 -0.00550000 -0.01873918
v 0.00461879 -0.01170000 -0.01873918
v 0.00896916 -0.00550000 -0.01708930
v 0.00896916 -0.01170000 -0.01708930
v 0.01279827 -0.00550000 -0.01444626
v 0.01279827 -0.01170000 -0.01444626
v 0.01588359 -0.00550000 -0.01096365
v 0.01588359 -0.01170000 -0.01096365
v 0.01804581 -0.00550000 -0.00684387
v 0.01804581 -0.01170000 -0.00684387
v 0.01915928 -0.00550000 -0.00232636
v 0.01915928 -0.01170000 -0.00232636
v 0.01915928 -0.00550000 0.00232636
v 0.01915928 -0.01170000 0.00232636
v 0.01804581 -0.00550000 0.00684387
v 0.01804581 -0.01170000 0.00684387
v 0.01588359 -0.00550000 0.01096365
v 0.01588359 -0.01170000 0.01096365
v 0.01279827 -0.00550000 0.01444626
v 0.01279827 -0.01170000 0.01444626
v 0.00896916 -0.00550000 0.01708930
v 0.00896916 -0.01170000 0.01708930
v 0.00461879 -0.00550000 0.01873918
v 0.00461879 -0.01170000 0.01873918
v -0.01095445 -0.00550000 -0.02270000
v -0.01095445 -0.01170000 -0.02270000
v -0.01319797 -0.01170000 -0.02243698
v -0.01319797 -0.00550000 -0.02243698
v -0.01531982 -0.01170000 -0.02166219
v -0.01531982 -0.00550000 -0.02166219
v -0.01720493 -0.01170000 -0.02041765
v -0.01720493 -0.00550000 -0.02041765
v 0.01095445 -0.00550000 -0.02270000
v 0.01095445 -0.01170000 -0.02270000
v 0.01720493 -0.00550000 -0.02041765
v 0.01720493 -0.01170000 -0.02041765
v 0.01531982 -0.01170000 -0.02166219
v 0.01531982 -0.00550000 -0.02166219
v 0.01319797 -0.01170000 -0.02243698
v 0.01319797 -0.00550000 -0.02243698
v 0.01720493 -0.00550000 0.02041765
v 0.01720493 -0.01170000 0.02041765
v 0.02080943 -0.01170000 0.01672894
v 0.02080943 -0.00550000 0.01672894
v 0.02363750 -0.01170000 0.01241606
v 0.02363750 -0.00550000 0.01241606
v 0.02558362 -0.01170000 0.00763991
v 0.02558362 -0.00550000 0.00763991
v 0.02657518 -0.01170000 0.00257871
v 0.02657518 -0.00550000 0.00257871
v 0.02657518 -0.01170000 -0.00257871
v 0.02657518 -0.00550000 -0.00257871
v 0.02558362 -0.01170000 -0.00763991
v 0.02558362 -0.00550000 -0.00763991
v 0.02363750 -0.01170000 -0.01241606
v 0.02363750 -0.00550000 -0.01241606
v 0.02080943 -0.01170000 -0.01672894
v 0.02080943 -0.00550000 -0.01672894
v 0.01095445 -0.00550000 0.02270000
v 0.01095445 -0.01170000 0.02270000
v 0.01319797 -0.01170000 0.02243698
v 0.01319797 -0.00550000 0.02243698
v 0.01531982 -0.01170000 0.02166219
v 0.01531982 -0.00550000 0.02166219
v -0.01095445 -0.00550000 0.02270000
v -0.01095445 -0.01170000 0.02270000
v -0.01720493 -0.00550000 0.02041765
v -0.01720493 -0.01170000 0.02041765
v -0.01531982 -0.01170000 0.02166219
v -0.01531982 -0.00550000 0.02166219
v -0.01319797 -0.01170000 0.02243698
v -0.01319797 -0.00550000 0.02243698
v 0.02304596 0.05030000 0.01348234
v 0.02534549 0.05030000 0.00839620
v 0.01099953 0.05030000 -0.02432900
v 0.01973922 0.05030000 0.01797925
v 0.00015307 0.05030000 -0.02669956
v -0.00540142 0.05030000 -0.02614794
v 0.01556977 0.05030000 0.02169037
v -0.01071985 0.05030000 -0.02445352
v -0.01556977 0.05030000 -0.02169037
v 0.00570088 0.05030000 -0.02608429
v -0.00570088 0.05030000 0.02608429
v -0.00015307 0.05030000 0.02669956
v -0.02304596 0.05030000 -0.01348234
v 0.00540142 0.05030000 0.02614794
v 0.02653730 0.05030000 0.00294310
v 0.02656930 0.05030000 -0.00263863
v 0.02544009 0.05030000 -0.00810504
v 0.02319903 0.05030000 -0.01321722
v 0.01994406 0.05030000 -0.01775174
v 0.01581745 0.05030000 -0.02151043
v -0.02656930 0.05030000 0.00263863
v -0.01581745 0.05030000 0.02151043
v -0.02653730 0.05030000 -0.00294310
v -0.02534549 0.05030000 -0.00839620
v -0.02544009 0.05030000 0.00810504
v -0.02319903 0.05030000 0.01321722
v -0.01994406 0.05030000 0.01775174
v -0.01099953 0.05030000 0.02432900
v -0.01973922 0.05030000 -0.01797925
v 0.01071985 0.05030000 0.02445352
v 0.00570088 0.00400000 -0.02608429
v 0.01099953 0.00400000 -0.02432900
v 0.01581745 0.00400000 -0.02151043
v 0.01994406 0.00400000 -0.01775174
v 0.02319903 0.00400000 -0.01321722
v 0.02544009 0.00400000 -0.00810504
v 0.02656930 0.00400000 -0.00263863
v 0.02653730 0.00400000 0.00294310
v 0.02534549 0.00400000 0.00839620
v 0.02304596 0.00400000 0.01348234
v 0.01973922 0.00400000 0.01797925
v 0.01556977 0.00400000 0.02169037
v 0.01071985 0.00400000 0.02445352
v 0.00540142 0.00400000 0.02614794
v -0.00015307 0.00400000 0.02669956
v -0.00570088 0.00400000 0.02608429
v -0.01099953 0.00400000 0.02432900
v -0.01581745 0.00400000 0.02151043
v -0.01994406 0.00400000 0.01775174
v -0.02319903 0.00400000 0.01321722
v -0.02544009 0.00400000 0.00810504
v -0.02656930 0.00400000 0.00263863
v -0.02653730 0.00400000 -0.00294310
v -0.02534549 0.00400000 -0.00839620
v -0.02304596 0.00400000 -0.01348234
v -0.01973922 0.00400000 -0.01797925
v -0.01556977 0.00400000 -0.02169037
v -0.01071985 0.00400000 -0.02445352
v -0.00540142 0.00400000 -0.02614794
v 0.00015307 0.00400000 -0.02669956
v 0.02558844 0.00400000 -0.02809327
v 0.02032135 0.00400000 -0.03210985
v 0.01443681 0.00400000 -0.03515080
v 0.00811361 0.00400000 -0.03712370
v 0.00154388 0.00400000 -0.03796862
v 0.01153526 0.00400000 0.03620687
v 0.01764727 0.00400000 0.03365373
v 0.02322308 0.00400000 0.03007804
v 0.02809327 0.00400000 0.02558844
v 0.03210985 0.00400000 0.02032135
v -0.00507276 0.00400000 -0.03765989
v -0.01153526 0.00400000 -0.03620687
v -0.01764727 0.00400000 -0.03365374
v -0.02322308 0.00400000 -0.03007804
v -0.02809327 0.00400000 -0.02558844
v -0.03210985 0.00400000 -0.02032135
v -0.02558844 0.00400000 0.02809327
v -0.02032135 0.00400000 0.03210985
v -0.01443681 0.00400000 0.03515080
v -0.00811361 0.00400000 0.03712370
v -0.00154388 0.00400000 0.03796862
v 0.00507276 0.00400000 0.03765989
v -0.03515080 0.00400000 -0.01443681
v -0.03712370 0.00400000 -0.00811361
v -0.03796862 0.00400000 -0.00154388
v -0.03765989 0.00400000 0.00507276
v -0.03620687 0.00400000 0.01153526
v -0.03365373 0.00400000 0.01764727
v -0.03007804 0.00400000 0.02322308
v 0.03515080 0.00400000 0.01443681
v 0.03712370 0.00400000 0.00811361
v 0.03796862 0.00400000 0.00154388
v 0.03765989 0.00400000 -0.00507276
v 0.03620687 0.00400000 -0.01153526
v 0.03365373 0.00400000 -0.01764727
v 0.03007804 0.00400000 -0.02322308
v -0.00811361 -0.00550000 0.03712370
v -0.00154388 -0.00550000 0.03796862
v 0.00507276 -0.00550000 0.03765989
v 0.01153526 -0.00550000 0.03620687
v 0.01764727 -0.00550000 0.03365373
v 0.02322308 -0.00550000 0.03007804
v 0.02809327 -0.00550000 0.02558844
v 0.03210985 -0.00550000 0.02032135
v 0.03515080 -0.00550000 0.01443681
v 0.03712370 -0.00550000 0.00811361
v 0.03796862 -0.00550000 0.00154388
v 0.03765989 -0.00550000 -0.00507276
v 0.03620687 -0.00550000 -0.01153526
v 0.03365373 -0.00550000 -0.01764727
v 0.03007804 -0.00550000 -0.02322308
v 0.02558844 -0.00550000 -0.02809327
v 0.02032135 -0.00550000 -0.03210985
v 0.01443681 -0.00550000 -0.03515080
v 0.00811361 -0.00550000 -0.03712370
v 0.00154388 -0.00550000 -0.03796862
v -0.00507276 -0.00550000 -0.03765989
v -0.01153526 -0.00550000 -0.03620687
v -0.01764727 -0.00550000 -0.03365374
v -0.02322308 -0.00550000 -0.03007804
v -0.02809327 -0.00550000 -0.02558844
v -0.03210985 -0.00550000 -0.02032135
v -0.03515080 -0.00550000 -0.01443681
v -0.03712370 -0.00550000 -0.00811361
v -0.03796862 -0.00550000 -0.00154388
v -0.03765989 -0.00550000 0.00507276
v -0.03620687 -0.00550000 0.01153526
v -0.03365373 -0.00550000 0.01764727
v -0.03007804 -0.00550000 0.02322308
v -0.02558844 -0.00550000 0.02809327
v -0.02032135 -0.00550000 0.03210985
v -0.01443681 -0.00550000 0.03515080
v -0.02080943 -0.00550000 -0.01672894
v -0.02363750 -0.00550000 -0.01241606
v -0.02558362 -0.00550000 -0.00763991
v -0.02657518 -0.00550000 -0.00257871
v -0.02657518 -0.00550000 0.00257871
v -0.02558362 -0.00550000 0.00763991
v -0.02363750 -0.00550000 0.01241606
v -0.02080943 -0.00550000 0.01672894
v -0.02080943 -0.01170000 -0.01672894
v -0.02363750 -0.01170000 -0.01241606
v -0.02558362 -0.01170000 -0.00763991
v -0.02657518 -0.01170000 -0.00257871
v -0.02657518 -0.01170000 0.00257871
v -0.02558362 -0.01170000 0.00763991
v -0.02363750 -0.01170000 0.01241606
v -0.02080943 -0.01170000 0.01672894
v -0.02481778 0.00220000 0.02295594
v -0.02397258 0.00220000 0.02583442
v -0.02358422 0.00220000 0.02565707
v -0.02326156 0.00220000 0.02537747
v -0.02303074 0.00220000 0.02501831
v -0.02291045 0.00220000 0.02460866
v -0.02397259 0.00220000 0.02295594
v -0.02303074 0.00220000 0.02377206
v -0.02358422 0.00220000 0.02313330
v -0.02326156 0.00220000 0.02341289
v -0.02520614 0.00220000 0.02313330
v -0.02552881 0.00220000 0.02341289
v -0.02575963 0.00220000 0.02377206
v -0.02587992 0.00220000 0.02418171
v -0.02587992 0.00220000 0.02460866
v -0.02575963 0.00220000 0.02501831
v -0.02552881 0.00220000 0.02537747
v -0.02520614 0.00220000 0.02565707
v -0.02439518 0.00220000 0.02589518
v -0.02481778 0.00220000 0.02583442
v -0.02439518 0.00220000 0.02289518
v -0.02291045 0.00220000 0.02418171
v -0.02439518 -0.00780000 0.02589518
v -0.02481778 -0.00780000 0.02583442
v -0.02520614 -0.00780000 0.02565707
v -0.02552881 -0.00780000 0.02537747
v -0.02575963 -0.00780000 0.02501831
v -0.02587992 -0.00780000 0.02460866
v -0.02587992 -0.00780000 0.02418171
v -0.02575963 -0.00780000 0.02377206
v -0.02552881 -0.00780000 0.02341289
v -0.02520614 -0.00780000 0.02313330
v -0.02481778 -0.00780000 0.02295594
v -0.02439518 -0.00780000 0.02289518
v -0.02397259 -0.00780000 0.02295594
v -0.02358422 -0.00780000 0.02313330
v -0.02326156 -0.00780000 0.02341289
v -0.02303074 -0.00780000 0.02377206
v -0.02291045 -0.00780000 0.02418171
v -0.02291045 -0.00780000 0.02460866
v -0.02303074 -0.00780000 0.02501831
v -0.02326156 -0.00780000 0.02537747
v -0.02358422 -0.00780000 0.02565707
v -0.02397259 -0.00780000 0.02583442
v -0.02558836 -0.00780000 0.02687285
v -0.02500712 -0.00780000 0.02707624
v -0.02439518 -0.00780000 0.02714518
v -0.02164518 -0.00780000 0.02439518
v -0.02171413 -0.00780000 0.02378325
v -0.02191752 -0.00780000 0.02320200
v -0.02224515 -0.00780000 0.02268059
v -0.02378325 -0.00780000 0.02707624
v -0.02320200 -0.00780000 0.02687285
v -0.02268059 -0.00780000 0.02654522
v -0.02224515 -0.00780000 0.02610978
v -0.02191752 -0.00780000 0.02558837
v -0.02171413 -0.00780000 0.02500712
v -0.02714518 -0.00780000 0.02439518
v -0.02707624 -0.00780000 0.02500712
v -0.02687285 -0.00780000 0.02558837
v -0.02654522 -0.00780000 0.02610978
v -0.02610978 -0.00780000 0.02654522
v -0.02268059 -0.00780000 0.02224515
v -0.02320200 -0.00780000 0.02191752
v -0.02378325 -0.00780000 0.02171413
v -0.02439518 -0.00780000 0.02164518
v -0.02500712 -0.00780000 0.02171413
v -0.02558836 -0.00780000 0.02191752
v -0.02610978 -0.00780000 0.02224515
v -0.02654522 -0.00780000 0.02268059
v -0.02687285 -0.00780000 0.02320200
v -0.02707624 -0.00780000 0.02378325
v -0.02439518 -0.01080000 0.02714518
v -0.02500712 -0.01080000 0.02707624
v -0.02558836 -0.01080000 0.02687285
v -0.02610978 -0.01080000 0.02654522
v -0.02654522 -0.01080000 0.02610978
v -0.02687285 -0.01080000 0.02558837
v -0.02707624 -0.01080000 0.02500712
v -0.02714518 -0.01080000 0.02439518
v -0.02707624 -0.01080000 0.02378325
v -0.02687285 -0.01080000 0.02320200
v -0.02654522 -0.01080000 0.02268059
v -0.02610978 -0.01080000 0.02224515
v -0.02558836 -0.01080000 0.02191752
v -0.02500712 -0.01080000 0.02171413
v -0.02439518 -0.01080000 0.02164518
v -0.02378325 -0.01080000 0.02171413
v -0.02320200 -0.01080000 0.02191752
v -0.02268059 -0.01080000 0.02224515
v -0.02224515 -0.01080000 0.02268059
v -0.02191752 -0.01080000 0.02320200
v -0.02171413 -0.01080000 0.02378325
v -0.02164518 -0.01080000 0.02439518
v -0.02171413 -0.01080000 0.02500712
v -0.02191752 -0.01080000 0.02558837
v -0.02224515 -0.01080000 0.02610978
v -0.02268059 -0.01080000 0.02654522
v -0.02320200 -0.01080000 0.02687285
v -0.02378325 -0.01080000 0.02707624
v 0.05800000 0.01071976 0.00774628
v 0.05800000 0.01093087 0.00475372
v 0.05800000 0.01134815 0.00484407
v 0.05800000 0.01172307 0.00504831
v 0.05800000 0.01202525 0.00534992
v 0.05800000 0.01223023 0.00572444
v 0.05800000 0.01154547 0.00756582
v 0.05800000 0.01229135 0.00656742
v 0.05800000 0.01188701 0.00730963
v 0.05800000 0.01214254 0.00696759
v 0.05800000 0.01030249 0.00765593
v 0.05800000 0.00992757 0.00745169
v 0.05800000 0.00962538 0.00715008
v 0.05800000 0.00942040 0.00677556
v 0.05800000 0.00932924 0.00635846
v 0.05800000 0.00935929 0.00593258
v 0.05800000 0.00950810 0.00553241
v 0.05800000 0.00976363 0.00519037
v 0.05800000 0.01050504 0.00478459
v 0.05800000 0.01010516 0.00493418
v 0.05800000 0.01114559 0.00771541
v 0.05800000 0.01232139 0.00614153
v 0.04800000 0.01050504 0.00478459
v 0.04800000 0.01010516 0.00493418
v 0.04800000 0.00976363 0.00519037
v 0.04800000 0.00950810 0.00553241
v 0.04800000 0.00935929 0.00593258
v 0.04800000 0.00932924 0.00635846
v 0.04800000 0.00942040 0.00677556
v 0.04800000 0.00962538 0.00715008
v 0.04800000 0.00992757 0.00745169
v 0.04800000 0.01030249 0.00765593
v 0.04800000 0.01071976 0.00774628
v 0.04800000 0.01114559 0.00771541
v 0.04800000 0.01154547 0.00756582
v 0.04800000 0.01188701 0.00730963
v 0.04800000 0.01214254 0.00696759
v 0.04800000 0.01229135 0.00656742
v 0.04800000 0.01232139 0.00614154
v 0.04800000 0.01223023 0.00572444
v 0.04800000 0.01202525 0.00534992
v 0.04800000 0.01172307 0.00504831
v 0.04800000 0.01134815 0.00484407
v 0.04800000 0.01093087 0.00475372
v 0.04800000 0.00913063 0.00408423
v 0.04800000 0.00965505 0.00376143
v 0.04800000 0.01023815 0.00356342
v 0.04800000 0.01351190 0.00566283
v 0.04800000 0.01357520 0.00627537
v 0.04800000 0.01350061 0.00688664
v 0.04800000 0.01329187 0.00746599
v 0.04800000 0.01085069 0.00350012
v 0.04800000 0.01146196 0.00357471
v 0.04800000 0.01204131 0.00378345
v 0.04800000 0.01255968 0.00411587
v 0.04800000 0.01299108 0.00455531
v 0.04800000 0.01331389 0.00507973
v 0.04800000 0.00813873 0.00683717
v 0.04800000 0.00807543 0.00622463
v 0.04800000 0.00815003 0.00561336
v 0.04800000 0.00835877 0.00503401
v 0.04800000 0.00869119 0.00451564
v 0.04800000 0.01295944 0.00798436
v 0.04800000 0.01252000 0.00841577
v 0.04800000 0.01199559 0.00873857
v 0.04800000 0.01141249 0.00893658
v 0.04800000 0.01079994 0.00899988
v 0.04800000 0.01018867 0.00892529
v 0.04800000 0.00960933 0.00871655
v 0.04800000 0.00909096 0.00838412
v 0.04800000 0.00865955 0.00794469
v 0.04800000 0.00833675 0.00742027
v 0.04500000 0.01023815 0.00356342
v 0.04500000 0.00965505 0.00376143
v 0.04500000 0.00913063 0.00408423
v 0.04500000 0.00869119 0.00451564
v 0.04500000 0.00835877 0.00503401
v 0.04500000 0.00815003 0.00561336
v 0.04500000 0.00807543 0.00622463
v 0.04500000 0.00813873 0.00683717
v 0.04500000 0.00833675 0.00742027
v 0.04500000 0.00865955 0.00794469
v 0.04500000 0.00909096 0.00838412
v 0.04500000 0.00960933 0.00871655
v 0.04500000 0.01018867 0.00892529
v 0.04500000 0.01079994 0.00899988
v 0.04500000 0.01141249 0.00893658
v 0.04500000 0.01199559 0.00873857
v 0.04500000 0.01252000 0.00841577
v 0.04500000 0.01295944 0.00798436
v 0.04500000 0.01329187 0.00746599
v 0.04500000 0.01350061 0.00688664
v 0.04500000 0.01357520 0.00627537
v 0.04500000 0.01351190 0.00566283
v 0.04500000 0.01331389 0.00507973
v 0.04500000 0.01299108 0.00455531
v 0.04500000 0.01255968 0.00411587
v 0.04500000 0.01204131 0.00378345
v 0.04500000 0.01146196 0.00357471
v 0.04500000 0.01085069 0.00350012
v 0.05800000 0.00134859 -0.01315673
v 0.05800000 -0.00134859 -0.01184327
v 0.05800000 -0.00147899 -0.01224982
v 0.05800000 -0.00148956 -0.01267663
v 0.05800000 -0.00137946 -0.01308913
v 0.05800000 -0.00115761 -0.01345391
v 0.05800000 0.00077946 -0.01378158
v 0.05800000 -0.00045812 -0.01392833
v 0.05800000 0.00038682 -0.01394927
v 0.05800000 -0.00003716 -0.01399954
v 0.05800000 0.00147899 -0.01275019
v 0.05800000 0.00148956 -0.01232337
v 0.05800000 0.00137946 -0.01191087
v 0.05800000 0.00115761 -0.01154609
v 0.05800000 0.00084197 -0.01125860
v 0.05800000 0.00045812 -0.01107167
v 0.05800000 0.00003716 -0.01100046
v 0.05800000 -0.00038682 -0.01105073
v 0.05800000 -0.00110894 -0.01148993
v 0.05800000 -0.00077945 -0.01121842
v 0.05800000 0.00110894 -0.01351007
v 0.05800000 -0.00084197 -0.01374141
v 0.04800000 -0.00110894 -0.01148993
v 0.04800000 -0.00077945 -0.01121842
v 0.04800000 -0.00038682 -0.01105073
v 0.04800000 0.00003716 -0.01100046
v 0.04800000 0.00045812 -0.01107167
v 0.04800000 0.00084197 -0.01125860
v 0.04800000 0.00115761 -0.01154609
v 0.04800000 0.00137946 -0.01191087
v 0.04800000 0.00148956 -0.01232337
v 0.04800000 0.00147899 -0.01275019
v 0.04800000 0.00134859 -0.01315673
v 0.04800000 0.00110894 -0.01351007
v 0.04800000 0.00077946 -0.01378158
v 0.04800000 0.00038682 -0.01394927
v 0.04800000 -0.00003716 -0.01399954
v 0.04800000 -0.00045812 -0.01392833
v 0.04800000 -0.00084197 -0.01374141
v 0.04800000 -0.00115761 -0.01345391
v 0.04800000 -0.00137946 -0.01308913
v 0.04800000 -0.00148956 -0.01267663
v 0.04800000 -0.00147899 -0.01224982
v 0.04800000 -0.00134859 -0.01184327
v 0.04800000 -0.00102826 -0.00994948
v 0.04800000 -0.00157003 -0.01024223
v 0.04800000 -0.00203307 -0.01064820
v 0.04800000 -0.00185179 -0.01453307
v 0.04800000 -0.00135297 -0.01489416
v 0.04800000 -0.00078630 -0.01513519
v 0.04800000 -0.00018020 -0.01524409
v 0.04800000 -0.00239416 -0.01114703
v 0.04800000 -0.00263519 -0.01171371
v 0.04800000 -0.00274409 -0.01231980
v 0.04800000 -0.00271539 -0.01293494
v 0.04800000 -0.00255052 -0.01352827
v 0.04800000 -0.00225777 -0.01407003
v 0.04800000 0.00185180 -0.01046694
v 0.04800000 0.00135297 -0.01010585
v 0.04800000 0.00078630 -0.00986481
v 0.04800000 0.00018020 -0.00975591
v 0.04800000 -0.00043494 -0.00978461
v 0.04800000 0.00043494 -0.01521539
v 0.04800000 0.00102827 -0.01505052
v 0.04800000 0.00157003 -0.01475777
v 0.04800000 0.00203307 -0.01435180
v 0.04800000 0.00239416 -0.01385297
v 0.04800000 0.00263519 -0.01328630
v 0.04800000 0.00274409 -0.01268020
v 0.04800000 0.00271539 -0.01206506
v 0.04800000 0.00255052 -0.01147174
v 0.04800000 0.00225777 -0.01092997
v 0.04500000 -0.00203307 -0.01064820
v 0.04500000 -0.00157003 -0.01024223
v 0.04500000 -0.00102826 -0.00994948
v 0.04500000 -0.00043494 -0.00978461
v 0.04500000 0.00018020 -0.00975591
v 0.04500000 0.00078630 -0.00986481
v 0.04500000 0.00135297 -0.01010585
v 0.04500000 0.00185180 -0.01046694
v 0.04500000 0.00225777 -0.01092997
v 0.04500000 0.00255052 -0.01147174
v 0.04500000 0.00271539 -0.01206506
v 0.04500000 0.00274409 -0.01268020
v 0.04500000 0.00263519 -0.01328630
v 0.04500000 0.00239416 -0.01385297
v 0.04500000 0.00203307 -0.01435180
v 0.04500000 0.00157003 -0.01475777
v 0.04500000 0.00102827 -0.01505052
v 0.04500000 0.00043494 -0.01521539
v 0.04500000 -0.00018020 -0.01524409
v 0.04500000 -0.00078630 -0.01513519
v 0.04500000 -0.00135297 -0.01489416
v 0.04500000 -0.00185179 -0.01453307
v 0.04500000 -0.00225777 -0.01407003
v 0.04500000 -0.00255052 -0.01352827
v 0.04500000 -0.00271539 -0.01293494
v 0.04500000 -0.00274409 -0.01231980
v 0.04500000 -0.00263519 -0.01171371
v 0.04500000 -0.00239416 -0.01114703
v 0.05800000 -0.01071976 -0.00774628
v 0.05800000 -0.01093087 -0.00475372
v 0.05800000 -0.01134815 -0.00484407
v 0.05800000 -0.01172306 -0.00504831
v 0.05800000 -0.01202525 -0.00534992
v 0.05800000 -0.01223023 -0.00572444
v 0.05800000 -0.01154547 -0.00756582
v 0.05800000 -0.01229135 -0.00656742
v 0.05800000 -0.01188701 -0.00730963
v 0.05800000 -0.01214253 -0.00696759
v 0.05800000 -0.01030249 -0.00765593
v 0.05800000 -0.00992757 -0.00745169
v 0.05800000 -0.00962538 -0.00715009
v 0.05800000 -0.00942040 -0.00677556
v 0.05800000 -0.00932924 -0.00635847
v 0.05800000 -0.00935929 -0.00593258
v 0.05800000 -0.00950810 -0.00553241
v 0.05800000 -0.00976363 -0.00519037
v 0.05800000 -0.01050504 -0.00478459
v 0.05800000 -0.01010516 -0.00493418
v 0.05800000 -0.01114559 -0.00771541
v 0.05800000 -0.01232139 -0.00614154
v 0.04800000 -0.01050504 -0.00478459
v 0.04800000 -0.01010516 -0.00493418
v 0.04800000 -0.00976363 -0.00519037
v 0.04800000 -0.00950810 -0.00553241
v 0.04800000 -0.00935929 -0.00593258
v 0.04800000 -0.00932924 -0.00635847
v 0.04800000 -0.00942040 -0.00677556
v 0.04800000 -0.00962538 -0.00715009
v 0.04800000 -0.00992757 -0.00745169
v 0.04800000 -0.01030249 -0.00765593
v 0.04800000 -0.01071976 -0.00774628
v 0.04800000 -0.01114559 -0.00771541
v 0.04800000 -0.01154547 -0.00756582
v 0.04800000 -0.01188701 -0.00730963
v 0.04800000 -0.01214253 -0.00696759
v 0.04800000 -0.01229135 -0.00656742
v 0.04800000 -0.01232139 -0.00614154
v 0.04800000 -0.01223023 -0.00572444
v 0.04800000 -0.01202525 -0.00534992
v 0.04800000 -0.01172306 -0.00504831
v 0.04800000 -0.01134815 -0.00484407
v 0.04800000 -0.01093087 -0.00475372
v 0.04800000 -0.00913063 -0.00408424
v 0.04800000 -0.00965505 -0.00376143
v 0.04800000 -0.01023815 -0.00356342
v 0.04800000 -0.01351190 -0.00566283
v 0.04800000 -0.01357520 -0.00627537
v 0.04800000 -0.01350061 -0.00688664
v 0.04800000 -0.01329187 -0.00746599
v 0.04800000 -0.01085069 -0.00350012
v 0.04800000 -0.01146196 -0.00357471
v 0.04800000 -0.01204131 -0.00378345
v 0.04800000 -0.01255968 -0.00411588
v 0.04800000 -0.01299108 -0.00455531
v 0.04800000 -0.01331389 -0.00507973
v 0.04800000 -0.00813873 -0.00683717
v 0.04800000 -0.00807543 -0.00622463
v 0.04800000 -0.00815003 -0.00561336
v 0.04800000 -0.00835877 -0.00503401
v 0.04800000 -0.00869119 -0.00451564
v 0.04800000 -0.01295944 -0.00798436
v 0.04800000 -0.01252000 -0.00841577
v 0.04800000 -0.01199559 -0.00873857
v 0.04800000 -0.01141249 -0.00893658
v 0.04800000 -0.01079994 -0.00899988
v 0.04800000 -0.01018867 -0.00892529
v 0.04800000 -0.00960933 -0.00871655
v 0.04800000 -0.00909096 -0.00838413
v 0.04800000 -0.00865955 -0.00794469
v 0.04800000 -0.00833675 -0.00742027
v 0.04500000 -0.01023815 -0.00356342
v 0.04500000 -0.00965505 -0.00376143
v 0.04500000 -0.00913063 -0.00408424
v 0.04500000 -0.00869119 -0.00451564
v 0.04500000 -0.00835877 -0.00503401
v 0.04500000 -0.00815003 -0.00561336
v 0.04500000 -0.00807543 -0.00622463
v 0.04500000 -0.00813873 -0.00683717
v 0.04500000 -0.00833675 -0.00742027
v 0.04500000 -0.00865955 -0.00794469
v 0.04500000 -0.00909096 -0.00838413
v 0.04500000 -0.00960933 -0.00871655
v 0.04500000 -0.01018867 -0.00892529
v 0.04500000 -0.01079994 -0.00899988
v 0.04500000 -0.01141249 -0.00893658
v 0.04500000 -0.01199559 -0.00873857
v 0.04500000 -0.01252000 -0.00841577
v 0.04500000 -0.01295944 -0.00798436
v 0.04500000 -0.01329187 -0.00746599
v 0.04500000 -0.01350061 -0.00688664
v 0.04500000 -0.01357520 -0.00627537
v 0.04500000 -0.01351190 -0.00566283
v 0.04500000 -0.01331389 -0.00507973
v 0.04500000 -0.01299108 -0.00455531
v 0.04500000 -0.01255968 -0.00411588
v 0.04500000 -0.01204131 -0.00378345
v 0.04500000 -0.01146196 -0.00357471
v 0.04500000 -0.01085069 -0.00350012
v -0.00042260 0.00220000 -0.03593924
v 0.00042260 0.00220000 -0.03306076
v 0.00081096 0.00220000 -0.03323812
v 0.00113362 0.00220000 -0.03351771
v 0.00136445 0.00220000 -0.03387688
v 0.00148473 0.00220000 -0.03428653
v 0.00042260 0.00220000 -0.03593924
v 0.00136445 0.00220000 -0.03512312
v 0.00081096 0.00220000 -0.03576188
v 0.00113362 0.00220000 -0.03548229
v -0.00081096 0.00220000 -0.03576188
v -0.00113362 0.00220000 -0.03548229
v -0.00136445 0.00220000 -0.03512312
v -0.00148473 0.00220000 -0.03471347
v -0.00148473 0.00220000 -0.03428653
v -0.00136445 0.00220000 -0.03387688
v -0.00113362 0.00220000 -0.03351771
v -0.00081096 0.00220000 -0.03323812
v -0.00000000 0.00220000 -0.03300000
v -0.00042260 0.00220000 -0.03306076
v -0.00000000 0.00220000 -0.03600000
v 0.00148473 0.00220000 -0.03471347
v -0.00000000 -0.00780000 -0.03300000
v -0.00042260 -0.00780000 -0.03306076
v -0.00081096 -0.00780000 -0.03323812
v -0.00113362 -0.00780000 -0.03351771
v -0.00136445 -0.00780000 -0.03387688
v -0.00148473 -0.00780000 -0.03428653
v -0.00148473 -0.00780000 -0.03471347
v -0.00136445 -0.00780000 -0.03512312
v -0.00113362 -0.00780000 -0.03548229
v -0.00081096 -0.00780000 -0.03576188
v -0.00042260 -0.00780000 -0.03593924
v -0.00000000 -0.00780000 -0.03600000
v 0.00042260 -0.00780000 -0.03593924
v 0.00081096 -0.00780000 -0.03576188
v 0.00113362 -0.00780000 -0.03548229
v 0.00136445 -0.00780000 -0.03512312
v 0.00148473 -0.00780000 -0.03471347
v 0.00148473 -0.00780000 -0.03428653
v 0.00136445 -0.00780000 -0.03387688
v 0.00113362 -0.00780000 -0.03351771
v 0.00081096 -0.00780000 -0.03323812
v 0.00042260 -0.00780000 -0.03306076
v -0.00119318 -0.00780000 -0.03202233
v -0.00061193 -0.00780000 -0.03181895
v -0.00000000 -0.00780000 -0.03175000
v 0.00275000 -0.00780000 -0.03450000
v 0.00268105 -0.00780000 -0.03511193
v 0.00247766 -0.00780000 -0.03569318
v 0.00215004 -0.00780000 -0.03621460
v 0.00061193 -0.00780000 -0.03181895
v 0.00119318 -0.00780000 -0.03202233
v 0.00171460 -0.00780000 -0.03234996
v 0.00215004 -0.00780000 -0.03278540
v 0.00247766 -0.00780000 -0.03330682
v 0.00268105 -0.00780000 -0.03388807
v -0.00275000 -0.00780000 -0.03450000
v -0.00268105 -0.00780000 -0.03388807
v -0.00247766 -0.00780000 -0.03330682
v -0.00215004 -0.00780000 -0.03278540
v -0.00171460 -0.00780000 -0.03234996
v 0.00171460 -0.00780000 -0.03665004
v 0.00119318 -0.00780000 -0.03697766
v 0.00061193 -0.00780000 -0.03718105
v -0.00000000 -0.00780000 -0.03725000
v -0.00061193 -0.00780000 -0.03718105
v -0.00119318 -0.00780000 -0.03697766
v -0.00171460 -0.00780000 -0.03665004
v -0.00215004 -0.00780000 -0.03621460
v -0.00247766 -0.00780000 -0.03569318
v -0.00268105 -0.00780000 -0.03511193
v -0.00000000 -0.01080000 -0.03175000
v -0.00061193 -0.01080000 -0.03181895
v -0.00119318 -0.01080000 -0.03202233
v -0.00171460 -0.01080000 -0.03234996
v -0.00215004 -0.01080000 -0.03278540
v -0.00247766 -0.01080000 -0.03330682
v -0.00268105 -0.01080000 -0.03388807
v -0.00275000 -0.01080000 -0.03450000
v -0.00268105 -0.01080000 -0.03511193
v -0.00247766 -0.01080000 -0.03569318
v -0.00215004 -0.01080000 -0.03621460
v -0.00171460 -0.01080000 -0.03665004
v -0.00119318 -0.01080000 -0.03697766
v -0.00061193 -0.01080000 -0.03718105
v -0.00000000 -0.01080000 -0.03725000
v 0.00061193 -0.01080000 -0.03718105
v 0.00119318 -0.01080000 -0.03697766
v 0.00171460 -0.01080000 -0.03665004
v 0.00215004 -0.01080000 -0.03621460
v 0.00247766 -0.01080000 -0.03569318
v 0.00268105 -0.01080000 -0.03511193
v 0.00275000 -0.01080000 -0.03450000
v 0.00268105 -0.01080000 -0.03388807
v 0.00247766 -0.01080000 -0.03330682
v 0.00215004 -0.01080000 -0.03278540
v 0.00171460 -0.01080000 -0.03234996
v 0.00119318 -0.01080000 -0.03202233
v 0.00061193 -0.01080000 -0.03181895
v 0.03450000 -0.00280000 -0.00150000
v 0.03450000 -0.00820000 -0.00150000
v 0.03418813 -0.00820000 -0.00146722
v 0.03418813 -0.00280000 -0.00146722
v 0.03388989 -0.00820000 -0.00137032
v 0.03388989 -0.00280000 -0.00137032
v 0.03361832 -0.00820000 -0.00121353
v 0.03361832 -0.00280000 -0.00121353
v 0.03338528 -0.00820000 -0.00100370
v 0.03338528 -0.00280000 -0.00100370
v 0.03320096 -0.00820000 -0.00075000
v 0.03320096 -0.00280000 -0.00075000
v 0.03307341 -0.00820000 -0.00046353
v 0.03307341 -0.00280000 -0.00046353
v 0.03300822 -0.00820000 -0.00015679
v 0.03300822 -0.00280000 -0.00015679
v 0.03300822 -0.00820000 0.00015679
v 0.03300822 -0.00280000 0.00015679
v 0.03307341 -0.00820000 0.00046353
v 0.03307341 -0.00280000 0.00046353
v 0.03320096 -0.00820000 0.00075000
v 0.03320096 -0.00280000 0.00075000
v 0.03338528 -0.00820000 0.00100370
v 0.03338528 -0.00280000 0.00100370
v 0.03361832 -0.00820000 0.00121353
v 0.03361832 -0.00280000 0.00121353
v 0.03388989 -0.00820000 0.00137032
v 0.03388989 -0.00280000 0.00137032
v 0.03418813 -0.00820000 0.00146722
v 0.03418813 -0.00280000 0.00146722
v 0.03450000 -0.00820000 0.00150000
v 0.03450000 -0.00280000 0.00150000
v 0.03450000 -0.00850000 0.00120000
v 0.03425051 -0.00850000 0.00117378
v 0.03401192 -0.00850000 0.00109625
v 0.03379466 -0.00850000 0.00097082
v 0.03360823 -0.00850000 0.00080296
v 0.03346077 -0.00850000 0.00060000
v 0.03335873 -0.00850000 0.00037082
v 0.03330657 -0.00850000 0.00012543
v 0.03330657 -0.00850000 -0.00012543
v 0.03335873 -0.00850000 -0.00037082
v 0.03346077 -0.00850000 -0.00060000
v 0.03360823 -0.00850000 -0.00080296
v 0.03379466 -0.00850000 -0.00097082
v 0.03401192 -0.00850000 -0.00109626
v 0.03425051 -0.00850000 -0.00117378
v 0.03450000 -0.00850000 -0.00120000
v 0.03474949 -0.00850000 -0.00117378
v 0.03520534 -0.00850000 0.00097082
v 0.03498808 -0.00850000 0.00109625
v 0.03474949 -0.00850000 0.00117378
v 0.03569343 -0.00850000 -0.00012543
v 0.03569343 -0.00850000 0.00012543
v 0.03564127 -0.00850000 0.00037082
v 0.03553923 -0.00850000 0.00060000
v 0.03539177 -0.00850000 0.00080296
v 0.03498808 -0.00850000 -0.00109626
v 0.03520534 -0.00850000 -0.00097082
v 0.03539177 -0.00850000 -0.00080296
v 0.03553923 -0.00850000 -0.00060000
v 0.03564127 -0.00850000 -0.00037082
v 0.03481187 -0.00820000 -0.00146722
v 0.03511010 -0.00820000 -0.00137032
v 0.03538168 -0.00820000 -0.00121353
v 0.03561472 -0.00820000 -0.00100370
v 0.03579904 -0.00820000 -0.00075000
v 0.03592658 -0.00820000 -0.00046353
v 0.03599178 -0.00820000 -0.00015679
v 0.03599178 -0.00820000 0.00015679
v 0.03592658 -0.00820000 0.00046353
v 0.03579904 -0.00820000 0.00075000
v 0.03561472 -0.00820000 0.00100370
v 0.03538168 -0.00820000 0.00121353
v 0.03511010 -0.00820000 0.00137032
v 0.03481187 -0.00820000 0.00146722
v 0.03481187 -0.00280000 0.00146722
v 0.03511010 -0.00280000 0.00137032
v 0.03538168 -0.00280000 0.00121353
v 0.03561472 -0.00280000 0.00100370
v 0.03579904 -0.00280000 0.00075000
v 0.03592658 -0.00280000 0.00046353
v 0.03599178 -0.00280000 0.00015679
v 0.03599178 -0.00280000 -0.00015679
v 0.03592658 -0.00280000 -0.00046353
v 0.03579904 -0.00280000 -0.00075000
v 0.03561472 -0.00280000 -0.00100370
v 0.03538168 -0.00280000 -0.00121353
v 0.03511010 -0.00280000 -0.00137032
v 0.03481187 -0.00280000 -0.00146722
v 0.03450000 -0.00250000 0.00120000
v 0.03474949 -0.00250000 0.00117378
v 0.03498808 -0.00250000 0.00109625
v 0.03520534 -0.00250000 0.00097082
v 0.03539177 -0.00250000 0.00080296
v 0.03553923 -0.00250000 0.00060000
v 0.03564127 -0.00250000 0.00037082
v 0.03569343 -0.00250000 0.00012543
v 0.03569343 -0.00250000 -0.00012543
v 0.03564127 -0.00250000 -0.00037082
v 0.03553923 -0.00250000 -0.00060000
v 0.03539177 -0.00250000 -0.00080296
v 0.03520534 -0.00250000 -0.00097082
v 0.03498808 -0.00250000 -0.00109626
v 0.03474949 -0.00250000 -0.00117378
v 0.03450000 -0.00250000 -0.00120000
v 0.03425051 -0.00250000 -0.00117378
v 0.03401192 -0.00250000 -0.00109626
v 0.03379466 -0.00250000 -0.00097082
v 0.03360823 -0.00250000 -0.00080296
v 0.03346077 -0.00250000 -0.00060000
v 0.03335873 -0.00250000 -0.00037082
v 0.03330657 -0.00250000 -0.00012543
v 0.03330657 -0.00250000 0.00012543
v 0.03335873 -0.00250000 0.00037082
v 0.03346077 -0.00250000 0.00060000
v 0.03360823 -0.00250000 0.00080296
v 0.03379466 -0.00250000 0.00097082
v 0.03401192 -0.00250000 0.00109625
v 0.03425051 -0.00250000 0.00117378
v -0.02481778 0.00220000 -0.02583442
v -0.02397259 0.00220000 -0.02295594
v -0.02358422 0.00220000 -0.02313330
v -0.02326156 0.00220000 -0.02341289
v -0.02303074 0.00220000 -0.02377206
v -0.02291045 0.00220000 -0.02418171
v -0.02397259 0.00220000 -0.02583442
v -0.02303074 0.00220000 -0.02501831
v -0.02358422 0.00220000 -0.02565706
v -0.02326156 0.00220000 -0.02537747
v -0.02520614 0.00220000 -0.02565706
v -0.02552881 0.00220000 -0.02537747
v -0.02575963 0.00220000 -0.02501831
v -0.02587992 0.00220000 -0.02460866
v -0.02587992 0.00220000 -0.02418171
v -0.02575963 0.00220000 -0.02377206
v -0.02552881 0.00220000 -0.02341289
v -0.02520614 0.00220000 -0.02313330
v -0.02439518 0.00220000 -0.02289518
v -0.02481778 0.00220000 -0.02295594
v -0.02439518 0.00220000 -0.02589518
v -0.02291045 0.00220000 -0.02460866
v -0.02439518 -0.00780000 -0.02289518
v -0.02481778 -0.00780000 -0.02295594
v -0.02520614 -0.00780000 -0.02313330
v -0.02552881 -0.00780000 -0.02341289
v -0.02575963 -0.00780000 -0.02377206
v -0.02587992 -0.00780000 -0.02418171
v -0.02587992 -0.00780000 -0.02460866
v -0.02575963 -0.00780000 -0.02501831
v -0.02552881 -0.00780000 -0.02537747
v -0.02520614 -0.00780000 -0.02565706
v -0.02481778 -0.00780000 -0.02583442
v -0.02439518 -0.00780000 -0.02589518
v -0.02397259 -0.00780000 -0.02583442
v -0.02358422 -0.00780000 -0.02565706
v -0.02326156 -0.00780000 -0.02537747
v -0.02303074 -0.00780000 -0.02501831
v -0.02291045 -0.00780000 -0.02460866
v -0.02291045 -0.00780000 -0.02418171
v -0.02303074 -0.00780000 -0.02377206
v -0.02326156 -0.00780000 -0.02341289
v -0.02358422 -0.00780000 -0.02313330
v -0.02397259 -0.00780000 -0.02295594
v -0.02558837 -0.00780000 -0.02191752
v -0.02500712 -0.00780000 -0.02171413
v -0.02439518 -0.00780000 -0.02164518
v -0.02164518 -0.00780000 -0.02439518
v -0.02171413 -0.00780000 -0.02500712
v -0.02191752 -0.00780000 -0.02558836
v -0.02224515 -0.00780000 -0.02610978
v -0.02378325 -0.00780000 -0.02171413
v -0.02320200 -0.00780000 -0.02191752
v -0.02268059 -0.00780000 -0.02224515
v -0.02224515 -0.00780000 -0.02268059
v -0.02191752 -0.00780000 -0.02320200
v -0.02171413 -0.00780000 -0.02378325
v -0.02714518 -0.00780000 -0.02439518
v -0.02707624 -0.00780000 -0.02378325
v -0.02687285 -0.00780000 -0.02320200
v -0.02654522 -0.00780000 -0.02268059
v -0.02610978 -0.00780000 -0.02224515
v -0.02268059 -0.00780000 -0.02654522
v -0.02320200 -0.00780000 -0.02687285
v -0.02378325 -0.00780000 -0.02707624
v -0.02439518 -0.00780000 -0.02714518
v -0.02500712 -0.00780000 -0.02707624
v -0.02558837 -0.00780000 -0.02687285
v -0.02610978 -0.00780000 -0.02654522
v -0.02654522 -0.00780000 -0.02610978
v -0.02687285 -0.00780000 -0.02558836
v -0.02707624 -0.00780000 -0.02500712
v -0.02439518 -0.01080000 -0.02164518
v -0.02500712 -0.01080000 -0.02171413
v -0.02558837 -0.01080000 -0.02191752
v -0.02610978 -0.01080000 -0.02224515
v -0.02654522 -0.01080000 -0.02268059
v -0.02687285 -0.01080000 -0.02320200
v -0.02707624 -0.01080000 -0.02378325
v -0.02714518 -0.01080000 -0.02439518
v -0.02707624 -0.01080000 -0.02500712
v -0.02687285 -0.01080000 -0.02558836
v -0.02654522 -0.01080000 -0.02610978
v -0.02610978 -0.01080000 -0.02654522
v -0.02558837 -0.01080000 -0.02687285
v -0.02500712 -0.01080000 -0.02707624
v -0.02439518 -0.01080000 -0.02714518
v -0.02378325 -0.01080000 -0.02707624
v -0.02320200 -0.01080000 -0.02687285
v -0.02268059 -0.01080000 -0.02654522
v -0.02224515 -0.01080000 -0.02610978
v -0.02191752 -0.01080000 -0.02558836
v -0.02171413 -0.01080000 -0.02500712
v -0.02164518 -0.01080000 -0.02439518
v -0.02171413 -0.01080000 -0.02378325
v -0.02191752 -0.01080000 -0.02320200
v -0.02224515 -0.01080000 -0.02268059
v -0.02268059 -0.01080000 -0.02224515
v -0.02320200 -0.01080000 -0.02191752
v -0.02378325 -0.01080000 -0.02171413
v 0.05800000 0.01206836 -0.00541045
v 0.05800000 0.00958228 -0.00708955
v 0.05800000 0.00986916 -0.00740575
v 0.05800000 0.01023350 -0.00762832
v 0.05800000 0.01064579 -0.00773922
v 0.05800000 0.01107262 -0.00772947
v 0.05800000 0.01232493 -0.00621576
v 0.05800000 0.01183323 -0.00736091
v 0.05800000 0.01227383 -0.00663964
v 0.05800000 0.01210538 -0.00703195
v 0.05800000 0.01178148 -0.00509425
v 0.05800000 0.01141713 -0.00487169
v 0.05800000 0.01100485 -0.00476078
v 0.05800000 0.01057801 -0.00477053
v 0.05800000 0.01017121 -0.00490013
v 0.05800000 0.00981741 -0.00513909
v 0.05800000 0.00954526 -0.00546805
v 0.05800000 0.00937681 -0.00586036
v 0.05800000 0.00939610 -0.00670534
v 0.05800000 0.00932571 -0.00628424
v 0.05800000 0.01225454 -0.00579466
v 0.05800000 0.01147942 -0.00759987
v 0.04800000 0.00939610 -0.00670534
v 0.04800000 0.00932571 -0.00628424
v 0.04800000 0.00937681 -0.00586036
v 0.04800000 0.00954526 -0.00546805
v 0.04800000 0.00981741 -0.00513909
v 0.04800000 0.01017121 -0.00490013
v 0.04800000 0.01057801 -0.00477053
v 0.04800000 0.01100485 -0.00476078
v 0.04800000 0.01141713 -0.00487169
v 0.04800000 0.01178148 -0.00509425
v 0.04800000 0.01206836 -0.00541045
v 0.04800000 0.01225454 -0.00579466
v 0.04800000 0.01232493 -0.00621576
v 0.04800000 0.01227383 -0.00663964
v 0.04800000 0.01210538 -0.00703195
v 0.04800000 0.01183323 -0.00736091
v 0.04800000 0.01147942 -0.00759987
v 0.04800000 0.01107262 -0.00772947
v 0.04800000 0.01064579 -0.00773922
v 0.04800000 0.01023350 -0.00762832
v 0.04800000 0.00986916 -0.00740575
v 0.04800000 0.00958228 -0.00708955
v 0.04800000 0.00810237 -0.00586524
v 0.04800000 0.00808502 -0.00648080
v 0.04800000 0.00820508 -0.00708479
v 0.04800000 0.01166011 -0.00887023
v 0.04800000 0.01222223 -0.00861878
v 0.04800000 0.01271431 -0.00824855
v 0.04800000 0.01311167 -0.00777810
v 0.04800000 0.00845654 -0.00764692
v 0.04800000 0.00882677 -0.00813900
v 0.04800000 0.00929722 -0.00853635
v 0.04800000 0.00984429 -0.00881906
v 0.04800000 0.01044056 -0.00897295
v 0.04800000 0.01105612 -0.00899030
v 0.04800000 0.00999053 -0.00362977
v 0.04800000 0.00942840 -0.00388122
v 0.04800000 0.00893632 -0.00425145
v 0.04800000 0.00853896 -0.00472190
v 0.04800000 0.00825625 -0.00526898
v 0.04800000 0.01339438 -0.00723103
v 0.04800000 0.01354827 -0.00663476
v 0.04800000 0.01356562 -0.00601920
v 0.04800000 0.01344555 -0.00541521
v 0.04800000 0.01319410 -0.00485308
v 0.04800000 0.01282387 -0.00436101
v 0.04800000 0.01235342 -0.00396365
v 0.04800000 0.01180634 -0.00368094
v 0.04800000 0.01121008 -0.00352705
v 0.04800000 0.01059452 -0.00350970
v 0.04500000 0.00820508 -0.00708479
v 0.04500000 0.00808502 -0.00648080
v 0.04500000 0.00810237 -0.00586524
v 0.04500000 0.00825625 -0.00526898
v 0.04500000 0.00853896 -0.00472190
v 0.04500000 0.00893632 -0.00425145
v 0.04500000 0.00942840 -0.00388122
v 0.04500000 0.00999053 -0.00362977
v 0.04500000 0.01059452 -0.00350970
v 0.04500000 0.01121008 -0.00352705
v 0.04500000 0.01180634 -0.00368094
v 0.04500000 0.01235342 -0.00396365
v 0.04500000 0.01282387 -0.00436101
v 0.04500000 0.01319410 -0.00485308
v 0.04500000 0.01344555 -0.00541521
v 0.04500000 0.01356562 -0.00601920
v 0.04500000 0.01354827 -0.00663476
v 0.04500000 0.01339438 -0.00723103
v 0.04500000 0.01311167 -0.00777810
v 0.04500000 0.01271431 -0.00824855
v 0.04500000 0.01222223 -0.00861878
v 0.04500000 0.01166011 -0.00887023
v 0.04500000 0.01105612 -0.00899030
v 0.04500000 0.01044056 -0.00897295
v 0.04500000 0.00984429 -0.00881906
v 0.04500000 0.00929722 -0.00853635
v 0.04500000 0.00882677 -0.00813900
v 0.04500000 0.00845654 -0.00764692
v 0.02397258 0.00220000 -0.02583442
v 0.02481778 0.00220000 -0.02295594
v 0.02520614 0.00220000 -0.02313330
v 0.02552881 0.00220000 -0.02341289
v 0.02575963 0.00220000 -0.02377206
v 0.02587992 0.00220000 -0.02418171
v 0.02481778 0.00220000 -0.02583442
v 0.02575963 0.00220000 -0.02501831
v 0.02520614 0.00220000 -0.02565707
v 0.02552881 0.00220000 -0.02537747
v 0.02358422 0.00220000 -0.02565707
v 0.02326156 0.00220000 -0.02537747
v 0.02303074 0.00220000 -0.02501831
v 0.02291045 0.00220000 -0.02460866
v 0.02291045 0.00220000 -0.02418171
v 0.02303074 0.00220000 -0.02377206
v 0.02326156 0.00220000 -0.02341289
v 0.02358422 0.00220000 -0.02313330
v 0.02439518 0.00220000 -0.02289518
v 0.02397259 0.00220000 -0.02295594
v 0.02439518 0.00220000 -0.02589518
v 0.02587992 0.00220000 -0.02460866
v 0.02439518 -0.00780000 -0.02289518
v 0.02397258 -0.00780000 -0.02295594
v 0.02358422 -0.00780000 -0.02313330
v 0.02326156 -0.00780000 -0.02341289
v 0.02303074 -0.00780000 -0.02377206
v 0.02291045 -0.00780000 -0.02418171
v 0.02291045 -0.00780000 -0.02460866
v 0.02303074 -0.00780000 -0.02501831
v 0.02326156 -0.00780000 -0.02537747
v 0.02358422 -0.00780000 -0.02565707
v 0.02397258 -0.00780000 -0.02583442
v 0.02439518 -0.00780000 -0.02589518
v 0.02481778 -0.00780000 -0.02583442
v 0.02520614 -0.00780000 -0.02565707
v 0.02552881 -0.00780000 -0.02537747
v 0.02575963 -0.00780000 -0.02501831
v 0.02587992 -0.00780000 -0.02460866
v 0.02587992 -0.00780000 -0.02418171
v 0.02575963 -0.00780000 -0.02377206
v 0.02552881 -0.00780000 -0.02341289
v 0.02520614 -0.00780000 -0.02313330
v 0.02481778 -0.00780000 -0.02295594
v 0.02320200 -0.00780000 -0.02191752
v 0.02378325 -0.00780000 -0.02171413
v 0.02439518 -0.00780000 -0.02164518
v 0.02714518 -0.00780000 -0.02439518
v 0.02707624 -0.00780000 -0.02500712
v 0.02687285 -0.00780000 -0.02558837
v 0.02654522 -0.00780000 -0.02610978
v 0.02500712 -0.00780000 -0.02171413
v 0.02558836 -0.00780000 -0.02191752
v 0.02610978 -0.00780000 -0.02224515
v 0.02654522 -0.00780000 -0.02268059
v 0.02687285 -0.00780000 -0.02320200
v 0.02707624 -0.00780000 -0.02378325
v 0.02164518 -0.00780000 -0.02439518
v 0.02171413 -0.00780000 -0.02378325
v 0.02191752 -0.00780000 -0.02320200
v 0.02224515 -0.00780000 -0.02268059
v 0.02268059 -0.00780000 -0.02224515
v 0.02610978 -0.00780000 -0.02654522
v 0.02558836 -0.00780000 -0.02687285
v 0.02500712 -0.00780000 -0.02707624
v 0.02439518 -0.00780000 -0.02714518
v 0.02378325 -0.00780000 -0.02707624
v 0.02320200 -0.00780000 -0.02687285
v 0.02268059 -0.00780000 -0.02654522
v 0.02224515 -0.00780000 -0.02610978
v 0.02191752 -0.00780000 -0.02558837
v 0.02171413 -0.00780000 -0.02500712
v 0.02439518 -0.01080000 -0.02164518
v 0.02378325 -0.01080000 -0.02171413
v 0.02320200 -0.01080000 -0.02191752
v 0.02268059 -0.01080000 -0.02224515
v 0.02224515 -0.01080000 -0.02268059
v 0.02191752 -0.01080000 -0.02320200
v 0.02171413 -0.01080000 -0.02378325
v 0.02164518 -0.01080000 -0.02439518
v 0.02171413 -0.01080000 -0.02500712
v 0.02191752 -0.01080000 -0.02558837
v 0.02224515 -0.01080000 -0.02610978
v 0.02268059 -0.01080000 -0.02654522
v 0.02320200 -0.01080000 -0.02687285
v 0.02378325 -0.01080000 -0.02707624
v 0.02439518 -0.01080000 -0.02714518
v 0.02500712 -0.01080000 -0.02707624
v 0.02558836 -0.01080000 -0.02687285
v 0.02610978 -0.01080000 -0.02654522
v 0.02654522 -0.01080000 -0.02610978
v 0.02687285 -0.01080000 -0.02558837
v 0.02707624 -0.01080000 -0.02500712
v 0.02714518 -0.01080000 -0.02439518
v 0.02707624 -0.01080000 -0.02378325
v 0.02687285 -0.01080000 -0.02320200
v 0.02654522 -0.01080000 -0.02268059
v 0.02610978 -0.01080000 -0.02224515
v 0.02558836 -0.01080000 -0.02191752
v 0.02500712 -0.01080000 -0.02171413
v 0.05420000 0.00386684 0.00978548
v 0.04780000 0.00386684 0.00978548
v 0.04780000 0.00425623 0.00973972
v 0.05420000 0.00425623 0.00973972
v 0.04780000 0.00464706 0.00977080
v 0.05420000 0.00464706 0.00977080
v 0.04780000 0.00502432 0.00987753
v 0.05420000 0.00502432 0.00987753
v 0.04780000 0.00537351 0.01005581
v 0.05420000 0.00537351 0.01005581
v 0.04780000 0.00568122 0.01029878
v 0.05420000 0.00568122 0.01029878
v 0.04780000 0.00593560 0.01059712
v 0.05420000 0.00593560 0.01059712
v 0.04780000 0.00612690 0.01093935
v 0.05420000 0.00612690 0.01093935
v 0.04780000 0.00624775 0.01131233
v 0.05420000 0.00624775 0.01131233
v 0.04780000 0.00629352 0.01170172
v 0.05420000 0.00629352 0.01170172
v 0.04780000 0.00626244 0.01209255
v 0.05420000 0.00626244 0.01209255
v 0.04780000 0.00615571 0.01246982
v 0.05420000 0.00615571 0.01246982
v 0.04780000 0.00597743 0.01281901
v 0.05420000 0.00597743 0.01281901
v 0.04780000 0.00573445 0.01312671
v 0.05420000 0.00573445 0.01312671
v 0.04780000 0.00543611 0.01338109
v 0.05420000 0.00543611 0.01338109
v 0.04780000 0.00509388 0.01357239
v 0.05420000 0.00509388 0.01357239
v 0.04780000 0.00472090 0.01369324
v 0.05420000 0.00472090 0.01369324
v 0.04750000 0.00465685 0.01340016
v 0.04750000 0.00497388 0.01329744
v 0.04750000 0.00526478 0.01313484
v 0.04750000 0.00551836 0.01291861
v 0.04750000 0.00572490 0.01265706
v 0.04750000 0.00587643 0.01236025
v 0.04750000 0.00596715 0.01203958
v 0.04750000 0.00599357 0.01170737
v 0.04750000 0.00595467 0.01137639
v 0.04750000 0.00585194 0.01105936
v 0.04750000 0.00568934 0.01076846
v 0.04750000 0.00547311 0.01051487
v 0.04750000 0.00521157 0.01030834
v 0.04750000 0.00491476 0.01015680
v 0.04750000 0.00459408 0.01006608
v 0.04750000 0.00426187 0.01003966
v 0.04750000 0.00393089 0.01007857
v 0.04750000 0.00361386 0.01018129
v 0.04750000 0.00332296 0.01034389
v 0.04750000 0.00306938 0.01056012
v 0.04750000 0.00262059 0.01143915
v 0.04750000 0.00259417 0.01177136
v 0.04750000 0.00263307 0.01210234
v 0.04750000 0.00273580 0.01241937
v 0.04750000 0.00289840 0.01271027
v 0.04750000 0.00311463 0.01296386
v 0.04750000 0.00337617 0.01317039
v 0.04750000 0.00286285 0.01082167
v 0.04750000 0.00271131 0.01111848
v 0.04750000 0.00367299 0.01332193
v 0.04750000 0.00399366 0.01341265
v 0.04750000 0.00432587 0.01343906
v 0.04780000 0.00349386 0.00990634
v 0.04780000 0.00315163 0.01009763
v 0.04780000 0.00285329 0.01035202
v 0.04780000 0.00261031 0.01065972
v 0.04780000 0.00243203 0.01100891
v 0.04780000 0.00232530 0.01138617
v 0.04780000 0.00229422 0.01177701
v 0.04780000 0.00233999 0.01216640
v 0.04780000 0.00246084 0.01253937
v 0.04780000 0.00265214 0.01288161
v 0.04780000 0.00290653 0.01317994
v 0.04780000 0.00321423 0.01342292
v 0.04780000 0.00356342 0.01360120
v 0.04780000 0.00394068 0.01370793
v 0.04780000 0.00433151 0.01373901
v 0.05420000 0.00433151 0.01373901
v 0.05420000 0.00394068 0.01370793
v 0.05420000 0.00356342 0.01360120
v 0.05420000 0.00321423 0.01342292
v 0.05420000 0.00290653 0.01317994
v 0.05420000 0.00265214 0.01288161
v 0.05420000 0.00246084 0.01253937
v 0.05420000 0.00233999 0.01216640
v 0.05420000 0.00229422 0.01177701
v 0.05420000 0.00232530 0.01138617
v 0.05420000 0.00243203 0.01100891
v 0.05420000 0.00261031 0.01065972
v 0.05420000 0.00285329 0.01035202
v 0.05420000 0.00315163 0.01009763
v 0.05420000 0.00349386 0.00990634
v 0.05450000 0.00465685 0.01340016
v 0.05450000 0.00432587 0.01343906
v 0.05450000 0.00399366 0.01341265
v 0.05450000 0.00367299 0.01332193
v 0.05450000 0.00337617 0.01317039
v 0.05450000 0.00311463 0.01296386
v 0.05450000 0.00289840 0.01271027
v 0.05450000 0.00273580 0.01241937
v 0.05450000 0.00263307 0.01210234
v 0.05450000 0.00259417 0.01177136
v 0.05450000 0.00262059 0.01143915
v 0.05450000 0.00271131 0.01111848
v 0.05450000 0.00286285 0.01082167
v 0.05450000 0.00306938 0.01056012
v 0.05450000 0.00332296 0.01034389
v 0.05450000 0.00361386 0.01018129
v 0.05450000 0.00393089 0.01007857
v 0.05450000 0.00426187 0.01003966
v 0.05450000 0.00459408 0.01006608
v 0.05450000 0.00491476 0.01015680
v 0.05450000 0.00521157 0.01030834
v 0.05450000 0.00547311 0.01051487
v 0.05450000 0.00568934 0.01076846
v 0.05450000 0.00585194 0.01105936
v 0.05450000 0.00595467 0.01137639
v 0.05450000 0.00599357 0.01170737
v 0.05450000 0.00596715 0.01203958
v 0.05450000 0.00587643 0.01236025
v 0.05450000 0.00572490 0.01265706
v 0.05450000 0.00551836 0.01291861
v 0.05450000 0.00526478 0.01313484
v 0.05450000 0.00497388 0.01329744
v -0.01979866 -0.00550000 0.02636292
v -0.01979866 -0.00750000 0.02636292
v -0.01936309 -0.00550000 0.02572471
v -0.01936309 -0.00750000 0.02572471
v -0.01871814 -0.00550000 0.02529925
v -0.01871814 -0.00750000 0.02529925
v -0.01796006 -0.00550000 0.02515000
v -0.01796006 -0.00750000 0.02515000
v -0.02160655 -0.00550000 0.02854532
v -0.02160655 -0.00750000 0.02854532
v -0.02054476 -0.00750000 0.02758488
v -0.02054476 -0.00550000 0.02758488
v -0.02215480 -0.00750000 0.02909535
v -0.02225514 -0.00550000 0.02926290
v -0.02225514 -0.00750000 0.02926290
v -0.02245219 -0.00750000 0.02981272
v -0.02249112 -0.00550000 0.03020092
v -0.02249112 -0.00750000 0.03020092
v -0.02225928 -0.00550000 0.03114000
v -0.02161391 -0.00550000 0.03186047
v -0.02161391 -0.00750000 0.03186047
v -0.02215971 -0.00750000 0.03130799
v -0.02225928 -0.00750000 0.03114000
v -0.02245392 -0.00750000 0.03058931
v -0.01710897 -0.00550000 0.03448960
v -0.00724541 -0.00550000 0.03781208
v -0.00724541 -0.00750000 0.03781208
v -0.01228996 -0.00550000 0.03648570
v -0.01104643 -0.00750000 0.03688126
v -0.01228996 -0.00750000 0.03648570
v -0.01473330 -0.00750000 0.03556937
v -0.01826798 -0.00750000 0.03388998
v -0.00646882 -0.00750000 0.03780737
v -0.00627961 -0.00550000 0.03775900
v -0.00627961 -0.00750000 0.03775900
v -0.00575258 -0.00750000 0.03750723
v -0.00545167 -0.00550000 0.03725889
v -0.00545167 -0.00750000 0.03725889
v -0.00495525 -0.00550000 0.03642875
v -0.00490643 -0.00550000 0.03546273
v -0.00490643 -0.00750000 0.03546273
v -0.00490772 -0.00750000 0.03623932
v -0.00495525 -0.00750000 0.03642875
v -0.00520470 -0.00750000 0.03695687
v 0.00499527 -0.00750000 0.03471738
v 0.00482718 -0.00750000 0.03319683
v 0.00499527 -0.00550000 0.03471738
v 0.00464542 -0.00550000 0.03265068
v 0.00464542 -0.00750000 0.03265068
v 0.00420724 -0.00750000 0.03179830
v 0.00347916 -0.00550000 0.03090897
v 0.00347916 -0.00750000 0.03090897
v 0.00319342 -0.00750000 0.03065264
v 0.00170143 -0.00550000 0.02979838
v 0.00188066 -0.00750000 0.02986717
v 0.00039185 -0.00750000 0.02951538
v -0.00037532 -0.00550000 0.02951410
v -0.00037532 -0.00750000 0.02951410
v -0.00113364 -0.00750000 0.02963021
v -0.00238608 -0.00550000 0.03010606
v -0.00255300 -0.00750000 0.03020092
v -0.00373338 -0.00750000 0.03117406
v -0.00397753 -0.00550000 0.03147027
v -0.00397753 -0.00750000 0.03147027
v -0.00456427 -0.00750000 0.03245857
v -0.00486993 -0.00550000 0.03336694
v -0.00496789 -0.00750000 0.03393417
v -0.00486993 -0.00750000 0.03336694
v 0.00515885 -0.00750000 0.03560093
v 0.00515885 -0.00550000 0.03560093
v 0.00569276 -0.00750000 0.03632369
v 0.00569276 -0.00550000 0.03632369
v 0.00648917 -0.00750000 0.03673976
v 0.00648917 -0.00550000 0.03673976
v 0.00738738 -0.00750000 0.03676515
v 0.00738738 -0.00550000 0.03676515
v 0.01207699 -0.00550000 0.03550207
v 0.02077324 -0.00550000 0.03122055
v 0.02077324 -0.00750000 0.03122055
v 0.01656402 -0.00550000 0.03364348
v 0.01764522 -0.00750000 0.03308922
v 0.01656402 -0.00750000 0.03364348
v 0.01435063 -0.00750000 0.03464549
v 0.01092057 -0.00750000 0.03587466
v 0.02129171 -0.00750000 0.03071943
v 0.02139039 -0.00550000 0.03056746
v 0.02139039 -0.00750000 0.03056746
v 0.02159880 -0.00750000 0.03006702
v 0.02165933 -0.00550000 0.02971011
v 0.02165933 -0.00750000 0.02971011
v 0.02165456 -0.00750000 0.02934810
v 0.02152578 -0.00550000 0.02882152
v 0.02152578 -0.00750000 0.02882152
v 0.02145172 -0.00750000 0.02865615
v 0.02101670 -0.00550000 0.02808109
v 0.02101670 -0.00750000 0.02808109
v 0.02030514 -0.00750000 0.02727118
v 0.01978369 -0.00550000 0.02632758
v 0.01978369 -0.00750000 0.02632758
v 0.01942990 -0.00750000 0.02576729
v 0.01927311 -0.00550000 0.02561041
v 0.01850403 -0.00550000 0.02518198
v 0.01891245 -0.00750000 0.02535337
v 0.01927311 -0.00750000 0.02561041
v 0.01762552 -0.00550000 0.02512526
v 0.01762552 -0.00750000 0.02512526
v 0.01850403 -0.00750000 0.02518198
v 0.01731197 -0.00550000 0.02515000
v 0.01731197 -0.00750000 0.02515000
v -0.01202055 -0.00550000 0.02515000
v 0.01731197 -0.00788268 0.02522611
v -0.01796006 -0.00788268 0.02522611
v 0.01731197 -0.00820711 0.02544289
v -0.01796006 -0.00820711 0.02544289
v 0.01731197 -0.00842388 0.02576732
v -0.01796006 -0.00842388 0.02576732
v 0.01731197 -0.00850000 0.02615001
v -0.01796006 -0.00850000 0.02615001
v -0.01972868 -0.00788268 0.02639287
v -0.01930972 -0.00788268 0.02577898
v -0.01868929 -0.00788268 0.02536970
v -0.01860713 -0.00820711 0.02557030
v -0.01848416 -0.00842388 0.02587050
v -0.01833909 -0.00850000 0.02622461
v -0.01915764 -0.00820711 0.02593344
v -0.01893004 -0.00842388 0.02616465
v -0.01866158 -0.00850000 0.02643737
v -0.01952939 -0.00820711 0.02647817
v -0.01923116 -0.00842388 0.02660584
v -0.01887934 -0.00850000 0.02675646
v -0.01977466 -0.00850000 0.02822283
v -0.02104883 -0.00850000 0.02937534
v -0.02006938 -0.00842388 0.02797868
v -0.02126228 -0.00842388 0.02905771
v -0.02031921 -0.00820711 0.02777174
v -0.02144321 -0.00820711 0.02878841
v -0.02048614 -0.00788268 0.02763345
v -0.02156411 -0.00788268 0.02860850
v -0.02200334 -0.00807530 0.02919638
v -0.02187632 -0.00824664 0.02928114
v -0.02162730 -0.00843066 0.02944728
v -0.02212735 -0.00775482 0.02911365
v -0.02241983 -0.00775482 0.02981922
v -0.02242153 -0.00775482 0.03058296
v -0.02213215 -0.00775482 0.03128981
v -0.02227368 -0.00807530 0.02984845
v -0.02212392 -0.00824664 0.02987843
v -0.02227523 -0.00807530 0.03055435
v -0.02212538 -0.00824664 0.03052505
v -0.02200781 -0.00807530 0.03120765
v -0.02188041 -0.00824664 0.03112343
v -0.02183040 -0.00843066 0.02993720
v -0.02183159 -0.00843066 0.03046757
v -0.02163066 -0.00843066 0.03095841
v -0.02132295 -0.00850000 0.02965036
v -0.02147167 -0.00850000 0.03000906
v -0.02147250 -0.00850000 0.03039735
v -0.02132540 -0.00850000 0.03075668
v -0.02157118 -0.00788268 0.03179746
v -0.02105253 -0.00850000 0.03103292
v -0.02126734 -0.00842388 0.03134960
v -0.02144950 -0.00820711 0.03161808
v -0.00720947 -0.00808778 0.03762453
v -0.00719028 -0.00820711 0.03752443
v -0.01096238 -0.00820711 0.03660068
v -0.01823186 -0.00788268 0.03382298
v -0.01470419 -0.00788268 0.03549903
v -0.00723107 -0.00788268 0.03773734
v -0.01102458 -0.00788268 0.03680834
v -0.01462122 -0.00820711 0.03529876
v -0.01812901 -0.00820711 0.03363216
v -0.00712921 -0.00842388 0.03720581
v -0.01086931 -0.00842388 0.03628990
v -0.01449709 -0.00842388 0.03499904
v -0.01797508 -0.00842388 0.03334659
v -0.00705721 -0.00850000 0.03682994
v -0.01075949 -0.00850000 0.03592330
v -0.01435064 -0.00850000 0.03464549
v -0.01779350 -0.00850000 0.03300973
v -0.00495570 -0.00780902 0.03622973
v -0.00524541 -0.00780902 0.03692972
v -0.00666891 -0.00850000 0.03682759
v -0.00660707 -0.00845106 0.03713038
v -0.00655131 -0.00830902 0.03740349
v -0.00650703 -0.00808778 0.03762027
v -0.00647863 -0.00780902 0.03775942
v -0.00631081 -0.00850000 0.03667754
v -0.00613831 -0.00845106 0.03693393
v -0.00598269 -0.00830902 0.03716522
v -0.00585921 -0.00808778 0.03734877
v -0.00577991 -0.00780902 0.03746661
v -0.00603684 -0.00850000 0.03640234
v -0.00577970 -0.00845106 0.03657370
v -0.00554772 -0.00830902 0.03672829
v -0.00536360 -0.00808778 0.03685099
v -0.00588836 -0.00850000 0.03604358
v -0.00558533 -0.00845106 0.03610405
v -0.00531195 -0.00830902 0.03615862
v -0.00509499 -0.00808778 0.03620192
v -0.00588774 -0.00850000 0.03565529
v -0.00551220 -0.00842388 0.03558159
v -0.00519385 -0.00820711 0.03551912
v -0.00509386 -0.00808778 0.03549951
v -0.00498115 -0.00788268 0.03547740
v -0.00504352 -0.00788268 0.03392556
v -0.00115089 -0.00788268 0.02955606
v -0.00259187 -0.00788268 0.03013545
v -0.00547712 -0.00850000 0.03205028
v -0.00596147 -0.00850000 0.03382098
v -0.00558122 -0.00842388 0.03386429
v -0.00448005 -0.00850000 0.03050887
v -0.00512778 -0.00842388 0.03220650
v -0.00306361 -0.00850000 0.02934110
v -0.00419431 -0.00842388 0.03076341
v 0.00579263 -0.00850000 0.03293621
v 0.00504867 -0.00850000 0.03125795
v 0.00472666 -0.00842388 0.03146472
v 0.00542317 -0.00842388 0.03303596
v 0.00599433 -0.00850000 0.03476086
v 0.00561200 -0.00842388 0.03474423
v -0.00286819 -0.00842388 0.02967015
v -0.00136037 -0.00850000 0.02865624
v -0.00127359 -0.00842388 0.02902898
v 0.00047023 -0.00850000 0.02851846
v 0.00044022 -0.00842388 0.02889996
v 0.00225679 -0.00850000 0.02894061
v 0.00211285 -0.00842388 0.02929517
v 0.00383211 -0.00850000 0.02988317
v 0.00358767 -0.00842388 0.03017765
v -0.00270255 -0.00820711 0.02994907
v -0.00120004 -0.00820711 0.02934494
v 0.00041480 -0.00820711 0.02922338
v 0.00199084 -0.00820711 0.02959579
v 0.00338049 -0.00820711 0.03042727
v 0.00510998 -0.00820711 0.03312051
v 0.00490068 -0.00788268 0.03317701
v 0.00507132 -0.00788268 0.03472072
v 0.00512911 -0.00800000 0.03472322
v 0.00528790 -0.00820711 0.03473013
v 0.00549479 -0.00836602 0.03473913
v 0.00039781 -0.00788268 0.02943951
v 0.00190930 -0.00788268 0.02979663
v 0.00324203 -0.00788268 0.03059408
v -0.00483163 -0.00820711 0.03233897
v -0.00395207 -0.00820711 0.03097924
v -0.00463374 -0.00788268 0.03242749
v -0.00379022 -0.00788268 0.03112343
v -0.00525888 -0.00820711 0.03390100
v 0.00445367 -0.00820711 0.03164002
v 0.00427128 -0.00788268 0.03175717
v 0.00528176 -0.00800000 0.03554758
v 0.00732968 -0.00820711 0.03647801
v 0.00728888 -0.00836602 0.03627497
v 0.00661523 -0.00836602 0.03625589
v 0.00561748 -0.00836602 0.03540179
v 0.00607611 -0.00850000 0.03520265
v 0.00634308 -0.00850000 0.03556400
v 0.00601791 -0.00836602 0.03594383
v 0.00674127 -0.00850000 0.03577205
v 0.00719039 -0.00850000 0.03578475
v 0.00577987 -0.00800000 0.03622192
v 0.00652297 -0.00800000 0.03661009
v 0.00736098 -0.00800000 0.03663382
v 0.01089839 -0.00788268 0.03580185
v 0.01432149 -0.00788268 0.03457516
v 0.01760940 -0.00788268 0.03302204
v 0.02073107 -0.00788268 0.03115719
v 0.02061097 -0.00820711 0.03097671
v 0.01750742 -0.00820711 0.03283077
v 0.01423855 -0.00820711 0.03437489
v 0.01083527 -0.00820711 0.03559446
v 0.02043126 -0.00842388 0.03070661
v 0.01735474 -0.00842388 0.03254452
v 0.01411439 -0.00842388 0.03407517
v 0.01074077 -0.00842388 0.03528410
v 0.02021928 -0.00850000 0.03038799
v 0.01717467 -0.00850000 0.03220683
v 0.01396794 -0.00850000 0.03372159
v 0.01062934 -0.00850000 0.03491801
v 0.02114366 -0.00807530 0.03061348
v 0.02101947 -0.00824664 0.03052461
v 0.02077604 -0.00843066 0.03035038
v 0.02126486 -0.00775482 0.03070023
v 0.02156688 -0.00775482 0.03005859
v 0.02162172 -0.00775482 0.02935153
v 0.02142225 -0.00775482 0.02867099
v 0.02142278 -0.00807530 0.03002047
v 0.02127514 -0.00824664 0.02998140
v 0.02147348 -0.00807530 0.02936700
v 0.02132158 -0.00824664 0.02938282
v 0.02128912 -0.00807530 0.02873802
v 0.02115272 -0.00824664 0.02880668
v 0.02098576 -0.00843066 0.02990484
v 0.02102385 -0.00843066 0.02941385
v 0.02088533 -0.00843066 0.02894130
v 0.02047853 -0.00850000 0.03013745
v 0.02063207 -0.00850000 0.02981123
v 0.02065993 -0.00850000 0.02945178
v 0.02055852 -0.00850000 0.02910581
v 0.02096529 -0.00788268 0.02813720
v 0.02034102 -0.00850000 0.02881828
v 0.02059959 -0.00842388 0.02853617
v 0.02081881 -0.00820711 0.02829700
v 0.01948712 -0.00850000 0.02784639
v 0.01886139 -0.00850000 0.02671405
v 0.01980014 -0.00842388 0.02762627
v 0.01921434 -0.00842388 0.02656614
v 0.02006553 -0.00820711 0.02743965
v 0.01951356 -0.00820711 0.02644077
v 0.02024285 -0.00788268 0.02731499
v 0.01971347 -0.00788268 0.02635699
v 0.01891483 -0.00845106 0.02622792
v 0.01868449 -0.00850000 0.02643391
v 0.01888863 -0.00780902 0.02539613
v 0.01928754 -0.00808778 0.02589461
v 0.01939340 -0.00780902 0.02579993
v 0.01842577 -0.00850000 0.02622693
v 0.01857616 -0.00845106 0.02595698
v 0.01871182 -0.00830902 0.02571347
v 0.01811362 -0.00850000 0.02611589
v 0.01816754 -0.00845106 0.02581161
v 0.01821620 -0.00830902 0.02553713
v 0.01825480 -0.00808778 0.02531927
v 0.01912261 -0.00830902 0.02604207
v 0.01881949 -0.00808778 0.02552020
v 0.01827959 -0.00780902 0.02517941
v 0.01763321 -0.00780902 0.02517360
v 0.01778231 -0.00850000 0.02611291
v 0.01773385 -0.00845106 0.02580770
v 0.01769016 -0.00830902 0.02553239
v 0.01767145 -0.00820711 0.02541452
v 0.01765547 -0.00808778 0.02531388
v 0.02543281 -0.00750000 0.01683515
v 0.02543281 -0.00550000 0.01683515
v 0.02512152 -0.00750000 0.01765000
v 0.02512152 -0.00550000 0.01765000
v 0.02518670 -0.00750000 0.01851987
v 0.02518670 -0.00550000 0.01851987
v 0.02561594 -0.00750000 0.01927924
v 0.02561594 -0.00550000 0.01927924
v 0.02632756 -0.00750000 0.01978370
v 0.02632756 -0.00550000 0.01978370
v 0.02755381 -0.00750000 0.02051922
v 0.02755381 -0.00550000 0.02051922
v 0.02813278 -0.00750000 0.02084806
v 0.02829213 -0.00550000 0.02089867
v 0.02829213 -0.00750000 0.02089867
v 0.02878762 -0.00750000 0.02096861
v 0.02912093 -0.00550000 0.02094563
v 0.02912093 -0.00750000 0.02094563
v 0.02944578 -0.00750000 0.02086749
v 0.02989743 -0.00550000 0.02065205
v 0.02989743 -0.00750000 0.02065205
v 0.03003423 -0.00750000 0.02055594
v 0.03048782 -0.00550000 0.02006846
v 0.03048782 -0.00750000 0.02006846
v 0.03196697 -0.00750000 0.01761710
v 0.03324945 -0.00550000 0.01505738
v 0.03324945 -0.00750000 0.01505738
v 0.03341899 -0.00750000 0.01441717
v 0.03342212 -0.00550000 0.01408490
v 0.03342212 -0.00750000 0.01408490
v 0.03337018 -0.00750000 0.01375669
v 0.03310833 -0.00550000 0.01314836
v 0.03310833 -0.00750000 0.01314836
v 0.03266222 -0.00750000 0.01265889
v 0.03238467 -0.00550000 0.01247620
v 0.03238467 -0.00750000 0.01247620
v 0.03208069 -0.00750000 0.01234197
v 0.03142754 -0.00550000 0.01223230
v 0.03142754 -0.00750000 0.01223230
v 0.02921800 -0.00550000 0.01223230
v 0.02921800 -0.00750000 0.01223230
v 0.02968637 -0.00550000 0.01223230
v 0.02849011 -0.00750000 0.01236948
v 0.02849011 -0.00550000 0.01236948
v 0.02786202 -0.00750000 0.01276216
v 0.02786202 -0.00550000 0.01276216
v 0.02741997 -0.00750000 0.01335647
v 0.02741997 -0.00550000 0.01335647
v 0.02626668 -0.00850000 0.01738712
v 0.02831898 -0.00850000 0.01379439
v 0.02797494 -0.00842388 0.01362681
v 0.02594755 -0.00842388 0.01717588
v 0.02768327 -0.00820711 0.01348474
v 0.02567704 -0.00820711 0.01699683
v 0.02748839 -0.00788268 0.01338982
v 0.02549629 -0.00788268 0.01687717
v 0.02611105 -0.00850000 0.01779455
v 0.02573238 -0.00842388 0.01773923
v 0.02614362 -0.00850000 0.01822948
v 0.02577744 -0.00842388 0.01834061
v 0.02635823 -0.00850000 0.01860916
v 0.02607418 -0.00842388 0.01886558
v 0.02671407 -0.00850000 0.01886138
v 0.02656616 -0.00842388 0.01921433
v 0.02541135 -0.00820711 0.01769235
v 0.02546699 -0.00820711 0.01843482
v 0.02583335 -0.00820711 0.01908299
v 0.02644078 -0.00820711 0.01951354
v 0.02519686 -0.00788268 0.01766100
v 0.02525957 -0.00788268 0.01849776
v 0.02567245 -0.00788268 0.01922825
v 0.02635701 -0.00788268 0.01971349
v 0.02818553 -0.00850000 0.01974401
v 0.02794377 -0.00842388 0.02004069
v 0.02773882 -0.00820711 0.02029216
v 0.02760188 -0.00788268 0.02046021
v 0.03042422 -0.00788268 0.02002662
v 0.02998791 -0.00788268 0.02049553
v 0.02815882 -0.00788268 0.02077654
v 0.02823303 -0.00820711 0.02057284
v 0.02834405 -0.00842388 0.02026802
v 0.02942185 -0.00788268 0.02079522
v 0.02878876 -0.00788268 0.02089250
v 0.02879198 -0.00820711 0.02067574
v 0.02935372 -0.00820711 0.02058944
v 0.02985601 -0.00820711 0.02032351
v 0.03024317 -0.00820711 0.01990744
v 0.02879677 -0.00842388 0.02035135
v 0.02925177 -0.00842388 0.02028146
v 0.02965860 -0.00842388 0.02006608
v 0.02997218 -0.00842388 0.01972904
v 0.02847503 -0.00850000 0.01990845
v 0.02880244 -0.00850000 0.01996871
v 0.02913151 -0.00850000 0.01991817
v 0.02942575 -0.00850000 0.01976239
v 0.02965252 -0.00850000 0.01951864
v 0.03318010 -0.00788268 0.01502597
v 0.03190030 -0.00788268 0.01758039
v 0.03171046 -0.00820711 0.01747575
v 0.03142632 -0.00842388 0.01731917
v 0.03109116 -0.00850000 0.01713445
v 0.03298263 -0.00820711 0.01493653
v 0.03268711 -0.00842388 0.01480272
v 0.03233851 -0.00850000 0.01464483
v 0.03323771 -0.00807530 0.01440033
v 0.03278757 -0.00843066 0.01435855
v 0.03338612 -0.00775482 0.01441410
v 0.03333811 -0.00775482 0.01376453
v 0.03206990 -0.00775482 0.01237318
v 0.03264184 -0.00775482 0.01268488
v 0.03308062 -0.00775482 0.01316625
v 0.03242327 -0.00850000 0.01432475
v 0.03275425 -0.00843066 0.01390749
v 0.03239886 -0.00850000 0.01399451
v 0.03257544 -0.00843066 0.01349204
v 0.03226794 -0.00850000 0.01369035
v 0.03227074 -0.00843066 0.01315778
v 0.03204490 -0.00850000 0.01344561
v 0.03187359 -0.00843066 0.01294133
v 0.03175412 -0.00850000 0.01328712
v 0.03142754 -0.00775482 0.01226532
v 0.03142754 -0.00800000 0.01236629
v 0.03319333 -0.00807530 0.01379999
v 0.03295536 -0.00807530 0.01324704
v 0.03254981 -0.00807530 0.01280212
v 0.03202124 -0.00807530 0.01251405
v 0.03142754 -0.00807530 0.01241436
v 0.03308566 -0.00824664 0.01438623
v 0.03304501 -0.00824664 0.01383629
v 0.03282700 -0.00824664 0.01332980
v 0.03245554 -0.00824664 0.01292225
v 0.03197138 -0.00824664 0.01265838
v 0.03142754 -0.00836602 0.01273232
v 0.03142754 -0.00850000 0.01323232
v 0.02921800 -0.00775482 0.01226532
v 0.02921800 -0.00800000 0.01236629
v 0.02921800 -0.00807530 0.01241436
v 0.02921800 -0.00836602 0.01273232
v 0.02921800 -0.00850000 0.01323232
v 0.02855636 -0.00807530 0.01253906
v 0.02885405 -0.00850000 0.01330089
v 0.02872090 -0.00843066 0.01296010
v 0.02861194 -0.00824664 0.01268127
v 0.02854003 -0.00850000 0.01349723
v 0.02829195 -0.00843066 0.01322829
v 0.02808900 -0.00824664 0.01300823
v 0.02798546 -0.00807530 0.01289597
v 0.02850212 -0.00775482 0.01240021
v 0.02788441 -0.00775482 0.01278641
v 0.02921800 -0.00550000 -0.01223231
v 0.02921800 -0.00750000 -0.01223231
v 0.02849011 -0.00550000 -0.01236946
v 0.02849011 -0.00750000 -0.01236946
v 0.02786202 -0.00550000 -0.01276213
v 0.02786202 -0.00750000 -0.01276213
v 0.02741997 -0.00550000 -0.01335648
v 0.02741997 -0.00750000 -0.01335648
v 0.02791364 -0.00788268 -0.01281810
v 0.02851779 -0.00788268 -0.01244039
v 0.02859671 -0.00820711 -0.01264227
v 0.02921800 -0.00788268 -0.01230842
v 0.02748839 -0.00788268 -0.01338980
v 0.02806063 -0.00820711 -0.01297745
v 0.02768327 -0.00820711 -0.01348475
v 0.02797494 -0.00842388 -0.01362682
v 0.02828057 -0.00842388 -0.01321593
v 0.02871476 -0.00842388 -0.01294446
v 0.02921800 -0.00800000 -0.01236630
v 0.02921800 -0.00820711 -0.01252520
v 0.02921800 -0.00836602 -0.01273230
v 0.02921800 -0.00842388 -0.01284963
v 0.02921800 -0.00850000 -0.01323232
v 0.02885405 -0.00850000 -0.01330090
v 0.02854003 -0.00850000 -0.01349724
v 0.02831898 -0.00850000 -0.01379440
v 0.02543281 -0.00750000 -0.01683516
v 0.02549629 -0.00788268 -0.01687718
v 0.02567704 -0.00820711 -0.01699680
v 0.02594755 -0.00842388 -0.01717589
v 0.02626668 -0.00850000 -0.01738713
v 0.02543281 -0.00550000 -0.01683516
v 0.02512152 -0.00550000 -0.01765001
v 0.02515457 -0.00750000 -0.01747734
v 0.02512152 -0.00750000 -0.01765001
v 0.02518670 -0.00550000 -0.01851985
v 0.02511461 -0.00750000 -0.01817605
v 0.02518670 -0.00750000 -0.01851985
v 0.02531786 -0.00750000 -0.01884577
v 0.02561594 -0.00550000 -0.01927925
v 0.02632756 -0.00750000 -0.01978368
v 0.02632756 -0.00550000 -0.01978368
v 0.02573938 -0.00750000 -0.01940444
v 0.02561594 -0.00750000 -0.01927925
v 0.02556778 -0.00831794 -0.01757539
v 0.02587960 -0.00846699 -0.01764939
v 0.02585454 -0.00846699 -0.01808778
v 0.02540110 -0.00816522 -0.01753584
v 0.02522204 -0.00786587 -0.01749334
v 0.02612756 -0.00850000 -0.01770822
v 0.02610759 -0.00850000 -0.01805759
v 0.02518348 -0.00786587 -0.01816783
v 0.02536620 -0.00816522 -0.01814604
v 0.02554367 -0.00816522 -0.01873091
v 0.02537964 -0.00786587 -0.01881433
v 0.02591182 -0.00816522 -0.01921881
v 0.02578656 -0.00786587 -0.01935363
v 0.02620919 -0.00850000 -0.01839242
v 0.02598206 -0.00846699 -0.01850793
v 0.02641995 -0.00850000 -0.01867175
v 0.02624653 -0.00846699 -0.01885847
v 0.02671407 -0.00850000 -0.01886139
v 0.02656616 -0.00842388 -0.01921434
v 0.02553631 -0.00831794 -0.01812575
v 0.02569641 -0.00831794 -0.01865322
v 0.02602841 -0.00831794 -0.01909328
v 0.02644078 -0.00820711 -0.01951355
v 0.02635701 -0.00788268 -0.01971349
v 0.02755381 -0.00750000 -0.02051920
v 0.02760188 -0.00788268 -0.02046019
v 0.02773882 -0.00820711 -0.02029217
v 0.02794377 -0.00842388 -0.02004066
v 0.02818553 -0.00850000 -0.01974401
v 0.02755381 -0.00550000 -0.02051920
v 0.02829213 -0.00550000 -0.02089867
v 0.02829213 -0.00750000 -0.02089867
v 0.02912093 -0.00550000 -0.02094564
v 0.02912093 -0.00750000 -0.02094564
v 0.02989743 -0.00550000 -0.02065203
v 0.02989743 -0.00750000 -0.02065203
v 0.03048782 -0.00550000 -0.02006847
v 0.03048782 -0.00750000 -0.02006847
v 0.03324945 -0.00550000 -0.01505736
v 0.03196697 -0.00750000 -0.01761711
v 0.03324945 -0.00750000 -0.01505736
v 0.03342212 -0.00550000 -0.01408488
v 0.03342212 -0.00750000 -0.01408488
v 0.03310833 -0.00550000 -0.01314837
v 0.03310833 -0.00750000 -0.01314837
v 0.03238467 -0.00550000 -0.01247618
v 0.03238467 -0.00750000 -0.01247618
v 0.03142754 -0.00550000 -0.01223231
v 0.03142754 -0.00750000 -0.01223231
v 0.03142754 -0.00836602 -0.01273230
v 0.03142754 -0.00820711 -0.01252520
v 0.03224448 -0.00820711 -0.01273337
v 0.03312741 -0.00800000 -0.01500211
v 0.03298263 -0.00820711 -0.01493654
v 0.03313003 -0.00820711 -0.01410649
v 0.03142754 -0.00800000 -0.01236630
v 0.03142754 -0.00788268 -0.01230842
v 0.03234823 -0.00788268 -0.01254303
v 0.03318010 -0.00788268 -0.01502598
v 0.03334622 -0.00788268 -0.01409051
v 0.03304438 -0.00788268 -0.01318962
v 0.03286220 -0.00820711 -0.01330710
v 0.03279398 -0.00836602 -0.01485110
v 0.03280647 -0.00842388 -0.01413039
v 0.03258957 -0.00842388 -0.01348293
v 0.03208924 -0.00842388 -0.01301822
v 0.03142754 -0.00842388 -0.01284963
v 0.03233851 -0.00850000 -0.01464484
v 0.03242485 -0.00850000 -0.01415861
v 0.03226794 -0.00850000 -0.01369033
v 0.03190611 -0.00850000 -0.01335425
v 0.03142754 -0.00850000 -0.01323232
v 0.02965252 -0.00850000 -0.01951865
v 0.03109116 -0.00850000 -0.01713446
v 0.03152908 -0.00836602 -0.01737580
v 0.03184963 -0.00800000 -0.01755244
v 0.03042422 -0.00788268 -0.02002663
v 0.03037591 -0.00800000 -0.01999480
v 0.03024317 -0.00820711 -0.01990742
v 0.03007017 -0.00836602 -0.01979354
v 0.02985631 -0.00788268 -0.02058798
v 0.02831213 -0.00788268 -0.02082521
v 0.02910937 -0.00788268 -0.02087039
v 0.02836905 -0.00820711 -0.02061603
v 0.02907647 -0.00820711 -0.02065614
v 0.02973924 -0.00820711 -0.02040553
v 0.02845423 -0.00842388 -0.02030301
v 0.02902720 -0.00842388 -0.02033547
v 0.02956400 -0.00842388 -0.02013252
v 0.02855469 -0.00850000 -0.01993373
v 0.02896909 -0.00850000 -0.01995722
v 0.02935733 -0.00850000 -0.01981044
v 0.00738738 -0.00550000 -0.03676516
v 0.00738738 -0.00750000 -0.03676516
v 0.01092057 -0.00750000 -0.03587467
v 0.02077324 -0.00750000 -0.03122056
v 0.02077324 -0.00550000 -0.03122056
v 0.01764522 -0.00750000 -0.03308922
v 0.01656402 -0.00550000 -0.03364346
v 0.01656402 -0.00750000 -0.03364346
v 0.01435063 -0.00750000 -0.03464547
v 0.01207699 -0.00550000 -0.03550205
v 0.01717467 -0.00850000 -0.03220684
v 0.02021928 -0.00850000 -0.03038800
v 0.02043126 -0.00842388 -0.03070662
v 0.01396794 -0.00850000 -0.03372160
v 0.01735474 -0.00842388 -0.03254450
v 0.01062934 -0.00850000 -0.03491801
v 0.01411439 -0.00842388 -0.03407514
v 0.00719039 -0.00850000 -0.03578475
v 0.01074077 -0.00842388 -0.03528411
v 0.00726576 -0.00842388 -0.03615994
v 0.01083527 -0.00820711 -0.03559447
v 0.00732968 -0.00820711 -0.03647802
v 0.01089839 -0.00788268 -0.03580183
v 0.00737239 -0.00788268 -0.03669054
v 0.01423855 -0.00820711 -0.03437490
v 0.01432149 -0.00788268 -0.03457517
v 0.01760940 -0.00788268 -0.03302205
v 0.01750742 -0.00820711 -0.03283078
v 0.02061097 -0.00820711 -0.03097672
v 0.02073107 -0.00788268 -0.03115717
v 0.00674127 -0.00850000 -0.03577206
v 0.00664480 -0.00842388 -0.03614238
v 0.00634308 -0.00850000 -0.03556401
v 0.00609420 -0.00842388 -0.03585473
v 0.00607611 -0.00850000 -0.03520263
v 0.00572510 -0.00842388 -0.03535507
v 0.00599433 -0.00850000 -0.03476087
v 0.00561200 -0.00842388 -0.03474424
v 0.00656302 -0.00820711 -0.03645632
v 0.00588323 -0.00820711 -0.03610117
v 0.00542752 -0.00820711 -0.03548429
v 0.00528790 -0.00820711 -0.03473014
v 0.00650836 -0.00788268 -0.03666610
v 0.00574226 -0.00788268 -0.03626585
v 0.00522868 -0.00788268 -0.03557063
v 0.00507132 -0.00788268 -0.03472069
v 0.00648917 -0.00750000 -0.03673974
v 0.00569276 -0.00750000 -0.03632367
v 0.00515885 -0.00750000 -0.03560093
v 0.00499527 -0.00750000 -0.03471738
v 0.00648917 -0.00550000 -0.03673974
v 0.00569276 -0.00550000 -0.03632367
v 0.00515885 -0.00550000 -0.03560093
v 0.00499527 -0.00550000 -0.03471738
v 0.00482718 -0.00750000 -0.03319684
v 0.00464542 -0.00550000 -0.03265068
v 0.00464542 -0.00750000 -0.03265068
v 0.00420723 -0.00750000 -0.03179831
v 0.00347916 -0.00550000 -0.03090898
v 0.00347916 -0.00750000 -0.03090898
v 0.00319342 -0.00750000 -0.03065265
v 0.00170143 -0.00550000 -0.02979839
v 0.00188066 -0.00750000 -0.02986718
v 0.00039185 -0.00750000 -0.02951539
v -0.00037532 -0.00550000 -0.02951411
v -0.00037532 -0.00750000 -0.02951411
v -0.00113364 -0.00750000 -0.02963022
v -0.00238608 -0.00550000 -0.03010607
v -0.00255301 -0.00750000 -0.03020090
v -0.00373339 -0.00750000 -0.03117407
v -0.00397753 -0.00550000 -0.03147027
v -0.00397753 -0.00750000 -0.03147027
v -0.00456427 -0.00750000 -0.03245855
v -0.00486993 -0.00550000 -0.03336692
v -0.00486993 -0.00750000 -0.03336692
v -0.00496789 -0.00750000 -0.03393415
v -0.00490644 -0.00550000 -0.03546274
v -0.00490644 -0.00750000 -0.03546274
v 0.00490067 -0.00788268 -0.03317702
v 0.00427128 -0.00788268 -0.03175715
v 0.00324203 -0.00788268 -0.03059408
v 0.00190930 -0.00788268 -0.02979663
v 0.00039781 -0.00788268 -0.02943948
v -0.00115090 -0.00788268 -0.02955607
v -0.00259187 -0.00788268 -0.03013546
v -0.00379022 -0.00788268 -0.03112343
v -0.00463374 -0.00788268 -0.03242749
v -0.00504353 -0.00788268 -0.03392554
v -0.00498115 -0.00788268 -0.03547740
v -0.00519385 -0.00820711 -0.03551913
v -0.00525888 -0.00820711 -0.03390101
v -0.00483163 -0.00820711 -0.03233898
v -0.00395207 -0.00820711 -0.03097922
v -0.00270255 -0.00820711 -0.02994907
v -0.00120004 -0.00820711 -0.02934495
v 0.00041480 -0.00820711 -0.02922339
v 0.00199084 -0.00820711 -0.02959580
v 0.00338049 -0.00820711 -0.03042728
v 0.00445367 -0.00820711 -0.03164003
v 0.00510998 -0.00820711 -0.03312052
v -0.00551220 -0.00842388 -0.03558159
v -0.00558122 -0.00842388 -0.03386429
v -0.00512778 -0.00842388 -0.03220651
v -0.00419431 -0.00842388 -0.03076342
v -0.00286819 -0.00842388 -0.02967012
v -0.00127359 -0.00842388 -0.02902896
v 0.00044022 -0.00842388 -0.02889997
v 0.00211285 -0.00842388 -0.02929518
v 0.00358767 -0.00842388 -0.03017766
v 0.00472666 -0.00842388 -0.03146473
v 0.00542317 -0.00842388 -0.03303597
v -0.00588774 -0.00850000 -0.03565529
v -0.00596147 -0.00850000 -0.03382099
v -0.00547712 -0.00850000 -0.03205026
v -0.00448005 -0.00850000 -0.03050888
v -0.00306361 -0.00850000 -0.02934111
v -0.00136038 -0.00850000 -0.02865625
v 0.00047023 -0.00850000 -0.02851844
v 0.00225679 -0.00850000 -0.02894059
v 0.00383211 -0.00850000 -0.02988318
v 0.00504867 -0.00850000 -0.03125796
v 0.00579263 -0.00850000 -0.03293622
v -0.00724541 -0.00750000 -0.03781209
v -0.00723108 -0.00788268 -0.03773734
v -0.00648405 -0.00788268 -0.03773281
v -0.00498234 -0.00788268 -0.03622443
v -0.00519492 -0.00820711 -0.03618199
v -0.00551309 -0.00842388 -0.03611848
v -0.00545167 -0.00750000 -0.03725890
v -0.00579508 -0.00788268 -0.03744406
v -0.00520470 -0.00750000 -0.03695688
v -0.00526803 -0.00788268 -0.03691468
v -0.00495525 -0.00750000 -0.03642875
v -0.00490772 -0.00750000 -0.03623933
v -0.00575258 -0.00750000 -0.03750721
v -0.00627961 -0.00750000 -0.03775901
v -0.00646882 -0.00750000 -0.03780738
v -0.00544842 -0.00820711 -0.03679446
v -0.00591608 -0.00820711 -0.03726420
v -0.00652744 -0.00820711 -0.03752041
v -0.00719028 -0.00820711 -0.03752444
v -0.00571840 -0.00842388 -0.03661457
v -0.00609719 -0.00842388 -0.03699503
v -0.00659235 -0.00842388 -0.03720254
v -0.00712921 -0.00842388 -0.03720582
v -0.00588836 -0.00850000 -0.03604356
v -0.00603684 -0.00850000 -0.03640235
v -0.00631081 -0.00850000 -0.03667751
v -0.00666891 -0.00850000 -0.03682760
v -0.00705721 -0.00850000 -0.03682995
v -0.00495525 -0.00550000 -0.03642875
v -0.00545167 -0.00550000 -0.03725890
v -0.00627961 -0.00550000 -0.03775901
v -0.00724541 -0.00550000 -0.03781209
v -0.02161391 -0.00550000 -0.03186044
v -0.02161391 -0.00750000 -0.03186044
v -0.01826798 -0.00750000 -0.03388998
v -0.01104643 -0.00750000 -0.03688124
v -0.01228996 -0.00550000 -0.03648571
v -0.01228996 -0.00750000 -0.03648571
v -0.01473330 -0.00750000 -0.03556937
v -0.01710897 -0.00550000 -0.03448961
v -0.01075949 -0.00850000 -0.03592331
v -0.01435064 -0.00850000 -0.03464547
v -0.01086931 -0.00842388 -0.03628987
v -0.01779350 -0.00850000 -0.03300971
v -0.01449709 -0.00842388 -0.03499905
v -0.02105253 -0.00850000 -0.03103292
v -0.01797508 -0.00842388 -0.03334657
v -0.02126734 -0.00842388 -0.03134960
v -0.01812901 -0.00820711 -0.03363216
v -0.02144950 -0.00820711 -0.03161806
v -0.01823186 -0.00788268 -0.03382299
v -0.02157118 -0.00788268 -0.03179747
v -0.01462122 -0.00820711 -0.03529877
v -0.01470419 -0.00788268 -0.03549904
v -0.01102458 -0.00788268 -0.03680832
v -0.01096239 -0.00820711 -0.03660068
v -0.02137520 -0.00850000 -0.03067267
v -0.02171354 -0.00842388 -0.03085152
v -0.02149110 -0.00850000 -0.03020314
v -0.02187379 -0.00842388 -0.03020230
v -0.02137311 -0.00850000 -0.02973414
v -0.02171065 -0.00842388 -0.02955380
v -0.02104883 -0.00850000 -0.02937535
v -0.02126228 -0.00842388 -0.02905772
v -0.02200036 -0.00820711 -0.03100312
v -0.02219822 -0.00820711 -0.03020159
v -0.02199678 -0.00820711 -0.02940092
v -0.02144321 -0.00820711 -0.02878842
v -0.02219199 -0.00788268 -0.03110442
v -0.02241500 -0.00788268 -0.03020111
v -0.02218800 -0.00788268 -0.02929879
v -0.02156411 -0.00788268 -0.02860850
v -0.02225928 -0.00750000 -0.03114000
v -0.02249112 -0.00750000 -0.03020093
v -0.02225514 -0.00750000 -0.02926290
v -0.02160655 -0.00750000 -0.02854532
v -0.02225928 -0.00550000 -0.03114000
v -0.02249112 -0.00550000 -0.03020093
v -0.02225514 -0.00550000 -0.02926290
v -0.02160655 -0.00550000 -0.02854532
v -0.02054476 -0.00550000 -0.02758488
v -0.02054476 -0.00750000 -0.02758488
v -0.01979866 -0.00550000 -0.02636290
v -0.01979866 -0.00750000 -0.02636290
v -0.01972868 -0.00788268 -0.02639288
v -0.02048614 -0.00788268 -0.02763343
v -0.02031921 -0.00820711 -0.02777174
v -0.02006938 -0.00842388 -0.02797869
v -0.01977466 -0.00850000 -0.02822283
v -0.01952939 -0.00820711 -0.02647818
v -0.01923116 -0.00842388 -0.02660585
v -0.01887934 -0.00850000 -0.02675647
v -0.01866158 -0.00850000 -0.02643735
v -0.01833909 -0.00850000 -0.02622462
v -0.01893004 -0.00842388 -0.02616465
v -0.01848416 -0.00842388 -0.02587051
v -0.01796006 -0.00850000 -0.02614999
v -0.01796006 -0.00842388 -0.02576733
v -0.01796006 -0.00836602 -0.02565000
v -0.01860713 -0.00820711 -0.02557028
v -0.01796006 -0.00820711 -0.02544290
v -0.01796006 -0.00800000 -0.02528397
v -0.01868929 -0.00788268 -0.02536968
v -0.01796006 -0.00788268 -0.02522612
v -0.01871814 -0.00750000 -0.02529925
v -0.01796006 -0.00750000 -0.02515000
v -0.01915764 -0.00820711 -0.02593345
v -0.01930972 -0.00788268 -0.02577895
v -0.01936309 -0.00750000 -0.02572471
v -0.01936309 -0.00550000 -0.02572471
v -0.01871814 -0.00550000 -0.02529925
v -0.01796006 -0.00550000 -0.02515000
v 0.01731197 -0.00550000 -0.02515000
v 0.01731197 -0.00750000 -0.02515000
v -0.01202055 -0.00550000 -0.02515000
v 0.01731197 -0.00850000 -0.02614999
v 0.01731197 -0.00842388 -0.02576733
v 0.01731197 -0.00836602 -0.02565000
v 0.01731197 -0.00820711 -0.02544290
v 0.01731197 -0.00800000 -0.02528397
v 0.01731197 -0.00788268 -0.02522612
v 0.01763747 -0.00788268 -0.02520046
v 0.01767145 -0.00820711 -0.02541453
v 0.01772232 -0.00842388 -0.02573493
v 0.01778231 -0.00850000 -0.02611289
v 0.01762552 -0.00750000 -0.02512527
v 0.01762552 -0.00550000 -0.02512527
v 0.01978369 -0.00550000 -0.02632758
v 0.01978369 -0.00750000 -0.02632758
v 0.01927311 -0.00550000 -0.02561042
v 0.01927311 -0.00750000 -0.02561042
v 0.01850403 -0.00550000 -0.02518198
v 0.01850403 -0.00750000 -0.02518198
v 0.01971347 -0.00788268 -0.02635700
v 0.01922233 -0.00788268 -0.02566713
v 0.01848255 -0.00788268 -0.02525500
v 0.01842130 -0.00820711 -0.02546296
v 0.01832966 -0.00842388 -0.02577415
v 0.01822157 -0.00850000 -0.02614126
v 0.01907773 -0.00820711 -0.02582863
v 0.01886136 -0.00842388 -0.02607036
v 0.01860611 -0.00850000 -0.02635548
v 0.01951356 -0.00820711 -0.02644077
v 0.01921434 -0.00842388 -0.02656615
v 0.01886139 -0.00850000 -0.02671406
v 0.02030514 -0.00750000 -0.02727119
v 0.02101670 -0.00750000 -0.02808109
v 0.02096529 -0.00788268 -0.02813721
v 0.02024285 -0.00788268 -0.02731496
v 0.02006553 -0.00820711 -0.02743966
v 0.01980014 -0.00842388 -0.02762628
v 0.01948712 -0.00850000 -0.02784640
v 0.02081881 -0.00820711 -0.02829701
v 0.02059959 -0.00842388 -0.02853617
v 0.02034102 -0.00850000 -0.02881828
v 0.02101670 -0.00550000 -0.02808109
v 0.02152578 -0.00750000 -0.02882153
v 0.02152578 -0.00550000 -0.02882153
v 0.02165933 -0.00750000 -0.02971012
v 0.02165933 -0.00550000 -0.02971012
v 0.02139039 -0.00750000 -0.03056747
v 0.02139039 -0.00550000 -0.03056747
v 0.02059556 -0.00850000 -0.02918849
v 0.02095155 -0.00842388 -0.02904806
v 0.02066232 -0.00850000 -0.02963278
v 0.02104388 -0.00842388 -0.02966237
v 0.02052785 -0.00850000 -0.03006146
v 0.02085794 -0.00842388 -0.03025511
v 0.02125333 -0.00820711 -0.02892900
v 0.02136732 -0.00820711 -0.02968747
v 0.02113776 -0.00820711 -0.03041926
v 0.02145497 -0.00788268 -0.02884946
v 0.02158345 -0.00788268 -0.02970422
v 0.02132474 -0.00788268 -0.03052894
v 0.02968637 -0.00550000 -0.01223231
v 0.04720001 0.00427234 0.01052722
v 0.04720001 0.00459752 0.00969869
v 0.04720001 0.00798205 0.01182532
v 0.04720001 0.00525000 0.00909328
v 0.04720001 0.00725000 0.01255735
v 0.04720001 0.00639946 0.01281973
v 0.04720001 0.00798205 0.00982532
v 0.04720001 0.00825000 0.01082533
v 0.04720001 0.00725000 0.00909328
v 0.04720001 0.00625000 0.00882533
v 0.04720001 0.00433886 0.01141482
v 0.04720001 0.00478390 0.01218566
v 0.04720001 0.00551932 0.01268705
v 0.04970000 0.00525000 0.00909328
v 0.04970000 0.00610054 0.00883090
v 0.04970000 0.00625000 0.00882533
v 0.04970000 0.00698068 0.00896358
v 0.04970000 0.00725000 0.00909328
v 0.04970000 0.00771610 0.00946497
v 0.04970000 0.00798205 0.00982531
v 0.04970000 0.00816115 0.01023581
v 0.04970000 0.00825000 0.01082533
v 0.04970000 0.00822766 0.01112341
v 0.04970000 0.00725000 0.01255735
v 0.04970000 0.00790248 0.01195195
v 0.04970000 0.00798205 0.01182532
v 0.04970000 0.00639946 0.01281973
v 0.04970000 0.00551932 0.01268705
v 0.04970000 0.00478390 0.01218566
v 0.04970000 0.00433886 0.01141482
v 0.04970000 0.00427234 0.01052722
v 0.04970000 0.00459752 0.00969868
v 0.04999999 0.00510000 0.00883346
v 0.04999999 0.00439713 0.00946265
v 0.04999999 0.00740000 0.01281717
v 0.04999999 0.00642188 0.01311889
v 0.04999999 0.00540972 0.01296633
v 0.04999999 0.00456398 0.01238971
v 0.04999999 0.00405218 0.01150324
v 0.04999999 0.00397569 0.01048252
v 0.04999999 0.00434965 0.00952968
v 0.04999999 0.00815035 0.01212096
v 0.04999999 0.00852431 0.01116812
v 0.04999999 0.00844782 0.01014739
v 0.04999999 0.00793602 0.00926092
v 0.04999999 0.00709028 0.00868430
v 0.04999999 0.00607812 0.00853174
v 0.04720001 0.00798205 -0.00982532
v 0.04720001 0.00725000 -0.00909326
v 0.04720001 0.00625000 -0.00882531
v 0.04720001 0.00459752 -0.00969866
v 0.04720001 0.00427234 -0.01052723
v 0.04720001 0.00639946 -0.01281971
v 0.04720001 0.00725000 -0.01255736
v 0.04720001 0.00798205 -0.01182533
v 0.04720001 0.00825000 -0.01082531
v 0.04720001 0.00433886 -0.01141483
v 0.04720001 0.00478390 -0.01218567
v 0.04720001 0.00551932 -0.01268706
v 0.04720001 0.00525000 -0.00909326
v 0.04970000 0.00525000 -0.00909326
v 0.04970000 0.00459752 -0.00969866
v 0.04970000 0.00427234 -0.01052723
v 0.04970000 0.00433886 -0.01141483
v 0.04970000 0.00478390 -0.01218567
v 0.04970000 0.00551932 -0.01268706
v 0.04970000 0.00639946 -0.01281971
v 0.04970000 0.00725000 -0.01255736
v 0.04970000 0.00798205 -0.01182533
v 0.04970000 0.00825000 -0.01082531
v 0.04970000 0.00798205 -0.00982532
v 0.04970000 0.00725000 -0.00909326
v 0.04970000 0.00625000 -0.00882531
v 0.04999999 0.00740000 -0.01281718
v 0.04999999 0.00824186 -0.01197532
v 0.04999999 0.00855000 -0.01082531
v 0.04999999 0.00824186 -0.00967533
v 0.04999999 0.00740000 -0.00883347
v 0.04999999 0.00625000 -0.00852532
v 0.04999999 0.00510000 -0.00883347
v 0.04999999 0.00434965 -0.00952968
v 0.04999999 0.00397569 -0.01048252
v 0.04999999 0.00405218 -0.01150325
v 0.04999999 0.00456398 -0.01238972
v 0.04999999 0.00540972 -0.01296634
v 0.04999999 0.00642188 -0.01311890
v 0.04940001 0.01500000 -0.00000000
v 0.04980000 0.01500000 -0.00000000
v 0.04980000 0.01448889 -0.00388229
v 0.04940001 0.01448889 -0.00388229
v 0.04980000 0.01299038 -0.00750000
v 0.04940001 0.01299038 -0.00750000
v 0.04980000 0.01060660 -0.01060659
v 0.04940001 0.01060660 -0.01060659
v 0.04980000 0.00750000 -0.01299039
v 0.04940001 0.00750000 -0.01299039
v 0.04980000 0.00388229 -0.01448888
v 0.04940001 0.00388229 -0.01448888
v 0.04980000 -0.00000000 -0.01499999
v 0.04940001 -0.00000000 -0.01499999
v 0.04980000 -0.00388229 -0.01448888
v 0.04940001 -0.00388229 -0.01448888
v 0.04980000 -0.00750000 -0.01299039
v 0.04940001 -0.00750000 -0.01299039
v 0.04980000 -0.01060660 -0.01060659
v 0.04940001 -0.01060660 -0.01060659
v 0.04980000 -0.01299038 -0.00750000
v 0.04940001 -0.01299038 -0.00750000
v 0.04980000 -0.01448889 -0.00388229
v 0.04940001 -0.01448889 -0.00388229
v 0.04980000 -0.01500000 -0.00000000
v 0.04940001 -0.01500000 -0.00000000
v 0.04999999 -0.01429570 -0.00383053
v 0.04999999 -0.01480000 -0.00000000
v 0.04999999 -0.01046518 -0.01046518
v 0.04999999 -0.01248847 -0.00794217
v 0.04999999 -0.01281718 -0.00740001
v 0.04999999 -0.00740000 -0.01281718
v 0.04999999 -0.00383052 -0.01429570
v 0.04999999 -0.00000000 -0.01479999
v 0.04999999 0.00383052 -0.01429570
v 0.04999999 0.00481275 -0.01399562
v 0.04999999 0.00871190 -0.01196424
v 0.04999999 0.01046518 -0.01046518
v 0.04999999 0.01248847 -0.00794217
v 0.04999999 0.01281718 -0.00740001
v 0.04999999 0.01429570 -0.00383053
v 0.04999999 0.01480000 -0.00000000
v 0.04720001 -0.01450000 -0.00000000
v 0.04720001 -0.01430194 -0.00086776
v 0.04720001 -0.01076795 0.00100001
v 0.04720001 -0.01069806 -0.00086776
v 0.04720001 -0.01050000 -0.00000000
v 0.04720001 -0.01125302 -0.00156367
v 0.04720001 -0.01205495 -0.00194985
v 0.04720001 -0.01294504 -0.00194985
v 0.04720001 -0.01374698 -0.00156367
v 0.04720001 -0.01350000 0.00173205
v 0.04720001 -0.01423205 0.00100001
v 0.04720001 -0.01250000 0.00200000
v 0.04720001 -0.01150000 0.00173205
v 0.04970000 -0.01050000 -0.00000000
v 0.04970000 -0.01069806 0.00086778
v 0.04970000 -0.01076795 0.00100001
v 0.04970000 -0.01125302 0.00156366
v 0.04970000 -0.01150000 0.00173205
v 0.04970000 -0.01205495 0.00194984
v 0.04970000 -0.01250000 0.00200000
v 0.04970000 -0.01294504 0.00194984
v 0.04970000 -0.01350000 0.00173205
v 0.04970000 -0.01374698 0.00156366
v 0.04970000 -0.01450000 -0.00000000
v 0.04970000 -0.01430194 0.00086778
v 0.04970000 -0.01423205 0.00100001
v 0.04970000 -0.01430194 -0.00086776
v 0.04970000 -0.01374698 -0.00156367
v 0.04970000 -0.01294504 -0.00194985
v 0.04970000 -0.01205495 -0.00194985
v 0.04970000 -0.01125302 -0.00156367
v 0.04970000 -0.01069806 -0.00086776
v 0.04999999 -0.01457223 -0.00099793
v 0.04999999 -0.01393403 -0.00179822
v 0.04999999 -0.01301180 -0.00224233
v 0.04999999 -0.01198820 -0.00224233
v 0.04999999 -0.01106597 -0.00179822
v 0.04999999 -0.01042777 -0.00099793
v 0.04999999 -0.01020000 -0.00000000
v 0.04999999 -0.01457223 0.00099793
v 0.04999999 -0.01393403 0.00179821
v 0.04999999 -0.01301180 0.00224232
v 0.04999999 -0.01198820 0.00224232
v 0.04999999 -0.01106597 0.00179821
v 0.04999999 -0.01042777 0.00099793
v 0.04999999 -0.00800000 -0.00000000
v 0.03825001 -0.00800000 -0.00000000
v 0.04999999 -0.00773334 0.00204828
v 0.03822277 -0.00787099 0.00143089
v 0.03814219 -0.00746763 0.00286957
v 0.03803135 -0.00689095 0.00406384
v 0.04999999 -0.00678350 0.00424078
v 0.03788627 -0.00602928 0.00525811
v 0.04999999 -0.00550000 0.00580948
v 0.03784696 -0.00550000 0.00580796
v 0.03825001 -0.00550000 -0.00000385
v 0.03823758 -0.00794053 -0.00097365
v 0.03817595 -0.00763835 -0.00237817
v 0.03807266 -0.00710418 -0.00367839
v 0.03807003 -0.00709023 -0.00370524
v 0.03793339 -0.00631640 -0.00490949
v 0.03780625 -0.00550000 -0.00580949
v 0.04999999 0.00155000 0.01250001
v 0.04799999 0.00155000 0.01250001
v 0.04999999 0.00134234 0.01172500
v 0.04799999 0.00134234 0.01172500
v 0.04999999 0.00077500 0.01115766
v 0.04799999 0.00077500 0.01115766
v 0.04999999 -0.00000000 0.01094999
v 0.04799999 -0.00000000 0.01095000
v 0.04999999 -0.00077500 0.01115766
v 0.04799999 -0.00077500 0.01115766
v 0.04999999 -0.00134234 0.01172500
v 0.04799999 -0.00134234 0.01172500
v 0.04999999 -0.00155000 0.01250001
v 0.04799999 -0.00155000 0.01250001
v 0.04999999 -0.00134234 0.01327499
v 0.04799999 -0.00134234 0.01327499
v 0.04999999 -0.00077500 0.01384234
v 0.04799999 -0.00077500 0.01384234
v 0.04999999 -0.00000000 0.01405000
v 0.04799999 -0.00000000 0.01405000
v 0.04999999 0.00077500 0.01384234
v 0.04799999 0.00077500 0.01384234
v 0.04999999 0.00134234 0.01327499
v 0.04799999 0.00134234 0.01327499
v 0.04799999 0.00073302 0.01540908
v 0.04799999 0.00202401 0.01471436
v 0.04799999 0.00283165 0.01349082
v 0.04799999 0.00300000 0.01250001
v 0.04799999 0.00287528 0.01164397
v 0.04799999 0.00213474 0.01039219
v 0.04799999 0.00089244 0.00963580
v 0.04799999 -0.00055961 0.00955265
v 0.04799999 -0.00188014 0.01016226
v 0.04799999 -0.00275875 0.01132130
v 0.04799999 -0.00300000 0.01250001
v 0.04799999 -0.00283165 0.01349082
v 0.04799999 -0.00202401 0.01471436
v 0.04799999 -0.00073302 0.01540908
v 0.03586258 0.00284730 0.01344493
v 0.04299999 0.00284730 0.01344493
v 0.03545086 0.00267080 0.01449579
v 0.04299999 0.00174289 0.01921326
v 0.03418342 0.00215680 0.01727435
v 0.02913572 0.00013979 0.02485960
v 0.02984900 0.00043255 0.02399861
v 0.04299999 0.00013979 0.02485960
v 0.03100641 0.00090076 0.02248370
v 0.04299999 0.00153926 0.02007979
v 0.03267179 0.00156174 0.01998669
v 0.03345431 0.00186932 0.01864734
v 0.04400001 -0.00283165 0.01349082
v 0.04400001 -0.00298893 0.01275742
v 0.04400001 -0.00300000 0.01250001
v 0.03610871 0.00298807 0.01276913
v 0.03589184 0.00287213 0.01336661
v 0.03620277 0.00300000 0.01250001
v 0.04307167 0.00284214 0.01346045
v 0.04322289 0.00280005 0.01357692
v 0.04393641 0.00196499 0.01476690
v 0.04393340 0.00197450 0.01475861
v 0.04374720 0.00235381 0.01435995
v 0.04367150 0.00245432 0.01422521
v 0.04364435 0.00248624 0.01417896
v 0.04400001 -0.00202401 0.01471436
v 0.04400001 -0.00200000 0.01473608
v 0.04400001 -0.00073302 0.01540908
v 0.04400001 0.00073302 0.01540908
v 0.04400001 0.00155617 0.01506483
v 0.03644012 0.00291517 0.01179018
v 0.03648965 -0.00287293 0.01163593
v 0.03620277 -0.00300000 0.01250001
v 0.04299999 -0.00300000 0.01250001
v 0.03658799 -0.00275906 0.01132291
v 0.04357792 -0.00281610 0.01353410
v 0.04334263 -0.00293947 0.01309937
v 0.04370166 -0.00271251 0.01378151
v 0.04389058 -0.00245483 0.01422441
v 0.03691564 -0.00193136 0.01020422
v 0.03673128 -0.00250545 0.01084908
v 0.04314871 -0.00298888 0.01275766
v 0.03709249 0.00049920 0.00954130
v 0.03709738 -0.00036788 0.00952226
v 0.03708969 -0.00056015 0.00955221
v 0.03703792 -0.00120155 0.00975096
v 0.03669370 0.00258413 0.01097554
v 0.03688891 0.00204006 0.01030036
v 0.03702281 0.00132466 0.00980821
v 0.03706805 0.00089311 0.00963586
v 0.04299999 -0.00300000 0.02452743
v 0.04400001 -0.00200000 0.02452743
v 0.04393820 -0.00234612 0.02452743
v 0.04387126 -0.00249079 0.02452743
v 0.04328523 -0.00295846 0.02452743
v 0.04334612 -0.00293819 0.02452743
v 0.04358889 -0.00280823 0.02452743
v 0.04370711 -0.00270711 0.02452743
v 0.04382993 -0.00255786 0.02452743
v 0.02941589 -0.00300000 0.02452743
v 0.02985067 -0.00300000 0.02399641
v 0.03345497 -0.00300000 0.01864552
v 0.03610997 -0.00300000 0.01276555
v 0.02855242 -0.00200000 0.02552744
v 0.04299999 -0.00200000 0.02552744
v 0.04299999 -0.00234612 0.02546563
v 0.04299999 -0.00237833 0.02545312
v 0.02883093 -0.00272855 0.02521243
v 0.02861021 -0.00235370 0.02546280
v 0.04299999 -0.00270711 0.02523455
v 0.04299999 -0.00292567 0.02490577
v 0.02919598 -0.00296523 0.02478882
v 0.02923365 -0.00297618 0.02474439
v 0.04383097 -0.00200000 0.02508375
v 0.04387040 -0.00200000 0.02501979
v 0.04392655 -0.00226597 0.02479341
v 0.04392387 -0.00200000 0.02491012
v 0.04371042 -0.00249764 0.02502507
v 0.04365508 -0.00218518 0.02525997
v 0.04370711 -0.00200000 0.02523455
v 0.04358770 -0.00200000 0.02533650
v 0.04335488 -0.00232810 0.02540290
v 0.04328666 -0.00200000 0.02548548
v 0.04338269 -0.00200000 0.02545130
v 0.04335488 -0.00287545 0.02485555
v 0.04365508 -0.00273253 0.02471262
v 0.04338486 -0.00265264 0.02518007
v 0.04370711 -0.00080343 0.02523455
v 0.04392387 -0.00080343 0.02491012
v 0.04299999 -0.00080343 0.02552744
v 0.04332368 -0.00080343 0.02547359
v 0.04338269 -0.00080343 0.02545130
v 0.04363857 -0.00080343 0.02529701
v 0.04400001 -0.00080343 0.02452743
v 0.02855242 -0.00080343 0.02552744
v 0.04299999 -0.00006960 0.02520677
v 0.02881385 -0.00009381 0.02523201
v 0.04299999 -0.00040641 0.02544525
v 0.02861194 -0.00044504 0.02546101
v 0.04390661 -0.00075915 0.02494704
v 0.04390661 -0.00042235 0.02470857
v 0.04369513 -0.00023710 0.02497020
v 0.04386602 -0.00033182 0.02469352
v 0.04364107 -0.00007952 0.02478236
v 0.04349999 0.00001342 0.02481508
v 0.04337658 -0.00011316 0.02514526
v 0.04332672 0.00008803 0.02484136
v 0.04337658 -0.00044996 0.02538374
v 0.04369513 -0.00057390 0.02520868
v 0.04323108 0.00151295 0.02007341
v 0.04355476 0.00137599 0.02004021
v 0.04400001 0.00056741 0.01984423
v 0.04400001 0.00067869 0.01937729
v 0.04393370 0.00091541 0.01992857
v 0.04375217 0.00120781 0.01999944
v 0.04400001 0.00154763 0.01511275
v 0.04323108 0.00268323 0.01426249
v 0.04355476 0.00254430 0.01423886
v 0.02941589 -0.00300000 -0.02452743
v 0.04299999 -0.00300000 -0.02452743
v 0.04299999 -0.00292567 -0.02490574
v 0.02911390 -0.00293365 -0.02488563
v 0.04299999 -0.00270711 -0.02523455
v 0.02878551 -0.00267626 -0.02526409
v 0.04299999 -0.00237833 -0.02545309
v 0.02861081 -0.00235514 -0.02546224
v 0.04299999 -0.00234612 -0.02546561
v 0.04299999 -0.00200000 -0.02552742
v 0.02855242 -0.00200000 -0.02552742
v 0.04382993 -0.00255786 -0.02452743
v 0.04387126 -0.00249079 -0.02452743
v 0.04392655 -0.00226597 -0.02479342
v 0.04393820 -0.00234612 -0.02452743
v 0.04400001 -0.00200000 -0.02452743
v 0.04371042 -0.00249764 -0.02502507
v 0.04365508 -0.00273253 -0.02471263
v 0.04370711 -0.00270711 -0.02452743
v 0.04358889 -0.00280823 -0.02452743
v 0.04328523 -0.00295846 -0.02452743
v 0.04328666 -0.00200000 -0.02548546
v 0.04335488 -0.00232810 -0.02540288
v 0.04338269 -0.00200000 -0.02545131
v 0.04365508 -0.00218518 -0.02525998
v 0.04358770 -0.00200000 -0.02533651
v 0.04392387 -0.00200000 -0.02491013
v 0.04387040 -0.00200000 -0.02501980
v 0.04383097 -0.00200000 -0.02508375
v 0.04370711 -0.00200000 -0.02523455
v 0.04338486 -0.00265264 -0.02518008
v 0.04335488 -0.00287545 -0.02485553
v 0.04334612 -0.00293819 -0.02452743
v 0.04299999 -0.00080343 -0.02552742
v 0.04332368 -0.00080343 -0.02547360
v 0.04338269 -0.00080343 -0.02545131
v 0.04363857 -0.00080343 -0.02529702
v 0.04370711 -0.00080343 -0.02523455
v 0.04392387 -0.00080343 -0.02491013
v 0.04400001 -0.00080343 -0.02452743
v 0.02855242 -0.00080343 -0.02552742
v 0.04299999 -0.00040640 -0.02544526
v 0.02859829 -0.00048802 -0.02547640
v 0.04299999 -0.00006960 -0.02520678
v 0.02880521 -0.00010374 -0.02524189
v 0.04299999 0.00013979 -0.02485958
v 0.02913572 0.00013979 -0.02485958
v 0.04390661 -0.00075915 -0.02494705
v 0.04369513 -0.00057390 -0.02520869
v 0.04337658 -0.00044996 -0.02538374
v 0.04369513 -0.00023710 -0.02497021
v 0.04330419 0.00009510 -0.02484385
v 0.04337658 -0.00011316 -0.02514527
v 0.04395263 -0.00051652 -0.02462846
v 0.04390661 -0.00042235 -0.02470857
v 0.04381002 -0.00025031 -0.02472222
v 0.04358641 -0.00003941 -0.02479649
v 0.04305492 0.00284424 -0.01345423
v 0.04299999 0.00284730 -0.01344493
v 0.04299999 0.00174582 -0.01920042
v 0.04400001 0.00155643 -0.01506472
v 0.04390274 0.00206059 -0.01468033
v 0.04395263 0.00106872 -0.01904008
v 0.04395263 -0.00022466 -0.02376968
v 0.04400001 -0.00051363 -0.02367494
v 0.04400001 0.00064326 -0.01952804
v 0.04381002 0.00004352 -0.02385763
v 0.04358641 0.00025599 -0.02392730
v 0.04330419 0.00039149 -0.02397174
v 0.04320041 0.00280878 -0.01355395
v 0.04381002 0.00134392 -0.01910270
v 0.04362239 0.00251081 -0.01414162
v 0.04358641 0.00156195 -0.01915232
v 0.04330419 0.00170100 -0.01918397
v 0.04299999 0.00043652 -0.02398649
v 0.03586258 0.00284730 -0.01344493
v 0.03464628 0.00234131 -0.01632598
v 0.03345473 0.00186950 -0.01864654
v 0.03318952 0.00176528 -0.01911465
v 0.03313891 0.00174540 -0.01920224
v 0.03158615 0.00113233 -0.02166179
v 0.02975578 0.00039447 -0.02411408
v 0.04999999 -0.00155000 -0.01249999
v 0.04799999 -0.00155000 -0.01249999
v 0.04999999 -0.00134234 -0.01172501
v 0.04799999 -0.00134234 -0.01172501
v 0.04999999 -0.00077500 -0.01115767
v 0.04799999 -0.00077500 -0.01115767
v 0.04999999 -0.00000000 -0.01095000
v 0.04799999 -0.00000000 -0.01095000
v 0.04999999 0.00077500 -0.01115767
v 0.04799999 0.00077500 -0.01115767
v 0.04999999 0.00134234 -0.01172501
v 0.04799999 0.00134234 -0.01172501
v 0.04999999 0.00155000 -0.01249999
v 0.04799999 0.00155000 -0.01249999
v 0.04999999 0.00134234 -0.01327500
v 0.04799999 0.00134234 -0.01327500
v 0.04999999 0.00077500 -0.01384235
v 0.04799999 0.00077500 -0.01384235
v 0.04999999 -0.00000000 -0.01405001
v 0.04799999 -0.00000000 -0.01405001
v 0.04999999 -0.00077500 -0.01384235
v 0.04799999 -0.00077500 -0.01384235
v 0.04999999 -0.00134234 -0.01327500
v 0.04799999 -0.00134234 -0.01327500
v 0.04799999 -0.00073302 -0.01540906
v 0.04799999 -0.00202401 -0.01471436
v 0.04799999 -0.00283165 -0.01349083
v 0.04799999 -0.00300000 -0.01249999
v 0.04799999 -0.00283165 -0.01150915
v 0.04799999 -0.00202401 -0.01028565
v 0.04799999 -0.00073302 -0.00959093
v 0.04799999 0.00073302 -0.00959093
v 0.04799999 0.00202401 -0.01028565
v 0.04799999 0.00283165 -0.01150915
v 0.04799999 0.00300000 -0.01249999
v 0.04799999 0.00283165 -0.01349083
v 0.04799999 0.00202401 -0.01471436
v 0.04799999 0.00073302 -0.01540906
v 0.03648968 0.00287294 -0.01163590
v 0.03620277 0.00300000 -0.01249999
v 0.03707979 0.00073369 -0.00959060
v 0.03703795 0.00120154 -0.00975097
v 0.03691564 0.00193135 -0.01020423
v 0.03689287 0.00202458 -0.01028616
v 0.03673128 0.00250545 -0.01084906
v 0.03709249 -0.00049922 -0.00954131
v 0.03709741 0.00036787 -0.00952226
v 0.04299999 -0.00300000 -0.01249999
v 0.03620277 -0.00300000 -0.01249999
v 0.03644012 -0.00291517 -0.01179019
v 0.03669370 -0.00258413 -0.01097554
v 0.03688891 -0.00204007 -0.01030037
v 0.03702281 -0.00132467 -0.00980822
v 0.03707976 -0.00073366 -0.00959069
v 0.03617461 0.00299892 -0.01258129
v 0.03610880 0.00298809 -0.01276890
v 0.04399640 -0.00208479 -0.01465720
v 0.04393433 -0.00235641 -0.01435668
v 0.04384313 -0.00253773 -0.01409987
v 0.04347984 -0.00287736 -0.01334894
v 0.04370106 -0.00271309 -0.01378030
v 0.04400001 0.00073302 -0.01540906
v 0.04400001 -0.00073302 -0.01540906
v 0.04400001 -0.00200000 -0.01473606
v 0.02985067 -0.00300000 -0.02399642
v 0.03345497 -0.00300000 -0.01864553
v 0.03610997 -0.00300000 -0.01276556
v -0.02637677 -0.00780000 0.02320000
v -0.02637677 -0.00550000 0.02320000
v -0.02614721 -0.00550000 0.02325582
v -0.02614721 -0.00780000 0.02325582
v -0.02596887 -0.00550000 0.02341082
v -0.02596887 -0.00780000 0.02341082
v -0.02588164 -0.00550000 0.02363041
v -0.02588164 -0.00780000 0.02363041
v -0.02590497 -0.00550000 0.02386552
v -0.02590497 -0.00780000 0.02386552
v -0.02597960 -0.00780000 0.02461788
v -0.02597960 -0.00550000 0.02461788
v -0.02570047 -0.00780000 0.02532053
v -0.02570047 -0.00550000 0.02532053
v -0.02512984 -0.00780000 0.02581656
v -0.02512984 -0.00550000 0.02581656
v -0.02439519 -0.00780000 0.02599519
v -0.02439519 -0.00550000 0.02599519
v -0.02366053 -0.00780000 0.02581656
v -0.02366053 -0.00550000 0.02581656
v -0.02308990 -0.00780000 0.02532053
v -0.02308990 -0.00550000 0.02532053
v -0.02281075 -0.00780000 0.02461788
v -0.02281075 -0.00550000 0.02461788
v -0.02288540 -0.00780000 0.02386552
v -0.02288540 -0.00550000 0.02386552
v -0.02290874 -0.00550000 0.02363041
v -0.02290874 -0.00780000 0.02363041
v -0.02282147 -0.00550000 0.02341082
v -0.02282147 -0.00780000 0.02341082
v -0.02264317 -0.00550000 0.02325582
v -0.02264317 -0.00780000 0.02325582
v -0.02241360 -0.00550000 0.02320000
v -0.02241360 -0.00780000 0.02320000
v 0.02839015 -0.00850000 -0.00150001
v 0.02739401 -0.00850000 -0.00241229
v 0.02839015 -0.00850000 0.00150001
v 0.02750001 -0.00850000 -0.00000000
v 0.02739401 -0.00850000 0.00241229
v 0.03524999 -0.00850000 -0.00129903
v 0.03450001 -0.00850000 -0.00150001
v 0.03524999 -0.00850000 0.00129905
v 0.03450001 -0.00850000 0.00150001
v 0.03579904 -0.00850000 0.00075000
v 0.03599999 -0.00850000 -0.00000000
v 0.03579904 -0.00850000 -0.00075001
v 0.02839015 -0.00550000 -0.00150001
v 0.02739401 -0.00550000 -0.00241229
v 0.02968637 -0.00550000 -0.00150001
v 0.03450001 -0.00550000 -0.00150001
v 0.03450001 -0.00550000 0.00150001
v 0.03524999 -0.00550000 0.00129905
v 0.03579904 -0.00550000 0.00075000
v 0.03599999 -0.00550000 -0.00000000
v 0.03579904 -0.00550000 -0.00075001
v 0.03524999 -0.00550000 -0.00129903
v 0.02968637 -0.00550000 0.00150001
v 0.02839015 -0.00550000 0.00150001
v 0.02739401 -0.00550000 0.00241229
v 0.04999999 -0.01160032 -0.00490767
v 0.04799999 -0.01160032 -0.00490767
v 0.04999999 -0.01094115 -0.00470433
v 0.04799999 -0.01094115 -0.00470433
v 0.04999999 -0.01025904 -0.00480715
v 0.04799999 -0.01025904 -0.00480715
v 0.04999999 -0.00968909 -0.00519574
v 0.04799999 -0.00968909 -0.00519574
v 0.04999999 -0.00934418 -0.00579313
v 0.04799999 -0.00934418 -0.00579313
v 0.04999999 -0.00929263 -0.00648103
v 0.04799999 -0.00929263 -0.00648103
v 0.04999999 -0.00954465 -0.00712315
v 0.04799999 -0.00954465 -0.00712315
v 0.04999999 -0.01005032 -0.00759235
v 0.04799999 -0.01005032 -0.00759235
v 0.04999999 -0.01082532 -0.00779999
v 0.04799999 -0.01082532 -0.00779999
v 0.04999999 -0.01160032 -0.00759235
v 0.04799999 -0.01160032 -0.00759235
v 0.04999999 -0.01216766 -0.00702501
v 0.04799999 -0.01216766 -0.00702501
v 0.04999999 -0.01237531 -0.00625000
v 0.04799999 -0.01237531 -0.00625000
v 0.04999999 -0.01216766 -0.00547499
v 0.04799999 -0.01216766 -0.00547499
v 0.04799999 -0.01168572 -0.00896702
v 0.04799999 -0.01287050 -0.00823489
v 0.04799999 -0.01356686 -0.00702873
v 0.04799999 -0.01360853 -0.00563661
v 0.04799999 -0.01298554 -0.00439099
v 0.04799999 -0.01225032 -0.00378183
v 0.04799999 -0.01135517 -0.00344968
v 0.04799999 -0.00996492 -0.00353298
v 0.04799999 -0.00878014 -0.00426510
v 0.04799999 -0.00808377 -0.00547126
v 0.04799999 -0.00804211 -0.00686339
v 0.04799999 -0.00866510 -0.00810901
v 0.04799999 -0.00940032 -0.00871817
v 0.04799999 -0.01029547 -0.00905031
v 0.02608148 -0.00940032 -0.00871817
v 0.02609713 -0.00932248 -0.00867156
v 0.02669550 -0.00799723 -0.00660280
v 0.02662928 -0.00804215 -0.00686357
v 0.02646766 -0.00824682 -0.00746403
v 0.02626539 -0.00870389 -0.00815317
v 0.02717401 -0.00882280 -0.00422210
v 0.02705858 -0.00831196 -0.00490630
v 0.02695007 -0.00808356 -0.00547198
v 0.02690054 -0.00802676 -0.00571093
v 0.02748824 -0.01050000 -0.00341863
v 0.02728288 -0.01030000 -0.00344882
v 0.04200001 -0.01050000 -0.00341863
v 0.02727212 -0.00996475 -0.00353304
v 0.04218687 -0.01050433 -0.00341812
v 0.02724649 -0.00950311 -0.00372526
v 0.04530741 -0.01225032 -0.00378183
v 0.04480503 -0.01164838 -0.00352145
v 0.04409416 -0.01109194 -0.00341249
v 0.04319237 -0.01068183 -0.00340361
v 0.04505844 -0.01086234 -0.01242012
v 0.04542316 -0.01129923 -0.01198987
v 0.04532973 -0.01157654 -0.01141751
v 0.04566489 -0.01122850 -0.01209012
v 0.04587791 -0.01151532 -0.01184377
v 0.04579751 -0.01175300 -0.01153386
v 0.04596431 -0.01157540 -0.01175842
v 0.04599510 -0.01167603 -0.01165849
v 0.04600040 -0.01195222 -0.01137516
v 0.04597307 -0.01200065 -0.01133803
v 0.04600049 -0.01200238 -0.01132223
v 0.04518808 -0.01205200 -0.00882250
v 0.04486824 -0.01166940 -0.00897214
v 0.04456757 -0.01147173 -0.00958839
v 0.04463635 -0.01144819 -0.00903109
v 0.04398457 -0.01099272 -0.00909508
v 0.04394807 -0.01103493 -0.00970355
v 0.04307372 -0.01062616 -0.00909302
v 0.04584549 -0.01339902 -0.00787387
v 0.04577152 -0.01316743 -0.00787390
v 0.04565887 -0.01302290 -0.00863973
v 0.04565309 -0.01286771 -0.00823775
v 0.04600159 -0.01340466 -0.00962106
v 0.04576979 -0.01246270 -0.01055786
v 0.04600103 -0.01236456 -0.01092556
v 0.04576538 -0.01208077 -0.01108972
v 0.04600064 -0.01209921 -0.01121870
v 0.04599337 -0.01166648 -0.01166803
v 0.04363526 -0.01072915 -0.01165185
v 0.04313640 -0.01053446 -0.01272837
v 0.04430510 -0.01082241 -0.01223925
v 0.04423774 -0.01060179 -0.01264328
v 0.04441966 -0.01064259 -0.01260895
v 0.04295928 -0.01059239 -0.01194531
v 0.04303957 -0.01064018 -0.01084334
v 0.04268859 -0.01057646 -0.01186979
v 0.04228820 -0.01054782 -0.01062286
v 0.04533656 -0.01190437 -0.01077474
v 0.04540826 -0.01226306 -0.01009253
v 0.04552121 -0.01263883 -0.00938061
v 0.04600148 -0.01364094 -0.00928304
v 0.04600055 -0.01428942 -0.00825000
v 0.04599769 -0.01450015 -0.00787390
v 0.04437129 -0.01122367 -0.01045630
v 0.04426564 -0.01100467 -0.01134268
v 0.04325984 -0.01072900 -0.00980807
v 0.04253123 -0.01056258 -0.00988958
v 0.04204665 -0.01049999 -0.00908137
v 0.04556186 -0.01267169 -0.00842104
v 0.02616904 -0.01050000 -0.00908137
v 0.02596779 -0.01030000 -0.00905118
v 0.02597768 -0.01016643 -0.00902278
v 0.04588817 -0.01356103 -0.00545103
v 0.04579697 -0.01324216 -0.00473959
v 0.04558847 -0.01273294 -0.00413257
v 0.04591392 -0.01367454 -0.00631658
v 0.04589937 -0.01360849 -0.00563646
v 0.04588119 -0.01353267 -0.00714034
v 0.02439518 -0.00550000 0.02594518
v 0.02439518 -0.00780000 0.02594518
v 0.02362017 -0.00550000 0.02573752
v 0.02362017 -0.00780000 0.02573752
v 0.02305285 -0.00550000 0.02517017
v 0.02305285 -0.00780000 0.02517017
v 0.02284519 -0.00550000 0.02439519
v 0.02284519 -0.00780000 0.02439519
v 0.02305285 -0.00550000 0.02362018
v 0.02305285 -0.00780000 0.02362018
v 0.02362017 -0.00550000 0.02305284
v 0.02362017 -0.00780000 0.02305284
v 0.02439518 -0.00550000 0.02284518
v 0.02439518 -0.00780000 0.02284518
v 0.02506770 -0.00550000 0.02299869
v 0.02506770 -0.00780000 0.02299869
v 0.02560703 -0.00550000 0.02342876
v 0.02560703 -0.00780000 0.02342876
v 0.02590634 -0.00550000 0.02405026
v 0.02590634 -0.00780000 0.02405026
v 0.02590634 -0.00550000 0.02474010
v 0.02590634 -0.00780000 0.02474010
v 0.02560703 -0.00550000 0.02536159
v 0.02560703 -0.00780000 0.02536159
v 0.02506770 -0.00550000 0.02579167
v 0.02506770 -0.00780000 0.02579167
v 0.02739517 -0.00780000 0.02439519
v 0.02724142 -0.00780000 0.02534330
v 0.02643923 -0.00780000 0.02659106
v 0.02513726 -0.00780000 0.02730196
v 0.02365388 -0.00780000 0.02730214
v 0.02235172 -0.00780000 0.02659160
v 0.02154921 -0.00780000 0.02534404
v 0.02139519 -0.00780000 0.02439519
v 0.02154918 -0.00780000 0.02344638
v 0.02235157 -0.00780000 0.02219891
v 0.02365355 -0.00780000 0.02148831
v 0.02513681 -0.00780000 0.02148831
v 0.02643878 -0.00780000 0.02219891
v 0.02724121 -0.00780000 0.02344638
v 0.02139596 -0.01050000 0.02446350
v 0.01887051 -0.01050000 0.02646041
v 0.02139537 -0.01050068 0.02442932
v 0.01877202 -0.01052965 0.02632230
v 0.02147020 -0.01098725 0.02372852
v 0.02145959 -0.01083219 0.02377691
v 0.01859836 -0.01082594 0.02607879
v 0.02142121 -0.01062413 0.02400097
v 0.01866622 -0.01064478 0.02617392
v 0.02139954 -0.01052970 0.02423375
v 0.02139519 -0.01050270 0.02439519
v 0.01552800 -0.01077082 0.02804377
v 0.01550869 -0.01100000 0.02799072
v 0.01858021 -0.01100000 0.02605334
v 0.02147026 -0.01100000 0.02372822
v 0.01556001 -0.01064470 0.02813175
v 0.01558144 -0.01059267 0.02819064
v 0.01562310 -0.01052960 0.02830508
v 0.01565195 -0.01050737 0.02838438
v 0.01568178 -0.01050000 0.02846631
v 0.02154921 -0.01050000 0.02534404
v 0.02235172 -0.01050000 0.02659160
v 0.02365388 -0.01050000 0.02730214
v 0.02513726 -0.01050000 0.02730196
v 0.02643923 -0.01050000 0.02659106
v 0.02724142 -0.01050000 0.02534330
v 0.02739517 -0.01050000 0.02439439
v 0.02724121 -0.01050000 0.02344638
v 0.02643878 -0.01050000 0.02219891
v 0.02513681 -0.01050000 0.02148831
v 0.02365355 -0.01050000 0.02148831
v 0.02266292 -0.01049978 0.02194589
v 0.02236496 -0.01094685 0.02218654
v 0.02201123 -0.01154983 0.02257400
v 0.02180834 -0.01195816 0.02287593
v 0.02147917 -0.01279287 0.02369031
v 0.02148656 -0.01283432 0.02366021
v 0.02147002 -0.01261659 0.02372864
v 0.02063991 -0.01370173 0.02445390
v 0.01977495 -0.01480000 0.02515852
v 0.01550869 -0.01480000 0.02799072
v 0.01768575 -0.01480000 0.02666860
v 0.01675425 -0.01530000 0.02185544
v 0.01698105 -0.01530000 0.02180400
v 0.01946596 -0.01530000 0.02476543
v 0.01533551 -0.01530000 0.02751493
v 0.01394726 -0.01530000 0.02370071
v 0.01740940 -0.01530000 0.02625191
v 0.01594434 -0.01530000 0.02240598
v 0.01651714 -0.01530000 0.02198714
v 0.01394726 -0.01050000 0.02370071
v 0.01550622 -0.01488445 0.02798396
v 0.01541619 -0.01524223 0.02773660
v 0.01545791 -0.01515370 0.02785128
v 0.01547779 -0.01508508 0.02790582
v 0.01549796 -0.01497315 0.02796128
v 0.01950706 -0.01529556 0.02481770
v 0.01957292 -0.01526910 0.02490148
v 0.01750506 -0.01526910 0.02639612
v 0.01973815 -0.01503666 0.02511170
v 0.01975585 -0.01497306 0.02513423
v 0.01766868 -0.01497306 0.02664286
v 0.01760481 -0.01515355 0.02654656
v 0.01968445 -0.01515355 0.02504339
v 0.01970513 -0.01511658 0.02506968
v 0.01980181 -0.01483626 0.02513405
v 0.01967783 -0.01525251 0.02478420
v 0.01970766 -0.01518651 0.02497086
v 0.01983203 -0.01513278 0.02469292
v 0.01983697 -0.01512959 0.02470436
v 0.01987747 -0.01507085 0.02485090
v 0.01988069 -0.01505287 0.02488404
v 0.01987610 -0.01499100 0.02497831
v 0.01985789 -0.01493562 0.02504471
v 0.01982735 -0.01487582 0.02510255
v 0.01973681 -0.01515355 0.02453816
v 0.01962737 -0.01525344 0.02463001
v 0.01961256 -0.01526194 0.02464243
v 0.02068551 -0.01376909 0.02440348
v 0.02149437 -0.01289875 0.02359455
v 0.02073340 -0.01388538 0.02427995
v 0.02149249 -0.01292864 0.02356076
v 0.02073346 -0.01396692 0.02415362
v 0.02144606 -0.01303533 0.02341601
v 0.02068598 -0.01403147 0.02399727
v 0.02138941 -0.01308349 0.02333000
v 0.02052579 -0.01413711 0.02389714
v 0.02129377 -0.01312056 0.02323091
v 0.02066008 -0.01372939 0.02443492
v 0.02247493 -0.01116752 0.02167484
v 0.02190937 -0.01186550 0.02201202
v 0.02294407 -0.01050000 0.02112081
v 0.02296568 -0.01050000 0.02160385
v 0.02284734 -0.01050000 0.02177932
v 0.02250643 -0.01096641 0.02201855
v 0.02299024 -0.01050000 0.02154854
v 0.02252568 -0.01108769 0.02185568
v 0.02299152 -0.01050000 0.02119389
v 0.02302791 -0.01050000 0.02136898
v 0.02171389 -0.01234027 0.02299603
v 0.02205927 -0.01166829 0.02246505
v 0.02198930 -0.01186534 0.02216959
v 0.02205412 -0.01178255 0.02232077
v 0.02161587 -0.01253379 0.02275341
v 0.02168937 -0.01244900 0.02287444
v 0.02151133 -0.01258275 0.02265349
v 0.02090896 -0.01050000 0.01869544
v 0.01926519 -0.01281946 0.02034488
v 0.01748575 -0.01515355 0.02185547
v 0.01734160 -0.01522494 0.02182379
v 0.01719825 -0.01527190 0.02180579
v 0.02086047 -0.01050000 0.01864773
v 0.01888235 -0.01303241 0.02036085
v 0.02077253 -0.01050000 0.01859539
v 0.01902337 -0.01307018 0.02046021
v 0.01905433 -0.01307282 0.02049043
v 0.02045636 -0.01040009 0.01852753
v 0.02055885 -0.01050000 0.01856404
v 0.02056820 -0.01050000 0.01856342
v 0.02064745 -0.01050000 0.01856452
v 0.01872761 -0.01295288 0.02030852
v 0.01858781 -0.01284657 0.02031248
v 0.02035217 -0.01033926 0.01855206
v 0.01989732 -0.01069729 0.01898279
v 0.02020596 -0.01030170 0.01865640
v 0.02016650 -0.01030000 0.01869657
v 0.01841671 -0.01279432 0.02042240
v 0.04569773 -0.01156039 0.01160436
v 0.04533819 -0.01108224 0.01213273
v 0.04524009 -0.01132462 0.01149681
v 0.04353313 -0.01066696 0.01086768
v 0.04280103 -0.01050999 0.01139190
v 0.04296539 -0.01056561 0.01037603
v 0.04345105 -0.01056949 0.01176402
v 0.04313729 -0.01049998 0.01272794
v 0.04259984 -0.01050009 0.01166710
v 0.04565568 -0.01286764 0.00823781
v 0.04577152 -0.01316745 0.00787386
v 0.04554481 -0.01253619 0.00905636
v 0.04599999 -0.01450006 0.00787386
v 0.04599999 -0.01428942 0.00824999
v 0.04599999 -0.01417888 0.00843858
v 0.04584957 -0.01326091 0.00891074
v 0.04507725 -0.01184734 0.00927728
v 0.04445879 -0.01125421 0.00958290
v 0.04465012 -0.01145829 0.00902882
v 0.04487498 -0.01167007 0.00897193
v 0.04519496 -0.01204585 0.00882542
v 0.04555647 -0.01264796 0.00844100
v 0.04224966 -0.01050011 0.01049733
v 0.04212089 -0.01049964 0.00977334
v 0.04326217 -0.01067962 0.00933671
v 0.04416816 -0.01059696 0.01264730
v 0.04352201 -0.01051687 0.01264402
v 0.04575531 -0.01140083 0.01188025
v 0.04588718 -0.01164736 0.01163706
v 0.04591350 -0.01155492 0.01176169
v 0.04596166 -0.01167772 0.01164463
v 0.04597164 -0.01162750 0.01170283
v 0.04599802 -0.01166599 0.01166853
v 0.04596595 -0.01156842 0.01176527
v 0.04593561 -0.01151581 0.01181677
v 0.04579962 -0.01134907 0.01197701
v 0.04564581 -0.01121361 0.01210394
v 0.04574437 -0.01258634 0.00999134
v 0.04600001 -0.01313261 0.00998923
v 0.04600001 -0.01250050 0.01076975
v 0.04533241 -0.01190142 0.01026392
v 0.04411302 -0.01069419 0.01196617
v 0.04474784 -0.01087662 0.01207065
v 0.04497079 -0.01083473 0.01244422
v 0.04562826 -0.01120002 0.01211649
v 0.04471184 -0.01106592 0.01135975
v 0.04413221 -0.01083613 0.01117050
v 0.04256217 -0.01050012 0.01156872
v 0.04398538 -0.01099579 0.00909489
v 0.04373301 -0.01081568 0.00996095
v 0.04425956 -0.01102374 0.01037517
v 0.04478101 -0.01129561 0.01065760
v 0.04525880 -0.01160102 0.01087516
v 0.04567472 -0.01189490 0.01106211
v 0.04600001 -0.01196232 0.01136455
v 0.04600004 -0.01174969 0.01158425
v 0.04600001 -0.01177269 0.01156088
v 0.04306109 -0.01062944 0.00909325
v 0.04204662 -0.01049997 0.00908136
v 0.04999999 -0.01005032 0.00759235
v 0.04799999 -0.01005032 0.00759235
v 0.04999999 -0.00948298 0.00702500
v 0.04799999 -0.00948298 0.00702500
v 0.04999999 -0.00927531 0.00624999
v 0.04799999 -0.00927531 0.00624999
v 0.04999999 -0.00948298 0.00547501
v 0.04799999 -0.00948298 0.00547501
v 0.04999999 -0.01005032 0.00490766
v 0.04799999 -0.01005032 0.00490766
v 0.04999999 -0.01082532 0.00470000
v 0.04799999 -0.01082532 0.00470000
v 0.04999999 -0.01160032 0.00490766
v 0.04799999 -0.01160032 0.00490766
v 0.04999999 -0.01210598 0.00537684
v 0.04799999 -0.01210598 0.00537684
v 0.04999999 -0.01235801 0.00601899
v 0.04799999 -0.01235801 0.00601899
v 0.04999999 -0.01230646 0.00670686
v 0.04799999 -0.01230646 0.00670686
v 0.04999999 -0.01196155 0.00730428
v 0.04799999 -0.01196155 0.00730428
v 0.04999999 -0.01139159 0.00769284
v 0.04799999 -0.01139159 0.00769284
v 0.04999999 -0.01070948 0.00779566
v 0.04799999 -0.01070948 0.00779566
v 0.04799999 -0.00804211 0.00686338
v 0.04799999 -0.00808377 0.00547126
v 0.04799999 -0.00878014 0.00426513
v 0.04799999 -0.00996492 0.00353297
v 0.04799999 -0.01135517 0.00344967
v 0.04799999 -0.01225032 0.00378182
v 0.04799999 -0.01298554 0.00439098
v 0.04799999 -0.01360853 0.00563663
v 0.04799999 -0.01356686 0.00702872
v 0.04799999 -0.01287050 0.00823488
v 0.04799999 -0.01168572 0.00896701
v 0.04799999 -0.01029547 0.00905031
v 0.04799999 -0.00940032 0.00871816
v 0.04799999 -0.00866510 0.00810903
v 0.02727575 -0.01005948 0.00350481
v 0.02728288 -0.01030000 0.00344884
v 0.02748824 -0.01050000 0.00341862
v 0.04200001 -0.01050000 0.00341862
v 0.02722828 -0.00927896 0.00385600
v 0.02695004 -0.00808351 0.00547218
v 0.02701424 -0.00819828 0.00514495
v 0.02714245 -0.00864006 0.00442048
v 0.02716727 -0.00877987 0.00426539
v 0.02684308 -0.00798863 0.00597488
v 0.02662961 -0.00804186 0.00686228
v 0.02643258 -0.00830880 0.00758779
v 0.02627907 -0.00866482 0.00810870
v 0.02624027 -0.00877916 0.00823387
v 0.02608148 -0.00940032 0.00871816
v 0.04300405 -0.01062805 0.00340685
v 0.04393760 -0.01100062 0.00340539
v 0.04470656 -0.01155474 0.00349491
v 0.04530741 -0.01225032 0.00378182
v 0.04525475 -0.01217477 0.00373974
v 0.04484517 -0.01168843 0.00353384
v 0.02606351 -0.00949753 0.00877180
v 0.02596779 -0.01030000 0.00905117
v 0.02616904 -0.01050000 0.00908136
v 0.04587511 -0.01350870 0.00721019
v 0.04589791 -0.01360205 0.00560796
v 0.04591368 -0.01367346 0.00635284
v 0.04588957 -0.01356679 0.00702899
v 0.04581220 -0.01328930 0.00481778
v 0.04564030 -0.01284309 0.00423726
v 0.02770052 -0.01050054 -0.00000000
v 0.02750001 -0.01030000 -0.00000000
v 0.02016650 -0.01030000 -0.01869658
v 0.02034635 -0.01033679 -0.01855481
v 0.02196242 -0.01030000 -0.01655001
v 0.02044545 -0.01039213 -0.01852772
v 0.02053879 -0.01047612 -0.01855025
v 0.02055885 -0.01050000 -0.01856405
v 0.02091492 -0.01050000 -0.01816199
v 0.02248482 -0.01050000 -0.01617805
v 0.02313159 -0.01030000 -0.01487211
v 0.02394025 -0.01050000 -0.01393319
v 0.02491350 -0.01030000 -0.01164335
v 0.02517216 -0.01050000 -0.01156128
v 0.02552880 -0.01030000 -0.01022402
v 0.02196242 -0.01030000 0.01655000
v 0.02225245 -0.01050000 0.01649633
v 0.02313159 -0.01030000 0.01487210
v 0.02373825 -0.01050000 0.01427462
v 0.02356611 -0.01030000 0.01417350
v 0.02491350 -0.01030000 0.01164335
v 0.02552880 -0.01030000 0.01022401
v 0.02598808 -0.01050000 0.00958705
v 0.02500505 -0.01050000 0.01191818
v 0.01412110 -0.01530000 -0.02417839
v 0.01550869 -0.01530000 -0.02799073
v 0.01570300 -0.01530000 -0.02318222
v 0.01861189 -0.01530000 -0.02603069
v 0.01721491 -0.01530000 -0.02208272
v 0.01937280 -0.01530000 -0.02546949
v 0.01945035 -0.01530000 -0.02540395
v 0.01957814 -0.01530000 -0.02525685
v 0.01968754 -0.01530000 -0.02502948
v 0.01692651 -0.01497306 -0.02171275
v 0.01543994 -0.01497306 -0.02279383
v 0.01696761 -0.01509700 -0.02176550
v 0.01550473 -0.01515355 -0.02288950
v 0.01710851 -0.01526910 -0.02194623
v 0.01699756 -0.01515355 -0.02180389
v 0.01697974 -0.01512199 -0.02178103
v 0.01711736 -0.01527415 -0.02195758
v 0.01560597 -0.01526910 -0.02303893
v 0.01403989 -0.01524187 -0.02395526
v 0.01399822 -0.01515372 -0.02384079
v 0.01690752 -0.01480000 -0.02168838
v 0.01542259 -0.01480000 -0.02276826
v 0.01394726 -0.01480000 -0.02370072
v 0.01394976 -0.01488496 -0.02370760
v 0.01395802 -0.01497318 -0.02373031
v 0.01397811 -0.01508428 -0.02378548
v 0.01737429 -0.01525466 -0.02194900
v 0.01717530 -0.01523468 -0.02183882
v 0.01736150 -0.01526194 -0.02195973
v 0.01729707 -0.01510384 -0.02169422
v 0.01716794 -0.01503341 -0.02164305
v 0.01708354 -0.01497331 -0.02163250
v 0.01702822 -0.01492711 -0.02163664
v 0.01748575 -0.01515355 -0.02185545
v 0.01748024 -0.01515334 -0.02184871
v 0.01745163 -0.01515070 -0.02181629
v 0.01731835 -0.01511294 -0.02170673
v 0.01891835 -0.01268898 -0.02013094
v 0.01907356 -0.01276853 -0.02018184
v 0.02064721 -0.01050000 -0.01856453
v 0.01921551 -0.01280630 -0.02027989
v 0.02076541 -0.01050000 -0.01859281
v 0.01924674 -0.01280894 -0.02030978
v 0.02090896 -0.01050000 -0.01869542
v 0.01926531 -0.01281931 -0.02034480
v 0.01989738 -0.01069721 -0.01898274
v 0.01866267 -0.01245551 -0.02019787
v 0.01877863 -0.01258265 -0.02013624
v 0.02190937 -0.01186550 -0.02201203
v 0.02188553 -0.01190358 -0.02204284
v 0.02198924 -0.01186528 -0.02216918
v 0.02171401 -0.01234068 -0.02299518
v 0.02149261 -0.01292901 -0.02355978
v 0.02148668 -0.01283404 -0.02365995
v 0.02161581 -0.01253368 -0.02275297
v 0.02136655 -0.01309601 -0.02330271
v 0.02147154 -0.01299722 -0.02347243
v 0.02129377 -0.01312056 -0.02323091
v 0.02294407 -0.01050000 -0.02112079
v 0.02247487 -0.01116752 -0.02167446
v 0.02301858 -0.01050000 -0.02127183
v 0.02302442 -0.01050000 -0.02130461
v 0.02205409 -0.01178276 -0.02232007
v 0.02252568 -0.01108799 -0.02185494
v 0.02298994 -0.01050000 -0.02154917
v 0.02301429 -0.01050000 -0.02147136
v 0.02243246 -0.01083936 -0.02212635
v 0.02266164 -0.01050000 -0.02194679
v 0.02284674 -0.01050000 -0.02177993
v 0.02159525 -0.01248023 -0.02331797
v 0.02201484 -0.01154432 -0.02256927
v 0.02205951 -0.01166881 -0.02246416
v 0.02250678 -0.01096706 -0.02201769
v 0.02168928 -0.01244915 -0.02287376
v 0.01973681 -0.01515355 -0.02453816
v 0.02052582 -0.01413707 -0.02389712
v 0.01973913 -0.01522737 -0.02468720
v 0.02048869 -0.01428875 -0.02416239
v 0.02053572 -0.01422481 -0.02431915
v 0.02053381 -0.01413689 -0.02445448
v 0.02147026 -0.01261658 -0.02372820
v 0.02046863 -0.01399802 -0.02459339
v 0.02044023 -0.01395825 -0.02462107
v 0.02147449 -0.01274711 -0.02370999
v 0.02048264 -0.01401994 -0.02457595
v 0.01957811 -0.01530000 -0.02525682
v 0.02147026 -0.01100000 -0.02372820
v 0.01858021 -0.01100000 -0.02605331
v 0.01550869 -0.01100000 -0.02799073
v 0.02739517 -0.01050000 -0.02439389
v 0.02739517 -0.00780000 -0.02439517
v 0.02724157 -0.01050000 -0.02534286
v 0.02724157 -0.00780000 -0.02534286
v 0.02643950 -0.01050000 -0.02659080
v 0.02643950 -0.00780000 -0.02659080
v 0.02513755 -0.01050000 -0.02730188
v 0.02513755 -0.00780000 -0.02730188
v 0.02365408 -0.01050000 -0.02730221
v 0.02365408 -0.00780000 -0.02730221
v 0.02235181 -0.01050000 -0.02659169
v 0.02235181 -0.00780000 -0.02659169
v 0.02154921 -0.01050000 -0.02534411
v 0.02154921 -0.00780000 -0.02534411
v 0.02139596 -0.01050000 -0.02446351
v 0.02139519 -0.00780000 -0.02439517
v 0.02139537 -0.01050068 -0.02442933
v 0.02139519 -0.01050270 -0.02439517
v 0.01866527 -0.01064644 -0.02617255
v 0.02142582 -0.01064449 -0.02396757
v 0.01859815 -0.01082694 -0.02607847
v 0.02143640 -0.01069388 -0.02389956
v 0.02146278 -0.01085996 -0.02376196
v 0.01877005 -0.01053090 -0.02631951
v 0.02139718 -0.01051786 -0.02428547
v 0.01887054 -0.01050000 -0.02646041
v 0.01560120 -0.01055771 -0.02824492
v 0.01568178 -0.01050000 -0.02846632
v 0.01555942 -0.01064632 -0.02813015
v 0.01551114 -0.01091586 -0.02799744
v 0.01551939 -0.01082685 -0.02802015
v 0.01553960 -0.01071486 -0.02807567
v 0.01394726 -0.01050000 -0.02370072
v -0.02241360 -0.00780000 -0.02320001
v -0.02241360 -0.00550000 -0.02320001
v -0.02264317 -0.00550000 -0.02325583
v -0.02264317 -0.00780000 -0.02325583
v -0.02282147 -0.00550000 -0.02341083
v -0.02282147 -0.00780000 -0.02341083
v -0.02290874 -0.00550000 -0.02363041
v -0.02290874 -0.00780000 -0.02363041
v -0.02288540 -0.00550000 -0.02386552
v -0.02288540 -0.00780000 -0.02386552
v -0.02281075 -0.00780000 -0.02461788
v -0.02281075 -0.00550000 -0.02461788
v -0.02308990 -0.00780000 -0.02532053
v -0.02308990 -0.00550000 -0.02532053
v -0.02366053 -0.00780000 -0.02581656
v -0.02366053 -0.00550000 -0.02581656
v -0.02439519 -0.00780000 -0.02599520
v -0.02439519 -0.00550000 -0.02599520
v -0.02512984 -0.00780000 -0.02581656
v -0.02512984 -0.00550000 -0.02581656
v -0.02570047 -0.00780000 -0.02532053
v -0.02570047 -0.00550000 -0.02532053
v -0.02597960 -0.00780000 -0.02461788
v -0.02597960 -0.00550000 -0.02461788
v -0.02590497 -0.00780000 -0.02386552
v -0.02590497 -0.00550000 -0.02386552
v -0.02588164 -0.00550000 -0.02363041
v -0.02588164 -0.00780000 -0.02363041
v -0.02596887 -0.00550000 -0.02341083
v -0.02596887 -0.00780000 -0.02341083
v -0.02614721 -0.00550000 -0.02325583
v -0.02614721 -0.00780000 -0.02325583
v -0.02637677 -0.00550000 -0.02320001
v -0.02637677 -0.00780000 -0.02320001
v 0.04999999 0.01160032 0.00490766
v 0.04799999 0.01160032 0.00490766
v 0.04999999 0.01082532 0.00470000
v 0.04799999 0.01082532 0.00470000
v 0.04999999 0.01005032 0.00490766
v 0.04799999 0.01005032 0.00490766
v 0.04999999 0.00948298 0.00547501
v 0.04799999 0.00948298 0.00547501
v 0.04999999 0.00927532 0.00624999
v 0.04799999 0.00927532 0.00624999
v 0.04999999 0.00948298 0.00702500
v 0.04799999 0.00948298 0.00702500
v 0.04999999 0.01005032 0.00759235
v 0.04799999 0.01005032 0.00759235
v 0.04999999 0.01070949 0.00779566
v 0.04799999 0.01070949 0.00779566
v 0.04999999 0.01139160 0.00769284
v 0.04799999 0.01139160 0.00769284
v 0.04999999 0.01196155 0.00730428
v 0.04799999 0.01196155 0.00730428
v 0.04999999 0.01230645 0.00670686
v 0.04799999 0.01230645 0.00670686
v 0.04999999 0.01235801 0.00601899
v 0.04799999 0.01235801 0.00601899
v 0.04999999 0.01210599 0.00537684
v 0.04799999 0.01210599 0.00537684
v 0.04799999 0.00996492 0.00353297
v 0.04799999 0.00878014 0.00426513
v 0.04799999 0.00808377 0.00547126
v 0.04799999 0.00804211 0.00686338
v 0.04799999 0.00866510 0.00810903
v 0.04799999 0.00940032 0.00871816
v 0.04799999 0.01029547 0.00905031
v 0.04799999 0.01168572 0.00896701
v 0.04799999 0.01287049 0.00823488
v 0.04799999 0.01356687 0.00702872
v 0.04799999 0.01360853 0.00563663
v 0.04799999 0.01298554 0.00439098
v 0.04799999 0.01225032 0.00378182
v 0.04799999 0.01135516 0.00344967
v 0.04495079 0.01013742 0.00901571
v 0.04426927 0.00954394 0.00879553
v 0.04404519 0.00940032 0.00871816
v 0.04599999 0.01283792 0.00423210
v 0.04598985 0.01255339 0.00398367
v 0.04595659 0.01225032 0.00378182
v 0.04594905 0.01220162 0.00874579
v 0.04599999 0.01283792 0.00826791
v 0.04599999 0.01287049 0.00823488
v 0.04599999 0.01356687 0.00702872
v 0.04599999 0.01360853 0.00563663
v 0.04599999 0.01298554 0.00439098
v 0.04542510 0.01077182 0.00909930
v 0.04576666 0.01149170 0.00902101
v 0.04582946 0.01168234 0.00896811
v 0.04368569 0.00921047 0.00859835
v 0.04332141 0.00906249 0.00848940
v 0.04182221 0.00853777 0.00795170
v 0.04027684 0.00799689 0.00589546
v 0.04053019 0.00808556 0.00546225
v 0.04112233 0.00829282 0.00494265
v 0.04086996 0.00820449 0.00736969
v 0.04040961 0.00804336 0.00687313
v 0.04022140 0.00797750 0.00636416
v 0.04486902 0.01005067 0.00350740
v 0.04423539 0.00952085 0.00371635
v 0.04332141 0.00906249 0.00401058
v 0.04253499 0.00878725 0.00425684
v 0.04217110 0.00865988 0.00439551
v 0.04592652 0.01207478 0.00368848
v 0.04572732 0.01138635 0.00345614
v 0.04539351 0.01072034 0.00340202
v 0.04595659 0.01225032 -0.00378183
v 0.04598985 0.01255339 -0.00398368
v 0.04599999 0.01283792 -0.00423211
v 0.04578177 0.01153474 -0.00348998
v 0.04544060 0.01079775 -0.00340030
v 0.04332141 0.00906249 -0.00401059
v 0.04490201 0.01008505 -0.00349793
v 0.04465802 0.00984879 -0.00357259
v 0.04418884 0.00948995 -0.00373251
v 0.04999999 0.01005032 -0.00759235
v 0.04799999 0.01005032 -0.00759235
v 0.04999999 0.00954465 -0.00712315
v 0.04799999 0.00954465 -0.00712315
v 0.04999999 0.00929263 -0.00648103
v 0.04799999 0.00929263 -0.00648103
v 0.04999999 0.00934418 -0.00579313
v 0.04799999 0.00934418 -0.00579313
v 0.04999999 0.00968909 -0.00519574
v 0.04799999 0.00968909 -0.00519574
v 0.04999999 0.01025904 -0.00480715
v 0.04799999 0.01025904 -0.00480715
v 0.04999999 0.01094115 -0.00470433
v 0.04799999 0.01094115 -0.00470433
v 0.04999999 0.01160032 -0.00490767
v 0.04799999 0.01160032 -0.00490767
v 0.04999999 0.01216766 -0.00547499
v 0.04799999 0.01216766 -0.00547499
v 0.04999999 0.01237532 -0.00625000
v 0.04799999 0.01237532 -0.00625000
v 0.04999999 0.01216766 -0.00702501
v 0.04799999 0.01216766 -0.00702501
v 0.04999999 0.01160032 -0.00759235
v 0.04799999 0.01160032 -0.00759235
v 0.04999999 0.01082532 -0.00779999
v 0.04799999 0.01082532 -0.00779999
v 0.04799999 0.01360853 -0.00563661
v 0.04799999 0.01356687 -0.00702873
v 0.04799999 0.01287049 -0.00823489
v 0.04799999 0.01168572 -0.00896702
v 0.04799999 0.01029547 -0.00905031
v 0.04799999 0.00940032 -0.00871817
v 0.04799999 0.00866510 -0.00810901
v 0.04799999 0.00804211 -0.00686339
v 0.04799999 0.00808377 -0.00547126
v 0.04799999 0.00878014 -0.00426510
v 0.04799999 0.00996492 -0.00353298
v 0.04799999 0.01135516 -0.00344968
v 0.04799999 0.01225032 -0.00378183
v 0.04799999 0.01298554 -0.00439099
v 0.04591037 0.01199597 -0.00884843
v 0.04582880 0.01168018 -0.00896880
v 0.04598985 0.01255339 -0.00398365
v 0.04568089 0.01127235 -0.00906471
v 0.04530526 0.01058509 -0.00908956
v 0.04475291 0.00993595 -0.00895757
v 0.04404519 0.00940032 -0.00871817
v 0.04599620 0.01266387 -0.00842786
v 0.04599999 0.01283792 -0.00826791
v 0.04599999 0.01298554 -0.00439099
v 0.04599999 0.01360853 -0.00563661
v 0.04599999 0.01356687 -0.00702873
v 0.04599999 0.01287049 -0.00823489
v 0.04040961 0.00804336 -0.00562689
v 0.04086996 0.00820449 -0.00513030
v 0.04182221 0.00853777 -0.00454832
v 0.04255654 0.00879479 -0.00424916
v 0.04022140 0.00797750 -0.00613586
v 0.04027684 0.00799689 -0.00660453
v 0.04040973 0.00804341 -0.00687328
v 0.04053019 0.00808556 -0.00703776
v 0.04379822 0.00926491 -0.00863508
v 0.04332141 0.00906249 -0.00848940
v 0.04217110 0.00865988 -0.00810451
v 0.04112233 0.00829282 -0.00755734
v 0.04599999 0.01283792 -0.01036522
v 0.04589019 0.01190708 -0.01142198
v 0.04506217 0.01026437 -0.01291860
v 0.04582344 0.01166260 -0.01167149
v 0.04570268 0.01132462 -0.01199979
v 0.04556609 0.01102604 -0.01227487
v 0.04332141 0.00906249 -0.01378844
v 0.04362969 0.00918496 -0.01370719
v 0.04442785 0.00965901 -0.01337725
v 0.04599999 0.01428942 -0.00825000
v 0.04599999 0.01283792 0.01036521
v 0.04599999 0.01428942 0.00824999
v 0.04599999 0.01593778 -0.00427053
v 0.04599999 0.01650000 -0.00000000
v 0.04599999 0.01593778 0.00427052
v 0.04332141 0.00906249 0.01378846
v 0.04415048 0.00946517 0.01351517
v 0.04485012 0.01003136 0.01310032
v 0.04542373 0.01076957 0.01250064
v 0.04580776 0.01161278 0.01172104
v 0.04582460 0.01166642 0.01166767
v 0.04598580 0.01250113 0.01076892
v 0.04610617 0.00700000 0.01642787
v 0.04602842 0.00763685 0.01648071
v 0.03742857 0.00700000 0.02232396
v 0.04599999 0.00836660 0.01649999
v 0.04599999 0.01000000 0.01649999
v 0.03172762 0.00500458 0.02845192
v 0.03171427 0.00500000 0.02862462
v 0.04599999 0.00500000 0.01891800
v 0.03198970 0.00509614 0.02769684
v 0.04599999 0.00502331 0.01854381
v 0.04599999 0.00525423 0.01773819
v 0.03259725 0.00530904 0.02673345
v 0.03363619 0.00567251 0.02551019
v 0.04603301 0.00551112 0.01728069
v 0.04604850 0.00558393 0.01717734
v 0.03538774 0.00628565 0.02387017
v 0.04614265 0.00604124 0.01669901
v 0.04616727 0.00649621 0.01646408
v 0.04750000 -0.00500000 0.03499999
v 0.04750000 -0.00500000 0.02950000
v 0.04750000 0.00450000 0.03499999
v 0.04750000 0.00500000 0.02950000
v 0.04750000 0.00500000 0.03450000
v 0.04450000 0.00200000 0.03000000
v 0.03171427 0.00200000 0.03000000
v 0.04450000 -0.00200000 0.03000000
v 0.03171427 -0.00200000 0.03000000
v 0.04450000 -0.00200000 0.03499999
v 0.03171427 -0.00200000 0.03499999
v 0.03171427 0.00200000 0.03499999
v 0.04450000 0.00200000 0.03499999
v 0.03028573 0.00450000 0.03499999
v 0.02520416 -0.00500000 0.03499999
v 0.02520416 0.00272146 0.03499999
v 0.03171427 0.00500000 0.03450000
v 0.04674999 0.00500000 0.02929905
v 0.04620097 0.00500000 0.02875000
v 0.04599999 0.00500000 0.02799999
v 0.04674999 -0.00500000 0.02929905
v 0.04620097 -0.00500000 0.02875000
v 0.04599999 -0.00500000 0.02799999
v 0.02692867 -0.00500000 0.03187626
v 0.02592755 -0.00500000 0.03268119
v 0.02545188 -0.00512362 0.03217828
v 0.02653963 -0.00512362 0.03130370
v 0.02495576 -0.00558579 0.03165373
v 0.02613388 -0.00558579 0.03070652
v 0.02463819 -0.00630776 0.03131798
v 0.02587412 -0.00630776 0.03032425
v 0.02580465 -0.00700000 0.03022199
v 0.02455325 -0.00700000 0.03122815
v 0.02332748 -0.00700000 0.03262522
v 0.02314598 -0.00700000 0.03288421
v 0.02317769 -0.00653806 0.03293383
v 0.02342759 -0.00630776 0.03269776
v 0.02321873 -0.00630573 0.03299880
v 0.02333642 -0.00590457 0.03318742
v 0.02380181 -0.00558579 0.03296896
v 0.02358578 -0.00543342 0.03359538
v 0.02380959 -0.00519144 0.03397661
v 0.02438642 -0.00512362 0.03339263
v 0.02391936 -0.00511269 0.03416934
v 0.02494694 -0.00500000 0.03379884
v 0.02428917 -0.00500000 0.03487414
v 0.02406163 -0.00500000 0.03503266
v 0.04599999 -0.00500000 0.01891800
v 0.04599906 -0.00503441 0.01847207
v 0.04599999 -0.00525424 0.01773819
v 0.04607059 -0.00568146 0.01705178
v 0.04616330 -0.00622333 0.01657885
v 0.04614587 -0.00673777 0.01642167
v 0.04610617 -0.00700000 0.01642787
v 0.04612361 -0.00442260 0.01724985
v 0.04612361 -0.00731931 0.01623404
v 0.04799999 -0.00427051 0.01593777
v 0.04799999 -0.00409781 0.01598304
v 0.04730777 -0.00412851 0.01610279
v 0.04730777 -0.00130174 0.01657256
v 0.04730777 0.00707144 0.01504457
v 0.04730777 0.00438268 0.01603549
v 0.04799999 0.00435009 0.01591625
v 0.04599999 0.00487738 0.01784548
v 0.04612361 0.00469487 0.01717773
v 0.04658578 0.00726804 0.01546284
v 0.04658578 0.00450453 0.01648131
v 0.04612361 0.00757516 0.01611626
v 0.04629473 0.01010320 0.01423379
v 0.04603420 0.01001227 0.01511669
v 0.04599999 0.01000000 0.01556438
v 0.04658578 0.00981558 0.01398494
v 0.04675389 0.01026368 0.01347118
v 0.04799999 0.01070000 0.01256024
v 0.04732503 0.01046373 0.01290917
v 0.04799999 0.00947906 0.01350546
v 0.04730777 0.00955007 0.01360663
v 0.04799999 0.00825000 0.01428941
v 0.04799999 0.00701885 0.01493272
v 0.04799999 -0.00129206 0.01644933
v 0.04799999 -0.00000000 0.01649999
v 0.04730777 0.00156370 0.01654991
v 0.04799999 0.00155207 0.01642683
v 0.04799999 0.00427051 0.01593777
v 0.04730777 -0.00933367 0.01375600
v 0.04703922 -0.01049986 0.01304522
v 0.04760207 -0.01049994 0.01277977
v 0.04799999 -0.00678179 0.01504185
v 0.04730777 -0.00683260 0.01515454
v 0.04799999 -0.00825000 0.01428940
v 0.04799999 -0.00926426 0.01365369
v 0.04799999 -0.01050000 0.01272791
v 0.04599999 -0.01050000 0.01523155
v 0.04612569 -0.01049978 0.01437613
v 0.04599999 -0.01038719 0.01530870
v 0.04612361 -0.00999853 0.01473587
v 0.04599999 -0.00836660 0.01649999
v 0.04609821 -0.00704806 0.01643327
v 0.04612361 0.00167509 0.01772880
v 0.04599999 0.00174020 0.01841798
v 0.04612361 -0.00139447 0.01775309
v 0.04599999 -0.00144867 0.01844319
v 0.04599999 -0.00459451 0.01792040
v 0.04658578 -0.00702256 0.01557588
v 0.04658578 -0.00424329 0.01655048
v 0.04658578 -0.00133794 0.01703333
v 0.04658578 0.00160718 0.01701003
v 0.04650123 -0.01049969 0.01359272
v 0.04658578 -0.00959316 0.01413843
v 0.04599999 -0.01020000 0.01649999
v 0.04599999 -0.01050000 0.01613730
v 0.02580465 -0.01020000 0.03022199
v 0.02563606 -0.01050000 0.02997386
v 0.02314598 -0.01020000 0.03288421
v 0.02434899 -0.01020000 0.03142693
v 0.02289761 -0.01050000 0.03271594
v 0.02413670 -0.01050000 0.03121495
v 0.02200810 -0.01020000 0.03399843
v 0.02184508 -0.01050000 0.03374660
v 0.02263306 -0.00700000 0.03349852
v 0.02200810 -0.00700000 0.03399843
v 0.02263845 -0.00680454 0.03350752
v 0.02207054 -0.00652914 0.03402495
v 0.02273507 -0.00616804 0.03366822
v 0.02237393 -0.00590193 0.03415209
v 0.02348344 -0.00512305 0.03459128
v 0.02295471 -0.00559507 0.03403654
v 0.02286292 -0.00542732 0.03435167
v 0.02266572 -0.00558255 0.03427207
v 0.01756014 -0.00671048 0.03651848
v 0.01687221 -0.00700000 0.03681817
v 0.02008955 -0.00700000 0.03516617
v 0.01946462 -0.00596992 0.03584131
v 0.02034120 -0.00567518 0.03560021
v 0.02015085 -0.00630776 0.03527352
v 0.02061627 -0.00559059 0.03553334
v 0.02259753 -0.00512481 0.03517061
v 0.02114735 -0.00543945 0.03541582
v 0.02299489 0.00195045 0.03512239
v 0.02099521 0.00125291 0.03544789
v 0.01687221 -0.00019473 0.03681817
v 0.01702024 -0.00014287 0.03675109
v 0.01908688 0.00058409 0.03595849
v 0.00087867 -0.00462132 0.03828993
v 0.00087867 -0.00462132 0.04049047
v 0.00368832 -0.00181173 0.03812199
v 0.00412132 -0.00137868 0.04028976
v 0.00412132 -0.00137868 0.03807762
v 0.00624264 -0.00050000 0.04001599
v 0.00624264 -0.00050000 0.03778782
v 0.00564949 -0.00055896 0.03788104
v 0.00537802 -0.00062746 0.04014134
v 0.00482137 -0.00085821 0.03799530
v 0.00458352 -0.00100022 0.04023981
v 0.01549016 -0.00050000 0.03742066
v 0.01549016 -0.00050000 0.03502777
v 0.01448138 -0.00050000 0.03545674
v 0.00832449 -0.00050000 0.03738439
v 0.00664700 -0.00050000 0.03995081
v 0.01309676 -0.00050000 0.03832394
v 0.01648120 -0.00033157 0.03699487
v 0.01648120 -0.00033157 0.03457254
v 0.01635654 -0.00037224 0.03463170
v 0.01599244 -0.00045765 0.03720876
v -0.00037767 -0.00537243 -0.04049823
v -0.00124263 -0.00550000 -0.04048095
v -0.00124263 -0.00550000 -0.03827984
v 0.00087867 -0.00462132 -0.03828991
v 0.00087867 -0.00462132 -0.04049048
v 0.00017602 -0.00514319 -0.03829959
v 0.00041963 -0.00499768 -0.04049781
v -0.00065251 -0.00544164 -0.03829444
v 0.00003154 -0.00521544 -0.04049999
v 0.00375400 -0.00174603 -0.04032565
v 0.00412131 -0.00137868 -0.03807763
v 0.00412131 -0.00137868 -0.04028976
v 0.00482167 -0.00085805 -0.04021195
v 0.00458408 -0.00099986 -0.03802467
v 0.00537820 -0.00062740 -0.03792051
v 0.00564993 -0.00055887 -0.04010398
v 0.00624264 -0.00050000 -0.03778783
v 0.00624264 -0.00050000 -0.04001600
v 0.00664700 -0.00050000 -0.03995082
v 0.00832449 -0.00050000 -0.03738439
v 0.01309676 -0.00050000 -0.03832394
v 0.01448138 -0.00050000 -0.03545672
v 0.01549016 -0.00050000 -0.03742063
v 0.01549016 -0.00050000 -0.03502778
v 0.01635672 -0.00037219 -0.03705007
v 0.01562045 -0.00049723 -0.03496987
v 0.01648120 -0.00033157 -0.03699485
v 0.01648120 -0.00033157 -0.03457252
v 0.02580465 -0.00700000 -0.03022200
v 0.02580465 -0.01020000 -0.03022200
v 0.02434899 -0.01020000 -0.03142694
v 0.02314598 -0.01020000 -0.03288421
v 0.02314598 -0.00700000 -0.03288421
v 0.02332751 -0.00700000 -0.03262520
v 0.02455325 -0.00700000 -0.03122813
v 0.02563606 -0.01050000 -0.02997387
v 0.02413670 -0.01050000 -0.03121496
v 0.02289761 -0.01050000 -0.03271592
v 0.04599999 -0.01050000 -0.01613731
v 0.04599999 -0.01020000 -0.01650000
v 0.04599999 -0.00836660 -0.01650000
v 0.04602693 -0.00765551 -0.01648170
v 0.04610617 -0.00700000 -0.01642788
v 0.02587412 -0.00630776 -0.03032425
v 0.02613388 -0.00558579 -0.03070653
v 0.04604850 -0.00558384 -0.01717744
v 0.04616727 -0.00649331 -0.01646519
v 0.04614205 -0.00603729 -0.01670203
v 0.04599879 -0.00510303 -0.01815275
v 0.04599999 -0.00525424 -0.01773817
v 0.04603199 -0.00550620 -0.01728800
v 0.02653963 -0.00512362 -0.03130371
v 0.02692867 -0.00500000 -0.03187627
v 0.04599999 -0.00500000 -0.01891798
v 0.04599999 0.00500000 -0.02800000
v 0.04599999 -0.00500000 -0.02800000
v 0.04611419 0.00500000 -0.02857402
v 0.04611419 -0.00500000 -0.02857402
v 0.04643933 0.00500000 -0.02906067
v 0.04643933 -0.00500000 -0.02906067
v 0.04692597 0.00500000 -0.02938581
v 0.04692597 -0.00500000 -0.02938581
v 0.04750000 0.00500000 -0.02950001
v 0.04750000 -0.00500000 -0.02950001
v 0.03171427 -0.00200000 -0.03500000
v 0.03171427 0.00200000 -0.03500000
v 0.03171427 -0.00200000 -0.03000000
v 0.03171427 0.00200000 -0.03000000
v 0.04450000 -0.00200000 -0.03500000
v 0.04450000 -0.00200000 -0.03000000
v 0.04450000 0.00200000 -0.03000000
v 0.04450000 0.00200000 -0.03500000
v 0.03028573 0.00450000 -0.03500000
v 0.04750000 0.00450000 -0.03500000
v 0.04750000 -0.00500000 -0.03500000
v 0.02520416 -0.00500000 -0.03500000
v 0.02520416 0.00272146 -0.03500000
v 0.04750000 0.00500000 -0.03450001
v 0.03171427 0.00500000 -0.03450001
v 0.03171427 0.00500000 -0.02862463
v 0.04599999 0.00500000 -0.01891798
v 0.03183545 0.00504208 -0.02804891
v 0.04599999 0.00512666 -0.01806859
v 0.03233115 0.00521602 -0.02711240
v 0.04599999 0.00525423 -0.01773817
v 0.03326793 0.00554338 -0.02591205
v 0.04607059 0.00568145 -0.01705176
v 0.03477130 0.00607137 -0.02440593
v 0.03545828 0.00631125 -0.02381063
v 0.04616333 0.00622335 -0.01657886
v 0.03647475 0.00666469 -0.02300629
v 0.04614587 0.00673779 -0.01642168
v 0.03742857 0.00700000 -0.02232397
v 0.04610617 0.00700000 -0.01642788
v 0.04599999 0.01000000 -0.01650000
v 0.04599999 0.00836660 -0.01650000
v 0.04609824 0.00704795 -0.01643324
v 0.04599999 -0.01038719 -0.01530868
v 0.04599999 -0.01050000 -0.01523155
v 0.04599999 -0.00459451 -0.01792038
v 0.04599999 -0.00144867 -0.01844320
v 0.04599999 0.00174020 -0.01841796
v 0.04599999 0.00487738 -0.01784549
v 0.04599999 0.01000000 -0.01556439
v 0.04940001 -0.00643806 -0.01486579
v 0.04909999 -0.00655728 -0.01514107
v 0.04940001 -0.00568079 -0.01517132
v 0.04909999 -0.00500000 -0.01572419
v 0.04940001 -0.00490909 -0.01543829
v 0.04799999 -0.00655728 -0.01514107
v 0.04799999 -0.00500000 -0.01572419
v 0.04774855 0.01061177 -0.01265562
v 0.04799999 0.01070000 -0.01256025
v 0.04799999 0.00947906 -0.01350546
v 0.04730777 0.00438268 -0.01603547
v 0.04730777 0.00707144 -0.01504457
v 0.04799999 0.00701885 -0.01493270
v 0.04730777 -0.00412851 -0.01610279
v 0.04730777 -0.00130174 -0.01657257
v 0.04799999 -0.00129206 -0.01644934
v 0.04678361 -0.01049999 -0.01325822
v 0.04658208 -0.01049997 -0.01348338
v 0.04658578 -0.00959316 -0.01413843
v 0.04630889 -0.01049969 -0.01391539
v 0.04605530 -0.01049999 -0.01466075
v 0.04612361 -0.00999853 -0.01473588
v 0.04612361 0.00469487 -0.01717773
v 0.04613249 0.01004645 -0.01467464
v 0.04612361 0.00757516 -0.01611627
v 0.04612361 -0.00442260 -0.01724986
v 0.04612361 -0.00139447 -0.01775310
v 0.04612361 0.00167509 -0.01772881
v 0.04658578 -0.00702256 -0.01557586
v 0.04658578 -0.00424329 -0.01655049
v 0.04612361 -0.00731931 -0.01623404
v 0.04730777 -0.00683260 -0.01515454
v 0.04799999 -0.00678179 -0.01504186
v 0.04730777 -0.00933367 -0.01375598
v 0.04799999 -0.00926426 -0.01365370
v 0.04737110 -0.01049994 -0.01285920
v 0.04799999 -0.01050000 -0.01272792
v 0.04799999 -0.00409781 -0.01598305
v 0.04799999 0.00435009 -0.01591623
v 0.04799999 0.00427051 -0.01593778
v 0.04730777 0.00156370 -0.01654992
v 0.04799999 0.00155207 -0.01642684
v 0.04799999 -0.00000000 -0.01650000
v 0.04708401 0.01037888 -0.01311133
v 0.04730777 0.00955007 -0.01360664
v 0.04799999 0.00825000 -0.01428941
v 0.04652907 0.01018537 -0.01379148
v 0.04658578 0.00981558 -0.01398492
v 0.04658578 0.00726804 -0.01546285
v 0.04658578 -0.00133794 -0.01703331
v 0.04658578 0.00160718 -0.01701004
v 0.04658578 0.00450453 -0.01648131
v 0.01667691 -0.00026308 -0.03690705
v 0.04378639 0.00922524 0.01368010
v 0.04765607 0.01057962 -0.01266182
v 0.03700699 0.00685006 0.00986778
v 0.02647896 0.00316290 -0.02767226
v 0.02539812 0.00278420 0.02866748
v 0.02421118 0.00236883 0.02967673
v 0.03345467 0.00560790 0.01864609
v 0.03213603 0.00514739 0.02083665
v 0.03977798 0.00782230 0.00167679
v 0.04016153 0.00795654 0.00083357
v 0.03767191 0.00708411 0.00690785
v 0.03808619 0.00723012 0.00404128
v 0.03815092 0.00725283 0.00337588
v 0.03874896 0.00746214 0.00288418
v 0.03345443 0.00560783 -0.01864648
v 0.03377370 0.00571928 -0.01806176
v 0.02407001 0.00231944 -0.02979136
v 0.01667691 -0.00026308 0.03690704
v 0.01922540 0.00062754 0.03312513
v 0.02022610 0.00097689 0.03252375
v 0.02178977 0.00152276 0.03149753
v 0.03775991 0.00711515 -0.00640926
v 0.03712172 0.00689040 -0.00942696
v 0.03624118 0.00658142 -0.01238817
v 0.03610979 0.00653541 -0.01276610
v 0.03512303 0.00619036 -0.01527292
v 0.02149079 0.00141837 -0.03170228
v 0.02293135 0.00192831 -0.03512955
v 0.02022589 0.00097681 -0.03252387
v 0.02084298 0.00119971 -0.03548128
v 0.01876039 0.00046515 -0.03339067
v 0.01883159 0.00049432 -0.03604240
v 0.01687221 -0.00019473 -0.03681818
v 0.03610818 0.00653482 0.01277068
v 0.03498004 0.00614039 0.01559764
v 0.03362856 0.00566860 0.01833057
v 0.02647401 0.00316118 0.02767700
v 0.02856455 0.00389489 0.02551382
v 0.02984972 0.00434631 0.02399760
v 0.03047047 0.00456424 0.02320432
v 0.03909646 0.00758375 0.00254750
v 0.03220118 0.00517017 -0.02073580
v 0.03054957 0.00459198 -0.02310008
v 0.02984969 0.00434629 -0.02399764
v 0.02869670 0.00394128 -0.02536512
v 0.02539797 0.00278414 -0.02866763
v 0.03815092 0.00725283 -0.00337586
v 0.03854949 0.00739232 -0.00305856
v 0.03920208 0.00762073 -0.00243473
v 0.03982745 0.00783961 -0.00159383
v 0.04015715 0.00795500 -0.00084809
v 0.04028417 0.00799946 -0.00009424
v 0.04028572 0.00800000 -0.00000000
v 0.02406163 -0.00500000 -0.03503266
v 0.02389828 -0.00500177 -0.03504268
v 0.02248127 -0.00514394 -0.03518623
v 0.02089999 -0.00550775 -0.03546867
v 0.02034129 -0.00567516 -0.03560019
v 0.01890553 -0.00617530 -0.03601772
v 0.01687221 -0.00700000 -0.03681818
v 0.02248509 -0.00576384 -0.03419802
v 0.02212791 -0.00635228 -0.03404919
v 0.02428905 -0.00500001 -0.03487403
v 0.02382148 -0.00503980 -0.03471619
v 0.02348561 -0.00512227 -0.03459233
v 0.02305992 -0.00530498 -0.03442940
v 0.02266632 -0.00558207 -0.03427223
v 0.02015085 -0.00630776 -0.03527353
v 0.02008952 -0.00700000 -0.03516618
v 0.02200810 -0.00700000 -0.03399843
v 0.02494694 -0.00500000 -0.03379882
v 0.02592755 -0.00500000 -0.03268117
v 0.02438645 -0.00512362 -0.03339261
v 0.02545188 -0.00512362 -0.03217826
v 0.02341033 -0.00573122 -0.03330720
v 0.02368502 -0.00531097 -0.03376246
v 0.02390422 -0.00512205 -0.03414330
v 0.02399902 -0.00506922 -0.03431282
v 0.02342762 -0.00630776 -0.03269774
v 0.02463822 -0.00630776 -0.03131795
v 0.02380184 -0.00558579 -0.03296894
v 0.02495579 -0.00558579 -0.03165374
v 0.02321477 -0.00632448 -0.03299246
v 0.02263306 -0.00700000 -0.03349853
v 0.02316801 -0.00528227 -0.03439996
v 0.02285672 -0.00580128 -0.03387165
v 0.02268301 -0.00641109 -0.03358156
v 0.02200810 -0.01020000 -0.03399843
v 0.02184508 -0.01050000 -0.03374657
v -0.03177198 -0.01050000 -0.02462885
v -0.03200908 -0.01020000 -0.02481267
v -0.02749594 -0.01020000 -0.02973590
v -0.01916163 -0.01020000 -0.03568027
v -0.01624819 -0.01050000 -0.03677005
v -0.02207034 -0.01050000 -0.03359971
v -0.02729227 -0.01050000 -0.02951563
v -0.02474358 -0.01020000 -0.03206253
v -0.02223502 -0.01020000 -0.03385046
v -0.00661160 -0.01020000 -0.03995669
v -0.00344865 -0.01050000 -0.04005179
v -0.00998418 -0.01050000 -0.03894040
v -0.01636945 -0.01020000 -0.03704444
v -0.01306282 -0.01020000 -0.03833554
v -0.01005869 -0.01020000 -0.03923101
v 0.00664700 -0.01020000 -0.03995082
v 0.00972350 -0.01050000 -0.03900633
v 0.00318066 -0.01050000 -0.04007396
v -0.00347437 -0.01020000 -0.04035071
v 0.00001792 -0.01020000 -0.04049999
v 0.00320442 -0.01020000 -0.04037303
v 0.01919324 -0.01020000 -0.03566328
v 0.01600186 -0.01050000 -0.03687790
v 0.00979606 -0.01020000 -0.03929744
v 0.01309676 -0.01020000 -0.03832394
v 0.01612128 -0.01020000 -0.03715313
v -0.00661160 -0.00550000 -0.03995669
v -0.01203864 -0.00550000 -0.03866938
v -0.01306282 -0.00550000 -0.03833554
v -0.01916163 -0.00550000 -0.03568027
v -0.02474358 -0.00550000 -0.03206253
v -0.02965804 -0.00550000 -0.02757988
v -0.03200908 -0.00550000 -0.02481267
v -0.03121876 -0.01020000 -0.02320001
v -0.03121876 -0.00550000 -0.02320001
v -0.03165014 -0.00550000 -0.02329785
v -0.03165256 -0.01020000 -0.02329898
v -0.03199713 -0.00550000 -0.02357221
v -0.03200047 -0.01020000 -0.02357638
v -0.03219180 -0.00550000 -0.02396942
v -0.03219362 -0.01020000 -0.02397725
v -0.03219606 -0.00550000 -0.02441177
v -0.03219374 -0.01020000 -0.02442220
v -0.03190123 -0.01050000 -0.02435553
v -0.03190117 -0.01050000 -0.02404407
v -0.03176596 -0.01050000 -0.02376348
v -0.03152241 -0.01050000 -0.02356929
v -0.03121876 -0.01050000 -0.02350000
v -0.02761488 -0.00780000 -0.02324650
v -0.02782546 -0.00780000 -0.02320001
v -0.02782546 -0.01020000 -0.02320001
v -0.02761127 -0.01020000 -0.02324820
v -0.02743836 -0.01020000 -0.02338350
v -0.02744006 -0.00780000 -0.02338145
v -0.02734010 -0.01020000 -0.02357981
v -0.02734043 -0.00780000 -0.02357853
v -0.02733542 -0.01020000 -0.02379930
v -0.02733542 -0.00780000 -0.02379930
v -0.02145495 -0.01020000 -0.02379930
v -0.02145495 -0.00780000 -0.02379930
v -0.02153452 -0.00780000 -0.02529887
v -0.02151855 -0.01020000 -0.02524659
v -0.02233084 -0.00780000 -0.02657199
v -0.02229803 -0.01020000 -0.02654040
v -0.02364435 -0.00780000 -0.02729971
v -0.02360915 -0.01020000 -0.02729038
v -0.02514600 -0.00780000 -0.02729971
v -0.02511953 -0.01020000 -0.02730641
v -0.02645953 -0.00780000 -0.02657199
v -0.02644627 -0.01020000 -0.02658448
v -0.02725585 -0.00780000 -0.02529887
v -0.02725308 -0.01020000 -0.02530754
v -0.02762942 -0.01050000 -0.02373973
v -0.02753888 -0.01050000 -0.02539876
v -0.02665140 -0.01050000 -0.02680341
v -0.02519195 -0.01050000 -0.02759755
v -0.02353053 -0.01050000 -0.02757991
v -0.02208831 -0.01050000 -0.02675492
v -0.02123087 -0.01050000 -0.02533174
v -0.02116092 -0.01050000 -0.02373973
v -0.02763130 -0.01050000 -0.02365193
v -0.02767061 -0.01050000 -0.02357340
v -0.02773978 -0.01050000 -0.02351928
v -0.02782546 -0.01050000 -0.02350000
v -0.02117910 -0.00780000 -0.02324820
v -0.02096491 -0.00780000 -0.02320001
v -0.02135198 -0.00780000 -0.02338350
v -0.02145027 -0.00780000 -0.02357981
v -0.02145027 -0.01020000 -0.02357981
v -0.02135198 -0.01020000 -0.02338350
v -0.02117910 -0.01020000 -0.02324820
v -0.02096491 -0.01020000 -0.02320001
v -0.02096491 -0.01050000 -0.02350000
v -0.02105059 -0.01050000 -0.02351928
v -0.02111976 -0.01050000 -0.02357340
v -0.02115904 -0.01050000 -0.02365193
v 0.01428286 -0.01050000 -0.02350000
v 0.01452522 -0.01035097 -0.02335099
v 0.01476515 -0.01020000 -0.02320001
v 0.01476515 -0.00550000 -0.02320001
v -0.01202055 -0.00550000 -0.02320001
v 0.02700270 -0.00550000 0.00520616
v 0.01428286 -0.01050000 0.02349999
v 0.01476515 -0.00550000 0.02320000
v 0.01594434 -0.00550000 0.02240598
v 0.01476515 -0.01020000 0.02320000
v 0.01452522 -0.01035097 0.02335098
v 0.01989777 -0.00550000 0.01898232
v 0.02313159 -0.00550000 0.01487210
v 0.02552880 -0.00550000 0.01022401
v 0.02552880 -0.00550000 -0.01022402
v 0.02700270 -0.00550000 -0.00520614
v 0.02313159 -0.00550000 -0.01487211
v 0.01989777 -0.00550000 -0.01898232
v 0.01594434 -0.00550000 -0.02240599
v -0.02096491 -0.01050000 0.02349999
v -0.02096491 -0.01020000 0.02320000
v -0.01202055 -0.00550000 0.02320000
v -0.02096491 -0.00780000 0.02320000
v -0.02145495 -0.01020000 0.02379933
v -0.02145495 -0.00780000 0.02379933
v -0.02145027 -0.00780000 0.02357983
v -0.02145027 -0.01020000 0.02357983
v -0.02135198 -0.00780000 0.02338349
v -0.02135198 -0.01020000 0.02338349
v -0.02117910 -0.00780000 0.02324819
v -0.02117910 -0.01020000 0.02324819
v -0.02116092 -0.01050000 0.02373972
v -0.02115904 -0.01050000 0.02365192
v -0.02111976 -0.01050000 0.02357339
v -0.02105059 -0.01050000 0.02351927
v -0.02153452 -0.01020000 0.02529886
v -0.02124845 -0.01050000 0.02538922
v -0.02233084 -0.01020000 0.02657199
v -0.02212440 -0.01050000 0.02678966
v -0.02364435 -0.01020000 0.02729970
v -0.02356927 -0.01050000 0.02759015
v -0.02514600 -0.01020000 0.02729970
v -0.02522110 -0.01050000 0.02759015
v -0.02645953 -0.01020000 0.02657199
v -0.02666597 -0.01050000 0.02678966
v -0.02725585 -0.01020000 0.02529886
v -0.02754192 -0.01050000 0.02538922
v -0.02733542 -0.01020000 0.02379933
v -0.02762942 -0.01050000 0.02373972
v -0.02733542 -0.00780000 0.02379933
v -0.02725585 -0.00780000 0.02529886
v -0.02645953 -0.00780000 0.02657199
v -0.02514600 -0.00780000 0.02729970
v -0.02364435 -0.00780000 0.02729970
v -0.02233084 -0.00780000 0.02657199
v -0.02153452 -0.00780000 0.02529886
v -0.02782546 -0.00780000 0.02320000
v -0.02761488 -0.00780000 0.02324649
v -0.02744006 -0.00780000 0.02338144
v -0.02734043 -0.00780000 0.02357852
v -0.02761127 -0.01020000 0.02324819
v -0.02782546 -0.01020000 0.02320000
v -0.02743836 -0.01020000 0.02338349
v -0.02734010 -0.01020000 0.02357983
v -0.02782546 -0.01050000 0.02349999
v -0.02773978 -0.01050000 0.02351927
v -0.02767061 -0.01050000 0.02357339
v -0.02763130 -0.01050000 0.02365192
v -0.03121876 -0.01020000 0.02320000
v -0.03121876 -0.01050000 0.02349999
v -0.03121876 -0.00550000 0.02320000
v -0.03200908 -0.01020000 0.02481266
v -0.03200908 -0.00550000 0.02481266
v -0.03219606 -0.00550000 0.02441176
v -0.03219606 -0.01020000 0.02441176
v -0.03219180 -0.00550000 0.02396944
v -0.03219180 -0.01020000 0.02396944
v -0.03199713 -0.00550000 0.02357220
v -0.03199713 -0.01020000 0.02357220
v -0.03165014 -0.00550000 0.02329784
v -0.03165014 -0.01020000 0.02329784
v -0.03177198 -0.01050000 0.02462887
v -0.03190287 -0.01050000 0.02434823
v -0.03189989 -0.01050000 0.02403861
v -0.03176360 -0.01050000 0.02376055
v -0.03152071 -0.01050000 0.02356848
v 0.01919324 -0.01020000 0.03566327
v 0.01600186 -0.01050000 0.03687790
v 0.01612128 -0.01020000 0.03715312
v 0.01309676 -0.01020000 0.03832394
v 0.00972350 -0.01050000 0.03900632
v 0.00979607 -0.01020000 0.03929743
v 0.00664700 -0.01020000 0.03995081
v 0.00318066 -0.01050000 0.04007399
v 0.00320442 -0.01020000 0.04037302
v 0.00001792 -0.01020000 0.04049998
v -0.00344865 -0.01050000 0.04005181
v -0.00347437 -0.01020000 0.04035070
v -0.00661160 -0.01020000 0.03995669
v -0.00998418 -0.01050000 0.03894043
v -0.01005869 -0.01020000 0.03923103
v -0.01306282 -0.01020000 0.03833553
v -0.01624819 -0.01050000 0.03677004
v -0.01636945 -0.01020000 0.03704446
v -0.01916163 -0.01020000 0.03568026
v -0.02207034 -0.01050000 0.03359970
v -0.02223502 -0.01020000 0.03385046
v -0.02474358 -0.01020000 0.03206253
v -0.02729227 -0.01050000 0.02951562
v -0.02749594 -0.01020000 0.02973589
v -0.02965804 -0.00550000 0.02757990
v -0.02474358 -0.00550000 0.03206253
v -0.01916163 -0.00550000 0.03568026
v -0.01306282 -0.00550000 0.03833553
v -0.00661160 -0.00550000 0.03995669
v -0.00124263 -0.00550000 0.04048094
v -0.00036849 -0.00536982 0.04049828
v 0.00038458 -0.00502034 0.04049807
v 0.00003008 -0.00521665 0.04049995
v 0.00041945 -0.00499780 0.03829771
v -0.00037782 -0.00537247 0.03829813
v -0.00124263 -0.00550000 0.03827983
v 0.03802998 0.00658781 -0.00453881
v 0.00193141 -0.00550000 -0.03825128
v 0.00832449 -0.00550000 -0.03738439
v 0.01448138 -0.00550000 -0.03545672
v 0.02022732 -0.00550000 -0.03252298
v 0.02985067 -0.00550000 -0.02399642
v 0.02539934 -0.00550000 -0.02866641
v 0.02440430 -0.00550000 -0.02951813
v 0.02403788 -0.00550000 -0.02981729
v 0.02233283 -0.00550000 -0.03111488
v 0.03759963 0.00329264 -0.00729099
v 0.03760458 0.00334882 -0.00726536
v 0.03772650 0.00451575 -0.00660363
v 0.03750936 0.00201424 -0.00774229
v 0.03746120 0.00065039 -0.00797353
v 0.03745754 0.00036644 -0.00799162
v 0.03746391 -0.00077276 -0.00796259
v 0.03751893 -0.00218701 -0.00769526
v 0.03610997 -0.00550000 -0.01276556
v 0.03774036 -0.00550000 -0.00652337
v 0.03789438 0.00575294 -0.00555909
v 0.03787474 0.00562201 -0.00569150
v 0.03785683 -0.00550000 -0.00580949
v 0.03781731 -0.00522013 -0.00606218
v 0.03774462 -0.00466278 -0.00650067
v 0.03762288 -0.00354733 -0.00717053
v 0.03754617 -0.00261182 -0.00756163
v 0.03345497 -0.00550000 -0.01864553
v 0.03136552 -0.00550000 -0.02197940
v 0.02986852 -0.00550000 -0.02397418
v 0.03788448 0.00570523 0.00560805
v 0.03774424 0.00466101 0.00650191
v 0.01448138 -0.00550000 0.03545674
v 0.00832449 -0.00550000 0.03738439
v 0.02022732 -0.00550000 0.03252300
v 0.00193141 -0.00550000 0.03825128
v 0.03774036 -0.00550000 0.00652337
v 0.03610997 -0.00550000 0.01276555
v 0.03746010 -0.00055857 0.00798046
v 0.03750275 -0.00189208 0.00777304
v 0.03753392 -0.00243658 0.00761991
v 0.03759749 -0.00328501 0.00729444
v 0.03770746 -0.00440617 0.00667724
v 0.03745968 0.00055085 0.00798100
v 0.03746529 0.00086032 0.00795361
v 0.03751732 0.00214481 0.00770711
v 0.03761647 0.00346006 0.00721305
v 0.03762082 0.00350742 0.00719013
v 0.03813786 0.00718662 0.00351461
v 0.03801004 0.00650618 0.00465506
v 0.03791017 0.00587976 0.00542479
v 0.02539934 -0.00550000 0.02866640
v 0.02970041 -0.00550000 0.02418214
v 0.02985067 -0.00550000 0.02399641
v 0.02233283 -0.00550000 0.03111487
v 0.02403788 -0.00550000 0.02981728
v 0.02440430 -0.00550000 0.02951812
v 0.03345497 -0.00550000 0.01864552
v 0.03136552 -0.00550000 0.02197939
v 0.04999999 -0.00709024 -0.00370521
v 0.04999999 0.00587977 0.00542479
v 0.04999999 0.00346002 0.00721305
v 0.04999999 0.00055084 0.00798100
v 0.04999999 -0.00243626 0.00762000
v 0.04999999 -0.00507875 0.00618112
v 0.04999999 -0.00795745 -0.00082404
v 0.04999999 -0.00522008 -0.00606224
v 0.04999999 -0.00261152 -0.00756175
v 0.04999999 0.00036645 -0.00799162
v 0.04999999 0.00329259 -0.00729102
v 0.04999999 0.00575298 -0.00555906
v 0.04999999 0.00799947 -0.00009233
v 0.04999999 0.00739957 -0.00304076
v 0.04999999 0.00746780 0.00286915
v 0.04999999 -0.00863766 0.00947499
v 0.04999999 -0.00863766 0.00789999
v 0.04999999 -0.00477500 0.00789999
v 0.04999999 -0.00863766 -0.00947500
v 0.04999999 0.00481275 0.01399561
v 0.04999999 -0.00477500 0.00947499
v 0.04999999 -0.00740000 0.01281717
v 0.04999999 -0.00383052 0.01429569
v 0.04999999 -0.00000000 0.01480001
v 0.04999999 0.00383052 0.01429569
v 0.04999999 0.00863766 0.00789999
v 0.04999999 0.00863766 0.00947499
v 0.04999999 0.01046518 0.01046517
v 0.04999999 0.00863766 -0.00000000
v 0.04999999 0.01131289 0.00954246
v 0.04999999 0.01248847 0.00794217
v 0.04999999 0.01281718 0.00740000
v 0.04999999 0.01429570 0.00383052
v 0.04999999 0.00863766 -0.00790000
v 0.04999999 0.00863766 -0.00947500
v 0.04999999 -0.00477500 -0.00947500
v 0.04999999 -0.00863766 -0.00790000
v 0.04999999 -0.00863766 -0.00000000
v 0.04999999 -0.01248847 0.00794217
v 0.04999999 -0.01429570 0.00383052
v 0.04999999 -0.01281718 0.00740000
v 0.04999999 -0.01046518 0.01046517
v 0.04999999 -0.00477500 -0.00790000
v 0.04999999 0.00477500 -0.00790000
v 0.04999999 0.00477500 0.00789999
v 0.04980000 0.01299038 0.00749999
v 0.04980000 0.01448889 0.00388228
v 0.04980000 0.01060660 0.01060661
v 0.04980000 0.00750000 0.01299038
v 0.04980000 0.00388229 0.01448890
v 0.04980000 -0.00000000 0.01500001
v 0.04980000 -0.00388229 0.01448890
v 0.04980000 -0.00750000 0.01299038
v 0.04980000 -0.01060660 0.01060661
v 0.04980000 -0.01299038 0.00749999
v 0.04980000 -0.01448889 0.00388228
v 0.04940001 -0.01448889 0.00388228
v 0.04940001 -0.01299038 0.00749999
v 0.04940001 -0.01060660 0.01060661
v 0.04940001 -0.00750000 0.01299038
v 0.04940001 -0.00388229 0.01448890
v 0.04940001 -0.00000000 0.01500001
v 0.04940001 0.00388229 0.01448890
v 0.04940001 0.00750000 0.01299038
v 0.04940001 0.01060660 0.01060661
v 0.04940001 0.01299038 0.00749999
v 0.04940001 0.01448889 0.00388228
v 0.04940001 -0.01498779 -0.00614867
v 0.04940001 -0.01292683 -0.00976408
v 0.04940001 -0.01001283 -0.01273513
v 0.04940001 -0.00081407 -0.01617954
v 0.04940001 0.00333467 -0.01585308
v 0.04940001 0.00726335 -0.01448045
v 0.04940001 0.01071272 -0.01215226
v 0.04940001 0.01345515 -0.00902212
v 0.04940001 0.01530966 -0.00529662
v 0.04940001 0.01615388 -0.00122157
v 0.04940001 0.01593208 0.00293406
v 0.04940001 0.01465892 0.00689610
v 0.04940001 0.01241840 0.01040303
v 0.04940001 0.00935838 0.01322350
v 0.04940001 0.00568079 0.01517131
v 0.04940001 0.00162832 0.01611796
v 0.04940001 -0.00253160 0.01600098
v 0.04940001 -0.00652446 0.01482805
v 0.04940001 -0.01008676 0.01267665
v 0.04940001 -0.01298343 0.00968867
v 0.04940001 -0.01502332 0.00606134
v 0.04940001 -0.01607180 0.00203403
v 0.04940001 -0.01605969 -0.00212753
v 0.04909999 -0.00427051 -0.01593778
v 0.04909999 -0.00082914 -0.01647917
v 0.04909999 -0.00000000 -0.01650000
v 0.04909999 0.00339642 -0.01614666
v 0.04909999 0.00427051 -0.01593778
v 0.04909999 0.00739786 -0.01474861
v 0.04909999 0.00825000 -0.01428941
v 0.04909999 0.01091111 -0.01237730
v 0.04909999 0.01166726 -0.01166726
v 0.04909999 0.01370432 -0.00918922
v 0.04909999 0.01428942 -0.00825000
v 0.04909999 0.01559318 -0.00539470
v 0.04909999 0.01593778 -0.00427053
v 0.04909999 0.01645302 -0.00124422
v 0.04909999 0.01650000 -0.00000000
v 0.04909999 0.01622712 0.00298839
v 0.04909999 0.01593778 0.00427052
v 0.04909999 0.01493038 0.00702381
v 0.04909999 0.01428942 0.00824999
v 0.04909999 0.01264837 0.01059571
v 0.04909999 0.01166726 0.01166725
v 0.04909999 0.00953168 0.01346838
v 0.04909999 0.00825000 0.01428941
v 0.04909999 0.00578599 0.01545226
v 0.04909999 0.00427051 0.01593777
v 0.04909999 0.00165848 0.01641643
v 0.04909999 -0.00000000 0.01649999
v 0.04909999 -0.00257848 0.01629728
v 0.04909999 -0.00427051 0.01593777
v 0.04909999 -0.00664528 0.01510265
v 0.04909999 -0.00825000 0.01428940
v 0.04909999 -0.01027355 0.01291140
v 0.04909999 -0.01166726 0.01166725
v 0.04909999 -0.01322387 0.00986811
v 0.04909999 -0.01428942 0.00824999
v 0.04909999 -0.01530152 0.00617361
v 0.04909999 -0.01593777 0.00427052
v 0.04909999 -0.01636942 0.00207170
v 0.04909999 -0.01650000 -0.00000000
v 0.04909999 -0.01428942 -0.00825000
v 0.04909999 -0.01635709 -0.00216693
v 0.04909999 -0.01593777 -0.00427053
v 0.04909999 -0.01526534 -0.00626255
v 0.04909999 -0.00825000 -0.01428941
v 0.04909999 -0.01316622 -0.00994489
v 0.04909999 -0.01166726 -0.01166726
v 0.04909999 -0.01019825 -0.01297096
v 0.04599999 -0.01593777 -0.00427053
v 0.04599999 -0.01650000 -0.00000000
v 0.04599999 -0.01593777 0.00427052
v 0.04599999 -0.01450005 -0.00000003
v 0.00000001 -0.00550000 0.03604999
v 0.00000001 -0.00780000 0.03604999
v -0.00077500 -0.00550000 0.03584233
v -0.00077500 -0.00780000 0.03584233
v -0.00134234 -0.00550000 0.03527501
v -0.00134234 -0.00780000 0.03527501
v -0.00155001 -0.00550000 0.03450000
v -0.00155001 -0.00780000 0.03450000
v -0.00134234 -0.00550000 0.03372499
v -0.00134234 -0.00780000 0.03372499
v -0.00077500 -0.00550000 0.03315767
v -0.00077500 -0.00780000 0.03315767
v 0.00000001 -0.00550000 0.03295001
v 0.00000001 -0.00780000 0.03295001
v 0.00067253 -0.00550000 0.03310349
v 0.00067253 -0.00780000 0.03310349
v 0.00121183 -0.00550000 0.03353360
v 0.00121183 -0.00780000 0.03353360
v 0.00151114 -0.00550000 0.03415510
v 0.00151114 -0.00780000 0.03415510
v 0.00151114 -0.00550000 0.03484490
v 0.00151114 -0.00780000 0.03484490
v 0.00121183 -0.00550000 0.03546640
v 0.00121183 -0.00780000 0.03546640
v 0.00067253 -0.00550000 0.03589651
v 0.00067253 -0.00780000 0.03589651
v 0.00300000 -0.00780000 0.03450000
v 0.00259809 -0.00780000 0.03299999
v 0.00149999 -0.00780000 0.03190192
v 0.00000001 -0.00780000 0.03150001
v -0.00150000 -0.00780000 0.03190192
v -0.00259807 -0.00780000 0.03299999
v -0.00300001 -0.00780000 0.03450000
v -0.00259807 -0.00780000 0.03600001
v -0.00150000 -0.00780000 0.03709808
v 0.00000001 -0.00780000 0.03749999
v 0.00149999 -0.00780000 0.03709808
v 0.00259809 -0.00780000 0.03600001
v -0.00300001 -0.01050000 0.03450000
v -0.00259807 -0.01050000 0.03600001
v -0.00150000 -0.01050000 0.03709808
v 0.00000001 -0.01050000 0.03749999
v 0.00149999 -0.01050000 0.03709808
v 0.00259809 -0.01050000 0.03600001
v 0.00300000 -0.01050000 0.03450000
v 0.00259809 -0.01050000 0.03299999
v 0.00149999 -0.01050000 0.03190192
v 0.00000001 -0.01050000 0.03150001
v -0.00150000 -0.01050000 0.03190192
v -0.00259807 -0.01050000 0.03299999
v 0.00000001 -0.00550000 -0.03294999
v 0.00000001 -0.00780000 -0.03294999
v -0.00077500 -0.00550000 -0.03315765
v -0.00077500 -0.00780000 -0.03315765
v -0.00134235 -0.00550000 -0.03372500
v -0.00134235 -0.00780000 -0.03372500
v -0.00155001 -0.00550000 -0.03450001
v -0.00155001 -0.00780000 -0.03450001
v -0.00134235 -0.00550000 -0.03527499
v -0.00134235 -0.00780000 -0.03527499
v -0.00077500 -0.00550000 -0.03584233
v -0.00077500 -0.00780000 -0.03584233
v 0.00000001 -0.00550000 -0.03605000
v 0.00000001 -0.00780000 -0.03605000
v 0.00067253 -0.00550000 -0.03589651
v 0.00067253 -0.00780000 -0.03589651
v 0.00121183 -0.00550000 -0.03546641
v 0.00121183 -0.00780000 -0.03546641
v 0.00151114 -0.00550000 -0.03484491
v 0.00151114 -0.00780000 -0.03484491
v 0.00151114 -0.00550000 -0.03415510
v 0.00151114 -0.00780000 -0.03415510
v 0.00121183 -0.00550000 -0.03353358
v 0.00121183 -0.00780000 -0.03353358
v 0.00067253 -0.00550000 -0.03310350
v 0.00067253 -0.00780000 -0.03310350
v 0.00270290 -0.00780000 -0.03580165
v 0.00300000 -0.00780000 -0.03450001
v 0.00259809 -0.00780000 -0.03300000
v 0.00149999 -0.00780000 -0.03190193
v 0.00000001 -0.00780000 -0.03149999
v -0.00150000 -0.00780000 -0.03190193
v -0.00259807 -0.00780000 -0.03300000
v -0.00300001 -0.00780000 -0.03450001
v -0.00270291 -0.00780000 -0.03580165
v -0.00187047 -0.00780000 -0.03684551
v -0.00066756 -0.00780000 -0.03742478
v 0.00066755 -0.00780000 -0.03742478
v 0.00187046 -0.00780000 -0.03684551
v -0.00300001 -0.01050000 -0.03450001
v -0.00259807 -0.01050000 -0.03300000
v -0.00150000 -0.01050000 -0.03190193
v 0.00000001 -0.01050000 -0.03149999
v 0.00149999 -0.01050000 -0.03190193
v 0.00259809 -0.01050000 -0.03300000
v 0.00300000 -0.01050000 -0.03450001
v 0.00270290 -0.01050000 -0.03580165
v 0.00187046 -0.01050000 -0.03684551
v 0.00066755 -0.01050000 -0.03742478
v -0.00066756 -0.01050000 -0.03742478
v -0.00187047 -0.01050000 -0.03684551
v -0.00270291 -0.01050000 -0.03580165
v 0.02368529 -0.01050000 -0.02148039
v 0.02644972 -0.01050000 -0.02220911
v 0.02724312 -0.01050000 -0.02345214
v 0.02515988 -0.01050000 -0.02149427
v 0.02238224 -0.00780000 -0.02217079
v 0.02156554 -0.00780000 -0.02339864
v 0.02368529 -0.00780000 -0.02148039
v 0.02515988 -0.00780000 -0.02149427
v 0.02644972 -0.00780000 -0.02220911
v 0.02724312 -0.00780000 -0.02345214
v 0.02590634 -0.00780000 -0.02474010
v 0.02590634 -0.00780000 -0.02405027
v 0.02560703 -0.00780000 -0.02342877
v 0.02506770 -0.00780000 -0.02299869
v 0.02439518 -0.00780000 -0.02284518
v 0.02362017 -0.00780000 -0.02305285
v 0.02305285 -0.00780000 -0.02362019
v 0.02284519 -0.00780000 -0.02439517
v 0.02305285 -0.00780000 -0.02517018
v 0.02362017 -0.00780000 -0.02573753
v 0.02439518 -0.00780000 -0.02594519
v 0.02506770 -0.00780000 -0.02579168
v 0.02560703 -0.00780000 -0.02536160
v 0.02439518 -0.00550000 -0.02284518
v 0.02362017 -0.00550000 -0.02305285
v 0.02305285 -0.00550000 -0.02362019
v 0.02284519 -0.00550000 -0.02439517
v 0.02305285 -0.00550000 -0.02517018
v 0.02362017 -0.00550000 -0.02573753
v 0.02439518 -0.00550000 -0.02594519
v 0.02506770 -0.00550000 -0.02579168
v 0.02560703 -0.00550000 -0.02536160
v 0.02590634 -0.00550000 -0.02474010
v 0.02590634 -0.00550000 -0.02405027
v 0.02560703 -0.00550000 -0.02342877
v 0.02506770 -0.00550000 -0.02299869
v -0.01202055 -0.00550000 -0.03694892
v -0.01202055 -0.00550000 -0.02397287
v 0.02397285 -0.00550000 -0.02944759
v 0.02225525 -0.00550000 -0.02944759
v 0.02968637 -0.00550000 -0.02397287
v 0.02968637 -0.00550000 -0.02190701
v 0.02968637 -0.00550000 0.02397287
v 0.02968637 -0.00550000 0.02190700
v 0.02397285 -0.00550000 0.02944758
v 0.02225525 -0.00550000 0.02944758
v -0.01202055 -0.00550000 0.02397287
v 0.02397285 -0.00550000 0.02190700
v 0.02225525 -0.00550000 0.02190700
v 0.02397285 -0.00550000 -0.02190701
v 0.02225525 -0.00550000 -0.02190701
v 0.02225525 -0.00550000 0.02397287
v 0.02225525 -0.00550000 -0.02397287
v 0.05800000 -0.01206836 0.00541045
v 0.05800000 -0.00958228 0.00708955
v 0.05800000 -0.00986916 0.00740575
v 0.05800000 -0.01023350 0.00762831
v 0.05800000 -0.01064579 0.00773922
v 0.05800000 -0.01107262 0.00772947
v 0.05800000 -0.01232493 0.00621576
v 0.05800000 -0.01183323 0.00736091
v 0.05800000 -0.01227383 0.00663964
v 0.05800000 -0.01210538 0.00703195
v 0.05800000 -0.01178148 0.00509425
v 0.05800000 -0.01141713 0.00487168
v 0.05800000 -0.01100484 0.00476078
v 0.05800000 -0.01057801 0.00477053
v 0.05800000 -0.01017121 0.00490013
v 0.05800000 -0.00981741 0.00513909
v 0.05800000 -0.00954526 0.00546805
v 0.05800000 -0.00937681 0.00586036
v 0.05800000 -0.00939610 0.00670534
v 0.05800000 -0.00932571 0.00628424
v 0.05800000 -0.01225454 0.00579466
v 0.05800000 -0.01147942 0.00759987
v 0.04800000 -0.00939610 0.00670534
v 0.04800000 -0.00932571 0.00628424
v 0.04800000 -0.00937681 0.00586036
v 0.04800000 -0.00954526 0.00546805
v 0.04800000 -0.00981741 0.00513909
v 0.04800000 -0.01017121 0.00490013
v 0.04800000 -0.01057801 0.00477053
v 0.04800000 -0.01100484 0.00476078
v 0.04800000 -0.01141713 0.00487168
v 0.04800000 -0.01178148 0.00509425
v 0.04800000 -0.01206836 0.00541045
v 0.04800000 -0.01225454 0.00579466
v 0.04800000 -0.01232493 0.00621576
v 0.04800000 -0.01227383 0.00663964
v 0.04800000 -0.01210538 0.00703195
v 0.04800000 -0.01183323 0.00736091
v 0.04800000 -0.01147942 0.00759987
v 0.04800000 -0.01107262 0.00772947
v 0.04800000 -0.01064579 0.00773922
v 0.04800000 -0.01023350 0.00762831
v 0.04800000 -0.00986916 0.00740575
v 0.04800000 -0.00958228 0.00708955
v 0.04800000 -0.00810237 0.00586524
v 0.04800000 -0.00808502 0.00648080
v 0.04800000 -0.00820508 0.00708479
v 0.04800000 -0.01166011 0.00887023
v 0.04800000 -0.01222223 0.00861878
v 0.04800000 -0.01271431 0.00824855
v 0.04800000 -0.01311167 0.00777810
v 0.04800000 -0.00845654 0.00764692
v 0.04800000 -0.00882677 0.00813899
v 0.04800000 -0.00929722 0.00853635
v 0.04800000 -0.00984429 0.00881906
v 0.04800000 -0.01044056 0.00897295
v 0.04800000 -0.01105612 0.00899030
v 0.04800000 -0.00999053 0.00362977
v 0.04800000 -0.00942840 0.00388122
v 0.04800000 -0.00893632 0.00425145
v 0.04800000 -0.00853896 0.00472190
v 0.04800000 -0.00825625 0.00526897
v 0.04800000 -0.01339438 0.00723103
v 0.04800000 -0.01354827 0.00663476
v 0.04800000 -0.01356561 0.00601920
v 0.04800000 -0.01344555 0.00541521
v 0.04800000 -0.01319410 0.00485308
v 0.04800000 -0.01282387 0.00436100
v 0.04800000 -0.01235342 0.00396365
v 0.04800000 -0.01180634 0.00368094
v 0.04800000 -0.01121008 0.00352705
v 0.04800000 -0.01059452 0.00350970
v 0.04500000 -0.00820508 0.00708479
v 0.04500000 -0.00808502 0.00648080
v 0.04500000 -0.00810237 0.00586524
v 0.04500000 -0.00825625 0.00526897
v 0.04500000 -0.00853896 0.00472190
v 0.04500000 -0.00893632 0.00425145
v 0.04500000 -0.00942840 0.00388122
v 0.04500000 -0.00999053 0.00362977
v 0.04500000 -0.01059452 0.00350970
v 0.04500000 -0.01121008 0.00352705
v 0.04500000 -0.01180634 0.00368094
v 0.04500000 -0.01235342 0.00396365
v 0.04500000 -0.01282387 0.00436100
v 0.04500000 -0.01319410 0.00485308
v 0.04500000 -0.01344555 0.00541521
v 0.04500000 -0.01356561 0.00601920
v 0.04500000 -0.01354827 0.00663476
v 0.04500000 -0.01339438 0.00723103
v 0.04500000 -0.01311167 0.00777810
v 0.04500000 -0.01271431 0.00824855
v 0.04500000 -0.01222223 0.00861878
v 0.04500000 -0.01166011 0.00887023
v 0.04500000 -0.01105612 0.00899030
v 0.04500000 -0.01044056 0.00897295
v 0.04500000 -0.00984429 0.00881906
v 0.04500000 -0.00929722 0.00853635
v 0.04500000 -0.00882677 0.00813899
v 0.04500000 -0.00845654 0.00764692
v 0.05800000 -0.00134859 0.01315673
v 0.05800000 0.00134859 0.01184327
v 0.05800000 0.00147899 0.01224982
v 0.05800000 0.00148956 0.01267663
v 0.05800000 0.00137946 0.01308913
v 0.05800000 0.00115761 0.01345391
v 0.05800000 -0.00077945 0.01378158
v 0.05800000 0.00045812 0.01392833
v 0.05800000 -0.00038682 0.01394926
v 0.05800000 0.00003716 0.01399954
v 0.05800000 -0.00147899 0.01275018
v 0.05800000 -0.00148956 0.01232337
v 0.05800000 -0.00137946 0.01191087
v 0.05800000 -0.00115761 0.01154609
v 0.05800000 -0.00084197 0.01125859
v 0.05800000 -0.00045812 0.01107167
v 0.05800000 -0.00003716 0.01100046
v 0.05800000 0.00038682 0.01105073
v 0.05800000 0.00110894 0.01148993
v 0.05800000 0.00077946 0.01121842
v 0.05800000 -0.00110894 0.01351007
v 0.05800000 0.00084197 0.01374140
v 0.04800000 0.00110894 0.01148993
v 0.04800000 0.00077946 0.01121842
v 0.04800000 0.00038682 0.01105073
v 0.04800000 -0.00003716 0.01100046
v 0.04800000 -0.00045812 0.01107167
v 0.04800000 -0.00084197 0.01125859
v 0.04800000 -0.00115761 0.01154609
v 0.04800000 -0.00137946 0.01191087
v 0.04800000 -0.00148956 0.01232337
v 0.04800000 -0.00147899 0.01275018
v 0.04800000 -0.00134859 0.01315673
v 0.04800000 -0.00110894 0.01351007
v 0.04800000 -0.00077945 0.01378158
v 0.04800000 -0.00038682 0.01394926
v 0.04800000 0.00003716 0.01399954
v 0.04800000 0.00045812 0.01392833
v 0.04800000 0.00084197 0.01374140
v 0.04800000 0.00115761 0.01345391
v 0.04800000 0.00137946 0.01308913
v 0.04800000 0.00148956 0.01267663
v 0.04800000 0.00147899 0.01224982
v 0.04800000 0.00134859 0.01184327
v 0.04800000 0.00102826 0.00994948
v 0.04800000 0.00157003 0.01024223
v 0.04800000 0.00203307 0.01064820
v 0.04800000 0.00185180 0.01453306
v 0.04800000 0.00135297 0.01489415
v 0.04800000 0.00078630 0.01513519
v 0.04800000 0.00018020 0.01524409
v 0.04800000 0.00239416 0.01114703
v 0.04800000 0.00263519 0.01171370
v 0.04800000 0.00274409 0.01231980
v 0.04800000 0.00271539 0.01293494
v 0.04800000 0.00255052 0.01352826
v 0.04800000 0.00225777 0.01407003
v 0.04800000 -0.00185179 0.01046693
v 0.04800000 -0.00135297 0.01010584
v 0.04800000 -0.00078630 0.00986481
v 0.04800000 -0.00018020 0.00975591
v 0.04800000 0.00043494 0.00978461
v 0.04800000 -0.00043494 0.01521539
v 0.04800000 -0.00102826 0.01505052
v 0.04800000 -0.00157003 0.01475777
v 0.04800000 -0.00203307 0.01435179
v 0.04800000 -0.00239416 0.01385297
v 0.04800000 -0.00263519 0.01328630
v 0.04800000 -0.00274409 0.01268020
v 0.04800000 -0.00271539 0.01206506
v 0.04800000 -0.00255052 0.01147173
v 0.04800000 -0.00225777 0.01092997
v 0.04500000 0.00203307 0.01064820
v 0.04500000 0.00157003 0.01024223
v 0.04500000 0.00102826 0.00994948
v 0.04500000 0.00043494 0.00978461
v 0.04500000 -0.00018020 0.00975591
v 0.04500000 -0.00078630 0.00986481
v 0.04500000 -0.00135297 0.01010584
v 0.04500000 -0.00185179 0.01046693
v 0.04500000 -0.00225777 0.01092997
v 0.04500000 -0.00255052 0.01147173
v 0.04500000 -0.00271539 0.01206506
v 0.04500000 -0.00274409 0.01268020
v 0.04500000 -0.00263519 0.01328630
v 0.04500000 -0.00239416 0.01385297
v 0.04500000 -0.00203307 0.01435179
v 0.04500000 -0.00157003 0.01475777
v 0.04500000 -0.00102826 0.01505052
v 0.04500000 -0.00043494 0.01521539
v 0.04500000 0.00018020 0.01524409
v 0.04500000 0.00078630 0.01513519
v 0.04500000 0.00135297 0.01489415
v 0.04500000 0.00185180 0.01453306
v 0.04500000 0.00225777 0.01407003
v 0.04500000 0.00255052 0.01352826
v 0.04500000 0.00271539 0.01293494
v 0.04500000 0.00274409 0.01231980
v 0.04500000 0.00263519 0.01171370
v 0.04500000 0.00239416 0.01114703
v -0.01082366 0.01950000 0.03798813
v -0.01145665 0.01950000 0.03786196
v -0.01173596 0.01950000 0.03771629
v -0.01198738 0.01950000 0.03763711
v -0.00905866 0.01200000 0.03330740
v -0.00905866 0.00800000 0.03330740
v -0.00880866 0.01200000 0.03337441
v -0.00880866 0.00800000 0.03337441
v -0.00862565 0.01200000 0.03355740
v -0.00862565 0.00800000 0.03355740
v -0.00855868 0.01200000 0.03380741
v -0.00855868 0.00800000 0.03380741
v -0.00862565 0.01200000 0.03405740
v -0.00862565 0.00800000 0.03405740
v -0.00870727 0.01200000 0.03416310
v -0.00870727 0.00800000 0.03416310
v -0.00880867 0.01200000 0.03424044
v -0.00880867 0.00800000 0.03424044
v -0.00905867 0.01200000 0.03430741
v -0.00905867 0.00800000 0.03430741
v -0.00927562 0.01200000 0.03335693
v -0.00954613 0.01200000 0.03391866
v -0.00954613 0.01200000 0.03369616
v -0.00944958 0.01200000 0.03349566
v -0.00941007 0.01200000 0.03345173
v -0.00927560 0.01200000 0.03425788
v -0.00944956 0.01200000 0.03411915
v -0.00927560 0.00800000 0.03425788
v -0.00944956 0.00800000 0.03411915
v -0.00954613 0.00800000 0.03391866
v -0.00954613 0.00800000 0.03369616
v -0.00944958 0.00800000 0.03349566
v -0.00941007 0.00800000 0.03345173
v -0.00927562 0.00800000 0.03335693
v -0.00905867 0.00800000 0.03485740
v -0.00905867 0.01000000 0.03535739
v -0.00973117 0.01000000 0.03520390
v -0.00951425 0.00800000 0.03475344
v -0.00983366 0.01000000 0.03514973
v -0.00987959 0.00800000 0.03446205
v -0.01027050 0.01000000 0.03477380
v -0.01040099 0.01000000 0.03458240
v -0.01008236 0.00800000 0.03404105
v -0.01056980 0.01000000 0.03415231
v -0.01010866 0.00800000 0.03380741
v -0.01060867 0.01000000 0.03380740
v -0.01008235 0.00800000 0.03357376
v -0.01056981 0.01000000 0.03346251
v -0.01040101 0.01000000 0.03303240
v -0.00987960 0.00800000 0.03315275
v -0.01027050 0.01000000 0.03284100
v -0.00983366 0.01000000 0.03246506
v -0.00951425 0.00800000 0.03286139
v -0.00973119 0.01000000 0.03241090
v -0.00905866 0.01000000 0.03225741
v -0.00905865 0.00800000 0.03275741
v -0.00853367 0.00800000 0.03471673
v -0.00814934 0.00800000 0.03433242
v -0.00800867 0.00800000 0.03380739
v -0.00814934 0.00800000 0.03328239
v -0.00853367 0.00800000 0.03289808
v -0.00828366 0.01000000 0.03246507
v -0.00784682 0.01000000 0.03284100
v -0.00771634 0.01000000 0.03303241
v -0.00754753 0.01000000 0.03346249
v -0.00750865 0.01000000 0.03380741
v -0.00754754 0.01000000 0.03415232
v -0.00771631 0.01000000 0.03458241
v -0.00784682 0.01000000 0.03477381
v -0.00828367 0.01000000 0.03514975
v -0.00846551 0.01190000 0.03523941
v -0.00905867 0.01190000 0.03535739
v -0.00796265 0.01190000 0.03490340
v -0.00784682 0.01190000 0.03477381
v -0.00762666 0.01190000 0.03440057
v -0.00754754 0.01190000 0.03415232
v -0.00750865 0.01190000 0.03380741
v -0.00754753 0.01190000 0.03346249
v -0.00762665 0.01190000 0.03321423
v -0.00784682 0.01190000 0.03284100
v -0.00796264 0.01190000 0.03271139
v -0.00846551 0.01190000 0.03237540
v -0.00905866 0.01190000 0.03225741
v -0.00965181 0.01190000 0.03523941
v -0.00983366 0.01190000 0.03514973
v -0.01015469 0.01190000 0.03490341
v -0.01040099 0.01190000 0.03458240
v -0.01049069 0.01190000 0.03440056
v -0.01060867 0.01190000 0.03380740
v -0.01049069 0.01190000 0.03321425
v -0.01040101 0.01190000 0.03303240
v -0.01015468 0.01190000 0.03271140
v -0.00983366 0.01190000 0.03246506
v -0.00965182 0.01190000 0.03237539
v -0.00905866 0.01197654 0.03537263
v -0.00905866 0.01200000 0.03223061
v -0.00905867 0.01197654 0.03224218
v -0.00965763 0.01197654 0.03236132
v -0.01016544 0.01197654 0.03270063
v -0.01050475 0.01197654 0.03320841
v -0.01062389 0.01197654 0.03380739
v -0.01050474 0.01197654 0.03440639
v -0.01016546 0.01197654 0.03491418
v -0.00965765 0.01197654 0.03525347
v -0.00967425 0.01204142 0.03529354
v -0.01019611 0.01204142 0.03494485
v -0.01054480 0.01204142 0.03442297
v -0.01066724 0.01204142 0.03380740
v -0.01054480 0.01204142 0.03319184
v -0.01019611 0.01204142 0.03266997
v -0.00967425 0.01204142 0.03232127
v -0.00905868 0.01204142 0.03219883
v -0.00905866 0.01200000 0.03538420
v -0.00905867 0.01204142 0.03541600
v -0.00905866 0.01207321 0.03545739
v -0.00969906 0.01208478 0.03535349
v -0.01024200 0.01208478 0.03499072
v -0.01060476 0.01208478 0.03444781
v -0.01073212 0.01208478 0.03380740
v -0.01060475 0.01208478 0.03316699
v -0.01024198 0.01208478 0.03262409
v -0.00969907 0.01208478 0.03226133
v -0.00905866 0.01207321 0.03215742
v -0.00905868 0.01210000 0.03555740
v -0.00972836 0.01210000 0.03542420
v -0.01029611 0.01210000 0.03504485
v -0.01067545 0.01210000 0.03447710
v -0.01080866 0.01210000 0.03380740
v -0.01067544 0.01210000 0.03313771
v -0.01029611 0.01210000 0.03256998
v -0.00972838 0.01210000 0.03219062
v -0.00905867 0.01210000 0.03205742
v -0.00845969 0.01197654 0.03525348
v -0.00795188 0.01197654 0.03491417
v -0.00761257 0.01197654 0.03440639
v -0.00749344 0.01197654 0.03380742
v -0.00761258 0.01197654 0.03320841
v -0.00795187 0.01197654 0.03270062
v -0.00845967 0.01197654 0.03236133
v -0.00844308 0.01204142 0.03232127
v -0.00792123 0.01204142 0.03266998
v -0.00757253 0.01204142 0.03319184
v -0.00745009 0.01204142 0.03380740
v -0.00757253 0.01204142 0.03442297
v -0.00792122 0.01204142 0.03494483
v -0.00844308 0.01204142 0.03529354
v -0.00841827 0.01208478 0.03226132
v -0.00787535 0.01208478 0.03262410
v -0.00751259 0.01208478 0.03316702
v -0.00738520 0.01208478 0.03380740
v -0.00751258 0.01208478 0.03444782
v -0.00787534 0.01208478 0.03499072
v -0.00841826 0.01208478 0.03535348
v -0.00838897 0.01210000 0.03219060
v -0.00782122 0.01210000 0.03256996
v -0.00744188 0.01210000 0.03313771
v -0.00730866 0.01210000 0.03380740
v -0.00744188 0.01210000 0.03447710
v -0.00782124 0.01210000 0.03504485
v -0.00838897 0.01210000 0.03542421
v 0.00905867 0.01200000 0.03330742
v 0.00905867 0.00800000 0.03330742
v 0.00927562 0.01200000 0.03335693
v 0.00927562 0.00800000 0.03335693
v 0.00944958 0.01200000 0.03349566
v 0.00944958 0.00800000 0.03349566
v 0.00954613 0.01200000 0.03369613
v 0.00954613 0.00800000 0.03369613
v 0.00954613 0.01200000 0.03391867
v 0.00954613 0.00800000 0.03391867
v 0.00944960 0.01200000 0.03411915
v 0.00944960 0.00800000 0.03411915
v 0.00941007 0.01200000 0.03416310
v 0.00941007 0.00800000 0.03416310
v 0.00927561 0.01200000 0.03425790
v 0.00927561 0.00800000 0.03425790
v 0.00905868 0.01200000 0.03430741
v 0.00905868 0.00800000 0.03430741
v 0.00870725 0.01200000 0.03345171
v 0.00880866 0.01200000 0.03337439
v 0.00880866 0.01200000 0.03424042
v 0.00862567 0.01200000 0.03405740
v 0.00862567 0.01200000 0.03355740
v 0.00855865 0.01200000 0.03380740
v 0.00880866 0.00800000 0.03424042
v 0.00862567 0.00800000 0.03405740
v 0.00855865 0.00800000 0.03380740
v 0.00862567 0.00800000 0.03355740
v 0.00870725 0.00800000 0.03345171
v 0.00880866 0.00800000 0.03337439
v 0.00905867 0.00800000 0.03485740
v 0.00905868 0.01000000 0.03535739
v 0.00838613 0.01000000 0.03520390
v 0.00860307 0.00800000 0.03475342
v 0.00828366 0.01000000 0.03514976
v 0.00823774 0.00800000 0.03446207
v 0.00784682 0.01000000 0.03477383
v 0.00771631 0.01000000 0.03458240
v 0.00803499 0.00800000 0.03404105
v 0.00754753 0.01000000 0.03415230
v 0.00800867 0.00800000 0.03380739
v 0.00750867 0.01000000 0.03380740
v 0.00803499 0.00800000 0.03357376
v 0.00754754 0.01000000 0.03346251
v 0.00771633 0.01000000 0.03303240
v 0.00823775 0.00800000 0.03315276
v 0.00784684 0.01000000 0.03284100
v 0.00828366 0.01000000 0.03246508
v 0.00860310 0.00800000 0.03286139
v 0.00838616 0.01000000 0.03241091
v 0.00905867 0.01000000 0.03225739
v 0.00905867 0.00800000 0.03275739
v 0.00951424 0.00800000 0.03475344
v 0.00987960 0.00800000 0.03446208
v 0.01008233 0.00800000 0.03404105
v 0.01010867 0.00800000 0.03380739
v 0.01008234 0.00800000 0.03357376
v 0.00987959 0.00800000 0.03315274
v 0.00951425 0.00800000 0.03286139
v 0.01056982 0.01000000 0.03346249
v 0.01027050 0.01000000 0.03284098
v 0.00973119 0.01000000 0.03241090
v 0.01056981 0.01000000 0.03415232
v 0.01027052 0.01000000 0.03477381
v 0.00973119 0.01000000 0.03520392
v 0.00965184 0.01190000 0.03523941
v 0.00905868 0.01190000 0.03535739
v 0.01015467 0.01190000 0.03490343
v 0.01027052 0.01190000 0.03477381
v 0.01049067 0.01190000 0.03440056
v 0.01056981 0.01190000 0.03415232
v 0.01060867 0.01190000 0.03380739
v 0.01056982 0.01190000 0.03346249
v 0.01049067 0.01190000 0.03321425
v 0.01027050 0.01190000 0.03284098
v 0.01015468 0.01190000 0.03271137
v 0.00965183 0.01190000 0.03237540
v 0.00905867 0.01190000 0.03225739
v 0.00846551 0.01190000 0.03237537
v 0.00828366 0.01190000 0.03246508
v 0.00796265 0.01190000 0.03271138
v 0.00771633 0.01190000 0.03303240
v 0.00762666 0.01190000 0.03321425
v 0.00750867 0.01190000 0.03380740
v 0.00762665 0.01190000 0.03440056
v 0.00846551 0.01190000 0.03523943
v 0.00828366 0.01190000 0.03514976
v 0.00796266 0.01190000 0.03490342
v 0.00771631 0.01190000 0.03458240
v 0.00845967 0.01197654 0.03236132
v 0.00905868 0.01197654 0.03224218
v 0.00795188 0.01197654 0.03270061
v 0.00761259 0.01197654 0.03320841
v 0.00749344 0.01197654 0.03380741
v 0.00761258 0.01197654 0.03440638
v 0.00795189 0.01197654 0.03491418
v 0.00845969 0.01197654 0.03525347
v 0.00905867 0.01197654 0.03537261
v 0.00905866 0.01204142 0.03541598
v 0.00844310 0.01204142 0.03529354
v 0.00792123 0.01204142 0.03494485
v 0.00757255 0.01204142 0.03442297
v 0.00745009 0.01204142 0.03380742
v 0.00757253 0.01204142 0.03319182
v 0.00792124 0.01204142 0.03266997
v 0.00844309 0.01204142 0.03232127
v 0.00905866 0.01204142 0.03219883
v 0.00905866 0.01208478 0.03548086
v 0.00841827 0.01208478 0.03535347
v 0.00787535 0.01208478 0.03499072
v 0.00751259 0.01208478 0.03444781
v 0.00738520 0.01208478 0.03380739
v 0.00751260 0.01208478 0.03316699
v 0.00787536 0.01208478 0.03262409
v 0.00841827 0.01208478 0.03226133
v 0.00905866 0.01208478 0.03213394
v 0.00905866 0.01210000 0.03555740
v 0.00838897 0.01210000 0.03542418
v 0.00782124 0.01210000 0.03504485
v 0.00744190 0.01210000 0.03447710
v 0.00730868 0.01210000 0.03380741
v 0.00744186 0.01210000 0.03313771
v 0.00782122 0.01210000 0.03256996
v 0.00838897 0.01210000 0.03219062
v 0.00905866 0.01210000 0.03205740
v 0.00965765 0.01197654 0.03525348
v 0.01016544 0.01197654 0.03491420
v 0.01050475 0.01197654 0.03440638
v 0.01062389 0.01197654 0.03380740
v 0.01050474 0.01197654 0.03320843
v 0.01016543 0.01197654 0.03270062
v 0.00965765 0.01197654 0.03236131
v 0.00967423 0.01204142 0.03232127
v 0.01019609 0.01204142 0.03266996
v 0.01054480 0.01204142 0.03319182
v 0.01066726 0.01204142 0.03380741
v 0.01054480 0.01204142 0.03442299
v 0.01019611 0.01204142 0.03494485
v 0.00967423 0.01204142 0.03529354
v 0.00969908 0.01208478 0.03226132
v 0.01024197 0.01208478 0.03262408
v 0.01060474 0.01208478 0.03316700
v 0.01073214 0.01208478 0.03380740
v 0.01060475 0.01208478 0.03444780
v 0.01024200 0.01208478 0.03499072
v 0.00969909 0.01208478 0.03535348
v 0.00972836 0.01210000 0.03219062
v 0.01029610 0.01210000 0.03256998
v 0.01067547 0.01210000 0.03313771
v 0.01080868 0.01210000 0.03380740
v 0.01067546 0.01210000 0.03447710
v 0.01029611 0.01210000 0.03504485
v 0.00972835 0.01210000 0.03542419
v 0.01800000 0.01550000 0.02999998
v 0.01800001 0.01550000 0.02711576
v 0.01750000 0.01550000 0.02999999
v 0.01750000 0.01550000 0.02744112
v 0.01234999 0.04680000 0.02868729
v 0.01234999 0.04800000 0.02868729
v 0.01234999 0.04680000 0.02554774
v 0.01234999 0.04800000 0.02554774
v 0.01714286 0.04800000 0.02536279
v 0.01714286 0.04680000 0.02536279
v 0.01683880 0.04680000 0.02436582
v 0.01683880 0.04800000 0.02436582
v 0.01614076 0.04680000 0.02359180
v 0.01614076 0.04800000 0.02359180
v 0.01518042 0.04680000 0.02318665
v 0.01518042 0.04800000 0.02318665
v 0.01413890 0.04680000 0.02322685
v 0.01413890 0.04800000 0.02322685
v 0.01321263 0.04680000 0.02370480
v 0.01321263 0.04800000 0.02370480
v 0.01306326 0.04800000 0.02384043
v 0.01306326 0.04680000 0.02384043
v 0.01257634 0.04800000 0.02453032
v 0.01257634 0.04680000 0.02453032
v 0.01727620 0.04680000 0.02578975
v 0.01727620 0.04800000 0.02578975
v 0.01758232 0.04680000 0.02611585
v 0.01758232 0.04800000 0.02611585
v 0.01800000 0.04680000 0.02627588
v 0.01800000 0.04800000 0.02627588
v -0.01085710 0.04714709 0.03675291
v -0.01068571 0.04710460 0.03679541
v -0.01068571 0.04680000 0.03679541
v -0.01084879 0.04680000 0.03675547
v -0.01101597 0.04680000 0.03663735
v -0.01100189 0.04724811 0.03665189
v -0.01112181 0.04680000 0.03646216
v -0.01111298 0.04713703 0.03648971
v -0.01114962 0.04710039 0.03631795
v -0.01115000 0.04680000 0.03629666
v -0.01115000 0.04710000 0.03629666
v -0.01114998 0.04710000 0.02983455
v -0.01015293 0.04809706 0.03018843
v -0.00915000 0.04910000 0.03479999
v -0.00914998 0.04910000 0.03050737
v -0.01114998 0.04680000 0.02983455
v -0.01232257 0.04800000 0.02993816
v -0.01235000 0.04800000 0.03010151
v -0.01235000 0.05030000 0.03010151
v -0.01182304 0.05030000 0.02960222
v -0.01166684 0.05030000 0.02963625
v -0.01167092 0.04800000 0.02963458
v -0.01182304 0.04800000 0.02960222
v -0.01203394 0.04800000 0.02963655
v -0.01203394 0.05030000 0.02963655
v -0.01220141 0.05030000 0.02974582
v -0.01220141 0.04800000 0.02974582
v -0.01221124 0.05030000 0.02975579
v -0.01232257 0.05030000 0.02993816
v -0.01221124 0.04800000 0.02975579
v -0.01475001 0.04800000 0.02689775
v -0.01475001 0.04680000 0.02689775
v -0.01542500 0.04800000 0.02671689
v -0.01542500 0.04680000 0.02671689
v -0.01591914 0.04800000 0.02622275
v -0.01591914 0.04680000 0.02622275
v -0.01609999 0.04800000 0.02554776
v -0.01609999 0.04680000 0.02554776
v -0.01591913 0.04800000 0.02487276
v -0.01591913 0.04680000 0.02487276
v -0.01569880 0.04800000 0.02458739
v -0.01569880 0.04680000 0.02458739
v -0.01542501 0.04800000 0.02437861
v -0.01542501 0.04680000 0.02437861
v -0.01475001 0.04800000 0.02419776
v -0.01475001 0.04680000 0.02419776
v -0.01416426 0.04800000 0.02433146
v -0.01416426 0.04680000 0.02433146
v -0.01369452 0.04800000 0.02470605
v -0.01369452 0.04680000 0.02470605
v -0.01343385 0.04800000 0.02524735
v -0.01343385 0.04680000 0.02524735
v -0.01343384 0.04800000 0.02584814
v -0.01343384 0.04680000 0.02584814
v -0.01369452 0.04800000 0.02638946
v -0.01369452 0.04680000 0.02638946
v -0.01380122 0.04800000 0.02650812
v -0.01380122 0.04680000 0.02650812
v -0.01416425 0.04800000 0.02676405
v -0.01416425 0.04680000 0.02676405
v -0.01799999 0.04800000 0.02627589
v -0.01800000 0.04800000 0.03346640
v -0.01235001 0.04800000 0.03740714
v -0.01727621 0.04800000 0.02578974
v -0.01743708 0.04800000 0.02599710
v -0.01758231 0.04800000 0.02611586
v -0.01714286 0.04800000 0.02536277
v -0.01683879 0.04800000 0.02436584
v -0.01643675 0.04800000 0.02384045
v -0.01614075 0.04800000 0.02359180
v -0.01518043 0.04800000 0.02318666
v -0.01413891 0.04800000 0.02322686
v -0.01321264 0.04800000 0.02370480
v -0.01257633 0.04800000 0.02453033
v -0.01235001 0.04800000 0.02554775
v -0.01234999 0.04800000 0.02868729
v -0.01200602 0.04800000 0.02944202
v -0.01227248 0.04800000 0.02907334
v -0.01799999 0.04680000 0.02627589
v -0.01758231 0.04680000 0.02611586
v -0.01743708 0.04680000 0.02599710
v -0.01727621 0.04680000 0.02578974
v -0.01714286 0.04680000 0.02536277
v -0.01235001 0.04680000 0.02554775
v -0.01257633 0.04680000 0.02453033
v -0.01321264 0.04680000 0.02370480
v -0.01413891 0.04680000 0.02322686
v -0.01518043 0.04680000 0.02318666
v -0.01614075 0.04680000 0.02359180
v -0.01643675 0.04680000 0.02384045
v -0.01683879 0.04680000 0.02436584
v -0.01234999 0.04680000 0.02868729
v -0.01167319 0.04680000 0.02963377
v -0.01200602 0.04680000 0.02944202
v -0.01227248 0.04680000 0.02907334
v -0.01109683 0.04680000 0.03671720
v -0.01680000 0.04680000 0.02723528
v -0.01680001 0.04680000 0.03284032
v -0.01800000 0.04680000 0.02645750
v -0.01158687 0.04680000 0.03647637
v -0.01750000 0.02175000 0.02999999
v -0.01749999 0.02175000 0.02731162
v -0.01679999 0.02175000 0.02999999
v -0.01679999 0.02175000 0.02774771
v -0.01750000 0.02147767 0.03119317
v -0.01679999 0.02147767 0.03119317
v -0.01749999 0.02071460 0.03215004
v -0.01680000 0.02071460 0.03215003
v -0.01750000 0.01961193 0.03268106
v -0.01680001 0.01961193 0.03268105
v -0.01750000 0.01838807 0.03268106
v -0.01680001 0.01838807 0.03268105
v -0.01749999 0.01728540 0.03215004
v -0.01680000 0.01728540 0.03215003
v -0.01750000 0.01652234 0.03119317
v -0.01679999 0.01652234 0.03119317
v -0.01750000 0.01625000 0.02999999
v -0.01679999 0.01625000 0.02999999
v -0.01750001 0.01625000 0.02742559
v -0.01680000 0.01625000 0.02785986
v -0.01680000 0.01330000 0.02791999
v -0.01680000 0.01330000 0.03274140
v -0.01680000 0.01849706 0.03274140
v -0.01680001 0.01858508 0.03284032
v -0.01679999 0.03433635 0.02749057
v -0.01158687 0.01996951 0.03647637
v -0.01298009 0.01949998 0.03550462
v -0.01490879 0.01896820 0.03415941
v -0.01062152 0.04710115 0.03679885
v -0.01055712 0.04710000 0.03680000
v -0.01055712 0.01998143 0.03680000
v -0.01096472 0.02005100 0.03675325
v -0.01136480 0.02002915 0.03660862
v -0.00674267 0.01849706 0.03617702
v -0.00575052 0.01894340 0.03679976
v -0.00435134 0.01849706 0.03654182
v -0.00343428 0.01865725 0.03680029
v -0.00289378 0.01849706 0.03668604
v -0.00114594 0.01851492 0.03680002
v -0.00000001 0.01849706 0.03679999
v -0.01051655 0.01849706 0.03526531
v -0.00864166 0.01849706 0.03577096
v -0.00813443 0.01938489 0.03679951
v -0.00686570 0.01913149 0.03679945
v -0.01417333 0.01849706 0.03396110
v -0.01281069 0.01849706 0.03449821
v 0.01680000 0.01625000 0.02785987
v 0.01680001 0.01625000 0.03000000
v 0.01749999 0.01625000 0.02742559
v 0.01750000 0.01625000 0.02999999
v 0.01750000 0.01652234 0.03119317
v 0.01680001 0.01652234 0.03119318
v 0.01750001 0.01728540 0.03215005
v 0.01680000 0.01728540 0.03215004
v 0.01750000 0.01838807 0.03268106
v 0.01679999 0.01838807 0.03268106
v 0.01750000 0.01961193 0.03268106
v 0.01679999 0.01961193 0.03268106
v 0.01750001 0.02071460 0.03215005
v 0.01680000 0.02071460 0.03215004
v 0.01750000 0.02147767 0.03119317
v 0.01680001 0.02147767 0.03119318
v 0.01750000 0.02175000 0.02999999
v 0.01680001 0.02175000 0.03000000
v 0.01680001 0.02175000 0.02774772
v 0.01750001 0.02175000 0.02731162
v 0.01679999 0.04680000 0.03284033
v 0.01680000 0.04680000 0.02723529
v 0.01679999 0.03433635 0.02749055
v 0.01680000 0.01330000 0.03274141
v 0.01680000 0.01849706 0.03274141
v 0.01679999 0.01858508 0.03284033
v 0.01680000 0.01330000 0.02792000
v 0.01158686 0.01996951 0.03647636
v 0.01158686 0.04680000 0.03647636
v 0.01358525 0.01931813 0.03508257
v 0.01553786 0.01882530 0.03372065
v 0.01417334 0.01849706 0.03396109
v 0.01281068 0.01849706 0.03449820
v 0.01051655 0.01849706 0.03526531
v 0.01122470 0.02004810 0.03667164
v 0.01081405 0.02003536 0.03678158
v 0.01055713 0.01998143 0.03680000
v 0.00864165 0.01849706 0.03577095
v 0.00915094 0.01961753 0.03679976
v 0.00225782 0.01856639 0.03680012
v 0.00289378 0.01849706 0.03668603
v 0.00452608 0.01877460 0.03680026
v 0.00682671 0.01912437 0.03679945
v 0.00674269 0.01849706 0.03617701
v 0.00435136 0.01849706 0.03654183
v 0.01055713 0.04710000 0.03680000
v 0.00915002 0.04910000 0.03480000
v 0.01062152 0.04710115 0.03679885
v 0.01100188 0.04724811 0.03665189
v 0.01081674 0.04713098 0.03676904
v 0.01068573 0.04710460 0.03679541
v 0.01068573 0.04680000 0.03679541
v 0.01109681 0.04680000 0.03671719
v 0.01115000 0.04710000 0.03629668
v 0.01115000 0.04680000 0.03629668
v 0.01111953 0.04713047 0.03647312
v 0.01112183 0.04680000 0.03646218
v 0.01101597 0.04680000 0.03663735
v 0.01084879 0.04680000 0.03675547
v 0.01100140 0.04680000 0.03665238
v 0.01101198 0.04723801 0.03664163
v 0.01114999 0.04710000 0.02983455
v 0.01114999 0.04680000 0.02983455
v 0.01015293 0.04809706 0.03018842
v 0.00915001 0.04910000 0.03050737
v 0.00567628 0.04910000 0.03134012
v -0.00566991 0.04910000 0.03134127
v -0.00189682 0.04910000 0.03179345
v 0.00190328 0.04910000 0.03179307
v 0.00567628 0.05030000 0.03134012
v 0.00936848 0.05030000 0.03044100
v -0.01015295 0.04809706 0.03018841
v -0.00936229 0.05030000 0.03044289
v -0.00566991 0.05030000 0.03134127
v 0.00190328 0.05030000 0.03179307
v -0.00189682 0.05030000 0.03179345
v 0.01167922 0.04680000 0.02963142
v 0.01167086 0.04800000 0.02963441
v 0.01166685 0.05030000 0.02963624
v 0.01182306 0.04800000 0.02960222
v 0.01232256 0.05030000 0.02993815
v 0.01235000 0.05030000 0.03010149
v 0.01235000 0.04800000 0.03010149
v 0.01182306 0.05030000 0.02960222
v 0.01203393 0.05030000 0.02963655
v 0.01203393 0.04800000 0.02963655
v 0.01221124 0.05030000 0.02975580
v 0.01221124 0.04800000 0.02975580
v 0.01232256 0.04800000 0.02993815
v 0.01198739 0.01950000 0.03763713
v 0.01145666 0.01950000 0.03786197
v 0.01177952 0.01950000 0.03770269
v 0.01082366 0.01950000 0.03798814
v 0.01055715 0.01943924 0.03799999
v 0.01068995 0.01947216 0.03799706
v 0.01055713 0.04800000 0.03800001
v 0.01145661 0.04800000 0.03786197
v 0.01227334 0.04800000 0.03746062
v 0.01227338 0.01941994 0.03746057
v 0.01800000 0.01948380 0.03346639
v 0.01800000 0.04800000 0.03346639
v 0.01234999 0.04800000 0.03740713
v 0.01800000 0.01800000 0.03346639
v 0.01800000 0.01851620 0.03346639
v 0.01608938 0.01833848 0.03479903
v 0.01795232 0.01895563 0.03349972
v 0.01414855 0.01882265 0.03615270
v 0.00103621 0.01801406 0.03799994
v -0.00000001 0.01800000 0.03800000
v 0.00320312 0.01800000 0.03786475
v 0.01133219 0.01800000 0.03627094
v 0.01374501 0.01800000 0.03542704
v 0.01521810 0.01800000 0.03481967
v 0.00928107 0.01800000 0.03684917
v 0.00810966 0.01885555 0.03799984
v 0.00731122 0.01800000 0.03729004
v 0.00745595 0.01872439 0.03799984
v 0.00467608 0.01800000 0.03771118
v 0.00569028 0.01842363 0.03799995
v 0.00335288 0.01814747 0.03799983
v -0.01055715 0.01943923 0.03799998
v -0.00931373 0.01912466 0.03799991
v -0.01055713 0.04800000 0.03800001
v -0.00694672 0.01862958 0.03799985
v -0.00459880 0.01827722 0.03799996
v -0.00229819 0.01806928 0.03799985
v -0.01055713 0.05030000 0.03570001
v 0.01055714 0.05030000 0.03569999
v 0.01076702 0.05030000 0.03566780
v 0.01095757 0.05030000 0.03557414
v 0.01235000 0.05030000 0.03460297
v 0.01475000 0.04800000 0.02689773
v 0.01475000 0.04680000 0.02689773
v 0.01407501 0.04800000 0.02671687
v 0.01407501 0.04680000 0.02671687
v 0.01358087 0.04800000 0.02622273
v 0.01358087 0.04680000 0.02622273
v 0.01340000 0.04800000 0.02554776
v 0.01340000 0.04680000 0.02554776
v 0.01358088 0.04800000 0.02487275
v 0.01358088 0.04680000 0.02487275
v 0.01380121 0.04800000 0.02458737
v 0.01380121 0.04680000 0.02458737
v 0.01407500 0.04800000 0.02437863
v 0.01407500 0.04680000 0.02437863
v 0.01475001 0.04800000 0.02419776
v 0.01475001 0.04680000 0.02419776
v 0.01533575 0.04800000 0.02433144
v 0.01533575 0.04680000 0.02433144
v 0.01580547 0.04800000 0.02470605
v 0.01580547 0.04680000 0.02470605
v 0.01606614 0.04800000 0.02524735
v 0.01606614 0.04680000 0.02524735
v 0.01606614 0.04800000 0.02584814
v 0.01606614 0.04680000 0.02584814
v 0.01580547 0.04800000 0.02638947
v 0.01580547 0.04680000 0.02638947
v 0.01569879 0.04800000 0.02650810
v 0.01569879 0.04680000 0.02650810
v 0.01533574 0.04800000 0.02676405
v 0.01533574 0.04680000 0.02676405
v 0.01200603 0.04800000 0.02944203
v 0.01227248 0.04800000 0.02907334
v 0.01205282 0.04800000 0.02939865
v 0.01200603 0.04680000 0.02944203
v 0.01205282 0.04680000 0.02939865
v 0.01227248 0.04680000 0.02907334
v 0.01800000 0.04680000 0.02645750
v 0.01799999 0.01966783 0.03343569
v 0.01799999 0.02090624 0.03293535
v 0.01800001 0.02186703 0.03200752
v 0.01800001 0.02241029 0.03078732
v 0.01800000 0.02250000 0.02999998
v 0.01799999 0.02250000 0.02696898
v 0.01799999 0.03471164 0.02671234
v 0.01750000 0.02250000 0.02999999
v 0.01749999 0.02250000 0.02729609
v 0.01750001 0.02241029 0.03078733
v 0.01750001 0.02186703 0.03200752
v 0.01749999 0.02090624 0.03293536
v 0.01750000 0.01966783 0.03343569
v 0.01750000 0.01833217 0.03343569
v 0.01749999 0.01709376 0.03293536
v 0.01750001 0.01613297 0.03200752
v 0.01750001 0.01558970 0.03078733
v 0.01800001 0.01558970 0.03078732
v 0.01800001 0.01613297 0.03200752
v 0.01799999 0.01709376 0.03293535
v 0.01799999 0.01833217 0.03343569
v 0.01800000 0.01210000 0.03346639
v 0.01799999 0.01210000 0.02753924
v 0.01800000 0.01239959 0.02718067
v -0.01750000 0.02250000 0.02729609
v -0.01750000 0.02250000 0.02999999
v -0.01800000 0.02250000 0.02696899
v -0.01799999 0.02250000 0.02999999
v -0.01795230 0.01904438 0.03349971
v -0.01750000 0.01966783 0.03343569
v -0.01800000 0.01851620 0.03346640
v -0.01750000 0.01833217 0.03343569
v -0.01799998 0.02241029 0.03078733
v -0.01749999 0.02241029 0.03078733
v -0.01800000 0.02186703 0.03200750
v -0.01749999 0.02186703 0.03200752
v -0.01800000 0.02090624 0.03293536
v -0.01750000 0.02090624 0.03293536
v -0.01800000 0.01966783 0.03343569
v -0.01800000 0.01948380 0.03346640
v -0.01750000 0.01550000 0.02999999
v -0.01799999 0.01550000 0.02999999
v -0.01749999 0.01558970 0.03078732
v -0.01799998 0.01558970 0.03078733
v -0.01749999 0.01613297 0.03200752
v -0.01800000 0.01613297 0.03200750
v -0.01750000 0.01709376 0.03293536
v -0.01800000 0.01709376 0.03293536
v -0.01800000 0.01833217 0.03343569
v -0.01800000 0.01550000 0.02711574
v -0.01750000 0.01550000 0.02744112
v -0.01800000 0.01800000 0.03346640
v -0.01800000 0.01210000 0.03346640
v -0.01800000 0.01239959 0.02718067
v -0.01800000 0.01210000 0.02753924
v 0.01637344 0.01210000 0.02853631
v 0.01625210 0.01239954 0.02826058
v 0.01252905 0.01210000 0.03042092
v 0.01243715 0.01239954 0.03013483
v 0.00847246 0.01210000 0.03179036
v 0.00841077 0.01239954 0.03149681
v 0.00427241 0.01210000 0.03262141
v 0.00424145 0.01239954 0.03232339
v 0.00000001 0.01210000 0.03290001
v 0.00000001 0.01239954 0.03260046
v -0.00427243 0.01210000 0.03262141
v -0.00424146 0.01239954 0.03232336
v -0.00847248 0.01210000 0.03179037
v -0.00841077 0.01239954 0.03149680
v -0.01252907 0.01210000 0.03042093
v -0.01243716 0.01239954 0.03013482
v -0.01637343 0.01210000 0.02853631
v -0.01625208 0.01239954 0.02826057
v -0.00928108 0.01210000 0.03684919
v -0.01374500 0.01210000 0.03542704
v 0.00928107 0.01210000 0.03684917
v 0.00467608 0.01210000 0.03771118
v -0.00467608 0.01210000 0.03771120
v 0.01374501 0.01210000 0.03542704
v -0.00000001 0.01210000 0.03800000
v -0.01520058 0.01800000 0.03482733
v -0.01374500 0.01800000 0.03542704
v -0.01129031 0.01800000 0.03628401
v -0.00928108 0.01800000 0.03684919
v -0.00724385 0.01800000 0.03730316
v -0.00467608 0.01800000 0.03771120
v -0.00311007 0.01800000 0.03787253
v -0.01068996 0.01947217 0.03799705
v -0.01227337 0.01941994 0.03746059
v -0.01429485 0.01878134 0.03605065
v -0.01627618 0.01829927 0.03466872
v -0.01145662 0.04800000 0.03786198
v -0.01227335 0.04800000 0.03746061
v -0.01095757 0.05030000 0.03557413
v -0.01076700 0.05030000 0.03566780
v -0.01235000 0.05030000 0.03460298
v -0.01800000 0.03471164 0.02671235
v 0.01624426 0.01330000 0.02824696
v 0.01243117 0.01330000 0.03012030
v 0.00840673 0.01330000 0.03148161
v 0.00423939 0.01330000 0.03230778
v -0.00000002 0.01330000 0.03258474
v -0.00423938 0.01330000 0.03230778
v -0.00840674 0.01330000 0.03148163
v -0.01243115 0.01330000 0.03012030
v -0.01624427 0.01330000 0.02824694
v 0.01281068 0.01330000 0.03449820
v 0.00864165 0.01330000 0.03577095
v 0.00435136 0.01330000 0.03654183
v -0.00000001 0.01330000 0.03679999
v -0.00435134 0.01330000 0.03654182
v -0.00864166 0.01330000 0.03577096
v -0.01281069 0.01330000 0.03449821
v 0.00289376 0.01849706 0.03668605
v 0.06500000 -0.01129758 -0.00940504
v 0.06500000 -0.00634385 0.01326068
v 0.06500000 -0.00843997 0.01203565
v 0.06500000 -0.00959548 -0.01113628
v 0.06500000 -0.00763164 -0.01256376
v 0.06500000 -0.00545962 -0.01364854
v 0.06500000 0.00843997 -0.01203566
v 0.06500000 0.01030586 -0.01048233
v 0.06500000 0.01269151 0.00741724
v 0.06500000 -0.00169439 0.01460202
v 0.06500000 0.00634385 -0.01326068
v 0.06500000 0.00073213 0.01468176
v 0.06500000 0.00313869 0.01436101
v 0.06500000 -0.01030586 0.01048233
v 0.06500000 -0.01189064 0.00864308
v 0.06500000 -0.01315107 0.00656806
v 0.06500000 -0.01405277 0.00431389
v 0.06500000 -0.01457115 0.00194204
v 0.06500000 -0.01469207 -0.00048278
v 0.06500000 -0.01441223 -0.00289443
v 0.06500000 -0.01373926 -0.00522713
v 0.06500000 -0.01269151 -0.00741724
v 0.06500000 -0.00407469 0.01412398
v 0.06500000 0.00407470 -0.01412398
v 0.06500000 0.00169439 -0.01460202
v 0.06500000 0.01129758 0.00940503
v 0.06500000 0.00959548 0.01113628
v 0.06500000 0.00763164 0.01256376
v 0.06500000 0.00545962 0.01364853
v 0.06500000 -0.00313869 -0.01436101
v 0.06500000 -0.00073213 -0.01468176
v 0.06500000 0.01189064 -0.00864308
v 0.06500000 0.01315107 -0.00656806
v 0.06500000 0.01405277 -0.00431389
v 0.06500000 0.01457115 -0.00194204
v 0.06500000 0.01469207 0.00048278
v 0.06500000 0.01373926 0.00522713
v 0.06500000 0.01441223 0.00289443
v 0.05000000 0.00313869 0.01436101
v 0.05000000 0.00073213 0.01468176
v 0.05000000 -0.00169439 0.01460202
v 0.05000000 -0.00407469 0.01412398
v 0.05000000 -0.00634385 0.01326068
v 0.05000000 -0.00843997 0.01203565
v 0.05000000 -0.01030586 0.01048233
v 0.05000000 -0.01189064 0.00864308
v 0.05000000 -0.01315107 0.00656806
v 0.05000000 -0.01405277 0.00431389
v 0.05000000 -0.01457115 0.00194204
v 0.05000000 -0.01469207 -0.00048278
v 0.05000000 -0.01441223 -0.00289443
v 0.05000000 -0.01373926 -0.00522713
v 0.05000000 -0.01269151 -0.00741724
v 0.05000000 -0.01129758 -0.00940504
v 0.05000000 -0.00959548 -0.01113628
v 0.05000000 -0.00763164 -0.01256376
v 0.05000000 -0.00545962 -0.01364854
v 0.05000000 -0.00313868 -0.01436101
v 0.05000000 -0.00073213 -0.01468176
v 0.05000000 0.00169439 -0.01460202
v 0.05000000 0.00407470 -0.01412398
v 0.05000000 0.00634385 -0.01326068
v 0.05000000 0.00843997 -0.01203566
v 0.05000000 0.01030586 -0.01048233
v 0.05000000 0.01189064 -0.00864308
v 0.05000000 0.01315107 -0.00656806
v 0.05000000 0.01405277 -0.00431389
v 0.05000000 0.01457115 -0.00194204
v 0.05000000 0.01469207 0.00048278
v 0.05000000 0.01441223 0.00289443
v 0.05000000 0.01373926 0.00522713
v 0.05000000 0.01269151 0.00741724
v 0.05000000 0.01129758 0.00940503
v 0.05000000 0.00959548 0.01113628
v 0.05000000 0.00763164 0.01256376
v 0.05000000 0.00545962 0.01364854
v 0.05000000 0.00073108 -0.00203199
v 0.05000000 -0.00021905 -0.00212635
v 0.05000000 0.00156068 -0.00155934
v 0.05000000 0.00212631 -0.00079012
v 0.05000000 0.00075612 0.00233549
v 0.05000000 0.00158024 0.00185336
v 0.05000000 0.00233018 0.00014266
v 0.05000000 0.00213702 0.00107771
v 0.05000000 -0.00019286 0.00244074
v 0.05000000 -0.00110260 0.00215090
v 0.05000000 -0.00181581 0.00151610
v 0.05000000 -0.00220915 0.00064609
v 0.05000000 -0.00183128 -0.00118316
v 0.05000000 -0.00112541 -0.00182610
v 0.05000000 -0.00221463 -0.00030870
v 0.06000000 -0.00220915 0.00064609
v 0.06000000 -0.00181581 0.00151610
v 0.06000000 -0.00110260 0.00215090
v 0.06000000 -0.00019286 0.00244074
v 0.06000000 0.00075612 0.00233549
v 0.06000000 0.00158024 0.00185336
v 0.06000000 0.00213702 0.00107771
v 0.06000000 0.00233018 0.00014266
v 0.06000000 0.00212631 -0.00079012
v 0.06000000 0.00156068 -0.00155934
v 0.06000000 0.00073108 -0.00203199
v 0.06000000 -0.00021905 -0.00212635
v 0.06000000 -0.00112541 -0.00182610
v 0.06000000 -0.00183128 -0.00118316
v 0.06000000 -0.00221463 -0.00030870
v 0.06000000 0.00003406 0.00015582
v -0.00042260 0.00220000 0.03306076
v 0.00042260 0.00220000 0.03593924
v 0.00081096 0.00220000 0.03576188
v 0.00113362 0.00220000 0.03548229
v 0.00136445 0.00220000 0.03512312
v 0.00148473 0.00220000 0.03471347
v 0.00042260 0.00220000 0.03306076
v 0.00136445 0.00220000 0.03387688
v 0.00081096 0.00220000 0.03323812
v 0.00113362 0.00220000 0.03351771
v -0.00081096 0.00220000 0.03323812
v -0.00113362 0.00220000 0.03351771
v -0.00136445 0.00220000 0.03387688
v -0.00148473 0.00220000 0.03428653
v -0.00148473 0.00220000 0.03471347
v -0.00136445 0.00220000 0.03512312
v -0.00113362 0.00220000 0.03548229
v -0.00081096 0.00220000 0.03576188
v 0.00000000 0.00220000 0.03600000
v -0.00042260 0.00220000 0.03593924
v 0.00000000 0.00220000 0.03300000
v 0.00148473 0.00220000 0.03428653
v 0.00000000 -0.00780000 0.03600000
v -0.00042260 -0.00780000 0.03593924
v -0.00081096 -0.00780000 0.03576188
v -0.00113362 -0.00780000 0.03548229
v -0.00136445 -0.00780000 0.03512312
v -0.00148473 -0.00780000 0.03471347
v -0.00148473 -0.00780000 0.03428653
v -0.00136445 -0.00780000 0.03387688
v -0.00113362 -0.00780000 0.03351771
v -0.00081096 -0.00780000 0.03323812
v -0.00042260 -0.00780000 0.03306076
v 0.00000000 -0.00780000 0.03300000
v 0.00042260 -0.00780000 0.03306076
v 0.00081096 -0.00780000 0.03323812
v 0.00113362 -0.00780000 0.03351771
v 0.00136445 -0.00780000 0.03387688
v 0.00148473 -0.00780000 0.03428653
v 0.00148473 -0.00780000 0.03471347
v 0.00136445 -0.00780000 0.03512312
v 0.00113362 -0.00780000 0.03548229
v 0.00081096 -0.00780000 0.03576188
v 0.00042260 -0.00780000 0.03593924
v -0.00119318 -0.00780000 0.03697766
v -0.00061193 -0.00780000 0.03718105
v 0.00000000 -0.00780000 0.03725000
v 0.00275000 -0.00780000 0.03450000
v 0.00268105 -0.00780000 0.03388807
v 0.00247766 -0.00780000 0.03330682
v 0.00215004 -0.00780000 0.03278540
v 0.00061193 -0.00780000 0.03718105
v 0.00119318 -0.00780000 0.03697766
v 0.00171460 -0.00780000 0.03665004
v 0.00215004 -0.00780000 0.03621460
v 0.00247766 -0.00780000 0.03569318
v 0.00268105 -0.00780000 0.03511193
v -0.00275000 -0.00780000 0.03450000
v -0.00268105 -0.00780000 0.03511193
v -0.00247766 -0.00780000 0.03569318
v -0.00215004 -0.00780000 0.03621460
v -0.00171460 -0.00780000 0.03665004
v 0.00171460 -0.00780000 0.03234996
v 0.00119318 -0.00780000 0.03202233
v 0.00061193 -0.00780000 0.03181895
v 0.00000000 -0.00780000 0.03175000
v -0.00061193 -0.00780000 0.03181895
v -0.00119318 -0.00780000 0.03202233
v -0.00171460 -0.00780000 0.03234996
v -0.00215004 -0.00780000 0.03278540
v -0.00247766 -0.00780000 0.03330682
v -0.00268105 -0.00780000 0.03388807
v 0.00000000 -0.01080000 0.03725000
v -0.00061193 -0.01080000 0.03718105
v -0.00119318 -0.01080000 0.03697766
v -0.00171460 -0.01080000 0.03665004
v -0.00215004 -0.01080000 0.03621460
v -0.00247766 -0.01080000 0.03569318
v -0.00268105 -0.01080000 0.03511193
v -0.00275000 -0.01080000 0.03450000
v -0.00268105 -0.01080000 0.03388807
v -0.00247766 -0.01080000 0.03330682
v -0.00215004 -0.01080000 0.03278540
v -0.00171460 -0.01080000 0.03234996
v -0.00119318 -0.01080000 0.03202233
v -0.00061193 -0.01080000 0.03181895
v 0.00000000 -0.01080000 0.03175000
v 0.00061193 -0.01080000 0.03181895
v 0.00119318 -0.01080000 0.03202233
v 0.00171460 -0.01080000 0.03234996
v 0.00215004 -0.01080000 0.03278540
v 0.00247766 -0.01080000 0.03330682
v 0.00268105 -0.01080000 0.03388807
v 0.00275000 -0.01080000 0.03450000
v 0.00268105 -0.01080000 0.03511193
v 0.00247766 -0.01080000 0.03569318
v 0.00215004 -0.01080000 0.03621460
v 0.00171460 -0.01080000 0.03665004
v 0.00119318 -0.01080000 0.03697766
v 0.00061193 -0.01080000 0.03718105
v 0.02397259 0.00220000 0.02295594
v 0.02481778 0.00220000 0.02583442
v 0.02520614 0.00220000 0.02565706
v 0.02552881 0.00220000 0.02537747
v 0.02575963 0.00220000 0.02501831
v 0.02587992 0.00220000 0.02460866
v 0.02481778 0.00220000 0.02295594
v 0.02575963 0.00220000 0.02377206
v 0.02520614 0.00220000 0.02313330
v 0.02552881 0.00220000 0.02341289
v 0.02358422 0.00220000 0.02313330
v 0.02326156 0.00220000 0.02341289
v 0.02303074 0.00220000 0.02377206
v 0.02291045 0.00220000 0.02418171
v 0.02291045 0.00220000 0.02460866
v 0.02303074 0.00220000 0.02501831
v 0.02326156 0.00220000 0.02537747
v 0.02358422 0.00220000 0.02565706
v 0.02439518 0.00220000 0.02589518
v 0.02397259 0.00220000 0.02583442
v 0.02439518 0.00220000 0.02289518
v 0.02587992 0.00220000 0.02418171
v 0.02439518 -0.00780000 0.02589518
v 0.02397259 -0.00780000 0.02583442
v 0.02358422 -0.00780000 0.02565706
v 0.02326156 -0.00780000 0.02537747
v 0.02303074 -0.00780000 0.02501831
v 0.02291045 -0.00780000 0.02460866
v 0.02291045 -0.00780000 0.02418171
v 0.02303074 -0.00780000 0.02377206
v 0.02326156 -0.00780000 0.02341289
v 0.02358422 -0.00780000 0.02313330
v 0.02397259 -0.00780000 0.02295594
v 0.02439518 -0.00780000 0.02289518
v 0.02481778 -0.00780000 0.02295594
v 0.02520614 -0.00780000 0.02313330
v 0.02552881 -0.00780000 0.02341289
v 0.02575963 -0.00780000 0.02377206
v 0.02587992 -0.00780000 0.02418171
v 0.02587992 -0.00780000 0.02460866
v 0.02575963 -0.00780000 0.02501831
v 0.02552881 -0.00780000 0.02537747
v 0.02520614 -0.00780000 0.02565706
v 0.02481778 -0.00780000 0.02583442
v 0.02320200 -0.00780000 0.02687285
v 0.02378325 -0.00780000 0.02707624
v 0.02439518 -0.00780000 0.02714518
v 0.02714518 -0.00780000 0.02439518
v 0.02707624 -0.00780000 0.02378325
v 0.02687285 -0.00780000 0.02320200
v 0.02654522 -0.00780000 0.02268059
v 0.02500712 -0.00780000 0.02707624
v 0.02558837 -0.00780000 0.02687285
v 0.02610978 -0.00780000 0.02654522
v 0.02654522 -0.00780000 0.02610978
v 0.02687285 -0.00780000 0.02558836
v 0.02707624 -0.00780000 0.02500712
v 0.02164518 -0.00780000 0.02439518
v 0.02171413 -0.00780000 0.02500712
v 0.02191752 -0.00780000 0.02558836
v 0.02224515 -0.00780000 0.02610978
v 0.02268059 -0.00780000 0.02654522
v 0.02610978 -0.00780000 0.02224515
v 0.02558837 -0.00780000 0.02191752
v 0.02500712 -0.00780000 0.02171413
v 0.02439518 -0.00780000 0.02164518
v 0.02378325 -0.00780000 0.02171413
v 0.02320200 -0.00780000 0.02191752
v 0.02268059 -0.00780000 0.02224515
v 0.02224515 -0.00780000 0.02268059
v 0.02191752 -0.00780000 0.02320200
v 0.02171413 -0.00780000 0.02378325
v 0.02439518 -0.01080000 0.02714518
v 0.02378325 -0.01080000 0.02707624
v 0.02320200 -0.01080000 0.02687285
v 0.02268059 -0.01080000 0.02654522
v 0.02224515 -0.01080000 0.02610978
v 0.02191752 -0.01080000 0.02558836
v 0.02171413 -0.01080000 0.02500712
v 0.02164518 -0.01080000 0.02439518
v 0.02171413 -0.01080000 0.02378325
v 0.02191752 -0.01080000 0.02320200
v 0.02224515 -0.01080000 0.02268059
v 0.02268059 -0.01080000 0.02224515
v 0.02320200 -0.01080000 0.02191752
v 0.02378325 -0.01080000 0.02171413
v 0.02439518 -0.01080000 0.02164518
v 0.02500712 -0.01080000 0.02171413
v 0.02558837 -0.01080000 0.02191752
v 0.02610978 -0.01080000 0.02224515
v 0.02654522 -0.01080000 0.02268059
v 0.02687285 -0.01080000 0.02320200
v 0.02707624 -0.01080000 0.02378325
v 0.02714518 -0.01080000 0.02439518
v 0.02707624 -0.01080000 0.02500712
v 0.02687285 -0.01080000 0.02558836
v 0.02654522 -0.01080000 0.02610978
v 0.02610978 -0.01080000 0.02654522
v 0.02558837 -0.01080000 0.02687285
v 0.02500712 -0.01080000 0.02707624
f 1 2 3
f 1 3 4
f 4 3 5
f 4 5 6
f 6 5 7
f 6 7 8
f 8 7 9
f 8 9 10
f 10 9 11
f 10 11 12
f 12 11 13
f 12 13 14
f 14 13 15
f 14 15 16
f 16 15 17
f 16 17 18
f 18 17 19
f 18 19 20
f 20 19 21
f 20 21 22
f 22 21 23
f 22 23 24
f 24 23 25
f 24 25 26
f 26 25 27
f 26 27 28
f 28 27 29
f 28 29 30
f 30 29 31
f 30 31 32
f 32 31 33
f 32 33 34
f 35 33 31
f 35 31 36
f 36 31 29
f 36 29 37
f 37 29 27
f 37 27 38
f 38 27 25
f 38 25 39
f 39 25 23
f 39 23 40
f 40 23 21
f 40 21 41
f 41 21 19
f 41 19 42
f 42 19 17
f 42 17 43
f 43 17 15
f 43 15 44
f 44 15 13
f 44 13 45
f 45 13 11
f 45 11 46
f 46 11 9
f 46 9 47
f 47 9 7
f 47 7 48
f 48 7 5
f 48 5 49
f 49 5 3
f 49 3 50
f 50 3 2
f 50 2 51
f 37 38 51
f 37 51 36
f 36 51 52
f 36 52 35
f 35 52 53
f 35 53 54
f 55 56 35
f 35 56 57
f 35 57 58
f 58 59 35
f 35 59 60
f 35 60 61
f 38 39 51
f 51 39 40
f 51 40 41
f 54 62 35
f 35 62 63
f 35 63 55
f 61 64 35
f 35 64 65
f 35 65 66
f 41 42 51
f 51 42 43
f 51 43 44
f 44 45 51
f 51 45 46
f 51 46 47
f 47 48 51
f 51 48 49
f 51 49 50
f 51 2 67
f 51 67 52
f 52 67 68
f 52 68 53
f 53 68 69
f 53 69 54
f 54 69 70
f 54 70 62
f 62 70 71
f 62 71 63
f 63 71 72
f 63 72 55
f 55 72 73
f 55 73 56
f 56 73 74
f 56 74 57
f 57 74 75
f 57 75 58
f 58 75 76
f 58 76 59
f 59 76 77
f 59 77 60
f 60 77 78
f 60 78 61
f 61 78 79
f 61 79 64
f 64 79 80
f 64 80 65
f 65 80 81
f 65 81 66
f 66 81 33
f 66 33 35
f 34 33 81
f 34 81 82
f 82 81 80
f 82 80 83
f 83 80 79
f 83 79 84
f 84 79 78
f 84 78 85
f 85 78 77
f 85 77 86
f 86 77 76
f 86 76 87
f 87 76 75
f 87 75 88
f 88 75 74
f 88 74 89
f 89 74 73
f 89 73 90
f 90 73 72
f 90 72 91
f 91 72 71
f 91 71 92
f 92 71 70
f 92 70 93
f 93 70 69
f 93 69 94
f 94 69 68
f 94 68 95
f 95 68 67
f 95 67 96
f 96 67 2
f 96 2 1
f 97 34 82
f 97 82 98
f 98 82 83
f 98 83 99
f 99 83 84
f 99 84 100
f 100 84 85
f 100 85 101
f 101 85 86
f 101 86 102
f 102 86 87
f 102 87 103
f 103 87 88
f 103 88 104
f 104 88 89
f 104 89 105
f 105 89 90
f 105 90 106
f 106 90 91
f 106 91 107
f 107 91 92
f 107 92 108
f 108 92 93
f 108 93 109
f 109 93 94
f 109 94 110
f 110 94 95
f 110 95 111
f 111 95 96
f 111 96 112
f 112 96 1
f 112 1 113
f 113 1 4
f 113 4 114
f 114 4 6
f 114 6 115
f 115 6 8
f 115 8 116
f 116 8 10
f 116 10 117
f 117 10 12
f 117 12 118
f 118 12 14
f 118 14 119
f 119 14 16
f 119 16 120
f 120 16 18
f 120 18 121
f 121 18 20
f 121 20 122
f 122 20 22
f 122 22 123
f 123 22 24
f 123 24 124
f 124 24 26
f 124 26 125
f 125 26 28
f 125 28 126
f 126 28 30
f 126 30 127
f 127 30 32
f 127 32 128
f 128 32 34
f 128 34 97
f 97 112 128
f 128 112 113
f 97 98 112
f 112 98 99
f 112 99 111
f 111 99 110
f 113 114 128
f 128 114 115
f 128 115 116
f 116 117 128
f 128 117 118
f 128 118 127
f 127 118 126
f 100 101 108
f 108 101 102
f 108 102 103
f 103 104 108
f 108 104 105
f 108 105 107
f 107 105 106
f 100 108 99
f 99 108 109
f 99 109 110
f 119 120 124
f 120 121 124
f 124 121 122
f 124 122 123
f 119 124 118
f 118 124 125
f 118 125 126
f 129 130 131
f 129 131 132
f 132 131 133
f 132 133 134
f 134 133 135
f 134 135 136
f 136 135 137
f 136 137 138
f 138 137 139
f 138 139 140
f 140 139 141
f 140 141 142
f 142 141 143
f 142 143 144
f 144 143 145
f 144 145 146
f 146 145 147
f 146 147 148
f 148 147 149
f 148 149 150
f 150 149 151
f 150 151 152
f 152 151 153
f 152 153 154
f 154 153 155
f 154 155 156
f 156 155 157
f 156 157 158
f 158 157 159
f 158 159 160
f 160 159 161
f 160 161 162
f 163 161 159
f 163 159 164
f 164 159 157
f 164 157 165
f 165 157 155
f 165 155 166
f 166 155 153
f 166 153 167
f 167 153 151
f 167 151 168
f 168 151 149
f 168 149 169
f 169 149 147
f 169 147 170
f 170 147 145
f 170 145 171
f 171 145 143
f 171 143 172
f 172 143 141
f 172 141 173
f 173 141 139
f 173 139 174
f 174 139 137
f 174 137 175
f 175 137 135
f 175 135 176
f 176 135 133
f 176 133 177
f 177 133 131
f 177 131 178
f 178 131 130
f 178 130 179
f 165 166 179
f 165 179 164
f 164 179 180
f 164 180 163
f 163 180 181
f 163 181 182
f 183 184 163
f 163 184 185
f 163 185 186
f 186 187 163
f 163 187 188
f 163 188 189
f 166 167 179
f 179 167 168
f 179 168 169
f 182 190 163
f 163 190 191
f 163 191 183
f 189 192 163
f 163 192 193
f 163 193 194
f 169 170 179
f 179 170 171
f 179 171 172
f 172 173 179
f 179 173 174
f 179 174 175
f 175 176 179
f 179 176 177
f 179 177 178
f 179 130 195
f 179 195 180
f 180 195 196
f 180 196 181
f 181 196 197
f 181 197 182
f 182 197 198
f 182 198 190
f 190 198 199
f 190 199 191
f 191 199 200
f 191 200 183
f 183 200 201
f 183 201 184
f 184 201 202
f 184 202 185
f 185 202 203
f 185 203 186
f 186 203 204
f 186 204 187
f 187 204 205
f 187 205 188
f 188 205 206
f 188 206 189
f 189 206 207
f 189 207 192
f 192 207 208
f 192 208 193
f 193 208 209
f 193 209 194
f 194 209 161
f 194 161 163
f 162 161 209
f 162 209 210
f 210 209 208
f 210 208 211
f 211 208 207
f 211 207 212
f 212 207 206
f 212 206 213
f 213 206 205
f 213 205 214
f 214 205 204
f 214 204 215
f 215 204 203
f 215 203 216
f 216 203 202
f 216 202 217
f 217 202 201
f 217 201 218
f 218 201 200
f 218 200 219
f 219 200 199
f 219 199 220
f 220 199 198
f 220 198 221
f 221 198 197
f 221 197 222
f 222 197 196
f 222 196 223
f 223 196 195
f 223 195 224
f 224 195 130
f 224 130 129
f 225 162 210
f 225 210 226
f 226 210 211
f 226 211 227
f 227 211 212
f 227 212 228
f 228 212 213
f 228 213 229
f 229 213 214
f 229 214 230
f 230 214 215
f 230 215 231
f 231 215 216
f 231 216 232
f 232 216 217
f 232 217 233
f 233 217 218
f 233 218 234
f 234 218 219
f 234 219 235
f 235 219 220
f 235 220 236
f 236 220 221
f 236 221 237
f 237 221 222
f 237 222 238
f 238 222 223
f 238 223 239
f 239 223 224
f 239 224 240
f 240 224 129
f 240 129 241
f 241 129 132
f 241 132 242
f 242 132 134
f 242 134 243
f 243 134 136
f 243 136 244
f 244 136 138
f 244 138 245
f 245 138 140
f 245 140 246
f 246 140 142
f 246 142 247
f 247 142 144
f 247 144 248
f 248 144 146
f 248 146 249
f 249 146 148
f 249 148 250
f 250 148 150
f 250 150 251
f 251 150 152
f 251 152 252
f 252 152 154
f 252 154 253
f 253 154 156
f 253 156 254
f 254 156 158
f 254 158 255
f 255 158 160
f 255 160 256
f 256 160 162
f 256 162 225
f 225 240 256
f 256 240 241
f 225 226 240
f 240 226 227
f 240 227 239
f 239 227 238
f 241 242 256
f 256 242 243
f 256 243 244
f 244 245 256
f 256 245 246
f 256 246 255
f 255 246 254
f 228 229 236
f 236 229 230
f 236 230 231
f 231 232 236
f 236 232 233
f 236 233 235
f 235 233 234
f 228 236 227
f 227 236 237
f 227 237 238
f 247 248 252
f 248 249 252
f 252 249 250
f 252 250 251
f 247 252 246
f 246 252 253
f 246 253 254
f 257 258 259
f 259 258 260
f 259 260 261
f 261 260 262
f 261 262 263
f 263 262 264
f 263 264 265
f 265 264 266
f 265 266 267
f 267 266 268
f 267 268 269
f 269 268 270
f 269 270 271
f 271 270 272
f 271 272 273
f 273 272 274
f 273 274 275
f 275 274 276
f 275 276 277
f 277 276 278
f 277 278 279
f 279 278 280
f 279 280 281
f 281 280 282
f 281 282 283
f 283 282 284
f 283 284 285
f 285 284 286
f 285 286 287
f 287 286 288
f 287 288 289
f 289 288 290
f 289 290 291
f 291 290 292
f 291 292 293
f 293 292 294
f 293 294 295
f 295 294 296
f 295 296 297
f 297 296 298
f 297 298 299
f 299 298 300
f 299 300 301
f 301 300 302
f 301 302 303
f 303 302 304
f 303 304 305
f 305 304 306
f 305 306 307
f 307 306 308
f 307 308 257
f 257 308 258
f 309 310 311
f 309 311 312
f 312 311 313
f 312 313 314
f 314 313 315
f 314 315 316
f 317 318 309
f 309 318 310
f 319 320 321
f 319 321 322
f 322 321 323
f 322 323 324
f 324 323 318
f 324 318 317
f 325 326 327
f 325 327 328
f 328 327 329
f 328 329 330
f 330 329 331
f 330 331 332
f 332 331 333
f 332 333 334
f 334 333 335
f 334 335 336
f 336 335 337
f 336 337 338
f 338 337 339
f 338 339 340
f 340 339 341
f 340 341 342
f 342 341 320
f 342 320 319
f 343 344 345
f 343 345 346
f 346 345 347
f 346 347 348
f 348 347 326
f 348 326 325
f 349 350 343
f 343 350 344
f 351 352 353
f 351 353 354
f 354 353 355
f 354 355 356
f 356 355 350
f 356 350 349
f 357 358 359
f 357 359 360
f 361 362 363
f 363 362 364
f 363 364 365
f 360 359 363
f 363 359 366
f 363 366 361
f 367 368 369
f 369 368 370
f 358 371 359
f 359 371 372
f 359 372 373
f 373 374 359
f 359 374 375
f 359 375 376
f 377 378 379
f 379 378 380
f 377 381 378
f 378 381 382
f 378 382 383
f 380 378 369
f 369 378 384
f 369 384 367
f 365 385 363
f 363 385 369
f 363 369 386
f 386 369 370
f 387 366 359
f 387 359 388
f 388 359 376
f 388 376 389
f 389 376 375
f 389 375 390
f 390 375 374
f 390 374 391
f 391 374 373
f 391 373 392
f 392 373 372
f 392 372 393
f 393 372 371
f 393 371 394
f 394 371 358
f 394 358 395
f 395 358 357
f 395 357 396
f 396 357 360
f 396 360 397
f 397 360 363
f 397 363 398
f 398 363 386
f 398 386 399
f 399 386 370
f 399 370 400
f 400 370 368
f 400 368 401
f 401 368 367
f 401 367 402
f 402 367 384
f 402 384 403
f 403 384 378
f 403 378 404
f 404 378 383
f 404 383 405
f 405 383 382
f 405 382 406
f 406 382 381
f 406 381 407
f 407 381 377
f 407 377 408
f 408 377 379
f 408 379 409
f 409 379 380
f 409 380 410
f 410 380 369
f 410 369 411
f 411 369 385
f 411 385 412
f 412 385 365
f 412 365 413
f 413 365 364
f 413 364 414
f 414 364 362
f 414 362 415
f 415 362 361
f 415 361 416
f 416 361 366
f 416 366 387
f 390 417 389
f 389 417 418
f 389 418 388
f 388 418 419
f 388 419 387
f 387 419 420
f 387 420 416
f 416 420 421
f 416 421 415
f 400 422 399
f 399 422 423
f 399 423 398
f 398 423 424
f 398 424 397
f 397 424 425
f 397 425 396
f 396 425 426
f 396 426 395
f 421 427 415
f 415 427 428
f 415 428 414
f 414 428 429
f 414 429 413
f 413 429 430
f 413 430 412
f 412 430 431
f 412 431 411
f 411 431 432
f 411 432 410
f 405 433 404
f 404 433 434
f 404 434 403
f 403 434 435
f 403 435 402
f 402 435 436
f 402 436 401
f 401 436 437
f 401 437 400
f 400 437 438
f 400 438 422
f 432 439 410
f 410 439 440
f 410 440 409
f 409 440 441
f 409 441 408
f 408 441 442
f 408 442 407
f 407 442 443
f 407 443 406
f 406 443 444
f 406 444 405
f 405 444 445
f 405 445 433
f 426 446 395
f 395 446 447
f 395 447 394
f 394 447 448
f 394 448 393
f 393 448 449
f 393 449 392
f 392 449 450
f 392 450 391
f 391 450 451
f 391 451 390
f 390 451 452
f 390 452 417
f 436 453 454
f 436 454 437
f 437 454 455
f 437 455 438
f 438 455 456
f 438 456 422
f 422 456 457
f 422 457 423
f 423 457 458
f 423 458 424
f 424 458 459
f 424 459 425
f 425 459 460
f 425 460 426
f 426 460 461
f 426 461 446
f 446 461 462
f 446 462 447
f 447 462 463
f 447 463 448
f 448 463 464
f 448 464 449
f 449 464 465
f 449 465 450
f 450 465 466
f 450 466 451
f 451 466 467
f 451 467 452
f 452 467 468
f 452 468 417
f 417 468 469
f 417 469 418
f 418 469 470
f 418 470 419
f 419 470 471
f 419 471 420
f 420 471 472
f 420 472 421
f 421 472 473
f 421 473 427
f 427 473 474
f 427 474 428
f 428 474 475
f 428 475 429
f 429 475 476
f 429 476 430
f 430 476 477
f 430 477 431
f 431 477 478
f 431 478 432
f 432 478 479
f 432 479 439
f 439 479 480
f 439 480 440
f 440 480 481
f 440 481 441
f 441 481 482
f 441 482 442
f 442 482 483
f 442 483 443
f 443 483 484
f 443 484 444
f 444 484 485
f 444 485 445
f 445 485 486
f 445 486 433
f 433 486 487
f 433 487 434
f 434 487 488
f 434 488 435
f 435 488 453
f 435 453 436
f 283 285 271
f 285 287 271
f 271 287 289
f 271 289 291
f 291 293 271
f 271 293 295
f 271 295 297
f 297 299 271
f 271 299 301
f 271 301 303
f 303 305 271
f 271 305 307
f 271 307 257
f 275 277 279
f 265 267 263
f 263 267 261
f 257 259 271
f 271 259 261
f 271 261 269
f 269 261 267
f 271 273 283
f 283 273 275
f 283 275 281
f 281 275 279
f 453 488 349
f 470 324 317
f 475 474 309
f 309 312 475
f 475 312 314
f 475 314 476
f 476 314 316
f 476 316 477
f 477 316 489
f 477 489 478
f 478 489 490
f 478 490 479
f 479 490 491
f 479 491 480
f 480 491 481
f 481 491 492
f 481 492 482
f 482 492 493
f 482 493 483
f 483 493 494
f 483 494 484
f 484 494 495
f 484 495 485
f 485 495 496
f 485 496 486
f 486 496 351
f 486 351 487
f 487 351 354
f 487 354 488
f 488 354 356
f 488 356 349
f 474 473 309
f 309 473 472
f 309 472 317
f 317 472 471
f 317 471 470
f 457 456 343
f 343 456 455
f 343 455 349
f 349 455 454
f 349 454 453
f 343 346 457
f 457 346 348
f 457 348 458
f 458 348 325
f 458 325 459
f 459 325 328
f 459 328 460
f 460 328 330
f 460 330 461
f 461 330 332
f 324 470 322
f 322 470 469
f 322 469 319
f 319 469 468
f 319 468 342
f 342 468 467
f 342 467 340
f 340 467 466
f 340 466 338
f 338 466 465
f 338 465 336
f 336 465 464
f 336 464 334
f 334 464 463
f 334 463 332
f 332 463 462
f 332 462 461
f 316 315 497
f 316 497 489
f 489 497 498
f 489 498 490
f 490 498 499
f 490 499 491
f 491 499 500
f 491 500 492
f 492 500 501
f 492 501 493
f 493 501 502
f 493 502 494
f 494 502 503
f 494 503 495
f 495 503 504
f 495 504 496
f 496 504 352
f 496 352 351
f 315 278 497
f 497 278 276
f 497 276 498
f 498 276 274
f 266 264 352
f 352 264 353
f 258 344 350
f 352 504 266
f 266 504 503
f 266 503 268
f 268 503 502
f 268 502 270
f 270 502 501
f 270 501 272
f 272 501 500
f 272 500 274
f 274 500 499
f 274 499 498
f 284 310 318
f 353 264 355
f 355 264 262
f 355 262 350
f 350 262 260
f 350 260 258
f 284 282 310
f 310 282 280
f 310 280 311
f 311 280 278
f 311 278 313
f 313 278 315
f 326 304 327
f 327 304 302
f 327 302 329
f 329 302 300
f 329 300 331
f 258 308 344
f 344 308 306
f 344 306 345
f 345 306 304
f 345 304 347
f 347 304 326
f 331 300 333
f 333 300 298
f 333 298 335
f 335 298 296
f 335 296 337
f 337 296 294
f 337 294 339
f 339 294 292
f 339 292 341
f 341 292 320
f 320 292 290
f 320 290 321
f 321 290 323
f 323 290 288
f 323 288 318
f 318 288 286
f 318 286 284
f 505 506 507
f 507 508 505
f 505 508 509
f 505 509 510
f 511 512 513
f 513 512 514
f 505 515 506
f 506 515 516
f 506 516 517
f 517 518 506
f 506 518 519
f 506 519 520
f 520 521 506
f 506 521 522
f 506 522 523
f 523 522 524
f 511 525 512
f 512 525 505
f 512 505 526
f 526 505 510
f 527 523 524
f 527 524 528
f 528 524 522
f 528 522 529
f 529 522 521
f 529 521 530
f 530 521 520
f 530 520 531
f 531 520 519
f 531 519 532
f 532 519 518
f 532 518 533
f 533 518 517
f 533 517 534
f 534 517 516
f 534 516 535
f 535 516 515
f 535 515 536
f 536 515 505
f 536 505 537
f 537 505 525
f 537 525 538
f 538 525 511
f 538 511 539
f 539 511 513
f 539 513 540
f 540 513 514
f 540 514 541
f 541 514 512
f 541 512 542
f 542 512 526
f 542 526 543
f 543 526 510
f 543 510 544
f 544 510 509
f 544 509 545
f 545 509 508
f 545 508 546
f 546 508 507
f 546 507 547
f 547 507 506
f 547 506 548
f 548 506 523
f 548 523 527
f 529 549 528
f 528 549 550
f 528 550 527
f 527 550 551
f 527 551 548
f 544 552 543
f 543 552 553
f 543 553 542
f 542 553 554
f 542 554 541
f 541 554 555
f 541 555 540
f 551 556 548
f 548 556 557
f 548 557 547
f 547 557 558
f 547 558 546
f 546 558 559
f 546 559 545
f 545 559 560
f 545 560 544
f 544 560 561
f 544 561 552
f 533 562 532
f 532 562 563
f 532 563 531
f 531 563 564
f 531 564 530
f 530 564 565
f 530 565 529
f 529 565 566
f 529 566 549
f 555 567 540
f 540 567 568
f 540 568 539
f 539 568 569
f 539 569 538
f 538 569 570
f 538 570 537
f 570 571 537
f 537 571 572
f 537 572 536
f 536 572 573
f 536 573 535
f 535 573 574
f 535 574 534
f 534 574 575
f 534 575 533
f 533 575 576
f 533 576 562
f 577 551 550
f 577 550 578
f 578 550 549
f 578 549 579
f 579 549 566
f 579 566 580
f 580 566 565
f 580 565 581
f 581 565 564
f 581 564 582
f 582 564 563
f 582 563 583
f 583 563 562
f 583 562 584
f 584 562 576
f 584 576 585
f 585 576 575
f 585 575 586
f 586 575 574
f 586 574 587
f 587 574 573
f 587 573 588
f 588 573 572
f 588 572 589
f 589 572 571
f 589 571 590
f 590 571 570
f 590 570 591
f 591 570 569
f 591 569 592
f 592 569 568
f 592 568 593
f 593 568 567
f 593 567 594
f 594 567 555
f 594 555 595
f 595 555 554
f 595 554 596
f 596 554 553
f 596 553 597
f 597 553 552
f 597 552 598
f 598 552 561
f 598 561 599
f 599 561 560
f 599 560 600
f 600 560 559
f 600 559 601
f 601 559 558
f 601 558 602
f 602 558 557
f 602 557 603
f 603 557 556
f 603 556 604
f 604 556 551
f 604 551 577
f 596 597 580
f 580 597 598
f 581 582 594
f 594 582 583
f 594 583 584
f 581 594 580
f 580 594 595
f 580 595 596
f 598 599 580
f 580 599 600
f 580 600 601
f 601 602 580
f 580 602 603
f 580 603 604
f 584 585 594
f 594 585 586
f 594 586 587
f 604 577 580
f 580 577 578
f 580 578 579
f 591 592 590
f 590 592 589
f 587 588 594
f 594 588 589
f 594 589 593
f 593 589 592
f 605 606 607
f 607 608 605
f 605 608 609
f 605 609 610
f 611 612 613
f 613 612 614
f 605 615 606
f 606 615 616
f 606 616 617
f 617 618 606
f 606 618 619
f 606 619 620
f 620 621 606
f 606 621 622
f 606 622 623
f 623 622 624
f 611 625 612
f 612 625 605
f 612 605 626
f 626 605 610
f 627 623 624
f 627 624 628
f 628 624 622
f 628 622 629
f 629 622 621
f 629 621 630
f 630 621 620
f 630 620 631
f 631 620 619
f 631 619 632
f 632 619 618
f 632 618 633
f 633 618 617
f 633 617 634
f 634 617 616
f 634 616 635
f 635 616 615
f 635 615 636
f 636 615 605
f 636 605 637
f 637 605 625
f 637 625 638
f 638 625 611
f 638 611 639
f 639 611 613
f 639 613 640
f 640 613 614
f 640 614 641
f 641 614 612
f 641 612 642
f 642 612 626
f 642 626 643
f 643 626 610
f 643 610 644
f 644 610 609
f 644 609 645
f 645 609 608
f 645 608 646
f 646 608 607
f 646 607 647
f 647 607 606
f 647 606 648
f 648 606 623
f 648 623 627
f 629 649 628
f 628 649 650
f 628 650 627
f 627 650 651
f 627 651 648
f 644 652 643
f 643 652 653
f 643 653 642
f 642 653 654
f 642 654 641
f 641 654 655
f 641 655 640
f 651 656 648
f 648 656 657
f 648 657 647
f 647 657 658
f 647 658 646
f 646 658 659
f 646 659 645
f 645 659 660
f 645 660 644
f 644 660 661
f 644 661 652
f 633 662 632
f 632 662 663
f 632 663 631
f 631 663 664
f 631 664 630
f 630 664 665
f 630 665 629
f 629 665 666
f 629 666 649
f 655 667 640
f 640 667 668
f 640 668 639
f 639 668 669
f 639 669 638
f 638 669 670
f 638 670 637
f 670 671 637
f 637 671 672
f 637 672 636
f 636 672 673
f 636 673 635
f 635 673 674
f 635 674 634
f 634 674 675
f 634 675 633
f 633 675 676
f 633 676 662
f 677 651 650
f 677 650 678
f 678 650 649
f 678 649 679
f 679 649 666
f 679 666 680
f 680 666 665
f 680 665 681
f 681 665 664
f 681 664 682
f 682 664 663
f 682 663 683
f 683 663 662
f 683 662 684
f 684 662 676
f 684 676 685
f 685 676 675
f 685 675 686
f 686 675 674
f 686 674 687
f 687 674 673
f 687 673 688
f 688 673 672
f 688 672 689
f 689 672 671
f 689 671 690
f 690 671 670
f 690 670 691
f 691 670 669
f 691 669 692
f 692 669 668
f 692 668 693
f 693 668 667
f 693 667 694
f 694 667 655
f 694 655 695
f 695 655 654
f 695 654 696
f 696 654 653
f 696 653 697
f 697 653 652
f 697 652 698
f 698 652 661
f 698 661 699
f 699 661 660
f 699 660 700
f 700 660 659
f 700 659 701
f 701 659 658
f 701 658 702
f 702 658 657
f 702 657 703
f 703 657 656
f 703 656 704
f 704 656 651
f 704 651 677
f 696 697 680
f 680 697 698
f 681 682 694
f 694 682 683
f 694 683 684
f 681 694 680
f 680 694 695
f 680 695 696
f 698 699 680
f 680 699 700
f 680 700 701
f 701 702 680
f 680 702 703
f 680 703 704
f 684 685 694
f 694 685 686
f 694 686 687
f 704 677 680
f 680 677 678
f 680 678 679
f 691 692 690
f 690 692 689
f 687 688 694
f 694 688 689
f 694 689 693
f 693 689 692
f 705 706 707
f 707 708 705
f 705 708 709
f 705 709 710
f 711 712 713
f 713 712 714
f 705 715 706
f 706 715 716
f 706 716 717
f 717 718 706
f 706 718 719
f 706 719 720
f 720 721 706
f 706 721 722
f 706 722 723
f 723 722 724
f 711 725 712
f 712 725 705
f 712 705 726
f 726 705 710
f 727 723 724
f 727 724 728
f 728 724 722
f 728 722 729
f 729 722 721
f 729 721 730
f 730 721 720
f 730 720 731
f 731 720 719
f 731 719 732
f 732 719 718
f 732 718 733
f 733 718 717
f 733 717 734
f 734 717 716
f 734 716 735
f 735 716 715
f 735 715 736
f 736 715 705
f 736 705 737
f 737 705 725
f 737 725 738
f 738 725 711
f 738 711 739
f 739 711 713
f 739 713 740
f 740 713 714
f 740 714 741
f 741 714 712
f 741 712 742
f 742 712 726
f 742 726 743
f 743 726 710
f 743 710 744
f 744 710 709
f 744 709 745
f 745 709 708
f 745 708 746
f 746 708 707
f 746 707 747
f 747 707 706
f 747 706 748
f 748 706 723
f 748 723 727
f 729 749 728
f 728 749 750
f 728 750 727
f 727 750 751
f 727 751 748
f 744 752 743
f 743 752 753
f 743 753 742
f 742 753 754
f 742 754 741
f 741 754 755
f 741 755 740
f 751 756 748
f 748 756 757
f 748 757 747
f 747 757 758
f 747 758 746
f 746 758 759
f 746 759 745
f 745 759 760
f 745 760 744
f 744 760 761
f 744 761 752
f 733 762 732
f 732 762 763
f 732 763 731
f 731 763 764
f 731 764 730
f 730 764 765
f 730 765 729
f 729 765 766
f 729 766 749
f 755 767 740
f 740 767 768
f 740 768 739
f 739 768 769
f 739 769 738
f 738 769 770
f 738 770 737
f 770 771 737
f 737 771 772
f 737 772 736
f 736 772 773
f 736 773 735
f 735 773 774
f 735 774 734
f 734 774 775
f 734 775 733
f 733 775 776
f 733 776 762
f 777 751 750
f 777 750 778
f 778 750 749
f 778 749 779
f 779 749 766
f 779 766 780
f 780 766 765
f 780 765 781
f 781 765 764
f 781 764 782
f 782 764 763
f 782 763 783
f 783 763 762
f 783 762 784
f 784 762 776
f 784 776 785
f 785 776 775
f 785 775 786
f 786 775 774
f 786 774 787
f 787 774 773
f 787 773 788
f 788 773 772
f 788 772 789
f 789 772 771
f 789 771 790
f 790 771 770
f 790 770 791
f 791 770 769
f 791 769 792
f 792 769 768
f 792 768 793
f 793 768 767
f 793 767 794
f 794 767 755
f 794 755 795
f 795 755 754
f 795 754 796
f 796 754 753
f 796 753 797
f 797 753 752
f 797 752 798
f 798 752 761
f 798 761 799
f 799 761 760
f 799 760 800
f 800 760 759
f 800 759 801
f 801 759 758
f 801 758 802
f 802 758 757
f 802 757 803
f 803 757 756
f 803 756 804
f 804 756 751
f 804 751 777
f 796 797 780
f 780 797 798
f 781 782 794
f 794 782 783
f 794 783 784
f 781 794 780
f 780 794 795
f 780 795 796
f 798 799 780
f 780 799 800
f 780 800 801
f 801 802 780
f 780 802 803
f 780 803 804
f 784 785 794
f 794 785 786
f 794 786 787
f 804 777 780
f 780 777 778
f 780 778 779
f 791 792 790
f 790 792 789
f 787 788 794
f 794 788 789
f 794 789 793
f 793 789 792
f 805 806 807
f 807 808 805
f 805 808 809
f 805 809 810
f 811 812 813
f 813 812 814
f 805 815 806
f 806 815 816
f 806 816 817
f 817 818 806
f 806 818 819
f 806 819 820
f 820 821 806
f 806 821 822
f 806 822 823
f 823 822 824
f 811 825 812
f 812 825 805
f 812 805 826
f 826 805 810
f 827 823 824
f 827 824 828
f 828 824 822
f 828 822 829
f 829 822 821
f 829 821 830
f 830 821 820
f 830 820 831
f 831 820 819
f 831 819 832
f 832 819 818
f 832 818 833
f 833 818 817
f 833 817 834
f 834 817 816
f 834 816 835
f 835 816 815
f 835 815 836
f 836 815 805
f 836 805 837
f 837 805 825
f 837 825 838
f 838 825 811
f 838 811 839
f 839 811 813
f 839 813 840
f 840 813 814
f 840 814 841
f 841 814 812
f 841 812 842
f 842 812 826
f 842 826 843
f 843 826 810
f 843 810 844
f 844 810 809
f 844 809 845
f 845 809 808
f 845 808 846
f 846 808 807
f 846 807 847
f 847 807 806
f 847 806 848
f 848 806 823
f 848 823 827
f 829 849 828
f 828 849 850
f 828 850 827
f 827 850 851
f 827 851 848
f 844 852 843
f 843 852 853
f 843 853 842
f 842 853 854
f 842 854 841
f 841 854 855
f 841 855 840
f 851 856 848
f 848 856 857
f 848 857 847
f 847 857 858
f 847 858 846
f 846 858 859
f 846 859 845
f 845 859 860
f 845 860 844
f 844 860 861
f 844 861 852
f 833 862 832
f 832 862 863
f 832 863 831
f 831 863 864
f 831 864 830
f 830 864 865
f 830 865 829
f 829 865 866
f 829 866 849
f 855 867 840
f 840 867 868
f 840 868 839
f 839 868 869
f 839 869 838
f 838 869 870
f 838 870 837
f 870 871 837
f 837 871 872
f 837 872 836
f 836 872 873
f 836 873 835
f 835 873 874
f 835 874 834
f 834 874 875
f 834 875 833
f 833 875 876
f 833 876 862
f 877 851 850
f 877 850 878
f 878 850 849
f 878 849 879
f 879 849 866
f 879 866 880
f 880 866 865
f 880 865 881
f 881 865 864
f 881 864 882
f 882 864 863
f 882 863 883
f 883 863 862
f 883 862 884
f 884 862 876
f 884 876 885
f 885 876 875
f 885 875 886
f 886 875 874
f 886 874 887
f 887 874 873
f 887 873 888
f 888 873 872
f 888 872 889
f 889 872 871
f 889 871 890
f 890 871 870
f 890 870 891
f 891 870 869
f 891 869 892
f 892 869 868
f 892 868 893
f 893 868 867
f 893 867 894
f 894 867 855
f 894 855 895
f 895 855 854
f 895 854 896
f 896 854 853
f 896 853 897
f 897 853 852
f 897 852 898
f 898 852 861
f 898 861 899
f 899 861 860
f 899 860 900
f 900 860 859
f 900 859 901
f 901 859 858
f 901 858 902
f 902 858 857
f 902 857 903
f 903 857 856
f 903 856 904
f 904 856 851
f 904 851 877
f 896 897 880
f 880 897 898
f 881 882 894
f 894 882 883
f 894 883 884
f 881 894 880
f 880 894 895
f 880 895 896
f 898 899 880
f 880 899 900
f 880 900 901
f 901 902 880
f 880 902 903
f 880 903 904
f 884 885 894
f 894 885 886
f 894 886 887
f 904 877 880
f 880 877 878
f 880 878 879
f 891 892 890
f 890 892 889
f 887 888 894
f 894 888 889
f 894 889 893
f 893 889 892
f 905 906 907
f 907 908 905
f 905 908 909
f 905 909 910
f 911 912 913
f 913 912 914
f 905 915 906
f 906 915 916
f 906 916 917
f 917 918 906
f 906 918 919
f 906 919 920
f 920 921 906
f 906 921 922
f 906 922 923
f 923 922 924
f 911 925 912
f 912 925 905
f 912 905 926
f 926 905 910
f 927 923 924
f 927 924 928
f 928 924 922
f 928 922 929
f 929 922 921
f 929 921 930
f 930 921 920
f 930 920 931
f 931 920 919
f 931 919 932
f 932 919 918
f 932 918 933
f 933 918 917
f 933 917 934
f 934 917 916
f 934 916 935
f 935 916 915
f 935 915 936
f 936 915 905
f 936 905 937
f 937 905 925
f 937 925 938
f 938 925 911
f 938 911 939
f 939 911 913
f 939 913 940
f 940 913 914
f 940 914 941
f 941 914 912
f 941 912 942
f 942 912 926
f 942 926 943
f 943 926 910
f 943 910 944
f 944 910 909
f 944 909 945
f 945 909 908
f 945 908 946
f 946 908 907
f 946 907 947
f 947 907 906
f 947 906 948
f 948 906 923
f 948 923 927
f 929 949 928
f 928 949 950
f 928 950 927
f 927 950 951
f 927 951 948
f 944 952 943
f 943 952 953
f 943 953 942
f 942 953 954
f 942 954 941
f 941 954 955
f 941 955 940
f 951 956 948
f 948 956 957
f 948 957 947
f 947 957 958
f 947 958 946
f 946 958 959
f 946 959 945
f 945 959 960
f 945 960 944
f 944 960 961
f 944 961 952
f 933 962 932
f 932 962 963
f 932 963 931
f 931 963 964
f 931 964 930
f 930 964 965
f 930 965 929
f 929 965 966
f 929 966 949
f 955 967 940
f 940 967 968
f 940 968 939
f 939 968 969
f 939 969 938
f 938 969 970
f 938 970 937
f 970 971 937
f 937 971 972
f 937 972 936
f 936 972 973
f 936 973 935
f 935 973 974
f 935 974 934
f 934 974 975
f 934 975 933
f 933 975 976
f 933 976 962
f 977 951 950
f 977 950 978
f 978 950 949
f 978 949 979
f 979 949 966
f 979 966 980
f 980 966 965
f 980 965 981
f 981 965 964
f 981 964 982
f 982 964 963
f 982 963 983
f 983 963 962
f 983 962 984
f 984 962 976
f 984 976 985
f 985 976 975
f 985 975 986
f 986 975 974
f 986 974 987
f 987 974 973
f 987 973 988
f 988 973 972
f 988 972 989
f 989 972 971
f 989 971 990
f 990 971 970
f 990 970 991
f 991 970 969
f 991 969 992
f 992 969 968
f 992 968 993
f 993 968 967
f 993 967 994
f 994 967 955
f 994 955 995
f 995 955 954
f 995 954 996
f 996 954 953
f 996 953 997
f 997 953 952
f 997 952 998
f 998 952 961
f 998 961 999
f 999 961 960
f 999 960 1000
f 1000 960 959
f 1000 959 1001
f 1001 959 958
f 1001 958 1002
f 1002 958 957
f 1002 957 1003
f 1003 957 956
f 1003 956 1004
f 1004 956 951
f 1004 951 977
f 996 997 980
f 980 997 998
f 981 982 994
f 994 982 983
f 994 983 984
f 981 994 980
f 980 994 995
f 980 995 996
f 998 999 980
f 980 999 1000
f 980 1000 1001
f 1001 1002 980
f 980 1002 1003
f 980 1003 1004
f 984 985 994
f 994 985 986
f 994 986 987
f 1004 977 980
f 980 977 978
f 980 978 979
f 991 992 990
f 990 992 989
f 987 988 994
f 994 988 989
f 994 989 993
f 993 989 992
f 1005 1006 1007
f 1005 1007 1008
f 1008 1007 1009
f 1008 1009 1010
f 1010 1009 1011
f 1010 1011 1012
f 1012 1011 1013
f 1012 1013 1014
f 1014 1013 1015
f 1014 1015 1016
f 1016 1015 1017
f 1016 1017 1018
f 1018 1017 1019
f 1018 1019 1020
f 1020 1019 1021
f 1020 1021 1022
f 1022 1021 1023
f 1022 1023 1024
f 1024 1023 1025
f 1024 1025 1026
f 1026 1025 1027
f 1026 1027 1028
f 1028 1027 1029
f 1028 1029 1030
f 1030 1029 1031
f 1030 1031 1032
f 1032 1031 1033
f 1032 1033 1034
f 1034 1033 1035
f 1034 1035 1036
f 1037 1035 1033
f 1037 1033 1038
f 1038 1033 1031
f 1038 1031 1039
f 1039 1031 1029
f 1039 1029 1040
f 1040 1029 1027
f 1040 1027 1041
f 1041 1027 1025
f 1041 1025 1042
f 1042 1025 1023
f 1042 1023 1043
f 1043 1023 1021
f 1043 1021 1044
f 1044 1021 1019
f 1044 1019 1045
f 1045 1019 1017
f 1045 1017 1046
f 1046 1017 1015
f 1046 1015 1047
f 1047 1015 1013
f 1047 1013 1048
f 1048 1013 1011
f 1048 1011 1049
f 1049 1011 1009
f 1049 1009 1050
f 1050 1009 1007
f 1050 1007 1051
f 1051 1007 1006
f 1051 1006 1052
f 1037 1038 1053
f 1053 1038 1052
f 1054 1055 1053
f 1053 1055 1056
f 1053 1056 1037
f 1045 1046 1040
f 1040 1046 1047
f 1040 1047 1039
f 1039 1047 1038
f 1038 1047 1048
f 1038 1048 1049
f 1049 1050 1038
f 1038 1050 1051
f 1038 1051 1052
f 1057 1058 1054
f 1058 1059 1054
f 1054 1059 1060
f 1054 1060 1061
f 1040 1041 1045
f 1045 1041 1042
f 1045 1042 1044
f 1044 1042 1043
f 1053 1062 1054
f 1054 1062 1063
f 1054 1063 1064
f 1064 1065 1054
f 1054 1065 1066
f 1054 1066 1057
f 1052 1006 1067
f 1052 1067 1053
f 1053 1067 1068
f 1053 1068 1062
f 1062 1068 1069
f 1062 1069 1063
f 1063 1069 1070
f 1063 1070 1064
f 1064 1070 1071
f 1064 1071 1065
f 1065 1071 1072
f 1065 1072 1066
f 1066 1072 1073
f 1066 1073 1057
f 1057 1073 1074
f 1057 1074 1058
f 1058 1074 1075
f 1058 1075 1059
f 1059 1075 1076
f 1059 1076 1060
f 1060 1076 1077
f 1060 1077 1061
f 1061 1077 1078
f 1061 1078 1054
f 1054 1078 1079
f 1054 1079 1055
f 1055 1079 1080
f 1055 1080 1056
f 1056 1080 1035
f 1056 1035 1037
f 1036 1035 1080
f 1036 1080 1081
f 1081 1080 1079
f 1081 1079 1082
f 1082 1079 1078
f 1082 1078 1083
f 1083 1078 1077
f 1083 1077 1084
f 1084 1077 1076
f 1084 1076 1085
f 1085 1076 1075
f 1085 1075 1086
f 1086 1075 1074
f 1086 1074 1087
f 1087 1074 1073
f 1087 1073 1088
f 1088 1073 1072
f 1088 1072 1089
f 1089 1072 1071
f 1089 1071 1090
f 1090 1071 1070
f 1090 1070 1091
f 1091 1070 1069
f 1091 1069 1092
f 1092 1069 1068
f 1092 1068 1093
f 1093 1068 1067
f 1093 1067 1094
f 1094 1067 1006
f 1094 1006 1005
f 1095 1036 1081
f 1095 1081 1096
f 1096 1081 1082
f 1096 1082 1097
f 1097 1082 1083
f 1097 1083 1098
f 1098 1083 1084
f 1098 1084 1099
f 1099 1084 1085
f 1099 1085 1100
f 1100 1085 1086
f 1100 1086 1101
f 1101 1086 1087
f 1101 1087 1102
f 1102 1087 1088
f 1102 1088 1103
f 1103 1088 1089
f 1103 1089 1104
f 1104 1089 1090
f 1104 1090 1105
f 1105 1090 1091
f 1105 1091 1106
f 1106 1091 1092
f 1106 1092 1107
f 1107 1092 1093
f 1107 1093 1108
f 1108 1093 1094
f 1108 1094 1109
f 1109 1094 1005
f 1109 1005 1110
f 1110 1005 1008
f 1110 1008 1111
f 1111 1008 1010
f 1111 1010 1112
f 1112 1010 1012
f 1112 1012 1113
f 1113 1012 1014
f 1113 1014 1114
f 1114 1014 1016
f 1114 1016 1115
f 1115 1016 1018
f 1115 1018 1116
f 1116 1018 1020
f 1116 1020 1117
f 1117 1020 1022
f 1117 1022 1118
f 1118 1022 1024
f 1118 1024 1119
f 1119 1024 1026
f 1119 1026 1120
f 1120 1026 1028
f 1120 1028 1121
f 1121 1028 1030
f 1121 1030 1122
f 1122 1030 1032
f 1122 1032 1123
f 1123 1032 1034
f 1123 1034 1124
f 1124 1034 1036
f 1124 1036 1095
f 1111 1112 1120
f 1122 1123 1110
f 1110 1123 1124
f 1110 1124 1109
f 1109 1124 1095
f 1109 1095 1108
f 1108 1095 1107
f 1107 1095 1096
f 1107 1096 1097
f 1111 1120 1110
f 1110 1120 1121
f 1110 1121 1122
f 1100 1104 1099
f 1099 1104 1105
f 1097 1098 1107
f 1107 1098 1099
f 1107 1099 1106
f 1106 1099 1105
f 1116 1113 1115
f 1115 1113 1114
f 1116 1117 1113
f 1113 1117 1118
f 1113 1118 1112
f 1112 1118 1119
f 1112 1119 1120
f 1100 1101 1104
f 1104 1101 1102
f 1104 1102 1103
f 1125 1126 1127
f 1127 1128 1125
f 1125 1128 1129
f 1125 1129 1130
f 1131 1132 1133
f 1133 1132 1134
f 1125 1135 1126
f 1126 1135 1136
f 1126 1136 1137
f 1137 1138 1126
f 1126 1138 1139
f 1126 1139 1140
f 1140 1141 1126
f 1126 1141 1142
f 1126 1142 1143
f 1143 1142 1144
f 1131 1145 1132
f 1132 1145 1125
f 1132 1125 1146
f 1146 1125 1130
f 1147 1143 1144
f 1147 1144 1148
f 1148 1144 1142
f 1148 1142 1149
f 1149 1142 1141
f 1149 1141 1150
f 1150 1141 1140
f 1150 1140 1151
f 1151 1140 1139
f 1151 1139 1152
f 1152 1139 1138
f 1152 1138 1153
f 1153 1138 1137
f 1153 1137 1154
f 1154 1137 1136
f 1154 1136 1155
f 1155 1136 1135
f 1155 1135 1156
f 1156 1135 1125
f 1156 1125 1157
f 1157 1125 1145
f 1157 1145 1158
f 1158 1145 1131
f 1158 1131 1159
f 1159 1131 1133
f 1159 1133 1160
f 1160 1133 1134
f 1160 1134 1161
f 1161 1134 1132
f 1161 1132 1162
f 1162 1132 1146
f 1162 1146 1163
f 1163 1146 1130
f 1163 1130 1164
f 1164 1130 1129
f 1164 1129 1165
f 1165 1129 1128
f 1165 1128 1166
f 1166 1128 1127
f 1166 1127 1167
f 1167 1127 1126
f 1167 1126 1168
f 1168 1126 1143
f 1168 1143 1147
f 1149 1169 1148
f 1148 1169 1170
f 1148 1170 1147
f 1147 1170 1171
f 1147 1171 1168
f 1164 1172 1163
f 1163 1172 1173
f 1163 1173 1162
f 1162 1173 1174
f 1162 1174 1161
f 1161 1174 1175
f 1161 1175 1160
f 1171 1176 1168
f 1168 1176 1177
f 1168 1177 1167
f 1167 1177 1178
f 1167 1178 1166
f 1166 1178 1179
f 1166 1179 1165
f 1165 1179 1180
f 1165 1180 1164
f 1164 1180 1181
f 1164 1181 1172
f 1153 1182 1152
f 1152 1182 1183
f 1152 1183 1151
f 1151 1183 1184
f 1151 1184 1150
f 1150 1184 1185
f 1150 1185 1149
f 1149 1185 1186
f 1149 1186 1169
f 1175 1187 1160
f 1160 1187 1188
f 1160 1188 1159
f 1159 1188 1189
f 1159 1189 1158
f 1158 1189 1190
f 1158 1190 1157
f 1190 1191 1157
f 1157 1191 1192
f 1157 1192 1156
f 1156 1192 1193
f 1156 1193 1155
f 1155 1193 1194
f 1155 1194 1154
f 1154 1194 1195
f 1154 1195 1153
f 1153 1195 1196
f 1153 1196 1182
f 1197 1171 1170
f 1197 1170 1198
f 1198 1170 1169
f 1198 1169 1199
f 1199 1169 1186
f 1199 1186 1200
f 1200 1186 1185
f 1200 1185 1201
f 1201 1185 1184
f 1201 1184 1202
f 1202 1184 1183
f 1202 1183 1203
f 1203 1183 1182
f 1203 1182 1204
f 1204 1182 1196
f 1204 1196 1205
f 1205 1196 1195
f 1205 1195 1206
f 1206 1195 1194
f 1206 1194 1207
f 1207 1194 1193
f 1207 1193 1208
f 1208 1193 1192
f 1208 1192 1209
f 1209 1192 1191
f 1209 1191 1210
f 1210 1191 1190
f 1210 1190 1211
f 1211 1190 1189
f 1211 1189 1212
f 1212 1189 1188
f 1212 1188 1213
f 1213 1188 1187
f 1213 1187 1214
f 1214 1187 1175
f 1214 1175 1215
f 1215 1175 1174
f 1215 1174 1216
f 1216 1174 1173
f 1216 1173 1217
f 1217 1173 1172
f 1217 1172 1218
f 1218 1172 1181
f 1218 1181 1219
f 1219 1181 1180
f 1219 1180 1220
f 1220 1180 1179
f 1220 1179 1221
f 1221 1179 1178
f 1221 1178 1222
f 1222 1178 1177
f 1222 1177 1223
f 1223 1177 1176
f 1223 1176 1224
f 1224 1176 1171
f 1224 1171 1197
f 1216 1217 1200
f 1200 1217 1218
f 1201 1202 1214
f 1214 1202 1203
f 1214 1203 1204
f 1201 1214 1200
f 1200 1214 1215
f 1200 1215 1216
f 1218 1219 1200
f 1200 1219 1220
f 1200 1220 1221
f 1221 1222 1200
f 1200 1222 1223
f 1200 1223 1224
f 1204 1205 1214
f 1214 1205 1206
f 1214 1206 1207
f 1224 1197 1200
f 1200 1197 1198
f 1200 1198 1199
f 1211 1212 1210
f 1210 1212 1209
f 1207 1208 1214
f 1214 1208 1209
f 1214 1209 1213
f 1213 1209 1212
f 1225 1226 1227
f 1227 1228 1225
f 1225 1228 1229
f 1225 1229 1230
f 1231 1232 1233
f 1233 1232 1234
f 1225 1235 1226
f 1226 1235 1236
f 1226 1236 1237
f 1237 1238 1226
f 1226 1238 1239
f 1226 1239 1240
f 1240 1241 1226
f 1226 1241 1242
f 1226 1242 1243
f 1243 1242 1244
f 1231 1245 1232
f 1232 1245 1225
f 1232 1225 1246
f 1246 1225 1230
f 1247 1243 1244
f 1247 1244 1248
f 1248 1244 1242
f 1248 1242 1249
f 1249 1242 1241
f 1249 1241 1250
f 1250 1241 1240
f 1250 1240 1251
f 1251 1240 1239
f 1251 1239 1252
f 1252 1239 1238
f 1252 1238 1253
f 1253 1238 1237
f 1253 1237 1254
f 1254 1237 1236
f 1254 1236 1255
f 1255 1236 1235
f 1255 1235 1256
f 1256 1235 1225
f 1256 1225 1257
f 1257 1225 1245
f 1257 1245 1258
f 1258 1245 1231
f 1258 1231 1259
f 1259 1231 1233
f 1259 1233 1260
f 1260 1233 1234
f 1260 1234 1261
f 1261 1234 1232
f 1261 1232 1262
f 1262 1232 1246
f 1262 1246 1263
f 1263 1246 1230
f 1263 1230 1264
f 1264 1230 1229
f 1264 1229 1265
f 1265 1229 1228
f 1265 1228 1266
f 1266 1228 1227
f 1266 1227 1267
f 1267 1227 1226
f 1267 1226 1268
f 1268 1226 1243
f 1268 1243 1247
f 1249 1269 1248
f 1248 1269 1270
f 1248 1270 1247
f 1247 1270 1271
f 1247 1271 1268
f 1264 1272 1263
f 1263 1272 1273
f 1263 1273 1262
f 1262 1273 1274
f 1262 1274 1261
f 1261 1274 1275
f 1261 1275 1260
f 1271 1276 1268
f 1268 1276 1277
f 1268 1277 1267
f 1267 1277 1278
f 1267 1278 1266
f 1266 1278 1279
f 1266 1279 1265
f 1265 1279 1280
f 1265 1280 1264
f 1264 1280 1281
f 1264 1281 1272
f 1253 1282 1252
f 1252 1282 1283
f 1252 1283 1251
f 1251 1283 1284
f 1251 1284 1250
f 1250 1284 1285
f 1250 1285 1249
f 1249 1285 1286
f 1249 1286 1269
f 1275 1287 1260
f 1260 1287 1288
f 1260 1288 1259
f 1259 1288 1289
f 1259 1289 1258
f 1258 1289 1290
f 1258 1290 1257
f 1290 1291 1257
f 1257 1291 1292
f 1257 1292 1256
f 1256 1292 1293
f 1256 1293 1255
f 1255 1293 1294
f 1255 1294 1254
f 1254 1294 1295
f 1254 1295 1253
f 1253 1295 1296
f 1253 1296 1282
f 1297 1271 1270
f 1297 1270 1298
f 1298 1270 1269
f 1298 1269 1299
f 1299 1269 1286
f 1299 1286 1300
f 1300 1286 1285
f 1300 1285 1301
f 1301 1285 1284
f 1301 1284 1302
f 1302 1284 1283
f 1302 1283 1303
f 1303 1283 1282
f 1303 1282 1304
f 1304 1282 1296
f 1304 1296 1305
f 1305 1296 1295
f 1305 1295 1306
f 1306 1295 1294
f 1306 1294 1307
f 1307 1294 1293
f 1307 1293 1308
f 1308 1293 1292
f 1308 1292 1309
f 1309 1292 1291
f 1309 1291 1310
f 1310 1291 1290
f 1310 1290 1311
f 1311 1290 1289
f 1311 1289 1312
f 1312 1289 1288
f 1312 1288 1313
f 1313 1288 1287
f 1313 1287 1314
f 1314 1287 1275
f 1314 1275 1315
f 1315 1275 1274
f 1315 1274 1316
f 1316 1274 1273
f 1316 1273 1317
f 1317 1273 1272
f 1317 1272 1318
f 1318 1272 1281
f 1318 1281 1319
f 1319 1281 1280
f 1319 1280 1320
f 1320 1280 1279
f 1320 1279 1321
f 1321 1279 1278
f 1321 1278 1322
f 1322 1278 1277
f 1322 1277 1323
f 1323 1277 1276
f 1323 1276 1324
f 1324 1276 1271
f 1324 1271 1297
f 1316 1317 1300
f 1300 1317 1318
f 1301 1302 1314
f 1314 1302 1303
f 1314 1303 1304
f 1301 1314 1300
f 1300 1314 1315
f 1300 1315 1316
f 1318 1319 1300
f 1300 1319 1320
f 1300 1320 1321
f 1321 1322 1300
f 1300 1322 1323
f 1300 1323 1324
f 1304 1305 1314
f 1314 1305 1306
f 1314 1306 1307
f 1324 1297 1300
f 1300 1297 1298
f 1300 1298 1299
f 1311 1312 1310
f 1310 1312 1309
f 1307 1308 1314
f 1314 1308 1309
f 1314 1309 1313
f 1313 1309 1312
f 1325 1326 1327
f 1327 1328 1325
f 1325 1328 1329
f 1325 1329 1330
f 1331 1332 1333
f 1333 1332 1334
f 1325 1335 1326
f 1326 1335 1336
f 1326 1336 1337
f 1337 1338 1326
f 1326 1338 1339
f 1326 1339 1340
f 1340 1341 1326
f 1326 1341 1342
f 1326 1342 1343
f 1343 1342 1344
f 1331 1345 1332
f 1332 1345 1325
f 1332 1325 1346
f 1346 1325 1330
f 1347 1343 1344
f 1347 1344 1348
f 1348 1344 1342
f 1348 1342 1349
f 1349 1342 1341
f 1349 1341 1350
f 1350 1341 1340
f 1350 1340 1351
f 1351 1340 1339
f 1351 1339 1352
f 1352 1339 1338
f 1352 1338 1353
f 1353 1338 1337
f 1353 1337 1354
f 1354 1337 1336
f 1354 1336 1355
f 1355 1336 1335
f 1355 1335 1356
f 1356 1335 1325
f 1356 1325 1357
f 1357 1325 1345
f 1357 1345 1358
f 1358 1345 1331
f 1358 1331 1359
f 1359 1331 1333
f 1359 1333 1360
f 1360 1333 1334
f 1360 1334 1361
f 1361 1334 1332
f 1361 1332 1362
f 1362 1332 1346
f 1362 1346 1363
f 1363 1346 1330
f 1363 1330 1364
f 1364 1330 1329
f 1364 1329 1365
f 1365 1329 1328
f 1365 1328 1366
f 1366 1328 1327
f 1366 1327 1367
f 1367 1327 1326
f 1367 1326 1368
f 1368 1326 1343
f 1368 1343 1347
f 1349 1369 1348
f 1348 1369 1370
f 1348 1370 1347
f 1347 1370 1371
f 1347 1371 1368
f 1364 1372 1363
f 1363 1372 1373
f 1363 1373 1362
f 1362 1373 1374
f 1362 1374 1361
f 1361 1374 1375
f 1361 1375 1360
f 1371 1376 1368
f 1368 1376 1377
f 1368 1377 1367
f 1367 1377 1378
f 1367 1378 1366
f 1366 1378 1379
f 1366 1379 1365
f 1365 1379 1380
f 1365 1380 1364
f 1364 1380 1381
f 1364 1381 1372
f 1353 1382 1352
f 1352 1382 1383
f 1352 1383 1351
f 1351 1383 1384
f 1351 1384 1350
f 1350 1384 1385
f 1350 1385 1349
f 1349 1385 1386
f 1349 1386 1369
f 1375 1387 1360
f 1360 1387 1388
f 1360 1388 1359
f 1359 1388 1389
f 1359 1389 1358
f 1358 1389 1390
f 1358 1390 1357
f 1390 1391 1357
f 1357 1391 1392
f 1357 1392 1356
f 1356 1392 1393
f 1356 1393 1355
f 1355 1393 1394
f 1355 1394 1354
f 1354 1394 1395
f 1354 1395 1353
f 1353 1395 1396
f 1353 1396 1382
f 1397 1371 1370
f 1397 1370 1398
f 1398 1370 1369
f 1398 1369 1399
f 1399 1369 1386
f 1399 1386 1400
f 1400 1386 1385
f 1400 1385 1401
f 1401 1385 1384
f 1401 1384 1402
f 1402 1384 1383
f 1402 1383 1403
f 1403 1383 1382
f 1403 1382 1404
f 1404 1382 1396
f 1404 1396 1405
f 1405 1396 1395
f 1405 1395 1406
f 1406 1395 1394
f 1406 1394 1407
f 1407 1394 1393
f 1407 1393 1408
f 1408 1393 1392
f 1408 1392 1409
f 1409 1392 1391
f 1409 1391 1410
f 1410 1391 1390
f 1410 1390 1411
f 1411 1390 1389
f 1411 1389 1412
f 1412 1389 1388
f 1412 1388 1413
f 1413 1388 1387
f 1413 1387 1414
f 1414 1387 1375
f 1414 1375 1415
f 1415 1375 1374
f 1415 1374 1416
f 1416 1374 1373
f 1416 1373 1417
f 1417 1373 1372
f 1417 1372 1418
f 1418 1372 1381
f 1418 1381 1419
f 1419 1381 1380
f 1419 1380 1420
f 1420 1380 1379
f 1420 1379 1421
f 1421 1379 1378
f 1421 1378 1422
f 1422 1378 1377
f 1422 1377 1423
f 1423 1377 1376
f 1423 1376 1424
f 1424 1376 1371
f 1424 1371 1397
f 1416 1417 1400
f 1400 1417 1418
f 1401 1402 1414
f 1414 1402 1403
f 1414 1403 1404
f 1401 1414 1400
f 1400 1414 1415
f 1400 1415 1416
f 1418 1419 1400
f 1400 1419 1420
f 1400 1420 1421
f 1421 1422 1400
f 1400 1422 1423
f 1400 1423 1424
f 1404 1405 1414
f 1414 1405 1406
f 1414 1406 1407
f 1424 1397 1400
f 1400 1397 1398
f 1400 1398 1399
f 1411 1412 1410
f 1410 1412 1409
f 1407 1408 1414
f 1414 1408 1409
f 1414 1409 1413
f 1413 1409 1412
f 1425 1426 1427
f 1425 1427 1428
f 1428 1427 1429
f 1428 1429 1430
f 1430 1429 1431
f 1430 1431 1432
f 1432 1431 1433
f 1432 1433 1434
f 1434 1433 1435
f 1434 1435 1436
f 1436 1435 1437
f 1436 1437 1438
f 1438 1437 1439
f 1438 1439 1440
f 1440 1439 1441
f 1440 1441 1442
f 1442 1441 1443
f 1442 1443 1444
f 1444 1443 1445
f 1444 1445 1446
f 1446 1445 1447
f 1446 1447 1448
f 1448 1447 1449
f 1448 1449 1450
f 1450 1449 1451
f 1450 1451 1452
f 1452 1451 1453
f 1452 1453 1454
f 1454 1453 1455
f 1454 1455 1456
f 1456 1455 1457
f 1456 1457 1458
f 1459 1457 1455
f 1459 1455 1460
f 1460 1455 1453
f 1460 1453 1461
f 1461 1453 1451
f 1461 1451 1462
f 1462 1451 1449
f 1462 1449 1463
f 1463 1449 1447
f 1463 1447 1464
f 1464 1447 1445
f 1464 1445 1465
f 1465 1445 1443
f 1465 1443 1466
f 1466 1443 1441
f 1466 1441 1467
f 1467 1441 1439
f 1467 1439 1468
f 1468 1439 1437
f 1468 1437 1469
f 1469 1437 1435
f 1469 1435 1470
f 1470 1435 1433
f 1470 1433 1471
f 1471 1433 1431
f 1471 1431 1472
f 1472 1431 1429
f 1472 1429 1473
f 1473 1429 1427
f 1473 1427 1474
f 1474 1427 1426
f 1474 1426 1475
f 1461 1462 1475
f 1461 1475 1460
f 1460 1475 1476
f 1460 1476 1459
f 1459 1476 1477
f 1459 1477 1478
f 1479 1480 1459
f 1459 1480 1481
f 1459 1481 1482
f 1482 1483 1459
f 1459 1483 1484
f 1459 1484 1485
f 1462 1463 1475
f 1475 1463 1464
f 1475 1464 1465
f 1478 1486 1459
f 1459 1486 1487
f 1459 1487 1479
f 1485 1488 1459
f 1459 1488 1489
f 1459 1489 1490
f 1465 1466 1475
f 1475 1466 1467
f 1475 1467 1468
f 1468 1469 1475
f 1475 1469 1470
f 1475 1470 1471
f 1471 1472 1475
f 1475 1472 1473
f 1475 1473 1474
f 1475 1426 1491
f 1475 1491 1476
f 1476 1491 1492
f 1476 1492 1477
f 1477 1492 1493
f 1477 1493 1478
f 1478 1493 1494
f 1478 1494 1486
f 1486 1494 1495
f 1486 1495 1487
f 1487 1495 1496
f 1487 1496 1479
f 1479 1496 1497
f 1479 1497 1480
f 1480 1497 1498
f 1480 1498 1481
f 1481 1498 1499
f 1481 1499 1482
f 1482 1499 1500
f 1482 1500 1483
f 1483 1500 1501
f 1483 1501 1484
f 1484 1501 1502
f 1484 1502 1485
f 1485 1502 1503
f 1485 1503 1488
f 1488 1503 1504
f 1488 1504 1489
f 1489 1504 1505
f 1489 1505 1490
f 1490 1505 1457
f 1490 1457 1459
f 1458 1457 1505
f 1458 1505 1506
f 1506 1505 1504
f 1506 1504 1507
f 1507 1504 1503
f 1507 1503 1508
f 1508 1503 1502
f 1508 1502 1509
f 1509 1502 1501
f 1509 1501 1510
f 1510 1501 1500
f 1510 1500 1511
f 1511 1500 1499
f 1511 1499 1512
f 1512 1499 1498
f 1512 1498 1513
f 1513 1498 1497
f 1513 1497 1514
f 1514 1497 1496
f 1514 1496 1515
f 1515 1496 1495
f 1515 1495 1516
f 1516 1495 1494
f 1516 1494 1517
f 1517 1494 1493
f 1517 1493 1518
f 1518 1493 1492
f 1518 1492 1519
f 1519 1492 1491
f 1519 1491 1520
f 1520 1491 1426
f 1520 1426 1425
f 1521 1458 1506
f 1521 1506 1522
f 1522 1506 1507
f 1522 1507 1523
f 1523 1507 1508
f 1523 1508 1524
f 1524 1508 1509
f 1524 1509 1525
f 1525 1509 1510
f 1525 1510 1526
f 1526 1510 1511
f 1526 1511 1527
f 1527 1511 1512
f 1527 1512 1528
f 1528 1512 1513
f 1528 1513 1529
f 1529 1513 1514
f 1529 1514 1530
f 1530 1514 1515
f 1530 1515 1531
f 1531 1515 1516
f 1531 1516 1532
f 1532 1516 1517
f 1532 1517 1533
f 1533 1517 1518
f 1533 1518 1534
f 1534 1518 1519
f 1534 1519 1535
f 1535 1519 1520
f 1535 1520 1536
f 1536 1520 1425
f 1536 1425 1537
f 1537 1425 1428
f 1537 1428 1538
f 1538 1428 1430
f 1538 1430 1539
f 1539 1430 1432
f 1539 1432 1540
f 1540 1432 1434
f 1540 1434 1541
f 1541 1434 1436
f 1541 1436 1542
f 1542 1436 1438
f 1542 1438 1543
f 1543 1438 1440
f 1543 1440 1544
f 1544 1440 1442
f 1544 1442 1545
f 1545 1442 1444
f 1545 1444 1546
f 1546 1444 1446
f 1546 1446 1547
f 1547 1446 1448
f 1547 1448 1548
f 1548 1448 1450
f 1548 1450 1549
f 1549 1450 1452
f 1549 1452 1550
f 1550 1452 1454
f 1550 1454 1551
f 1551 1454 1456
f 1551 1456 1552
f 1552 1456 1458
f 1552 1458 1521
f 1521 1536 1552
f 1552 1536 1537
f 1521 1522 1536
f 1536 1522 1523
f 1536 1523 1535
f 1535 1523 1534
f 1537 1538 1552
f 1552 1538 1539
f 1552 1539 1540
f 1540 1541 1552
f 1552 1541 1542
f 1552 1542 1551
f 1551 1542 1550
f 1524 1525 1532
f 1532 1525 1526
f 1532 1526 1527
f 1527 1528 1532
f 1532 1528 1529
f 1532 1529 1531
f 1531 1529 1530
f 1524 1532 1523
f 1523 1532 1533
f 1523 1533 1534
f 1543 1544 1548
f 1544 1545 1548
f 1548 1545 1546
f 1548 1546 1547
f 1543 1548 1542
f 1542 1548 1549
f 1542 1549 1550
f 1553 1554 1555
f 1555 1554 1556
f 1555 1556 1557
f 1557 1556 1558
f 1557 1558 1559
f 1559 1558 1560
f 1561 1562 1563
f 1561 1563 1564
f 1564 1563 1554
f 1564 1554 1553
f 1562 1561 1565
f 1565 1561 1566
f 1565 1566 1567
f 1567 1566 1568
f 1568 1566 1569
f 1568 1569 1570
f 1571 1572 1573
f 1573 1574 1571
f 1571 1574 1575
f 1571 1575 1569
f 1569 1575 1576
f 1569 1576 1570
f 1573 1572 1577
f 1578 1579 1580
f 1580 1579 1581
f 1581 1582 1580
f 1580 1582 1583
f 1580 1583 1577
f 1577 1583 1584
f 1577 1584 1573
f 1579 1578 1585
f 1585 1578 1586
f 1585 1586 1587
f 1587 1586 1588
f 1588 1586 1589
f 1588 1589 1590
f 1591 1592 1593
f 1593 1594 1591
f 1591 1594 1595
f 1591 1595 1589
f 1589 1595 1596
f 1589 1596 1590
f 1597 1598 1599
f 1599 1598 1600
f 1598 1601 1600
f 1600 1601 1602
f 1600 1602 1603
f 1602 1604 1603
f 1603 1604 1605
f 1603 1605 1606
f 1605 1607 1606
f 1606 1607 1608
f 1606 1608 1609
f 1608 1610 1609
f 1609 1610 1611
f 1609 1611 1612
f 1611 1613 1612
f 1612 1613 1614
f 1612 1614 1615
f 1614 1616 1615
f 1615 1616 1617
f 1615 1617 1618
f 1593 1592 1619
f 1619 1592 1618
f 1619 1618 1620
f 1620 1618 1617
f 1597 1599 1621
f 1621 1599 1622
f 1621 1622 1623
f 1623 1622 1624
f 1623 1624 1625
f 1625 1624 1626
f 1625 1626 1627
f 1627 1626 1628
f 1627 1628 1629
f 1630 1631 1632
f 1632 1631 1633
f 1633 1634 1632
f 1632 1634 1635
f 1632 1635 1629
f 1629 1635 1636
f 1629 1636 1627
f 1631 1630 1637
f 1637 1630 1638
f 1637 1638 1639
f 1639 1638 1640
f 1640 1638 1641
f 1640 1641 1642
f 1642 1641 1643
f 1643 1641 1644
f 1643 1644 1645
f 1645 1644 1646
f 1646 1644 1647
f 1646 1647 1648
f 1648 1647 1649
f 1649 1647 1650
f 1649 1650 1651
f 1651 1650 1652
f 1652 1650 1653
f 1654 1655 1653
f 1653 1655 1656
f 1653 1656 1652
f 1657 1658 1654
f 1654 1658 1659
f 1654 1659 1655
f 1657 1660 1658
f 1658 1660 1661
f 1661 1660 1560
f 1560 1660 1662
f 1560 1662 1559
f 1661 1560 1663
f 1663 1560 1664
f 1663 1664 1665
f 1665 1664 1666
f 1665 1666 1667
f 1667 1666 1668
f 1667 1668 1669
f 1669 1668 1670
f 1556 1554 1671
f 1558 1556 1672
f 1560 1558 1673
f 1560 1673 1664
f 1664 1673 1674
f 1664 1674 1666
f 1666 1674 1675
f 1666 1675 1668
f 1668 1675 1676
f 1668 1676 1670
f 1558 1672 1673
f 1673 1672 1677
f 1673 1677 1674
f 1674 1677 1678
f 1674 1678 1675
f 1675 1678 1679
f 1675 1679 1676
f 1556 1671 1672
f 1672 1671 1680
f 1672 1680 1677
f 1677 1680 1681
f 1677 1681 1678
f 1678 1681 1682
f 1678 1682 1679
f 1683 1682 1681
f 1684 1683 1685
f 1684 1685 1686
f 1686 1685 1687
f 1686 1687 1688
f 1688 1687 1689
f 1688 1689 1690
f 1690 1689 1563
f 1690 1563 1562
f 1683 1681 1685
f 1685 1681 1680
f 1685 1680 1687
f 1687 1680 1671
f 1687 1671 1689
f 1689 1671 1554
f 1689 1554 1563
f 1688 1690 1691
f 1686 1688 1692
f 1684 1686 1693
f 1694 1565 1567
f 1694 1567 1695
f 1567 1568 1695
f 1695 1568 1570
f 1695 1570 1696
f 1696 1570 1576
f 1696 1576 1697
f 1697 1576 1575
f 1688 1691 1692
f 1692 1691 1698
f 1692 1698 1699
f 1699 1698 1700
f 1699 1700 1701
f 1701 1700 1702
f 1701 1702 1703
f 1686 1692 1693
f 1693 1692 1699
f 1693 1699 1704
f 1704 1699 1701
f 1704 1701 1705
f 1705 1701 1703
f 1705 1703 1706
f 1684 1693 1707
f 1707 1693 1704
f 1707 1704 1708
f 1708 1704 1705
f 1708 1705 1709
f 1709 1705 1706
f 1709 1706 1710
f 1575 1574 1697
f 1697 1574 1573
f 1697 1573 1711
f 1712 1710 1713
f 1713 1710 1706
f 1713 1706 1714
f 1714 1706 1703
f 1714 1703 1711
f 1711 1703 1702
f 1711 1702 1697
f 1697 1702 1700
f 1697 1700 1696
f 1696 1700 1698
f 1696 1698 1695
f 1695 1698 1691
f 1695 1691 1694
f 1694 1691 1690
f 1694 1690 1565
f 1565 1690 1562
f 1715 1716 1717
f 1711 1573 1718
f 1718 1573 1584
f 1718 1584 1719
f 1579 1720 1581
f 1581 1720 1721
f 1581 1721 1582
f 1582 1721 1719
f 1582 1719 1583
f 1583 1719 1584
f 1720 1715 1721
f 1721 1715 1717
f 1721 1717 1719
f 1719 1717 1722
f 1719 1722 1718
f 1718 1722 1723
f 1718 1723 1711
f 1711 1723 1714
f 1716 1724 1717
f 1717 1724 1725
f 1717 1725 1722
f 1722 1725 1726
f 1722 1726 1723
f 1723 1726 1727
f 1723 1727 1714
f 1714 1727 1713
f 1724 1728 1725
f 1725 1728 1729
f 1725 1729 1726
f 1726 1729 1730
f 1726 1730 1727
f 1727 1730 1731
f 1727 1731 1713
f 1713 1731 1712
f 1595 1594 1732
f 1590 1596 1733
f 1734 1728 1735
f 1735 1728 1724
f 1735 1724 1736
f 1736 1724 1716
f 1736 1716 1737
f 1737 1716 1715
f 1737 1715 1738
f 1738 1715 1720
f 1738 1720 1585
f 1585 1720 1579
f 1739 1734 1740
f 1740 1734 1735
f 1740 1735 1741
f 1741 1735 1736
f 1741 1736 1742
f 1742 1736 1737
f 1742 1737 1743
f 1743 1737 1738
f 1743 1738 1587
f 1587 1738 1585
f 1590 1733 1588
f 1744 1739 1745
f 1745 1739 1740
f 1745 1740 1746
f 1746 1740 1741
f 1746 1741 1747
f 1747 1741 1742
f 1747 1742 1733
f 1733 1742 1743
f 1733 1743 1588
f 1588 1743 1587
f 1748 1744 1749
f 1749 1744 1745
f 1749 1745 1750
f 1750 1745 1746
f 1750 1746 1751
f 1751 1746 1747
f 1751 1747 1732
f 1732 1747 1733
f 1732 1733 1595
f 1595 1733 1596
f 1752 1748 1753
f 1753 1748 1749
f 1753 1749 1754
f 1754 1749 1750
f 1754 1750 1755
f 1755 1750 1751
f 1755 1751 1756
f 1756 1751 1732
f 1756 1732 1593
f 1593 1732 1594
f 1757 1756 1593
f 1758 1759 1613
f 1760 1761 1762
f 1763 1760 1764
f 1765 1763 1766
f 1767 1768 1769
f 1767 1770 1771
f 1771 1770 1772
f 1765 1773 1774
f 1774 1773 1775
f 1774 1775 1776
f 1776 1775 1777
f 1776 1777 1778
f 1778 1777 1779
f 1778 1779 1780
f 1780 1779 1781
f 1780 1781 1768
f 1773 1782 1775
f 1775 1782 1783
f 1775 1783 1777
f 1777 1783 1784
f 1777 1784 1779
f 1779 1784 1785
f 1779 1785 1781
f 1781 1785 1786
f 1787 1788 1789
f 1789 1790 1787
f 1787 1790 1791
f 1787 1791 1770
f 1770 1791 1792
f 1770 1792 1772
f 1782 1759 1783
f 1783 1759 1758
f 1783 1758 1784
f 1784 1758 1793
f 1784 1793 1785
f 1785 1793 1794
f 1785 1794 1786
f 1786 1794 1795
f 1763 1764 1766
f 1766 1764 1796
f 1766 1796 1797
f 1797 1796 1798
f 1797 1798 1799
f 1760 1762 1764
f 1764 1762 1800
f 1764 1800 1796
f 1796 1800 1757
f 1796 1757 1798
f 1756 1757 1755
f 1755 1757 1800
f 1755 1800 1754
f 1754 1800 1762
f 1754 1762 1753
f 1753 1762 1761
f 1753 1761 1752
f 1597 1789 1598
f 1598 1789 1788
f 1598 1788 1601
f 1767 1769 1770
f 1770 1769 1801
f 1770 1801 1787
f 1787 1801 1802
f 1787 1802 1788
f 1788 1802 1602
f 1788 1602 1601
f 1768 1781 1769
f 1769 1781 1786
f 1769 1786 1801
f 1801 1786 1795
f 1801 1795 1802
f 1802 1795 1604
f 1802 1604 1602
f 1613 1611 1758
f 1758 1611 1610
f 1758 1610 1793
f 1793 1610 1608
f 1793 1608 1794
f 1794 1608 1607
f 1794 1607 1795
f 1795 1607 1605
f 1795 1605 1604
f 1765 1766 1773
f 1773 1766 1797
f 1773 1797 1782
f 1782 1797 1799
f 1782 1799 1759
f 1759 1799 1614
f 1759 1614 1613
f 1593 1619 1757
f 1757 1619 1620
f 1757 1620 1798
f 1798 1620 1617
f 1798 1617 1799
f 1799 1617 1616
f 1799 1616 1614
f 1789 1597 1621
f 1791 1790 1803
f 1804 1805 1806
f 1772 1792 1807
f 1771 1772 1808
f 1808 1772 1807
f 1808 1807 1809
f 1809 1807 1810
f 1809 1810 1811
f 1811 1810 1806
f 1811 1806 1812
f 1812 1806 1805
f 1792 1791 1807
f 1807 1791 1803
f 1807 1803 1810
f 1810 1803 1813
f 1810 1813 1806
f 1806 1813 1814
f 1806 1814 1804
f 1804 1814 1815
f 1790 1789 1803
f 1803 1789 1621
f 1803 1621 1813
f 1813 1621 1623
f 1813 1623 1814
f 1814 1623 1625
f 1814 1625 1815
f 1815 1625 1627
f 1815 1627 1816
f 1816 1627 1636
f 1816 1636 1817
f 1817 1636 1635
f 1817 1635 1818
f 1631 1819 1633
f 1633 1819 1818
f 1633 1818 1634
f 1634 1818 1635
f 1819 1820 1818
f 1818 1820 1821
f 1818 1821 1817
f 1817 1821 1822
f 1817 1822 1816
f 1816 1822 1823
f 1816 1823 1815
f 1815 1823 1804
f 1820 1824 1821
f 1821 1824 1825
f 1821 1825 1822
f 1822 1825 1826
f 1822 1826 1823
f 1823 1826 1827
f 1823 1827 1804
f 1804 1827 1805
f 1824 1828 1825
f 1825 1828 1829
f 1825 1829 1826
f 1826 1829 1830
f 1826 1830 1827
f 1827 1830 1831
f 1827 1831 1805
f 1805 1831 1812
f 1820 1819 1832
f 1824 1820 1833
f 1828 1824 1834
f 1835 1637 1639
f 1835 1639 1836
f 1836 1639 1640
f 1836 1640 1837
f 1640 1642 1837
f 1837 1642 1643
f 1837 1643 1838
f 1838 1643 1645
f 1820 1832 1833
f 1833 1832 1839
f 1833 1839 1840
f 1840 1839 1841
f 1840 1841 1842
f 1842 1841 1843
f 1842 1843 1844
f 1824 1833 1834
f 1834 1833 1840
f 1834 1840 1845
f 1845 1840 1842
f 1845 1842 1846
f 1846 1842 1844
f 1846 1844 1847
f 1828 1834 1848
f 1848 1834 1845
f 1848 1845 1849
f 1849 1845 1846
f 1849 1846 1850
f 1850 1846 1847
f 1850 1847 1851
f 1645 1646 1838
f 1838 1646 1648
f 1838 1648 1852
f 1853 1851 1854
f 1854 1851 1847
f 1854 1847 1855
f 1855 1847 1844
f 1855 1844 1852
f 1852 1844 1843
f 1852 1843 1838
f 1838 1843 1841
f 1838 1841 1837
f 1837 1841 1839
f 1837 1839 1836
f 1836 1839 1832
f 1836 1832 1835
f 1835 1832 1819
f 1835 1819 1637
f 1637 1819 1631
f 1856 1853 1854
f 1857 1856 1858
f 1857 1858 1859
f 1859 1858 1860
f 1859 1860 1861
f 1861 1860 1862
f 1861 1862 1863
f 1863 1862 1649
f 1863 1649 1651
f 1856 1854 1858
f 1858 1854 1855
f 1858 1855 1860
f 1860 1855 1852
f 1860 1852 1862
f 1862 1852 1648
f 1862 1648 1649
f 1864 1865 1857
f 1863 1651 1652
f 1866 1867 1868
f 1868 1867 1861
f 1868 1861 1863
f 1869 1865 1870
f 1870 1865 1864
f 1870 1864 1871
f 1863 1652 1868
f 1868 1652 1656
f 1868 1656 1866
f 1866 1656 1655
f 1866 1655 1659
f 1872 1869 1873
f 1873 1869 1870
f 1873 1870 1874
f 1874 1870 1871
f 1874 1871 1875
f 1859 1861 1876
f 1876 1861 1867
f 1876 1867 1877
f 1877 1867 1866
f 1877 1866 1878
f 1878 1866 1659
f 1878 1659 1658
f 1658 1879 1878
f 1878 1879 1875
f 1878 1875 1877
f 1877 1875 1871
f 1877 1871 1876
f 1876 1871 1864
f 1876 1864 1859
f 1859 1864 1857
f 1880 1872 1881
f 1881 1872 1873
f 1881 1873 1882
f 1882 1873 1874
f 1882 1874 1883
f 1883 1874 1875
f 1883 1875 1884
f 1884 1875 1879
f 1658 1661 1663
f 1665 1884 1663
f 1663 1884 1879
f 1663 1879 1658
f 1881 1882 1665
f 1665 1882 1883
f 1665 1883 1884
f 1665 1667 1881
f 1881 1667 1669
f 1881 1669 1880
f 1885 1886 1887
f 1887 1886 1888
f 1887 1888 1889
f 1889 1888 1890
f 1889 1890 1891
f 1891 1890 1892
f 1891 1892 1893
f 1893 1892 1894
f 1895 1893 1896
f 1896 1893 1894
f 1895 1896 1897
f 1897 1896 1898
f 1897 1898 1899
f 1899 1898 1900
f 1900 1898 1901
f 1900 1901 1902
f 1902 1901 1903
f 1903 1901 1904
f 1903 1904 1905
f 1905 1904 1906
f 1906 1904 1907
f 1906 1907 1908
f 1908 1907 1909
f 1909 1907 1910
f 1909 1910 1911
f 1911 1910 1912
f 1912 1910 1913
f 1912 1913 1914
f 1914 1913 1915
f 1915 1913 1916
f 1915 1916 1917
f 1917 1916 1918
f 1918 1916 1919
f 1918 1919 1920
f 1920 1919 1921
f 1921 1919 1922
f 1921 1922 1923
f 1924 1925 1926
f 1926 1925 1923
f 1926 1923 1922
f 1925 1924 1927
f 1927 1924 1928
f 1927 1928 1929
f 1929 1928 1930
f 1929 1930 1931
f 1931 1930 1932
f 1885 1931 1886
f 1886 1931 1932
f 1933 1934 1935
f 1933 1935 1936
f 1936 1935 1937
f 1936 1937 1938
f 1938 1937 1939
f 1938 1939 1940
f 1940 1939 1931
f 1940 1931 1885
f 1933 1936 1941
f 1941 1936 1942
f 1941 1942 1943
f 1943 1942 1944
f 1943 1944 1945
f 1945 1944 1946
f 1945 1946 1947
f 1947 1946 1948
f 1936 1938 1942
f 1942 1938 1949
f 1942 1949 1944
f 1944 1949 1950
f 1944 1950 1946
f 1946 1950 1951
f 1946 1951 1948
f 1948 1951 1952
f 1938 1940 1949
f 1949 1940 1953
f 1949 1953 1950
f 1950 1953 1954
f 1950 1954 1951
f 1951 1954 1955
f 1951 1955 1952
f 1952 1955 1956
f 1940 1885 1953
f 1953 1885 1887
f 1953 1887 1954
f 1954 1887 1889
f 1954 1889 1955
f 1955 1889 1891
f 1955 1891 1956
f 1956 1891 1893
f 1957 1947 1948
f 1957 1948 1958
f 1958 1948 1952
f 1958 1952 1959
f 1959 1952 1956
f 1959 1956 1960
f 1960 1956 1893
f 1960 1893 1895
f 1908 1961 1962
f 1959 1960 1963
f 1958 1959 1964
f 1957 1958 1965
f 1902 1966 1900
f 1900 1966 1967
f 1900 1967 1899
f 1899 1967 1963
f 1899 1963 1897
f 1897 1963 1960
f 1897 1960 1895
f 1902 1903 1966
f 1966 1903 1905
f 1966 1905 1962
f 1962 1905 1906
f 1962 1906 1908
f 1959 1963 1964
f 1964 1963 1967
f 1964 1967 1968
f 1968 1967 1966
f 1968 1966 1969
f 1969 1966 1962
f 1969 1962 1970
f 1970 1962 1961
f 1970 1961 1971
f 1958 1964 1965
f 1965 1964 1968
f 1965 1968 1972
f 1972 1968 1969
f 1972 1969 1973
f 1973 1969 1970
f 1973 1970 1974
f 1974 1970 1971
f 1974 1971 1975
f 1957 1965 1976
f 1976 1965 1972
f 1976 1972 1977
f 1977 1972 1973
f 1977 1973 1978
f 1978 1973 1974
f 1978 1974 1979
f 1979 1974 1975
f 1979 1975 1980
f 1909 1911 1981
f 1908 1909 1982
f 1908 1982 1961
f 1961 1982 1983
f 1961 1983 1971
f 1971 1983 1984
f 1971 1984 1975
f 1975 1984 1985
f 1975 1985 1980
f 1909 1981 1982
f 1982 1981 1986
f 1982 1986 1983
f 1983 1986 1987
f 1983 1987 1984
f 1984 1987 1988
f 1984 1988 1985
f 1986 1981 1989
f 1988 1987 1990
f 1991 1912 1992
f 1992 1912 1914
f 1921 1993 1920
f 1920 1993 1994
f 1920 1994 1918
f 1918 1994 1995
f 1918 1995 1917
f 1917 1995 1992
f 1917 1992 1915
f 1915 1992 1914
f 1988 1990 1996
f 1996 1990 1997
f 1996 1997 1998
f 1998 1997 1999
f 1998 1999 2000
f 2000 1999 2001
f 2000 2001 2002
f 2002 2001 2003
f 2002 2003 2004
f 1921 1923 1993
f 1993 1923 2005
f 1993 2005 2006
f 1911 1912 1981
f 1981 1912 1991
f 1981 1991 1989
f 1989 1991 1992
f 1989 1992 2007
f 2007 1992 1995
f 2007 1995 2008
f 2008 1995 1994
f 2008 1994 2009
f 2009 1994 1993
f 2009 1993 2010
f 2010 1993 2006
f 2010 2006 2011
f 1986 1989 2012
f 2012 1989 2007
f 2012 2007 2013
f 2013 2007 2008
f 2013 2008 2014
f 2014 2008 2009
f 2014 2009 2015
f 2015 2009 2010
f 2015 2010 2016
f 2016 2010 2011
f 2016 2011 2017
f 2018 2004 2017
f 2017 2004 2003
f 2017 2003 2016
f 2016 2003 2001
f 2016 2001 2015
f 2015 2001 1999
f 2015 1999 2014
f 2014 1999 1997
f 2014 1997 2013
f 2013 1997 1990
f 2013 1990 2012
f 2012 1990 1987
f 2012 1987 1986
f 1923 1925 2005
f 2005 1925 2019
f 2005 2019 2006
f 2006 2019 2020
f 2006 2020 2011
f 2011 2020 2021
f 2011 2021 2017
f 2017 2021 2022
f 2017 2022 2018
f 2018 2022 2023
f 2019 1925 1927
f 2024 2021 2020
f 2021 2024 2022
f 2025 2023 2026
f 2026 2023 2022
f 2026 2022 2027
f 2027 2022 2024
f 2028 2025 2029
f 2029 2025 2026
f 2029 2026 2030
f 2030 2026 2027
f 2030 2027 2031
f 2031 2027 2024
f 2019 1927 2032
f 2032 1927 1929
f 2032 1929 2033
f 2033 1929 1931
f 2033 1931 1939
f 1934 2028 1935
f 1935 2028 2029
f 1935 2029 1937
f 1937 2029 2030
f 1937 2030 1939
f 1939 2030 2031
f 1939 2031 2033
f 2033 2031 2024
f 2033 2024 2032
f 2032 2024 2020
f 2032 2020 2019
f 2034 2035 2036
f 2036 2035 2037
f 2036 2037 2038
f 2038 2037 2039
f 2038 2039 2040
f 2040 2039 2041
f 2042 2043 2044
f 2037 2035 2045
f 2037 2043 2039
f 2039 2043 2042
f 2039 2042 2041
f 2041 2042 2046
f 2047 2048 2046
f 2049 2048 2050
f 2050 2048 2047
f 2050 2047 2051
f 2037 2045 2043
f 2043 2045 2052
f 2043 2052 2044
f 2044 2052 2053
f 2044 2053 2054
f 2046 2042 2047
f 2047 2042 2044
f 2047 2044 2051
f 2051 2044 2054
f 2051 2054 2055
f 2055 2056 2051
f 2051 2056 2057
f 2051 2057 2050
f 2050 2057 2058
f 2050 2058 2049
f 2049 2058 2059
f 2060 2041 2046
f 2060 2046 2061
f 2061 2046 2048
f 2061 2048 2062
f 2062 2048 2049
f 2062 2049 2063
f 2063 2049 2059
f 2063 2059 2064
f 2065 2040 2060
f 2060 2040 2041
f 2066 2065 2060
f 2060 2067 2066
f 2066 2067 2068
f 2066 2068 2069
f 2069 2068 2070
f 2070 2071 2069
f 2069 2071 2072
f 2069 2072 2073
f 2074 2075 2076
f 2076 2075 2073
f 2076 2073 2077
f 2077 2073 2072
f 2078 2079 2080
f 2061 2062 2081
f 2060 2061 2082
f 2079 2083 2084
f 2071 2070 2085
f 2085 2070 2068
f 2085 2068 2082
f 2082 2068 2067
f 2082 2067 2060
f 2061 2081 2082
f 2082 2081 2086
f 2082 2086 2085
f 2085 2086 2087
f 2085 2087 2088
f 2088 2087 2089
f 2088 2089 2090
f 2071 2085 2072
f 2072 2085 2088
f 2072 2088 2077
f 2077 2088 2090
f 2077 2090 2076
f 2079 2084 2080
f 2080 2084 2091
f 2080 2091 2092
f 2092 2091 2093
f 2092 2093 2094
f 2094 2093 2095
f 2094 2095 2096
f 2078 2080 2097
f 2097 2080 2092
f 2097 2092 2098
f 2098 2092 2094
f 2098 2094 2099
f 2099 2094 2096
f 2099 2096 2100
f 2074 2076 2101
f 2101 2076 2090
f 2101 2090 2100
f 2100 2090 2089
f 2100 2089 2099
f 2099 2089 2087
f 2099 2087 2098
f 2098 2087 2086
f 2098 2086 2097
f 2097 2086 2081
f 2097 2081 2078
f 2078 2081 2062
f 2078 2062 2079
f 2079 2062 2063
f 2079 2063 2083
f 2083 2063 2064
f 2102 2074 2101
f 2102 2101 2103
f 2103 2101 2100
f 2103 2100 2104
f 2104 2100 2096
f 2104 2096 2105
f 2105 2096 2095
f 2105 2095 2106
f 2107 2075 2102
f 2102 2075 2074
f 2107 2102 2108
f 2108 2102 2109
f 2108 2109 2110
f 2110 2109 2111
f 2110 2111 2112
f 2112 2111 2113
f 2112 2113 2114
f 2114 2113 2115
f 2114 2115 2116
f 2116 2115 2117
f 2116 2117 2118
f 2116 2118 2119
f 2119 2118 2120
f 2119 2120 2121
f 2121 2120 2122
f 2121 2122 2123
f 2123 2122 2124
f 2123 2124 2125
f 2125 2124 2126
f 2127 2128 2129
f 2130 2131 2132
f 2133 2134 2135
f 2118 2136 2120
f 2120 2136 2137
f 2120 2137 2122
f 2122 2137 2138
f 2122 2138 2124
f 2124 2138 2135
f 2124 2135 2126
f 2126 2135 2134
f 2136 2130 2137
f 2137 2130 2132
f 2137 2132 2138
f 2138 2132 2139
f 2138 2139 2135
f 2135 2139 2129
f 2135 2129 2133
f 2133 2129 2128
f 2131 2140 2132
f 2132 2140 2141
f 2132 2141 2139
f 2139 2141 2142
f 2139 2142 2129
f 2129 2142 2143
f 2129 2143 2127
f 2127 2143 2144
f 2140 2145 2141
f 2141 2145 2146
f 2141 2146 2142
f 2142 2146 2147
f 2142 2147 2143
f 2143 2147 2148
f 2143 2148 2144
f 2144 2148 2149
f 2150 2151 2152
f 2136 2118 2117
f 2130 2153 2131
f 2131 2153 2152
f 2131 2152 2140
f 2140 2152 2151
f 2140 2151 2145
f 2115 2154 2117
f 2117 2154 2153
f 2117 2153 2136
f 2136 2153 2130
f 2154 2155 2153
f 2153 2155 2156
f 2153 2156 2152
f 2152 2156 2157
f 2152 2157 2150
f 2155 2154 2158
f 2102 2103 2109
f 2109 2103 2159
f 2109 2159 2111
f 2111 2159 2160
f 2111 2160 2113
f 2113 2160 2158
f 2113 2158 2115
f 2115 2158 2154
f 2103 2104 2159
f 2159 2104 2161
f 2159 2161 2160
f 2160 2161 2162
f 2160 2162 2158
f 2158 2162 2163
f 2158 2163 2155
f 2155 2163 2156
f 2104 2105 2161
f 2161 2105 2164
f 2161 2164 2162
f 2162 2164 2165
f 2162 2165 2163
f 2163 2165 2166
f 2163 2166 2156
f 2156 2166 2157
f 2105 2106 2164
f 2164 2106 2167
f 2164 2167 2165
f 2165 2167 2168
f 2165 2168 2166
f 2166 2168 2169
f 2166 2169 2157
f 2157 2169 2150
f 2170 2171 2172
f 2173 2174 2175
f 2175 2174 2176
f 2175 2176 2177
f 2177 2176 2178
f 2178 2176 2172
f 2172 2176 2179
f 2172 2179 2170
f 2180 2181 2182
f 2183 2180 2184
f 2185 2183 2186
f 2187 2185 2188
f 2187 2188 2189
f 2189 2188 2190
f 2189 2190 2191
f 2191 2190 2192
f 2191 2192 2193
f 2193 2192 2172
f 2193 2172 2171
f 2185 2186 2188
f 2188 2186 2194
f 2188 2194 2190
f 2190 2194 2195
f 2190 2195 2192
f 2192 2195 2178
f 2192 2178 2172
f 2196 2175 2177
f 2183 2184 2186
f 2186 2184 2197
f 2186 2197 2194
f 2194 2197 2196
f 2194 2196 2195
f 2195 2196 2177
f 2195 2177 2178
f 2180 2182 2184
f 2184 2182 2198
f 2184 2198 2197
f 2197 2198 2199
f 2197 2199 2196
f 2196 2199 2173
f 2196 2173 2175
f 2187 2189 2200
f 2200 2189 2201
f 2200 2201 2202
f 2202 2201 2203
f 2202 2203 2204
f 2204 2203 2205
f 2204 2205 2206
f 2206 2205 2207
f 2189 2191 2201
f 2201 2191 2208
f 2201 2208 2203
f 2203 2208 2209
f 2203 2209 2205
f 2205 2209 2210
f 2205 2210 2207
f 2207 2210 2211
f 2191 2193 2208
f 2208 2193 2212
f 2208 2212 2209
f 2209 2212 2213
f 2209 2213 2210
f 2210 2213 2214
f 2210 2214 2211
f 2211 2214 2215
f 2193 2171 2212
f 2212 2171 2216
f 2212 2216 2213
f 2213 2216 2217
f 2213 2217 2214
f 2214 2217 2218
f 2214 2218 2215
f 2215 2218 2219
f 2171 2170 2216
f 2216 2170 2220
f 2216 2220 2217
f 2217 2220 2221
f 2217 2221 2218
f 2218 2221 2222
f 2218 2222 2219
f 2219 2222 2223
f 2219 2223 2224
f 2224 2223 2225
f 2224 2225 2226
f 2226 2225 2227
f 2227 2225 2228
f 2227 2228 2229
f 2229 2228 2230
f 2230 2228 2231
f 2230 2231 2232
f 2232 2231 2233
f 2233 2231 2234
f 2233 2234 2235
f 2235 2234 2236
f 2236 2234 2237
f 2236 2237 2238
f 2238 2237 2239
f 2239 2237 2240
f 2239 2240 2241
f 2241 2240 2242
f 2242 2240 2243
f 2242 2243 2244
f 2244 2243 2245
f 2245 2243 2246
f 2245 2246 2247
f 2248 2215 2219
f 2219 2224 2248
f 2248 2224 2226
f 2248 2226 2249
f 2249 2226 2227
f 2249 2227 2250
f 2227 2229 2250
f 2250 2229 2230
f 2250 2230 2251
f 2251 2230 2232
f 2251 2232 2252
f 2252 2232 2233
f 2252 2233 2253
f 2233 2235 2253
f 2253 2235 2236
f 2253 2236 2254
f 2254 2236 2238
f 2254 2238 2255
f 2238 2239 2255
f 2255 2239 2241
f 2255 2241 2256
f 2256 2241 2242
f 2256 2242 2257
f 2247 2258 2245
f 2245 2258 2257
f 2245 2257 2244
f 2244 2257 2242
f 2258 2259 2257
f 2257 2259 2260
f 2257 2260 2256
f 2256 2260 2261
f 2256 2261 2255
f 2255 2261 2262
f 2255 2262 2254
f 2254 2262 2263
f 2254 2263 2253
f 2253 2263 2264
f 2253 2264 2252
f 2252 2264 2265
f 2252 2265 2251
f 2251 2265 2266
f 2251 2266 2250
f 2250 2266 2267
f 2250 2267 2249
f 2249 2267 2268
f 2249 2268 2248
f 2248 2268 2269
f 2248 2269 2215
f 2215 2269 2211
f 2259 2270 2260
f 2260 2270 2271
f 2260 2271 2261
f 2261 2271 2272
f 2261 2272 2262
f 2262 2272 2273
f 2262 2273 2263
f 2263 2273 2274
f 2263 2274 2264
f 2264 2274 2275
f 2264 2275 2265
f 2265 2275 2276
f 2265 2276 2266
f 2266 2276 2277
f 2266 2277 2267
f 2267 2277 2278
f 2267 2278 2268
f 2268 2278 2279
f 2268 2279 2269
f 2269 2279 2280
f 2269 2280 2211
f 2211 2280 2207
f 2270 2281 2271
f 2271 2281 2282
f 2271 2282 2272
f 2272 2282 2283
f 2272 2283 2273
f 2273 2283 2284
f 2273 2284 2274
f 2274 2284 2285
f 2274 2285 2275
f 2275 2285 2286
f 2275 2286 2276
f 2276 2286 2287
f 2276 2287 2277
f 2277 2287 2288
f 2277 2288 2278
f 2278 2288 2289
f 2278 2289 2279
f 2279 2289 2290
f 2279 2290 2280
f 2280 2290 2291
f 2280 2291 2207
f 2207 2291 2206
f 2292 2293 2294
f 2259 2258 2295
f 2270 2259 2296
f 2281 2270 2297
f 2298 2299 2300
f 2300 2299 2301
f 2300 2301 2302
f 2302 2301 2295
f 2302 2295 2303
f 2303 2295 2258
f 2303 2258 2247
f 2298 2304 2299
f 2299 2304 2305
f 2299 2305 2294
f 2294 2305 2306
f 2294 2306 2292
f 2259 2295 2296
f 2296 2295 2301
f 2296 2301 2307
f 2307 2301 2299
f 2307 2299 2308
f 2308 2299 2294
f 2308 2294 2309
f 2309 2294 2293
f 2309 2293 2310
f 2270 2296 2297
f 2297 2296 2307
f 2297 2307 2311
f 2311 2307 2308
f 2311 2308 2312
f 2312 2308 2309
f 2312 2309 2313
f 2313 2309 2310
f 2313 2310 2314
f 2281 2297 2315
f 2315 2297 2311
f 2315 2311 2316
f 2316 2311 2312
f 2316 2312 2317
f 2317 2312 2313
f 2317 2313 2318
f 2318 2313 2314
f 2318 2314 2319
f 2247 2246 2303
f 2303 2246 2320
f 2303 2320 2302
f 2302 2320 2300
f 2300 2320 2321
f 2300 2321 2298
f 2322 2323 2292
f 2292 2306 2322
f 2322 2306 2305
f 2322 2305 2321
f 2321 2305 2304
f 2321 2304 2298
f 2324 2325 2326
f 2292 2323 2327
f 2327 2323 2328
f 2327 2328 2329
f 2329 2328 2330
f 2330 2328 2326
f 2326 2328 2331
f 2326 2331 2324
f 2332 2319 2314
f 2333 2332 2334
f 2335 2333 2336
f 2337 2335 2338
f 2337 2338 2339
f 2339 2338 2340
f 2339 2340 2341
f 2341 2340 2342
f 2341 2342 2343
f 2343 2342 2326
f 2343 2326 2325
f 2335 2336 2338
f 2338 2336 2344
f 2338 2344 2340
f 2340 2344 2345
f 2340 2345 2342
f 2342 2345 2330
f 2342 2330 2326
f 2346 2327 2329
f 2333 2334 2336
f 2336 2334 2347
f 2336 2347 2344
f 2344 2347 2346
f 2344 2346 2345
f 2345 2346 2329
f 2345 2329 2330
f 2332 2314 2334
f 2334 2314 2310
f 2334 2310 2347
f 2347 2310 2293
f 2347 2293 2346
f 2346 2293 2292
f 2346 2292 2327
f 2337 2339 2348
f 2348 2339 2349
f 2348 2349 2350
f 2350 2349 2351
f 2350 2351 2352
f 2352 2351 2353
f 2352 2353 2354
f 2354 2353 2355
f 2339 2341 2349
f 2349 2341 2356
f 2349 2356 2351
f 2351 2356 2357
f 2351 2357 2353
f 2353 2357 2358
f 2353 2358 2355
f 2355 2358 2359
f 2341 2343 2356
f 2356 2343 2360
f 2356 2360 2357
f 2357 2360 2361
f 2357 2361 2358
f 2358 2361 2362
f 2358 2362 2359
f 2359 2362 2363
f 2343 2325 2360
f 2360 2325 2364
f 2360 2364 2361
f 2361 2364 2365
f 2361 2365 2362
f 2362 2365 2366
f 2362 2366 2363
f 2363 2366 2367
f 2325 2324 2364
f 2364 2324 2368
f 2364 2368 2365
f 2365 2368 2369
f 2365 2369 2366
f 2366 2369 2370
f 2366 2370 2367
f 2367 2370 2371
f 2367 2371 2372
f 2367 2372 2373
f 2373 2372 2374
f 2373 2374 2375
f 2373 2375 2376
f 2367 2373 2377
f 2367 2377 2363
f 2363 2377 2378
f 2363 2378 2359
f 2359 2378 2379
f 2359 2379 2355
f 2355 2379 2380
f 2355 2380 2354
f 2373 2376 2377
f 2377 2376 2381
f 2377 2381 2378
f 2378 2381 2382
f 2378 2382 2379
f 2379 2382 2383
f 2379 2383 2380
f 2384 2383 2382
f 2385 2384 2386
f 2385 2387 2388
f 2388 2387 2389
f 2389 2387 2390
f 2390 2387 2391
f 2390 2391 2392
f 2392 2391 2393
f 2393 2391 2394
f 2393 2394 2395
f 2395 2394 2396
f 2395 2396 2397
f 2385 2386 2387
f 2387 2386 2398
f 2387 2398 2391
f 2391 2398 2399
f 2391 2399 2394
f 2394 2399 2400
f 2394 2400 2396
f 2384 2382 2386
f 2386 2382 2381
f 2386 2381 2398
f 2398 2381 2376
f 2398 2376 2399
f 2399 2376 2375
f 2399 2375 2400
f 2375 2374 2400
f 2400 2374 2401
f 2400 2401 2396
f 2396 2401 2402
f 2396 2402 2397
f 2397 2402 2403
f 2404 2405 2406
f 2406 2405 2397
f 2406 2397 2403
f 2407 2388 2408
f 2408 2388 2389
f 2408 2389 2409
f 2409 2389 2390
f 2409 2390 2410
f 2410 2390 2392
f 2410 2392 2411
f 2411 2392 2393
f 2411 2393 2412
f 2412 2393 2395
f 2412 2395 2405
f 2405 2395 2397
f 2411 2413 2410
f 2410 2413 2414
f 2410 2414 2409
f 2409 2414 2415
f 2409 2415 2408
f 2408 2415 2416
f 2408 2416 2407
f 2411 2412 2413
f 2413 2412 2405
f 2413 2405 2417
f 2417 2405 2418
f 2418 2405 2404
f 2419 2420 2421
f 2421 2420 2422
f 2421 2422 2423
f 2423 2422 2424
f 2423 2424 2418
f 2418 2424 2417
f 2422 2420 2425
f 2424 2422 2426
f 2417 2424 2427
f 2417 2427 2413
f 2413 2427 2428
f 2413 2428 2414
f 2414 2428 2429
f 2414 2429 2415
f 2415 2429 2430
f 2415 2430 2416
f 2424 2426 2427
f 2427 2426 2431
f 2427 2431 2428
f 2428 2431 2432
f 2428 2432 2429
f 2429 2432 2433
f 2429 2433 2430
f 2422 2425 2426
f 2426 2425 2434
f 2426 2434 2431
f 2431 2434 2435
f 2431 2435 2432
f 2432 2435 2436
f 2432 2436 2433
f 2437 2438 2439
f 2420 2437 2440
f 2420 2440 2425
f 2425 2440 2441
f 2425 2441 2434
f 2434 2441 2442
f 2434 2442 2435
f 2435 2442 2443
f 2435 2443 2436
f 2437 2439 2440
f 2440 2439 2444
f 2440 2444 2441
f 2441 2444 2445
f 2441 2445 2442
f 2442 2445 2446
f 2442 2446 2443
f 2420 2419 2437
f 2437 2419 2447
f 2437 2447 2438
f 2438 2447 2448
f 2448 2447 2449
f 2448 2449 2450
f 2450 2449 2451
f 2450 2451 2452
f 2452 2451 2453
f 2452 2453 2173
f 2173 2453 2174
f 2446 2445 2454
f 2454 2445 2455
f 2454 2455 2456
f 2456 2455 2457
f 2456 2457 2458
f 2458 2457 2459
f 2458 2459 2181
f 2181 2459 2182
f 2445 2444 2455
f 2455 2444 2460
f 2455 2460 2457
f 2457 2460 2461
f 2457 2461 2459
f 2459 2461 2462
f 2459 2462 2182
f 2182 2462 2198
f 2444 2439 2460
f 2460 2439 2463
f 2460 2463 2461
f 2461 2463 2464
f 2461 2464 2462
f 2462 2464 2465
f 2462 2465 2198
f 2198 2465 2199
f 2439 2438 2463
f 2463 2438 2448
f 2463 2448 2464
f 2464 2448 2450
f 2464 2450 2465
f 2465 2450 2452
f 2465 2452 2199
f 2199 2452 2173
f 1849 1850 1851
f 1669 1780 1768
f 1851 1853 1767
f 1767 1853 1856
f 1767 1856 1857
f 1848 1849 1828
f 1828 1849 1851
f 1828 1851 1829
f 1829 1851 1767
f 1829 1767 1830
f 1830 1767 1771
f 1830 1771 1831
f 1831 1771 1812
f 1808 1809 1771
f 1771 1809 1811
f 1771 1811 1812
f 1765 1774 1670
f 1670 1774 1776
f 1670 1776 1669
f 1669 1776 1778
f 1669 1778 1780
f 1752 1729 1728
f 1865 1869 1857
f 1857 1869 1872
f 1768 1767 1669
f 1669 1767 1857
f 1669 1857 1880
f 1880 1857 1872
f 1729 1752 1730
f 1730 1752 1761
f 1730 1761 1731
f 1744 1748 1739
f 1739 1748 1752
f 1739 1752 1734
f 1734 1752 1728
f 1679 1761 1676
f 1676 1761 1760
f 1676 1760 1670
f 1670 1760 1763
f 1670 1763 1765
f 1707 1708 1709
f 1679 1682 1761
f 1761 1682 1683
f 1761 1683 1731
f 1731 1683 1684
f 1731 1684 1712
f 1712 1684 1707
f 1712 1707 1710
f 1710 1707 1709
f 1980 1985 1957
f 2018 1947 2004
f 2004 1947 1957
f 2004 1957 2002
f 2002 1957 1985
f 2025 2028 2023
f 2023 2028 1934
f 1933 1941 1943
f 1998 2000 1996
f 1996 2000 2002
f 1996 2002 1988
f 1988 2002 1985
f 1943 1945 1933
f 1933 1945 1947
f 1933 1947 1934
f 1934 1947 2018
f 1934 2018 2023
f 1978 1979 1977
f 1977 1979 1980
f 1977 1980 1976
f 1976 1980 1957
f 2148 2147 2146
f 2058 2057 2059
f 2059 2057 2056
f 2146 2145 2148
f 2148 2145 2106
f 2148 2106 2149
f 2149 2106 2095
f 2149 2095 2056
f 2056 2095 2064
f 2056 2064 2059
f 2150 2169 2168
f 2084 2083 2091
f 2091 2083 2064
f 2091 2064 2093
f 2093 2064 2095
f 2145 2151 2106
f 2106 2151 2150
f 2106 2150 2167
f 2167 2150 2168
f 2319 2332 2281
f 2181 2180 2291
f 2291 2180 2183
f 2291 2183 2206
f 2187 2200 2202
f 2183 2185 2206
f 2206 2185 2187
f 2206 2187 2204
f 2204 2187 2202
f 2456 2458 2454
f 2454 2458 2181
f 2454 2181 2446
f 2446 2181 2291
f 2354 2380 2282
f 2430 2433 2416
f 2416 2433 2436
f 2416 2436 2407
f 2286 2388 2287
f 2287 2388 2407
f 2287 2407 2288
f 2288 2407 2289
f 2281 2332 2282
f 2289 2407 2290
f 2290 2407 2436
f 2290 2436 2291
f 2291 2436 2443
f 2291 2443 2446
f 2337 2348 2350
f 2286 2285 2388
f 2388 2285 2284
f 2388 2284 2385
f 2385 2284 2283
f 2385 2283 2384
f 2384 2283 2282
f 2384 2282 2383
f 2383 2282 2380
f 2281 2315 2316
f 2332 2333 2282
f 2282 2333 2335
f 2282 2335 2354
f 2354 2335 2337
f 2354 2337 2352
f 2352 2337 2350
f 2319 2281 2318
f 2318 2281 2316
f 2318 2316 2317
f 2149 2056 2144
f 2144 2056 2055
f 2144 2055 2127
f 2127 2055 2054
f 2127 2054 2128
f 2128 2054 2053
f 2128 2053 2133
f 2133 2053 2052
f 2133 2052 2134
f 2134 2052 2045
f 2134 2045 2126
f 2126 2045 2035
f 2125 2126 2466
f 2466 2126 2035
f 2466 2035 2034
f 2467 2468 2469
f 2469 2468 2470
f 2469 2471 2472
f 2473 2474 2475
f 2475 2474 2469
f 2475 2469 2476
f 2476 2469 2470
f 2477 2467 2478
f 2478 2467 2469
f 2478 2469 2479
f 2479 2469 2472
f 2480 2481 2470
f 2470 2481 2476
f 2481 2482 2476
f 2476 2482 2483
f 2476 2483 2475
f 2483 2484 2475
f 2475 2484 2485
f 2475 2485 2473
f 2485 2486 2473
f 2473 2486 2487
f 2473 2487 2474
f 2487 2488 2474
f 2474 2488 2489
f 2474 2489 2469
f 2490 2471 2491
f 2491 2471 2469
f 2491 2469 2492
f 2492 2469 2489
f 2471 2490 2472
f 2472 2490 2493
f 2472 2493 2479
f 2479 2493 2494
f 2479 2494 2478
f 2478 2494 2495
f 2478 2495 2477
f 2477 2495 2496
f 2477 2496 2467
f 2467 2496 2497
f 2467 2497 2468
f 2468 2497 2498
f 2468 2498 2470
f 2470 2498 2480
f 2499 2480 2500
f 2500 2480 2498
f 2490 2501 2493
f 2493 2501 2502
f 2493 2502 2494
f 2494 2502 2503
f 2494 2503 2495
f 2495 2503 2504
f 2495 2504 2496
f 2496 2504 2505
f 2496 2505 2497
f 2497 2505 2506
f 2497 2506 2498
f 2498 2506 2507
f 2498 2507 2500
f 2508 2501 2490
f 2490 2491 2508
f 2508 2491 2492
f 2508 2492 2509
f 2492 2489 2509
f 2509 2489 2488
f 2509 2488 2510
f 2488 2487 2510
f 2510 2487 2486
f 2510 2486 2511
f 2511 2486 2485
f 2511 2485 2512
f 2485 2484 2512
f 2512 2484 2483
f 2512 2483 2513
f 2480 2499 2481
f 2481 2499 2513
f 2481 2513 2482
f 2482 2513 2483
f 2514 2515 2516
f 2517 2518 2519
f 2520 2521 2522
f 2523 2524 2518
f 2518 2524 2525
f 2518 2525 2519
f 2522 2514 2520
f 2520 2514 2516
f 2520 2516 2519
f 2519 2516 2526
f 2519 2526 2517
f 2526 2527 2517
f 2517 2527 2528
f 2517 2528 2518
f 2518 2528 2529
f 2518 2529 2523
f 2523 2529 2530
f 2523 2530 2524
f 2524 2530 2531
f 2524 2531 2525
f 2525 2531 2532
f 2525 2532 2519
f 2519 2532 2533
f 2519 2533 2520
f 2520 2533 2534
f 2520 2534 2521
f 2521 2534 2535
f 2521 2535 2522
f 2522 2535 2536
f 2522 2536 2514
f 2514 2536 2537
f 2514 2537 2515
f 2515 2537 2538
f 2515 2538 2516
f 2516 2538 2539
f 2516 2539 2526
f 2526 2539 2527
f 2534 2540 2535
f 2535 2540 2541
f 2535 2541 2536
f 2536 2541 2542
f 2536 2542 2537
f 2537 2542 2543
f 2537 2543 2538
f 2538 2543 2544
f 2538 2544 2539
f 2539 2544 2545
f 2539 2545 2527
f 2527 2545 2546
f 2527 2546 2528
f 2528 2546 2547
f 2528 2547 2529
f 2529 2547 2548
f 2529 2548 2530
f 2530 2548 2549
f 2530 2549 2531
f 2531 2549 2550
f 2531 2550 2532
f 2532 2550 2551
f 2532 2551 2533
f 2533 2551 2552
f 2533 2552 2534
f 2534 2552 2540
f 2553 2554 2555
f 2553 2555 2556
f 2556 2555 2557
f 2556 2557 2558
f 2558 2557 2559
f 2558 2559 2560
f 2560 2559 2561
f 2560 2561 2562
f 2562 2561 2563
f 2562 2563 2564
f 2564 2563 2565
f 2564 2565 2566
f 2566 2565 2567
f 2566 2567 2568
f 2568 2567 2569
f 2568 2569 2570
f 2570 2569 2571
f 2570 2571 2572
f 2572 2571 2573
f 2572 2573 2574
f 2574 2573 2575
f 2574 2575 2576
f 2576 2575 2577
f 2576 2577 2578
f 2573 2579 2575
f 2575 2579 2580
f 2575 2580 2577
f 2581 2582 2573
f 2573 2582 2583
f 2573 2583 2579
f 2573 2571 2581
f 2581 2571 2569
f 2581 2569 2584
f 2584 2569 2567
f 2584 2567 2585
f 2585 2567 2565
f 2585 2565 2586
f 2586 2565 2563
f 2586 2563 2587
f 2587 2563 2588
f 2588 2563 2561
f 2588 2561 2540
f 2540 2561 2589
f 2589 2561 2559
f 2589 2559 2590
f 2590 2559 2591
f 2591 2559 2557
f 2591 2557 2592
f 2592 2557 2555
f 2592 2555 2593
f 2593 2555 2554
f 2593 2554 2594
f 2595 2596 2597
f 2597 2596 2598
f 2597 2598 2599
f 2600 2598 2601
f 2601 2598 2596
f 2601 2596 2602
f 2602 2596 2603
f 2604 2605 2606
f 2606 2605 2595
f 2606 2595 2607
f 2607 2595 2597
f 2597 2599 2608
f 2608 2609 2597
f 2597 2609 2610
f 2597 2610 2607
f 2610 2611 2607
f 2607 2611 2612
f 2607 2612 2606
f 2606 2612 2613
f 2613 2614 2606
f 2606 2614 2615
f 2606 2615 2604
f 2615 2616 2604
f 2604 2616 2617
f 2604 2617 2605
f 2618 2595 2619
f 2619 2595 2605
f 2619 2605 2620
f 2620 2605 2617
f 2595 2618 2596
f 2596 2618 2621
f 2596 2621 2603
f 2603 2621 2622
f 2603 2622 2602
f 2602 2622 2623
f 2602 2623 2601
f 2601 2623 2624
f 2601 2624 2600
f 2600 2624 2625
f 2600 2625 2598
f 2598 2625 2626
f 2598 2626 2599
f 2599 2626 2608
f 2618 2580 2621
f 2621 2580 2627
f 2621 2627 2622
f 2622 2627 2628
f 2622 2628 2623
f 2623 2628 2629
f 2623 2629 2624
f 2624 2629 2630
f 2624 2630 2625
f 2625 2630 2631
f 2625 2631 2626
f 2626 2631 2632
f 2626 2632 2608
f 2608 2632 2633
f 2634 2580 2618
f 2618 2619 2634
f 2634 2619 2620
f 2634 2620 2635
f 2620 2617 2635
f 2635 2617 2616
f 2635 2616 2636
f 2616 2615 2636
f 2636 2615 2614
f 2636 2614 2637
f 2637 2614 2613
f 2637 2613 2638
f 2613 2612 2638
f 2638 2612 2611
f 2638 2611 2639
f 2608 2633 2609
f 2609 2633 2639
f 2609 2639 2610
f 2610 2639 2611
f 2640 2641 2642
f 2642 2641 2643
f 2643 2644 2642
f 2642 2644 2645
f 2642 2645 2646
f 2646 2645 2647
f 2646 2647 2648
f 2648 2647 2649
f 2649 2647 2650
f 2650 2647 2645
f 2645 2644 2650
f 2650 2644 2643
f 2650 2643 2641
f 2641 2651 2650
f 2650 2651 2652
f 2650 2652 2653
f 2653 2654 2650
f 2650 2654 2655
f 2650 2655 2656
f 2657 2658 2659
f 2659 2658 2660
f 2659 2660 2661
f 2661 2660 2662
f 2661 2662 2663
f 2663 2662 2664
f 2663 2664 2665
f 2665 2664 2666
f 2665 2666 2667
f 2667 2666 2668
f 2667 2668 2669
f 2669 2668 2670
f 2669 2670 2671
f 2671 2670 2672
f 2671 2672 2673
f 2673 2672 2674
f 2673 2674 2675
f 2675 2674 2676
f 2675 2676 2677
f 2677 2676 2678
f 2677 2678 2679
f 2679 2678 2680
f 2679 2680 2657
f 2657 2680 2658
f 2676 2681 2678
f 2678 2681 2682
f 2678 2682 2680
f 2680 2682 2683
f 2680 2683 2658
f 2658 2683 2684
f 2658 2684 2660
f 2684 2685 2660
f 2660 2685 2686
f 2660 2686 2662
f 2662 2686 2687
f 2662 2687 2664
f 2664 2687 2688
f 2664 2688 2666
f 2666 2688 2689
f 2666 2689 2668
f 2668 2689 2690
f 2668 2690 2670
f 2670 2690 2691
f 2670 2691 2672
f 2672 2691 2692
f 2672 2692 2674
f 2674 2692 2693
f 2674 2693 2676
f 2676 2693 2694
f 2676 2694 2681
f 2695 2696 2697
f 2697 2696 2698
f 2697 2698 2699
f 2700 2701 2702
f 2702 2701 2703
f 2702 2703 2704
f 2704 2703 2705
f 2704 2705 2698
f 2698 2705 2706
f 2698 2706 2699
f 2693 2692 2707
f 2707 2692 2708
f 2708 2692 2691
f 2708 2691 2709
f 2710 2696 2711
f 2711 2696 2695
f 2710 2712 2696
f 2696 2712 2684
f 2696 2684 2713
f 2713 2684 2683
f 2713 2683 2714
f 2682 2715 2683
f 2683 2715 2716
f 2683 2716 2717
f 2717 2718 2683
f 2683 2718 2719
f 2683 2719 2714
f 2707 2720 2693
f 2693 2720 2721
f 2693 2721 2694
f 2694 2721 2722
f 2694 2722 2681
f 2681 2722 2723
f 2681 2723 2682
f 2682 2723 2724
f 2682 2724 2715
f 2709 2691 2690
f 2684 2712 2725
f 2684 2725 2685
f 2726 2727 2728
f 2726 2728 2729
f 2730 2707 2731
f 2731 2707 2708
f 2730 2732 2707
f 2707 2732 2733
f 2707 2733 2720
f 2720 2733 2721
f 2690 2689 2734
f 2734 2735 2690
f 2690 2735 2729
f 2690 2729 2709
f 2709 2729 2728
f 2709 2728 2708
f 2708 2728 2736
f 2708 2736 2731
f 2688 2687 2737
f 2737 2738 2688
f 2688 2738 2739
f 2688 2739 2689
f 2689 2739 2740
f 2689 2740 2734
f 2725 2741 2685
f 2685 2741 2742
f 2685 2742 2686
f 2686 2742 2743
f 2686 2743 2687
f 2687 2743 2744
f 2687 2744 2737
f 2736 2728 2745
f 2746 2721 2747
f 2747 2721 2733
f 2747 2733 2748
f 2736 2745 2731
f 2745 2749 2731
f 2731 2749 2750
f 2731 2750 2730
f 2730 2750 2751
f 2730 2751 2732
f 2732 2751 2752
f 2732 2752 2733
f 2733 2752 2753
f 2733 2753 2748
f 2754 2745 2755
f 2755 2745 2756
f 2756 2745 2757
f 2757 2745 2728
f 2757 2728 2727
f 2758 2759 2760
f 2761 2762 2760
f 2760 2762 2763
f 2760 2763 2758
f 2761 2764 2762
f 2762 2764 2765
f 2762 2765 2766
f 2745 2754 2765
f 2765 2754 2767
f 2765 2767 2766
f 2768 2769 2770
f 2770 2769 2771
f 2770 2771 2746
f 2770 2772 2768
f 2768 2772 2773
f 2768 2773 2774
f 2774 2773 2775
f 2776 2777 2778
f 2750 2749 2779
f 2779 2749 2745
f 2780 2751 2750
f 2746 2747 2770
f 2770 2747 2748
f 2770 2748 2772
f 2772 2748 2753
f 2772 2753 2780
f 2780 2753 2752
f 2780 2752 2751
f 2745 2765 2779
f 2779 2765 2764
f 2779 2764 2781
f 2781 2764 2761
f 2781 2761 2776
f 2776 2761 2760
f 2776 2760 2777
f 2777 2760 2759
f 2750 2779 2780
f 2780 2779 2781
f 2780 2781 2772
f 2772 2781 2776
f 2772 2776 2773
f 2773 2776 2778
f 2773 2778 2775
f 2782 2783 2769
f 2759 2784 2777
f 2777 2784 2785
f 2777 2785 2778
f 2778 2785 2786
f 2778 2786 2775
f 2775 2786 2787
f 2775 2787 2774
f 2774 2787 2782
f 2774 2782 2768
f 2768 2782 2769
f 2788 2746 2783
f 2783 2746 2771
f 2783 2771 2769
f 2759 2758 2784
f 2784 2758 2789
f 2700 2702 2790
f 2700 2790 2791
f 2791 2790 2792
f 2791 2792 2793
f 2793 2792 2784
f 2793 2784 2789
f 2783 2794 2788
f 2795 2796 2797
f 2797 2796 2798
f 2798 2796 2799
f 2799 2796 2800
f 2799 2800 2801
f 2801 2800 2790
f 2801 2790 2702
f 2792 2802 2784
f 2784 2802 2785
f 2785 2802 2786
f 2786 2802 2803
f 2786 2803 2787
f 2794 2783 2803
f 2803 2783 2782
f 2803 2782 2787
f 2797 2788 2795
f 2795 2788 2794
f 2795 2794 2796
f 2796 2794 2803
f 2796 2803 2800
f 2800 2803 2802
f 2800 2802 2790
f 2790 2802 2792
f 2696 2713 2714
f 2804 2704 2698
f 2702 2704 2801
f 2801 2704 2804
f 2801 2804 2805
f 2806 2788 2797
f 2807 2806 2808
f 2808 2806 2797
f 2808 2797 2809
f 2809 2797 2798
f 2809 2798 2805
f 2805 2798 2799
f 2805 2799 2801
f 2724 2810 2715
f 2715 2810 2807
f 2715 2807 2716
f 2696 2714 2811
f 2811 2714 2719
f 2811 2719 2812
f 2812 2719 2718
f 2812 2718 2717
f 2807 2808 2716
f 2716 2808 2809
f 2716 2809 2717
f 2717 2809 2805
f 2717 2805 2812
f 2812 2805 2804
f 2812 2804 2811
f 2811 2804 2698
f 2811 2698 2696
f 2813 2814 2815
f 2813 2815 2816
f 2816 2815 2817
f 2816 2817 2818
f 2818 2817 2819
f 2818 2819 2820
f 2819 2821 2820
f 2820 2821 2822
f 2820 2822 2823
f 2824 2825 2826
f 2826 2825 2827
f 2826 2827 2828
f 2826 2829 2824
f 2824 2829 2830
f 2824 2830 2831
f 2831 2830 2832
f 2815 2814 2833
f 2822 2821 2834
f 2834 2821 2835
f 2834 2835 2836
f 2837 2838 2836
f 2828 2839 2826
f 2826 2839 2840
f 2826 2840 2829
f 2829 2840 2841
f 2829 2841 2837
f 2837 2841 2842
f 2837 2842 2838
f 2821 2819 2835
f 2835 2819 2817
f 2835 2817 2843
f 2843 2817 2815
f 2843 2815 2844
f 2844 2815 2833
f 2844 2833 2845
f 2836 2835 2837
f 2837 2835 2843
f 2837 2843 2829
f 2829 2843 2844
f 2829 2844 2830
f 2830 2844 2845
f 2830 2845 2832
f 2846 2822 2847
f 2847 2822 2834
f 2847 2834 2848
f 2848 2834 2836
f 2848 2836 2849
f 2849 2836 2838
f 2849 2838 2850
f 2838 2842 2850
f 2850 2842 2841
f 2850 2841 2851
f 2841 2840 2851
f 2851 2840 2839
f 2851 2839 2852
f 2852 2839 2828
f 2846 2853 2822
f 2822 2853 2823
f 2853 2846 2854
f 2853 2854 2855
f 2855 2854 2856
f 2855 2856 2857
f 2857 2856 2858
f 2857 2858 2859
f 2851 2860 2850
f 2850 2860 2861
f 2850 2861 2849
f 2849 2861 2848
f 2848 2861 2862
f 2848 2862 2847
f 2847 2862 2854
f 2847 2854 2846
f 2863 2864 2865
f 2865 2864 2858
f 2865 2858 2856
f 2852 2866 2867
f 2867 2866 2868
f 2867 2868 2863
f 2863 2868 2869
f 2863 2869 2864
f 2851 2852 2860
f 2860 2852 2867
f 2860 2867 2861
f 2861 2867 2863
f 2861 2863 2862
f 2862 2863 2865
f 2862 2865 2854
f 2854 2865 2856
f 2870 2871 2872
f 2873 2874 2875
f 2876 2877 2878
f 2866 2852 2877
f 2877 2876 2866
f 2866 2876 2879
f 2866 2879 2868
f 2868 2879 2880
f 2868 2880 2869
f 2869 2880 2881
f 2869 2881 2864
f 2870 2872 2882
f 2875 2874 2883
f 2883 2874 2884
f 2883 2884 2885
f 2885 2884 2882
f 2885 2882 2886
f 2886 2882 2872
f 2886 2872 2887
f 2858 2864 2887
f 2887 2864 2881
f 2887 2881 2886
f 2886 2881 2880
f 2886 2880 2885
f 2885 2880 2879
f 2885 2879 2883
f 2883 2879 2876
f 2883 2876 2875
f 2875 2876 2878
f 2875 2878 2873
f 2871 2888 2872
f 2872 2888 2889
f 2872 2889 2890
f 2890 2891 2872
f 2872 2891 2892
f 2872 2892 2887
f 2887 2892 2893
f 2887 2893 2858
f 2858 2893 2894
f 2858 2894 2859
f 2895 2896 2897
f 2897 2896 2898
f 2897 2898 2899
f 2899 2898 2900
f 2899 2900 2901
f 2901 2900 2902
f 2901 2902 2903
f 2903 2902 2904
f 2903 2904 2905
f 2905 2904 2906
f 2905 2906 2907
f 2907 2906 2908
f 2907 2908 2909
f 2909 2908 2910
f 2909 2910 2911
f 2911 2910 2912
f 2911 2912 2913
f 2913 2912 2914
f 2913 2914 2915
f 2915 2914 2916
f 2915 2916 2917
f 2917 2916 2918
f 2917 2918 2895
f 2895 2918 2896
f 2914 2919 2916
f 2916 2919 2920
f 2916 2920 2918
f 2918 2920 2921
f 2918 2921 2896
f 2896 2921 2922
f 2896 2922 2898
f 2898 2922 2923
f 2898 2923 2900
f 2900 2923 2924
f 2900 2924 2902
f 2924 2925 2902
f 2902 2925 2926
f 2902 2926 2904
f 2904 2926 2927
f 2904 2927 2906
f 2906 2927 2928
f 2906 2928 2908
f 2908 2928 2929
f 2908 2929 2910
f 2910 2929 2930
f 2910 2930 2912
f 2912 2930 2931
f 2912 2931 2914
f 2914 2931 2932
f 2914 2932 2919
f 2928 2933 2929
f 2929 2933 2934
f 2926 2935 2927
f 2927 2935 2936
f 2936 2937 2927
f 2927 2937 2938
f 2927 2938 2928
f 2928 2938 2939
f 2928 2939 2933
f 2925 2940 2926
f 2926 2940 2941
f 2926 2941 2935
f 2923 2922 2942
f 2943 2944 2942
f 2942 2944 2945
f 2942 2945 2923
f 2923 2945 2946
f 2923 2946 2924
f 2924 2946 2947
f 2924 2947 2925
f 2925 2947 2948
f 2925 2948 2940
f 2934 2949 2871
f 2871 2949 2950
f 2871 2950 2888
f 2934 2871 2929
f 2929 2871 2870
f 2929 2870 2930
f 2920 2951 2921
f 2921 2951 2952
f 2921 2952 2953
f 2942 2922 2954
f 2954 2922 2921
f 2954 2921 2955
f 2955 2921 2953
f 2931 2873 2932
f 2932 2873 2956
f 2932 2956 2919
f 2919 2956 2957
f 2919 2957 2920
f 2920 2957 2958
f 2920 2958 2951
f 2870 2882 2930
f 2930 2882 2884
f 2930 2884 2931
f 2931 2884 2874
f 2931 2874 2873
f 2721 2746 2722
f 2722 2746 2788
f 2788 2806 2722
f 2722 2806 2807
f 2722 2807 2723
f 2723 2807 2810
f 2723 2810 2724
f 2956 2873 2878
f 2828 2958 2957
f 2877 2852 2828
f 2877 2828 2878
f 2878 2828 2957
f 2878 2957 2956
f 2814 2942 2833
f 2833 2942 2954
f 2833 2954 2845
f 2958 2828 2951
f 2951 2828 2827
f 2951 2827 2952
f 2824 2831 2953
f 2953 2831 2955
f 2952 2827 2953
f 2953 2827 2825
f 2953 2825 2824
f 2955 2831 2954
f 2954 2831 2832
f 2954 2832 2845
f 2813 2959 2814
f 2814 2959 2960
f 2814 2960 2942
f 2942 2960 2961
f 2942 2961 2943
f 2962 2963 2964
f 2962 2964 2965
f 2965 2964 2966
f 2965 2966 2967
f 2967 2966 2968
f 2967 2968 2969
f 2969 2968 2970
f 2969 2970 2971
f 2971 2970 2972
f 2972 2970 2973
f 2972 2973 2974
f 2974 2973 2975
f 2974 2975 2976
f 2976 2975 2977
f 2976 2977 2978
f 2978 2977 2979
f 2978 2979 2980
f 2980 2979 2981
f 2980 2981 2982
f 2982 2981 2983
f 2982 2983 2984
f 2984 2983 2985
f 2984 2985 2986
f 2986 2985 2987
f 2986 2987 2988
f 2986 2988 2989
f 2989 2988 2990
f 2989 2990 2991
f 2991 2990 2992
f 2991 2992 2993
f 2993 2992 2994
f 2993 2994 2995
f 2996 2997 2998
f 2998 2997 2999
f 2998 2999 3000
f 3001 3002 3003
f 2996 2998 3002
f 3002 2998 3004
f 3002 3004 3003
f 3005 3006 3003
f 3003 3006 3007
f 3003 3007 3001
f 3008 3009 2996
f 2996 3009 2997
f 3008 2996 3010
f 3010 2996 3002
f 3010 3002 3011
f 3004 3012 3003
f 3003 3012 3013
f 3003 3013 3005
f 3005 3013 3014
f 3005 3014 3006
f 3006 3014 3015
f 3006 3015 3007
f 3007 3015 3016
f 3007 3016 3001
f 3001 3016 3017
f 3001 3017 3002
f 3002 3017 3011
f 3012 3004 3018
f 3018 3004 2998
f 3018 2998 3019
f 3019 2998 3020
f 3020 2998 3000
f 3021 3022 3023
f 3023 3022 3024
f 3023 3024 3025
f 3025 3024 3026
f 3025 3026 3027
f 3027 3026 3028
f 3027 3028 3029
f 3029 3028 3030
f 3029 3030 3031
f 3031 3030 3032
f 3031 3032 3033
f 3033 3032 3034
f 3033 3034 3035
f 3035 3034 3036
f 3035 3036 3037
f 3037 3036 3038
f 3037 3038 3039
f 3039 3038 3040
f 3039 3040 3041
f 3041 3040 3042
f 3041 3042 3043
f 3043 3042 3044
f 3043 3044 3045
f 3045 3044 3046
f 3045 3046 3021
f 3021 3046 3022
f 3047 3048 3042
f 3042 3048 3049
f 3042 3049 3044
f 3044 3049 3050
f 3044 3050 3046
f 3046 3050 3051
f 3046 3051 3022
f 3022 3051 3052
f 3022 3052 3024
f 3024 3052 3053
f 3024 3053 3026
f 3026 3053 3054
f 3026 3054 3028
f 3028 3054 3055
f 3028 3055 3030
f 3030 3055 3056
f 3030 3056 3032
f 3032 3056 3057
f 3032 3057 3034
f 3034 3057 3058
f 3034 3058 3036
f 3036 3058 3059
f 3036 3059 3038
f 3038 3059 3060
f 3038 3060 3040
f 3040 3060 3047
f 3040 3047 3042
f 3061 3059 3062
f 3062 3059 3058
f 3063 3064 3057
f 3057 3064 3065
f 3057 3065 3058
f 3058 3065 3066
f 3058 3066 3062
f 3056 3055 3067
f 3067 3068 3056
f 3056 3068 3069
f 3056 3069 3057
f 3057 3069 3070
f 3057 3070 3063
f 3071 3072 3073
f 3073 3072 3074
f 3075 3073 3054
f 3054 3073 3074
f 3054 3074 3055
f 3055 3074 3076
f 3055 3076 3067
f 3053 3052 3077
f 3077 3078 3053
f 3053 3078 3079
f 3053 3079 3054
f 3054 3079 3080
f 3054 3080 3075
f 3081 3082 3083
f 3084 3085 3086
f 3085 3084 3087
f 3088 3089 3090
f 3090 3089 3091
f 3092 3093 3094
f 3095 3096 3097
f 3097 3096 3098
f 3099 3100 3101
f 3101 3100 3102
f 3103 3104 3105
f 3105 3104 3106
f 3105 3106 3107
f 3087 3108 3085
f 3085 3108 3088
f 3085 3088 3086
f 3086 3088 3090
f 3086 3090 3106
f 3106 3090 3091
f 3106 3091 3107
f 3109 3110 3111
f 3111 3110 3112
f 3111 3112 3113
f 3114 3115 3116
f 3116 3115 3117
f 3081 3084 3082
f 3082 3084 3086
f 3082 3086 3083
f 3083 3086 3106
f 3083 3106 3118
f 3118 3106 3104
f 3118 3104 3119
f 3119 3104 3103
f 3119 3103 3120
f 3120 3103 3121
f 3120 3121 3101
f 3101 3121 3122
f 3101 3122 3099
f 3099 3122 3123
f 3093 3095 3094
f 3094 3095 3097
f 3094 3097 3124
f 3124 3097 3125
f 3111 3125 3109
f 3109 3125 3097
f 3109 3097 3126
f 3126 3097 3098
f 3126 3098 3127
f 3116 3110 3114
f 3114 3110 3109
f 3114 3109 3115
f 3115 3109 3126
f 3115 3126 3117
f 3117 3126 3127
f 3117 3127 3128
f 3128 3127 3098
f 3113 3081 3111
f 3111 3081 3083
f 3111 3083 3125
f 3125 3083 3118
f 3125 3118 3124
f 3124 3118 3119
f 3124 3119 3094
f 3094 3119 3120
f 3094 3120 3092
f 3092 3120 3101
f 3092 3101 3129
f 3129 3101 3102
f 3128 3098 3060
f 3093 3047 3095
f 3095 3047 3060
f 3095 3060 3096
f 3096 3060 3098
f 3130 3128 3131
f 3131 3128 3060
f 3131 3060 3132
f 3132 3060 3059
f 3132 3059 3061
f 3050 3133 3051
f 3051 3133 3134
f 3051 3134 3052
f 3052 3134 3135
f 3052 3135 3077
f 3049 3136 3050
f 3050 3136 3137
f 3050 3137 3133
f 3048 3100 3049
f 3049 3100 3138
f 3049 3138 3136
f 3093 3092 3047
f 3047 3092 3129
f 3047 3129 3048
f 3048 3129 3102
f 3048 3102 3100
f 3139 3140 3141
f 3141 3140 3142
f 3141 3142 3143
f 3143 3142 3144
f 3143 3144 3145
f 3145 3144 3146
f 3145 3146 3147
f 3147 3146 3148
f 3147 3148 3149
f 3149 3148 3150
f 3149 3150 3151
f 3151 3150 3152
f 3151 3152 3153
f 3153 3152 3154
f 3153 3154 3155
f 3155 3154 3156
f 3155 3156 3157
f 3157 3156 3158
f 3157 3158 3159
f 3159 3158 3160
f 3159 3160 3161
f 3161 3160 3162
f 3161 3162 3163
f 3163 3162 3164
f 3163 3164 3139
f 3139 3164 3140
f 3158 3165 3160
f 3160 3165 3166
f 3160 3166 3162
f 3162 3166 3167
f 3162 3167 3164
f 3164 3167 3168
f 3164 3168 3140
f 3140 3168 3169
f 3140 3169 3142
f 3142 3169 3170
f 3142 3170 3144
f 3144 3170 3171
f 3144 3171 3146
f 3146 3171 3172
f 3146 3172 3148
f 3148 3172 3173
f 3148 3173 3150
f 3150 3173 3174
f 3150 3174 3152
f 3152 3174 3175
f 3152 3175 3154
f 3154 3175 3176
f 3154 3176 3156
f 3156 3176 3177
f 3156 3177 3158
f 3158 3177 3178
f 3158 3178 3165
f 3179 3180 3181
f 3181 3180 3182
f 3183 3184 3185
f 3185 3184 3186
f 3185 3186 3187
f 3187 3186 3188
f 3187 3188 3182
f 3182 3188 3189
f 3182 3189 3181
f 3190 3191 3192
f 3193 3183 3192
f 3192 3183 3185
f 3192 3185 3190
f 3190 3185 3187
f 3190 3187 3194
f 3194 3187 3195
f 3195 3187 3182
f 3195 3182 3196
f 3196 3182 3197
f 3197 3182 3180
f 3197 3180 3198
f 3181 3189 3172
f 3181 3172 3179
f 3179 3172 3199
f 3199 3172 3171
f 3199 3171 3200
f 3200 3171 3170
f 3200 3170 3201
f 3201 3170 3169
f 3201 3169 3202
f 3202 3169 3168
f 3202 3168 3203
f 3203 3168 3167
f 3203 3167 3204
f 3167 3166 3204
f 3204 3166 3165
f 3204 3165 3205
f 3205 3165 3206
f 3206 3165 3178
f 3206 3178 3207
f 3207 3178 3177
f 3207 3177 3208
f 3208 3177 3176
f 3208 3176 3209
f 3209 3176 3175
f 3209 3175 3210
f 3210 3175 3174
f 3210 3174 3211
f 3186 3184 3173
f 3172 3189 3173
f 3173 3189 3188
f 3173 3188 3186
f 3211 3174 3212
f 3212 3174 3173
f 3212 3173 3213
f 3213 3173 3184
f 3213 3184 3183
f 3214 3215 3216
f 3216 3215 3213
f 3216 3213 3193
f 3193 3213 3183
f 3216 3193 3217
f 3217 3193 3192
f 3217 3192 3218
f 3191 3219 3192
f 3192 3219 3220
f 3192 3220 3218
f 3221 3222 3223
f 3224 3225 3226
f 3226 3225 3227
f 3226 3227 3223
f 3223 3227 3228
f 3223 3228 3221
f 3191 3229 3219
f 3219 3229 3225
f 3219 3225 3230
f 3191 3190 3229
f 3229 3190 3194
f 3229 3194 3195
f 3195 3196 3229
f 3229 3196 3197
f 3229 3197 3198
f 3231 3232 3224
f 3224 3232 3233
f 3224 3233 3225
f 3225 3233 3234
f 3225 3234 3230
f 3235 3236 3237
f 3238 3239 3240
f 3240 3239 3218
f 3240 3218 3220
f 3237 3236 3241
f 3241 3236 3242
f 3241 3242 3240
f 3240 3242 3243
f 3240 3243 3238
f 3231 3224 3226
f 3223 3235 3226
f 3226 3235 3237
f 3226 3237 3231
f 3231 3237 3241
f 3231 3241 3232
f 3232 3241 3233
f 3233 3241 3240
f 3233 3240 3234
f 3234 3240 3230
f 3230 3240 3220
f 3230 3220 3219
f 3244 3218 3239
f 3235 3245 3246
f 3243 3242 3246
f 3246 3242 3236
f 3246 3236 3235
f 3247 3248 3245
f 3245 3248 3249
f 3245 3249 3246
f 3246 3249 3250
f 3246 3250 3243
f 3243 3250 3251
f 3243 3251 3238
f 3238 3251 3252
f 3238 3252 3239
f 3239 3252 3253
f 3239 3253 3244
f 3254 3247 3255
f 3255 3247 3245
f 3255 3245 3256
f 3256 3245 3235
f 3256 3235 3223
f 3215 3257 3258
f 3258 3257 3259
f 3258 3259 3260
f 3260 3261 3262
f 3262 3261 3263
f 3262 3263 3264
f 3264 3263 3265
f 3264 3265 3266
f 3215 3214 3257
f 3257 3214 3216
f 3257 3216 3267
f 3267 3216 3217
f 3267 3217 3218
f 3254 3265 3247
f 3247 3265 3263
f 3247 3263 3248
f 3248 3263 3261
f 3248 3261 3249
f 3260 3259 3261
f 3261 3259 3250
f 3261 3250 3249
f 3218 3244 3267
f 3267 3244 3253
f 3267 3253 3257
f 3257 3253 3252
f 3257 3252 3259
f 3259 3252 3251
f 3259 3251 3250
f 3268 3269 3270
f 3271 3272 3273
f 3273 3272 3210
f 3273 3210 3211
f 3268 3274 3275
f 3275 3274 3271
f 3270 3276 3268
f 3268 3276 3277
f 3268 3277 3274
f 3215 3258 3278
f 3278 3258 3260
f 3278 3260 3262
f 3215 3278 3213
f 3213 3278 3279
f 3213 3279 3212
f 3280 3281 3282
f 3282 3281 3283
f 3282 3283 3264
f 3211 3212 3273
f 3273 3212 3279
f 3273 3279 3281
f 3281 3279 3278
f 3281 3278 3283
f 3283 3278 3262
f 3283 3262 3264
f 3271 3273 3275
f 3275 3273 3281
f 3275 3281 3268
f 3268 3281 3280
f 3268 3280 3269
f 3269 3280 3282
f 3269 3282 3284
f 3284 3282 3264
f 3284 3264 3266
f 3285 3270 3286
f 3286 3270 3269
f 3269 3284 3286
f 3286 3284 3266
f 3286 3266 3287
f 3287 3266 3265
f 3287 3265 3254
f 3287 3254 3288
f 3288 3254 3255
f 3288 3255 3289
f 3255 3256 3289
f 3289 3256 3223
f 3289 3223 3222
f 3290 3285 3286
f 3291 3292 3293
f 3293 3292 3290
f 3293 3290 3294
f 3294 3290 3286
f 3295 3296 3291
f 3296 3297 3291
f 3291 3297 3298
f 3291 3298 3292
f 3291 3299 3295
f 3295 3299 3300
f 3295 3300 3301
f 3301 3300 3302
f 3301 3302 3303
f 3303 3302 3304
f 3221 3228 3305
f 3286 3287 3294
f 3294 3287 3288
f 3294 3288 3293
f 3293 3288 3289
f 3293 3289 3291
f 3291 3289 3222
f 3291 3222 3299
f 3299 3222 3221
f 3299 3221 3300
f 3300 3221 3305
f 3300 3305 3302
f 3306 3307 3308
f 3309 3310 3311
f 3312 3313 3314
f 3315 3316 3317
f 3316 3318 3319
f 3319 3320 3316
f 3316 3320 3321
f 3316 3321 3317
f 3322 3323 3324
f 3324 3325 3322
f 3322 3325 3326
f 3322 3326 3317
f 3317 3326 3327
f 3317 3327 3315
f 3310 3328 3311
f 3311 3328 3329
f 3311 3329 3330
f 3331 3313 3332
f 3307 3306 3333
f 3333 3306 3334
f 3333 3334 3335
f 3335 3334 3336
f 3335 3336 3337
f 3338 3339 3337
f 3337 3339 3340
f 3337 3340 3335
f 3335 3340 3341
f 3335 3341 3333
f 3333 3341 3342
f 3333 3342 3307
f 3343 3344 3345
f 3320 3344 3321
f 3321 3344 3343
f 3321 3343 3317
f 3317 3343 3346
f 3317 3346 3322
f 3313 3312 3332
f 3332 3312 3347
f 3332 3347 3331
f 3331 3347 3348
f 3331 3348 3349
f 3342 3350 3307
f 3307 3350 3349
f 3307 3349 3308
f 3308 3349 3348
f 3308 3348 3351
f 3351 3348 3347
f 3351 3347 3352
f 3352 3347 3312
f 3352 3312 3309
f 3309 3312 3314
f 3309 3314 3310
f 3310 3314 3353
f 3310 3353 3328
f 3354 3324 3355
f 3355 3324 3323
f 3355 3323 3356
f 3356 3323 3322
f 3356 3322 3357
f 3357 3322 3346
f 3357 3346 3358
f 3358 3346 3343
f 3358 3343 3359
f 3359 3343 3345
f 3359 3345 3360
f 3338 3337 3361
f 3361 3337 3336
f 3361 3336 3362
f 3362 3336 3334
f 3362 3334 3360
f 3360 3334 3306
f 3360 3306 3359
f 3359 3306 3308
f 3359 3308 3358
f 3358 3308 3351
f 3358 3351 3357
f 3357 3351 3352
f 3357 3352 3356
f 3356 3352 3309
f 3356 3309 3355
f 3355 3309 3311
f 3355 3311 3354
f 3354 3311 3330
f 3354 3330 3363
f 3363 3330 3329
f 3363 3329 3364
f 3365 3366 3367
f 3367 3366 3368
f 3367 3368 3369
f 3369 3368 3370
f 3369 3370 3371
f 3371 3370 3372
f 3371 3372 3373
f 3373 3372 3374
f 3373 3374 3375
f 3375 3374 3376
f 3375 3376 3377
f 3377 3376 3378
f 3377 3378 3379
f 3379 3378 3380
f 3379 3380 3381
f 3381 3380 3382
f 3381 3382 3383
f 3383 3382 3384
f 3383 3384 3385
f 3385 3384 3386
f 3385 3386 3387
f 3387 3386 3388
f 3387 3388 3389
f 3389 3388 3390
f 3389 3390 3365
f 3365 3390 3366
f 3391 3392 3372
f 3372 3392 3393
f 3372 3393 3374
f 3374 3393 3394
f 3374 3394 3376
f 3376 3394 3395
f 3376 3395 3378
f 3378 3395 3396
f 3378 3396 3380
f 3380 3396 3397
f 3380 3397 3382
f 3382 3397 3398
f 3382 3398 3384
f 3384 3398 3399
f 3384 3399 3386
f 3386 3399 3400
f 3386 3400 3388
f 3388 3400 3401
f 3388 3401 3390
f 3390 3401 3402
f 3390 3402 3366
f 3366 3402 3403
f 3366 3403 3368
f 3368 3403 3404
f 3368 3404 3370
f 3370 3404 3391
f 3370 3391 3372
f 3405 3406 3407
f 3407 3408 3405
f 3405 3408 3394
f 3405 3394 3409
f 3409 3394 3393
f 3410 3411 3392
f 3392 3411 3412
f 3392 3412 3393
f 3393 3412 3413
f 3393 3413 3409
f 3410 3392 3414
f 3414 3392 3391
f 3414 3391 3415
f 3415 3391 3416
f 3416 3391 3404
f 3416 3404 3417
f 3417 3404 3418
f 3418 3404 3403
f 3418 3403 3419
f 3408 3420 3394
f 3394 3420 3421
f 3394 3421 3395
f 3395 3421 3422
f 3423 3396 3424
f 3424 3396 3395
f 3424 3395 3425
f 3425 3395 3422
f 3324 3402 3325
f 3325 3402 3401
f 3325 3401 3326
f 3324 3354 3402
f 3402 3354 3363
f 3402 3363 3364
f 3419 3403 3426
f 3426 3403 3402
f 3426 3402 3427
f 3427 3402 3364
f 3427 3364 3428
f 3400 3315 3401
f 3401 3315 3327
f 3401 3327 3326
f 3399 3429 3400
f 3400 3429 3316
f 3400 3316 3315
f 3430 3431 3399
f 3399 3431 3432
f 3399 3432 3429
f 3399 3398 3430
f 3430 3398 3397
f 3430 3397 3433
f 3433 3397 3434
f 3434 3397 3396
f 3434 3396 3423
f 3407 3406 3435
f 3435 3406 3436
f 3435 3436 3071
f 3071 3436 3072
f 3437 3438 3439
f 3439 3438 3440
f 3439 3440 3441
f 3441 3442 3443
f 3441 3443 3439
f 3439 3443 3444
f 3439 3444 3445
f 3445 3444 3446
f 3445 3446 3447
f 3447 3446 3448
f 3447 3448 3449
f 3449 3448 3130
f 3449 3130 3131
f 3296 3295 3450
f 3295 3301 3450
f 3450 3301 3303
f 3450 3303 3304
f 3296 3450 3451
f 3451 3450 3452
f 3451 3452 3453
f 3453 3452 3454
f 3453 3454 3455
f 3427 3428 3456
f 3456 3428 3457
f 3456 3457 3455
f 3455 3457 3458
f 3455 3458 3453
f 3459 3460 3461
f 3461 3460 3462
f 3461 3462 3463
f 3463 3462 3464
f 3464 3465 3463
f 3463 3465 3466
f 3463 3466 3467
f 3468 3469 3470
f 3470 3469 3471
f 3472 3473 3471
f 3471 3473 3474
f 3471 3474 3470
f 3463 3475 3476
f 3463 3476 3461
f 3461 3476 3477
f 3461 3477 3459
f 3475 3472 3476
f 3476 3472 3471
f 3476 3471 3477
f 3477 3471 3478
f 3468 3479 3469
f 3469 3479 3480
f 3469 3480 3481
f 3481 3482 3469
f 3469 3482 3483
f 3469 3483 3471
f 3471 3483 3484
f 3471 3484 3478
f 3485 3486 3487
f 3487 3486 3475
f 3487 3475 3463
f 3474 3473 3486
f 3486 3473 3472
f 3486 3472 3475
f 3486 3488 3474
f 3474 3488 3489
f 3474 3489 3470
f 3489 3490 3470
f 3470 3490 3491
f 3470 3491 3468
f 3468 3491 3479
f 3492 3493 3485
f 3485 3493 3494
f 3485 3494 3486
f 3486 3494 3495
f 3486 3495 3488
f 3496 3440 3438
f 3440 3496 3441
f 3441 3496 3497
f 3441 3497 3442
f 3442 3497 3498
f 3498 3497 3499
f 3498 3499 3500
f 3500 3499 3501
f 3500 3501 3502
f 3493 3492 3503
f 3504 3505 3506
f 3506 3505 3479
f 3506 3479 3491
f 3437 3504 3438
f 3438 3504 3506
f 3438 3506 3496
f 3496 3506 3491
f 3491 3490 3496
f 3496 3490 3489
f 3496 3489 3497
f 3497 3489 3488
f 3488 3495 3497
f 3497 3495 3494
f 3497 3494 3499
f 3499 3494 3493
f 3499 3493 3501
f 3501 3493 3503
f 3501 3503 3502
f 3507 3508 3509
f 3510 3511 3512
f 3513 3514 3515
f 3509 3508 3513
f 3513 3508 3516
f 3513 3516 3514
f 3517 3518 3519
f 3519 3518 3520
f 3521 3522 3518
f 3522 3523 3518
f 3518 3523 3524
f 3518 3524 3520
f 3525 3526 3527
f 3512 3528 3510
f 3510 3528 3529
f 3510 3529 3530
f 3530 3529 3525
f 3530 3525 3531
f 3531 3525 3527
f 3517 3507 3518
f 3518 3507 3509
f 3518 3509 3521
f 3521 3509 3513
f 3521 3513 3532
f 3532 3513 3515
f 3527 3523 3531
f 3531 3523 3522
f 3531 3522 3530
f 3530 3522 3521
f 3530 3521 3510
f 3510 3521 3532
f 3510 3532 3511
f 3511 3532 3515
f 3533 3534 3492
f 3492 3534 3516
f 3492 3516 3503
f 3517 3502 3507
f 3507 3502 3503
f 3507 3503 3508
f 3508 3503 3516
f 3533 3492 3535
f 3535 3492 3485
f 3485 3487 3535
f 3535 3487 3463
f 3535 3463 3467
f 3516 3534 3536
f 3516 3536 3514
f 3514 3536 3537
f 3514 3537 3515
f 3515 3537 3511
f 3511 3537 3538
f 3511 3538 3512
f 3539 3540 3541
f 3541 3540 3465
f 3541 3465 3464
f 3539 3542 3540
f 3540 3542 3543
f 3540 3543 3465
f 3465 3543 3544
f 3542 3512 3543
f 3543 3512 3538
f 3543 3538 3544
f 3544 3538 3537
f 3544 3537 3467
f 3467 3537 3536
f 3467 3536 3535
f 3535 3536 3534
f 3535 3534 3533
f 3541 3464 3462
f 3545 3539 3546
f 3546 3539 3541
f 3541 3462 3546
f 3546 3462 3460
f 3546 3460 3547
f 3548 3549 3550
f 3550 3549 3551
f 3550 3551 3552
f 3552 3551 3553
f 3552 3553 3554
f 3554 3553 3555
f 3554 3555 3556
f 3556 3555 3557
f 3556 3557 3558
f 3558 3557 3559
f 3558 3559 3560
f 3560 3559 3561
f 3560 3561 3562
f 3562 3561 3563
f 3562 3563 3564
f 3564 3563 3565
f 3566 3567 3568
f 3568 3567 3569
f 3568 3569 3570
f 3562 3564 3571
f 3571 3564 3565
f 3571 3565 3572
f 3562 3571 3573
f 3573 3571 3574
f 3573 3574 3575
f 3572 3567 3571
f 3571 3567 3566
f 3571 3566 3574
f 3574 3566 3576
f 3570 3545 3568
f 3568 3545 3546
f 3568 3546 3547
f 3547 3577 3568
f 3568 3577 3578
f 3568 3578 3566
f 3566 3578 3579
f 3566 3579 3576
f 3580 3575 3574
f 3574 3576 3580
f 3580 3576 3579
f 3580 3579 3578
f 3578 3577 3580
f 3580 3577 3547
f 3580 3547 3481
f 3481 3547 3460
f 3481 3460 3482
f 3477 3478 3459
f 3459 3478 3484
f 3459 3484 3460
f 3460 3484 3483
f 3460 3483 3482
f 3581 3582 3583
f 3581 3583 3584
f 3584 3583 3585
f 3584 3585 3586
f 3586 3585 3587
f 3586 3587 3588
f 3588 3587 3589
f 3588 3589 3590
f 3590 3589 3591
f 3591 3589 3592
f 3591 3592 3593
f 3593 3592 3594
f 3593 3594 3595
f 3595 3594 3596
f 3595 3596 3597
f 3597 3596 3598
f 3597 3598 3599
f 3599 3598 3600
f 3599 3600 3601
f 3601 3600 3602
f 3601 3602 3603
f 3603 3602 3604
f 3603 3604 3605
f 3605 3604 3606
f 3605 3606 3607
f 3605 3607 3608
f 3608 3607 3609
f 3608 3609 3610
f 3610 3609 3611
f 3610 3611 3612
f 3612 3611 3613
f 3612 3613 3614
f 3615 3616 3617
f 3617 3616 3618
f 3617 3618 3619
f 3619 3618 3620
f 3619 3620 3621
f 3621 3620 3622
f 3621 3622 3623
f 3623 3622 3624
f 3623 3624 3625
f 3625 3624 3626
f 3625 3626 3627
f 3627 3626 3628
f 3627 3628 3629
f 3629 3628 3630
f 3629 3630 3631
f 3631 3630 3632
f 3631 3632 3633
f 3633 3632 3634
f 3633 3634 3635
f 3635 3634 3636
f 3635 3636 3637
f 3637 3636 3638
f 3637 3638 3639
f 3639 3638 3640
f 3639 3640 3615
f 3615 3640 3616
f 3641 3642 3622
f 3622 3642 3643
f 3622 3643 3624
f 3624 3643 3644
f 3624 3644 3626
f 3626 3644 3645
f 3626 3645 3628
f 3628 3645 3646
f 3628 3646 3630
f 3630 3646 3647
f 3630 3647 3632
f 3632 3647 3648
f 3632 3648 3634
f 3634 3648 3649
f 3634 3649 3636
f 3636 3649 3650
f 3636 3650 3638
f 3638 3650 3651
f 3638 3651 3640
f 3640 3651 3652
f 3640 3652 3616
f 3616 3652 3653
f 3616 3653 3618
f 3618 3653 3654
f 3618 3654 3620
f 3620 3654 3641
f 3620 3641 3622
f 3655 3647 3656
f 3656 3647 3646
f 3656 3646 3657
f 3652 3658 3653
f 3653 3658 3659
f 3653 3659 3660
f 3649 3648 3661
f 3661 3662 3649
f 3649 3662 3663
f 3649 3663 3650
f 3650 3663 3664
f 3650 3664 3651
f 3651 3664 3665
f 3651 3665 3652
f 3652 3665 3666
f 3652 3666 3658
f 3655 3667 3647
f 3647 3667 3668
f 3647 3668 3648
f 3648 3668 3669
f 3648 3669 3661
f 3657 3646 3670
f 3670 3646 3645
f 3670 3645 3671
f 3671 3645 3672
f 3673 3644 3674
f 3674 3644 3643
f 3674 3643 3675
f 3672 3645 3676
f 3676 3645 3644
f 3676 3644 3677
f 3677 3644 3673
f 3677 3673 3678
f 3641 3679 3642
f 3642 3679 3680
f 3680 3681 3642
f 3642 3681 3682
f 3642 3682 3643
f 3643 3682 3683
f 3643 3683 3675
f 3654 3653 3660
f 3660 3684 3654
f 3654 3684 3685
f 3654 3685 3641
f 3641 3685 3686
f 3641 3686 3679
f 3687 3658 3688
f 3688 3658 3689
f 3684 3660 3687
f 3687 3660 3659
f 3687 3659 3658
f 3684 3687 3685
f 3685 3687 3690
f 3685 3690 3686
f 3686 3690 3691
f 3686 3691 3679
f 3692 3681 3680
f 3691 3693 3679
f 3679 3693 3694
f 3679 3694 3680
f 3680 3694 3695
f 3680 3695 3692
f 3696 3697 3698
f 3698 3697 3699
f 3698 3699 3700
f 3700 3699 3701
f 3700 3701 3702
f 3702 3701 3703
f 3702 3703 3704
f 3704 3703 3705
f 3704 3705 3706
f 3706 3705 3707
f 3706 3707 3708
f 3708 3707 3709
f 3708 3709 3710
f 3710 3709 3711
f 3710 3711 3712
f 3712 3711 3713
f 3712 3713 3714
f 3714 3713 3715
f 3714 3715 3716
f 3716 3715 3717
f 3716 3717 3718
f 3718 3717 3719
f 3718 3719 3720
f 3720 3719 3721
f 3720 3721 3696
f 3696 3721 3697
f 3722 3723 3717
f 3717 3723 3724
f 3717 3724 3719
f 3719 3724 3725
f 3719 3725 3721
f 3721 3725 3726
f 3721 3726 3697
f 3697 3726 3727
f 3697 3727 3699
f 3699 3727 3728
f 3699 3728 3701
f 3701 3728 3729
f 3701 3729 3703
f 3703 3729 3730
f 3703 3730 3705
f 3705 3730 3731
f 3705 3731 3707
f 3707 3731 3732
f 3707 3732 3709
f 3709 3732 3733
f 3709 3733 3711
f 3711 3733 3734
f 3711 3734 3713
f 3713 3734 3735
f 3713 3735 3715
f 3715 3735 3722
f 3715 3722 3717
f 3736 3737 3725
f 3734 3687 3738
f 3734 3738 3735
f 3725 3737 3726
f 3737 3739 3726
f 3726 3739 3740
f 3726 3740 3727
f 3727 3740 3741
f 3727 3741 3742
f 3736 3725 3743
f 3743 3725 3724
f 3743 3724 3744
f 3738 3689 3735
f 3735 3689 3745
f 3735 3745 3722
f 3722 3745 3746
f 3722 3746 3723
f 3723 3746 3747
f 3723 3747 3724
f 3724 3747 3748
f 3724 3748 3744
f 3687 3734 3690
f 3690 3734 3733
f 3690 3733 3691
f 3691 3733 3693
f 3693 3733 3732
f 3693 3732 3694
f 3694 3732 3695
f 3695 3732 3731
f 3695 3731 3692
f 3749 3750 3730
f 3730 3750 3751
f 3730 3751 3731
f 3731 3751 3752
f 3731 3752 3692
f 3753 3749 3754
f 3754 3749 3730
f 3754 3730 3755
f 3755 3730 3729
f 3755 3729 3756
f 3727 3742 3728
f 3728 3742 3757
f 3757 3758 3728
f 3728 3758 3759
f 3728 3759 3729
f 3729 3759 3760
f 3729 3760 3756
f 3743 3744 3761
f 3739 3737 3762
f 3762 3737 3761
f 3761 3737 3736
f 3761 3736 3743
f 3741 3740 3763
f 3762 3764 3739
f 3739 3764 3765
f 3739 3765 3740
f 3740 3765 3766
f 3740 3766 3763
f 3758 3757 3767
f 3767 3757 3742
f 3767 3742 3768
f 3768 3742 3741
f 3768 3741 3769
f 3769 3741 3763
f 3770 3761 3744
f 3662 3771 3663
f 3663 3771 3772
f 3744 3748 3770
f 3770 3748 3747
f 3770 3747 3773
f 3773 3747 3746
f 3773 3746 3774
f 3774 3746 3745
f 3774 3745 3689
f 3689 3658 3774
f 3774 3658 3666
f 3774 3666 3775
f 3775 3666 3665
f 3775 3665 3772
f 3772 3665 3664
f 3772 3664 3663
f 3671 3776 3670
f 3670 3776 3657
f 3657 3776 3656
f 3656 3776 3777
f 3656 3777 3655
f 3655 3777 3778
f 3655 3778 3667
f 3667 3778 3779
f 3667 3779 3668
f 3779 3780 3668
f 3668 3780 3781
f 3668 3781 3669
f 3669 3781 3782
f 3669 3782 3661
f 3661 3782 3771
f 3661 3771 3662
f 3783 3784 3785
f 3785 3784 3786
f 3785 3786 3787
f 3788 3789 3790
f 3788 3790 3791
f 3790 3792 3791
f 3791 3792 3793
f 3791 3793 3794
f 3794 3793 3795
f 3793 3796 3795
f 3795 3796 3797
f 3795 3797 3798
f 3797 3799 3798
f 3798 3799 3800
f 3798 3800 3785
f 3785 3800 3783
f 3801 3802 3803
f 3803 3802 3804
f 3803 3804 3805
f 3806 3807 3808
f 3808 3807 3809
f 3810 3808 3811
f 3811 3808 3809
f 3811 3809 3812
f 3812 3809 3807
f 3812 3807 3813
f 3813 3807 3806
f 3813 3806 3810
f 3810 3806 3808
f 3814 3812 3803
f 3803 3812 3813
f 3803 3813 3801
f 3801 3813 3810
f 3801 3810 3815
f 3814 3816 3812
f 3812 3816 3815
f 3812 3815 3811
f 3811 3815 3810
f 3817 3814 3805
f 3805 3814 3803
f 3805 3804 3818
f 3805 3818 3817
f 3817 3818 3819
f 3817 3819 3789
f 3789 3819 3820
f 3789 3820 3790
f 3804 3802 3818
f 3818 3802 3821
f 3818 3821 3819
f 3819 3821 3822
f 3819 3822 3820
f 3820 3822 3823
f 3824 3825 3826
f 3824 3826 3827
f 3827 3826 3828
f 3827 3828 3829
f 3829 3828 3830
f 3829 3830 3831
f 3832 3831 3833
f 3833 3831 3830
f 3833 3830 3834
f 3835 3834 3836
f 3836 3834 3837
f 3836 3837 3838
f 3838 3837 3839
f 3839 3837 3840
f 3839 3840 3841
f 3841 3840 3842
f 3842 3840 3843
f 3842 3843 3844
f 3844 3843 3845
f 3844 3845 3846
f 3834 3830 3837
f 3837 3830 3828
f 3837 3828 3840
f 3840 3828 3826
f 3840 3826 3843
f 3843 3826 3825
f 3843 3825 3845
f 3815 3822 3801
f 3801 3822 3821
f 3801 3821 3802
f 3847 3846 3815
f 3815 3846 3845
f 3815 3845 3822
f 3822 3845 3825
f 3822 3825 3823
f 3823 3825 3824
f 3823 3824 3848
f 3848 3824 3849
f 3849 3824 3827
f 3849 3827 3850
f 3850 3827 3829
f 3850 3829 3851
f 3851 3829 3831
f 3851 3831 3852
f 3852 3831 3853
f 3853 3831 3832
f 3853 3832 3854
f 3851 3852 3855
f 3853 3854 3856
f 3857 3858 3859
f 3859 3858 3860
f 3861 3862 3863
f 3796 3793 3864
f 3865 3799 3797
f 3783 3800 3866
f 3866 3800 3867
f 3868 3869 3870
f 3870 3871 3868
f 3868 3871 3786
f 3868 3786 3784
f 3784 3783 3868
f 3868 3783 3866
f 3868 3866 3869
f 3869 3866 3872
f 3869 3872 3873
f 3874 3875 3876
f 3876 3875 3877
f 3876 3877 3878
f 3878 3877 3861
f 3878 3861 3879
f 3879 3861 3863
f 3858 3880 3860
f 3860 3880 3881
f 3860 3881 3882
f 3882 3881 3883
f 3882 3883 3862
f 3862 3883 3884
f 3862 3884 3863
f 3885 3886 3887
f 3857 3859 3888
f 3888 3859 3889
f 3888 3889 3890
f 3890 3889 3885
f 3890 3885 3891
f 3891 3885 3887
f 3891 3887 3892
f 3893 3894 3895
f 3895 3894 3896
f 3895 3896 3897
f 3897 3896 3856
f 3897 3856 3898
f 3898 3856 3854
f 3851 3855 3850
f 3797 3796 3865
f 3865 3796 3864
f 3865 3864 3899
f 3899 3864 3900
f 3899 3900 3901
f 3901 3900 3902
f 3901 3902 3855
f 3855 3902 3903
f 3855 3903 3850
f 3852 3904 3855
f 3855 3904 3905
f 3855 3905 3901
f 3901 3905 3906
f 3901 3906 3899
f 3899 3906 3907
f 3899 3907 3865
f 3865 3907 3867
f 3865 3867 3799
f 3799 3867 3800
f 3894 3908 3896
f 3896 3908 3909
f 3896 3909 3856
f 3856 3909 3904
f 3856 3904 3853
f 3853 3904 3852
f 3908 3886 3909
f 3909 3886 3885
f 3909 3885 3904
f 3904 3885 3889
f 3904 3889 3905
f 3905 3889 3859
f 3905 3859 3906
f 3906 3859 3860
f 3906 3860 3907
f 3907 3860 3882
f 3907 3882 3867
f 3867 3882 3862
f 3867 3862 3866
f 3866 3862 3861
f 3866 3861 3872
f 3872 3861 3877
f 3872 3877 3873
f 3873 3877 3875
f 3897 3910 3895
f 3895 3910 3911
f 3895 3911 3893
f 3793 3792 3864
f 3864 3792 3900
f 3850 3903 3849
f 3849 3903 3902
f 3849 3902 3848
f 3820 3823 3790
f 3790 3823 3848
f 3790 3848 3792
f 3792 3848 3902
f 3792 3902 3900
f 3786 3871 3787
f 3910 3912 3911
f 3911 3912 3913
f 3898 3854 3832
f 3912 3910 3832
f 3832 3910 3897
f 3832 3897 3898
f 3835 3914 3834
f 3834 3914 3915
f 3834 3915 3833
f 3833 3915 3912
f 3833 3912 3832
f 3914 3916 3915
f 3915 3916 3917
f 3915 3917 3912
f 3912 3917 3913
f 3914 3918 3916
f 3916 3918 3919
f 3914 3835 3918
f 3918 3835 3920
f 3918 3920 3921
f 3921 3920 3922
f 3921 3922 3923
f 3923 3922 3924
f 3923 3924 3925
f 3841 3926 3927
f 3927 3926 3928
f 3927 3928 3929
f 3841 3842 3926
f 3926 3842 3844
f 3926 3844 3846
f 3929 3925 3927
f 3927 3925 3924
f 3927 3924 3841
f 3841 3924 3839
f 3839 3924 3838
f 3838 3924 3922
f 3838 3922 3836
f 3836 3922 3920
f 3836 3920 3835
f 3930 3931 3932
f 3930 3932 3933
f 3934 3935 3936
f 3936 3935 3923
f 3929 3928 3937
f 3923 3925 3936
f 3936 3925 3929
f 3936 3929 3938
f 3938 3929 3937
f 3928 3926 3937
f 3937 3926 3846
f 3937 3846 3847
f 3934 3933 3935
f 3935 3933 3932
f 3935 3932 3923
f 3923 3932 3921
f 3815 3816 3847
f 3847 3816 3939
f 3847 3939 3937
f 3937 3939 3940
f 3941 3931 3930
f 3941 3930 3942
f 3942 3930 3933
f 3942 3933 3943
f 3933 3934 3943
f 3943 3934 3936
f 3943 3936 3940
f 3940 3936 3938
f 3940 3938 3937
f 3944 3945 3946
f 3946 3945 3947
f 3946 3947 3948
f 3949 3950 3951
f 3949 3951 3952
f 3952 3951 3953
f 3952 3953 3954
f 3954 3953 3948
f 3954 3948 3947
f 3955 3956 3957
f 3950 3949 3958
f 3958 3949 3959
f 3958 3959 3957
f 3957 3959 3960
f 3957 3960 3955
f 3961 3962 3963
f 3961 3963 3964
f 3964 3963 3956
f 3964 3956 3955
f 3965 3966 3967
f 3968 3969 3970
f 3970 3969 3971
f 3967 3972 3965
f 3965 3972 3970
f 3965 3970 3973
f 3973 3970 3971
f 3969 3968 3974
f 3974 3968 3975
f 3974 3975 3976
f 3977 3976 3975
f 3975 3978 3977
f 3977 3978 3979
f 3977 3979 3980
f 3980 3979 3981
f 3980 3981 3982
f 3982 3981 3983
f 3983 3981 3984
f 3983 3984 3985
f 3985 3984 3986
f 3985 3986 3987
f 3987 3986 3988
f 3987 3988 3989
f 3989 3988 3990
f 3989 3990 3991
f 3991 3990 3992
f 3993 3994 3995
f 3996 3997 3998
f 3996 3998 3995
f 3995 3998 3999
f 3995 3999 3993
f 3994 4000 3995
f 3995 4000 4001
f 3995 4001 3996
f 3996 4001 4002
f 4003 4000 4004
f 4004 4000 3994
f 4004 3994 4005
f 4005 3994 3993
f 4005 3993 4006
f 4006 3993 4007
f 4008 4009 4010
f 4007 3993 4011
f 4011 3993 4008
f 4011 4008 4012
f 4012 4008 4010
f 4013 4014 4009
f 4009 4014 4015
f 4009 4015 4010
f 4009 4016 4013
f 4013 4016 4017
f 4013 4017 4018
f 4019 4020 4021
f 4021 4020 4022
f 4021 4022 4023
f 4023 4022 4024
f 4023 4024 4025
f 4025 4024 4026
f 4025 4026 4027
f 4027 4026 4028
f 4029 4030 4031
f 4031 4030 4032
f 4033 4029 4034
f 4034 4029 4031
f 4034 4031 4035
f 4035 4031 4032
f 4035 4032 4036
f 4036 4032 4030
f 4036 4033 4035
f 4035 4033 4034
f 4030 4037 4036
f 4036 4037 4038
f 4036 4038 4033
f 4033 4038 4039
f 4033 4039 4029
f 4029 4039 4040
f 4029 4040 4030
f 4030 4040 4041
f 4030 4041 4037
f 4042 4027 4038
f 4038 4027 4028
f 4038 4028 4039
f 4038 4037 4042
f 4042 4037 4043
f 4021 4023 4043
f 4043 4023 4042
f 4042 4023 4025
f 4042 4025 4027
f 4021 4043 4019
f 4019 4043 4044
f 4019 4044 4045
f 4045 4044 4046
f 4045 4046 4047
f 4047 4046 4048
f 4047 4048 4049
f 4049 4048 4050
f 4049 4050 4051
f 4050 4052 4051
f 4051 4052 4053
f 4051 4053 4054
f 4054 4053 4055
f 4054 4055 4056
f 4056 4055 4057
f 4056 4057 4058
f 4059 4060 4057
f 4057 4060 4061
f 4057 4061 4058
f 4004 4005 4003
f 4003 4005 4062
f 4003 4062 4063
f 4064 4014 4013
f 4020 4019 4065
f 4065 4019 4045
f 4065 4045 4066
f 4066 4045 4047
f 4066 4047 4067
f 4067 4047 4049
f 4064 4013 4065
f 4065 4013 4018
f 4065 4018 4020
f 4068 4060 4059
f 4069 4070 4071
f 4071 4070 4072
f 4071 4072 4073
f 4074 4075 4070
f 4070 4075 4072
f 4076 4077 4078
f 4079 4080 4081
f 4082 4083 4084
f 4085 4086 4087
f 4088 4089 4090
f 4015 4014 4064
f 4051 4054 4091
f 4068 4092 4093
f 4058 4061 4093
f 4093 4061 4060
f 4093 4060 4068
f 4051 4091 4049
f 4094 4012 4010
f 4010 4015 4094
f 4094 4015 4064
f 4094 4064 4095
f 4095 4064 4065
f 4095 4065 4096
f 4096 4065 4066
f 4096 4066 4091
f 4091 4066 4067
f 4091 4067 4049
f 4007 4011 4097
f 4097 4011 4098
f 4006 4099 4005
f 4005 4099 4090
f 4005 4090 4062
f 4062 4090 4089
f 4062 4089 4063
f 4100 4101 4102
f 4102 4101 4103
f 4102 4103 4104
f 4104 4103 4105
f 4084 4106 4082
f 4082 4106 4075
f 4082 4075 4100
f 4100 4075 4074
f 4100 4074 4101
f 4081 4107 4079
f 4079 4107 4108
f 4079 4108 4109
f 4109 4108 4110
f 4109 4110 4083
f 4083 4110 4111
f 4083 4111 4084
f 4112 4076 4113
f 4113 4076 4078
f 4113 4078 4080
f 4080 4078 4114
f 4080 4114 4081
f 4115 4116 4092
f 4092 4116 4117
f 4092 4117 4093
f 4093 4117 4056
f 4093 4056 4058
f 4006 4007 4099
f 4099 4007 4097
f 4099 4097 4090
f 4090 4097 4087
f 4090 4087 4088
f 4088 4087 4086
f 4011 4012 4098
f 4098 4012 4094
f 4098 4094 4118
f 4118 4094 4095
f 4118 4095 4119
f 4119 4095 4096
f 4119 4096 4120
f 4120 4096 4091
f 4120 4091 4117
f 4117 4091 4054
f 4117 4054 4056
f 4115 4112 4116
f 4116 4112 4113
f 4116 4113 4117
f 4117 4113 4080
f 4117 4080 4120
f 4120 4080 4079
f 4120 4079 4119
f 4119 4079 4109
f 4119 4109 4118
f 4118 4109 4083
f 4118 4083 4098
f 4098 4083 4082
f 4098 4082 4097
f 4097 4082 4100
f 4097 4100 4087
f 4087 4100 4102
f 4087 4102 4085
f 4085 4102 4104
f 4121 3991 3992
f 3767 4092 4068
f 3869 3873 4122
f 4122 3873 3875
f 4122 3875 3874
f 4077 4076 4123
f 4123 4076 4112
f 4123 4112 3767
f 3767 4112 4115
f 3767 4115 4092
f 4068 4059 3767
f 3767 4059 4057
f 3767 4057 4055
f 3676 3677 4124
f 4048 4046 4125
f 4125 4046 4044
f 3794 3795 3776
f 3776 3795 3798
f 3776 3798 3785
f 3869 4122 3870
f 3870 4122 3776
f 3870 3776 3871
f 3871 3776 3785
f 3871 3785 3787
f 4126 4127 3814
f 4128 4129 3794
f 3682 3681 4130
f 4130 3681 4131
f 4124 3677 4132
f 4132 3677 3678
f 4132 3678 4133
f 4133 3678 3673
f 4133 3673 4134
f 4134 3673 3674
f 4134 3674 4135
f 4136 4137 3760
f 4138 4037 4041
f 3962 3961 4139
f 4139 3941 3962
f 3962 3941 3942
f 3962 3942 4140
f 4140 3942 3943
f 4140 3943 4141
f 4141 3943 3940
f 4141 3940 4142
f 4142 3940 3939
f 4142 3939 4127
f 4127 3939 3816
f 4127 3816 3814
f 3776 3671 3794
f 3794 3671 3672
f 3794 3672 3676
f 3749 3753 4143
f 4143 3753 3754
f 4143 3754 4144
f 4144 3754 3755
f 4144 3755 4145
f 4145 3755 3756
f 4145 3756 4146
f 4146 3756 3760
f 4146 3760 4147
f 4147 3760 4137
f 4138 4041 4148
f 4148 4041 4149
f 4148 4149 4150
f 4150 4149 4151
f 4150 4151 4152
f 4152 4151 4153
f 4152 4153 3992
f 3992 4153 4154
f 3992 4154 4121
f 4124 4155 3676
f 3676 4155 4156
f 3676 4156 3794
f 3794 4156 4157
f 3794 4157 4128
f 3814 3817 4126
f 4126 3817 3789
f 4126 3789 4158
f 4158 3789 3788
f 4158 3788 4159
f 4159 3788 3791
f 4159 3791 4160
f 4160 3791 3794
f 4160 3794 4161
f 4161 3794 4129
f 4135 3674 4162
f 4162 3674 3675
f 4162 3675 4130
f 4130 3675 3683
f 4130 3683 3682
f 4055 4053 4163
f 4163 4053 4052
f 4163 4052 4164
f 4164 4052 4050
f 4164 4050 4165
f 4165 4050 4048
f 4165 4048 4166
f 4166 4048 4125
f 4044 4043 4125
f 4125 4043 4037
f 4125 4037 4167
f 4167 4037 4138
f 4143 4168 3749
f 3749 4168 4169
f 3749 4169 3750
f 3750 4169 4170
f 3750 4170 3751
f 3751 4170 4171
f 3751 4171 3752
f 3752 4171 3692
f 4171 4172 3692
f 3692 4172 4173
f 3692 4173 3681
f 3681 4173 4174
f 3681 4174 4131
f 3758 3767 3759
f 3759 3767 4055
f 3759 4055 3760
f 3760 4055 4163
f 3760 4163 4136
f 4041 4040 4175
f 4041 4175 4149
f 4149 4175 4176
f 4149 4176 4151
f 4176 4177 4151
f 4151 4177 4178
f 4151 4178 4153
f 4153 4178 4179
f 4153 4179 4154
f 4154 4179 4180
f 4154 4180 4181
f 4178 4182 4183
f 4175 4184 4176
f 4176 4184 4185
f 4176 4185 4177
f 4185 4186 4177
f 4177 4186 4187
f 4177 4187 4178
f 4178 4187 4188
f 4178 4188 4182
f 4179 4189 4180
f 4180 4189 4190
f 4180 4190 4181
f 4179 4178 4189
f 4189 4178 4183
f 4189 4183 4190
f 4190 4183 4191
f 4184 4175 4040
f 4039 4028 4026
f 4039 4026 4040
f 4040 4026 4024
f 4040 4024 4022
f 4184 4040 4192
f 4192 4040 4193
f 4193 4040 4022
f 4193 4022 4017
f 4017 4022 4020
f 4017 4020 4018
f 4194 4192 4195
f 4195 4192 4193
f 4195 4193 4016
f 4016 4193 4017
f 4196 4197 4194
f 4194 4197 4198
f 4194 4198 4192
f 4192 4198 4199
f 4192 4199 4184
f 3998 4200 3999
f 3999 4200 4201
f 3999 4201 3993
f 3993 4201 4008
f 4200 4202 4201
f 4201 4202 4203
f 4201 4203 4008
f 4008 4203 4009
f 4016 4009 4195
f 4195 4009 4203
f 4195 4203 4194
f 4194 4203 4202
f 4194 4202 4196
f 4196 4202 4200
f 4196 4200 4204
f 4204 4200 3998
f 4204 3998 3997
f 4199 4185 4184
f 4204 3997 4205
f 4206 4196 4207
f 4207 4196 4204
f 4207 4204 4208
f 4208 4204 4205
f 4208 4205 4191
f 4185 4199 4186
f 4186 4199 4198
f 4186 4198 4206
f 4206 4198 4197
f 4206 4197 4196
f 4191 4183 4208
f 4208 4183 4182
f 4208 4182 4207
f 4207 4182 4188
f 4207 4188 4206
f 4206 4188 4187
f 4206 4187 4186
f 3997 3996 4205
f 4205 3996 4209
f 4205 4209 4191
f 4209 3996 4210
f 4210 3996 4002
f 4211 4212 4213
f 4214 4215 4216
f 4211 4213 4217
f 4217 4213 4218
f 4217 4218 4216
f 4216 4218 4219
f 4216 4219 4214
f 4220 4221 4222
f 4214 4223 4215
f 4215 4223 4224
f 4215 4224 4222
f 4222 4224 4225
f 4222 4225 4220
f 4226 4227 4228
f 4220 4229 4221
f 4221 4229 4230
f 4221 4230 4228
f 4228 4230 4231
f 4228 4231 4226
f 4209 4210 4232
f 4232 4210 4233
f 4226 4234 4227
f 4227 4234 4235
f 4227 4235 4233
f 4233 4235 4236
f 4233 4236 4232
f 3965 3973 4230
f 4191 4209 4190
f 4190 4209 4232
f 4190 4232 4181
f 3987 3989 4181
f 3987 4181 3985
f 3989 3991 4181
f 4181 3991 4121
f 4181 4121 4154
f 4232 4236 4181
f 4181 4236 4235
f 4181 4235 3985
f 3985 4235 4234
f 3985 4234 3983
f 3983 4234 4226
f 3983 4226 3982
f 4230 3973 4231
f 4231 3973 3971
f 4231 3971 4226
f 3971 3969 4226
f 4226 3969 3974
f 4226 3974 3976
f 3976 3977 4226
f 4226 3977 3980
f 4226 3980 3982
f 3965 4230 3966
f 3966 4230 4229
f 3966 4229 4237
f 4229 4220 4237
f 4237 4220 4225
f 4237 4225 4238
f 4238 4225 4224
f 4238 4224 4239
f 4239 4224 4240
f 4224 4223 4240
f 4240 4223 4214
f 4240 4214 4241
f 4241 4214 4219
f 4219 4218 4241
f 4241 4218 4213
f 4241 4213 4242
f 4242 4213 4212
f 4242 4212 4243
f 4244 4245 4246
f 4244 4246 4247
f 4247 4246 4248
f 4247 4248 4249
f 4249 4248 4250
f 4249 4250 4251
f 4251 4250 4252
f 4251 4252 4253
f 4253 4252 4243
f 4253 4243 4212
f 4212 4211 4254
f 4212 4254 4253
f 4253 4254 4255
f 4253 4255 4251
f 4251 4255 4256
f 4251 4256 4249
f 4249 4256 4257
f 4249 4257 4247
f 4247 4257 4258
f 4247 4258 4244
f 4259 4260 4261
f 4261 4262 4259
f 4259 4262 4263
f 4259 4263 4264
f 4264 4263 4265
f 4264 4265 4266
f 4266 4265 4267
f 4266 4267 4268
f 4269 4270 4271
f 4269 4271 4272
f 4272 4271 4273
f 4272 4273 4274
f 4274 4273 4275
f 4274 4275 4276
f 4276 4275 4277
f 4276 4277 4278
f 4278 4277 4279
f 4278 4279 4280
f 4280 4279 4281
f 4280 4281 4282
f 4282 4281 4268
f 4282 4268 4267
f 4267 4283 4282
f 4282 4283 4284
f 4282 4284 4280
f 4280 4284 4285
f 4280 4285 4278
f 4278 4285 4286
f 4278 4286 4276
f 4276 4286 4287
f 4276 4287 4274
f 4274 4287 4288
f 4274 4288 4272
f 4272 4288 4289
f 4272 4289 4269
f 4269 4289 4290
f 4283 4267 4265
f 4283 4265 4291
f 4291 4265 4263
f 4291 4263 4292
f 4292 4263 4262
f 4292 4262 4293
f 4293 4262 4261
f 4293 4261 4294
f 4294 4261 4258
f 4258 4261 4244
f 3614 3613 4260
f 4260 3613 4245
f 4260 4245 4261
f 4261 4245 4244
f 3605 4268 3603
f 3603 4268 4281
f 3603 4281 3601
f 3601 4281 4279
f 3601 4279 3599
f 3599 4279 4277
f 3599 4277 3597
f 4295 4296 3581
f 4260 4259 3614
f 3614 4259 4264
f 3614 4264 3612
f 3612 4264 4266
f 3612 4266 3610
f 3610 4266 4268
f 3610 4268 3608
f 3608 4268 3605
f 4295 3581 4297
f 3597 4277 3595
f 3595 4277 4275
f 3595 4275 3593
f 3593 4275 4273
f 3593 4273 3591
f 3591 4273 4271
f 3591 4271 3590
f 3590 4271 4270
f 3590 4270 3588
f 4297 3581 4298
f 4298 3581 3584
f 4298 3584 4270
f 4270 3584 3586
f 4270 3586 3588
f 4270 4269 4299
f 4270 4299 4298
f 4298 4299 4300
f 4298 4300 4297
f 4297 4300 4301
f 4297 4301 4295
f 4295 4301 4302
f 4295 4302 4296
f 4303 4302 4301
f 4303 4301 4304
f 4304 4301 4300
f 4304 4300 4305
f 4305 4300 4299
f 4305 4299 4306
f 4306 4299 4269
f 4306 4269 4290
f 4303 4307 4302
f 4302 4307 4308
f 4302 4308 4309
f 4309 4310 4302
f 4302 4310 4311
f 4302 4311 4296
f 4296 4311 3582
f 4296 3582 3581
f 3074 3072 3436
f 3009 3067 2997
f 2997 3067 3076
f 3411 4312 3412
f 3412 4312 3020
f 3436 3406 3405
f 3076 3074 2997
f 2997 3074 3436
f 2997 3436 2999
f 2999 3436 3405
f 2999 3405 3000
f 3000 3405 3409
f 3000 3409 3020
f 3020 3409 3413
f 3020 3413 3412
f 3225 3229 3227
f 3227 3229 4313
f 4314 4315 4316
f 4316 4315 3227
f 4316 3227 4317
f 4317 3227 4313
f 3228 3227 3305
f 3305 3227 4315
f 3305 4315 3302
f 3302 4315 4318
f 3454 3452 4319
f 4319 3452 3450
f 4319 3450 4318
f 4318 3450 3304
f 4318 3304 3302
f 3411 3410 4312
f 4312 3410 3414
f 4312 3414 4320
f 3414 3415 4320
f 4320 3415 3416
f 4320 3416 3417
f 3417 3418 4320
f 4320 3418 3419
f 4320 3419 3426
f 3454 4319 3455
f 3455 4319 4320
f 3455 4320 3456
f 3456 4320 3426
f 3456 3426 3427
f 3132 3061 4321
f 4321 3061 3062
f 4321 3062 3066
f 3063 4322 3064
f 3064 4322 4321
f 3064 4321 3065
f 3065 4321 3066
f 3063 3070 4322
f 4322 3070 3069
f 4322 3069 3009
f 3009 3069 3068
f 3009 3068 3067
f 3131 3132 3449
f 3449 3132 4321
f 3449 4321 3447
f 3447 4321 4323
f 3447 4323 3445
f 4324 3437 4323
f 4323 3437 3439
f 4323 3439 3445
f 4310 3479 4325
f 4325 3479 3505
f 4325 3505 4324
f 4324 3505 3504
f 4324 3504 3437
f 3580 3481 4307
f 4307 3481 3480
f 4307 3480 4308
f 4308 3480 3479
f 4308 3479 4309
f 4309 3479 4310
f 4313 4326 4317
f 4317 4326 4327
f 4317 4327 4316
f 4328 4314 4316
f 2995 2994 4329
f 4329 2994 4328
f 4329 4328 4327
f 4327 4328 4316
f 4330 4331 4332
f 4330 4332 4333
f 4333 4332 4334
f 4333 4334 4335
f 4335 4334 4336
f 4335 4336 4337
f 4337 4336 4329
f 4337 4329 4327
f 4338 4330 4333
f 4338 4333 4339
f 4339 4333 4335
f 4339 4335 4340
f 4340 4335 4337
f 4340 4337 4341
f 4341 4337 4327
f 4341 4327 4326
f 4330 4338 4342
f 4342 4338 4343
f 4342 4343 4344
f 4344 4343 4345
f 4344 4345 4346
f 4346 4345 4347
f 4346 4347 4348
f 4348 4347 4349
f 4348 4349 4350
f 4350 4349 4351
f 4350 4351 4352
f 4352 4351 4353
f 4352 4353 4354
f 4354 4353 4355
f 4354 4356 4352
f 4352 4356 4357
f 4352 4357 4350
f 4350 4357 4358
f 4350 4358 4348
f 4348 4358 4359
f 4348 4359 4346
f 4346 4359 4360
f 4346 4360 4344
f 4344 4360 4361
f 4344 4361 4342
f 4342 4361 4362
f 4342 4362 4330
f 4330 4362 4331
f 2969 2971 4356
f 4363 2962 4364
f 4364 2962 4365
f 4356 2971 4357
f 4357 2971 2972
f 4357 2972 4358
f 4358 2972 2974
f 4358 2974 4359
f 4359 2974 2976
f 4359 2976 4360
f 2976 2978 4360
f 4360 2978 2980
f 4360 2980 4361
f 4361 2980 2982
f 4361 2982 4362
f 4362 2982 2984
f 4362 2984 4331
f 4331 2984 2986
f 4365 2962 4366
f 4366 2962 2965
f 4366 2965 4356
f 4356 2965 2967
f 4356 2967 2969
f 4329 4336 2995
f 2995 4336 4334
f 2995 4334 2993
f 2993 4334 4332
f 2993 4332 2991
f 2991 4332 4331
f 2991 4331 2989
f 2989 4331 2986
f 4367 4368 4363
f 4363 4364 4367
f 4367 4364 4365
f 4367 4365 4369
f 4369 4365 4366
f 4369 4366 4370
f 4370 4366 4356
f 4370 4356 4354
f 4371 4368 4367
f 4371 4367 4372
f 4372 4367 4369
f 4372 4369 4373
f 4373 4369 4370
f 4373 4370 4374
f 4374 4370 4354
f 4374 4354 4355
f 4368 4371 4375
f 4375 4371 4376
f 4368 4375 4363
f 4363 4375 4377
f 4363 4377 2962
f 2962 4377 2963
f 4378 4379 4380
f 4378 4380 4381
f 4381 4380 4382
f 4381 4382 4383
f 4383 4382 4384
f 4383 4384 4385
f 4385 4384 4386
f 4385 4386 4387
f 4387 4386 4377
f 4387 4377 4375
f 4388 4378 4381
f 4388 4381 4389
f 4389 4381 4383
f 4389 4383 4390
f 4390 4383 4385
f 4390 4385 4391
f 4391 4385 4387
f 4391 4387 4392
f 4392 4387 4375
f 4392 4375 4376
f 3919 3918 4393
f 3919 4393 4394
f 4393 4395 4394
f 4394 4395 4396
f 4394 4396 4397
f 4396 4398 4397
f 4397 4398 4399
f 4397 4399 4400
f 4399 4401 4400
f 4400 4401 4402
f 4400 4402 4403
f 4402 4404 4403
f 4403 4404 4405
f 4403 4405 4406
f 4405 4407 4406
f 4406 4407 4408
f 4406 4408 4409
f 4408 4410 4409
f 4409 4410 4411
f 4409 4411 4412
f 4411 4413 4412
f 4412 4413 4414
f 4412 4414 4415
f 4414 4416 4415
f 4415 4416 4378
f 4415 4378 4388
f 4379 4378 4416
f 4379 4416 4417
f 4417 4416 4414
f 4417 4414 4418
f 4418 4414 4413
f 4418 4413 4419
f 4413 4411 4419
f 4419 4411 4410
f 4419 4410 4420
f 4410 4408 4420
f 4420 4408 4407
f 4420 4407 4421
f 4407 4405 4421
f 4421 4405 4404
f 4421 4404 4422
f 4422 4404 4402
f 4422 4402 4423
f 3952 3954 4399
f 3954 3947 4399
f 4399 3947 3945
f 4399 3945 4401
f 4401 3945 4424
f 4401 4424 4402
f 4402 4424 4425
f 4402 4425 4423
f 3961 3931 4139
f 4139 3931 3941
f 3961 3964 3931
f 3931 3964 3955
f 3931 3955 4396
f 4396 3955 3960
f 4396 3960 4398
f 4398 3960 3959
f 4398 3959 4399
f 4399 3959 3949
f 4399 3949 3952
f 4396 4395 3931
f 3931 4395 4393
f 3931 4393 3932
f 3932 4393 3918
f 3932 3918 3921
f 3945 3944 4424
f 4424 3944 4426
f 4424 4426 4425
f 4425 4426 4427
f 4425 4427 4423
f 4423 4427 4428
f 4423 4428 4422
f 4429 4168 4143
f 3968 3970 4430
f 4430 3970 3972
f 4430 3972 3967
f 3981 3979 4431
f 4431 3979 3978
f 4431 3978 4430
f 4430 3978 3975
f 4430 3975 3968
f 3990 4432 3992
f 3992 4432 4433
f 3990 3988 4432
f 4432 3988 3986
f 4432 3986 4431
f 4431 3986 3984
f 4431 3984 3981
f 4148 4150 4433
f 4433 4150 4152
f 4433 4152 3992
f 2959 2813 4434
f 4434 2813 2816
f 4434 2816 4435
f 4435 2816 2818
f 4435 2818 2820
f 2820 2823 4435
f 4435 2823 4167
f 4435 4167 4436
f 4436 4167 4138
f 4436 4138 4437
f 4437 4138 4148
f 4437 4148 4438
f 4438 4148 4433
f 2823 2853 4167
f 4167 2853 2855
f 4167 2855 4125
f 4125 2855 2857
f 4125 2857 4166
f 4166 2857 2859
f 4166 2859 4165
f 4165 2859 2894
f 4165 2894 4164
f 4164 2894 2893
f 4164 2893 4163
f 2893 2892 4163
f 4163 2892 2891
f 4163 2891 4136
f 4136 2891 2890
f 4136 2890 4137
f 4137 2890 2889
f 4137 2889 4147
f 4147 2889 2888
f 4147 2888 4146
f 2888 2950 4146
f 4146 2950 2949
f 4146 2949 4145
f 4145 2949 2934
f 4145 2934 4144
f 4144 2934 2933
f 4144 2933 4143
f 4143 2933 2939
f 4143 2939 2938
f 4439 4440 2937
f 2937 4440 4441
f 2937 4441 2938
f 4439 2937 4442
f 4442 2937 2936
f 4442 2936 4443
f 4443 2936 2935
f 4443 2935 4444
f 4444 2935 2941
f 4444 2941 4445
f 2941 2940 4445
f 4445 2940 2948
f 4445 2948 4446
f 4446 2948 2947
f 2944 4447 2945
f 2945 4447 4448
f 2945 4448 2946
f 4429 4143 4449
f 2938 4441 4143
f 4143 4441 4450
f 4143 4450 4449
f 4451 4452 4448
f 4448 4452 4453
f 4448 4453 2946
f 2946 4453 4454
f 2946 4454 2947
f 2947 4454 4455
f 2947 4455 4446
f 2944 2943 4447
f 4447 2943 2961
f 4447 2961 4456
f 4456 2961 2960
f 4456 2960 4457
f 4457 2960 2959
f 4457 2959 4458
f 4458 2959 4434
f 4459 4460 4132
f 4461 4462 3958
f 3958 3957 4461
f 4461 3957 3956
f 4461 3956 4463
f 4463 3956 3963
f 4463 3963 3962
f 3953 3951 4462
f 4462 3951 3950
f 4462 3950 3958
f 4428 4427 4464
f 4464 4427 4426
f 4426 3944 4464
f 4464 3944 3946
f 4464 3946 4462
f 4462 3946 3948
f 4462 3948 3953
f 2735 2734 4465
f 2757 2727 4466
f 4466 2727 2726
f 4466 2726 4465
f 4465 2726 2729
f 4465 2729 2735
f 4467 4468 2740
f 2740 4468 4469
f 2740 4469 2734
f 2734 4469 4470
f 2734 4470 4465
f 4465 4470 4471
f 4465 4471 2649
f 2740 2739 4467
f 4467 2739 2738
f 4467 2738 4472
f 4472 2738 2737
f 4472 2737 4473
f 4473 2737 4474
f 2737 2744 4474
f 4474 2744 2743
f 4474 2743 4475
f 4475 2743 2742
f 4475 2742 4476
f 4476 2742 4460
f 4460 2742 4132
f 4132 2742 2741
f 4132 2741 4124
f 4124 2741 2725
f 4124 2725 4155
f 4134 4477 4133
f 4133 4477 4478
f 4133 4478 4132
f 4132 4478 4479
f 4132 4479 4459
f 2725 2712 4155
f 4155 2712 2710
f 4155 2710 4156
f 4156 2710 2711
f 2793 4126 2791
f 2791 4126 4158
f 2791 4158 2700
f 2700 4158 4159
f 2700 4159 2701
f 2701 4159 4160
f 2701 4160 2703
f 2703 4160 4161
f 2703 4161 2705
f 2705 4161 4129
f 2705 4129 2706
f 2706 4129 4128
f 2706 4128 2699
f 2699 4128 4157
f 2699 4157 2697
f 2697 4157 4156
f 2697 4156 2695
f 2695 4156 2711
f 2789 2758 4480
f 2758 2763 4480
f 4480 2763 2762
f 4480 2762 4481
f 4481 2762 2766
f 2755 4482 2754
f 2754 4482 4481
f 2754 4481 2767
f 2767 4481 2766
f 2793 2789 4126
f 4126 2789 4480
f 4126 4480 4127
f 3962 4140 4463
f 4463 4140 4141
f 4463 4141 4483
f 4483 4141 4142
f 4483 4142 4484
f 4484 4142 4127
f 4484 4127 4485
f 4485 4127 4480
f 2757 4466 2756
f 2756 4466 4486
f 2756 4486 2755
f 2755 4486 4487
f 2755 4487 4482
f 2655 2654 4488
f 4478 4477 4489
f 4490 4475 4476
f 4476 4460 4490
f 4490 4460 4459
f 4490 4459 4489
f 4489 4459 4479
f 4489 4479 4478
f 4475 4490 4474
f 4474 4490 4491
f 4474 4491 4473
f 4469 4468 4492
f 4492 4468 4467
f 4492 4467 4491
f 4491 4467 4472
f 4491 4472 4473
f 4469 4492 4470
f 4470 4492 4493
f 4470 4493 4471
f 4471 4493 2648
f 4471 2648 2649
f 2641 2640 2651
f 2651 2640 4494
f 2651 4494 2652
f 2652 4494 4488
f 2652 4488 2653
f 2653 4488 2654
f 2656 2655 4451
f 4451 2655 4488
f 4451 4488 4452
f 4452 4488 4495
f 4452 4495 4453
f 4453 4495 4496
f 4453 4496 4454
f 4454 4496 4455
f 4443 4444 4497
f 4497 4444 4445
f 4497 4445 4496
f 4496 4445 4446
f 4496 4446 4455
f 4443 4497 4442
f 4442 4497 4498
f 4442 4498 4439
f 4449 4450 4499
f 4499 4450 4441
f 4499 4441 4498
f 4498 4441 4440
f 4498 4440 4439
f 4169 4168 4429
f 4500 4173 4501
f 4501 4173 4172
f 4501 4172 4171
f 4171 4170 4501
f 4501 4170 4169
f 4501 4169 4499
f 4499 4169 4429
f 4499 4429 4449
f 4477 4134 4489
f 4489 4134 4135
f 4489 4135 4502
f 4502 4135 4162
f 4162 4130 4502
f 4502 4130 4131
f 4502 4131 4500
f 4500 4131 4174
f 4500 4174 4173
f 4503 4504 4505
f 4492 4491 4505
f 2627 2580 2579
f 2584 4506 2581
f 2541 2540 2589
f 2502 2501 4507
f 4508 2667 4509
f 4509 2667 2669
f 4509 2669 4510
f 2669 2671 4510
f 4510 2671 2673
f 4510 2673 4511
f 4511 2673 2675
f 4511 2675 4512
f 4512 2675 2677
f 4512 2677 2679
f 2505 2504 2657
f 2679 2657 4512
f 4512 2657 2504
f 4512 2504 4507
f 4507 2504 2503
f 4507 2503 2502
f 2505 2657 2506
f 2506 2657 2659
f 2506 2659 2507
f 2507 2659 2661
f 2507 2661 2500
f 2500 2661 2663
f 2500 2663 4508
f 4508 2663 2665
f 4508 2665 2667
f 4513 4514 2511
f 2511 4514 2510
f 2509 4515 2508
f 2508 4515 2501
f 3619 3621 4516
f 4516 3621 3623
f 4516 3623 4513
f 3623 3625 4513
f 4513 3625 3627
f 4513 3627 3629
f 2509 2510 4515
f 4515 2510 4514
f 4515 4514 4517
f 4517 4514 4513
f 4517 4513 4518
f 4518 4513 3629
f 3629 3631 4518
f 4518 3631 3633
f 4518 3633 4519
f 4519 3633 3635
f 4519 3635 4520
f 3635 3637 4520
f 4520 3637 3639
f 4520 3639 2594
f 2594 3639 3615
f 2594 3615 4516
f 4516 3615 3617
f 4516 3617 3619
f 3704 4516 3702
f 3702 4516 4521
f 3704 3706 4516
f 4516 3706 3708
f 4516 3708 2594
f 2594 3708 3710
f 2594 3710 2593
f 3710 3712 2593
f 2593 3712 3714
f 2593 3714 2592
f 2592 3714 3716
f 2592 3716 2591
f 2591 3716 3718
f 2591 3718 3720
f 3720 3696 4521
f 3696 3698 4521
f 4521 3698 3700
f 4521 3700 3702
f 3720 4521 2591
f 2591 4521 4522
f 2591 4522 2590
f 2590 4522 2589
f 2589 4522 2542
f 2589 2542 2541
f 2895 2897 4523
f 2584 2585 2917
f 2909 2911 2587
f 2897 2899 4523
f 4523 2899 2901
f 4523 2901 2546
f 2546 2901 2903
f 2546 2903 2547
f 2587 2911 2586
f 2586 2911 2913
f 2586 2913 2585
f 2585 2913 2915
f 2585 2915 2917
f 2547 2903 2548
f 2548 2903 2905
f 2548 2905 2549
f 2549 2905 2907
f 2549 2907 2550
f 2907 2909 2550
f 2550 2909 2587
f 2550 2587 2551
f 2551 2587 2588
f 2551 2588 2552
f 2552 2588 2540
f 2917 2895 2584
f 2584 2895 4523
f 2584 4523 4506
f 4506 4523 4524
f 4506 4524 2581
f 2581 4524 2582
f 4524 3037 2582
f 2582 3037 3039
f 2582 3039 2583
f 2583 3039 3041
f 2583 3041 2579
f 2579 3041 3043
f 2579 3043 3045
f 2630 2629 3021
f 3021 2629 3045
f 3029 3031 4524
f 3031 3033 4524
f 4524 3033 3035
f 4524 3035 3037
f 2630 3021 2631
f 2631 3021 3023
f 2631 3023 3025
f 3045 2629 2579
f 2579 2629 2628
f 2579 2628 2627
f 3365 3367 4504
f 3365 4504 3389
f 3371 3373 4525
f 3371 4525 3369
f 4526 3387 3389
f 3025 3027 2631
f 2631 3027 3029
f 2631 3029 2632
f 2632 3029 4524
f 2632 4524 2633
f 2633 4524 4525
f 2633 4525 2639
f 2639 4525 3373
f 2639 3373 2638
f 2638 3373 3375
f 2638 3375 2637
f 2637 3375 3377
f 2637 3377 2636
f 2636 3377 3379
f 2636 3379 4527
f 4527 3379 3381
f 4527 3381 4528
f 4528 3381 3383
f 4528 3383 4526
f 4526 3383 3385
f 4526 3385 3387
f 2580 2634 4527
f 4527 2634 2635
f 4527 2635 2636
f 3389 4504 4526
f 4526 4504 4503
f 4526 4503 4529
f 4495 4488 4524
f 4524 4488 4525
f 4525 4488 4494
f 4525 4494 2640
f 4495 4530 4496
f 4496 4530 4497
f 4521 4499 4531
f 4531 4499 4498
f 4531 4498 4497
f 4491 4490 4532
f 4532 4490 4489
f 4532 4489 4513
f 4513 4489 4502
f 4513 4502 4516
f 4516 4502 4500
f 4516 4500 4521
f 4521 4500 4501
f 4521 4501 4499
f 3367 3369 4504
f 4504 3369 4525
f 4504 4525 2642
f 2642 4525 2640
f 2642 2646 4504
f 4504 2646 2648
f 4504 2648 4505
f 4505 2648 4493
f 4505 4493 4492
f 2511 2512 4513
f 4513 2512 2513
f 4513 2513 4532
f 4532 2513 2499
f 4532 2499 4491
f 4491 2499 2500
f 4491 2500 4505
f 4505 2500 4508
f 4505 4508 4503
f 4503 4508 4509
f 4503 4509 4529
f 4495 4524 4530
f 4530 4524 4523
f 4530 4523 4497
f 4497 4523 2546
f 4497 2546 4531
f 4531 2546 2545
f 4531 2545 4521
f 4521 2545 2544
f 4521 2544 4522
f 4522 2544 2543
f 4522 2543 2542
f 4518 4519 4533
f 4533 4519 4520
f 4533 4520 4534
f 4534 4520 2594
f 4534 2594 2554
f 4518 4533 4517
f 4517 4533 4535
f 4517 4535 4515
f 4515 4535 4536
f 4515 4536 2501
f 2501 4536 4507
f 4507 4536 4537
f 4507 4537 4512
f 4512 4537 4538
f 4512 4538 4511
f 4511 4538 4539
f 4511 4539 4510
f 4510 4539 4540
f 4510 4540 4509
f 4509 4540 4541
f 4509 4541 4529
f 4529 4541 4526
f 4526 4541 4542
f 4526 4542 4528
f 4528 4542 4543
f 4528 4543 4527
f 4527 4543 2577
f 4527 2577 2580
f 2578 2577 4543
f 2578 4543 4544
f 4544 4543 4542
f 4544 4542 4545
f 4545 4542 4541
f 4545 4541 4546
f 4546 4541 4540
f 4546 4540 4547
f 4547 4540 4539
f 4547 4539 4548
f 4548 4539 4538
f 4548 4538 4549
f 4549 4538 4537
f 4549 4537 4550
f 4550 4537 4536
f 4550 4536 4551
f 4551 4536 4535
f 4551 4535 4552
f 4552 4535 4533
f 4552 4533 4553
f 4553 4533 4534
f 4553 4534 4554
f 4554 4534 2554
f 4554 2554 2553
f 2576 4555 2574
f 2574 4555 4556
f 2574 4556 2572
f 2572 4556 4557
f 2572 4557 2570
f 2570 4557 4069
f 2570 4069 2568
f 4069 4071 2568
f 2568 4071 4073
f 2568 4073 2566
f 2566 4073 4558
f 2566 4558 2564
f 2564 4558 4559
f 2564 4559 2562
f 2562 4559 4560
f 2562 4560 2560
f 2560 4560 4561
f 2560 4561 2558
f 2558 4561 4562
f 2558 4562 2556
f 2556 4562 4563
f 2556 4563 2553
f 2553 4563 4564
f 2553 4564 4554
f 4554 4564 4565
f 4554 4565 4553
f 4553 4565 4566
f 4553 4566 4552
f 4552 4566 4567
f 4552 4567 4551
f 4551 4567 4568
f 4551 4568 4550
f 4550 4568 4569
f 4550 4569 4549
f 4549 4569 4570
f 4549 4570 4548
f 4548 4570 4571
f 4548 4571 4547
f 4547 4571 4572
f 4547 4572 4546
f 4546 4572 4573
f 4546 4573 4545
f 4545 4573 4574
f 4545 4574 4544
f 4544 4574 4575
f 4544 4575 2578
f 2578 4575 4576
f 2578 4576 2576
f 2576 4576 4577
f 2576 4577 4555
f 4073 4072 4578
f 4073 4578 4558
f 4578 4579 4558
f 4558 4579 4580
f 4558 4580 4559
f 4580 4581 4559
f 4559 4581 4582
f 4559 4582 4560
f 4582 4583 4560
f 4560 4583 4584
f 4560 4584 4561
f 4584 4585 4561
f 4561 4585 4586
f 4561 4586 4562
f 4586 4587 4562
f 4562 4587 4588
f 4562 4588 4563
f 4588 4589 4563
f 4563 4589 4590
f 4563 4590 4564
f 4590 4591 4564
f 4564 4591 4592
f 4564 4592 4565
f 4592 4593 4565
f 4565 4593 4594
f 4565 4594 4566
f 4594 4595 4566
f 4566 4595 4596
f 4566 4596 4567
f 4596 4597 4567
f 4567 4597 4598
f 4567 4598 4568
f 4598 4599 4568
f 4568 4599 4600
f 4568 4600 4569
f 4600 4601 4569
f 4569 4601 4602
f 4569 4602 4570
f 4602 4603 4570
f 4570 4603 4604
f 4570 4604 4571
f 4604 4605 4571
f 4571 4605 4606
f 4571 4606 4572
f 4606 4607 4572
f 4572 4607 4608
f 4572 4608 4573
f 4608 4609 4573
f 4573 4609 4610
f 4573 4610 4574
f 4610 4611 4574
f 4574 4611 4612
f 4574 4612 4575
f 4612 4613 4575
f 4575 4613 4614
f 4575 4614 4576
f 4614 4615 4576
f 4576 4615 4616
f 4576 4616 4577
f 4617 4556 4555
f 4616 4618 4577
f 4577 4618 4619
f 4577 4619 4555
f 4555 4619 4620
f 4555 4620 4617
f 4070 4069 4621
f 4621 4069 4557
f 4617 4622 4556
f 4556 4622 4623
f 4556 4623 4557
f 4557 4623 4624
f 4557 4624 4621
f 3088 3108 4623
f 4101 4074 4070
f 4623 3108 4105
f 3108 3087 4105
f 4105 3087 3084
f 4105 3084 3081
f 3081 3113 4105
f 4105 3113 3112
f 4105 3112 3110
f 4101 4070 4103
f 4103 4070 4621
f 4103 4621 4105
f 4105 4621 4624
f 4105 4624 4623
f 3121 3103 4622
f 4622 3103 4623
f 4623 3103 3105
f 4623 3105 3107
f 3107 3091 4623
f 4623 3091 3089
f 4623 3089 3088
f 3121 4622 3122
f 3122 4622 4617
f 3122 4617 3123
f 3123 4617 4620
f 3123 4620 4625
f 4620 4619 4625
f 4625 4619 4618
f 4625 4618 4626
f 4610 3338 3361
f 4618 4616 4626
f 4626 4616 4615
f 4626 4615 4627
f 4627 4615 4614
f 4627 4614 3318
f 3318 4614 4613
f 3318 4613 3319
f 3319 4613 4612
f 3319 4612 3320
f 3320 4612 4611
f 3320 4611 3344
f 3361 3362 4610
f 4610 3362 3360
f 4610 3360 4611
f 4611 3360 3345
f 4611 3345 3344
f 4608 3890 3891
f 3892 3313 3331
f 3331 3349 3892
f 3892 3349 3350
f 3892 3350 3342
f 3342 3341 3892
f 3892 3341 3340
f 3892 3340 3339
f 4608 3891 4609
f 4609 3891 3892
f 4609 3892 4610
f 4610 3892 3339
f 4610 3339 3338
f 3890 4608 3888
f 3888 4608 4607
f 3888 4607 3857
f 3857 4607 4606
f 3857 4606 3858
f 3858 4606 3880
f 3880 4606 4605
f 3880 4605 4604
f 4602 3884 4603
f 4603 3884 3883
f 4603 3883 4604
f 4604 3883 3881
f 4604 3881 3880
f 3779 3778 3874
f 3874 3778 3777
f 3874 3777 4122
f 4122 3777 3776
f 4598 3874 4599
f 4599 3874 3876
f 4599 3876 4600
f 4600 3876 3878
f 4600 3878 4601
f 4601 3878 3879
f 4601 3879 4602
f 4602 3879 3863
f 4602 3863 3884
f 3772 3771 4597
f 4597 3771 3782
f 4597 3782 4598
f 4598 3782 3781
f 4598 3781 3874
f 3874 3781 3780
f 3874 3780 3779
f 4597 4596 3772
f 3772 4596 4595
f 3772 4595 3775
f 4595 4594 3775
f 3775 4594 4593
f 3775 4593 3774
f 4593 4592 3774
f 3774 4592 4591
f 3774 4591 3773
f 4591 4590 3773
f 3773 4590 4589
f 3773 4589 3770
f 4589 4588 3770
f 3770 4588 4587
f 3770 4587 3761
f 3761 4587 4586
f 3761 4586 3762
f 4584 4078 4585
f 4585 4078 4077
f 4585 4077 4586
f 3769 4123 3768
f 3768 4123 3767
f 3769 3763 4123
f 4123 3763 3766
f 4123 3766 4077
f 4077 3766 3765
f 4077 3765 4586
f 4586 3765 3764
f 4586 3764 3762
f 4580 4111 4110
f 4580 4110 4581
f 4581 4110 4108
f 4581 4108 4582
f 4582 4108 4107
f 4582 4107 4583
f 4583 4107 4081
f 4583 4081 4584
f 4584 4081 4114
f 4584 4114 4078
f 4111 4580 4084
f 4084 4580 4579
f 4084 4579 4106
f 4579 4578 4106
f 4106 4578 4072
f 4106 4072 4075
f 4627 3318 4628
f 3123 4625 4628
f 4628 4625 4626
f 4628 4626 4627
f 3316 3429 3318
f 3318 3429 3432
f 3134 3133 4628
f 4628 3133 3137
f 4628 3137 3123
f 3137 3136 3123
f 3123 3136 3138
f 3123 3138 3099
f 3099 3138 3100
f 3432 3431 3318
f 3318 3431 3430
f 3318 3430 4628
f 4628 3430 3433
f 4628 3433 3134
f 3134 3433 3434
f 3134 3434 3135
f 3135 3434 3077
f 3434 3423 3077
f 3077 3423 3424
f 3077 3424 3078
f 3078 3424 3425
f 3078 3425 3079
f 3079 3425 3422
f 3079 3422 3080
f 3422 3421 3080
f 3080 3421 3420
f 3080 3420 3075
f 3075 3420 3408
f 3075 3408 3073
f 4629 4630 4631
f 4631 4630 4632
f 4631 4632 4633
f 4633 4632 4634
f 4633 4634 4635
f 4635 4634 4636
f 4635 4636 4637
f 4637 4636 4638
f 4637 4638 4639
f 4639 4638 4640
f 4639 4640 4641
f 4641 4640 4642
f 4641 4642 4643
f 4643 4642 4644
f 4643 4644 4645
f 4645 4644 4646
f 4645 4646 4647
f 4647 4646 4648
f 4647 4648 4649
f 4649 4648 4650
f 4649 4650 4651
f 4651 4650 4652
f 4651 4652 4653
f 4653 4652 4654
f 4653 4654 4629
f 4629 4654 4630
f 4652 4650 4655
f 4655 4650 4648
f 4655 4648 4656
f 4656 4648 4646
f 4656 4646 4657
f 4657 4646 4644
f 4657 4644 4658
f 4658 4644 4642
f 4658 4642 4659
f 4659 4642 4640
f 4659 4640 4660
f 4660 4640 4638
f 4660 4638 4661
f 4661 4638 4636
f 4661 4636 4662
f 4662 4636 4634
f 4662 4634 4663
f 4663 4634 4632
f 4663 4632 4664
f 4664 4632 4630
f 4664 4630 4665
f 4665 4630 4654
f 4665 4654 4666
f 4666 4654 4652
f 4666 4652 4655
f 4667 4661 4668
f 4668 4661 4662
f 4668 4662 4669
f 4669 4662 4663
f 4669 4663 4670
f 4670 4663 4664
f 4670 4664 4671
f 4671 4664 4665
f 4671 4665 4672
f 4672 4665 4666
f 4672 4666 4673
f 4673 4666 4655
f 4673 4655 4674
f 4674 4655 4656
f 4674 4656 4675
f 4675 4656 4657
f 4675 4657 4676
f 4676 4657 4658
f 4676 4658 4677
f 4677 4658 4659
f 4677 4659 4678
f 4678 4659 4660
f 4678 4660 4667
f 4667 4660 4661
f 4679 4680 4681
f 4681 4680 4682
f 4681 4682 4683
f 4683 4682 4684
f 4683 4684 4685
f 4685 4684 4686
f 4685 4686 4687
f 4687 4686 4688
f 4687 4688 4689
f 4689 4688 4690
f 4689 4690 4691
f 4691 4690 4692
f 4691 4692 4693
f 4693 4692 4694
f 4693 4694 4695
f 4695 4694 4696
f 4695 4696 4697
f 4697 4696 4698
f 4697 4698 4699
f 4699 4698 4700
f 4699 4700 4701
f 4701 4700 4702
f 4701 4702 4703
f 4703 4702 4704
f 4703 4704 4679
f 4679 4704 4680
f 4698 4705 4700
f 4700 4705 4706
f 4700 4706 4702
f 4702 4706 4707
f 4702 4707 4704
f 4704 4707 4708
f 4704 4708 4680
f 4680 4708 4709
f 4680 4709 4682
f 4682 4709 4710
f 4682 4710 4684
f 4684 4710 4711
f 4684 4711 4686
f 4686 4711 4712
f 4686 4712 4688
f 4688 4712 4713
f 4688 4713 4690
f 4690 4713 4714
f 4690 4714 4692
f 4692 4714 4715
f 4692 4715 4694
f 4694 4715 4716
f 4694 4716 4696
f 4696 4716 4717
f 4696 4717 4698
f 4698 4717 4705
f 4718 4712 4719
f 4719 4712 4711
f 4719 4711 4720
f 4720 4711 4710
f 4720 4710 4721
f 4721 4710 4709
f 4721 4709 4722
f 4722 4709 4708
f 4722 4708 4723
f 4723 4708 4707
f 4723 4707 4724
f 4724 4707 4706
f 4724 4706 4725
f 4725 4706 4705
f 4725 4705 4726
f 4726 4705 4717
f 4726 4717 4727
f 4727 4717 4716
f 4727 4716 4728
f 4728 4716 4715
f 4728 4715 4729
f 4729 4715 4714
f 4729 4714 4730
f 4730 4714 4713
f 4730 4713 4718
f 4718 4713 4712
f 3580 4307 4303
f 3560 3562 3573
f 4104 4105 3110
f 4089 4088 3110
f 4089 3110 4063
f 4088 4086 3110
f 3110 4086 4085
f 3110 4085 4104
f 3560 3573 3558
f 3580 4303 4721
f 3527 3526 4731
f 3548 3550 3110
f 3110 3550 3552
f 4001 3554 4002
f 4002 3554 3556
f 4002 3556 4210
f 4210 3556 4233
f 4233 3556 3558
f 4233 3558 4227
f 4227 3558 3573
f 4227 3573 3575
f 4221 4228 4727
f 4288 4718 4289
f 4289 4718 4719
f 4289 4719 4290
f 4290 4719 4306
f 4217 4216 4287
f 4721 4722 3580
f 3580 4722 4723
f 3580 4723 3575
f 3575 4723 4724
f 3575 4724 4227
f 4227 4724 4725
f 4227 4725 4228
f 4228 4725 4726
f 4228 4726 4727
f 4003 4063 4000
f 4000 4063 3110
f 4000 3110 4001
f 4001 3110 3552
f 4001 3552 3554
f 3116 4732 3110
f 3110 4732 4733
f 3110 4733 3548
f 3130 4734 3128
f 3128 4734 4732
f 3128 4732 3117
f 3117 4732 3116
f 3527 4731 3523
f 3444 4731 3446
f 3446 4731 4734
f 3446 4734 3448
f 3448 4734 3130
f 4305 4306 4304
f 4304 4306 4719
f 4304 4719 4303
f 4303 4719 4720
f 4303 4720 4721
f 4727 4728 4221
f 4221 4728 4729
f 4221 4729 4222
f 4222 4729 4730
f 4222 4730 4215
f 4215 4730 4718
f 4215 4718 4216
f 4216 4718 4288
f 4216 4288 4287
f 3442 3498 3443
f 3443 3498 3500
f 3443 3500 3444
f 3444 3500 3502
f 3444 3502 4731
f 4731 3502 3517
f 4731 3517 3519
f 3519 3520 4731
f 4731 3520 3524
f 4731 3524 3523
f 4287 4286 4217
f 4217 4286 4285
f 4217 4285 4211
f 4211 4285 4284
f 4211 4284 4254
f 4254 4284 4283
f 4254 4283 4255
f 4255 4283 4256
f 4292 4293 4291
f 4291 4293 4294
f 4291 4294 4283
f 4283 4294 4256
f 4256 4294 4258
f 4256 4258 4257
f 4326 4313 3229
f 3892 3887 3313
f 3313 3887 3886
f 3313 3886 3908
f 4409 4412 4667
f 4397 4400 4671
f 4674 3229 4673
f 4673 3229 3198
f 4673 3198 4672
f 3913 3203 3313
f 3313 3203 3204
f 4409 4667 4406
f 4406 4667 4668
f 4406 4668 4403
f 4403 4668 4669
f 4403 4669 4400
f 4400 4669 4670
f 4400 4670 4671
f 4671 4672 4397
f 4397 4672 3198
f 4397 3198 3200
f 3200 3198 3180
f 3200 3180 3199
f 3199 3180 3179
f 3329 3328 3207
f 3911 3913 3893
f 3893 3913 3313
f 3893 3313 3894
f 3894 3313 3908
f 4674 4675 3229
f 3229 4675 4676
f 3229 4676 4326
f 3917 3201 3913
f 3913 3201 3202
f 3913 3202 3203
f 3917 3916 3201
f 3201 3916 3919
f 3201 3919 3200
f 3200 3919 4394
f 3200 4394 4397
f 3209 3451 3208
f 3208 3451 3453
f 3208 3453 3458
f 3204 3205 3313
f 3313 3205 3206
f 3313 3206 3314
f 3314 3206 3207
f 3314 3207 3353
f 3353 3207 3328
f 3458 3457 3208
f 3208 3457 3428
f 3208 3428 3207
f 3207 3428 3364
f 3207 3364 3329
f 3290 3292 3451
f 3210 3272 3209
f 3209 3272 3271
f 3209 3271 3274
f 3290 3451 3285
f 4415 4388 4353
f 4353 4351 4415
f 4415 4351 4349
f 4415 4349 4412
f 4412 4349 4347
f 4412 4347 4667
f 4667 4347 4345
f 4667 4345 4678
f 4678 4345 4343
f 3292 3298 3451
f 3451 3298 3297
f 3451 3297 3296
f 3274 3277 3209
f 3209 3277 3276
f 3209 3276 3451
f 3451 3276 3270
f 3451 3270 3285
f 4371 4372 4373
f 4391 4355 4390
f 4390 4355 4353
f 4390 4353 4389
f 4389 4353 4388
f 4343 4338 4678
f 4678 4338 4339
f 4678 4339 4340
f 4373 4374 4371
f 4371 4374 4355
f 4371 4355 4376
f 4376 4355 4391
f 4376 4391 4392
f 4676 4677 4326
f 4326 4677 4678
f 4326 4678 4341
f 4341 4678 4340
f 3071 3073 3435
f 3435 3073 3408
f 3435 3408 3407
f 3526 3525 4735
f 3528 3512 3542
f 3542 3539 3528
f 3528 3539 3545
f 3528 3545 4736
f 4736 3545 3570
f 4736 3570 3569
f 3565 3563 3572
f 3572 3563 4736
f 3572 4736 3567
f 3567 4736 3569
f 4735 3525 4736
f 4736 3525 3529
f 4736 3529 3528
f 3526 4735 4731
f 4731 4735 4737
f 4731 4737 4734
f 4734 4737 4738
f 4734 4738 4732
f 4732 4738 4739
f 4732 4739 4733
f 4739 4740 4733
f 4733 4740 3549
f 4733 3549 3548
f 4741 3549 4742
f 4742 3549 4740
f 4742 4740 4743
f 4743 4740 4739
f 4743 4739 4744
f 4744 4739 4738
f 4744 4738 4745
f 4745 4738 4737
f 4745 4737 4746
f 4746 4737 4735
f 4746 4735 4747
f 4747 4735 4736
f 4747 4736 4748
f 4748 4736 3563
f 4748 3563 4749
f 4749 3563 3561
f 4749 3561 4750
f 4750 3561 3559
f 4750 3559 4751
f 4751 3559 3557
f 4751 3557 4752
f 4752 3557 3555
f 4752 3555 4753
f 4753 3555 3553
f 4753 3553 4741
f 4741 3553 3551
f 4741 3551 3549
f 4754 4745 4755
f 4755 4745 4746
f 4755 4746 4756
f 4756 4746 4747
f 4756 4747 4757
f 4757 4747 4748
f 4757 4748 4758
f 4758 4748 4749
f 4758 4749 4759
f 4759 4749 4750
f 4759 4750 4760
f 4760 4750 4751
f 4760 4751 4761
f 4761 4751 4752
f 4761 4752 4762
f 4762 4752 4753
f 4762 4753 4763
f 4763 4753 4741
f 4763 4741 4764
f 4764 4741 4742
f 4764 4742 4765
f 4765 4742 4743
f 4765 4743 4766
f 4766 4743 4744
f 4766 4744 4754
f 4754 4744 4745
f 2123 2125 2656
f 4239 4767 4238
f 3606 4246 4245
f 3609 3607 3611
f 3611 3607 3606
f 3611 3606 3613
f 3613 3606 4245
f 3598 3596 2370
f 4243 3604 4242
f 4242 3604 3602
f 4242 3602 3600
f 4246 3606 4248
f 4248 3606 3604
f 4248 3604 4250
f 4250 3604 4243
f 4250 4243 4252
f 3598 2370 3600
f 4768 2406 2403
f 2402 3592 2403
f 2403 3592 3589
f 2403 3589 4768
f 2402 2401 3592
f 3592 2401 2374
f 3592 2374 3594
f 3594 2374 2372
f 3594 2372 3596
f 3596 2372 2371
f 3596 2371 2370
f 3600 2370 4242
f 4242 2370 2369
f 4242 2369 4241
f 3967 2321 4430
f 4430 2321 4431
f 4238 4767 4237
f 2369 2368 4241
f 4241 2368 2324
f 4241 2324 4240
f 4240 2324 2331
f 4240 2331 4239
f 4239 2331 2328
f 4239 2328 4767
f 4767 2328 2323
f 4767 2323 4237
f 3967 3966 2321
f 2321 3966 4237
f 2321 4237 2322
f 2322 4237 2323
f 4685 4687 2320
f 2320 4687 2321
f 2321 4687 4689
f 2321 4689 4691
f 2320 2246 4685
f 4685 2246 2243
f 4685 2243 4683
f 4683 2243 2240
f 4683 2240 4681
f 4681 2240 2237
f 4681 2237 4679
f 4679 2237 2234
f 4679 2234 4703
f 4703 2234 2231
f 4703 2231 4701
f 4701 2231 2228
f 4701 2228 4699
f 4699 2228 2225
f 4699 2225 4697
f 2225 2223 4697
f 4697 2223 2222
f 4697 2222 4695
f 4695 2222 2221
f 4695 2221 4693
f 4693 2221 4691
f 4691 2221 2321
f 2321 2221 2220
f 2321 2220 4431
f 2453 4438 2174
f 2174 4438 4433
f 2174 4433 2176
f 2176 4433 4432
f 2176 4432 2179
f 2179 4432 4431
f 2179 4431 2170
f 2170 4431 2220
f 4436 4437 4769
f 4769 4437 4438
f 4769 4438 4770
f 4770 4438 2453
f 4434 4771 4458
f 4458 4771 4772
f 4458 4772 4457
f 2656 3017 3016
f 2114 2116 4447
f 4447 2116 2119
f 4447 2119 4448
f 2656 4451 2123
f 2123 4451 4448
f 2123 4448 2121
f 2121 4448 2119
f 2656 3016 2650
f 2650 3016 3015
f 2650 3015 2649
f 2649 1919 4465
f 4465 1919 1916
f 4465 1916 4466
f 3015 3014 2649
f 2649 3014 3013
f 2649 3013 1919
f 1919 3013 3012
f 1916 1913 4466
f 4466 1913 1910
f 4466 1910 4486
f 4486 1910 1907
f 4486 1907 4487
f 4481 4482 4773
f 4773 4482 4487
f 4773 4487 4774
f 4485 4775 4484
f 4484 4775 4776
f 4484 4776 4483
f 4421 4422 1589
f 4629 4631 4428
f 4637 1618 4635
f 4635 1618 1592
f 4635 1592 4633
f 1589 4422 1591
f 1591 4422 4428
f 1591 4428 1592
f 1592 4428 4631
f 1592 4631 4633
f 4647 1624 1622
f 4629 4428 4653
f 4653 4428 4464
f 4653 4464 4651
f 1622 1599 4647
f 4647 1599 1600
f 4647 1600 4645
f 4645 1600 1603
f 4645 1603 4643
f 4643 1603 1606
f 4643 1606 4641
f 4641 1606 1609
f 4641 1609 4639
f 4639 1609 1612
f 4639 1612 4637
f 4637 1612 1615
f 4637 1615 1618
f 4647 4649 1624
f 1624 4649 4651
f 1624 4651 1626
f 1626 4651 4464
f 1626 4464 1628
f 1628 4464 4462
f 1628 4462 1629
f 1629 4462 4461
f 1629 4461 1632
f 1632 4461 4463
f 1632 4463 1630
f 1630 4463 4483
f 4418 1571 4417
f 4417 1571 1569
f 4417 1569 1566
f 1589 1586 4421
f 4421 1586 1578
f 4421 1578 4420
f 4420 1578 1580
f 4420 1580 4419
f 4419 1580 1577
f 4419 1577 4418
f 4418 1577 1572
f 4418 1572 1571
f 4417 2975 4379
f 4379 2975 2973
f 4379 2973 4380
f 4380 2973 4382
f 1553 2985 1564
f 1564 2985 2983
f 1564 2983 1561
f 1561 2983 2981
f 1561 2981 1566
f 1566 2981 2979
f 1566 2979 4417
f 4417 2979 2977
f 4417 2977 2975
f 2970 4386 2973
f 2973 4386 4384
f 2973 4384 4382
f 2966 2964 2968
f 2968 2964 2963
f 2968 2963 2970
f 2970 2963 4377
f 2970 4377 4386
f 2994 2992 2990
f 2990 2988 2994
f 2994 2988 2987
f 2994 2987 4328
f 4328 2987 4777
f 4328 4777 4314
f 1892 1890 4778
f 4778 1890 4319
f 4778 4319 4779
f 4779 4319 4318
f 4779 4318 4315
f 4487 1907 4774
f 4774 1907 1904
f 4774 1904 1901
f 4320 1930 4312
f 4312 1930 1928
f 4312 1928 1924
f 1898 1896 4778
f 4778 1896 1894
f 4778 1894 1892
f 1890 1888 4319
f 4319 1888 1886
f 4319 1886 4320
f 4320 1886 1932
f 4320 1932 1930
f 3020 4312 3019
f 3019 4312 1924
f 3019 1924 3018
f 3018 1924 1926
f 3018 1926 3012
f 3012 1926 1922
f 3012 1922 1919
f 4322 3009 3008
f 3017 2656 3011
f 3011 2656 2125
f 3011 2125 3010
f 3010 2125 2466
f 3010 2466 3008
f 4447 4456 2114
f 2114 4456 4457
f 2114 4457 2112
f 2112 4457 4772
f 2112 4772 2110
f 2110 4772 2108
f 2069 2073 4780
f 4780 2073 2075
f 4780 2075 2107
f 4321 4322 2036
f 2036 4322 3008
f 2036 3008 2034
f 2034 3008 2466
f 2036 2038 4321
f 4321 2038 2040
f 4321 2040 4323
f 4323 2040 2065
f 4323 2065 2066
f 4325 4324 4781
f 4781 4324 4323
f 4781 4323 4780
f 4780 4323 2066
f 4780 2066 2069
f 3589 3587 3585
f 3585 3583 3589
f 3589 3583 3582
f 3589 3582 4768
f 4768 3582 4311
f 4768 4311 4310
f 3149 3151 4778
f 4778 3151 4774
f 4778 4774 1898
f 1898 4774 1901
f 3151 3153 4774
f 4774 3153 3155
f 4774 3155 4773
f 4773 3155 3157
f 4773 3157 4481
f 3149 4778 3147
f 3147 4778 4779
f 3147 4779 4782
f 4782 4779 4315
f 4782 4315 4314
f 3157 3159 4481
f 4481 3159 3161
f 4481 3161 4480
f 4480 3161 3163
f 4480 3163 4485
f 4485 3163 3139
f 4485 3139 4775
f 4775 3139 3141
f 4775 3141 4776
f 4776 3141 3143
f 4776 3143 4782
f 4782 3143 3145
f 4782 3145 3147
f 2419 2421 4783
f 2453 2451 4770
f 4770 2451 2449
f 4770 2449 4783
f 4783 2449 2447
f 4783 2447 2419
f 2421 2423 4783
f 4783 2423 2418
f 4783 2418 2404
f 4325 4781 4310
f 4310 4781 4783
f 4310 4783 4768
f 4768 4783 2404
f 4768 2404 2406
f 1657 1654 4782
f 4782 1654 1653
f 4782 1653 1650
f 1650 1647 4782
f 4782 1647 1644
f 4782 1644 4776
f 4776 1644 1641
f 4776 1641 4483
f 4483 1641 1638
f 4483 1638 1630
f 4314 4777 4782
f 4782 4777 1660
f 4782 1660 1657
f 1553 1555 2985
f 2985 1555 1557
f 2985 1557 2987
f 2987 1557 1559
f 2987 1559 4777
f 4777 1559 1662
f 4777 1662 1660
f 4435 4762 4434
f 4434 4762 4763
f 4434 4763 4771
f 4771 4763 4764
f 4771 4764 4772
f 4772 4764 4765
f 4765 4766 4772
f 4772 4766 4780
f 4772 4780 2108
f 2108 4780 2107
f 4766 4754 4780
f 4780 4754 4755
f 4780 4755 4781
f 4781 4755 4756
f 4781 4756 4783
f 4783 4756 4757
f 4783 4757 4770
f 4770 4757 4758
f 4770 4758 4769
f 4769 4758 4759
f 4769 4759 4436
f 4436 4759 4760
f 4436 4760 4435
f 4435 4760 4761
f 4435 4761 4762
f 4784 4785 4786
f 4786 4787 4784
f 4784 4787 4788
f 4784 4788 4789
f 4790 4791 4792
f 4792 4791 4793
f 4784 4794 4785
f 4785 4794 4795
f 4785 4795 4796
f 4796 4797 4785
f 4785 4797 4798
f 4785 4798 4799
f 4799 4800 4785
f 4785 4800 4801
f 4785 4801 4802
f 4802 4801 4803
f 4790 4804 4791
f 4791 4804 4784
f 4791 4784 4805
f 4805 4784 4789
f 4806 4802 4803
f 4806 4803 4807
f 4807 4803 4801
f 4807 4801 4808
f 4808 4801 4800
f 4808 4800 4809
f 4809 4800 4799
f 4809 4799 4810
f 4810 4799 4798
f 4810 4798 4811
f 4811 4798 4797
f 4811 4797 4812
f 4812 4797 4796
f 4812 4796 4813
f 4813 4796 4795
f 4813 4795 4814
f 4814 4795 4794
f 4814 4794 4815
f 4815 4794 4784
f 4815 4784 4816
f 4816 4784 4804
f 4816 4804 4817
f 4817 4804 4790
f 4817 4790 4818
f 4818 4790 4792
f 4818 4792 4819
f 4819 4792 4793
f 4819 4793 4820
f 4820 4793 4791
f 4820 4791 4821
f 4821 4791 4805
f 4821 4805 4822
f 4822 4805 4789
f 4822 4789 4823
f 4823 4789 4788
f 4823 4788 4824
f 4824 4788 4787
f 4824 4787 4825
f 4825 4787 4786
f 4825 4786 4826
f 4826 4786 4785
f 4826 4785 4827
f 4827 4785 4802
f 4827 4802 4806
f 4808 4828 4807
f 4807 4828 4829
f 4807 4829 4806
f 4806 4829 4830
f 4806 4830 4827
f 4823 4831 4822
f 4822 4831 4832
f 4822 4832 4821
f 4821 4832 4833
f 4821 4833 4820
f 4820 4833 4834
f 4820 4834 4819
f 4830 4835 4827
f 4827 4835 4836
f 4827 4836 4826
f 4826 4836 4837
f 4826 4837 4825
f 4825 4837 4838
f 4825 4838 4824
f 4824 4838 4839
f 4824 4839 4823
f 4823 4839 4840
f 4823 4840 4831
f 4812 4841 4811
f 4811 4841 4842
f 4811 4842 4810
f 4810 4842 4843
f 4810 4843 4809
f 4809 4843 4844
f 4809 4844 4808
f 4808 4844 4845
f 4808 4845 4828
f 4834 4846 4819
f 4819 4846 4847
f 4819 4847 4818
f 4818 4847 4848
f 4818 4848 4817
f 4817 4848 4849
f 4817 4849 4816
f 4849 4850 4816
f 4816 4850 4851
f 4816 4851 4815
f 4815 4851 4852
f 4815 4852 4814
f 4814 4852 4853
f 4814 4853 4813
f 4813 4853 4854
f 4813 4854 4812
f 4812 4854 4855
f 4812 4855 4841
f 4856 4830 4829
f 4856 4829 4857
f 4857 4829 4828
f 4857 4828 4858
f 4858 4828 4845
f 4858 4845 4859
f 4859 4845 4844
f 4859 4844 4860
f 4860 4844 4843
f 4860 4843 4861
f 4861 4843 4842
f 4861 4842 4862
f 4862 4842 4841
f 4862 4841 4863
f 4863 4841 4855
f 4863 4855 4864
f 4864 4855 4854
f 4864 4854 4865
f 4865 4854 4853
f 4865 4853 4866
f 4866 4853 4852
f 4866 4852 4867
f 4867 4852 4851
f 4867 4851 4868
f 4868 4851 4850
f 4868 4850 4869
f 4869 4850 4849
f 4869 4849 4870
f 4870 4849 4848
f 4870 4848 4871
f 4871 4848 4847
f 4871 4847 4872
f 4872 4847 4846
f 4872 4846 4873
f 4873 4846 4834
f 4873 4834 4874
f 4874 4834 4833
f 4874 4833 4875
f 4875 4833 4832
f 4875 4832 4876
f 4876 4832 4831
f 4876 4831 4877
f 4877 4831 4840
f 4877 4840 4878
f 4878 4840 4839
f 4878 4839 4879
f 4879 4839 4838
f 4879 4838 4880
f 4880 4838 4837
f 4880 4837 4881
f 4881 4837 4836
f 4881 4836 4882
f 4882 4836 4835
f 4882 4835 4883
f 4883 4835 4830
f 4883 4830 4856
f 4875 4876 4859
f 4859 4876 4877
f 4860 4861 4873
f 4873 4861 4862
f 4873 4862 4863
f 4860 4873 4859
f 4859 4873 4874
f 4859 4874 4875
f 4877 4878 4859
f 4859 4878 4879
f 4859 4879 4880
f 4880 4881 4859
f 4859 4881 4882
f 4859 4882 4883
f 4863 4864 4873
f 4873 4864 4865
f 4873 4865 4866
f 4883 4856 4859
f 4859 4856 4857
f 4859 4857 4858
f 4870 4871 4869
f 4869 4871 4868
f 4866 4867 4873
f 4873 4867 4868
f 4873 4868 4872
f 4872 4868 4871
f 4884 4885 4886
f 4886 4887 4884
f 4884 4887 4888
f 4884 4888 4889
f 4890 4891 4892
f 4892 4891 4893
f 4884 4894 4885
f 4885 4894 4895
f 4885 4895 4896
f 4896 4897 4885
f 4885 4897 4898
f 4885 4898 4899
f 4899 4900 4885
f 4885 4900 4901
f 4885 4901 4902
f 4902 4901 4903
f 4890 4904 4891
f 4891 4904 4884
f 4891 4884 4905
f 4905 4884 4889
f 4906 4902 4903
f 4906 4903 4907
f 4907 4903 4901
f 4907 4901 4908
f 4908 4901 4900
f 4908 4900 4909
f 4909 4900 4899
f 4909 4899 4910
f 4910 4899 4898
f 4910 4898 4911
f 4911 4898 4897
f 4911 4897 4912
f 4912 4897 4896
f 4912 4896 4913
f 4913 4896 4895
f 4913 4895 4914
f 4914 4895 4894
f 4914 4894 4915
f 4915 4894 4884
f 4915 4884 4916
f 4916 4884 4904
f 4916 4904 4917
f 4917 4904 4890
f 4917 4890 4918
f 4918 4890 4892
f 4918 4892 4919
f 4919 4892 4893
f 4919 4893 4920
f 4920 4893 4891
f 4920 4891 4921
f 4921 4891 4905
f 4921 4905 4922
f 4922 4905 4889
f 4922 4889 4923
f 4923 4889 4888
f 4923 4888 4924
f 4924 4888 4887
f 4924 4887 4925
f 4925 4887 4886
f 4925 4886 4926
f 4926 4886 4885
f 4926 4885 4927
f 4927 4885 4902
f 4927 4902 4906
f 4908 4928 4907
f 4907 4928 4929
f 4907 4929 4906
f 4906 4929 4930
f 4906 4930 4927
f 4923 4931 4922
f 4922 4931 4932
f 4922 4932 4921
f 4921 4932 4933
f 4921 4933 4920
f 4920 4933 4934
f 4920 4934 4919
f 4930 4935 4927
f 4927 4935 4936
f 4927 4936 4926
f 4926 4936 4937
f 4926 4937 4925
f 4925 4937 4938
f 4925 4938 4924
f 4924 4938 4939
f 4924 4939 4923
f 4923 4939 4940
f 4923 4940 4931
f 4912 4941 4911
f 4911 4941 4942
f 4911 4942 4910
f 4910 4942 4943
f 4910 4943 4909
f 4909 4943 4944
f 4909 4944 4908
f 4908 4944 4945
f 4908 4945 4928
f 4934 4946 4919
f 4919 4946 4947
f 4919 4947 4918
f 4918 4947 4948
f 4918 4948 4917
f 4917 4948 4949
f 4917 4949 4916
f 4949 4950 4916
f 4916 4950 4951
f 4916 4951 4915
f 4915 4951 4952
f 4915 4952 4914
f 4914 4952 4953
f 4914 4953 4913
f 4913 4953 4954
f 4913 4954 4912
f 4912 4954 4955
f 4912 4955 4941
f 4956 4930 4929
f 4956 4929 4957
f 4957 4929 4928
f 4957 4928 4958
f 4958 4928 4945
f 4958 4945 4959
f 4959 4945 4944
f 4959 4944 4960
f 4960 4944 4943
f 4960 4943 4961
f 4961 4943 4942
f 4961 4942 4962
f 4962 4942 4941
f 4962 4941 4963
f 4963 4941 4955
f 4963 4955 4964
f 4964 4955 4954
f 4964 4954 4965
f 4965 4954 4953
f 4965 4953 4966
f 4966 4953 4952
f 4966 4952 4967
f 4967 4952 4951
f 4967 4951 4968
f 4968 4951 4950
f 4968 4950 4969
f 4969 4950 4949
f 4969 4949 4970
f 4970 4949 4948
f 4970 4948 4971
f 4971 4948 4947
f 4971 4947 4972
f 4972 4947 4946
f 4972 4946 4973
f 4973 4946 4934
f 4973 4934 4974
f 4974 4934 4933
f 4974 4933 4975
f 4975 4933 4932
f 4975 4932 4976
f 4976 4932 4931
f 4976 4931 4977
f 4977 4931 4940
f 4977 4940 4978
f 4978 4940 4939
f 4978 4939 4979
f 4979 4939 4938
f 4979 4938 4980
f 4980 4938 4937
f 4980 4937 4981
f 4981 4937 4936
f 4981 4936 4982
f 4982 4936 4935
f 4982 4935 4983
f 4983 4935 4930
f 4983 4930 4956
f 4975 4976 4959
f 4959 4976 4977
f 4960 4961 4973
f 4973 4961 4962
f 4973 4962 4963
f 4960 4973 4959
f 4959 4973 4974
f 4959 4974 4975
f 4977 4978 4959
f 4959 4978 4979
f 4959 4979 4980
f 4980 4981 4959
f 4959 4981 4982
f 4959 4982 4983
f 4963 4964 4973
f 4973 4964 4965
f 4973 4965 4966
f 4983 4956 4959
f 4959 4956 4957
f 4959 4957 4958
f 4970 4971 4969
f 4969 4971 4968
f 4966 4967 4973
f 4973 4967 4968
f 4973 4968 4972
f 4972 4968 4971
f 4984 4985 4986
f 4986 4985 4987
f 4988 4989 4990
f 4990 4989 4991
f 4990 4991 4992
f 4992 4991 4993
f 4992 4993 4994
f 4994 4993 4995
f 4994 4995 4996
f 4996 4995 4997
f 4996 4997 4998
f 4998 4997 4999
f 4998 4999 5000
f 5000 4999 5001
f 5000 5001 5002
f 5002 5001 5003
f 4996 4998 5004
f 5005 5006 5000
f 5000 5006 5007
f 5000 5007 4998
f 4998 5007 5008
f 4998 5008 5004
f 4992 4994 4990
f 4990 4994 4996
f 4990 4996 4988
f 4988 4996 5004
f 5002 5009 5000
f 5000 5009 5010
f 5000 5010 5005
f 5002 5003 5009
f 5009 5003 5011
f 5009 5011 5010
f 5010 5011 5012
f 5010 5012 5005
f 5005 5012 5013
f 5005 5013 5006
f 5006 5013 5014
f 5006 5014 5007
f 5007 5014 5015
f 5007 5015 5008
f 5008 5015 5016
f 5008 5016 5004
f 5004 5016 5017
f 5004 5017 4988
f 4988 5017 4989
f 5018 5019 5020
f 5018 5020 5021
f 5021 5020 5022
f 5021 5022 5023
f 5022 5024 5023
f 5023 5024 5025
f 5023 5025 5026
f 5026 5025 5027
f 5026 5027 5028
f 5028 5027 5029
f 5028 5029 5030
f 5029 5031 5030
f 5030 5031 5032
f 5030 5032 5033
f 5032 5034 5033
f 5033 5034 5035
f 5033 5035 5036
f 5035 5037 5036
f 5036 5037 5038
f 5036 5038 5039
f 5040 5018 5003
f 5003 5018 5011
f 5011 5018 5021
f 5011 5021 5012
f 5012 5021 5023
f 5012 5023 5013
f 5023 5026 5013
f 5013 5026 5028
f 5013 5028 5014
f 5014 5028 5030
f 5014 5030 5015
f 5015 5030 5033
f 5003 5001 5040
f 5040 5001 4999
f 5040 4999 5041
f 5041 4999 4997
f 5041 4997 5042
f 5042 4997 4995
f 5042 4995 5043
f 5043 4995 4993
f 5043 4993 5044
f 5044 4993 4991
f 5044 4991 5039
f 5039 4991 4989
f 5039 4989 5036
f 5036 4989 5017
f 5036 5017 5033
f 5033 5017 5016
f 5033 5016 5015
f 5039 5038 5045
f 5039 5045 5044
f 5044 5045 5046
f 5044 5046 5043
f 5046 5047 5043
f 5043 5047 5048
f 5043 5048 5042
f 5048 5049 5042
f 5042 5049 5050
f 5042 5050 5041
f 5050 5051 5041
f 5041 5051 5052
f 5041 5052 5040
f 5052 5053 5040
f 5040 5053 5019
f 5040 5019 5018
f 5054 5055 5053
f 5053 5055 5019
f 5054 5053 5056
f 5056 5053 5052
f 5056 5052 5057
f 5057 5052 5058
f 5058 5052 5051
f 5058 5051 5059
f 5059 5051 5050
f 5059 5050 5060
f 5060 5050 5049
f 5060 5049 5061
f 5061 5049 5048
f 5061 5048 5062
f 5062 5048 5047
f 5062 5047 5063
f 5063 5047 5046
f 5063 5046 5064
f 5064 5046 5045
f 5064 5045 5065
f 5065 5045 5038
f 5065 5038 5066
f 5019 5055 5020
f 5020 5055 5067
f 5020 5067 5022
f 5022 5067 5068
f 5022 5068 5024
f 5024 5068 5069
f 5024 5069 5025
f 5025 5069 5070
f 5025 5070 5027
f 5027 5070 5071
f 5027 5071 5029
f 5029 5071 5072
f 5029 5072 5031
f 5031 5072 5073
f 5031 5073 5032
f 5032 5073 5074
f 5032 5074 5034
f 5034 5074 5075
f 5034 5075 5035
f 5035 5075 5076
f 5035 5076 5037
f 5037 5076 5077
f 5037 5077 5038
f 5038 5077 5066
f 5067 5055 5078
f 5079 5080 5081
f 5081 5080 5066
f 5066 5077 5081
f 5081 5077 5076
f 5081 5076 5082
f 5082 5076 5075
f 5082 5075 5083
f 5075 5074 5083
f 5083 5074 5073
f 5083 5073 5084
f 5084 5073 5072
f 5084 5072 5085
f 5072 5071 5085
f 5085 5071 5070
f 5085 5070 5086
f 5086 5070 5069
f 5086 5069 5087
f 5087 5069 5068
f 5087 5088 5086
f 5086 5088 5089
f 5086 5089 5085
f 5085 5089 5090
f 5085 5090 5084
f 5084 5090 5091
f 5084 5091 5083
f 5083 5091 5092
f 5083 5092 5082
f 5082 5092 5093
f 5082 5093 5081
f 5081 5093 5094
f 5081 5094 5079
f 5079 5094 5095
f 5068 5067 5087
f 5087 5067 5078
f 5087 5078 5088
f 5088 5078 5096
f 5088 5096 5097
f 5097 5098 5088
f 5088 5098 5099
f 5088 5099 5089
f 5089 5099 5100
f 5089 5100 5090
f 5090 5100 5101
f 5090 5101 5091
f 5091 5101 5102
f 5091 5102 5092
f 5092 5102 5103
f 5092 5103 5093
f 5093 5103 5104
f 5093 5104 5094
f 5094 5104 5105
f 5094 5105 5095
f 5095 5105 5106
f 5098 5107 5099
f 5099 5107 5108
f 5099 5108 5100
f 5100 5108 5109
f 5100 5109 5101
f 5101 5109 5110
f 5101 5110 5102
f 5102 5110 5111
f 5102 5111 5103
f 5103 5111 5112
f 5103 5112 5104
f 5104 5112 5113
f 5104 5113 5105
f 5105 5113 5114
f 5105 5114 5106
f 5106 5114 5115
f 5096 5078 5116
f 5065 5066 5080
f 5078 5055 5116
f 5116 5055 5054
f 5116 5054 5117
f 5054 5056 5117
f 5117 5056 5057
f 5117 5057 5118
f 5057 5058 5118
f 5118 5058 5059
f 5118 5059 5119
f 5059 5060 5119
f 5119 5060 5061
f 5119 5061 5120
f 5120 5061 5062
f 5120 5062 5121
f 5062 5063 5121
f 5121 5063 5064
f 5121 5064 5122
f 5122 5123 5121
f 5121 5123 5124
f 5121 5124 5120
f 5120 5124 5125
f 5120 5125 5119
f 5119 5125 5126
f 5119 5126 5118
f 5118 5126 5127
f 5118 5127 5117
f 5117 5127 5128
f 5117 5128 5116
f 5116 5128 5129
f 5116 5129 5096
f 5096 5129 5097
f 5064 5065 5122
f 5122 5065 5080
f 5122 5080 5123
f 5123 5080 5079
f 5123 5079 5095
f 5095 5106 5123
f 5123 5106 5130
f 5123 5130 5124
f 5124 5130 5131
f 5124 5131 5125
f 5125 5131 5132
f 5125 5132 5126
f 5126 5132 5133
f 5126 5133 5127
f 5127 5133 5134
f 5127 5134 5128
f 5128 5134 5135
f 5128 5135 5129
f 5129 5135 5136
f 5129 5136 5097
f 5097 5136 5098
f 5106 5115 5130
f 5130 5115 5137
f 5130 5137 5131
f 5131 5137 5138
f 5131 5138 5132
f 5132 5138 5139
f 5132 5139 5133
f 5133 5139 5140
f 5133 5140 5134
f 5134 5140 5141
f 5134 5141 5135
f 5135 5141 5142
f 5135 5142 5136
f 5136 5142 5143
f 5136 5143 5098
f 5098 5143 5107
f 5144 5145 5146
f 5146 5145 5147
f 5146 5147 5148
f 5148 5147 5149
f 5148 5149 5150
f 5150 5149 5151
f 5150 5151 5152
f 5152 5151 5153
f 5152 5153 5154
f 5154 5153 5155
f 5154 5155 5156
f 5156 5155 5157
f 5156 5157 5158
f 5158 5157 5159
f 5158 5159 5160
f 5160 5159 5161
f 5162 5163 5154
f 5154 5163 5144
f 5160 5164 5165
f 5150 5152 5148
f 5148 5152 5154
f 5148 5154 5146
f 5146 5154 5144
f 5154 5156 5162
f 5162 5156 5158
f 5162 5158 5166
f 5166 5158 5160
f 5166 5160 5167
f 5167 5160 5165
f 5160 5161 5164
f 5164 5161 5168
f 5164 5168 5165
f 5165 5168 5169
f 5165 5169 5167
f 5167 5169 5170
f 5167 5170 5166
f 5166 5170 5171
f 5166 5171 5162
f 5162 5171 5172
f 5162 5172 5163
f 5163 5172 5173
f 5163 5173 5144
f 5144 5173 5145
f 5174 5175 5176
f 5174 5176 5177
f 5177 5176 5178
f 5177 5178 5179
f 5178 5180 5179
f 5179 5180 5181
f 5179 5181 5182
f 5182 5181 5183
f 5182 5183 5184
f 5184 5183 5185
f 5184 5185 5186
f 5185 5187 5186
f 5186 5187 5188
f 5186 5188 5189
f 5188 5190 5189
f 5189 5190 5191
f 5189 5191 5192
f 5191 5193 5192
f 5192 5193 5194
f 5192 5194 5195
f 5182 5170 5179
f 5179 5170 5169
f 5179 5169 5177
f 5177 5169 5168
f 5177 5168 5174
f 5174 5168 5161
f 5174 5161 5196
f 5196 5161 5159
f 5196 5159 5197
f 5189 5171 5186
f 5186 5171 5170
f 5186 5170 5184
f 5184 5170 5182
f 5159 5157 5197
f 5197 5157 5155
f 5197 5155 5198
f 5198 5155 5153
f 5198 5153 5199
f 5199 5153 5151
f 5199 5151 5200
f 5200 5151 5201
f 5201 5151 5149
f 5201 5149 5202
f 5202 5149 5147
f 5202 5147 5195
f 5195 5147 5145
f 5195 5145 5192
f 5192 5145 5173
f 5192 5173 5189
f 5189 5173 5172
f 5189 5172 5171
f 5203 5201 5204
f 5204 5201 5202
f 5204 5202 5205
f 5205 5202 5195
f 5205 5195 5194
f 5198 5199 5203
f 5203 5199 5200
f 5203 5200 5201
f 5203 5206 5198
f 5198 5206 5207
f 5198 5207 5197
f 5197 5207 5208
f 5197 5208 5196
f 5196 5208 5175
f 5196 5175 5174
f 5209 5210 5208
f 5208 5210 5175
f 5209 5208 5211
f 5211 5208 5207
f 5211 5207 5212
f 5212 5207 5213
f 5213 5207 5206
f 5213 5206 5214
f 5214 5206 5215
f 5215 5206 5203
f 5215 5203 5216
f 5216 5203 5217
f 5217 5203 5204
f 5217 5204 5218
f 5218 5204 5219
f 5219 5204 5205
f 5219 5205 5220
f 5220 5205 5194
f 5220 5194 5221
f 5221 5194 5222
f 5222 5194 5193
f 5222 5193 5223
f 5223 5193 5191
f 5223 5191 5224
f 5224 5191 5190
f 5224 5190 5225
f 5225 5190 5188
f 5225 5188 5226
f 5226 5188 5187
f 5226 5187 5227
f 5181 5228 5183
f 5183 5228 5227
f 5183 5227 5185
f 5185 5227 5187
f 5175 5210 5176
f 5176 5210 5229
f 5176 5229 5178
f 5178 5229 5230
f 5178 5230 5180
f 5180 5230 5231
f 5180 5231 5181
f 5181 5231 5232
f 5181 5232 5228
f 5233 5234 5221
f 5221 5222 5233
f 5233 5222 5223
f 5233 5223 5235
f 5235 5223 5224
f 5235 5224 5236
f 5224 5225 5236
f 5236 5225 5226
f 5236 5226 5237
f 5237 5226 5227
f 5237 5227 5238
f 5227 5228 5238
f 5238 5228 5232
f 5238 5232 5239
f 5239 5232 5231
f 5239 5231 5240
f 5210 5241 5229
f 5229 5241 5240
f 5229 5240 5230
f 5230 5240 5231
f 5241 5242 5240
f 5240 5242 5243
f 5240 5243 5239
f 5239 5243 5244
f 5239 5244 5238
f 5238 5244 5245
f 5238 5245 5237
f 5237 5245 5246
f 5237 5246 5236
f 5236 5246 5247
f 5236 5247 5235
f 5235 5247 5248
f 5235 5248 5233
f 5233 5248 5249
f 5233 5249 5234
f 5234 5249 5250
f 5242 5251 5243
f 5243 5251 5252
f 5243 5252 5244
f 5244 5252 5253
f 5244 5253 5245
f 5245 5253 5254
f 5245 5254 5246
f 5246 5254 5255
f 5246 5255 5247
f 5247 5255 5256
f 5247 5256 5248
f 5248 5256 5257
f 5248 5257 5249
f 5249 5257 5258
f 5249 5258 5250
f 5250 5258 5259
f 5251 5260 5252
f 5252 5260 5261
f 5252 5261 5253
f 5253 5261 5262
f 5253 5262 5254
f 5254 5262 5263
f 5254 5263 5255
f 5255 5263 5264
f 5255 5264 5256
f 5256 5264 5265
f 5256 5265 5257
f 5257 5265 5266
f 5257 5266 5258
f 5258 5266 5267
f 5258 5267 5259
f 5259 5267 5268
f 5241 5210 5269
f 5269 5210 5209
f 5269 5209 5270
f 5209 5211 5270
f 5270 5211 5212
f 5270 5212 5271
f 5212 5213 5271
f 5271 5213 5214
f 5271 5214 5272
f 5214 5215 5272
f 5272 5215 5216
f 5272 5216 5273
f 5273 5216 5217
f 5273 5217 5274
f 5221 5234 5220
f 5220 5234 5275
f 5220 5275 5219
f 5219 5275 5274
f 5219 5274 5218
f 5218 5274 5217
f 5234 5250 5275
f 5275 5250 5276
f 5275 5276 5274
f 5274 5276 5277
f 5274 5277 5273
f 5273 5277 5278
f 5273 5278 5272
f 5272 5278 5279
f 5272 5279 5271
f 5271 5279 5280
f 5271 5280 5270
f 5270 5280 5281
f 5270 5281 5269
f 5269 5281 5282
f 5269 5282 5241
f 5241 5282 5242
f 5250 5259 5276
f 5276 5259 5283
f 5276 5283 5277
f 5277 5283 5284
f 5277 5284 5278
f 5278 5284 5285
f 5278 5285 5279
f 5279 5285 5286
f 5279 5286 5280
f 5280 5286 5287
f 5280 5287 5281
f 5281 5287 5288
f 5281 5288 5282
f 5282 5288 5289
f 5282 5289 5242
f 5242 5289 5251
f 5259 5268 5283
f 5283 5268 5290
f 5283 5290 5284
f 5284 5290 5291
f 5284 5291 5285
f 5285 5291 5292
f 5285 5292 5286
f 5286 5292 5293
f 5286 5293 5287
f 5287 5293 5294
f 5287 5294 5288
f 5288 5294 5295
f 5288 5295 5289
f 5289 5295 5296
f 5289 5296 5251
f 5251 5296 5260
f 5297 5298 5299
f 5299 5298 5300
f 5301 5302 5303
f 5303 5302 5304
f 5305 5306 5307
f 5305 5307 5308
f 5308 5307 5309
f 5308 5309 5310
f 5310 5309 5311
f 5310 5311 5312
f 5312 5311 5313
f 5312 5313 5314
f 5314 5313 5315
f 5314 5315 5316
f 5316 5315 5317
f 5317 5315 5318
f 5317 5318 5319
f 5318 5320 5319
f 5319 5320 5303
f 5319 5303 5304
f 5306 5305 5321
f 5321 5305 5322
f 5321 5322 5323
f 5323 5322 5324
f 5323 5324 5325
f 5325 5324 5326
f 5327 5328 5329
f 5329 5330 5327
f 5327 5330 5331
f 5327 5331 5332
f 5332 5331 5333
f 5332 5333 5334
f 5334 5333 5335
f 5335 5333 5336
f 5335 5336 5337
f 5337 5338 5339
f 5340 5332 5334
f 5339 5341 5337
f 5337 5341 5340
f 5337 5340 5335
f 5335 5340 5334
f 5337 5336 5338
f 5338 5336 5342
f 5343 5344 5345
f 5346 5347 5348
f 5348 5349 5346
f 5346 5349 5350
f 5346 5350 5351
f 5351 5350 5352
f 5352 5350 5353
f 5352 5353 5354
f 5345 5355 5343
f 5343 5355 5354
f 5343 5354 5356
f 5356 5354 5353
f 5357 5358 5359
f 5359 5358 5360
f 5359 5360 5361
f 5361 5360 5362
f 5361 5362 5363
f 5363 5362 5364
f 5363 5364 5365
f 5365 5364 5366
f 5365 5366 5367
f 5367 5366 5368
f 5367 5368 5369
f 5369 5368 5370
f 5369 5370 5371
f 5371 5370 5372
f 5371 5372 5373
f 5373 5372 5374
f 5373 5374 5375
f 5375 5374 5376
f 5375 5376 5377
f 5377 5376 5378
f 5377 5378 5379
f 5379 5378 5380
f 5379 5380 5381
f 5381 5380 5382
f 5381 5382 5383
f 5383 5382 5384
f 5383 5384 5385
f 5385 5384 5386
f 5385 5386 5357
f 5357 5386 5358
f 5361 5387 5359
f 5359 5387 5388
f 5359 5388 5357
f 5357 5388 5389
f 5357 5389 5385
f 5390 5391 5361
f 5361 5391 5392
f 5361 5392 5387
f 5390 5361 5393
f 5393 5361 5363
f 5393 5363 5394
f 5394 5363 5365
f 5394 5365 5395
f 5395 5365 5367
f 5395 5367 5396
f 5396 5367 5369
f 5396 5369 5397
f 5397 5369 5371
f 5397 5371 5398
f 5398 5371 5373
f 5398 5373 5399
f 5399 5373 5375
f 5399 5375 5400
f 5400 5375 5377
f 5400 5377 5401
f 5401 5377 5379
f 5401 5379 5402
f 5348 5403 5349
f 5349 5403 5350
f 5344 5343 5404
f 5404 5343 5356
f 5404 5356 5403
f 5403 5356 5353
f 5403 5353 5350
f 5379 5381 5402
f 5402 5381 5383
f 5402 5383 5404
f 5404 5383 5385
f 5404 5385 5344
f 5344 5385 5389
f 5405 5387 5406
f 5406 5387 5392
f 5406 5392 5407
f 5407 5392 5391
f 5407 5391 5408
f 5408 5391 5390
f 5408 5390 5409
f 5409 5390 5393
f 5401 5410 5411
f 5401 5411 5400
f 5400 5411 5412
f 5400 5412 5399
f 5399 5412 5413
f 5399 5413 5398
f 5398 5413 5414
f 5398 5414 5397
f 5397 5414 5415
f 5397 5415 5396
f 5396 5415 5395
f 5395 5415 5416
f 5395 5416 5394
f 5416 5417 5394
f 5394 5417 5409
f 5394 5409 5393
f 5418 5410 5402
f 5402 5410 5401
f 5348 5419 5403
f 5403 5419 5420
f 5403 5420 5404
f 5404 5420 5421
f 5404 5421 5402
f 5402 5421 5418
f 5330 5329 5422
f 5366 5364 5423
f 5423 5364 5362
f 5423 5362 5424
f 5419 5342 5336
f 5425 5405 5423
f 5423 5405 5406
f 5406 5407 5423
f 5423 5407 5408
f 5423 5408 5366
f 5362 5360 5424
f 5424 5360 5358
f 5424 5358 5426
f 5426 5358 5386
f 5426 5386 5422
f 5384 5336 5386
f 5386 5336 5333
f 5386 5333 5422
f 5422 5333 5331
f 5422 5331 5330
f 5408 5409 5366
f 5366 5409 5417
f 5366 5417 5368
f 5368 5417 5416
f 5368 5416 5370
f 5370 5416 5415
f 5370 5415 5372
f 5372 5415 5414
f 5372 5414 5374
f 5374 5414 5413
f 5374 5413 5376
f 5376 5413 5412
f 5376 5412 5378
f 5378 5412 5411
f 5378 5411 5380
f 5380 5411 5410
f 5380 5410 5382
f 5382 5410 5418
f 5382 5418 5384
f 5384 5418 5421
f 5384 5421 5336
f 5336 5421 5420
f 5336 5420 5419
f 5427 5428 5429
f 5429 5428 5430
f 5427 5429 5431
f 5431 5429 5432
f 5431 5432 5433
f 5433 5432 5434
f 5433 5434 5435
f 5435 5434 5436
f 5435 5436 5437
f 5437 5436 5438
f 5437 5438 5439
f 5439 5438 5440
f 5439 5440 5441
f 5441 5440 5442
f 5441 5442 5443
f 5443 5442 5444
f 5445 5443 5446
f 5446 5443 5444
f 5436 5434 5424
f 5424 5434 5432
f 5424 5432 5429
f 5447 5446 5448
f 5448 5446 5444
f 5448 5444 5442
f 5442 5440 5448
f 5448 5440 5438
f 5448 5438 5449
f 5449 5438 5436
f 5449 5436 5450
f 5450 5436 5424
f 5429 5430 5424
f 5424 5430 5451
f 5424 5451 5423
f 5424 5426 5452
f 5452 5453 5424
f 5424 5453 5454
f 5424 5454 5450
f 5329 5328 5455
f 5455 5456 5329
f 5329 5456 5457
f 5329 5457 5422
f 5422 5457 5458
f 5422 5458 5426
f 5426 5458 5459
f 5426 5459 5452
f 5460 5461 5462
f 5462 5461 5463
f 5462 5463 5464
f 5464 5463 5465
f 5464 5465 5466
f 5459 5458 5467
f 5467 5458 5457
f 5467 5457 5468
f 5468 5457 5469
f 5468 5469 5460
f 5460 5469 5470
f 5460 5470 5461
f 5449 5450 5471
f 5471 5450 5454
f 5471 5454 5472
f 5472 5454 5453
f 5472 5453 5467
f 5467 5453 5452
f 5467 5452 5459
f 5473 5474 5475
f 5475 5474 5476
f 5476 5474 5477
f 5477 5474 5478
f 5477 5478 5479
f 5479 5478 5480
f 5479 5480 5481
f 5481 5480 5482
f 5481 5482 5483
f 5483 5482 5484
f 5483 5484 5485
f 5485 5484 5486
f 5485 5486 5487
f 5487 5486 5488
f 5487 5488 5489
f 5489 5488 5490
f 5490 5491 5489
f 5489 5491 5492
f 5493 5494 5495
f 5488 5486 5493
f 5493 5486 5484
f 5488 5493 5490
f 5490 5493 5495
f 5490 5495 5491
f 5480 5496 5482
f 5482 5496 5497
f 5482 5497 5484
f 5484 5497 5498
f 5484 5498 5493
f 5473 5499 5474
f 5474 5499 5496
f 5474 5496 5478
f 5478 5496 5480
f 5500 5501 5502
f 5502 5501 5493
f 5502 5493 5503
f 5503 5493 5498
f 5498 5497 5503
f 5503 5497 5504
f 5503 5504 5502
f 5502 5504 5505
f 5502 5505 5500
f 5500 5505 5506
f 5500 5506 5507
f 5507 5506 5508
f 5508 5506 5509
f 5509 5506 5510
f 5509 5510 5511
f 5466 5512 5513
f 5513 5512 5514
f 5511 5510 5515
f 5515 5510 5516
f 5515 5516 5514
f 5514 5516 5517
f 5514 5517 5513
f 5457 5456 5469
f 5469 5456 5470
f 5509 5511 5518
f 5518 5511 5515
f 5465 5463 5456
f 5456 5463 5461
f 5456 5461 5470
f 5515 5514 5518
f 5518 5514 5512
f 5518 5512 5456
f 5456 5512 5466
f 5456 5466 5465
f 5456 5340 5518
f 5518 5340 5519
f 5518 5519 5520
f 5327 5332 5328
f 5328 5332 5340
f 5328 5340 5455
f 5455 5340 5456
f 5521 5522 5519
f 5519 5522 5523
f 5519 5523 5520
f 5520 5523 5524
f 5508 5509 5518
f 5520 5524 5518
f 5518 5524 5507
f 5518 5507 5508
f 5524 5525 5507
f 5507 5525 5501
f 5507 5501 5500
f 5526 5527 5528
f 5528 5527 5529
f 5528 5529 5530
f 5524 5523 5531
f 5531 5523 5522
f 5531 5522 5532
f 5532 5522 5521
f 5532 5521 5530
f 5530 5521 5533
f 5530 5533 5528
f 5534 5535 5526
f 5526 5535 5527
f 5536 5534 5526
f 5533 5521 5519
f 5528 5533 5526
f 5526 5533 5519
f 5526 5519 5536
f 5536 5519 5537
f 5538 5537 5519
f 5341 5539 5340
f 5340 5539 5540
f 5340 5540 5519
f 5519 5540 5541
f 5519 5541 5538
f 5538 5542 5543
f 5342 5419 5338
f 5338 5419 5348
f 5338 5348 5544
f 5544 5348 5347
f 5544 5347 5341
f 5341 5347 5545
f 5341 5545 5546
f 5542 5538 5547
f 5547 5538 5541
f 5547 5541 5548
f 5548 5541 5540
f 5548 5540 5546
f 5546 5540 5539
f 5546 5539 5341
f 5549 5535 5550
f 5550 5535 5534
f 5550 5534 5551
f 5551 5534 5536
f 5551 5536 5543
f 5543 5536 5537
f 5543 5537 5538
f 5552 5550 5551
f 5553 5554 5555
f 5551 5556 5552
f 5552 5556 5557
f 5552 5557 5558
f 5558 5557 5559
f 5558 5559 5560
f 5560 5559 5553
f 5560 5553 5561
f 5561 5553 5555
f 5562 5563 5564
f 5564 5563 5565
f 5566 5567 5568
f 5568 5567 5565
f 5568 5565 5569
f 5569 5565 5563
f 5569 5563 5570
f 5570 5563 5562
f 5570 5562 5571
f 5572 5573 5574
f 5575 5576 5577
f 5577 5576 5578
f 5577 5578 5579
f 5579 5578 5572
f 5579 5572 5571
f 5571 5572 5574
f 5571 5574 5570
f 5580 5581 5582
f 5562 5564 5571
f 5571 5564 5583
f 5571 5583 5579
f 5583 5584 5579
f 5579 5584 5585
f 5579 5585 5577
f 5577 5585 5575
f 5586 5587 5588
f 5588 5587 5589
f 5588 5589 5590
f 5590 5589 5591
f 5590 5591 5582
f 5582 5591 5592
f 5582 5592 5580
f 5564 5565 5583
f 5583 5565 5567
f 5583 5567 5586
f 5586 5567 5566
f 5586 5566 5587
f 5566 5568 5587
f 5587 5568 5589
f 5593 5594 5595
f 5595 5594 5596
f 5580 5592 5568
f 5568 5592 5591
f 5568 5591 5589
f 5596 5597 5595
f 5595 5597 5598
f 5595 5598 5568
f 5568 5598 5581
f 5568 5581 5580
f 5599 5595 5600
f 5600 5595 5568
f 5600 5568 5569
f 5600 5569 5601
f 5601 5569 5570
f 5601 5570 5602
f 5603 5602 5574
f 5574 5602 5570
f 5574 5555 5603
f 5603 5555 5554
f 5604 5605 5606
f 5606 5605 5607
f 5606 5607 5608
f 5608 5607 5609
f 5608 5609 5610
f 5610 5609 5611
f 5610 5611 5612
f 5612 5611 5613
f 5612 5613 5614
f 5614 5613 5615
f 5614 5615 5616
f 5616 5615 5617
f 5616 5617 5618
f 5618 5617 5619
f 5618 5619 5620
f 5620 5619 5621
f 5620 5621 5622
f 5622 5621 5623
f 5622 5623 5624
f 5624 5623 5625
f 5624 5625 5626
f 5626 5625 5627
f 5626 5627 5628
f 5628 5627 5629
f 5628 5629 5630
f 5630 5629 5631
f 5630 5631 5632
f 5632 5631 5633
f 5632 5633 5604
f 5604 5633 5605
f 5604 5606 5561
f 5558 5634 5552
f 5552 5634 5550
f 5635 5606 5302
f 5302 5606 5608
f 5302 5608 5304
f 5304 5608 5610
f 5304 5610 5319
f 5319 5610 5612
f 5319 5612 5317
f 5317 5612 5614
f 5317 5614 5316
f 5316 5614 5616
f 5316 5616 5314
f 5314 5616 5618
f 5573 5326 5574
f 5574 5326 5324
f 5574 5324 5322
f 5561 5606 5560
f 5560 5606 5635
f 5560 5635 5558
f 5558 5635 5636
f 5558 5636 5634
f 5322 5626 5628
f 5561 5555 5604
f 5604 5555 5574
f 5604 5574 5632
f 5632 5574 5322
f 5632 5322 5630
f 5630 5322 5628
f 5626 5322 5624
f 5624 5322 5305
f 5624 5305 5622
f 5622 5305 5308
f 5622 5308 5620
f 5620 5308 5310
f 5620 5310 5618
f 5618 5310 5312
f 5618 5312 5314
f 5549 5550 5637
f 5637 5550 5634
f 5637 5634 5638
f 5638 5634 5636
f 5638 5636 5639
f 5639 5636 5635
f 5639 5635 5301
f 5301 5635 5302
f 5638 5607 5605
f 5638 5639 5607
f 5607 5639 5301
f 5607 5301 5609
f 5525 5524 5531
f 5325 5640 5323
f 5323 5640 5494
f 5323 5494 5321
f 5531 5532 5525
f 5525 5532 5530
f 5525 5530 5501
f 5501 5530 5529
f 5501 5529 5527
f 5637 5638 5501
f 5501 5638 5605
f 5501 5605 5493
f 5493 5605 5633
f 5493 5633 5494
f 5494 5633 5631
f 5494 5631 5321
f 5527 5535 5501
f 5501 5535 5549
f 5501 5549 5637
f 5609 5301 5611
f 5611 5301 5303
f 5611 5303 5613
f 5613 5303 5320
f 5613 5320 5615
f 5615 5320 5318
f 5615 5318 5617
f 5617 5318 5315
f 5617 5315 5619
f 5315 5313 5619
f 5619 5313 5311
f 5619 5311 5621
f 5621 5311 5309
f 5621 5309 5623
f 5623 5309 5307
f 5623 5307 5625
f 5625 5307 5306
f 5625 5306 5627
f 5627 5306 5321
f 5627 5321 5629
f 5629 5321 5631
f 5572 5641 5573
f 5573 5641 5642
f 5573 5642 5643
f 5643 5644 5573
f 5573 5644 5645
f 5573 5645 5646
f 5325 5326 5640
f 5640 5326 5573
f 5640 5573 5647
f 5647 5573 5646
f 5648 5649 5645
f 5645 5649 5646
f 5647 5646 5649
f 5495 5494 5640
f 5492 5491 5649
f 5649 5491 5495
f 5649 5495 5647
f 5647 5495 5640
f 5489 5492 5649
f 5300 5475 5299
f 5299 5475 5476
f 5649 5648 5489
f 5489 5648 5650
f 5489 5650 5487
f 5487 5650 5651
f 5487 5651 5485
f 5485 5651 5652
f 5485 5652 5483
f 5483 5652 5653
f 5483 5653 5481
f 5481 5653 5654
f 5481 5654 5479
f 5479 5654 5655
f 5479 5655 5477
f 5477 5655 5656
f 5477 5656 5476
f 5476 5656 5657
f 5476 5657 5299
f 5578 5654 5572
f 5572 5654 5653
f 5297 5299 5658
f 5658 5299 5657
f 5658 5657 5659
f 5659 5657 5656
f 5659 5656 5660
f 5660 5656 5655
f 5660 5655 5661
f 5661 5655 5654
f 5661 5654 5576
f 5576 5654 5578
f 5648 5645 5650
f 5650 5645 5644
f 5650 5644 5651
f 5651 5644 5643
f 5651 5643 5652
f 5652 5643 5642
f 5652 5642 5653
f 5653 5642 5641
f 5653 5641 5572
f 5658 5662 5297
f 5297 5662 5663
f 5297 5663 5298
f 5298 5663 5664
f 5658 5659 5662
f 5662 5659 5660
f 5662 5660 5575
f 5575 5660 5661
f 5575 5661 5576
f 5665 5666 5667
f 5667 5666 5668
f 5669 5670 5671
f 5671 5670 5672
f 5668 5666 5673
f 5673 5666 5674
f 5673 5674 5675
f 5675 5674 5676
f 5675 5676 5677
f 5677 5676 5678
f 5677 5678 5679
f 5679 5678 5670
f 5679 5670 5680
f 5680 5670 5669
f 5681 5682 5683
f 5683 5682 5684
f 5683 5684 5685
f 5685 5684 5686
f 5685 5686 5687
f 5687 5686 5688
f 5687 5688 5672
f 5672 5688 5689
f 5672 5689 5671
f 5690 5682 5691
f 5691 5682 5681
f 5671 5689 5692
f 5692 5689 5688
f 5692 5688 5693
f 5690 5694 5682
f 5682 5694 5695
f 5682 5695 5684
f 5684 5695 5693
f 5684 5693 5686
f 5686 5693 5688
f 5664 5663 5696
f 5664 5696 5697
f 5697 5696 5698
f 5697 5698 5699
f 5699 5698 5700
f 5699 5700 5701
f 5701 5700 5702
f 5701 5702 5703
f 5703 5702 5704
f 5703 5704 5705
f 5705 5704 5706
f 5705 5706 5707
f 5707 5706 5708
f 5707 5708 5709
f 5709 5708 5710
f 5709 5710 5711
f 5711 5710 5712
f 5711 5712 5713
f 5713 5712 5695
f 5713 5695 5694
f 5714 5715 5109
f 5695 5112 5693
f 5693 5112 5111
f 5693 5111 5715
f 5715 5111 5110
f 5715 5110 5109
f 5704 5702 5265
f 5716 5717 5261
f 5695 5712 5112
f 5112 5712 5710
f 5112 5710 5113
f 5109 5108 5714
f 5714 5108 5107
f 5714 5107 5718
f 5719 5294 5662
f 5662 5294 5293
f 5662 5293 5663
f 5663 5293 5292
f 5138 5137 5708
f 5708 5137 5115
f 5708 5115 5710
f 5710 5115 5114
f 5710 5114 5113
f 5261 5260 5716
f 5716 5260 5296
f 5716 5296 5719
f 5719 5296 5295
f 5719 5295 5294
f 5291 5698 5292
f 5292 5698 5696
f 5292 5696 5663
f 5291 5290 5698
f 5698 5290 5268
f 5698 5268 5700
f 5700 5268 5267
f 5700 5267 5702
f 5702 5267 5266
f 5702 5266 5265
f 5107 5143 5718
f 5718 5143 5142
f 5718 5142 5720
f 5720 5142 5141
f 5708 5706 5138
f 5138 5706 5704
f 5138 5704 5139
f 5139 5704 5265
f 5139 5265 5140
f 5140 5265 5264
f 5140 5264 5263
f 5141 5140 5720
f 5720 5140 5263
f 5720 5263 5717
f 5717 5263 5262
f 5717 5262 5261
f 5692 5693 5721
f 5721 5693 5715
f 5721 5715 5722
f 5722 5715 5723
f 5723 5715 5714
f 5723 5714 5724
f 5724 5714 5725
f 5725 5714 5718
f 5725 5718 5726
f 5726 5718 5727
f 5727 5718 5720
f 5727 5720 5581
f 5581 5720 5582
f 5582 5720 5717
f 5582 5717 5590
f 5590 5717 5588
f 5588 5717 5716
f 5588 5716 5586
f 5586 5716 5583
f 5583 5716 5719
f 5583 5719 5584
f 5584 5719 5585
f 5585 5719 5662
f 5585 5662 5575
f 5593 5728 5723
f 5723 5728 4984
f 5723 4984 4986
f 5593 5723 5594
f 5594 5723 5724
f 5594 5724 5596
f 5596 5724 5725
f 5596 5725 5597
f 5725 5726 5597
f 5597 5726 5727
f 5597 5727 5598
f 5598 5727 5581
f 4986 4987 5723
f 5723 4987 5729
f 5723 5729 5722
f 5722 5729 5730
f 5722 5730 5721
f 5721 5730 5731
f 5721 5731 5692
f 5593 5595 5728
f 5728 5595 4984
f 4984 5595 4985
f 4985 5595 5732
f 4985 5732 4987
f 4987 5732 5733
f 4987 5733 5729
f 5734 5733 5732
f 5734 5732 5735
f 5735 5732 5595
f 5735 5595 5599
f 5542 5547 5600
f 5551 5543 5602
f 5600 5547 5599
f 5542 5600 5543
f 5543 5600 5601
f 5543 5601 5602
f 5547 5548 5599
f 5599 5548 5546
f 5599 5546 5735
f 5735 5546 5545
f 5355 5345 5354
f 5354 5345 5352
f 5559 5557 5553
f 5553 5557 5556
f 5553 5556 5554
f 5554 5556 5551
f 5554 5551 5603
f 5603 5551 5602
f 5351 5352 5346
f 5346 5352 5345
f 5346 5345 5347
f 5347 5345 5736
f 5347 5736 5545
f 5545 5736 5734
f 5545 5734 5735
f 5736 5345 5389
f 5389 5345 5344
f 5389 5733 5736
f 5736 5733 5734
f 5389 5388 5680
f 5692 5731 5671
f 5671 5731 5669
f 5731 5730 5669
f 5669 5730 5729
f 5669 5729 5680
f 5680 5729 5733
f 5680 5733 5389
f 5673 5675 5388
f 5673 5388 5668
f 5675 5677 5388
f 5388 5677 5679
f 5388 5679 5680
f 5667 5668 5737
f 5737 5668 5388
f 5737 5388 5425
f 5425 5388 5387
f 5425 5387 5405
f 5451 5430 5665
f 5665 5430 5428
f 5425 5423 5737
f 5737 5423 5451
f 5737 5451 5667
f 5667 5451 5665
f 5443 5445 5691
f 5665 5428 5666
f 5666 5428 5427
f 5691 5681 5443
f 5443 5681 5683
f 5443 5683 5441
f 5441 5683 5685
f 5441 5685 5439
f 5439 5685 5687
f 5439 5687 5437
f 5437 5687 5672
f 5437 5672 5435
f 5435 5672 5670
f 5435 5670 5433
f 5433 5670 5678
f 5433 5678 5431
f 5431 5678 5676
f 5431 5676 5427
f 5427 5676 5674
f 5427 5674 5666
f 5445 5446 5691
f 5691 5446 5447
f 5473 5475 5499
f 5499 5475 5300
f 5300 5298 5499
f 5499 5298 5664
f 5499 5664 5738
f 5738 5664 5697
f 5738 5697 5739
f 5739 5697 5699
f 5739 5699 5740
f 5740 5699 5701
f 5740 5701 5741
f 5741 5701 5703
f 5741 5703 5742
f 5742 5703 5705
f 5742 5705 5743
f 5743 5705 5707
f 5743 5707 5744
f 5744 5707 5709
f 5744 5709 5745
f 5745 5709 5711
f 5745 5711 5746
f 5746 5711 5713
f 5746 5713 5447
f 5447 5713 5694
f 5447 5694 5691
f 5691 5694 5690
f 5496 5499 5738
f 5496 5738 5747
f 5747 5738 5739
f 5747 5739 5748
f 5748 5739 5740
f 5748 5740 5749
f 5749 5740 5741
f 5749 5741 5750
f 5750 5741 5742
f 5750 5742 5751
f 5751 5742 5743
f 5751 5743 5752
f 5752 5743 5744
f 5752 5744 5753
f 5753 5744 5745
f 5753 5745 5448
f 5448 5745 5746
f 5448 5746 5447
f 5497 5496 5504
f 5504 5496 5747
f 5504 5747 5505
f 5505 5747 5506
f 5506 5747 5748
f 5506 5748 5510
f 5510 5748 5516
f 5516 5748 5749
f 5516 5749 5517
f 5517 5749 5754
f 5754 5749 5750
f 5754 5750 5466
f 5466 5750 5464
f 5464 5750 5751
f 5464 5751 5462
f 5462 5751 5460
f 5460 5751 5752
f 5460 5752 5468
f 5468 5752 5467
f 5467 5752 5753
f 5467 5753 5472
f 5472 5753 5471
f 5471 5753 5448
f 5471 5448 5449
f 5755 5756 5757
f 5755 5758 5756
f 5756 5758 5759
f 5756 5759 5760
f 5761 5762 5763
f 5764 5765 5766
f 5766 5765 5767
f 5757 5768 5755
f 5755 5768 5769
f 5755 5769 5770
f 5770 5771 5755
f 5755 5771 5772
f 5755 5772 5773
f 5773 5774 5755
f 5755 5774 5775
f 5755 5775 5776
f 5764 5777 5765
f 5765 5777 5756
f 5765 5756 5778
f 5778 5756 5779
f 5761 5763 5765
f 5765 5763 5780
f 5765 5780 5781
f 5781 5782 5765
f 5765 5782 5783
f 5765 5783 5767
f 5760 5784 5756
f 5756 5784 5785
f 5756 5785 5779
f 5762 5786 5763
f 5763 5786 5787
f 5763 5787 5788
f 5788 5789 5763
f 5763 5789 5790
f 5763 5790 5791
f 5791 5790 5792
f 5767 5793 5794
f 5767 5794 5766
f 5766 5794 5795
f 5766 5795 5764
f 5764 5795 5796
f 5764 5796 5777
f 5777 5796 5797
f 5777 5797 5756
f 5756 5797 5798
f 5756 5798 5757
f 5757 5798 5799
f 5757 5799 5768
f 5768 5799 5800
f 5768 5800 5769
f 5769 5800 5801
f 5769 5801 5770
f 5770 5801 5802
f 5770 5802 5771
f 5771 5802 5803
f 5771 5803 5772
f 5772 5803 5804
f 5772 5804 5773
f 5773 5804 5805
f 5773 5805 5774
f 5774 5805 5806
f 5774 5806 5775
f 5775 5806 5807
f 5775 5807 5776
f 5776 5807 5808
f 5776 5808 5755
f 5755 5808 5809
f 5755 5809 5758
f 5758 5809 5810
f 5758 5810 5759
f 5759 5810 5811
f 5759 5811 5760
f 5760 5811 5812
f 5760 5812 5784
f 5784 5812 5813
f 5784 5813 5785
f 5785 5813 5814
f 5785 5814 5779
f 5779 5814 5815
f 5779 5815 5778
f 5778 5815 5816
f 5778 5816 5765
f 5765 5816 5817
f 5765 5817 5761
f 5761 5817 5818
f 5761 5818 5762
f 5762 5818 5819
f 5762 5819 5786
f 5786 5819 5820
f 5786 5820 5787
f 5787 5820 5821
f 5787 5821 5788
f 5788 5821 5822
f 5788 5822 5789
f 5789 5822 5823
f 5789 5823 5790
f 5790 5823 5824
f 5790 5824 5792
f 5792 5824 5825
f 5792 5825 5791
f 5791 5825 5826
f 5791 5826 5763
f 5763 5826 5827
f 5763 5827 5780
f 5780 5827 5828
f 5780 5828 5781
f 5781 5828 5829
f 5781 5829 5782
f 5782 5829 5830
f 5782 5830 5783
f 5783 5830 5793
f 5783 5793 5767
f 5815 5814 5831
f 5831 5814 5832
f 5819 5833 5834
f 5830 5829 5835
f 5835 5829 5836
f 5823 5822 5837
f 5837 5822 5821
f 5837 5821 5834
f 5834 5821 5820
f 5834 5820 5819
f 5823 5837 5824
f 5824 5837 5838
f 5824 5838 5825
f 5839 5840 5796
f 5800 5799 5841
f 5841 5799 5798
f 5841 5798 5840
f 5840 5798 5797
f 5840 5797 5796
f 5800 5841 5801
f 5801 5841 5842
f 5801 5842 5802
f 5808 5843 5809
f 5809 5843 5844
f 5809 5844 5810
f 5819 5818 5833
f 5833 5818 5817
f 5833 5817 5831
f 5831 5817 5816
f 5831 5816 5815
f 5796 5795 5839
f 5839 5795 5794
f 5839 5794 5835
f 5835 5794 5793
f 5835 5793 5830
f 5814 5813 5832
f 5832 5813 5812
f 5832 5812 5844
f 5844 5812 5811
f 5844 5811 5810
f 5829 5828 5836
f 5836 5828 5827
f 5836 5827 5838
f 5838 5827 5826
f 5838 5826 5825
f 5845 5804 5842
f 5842 5804 5803
f 5842 5803 5802
f 5808 5807 5843
f 5843 5807 5806
f 5843 5806 5845
f 5845 5806 5805
f 5845 5805 5804
f 5846 5842 5847
f 5847 5842 5841
f 5847 5841 5848
f 5848 5841 5840
f 5848 5840 5849
f 5849 5840 5839
f 5849 5839 5850
f 5850 5839 5835
f 5850 5835 5851
f 5851 5835 5836
f 5851 5836 5852
f 5852 5836 5838
f 5852 5838 5853
f 5853 5838 5837
f 5853 5837 5854
f 5854 5837 5834
f 5854 5834 5855
f 5855 5834 5833
f 5855 5833 5856
f 5856 5833 5831
f 5856 5831 5857
f 5857 5831 5832
f 5857 5832 5858
f 5858 5832 5844
f 5858 5844 5859
f 5859 5844 5843
f 5859 5843 5860
f 5860 5843 5845
f 5860 5845 5846
f 5846 5845 5842
f 5859 5860 5861
f 5861 5860 5846
f 5861 5846 5847
f 5856 5857 5861
f 5861 5857 5858
f 5861 5858 5859
f 5853 5854 5861
f 5861 5854 5855
f 5861 5855 5856
f 5850 5851 5861
f 5861 5851 5852
f 5861 5852 5853
f 5847 5848 5861
f 5861 5848 5849
f 5861 5849 5850
f 5862 5863 5864
f 5864 5865 5862
f 5862 5865 5866
f 5862 5866 5867
f 5868 5869 5870
f 5870 5869 5871
f 5862 5872 5863
f 5863 5872 5873
f 5863 5873 5874
f 5874 5875 5863
f 5863 5875 5876
f 5863 5876 5877
f 5877 5878 5863
f 5863 5878 5879
f 5863 5879 5880
f 5880 5879 5881
f 5868 5882 5869
f 5869 5882 5862
f 5869 5862 5883
f 5883 5862 5867
f 5884 5880 5881
f 5884 5881 5885
f 5885 5881 5879
f 5885 5879 5886
f 5886 5879 5878
f 5886 5878 5887
f 5887 5878 5877
f 5887 5877 5888
f 5888 5877 5876
f 5888 5876 5889
f 5889 5876 5875
f 5889 5875 5890
f 5890 5875 5874
f 5890 5874 5891
f 5891 5874 5873
f 5891 5873 5892
f 5892 5873 5872
f 5892 5872 5893
f 5893 5872 5862
f 5893 5862 5894
f 5894 5862 5882
f 5894 5882 5895
f 5895 5882 5868
f 5895 5868 5896
f 5896 5868 5870
f 5896 5870 5897
f 5897 5870 5871
f 5897 5871 5898
f 5898 5871 5869
f 5898 5869 5899
f 5899 5869 5883
f 5899 5883 5900
f 5900 5883 5867
f 5900 5867 5901
f 5901 5867 5866
f 5901 5866 5902
f 5902 5866 5865
f 5902 5865 5903
f 5903 5865 5864
f 5903 5864 5904
f 5904 5864 5863
f 5904 5863 5905
f 5905 5863 5880
f 5905 5880 5884
f 5886 5906 5885
f 5885 5906 5907
f 5885 5907 5884
f 5884 5907 5908
f 5884 5908 5905
f 5901 5909 5900
f 5900 5909 5910
f 5900 5910 5899
f 5899 5910 5911
f 5899 5911 5898
f 5898 5911 5912
f 5898 5912 5897
f 5908 5913 5905
f 5905 5913 5914
f 5905 5914 5904
f 5904 5914 5915
f 5904 5915 5903
f 5903 5915 5916
f 5903 5916 5902
f 5902 5916 5917
f 5902 5917 5901
f 5901 5917 5918
f 5901 5918 5909
f 5890 5919 5889
f 5889 5919 5920
f 5889 5920 5888
f 5888 5920 5921
f 5888 5921 5887
f 5887 5921 5922
f 5887 5922 5886
f 5886 5922 5923
f 5886 5923 5906
f 5912 5924 5897
f 5897 5924 5925
f 5897 5925 5896
f 5896 5925 5926
f 5896 5926 5895
f 5895 5926 5927
f 5895 5927 5894
f 5927 5928 5894
f 5894 5928 5929
f 5894 5929 5893
f 5893 5929 5930
f 5893 5930 5892
f 5892 5930 5931
f 5892 5931 5891
f 5891 5931 5932
f 5891 5932 5890
f 5890 5932 5933
f 5890 5933 5919
f 5934 5908 5907
f 5934 5907 5935
f 5935 5907 5906
f 5935 5906 5936
f 5936 5906 5923
f 5936 5923 5937
f 5937 5923 5922
f 5937 5922 5938
f 5938 5922 5921
f 5938 5921 5939
f 5939 5921 5920
f 5939 5920 5940
f 5940 5920 5919
f 5940 5919 5941
f 5941 5919 5933
f 5941 5933 5942
f 5942 5933 5932
f 5942 5932 5943
f 5943 5932 5931
f 5943 5931 5944
f 5944 5931 5930
f 5944 5930 5945
f 5945 5930 5929
f 5945 5929 5946
f 5946 5929 5928
f 5946 5928 5947
f 5947 5928 5927
f 5947 5927 5948
f 5948 5927 5926
f 5948 5926 5949
f 5949 5926 5925
f 5949 5925 5950
f 5950 5925 5924
f 5950 5924 5951
f 5951 5924 5912
f 5951 5912 5952
f 5952 5912 5911
f 5952 5911 5953
f 5953 5911 5910
f 5953 5910 5954
f 5954 5910 5909
f 5954 5909 5955
f 5955 5909 5918
f 5955 5918 5956
f 5956 5918 5917
f 5956 5917 5957
f 5957 5917 5916
f 5957 5916 5958
f 5958 5916 5915
f 5958 5915 5959
f 5959 5915 5914
f 5959 5914 5960
f 5960 5914 5913
f 5960 5913 5961
f 5961 5913 5908
f 5961 5908 5934
f 5953 5954 5937
f 5937 5954 5955
f 5938 5939 5951
f 5951 5939 5940
f 5951 5940 5941
f 5938 5951 5937
f 5937 5951 5952
f 5937 5952 5953
f 5955 5956 5937
f 5937 5956 5957
f 5937 5957 5958
f 5958 5959 5937
f 5937 5959 5960
f 5937 5960 5961
f 5941 5942 5951
f 5951 5942 5943
f 5951 5943 5944
f 5961 5934 5937
f 5937 5934 5935
f 5937 5935 5936
f 5948 5949 5947
f 5947 5949 5946
f 5944 5945 5951
f 5951 5945 5946
f 5951 5946 5950
f 5950 5946 5949
f 5962 5963 5964
f 5964 5965 5962
f 5962 5965 5966
f 5962 5966 5967
f 5968 5969 5970
f 5970 5969 5971
f 5962 5972 5963
f 5963 5972 5973
f 5963 5973 5974
f 5974 5975 5963
f 5963 5975 5976
f 5963 5976 5977
f 5977 5978 5963
f 5963 5978 5979
f 5963 5979 5980
f 5980 5979 5981
f 5968 5982 5969
f 5969 5982 5962
f 5969 5962 5983
f 5983 5962 5967
f 5984 5980 5981
f 5984 5981 5985
f 5985 5981 5979
f 5985 5979 5986
f 5986 5979 5978
f 5986 5978 5987
f 5987 5978 5977
f 5987 5977 5988
f 5988 5977 5976
f 5988 5976 5989
f 5989 5976 5975
f 5989 5975 5990
f 5990 5975 5974
f 5990 5974 5991
f 5991 5974 5973
f 5991 5973 5992
f 5992 5973 5972
f 5992 5972 5993
f 5993 5972 5962
f 5993 5962 5994
f 5994 5962 5982
f 5994 5982 5995
f 5995 5982 5968
f 5995 5968 5996
f 5996 5968 5970
f 5996 5970 5997
f 5997 5970 5971
f 5997 5971 5998
f 5998 5971 5969
f 5998 5969 5999
f 5999 5969 5983
f 5999 5983 6000
f 6000 5983 5967
f 6000 5967 6001
f 6001 5967 5966
f 6001 5966 6002
f 6002 5966 5965
f 6002 5965 6003
f 6003 5965 5964
f 6003 5964 6004
f 6004 5964 5963
f 6004 5963 6005
f 6005 5963 5980
f 6005 5980 5984
f 5986 6006 5985
f 5985 6006 6007
f 5985 6007 5984
f 5984 6007 6008
f 5984 6008 6005
f 6001 6009 6000
f 6000 6009 6010
f 6000 6010 5999
f 5999 6010 6011
f 5999 6011 5998
f 5998 6011 6012
f 5998 6012 5997
f 6008 6013 6005
f 6005 6013 6014
f 6005 6014 6004
f 6004 6014 6015
f 6004 6015 6003
f 6003 6015 6016
f 6003 6016 6002
f 6002 6016 6017
f 6002 6017 6001
f 6001 6017 6018
f 6001 6018 6009
f 5990 6019 5989
f 5989 6019 6020
f 5989 6020 5988
f 5988 6020 6021
f 5988 6021 5987
f 5987 6021 6022
f 5987 6022 5986
f 5986 6022 6023
f 5986 6023 6006
f 6012 6024 5997
f 5997 6024 6025
f 5997 6025 5996
f 5996 6025 6026
f 5996 6026 5995
f 5995 6026 6027
f 5995 6027 5994
f 6027 6028 5994
f 5994 6028 6029
f 5994 6029 5993
f 5993 6029 6030
f 5993 6030 5992
f 5992 6030 6031
f 5992 6031 5991
f 5991 6031 6032
f 5991 6032 5990
f 5990 6032 6033
f 5990 6033 6019
f 6034 6008 6007
f 6034 6007 6035
f 6035 6007 6006
f 6035 6006 6036
f 6036 6006 6023
f 6036 6023 6037
f 6037 6023 6022
f 6037 6022 6038
f 6038 6022 6021
f 6038 6021 6039
f 6039 6021 6020
f 6039 6020 6040
f 6040 6020 6019
f 6040 6019 6041
f 6041 6019 6033
f 6041 6033 6042
f 6042 6033 6032
f 6042 6032 6043
f 6043 6032 6031
f 6043 6031 6044
f 6044 6031 6030
f 6044 6030 6045
f 6045 6030 6029
f 6045 6029 6046
f 6046 6029 6028
f 6046 6028 6047
f 6047 6028 6027
f 6047 6027 6048
f 6048 6027 6026
f 6048 6026 6049
f 6049 6026 6025
f 6049 6025 6050
f 6050 6025 6024
f 6050 6024 6051
f 6051 6024 6012
f 6051 6012 6052
f 6052 6012 6011
f 6052 6011 6053
f 6053 6011 6010
f 6053 6010 6054
f 6054 6010 6009
f 6054 6009 6055
f 6055 6009 6018
f 6055 6018 6056
f 6056 6018 6017
f 6056 6017 6057
f 6057 6017 6016
f 6057 6016 6058
f 6058 6016 6015
f 6058 6015 6059
f 6059 6015 6014
f 6059 6014 6060
f 6060 6014 6013
f 6060 6013 6061
f 6061 6013 6008
f 6061 6008 6034
f 6053 6054 6037
f 6037 6054 6055
f 6038 6039 6051
f 6051 6039 6040
f 6051 6040 6041
f 6038 6051 6037
f 6037 6051 6052
f 6037 6052 6053
f 6055 6056 6037
f 6037 6056 6057
f 6037 6057 6058
f 6058 6059 6037
f 6037 6059 6060
f 6037 6060 6061
f 6041 6042 6051
f 6051 6042 6043
f 6051 6043 6044
f 6061 6034 6037
f 6037 6034 6035
f 6037 6035 6036
f 6048 6049 6047
f 6047 6049 6046
f 6044 6045 6051
f 6051 6045 6046
f 6051 6046 6050
f 6050 6046 6049

