# https://github.com/mikedh/trimesh
mtllib material.mtl

o calf_004-mesh
usemtl material_0
v 0.00489197 -0.01826692 -0.21245300
v 0.00934295 -0.01752693 -0.21581601
v 0.00959495 -0.01734894 -0.21544300
v 0.00968800 -0.01699793 -0.21512290
v 0.00028000 -0.01820296 -0.20920500
v 0.00502197 -0.01791293 -0.21218100
v 0.00011600 -0.01855797 -0.20946400
v 0.00011400 -0.01856196 -0.20946901
v 0.00468097 -0.01844793 -0.21282600
v 0.00469396 -0.01844693 -0.21283400
v 0.00185499 -0.01914894 -0.21769700
v 0.00934295 -0.01752693 -0.21581601
v 0.00469396 -0.01844693 -0.21283400
v -0.00290897 -0.01937193 -0.21428100
v 0.00468097 -0.01844793 -0.21282600
v -0.00576194 -0.01960892 -0.21881600
v 0.00661395 -0.01795393 -0.22083600
v -0.00124195 -0.01929694 -0.22244700
v 0.00939200 -0.01751196 -0.21584700
v 0.01107398 -0.01518493 -0.22326090
v 0.00985495 -0.01507091 -0.22532091
v 0.00351796 -0.01778995 -0.22577301
v 0.00901595 -0.01506793 -0.22641801
v 0.01368997 -0.01521193 -0.21863701
v 0.00939200 -0.01751196 -0.21584700
v 0.01368997 -0.01521193 -0.21863701
v 0.01375696 -0.01515292 -0.21868100
v 0.01393995 -0.01503491 -0.21822500
v 0.01375696 -0.01515292 -0.21868100
v 0.01394197 -0.01473796 -0.21781001
v 0.01703695 -0.01073694 -0.22019801
v 0.01703695 -0.01073694 -0.22019901
v 0.01695499 -0.01056296 -0.21971101
v 0.01376400 -0.01434993 -0.21755091
v 0.01665500 -0.01033193 -0.21936800
v 0.01695696 -0.01056594 -0.21971600
v 0.01665500 -0.01033193 -0.21936800
v 0.01695499 -0.01056296 -0.21971101
v 0.01695696 -0.01056594 -0.21971600
v 0.01808599 -0.00710696 -0.22042500
v 0.01818898 -0.00720293 -0.22092401
v 0.01703695 -0.01073694 -0.22019801
v 0.01879296 -0.00354391 -0.22130200
v 0.01775095 -0.00697595 -0.22005700
v 0.01867995 -0.00349891 -0.22079800
v 0.01833096 -0.00343591 -0.22042100
v 0.01665500 -0.01033193 -0.21936800
v 0.01775095 -0.00697595 -0.22005700
v 0.01833096 -0.00343591 -0.22042100
v 0.00964997 -0.01655096 -0.21496500
v 0.01852694 0.00020903 -0.22054300
v 0.01833198 0.00383800 -0.22042000
v 0.01852694 0.00020903 -0.22054300
v 0.00504098 -0.01746697 -0.21206801
v 0.00964997 -0.01655096 -0.21496500
v 0.00504098 -0.01746697 -0.21206801
v 0.01376400 -0.01434993 -0.21755091
v 0.00033800 -0.01774591 -0.20911201
v -0.00436499 -0.01746697 -0.20615500
v -0.00436195 0.01786898 -0.20615200
v 0.00033800 -0.01774591 -0.20911201
v 0.00504295 0.01786898 -0.21206399
v -0.00445696 0.01831399 -0.20621700
v -0.00436195 0.01786898 -0.20615200
v 0.00034000 0.01814799 -0.20910790
v 0.00034000 0.01814799 -0.20910790
v -0.01765396 0.00383698 -0.19779800
v -0.00897195 0.01695203 -0.20325400
v -0.00897195 0.01695203 -0.20325400
v 0.00028200 0.01860099 -0.20919999
v -0.00464597 0.01866900 -0.20645199
v -0.00913098 0.01739900 -0.20328800
v 0.00028100 0.01860403 -0.20920099
v 0.00034000 0.01814799 -0.20910790
v 0.00028100 0.01860403 -0.20920099
v 0.00028200 0.01860099 -0.20919999
v -0.00937899 0.01775001 -0.20351000
v -0.01339700 0.01513903 -0.20061990
v -0.01308598 0.01475100 -0.20066800
v -0.01597698 0.01073300 -0.19885100
v -0.01597698 0.01073300 -0.19885100
v -0.01308598 0.01475100 -0.20066800
v -0.01707395 0.00737303 -0.19816200
v -0.01641597 0.01096402 -0.19873000
v -0.01707395 0.00737303 -0.19816200
v -0.01597698 0.01073300 -0.19885100
v -0.01641597 0.01096402 -0.19873000
v -0.01755496 0.00750499 -0.19801900
v -0.01642199 0.01096700 -0.19873000
v -0.01642199 0.01096700 -0.19873000
v -0.01804896 0.00760102 -0.19814099
v -0.01689096 0.01113801 -0.19886699
v -0.01377096 0.01543598 -0.20080200
v -0.01689096 0.01113801 -0.19886699
v -0.01689197 0.01113801 -0.19886800
v -0.01403197 0.01561301 -0.20120600
v -0.01410194 0.01555400 -0.20116400
v -0.01689197 0.01113801 -0.19886800
v -0.01842197 0.00763600 -0.19849799
v -0.01725795 0.01120101 -0.19922800
v -0.01725795 0.01120101 -0.19922800
v -0.01973500 0.01120101 -0.20320400
v -0.01842197 0.00763600 -0.19849799
v -0.01725795 0.01120101 -0.19922800
v -0.02215000 0.00397700 -0.20316599
v -0.01902397 0.00397598 -0.19811900
v -0.01902397 0.00397598 -0.19811900
v -0.01410194 0.01555400 -0.20116400
v -0.01973500 0.01120101 -0.20320400
v -0.01725795 0.01120101 -0.19922800
v -0.02013095 0.01120101 -0.20386000
v -0.01706596 0.01558797 -0.20556800
v -0.01939197 0.01307999 -0.20488500
v -0.02013095 0.01120101 -0.20386000
v -0.01875200 0.01269703 -0.20525899
v -0.01939197 0.01307999 -0.20488500
v -0.01811000 0.01547300 -0.20704300
v -0.01875200 0.01269703 -0.20525899
v -0.02049597 0.01120101 -0.20447700
v -0.01939197 0.01307999 -0.20488500
v -0.01811000 0.01547300 -0.20704300
v -0.02049597 0.01120101 -0.20447700
v -0.02064599 0.00852102 -0.20463200
v -0.02146496 0.00884300 -0.20415599
v -0.02146496 0.00884300 -0.20415599
v -0.02049597 0.01120101 -0.20447700
v -0.02012898 0.00987898 -0.20479400
v -0.02345796 0.00884300 -0.20808799
v -0.02064599 0.00852102 -0.20463200
v -0.02258797 0.00851500 -0.20845100
v -0.02012898 0.00987898 -0.20479400
v -0.02258797 0.00851500 -0.20845100
v -0.02064599 0.00852102 -0.20463200
v -0.02064695 0.00852102 -0.20463100
v -0.02064599 0.00852102 -0.20463200
v -0.02064695 0.00852102 -0.20463100
v -0.02064599 0.00852102 -0.20463200
v -0.02064796 0.00852102 -0.20463000
v -0.02064695 0.00852102 -0.20463100
v -0.02064599 0.00852102 -0.20463200
v -0.02064695 0.00852102 -0.20463100
v -0.02064695 0.00852102 -0.20463100
v -0.02064796 0.00852102 -0.20463000
v -0.02064599 0.00852102 -0.20463200
v -0.02064695 0.00852102 -0.20463100
v -0.02146496 0.00884300 -0.20415599
v -0.02064599 0.00852102 -0.20463200
v -0.02146496 0.00884300 -0.20415599
v -0.02134796 0.00879699 -0.20422400
v -0.02146496 0.00884300 -0.20415599
v -0.02064599 0.00852102 -0.20463200
v -0.02134796 0.00879699 -0.20422400
v -0.02064695 0.00852102 -0.20463100
v -0.02064599 0.00852102 -0.20463200
v -0.02064599 0.00852102 -0.20463100
v -0.02064599 0.00852102 -0.20463200
v -0.02064695 0.00852102 -0.20463100
v -0.02064599 0.00852102 -0.20463100
v -0.02064695 0.00852102 -0.20463100
v -0.02064599 0.00852102 -0.20463200
v -0.02064695 0.00852102 -0.20463100
v -0.02064599 0.00852102 -0.20463200
v -0.02064695 0.00852102 -0.20463100
v -0.02064695 0.00852102 -0.20463100
v -0.02064599 0.00852102 -0.20463200
v -0.02064999 0.00852203 -0.20462900
v -0.02064796 0.00852102 -0.20463000
v -0.02064999 0.00852203 -0.20462900
v -0.02064599 0.00852102 -0.20463200
v -0.02064796 0.00852102 -0.20463000
v -0.02064599 0.00852102 -0.20463200
v -0.02065398 0.00852298 -0.20462701
v -0.02064999 0.00852203 -0.20462900
v -0.02065398 0.00852298 -0.20462701
v -0.02064599 0.00852102 -0.20463200
v -0.02064999 0.00852203 -0.20462900
v -0.02064599 0.00852102 -0.20463200
v -0.02066096 0.00852602 -0.20462300
v -0.02065398 0.00852298 -0.20462701
v -0.02066096 0.00852602 -0.20462300
v -0.02064599 0.00852102 -0.20463200
v -0.02065398 0.00852298 -0.20462701
v -0.02064599 0.00852102 -0.20463200
v -0.02067598 0.00853198 -0.20461489
v -0.02066096 0.00852602 -0.20462300
v -0.02067598 0.00853198 -0.20461489
v -0.02064599 0.00852102 -0.20463200
v -0.02066096 0.00852602 -0.20462300
v -0.02064599 0.00852102 -0.20463200
v -0.02070494 0.00854301 -0.20459799
v -0.02067598 0.00853198 -0.20461489
v -0.02070494 0.00854301 -0.20459799
v -0.02064599 0.00852102 -0.20463200
v -0.02067598 0.00853198 -0.20461489
v -0.02064599 0.00852102 -0.20463200
v -0.02076300 0.00856602 -0.20456400
v -0.02070494 0.00854301 -0.20459799
v -0.02076300 0.00856602 -0.20456400
v -0.02064599 0.00852102 -0.20463200
v -0.02070494 0.00854301 -0.20459799
v -0.02087994 0.00861203 -0.20449599
v -0.02076300 0.00856602 -0.20456400
v -0.02087994 0.00861203 -0.20449599
v -0.02064599 0.00852102 -0.20463200
v -0.02076300 0.00856602 -0.20456400
v -0.02064599 0.00852102 -0.20463200
v -0.02099695 0.00865900 -0.20442800
v -0.02087994 0.00861203 -0.20449599
v -0.02099695 0.00865900 -0.20442800
v -0.02064599 0.00852102 -0.20463200
v -0.02087994 0.00861203 -0.20449599
v -0.02064599 0.00852102 -0.20463200
v -0.02111395 0.00870502 -0.20435999
v -0.02099695 0.00865900 -0.20442800
v -0.02111395 0.00870502 -0.20435999
v -0.02064599 0.00852102 -0.20463200
v -0.02099695 0.00865900 -0.20442800
v -0.02064599 0.00852102 -0.20463200
v -0.02123095 0.00875103 -0.20429189
v -0.02111395 0.00870502 -0.20435999
v -0.02123095 0.00875103 -0.20429189
v -0.02064599 0.00852102 -0.20463200
v -0.02111395 0.00870502 -0.20435999
v -0.02064599 0.00852102 -0.20463200
v -0.02134796 0.00879699 -0.20422400
v -0.02123095 0.00875103 -0.20429189
v -0.02134796 0.00879699 -0.20422400
v -0.02064599 0.00852102 -0.20463200
v -0.02123095 0.00875103 -0.20429189
v -0.02064695 0.00852102 -0.20463100
v -0.02064599 0.00852102 -0.20463100
v -0.02064695 0.00852000 -0.20463100
v -0.02064599 0.00852102 -0.20463100
v -0.02064695 0.00852102 -0.20463100
v -0.02064695 0.00852000 -0.20463100
v -0.02064599 0.00852102 -0.20463100
v -0.02064695 0.00852000 -0.20463100
v -0.02064599 0.00852000 -0.20463100
v -0.02064695 0.00852000 -0.20463100
v -0.02064599 0.00852102 -0.20463100
v -0.02064599 0.00852000 -0.20463100
v -0.02064599 0.00852000 -0.20463100
v -0.02064599 0.00852102 -0.20463100
v -0.02064599 0.00852102 -0.20463100
v -0.02064599 0.00852000 -0.20463100
v -0.02064599 0.00852000 -0.20463100
v -0.02064599 0.00852000 -0.20463100
v -0.02389099 0.00423598 -0.20640901
v -0.02345796 0.00884300 -0.20808799
v -0.02392097 0.00798201 -0.20850500
v -0.02373799 0.00855398 -0.20853300
v -0.02258797 0.00851500 -0.20845100
v -0.02359398 0.00876200 -0.20835300
v -0.02345796 0.00884300 -0.20808799
v -0.02359398 0.00876200 -0.20835300
v -0.02385594 0.00827199 -0.20858900
v -0.02285196 0.00823998 -0.20886700
v -0.02373799 0.00855398 -0.20853300
v -0.02385594 0.00827199 -0.20858900
v -0.02272196 0.00987701 -0.21052190
v -0.02285196 0.00823998 -0.20886700
v -0.02271499 0.00843799 -0.20869599
v -0.02296396 0.00797200 -0.20892000
v -0.02271499 0.00843799 -0.20869599
v -0.02296396 0.00797200 -0.20892000
v -0.02303000 0.00769400 -0.20885300
v -0.02303000 0.00769400 -0.20885300
v -0.02377798 0.00683498 -0.21043000
v -0.02300300 0.00409603 -0.20684200
v -0.02389099 0.00423598 -0.20640901
v -0.02303000 0.00769400 -0.20885300
v -0.02300300 0.00409603 -0.20684200
v -0.02392097 0.00798201 -0.20850500
v -0.02392097 0.00798201 -0.20850500
v -0.02386095 0.00397700 -0.20626800
v -0.02292998 0.00350403 -0.20651899
v -0.02385696 0.00350099 -0.20859900
v -0.02292998 0.00350403 -0.20651899
v -0.02390094 0.00439298 -0.20907999
v -0.02338495 0.00049203 -0.20700499
v -0.02229800 0.00049203 -0.20492890
v -0.02316995 0.00050300 -0.20443700
v -0.02229800 0.00049203 -0.20492890
v -0.02316995 0.00050300 -0.20443700
v -0.02386095 0.00397700 -0.20626800
v -0.02313198 0.00020098 -0.20436600
v -0.02226098 0.00020098 -0.20485900
v -0.02313198 0.00020098 -0.20436600
v -0.02316995 0.00050300 -0.20443700
v -0.02229800 0.00049203 -0.20492890
v -0.02316995 -0.00009997 -0.20443700
v -0.02316995 -0.00009997 -0.20443700
v -0.02292897 -0.00309891 -0.20652001
v -0.02316995 -0.00009997 -0.20443700
v -0.02229800 -0.00008997 -0.20492890
v -0.02386196 -0.00357294 -0.20626800
v -0.02229800 -0.00008997 -0.20492890
v -0.02215000 -0.00357396 -0.20316701
v -0.02386196 -0.00357294 -0.20626800
v -0.02146598 -0.00843996 -0.20415799
v -0.02013196 -0.01079893 -0.20386200
v -0.01973398 -0.01079893 -0.20320299
v -0.01842095 -0.00724191 -0.19850001
v -0.01902397 -0.00357491 -0.19811989
v -0.02389194 -0.00383193 -0.20641001
v -0.01902397 -0.00357491 -0.19811989
v -0.01804497 -0.00720591 -0.19814600
v -0.01864900 -0.00354392 -0.19776490
v -0.01842095 -0.00724191 -0.19850001
v -0.01902600 -0.00356097 -0.19811900
v -0.01922800 0.00019198 -0.19799000
v -0.01902600 -0.00356097 -0.19811900
v -0.01884897 0.00019198 -0.19763800
v -0.01922800 0.00019198 -0.19799000
v -0.01834394 0.00019198 -0.19752289
v -0.01864799 0.00394499 -0.19776399
v -0.01902499 0.00396102 -0.19811800
v -0.01902499 0.00396102 -0.19811800
v -0.01814498 0.00389903 -0.19764800
v -0.01814600 -0.00349892 -0.19764800
v -0.01784899 0.00019198 -0.19767600
v -0.01765396 0.00383698 -0.19779800
v -0.01765396 -0.00343693 -0.19779900
v -0.01784899 0.00019198 -0.19767600
v -0.01765396 -0.00343693 -0.19779900
v -0.01597800 -0.01033193 -0.19885400
v -0.01707299 -0.00697792 -0.19816490
v -0.00897398 -0.01655096 -0.20325700
v -0.01707299 -0.00697792 -0.19816490
v -0.01754995 -0.00710994 -0.19802301
v -0.01597800 -0.01033193 -0.19885400
v -0.01642295 -0.01056594 -0.19873201
v -0.01689197 -0.01073695 -0.19886901
v -0.01642098 -0.01056493 -0.19873201
v -0.01689197 -0.01073695 -0.19886901
v -0.01642098 -0.01056493 -0.19873201
v -0.01642295 -0.01056594 -0.19873201
v -0.01725896 -0.01079894 -0.19923000
v -0.01689895 -0.01073891 -0.19887391
v -0.01377698 -0.01503694 -0.20080900
v -0.01689895 -0.01073891 -0.19887391
v -0.01403298 -0.01521194 -0.20120900
v -0.00938495 -0.01735193 -0.20351801
v -0.01340099 -0.01473993 -0.20062401
v -0.01410295 -0.01515192 -0.20116700
v -0.01706399 -0.01518595 -0.20556700
v -0.01403298 -0.01521194 -0.20120900
v -0.01410295 -0.01515192 -0.20116700
v -0.00965800 -0.01751197 -0.20387200
v -0.00965800 -0.01751197 -0.20387200
v -0.01294394 -0.01795495 -0.20853600
v -0.00960596 -0.01752794 -0.20390401
v -0.00960596 -0.01752794 -0.20390401
v -0.01901795 -0.01506794 -0.20879200
v -0.01839497 -0.01507193 -0.20756300
v -0.01605095 -0.01779091 -0.21346700
v -0.00805094 -0.01914895 -0.21146500
v -0.01098897 -0.01929795 -0.21631500
v -0.01839497 -0.01507193 -0.20756300
v -0.02020897 -0.01045192 -0.20588491
v -0.01901795 -0.01506794 -0.20879200
v -0.02024998 -0.01031894 -0.20581900
v -0.01811298 -0.01506895 -0.20704700
v -0.01811298 -0.01506895 -0.20704700
v -0.02030595 -0.01018197 -0.20577900
v -0.02020897 -0.01045192 -0.20588491
v -0.02024998 -0.01031894 -0.20581900
v -0.02030595 -0.01018197 -0.20577900
v -0.02102097 -0.01079792 -0.20539500
v -0.02013196 -0.00947595 -0.20479500
v -0.02046199 -0.00992692 -0.20580100
v -0.02108796 -0.01063496 -0.20534299
v -0.02125295 -0.01036096 -0.20536301
v -0.02046199 -0.00992692 -0.20580100
v -0.02064695 -0.00973696 -0.20594900
v -0.02144499 -0.01015795 -0.20551200
v -0.02161898 -0.01007796 -0.20575701
v -0.02125295 -0.01036096 -0.20536301
v -0.02144499 -0.01015795 -0.20551200
v -0.02108796 -0.01063496 -0.20534299
v -0.02161898 -0.01007796 -0.20575701
v -0.02247794 -0.00966192 -0.20997600
v -0.02333697 -0.01007796 -0.20969200
v -0.02229597 -0.01079792 -0.20792701
v -0.02333697 -0.01007796 -0.20969200
v -0.02081700 -0.00966394 -0.20619001
v -0.02161898 -0.01007796 -0.20575701
v -0.02081700 -0.00966394 -0.20619001
v -0.02081700 -0.00966394 -0.20619001
v -0.02272494 -0.00947196 -0.21052300
v -0.02247794 -0.00966192 -0.20997600
v -0.02073796 -0.00968093 -0.20606001
v -0.02073796 -0.00968093 -0.20606001
v -0.02267696 -0.00952292 -0.21676590
v -0.02302195 -0.00967396 -0.21320591
v -0.02349796 -0.00807792 -0.21151801
v -0.02262397 -0.01045996 -0.21276900
v -0.02240600 -0.01014096 -0.21055900
v -0.02272596 -0.01024694 -0.21271300
v -0.02248098 -0.00992394 -0.21042600
v -0.02259000 -0.00810993 -0.20845200
v -0.02271594 -0.00803495 -0.20869801
v -0.02302595 -0.00729496 -0.20884501
v -0.02377899 -0.00643093 -0.21043100
v -0.02296497 -0.00756794 -0.20892100
v -0.02282895 -0.01003695 -0.21272200
v -0.02292396 -0.00984896 -0.21281800
v -0.02299597 -0.00971496 -0.21299200
v -0.02285298 -0.00783593 -0.20886800
v -0.02301599 -0.00967992 -0.21309599
v -0.02251299 -0.00978792 -0.21030000
v -0.02350296 -0.00798196 -0.21135600
v -0.02353098 -0.00783795 -0.21123991
v -0.02251198 -0.00969392 -0.21013901
v -0.02377899 -0.00643093 -0.21043100
v -0.02446099 -0.00815296 -0.21105801
v -0.02353098 -0.00783795 -0.21123991
v -0.02300199 -0.00369192 -0.20684300
v -0.02389999 -0.00398791 -0.20908091
v -0.02483096 -0.00414092 -0.20875900
v -0.02389999 -0.00398791 -0.20908091
v -0.02569397 -0.00272495 -0.21151000
v -0.02446099 -0.00815296 -0.21105801
v -0.02483096 -0.00414092 -0.20875900
v -0.02444496 -0.00843895 -0.21153191
v -0.02442898 -0.00840396 -0.21135900
v -0.02443298 -0.00830394 -0.21118499
v -0.02443298 -0.00830394 -0.21118499
v -0.02353098 -0.00783795 -0.21123991
v -0.02446099 -0.00815296 -0.21105801
v -0.02561196 -0.00387794 -0.21447600
v -0.02579995 -0.00272495 -0.21382301
v -0.02593197 -0.00009897 -0.21231291
v -0.02592798 0.00020301 -0.21223301
v -0.02428796 -0.00009897 -0.20657600
v -0.02473696 -0.00272495 -0.20798001
v -0.02569397 0.00312900 -0.21150900
v -0.02473696 -0.00272495 -0.20798001
v -0.02385696 -0.00309593 -0.20859900
v -0.02338495 -0.00008997 -0.20700499
v -0.02428796 -0.00009897 -0.20657600
v -0.02385696 -0.00309593 -0.20859900
v -0.02292897 -0.00309891 -0.20652001
v -0.02338495 -0.00008997 -0.20700499
v -0.02229800 -0.00008997 -0.20492890
v -0.02335300 0.00020200 -0.20693600
v -0.02428796 -0.00009897 -0.20657600
v -0.02338495 -0.00008997 -0.20700499
v -0.02335300 0.00020200 -0.20693600
v -0.02338495 0.00049203 -0.20700499
v -0.02425500 0.00020200 -0.20650400
v -0.02428796 0.00050300 -0.20657600
v -0.02428796 0.00050300 -0.20657600
v -0.02425500 0.00020200 -0.20650400
v -0.02338495 0.00049203 -0.20700499
v -0.02473696 0.00312900 -0.20797899
v -0.02428796 0.00050300 -0.20657600
v -0.02473696 0.00312900 -0.20797899
v -0.02385696 0.00350099 -0.20859900
v -0.02482994 0.00454598 -0.20875899
v -0.02482994 0.00454598 -0.20875899
v -0.02390094 0.00439298 -0.20907999
v -0.02445998 0.00855803 -0.21105701
v -0.02377798 0.00683498 -0.21043000
v -0.02445998 0.00855803 -0.21105701
v -0.02352895 0.00824403 -0.21123700
v -0.02443196 0.00870901 -0.21118399
v -0.02445998 0.00855803 -0.21105701
v -0.02352895 0.00824403 -0.21123700
v -0.02442797 0.00880903 -0.21135689
v -0.02443196 0.00870901 -0.21118399
v -0.02444394 0.00884401 -0.21153000
v -0.02351196 0.00851601 -0.21169700
v -0.02444394 0.00884401 -0.21153000
v -0.02349599 0.00848204 -0.21151599
v -0.02444800 0.00884401 -0.21155400
v -0.02561196 0.00428301 -0.21447501
v -0.02444800 0.00884401 -0.21155400
v -0.02442797 0.00880903 -0.21135689
v -0.02267297 0.00992900 -0.21676500
v -0.02349599 0.00848204 -0.21151599
v -0.02351196 0.00851601 -0.21169700
v -0.02350195 0.00838601 -0.21135500
v -0.02350195 0.00838601 -0.21135500
v -0.02352895 0.00824403 -0.21123700
v -0.02303000 0.01007199 -0.21320499
v -0.02366795 0.00580203 -0.21739299
v -0.02396800 0.00491500 -0.21694399
v -0.02346398 0.00792700 -0.21631200
v -0.02339198 0.00854403 -0.21576699
v -0.02336599 0.00848800 -0.21599001
v -0.02248498 0.01011699 -0.21718290
v -0.02260299 0.01010900 -0.21675689
v -0.02237799 0.01019400 -0.21743500
v -0.02171697 0.00996399 -0.21936101
v -0.02115699 0.01089602 -0.21975490
v -0.02336999 0.00835001 -0.21617290
v -0.02340497 0.00815099 -0.21628500
v -0.02432396 0.00879299 -0.21619500
v -0.02336599 0.00848800 -0.21599001
v -0.02336999 0.00835001 -0.21617290
v -0.02432599 0.00864702 -0.21639290
v -0.02340497 0.00815099 -0.21628500
v -0.02436097 0.00843799 -0.21651600
v -0.02432599 0.00864702 -0.21639290
v -0.02435495 0.00884402 -0.21595900
v -0.02432396 0.00879299 -0.21619500
v -0.02436097 0.00843799 -0.21651600
v -0.02449997 0.00798201 -0.21648399
v -0.02442195 0.00820398 -0.21654589
v -0.02442195 0.00820398 -0.21654589
v -0.02459796 0.00413900 -0.21437900
v -0.02449997 0.00798201 -0.21648399
v -0.02353700 0.00772303 -0.21625000
v -0.02353700 0.00772303 -0.21625000
v -0.02449997 0.00798201 -0.21648399
v -0.02561196 0.00428301 -0.21447501
v -0.02353700 0.00772303 -0.21625000
v -0.02459796 0.00413900 -0.21437900
v -0.02471198 0.00350403 -0.21403600
v -0.02436097 0.00351101 -0.21621899
v -0.02471198 0.00350403 -0.21403600
v -0.02485098 0.00049400 -0.21459290
v -0.02436097 0.00351101 -0.21621899
v -0.02587398 0.00050401 -0.21472199
v -0.02485098 0.00049400 -0.21459290
v -0.02527096 0.00393003 -0.21663400
v -0.02396800 0.00491500 -0.21694399
v -0.02291699 0.00393003 -0.22178800
v -0.02587398 0.00050401 -0.21472199
v -0.02527096 0.00393003 -0.21663400
v -0.02461298 0.00599003 -0.21771499
v -0.02461298 0.00599003 -0.21771499
v -0.02171697 0.00996399 -0.21936101
v -0.02366795 0.00580203 -0.21739299
v -0.02200099 0.01120299 -0.22016790
v -0.02200099 0.01120299 -0.22016790
v -0.02160897 0.01120299 -0.22090199
v -0.02198400 0.01122999 -0.22018000
v -0.02160897 0.01120299 -0.22090199
v -0.02200099 0.01120299 -0.22016790
v -0.02198400 0.01122999 -0.22018000
v -0.02115699 0.01089602 -0.21975490
v -0.01911499 0.01486903 -0.22142599
v -0.01911499 0.01486903 -0.22142599
v -0.01800795 0.01596003 -0.22158099
v -0.01920595 0.01320898 -0.22306500
v -0.01800795 0.01596003 -0.22158099
v -0.01887395 0.01582503 -0.22016790
v -0.01800795 0.01596003 -0.22158099
v -0.01840695 0.01674103 -0.21857100
v -0.01887395 0.01582503 -0.22016790
v -0.01350297 0.01874900 -0.22142900
v -0.01585098 0.01510703 -0.22543789
v -0.01585098 0.01510703 -0.22543789
v -0.01711394 0.01243299 -0.22451700
v -0.01776000 0.01271003 -0.22513599
v -0.01776000 0.01271003 -0.22513599
v -0.01465895 0.01636499 -0.22533700
v -0.01472594 0.01629901 -0.22534899
v -0.01472594 0.01629901 -0.22534899
v -0.01654800 0.01102298 -0.22566600
v -0.01869597 0.01002300 -0.22383800
v -0.01711394 0.01243299 -0.22451700
v -0.01380797 0.01534503 -0.22644400
v -0.01465895 0.01636499 -0.22533700
v -0.01882197 0.01120299 -0.22474900
v -0.01869597 0.01002300 -0.22383800
v -0.02030094 0.00884503 -0.22398899
v -0.02030094 0.00884503 -0.22398899
v -0.01900699 0.01120299 -0.22453990
v -0.01882197 0.01120299 -0.22474900
v -0.01882197 0.01120299 -0.22474900
v -0.01900699 0.01120299 -0.22453990
v -0.02140995 0.01120299 -0.22124600
v -0.02140995 0.01120299 -0.22124600
v -0.01959296 0.00393003 -0.22588900
v -0.01943095 0.00426501 -0.22600900
v -0.01746096 0.00798303 -0.22717300
v -0.01770099 0.00884503 -0.22673000
v -0.01955195 0.00862401 -0.22337290
v -0.01955195 0.00862401 -0.22337290
v -0.01770099 0.00884503 -0.22673000
v -0.02030094 0.00884503 -0.22398899
v -0.01703300 0.00864202 -0.22601400
v -0.01703300 0.00864202 -0.22601400
v -0.01749899 0.00876599 -0.22693691
v -0.01770099 0.00884503 -0.22673000
v -0.01736297 0.00826502 -0.22719100
v -0.01749899 0.00876599 -0.22693691
v -0.01680197 0.00780701 -0.22644099
v -0.01736297 0.00826502 -0.22719100
v -0.01670994 0.00808000 -0.22645600
v -0.01746096 0.00798303 -0.22717300
v -0.01737495 0.00855201 -0.22710700
v -0.01737495 0.00855201 -0.22710700
v -0.01672097 0.00835901 -0.22637400
v -0.01482095 0.01005304 -0.22747800
v -0.01680197 0.00780701 -0.22644099
v -0.01670994 0.00808000 -0.22645600
v -0.01672097 0.00835901 -0.22637400
v -0.01430996 0.00865203 -0.22824700
v -0.00963499 0.01005304 -0.23073700
v -0.01228197 0.01024699 -0.22920100
v -0.01478894 0.01024103 -0.22744500
v -0.01637794 0.01023000 -0.22611400
v -0.01684095 0.00856703 -0.22620989
v -0.01703300 0.00864202 -0.22601400
v -0.01454695 0.00857699 -0.22809100
v -0.01473494 0.00837403 -0.22799900
v -0.01516898 0.00762904 -0.22783600
v -0.01513298 0.00876802 -0.22887800
v -0.01454695 0.00857699 -0.22809100
v -0.01489099 0.00884503 -0.22903800
v -0.01473494 0.00837403 -0.22799900
v -0.01430996 0.00865203 -0.22824700
v -0.01430996 0.00865203 -0.22824700
v -0.01298894 0.00884503 -0.23032589
v -0.01489099 0.00884503 -0.22903800
v -0.01337196 0.00310004 -0.23093601
v -0.01489099 0.00884503 -0.22903800
v -0.01298894 0.00884503 -0.23032589
v -0.01532896 0.00855899 -0.22878100
v -0.01513298 0.00876802 -0.22887800
v -0.01532896 0.00855899 -0.22878100
v -0.01516898 0.00762904 -0.22783600
v -0.01473494 0.00837403 -0.22799900
v -0.01753696 0.00455302 -0.22773200
v -0.01532896 0.00855899 -0.22878100
v -0.01753696 0.00455302 -0.22773200
v -0.01688798 0.00445700 -0.22697601
v -0.01735999 0.00350898 -0.22667190
v -0.01825799 0.00310004 -0.22725400
v -0.01825799 0.00310004 -0.22725400
v -0.01872196 0.00049800 -0.22556999
v -0.01942595 0.00050503 -0.22628100
v -0.01942595 0.00050503 -0.22628100
v -0.01942595 0.00050503 -0.22628100
v -0.01877995 0.00020301 -0.22551391
v -0.01872196 0.00049800 -0.22556999
v -0.01942595 -0.00009796 -0.22628100
v -0.01948394 0.00020301 -0.22622500
v -0.01948394 0.00020301 -0.22622500
v -0.02033200 -0.00009096 -0.22386201
v -0.01872196 0.00049800 -0.22556999
v -0.01877995 0.00020301 -0.22551391
v -0.01942595 -0.00009796 -0.22628100
v -0.01872196 -0.00009096 -0.22556999
v -0.01872196 -0.00009096 -0.22556999
v -0.02032598 0.00049203 -0.22386900
v -0.01904299 -0.00309795 -0.22506800
v -0.02107700 -0.00009796 -0.22452000
v -0.02033200 -0.00009096 -0.22386201
v -0.01904299 -0.00309795 -0.22506800
v -0.02033200 -0.00009096 -0.22386201
v -0.02112998 0.00020301 -0.22446001
v -0.02037599 0.00020301 -0.22381289
v -0.02107700 -0.00009796 -0.22452000
v -0.02037599 0.00020301 -0.22381289
v -0.01904096 0.00350600 -0.22506800
v -0.02032598 0.00049203 -0.22386900
v -0.02107700 0.00050503 -0.22452000
v -0.02107700 0.00050503 -0.22452000
v -0.01904096 0.00350600 -0.22506800
v -0.02032598 0.00049203 -0.22386900
v -0.02107700 0.00050503 -0.22452000
v -0.02112998 0.00020301 -0.22446001
v -0.01959296 0.00393003 -0.22588900
v -0.01735999 0.00350898 -0.22667190
v -0.01872500 0.00417203 -0.22530700
v -0.01872500 0.00417203 -0.22530700
v -0.01746096 0.00798303 -0.22717300
v -0.01680197 0.00780701 -0.22644099
v -0.01688798 0.00445700 -0.22697601
v -0.01943095 0.00426501 -0.22600900
v -0.01959397 -0.00352293 -0.22588900
v -0.02107700 -0.00009796 -0.22452000
v -0.02291794 -0.00352395 -0.22178900
v -0.01959397 -0.00352293 -0.22588900
v -0.02461298 -0.00558394 -0.21771599
v -0.02527197 -0.00352395 -0.21663401
v -0.02587398 -0.00009797 -0.21472199
v -0.02030196 -0.00843793 -0.22398999
v -0.01900699 -0.01079691 -0.22454401
v -0.02141096 -0.01079691 -0.22124800
v -0.02161099 -0.01079691 -0.22090200
v -0.02200200 -0.01079691 -0.22017001
v -0.02171995 -0.00955695 -0.21936301
v -0.02200200 -0.01079691 -0.22017001
v -0.02198495 -0.01082391 -0.22018200
v -0.02461298 -0.00558394 -0.21771599
v -0.02161099 -0.01079691 -0.22090200
v -0.02198495 -0.01082391 -0.22018200
v -0.02200200 -0.01079691 -0.22017001
v -0.02115496 -0.01048893 -0.21975601
v -0.01911499 -0.01446491 -0.22143001
v -0.01911499 -0.01446491 -0.22143001
v -0.01920595 -0.01280492 -0.22306790
v -0.01800998 -0.01555394 -0.22158501
v -0.01800998 -0.01555394 -0.22158501
v -0.01887496 -0.01542091 -0.22017201
v -0.02115496 -0.01048893 -0.21975601
v -0.01800998 -0.01555394 -0.22158501
v -0.01840695 -0.01633792 -0.21857301
v -0.01887496 -0.01542091 -0.22017201
v -0.01350095 -0.01834493 -0.22143200
v -0.01585098 -0.01470196 -0.22544100
v -0.02033599 -0.01518292 -0.21524701
v -0.02223100 -0.01303195 -0.21529500
v -0.01903595 -0.01539593 -0.21986500
v -0.02033200 -0.01511693 -0.21335300
v -0.01903595 -0.01539593 -0.21986500
v -0.02224495 -0.00998897 -0.21760491
v -0.02272196 -0.01103496 -0.21824600
v -0.02224495 -0.00998897 -0.21760491
v -0.01903595 -0.01539593 -0.21986500
v -0.02272196 -0.01103496 -0.21824600
v -0.02287098 -0.01079691 -0.21812900
v -0.02287098 -0.01079691 -0.21812900
v -0.02287098 -0.01079691 -0.21812900
v -0.02339299 -0.01007694 -0.21745600
v -0.02313997 -0.01034892 -0.21790300
v -0.02362897 -0.01079792 -0.21360201
v -0.02362897 -0.01079792 -0.21360201
v -0.02313997 -0.01034892 -0.21790300
v -0.02323099 -0.01021093 -0.21780101
v -0.02323099 -0.01021093 -0.21780101
v -0.02233495 -0.00984496 -0.21750900
v -0.02313997 -0.01034892 -0.21790300
v -0.02224495 -0.00998897 -0.21760491
v -0.02332099 -0.01011294 -0.21764501
v -0.02241995 -0.00974894 -0.21736200
v -0.02233495 -0.00984496 -0.21750900
v -0.02241995 -0.00974894 -0.21736200
v -0.02339299 -0.01007694 -0.21745600
v -0.02332099 -0.01011294 -0.21764501
v -0.02248694 -0.00971192 -0.21718401
v -0.02248694 -0.00971192 -0.21718401
v -0.02339299 -0.01007694 -0.21745600
v -0.02260597 -0.00970394 -0.21675800
v -0.02248694 -0.00971192 -0.21718401
v -0.02260597 -0.00970394 -0.21675800
v -0.02395596 -0.01007694 -0.21317901
v -0.02302195 -0.00967396 -0.21320591
v -0.02395596 -0.01007694 -0.21317901
v -0.02301599 -0.00967992 -0.21309599
v -0.02302195 -0.00967396 -0.21320591
v -0.02299597 -0.00971496 -0.21299200
v -0.02392097 -0.01012993 -0.21293800
v -0.02395596 -0.01007694 -0.21317901
v -0.02362897 -0.01069796 -0.21263100
v -0.02384200 -0.01027394 -0.21274901
v -0.02392097 -0.01012993 -0.21293800
v -0.02384200 -0.01027394 -0.21274901
v -0.02292396 -0.00984896 -0.21281800
v -0.02373900 -0.01047492 -0.21264300
v -0.02282895 -0.01003695 -0.21272200
v -0.02373900 -0.01047492 -0.21264300
v -0.02272596 -0.01024694 -0.21271300
v -0.02362897 -0.01069796 -0.21263100
v -0.02353998 -0.01088494 -0.21270201
v -0.02358099 -0.01079792 -0.21265800
v -0.02358099 -0.01079792 -0.21265800
v -0.02353998 -0.01088494 -0.21270201
v -0.02358099 -0.01079792 -0.21265800
v -0.02262397 -0.01045996 -0.21276900
v -0.02192100 -0.01350296 -0.21430901
v -0.02262397 -0.01045996 -0.21276900
v -0.02353998 -0.01088494 -0.21270201
v -0.02192100 -0.01350296 -0.21430901
v -0.02033599 -0.01518292 -0.21524701
v -0.02033200 -0.01511693 -0.21335300
v -0.02033599 -0.01518292 -0.21524701
v -0.02127399 -0.01411295 -0.21268600
v -0.02240600 -0.01014096 -0.21055900
v -0.02033200 -0.01511693 -0.21335300
v -0.02008798 -0.01470197 -0.21034691
v -0.02127399 -0.01411295 -0.21268600
v -0.02319099 -0.01079792 -0.21045800
v -0.02319099 -0.01079792 -0.21045800
v -0.02334597 -0.01034993 -0.21017300
v -0.02319099 -0.01079792 -0.21045800
v -0.02229597 -0.01079792 -0.20792701
v -0.02334597 -0.01034993 -0.21017300
v -0.02251299 -0.00978792 -0.21030000
v -0.02334597 -0.01034993 -0.21017300
v -0.02338000 -0.01021195 -0.21005300
v -0.02337899 -0.01011193 -0.20988201
v -0.02338000 -0.01021195 -0.21005300
v -0.02248098 -0.00992394 -0.21042600
v -0.02248098 -0.00992394 -0.21042600
v -0.02251198 -0.00969392 -0.21013901
v -0.02337899 -0.01011193 -0.20988201
v -0.02247794 -0.00966192 -0.20997600
v -0.02333697 -0.01007796 -0.20969200
v -0.01910796 -0.01495797 -0.20868901
v -0.01910796 -0.01495797 -0.20868901
v -0.02020897 -0.01045192 -0.20588491
v -0.02099695 -0.01088596 -0.20544601
v -0.01901795 -0.01506794 -0.20879200
v -0.02099695 -0.01088596 -0.20544601
v -0.02099695 -0.01088596 -0.20544601
v -0.02102097 -0.01079792 -0.20539500
v -0.01711394 -0.01202595 -0.22451800
v -0.01585098 -0.01470196 -0.22544100
v -0.01776095 -0.01230293 -0.22513901
v -0.01776095 -0.01230293 -0.22513901
v -0.01465996 -0.01595794 -0.22534101
v -0.01472499 -0.01589596 -0.22535201
v -0.01472499 -0.01589596 -0.22535201
v -0.01711394 -0.01202595 -0.22451800
v -0.01381000 -0.01493793 -0.22644700
v -0.01465996 -0.01595794 -0.22534101
v -0.01359900 -0.01602691 -0.22623201
v -0.00872298 -0.01898193 -0.22352700
v -0.01465996 -0.01595794 -0.22534101
v -0.01314195 -0.01604592 -0.22658600
v -0.01359900 -0.01602691 -0.22623201
v -0.00872197 -0.01898294 -0.22352501
v -0.00872298 -0.01898193 -0.22352700
v -0.00476398 -0.01834290 -0.22692700
v -0.00872197 -0.01898294 -0.22352501
v -0.01016297 -0.01795291 -0.22581700
v -0.01016297 -0.01795291 -0.22581700
v -0.01136394 -0.01615494 -0.22772800
v -0.01136394 -0.01615494 -0.22772800
v -0.00955297 -0.01604693 -0.22883900
v -0.01136496 -0.01615392 -0.22772900
v -0.01360096 -0.01557093 -0.22670101
v -0.01484295 -0.01412790 -0.22681900
v -0.01136496 -0.01615392 -0.22772900
v -0.01484295 -0.01412790 -0.22681900
v -0.01654698 -0.01062292 -0.22566500
v -0.01720997 -0.01088392 -0.22636691
v -0.01381000 -0.01493793 -0.22644700
v -0.01720997 -0.01088392 -0.22636691
v -0.01448299 -0.01079691 -0.22866200
v -0.01360096 -0.01557093 -0.22670101
v -0.01270898 -0.01079690 -0.22986600
v -0.01448299 -0.01079691 -0.22866200
v -0.01703300 -0.01007694 -0.22683101
v -0.01280095 -0.01007593 -0.23002601
v -0.01732298 -0.01063293 -0.22635900
v -0.01726295 -0.01079691 -0.22635201
v -0.01726295 -0.01079691 -0.22635201
v -0.01270898 -0.01079690 -0.22986600
v -0.01280095 -0.01007593 -0.23002601
v -0.01479097 -0.00983596 -0.22744700
v -0.01228400 -0.00983995 -0.22920300
v -0.00961997 -0.00983596 -0.23069599
v -0.00808498 -0.01007694 -0.23245301
v -0.00808498 -0.01007694 -0.23245301
v -0.01085200 -0.01079595 -0.23094399
v -0.01703300 -0.01007694 -0.22683101
v -0.01270296 -0.01079690 -0.22987001
v -0.01085200 -0.01079595 -0.23094399
v -0.00758996 -0.01088493 -0.23241100
v -0.00902798 -0.01413792 -0.23046701
v -0.01270296 -0.01079690 -0.22987001
v -0.00753399 -0.01063293 -0.23250900
v -0.00755396 -0.01079690 -0.23245201
v -0.00755396 -0.01079690 -0.23245201
v -0.00753399 -0.01063293 -0.23250900
v -0.00718995 -0.01036096 -0.23160900
v -0.00755396 -0.01079690 -0.23245201
v -0.00758996 -0.01088493 -0.23241100
v -0.00725099 -0.01061892 -0.23150700
v -0.00718995 -0.01036096 -0.23160900
v -0.00467398 -0.00961691 -0.23265301
v -0.00725099 -0.01061892 -0.23150700
v -0.00761297 -0.01035595 -0.23256101
v -0.00726500 -0.01009494 -0.23165891
v -0.00726500 -0.01009494 -0.23165891
v -0.00596698 -0.01202696 -0.23151989
v -0.00772198 -0.00982791 -0.23155300
v -0.00758996 -0.00984395 -0.23160300
v -0.00963594 -0.00964695 -0.23074000
v -0.00543698 -0.01079690 -0.23316200
v -0.00467398 -0.00961691 -0.23265301
v -0.00411596 -0.00843793 -0.23416300
v -0.00596698 -0.01202696 -0.23151989
v -0.00388595 -0.00821793 -0.23322091
v -0.00734898 -0.00823593 -0.23210000
v -0.00388595 -0.00821793 -0.23322091
v -0.00746294 -0.00989693 -0.23163800
v -0.00746294 -0.00989693 -0.23163800
v -0.00808498 -0.01007694 -0.23245301
v -0.00758996 -0.00984395 -0.23160300
v -0.00772198 -0.00982791 -0.23155300
v -0.00760999 -0.00815993 -0.23201200
v -0.00780996 -0.00795293 -0.23197401
v -0.00788798 -0.00767291 -0.23199991
v -0.00783398 -0.00739992 -0.23207700
v -0.01228400 -0.00983995 -0.22920300
v -0.01482399 -0.00964695 -0.22748099
v -0.01431097 -0.00824493 -0.22824900
v -0.00961997 -0.00983596 -0.23069599
v -0.00980600 -0.00723791 -0.23120500
v -0.01013400 -0.00796694 -0.23089101
v -0.01054295 -0.00824493 -0.23061600
v -0.01029899 -0.00816995 -0.23076201
v -0.01054295 -0.00824493 -0.23061600
v -0.01431097 -0.00824493 -0.22824900
v -0.01299097 -0.00843793 -0.23032799
v -0.01100298 -0.00843793 -0.23148200
v -0.01100298 -0.00843793 -0.23148200
v -0.01029899 -0.00816995 -0.23076201
v -0.01054295 -0.00824493 -0.23061600
v -0.01489194 -0.00843793 -0.22903900
v -0.01489194 -0.00843793 -0.22903900
v -0.01337196 -0.00269294 -0.23093601
v -0.01299097 -0.00843793 -0.23032799
v -0.01100298 -0.00843793 -0.23148200
v -0.00867798 -0.00414491 -0.23329900
v -0.00793495 -0.00269294 -0.23374000
v -0.01058199 -0.00815195 -0.23176600
v -0.01532998 -0.00815195 -0.22878300
v -0.01753797 -0.00414491 -0.22773200
v -0.00655194 -0.00009796 -0.23436990
v -0.01825799 -0.00269294 -0.22725400
v -0.01058199 -0.00815195 -0.23176600
v -0.00980600 -0.00723791 -0.23120500
v -0.01013400 -0.00796694 -0.23089101
v -0.00867798 -0.00414491 -0.23329900
v -0.01075395 -0.00836092 -0.23163100
v -0.01013400 -0.00796694 -0.23089101
v -0.01075395 -0.00836092 -0.23163100
v -0.01058199 -0.00815195 -0.23176600
v -0.01753797 -0.00414491 -0.22773200
v -0.01517000 -0.00722194 -0.22783700
v -0.01688899 -0.00404996 -0.22697701
v -0.01736094 -0.00310195 -0.22667190
v -0.01532998 -0.00815195 -0.22878300
v -0.01825799 -0.00269294 -0.22725400
v -0.01736094 -0.00310195 -0.22667190
v -0.01872595 -0.00376493 -0.22530800
v -0.01872196 -0.00009096 -0.22556999
v -0.01688899 -0.00404996 -0.22697701
v -0.01746197 -0.00757593 -0.22717489
v -0.01872595 -0.00376493 -0.22530800
v -0.01680597 -0.00740194 -0.22644000
v -0.01680597 -0.00740194 -0.22644000
v -0.01943197 -0.00385892 -0.22601000
v -0.01943197 -0.00385892 -0.22601000
v -0.01746197 -0.00757593 -0.22717489
v -0.01680597 -0.00740194 -0.22644000
v -0.01736398 -0.00785792 -0.22719289
v -0.01746197 -0.00757593 -0.22717489
v -0.01737596 -0.00814491 -0.22710800
v -0.01736398 -0.00785792 -0.22719289
v -0.01770194 -0.00843793 -0.22673200
v -0.01749994 -0.00835896 -0.22693899
v -0.01703395 -0.00823593 -0.22601600
v -0.01770194 -0.00843793 -0.22673200
v -0.01955296 -0.00821793 -0.22337499
v -0.01770194 -0.00843793 -0.22673200
v -0.01703395 -0.00823593 -0.22601600
v -0.02030196 -0.00843793 -0.22398999
v -0.01749994 -0.00835896 -0.22693899
v -0.01684197 -0.00816095 -0.22621200
v -0.01737596 -0.00814491 -0.22710800
v -0.01672198 -0.00795293 -0.22637500
v -0.01684197 -0.00816095 -0.22621200
v -0.01703395 -0.00823593 -0.22601600
v -0.01672198 -0.00795293 -0.22637500
v -0.01671197 -0.00767392 -0.22645600
v -0.01671197 -0.00767392 -0.22645600
v -0.01869698 -0.00961691 -0.22383990
v -0.02030196 -0.00843793 -0.22398999
v -0.01955296 -0.00821793 -0.22337499
v -0.01869698 -0.00961691 -0.22383990
v -0.01955296 -0.00821793 -0.22337499
v -0.01882400 -0.01079691 -0.22475091
v -0.01637997 -0.00982791 -0.22611500
v -0.01656796 -0.00989693 -0.22591791
v -0.01654698 -0.01062292 -0.22566500
v -0.01666196 -0.01036096 -0.22565900
v -0.01667400 -0.01009393 -0.22574800
v -0.01703300 -0.01007694 -0.22683101
v -0.01656796 -0.00989693 -0.22591791
v -0.01637997 -0.00982791 -0.22611500
v -0.01733496 -0.01035595 -0.22645301
v -0.01667400 -0.01009393 -0.22574800
v -0.01722499 -0.01014894 -0.22663000
v -0.01733496 -0.01035595 -0.22645301
v -0.01722499 -0.01014894 -0.22663000
v -0.01666196 -0.01036096 -0.22565900
v -0.01732298 -0.01063293 -0.22635900
v -0.01720997 -0.01088392 -0.22636691
v -0.01654698 -0.01062292 -0.22566500
v -0.01479097 -0.00983596 -0.22744700
v -0.01637997 -0.00982791 -0.22611500
v -0.01882400 -0.01079691 -0.22475091
v -0.01900699 -0.01079691 -0.22454401
v -0.01882400 -0.01079691 -0.22475091
v -0.01517000 -0.00722194 -0.22783700
v -0.01473596 -0.00796694 -0.22800090
v -0.01473596 -0.00796694 -0.22800090
v -0.01454796 -0.00817096 -0.22809200
v -0.01513400 -0.00836092 -0.22888000
v -0.01473596 -0.00796694 -0.22800090
v -0.01532998 -0.00815195 -0.22878300
v -0.01454796 -0.00817096 -0.22809200
v -0.01489194 -0.00843793 -0.22903900
v -0.01431097 -0.00824493 -0.22824900
v -0.01513400 -0.00836092 -0.22888000
v -0.00793495 -0.00269294 -0.23374000
v -0.00779995 -0.00310194 -0.23267899
v -0.00621500 -0.00009196 -0.23342800
v -0.00655194 -0.00009796 -0.23436990
v -0.00827899 -0.00404996 -0.23238590
v -0.00621500 -0.00009196 -0.23342800
v -0.00562599 -0.00309890 -0.23349801
v -0.00779995 -0.00310194 -0.23267899
v -0.00597896 -0.00376493 -0.23331600
v -0.00827899 -0.00404996 -0.23238590
v -0.00597896 -0.00376493 -0.23331600
v -0.00820895 -0.00757593 -0.23298790
v -0.00783398 -0.00739992 -0.23207700
v -0.00630494 -0.00385892 -0.23425791
v -0.00612595 -0.00352394 -0.23435099
v -0.00562599 -0.00309890 -0.23349801
v -0.00630494 -0.00385892 -0.23425791
v -0.00411596 -0.00843793 -0.23416300
v -0.00820895 -0.00757593 -0.23298790
v -0.00612595 -0.00352394 -0.23435099
v -0.00425198 -0.00009796 -0.23509200
v -0.00425198 -0.00009796 -0.23509200
v -0.00100597 -0.00352394 -0.23556390
v -0.00517996 -0.01079690 -0.23323500
v -0.00100597 0.00393003 -0.23556299
v 0.00662897 -0.00009796 -0.23517001
v 0.00338999 -0.00558293 -0.23532800
v 0.00464699 -0.00352394 -0.23545300
v 0.00005100 -0.01079690 -0.23403700
v -0.00117996 -0.01079690 -0.23397090
v 0.00670496 0.00020301 -0.23514600
v 0.00630096 -0.00008896 -0.23419400
v 0.00662897 -0.00009796 -0.23517001
v 0.00662897 0.00050402 -0.23517001
v 0.00670496 0.00020301 -0.23514600
v 0.00462798 -0.00310391 -0.23445500
v 0.00662897 -0.00009796 -0.23517001
v 0.00630096 -0.00008896 -0.23419400
v 0.00464699 -0.00352394 -0.23545300
v 0.00630096 -0.00008896 -0.23419400
v 0.00832800 0.00049299 -0.23330300
v 0.00832800 -0.00008896 -0.23330300
v 0.00636694 0.00020301 -0.23417400
v 0.00674496 -0.00309795 -0.23382691
v 0.00462798 -0.00310391 -0.23445500
v 0.00636694 0.00020301 -0.23417400
v 0.00674496 -0.00309795 -0.23382691
v 0.00740699 -0.00272494 -0.23471500
v 0.00673697 -0.00387895 -0.23482791
v 0.00638596 -0.00373495 -0.23387300
v 0.00832800 -0.00008896 -0.23330300
v 0.00638596 -0.00373495 -0.23387300
v 0.00382499 -0.00447494 -0.23441599
v 0.00423995 -0.00731695 -0.23372600
v 0.00444696 -0.00757694 -0.23469500
v 0.00423995 -0.00731695 -0.23372600
v 0.00435797 -0.00779796 -0.23465100
v 0.00423995 -0.00731695 -0.23372600
v 0.00444696 -0.00757694 -0.23469500
v 0.00415394 -0.00752091 -0.23368789
v 0.00415394 -0.00752091 -0.23368789
v 0.00342498 -0.00952196 -0.23316901
v 0.00415198 -0.00774491 -0.23362300
v 0.00415198 -0.00774491 -0.23362300
v 0.00423799 -0.00794393 -0.23354299
v 0.00445197 -0.00823992 -0.23449899
v 0.00423799 -0.00794393 -0.23354299
v 0.00435797 -0.00803095 -0.23458301
v 0.00444696 -0.00757694 -0.23469500
v 0.00435797 -0.00803095 -0.23458301
v 0.00435797 -0.00779796 -0.23465100
v 0.00485698 -0.00843894 -0.23433800
v 0.00462899 -0.00838596 -0.23441200
v 0.00445197 -0.00823992 -0.23449899
v 0.00886498 -0.00843894 -0.23251800
v 0.00461099 -0.00813794 -0.23338901
v 0.00485698 -0.00843894 -0.23433800
v 0.00439999 -0.00808293 -0.23346099
v 0.00485698 -0.00843894 -0.23433800
v 0.00461099 -0.00813794 -0.23338901
v 0.00673697 -0.00387895 -0.23482791
v 0.00462899 -0.00838596 -0.23441200
v 0.00886498 -0.00843894 -0.23251800
v 0.00833199 -0.00810993 -0.23173800
v 0.00889496 -0.00843894 -0.23249701
v 0.00833199 -0.00810993 -0.23173800
v 0.00886498 -0.00843894 -0.23251800
v 0.00889496 -0.00843894 -0.23249701
v 0.00931594 -0.00815392 -0.23231700
v 0.00903300 -0.00840396 -0.23241601
v 0.00945595 -0.00272494 -0.23361400
v 0.00903300 -0.00840396 -0.23241601
v 0.01154795 -0.00413394 -0.23165700
v 0.00740699 -0.00272494 -0.23471500
v 0.00882599 -0.00009896 -0.23418000
v 0.01221499 -0.00272495 -0.23123100
v 0.00945595 0.00312901 -0.23361300
v 0.01329598 -0.00009896 -0.23020600
v 0.00889597 0.00020200 -0.23414201
v 0.00839100 0.00020200 -0.23326901
v 0.00882599 -0.00009896 -0.23418000
v 0.00832800 -0.00008896 -0.23330300
v 0.00889597 0.00020200 -0.23414201
v 0.00882599 -0.00009896 -0.23418000
v 0.00832800 0.00049299 -0.23330300
v 0.00839100 0.00020200 -0.23326901
v 0.01127300 -0.00309491 -0.23070701
v 0.01221499 -0.00272495 -0.23123100
v 0.01251796 -0.00008996 -0.22957900
v 0.01154795 -0.00413394 -0.23165700
v 0.01329598 -0.00009896 -0.23020600
v 0.01251796 -0.00008996 -0.22957900
v 0.01275894 -0.00309890 -0.22895689
v 0.01127300 -0.00309491 -0.23070701
v 0.01392397 -0.00008996 -0.22769199
v 0.01329598 -0.00009896 -0.23020600
v 0.01256797 0.00020200 -0.22951899
v 0.01251796 -0.00008996 -0.22957900
v 0.01392397 0.00049204 -0.22769199
v 0.01256797 0.00020200 -0.22951899
v 0.01396898 0.00020200 -0.22763000
v 0.01396898 0.00020200 -0.22763000
v 0.01474294 -0.00009996 -0.22826700
v 0.01392397 -0.00008996 -0.22769199
v 0.01474294 -0.00009996 -0.22826700
v 0.01275894 -0.00309890 -0.22895689
v 0.01392397 -0.00008996 -0.22769199
v 0.01478997 0.00020200 -0.22820200
v 0.01392397 0.00049204 -0.22769199
v 0.01543597 0.00397599 -0.22680999
v 0.01474294 -0.00009996 -0.22826700
v 0.01478997 0.00020200 -0.22820200
v 0.01474294 0.00050300 -0.22826700
v 0.01474294 0.00050300 -0.22826700
v 0.01275996 0.00350302 -0.22895689
v 0.01338998 0.00397700 -0.22968800
v 0.01474294 0.00050300 -0.22826700
v 0.01392397 0.00049204 -0.22769199
v 0.01338998 0.00397700 -0.22968800
v 0.01327500 0.00423598 -0.22977599
v 0.01250097 0.00409698 -0.22916301
v 0.01327500 0.00423598 -0.22977599
v 0.01156595 0.00884300 -0.23012200
v 0.01138398 0.00798100 -0.23072600
v 0.01425997 0.00884300 -0.22660300
v 0.01069400 0.00769401 -0.23006500
v 0.01138398 0.00798100 -0.23072600
v 0.00907097 0.00987500 -0.23049800
v 0.01069400 0.00769401 -0.23006500
v 0.00961999 0.00675899 -0.23142700
v 0.01250097 0.00409698 -0.22916301
v 0.01059595 0.00797301 -0.23004290
v 0.01059595 0.00797301 -0.23004290
v 0.01138398 0.00798100 -0.23072600
v 0.01069400 0.00769401 -0.23006500
v 0.01059696 0.00824302 -0.22991700
v 0.01127997 0.00827402 -0.23070399
v 0.01059696 0.00824302 -0.22991700
v 0.01069400 0.00844002 -0.22971700
v 0.01128099 0.00855601 -0.23057100
v 0.01138398 0.00876301 -0.23036100
v 0.01069400 0.00844002 -0.22971700
v 0.01086697 0.00851500 -0.22949000
v 0.01086697 0.00851500 -0.22949000
v 0.01310596 0.00987804 -0.22567600
v 0.01347599 0.00852102 -0.22607200
v 0.01347599 0.00852102 -0.22607200
v 0.01156595 0.00884300 -0.23012200
v 0.01086697 0.00851500 -0.22949000
v 0.01156595 0.00884300 -0.23012200
v 0.01355097 0.01120102 -0.22586889
v 0.01347599 0.00852102 -0.22607200
v 0.01310596 0.00987804 -0.22567600
v 0.01347998 0.00852203 -0.22607399
v 0.01347599 0.00852102 -0.22607200
v 0.01347795 0.00852102 -0.22607300
v 0.01347599 0.00852102 -0.22607200
v 0.01348397 0.00852299 -0.22607700
v 0.01347998 0.00852203 -0.22607399
v 0.01347599 0.00852102 -0.22607200
v 0.01347998 0.00852203 -0.22607399
v 0.01347795 0.00852102 -0.22607300
v 0.01348397 0.00852299 -0.22607700
v 0.01347599 0.00852102 -0.22607200
v 0.01347998 0.00852203 -0.22607399
v 0.01425997 0.00884300 -0.22660300
v 0.01347700 0.00852001 -0.22607200
v 0.01347599 0.00852102 -0.22607200
v 0.01347700 0.00852001 -0.22607200
v 0.01347599 0.00852102 -0.22607200
v 0.01347700 0.00852001 -0.22607200
v 0.01347700 0.00852001 -0.22607200
v 0.01347700 0.00852102 -0.22607200
v 0.01347599 0.00852102 -0.22607200
v 0.01347700 0.00852001 -0.22607200
v 0.01347599 0.00852102 -0.22607200
v 0.01347700 0.00852102 -0.22607300
v 0.01347700 0.00852102 -0.22607200
v 0.01347599 0.00852102 -0.22607200
v 0.01347700 0.00852102 -0.22607200
v 0.01347700 0.00852001 -0.22607200
v 0.01347700 0.00852102 -0.22607300
v 0.01347599 0.00852102 -0.22607200
v 0.01347795 0.00852102 -0.22607300
v 0.01347599 0.00852102 -0.22607200
v 0.01347700 0.00852102 -0.22607300
v 0.01347599 0.00852102 -0.22607200
v 0.01347795 0.00852102 -0.22607300
v 0.01347700 0.00852102 -0.22607300
v 0.01347599 0.00852102 -0.22607200
v 0.01349095 0.00852603 -0.22608100
v 0.01348397 0.00852299 -0.22607700
v 0.01349095 0.00852603 -0.22608100
v 0.01347599 0.00852102 -0.22607200
v 0.01348397 0.00852299 -0.22607700
v 0.01350495 0.00853199 -0.22609100
v 0.01347599 0.00852102 -0.22607200
v 0.01349095 0.00852603 -0.22608100
v 0.01347599 0.00852102 -0.22607200
v 0.01353195 0.00854301 -0.22610999
v 0.01350495 0.00853199 -0.22609100
v 0.01347599 0.00852102 -0.22607200
v 0.01350495 0.00853199 -0.22609100
v 0.01349095 0.00852603 -0.22608100
v 0.01353195 0.00854301 -0.22610999
v 0.01347599 0.00852102 -0.22607200
v 0.01350495 0.00853199 -0.22609100
v 0.01347599 0.00852102 -0.22607200
v 0.01358798 0.00856602 -0.22614799
v 0.01353195 0.00854301 -0.22610999
v 0.01358798 0.00856602 -0.22614799
v 0.01347599 0.00852102 -0.22607200
v 0.01353195 0.00854301 -0.22610999
v 0.01347599 0.00852102 -0.22607200
v 0.01369998 0.00861203 -0.22622400
v 0.01358798 0.00856602 -0.22614799
v 0.01369998 0.00861203 -0.22622400
v 0.01347599 0.00852102 -0.22607200
v 0.01358798 0.00856602 -0.22614799
v 0.01347599 0.00852102 -0.22607200
v 0.01381198 0.00865799 -0.22630000
v 0.01369998 0.00861203 -0.22622400
v 0.01381198 0.00865799 -0.22630000
v 0.01347599 0.00852102 -0.22607200
v 0.01369998 0.00861203 -0.22622400
v 0.01392397 0.00870502 -0.22637589
v 0.01347599 0.00852102 -0.22607200
v 0.01381198 0.00865799 -0.22630000
v 0.01347599 0.00852102 -0.22607200
v 0.01403597 0.00875103 -0.22645190
v 0.01392397 0.00870502 -0.22637589
v 0.01347599 0.00852102 -0.22607200
v 0.01392397 0.00870502 -0.22637589
v 0.01381198 0.00865799 -0.22630000
v 0.01403597 0.00875103 -0.22645190
v 0.01347599 0.00852102 -0.22607200
v 0.01392397 0.00870502 -0.22637589
v 0.01425997 0.00884300 -0.22660300
v 0.01347599 0.00852102 -0.22607200
v 0.01425997 0.00884300 -0.22660300
v 0.01414797 0.00879699 -0.22652700
v 0.01425997 0.00884300 -0.22660300
v 0.01347599 0.00852102 -0.22607200
v 0.01414797 0.00879699 -0.22652700
v 0.01347599 0.00852102 -0.22607200
v 0.01414797 0.00879699 -0.22652700
v 0.01403597 0.00875103 -0.22645190
v 0.01414797 0.00879699 -0.22652700
v 0.01403597 0.00875103 -0.22645190
v 0.01347700 0.00852001 -0.22607200
v 0.01347700 0.00852001 -0.22607200
v 0.01347700 0.00852001 -0.22607200
v 0.01347700 0.00852001 -0.22607200
v 0.01347700 0.00852001 -0.22607200
v 0.01347700 0.00852001 -0.22607200
v 0.01347700 0.00852001 -0.22607200
v 0.01209000 0.01269704 -0.22463700
v 0.01270500 0.01308000 -0.22505100
v 0.01270500 0.01308000 -0.22505100
v 0.01393697 0.01120102 -0.22529000
v 0.01355097 0.01120102 -0.22586889
v 0.01393697 0.01120102 -0.22529000
v 0.01355097 0.01120102 -0.22586889
v 0.01436499 0.01120102 -0.22463600
v 0.01436499 0.01120102 -0.22463600
v 0.01803300 0.00764298 -0.22141500
v 0.01107696 0.01558900 -0.22325399
v 0.01375994 0.01555299 -0.21867899
v 0.01687196 0.01120102 -0.22068299
v 0.01687196 0.01120102 -0.22068299
v 0.01703695 0.01113802 -0.22020499
v 0.01375994 0.01555299 -0.21867899
v 0.01394197 0.01543802 -0.21822890
v 0.01369098 0.01561403 -0.21863290
v 0.01687196 0.01120102 -0.22068299
v 0.01369098 0.01561403 -0.21863290
v 0.00939498 0.01791304 -0.21584500
v 0.00959698 0.01775299 -0.21544590
v 0.00939498 0.01791304 -0.21584500
v 0.01394496 0.01514101 -0.21781000
v 0.00934295 0.01792901 -0.21581100
v 0.00489298 0.01867198 -0.21245400
v 0.00969098 0.01740198 -0.21512200
v 0.00502399 0.01831703 -0.21217900
v 0.01376698 0.01475101 -0.21754899
v 0.00965295 0.01695204 -0.21496300
v 0.00965295 0.01695204 -0.21496300
v 0.01665595 0.01073402 -0.21936600
v 0.00504295 0.01786898 -0.21206399
v 0.01376698 0.01475101 -0.21754899
v 0.01808599 0.00751102 -0.22042300
v 0.01665595 0.01073402 -0.21936600
v 0.01775095 0.00737899 -0.22005500
v 0.01695797 0.01096499 -0.21971200
v 0.01775095 0.00737899 -0.22005500
v 0.01665595 0.01073402 -0.21936600
v 0.01695797 0.01096499 -0.21971200
v 0.01695898 0.01096600 -0.21971400
v 0.01703796 0.01113599 -0.22019599
v 0.01695898 0.01096600 -0.21971400
v 0.01818898 0.00760698 -0.22092190
v 0.01703796 0.01113599 -0.22019599
v 0.01879397 0.00394499 -0.22130200
v 0.01863697 0.00397599 -0.22179399
v 0.01803300 0.00764298 -0.22141500
v 0.01863697 0.00397599 -0.22179399
v 0.01863697 -0.00357491 -0.22179399
v 0.01543597 -0.00357395 -0.22681101
v 0.01884195 0.00020903 -0.22192200
v 0.01863900 0.00396198 -0.22179499
v 0.01863900 0.00396198 -0.22179499
v 0.01899395 0.00020903 -0.22142801
v 0.01884195 0.00020903 -0.22192200
v 0.01887897 0.00020903 -0.22092301
v 0.01863799 -0.00356096 -0.22179499
v 0.01863697 -0.00357491 -0.22179399
v 0.01863799 -0.00356096 -0.22179499
v 0.01868096 0.00389999 -0.22079800
v 0.01833198 0.00383800 -0.22042000
v 0.01803300 -0.00723893 -0.22141700
v 0.01803300 -0.00723893 -0.22141700
v 0.01687095 -0.01079893 -0.22068501
v 0.01436100 -0.01079893 -0.22464100
v 0.01687095 -0.01079893 -0.22068501
v 0.01436100 -0.01079893 -0.22464100
v 0.01687095 -0.01079893 -0.22068501
v 0.01393595 -0.01079893 -0.22529200
v 0.01270399 -0.01267695 -0.22505300
v 0.01393595 -0.01079893 -0.22529200
v 0.01208398 -0.01229792 -0.22463501
v 0.01354996 -0.01079893 -0.22587100
v 0.01270399 -0.01267695 -0.22505300
v 0.01354996 -0.01079893 -0.22587100
v 0.01020197 -0.01506793 -0.22483900
v 0.01208398 -0.01229792 -0.22463501
v 0.01270399 -0.01267695 -0.22505300
v 0.01020197 -0.01506793 -0.22483900
v 0.01020197 -0.01506793 -0.22483900
v 0.01310697 -0.00947493 -0.22567900
v 0.01208398 -0.01229792 -0.22463501
v 0.01229200 -0.01018095 -0.22626901
v 0.01214996 -0.01044691 -0.22623690
v 0.00985495 -0.01507091 -0.22532091
v 0.01214996 -0.01044691 -0.22623690
v 0.00901595 -0.01506793 -0.22641801
v 0.00914899 -0.01495694 -0.22645401
v 0.00901595 -0.01506793 -0.22641801
v 0.01294795 -0.01079792 -0.22674500
v 0.01214996 -0.01044691 -0.22623690
v 0.01289097 -0.01088595 -0.22674599
v 0.01289097 -0.01088595 -0.22674599
v 0.01229200 -0.01018095 -0.22626901
v 0.01302394 -0.01063293 -0.22678401
v 0.01294795 -0.01079792 -0.22674500
v 0.01121494 -0.01079792 -0.22899701
v 0.01302394 -0.01063293 -0.22678401
v 0.01289097 -0.01088595 -0.22674599
v 0.01121494 -0.01079792 -0.22899701
v 0.01294795 -0.01079792 -0.22674500
v 0.01005600 -0.01007795 -0.23071900
v 0.00930498 -0.01079792 -0.23091600
v 0.01288000 -0.01007795 -0.22744391
v 0.00807897 -0.01470094 -0.22805700
v 0.00930498 -0.01079792 -0.23091600
v 0.00914899 -0.01495694 -0.22645401
v 0.01214394 -0.00966394 -0.22690600
v 0.01302496 -0.01015794 -0.22717901
v 0.01288000 -0.01007795 -0.22744391
v 0.01288000 -0.01007795 -0.22744391
v 0.00943998 -0.00966191 -0.23005501
v 0.01214394 -0.00966394 -0.22690600
v 0.01307699 -0.01035994 -0.22694101
v 0.01302496 -0.01015794 -0.22717901
v 0.01005600 -0.01007795 -0.23071900
v 0.01307699 -0.01035994 -0.22694101
v 0.01233897 -0.00992692 -0.22642000
v 0.01228598 -0.00973791 -0.22665100
v 0.01233897 -0.00992692 -0.22642000
v 0.01228598 -0.00973791 -0.22665100
v 0.01214394 -0.00966394 -0.22690600
v 0.00907097 -0.00947094 -0.23050091
v 0.00943998 -0.00966191 -0.23005501
v 0.00929699 -0.00969291 -0.23016600
v 0.01005600 -0.01007795 -0.23071900
v 0.00929699 -0.00969291 -0.23016600
v 0.00943998 -0.00966191 -0.23005501
v 0.00915400 -0.00978595 -0.23023591
v 0.00975297 -0.01020992 -0.23091200
v 0.00915400 -0.00978595 -0.23023591
v 0.00990496 -0.01011091 -0.23083700
v 0.00962696 -0.01034993 -0.23093400
v 0.00990496 -0.01011091 -0.23083700
v 0.00975297 -0.01020992 -0.23091200
v 0.00962696 -0.01034993 -0.23093400
v 0.00930498 -0.01079792 -0.23091600
v 0.00891296 -0.01009393 -0.23024801
v 0.00962696 -0.01034993 -0.23093400
v 0.00903395 -0.00992393 -0.23025300
v 0.00903395 -0.00992393 -0.23025300
v 0.00696800 -0.01045394 -0.23141600
v 0.00891296 -0.01009393 -0.23024801
v 0.00903395 -0.00992393 -0.23025300
v 0.00647894 -0.01410895 -0.23014501
v 0.00546197 -0.01511692 -0.22958501
v 0.00546197 -0.01511692 -0.22958501
v 0.00743995 -0.01088493 -0.23219291
v 0.00707898 -0.01024896 -0.23146400
v 0.00696800 -0.01045394 -0.23141600
v 0.00696800 -0.01045394 -0.23141600
v 0.00529597 -0.01349693 -0.23143201
v 0.00743995 -0.01088493 -0.23219291
v 0.00375799 -0.01518291 -0.23040690
v 0.00707898 -0.01024896 -0.23146400
v 0.00375799 -0.01518291 -0.23040690
v 0.00546197 -0.01511692 -0.22958501
v -0.00006200 -0.01633596 -0.23010700
v 0.00375799 -0.01518291 -0.23040690
v 0.00454799 -0.01302993 -0.23213200
v 0.00529597 -0.01349693 -0.23143201
v 0.00667796 -0.01079792 -0.23265700
v 0.00226197 -0.01079690 -0.23393700
v -0.00096598 -0.01539194 -0.23123500
v 0.00209699 -0.01102691 -0.23385599
v 0.00209699 -0.01102691 -0.23385599
v 0.00246296 -0.00998896 -0.23314600
v 0.00226197 -0.01079690 -0.23393700
v -0.00096598 -0.01539194 -0.23123500
v 0.00258795 -0.00984591 -0.23318491
v 0.00258098 -0.01034891 -0.23408200
v 0.00246296 -0.00998896 -0.23314600
v 0.00258098 -0.01034891 -0.23408200
v 0.00246296 -0.00998896 -0.23314600
v 0.00005900 -0.01048696 -0.23309501
v 0.00258795 -0.00984591 -0.23318491
v -0.00096598 -0.01539194 -0.23123500
v 0.00271294 -0.01021093 -0.23411890
v 0.00289199 -0.01011294 -0.23413201
v 0.00275699 -0.00974894 -0.23319800
v 0.00275699 -0.00974894 -0.23319800
v 0.00294600 -0.00971895 -0.23317900
v 0.00294600 -0.00971895 -0.23317900
v 0.00339994 -0.00970691 -0.23309989
v 0.00339994 -0.00970691 -0.23309989
v 0.00309399 -0.01007694 -0.23411600
v 0.00294600 -0.00971895 -0.23317900
v 0.00309399 -0.01007694 -0.23411600
v 0.00718996 -0.01007694 -0.23277401
v 0.00718996 -0.01007694 -0.23277401
v 0.00667796 -0.01079792 -0.23265700
v 0.00309399 -0.01007694 -0.23411600
v 0.00226197 -0.01079690 -0.23393700
v 0.00258098 -0.01034891 -0.23408200
v 0.00271294 -0.01021093 -0.23411890
v 0.00289199 -0.01011294 -0.23413201
v 0.00676296 -0.00966793 -0.23195501
v 0.00676296 -0.00966793 -0.23195501
v 0.00739298 -0.01013094 -0.23263800
v 0.00718996 -0.01007694 -0.23277401
v 0.00754199 -0.01069891 -0.23224200
v 0.00752900 -0.01027495 -0.23248491
v 0.00739298 -0.01013094 -0.23263800
v 0.00694398 -0.00971496 -0.23182900
v 0.00706998 -0.00984991 -0.23168799
v 0.00752900 -0.01027495 -0.23248491
v 0.00706998 -0.00984991 -0.23168799
v 0.00711600 -0.01003891 -0.23156001
v 0.00694398 -0.00971496 -0.23182900
v 0.00711600 -0.01003891 -0.23156001
v 0.00757996 -0.01047593 -0.23234590
v 0.00754199 -0.01069891 -0.23224200
v 0.00757996 -0.01047593 -0.23234590
v 0.00676296 -0.00966793 -0.23195501
v 0.00749794 -0.01079792 -0.23221091
v 0.00749794 -0.01079792 -0.23221091
v 0.00743995 -0.01088493 -0.23219291
v 0.00749794 -0.01079792 -0.23221091
v 0.00065800 -0.00955593 -0.23343401
v -0.00130095 -0.01541793 -0.23122201
v -0.00233396 -0.01445692 -0.23198690
v 0.00005900 -0.01048696 -0.23309501
v -0.00294294 -0.01555192 -0.23105501
v -0.00294294 -0.01555192 -0.23105501
v 0.00003500 -0.01082194 -0.23402700
v 0.00065800 -0.00955593 -0.23343401
v -0.00130095 -0.01541793 -0.23122201
v -0.00294294 -0.01555192 -0.23105501
v 0.00327096 -0.00539595 -0.23433800
v 0.00338999 -0.00558293 -0.23532800
v 0.00327096 -0.00539595 -0.23433800
v 0.00005100 -0.01079690 -0.23403700
v 0.00382499 -0.00447494 -0.23441599
v -0.00233396 -0.01445692 -0.23198690
v -0.00077399 -0.01079690 -0.23400191
v 0.00003500 -0.01082194 -0.23402700
v -0.00376495 -0.01280295 -0.23277401
v -0.00077399 -0.01079690 -0.23400191
v 0.00005100 -0.01079690 -0.23403700
v -0.00117996 -0.01079690 -0.23397090
v -0.00543698 -0.01079690 -0.23316200
v -0.00517996 -0.01079690 -0.23323500
v -0.00624498 -0.01230495 -0.23237290
v -0.00734194 -0.01469194 -0.23079200
v -0.00775596 -0.01590496 -0.22972100
v -0.00777098 -0.01595896 -0.22966700
v -0.00734194 -0.01469194 -0.23079200
v -0.00775596 -0.01590496 -0.22972100
v -0.00624498 -0.01230495 -0.23237290
v -0.00777098 -0.01595896 -0.22966700
v -0.00914296 -0.01495092 -0.22937501
v -0.00777098 -0.01595896 -0.22966700
v -0.00904199 -0.01602792 -0.22909500
v -0.00904199 -0.01602792 -0.22909500
v -0.00725099 -0.01061892 -0.23150700
v -0.00914296 -0.01495092 -0.22937501
v -0.00902798 -0.01413792 -0.23046701
v -0.00945594 -0.01556396 -0.22931001
v -0.00955297 -0.01604693 -0.22883900
v -0.00955297 -0.01604693 -0.22883900
v -0.00945594 -0.01556396 -0.22931001
v 0.00647894 -0.01410895 -0.23014501
v 0.01069299 -0.00728995 -0.23006600
v 0.00961999 -0.00635493 -0.23142800
v 0.01059500 -0.00756896 -0.23004501
v 0.00875298 -0.00783795 -0.23155500
v 0.00863597 -0.00798196 -0.23158001
v 0.01069299 -0.00803596 -0.22971900
v 0.01086596 -0.00811291 -0.22949199
v 0.01059595 -0.00783890 -0.22991900
v 0.00848798 -0.00807792 -0.23164401
v 0.01138297 -0.00757796 -0.23072700
v 0.01059500 -0.00756896 -0.23004501
v 0.01069299 -0.00728995 -0.23006600
v 0.01127896 -0.00786996 -0.23070499
v 0.01059595 -0.00783890 -0.22991900
v 0.01127997 -0.00815195 -0.23057290
v 0.01138297 -0.00757796 -0.23072700
v 0.01127997 -0.00815195 -0.23057290
v 0.01127896 -0.00786996 -0.23070499
v 0.01138196 -0.00835896 -0.23036300
v 0.01069299 -0.00803596 -0.22971900
v 0.01156494 -0.00843996 -0.23012300
v 0.01138196 -0.00835896 -0.23036300
v 0.01327500 -0.00383294 -0.22977699
v 0.01425895 -0.00843996 -0.22660490
v 0.01086596 -0.00811291 -0.22949199
v 0.01156494 -0.00843996 -0.23012300
v 0.01425895 -0.00843996 -0.22660490
v 0.01086596 -0.00811291 -0.22949199
v 0.01156494 -0.00843996 -0.23012300
v 0.01310697 -0.00947493 -0.22567900
v 0.01425895 -0.00843996 -0.22660490
v 0.01354996 -0.01079893 -0.22587100
v 0.01347599 -0.00811696 -0.22607400
v 0.01347599 -0.00811696 -0.22607400
v 0.01347599 -0.00811696 -0.22607400
v 0.01338998 -0.00357395 -0.22968900
v 0.01069299 -0.00728995 -0.23006600
v 0.01327500 -0.00383294 -0.22977699
v 0.01138297 -0.00757796 -0.23072700
v 0.01249895 -0.00369292 -0.22916301
v 0.01338998 -0.00357395 -0.22968900
v 0.01249895 -0.00369292 -0.22916301
v 0.01085594 -0.00398093 -0.23095800
v 0.00961999 -0.00635493 -0.23142800
v 0.01085594 -0.00398093 -0.23095800
v 0.00931594 -0.00815392 -0.23231700
v 0.00875298 -0.00783795 -0.23155500
v 0.00863597 -0.00798196 -0.23158001
v 0.00848798 -0.00807792 -0.23164401
v 0.00833199 -0.00810993 -0.23173800
v 0.00919095 -0.00830394 -0.23234590
v 0.00931594 -0.00815392 -0.23231700
v 0.00875298 -0.00783795 -0.23155500
v 0.00919095 -0.00830394 -0.23234590
v 0.01703695 -0.01073694 -0.22019901
v 0.01687095 -0.01079893 -0.22068501
v 0.01687196 0.01120102 -0.22068299
v 0.01703695 0.01113802 -0.22020499
v 0.00661597 0.01835799 -0.22082790
v 0.00934295 0.01792901 -0.21581100
v 0.00185595 0.01955199 -0.21768699
v 0.00469295 0.01884900 -0.21282890
v 0.00469295 0.01884900 -0.21282890
v 0.00901697 0.01547199 -0.22641399
v 0.00351999 0.01819503 -0.22576500
v 0.00985495 0.01547503 -0.22531999
v -0.00123998 0.01970201 -0.22243799
v 0.00546495 0.01552099 -0.22958199
v 0.00808100 0.01510602 -0.22805100
v -0.00006100 0.01674300 -0.23010200
v 0.00914995 0.01536101 -0.22645099
v 0.00375996 0.01558798 -0.23040300
v -0.00476297 0.01875001 -0.22691999
v -0.00293996 0.01595801 -0.23105199
v -0.00129994 0.01582598 -0.23121799
v 0.00455097 0.01343703 -0.23212799
v -0.00095399 0.01580101 -0.23122900
v 0.00375996 0.01558798 -0.23040300
v 0.00698600 0.01085299 -0.23140789
v 0.00529698 0.01390302 -0.23142899
v 0.00546495 0.01552099 -0.22958199
v 0.00698600 0.01085299 -0.23140789
v 0.00375996 0.01558798 -0.23040300
v 0.00529698 0.01390302 -0.23142899
v 0.00744197 0.01129001 -0.23219099
v 0.00744197 0.01129001 -0.23219099
v 0.00668195 0.01120203 -0.23265400
v 0.00668195 0.01120203 -0.23265400
v 0.00309495 0.01048302 -0.23411400
v 0.00226299 0.01120299 -0.23393400
v 0.00226299 0.01120299 -0.23393400
v 0.00749896 0.01120203 -0.23220900
v 0.00719199 0.01048201 -0.23277190
v 0.00754700 0.01109403 -0.23224300
v 0.00749896 0.01120203 -0.23220900
v 0.00749896 0.01120203 -0.23220900
v 0.00708494 0.01064503 -0.23146801
v 0.00754700 0.01109403 -0.23224300
v 0.00744197 0.01129001 -0.23219099
v 0.00708494 0.01064503 -0.23146801
v 0.00711796 0.01043701 -0.23156300
v 0.00698600 0.01085299 -0.23140789
v 0.00758097 0.01087403 -0.23234799
v 0.00711796 0.01043701 -0.23156300
v 0.00752798 0.01067602 -0.23248599
v 0.00706897 0.01025098 -0.23169000
v 0.00706897 0.01025098 -0.23169000
v 0.00739196 0.01053399 -0.23263700
v 0.00752798 0.01067602 -0.23248599
v 0.00758097 0.01087403 -0.23234799
v 0.00739196 0.01053399 -0.23263700
v 0.00694296 0.01011902 -0.23182800
v 0.00675998 0.01007104 -0.23194800
v 0.00719199 0.01048201 -0.23277190
v 0.00675998 0.01007104 -0.23194800
v 0.00694296 0.01011902 -0.23182800
v 0.00342397 0.00992799 -0.23316499
v 0.00339994 0.01011002 -0.23310099
v 0.00719199 0.01048201 -0.23277190
v 0.00675998 0.01007104 -0.23194800
v 0.00339994 0.01011002 -0.23310099
v 0.00848899 0.00848204 -0.23164199
v 0.00006100 0.01089400 -0.23309600
v 0.00065800 0.00996303 -0.23343000
v 0.00267396 0.01019501 -0.23319200
v 0.00415496 0.00792700 -0.23368600
v 0.00382695 0.00487900 -0.23441490
v 0.00415299 0.00814998 -0.23362100
v 0.00440196 0.00848699 -0.23346099
v 0.00423900 0.00834900 -0.23354199
v 0.00461499 0.00853699 -0.23339900
v 0.00833199 0.00851601 -0.23173500
v 0.00327096 0.00580204 -0.23433600
v 0.00294600 0.01011902 -0.23318490
v 0.00280294 0.01055902 -0.23412700
v 0.00294600 0.01011902 -0.23318490
v 0.00267396 0.01019501 -0.23319200
v 0.00258294 0.01075500 -0.23408000
v 0.00246195 0.01038503 -0.23314799
v 0.00246195 0.01038503 -0.23314799
v 0.00246195 0.01038503 -0.23314799
v 0.00226299 0.01120299 -0.23393400
v 0.00258294 0.01075500 -0.23408000
v 0.00258294 0.01075500 -0.23408000
v 0.00280294 0.01055902 -0.23412700
v 0.00209794 0.01143402 -0.23385390
v -0.00095399 0.01580101 -0.23122900
v -0.00095399 0.01580101 -0.23122900
v 0.00209794 0.01143402 -0.23385390
v 0.00309495 0.01048302 -0.23411400
v 0.00382695 0.00487900 -0.23441490
v 0.00338999 0.00598902 -0.23532700
v 0.00327096 0.00580204 -0.23433600
v 0.00065800 0.00996303 -0.23343000
v 0.00464699 0.00393003 -0.23545299
v 0.00005300 0.01120299 -0.23403500
v 0.00338999 0.00598902 -0.23532700
v 0.00464699 0.00393003 -0.23545299
v 0.00005300 0.01120299 -0.23403500
v 0.00003700 0.01122701 -0.23402600
v -0.00077095 0.01120299 -0.23400000
v 0.00003700 0.01122701 -0.23402600
v 0.00005300 0.01120299 -0.23403500
v -0.00077095 0.01120299 -0.23400000
v -0.00233295 0.01486504 -0.23198190
v -0.00376495 0.01321101 -0.23277099
v -0.00117894 0.01120299 -0.23396900
v -0.00117894 0.01120299 -0.23396900
v -0.00518199 0.01120299 -0.23323200
v -0.00518199 0.01120299 -0.23323200
v -0.00411495 0.00884503 -0.23416100
v -0.00543597 0.01120299 -0.23316000
v -0.00543597 0.01120299 -0.23316000
v -0.00467195 0.01002300 -0.23265000
v -0.00543597 0.01120299 -0.23316000
v -0.00411495 0.00884503 -0.23416100
v -0.00388398 0.00862402 -0.23321999
v -0.00770500 0.00884503 -0.23301101
v -0.00388398 0.00862402 -0.23321999
v -0.00411495 0.00884503 -0.23416100
v -0.00820800 0.00798303 -0.23298700
v -0.00770500 0.00884503 -0.23301101
v -0.00630494 0.00426602 -0.23425700
v -0.00612595 0.00393003 -0.23435000
v -0.00612595 0.00393003 -0.23435000
v -0.00597896 0.00417203 -0.23331600
v -0.00630494 0.00426602 -0.23425700
v -0.00562599 0.00350499 -0.23349699
v -0.00425198 0.00050503 -0.23509200
v -0.00425198 0.00050503 -0.23509200
v -0.00562599 0.00350499 -0.23349699
v -0.00621595 0.00049800 -0.23342700
v -0.00779995 0.00350898 -0.23267791
v -0.00398298 0.00049698 -0.23413500
v -0.00597896 0.00417203 -0.23331600
v -0.00398298 0.00049698 -0.23413500
v -0.00399097 -0.00008596 -0.23413301
v -0.00614097 0.00020301 -0.23345500
v -0.00417396 0.00020301 -0.23511399
v -0.00398298 0.00049698 -0.23413500
v -0.00425198 0.00050503 -0.23509200
v -0.00391897 0.00020301 -0.23415400
v -0.00391897 0.00020301 -0.23415400
v -0.00614097 0.00020301 -0.23345500
v -0.00655099 0.00050503 -0.23436990
v -0.00621595 0.00049800 -0.23342700
v -0.00647595 0.00020301 -0.23439801
v -0.00655194 -0.00009796 -0.23436990
v -0.00621500 -0.00009196 -0.23342800
v -0.00655099 0.00050503 -0.23436990
v -0.00647595 0.00020301 -0.23439801
v -0.00793495 0.00310004 -0.23374000
v -0.00621595 0.00049800 -0.23342700
v -0.00655099 0.00050503 -0.23436990
v -0.00793495 0.00310004 -0.23374000
v -0.00779995 0.00350898 -0.23267791
v -0.00867798 0.00455201 -0.23329800
v -0.00867798 0.00455201 -0.23329800
v -0.00980498 0.00764501 -0.23120400
v -0.00827899 0.00445598 -0.23238499
v -0.01058098 0.00855899 -0.23176400
v -0.01058098 0.00855899 -0.23176400
v -0.00783100 0.00780803 -0.23207700
v -0.00980498 0.00764501 -0.23120400
v -0.01013299 0.00837403 -0.23089000
v -0.01013299 0.00837403 -0.23089000
v -0.00827899 0.00445598 -0.23238499
v -0.01029797 0.00857699 -0.23075999
v -0.01075299 0.00876802 -0.23162900
v -0.01013299 0.00837403 -0.23089000
v -0.01058098 0.00855899 -0.23176400
v -0.01029797 0.00857699 -0.23075999
v -0.01100196 0.00884503 -0.23148100
v -0.01100196 0.00884503 -0.23148100
v -0.01075299 0.00876802 -0.23162900
v -0.01054098 0.00865298 -0.23061400
v -0.01054098 0.00865298 -0.23061400
v -0.01100196 0.00884503 -0.23148100
v -0.01054098 0.00865298 -0.23061400
v -0.00788596 0.00808000 -0.23199899
v -0.00783100 0.00780803 -0.23207700
v -0.00826695 0.00826502 -0.23290600
v -0.00820800 0.00798303 -0.23298700
v -0.00788596 0.00808000 -0.23199899
v -0.00820800 0.00798303 -0.23298700
v -0.00783100 0.00780803 -0.23207700
v -0.00780895 0.00835902 -0.23197301
v -0.00818499 0.00855201 -0.23287991
v -0.00780895 0.00835902 -0.23197301
v -0.00760999 0.00856704 -0.23201001
v -0.00797900 0.00876599 -0.23291899
v -0.00760999 0.00856704 -0.23201001
v -0.00734796 0.00864303 -0.23209800
v -0.00770500 0.00884503 -0.23301101
v -0.00818499 0.00855201 -0.23287991
v -0.00797900 0.00876599 -0.23291899
v -0.00734796 0.00864303 -0.23209800
v -0.00467195 0.01002300 -0.23265000
v -0.00388398 0.00862402 -0.23321999
v -0.00734796 0.00864303 -0.23209800
v -0.00826695 0.00826502 -0.23290600
v -0.00399097 -0.00008596 -0.23413301
v -0.00425198 -0.00009796 -0.23509200
v -0.00399097 -0.00008596 -0.23413301
v -0.00417396 0.00020301 -0.23511399
v -0.00726500 0.01049798 -0.23165700
v -0.00718900 0.01076299 -0.23160900
v -0.00746294 0.01030200 -0.23163500
v -0.00772198 0.01022899 -0.23155200
v -0.00596597 0.01243400 -0.23151989
v -0.00724497 0.01102298 -0.23151000
v -0.00596597 0.01243400 -0.23151989
v -0.00808396 0.01048302 -0.23245100
v -0.00746294 0.01030200 -0.23163500
v -0.00772198 0.01022899 -0.23155200
v -0.00961896 0.01024198 -0.23069300
v -0.00808396 0.01048302 -0.23245100
v -0.00772198 0.01022899 -0.23155200
v -0.00961896 0.01024198 -0.23069300
v -0.01279898 0.01048302 -0.23002399
v -0.01228197 0.01024699 -0.22920100
v -0.01279898 0.01048302 -0.23002399
v -0.01448395 0.01120299 -0.22865701
v -0.01270797 0.01120299 -0.22986400
v -0.01703199 0.01048302 -0.22682901
v -0.01085295 0.01120299 -0.23094000
v -0.00808396 0.01048302 -0.23245100
v -0.01478894 0.01024103 -0.22744500
v -0.01703199 0.01048302 -0.22682901
v -0.01270099 0.01120299 -0.22986790
v -0.00753196 0.01103604 -0.23250900
v -0.00758799 0.01129102 -0.23240900
v -0.01085295 0.01120299 -0.23094000
v -0.00902798 0.01454800 -0.23046200
v -0.01270099 0.01120299 -0.22986790
v -0.00755295 0.01120299 -0.23244999
v -0.00755295 0.01120299 -0.23244999
v -0.00724497 0.01102298 -0.23151000
v -0.00755295 0.01120299 -0.23244999
v -0.00758799 0.01129102 -0.23240900
v -0.00902798 0.01454800 -0.23046200
v -0.00724497 0.01102298 -0.23151000
v -0.00758799 0.01129102 -0.23240900
v -0.00718900 0.01076299 -0.23160900
v -0.00753196 0.01103604 -0.23250900
v -0.00761398 0.01076001 -0.23255899
v -0.00761398 0.01076001 -0.23255899
v -0.00781997 0.01055604 -0.23253700
v -0.00726500 0.01049798 -0.23165700
v -0.00781997 0.01055604 -0.23253700
v -0.00914099 0.01535803 -0.22937199
v -0.00945397 0.01597202 -0.22930599
v -0.01136299 0.01656103 -0.22772500
v -0.00945397 0.01597202 -0.22930599
v -0.00914099 0.01535803 -0.22937199
v -0.00776800 0.01636499 -0.22966400
v -0.00954999 0.01645404 -0.22883589
v -0.00903996 0.01643502 -0.22909100
v -0.00954999 0.01645404 -0.22883589
v -0.00954999 0.01645404 -0.22883589
v -0.00776800 0.01636499 -0.22966400
v -0.00903996 0.01643502 -0.22909100
v -0.00733998 0.01510000 -0.23078800
v -0.00776800 0.01636499 -0.22966400
v -0.00775399 0.01631504 -0.22971400
v -0.00871994 0.01938802 -0.22352090
v -0.00775399 0.01631504 -0.22971400
v -0.00872096 0.01938700 -0.22352300
v -0.00871994 0.01938802 -0.22352090
v -0.01099195 0.01970100 -0.21631200
v -0.00576099 0.02001302 -0.21881500
v -0.00872096 0.01938700 -0.22352300
v -0.00576099 0.02001302 -0.21881500
v -0.00575998 0.02001302 -0.21881200
v -0.00575998 0.02001302 -0.21881200
v -0.00805398 0.01955199 -0.21146300
v -0.00290998 0.01977502 -0.21427500
v -0.00290998 0.01977502 -0.21427500
v -0.01294597 0.01835703 -0.20853500
v -0.00960495 0.01792900 -0.20389999
v -0.00490197 0.01884799 -0.20679600
v -0.00488898 0.01885002 -0.20680500
v -0.00490197 0.01884799 -0.20679600
v -0.00488898 0.01885002 -0.20680500
v -0.00960495 0.01792900 -0.20389999
v -0.00290795 0.01977502 -0.21427200
v -0.00011400 0.01913701 -0.20983000
v 0.00011600 0.01896303 -0.20946499
v -0.00011400 0.01913701 -0.20983000
v 0.00011600 0.01896303 -0.20946499
v 0.00468198 0.01885003 -0.21282200
v -0.00011400 0.01913701 -0.20983000
v 0.00011800 0.01895999 -0.20946000
v 0.00011800 0.01895999 -0.20946000
v 0.00468198 0.01885003 -0.21282200
v -0.00290795 0.01977502 -0.21427200
v -0.00011400 0.01913701 -0.20983000
v -0.01605298 0.01819401 -0.21346500
v -0.00965496 0.01791303 -0.20386900
v -0.01838400 0.01547502 -0.20754499
v -0.01901599 0.01547198 -0.20878900
v -0.02021899 0.01084201 -0.20587800
v -0.01811000 0.01547300 -0.20704300
v -0.01838400 0.01547502 -0.20754499
v -0.01901599 0.01547198 -0.20878900
v -0.02031298 0.01057701 -0.20577399
v -0.02021899 0.01084201 -0.20587800
v -0.01901599 0.01547198 -0.20878900
v -0.01910694 0.01535998 -0.20868499
v -0.02101900 0.01120202 -0.20539300
v -0.02021899 0.01084201 -0.20587800
v -0.02099599 0.01128899 -0.20544399
v -0.02031298 0.01057701 -0.20577399
v -0.02099599 0.01128899 -0.20544399
v -0.02046599 0.01032500 -0.20580099
v -0.02125599 0.01075803 -0.20536300
v -0.02046599 0.01032500 -0.20580099
v -0.02109196 0.01102703 -0.20533900
v -0.02144595 0.01055901 -0.20551200
v -0.02109196 0.01102703 -0.20533900
v -0.02161797 0.01048200 -0.20575490
v -0.02125599 0.01075803 -0.20536300
v -0.02144595 0.01055901 -0.20551200
v -0.02247997 0.01005601 -0.20997400
v -0.02161797 0.01048200 -0.20575490
v -0.02333595 0.01048200 -0.20969000
v -0.02081795 0.01005899 -0.20618699
v -0.02064796 0.01013802 -0.20595001
v -0.02161797 0.01048200 -0.20575490
v -0.02081795 0.01005899 -0.20618699
v -0.02229597 0.01120202 -0.20792800
v -0.02333595 0.01048200 -0.20969000
v -0.02064796 0.01013802 -0.20595001
v -0.02081795 0.01005899 -0.20618699
v -0.02247997 0.01005601 -0.20997400
v -0.02318998 0.01120202 -0.21045600
v -0.02008798 0.01510500 -0.21034600
v -0.02318998 0.01120202 -0.21045600
v -0.02229597 0.01120202 -0.20792800
v -0.02101900 0.01120202 -0.20539300
v -0.02099599 0.01128899 -0.20544399
v -0.02101900 0.01120202 -0.20539300
v -0.01910694 0.01535998 -0.20868499
v -0.02127298 0.01451700 -0.21268199
v -0.02032997 0.01552199 -0.21334989
v -0.02240999 0.01054202 -0.21055700
v -0.02127298 0.01451700 -0.21268199
v -0.02032997 0.01552199 -0.21334989
v -0.02264096 0.01084797 -0.21278299
v -0.02240999 0.01054202 -0.21055700
v -0.02032997 0.01552199 -0.21334989
v -0.02033396 0.01558798 -0.21524390
v -0.02033396 0.01558798 -0.21524390
v -0.02264096 0.01084797 -0.21278299
v -0.02033396 0.01558798 -0.21524390
v -0.02191998 0.01390701 -0.21430500
v -0.02353897 0.01129001 -0.21269999
v -0.02273198 0.01064401 -0.21270899
v -0.02264096 0.01084797 -0.21278299
v -0.02273198 0.01064401 -0.21270899
v -0.02353897 0.01129001 -0.21269999
v -0.02362796 0.01120299 -0.21360300
v -0.02191998 0.01390701 -0.21430500
v -0.02222999 0.01343500 -0.21529400
v -0.02353897 0.01129001 -0.21269999
v -0.02286996 0.01120299 -0.21812700
v -0.02272196 0.01143902 -0.21824400
v -0.01903297 0.01580000 -0.21986599
v -0.02272196 0.01143902 -0.21824400
v -0.02224698 0.01038503 -0.21760599
v -0.02286996 0.01120299 -0.21812700
v -0.01903297 0.01580000 -0.21986599
v -0.01903297 0.01580000 -0.21986599
v -0.02224698 0.01038503 -0.21760599
v -0.02237799 0.01019400 -0.21743500
v -0.02313896 0.01075500 -0.21790100
v -0.02224698 0.01038503 -0.21760599
v -0.02313896 0.01075500 -0.21790100
v -0.02327796 0.01055902 -0.21772300
v -0.02339198 0.01048302 -0.21745400
v -0.02286996 0.01120299 -0.21812700
v -0.02313896 0.01075500 -0.21790100
v -0.02327796 0.01055902 -0.21772300
v -0.02248498 0.01011699 -0.21718290
v -0.02339198 0.01048302 -0.21745400
v -0.02339198 0.01048302 -0.21745400
v -0.02260299 0.01010900 -0.21675689
v -0.02395495 0.01048200 -0.21317699
v -0.02248498 0.01011699 -0.21718290
v -0.02395495 0.01048200 -0.21317699
v -0.02362796 0.01120299 -0.21360300
v -0.02303000 0.01007199 -0.21320499
v -0.02303000 0.01007199 -0.21320499
v -0.02391996 0.01053398 -0.21293799
v -0.02395495 0.01048200 -0.21317699
v -0.02363195 0.01109301 -0.21262800
v -0.02384295 0.01067601 -0.21275000
v -0.02391996 0.01053398 -0.21293799
v -0.02374097 0.01087301 -0.21264300
v -0.02384295 0.01067601 -0.21275000
v -0.02283199 0.01043599 -0.21272100
v -0.02374097 0.01087301 -0.21264300
v -0.02292498 0.01025098 -0.21281899
v -0.02283199 0.01043599 -0.21272100
v -0.02292498 0.01025098 -0.21281899
v -0.02299495 0.01011799 -0.21299200
v -0.02299495 0.01011799 -0.21299200
v -0.02363195 0.01109301 -0.21262800
v -0.02357997 0.01120202 -0.21265600
v -0.02357997 0.01120202 -0.21265600
v -0.02357997 0.01120202 -0.21265600
v -0.02248599 0.01031701 -0.21042400
v -0.02334495 0.01075398 -0.21017100
v -0.02248599 0.01031701 -0.21042400
v -0.02318998 0.01120202 -0.21045600
v -0.02334495 0.01075398 -0.21017100
v -0.02337899 0.01061098 -0.21004499
v -0.02251198 0.01018702 -0.21029290
v -0.02334495 0.01075398 -0.21017100
v -0.02248599 0.01031701 -0.21042400
v -0.02337899 0.01061098 -0.21004499
v -0.02337696 0.01051502 -0.20987600
v -0.02250995 0.01009701 -0.21013400
v -0.02337696 0.01051502 -0.20987600
v -0.02247997 0.01005601 -0.20997400
v -0.02250995 0.01009701 -0.21013400
v -0.02251198 0.01018702 -0.21029290
v -0.02333595 0.01048200 -0.20969000
v -0.00965496 0.01791303 -0.20386900
v -0.01403197 0.01561301 -0.20120600
v -0.01016094 0.01835900 -0.22581300
v -0.01016094 0.01835900 -0.22581300
v -0.01136299 0.01656103 -0.22772500
v -0.00733998 0.01510000 -0.23078800
v -0.00624397 0.01271200 -0.23237100
v -0.00624397 0.01271200 -0.23237100
v -0.01313998 0.01645302 -0.22658200
v -0.01136394 0.01656002 -0.22772500
v -0.01270797 0.01120299 -0.22986400
v -0.01136394 0.01656002 -0.22772500
v -0.01360096 0.01597601 -0.22669799
v -0.01270797 0.01120299 -0.22986400
v -0.01484396 0.01453101 -0.22681589
v -0.01360096 0.01597601 -0.22669799
v -0.01380797 0.01534503 -0.22644400
v -0.01313998 0.01645302 -0.22658200
v -0.01484396 0.01453101 -0.22681589
v -0.01654800 0.01102298 -0.22566600
v -0.01720895 0.01129102 -0.22636400
v -0.01448395 0.01120299 -0.22865701
v -0.01720895 0.01129102 -0.22636400
v -0.01726099 0.01120299 -0.22634999
v -0.01654800 0.01102298 -0.22566600
v -0.01720895 0.01129102 -0.22636400
v -0.01726099 0.01120299 -0.22634999
v -0.01666196 0.01076400 -0.22565789
v -0.01732298 0.01103604 -0.22635791
v -0.01732298 0.01103604 -0.22635791
v -0.01726099 0.01120299 -0.22634999
v -0.01666196 0.01076400 -0.22565789
v -0.01733299 0.01076001 -0.22645300
v -0.01667299 0.01049798 -0.22574800
v -0.01667299 0.01049798 -0.22574800
v -0.01733299 0.01076001 -0.22645300
v -0.01722296 0.01055604 -0.22663000
v -0.01722296 0.01055604 -0.22663000
v -0.01656600 0.01030200 -0.22591699
v -0.01703199 0.01048302 -0.22682901
v -0.01637794 0.01023000 -0.22611400
v -0.01656600 0.01030200 -0.22591699
v -0.01359697 0.01643300 -0.22622899
v -0.01313998 0.01645302 -0.22658200
v -0.01465895 0.01636499 -0.22533700
v -0.01359697 0.01643300 -0.22622899
v -0.01637794 0.01023000 -0.22611400
v 0.00006100 0.01089400 -0.23309600
v -0.00233295 0.01486504 -0.23198190
v -0.00293996 0.01595801 -0.23105199
v 0.00462798 0.00351000 -0.23445500
v 0.00662897 0.00050402 -0.23517001
v 0.00462798 0.00351000 -0.23445500
v 0.00638697 0.00414002 -0.23387299
v 0.00674496 0.00350404 -0.23382690
v 0.00630197 0.00049102 -0.23420700
v 0.00630197 0.00049102 -0.23420700
v 0.00630197 0.00049102 -0.23420700
v 0.00662897 0.00050402 -0.23517001
v 0.00740699 0.00313002 -0.23471500
v 0.00674496 0.00350404 -0.23382690
v 0.00673697 0.00428402 -0.23482700
v 0.00638697 0.00414002 -0.23387299
v 0.00832800 0.00049299 -0.23330300
v 0.00673697 0.00428402 -0.23482700
v 0.00740699 0.00313002 -0.23471500
v 0.00882599 0.00050402 -0.23418000
v 0.00882599 0.00050402 -0.23418000
v 0.00882599 0.00050402 -0.23418000
v 0.00889698 0.00884300 -0.23249599
v 0.00444797 0.00798202 -0.23469300
v 0.00485799 0.00884402 -0.23433600
v 0.00444797 0.00798202 -0.23469300
v 0.00886599 0.00884402 -0.23251600
v 0.00435898 0.00843602 -0.23458201
v 0.00462995 0.00879198 -0.23441000
v 0.00462995 0.00879198 -0.23441000
v 0.00440196 0.00848699 -0.23346099
v 0.00485799 0.00884402 -0.23433600
v 0.00461499 0.00853699 -0.23339900
v 0.00886599 0.00884402 -0.23251600
v 0.00485799 0.00884402 -0.23433600
v 0.00461499 0.00853699 -0.23339900
v 0.00435898 0.00820303 -0.23465000
v 0.00435898 0.00820303 -0.23465000
v 0.00415299 0.00814998 -0.23362100
v 0.00435898 0.00843602 -0.23458201
v 0.00445298 0.00864500 -0.23449699
v 0.00445298 0.00864500 -0.23449699
v 0.00423900 0.00834900 -0.23354199
v 0.00423799 0.00772303 -0.23373400
v 0.00415496 0.00792700 -0.23368600
v 0.00444797 0.00798202 -0.23469300
v 0.00423799 0.00772303 -0.23373400
v 0.00423799 0.00772303 -0.23373400
v 0.00931696 0.00855803 -0.23231500
v 0.00903395 0.00880903 -0.23241401
v 0.00833199 0.00851601 -0.23173500
v 0.00903395 0.00880903 -0.23241401
v 0.00889698 0.00884300 -0.23249599
v 0.00886599 0.00884402 -0.23251600
v 0.00919197 0.00870800 -0.23234400
v 0.00863597 0.00838602 -0.23157900
v 0.00919197 0.00870800 -0.23234400
v 0.00848899 0.00848204 -0.23164199
v 0.00863597 0.00838602 -0.23157900
v 0.00875399 0.00824302 -0.23155300
v 0.00875399 0.00824302 -0.23155300
v 0.00961999 0.00675899 -0.23142700
v 0.00931696 0.00855803 -0.23231500
v 0.00875399 0.00824302 -0.23155300
v 0.00931696 0.00855803 -0.23231500
v 0.01154897 0.00453901 -0.23165700
v 0.01154897 0.00453901 -0.23165700
v 0.01085696 0.00438601 -0.23095800
v 0.01127395 0.00349998 -0.23070800
v 0.01221499 0.00312900 -0.23123000
v 0.01221499 0.00312900 -0.23123000
v 0.01251796 0.00049204 -0.22957900
v 0.01275996 0.00350302 -0.22895689
v 0.01251796 0.00049204 -0.22957900
v 0.01127395 0.00349998 -0.23070800
v 0.01085696 0.00438601 -0.23095800
v 0.01329699 0.00050300 -0.23020600
v 0.01251796 0.00049204 -0.22957900
v 0.01329699 0.00050300 -0.23020600
v 0.01329699 0.00050300 -0.23020600
v 0.01334795 0.00020099 -0.23014501
v 0.01334795 0.00020099 -0.23014501
v 0.00833199 0.00851601 -0.23173500
v 0.00309495 0.01048302 -0.23411400
v 0.00294600 0.01011902 -0.23318490
v -0.00129994 0.01582598 -0.23121799
v -0.00293996 0.01595801 -0.23105199
v 0.00891695 0.01049202 -0.23025100
v 0.00903795 0.01031702 -0.23025700
v 0.00891695 0.01049202 -0.23025100
v 0.00930599 0.01120203 -0.23091391
v 0.00962899 0.01075399 -0.23093189
v 0.00647996 0.01451504 -0.23014189
v 0.00903795 0.01031702 -0.23025700
v 0.00546495 0.01552099 -0.22958199
v 0.00915698 0.01018703 -0.23023400
v 0.00903795 0.01031702 -0.23025700
v 0.00975696 0.01061099 -0.23090900
v 0.00915698 0.01018703 -0.23023400
v 0.00962899 0.01075399 -0.23093189
v 0.00990698 0.01051503 -0.23083401
v 0.00975696 0.01061099 -0.23090900
v 0.01005796 0.01048201 -0.23071700
v 0.00990698 0.01051503 -0.23083401
v 0.00962899 0.01075399 -0.23093189
v 0.00943998 0.01006502 -0.23005299
v 0.01005796 0.01048201 -0.23071700
v 0.01288095 0.01048201 -0.22744199
v 0.00943998 0.01006502 -0.23005299
v 0.01005796 0.01048201 -0.23071700
v 0.01121798 0.01120203 -0.22899200
v 0.01288095 0.01048201 -0.22744199
v 0.00930599 0.01120203 -0.23091391
v 0.00943998 0.01006502 -0.23005299
v 0.00929896 0.01009702 -0.23016299
v 0.01214698 0.01005900 -0.22690600
v 0.00929896 0.01009702 -0.23016299
v 0.01214698 0.01005900 -0.22690600
v 0.01228598 0.01013899 -0.22665199
v 0.01302496 0.01055902 -0.22718000
v 0.01214698 0.01005900 -0.22690600
v 0.01288095 0.01048201 -0.22744199
v 0.01228598 0.01013899 -0.22665199
v 0.01234099 0.01032400 -0.22642299
v 0.01234099 0.01032400 -0.22642299
v 0.01229999 0.01057499 -0.22627300
v 0.01307795 0.01075703 -0.22694500
v 0.01229999 0.01057499 -0.22627300
v 0.01302895 0.01102501 -0.22678600
v 0.01307795 0.01075703 -0.22694500
v 0.01302496 0.01055902 -0.22718000
v 0.01302895 0.01102501 -0.22678600
v 0.01294896 0.01120203 -0.22674300
v 0.01294896 0.01120203 -0.22674300
v 0.01216695 0.01084202 -0.22622999
v 0.01289198 0.01128900 -0.22674390
v 0.01121798 0.01120203 -0.22899200
v 0.01289198 0.01128900 -0.22674390
v 0.01294896 0.01120203 -0.22674300
v 0.00914995 0.01536101 -0.22645099
v 0.01216695 0.01084202 -0.22622999
v 0.01289198 0.01128900 -0.22674390
v 0.01020399 0.01547199 -0.22483499
v 0.01216695 0.01084202 -0.22622999
v 0.00985495 0.01547503 -0.22531999
v 0.00901697 0.01547199 -0.22641399
v 0.00901697 0.01547199 -0.22641399
v 0.01020399 0.01547199 -0.22483499
v 0.01270500 0.01308000 -0.22505100
v 0.01209000 0.01269704 -0.22463700
v 0.01020399 0.01547199 -0.22483499
v 0.01209000 0.01269704 -0.22463700
v 0.00930599 0.01120203 -0.23091391
v 0.00647996 0.01451504 -0.23014189
v 0.01128099 0.00855601 -0.23057100
v 0.01138398 0.00876301 -0.23036100
v 0.01127997 0.00827402 -0.23070399
v 0.00461099 -0.00813794 -0.23338901
v 0.00439999 -0.00808293 -0.23346099
v -0.00543698 -0.01079690 -0.23316200
v -0.00770595 -0.00843793 -0.23301301
v -0.00826695 -0.00785792 -0.23290800
v -0.00826695 -0.00785792 -0.23290800
v -0.00783398 -0.00739992 -0.23207700
v -0.00820895 -0.00757593 -0.23298790
v -0.00797995 -0.00835991 -0.23292001
v -0.00818595 -0.00814593 -0.23288199
v -0.00788798 -0.00767291 -0.23199991
v -0.00818595 -0.00814593 -0.23288199
v -0.00780996 -0.00795293 -0.23197401
v -0.00797995 -0.00835991 -0.23292001
v -0.00760999 -0.00815993 -0.23201200
v -0.00734898 -0.00823593 -0.23210000
v -0.00770595 -0.00843793 -0.23301301
v -0.00388595 -0.00821793 -0.23322091
v -0.00770595 -0.00843793 -0.23301301
v -0.00411596 -0.00843793 -0.23416300
v -0.00734898 -0.00823593 -0.23210000
v -0.01942595 -0.00009796 -0.22628100
v -0.00781997 -0.01014995 -0.23253890
v -0.00761297 -0.01035595 -0.23256101
v -0.00781997 -0.01014995 -0.23253890
v -0.00772198 -0.00982791 -0.23155300
v -0.00758996 -0.01088493 -0.23241100
v -0.01270898 -0.01079690 -0.22986600
v -0.01726295 -0.01079691 -0.22635201
v -0.01314195 -0.01604592 -0.22658600
v -0.00576397 -0.01960892 -0.21881901
v -0.00576397 -0.01960892 -0.21881901
v -0.00576194 -0.01960892 -0.21881600
v -0.01314195 -0.01604592 -0.22658600
v -0.02141096 -0.01079691 -0.22124800
v -0.02171995 -0.00955695 -0.21936301
v -0.02366795 -0.00539696 -0.21739391
v -0.02366795 -0.00539696 -0.21739391
v -0.02396800 -0.00451094 -0.21694501
v -0.02396800 -0.00451094 -0.21694501
v -0.02353795 -0.00731695 -0.21625200
v -0.02459796 -0.00373292 -0.21437900
v -0.02346500 -0.00752193 -0.21631400
v -0.02436199 -0.00310391 -0.21621899
v -0.02527197 -0.00352395 -0.21663401
v -0.02436199 -0.00310391 -0.21621899
v -0.02442296 -0.00779796 -0.21654900
v -0.02353795 -0.00731695 -0.21625200
v -0.02346500 -0.00752193 -0.21631400
v -0.02340599 -0.00774491 -0.21628700
v -0.02340599 -0.00774491 -0.21628700
v -0.02450098 -0.00757694 -0.21648601
v -0.02436199 -0.00803191 -0.21651700
v -0.02450098 -0.00757694 -0.21648601
v -0.02442296 -0.00779796 -0.21654900
v -0.02436199 -0.00803191 -0.21651700
v -0.02435597 -0.00843895 -0.21596100
v -0.02432700 -0.00824094 -0.21639501
v -0.02432700 -0.00824094 -0.21639501
v -0.02337100 -0.00794393 -0.21617501
v -0.02336999 -0.00808191 -0.21599200
v -0.02432497 -0.00838793 -0.21619600
v -0.02432497 -0.00838793 -0.21619600
v -0.02336999 -0.00808191 -0.21599200
v -0.02337100 -0.00794393 -0.21617501
v -0.02435597 -0.00843895 -0.21596100
v -0.02340700 -0.00813192 -0.21577200
v -0.02340700 -0.00813192 -0.21577200
v -0.02444895 -0.00843895 -0.21155600
v -0.02340700 -0.00813192 -0.21577200
v -0.02351399 -0.00811094 -0.21169791
v -0.02351399 -0.00811094 -0.21169791
v -0.02435597 -0.00843895 -0.21596100
v -0.02351399 -0.00811094 -0.21169791
v -0.02444496 -0.00843895 -0.21153191
v -0.02444895 -0.00843895 -0.21155600
v -0.02444895 -0.00843895 -0.21155600
v -0.02349796 -0.00807792 -0.21151801
v -0.02450098 -0.00757694 -0.21648601
v -0.02459796 -0.00373292 -0.21437900
v -0.02353795 -0.00731695 -0.21625200
v -0.02561196 -0.00387794 -0.21447600
v -0.02471198 -0.00309795 -0.21403600
v -0.02471198 -0.00309795 -0.21403600
v -0.02486594 -0.00008497 -0.21460100
v -0.02579995 -0.00272495 -0.21382301
v -0.02492400 -0.00008797 -0.21237800
v -0.02492400 -0.00008797 -0.21237800
v -0.02486100 0.00020301 -0.21452700
v -0.02587398 -0.00009797 -0.21472199
v -0.02486594 -0.00008497 -0.21460100
v -0.02486100 0.00020301 -0.21452700
v -0.02588494 0.00020301 -0.21464300
v -0.02486594 -0.00008497 -0.21460100
v -0.02587398 -0.00009797 -0.21472199
v -0.02485098 0.00049400 -0.21459290
v -0.02588494 0.00020301 -0.21464300
v -0.02587398 0.00050401 -0.21472199
v -0.02492799 0.00049001 -0.21238300
v -0.02492096 0.00020301 -0.21231100
v -0.02492400 -0.00008797 -0.21237800
v -0.02592798 0.00020301 -0.21223301
v -0.02492096 0.00020301 -0.21231100
v -0.02593197 -0.00009897 -0.21231291
v -0.02593197 -0.00009897 -0.21231291
v -0.02492799 0.00049001 -0.21238300
v -0.02579995 0.00313001 -0.21382300
v -0.02492799 0.00049001 -0.21238300
v -0.02593197 0.00050401 -0.21231291
v -0.02593197 0.00050401 -0.21231291
v -0.02593197 0.00050401 -0.21231291
v -0.02579995 0.00313001 -0.21382300
v -0.01684095 0.00856703 -0.22620989
v -0.01955195 0.00862401 -0.22337290
v -0.02346398 0.00792700 -0.21631200
v -0.02435495 0.00884402 -0.21595900
v -0.02339198 0.00854403 -0.21576699
v -0.02444800 0.00884401 -0.21155400
v -0.02339198 0.00854403 -0.21576699
v -0.02435495 0.00884402 -0.21595900
v -0.02351196 0.00851601 -0.21169700
v -0.02442898 -0.00840396 -0.21135900
v -0.02350296 -0.00798196 -0.21135600
v -0.02302595 -0.00729496 -0.20884501
v -0.02389194 -0.00383193 -0.20641001
v -0.02300199 -0.00369192 -0.20684300
v -0.02373900 -0.00814993 -0.20853400
v -0.02285298 -0.00783593 -0.20886800
v -0.02271594 -0.00803495 -0.20869801
v -0.02259000 -0.00810993 -0.20845200
v -0.02359499 -0.00835795 -0.20835500
v -0.02385696 -0.00786895 -0.20859000
v -0.02373900 -0.00814993 -0.20853400
v -0.02392198 -0.00757796 -0.20850700
v -0.02385696 -0.00786895 -0.20859000
v -0.02345898 -0.00843996 -0.20808891
v -0.02359499 -0.00835795 -0.20835500
v -0.02259000 -0.00810993 -0.20845200
v -0.02146598 -0.00843996 -0.20415799
v -0.02345898 -0.00843996 -0.20808891
v -0.02345898 -0.00843996 -0.20808891
v -0.02302595 -0.00729496 -0.20884501
v -0.02392198 -0.00757796 -0.20850700
v -0.02392198 -0.00757796 -0.20850700
v -0.02296497 -0.00756794 -0.20892100
v -0.02262397 -0.01045996 -0.21276900
v -0.02272596 -0.01024694 -0.21271300
v -0.02267595 -0.01035196 -0.21274100
v -0.02272596 -0.01024694 -0.21271300
v -0.02262397 -0.01045996 -0.21276900
v -0.02267595 -0.01035196 -0.21274100
v -0.02064796 -0.00811696 -0.20463289
v -0.02064796 -0.00811696 -0.20463289
v -0.02013196 -0.00947595 -0.20479500
v -0.02146598 -0.00843996 -0.20415799
v -0.02064796 -0.00811696 -0.20463289
v -0.02064695 -0.00973696 -0.20594900
v -0.02102097 -0.01079792 -0.20539500
v -0.01874794 -0.01229793 -0.20526400
v -0.01874794 -0.01229793 -0.20526400
v -0.02049698 -0.01079893 -0.20447900
v -0.01939400 -0.01267594 -0.20488700
v -0.01939400 -0.01267594 -0.20488700
v -0.02013196 -0.01079893 -0.20386200
v -0.02049698 -0.01079893 -0.20447900
v -0.02049698 -0.01079893 -0.20447900
v -0.01939400 -0.01267594 -0.20488700
v -0.01874794 -0.01229793 -0.20526400
v -0.01811298 -0.01506895 -0.20704700
v -0.01973398 -0.01079893 -0.20320299
v -0.00290897 -0.01937193 -0.21428100
v -0.00290694 -0.01937193 -0.21427700
v -0.00489094 -0.01844895 -0.20680900
v -0.00490197 -0.01844693 -0.20680200
v -0.00489094 -0.01844895 -0.20680900
v 0.00011400 -0.01856196 -0.20946901
v -0.00465097 -0.01827091 -0.20645990
v -0.00011600 -0.01873595 -0.20983400
v -0.00011600 -0.01873595 -0.20983400
v -0.00490197 -0.01844693 -0.20680200
v 0.00011600 -0.01855797 -0.20946400
v 0.00028000 -0.01820296 -0.20920500
v -0.00446000 -0.01791597 -0.20622190
v -0.00913497 -0.01700092 -0.20329200
v -0.00897398 -0.01655096 -0.20325700
v -0.01308795 -0.01434994 -0.20067100
v -0.01308795 -0.01434994 -0.20067100
v -0.01597800 -0.01033193 -0.19885400
v -0.00436499 -0.01746697 -0.20615500
v 0.00033800 -0.01774591 -0.20911201
v 0.00028000 -0.01819992 -0.20920401
v 0.00028000 -0.01819992 -0.20920401
v -0.00290694 -0.01937193 -0.21427700
v -0.00011600 -0.01873595 -0.20983400
v -0.00011600 -0.01873595 -0.20983400
v -0.01725896 -0.01079894 -0.19923000
v -0.01725896 -0.01079894 -0.19923000
v -0.01725896 -0.01079894 -0.19923000
v -0.02226098 0.00020098 -0.20485900
v -0.01875200 0.01269703 -0.20525899
vt 0.25575000 0.33978501
vt 0.50763702 0.00173599
vt 0.51028103 0.33978501
vt 0.51028103 0.65971899
vt 0.00000400 0.65753102
vt 0.25575000 0.65971899
vt 0.00000400 0.33978501
vt 0.00000400 0.33542699
vt 0.25575000 0.00177395
vt 0.25645900 0.00175899
vt 0.19347601 0.24555001
vt 0.00344598 0.49088401
vt 0.00020600 0.24555001
vt 0.19347601 0.00150996
vt 0.00020900 0.24487101
vt 0.38598800 0.00999194
vt 0.19347601 0.49088401
vt 0.38611001 0.24555001
vt 0.00353098 0.49350700
vt 0.19347601 0.74237102
vt 0.27440599 0.74237102
vt 0.38611001 0.49088401
vt 0.32045600 0.73481798
vt 0.01401394 0.74237102
vt 0.51028103 0.00171900
vt 0.75270098 0.00146496
vt 0.01420199 0.74676400
vt 0.75691497 0.33978501
vt 0.75691497 0.00161195
vt 0.75691497 0.65971899
vt 0.99999797 0.34052500
vt 0.99999797 0.33978501
vt 0.99999797 0.65971899
vt 0.75691497 0.99395400
vt 0.99999797 0.99407202
vt 0.00016600 0.65890503
vt 0.00034100 0.99925798
vt 0.00016800 0.66251498
vt 0.99999797 0.65613401
vt 0.16597190 0.65890503
vt 0.16597190 0.34107700
vt 0.00004500 0.34107700
vt 0.33194399 0.34107700
vt 0.16597190 0.99719000
vt 0.33194399 0.65890503
vt 0.39867699 0.00537699
vt 0.20656900 0.05146199
vt 0.30006599 0.02132195
vt 0.33194399 0.99995297
vt 0.03332895 0.24401800
vt 0.50029898 0.99977601
vt 0.60131902 0.00536197
vt 0.50023103 0.00000200
vt 0.00779897 0.37072301
vt 0.51028103 0.99411303
vt 0.25575000 0.99396700
vt 0.09464997 0.13091090
vt 0.00000400 0.99396801
vt 0.00779897 0.62927598
vt 0.99220198 0.62926602
vt 0.00002600 0.49998599
vt 0.99220097 0.37072301
vt 0.25576600 0.65971899
vt 0.25576600 0.99396098
vt 0.00000400 0.99396503
vt 0.99997401 0.50001198
vt 0.60130203 0.99464202
vt 0.96666700 0.75599700
vt 0.51031703 0.99409801
vt 0.00000700 0.65971899
vt 0.25576600 0.33978501
vt 0.51031703 0.65971899
vt 0.00000700 0.65754300
vt 1.00000000 0.99399799
vt 0.99998403 0.66004801
vt 0.99998403 0.66220802
vt 0.51031703 0.33978501
vt 0.75696301 0.65971899
vt 0.75696301 0.99398500
vt 1.00000000 0.99405003
vt 0.79340202 0.94855201
vt 0.90534699 0.86909401
vt 0.69983298 0.97869998
vt 0.00000200 0.66283298
vt 0.16585501 0.99993902
vt 0.00000200 0.99962902
vt 0.99997097 0.65971899
vt 0.16585501 0.65890199
vt 0.99997097 0.65581799
vt 0.00000200 0.65890199
vt 0.16585501 0.34107399
vt 0.00000100 0.34107399
vt 0.75696301 0.33978501
vt 0.99994999 0.34036899
vt 0.99994999 0.33978501
vt 0.75270498 0.00147295
vt 0.75696301 0.00164098
vt 0.00000100 0.34048700
vt 0.16585501 0.00007200
vt 0.00000000 0.00000300
vt 0.99994099 0.00177497
vt 0.57048303 0.99999797
vt 0.99693102 0.83122301
vt 0.99300700 1.00000000
vt 0.50129002 0.66685599
vt 0.99922103 0.66685599
vt 0.33105201 0.00008600
vt 0.01420396 0.74681002
vt 0.19347601 0.99097198
vt 0.02478498 1.00000000
vt 0.50129002 0.99999797
vt 0.19347601 0.74237102
vt 0.22839101 0.89112800
vt 0.22107300 0.98860699
vt 0.99276602 0.99932897
vt 0.00000000 1.00000000
vt 0.99973500 0.00000000
vt 0.99480098 0.00000000
vt 0.00249898 0.46257901
vt 0.16257100 0.00046600
vt 0.25468901 0.74497300
vt 0.24685600 0.98602098
vt 0.99888098 0.99988103
vt 0.00116098 1.00000000
vt 0.43645301 0.88682199
vt 0.43643799 0.99999797
vt 0.99994600 0.67583197
vt 0.00011000 0.99824899
vt 0.99889600 0.00000300
vt 0.99718201 1.00000000
vt 0.99988800 0.80236298
vt 0.78260601 0.75687498
vt 0.99991602 0.75687498
vt 0.99777102 1.00000000
vt 0.99888098 0.99988103
vt 0.99832600 1.00000000
vt 0.99889600 0.00000300
vt 0.99667299 0.00000000
vt 0.99778497 0.00000000
vt 0.99889600 0.00000300
vt 0.99778497 0.00000000
vt 0.99834001 0.00000000
vt 0.99666101 1.00000000
vt 0.99888098 0.99988103
vt 0.99777102 1.00000000
vt 0.00011000 0.00000000
vt 0.99889600 0.00000300
vt 0.00011000 0.00000000
vt 0.14286301 0.00000000
vt 0.00116098 1.00000000
vt 0.99888098 0.99988103
vt 0.14376201 1.00000000
vt 0.99860400 1.00000000
vt 0.99888098 0.99988103
vt 0.99884701 0.99998498
vt 0.99889600 0.00000300
vt 0.99861801 0.00000000
vt 0.99886101 0.00000000
vt 0.99832600 1.00000000
vt 0.99888098 0.99988103
vt 0.99860400 1.00000000
vt 0.99889600 0.00000300
vt 0.99834001 0.00000000
vt 0.99861801 0.00000000
vt 0.99889600 0.00000300
vt 0.99444997 0.00000000
vt 0.99667299 0.00000000
vt 0.99444002 1.00000000
vt 0.99888098 0.99988103
vt 0.99666101 1.00000000
vt 0.99889600 0.00000300
vt 0.99000400 0.00000000
vt 0.99444997 0.00000000
vt 0.98999900 1.00000000
vt 0.99888098 0.99988103
vt 0.99444002 1.00000000
vt 0.99889600 0.00000300
vt 0.98111302 0.00000000
vt 0.99000400 0.00000000
vt 0.98111701 1.00000000
vt 0.99888098 0.99988103
vt 0.98999900 1.00000000
vt 0.99889600 0.00000300
vt 0.96332902 0.00000000
vt 0.98111302 0.00000000
vt 0.96335298 1.00000000
vt 0.99888098 0.99988103
vt 0.98111701 1.00000000
vt 0.99889600 0.00000300
vt 0.92776299 0.00000000
vt 0.96332902 0.00000000
vt 0.92782402 1.00000000
vt 0.99888098 0.99988103
vt 0.96335298 1.00000000
vt 0.99889600 0.00000300
vt 0.85662901 0.00000000
vt 0.92776299 0.00000000
vt 0.85676599 1.00000000
vt 0.99888098 0.99988103
vt 0.92782402 1.00000000
vt 0.71387601 0.00000000
vt 0.85662901 0.00000000
vt 0.71416497 1.00000000
vt 0.99888098 0.99988103
vt 0.85676599 1.00000000
vt 0.99889600 0.00000300
vt 0.57112300 0.00000000
vt 0.71387601 0.00000000
vt 0.57156402 1.00000000
vt 0.99888098 0.99988103
vt 0.71416497 1.00000000
vt 0.99889600 0.00000300
vt 0.42836899 0.00000000
vt 0.57112300 0.00000000
vt 0.42896399 1.00000000
vt 0.99888098 0.99988103
vt 0.57156402 1.00000000
vt 0.99889600 0.00000300
vt 0.28561601 0.00000000
vt 0.42836899 0.00000000
vt 0.28636301 1.00000000
vt 0.99888098 0.99988103
vt 0.42896399 1.00000000
vt 0.99889600 0.00000300
vt 0.14286301 0.00000000
vt 0.28561601 0.00000000
vt 0.14376201 1.00000000
vt 0.99888098 0.99988103
vt 0.28636301 1.00000000
vt 0.99860400 1.00000000
vt 0.99884701 0.99998498
vt 0.99874300 1.00000000
vt 0.99886101 0.00000000
vt 0.99861801 0.00000000
vt 0.99875700 0.00000000
vt 0.99886101 0.00000000
vt 0.99875700 0.00000000
vt 0.99882698 0.00000000
vt 0.99874300 1.00000000
vt 0.99884701 0.99998498
vt 0.99881202 1.00000000
vt 0.99881202 1.00000000
vt 0.99884701 0.99998498
vt 0.99886101 0.00000000
vt 0.99882698 0.00000000
vt 0.99883503 0.00000000
vt 0.99882001 1.00000000
vt 0.19098599 0.67835701
vt 0.05022698 0.88682199
vt 0.00673497 0.84700102
vt 0.00654298 0.87337202
vt 0.99994397 0.00652599
vt 0.00002200 0.25847399
vt 0.00006000 0.00000000
vt 0.02451997 0.88303500
vt 0.00008500 0.86036903
vt 0.99945199 0.50365102
vt 0.00006000 0.50365102
vt 0.00003700 0.74674100
vt 0.67097998 0.80236298
vt 0.75866300 0.74795198
vt 0.76867199 0.75438100
vt 0.75506902 0.73930800
vt 0.99957597 0.25843900
vt 0.99956900 0.74674100
vt 0.75813502 0.73043299
vt 1.00000000 0.99516702
vt 0.67097998 0.70332301
vt 0.86178201 0.61840099
vt 0.00186896 0.50571698
vt 0.99737501 0.00000000
vt 0.99733102 0.50571698
vt 0.00117099 0.00066800
vt 0.00006000 1.00000000
vt 0.00179100 0.54015499
vt 0.99711299 0.58732897
vt 0.76605803 0.60027403
vt 0.87854499 0.60027403
vt 0.74104899 0.62758899
vt 0.85018998 0.50883400
vt 0.96321702 0.50883400
vt 0.00117099 1.00000000
vt 1.00000000 0.99990398
vt 0.37122700 0.51327801
vt 0.20354000 0.66685599
vt 0.37790301 0.49998501
vt 0.99986398 0.49997300
vt 0.00000000 0.49997300
vt 0.00001900 0.00142896
vt 0.99982601 0.00000000
vt 0.00001900 0.99715799
vt 0.37122700 0.48673099
vt 0.99803901 0.41250601
vt 0.00118595 0.00000000
vt 1.00000000 0.00019600
vt 0.00180495 0.45981899
vt 0.99992597 1.00000000
vt 0.50129002 0.33317101
vt 0.20356201 0.33317101
vt 0.43645301 0.11318700
vt 0.50129002 0.00000700
vt 0.57088298 0.00000200
vt 0.99692500 0.16843700
vt 0.99922103 0.33317101
vt 0.19101600 0.32167700
vt 0.66916299 0.00008800
vt 0.83427101 0.34107399
vt 0.66854101 0.34107399
vt 0.83427101 0.00005300
vt 0.66854101 0.00009000
vt 1.00000000 0.49959999
vt 0.99922699 0.33378401
vt 0.50012499 0.34107399
vt 0.50012499 0.00030500
vt 0.50012499 0.65890199
vt 0.33171001 0.34107399
vt 0.33171001 0.00008800
vt 0.99922699 0.66620398
vt 0.33171001 0.65890199
vt 0.66854101 0.65890199
vt 0.50012499 0.99973702
vt 0.33171001 0.99931097
vt 0.39866900 0.99463803
vt 0.49975401 0.99999899
vt 0.66854101 0.99991298
vt 0.20656900 0.94853902
vt 0.29998401 0.97864997
vt 0.03333300 0.75599903
vt 0.83427101 0.99723601
vt 0.83427101 0.65890199
vt 0.99966002 0.99921602
vt 0.99983400 0.65890199
vt 0.99995500 0.34107399
vt 0.99983400 0.66029900
vt 0.00000200 0.34538299
vt 0.00000200 0.66004902
vt 0.00000200 0.65867198
vt 0.99999601 0.00000000
vt 0.99995601 0.33592001
vt 0.24352100 0.34030300
vt 0.00000200 0.34030300
vt 0.24781790 0.00907195
vt 0.49028799 0.34030300
vt 0.24352100 0.66004902
vt 0.24352100 0.00901794
vt 0.74237001 0.19348000
vt 0.74237001 0.01419395
vt 0.74683797 0.01439297
vt 0.49364299 0.00372899
vt 0.49028799 0.00902897
vt 0.49088401 0.19348000
vt 0.49088401 0.00363898
vt 0.49306300 0.00904399
vt 0.73487300 0.32050201
vt 0.74237001 0.27457401
vt 0.49088401 0.38611400
vt 0.24555101 0.19348000
vt 0.24555101 0.38611400
vt 0.88124198 0.01130497
vt 0.94398803 0.16510589
vt 0.80191600 0.01136499
vt 0.94671899 0.16958199
vt 0.91479599 0.01141399
vt 0.74505001 0.25489300
vt 0.99982500 0.25636899
vt 0.99768502 0.00000000
vt 0.99917501 0.12899300
vt 0.94789100 0.17417499
vt 0.00040700 0.11041200
vt 0.99992299 0.19787601
vt 0.94441599 0.18274300
vt 0.00007000 0.25636899
vt 0.00019200 0.50109798
vt 0.99982500 0.50109798
vt 0.99886900 0.74432302
vt 0.00025100 0.74432302
vt 0.89941901 0.99576998
vt 0.98668200 0.60843301
vt 0.95078599 0.88730502
vt 0.99878597 0.22924900
vt 0.00063100 0.00000000
vt 0.99495602 1.00000000
vt 0.00063100 0.99600500
vt 0.48507801 0.00028800
vt 0.13412900 0.99576998
vt 0.99825299 1.00000000
vt 0.00020700 0.99858499
vt 1.00000000 0.00037300
vt 0.91951698 0.19154800
vt 0.67097998 0.19787601
vt 0.70220298 0.19150600
vt 0.99843299 0.86961001
vt 0.92726499 0.19098400
vt 0.33028799 0.19787601
vt 0.52399498 0.19154800
vt 0.61404198 0.24421600
vt 0.54848403 0.16512500
vt 0.67097998 0.17544200
vt 0.55138701 0.17224690
vt 0.67773700 0.18273400
vt 0.78260601 0.24316600
vt 0.76867002 0.24560989
vt 0.75864500 0.26945701
vt 0.67097998 0.29673600
vt 0.75506002 0.26069900
vt 0.55070102 0.17927501
vt 0.54525298 0.18559000
vt 0.53566301 0.19014500
vt 0.75865901 0.25204599
vt 0.53001100 0.19134191
vt 0.68438298 0.18727089
vt 0.62265801 0.24731299
vt 0.62879503 0.25198001
vt 0.69312102 0.19041400
vt 0.99629498 0.18716000
vt 0.00107896 0.00004800
vt 0.99860799 0.00000000
vt 0.86180800 0.38163599
vt 0.74108601 0.37245601
vt 0.00160396 0.50374597
vt 0.99731100 0.50374597
vt 0.49831599 0.33303201
vt 0.54534698 0.01733899
vt 0.77046001 0.25178599
vt 0.49831599 0.00018100
vt 0.51559502 0.00228000
vt 0.53283000 0.00830895
vt 0.00002400 0.66772002
vt 0.99740398 0.99940199
vt 0.00002200 1.00000000
vt 0.21450600 0.26690400
vt 0.27795199 0.33303201
vt 0.42182499 0.48284900
vt 0.42941001 0.49999899
vt 0.99241501 0.48284900
vt 0.84853601 0.33303201
vt 0.49831599 0.66698599
vt 0.00103694 0.67817402
vt 0.99747300 0.61777800
vt 1.00000000 0.99992901
vt 0.00107896 1.00000000
vt 0.76611203 0.39979199
vt 0.87859499 0.39979199
vt 0.85018998 0.49120599
vt 0.96321702 0.49120599
vt 0.99993497 0.50000101
vt 0.00001400 0.00106096
vt 0.99988699 0.00000000
vt 0.85392600 0.50002402
vt 0.99979800 0.99973899
vt 0.00000000 0.50001800
vt 0.00001400 1.00000000
vt 0.99241501 0.51715100
vt 0.99999899 0.49998099
vt 1.00000000 0.00000000
vt 0.00099800 0.32183099
vt 0.00103998 0.00001500
vt 0.84851903 0.66698599
vt 0.99659997 0.38236400
vt 0.00156099 0.49630600
vt 0.77041101 0.74826097
vt 0.99647403 0.49630600
vt 0.54534698 0.98266101
vt 0.99634498 0.81281102
vt 0.00103998 0.99981701
vt 0.99649501 0.00285000
vt 0.00002800 0.33225501
vt 0.00002200 0.00000000
vt 0.99892002 1.00000000
vt 0.51559699 0.99772102
vt 0.53282899 0.99168903
vt 0.49831599 0.99981898
vt 1.00000000 0.99607199
vt 0.00004500 0.95872098
vt 0.99840301 0.66073900
vt 0.00002200 1.00000000
vt 0.21448500 0.73311502
vt 0.49593300 0.99981201
vt 0.00002300 0.66073900
vt 0.33028799 0.80236298
vt 0.61403900 0.75577497
vt 0.60432398 0.75687498
vt 0.62265998 0.75268197
vt 0.99719501 0.33225501
vt 0.62889099 0.74808800
vt 0.52399802 0.80841601
vt 0.30500901 0.67028898
vt 0.33028799 0.64309001
vt 0.35884699 0.73689598
vt 0.38701501 0.75687498
vt 0.37513599 0.75500399
vt 0.30661699 0.80849200
vt 0.33028799 0.80842698
vt 0.29234099 0.81098098
vt 0.18298200 0.80236298
vt 0.15507700 0.83329898
vt 0.36554399 0.75047201
vt 0.35987201 0.74405199
vt 0.00009800 0.20778900
vt 0.99907798 0.20778900
vt 0.99799299 0.41128999
vt 0.00007200 0.41128999
vt 0.99750000 0.61031699
vt 0.00016900 0.61031699
vt 0.01402997 0.98795998
vt 0.05711495 0.99981201
vt 0.03353995 0.99672002
vt 0.00255895 0.97544301
vt 0.00770098 0.94835901
vt 0.00047600 0.96150798
vt 0.00013800 0.80473900
vt 0.99828899 0.49946201
vt 0.00037900 0.00085900
vt 0.99498999 0.00000000
vt 0.99832100 0.99401599
vt 0.00013200 1.00000000
vt 0.00054500 0.49946201
vt 0.36254400 0.73043299
vt 0.46448299 0.61963201
vt 0.99623698 0.58673698
vt 0.36977699 0.60027403
vt 0.48236200 0.60027403
vt 0.45459899 0.50883400
vt 0.99673003 0.18648601
vt 0.01151496 0.00018000
vt 0.99975801 0.00000000
vt 0.01326096 0.20487200
vt 0.99054199 0.27364999
vt 0.49988601 0.66470897
vt 0.99484998 0.51327401
vt 0.86731201 0.66470897
vt 0.78971899 0.75665301
vt 0.01010799 0.32920900
vt 0.96214998 0.59744000
vt 0.98391402 0.32920900
vt 0.58529001 1.00000000
vt 0.02674597 0.65787297
vt 0.52749002 1.00000000
vt 0.77340400 0.68240201
vt 0.79292500 0.65540498
vt 0.77377200 0.68378800
vt 0.02756398 0.65965599
vt 0.97411901 0.65965599
vt 0.52906400 0.91698998
vt 0.70914298 0.49088401
vt 0.96184599 1.00000000
vt 0.79292500 0.49088401
vt 0.68213600 0.43326601
vt 0.09674596 0.99629003
vt 0.00003800 1.00000000
vt 0.58474499 0.49088401
vt 0.65194100 0.49088401
vt 0.58474499 0.24555101
vt 0.79292500 0.29935899
vt 0.48861301 0.18124899
vt 0.99976802 0.50774997
vt 0.07058995 0.50774997
vt 0.85399699 0.40875101
vt 0.99701601 0.00000000
vt 0.96294999 0.00969499
vt 0.75593603 0.24555101
vt 0.80556101 0.82551801
vt 0.95600599 0.79388797
vt 0.87819803 0.87128299
vt 0.66680098 0.96437800
vt 0.75231701 0.99739599
vt 0.00426495 0.70510399
vt 0.99385297 0.82185203
vt 0.00587398 0.99997503
vt 0.29256999 0.88682300
vt 0.21648200 1.00000000
vt 0.19711199 1.00000000
vt 0.88712901 0.48012900
vt 0.88224602 0.49088401
vt 0.80177301 0.64156801
vt 0.49988601 1.00000000
vt 0.15883701 0.66470897
vt 0.14629000 0.67960298
vt 0.00520694 0.84700102
vt 0.03876399 0.88682300
vt 0.99245501 0.99997503
vt 0.99364901 0.00000000
vt 0.00004900 0.99864697
vt 0.00004900 0.00000000
vt 0.99988002 1.00000000
vt 0.99962598 0.00429499
vt 0.00004200 0.25465199
vt 0.00001000 0.00000000
vt 0.00007300 0.85996097
vt 0.01918095 0.88316500
vt 0.99974602 0.99633503
vt 0.00000700 0.75405997
vt 0.99967003 0.75405997
vt 0.00001000 1.00000000
vt 0.00494099 0.87322801
vt 0.00001100 0.50661200
vt 0.99969298 0.50661200
vt 0.66680098 0.79388797
vt 0.78003103 0.72395301
vt 0.77632099 0.73226398
vt 0.78011400 0.74083602
vt 0.61832201 0.74963701
vt 0.33353299 0.79388797
vt 0.49993801 0.79995799
vt 0.66680098 0.79993600
vt 0.77983397 0.79981899
vt 0.79103500 0.74724799
vt 0.80575597 0.74962801
vt 0.63334799 0.74732202
vt 0.64405000 0.74108601
vt 0.66680098 0.71841800
vt 0.00000000 0.49730599
vt 0.99993199 0.49730599
vt 0.00001000 0.99433500
vt 0.99992299 0.00487298
vt 0.99996197 1.00000000
vt 0.99955702 0.00072000
vt 0.00006600 0.49983799
vt 0.00005500 0.00000000
vt 0.50005001 0.66524202
vt 0.65545601 0.99980998
vt 0.50005001 0.99980998
vt 0.68923199 0.98265898
vt 0.67493200 0.99518597
vt 0.00030800 0.99967802
vt 0.99811101 0.90265101
vt 0.99844003 1.00000000
vt 0.00044300 0.49691001
vt 0.00001000 0.00000000
vt 0.84293401 0.74857998
vt 0.99977398 0.49690101
vt 0.99992698 0.37754399
vt 0.00028900 0.31803599
vt 0.89759600 0.66524202
vt 0.99978298 0.00013200
vt 0.00030800 0.00000000
vt 0.99481601 0.51715100
vt 0.00000600 0.99785203
vt 0.99989802 0.49987999
vt 1.00000000 1.00000000
vt 0.99481601 0.48284900
vt 1.00000000 0.49999899
vt 0.00000000 0.49998900
vt 0.99564201 0.49145001
vt 0.87681299 0.50858301
vt 0.88086802 0.50001401
vt 0.00000600 0.00226200
vt 0.99999201 0.00000000
vt 0.87681299 0.49145001
vt 0.99519402 0.50843000
vt 0.99861401 0.40776300
vt 0.00031000 0.00069200
vt 0.99259597 0.00000000
vt 0.90772498 0.40366900
vt 0.99997401 0.98974597
vt 0.00000000 0.50001401
vt 0.99967998 0.50001401
vt 0.00000500 1.00000000
vt 0.99896801 0.50001597
vt 0.90768099 0.59637398
vt 1.00000000 0.01036596
vt 0.00000500 0.00000000
vt 0.00029500 0.99927902
vt 0.99878299 0.59202802
vt 0.99279797 1.00000000
vt 0.28644001 0.51327401
vt 0.29159001 0.50000000
vt 0.00045100 0.54612201
vt 0.78917599 0.59637398
vt 0.88823998 0.61590302
vt 0.99959600 0.50155801
vt 0.00029500 0.00051500
vt 0.99975502 0.00000000
vt 0.76141000 0.62415200
vt 0.00047000 0.50155801
vt 0.00046900 0.45381400
vt 0.28644001 0.48672700
vt 0.49988601 0.33531800
vt 0.15886000 0.33531800
vt 0.78973103 0.24336401
vt 0.86733598 0.33531800
vt 0.99484998 0.48672700
vt 0.29256999 0.11317800
vt 0.21630301 0.00000100
vt 0.49988601 0.00000000
vt 0.52762300 0.00000000
vt 0.58528900 0.00000100
vt 0.96333700 0.40269399
vt 0.02680897 0.34215799
vt 0.02763098 0.34036899
vt 0.01012897 0.67083699
vt 0.65553898 0.79292297
vt 0.68245900 0.77344799
vt 0.68384898 0.77381700
vt 0.97999197 0.34036899
vt 0.53095502 0.08288800
vt 0.49088401 0.70916402
vt 0.49088401 0.79292297
vt 0.43335500 0.68222302
vt 0.96419102 0.00000000
vt 0.09665197 0.00365198
vt 0.15493891 0.16709889
vt 0.00000000 0.00000000
vt 0.49088401 0.58474499
vt 0.49088401 0.65200597
vt 0.24555101 0.58474499
vt 0.29941201 0.79292297
vt 0.63825101 0.52750802
vt 0.74237001 0.58474499
vt 0.50246000 0.64511299
vt 0.67776501 0.47293001
vt 0.11702300 0.00431299
vt 0.28214601 0.18273400
vt 0.00366598 0.12693800
vt 1.00000000 0.00145197
vt 0.98203200 1.00000000
vt 0.74237001 0.71604598
vt 0.00038600 0.08270496
vt 0.75506502 0.71849102
vt 0.00000000 0.00050200
vt 0.13427700 0.99725598
vt 0.04813098 0.62393999
vt 0.82423699 0.00019600
vt 0.87563097 0.58474499
vt 0.00286198 0.00000000
vt 0.06890398 0.81354201
vt 0.00001400 0.66943800
vt 0.99695301 0.66943800
vt 0.00001300 0.98306102
vt 0.99622297 1.00000000
vt 0.00001100 0.34391201
vt 0.99824500 0.34391201
vt 0.28802100 0.18746901
vt 0.29655501 0.19062901
vt 0.00001300 0.00000000
vt 0.09896397 0.94847703
vt 1.00000000 0.00000000
vt 0.30658901 0.19177601
vt 0.00015000 0.99997997
vt 0.99169397 0.89095497
vt 0.98735702 0.99997997
vt 0.33028799 0.19184490
vt 0.00015000 0.00216895
vt 0.99060398 0.00000000
vt 0.00008500 1.00000000
vt 0.99896598 0.88998902
vt 1.00000000 0.99212998
vt 0.99800003 0.79075402
vt 0.00014600 0.79075402
vt 0.89952499 0.99725598
vt 0.99789202 0.14004600
vt 0.97598302 0.72731799
vt 0.94227600 0.92481601
vt 0.00007100 0.58956403
vt 0.99673700 0.58956403
vt 0.00003700 0.39273801
vt 0.99611098 0.39273801
vt 0.99526101 0.44982001
vt 0.99545300 0.19810800
vt 0.00007300 0.19810800
vt 0.00048800 0.02176898
vt 0.00020400 0.10774200
vt 0.99339402 0.00050200
vt 0.89031601 0.55408800
vt 0.89480698 0.55448902
vt 0.99422699 0.00000000
vt 0.33553299 0.41478699
vt 0.98796803 0.99545300
vt 0.00000000 1.00000000
vt 0.74237001 0.54415798
vt 0.99955702 0.00000000
vt 0.51819801 0.01034599
vt 0.40438801 0.00893295
vt 0.54714203 0.76886302
vt 0.97945201 0.04456198
vt 1.00000000 1.00000000
vt 0.74237001 0.38611400
vt 0.74237001 0.47903299
vt 0.93196201 0.47985899
vt 0.00063400 0.08528196
vt 0.00371599 0.00000000
vt 0.00000000 0.00029000
vt 0.96243101 0.38611400
vt 0.04795098 0.62293202
vt 0.99936199 0.66763800
vt 0.00001600 0.98040301
vt 0.00001900 0.66763800
vt 0.09925895 0.94855899
vt 0.06870299 0.81240100
vt 1.00000000 1.00000000
vt 0.98217899 0.00180298
vt 0.99889803 0.33827299
vt 0.00001900 0.33827299
vt 0.99887502 0.02968800
vt 0.00001600 0.00000000
vt 0.74237001 0.31989199
vt 0.93667698 0.02987098
vt 1.00000000 0.99489099
vt 0.00000000 1.00000000
vt 0.99701101 0.00000000
vt 0.97700602 0.28547800
vt 0.00038500 0.02429199
vt 0.98140401 0.28490299
vt 0.99973798 0.49225599
vt 0.48782501 0.81898499
vt 0.07040297 0.49225599
vt 0.40885201 0.85402101
vt 0.99436003 1.00000000
vt 0.24555101 0.75590402
vt 0.96183801 0.99072301
vt 0.87816799 0.12884700
vt 0.66680098 0.03563296
vt 0.75228202 0.00260299
vt 0.66680098 0.00060700
vt 0.03064799 0.58483601
vt 0.24269900 0.75376499
vt 0.16432200 0.77575499
vt 0.18754800 0.76955003
vt 0.03063499 0.58474499
vt 0.58474499 0.03050595
vt 0.58474499 0.24555001
vt 0.58465302 0.03049194
vt 0.68857801 0.04947495
vt 0.04962694 0.68864799
vt 0.79286402 0.07699298
vt 0.07710599 0.79292297
vt 0.77549899 0.16466589
vt 0.79292500 0.07701200
vt 0.18443701 0.79292297
vt 0.24555101 0.83828801
vt 0.07712399 0.79298401
vt 0.30547601 0.38698599
vt 1.00000000 0.99764198
vt 0.00000000 1.00000000
vt 0.99847901 0.20397399
vt 0.38887101 0.92155802
vt 0.24555101 0.97439200
vt 0.76448601 0.09893399
vt 0.15655901 1.00000000
vt 0.68532097 0.00027100
vt 0.95153600 0.99739897
vt 0.50002098 0.99758101
vt 0.99941403 0.22869191
vt 0.99676198 0.00000000
vt 0.39252901 0.92374003
vt 0.50067002 0.00000000
vt 0.00158697 0.49995199
vt 0.99787199 0.20226800
vt 0.99945003 0.49995199
vt 0.99841398 0.79688501
vt 0.00102794 1.00000000
vt 0.04840999 0.99739897
vt 0.31568301 0.00033000
vt 0.00102794 0.00000000
vt 0.50002098 0.00000000
vt 0.97434002 0.24555001
vt 0.92130101 0.38936499
vt 0.83777702 0.24555001
vt 0.99991500 0.15669601
vt 0.00056600 0.22869501
vt 0.00318396 0.00000000
vt 0.92348200 0.39302701
vt 0.00001700 0.75332701
vt 0.99986702 0.75332701
vt 0.00012000 0.90021503
vt 0.00014300 0.98727697
vt 0.99866700 1.00000000
vt 0.19025590 0.18298100
vt 0.04403299 0.20628101
vt 0.19462700 0.17463990
vt 0.00005000 0.50277901
vt 0.99991202 0.50277901
vt 0.19387899 0.19157989
vt 0.12171000 0.12879001
vt 0.21999000 0.20021400
vt 0.21225500 0.19969989
vt 0.33353299 0.20628101
vt 0.00426197 0.70512998
vt 0.99049503 0.82183099
vt 0.00586998 0.99997503
vt 0.99977201 0.50750601
vt 0.98975599 0.99997503
vt 0.19406600 0.25037500
vt 0.00000000 0.25030500
vt 0.20497391 0.19795699
vt 0.99946898 0.25074801
vt 0.00005200 0.00310898
vt 0.99935198 0.12530699
vt 0.99925798 0.00000000
vt 0.20886301 0.25275299
vt 0.21979500 0.25916299
vt 0.22358599 0.26773900
vt 0.21979401 0.27608001
vt 0.49993801 0.20023499
vt 0.66680098 0.20628101
vt 0.61832303 0.25038099
vt 0.33353299 0.20022701
vt 0.33353299 0.28114399
vt 0.35577500 0.25894701
vt 0.38150200 0.25038099
vt 0.36650100 0.25268599
vt 1.00000000 0.00058900
vt 0.99955702 0.99927199
vt 0.00006600 0.50016201
vt 0.00005500 0.00000000
vt 0.00001000 0.99533600
vt 0.99985099 0.49734300
vt 0.99978602 1.00000000
vt 0.00005500 1.00000000
vt 0.65545601 0.00019000
vt 0.50005001 0.33477700
vt 0.50005001 0.00019000
vt 0.34454399 0.00019000
vt 0.15702400 0.25147301
vt 0.10239300 0.33477700
vt 0.31076801 0.01734095
vt 0.68923199 0.01734095
vt 0.84296399 0.25146201
vt 0.00518399 0.48284900
vt 0.89760798 0.33477700
vt 0.00030000 0.99981898
vt 0.99880499 0.90472400
vt 0.99881899 1.00000000
vt 0.00043100 0.49685600
vt 0.32505199 0.00482297
vt 1.00000000 0.00268894
vt 0.00000000 0.49734300
vt 0.00001000 0.00000000
vt 0.00046000 0.50313997
vt 0.99849701 0.09731799
vt 0.99980903 0.50313997
vt 0.99993700 0.62251699
vt 0.00031800 0.00022200
vt 0.00029900 0.68197101
vt 0.78921199 0.40366900
vt 0.88827002 0.38413101
vt 0.99978399 0.99985999
vt 0.76144099 0.37588999
vt 0.00031000 0.99956501
vt 0.99946100 0.49839699
vt 0.99950200 1.00000000
vt 0.78022498 0.27601299
vt 0.00048900 0.49839699
vt 0.14630900 0.32041901
vt 0.00520694 0.15299989
vt 0.99967599 0.00306296
vt 0.00002600 0.24595700
vt 0.00002200 0.00000000
vt 0.00494295 0.12677100
vt 0.00002400 0.14004090
vt 0.03876399 0.11317800
vt 0.00006300 0.74537897
vt 0.99984401 0.99564898
vt 0.00002200 1.00000000
vt 0.99332702 1.00000000
vt 0.00004900 0.00137198
vt 0.99996799 0.00000000
vt 0.00004900 1.00000000
vt 0.01919496 0.11684900
vt 0.99979502 0.74537897
vt 0.00002300 0.49342501
vt 0.99979001 0.49342501
vt 0.79102898 0.25273901
vt 0.80575800 0.25038099
vt 0.78012002 0.25916299
vt 0.77638698 0.26773700
vt 0.99989402 0.24595700
vt 0.99056602 0.17817000
vt 0.00586295 0.00000000
vt 0.98988402 0.00000000
vt 0.95593703 0.20628101
vt 1.00000000 0.25030401
vt 0.00425696 0.29485700
vt 0.77983397 0.20021400
vt 0.79486501 0.19796000
vt 0.80556101 0.17451499
vt 0.80963200 0.18297900
vt 0.80600101 0.19159099
vt 0.00003000 0.99535000
vt 0.99948400 0.74921000
vt 0.99911201 1.00000000
vt 0.00003000 0.49714699
vt 0.99990398 0.49712500
vt 0.00004000 0.74921000
vt 0.99339598 0.61399800
vt 0.97539997 0.89771301
vt 0.99987203 0.24663500
vt 0.00001100 0.24663500
vt 0.00016800 0.01312094
vt 0.99881703 0.00000000
vt 0.66680098 0.20023100
vt 0.99950403 0.00051700
vt 0.48023099 0.88715202
vt 0.49088401 0.88231403
vt 0.19711199 0.00000100
vt 0.66680098 0.28161401
vt 0.64405000 0.25894701
vt 0.99854499 0.00000000
vt 0.63334900 0.25267899
vt 0.00000000 0.50267398
vt 1.00000000 0.99670798
vt 0.00001000 1.00000000
vt 0.99986500 0.50267398
vt 0.00001000 0.00575095
vt 0.99983102 0.00000000
vt 0.67492902 0.00481295
vt 0.00028200 0.31804201
vt 0.99996799 0.37747100
vt 0.99925900 0.00012400
vt 0.00030000 0.00000000
vt 0.99994802 0.49685600
vt 0.12293400 0.49142399
vt 0.09210699 0.40366900
vt 0.21069200 0.40366900
vt 0.11157600 0.38412100
vt 0.23846389 0.37589601
vt 0.99920100 0.50152200
vt 0.00033900 0.00033000
vt 1.00000000 0.00000000
vt 0.00053300 0.50152200
vt 0.00051100 0.54613501
vt 0.99835998 0.59210902
vt 0.85371202 0.32040501
vt 0.70743001 0.11318000
vt 0.99479300 0.15300100
vt 0.84115398 0.33531201
vt 0.00033900 0.99934298
vt 0.71355999 0.48672801
vt 0.50066501 0.33531201
vt 0.78424799 0.00000200
vt 0.50066501 0.66471601
vt 0.00514996 0.48672801
vt 0.21022990 0.24339689
vt 0.13269199 0.33531201
vt 0.41476101 0.00000300
vt 0.50066501 0.00000300
vt 0.00001300 0.50001401
vt 1.00000000 0.99726200
vt 0.00001100 1.00000000
vt 0.00514996 0.51327503
vt 0.00001300 0.50001401
vt 0.99715799 0.18637700
vt 0.01144498 0.00008000
vt 0.99971002 0.00000000
vt 0.01321899 0.20487501
vt 0.54543400 0.49120501
vt 0.43240100 0.50883502
vt 0.43240100 0.49120501
vt 0.54192603 0.50002801
vt 0.51743001 0.39979300
vt 0.63007700 0.39979300
vt 0.99976802 0.50001401
vt 0.99610001 0.58725601
vt 0.00029900 0.65285599
vt 0.00039900 0.49958301
vt 0.99822700 0.49958301
vt 0.98032701 1.00000000
vt 0.53538400 0.38035300
vt 0.66866499 0.35801199
vt 0.63749498 0.26957700
vt 0.00031200 0.00084700
vt 0.99489301 0.00000000
vt 0.00013700 0.80478197
vt 0.99889302 0.99406898
vt 0.00013100 1.00000000
vt 0.99814999 0.80478197
vt 0.64108402 0.26308900
vt 0.66866499 0.19788000
vt 0.64007300 0.25594401
vt 0.99795800 0.61041403
vt 0.63443601 0.24952200
vt 0.00007200 0.41142100
vt 0.99827403 0.41142100
vt 0.00016800 0.61041403
vt 0.99237901 0.05164098
vt 0.99755901 0.02463299
vt 0.99959701 0.03853100
vt 0.94296002 0.00018800
vt 0.96676803 0.00334400
vt 0.98617899 0.01212894
vt 0.00046700 0.00000000
vt 0.99602300 0.99978399
vt 0.00046700 1.00000000
vt 0.99916899 0.20788690
vt 0.00013100 0.00064400
vt 1.00000000 0.00000000
vt 0.78558201 0.26685700
vt 0.00009500 0.20788690
vt 0.50410801 0.00018800
vt 0.97279102 0.00002300
vt 0.00005300 0.93706697
vt 1.00000000 1.00000000
vt 0.00002200 0.99980003
vt 0.50047302 0.00020700
vt 0.45468900 0.01733899
vt 0.48440400 0.00228798
vt 0.50047302 0.33303300
vt 0.00002300 0.66034502
vt 0.22902390 0.25218201
vt 0.72210002 0.33303300
vt 0.57822102 0.48284900
vt 0.15148900 0.33303300
vt 0.50047302 0.66698498
vt 0.00758499 0.48284900
vt 0.57063597 0.49999899
vt 0.99921602 0.49998599
vt 0.00000000 0.00000000
vt 1.00000000 0.00036500
vt 0.00000000 0.49998599
vt 0.00031200 0.99998099
vt 0.99994600 0.99864697
vt 0.42872301 0.50002998
vt 0.99670899 0.38216999
vt 0.00062900 0.32183999
vt 1.00000000 0.00017100
vt 0.00121897 0.49542901
vt 0.00067900 0.00000000
vt 0.14981900 0.49120501
vt 0.12144500 0.39979300
vt 0.23441701 0.39979300
vt 0.03678596 0.49120501
vt 0.00001300 0.99732602
vt 0.99993998 0.49987799
vt 0.99988800 1.00000000
vt 0.03678596 0.50883502
vt 0.14600600 0.50002402
vt 0.03311794 0.50003499
vt 0.99987102 0.49998599
vt 0.00001900 0.00000000
vt 0.99989599 0.00021000
vt 0.00108194 0.99999201
vt 0.99866802 0.58731300
vt 1.00000000 0.99999899
vt 0.00000000 0.49998599
vt 0.99979502 0.99838197
vt 0.50050998 0.66685700
vt 0.62851697 0.48673499
vt 0.62183702 0.50001001
vt 0.62851697 0.51328200
vt 0.00001900 1.00000000
vt 0.99774802 0.41294101
vt 0.00161397 0.46020100
vt 0.00106597 0.00010700
vt 1.00000000 0.00000000
vt 0.79635000 0.66685700
vt 0.80892402 0.67836303
vt 0.99805701 0.49472499
vt 0.00168598 0.49472499
vt 0.94972003 0.88682300
vt 0.99324000 0.84700203
vt 0.56325001 0.88682300
vt 0.99757499 0.99998200
vt 0.00106597 0.99997997
vt 0.32774401 0.80235898
vt 0.24187990 0.73046303
vt 0.32774401 0.70096999
vt 0.13821700 0.61843097
vt 0.24561700 0.73939502
vt 0.99959499 0.25456399
vt 0.00006100 0.00000000
vt 1.00000000 0.00002000
vt 0.24190000 0.74807000
vt 0.00003800 0.25456399
vt 0.99945301 0.49877900
vt 0.23172189 0.75446200
vt 0.00006100 0.49877900
vt 0.00002300 0.74360901
vt 0.99953198 0.74360901
vt 0.21740700 0.75690901
vt 0.99992400 0.99858898
vt 0.00011200 0.80235898
vt 0.00008400 0.75690901
vt 0.99980599 0.99999702
vt 0.00024400 0.00038200
vt 0.99755299 0.00000000
vt 0.00006100 1.00000000
vt 0.00249898 0.53742099
vt 0.99888098 0.00011900
vt 0.99994802 0.32384700
vt 0.99535602 1.00000000
vt 0.99980599 0.99999702
vt 0.99758101 1.00000000
vt 0.99888098 0.00011900
vt 0.98999900 0.00000000
vt 0.99444002 0.00000000
vt 0.99888098 0.00011900
vt 0.99444002 0.00000000
vt 0.99666101 0.00000000
vt 0.99090701 1.00000000
vt 0.99980599 0.99999702
vt 0.99535602 1.00000000
vt 0.00116098 0.00000000
vt 0.99952799 1.00000000
vt 0.99980599 0.99999702
vt 0.99977100 1.00000000
vt 0.99888098 0.00011900
vt 0.99860400 0.00000000
vt 0.99884701 0.00001500
vt 0.99924898 1.00000000
vt 0.99980599 0.99999702
vt 0.99952799 1.00000000
vt 0.99888098 0.00011900
vt 0.99777102 0.00000000
vt 0.99832600 0.00000000
vt 0.99888098 0.00011900
vt 0.99832600 0.00000000
vt 0.99860400 0.00000000
vt 0.99869299 1.00000000
vt 0.99980599 0.99999702
vt 0.99758101 1.00000000
vt 0.99980599 0.99999702
vt 0.99869299 1.00000000
vt 0.99888098 0.00011900
vt 0.99666101 0.00000000
vt 0.99777102 0.00000000
vt 0.99888098 0.00011900
vt 0.98111701 0.00000000
vt 0.98999900 0.00000000
vt 0.98200798 1.00000000
vt 0.99980599 0.99999702
vt 0.99090701 1.00000000
vt 0.96421099 1.00000000
vt 0.99980599 0.99999702
vt 0.98200798 1.00000000
vt 0.99888098 0.00011900
vt 0.92782402 0.00000000
vt 0.96335298 0.00000000
vt 0.99888098 0.00011900
vt 0.96335298 0.00000000
vt 0.98111701 0.00000000
vt 0.92861700 1.00000000
vt 0.99980599 0.99999702
vt 0.96421099 1.00000000
vt 0.99888098 0.00011900
vt 0.85676599 0.00000000
vt 0.92782402 0.00000000
vt 0.85742801 1.00000000
vt 0.99980599 0.99999702
vt 0.92861700 1.00000000
vt 0.99888098 0.00011900
vt 0.71416497 0.00000000
vt 0.85676599 0.00000000
vt 0.71456403 1.00000000
vt 0.99980599 0.99999702
vt 0.85742801 1.00000000
vt 0.99888098 0.00011900
vt 0.57156402 0.00000000
vt 0.71416497 0.00000000
vt 0.57169998 1.00000000
vt 0.99980599 0.99999702
vt 0.71456403 1.00000000
vt 0.42883599 1.00000000
vt 0.99980599 0.99999702
vt 0.57169998 1.00000000
vt 0.99888098 0.00011900
vt 0.28636301 0.00000000
vt 0.42896399 0.00000000
vt 0.99888098 0.00011900
vt 0.42896399 0.00000000
vt 0.57156402 0.00000000
vt 0.28597200 1.00000000
vt 0.99980599 0.99999702
vt 0.42883599 1.00000000
vt 0.00024400 1.00000000
vt 0.99888098 0.00011900
vt 0.00116098 0.00000000
vt 0.14376201 0.00000000
vt 0.00024400 1.00000000
vt 0.99980599 0.99999702
vt 0.14310800 1.00000000
vt 0.99888098 0.00011900
vt 0.14376201 0.00000000
vt 0.28636301 0.00000000
vt 0.14310800 1.00000000
vt 0.28597200 1.00000000
vt 0.99952799 1.00000000
vt 0.99966699 1.00000000
vt 0.99884701 0.00001500
vt 0.99860400 0.00000000
vt 0.99874300 0.00000000
vt 0.99884701 0.00001500
vt 0.99874300 0.00000000
vt 0.99480098 1.00000000
vt 0.16249999 0.99953401
vt 0.89117903 0.22820500
vt 0.98857099 0.22163400
vt 0.98605603 0.24667200
vt 0.50050998 0.99999797
vt 0.56326503 0.99999797
vt 0.42971900 0.99999797
vt 0.99098700 0.19348000
vt 0.00311995 0.83157903
vt 0.74237001 0.19348000
vt 0.74689901 0.01439595
vt 1.00000000 0.02497798
vt 0.00709397 1.00000000
vt 0.00001000 0.34029999
vt 0.24347290 0.00900996
vt 0.24347290 0.34029999
vt 0.24783000 0.00904399
vt 0.00008400 0.00906700
vt 0.74237001 0.01419395
vt 0.49368000 0.00373095
vt 0.49025300 0.34029999
vt 0.49025300 0.00900096
vt 0.24347290 0.66004801
vt 0.49306500 0.00901395
vt 0.74429899 0.34029999
vt 0.49025300 0.66004801
vt 0.74429899 0.66004801
vt 0.24347290 0.99400097
vt 0.49025300 0.99412102
vt 0.96666002 0.24398001
vt 0.79342902 0.05146497
vt 0.74429899 0.99400401
vt 0.90534002 0.13089900
vt 0.83432698 0.65890503
vt 0.99966300 0.99936301
vt 0.83432698 0.99724603
vt 0.99977702 0.66037500
vt 0.70000398 0.02134895
vt 0.00007800 0.99417597
vt 0.00002100 0.66004801
vt 0.99977797 0.65890503
vt 0.00001000 0.34533700
vt 0.00002100 0.65859902
vt 0.83432698 0.34107700
vt 0.99988502 0.34107700
vt 0.66865402 0.34107700
vt 0.66928500 0.00008000
vt 0.83432698 0.00005300
vt 0.00079000 0.66685700
vt 0.00079000 0.33317101
vt 0.50050998 0.33317101
vt 0.00000000 0.50038600
vt 0.00078400 0.66623402
vt 0.66865402 0.00008100
vt 0.50029898 0.34107700
vt 0.50029898 0.00029800
vt 0.50029898 0.65890503
vt 0.33194399 0.00008300
vt 0.33130699 0.00008200
vt 0.00078400 0.33380300
vt 0.66865402 0.65890503
vt 0.66865402 0.99991000
vt 0.16597190 0.00005400
vt 0.00311697 0.16858700
vt 0.00000500 0.00000100
vt 0.43017799 0.00000000
vt 0.00709397 0.00001600
vt 0.19347601 0.99095798
vt 0.02478498 1.00000000
vt 0.50050998 0.00001100
vt 0.22805300 0.89116699
vt 0.22147600 0.98856199
vt 0.99750102 0.00000000
vt 0.00249797 0.46324599
vt 0.16232100 0.00191796
vt 0.24652299 0.98605299
vt 0.25456500 0.74509299
vt 0.99702299 0.99751401
vt 0.00000000 1.00000000
vt 0.99909198 0.00000000
vt 0.08523195 0.01138895
vt 0.00007700 0.19788000
vt 0.00008400 0.10335600
vt 0.05231595 0.17416000
vt 0.05671197 0.16524699
vt 0.11893500 0.01126694
vt 0.99871200 0.00474900
vt 0.99518502 1.00000000
vt 0.93460399 0.96992201
vt 0.19814301 0.01130896
vt 0.00040700 0.89081401
vt 0.99766999 1.00000000
vt 0.00028500 0.97719097
vt 0.00000000 0.00000000
vt 0.99984401 0.74337602
vt 0.00006300 0.74337602
vt 0.00669199 0.00023100
vt 0.51426899 0.00022900
vt 0.00120997 0.23089001
vt 0.28525299 0.97701001
vt 0.38611001 0.96239299
vt 0.28467101 0.98141003
vt 0.86589098 0.99576998
vt 1.00000000 0.00023100
vt 0.10058800 0.99576998
vt 0.38611001 0.74237102
vt 0.48066601 0.93158603
vt 0.31983000 0.74237102
vt 0.99837500 0.00210696
vt 0.00025100 0.25539699
vt 0.00020600 0.00000000
vt 0.00030200 0.99941099
vt 0.99585599 0.00017200
vt 0.99998999 1.00000000
vt 0.01338595 0.60912400
vt 0.04915696 0.88700402
vt 0.00030200 0.00000000
vt 0.00019400 0.49843499
vt 0.99982899 0.49843499
vt 0.99889499 0.25536701
vt 0.05581498 0.18270899
vt 0.06600195 0.18905900
vt 0.08048796 0.19150700
vt 0.32774401 0.19788000
vt 0.29781601 0.19146600
vt 0.30763501 0.19040389
vt 0.00001600 0.99870598
vt 0.99877602 0.66192800
vt 0.99860299 1.00000000
vt 0.31626901 0.18731090
vt 0.00001800 0.33223900
vt 0.99932098 0.33223900
vt 0.00001600 0.66192800
vt 0.95207000 0.62290901
vt 0.90034199 0.94981402
vt 0.93079001 0.81569999
vt 0.00001500 0.01069694
vt 0.00063300 0.91472799
vt 0.98135298 0.96532297
vt 0.00372297 1.00000000
vt 0.98368502 0.99905902
vt 1.00000000 0.00000000
vt 0.45258701 0.16536200
vt 0.32774401 0.17699400
vt 0.32228300 0.18269201
vt 0.54550600 0.23219100
vt 1.00000000 0.00000000
vt 0.48182601 0.01028800
vt 0.00009900 0.97684199
vt 0.99743003 0.80180001
vt 0.99228299 1.00000000
vt 0.98317802 0.00472897
vt 0.33427599 0.58377200
vt 0.00000000 0.00000000
vt 0.99962801 1.00000000
vt 0.44841599 0.17214499
vt 0.59552002 0.00885397
vt 0.47331199 0.67744303
vt 0.58474499 0.49088401
vt 0.52778703 0.63786298
vt 0.58474499 0.74237102
vt 0.54453498 0.74237102
vt 0.58474499 0.87554199
vt 0.71873301 0.75467002
vt 0.64545798 0.50212002
vt 0.71635401 0.74237102
vt 0.00352299 0.87435699
vt 1.00000000 0.99855101
vt 0.00038600 0.91724700
vt 0.97994900 0.00000000
vt 0.99710202 0.33042899
vt 0.00001600 0.01689398
vt 0.99642599 0.00000000
vt 0.00286698 1.00000000
vt 0.71789902 0.18269201
vt 0.84510100 0.16711800
vt 0.71201199 0.18742201
vt 0.88355201 0.00440794
vt 0.00001700 0.33042899
vt 0.00000900 0.65597302
vt 0.99831700 0.65597302
vt 0.70346200 0.19057199
vt 1.00000000 0.99922401
vt 0.69342601 0.19150700
vt 0.66866499 0.19169401
vt 0.99195302 0.11385300
vt 0.00012800 0.00016100
vt 0.98776400 0.00000000
vt 0.00001300 1.00000000
vt 0.00012800 0.99876899
vt 0.10047700 0.99572301
vt 0.17342401 0.00029700
vt 0.86571598 0.99572301
vt 1.00000000 0.00075700
vt 0.95186001 0.62307698
vt 0.93112200 0.81249100
vt 0.90105897 0.94732201
vt 0.98510498 1.00000000
vt 0.99661797 0.00447899
vt 0.00015200 0.20908000
vt 0.00008700 0.00000000
vt 0.00214297 0.13839389
vt 0.02397298 0.72580099
vt 0.05771398 0.92317301
vt 0.99982101 0.20908000
vt 0.99864101 0.41022301
vt 0.00007400 0.41022301
vt 0.45452899 0.18551899
vt 0.44908401 0.17918800
vt 0.46413800 0.19008400
vt 0.99806100 0.60709000
vt 0.00003900 0.60709000
vt 0.00007600 0.80180001
vt 0.00470698 0.44819099
vt 0.47603601 0.19181100
vt 0.00020700 0.89099097
vt 0.00660998 0.00075700
vt 0.55448002 0.88999802
vt 0.55488300 0.89448899
vt 0.81706798 0.19788000
vt 0.90329599 0.00370997
vt 0.52685702 0.91703302
vt 0.97854799 0.65985399
vt 0.96166402 1.00000000
vt 1.00000000 0.00000000
vt 0.02737694 0.65985399
vt 0.96212500 0.59752500
vt 0.65206301 0.49088401
vt 0.68212199 0.43349400
vt 0.69497102 0.32976201
vt 0.01003897 0.32925600
vt 0.98434103 0.32925600
vt 0.02661800 0.65819103
vt 0.99146599 0.27147999
vt 0.70946902 0.49088401
vt 0.79292500 0.65540200
vt 0.77355200 0.68231499
vt 0.79292500 0.49088401
vt 0.47235200 0.00000300
vt 0.77389598 0.68360698
vt 0.80197901 0.64123702
vt 0.88691598 0.48060000
vt 0.88224298 0.49088401
vt 0.85370398 0.40922600
vt 0.79292500 0.30026999
vt 0.75530398 0.24555001
vt 0.99531400 0.00000000
vt 0.48526499 0.18237500
vt 0.96735603 0.00794899
vt 0.07059496 0.50750601
vt 0.75346702 0.24310701
vt 0.33353299 0.03520596
vt 0.24756689 0.00257897
vt 0.33353299 0.00056000
vt 0.76935101 0.18762800
vt 1.00000000 0.00225896
vt 0.99921000 0.79831100
vt 0.30783400 0.61478698
vt 0.76180702 0.89955097
vt 0.99917603 1.00000000
vt 0.36879000 0.00000000
vt 0.79292500 0.18510500
vt 0.47934699 0.74237102
vt 0.24185701 0.26956999
vt 0.32774401 0.29909301
vt 0.24562600 0.26063001
vt 0.37122801 0.25194699
vt 0.37739801 0.24729700
vt 0.23173000 0.24553300
vt 0.21741600 0.24304999
vt 0.24191400 0.25193700
vt 0.38593900 0.24418689
vt 0.00006100 0.99932498
vt 0.99950802 0.74539000
vt 1.00000000 1.00000000
vt 0.00003800 0.74539000
vt 0.99918199 0.50116003
vt 0.00006100 0.50116003
vt 0.99324000 0.15301400
vt 0.99331802 0.12653901
vt 0.99989402 0.13959900
vt 0.00002300 0.25634900
vt 0.99904197 0.25634900
vt 0.94972003 0.11319400
vt 0.97526503 0.11692500
vt 0.80892098 0.32165301
vt 0.56325001 0.11319400
vt 0.99932599 0.00149095
vt 0.00006100 0.00000000
vt 0.00024400 0.00000000
vt 0.99734497 1.00000000
vt 0.00024400 0.99960101
vt 0.99723202 0.67658800
vt 0.00116098 0.99975401
vt 0.56326503 0.00001800
vt 0.99953502 0.00001400
vt 0.99741399 1.00000000
vt 0.00008400 0.24313191
vt 0.79633600 0.33317101
vt 0.99745798 0.00009600
vt 0.00170195 0.50532103
vt 0.00108194 0.00000000
vt 0.99900401 0.50532103
vt 0.00162899 0.53989202
vt 0.13820800 0.38158801
vt 0.25952700 0.37264001
vt 0.99698001 0.80294198
vt 0.99689198 0.49542901
vt 0.00067900 1.00000000
vt 0.99888301 0.99992502
vt 0.99790102 0.33166099
vt 0.99872500 0.66034502
vt 0.39570001 0.24313191
vt 0.00002800 0.33166099
vt 0.00002200 0.00116795
vt 0.99752098 0.00000000
vt 0.46714801 0.00834197
vt 0.00004500 0.34033400
vt 1.00000000 0.00179499
vt 1.00000000 0.00000100
vt 0.99988699 0.33596799
vt 0.49088401 0.19348000
vt 0.49088401 0.00363898
vt 0.24555101 0.19348000
vt 0.24555101 0.00042300
vt 0.74373102 0.00863397
vt 0.73484403 0.32058600
vt 0.49088401 0.38611400
vt 0.74237001 0.27465501
vt 0.24555101 0.38611400
vt 0.67750603 0.47338301
vt 0.74237001 0.38611400
vt 0.49088401 0.58474499
vt 0.74237001 0.31996301
vt 0.63792300 0.52787203
vt 0.24555101 0.58474499
vt 0.43362701 0.68216097
vt 0.49088401 0.65205300
vt 0.74237001 0.58474499
vt 0.50239998 0.64518499
vt 0.99976599 0.00000000
vt 0.98251098 0.99755901
vt 0.33455601 0.41604501
vt 0.48178101 0.98970503
vt 0.45154399 0.83495998
vt 0.59552801 0.99114001
vt 0.74237001 0.54461497
vt 0.00000000 1.00000000
vt 0.89001900 0.55456799
vt 0.87563998 0.58474499
vt 0.17291801 1.00000000
vt 0.86571598 0.00274199
vt 1.00000000 1.00000000
vt 0.75471801 0.71878898
vt 0.89450997 0.55497098
vt 0.10047500 0.00274199
vt 0.00188994 0.84785801
vt 0.00660795 1.00000000
vt 0.00020700 0.09866899
vt 0.99115199 0.19793200
vt 0.00006600 0.19793200
vt 0.00010100 0.01182097
vt 0.44825900 0.82802498
vt 0.44911301 0.82101798
vt 0.98870701 0.00000000
vt 0.00004000 0.39262101
vt 0.99337798 0.39262101
vt 0.00007400 0.58959299
vt 0.99547100 0.58959299
vt 0.45464301 0.81472498
vt 0.00014700 0.79085100
vt 0.02459496 0.26772401
vt 0.00508398 0.54114801
vt 0.05814898 0.07368397
vt 0.99768901 0.79085100
vt 1.00000000 0.99639302
vt 0.00008700 1.00000000
vt 0.47603399 0.80853301
vt 0.46420801 0.81018901
vt 0.66866499 0.80235898
vt 0.98931003 0.88621598
vt 0.00012700 0.00098700
vt 0.99032402 0.00000000
vt 0.66866499 0.80847800
vt 0.38594800 0.75580800
vt 0.84495300 0.83326799
vt 0.81700999 0.80235898
vt 0.70768702 0.81102800
vt 0.64108801 0.73692101
vt 0.66866499 0.64199400
vt 0.64007998 0.74405998
vt 0.62484998 0.75498497
vt 0.63444400 0.75047898
vt 0.61304998 0.75659698
vt 0.39570001 0.75690901
vt 0.69496697 0.67028099
vt 0.69342798 0.80854303
vt 0.00000100 0.50799298
vt 0.99612999 0.00396997
vt 0.99913800 0.50799298
vt 0.00001300 0.99656802
vt 0.71789902 0.81734800
vt 0.99666798 1.00000000
vt 1.00000000 0.00029700
vt 0.00038600 0.08276796
vt 0.00286496 0.00000000
vt 0.95186102 0.37624601
vt 0.91629398 0.10743900
vt 0.00355095 0.12584500
vt 0.98219699 1.00000000
vt 0.88296998 0.99572700
vt 0.74237001 0.71640003
vt 0.00001300 0.00000000
vt 0.99402398 0.72853100
vt 0.01007497 0.67071098
vt 0.98751199 0.67071098
vt 0.96638101 0.40233400
vt 0.01326096 0.79505700
vt 0.02670598 0.34177399
vt 0.21022990 0.75660700
vt 0.13271400 0.66471601
vt 0.41475999 1.00000000
vt 0.02745497 0.34013900
vt 0.65553403 0.79292297
vt 0.68239897 0.77360201
vt 0.68366897 0.77394003
vt 0.47222000 1.00000000
vt 0.49088401 0.70947802
vt 0.49088401 0.79292297
vt 0.50066501 1.00000000
vt 0.64130700 0.80201697
vt 0.78443098 1.00000000
vt 0.49088401 0.88231403
vt 0.70743001 0.88682300
vt 0.48070201 0.88693798
vt 0.80288398 1.00000000
vt 0.99371201 0.17814700
vt 0.00426996 0.29487199
vt 0.00588000 0.00000000
vt 0.99225801 0.00000000
vt 0.00006800 0.00098500
vt 0.99303597 1.00000000
vt 0.00006800 1.00000000
vt 0.99479300 0.84700203
vt 0.96123600 0.88682300
vt 0.85373801 0.67962497
vt 0.84117699 0.66471601
vt 0.00049300 0.45390299
vt 0.99953800 0.49852201
vt 0.00051400 0.49852201
vt 0.99870801 0.40786400
vt 0.00032500 0.00065200
vt 0.71355999 0.51327503
vt 0.09214496 0.59637398
vt 0.12301200 0.50858301
vt 0.21072900 0.59637398
vt 0.00418299 0.50858301
vt 0.11161100 0.61591798
vt 0.99272698 0.00000000
vt 0.00459898 0.49159199
vt 0.11896900 0.50001901
vt 0.00000000 0.49998599
vt 0.99998301 0.99032402
vt 0.00000500 1.00000000
vt 0.99967802 0.49993801
vt 0.00080800 0.50001699
vt 0.99989402 0.49991101
vt 0.00000600 0.00187498
vt 1.00000000 0.00000000
vt 0.00000000 0.49999899
vt 0.00000600 0.99808198
vt 0.99966902 1.00000000
vt 0.00518399 0.51715100
vt 0.00000000 0.49999899
vt 0.00027300 0.68195099
vt 0.99958801 0.99988401
vt 0.00029000 1.00000000
vt 0.10240500 0.66524202
vt 0.99999702 0.62243903
vt 0.00041400 0.50309497
vt 0.15705401 0.74856800
vt 0.99841100 0.09530895
vt 0.99992102 0.50309497
vt 0.31076801 0.98265898
vt 0.00029000 0.00028100
vt 0.21968789 0.72398901
vt 0.33353299 0.71888798
vt 0.35577500 0.74108601
vt 0.99872100 0.00000000
vt 0.23849601 0.62414700
vt 0.36650199 0.74731499
vt 0.00000000 0.50267601
vt 0.99995399 0.99572903
vt 0.00001000 1.00000000
vt 0.99994898 0.50267601
vt 0.00001000 0.00455898
vt 0.34454399 0.99980998
vt 0.32504901 0.99517602
vt 0.99994802 0.00000000
vt 1.00000000 0.99941701
vt 0.00005500 1.00000000
vt 0.38150200 0.74965203
vt 0.22353500 0.73226500
vt 0.99941099 0.00294596
vt 0.00002700 0.24597000
vt 0.00002200 0.00000000
vt 0.99976498 0.24597000
vt 0.00032500 0.99958199
vt 0.99966800 1.00000000
vt 0.21980099 0.74083602
vt 0.00002300 0.49345300
vt 0.99979103 0.49345300
vt 0.20888700 0.74726301
vt 0.00006400 0.74541801
vt 0.99990600 0.74541801
vt 0.99995297 0.99686199
vt 0.00002200 1.00000000
vt 0.99505597 0.87323099
vt 0.98080200 0.88315302
vt 0.19406600 0.74965203
vt 0.04396396 0.79388797
vt 0.00001100 0.74969101
vt 1.00000000 0.00000000
vt 0.99997598 0.85996199
vt 1.00000000 0.00943899
vt 0.00000500 0.00000000
vt 0.99236703 1.00000000
vt 0.70841002 0.50000101
vt 0.19390900 0.80857497
vt 0.19019499 0.81714100
vt 0.20500199 0.80221701
vt 0.21999000 0.79981899
vt 0.99973398 0.49248901
vt 0.19426300 0.82551801
vt 0.12168700 0.87134701
vt 0.00002900 0.99645901
vt 0.99995500 0.74925601
vt 0.99991602 1.00000000
vt 0.99843597 0.20312700
vt 0.00102699 0.00000000
vt 1.00000000 0.00040300
vt 0.33353299 0.79996002
vt 0.00158596 0.50004798
vt 0.99939400 0.50004798
vt 0.50002098 0.00241995
vt 0.68568897 1.00000000
vt 0.50072402 1.00000000
vt 0.95159101 0.00260097
vt 0.31603801 1.00000000
vt 0.04846495 0.00260097
vt 0.99781698 0.79764098
vt 0.00102699 1.00000000
vt 0.50002098 1.00000000
vt 0.00057800 0.76499897
vt 0.38948500 0.92131698
vt 0.24555101 0.97438401
vt 0.24555101 0.83770198
vt 0.15688799 0.99990797
vt 0.00323796 1.00000000
vt 0.39314601 0.92349702
vt 0.99629098 0.00000000
vt 0.00009700 0.09511297
vt 0.00012300 0.00763899
vt 0.30891100 0.38452500
vt 0.99829799 0.99863797
vt 0.00000000 1.00000000
vt 0.99828202 0.24668400
vt 0.00001000 0.24668400
vt 0.00672096 0.38273799
vt 0.00003000 0.49727401
vt 0.02465200 0.10179100
vt 0.99949998 0.49727401
vt 0.00004000 0.74926603
vt 0.99983197 0.20165300
vt 0.76288599 0.10024600
vt 0.07712197 0.79292297
vt 0.18522701 0.79292297
vt 0.33353299 0.96480501
vt 0.24753200 0.99742001
vt 1.00000000 0.00000000
vt 0.33353299 0.99944001
vt 0.36877999 1.00000000
vt 0.16483399 0.77553302
vt 0.24327500 0.75349897
vt 0.18778500 0.76938897
vt 0.48693201 0.81782299
vt 0.99790299 1.00000000
vt 0.97175801 0.99259102
vt 0.03067296 0.58474499
vt 0.24555101 0.75521201
vt 0.03068399 0.58482099
vt 0.58466899 0.03045594
vt 0.38611001 0.24555101
vt 0.38611001 0.00996798
vt 0.58474499 0.03046798
vt 0.01018899 0.38622701
vt 0.38599700 0.00995898
vt 0.01018196 0.38611400
vt 0.19347601 0.24555101
vt 0.00154698 0.19364201
vt 0.19347601 0.00149298
vt 0.19347601 0.49088401
vt 0.00344497 0.49088401
vt 0.00020600 0.24555101
vt 0.00020900 0.24487101
vt 0.25647399 0.00175798
vt 0.25576600 0.00177300
vt 0.50763798 0.00174296
vt 0.19331300 0.00148696
vt 0.00401199 0.00032300
vt 0.00000700 0.33545101
vt 0.00000000 0.00171494
vt 0.99996901 0.34029999
vt 0.74429899 0.00849897
vt 0.99995399 0.00901699
vt 0.00000700 0.33978501
vt 0.99996901 0.34460300
vt 0.24500300 0.00043300
vt 0.00154698 0.19348000
vt 0.00051000 0.00420898
vt 0.38611001 0.49088401
vt 0.00353199 0.49354100
vt 0.27384800 0.74237102
vt 0.32036400 0.73479497
vt 0.94398803 0.83493400
vt 0.91488898 0.98858601
vt 0.88223600 0.98869002
vt 0.80191702 0.98863000
vt 0.94785303 0.82600999
vt 0.99738097 0.00228900
vt 0.99979597 1.00000000
vt 0.93866301 0.96982002
vt 0.00040600 0.90162802
vt 0.99319798 1.00000000
vt 0.00038500 0.98892999
vt 0.99715900 0.74411100
vt 0.00000000 0.00000000
vt 0.94419003 0.81750101
vt 0.00020000 0.49941799
vt 0.99934202 0.49941799
vt 0.00005000 0.74411100
vt 0.00024800 0.25597000
vt 0.99880803 0.75578898
vt 0.89941698 0.00423795
vt 0.98603898 0.38316500
vt 0.95022899 0.11023000
vt 0.99497002 0.00000000
vt 0.00063000 1.00000000
vt 0.00063000 0.00415599
vt 1.00000000 0.99962199
vt 0.99998999 0.25597000
vt 0.00020500 0.00127095
vt 0.99991900 0.00000000
vt 0.48448801 1.00000000
vt 0.13412900 0.00423795
vt 0.93400699 0.81117398
vt 0.91951698 0.80849200
vt 0.70220798 0.80849200
vt 0.00000000 1.00000000
vt 0.38611001 0.74237102
vt 0.47975600 0.93194801
vt 0.38611001 0.96240097
vt 0.99330997 1.00000000
vt 0.28533700 0.97700101
vt 0.28476101 0.98140001
vt 0.31974801 0.74237102
vt 0.47892600 0.74237102
vt 0.47279400 0.67770201
vt 0.97653002 0.95621502
vt 0.54677600 0.23132400
vt 1.00000000 0.00000000
vt 0.54767001 0.83469599
vt 0.67097998 0.82486302
vt 0.51824200 0.98964697
vt 0.40438801 0.99105901
vt 0.52740401 0.63817298
vt 0.98087001 0.00222099
vt 0.99972898 1.00000000
vt 0.33535001 0.58498901
vt 0.00049000 0.98898298
vt 0.99316400 0.80213702
vt 0.98811102 1.00000000
vt 0.55153400 0.82793999
vt 0.00000000 0.00000000
vt 0.58474499 0.87556398
vt 0.54407001 0.74237102
vt 0.58474499 0.74237102
vt 0.55400002 0.89029402
vt 0.71843600 0.75501698
vt 0.71600002 0.74237102
vt 0.64520901 0.50228798
vt 0.00365299 0.87323803
vt 1.00000000 0.99970001
vt 0.00038600 0.91728902
vt 0.98184901 0.00000000
vt 0.11673900 0.99559999
vt 0.28214601 0.81730598
vt 0.99716401 0.49214101
vt 0.00001300 0.00348395
vt 0.99460399 0.00000000
vt 0.00286299 1.00000000
vt 0.00000100 0.49214101
vt 0.13427700 0.00427896
vt 0.00000000 1.00000000
vt 0.04813098 0.37720799
vt 0.08370900 0.10878100
vt 1.00000000 0.99719602
vt 0.00001300 1.00000000
vt 0.00015000 0.00036700
vt 0.99160999 0.10892900
vt 0.00015000 0.99809802
vt 0.98725098 0.00000000
vt 0.89952397 0.00427896
vt 0.82379502 1.00000000
vt 0.98460299 1.00000000
vt 0.99605399 0.00702000
vt 0.00015200 0.20930700
vt 0.00008600 0.00000000
vt 0.99812400 0.84717703
vt 0.97538400 0.26870099
vt 0.94183898 0.07523596
vt 0.99489099 0.54135799
vt 0.00007200 0.41060299
vt 0.99544102 0.60752702
vt 0.00004300 0.60752702
vt 0.99757600 0.41060299
vt 0.55067497 0.82094300
vt 0.54515100 0.81465697
vt 0.53560197 0.81012601
vt 0.99975801 0.20930700
vt 0.00006500 0.80213702
vt 0.00020500 0.90206498
vt 0.99339199 1.00000000
vt 0.55440098 0.89478600
vt 0.67773700 0.81730598
vt 0.00371498 1.00000000
vt 0.98120999 0.99993002
vt 0.00063400 0.91471100
vt 0.04795098 0.37718201
vt 0.06976395 0.18099800
vt 0.99954098 0.33208501
vt 0.00001500 0.00009500
vt 0.99908000 0.00000000
vt 0.00001600 0.33208501
vt 0.09991395 0.04951095
vt 0.99979103 0.66148001
vt 0.00001600 0.66155899
vt 1.00000000 0.96869200
vt 0.69330299 0.80984902
vt 0.68467700 0.81292200
vt 0.00001500 1.00000000
vt 0.51031703 0.00172800
vt 0.01401394 0.74237102
vt 0.68858498 0.04944497
vt 0.04965597 0.68863899
vt 0.79287601 0.07698100
vt 0.30035600 0.79292297
vt 0.07079195 0.49248901
vt 0.40934801 0.85373300
vt 0.77570099 0.16416200
vt 0.79292500 0.07699596
vt 0.15654700 1.00000000
vt 0.07713598 0.79297203
vt 0.79292500 0.18434300
vt 1.00000000 0.15639400
vt 0.83834797 0.24555101
vt 0.76498002 0.90076202
vt 0.99975002 0.79606497
vt 1.00000000 1.00000000
vt 0.30522299 0.61235398
vt 0.99876797 0.00144696
vt 0.00000000 0.00000000
vt 0.97433698 0.24555101
vt 0.92154199 0.38874999
vt 0.00012000 0.90458202
vt 0.99640697 1.00000000
vt 0.00019300 0.99187601
vt 0.92372501 0.39241001
vt 0.99843502 0.75335503
vt 0.00001600 0.75335503
vt 0.99944103 0.76501501
vt 0.99681699 1.00000000
vt 0.80969298 0.81714499
vt 0.00005000 0.50280100
vt 0.99963999 0.50280100
vt 0.80597198 0.80856401
vt 0.99330401 0.38218400
vt 0.00007600 0.25077701
vt 0.97529501 0.10155300
vt 0.99996197 0.25077701
vt 0.00005200 0.00508696
vt 0.99991697 0.00000000
vt 0.79484200 0.80221200
vt 0.66680098 0.99939299
vt 0.63113397 0.99996197
vt 0.75370002 0.24257000
vt 0.76949602 0.18738700
vt 0.99950498 0.99942398
vt 0.97816998 0.34013900
vt 0.52912700 0.08280396
vt 0.96473801 0.00000000
vt 0.99923301 0.81350601
vt 0.01148098 0.99989003
vt 0.63014400 0.60027301
vt 0.53542298 0.61968100
vt 0.51749802 0.60027301
vt 0.99131101 1.00000000
vt 0.54562300 0.50876898
vt 0.98859799 0.00350100
vt 0.00001100 0.00000000
vt 0.00028200 0.34719899
vt 0.99608803 0.41295499
vt 0.00037900 0.50046301
vt 0.99818802 0.50046301
vt 0.98079097 0.00000000
vt 0.78560501 0.73316503
vt 0.72211802 0.66698498
vt 0.57822102 0.51715100
vt 0.00029600 0.00008800
vt 0.00000000 1.00000000
vt 0.50047302 0.99979299
vt 0.00029600 0.99906099
vt 0.94296002 0.99981201
vt 0.99237901 0.94835901
vt 0.50410801 0.99981201
vt 0.99755198 0.97537202
vt 0.96675402 0.99667001
vt 0.00016300 0.79208899
vt 0.99889499 0.79208899
vt 0.00004700 0.99908102
vt 0.98936200 0.00024700
vt 0.00047400 0.99998403
vt 0.00047400 0.00000000
vt 0.99203497 1.00000000
vt 0.99959999 0.96147102
vt 0.00005300 0.19520500
vt 0.99953502 0.38955599
vt 0.00008400 0.38955599
vt 0.98616302 0.98787498
vt 0.00004500 0.58854401
vt 0.99993098 0.58854401
vt 0.99255103 0.00660896
vt 0.99953198 0.19520500
vt 0.00004700 0.00000000
vt 0.98753500 1.00000000
vt 0.63771099 0.73039198
vt 0.45468900 0.98266101
vt 0.48441899 0.99771398
vt 1.00000000 0.00019400
vt 0.00002500 0.33968300
vt 0.00005300 0.06281995
vt 0.00002200 0.00000000
vt 0.46717700 0.99167502
vt 0.99773902 0.66837901
vt 0.00002400 0.66837901
vt 0.99868399 0.33968300
vt 0.37741399 0.75270599
vt 0.37122801 0.74809402
vt 0.99721301 0.99894702
vt 0.99762303 0.19702099
vt 0.00066400 0.00006700
vt 0.99920398 0.00000000
vt 0.00002200 1.00000000
vt 0.22906201 0.74785298
vt 0.00119895 0.50451899
vt 0.99605602 0.50451899
vt 0.99591601 0.61767602
vt 0.15150601 0.66698498
vt 0.00061500 0.67814302
vt 1.00000000 0.99991602
vt 0.12149500 0.60027301
vt 0.14981900 0.50883502
vt 0.23447400 0.60027301
vt 0.25955799 0.62739903
vt 0.00001300 0.00135696
vt 0.99979800 0.00000000
vt 0.00066400 1.00000000
vt 0.00758499 0.51715100
vt 0.00000000 0.49997500
vt 0.00000000 0.49997500
vt 0.97610998 0.99999899
vt 0.00012700 0.99947900
vt 0.98199898 1.00000000
vt 0.90333200 0.99637800
vt 0.99996197 1.00000000
vt 0.32774401 0.82326102
vt 0.32228300 0.81734800
vt 0.97883099 0.03443998
vt 0.00063300 0.08600795
vt 0.00371999 0.00079800
vt 0.54575098 0.76818001
vt 0.98271698 0.00000000
vt 1.00000000 1.00000000
vt 0.31611800 0.81295902
vt 0.99931097 0.99093199
vt 0.00001700 0.66788900
vt 0.99974602 0.66788900
vt 0.00001300 1.00000000
vt 0.00002100 0.33813900
vt 0.93024999 0.18094601
vt 0.86589003 0.00422597
vt 0.90006900 0.04947596
vt 0.95207000 0.37717500
vt 0.99994600 0.00027400
vt 0.00001600 0.00000000
vt 0.00030100 0.00058300
vt 0.99585801 0.99999499
vt 0.00030100 0.99995899
vt 0.51367599 1.00000000
vt 0.10058300 0.00422597
vt 1.00000000 1.00000000
vt 0.29785901 0.80883598
vt 0.30755201 0.80989301
vt 0.08048796 0.80853301
vt 0.99989802 0.33813900
vt 0.99998802 0.00000000
vt 0.06620895 0.81122899
vt 0.00025100 0.74429601
vt 1.00000000 0.99774498
vt 0.00020800 1.00000000
vt 0.99997199 0.74429601
vt 0.05604594 0.81753099
vt 0.99930501 0.50103801
vt 0.05235499 0.82601899
vt 0.00020200 0.50103801
vt 0.99714100 0.25614399
vt 0.00005400 0.25614399
vt 0.01402395 0.38221800
vt 0.04972296 0.11041500
vt 0.00119597 0.75389498
vt 0.00040800 0.09696096
vt 0.00668699 1.00000000
vt 0.99319601 0.00000000
vt 0.00028800 0.00939900
vt 0.96242899 0.38611400
vt 0.97701401 0.28539401
vt 0.98141402 0.28481200
vt 0.93782198 0.02996897
vt 0.99653101 0.99803901
vt 0.00000000 1.00000000
vt 0.08514297 0.98862100
vt 0.05601495 0.83497900
vt 0.11912000 0.98873401
vt 0.19814201 0.98868603
vt 0.99838197 0.00000000
vt 0.74509603 0.25465399
vt 0.00000000 0.00000000
vt 0.99298298 0.00067000
vt 0.99988300 1.00000000
vt 0.00008400 0.89668399
vt 0.93159997 0.48076901
vt 0.74237001 0.47943899
vt 0.99330401 0.87348998
vt 0.97525299 0.88309503
vt 0.99989301 0.86044598
vt 0.61302298 0.24313191
vt 0.62487900 0.24497201
vt 0.80288398 0.00000300
vt 0.96123600 0.11318000
vt 0.99992698 0.14004090
vt 0.00000700 0.75401199
vt 1.00000000 0.99764103
vt 0.00001100 1.00000000
vt 0.98081201 0.11683490
vt 0.99505502 0.12676901
vt 0.99987400 0.75401199
vt 0.00001200 0.50651002
vt 0.99975902 0.50651002
vt 0.00004300 0.25455201
vt 0.99967700 0.25455201
vt 0.99928302 0.00318998
vt 0.00001100 0.00000000
vt 0.99335998 0.00000000
vt 0.00006800 0.99899602
vt 0.00006800 0.00000000
vt 0.99997997 1.00000000
vt 0.00031800 1.00000000
vt 0.00007600 0.25074801
vt 0.00653297 0.61326498
vt 0.02447396 0.89637101
vt 1.00000000 0.99965602
vt 0.00000000 0.00000000
vt 1.00000000 0.15638199
vt 0.00009700 0.10001200
vt 0.99852598 0.00000000
vt 0.01015597 0.38623700
vt 0.38611001 0.01000100
vt 0.01014900 0.38611400
vt 0.63112402 0.00003800
vt 0.64163703 0.80181199
vt 0.18292500 0.19787601
vt 0.98685902 0.67083699
vt 0.30502900 0.32976699
vt 0.99363297 0.72633100
vt 0.33028799 0.35691500
vt 0.36254400 0.26960799
vt 0.46452099 0.38040200
vt 0.35884899 0.26311100
vt 0.99939698 0.81362402
vt 0.01329398 0.79518902
vt 0.36984599 0.39979199
vt 0.00001600 0.19527701
vt 1.00000000 0.00531095
vt 0.99920398 0.19527701
vt 0.99899900 0.38971800
vt 0.35987699 0.25594801
vt 0.00004900 0.00000000
vt 0.00253499 0.02455097
vt 0.00770098 0.05164098
vt 0.00039400 0.03849697
vt 0.00007200 0.38971800
vt 0.05711495 0.00018800
vt 0.01403898 0.01203995
vt 0.00004600 0.58875299
vt 0.99924302 0.58875299
vt 0.99801397 0.79224002
vt 0.03353196 0.00326997
vt 0.00016600 0.79224002
vt 0.37518701 0.24503700
vt 0.36555299 0.24952100
vt 0.00004900 0.99679798
vt 0.99087501 1.00000000
vt 0.38699099 0.24344499
vt 0.00032000 0.99953300
vt 0.98917800 0.00086100
vt 0.97470498 1.00000000
vt 0.60432398 0.24315891
vt 0.00032000 0.00000000
vt 1.00000000 0.00355899
vt 0.00004500 0.04127895
vt 0.00002200 0.00000000
vt 0.49593300 0.00018800
vt 0.99901599 0.33923900
vt 0.00039500 0.99923599
vt 0.99835801 0.50049299
vt 0.99467599 1.00000000
vt 0.00056400 0.50049299
vt 0.99631000 0.41306201
vt 0.48243099 0.39979199
vt 0.45429400 0.49131301
vt 0.00039700 0.34736100
vt 0.98045498 0.00000000
vt 0.56762499 0.49120599
vt 0.45796400 0.50002801
vt 0.01154398 0.99984002
vt 0.98769498 1.00000000
vt 0.99981600 0.49998599
vt 0.00001200 0.49998599
vt 0.98507100 0.00510299
vt 0.00001100 0.00000000
vt 1.00000000 0.99403501
vt 1.00000000 0.50000000
vt 0.00001100 1.00000000
vt 0.56735998 0.50874299
vt 0.57105303 0.50003099
vt 1.00000000 0.99535698
vt 0.00000000 0.50001401
vt 0.99920100 0.49994200
vt 0.00039500 0.00030500
vt 0.00000000 1.00000000
vt 0.99586898 0.00557899
vt 0.00038100 0.65257603
vt 0.97689199 1.00000000
vt 0.00037900 0.99961299
vt 0.00000000 0.00000000
vt 0.42182499 0.51715100
vt 0.27793500 0.66698599
vt 0.99981397 0.25465199
vt 0.99998897 0.74969202
vt 0.99758703 0.80473900
vt 0.00013200 0.00318795
vt 1.00000000 0.00000000
vt 0.00032400 0.00050600
vt 0.99651098 0.99908900
vt 0.00032400 1.00000000
vt 0.97262001 0.00000000
vt 0.00002500 0.33923900
vt 0.99794698 0.66772002
vt 0.99726301 1.00000000
vt 0.00188398 0.49423701
vt 0.99827701 0.49423701
vt 0.00006000 0.49638501
vt 0.99917799 0.49638501
vt 0.99908400 0.74155498
vt 0.99934399 0.99338400
vt 0.00002200 0.74155498
vt 0.00003700 0.25328001
vt 0.00654495 0.12663500
vt 0.00673497 0.15300800
vt 0.00008500 0.13963801
vt 0.05022698 0.11318700
vt 0.02451997 0.11697400
vt 0.99738097 0.00000000
vt 0.00011000 1.00000000
vt 0.00011000 0.00177699
vt 0.00006000 1.00000000
vt 1.00000000 0.00412697
vt 0.00006000 0.00000000
vt 0.00118595 0.99941301
vt 0.99947703 0.25328001
vt 0.54848403 0.16512500
vt 0.55138701 0.17224690
vt 0.54992098 0.16874801
vt 0.99545300 0.19810800
vt 0.99422699 0.00000000
vt 0.99499899 0.09923499
vt 0.99991602 0.24316600
vt 0.99902898 0.99998599
vt 0.99724001 0.32373300
vt 0.00116098 0.00024600
vt 0.99741501 0.00000000
vt 0.93420899 0.18911600
vt 0.99331301 0.00029000
vt 0.99991602 0.10340900
vt 0.99750102 1.00000000
vt 0.00249797 0.53675401
vt 0.16239201 0.99808198
vt 0.89115900 0.22854500
vt 0.98860699 0.22122291
vt 0.98602402 0.24700400
vt 0.43643799 0.00001100
vt 0.00000000 0.00000000
vt 0.99662298 0.00249296
vt 0.99916899 1.00000000
vt 0.99097800 0.19348000
vt 0.00153094 0.19364500
vt 0.00152999 0.19348000
vt 0.24499001 0.00043300
vt 0.24555101 0.00042400
vt 0.74431598 0.00853795
vt 0.99996603 0.34030300
vt 0.74431598 0.34030300
vt 0.99995297 0.00905299
vt 0.00051900 0.00420898
vt 0.74373299 0.00867599
vt 0.99996603 0.34462899
vt 0.99998200 0.66004902
vt 0.74431598 0.66004902
vt 0.49028799 0.66004902
vt 0.49028799 0.99414200
vt 0.24352100 0.99396300
vt 0.09465700 0.86909902
vt 0.00000200 0.99409902
vt 0.74431598 0.99401498
vt 1.00000000 0.99400097
vt 0.99998200 0.66222101
vt 0.00000400 0.65971899
vt 0.19330999 0.00150299
vt 0.00401199 0.00031400
vt 0.00000000 0.00171196
vt 0.00000000 0.00912100
vt 1.00000000 0.02497798
vt 0.99300700 0.00000900
vt 0.96702999 0.50002301
vt 0.99991602 0.89663202
f 1/1 2/2 3/3
f 4/4 1/1 3/3
f 5/5 1/1 6/6
f 6/6 1/1 4/4
f 1/1 5/5 7/7
f 8/8 1/1 7/7
f 8/8 9/9 1/1
f 10/10 1/1 9/9
f 2/2 1/1 10/10
f 11/11 12/12 13/13
f 13/13 14/14 11/11
f 14/14 13/13 15/15
f 16/16 11/11 14/14
f 17/17 12/12 11/11
f 16/16 18/18 11/11
f 17/17 11/11 18/18
f 19/19 17/17 20/20
f 17/17 21/21 20/20
f 17/17 18/18 22/22
f 22/22 23/23 17/17
f 17/17 23/23 21/21
f 17/17 19/19 12/12
f 19/19 20/20 24/24
f 3/3 2/2 25/25
f 26/26 3/3 25/25
f 20/20 27/27 24/24
f 3/3 26/26 28/28
f 28/28 26/26 29/29
f 30/30 3/3 28/28
f 31/31 28/28 32/32
f 28/28 31/31 33/33
f 28/28 33/33 30/30
f 28/28 29/29 32/32
f 30/30 33/33 34/34
f 34/34 33/33 35/35
f 36/36 37/37 38/38
f 33/33 31/31 39/39
f 40/40 37/37 36/36
f 41/41 36/36 42/42
f 40/40 36/36 41/41
f 40/40 41/41 43/43
f 37/37 40/40 44/44
f 40/40 43/43 45/45
f 45/45 44/44 40/40
f 46/46 47/47 48/48
f 45/45 49/49 44/44
f 46/46 50/50 47/47
f 45/45 51/51 49/49
f 52/52 46/46 53/53
f 52/52 54/54 46/46
f 46/46 54/54 50/50
f 4/4 55/55 6/6
f 6/6 55/55 56/56
f 4/4 34/34 55/55
f 47/47 50/50 57/57
f 6/6 56/56 58/58
f 59/59 54/54 60/60
f 54/54 59/59 61/61
f 62/62 54/54 52/52
f 60/60 54/54 62/62
f 63/63 64/64 65/65
f 60/60 62/62 66/66
f 67/67 60/60 68/68
f 63/63 69/69 64/64
f 59/59 60/60 67/67
f 63/63 65/65 70/70
f 63/63 71/71 72/72
f 73/73 71/71 63/63
f 73/73 63/63 70/70
f 72/72 69/69 63/63
f 74/74 75/75 76/76
f 72/72 71/71 77/77
f 72/72 77/77 78/78
f 78/78 79/79 72/72
f 72/72 79/79 69/69
f 78/78 80/80 79/79
f 81/81 68/68 82/82
f 67/67 81/81 83/83
f 84/84 85/85 86/86
f 67/67 68/68 81/81
f 78/78 87/87 80/80
f 88/88 85/85 84/84
f 78/78 89/89 87/87
f 88/88 84/84 90/90
f 91/91 90/90 92/92
f 93/93 94/94 89/89
f 88/88 90/90 91/91
f 93/93 89/89 78/78
f 94/94 93/93 95/95
f 77/77 96/96 93/93
f 78/78 77/77 93/93
f 93/93 96/96 97/97
f 93/93 97/97 95/95
f 98/98 91/91 92/92
f 99/99 98/98 100/100
f 95/95 97/97 101/101
f 98/98 99/99 91/91
f 102/102 103/103 104/104
f 103/103 105/105 106/106
f 91/91 99/99 107/107
f 102/102 105/105 103/103
f 108/108 109/109 110/110
f 105/105 102/102 111/111
f 108/108 112/112 109/109
f 109/109 113/113 114/114
f 112/112 113/113 109/109
f 115/115 116/116 117/117
f 118/118 119/119 120/120
f 112/112 121/121 113/113
f 114/114 113/113 122/122
f 123/123 124/124 119/119
f 125/125 111/111 126/126
f 123/123 119/119 127/127
f 127/127 119/119 118/118
f 128/128 129/129 130/130
f 131/131 132/132 133/133
f 134/134 135/135 136/136
f 137/137 138/138 139/139
f 140/140 141/141 142/142
f 143/143 144/144 145/145
f 146/146 129/129 128/128
f 147/147 148/148 149/149
f 150/150 151/151 152/152
f 153/153 154/154 155/155
f 156/156 157/157 158/158
f 159/159 160/160 161/161
f 162/162 163/163 164/164
f 165/165 166/166 167/167
f 168/168 169/169 170/170
f 171/171 172/172 173/173
f 174/174 175/175 176/176
f 177/177 178/178 179/179
f 180/180 181/181 182/182
f 183/183 184/184 185/185
f 186/186 187/187 188/188
f 189/189 190/190 191/191
f 192/192 193/193 194/194
f 195/195 196/196 197/197
f 198/198 199/199 200/200
f 189/189 201/201 202/202
f 203/203 204/204 205/205
f 206/206 207/207 208/208
f 209/209 210/210 211/211
f 212/212 213/213 214/214
f 215/215 216/216 217/217
f 218/218 219/219 220/220
f 221/221 222/222 223/223
f 224/224 225/225 226/226
f 227/227 228/228 229/229
f 230/230 231/231 232/232
f 233/233 234/234 235/235
f 236/236 237/237 238/238
f 239/239 240/240 241/241
f 242/242 243/243 242/242
f 244/244 245/245 246/246
f 242/242 242/242 247/247
f 244/244 246/246 245/245
f 248/248 249/249 250/250
f 248/248 125/125 249/249
f 250/250 249/249 251/251
f 252/252 253/253 254/254
f 251/251 249/249 255/255
f 250/250 251/251 256/256
f 253/253 257/257 258/258
f 258/258 257/257 259/259
f 260/260 261/261 262/262
f 260/260 263/263 261/261
f 257/257 253/253 264/264
f 259/259 257/257 265/265
f 260/260 266/266 263/263
f 267/267 259/259 265/265
f 266/266 260/260 268/268
f 266/266 268/268 269/269
f 270/270 271/271 272/272
f 271/271 270/270 273/273
f 259/259 267/267 274/274
f 272/272 275/275 270/270
f 276/276 275/275 272/272
f 269/269 277/277 278/278
f 269/269 279/279 277/277
f 269/269 268/268 279/279
f 280/280 278/278 277/277
f 280/280 281/281 278/278
f 282/282 276/276 283/283
f 275/275 276/276 282/282
f 284/284 105/105 285/285
f 286/286 105/105 284/284
f 287/287 288/288 289/289
f 287/287 289/289 290/290
f 288/288 287/287 291/291
f 105/105 286/286 292/292
f 293/293 294/294 295/295
f 293/293 296/296 294/294
f 291/291 287/287 297/297
f 298/298 292/292 299/299
f 105/105 292/292 298/298
f 298/298 106/106 105/105
f 298/298 300/300 301/301
f 298/298 301/301 302/302
f 298/298 302/302 303/303
f 304/304 106/106 298/298
f 305/305 298/298 299/299
f 300/300 298/298 305/305
f 298/298 303/303 304/304
f 306/306 307/307 308/308
f 307/307 306/306 309/309
f 306/306 308/308 310/310
f 106/106 304/304 311/311
f 311/311 304/304 312/312
f 313/313 310/310 308/308
f 313/313 314/314 310/310
f 315/315 316/316 313/313
f 316/316 317/317 313/313
f 315/315 313/313 308/308
f 313/313 317/317 314/314
f 316/316 107/107 317/317
f 106/106 311/311 318/318
f 319/319 316/316 315/315
f 315/315 308/308 320/320
f 315/315 321/321 319/319
f 320/320 321/321 315/315
f 319/319 321/321 322/322
f 323/323 67/67 324/324
f 320/320 325/325 321/321
f 326/326 323/323 327/327
f 328/328 323/323 326/326
f 59/59 323/323 328/328
f 59/59 67/67 323/323
f 320/320 329/329 325/325
f 330/330 331/331 329/329
f 330/330 329/329 320/320
f 330/330 332/332 331/331
f 307/307 332/332 330/330
f 330/330 308/308 307/307
f 320/320 308/308 330/330
f 307/307 333/333 332/332
f 331/331 332/332 334/334
f 335/335 336/336 337/337
f 333/333 338/338 339/339
f 340/340 335/335 341/341
f 333/333 309/309 338/338
f 340/340 336/336 335/335
f 309/309 333/333 307/307
f 340/340 342/342 343/343
f 344/344 340/340 343/343
f 336/336 340/340 344/344
f 340/340 341/341 345/345
f 342/342 340/340 345/345
f 346/346 347/347 348/348
f 346/346 349/349 347/347
f 343/343 342/342 350/350
f 351/351 352/352 349/349
f 353/353 343/343 350/350
f 351/351 349/349 346/346
f 354/354 351/351 355/355
f 354/354 356/356 351/351
f 357/357 352/352 351/351
f 358/358 357/357 351/351
f 355/355 351/351 346/346
f 358/358 351/351 356/356
f 359/359 360/360 361/361
f 359/359 362/362 360/360
f 363/363 362/362 359/359
f 346/346 364/364 355/355
f 365/365 366/366 367/367
f 363/363 368/368 362/362
f 369/369 366/366 365/365
f 370/370 368/368 363/363
f 368/368 370/370 371/371
f 369/369 365/365 372/372
f 373/373 365/365 374/374
f 372/372 365/365 373/373
f 373/373 375/375 376/376
f 373/373 374/374 375/375
f 377/377 378/378 379/379
f 377/377 380/380 378/378
f 381/381 382/382 383/383
f 384/384 377/377 385/385
f 384/384 380/380 377/377
f 376/376 386/386 387/387
f 382/382 381/381 388/388
f 389/389 390/390 391/391
f 376/376 392/392 386/386
f 393/393 370/370 389/389
f 389/389 370/370 390/390
f 394/394 395/395 390/390
f 396/396 394/394 390/390
f 390/390 397/397 398/398
f 390/390 399/399 397/397
f 400/400 390/390 398/398
f 401/401 390/390 370/370
f 402/402 390/390 401/401
f 390/390 403/403 404/404
f 403/403 390/390 405/405
f 390/390 406/406 399/399
f 390/390 407/407 406/406
f 390/390 408/408 407/407
f 405/405 390/390 409/409
f 390/390 395/395 410/410
f 411/411 390/390 400/400
f 412/412 390/390 413/413
f 413/413 390/390 404/404
f 390/390 410/410 408/408
f 414/414 390/390 411/411
f 396/396 390/390 412/412
f 409/409 390/390 402/402
f 391/391 390/390 414/414
f 415/415 416/416 417/417
f 404/404 403/403 418/418
f 404/404 418/418 419/419
f 420/420 415/415 421/421
f 415/415 420/420 416/416
f 422/422 423/423 424/424
f 423/423 425/425 426/426
f 423/423 426/426 427/427
f 428/428 429/429 430/430
f 422/422 425/425 423/423
f 431/431 422/422 432/432
f 431/431 425/425 422/422
f 422/422 433/433 432/432
f 422/422 434/434 433/433
f 435/435 422/422 436/436
f 435/435 437/437 422/422
f 434/434 422/422 437/437
f 422/422 424/424 436/436
f 438/438 439/439 440/440
f 438/438 440/440 441/441
f 439/439 438/438 420/420
f 442/442 418/418 443/443
f 443/443 444/444 442/442
f 439/439 420/420 421/421
f 419/419 418/418 442/442
f 445/445 444/444 443/443
f 446/446 447/447 448/448
f 281/281 444/444 445/445
f 281/281 449/449 444/444
f 450/450 451/451 446/446
f 449/449 281/281 280/280
f 446/446 451/451 447/447
f 451/451 450/450 452/452
f 453/453 435/435 454/454
f 455/455 456/456 457/457
f 437/437 453/453 458/458
f 437/437 435/435 453/453
f 459/459 456/456 455/455
f 456/456 459/459 460/460
f 461/461 437/437 458/458
f 460/460 459/459 462/462
f 463/463 437/437 461/461
f 464/464 460/460 462/462
f 460/460 464/464 465/465
f 466/466 467/467 468/468
f 465/465 464/464 469/469
f 470/470 463/463 471/471
f 472/472 463/463 470/470
f 437/437 463/463 472/472
f 473/473 474/474 475/475
f 474/474 473/473 476/476
f 477/477 472/472 478/478
f 475/475 474/474 479/479
f 472/472 477/477 437/437
f 480/480 481/481 260/260
f 480/480 482/482 481/481
f 260/260 481/481 483/483
f 479/479 484/484 475/475
f 260/260 483/483 485/485
f 467/467 466/466 484/484
f 467/467 484/484 479/479
f 260/260 486/486 480/480
f 480/480 487/487 488/488
f 489/489 480/480 488/488
f 490/490 480/480 491/491
f 482/482 480/480 490/490
f 492/492 480/480 493/493
f 494/494 480/480 492/492
f 480/480 486/486 493/493
f 487/487 480/480 495/495
f 480/480 496/496 495/495
f 491/491 480/480 497/497
f 498/498 480/480 489/489
f 497/497 480/480 498/498
f 494/494 496/496 480/480
f 499/499 500/500 501/501
f 502/502 501/501 503/503
f 499/499 501/501 502/502
f 502/502 503/503 504/504
f 505/505 506/506 507/507
f 508/508 506/506 505/505
f 509/509 508/508 510/510
f 504/504 503/503 511/511
f 509/509 506/506 508/508
f 512/512 513/513 514/514
f 511/511 515/515 516/516
f 477/477 506/506 509/509
f 512/512 517/517 513/513
f 518/518 488/488 519/519
f 520/520 517/517 512/512
f 519/519 521/521 522/522
f 519/519 488/488 521/521
f 523/523 522/522 521/521
f 524/524 525/525 526/526
f 527/527 524/524 528/528
f 524/524 527/527 525/525
f 529/529 530/530 531/531
f 532/532 529/529 531/531
f 527/527 528/528 533/533
f 534/534 533/533 535/535
f 533/533 528/528 535/535
f 536/536 529/529 532/532
f 533/533 534/534 537/537
f 529/529 536/536 538/538
f 539/539 540/540 541/541
f 537/537 534/534 542/542
f 543/543 544/544 542/542
f 542/542 534/534 543/543
f 545/545 540/540 539/539
f 544/544 543/543 546/546
f 540/540 545/545 547/547
f 548/548 547/547 545/545
f 496/496 549/549 550/550
f 551/551 548/548 552/552
f 553/553 548/548 551/551
f 548/548 554/554 547/547
f 554/554 548/548 553/553
f 555/555 556/556 557/557
f 558/558 547/547 554/554
f 559/559 555/555 560/560
f 556/556 555/555 559/559
f 554/554 553/553 561/561
f 562/562 563/563 564/564
f 562/562 564/564 565/565
f 565/565 564/564 566/566
f 567/567 556/556 568/568
f 556/556 567/567 557/557
f 567/567 568/568 569/569
f 570/570 571/571 572/572
f 573/573 547/547 558/558
f 547/547 573/573 574/574
f 575/575 547/547 574/574
f 571/571 529/529 576/576
f 529/529 571/571 570/570
f 529/529 538/538 576/576
f 547/547 575/575 540/540
f 529/529 570/570 577/577
f 577/577 570/570 578/578
f 578/578 570/570 579/579
f 579/579 570/570 580/580
f 569/569 568/568 581/581
f 582/582 583/583 584/584
f 583/583 582/582 585/585
f 586/586 587/587 588/588
f 579/579 580/580 589/589
f 589/589 580/580 590/590
f 591/591 592/592 593/593
f 592/592 591/591 594/594
f 589/589 590/590 595/595
f 596/596 597/597 592/592
f 592/592 597/597 593/593
f 598/598 599/599 600/600
f 598/598 600/600 601/601
f 602/602 598/598 603/603
f 598/598 604/604 603/603
f 604/604 598/598 605/605
f 598/598 606/606 605/605
f 563/563 606/606 598/598
f 598/598 607/607 608/608
f 598/598 601/601 607/607
f 609/609 598/598 602/602
f 598/598 610/610 611/611
f 598/598 609/609 610/610
f 599/599 598/598 611/611
f 598/598 608/608 563/563
f 612/612 613/613 614/614
f 613/613 612/612 615/615
f 614/614 613/613 616/616
f 617/617 618/618 619/619
f 620/620 621/621 622/622
f 620/620 623/623 621/621
f 621/621 623/623 624/624
f 625/625 626/626 627/627
f 628/628 626/626 625/625
f 615/615 612/612 629/629
f 623/623 620/620 630/630
f 626/626 628/628 631/631
f 628/628 632/632 631/631
f 633/633 632/632 628/628
f 630/630 620/620 634/634
f 632/632 633/633 635/635
f 635/635 633/633 636/636
f 620/620 637/637 634/634
f 638/638 639/639 640/640
f 620/620 641/641 637/637
f 637/637 641/641 642/642
f 643/643 639/639 638/638
f 644/644 645/645 646/646
f 639/639 647/647 648/648
f 644/644 646/646 649/649
f 639/639 643/643 647/647
f 645/645 644/644 650/650
f 651/651 652/652 653/653
f 644/644 649/649 654/654
f 655/655 656/656 657/657
f 656/656 655/655 658/658
f 650/650 644/644 659/659
f 645/645 650/650 660/660
f 656/656 661/661 657/657
f 661/661 656/656 662/662
f 663/663 664/664 665/665
f 666/666 529/529 577/577
f 667/667 529/529 666/666
f 668/668 664/664 663/663
f 645/645 660/660 669/669
f 670/670 669/669 660/660
f 664/664 668/668 671/671
f 671/671 672/672 673/673
f 599/599 674/674 670/670
f 670/670 674/674 669/669
f 671/671 668/668 675/675
f 671/671 675/675 672/672
f 651/651 676/676 652/652
f 529/529 677/677 678/678
f 529/529 667/667 677/677
f 678/678 677/677 679/679
f 678/678 680/680 681/681
f 682/682 678/678 681/681
f 682/682 529/529 678/678
f 683/683 678/678 679/679
f 678/678 683/683 684/684
f 678/678 684/684 685/685
f 686/686 678/678 685/685
f 678/678 686/686 687/687
f 678/678 687/687 680/680
f 688/688 689/689 690/690
f 689/689 688/688 691/691
f 692/692 693/693 694/694
f 688/688 690/690 695/695
f 696/696 695/695 690/690
f 692/692 697/697 693/693
f 697/697 692/692 698/698
f 698/698 699/699 697/697
f 695/695 696/696 700/700
f 701/701 702/702 703/703
f 699/699 704/704 705/705
f 699/699 706/706 704/704
f 699/699 707/707 706/706
f 707/707 699/699 698/698
f 706/706 358/358 704/704
f 704/704 708/708 709/709
f 710/710 704/704 709/709
f 704/704 711/711 708/708
f 356/356 711/711 704/704
f 704/704 710/710 705/705
f 704/704 358/358 356/356
f 702/702 712/712 713/713
f 712/712 702/702 701/701
f 714/714 715/715 716/716
f 710/710 709/709 717/717
f 715/715 714/714 718/718
f 709/709 719/719 717/717
f 720/720 721/721 722/722
f 723/723 721/721 720/720
f 719/719 709/709 724/724
f 715/715 718/718 725/725
f 722/722 721/721 726/726
f 727/727 728/728 729/729
f 729/729 728/728 730/730
f 731/731 732/732 728/728
f 702/702 733/733 734/734
f 731/731 728/728 727/727
f 702/702 713/713 733/733
f 732/732 731/731 735/735
f 726/726 721/721 736/736
f 702/702 734/734 394/394
f 732/732 735/735 737/737
f 394/394 734/734 738/738
f 739/739 740/740 741/741
f 394/394 738/738 742/742
f 395/395 394/394 742/742
f 740/740 743/743 744/744
f 743/743 740/740 739/739
f 745/745 746/746 747/747
f 748/748 745/745 749/749
f 745/745 748/748 746/746
f 723/723 750/750 721/721
f 723/723 751/751 750/750
f 750/750 751/751 752/752
f 750/750 752/752 753/753
f 754/754 755/755 749/749
f 749/749 755/755 748/748
f 756/756 757/757 754/754
f 754/754 757/757 755/755
f 752/752 751/751 758/758
f 756/756 759/759 757/757
f 760/760 759/759 756/756
f 761/761 759/759 760/760
f 761/761 760/760 762/762
f 751/751 723/723 763/763
f 724/724 764/764 765/765
f 766/766 759/759 761/761
f 767/767 768/768 769/769
f 764/764 724/724 770/770
f 771/771 768/768 767/767
f 709/709 708/708 770/770
f 770/770 724/724 709/709
f 772/772 397/397 773/773
f 398/398 397/397 772/772
f 774/774 775/775 776/776
f 711/711 356/356 777/777
f 711/711 777/777 778/778
f 777/777 779/779 778/778
f 775/775 774/774 780/780
f 775/775 780/780 781/781
f 384/384 385/385 782/782
f 777/777 783/783 779/779
f 782/782 385/385 784/784
f 785/785 786/786 787/787
f 784/784 788/788 789/789
f 784/784 385/385 788/788
f 786/786 785/785 790/790
f 775/775 781/781 791/791
f 792/792 793/793 794/794
f 793/793 792/792 787/787
f 794/794 793/793 795/795
f 787/787 792/792 785/785
f 356/356 796/796 777/777
f 796/796 783/783 777/777
f 797/797 798/798 799/799
f 800/800 798/798 797/797
f 801/801 783/783 796/796
f 356/356 354/354 796/796
f 366/366 369/369 802/802
f 783/783 801/801 803/803
f 804/804 805/805 806/806
f 698/698 807/807 707/707
f 805/805 804/804 808/808
f 706/706 707/707 809/809
f 805/805 808/808 810/810
f 811/811 812/812 813/813
f 813/813 812/812 814/814
f 815/815 816/816 817/817
f 817/817 816/816 818/818
f 819/819 809/809 816/816
f 819/819 816/816 815/815
f 18/18 820/820 821/821
f 18/18 822/822 820/820
f 823/823 821/821 820/820
f 815/815 817/817 824/824
f 825/825 821/821 823/823
f 824/824 817/817 826/826
f 827/827 821/821 825/825
f 827/827 825/825 828/828
f 826/826 817/817 829/829
f 830/830 826/826 829/829
f 826/826 830/830 831/831
f 832/832 833/833 834/834
f 832/832 835/835 833/833
f 836/836 837/837 830/830
f 835/835 832/832 838/838
f 831/831 830/830 839/839
f 839/839 830/830 837/837
f 840/840 841/841 842/842
f 840/840 843/843 841/841
f 843/843 840/840 844/844
f 837/837 836/836 845/845
f 840/840 842/842 846/846
f 847/847 848/848 849/849
f 850/850 847/847 849/849
f 847/847 850/850 851/851
f 852/852 853/853 842/842
f 848/848 847/847 854/854
f 842/842 853/853 855/855
f 846/846 842/842 855/855
f 856/856 857/857 858/858
f 858/858 859/859 856/856
f 860/860 853/853 852/852
f 853/853 860/860 861/861
f 857/857 856/856 862/862
f 863/863 864/864 865/865
f 865/865 864/864 866/866
f 866/866 864/864 867/867
f 868/868 869/869 870/870
f 871/871 872/872 864/864
f 873/873 869/869 868/868
f 871/871 864/864 863/863
f 870/870 869/869 874/874
f 875/875 869/869 876/876
f 869/869 875/875 877/877
f 878/878 879/879 880/880
f 878/878 881/881 879/879
f 880/880 879/879 882/882
f 869/869 883/883 884/884
f 877/877 883/883 869/869
f 885/885 869/869 873/873
f 876/876 869/869 885/885
f 886/886 887/887 888/888
f 888/888 887/887 889/889
f 877/877 890/890 883/883
f 877/877 891/891 890/890
f 877/877 892/892 891/891
f 877/877 893/893 892/892
f 877/877 894/894 895/895
f 895/895 896/896 877/877
f 877/877 875/875 897/897
f 894/894 877/877 897/897
f 893/893 877/877 898/898
f 877/877 899/899 898/898
f 877/877 896/896 900/900
f 877/877 901/901 899/899
f 877/877 900/900 901/901
f 902/902 903/903 904/904
f 902/902 904/904 905/905
f 906/906 907/907 908/908
f 904/904 903/903 909/909
f 910/910 911/911 912/912
f 911/911 913/913 912/912
f 914/914 911/911 915/915
f 916/916 911/911 914/914
f 911/911 917/917 918/918
f 911/911 910/910 917/917
f 911/911 919/919 915/915
f 620/620 919/919 911/911
f 911/911 918/918 920/920
f 641/641 911/911 920/920
f 911/911 916/916 913/913
f 641/641 620/620 911/911
f 921/921 922/922 923/923
f 924/924 922/922 921/921
f 913/913 916/916 925/925
f 926/926 927/927 928/928
f 927/927 907/907 906/906
f 927/927 926/926 907/907
f 929/929 930/930 931/931
f 932/932 929/929 931/931
f 930/930 929/929 933/933
f 932/932 934/934 929/929
f 935/935 936/936 654/654
f 654/654 649/649 935/935
f 934/934 932/932 937/937
f 938/938 936/936 935/935
f 939/939 940/940 941/941
f 938/938 942/942 936/936
f 676/676 651/651 940/940
f 943/943 940/940 939/939
f 676/676 940/940 943/943
f 683/683 944/944 945/945
f 683/683 679/679 944/944
f 946/946 947/947 948/948
f 949/949 945/945 950/950
f 951/951 945/945 949/949
f 683/683 945/945 951/951
f 952/952 953/953 954/954
f 955/955 956/956 957/957
f 956/956 955/955 958/958
f 951/951 949/949 959/959
f 953/953 952/952 960/960
f 961/961 962/962 952/952
f 952/952 962/962 960/960
f 963/963 895/895 964/964
f 965/965 895/895 963/963
f 966/966 895/895 965/965
f 947/947 967/967 962/962
f 947/947 962/962 961/961
f 942/942 895/895 966/966
f 947/947 946/946 967/967
f 968/968 969/969 970/970
f 964/964 971/971 972/972
f 968/968 973/973 969/969
f 804/804 973/973 968/968
f 974/974 971/971 895/895
f 964/964 895/895 971/971
f 971/971 974/974 975/975
f 971/971 976/976 811/811
f 971/971 977/977 976/976
f 971/971 978/978 977/977
f 971/971 975/975 978/978
f 979/979 980/980 981/981
f 980/980 982/982 983/983
f 984/984 980/980 979/979
f 982/982 980/980 984/984
f 841/841 985/985 986/986
f 841/841 843/843 985/985
f 982/982 987/987 983/983
f 988/988 987/987 982/982
f 988/988 989/989 987/987
f 987/987 989/989 990/990
f 974/974 895/895 991/991
f 848/848 854/854 992/992
f 973/973 804/804 806/806
f 698/698 993/993 807/807
f 698/698 994/994 993/993
f 684/684 683/683 995/995
f 895/895 942/942 996/996
f 996/996 942/942 938/938
f 997/997 895/895 996/996
f 930/930 933/933 998/998
f 895/895 997/997 999/999
f 1000/1000 1001/1001 1002/1002
f 1001/1001 1000/1000 1003/1003
f 895/895 999/999 896/896
f 1003/1003 1000/1000 1004/1004
f 1003/1003 1004/1004 1005/1005
f 917/917 910/910 1006/1006
f 1007/1007 1008/1008 924/924
f 1009/1009 1007/1007 1010/1010
f 1008/1008 1007/1007 1009/1009
f 924/924 1008/1008 1011/1011
f 1012/1012 1013/1013 1014/1014
f 1015/1015 1014/1014 1013/1013
f 1015/1015 1016/1016 1014/1014
f 893/893 1016/1016 1015/1015
f 922/922 924/924 1011/1011
f 893/893 898/898 1016/1016
f 1017/1017 1018/1018 1019/1019
f 1017/1017 1020/1020 1018/1018
f 1017/1017 1021/1021 1020/1020
f 1022/1022 1021/1021 1017/1017
f 1023/1023 1024/1024 1025/1025
f 1026/1026 1024/1024 1023/1023
f 1021/1021 1022/1022 1027/1027
f 1028/1028 1029/1029 1026/1026
f 1029/1029 1024/1024 1026/1026
f 1029/1029 1030/1030 1024/1024
f 1028/1028 1031/1031 1029/1029
f 1031/1031 1032/1032 1029/1029
f 1033/1033 1029/1029 1034/1034
f 1029/1029 1032/1032 1034/1034
f 1029/1029 1035/1035 1036/1036
f 1035/1035 1029/1029 1033/1033
f 1030/1030 1029/1029 1036/1036
f 1037/1037 1038/1038 1039/1039
f 1032/1032 1040/1040 1041/1041
f 1031/1031 1040/1040 1032/1032
f 1042/1042 1043/1043 1044/1044
f 1042/1042 1045/1045 1043/1043
f 1046/1046 1047/1047 1048/1048
f 1049/1049 1047/1047 1046/1046
f 1046/1046 1050/1050 1051/1051
f 1046/1046 1048/1048 1050/1050
f 1038/1038 1037/1037 1052/1052
f 1053/1053 1054/1054 1055/1055
f 1053/1053 1055/1055 1056/1056
f 1054/1054 1053/1053 1057/1057
f 1058/1058 1051/1051 1050/1050
f 1058/1058 1059/1059 1051/1051
f 1060/1060 1059/1059 1058/1058
f 1056/1056 1055/1055 1061/1061
f 1056/1056 1061/1061 1062/1062
f 1063/1063 1064/1064 1065/1065
f 1064/1064 1063/1063 1066/1066
f 1067/1067 1059/1059 1060/1060
f 1067/1067 1068/1068 1059/1059
f 1069/1069 1068/1068 1067/1067
f 1063/1063 1070/1070 1066/1066
f 1071/1071 1068/1068 1069/1069
f 1072/1072 1073/1073 1070/1070
f 1072/1072 1070/1070 1074/1074
f 1074/1074 1070/1070 1063/1063
f 1075/1075 1076/1076 1077/1077
f 1075/1075 1078/1078 1076/1076
f 1076/1076 1078/1078 1079/1079
f 1076/1076 1079/1079 1080/1080
f 1081/1081 1082/1082 1083/1083
f 1084/1084 1085/1085 1086/1086
f 1087/1087 1078/1078 1075/1075
f 1084/1084 1088/1088 1085/1085
f 1087/1087 1089/1089 1078/1078
f 1082/1082 1081/1081 1090/1090
f 1091/1091 1092/1092 1093/1093
f 1087/1087 1094/1094 1089/1089
f 1094/1094 1095/1095 1096/1096
f 1097/1097 1095/1095 1094/1094
f 1098/1098 1092/1092 1091/1091
f 1094/1094 1087/1087 1097/1097
f 1095/1095 1097/1097 1099/1099
f 1097/1097 1087/1087 1100/1100
f 1101/1101 1097/1097 1100/1100
f 1099/1099 1097/1097 1102/1102
f 1103/1103 1104/1104 1097/1097
f 1097/1097 1105/1105 1103/1103
f 1097/1097 1104/1104 1102/1102
f 1097/1097 1101/1101 1105/1105
f 1106/1106 1107/1107 1108/1108
f 1106/1106 1109/1109 1107/1107
f 1054/1054 1057/1057 1110/1110
f 1111/1111 1109/1109 1106/1106
f 1048/1048 1047/1047 1112/1112
f 1113/1113 1114/1114 1115/1115
f 1114/1114 1113/1113 1116/1116
f 1115/1115 1114/1114 1117/1117
f 1118/1118 1119/1119 1120/1120
f 1118/1118 1121/1121 1119/1119
f 1122/1122 1123/1123 1124/1124
f 1125/1125 1118/1118 1126/1126
f 1118/1118 1125/1125 1121/1121
f 1121/1121 1125/1125 1127/1127
f 1128/1128 1129/1129 1130/1130
f 1131/1131 1132/1132 1133/1133
f 1128/1128 1134/1134 1129/1129
f 1135/1135 1134/1134 1128/1128
f 1136/1136 1137/1137 1138/1138
f 1136/1136 1138/1138 1139/1139
f 1134/1134 1135/1135 1140/1140
f 1141/1141 1142/1142 1143/1143
f 1141/1141 1143/1143 1144/1144
f 1136/1136 1139/1139 1145/1145
f 1146/1146 1136/1136 1145/1145
f 1142/1142 1141/1141 1147/1147
f 1142/1142 1147/1147 1148/1148
f 1149/1149 1146/1146 1150/1150
f 1151/1151 1146/1146 1149/1149
f 1148/1148 1152/1152 1153/1153
f 1151/1151 1136/1136 1146/1146
f 1148/1148 1147/1147 1152/1152
f 1154/1154 1155/1155 1156/1156
f 1156/1156 1155/1155 1157/1157
f 1155/1155 1154/1154 1158/1158
f 1159/1159 1160/1160 1161/1161
f 1158/1158 1154/1154 1162/1162
f 1159/1159 1163/1163 1160/1160
f 1163/1163 1159/1159 1164/1164
f 1162/1162 1154/1154 1165/1165
f 1163/1163 1164/1164 1166/1166
f 1166/1166 1164/1164 1167/1167
f 1167/1167 1164/1164 1168/1168
f 1165/1165 1154/1154 1169/1169
f 1170/1170 1167/1167 1168/1168
f 1169/1169 1154/1154 1171/1171
f 1169/1169 1171/1171 1172/1172
f 1173/1173 1174/1174 1175/1175
f 1167/1167 1170/1170 1176/1176
f 1177/1177 1178/1178 1179/1179
f 1180/1180 1181/1181 1182/1182
f 1183/1183 1184/1184 1185/1185
f 1186/1186 1187/1187 1188/1188
f 1189/1189 1190/1190 1191/1191
f 1192/1192 1178/1178 1177/1177
f 1193/1193 1194/1194 1195/1195
f 1196/1196 1197/1197 1198/1198
f 1199/1199 1200/1200 1201/1201
f 1202/1202 1203/1203 1204/1204
f 1205/1205 1206/1206 1207/1207
f 1208/1208 1209/1209 1199/1199
f 1210/1210 1211/1211 1212/1212
f 1213/1213 1214/1214 1215/1215
f 1216/1216 1217/1217 1218/1218
f 1219/1219 1220/1220 1221/1221
f 1222/1222 1223/1223 1224/1224
f 1225/1225 1226/1226 1227/1227
f 1228/1228 1229/1229 1230/1230
f 1231/1231 1232/1232 1233/1233
f 1234/1234 1235/1235 1236/1236
f 1237/1237 1238/1238 1239/1239
f 1240/1240 1241/1241 1242/1242
f 1243/1243 1244/1244 1245/1245
f 1246/1246 1247/1247 1248/1248
f 1249/1249 1250/1250 1251/1251
f 1252/1252 1253/1253 1254/1254
f 1255/1255 1256/1256 1257/1257
f 1258/1258 1259/1259 1260/1260
f 1261/1261 1262/1262 1263/1263
f 1173/1173 1264/1264 1174/1174
f 1265/1265 1266/1266 1267/1267
f 1268/1268 1269/1269 1270/1270
f 1271/1271 1272/1272 1273/1273
f 1274/1274 1181/1181 1275/1275
f 1276/1276 1195/1195 1277/1277
f 1278/1278 1279/1279 1280/1280
f 1277/1277 1195/1195 1277/1277
f 1281/1281 1282/1282 1281/1281
f 1281/1281 1278/1278 1278/1278
f 1277/1277 1195/1195 1277/1277
f 1278/1278 1278/1278 1281/1281
f 1277/1277 1195/1195 1195/1195
f 1177/1177 1283/1283 1284/1284
f 1285/1285 1286/1286 1287/1287
f 1177/1177 1179/1179 1283/1283
f 1288/1288 1151/1151 1289/1289
f 1136/1136 1288/1288 1290/1290
f 1136/1136 1151/1151 1288/1288
f 1285/1285 1291/1291 1286/1286
f 1136/1136 1290/1290 1292/1292
f 1285/1285 1293/1293 1291/1291
f 1293/1293 1294/1294 1291/1291
f 1291/1291 1294/1294 1295/1295
f 1292/1292 1290/1290 1296/1296
f 1297/1297 1298/1298 1299/1299
f 1300/1300 1299/1299 1298/1298
f 1298/1298 1297/1297 1301/1301
f 1293/1293 1302/1302 1294/1294
f 1293/1293 1303/1303 1302/1302
f 1304/1304 1300/1300 1305/1305
f 1299/1299 1300/1300 1304/1304
f 1306/1306 1299/1299 1304/1304
f 1304/1304 1307/1307 1308/1308
f 1309/1309 1304/1304 1308/1308
f 1307/1307 1304/1304 1305/1305
f 1306/1306 1304/1304 1309/1309
f 1309/1309 1308/1308 1310/1310
f 1309/1309 1311/1311 1306/1306
f 1310/1310 1312/1312 1309/1309
f 1309/1309 1312/1312 1311/1311
f 1313/1313 52/52 1314/1314
f 62/62 52/52 1313/1313
f 1310/1310 1315/1315 1312/1312
f 1313/1313 1314/1314 1316/1316
f 1317/1317 1318/1318 1319/1319
f 1317/1317 1320/1320 1318/1318
f 1314/1314 52/52 1321/1321
f 1322/1322 1306/1306 1311/1311
f 1306/1306 1322/1322 1323/1323
f 1320/1320 1317/1317 1324/1324
f 1297/1297 1323/1323 1325/1325
f 1299/1299 1323/1323 1297/1297
f 1323/1323 1299/1299 1306/1306
f 1325/1325 1323/1323 1326/1326
f 1327/1327 1324/1324 1317/1317
f 1327/1327 1328/1328 1324/1324
f 1317/1317 1329/1329 1327/1327
f 1330/1330 1327/1327 1329/1329
f 1327/1327 1330/1330 1331/1331
f 1331/1331 1328/1328 1327/1327
f 1332/1332 1333/1333 1334/1334
f 1332/1332 1334/1334 1136/1136
f 1333/1333 1332/1332 1335/1335
f 1136/1136 1292/1292 1332/1332
f 1335/1335 1332/1332 1336/1336
f 1330/1330 1329/1329 1337/1337
f 1338/1338 1337/1337 1329/1329
f 1338/1338 1339/1339 1337/1337
f 1340/1340 43/43 1338/1338
f 43/43 1341/1341 1338/1338
f 1340/1340 1338/1338 1329/1329
f 1338/1338 1341/1341 1339/1339
f 43/43 1342/1342 1341/1341
f 1333/1333 1335/1335 1343/1343
f 45/45 43/43 1340/1340
f 1340/1340 1329/1329 1344/1344
f 1340/1340 51/51 45/45
f 1344/1344 51/51 1340/1340
f 1344/1344 1319/1319 1345/1345
f 1317/1317 1319/1319 1344/1344
f 1344/1344 1329/1329 1317/1317
f 1344/1344 1345/1345 51/51
f 41/41 1342/1342 43/43
f 41/41 1346/1346 1342/1342
f 1347/1347 1334/1334 1333/1333
f 42/42 1346/1346 41/41
f 1346/1346 42/42 1348/1348
f 1349/1349 1347/1347 1350/1350
f 1349/1349 1334/1334 1347/1347
f 27/27 1351/1351 1352/1352
f 1334/1334 1349/1349 1353/1353
f 1351/1351 1354/1354 1355/1355
f 27/27 20/20 1351/1351
f 20/20 1354/1354 1351/1351
f 1356/1356 1357/1357 1358/1358
f 1355/1355 1354/1354 1359/1359
f 20/20 1360/1360 1354/1354
f 1361/1361 1362/1362 1363/1363
f 1364/1364 1365/1365 1366/1366
f 1367/1367 1365/1365 1364/1364
f 20/20 21/21 1360/1360
f 1368/1368 1364/1364 1369/1369
f 1367/1367 1364/1364 1368/1368
f 1370/1370 1371/1371 1372/1372
f 1368/1368 1369/1369 1373/1373
f 1374/1374 1375/1375 1376/1376
f 1370/1370 1372/1372 1377/1377
f 1375/1375 1374/1374 1378/1378
f 1378/1378 1374/1374 1379/1379
f 1380/1380 1381/1381 1382/1382
f 1383/1383 1384/1384 1385/1385
f 1386/1386 1381/1381 1387/1387
f 1388/1388 1381/1381 1386/1386
f 1389/1389 1390/1390 1384/1384
f 1384/1384 1391/1391 1389/1389
f 1384/1384 1383/1383 1391/1391
f 1382/1382 1381/1381 1388/1388
f 1392/1392 1393/1393 1394/1394
f 1395/1395 1396/1396 1397/1397
f 1398/1398 1388/1388 1399/1399
f 1396/1396 1395/1395 1400/1400
f 1382/1382 1388/1388 1398/1398
f 1401/1401 1402/1402 1378/1378
f 1393/1393 1402/1402 1401/1401
f 1401/1401 1378/1378 1379/1379
f 1402/1402 1393/1393 1403/1403
f 1365/1365 1367/1367 1404/1404
f 1365/1365 1404/1404 1405/1405
f 1393/1393 1392/1392 1403/1403
f 1365/1365 1405/1405 1406/1406
f 1407/1407 1408/1408 1409/1409
f 1407/1407 1406/1406 1408/1408
f 1410/1410 1411/1411 1412/1412
f 1407/1407 1409/1409 1413/1413
f 1414/1414 1415/1415 1411/1411
f 1416/1416 1411/1411 1410/1410
f 1414/1414 1411/1411 1416/1416
f 1386/1386 1417/1417 1418/1418
f 1418/1418 1417/1417 1419/1419
f 1386/1386 1387/1387 1417/1417
f 1415/1415 1414/1414 1420/1420
f 1421/1421 1422/1422 1423/1423
f 1423/1423 1422/1422 1424/1424
f 1415/1415 1420/1420 1425/1425
f 1426/1426 1407/1407 1427/1427
f 1407/1407 1428/1428 1427/1427
f 1429/1429 1422/1422 1421/1421
f 1422/1422 1429/1429 1430/1430
f 1426/1426 1427/1427 1431/1431
f 1432/1432 1433/1433 1434/1434
f 1435/1435 1436/1436 1437/1437
f 1435/1435 1438/1438 1436/1436
f 1439/1439 1407/1407 1426/1426
f 1426/1426 1431/1431 1440/1440
f 1441/1441 1442/1442 1443/1443
f 1443/1443 1444/1444 1445/1445
f 1443/1443 1442/1442 1444/1444
f 1446/1446 1445/1445 1444/1444
f 1444/1444 1447/1447 1446/1446
f 1442/1442 1448/1448 1444/1444
f 1444/1444 1449/1449 1447/1447
f 1444/1444 1448/1448 1449/1449
f 1450/1450 1451/1451 1452/1452
f 1451/1451 1450/1450 1453/1453
f 1454/1454 1455/1455 1456/1456
f 1452/1452 1451/1451 1457/1457
f 1458/1458 1459/1459 1460/1460
f 1461/1461 1459/1459 1458/1458
f 1462/1462 1454/1454 1463/1463
f 1454/1454 1462/1462 1455/1455
f 1463/1463 1454/1454 1464/1464
f 1460/1460 1459/1459 1465/1465
f 1466/1466 1463/1463 1464/1464
f 1465/1465 1068/1068 1467/1467
f 1465/1465 1459/1459 1068/1068
f 1467/1467 1068/1068 1468/1468
f 1469/1469 1470/1470 1471/1471
f 1463/1463 1466/1466 1472/1472
f 1470/1470 1469/1469 1473/1473
f 1474/1474 1475/1475 1476/1476
f 1476/1476 1477/1477 1478/1478
f 1476/1476 1475/1475 1477/1477
f 1476/1476 1479/1479 1480/1480
f 1476/1476 1478/1478 1479/1479
f 1473/1473 1469/1469 1481/1481
f 1482/1482 1483/1483 1484/1484
f 1485/1485 1475/1475 1474/1474
f 1485/1485 1474/1474 1486/1486
f 1486/1486 1474/1474 1487/1487
f 1483/1483 1482/1482 1488/1488
f 1483/1483 1488/1488 1489/1489
f 1483/1483 1489/1489 1490/1490
f 1491/1491 1407/1407 1492/1492
f 1493/1493 1407/1407 1491/1491
f 1490/1490 1489/1489 1494/1494
f 1492/1492 1407/1407 1439/1439
f 1490/1490 1494/1494 1495/1495
f 1495/1495 1494/1494 1433/1433
f 1495/1495 1433/1433 1496/1496
f 1485/1485 1486/1486 1497/1497
f 1498/1498 1407/1407 1493/1493
f 1433/1433 1499/1499 1496/1496
f 1500/1500 1475/1475 1485/1485
f 1499/1499 1433/1433 1432/1432
f 1501/1501 1446/1446 1502/1502
f 1407/1407 1498/1498 1068/1068
f 1068/1068 1498/1498 1468/1468
f 1068/1068 1459/1459 1503/1503
f 1459/1459 1461/1461 1504/1504
f 1505/1505 1506/1506 1507/1507
f 1459/1459 1504/1504 1508/1508
f 1506/1506 1505/1505 1509/1509
f 1509/1509 1510/1510 1506/1506
f 1442/1442 1511/1511 1448/1448
f 1442/1442 1512/1512 1511/1511
f 1513/1513 1068/1068 1503/1503
f 1510/1510 1514/1514 1515/1515
f 1514/1514 1510/1510 1516/1516
f 1516/1516 1510/1510 1509/1509
f 1068/1068 1513/1513 1059/1059
f 1514/1514 1517/1517 1515/1515
f 1518/1518 1519/1519 1520/1520
f 1519/1519 1518/1518 1521/1521
f 1512/1512 1521/1521 1518/1518
f 1036/1036 1035/1035 1522/1522
f 1520/1520 1519/1519 1523/1523
f 1521/1521 1524/1524 1519/1519
f 1521/1521 1525/1525 1526/1526
f 1524/1524 1521/1521 1526/1526
f 1527/1527 1521/1521 1528/1528
f 1525/1525 1521/1521 1527/1527
f 1521/1521 1529/1529 1528/1528
f 1512/1512 1529/1529 1521/1521
f 1530/1530 1531/1531 1532/1532
f 881/881 1531/1531 1530/1530
f 1531/1531 881/881 1533/1533
f 1534/1534 821/821 827/827
f 821/821 1534/1534 1529/1529
f 1535/1535 1536/1536 1537/1537
f 1534/1534 827/827 1538/1538
f 1535/1535 874/874 1536/1536
f 1539/1539 1540/1540 1541/1541
f 1541/1541 1540/1540 1542/1542
f 1542/1542 1540/1540 1543/1543
f 870/870 874/874 1535/1535
f 1535/1535 1537/1537 1544/1544
f 827/827 828/828 1545/1545
f 828/828 858/858 1545/1545
f 1529/1529 1512/1512 821/821
f 881/881 878/878 1533/1533
f 821/821 1512/1512 1442/1442
f 1446/1446 1501/1501 1445/1445
f 22/22 18/18 1442/1442
f 1442/1442 1441/1441 22/22
f 1442/1442 18/18 821/821
f 1389/1389 1441/1441 1546/1546
f 22/22 1441/1441 1389/1389
f 1390/1390 1389/1389 1546/1546
f 1407/1407 1413/1413 1428/1428
f 1365/1365 1406/1406 1407/1407
f 1547/1547 1407/1407 1548/1548
f 1407/1407 1547/1547 1549/1549
f 1407/1407 1550/1550 1548/1548
f 1407/1407 1551/1551 1550/1550
f 1407/1407 1552/1552 1553/1553
f 1407/1407 1554/1554 1552/1552
f 1407/1407 1549/1549 1554/1554
f 1407/1407 1555/1555 1551/1551
f 1068/1068 1555/1555 1407/1407
f 1407/1407 1553/1553 1365/1365
f 1556/1556 1557/1557 1558/1558
f 1559/1559 1560/1560 1557/1557
f 1559/1559 1557/1557 1556/1556
f 1561/1561 1560/1560 1559/1559
f 1562/1562 1563/1563 1564/1564
f 1565/1565 1566/1566 1561/1561
f 1561/1561 1566/1566 1560/1560
f 1562/1562 1567/1567 1563/1563
f 1563/1563 1567/1567 1568/1568
f 1569/1569 1567/1567 1562/1562
f 1569/1569 1570/1570 1567/1567
f 1571/1571 1565/1565 1572/1572
f 1573/1573 1574/1574 1575/1575
f 1357/1357 1576/1576 1577/1577
f 1570/1570 1353/1353 1578/1578
f 1334/1334 1570/1570 1569/1569
f 1334/1334 1353/1353 1570/1570
f 1574/1574 1573/1573 1579/1579
f 1577/1577 1576/1576 1580/1580
f 1365/1365 1553/1553 1581/1581
f 1334/1334 1569/1569 1582/1582
f 1583/1583 1584/1584 1585/1585
f 1586/1586 1587/1587 1584/1584
f 1584/1584 1583/1583 1586/1586
f 1588/1588 1548/1548 1589/1589
f 1547/1547 1548/1548 1588/1588
f 1588/1588 1589/1589 1120/1120
f 1588/1588 1120/1120 1119/1119
f 1132/1132 1587/1587 1586/1586
f 1590/1590 1116/1116 1591/1591
f 1116/1116 1113/1113 1591/1591
f 1587/1587 1132/1132 1131/1131
f 1137/1137 1334/1334 1582/1582
f 1565/1565 1571/1571 1566/1566
f 1592/1592 1590/1590 1593/1593
f 1116/1116 1590/1590 1592/1592
f 1098/1098 1594/1594 1595/1595
f 1092/1092 1098/1098 1595/1595
f 1068/1068 1596/1596 1555/1555
f 1594/1594 1597/1597 1598/1598
f 1597/1597 1594/1594 1098/1098
f 1594/1594 1598/1598 1599/1599
f 1096/1096 1095/1095 1600/1600
f 1391/1391 22/22 1389/1389
f 22/22 1391/1391 23/23
f 1356/1356 1576/1576 1357/1357
f 1348/1348 42/42 1601/1601
f 32/32 29/29 1602/1602
f 1137/1137 1136/1136 1334/1334
f 1328/1328 1331/1331 1603/1603
f 1328/1328 1603/1603 1604/1604
f 1308/1308 75/75 1310/1310
f 1310/1310 74/74 1315/1315
f 1310/1310 75/75 74/74
f 1605/1605 1606/1606 1303/1303
f 1607/1607 1608/1608 1606/1606
f 1308/1308 1307/1307 1609/1609
f 1607/1607 1606/1606 1605/1605
f 1605/1605 1303/1303 1293/1293
f 1610/1610 1611/1611 1605/1605
f 1610/1610 1605/1605 1612/1612
f 1612/1612 1605/1605 1293/1293
f 1613/1613 1607/1607 1605/1605
f 1613/1613 1605/1605 1611/1611
f 1614/1614 1611/1611 1615/1615
f 1611/1611 1614/1614 1616/1616
f 1611/1611 1610/1610 1617/1617
f 1611/1611 1617/1617 1615/1615
f 1616/1616 1613/1613 1611/1611
f 1616/1616 1614/1614 1618/1618
f 1619/1619 1613/1613 1616/1616
f 1620/1620 1619/1619 1616/1616
f 1620/1620 1616/1616 1621/1621
f 1616/1616 1618/1618 1622/1622
f 1623/1623 1616/1616 1622/1622
f 1616/1616 1623/1623 1621/1621
f 1624/1624 1625/1625 1626/1626
f 1627/1627 1628/1628 1629/1629
f 1622/1622 1618/1618 1630/1630
f 1626/1626 1625/1625 1631/1631
f 1632/1632 1633/1633 1630/1630
f 1630/1630 1633/1633 1622/1622
f 1634/1634 1635/1635 1636/1636
f 1637/1637 1622/1622 1633/1633
f 1633/1633 1632/1632 1638/1638
f 1634/1634 1639/1639 1635/1635
f 1634/1634 1640/1640 1639/1639
f 1640/1640 1634/1634 1641/1641
f 1642/1642 1643/1643 1644/1644
f 1643/1643 1642/1642 1645/1645
f 1154/1154 1646/1646 1628/1628
f 1154/1154 1647/1647 1646/1646
f 1643/1643 1645/1645 1648/1648
f 1644/1644 1643/1643 1649/1649
f 1649/1649 1643/1643 1650/1650
f 1651/1651 1650/1650 1652/1652
f 1154/1154 1653/1653 1647/1647
f 1649/1649 1650/1650 1651/1651
f 1651/1651 1652/1652 1654/1654
f 1655/1655 1640/1640 1656/1656
f 1639/1639 1655/1655 1657/1657
f 1639/1639 1640/1640 1655/1655
f 1654/1654 1652/1652 1658/1658
f 1659/1659 1654/1654 1658/1658
f 1654/1654 1659/1659 1660/1660
f 1154/1154 1661/1661 1662/1662
f 1663/1663 1661/1661 1154/1154
f 1664/1664 1665/1665 1666/1666
f 1661/1661 1663/1663 1667/1667
f 1668/1668 1663/1663 1154/1154
f 1669/1669 1663/1663 1670/1670
f 1669/1669 1671/1671 1663/1663
f 1663/1663 1672/1672 1673/1673
f 1663/1663 1674/1674 1672/1672
f 1663/1663 1675/1675 1676/1676
f 1663/1663 1677/1677 1675/1675
f 1663/1663 1678/1678 1677/1677
f 1663/1663 1668/1668 1678/1678
f 1663/1663 1673/1673 1679/1679
f 1663/1663 1679/1679 1670/1670
f 1663/1663 1680/1680 1667/1667
f 1663/1663 1671/1671 1680/1680
f 1663/1663 1676/1676 1674/1674
f 1681/1681 1682/1682 1683/1683
f 1681/1681 1683/1683 1684/1684
f 1669/1669 1685/1685 1671/1671
f 1684/1684 1683/1683 1686/1686
f 1687/1687 1688/1688 1689/1689
f 1636/1636 1635/1635 1690/1690
f 1690/1690 1635/1635 1691/1691
f 1692/1692 1687/1687 1693/1693
f 1669/1669 1694/1694 1685/1685
f 1687/1687 1692/1692 1688/1688
f 1622/1622 1637/1637 1695/1695
f 1623/1623 1622/1622 1695/1695
f 1682/1682 1681/1681 1696/1696
f 1697/1697 1698/1698 1699/1699
f 1698/1698 1700/1700 1699/1699
f 1697/1697 1701/1701 1698/1698
f 1702/1702 1700/1700 1698/1698
f 1031/1031 1703/1703 1704/1704
f 1031/1031 1705/1705 1703/1703
f 1700/1700 1702/1702 1706/1706
f 1707/1707 1708/1708 1709/1709
f 1031/1031 1710/1710 1705/1705
f 1711/1711 1707/1707 1712/1712
f 1707/1707 1711/1711 1708/1708
f 1710/1710 1031/1031 1713/1713
f 1712/1712 1707/1707 1714/1714
f 1031/1031 1715/1715 1713/1713
f 1712/1712 1714/1714 1716/1716
f 1031/1031 1717/1717 1715/1715
f 1712/1712 1716/1716 1718/1718
f 1715/1715 1717/1717 1719/1719
f 1720/1720 1721/1721 1722/1722
f 1720/1720 1722/1722 1723/1723
f 1724/1724 1725/1725 1726/1726
f 1717/1717 1727/1727 1728/1728
f 1717/1717 1729/1729 1727/1727
f 1717/1717 1730/1730 1729/1729
f 1717/1717 1031/1031 1730/1730
f 1731/1731 1732/1732 1733/1733
f 1731/1731 1734/1734 1732/1732
f 1734/1734 1731/1731 1735/1735
f 1031/1031 1736/1736 1730/1730
f 1737/1737 1738/1738 1739/1739
f 1740/1740 1738/1738 1737/1737
f 1739/1739 1741/1741 1737/1737
f 1734/1734 1735/1735 1742/1742
f 1012/1012 1740/1740 1743/1743
f 1740/1740 1012/1012 1744/1744
f 1740/1740 1744/1744 1738/1738
f 1745/1745 1746/1746 1747/1747
f 1746/1746 1745/1745 1748/1748
f 1743/1743 1740/1740 1749/1749
f 1750/1750 1751/1751 1752/1752
f 1750/1750 1753/1753 1751/1751
f 1754/1754 1750/1750 1755/1755
f 1753/1753 1750/1750 1754/1754
f 919/919 1756/1756 1757/1757
f 620/620 1756/1756 919/919
f 1758/1758 1759/1759 1760/1760
f 1756/1756 620/620 1761/1761
f 1758/1758 1762/1762 1759/1759
f 1762/1762 1758/1758 1763/1763
f 620/620 1764/1764 1761/1761
f 1763/1763 1765/1765 1766/1766
f 1762/1762 1763/1763 1766/1766
f 620/620 1767/1767 1764/1764
f 1765/1765 1763/1763 1768/1768
f 603/603 1769/1769 1770/1770
f 1771/1771 603/603 1770/1770
f 1765/1765 1768/1768 1772/1772
f 1770/1770 1769/1769 1773/1773
f 1774/1774 603/603 1771/1771
f 1775/1775 1776/1776 1777/1777
f 1775/1775 1778/1778 1776/1776
f 1778/1778 1775/1775 1779/1779
f 1767/1767 1780/1780 1781/1781
f 1778/1778 1779/1779 1782/1782
f 618/618 1783/1783 1784/1784
f 1780/1780 620/620 622/622
f 620/620 1780/1780 1767/1767
f 1785/1785 603/603 1774/1774
f 602/602 603/603 1785/1785
f 617/617 1783/1783 618/618
f 1769/1769 603/603 1786/1786
f 1787/1787 1788/1788 1789/1789
f 1788/1788 1787/1787 1790/1790
f 1791/1791 1732/1732 1792/1792
f 1773/1773 1769/1769 1741/1741
f 1786/1786 603/603 1793/1793
f 1788/1788 1790/1790 1794/1794
f 1794/1794 1790/1790 1795/1795
f 1793/1793 603/603 1796/1796
f 1794/1794 1795/1795 1797/1797
f 1797/1797 1795/1795 1798/1798
f 1799/1799 1797/1797 1798/1798
f 1797/1797 1799/1799 1800/1800
f 1728/1728 1801/1801 1802/1802
f 1803/1803 603/603 1804/1804
f 1803/1803 1804/1804 1805/1805
f 1796/1796 603/603 1803/1803
f 1725/1725 1724/1724 1806/1806
f 1801/1801 1727/1727 1807/1807
f 1728/1728 1727/1727 1801/1801
f 1773/1773 1741/1741 1739/1739
f 1745/1745 1808/1808 1748/1748
f 1808/1808 1745/1745 1809/1809
f 1027/1027 1022/1022 1810/1810
f 1012/1012 1743/1743 1013/1013
f 1031/1031 1811/1811 1736/1736
f 1031/1031 1028/1028 1811/1811
f 1733/1733 1732/1732 1791/1791
f 1804/1804 1812/1812 1813/1813
f 1804/1804 1814/1814 1812/1812
f 1804/1804 1815/1815 1814/1814
f 1816/1816 1721/1721 1720/1720
f 1804/1804 1813/1813 1817/1817
f 1804/1804 1817/1817 1818/1818
f 1815/1815 1804/1804 603/603
f 1819/1819 1820/1820 1821/1821
f 1822/1822 1823/1823 1824/1824
f 1815/1815 603/603 1825/1825
f 603/603 604/604 1825/1825
f 1826/1826 1822/1822 1827/1827
f 1822/1822 1826/1826 1823/1823
f 1828/1828 1829/1829 1830/1830
f 1831/1831 1829/1829 1828/1828
f 1832/1832 1833/1833 1828/1828
f 1826/1826 1834/1834 1835/1835
f 1828/1828 1830/1830 1836/1836
f 1832/1832 1828/1828 1836/1836
f 1834/1834 1826/1826 1827/1827
f 1832/1832 1837/1837 1833/1833
f 1838/1838 1839/1839 1840/1840
f 1841/1841 1840/1840 1839/1839
f 1837/1837 1832/1832 1842/1842
f 1839/1839 1838/1838 1843/1843
f 1844/1844 1845/1845 1846/1846
f 1847/1847 1848/1848 1849/1849
f 1845/1845 1844/1844 1850/1850
f 1845/1845 1850/1850 1851/1851
f 1833/1833 1837/1837 1852/1852
f 1851/1851 1850/1850 1853/1853
f 1833/1833 1852/1852 1854/1854
f 1853/1853 1850/1850 1855/1855
f 1853/1853 1855/1855 1856/1856
f 1856/1856 1820/1820 1819/1819
f 1856/1856 1855/1855 1820/1820
f 1857/1857 1847/1847 1858/1858
f 1840/1840 1859/1859 1860/1860
f 1841/1841 1859/1859 1840/1840
f 1847/1847 1857/1857 1848/1848
f 1818/1818 1817/1817 1861/1861
f 1818/1818 1861/1861 1862/1862
f 1857/1857 1858/1858 1863/1863
f 1864/1864 1861/1861 1865/1865
f 1862/1862 1861/1861 1864/1864
f 1866/1866 1867/1867 1868/1868
f 1869/1869 1816/1816 1870/1870
f 1869/1869 1870/1870 1871/1871
f 1872/1872 1873/1873 1867/1867
f 1872/1872 1867/1867 1874/1874
f 1874/1874 1867/1867 1866/1866
f 1875/1875 1876/1876 1877/1877
f 1876/1876 1875/1875 1878/1878
f 1879/1879 1613/1613 1872/1872
f 1873/1873 1872/1872 1619/1619
f 1872/1872 1613/1613 1619/1619
f 1876/1876 1880/1880 1877/1877
f 1613/1613 1879/1879 1881/1881
f 1880/1880 1876/1876 1882/1882
f 1883/1883 1607/1607 1881/1881
f 1880/1880 1882/1882 1884/1884
f 1881/1881 1607/1607 1613/1613
f 1885/1885 1886/1886 1882/1882
f 1882/1882 1886/1886 1887/1887
f 1887/1887 1884/1884 1882/1882
f 1885/1885 1882/1882 1876/1876
f 1884/1884 1887/1887 1888/1888
f 1889/1889 71/71 1890/1890
f 1891/1891 71/71 1889/1889
f 1884/1884 1888/1888 1892/1892
f 1892/1892 1888/1888 1893/1893
f 1890/1890 1894/1894 1895/1895
f 1894/1894 1890/1890 71/71
f 1896/1896 1897/1897 1898/1898
f 1897/1897 1896/1896 1308/1308
f 1894/1894 71/71 1899/1899
f 1900/1900 1308/1308 1896/1896
f 1308/1308 1900/1900 75/75
f 71/71 73/73 1899/1899
f 1901/1901 1902/1902 1903/1903
f 1607/1607 1901/1901 1608/1608
f 1308/1308 1609/1609 1897/1897
f 1901/1901 1607/1607 1902/1902
f 1607/1607 1883/1883 1902/1902
f 1885/1885 1876/1876 1904/1904
f 1905/1905 1885/1885 112/112
f 1885/1885 1905/1905 1886/1886
f 1885/1885 1906/1906 112/112
f 1904/1904 1907/1907 1885/1885
f 1885/1885 1907/1907 1906/1906
f 1908/1908 1909/1909 1910/1910
f 112/112 1906/1906 121/121
f 1908/1908 1910/1910 1911/1911
f 1912/1912 1909/1909 1908/1908
f 1913/1913 1914/1914 1915/1915
f 1916/1916 1917/1917 1918/1918
f 1917/1917 1916/1916 1919/1919
f 1913/1913 1915/1915 1920/1920
f 131/131 1912/1912 1921/1921
f 1912/1912 131/131 1909/1909
f 1922/1922 1923/1923 1919/1919
f 1919/1919 1916/1916 1924/1924
f 1922/1922 1919/1919 1924/1924
f 1925/1925 1923/1923 1922/1922
f 1926/1926 1927/1927 1928/1928
f 1928/1928 1927/1927 1929/1929
f 1930/1930 1931/1931 1932/1932
f 1931/1931 1930/1930 1933/1933
f 1934/1934 1935/1935 1936/1936
f 1934/1934 1925/1925 1935/1935
f 1927/1927 1937/1937 1938/1938
f 1926/1926 1937/1937 1927/1927
f 131/131 1939/1939 1940/1940
f 131/131 1940/1940 260/260
f 260/260 1940/1940 1941/1941
f 1938/1938 1937/1937 1942/1942
f 1943/1943 1944/1944 1945/1945
f 1946/1946 1937/1937 1926/1926
f 1947/1947 1945/1945 1948/1948
f 1945/1945 1947/1947 1949/1949
f 1945/1945 1949/1949 1943/1943
f 1949/1949 1904/1904 1943/1943
f 1944/1944 1943/1943 1950/1950
f 1943/1943 1951/1951 1950/1950
f 1904/1904 1951/1951 1943/1943
f 1952/1952 1953/1953 1954/1954
f 1955/1955 1956/1956 1957/1957
f 1955/1955 1957/1957 1958/1958
f 1951/1951 551/551 1959/1959
f 551/551 1951/1951 1904/1904
f 1960/1960 1961/1961 1962/1962
f 1963/1963 1964/1964 1965/1965
f 1966/1966 260/260 1955/1955
f 1955/1955 260/260 1956/1956
f 1960/1960 1962/1962 1967/1967
f 1968/1968 1969/1969 1970/1970
f 1968/1968 1971/1971 1969/1969
f 1959/1959 1970/1970 1969/1969
f 1970/1970 1972/1972 1968/1968
f 1959/1959 551/551 1970/1970
f 1970/1970 1973/1973 1972/1972
f 551/551 1974/1974 1970/1970
f 1970/1970 1974/1974 1973/1973
f 1975/1975 1976/1976 1977/1977
f 1976/1976 1975/1975 1978/1978
f 1979/1979 496/496 1980/1980
f 1980/1980 496/496 494/494
f 1981/1981 1982/1982 1983/1983
f 1977/1977 1976/1976 1984/1984
f 1981/1981 1985/1985 1982/1982
f 1986/1986 1987/1987 1988/1988
f 1986/1986 1988/1988 1989/1989
f 1990/1990 1985/1985 1981/1981
f 1985/1985 1990/1990 1991/1991
f 1992/1992 1993/1993 1994/1994
f 1993/1993 1992/1992 1995/1995
f 1996/1996 1997/1997 1986/1986
f 1986/1986 1997/1997 1987/1987
f 1994/1994 1993/1993 1998/1998
f 1999/1999 2000/2000 2001/2001
f 2002/2002 1997/1997 1996/1996
f 2002/2002 1996/1996 2003/2003
f 2003/2003 1996/1996 2004/2004
f 2002/2002 2003/2003 2005/2005
f 2006/2006 2007/2007 2008/2008
f 2000/2000 2009/2009 2006/2006
f 2006/2006 2009/2009 2007/2007
f 2010/2010 260/260 1966/1966
f 2011/2011 260/260 2010/2010
f 2008/2008 2007/2007 1964/1964
f 2012/2012 260/260 2011/2011
f 2000/2000 2013/2013 2009/2009
f 486/486 260/260 2012/2012
f 2000/2000 1999/1999 2013/2013
f 2008/2008 1964/1964 2014/2014
f 1963/1963 2014/2014 1964/1964
f 2014/2014 1963/1963 2015/2015
f 2016/2016 1997/1997 2002/2002
f 1971/1971 1968/1968 2017/2017
f 496/496 1979/1979 549/549
f 551/551 552/552 1974/1974
f 260/260 2018/2018 1956/1956
f 2019/2019 1952/1952 2020/2020
f 2021/2021 1952/1952 2019/2019
f 1953/1953 1952/1952 2021/2021
f 1938/1938 2022/2022 2023/2023
f 1938/1938 1942/1942 2022/2022
f 2024/2024 2025/2025 2026/2026
f 2024/2024 2027/2027 2025/2025
f 1938/1938 2023/2023 2028/2028
f 2029/2029 2027/2027 2024/2024
f 2027/2027 2029/2029 2030/2030
f 2030/2030 2029/2029 2031/2031
f 260/260 1941/1941 2032/2032
f 260/260 2032/2032 2033/2033
f 2030/2030 2031/2031 2034/2034
f 260/260 2033/2033 2018/2018
f 131/131 1921/1921 1939/1939
f 1925/1925 1934/1934 1923/1923
f 1904/1904 1949/1949 1907/1907
f 1904/1904 1876/1876 551/551
f 77/77 1891/1891 2035/2035
f 96/96 77/77 2035/2035
f 1905/1905 112/112 2036/2036
f 71/71 1891/1891 77/77
f 551/551 1876/1876 553/553
f 1876/1876 1878/1878 553/553
f 2037/2037 553/553 1878/1878
f 1874/1874 1866/1866 2038/2038
f 2039/2039 553/553 2037/2037
f 2038/2038 1866/1866 1859/1859
f 1620/1620 1873/1873 1619/1619
f 1873/1873 1620/1620 1712/1712
f 1873/1873 1712/1712 2040/2040
f 1816/1816 1869/1869 2041/2041
f 1712/1712 2042/2042 2040/2040
f 1712/1712 1718/1718 2042/2042
f 1721/1721 1816/1816 2041/2041
f 1859/1859 1866/1866 1860/1860
f 2043/2043 553/553 2039/2039
f 2043/2043 2039/2039 2044/2044
f 1859/1859 2045/2045 2046/2046
f 1859/1859 1841/1841 2045/2045
f 2043/2043 2044/2044 2047/2047
f 2048/2048 2049/2049 2044/2044
f 2044/2044 2049/2049 2047/2047
f 2050/2050 2051/2051 2052/2052
f 2053/2053 2051/2051 2050/2050
f 2054/2054 2053/2053 2055/2055
f 2054/2054 2051/2051 2053/2053
f 2056/2056 2057/2057 2049/2049
f 2049/2049 2048/2048 2056/2056
f 2058/2058 2059/2059 2060/2060
f 2057/2057 2056/2056 2061/2061
f 2059/2059 2058/2058 2062/2062
f 2062/2062 2058/2058 2063/2063
f 1829/1829 2064/2064 2065/2065
f 2066/2066 563/563 562/562
f 2067/2067 2068/2068 2062/2062
f 2069/2069 563/563 2066/2066
f 2067/2067 2062/2062 2063/2063
f 2064/2064 1831/1831 2070/2070
f 2071/2071 2068/2068 2067/2067
f 2070/2070 1831/1831 2072/2072
f 2071/2071 2073/2073 2068/2068
f 2073/2073 2071/2071 2074/2074
f 2073/2073 2074/2074 2075/2075
f 606/606 563/563 2076/2076
f 2076/2076 563/563 2069/2069
f 2064/2064 1829/1829 1831/1831
f 565/565 2077/2077 2078/2078
f 2079/2079 2043/2043 2080/2080
f 2079/2079 553/553 2043/2043
f 565/565 566/566 2077/2077
f 1835/1835 1834/1834 2081/2081
f 1712/1712 1620/1620 1711/1711
f 2082/2082 2083/2083 2084/2084
f 2083/2083 2082/2082 1706/1706
f 1700/1700 1706/1706 2082/2082
f 1701/1701 2085/2085 2086/2086
f 2085/2085 1701/1701 1697/1697
f 1040/1040 1031/1031 1704/1704
f 2087/2087 2088/2088 2089/2089
f 1673/1673 2088/2088 2087/2087
f 2086/2086 2085/2085 2090/2090
f 2089/2089 2091/2091 2087/2087
f 1047/1047 2091/2091 2089/2089
f 1047/1047 1049/1049 2091/2091
f 2092/2092 1037/1037 2093/2093
f 1037/1037 2092/2092 1052/1052
f 2094/2094 2095/2095 2096/2096
f 2096/2096 2095/2095 2097/2097
f 2095/2095 2094/2094 2098/2098
f 2099/2099 1103/1103 2100/2100
f 1103/1103 2101/2101 2100/2100
f 2098/2098 2094/2094 2102/2102
f 1103/1103 1105/1105 2101/2101
f 1109/1109 1111/1111 2103/2103
f 2099/2099 2104/2104 1103/1103
f 2096/2096 2097/2097 2105/2105
f 2106/2106 2099/2099 2107/2107
f 2108/2108 2099/2099 2106/2106
f 2104/2104 2099/2099 2108/2108
f 2106/2106 2109/2109 2110/2110
f 2111/2111 2112/2112 2113/2113
f 2106/2106 2107/2107 2109/2109
f 2114/2114 2115/2115 2116/2116
f 2113/2113 2112/2112 2117/2117
f 2109/2109 2107/2107 2118/2118
f 2119/2119 2120/2120 2121/2121
f 2110/2110 2109/2109 2122/2122
f 2121/2121 2120/2120 2123/2123
f 2123/2123 2120/2120 2124/2124
f 2123/2123 2112/2112 2111/2111
f 2123/2123 2124/2124 2112/2112
f 2119/2119 2125/2125 2126/2126
f 2125/2125 2119/2119 2127/2127
f 2119/2119 2126/2126 2120/2120
f 2105/2105 2097/2097 2128/2128
f 1673/1673 2129/2129 2088/2088
f 1673/1673 1672/1672 2129/2129
f 1103/1103 2104/2104 2130/2130
f 2130/2130 2104/2104 2131/2131
f 2132/2132 2133/2133 2134/2134
f 2132/2132 2134/2134 2135/2135
f 2130/2130 2131/2131 2136/2136
f 2133/2133 2137/2137 2138/2138
f 2133/2133 2132/2132 2139/2139
f 2133/2133 2139/2139 2137/2137
f 2140/2140 1154/1154 2141/2141
f 1668/1668 1154/1154 2140/2140
f 2142/2142 2138/2138 2137/2137
f 2143/2143 2144/2144 2145/2145
f 2141/2141 1154/1154 1156/1156
f 2138/2138 2142/2142 2146/2146
f 1103/1103 2130/2130 2147/2147
f 2143/2143 2148/2148 2144/2144
f 2148/2148 2143/2143 2149/2149
f 2150/2150 2148/2148 2149/2149
f 1103/1103 2147/2147 2151/2151
f 2150/2150 2152/2152 2148/2148
f 2152/2152 2150/2150 2153/2153
f 2154/2154 2155/2155 2156/2156
f 2156/2156 1157/1157 2154/2154
f 2157/2157 1157/1157 2156/2156
f 1125/1125 2155/2155 2154/2154
f 1125/1125 1126/1126 2155/2155
f 1123/1123 2158/2158 2159/2159
f 2152/2152 2153/2153 2160/2160
f 2161/2161 1103/1103 2151/2151
f 1103/1103 2161/2161 1104/1104
f 1123/1123 2162/2162 2158/2158
f 1104/1104 2161/2161 2163/2163
f 2162/2162 1123/1123 1122/1122
f 1156/1156 1157/1157 2157/2157
f 2115/2115 2114/2114 2164/2164
f 2165/2165 1664/1664 2166/2166
f 2167/2167 1669/1669 2168/2168
f 1694/1694 1669/1669 2167/2167
f 1665/1665 1664/1664 2165/2165
f 1154/1154 1662/1662 1653/1653
f 1154/1154 1628/1628 2169/2169
f 2169/2169 1628/1628 1627/1627
f 2170/2170 1154/1154 2169/2169
f 2171/2171 2172/2172 2173/2173
f 2171/2171 2174/2174 2172/2172
f 2171/2171 2173/2173 2175/2175
f 2174/2174 2171/2171 2176/2176
f 2177/2177 1154/1154 2170/2170
f 2178/2178 2179/2179 2180/2180
f 2179/2179 2178/2178 2181/2181
f 2182/2182 2180/2180 2179/2179
f 2183/2183 2184/2184 2185/2185
f 2186/2186 2184/2184 2183/2183
f 2187/2187 2182/2182 2188/2188
f 2189/2189 2190/2190 2191/2191
f 2192/2192 2193/2193 2184/2184
f 2192/2192 2184/2184 2194/2194
f 2194/2194 2184/2184 2186/2186
f 2195/2195 1154/1154 2196/2196
f 2197/2197 1154/1154 2195/2195
f 2182/2182 2187/2187 2198/2198
f 2190/2190 2189/2189 2199/2199
f 2196/2196 1154/1154 2177/2177
f 2182/2182 2198/2198 2180/2180
f 2200/2200 1171/1171 2197/2197
f 2197/2197 1171/1171 1154/1154
f 2201/2201 2202/2202 2203/2203
f 2202/2202 2201/2201 2204/2204
f 2205/2205 1171/1171 2200/2200
f 2201/2201 2206/2206 2204/2204
f 2207/2207 1171/1171 2205/2205
f 2208/2208 2209/2209 2206/2206
f 2208/2208 2206/2206 2201/2201
f 2210/2210 2209/2209 2208/2208
f 2193/2193 2211/2211 2212/2212
f 2193/2193 2213/2213 2211/2211
f 2214/2214 2209/2209 2210/2210
f 2192/2192 2213/2213 2193/2193
f 2213/2213 2192/2192 2215/2215
f 2216/2216 2214/2214 2217/2217
f 2214/2214 2216/2216 2209/2209
f 2218/2218 2219/2219 2220/2220
f 2221/2221 2222/2222 2223/2223
f 2219/2219 2218/2218 1617/1617
f 2224/2224 2225/2225 2226/2226
f 2226/2226 2225/2225 2227/2227
f 2228/2228 2222/2222 2221/2221
f 2224/2224 2207/2207 2225/2225
f 2229/2229 1293/1293 1285/1285
f 1293/1293 2229/2229 1612/1612
f 2230/2230 2231/2231 2232/2232
f 1171/1171 2224/2224 2233/2233
f 1171/1171 2207/2207 2224/2224
f 1617/1617 2218/2218 1615/1615
f 1615/1615 2218/2218 2234/2234
f 1614/1614 1615/1615 2235/2235
f 1615/1615 2234/2234 2235/2235
f 1149/1149 2236/2236 2237/2237
f 1149/1149 1150/1150 2236/2236
f 2236/2236 1150/1150 2238/2238
f 1596/1596 1068/1068 2239/2239
f 2239/2239 1068/1068 2240/2240
f 1088/1088 1084/1084 1073/1073
f 2240/2240 1068/1068 1071/1071
f 1088/1088 1073/1073 1072/1072
f 1045/1045 1042/1042 1517/1517
f 1045/1045 1517/1517 1514/1514
f 1024/1024 1030/1030 2241/2241
f 1025/1025 2242/2242 2243/2243
f 1025/1025 1024/1024 2242/2242
f 2244/2244 2245/2245 2246/2246
f 2243/2243 2247/2247 2248/2248
f 2243/2243 2242/2242 2247/2247
f 2245/2245 2244/2244 2249/2249
f 2250/2250 2251/2251 2244/2244
f 2244/2244 2251/2251 2249/2249
f 2252/2252 2253/2253 2250/2250
f 2250/2250 2253/2253 2251/2251
f 2254/2254 2252/2252 2255/2255
f 2252/2252 2254/2254 2253/2253
f 2256/2256 2257/2257 2258/2258
f 2257/2257 2256/2256 2259/2259
f 934/934 937/937 2260/2260
f 895/895 894/894 991/991
f 2261/2261 886/886 871/871
f 887/887 886/886 2261/2261
f 871/871 886/886 872/872
f 2262/2262 852/852 2263/2263
f 851/851 850/850 2264/2264
f 860/860 852/852 2262/2262
f 1539/1539 1541/1541 2265/2265
f 828/828 859/859 858/858
f 859/859 828/828 2266/2266
f 989/989 988/988 2267/2267
f 811/811 976/976 812/812
f 835/835 838/838 2268/2268
f 819/819 358/358 706/706
f 809/809 819/819 706/706
f 2269/2269 358/358 819/819
f 822/822 18/18 2270/2270
f 18/18 16/16 2270/2270
f 358/358 2269/2269 2271/2271
f 814/814 812/812 2272/2272
f 698/698 2273/2273 994/994
f 698/698 692/692 2273/2273
f 702/702 394/394 2274/2274
f 691/691 688/688 2275/2275
f 394/394 2276/2276 2274/2274
f 2277/2277 691/691 2275/2275
f 394/394 2278/2278 2276/2276
f 2278/2278 2279/2279 2280/2280
f 2278/2278 2281/2281 2279/2279
f 2282/2282 2283/2283 2277/2277
f 2278/2278 2280/2280 2284/2284
f 2277/2277 2283/2283 691/691
f 394/394 2281/2281 2278/2278
f 2285/2285 2286/2286 2287/2287
f 2285/2285 2287/2287 2288/2288
f 394/394 2289/2289 2281/2281
f 2286/2286 2285/2285 2290/2290
f 2291/2291 2292/2292 2293/2293
f 2285/2285 2288/2288 2294/2294
f 2295/2295 2291/2291 2296/2296
f 2295/2295 2292/2292 2291/2291
f 2294/2294 2288/2288 2297/2297
f 2297/2297 2288/2288 2298/2298
f 2297/2297 2298/2298 2299/2299
f 2295/2295 2296/2296 2300/2300
f 2297/2297 2299/2299 2301/2301
f 394/394 2302/2302 2303/2303
f 2304/2304 2299/2299 2305/2305
f 394/394 2306/2306 2302/2302
f 2301/2301 2299/2299 2304/2304
f 2307/2307 2308/2308 2309/2309
f 394/394 2310/2310 2306/2306
f 2308/2308 2307/2307 2311/2311
f 2312/2312 2313/2313 2314/2314
f 425/425 431/431 2315/2315
f 2315/2315 431/431 2295/2295
f 2313/2313 2312/2312 2316/2316
f 394/394 396/396 2310/2310
f 394/394 2303/2303 2289/2289
f 2295/2295 431/431 2292/2292
f 2317/2317 2318/2318 2319/2319
f 2320/2320 2318/2318 2317/2317
f 2320/2320 2321/2321 2318/2318
f 2284/2284 2280/2280 2322/2322
f 2322/2322 2323/2323 2284/2284
f 2321/2321 2324/2324 2325/2325
f 2326/2326 2323/2323 2322/2322
f 2324/2324 2321/2321 2320/2320
f 2326/2326 2327/2327 2323/2323
f 2328/2328 2282/2282 2329/2329
f 2330/2330 2331/2331 2332/2332
f 2332/2332 2331/2331 2333/2333
f 2334/2334 2331/2331 2330/2330
f 530/530 682/682 2335/2335
f 2331/2331 2334/2334 2336/2336
f 2327/2327 2326/2326 523/523
f 523/523 2326/2326 2337/2337
f 2337/2337 2326/2326 2338/2338
f 2339/2339 2340/2340 2341/2341
f 2325/2325 2324/2324 2342/2342
f 2340/2340 2339/2339 2343/2343
f 2340/2340 2344/2344 2341/2341
f 2345/2345 520/520 2346/2346
f 523/523 2337/2337 522/522
f 2345/2345 2346/2346 2347/2347
f 2344/2344 2340/2340 2348/2348
f 2349/2349 437/437 2350/2350
f 437/437 477/477 2350/2350
f 520/520 2345/2345 517/517
f 434/434 437/437 2349/2349
f 2283/2283 2282/2282 2328/2328
f 529/529 682/682 530/530
f 599/599 611/611 674/674
f 587/587 586/586 2351/2351
f 587/587 2351/2351 597/597
f 587/587 597/597 596/596
f 563/563 608/608 2352/2352
f 553/553 2079/2079 561/561
f 515/515 511/511 2353/2353
f 489/489 488/488 518/518
f 511/511 503/503 2353/2353
f 500/500 499/499 2354/2354
f 500/500 2354/2354 2355/2355
f 2356/2356 2357/2357 2358/2358
f 477/477 478/478 506/506
f 2357/2357 2356/2356 2359/2359
f 260/260 485/485 268/268
f 2313/2313 2316/2316 2360/2360
f 2360/2360 2361/2361 428/428
f 429/429 428/428 2361/2361
f 2360/2360 2316/2316 2361/2361
f 2362/2362 2363/2363 2364/2364
f 296/296 293/293 2364/2364
f 296/296 2364/2364 2363/2363
f 2365/2365 2366/2366 2367/2367
f 2368/2368 2369/2369 2367/2367
f 2365/2365 2367/2367 2369/2369
f 2370/2370 2366/2366 2365/2365
f 2371/2371 2372/2372 2373/2373
f 2374/2374 2372/2372 2371/2371
f 2374/2374 2371/2371 2375/2375
f 2376/2376 2377/2377 2378/2378
f 300/300 305/305 2374/2374
f 2369/2369 2368/2368 2379/2379
f 2374/2374 305/305 2372/2372
f 2380/2380 2370/2370 2381/2381
f 2363/2363 2362/2362 2382/2382
f 2370/2370 2380/2380 2383/2383
f 2370/2370 2383/2383 2366/2366
f 2384/2384 2385/2385 2386/2386
f 2387/2387 2388/2388 2389/2389
f 401/401 370/370 2390/2390
f 2377/2377 2376/2376 2391/2391
f 2392/2392 2393/2393 2394/2394
f 392/392 376/376 375/375
f 2395/2395 370/370 393/393
f 380/380 384/384 2396/2396
f 371/371 370/370 2395/2395
f 370/370 363/363 2397/2397
f 2398/2398 2399/2399 2392/2392
f 2392/2392 2399/2399 2393/2393
f 2399/2399 2398/2398 2400/2400
f 2401/2401 2402/2402 2403/2403
f 301/301 300/300 2404/2404
f 2405/2405 2406/2406 2407/2407
f 364/364 346/346 2401/2401
f 2401/2401 2408/2408 2402/2402
f 2401/2401 346/346 2408/2408
f 2271/2271 357/357 358/358
f 357/357 2409/2409 2410/2410
f 2411/2411 357/357 2410/2410
f 2409/2409 357/357 2271/2271
f 357/357 2411/2411 2412/2412
f 357/357 2412/2412 352/352
f 2413/2413 2414/2414 2415/2415
f 2414/2414 2413/2413 2416/2416
f 2411/2411 2410/2410 2417/2417
f 2415/2415 2418/2418 2413/2413
f 2419/2419 2415/2415 2414/2414
f 2415/2415 2419/2419 2420/2420
f 2415/2415 2420/2420 2421/2421
f 343/343 353/353 2415/2415
f 2422/2422 343/343 2415/2415
f 2415/2415 353/353 2418/2418
f 2422/2422 2415/2415 2421/2421
f 2421/2421 2423/2423 2422/2422
f 2422/2422 2423/2423 2424/2424
f 2422/2422 2424/2424 344/344
f 344/344 343/343 2422/2422
f 328/328 326/326 2425/2425
f 336/336 2424/2424 2426/2426
f 344/344 2424/2424 336/336
f 2421/2421 2427/2427 2423/2423
f 2421/2421 2428/2428 2427/2427
f 2421/2421 2429/2429 2428/2428
f 2429/2429 2421/2421 2420/2420
f 5/5 6/6 2430/2430
f 6/6 58/58 2430/2430
f 2431/2431 15/15 2432/2432
f 9/9 8/8 2433/2433
f 14/14 15/15 2431/2431
f 346/346 348/348 2408/2408
f 345/345 341/341 2434/2434
f 2408/2408 348/348 2435/2435
f 303/303 302/302 2436/2436
f 88/88 316/316 319/319
f 319/319 85/85 88/88
f 319/319 322/322 85/85
f 88/88 91/91 316/316
f 91/91 107/107 316/316
f 281/281 445/445 2437/2437
f 105/105 248/248 285/285
f 260/260 262/262 132/132
f 253/253 252/252 264/264
f 260/260 132/132 131/131
f 105/105 125/125 248/248
f 1909/1909 131/131 2438/2438
f 105/105 111/111 125/125
f 112/112 108/108 2036/2036
f 30/30 34/34 4/4
f 4/4 3/3 30/30

o calf_004-mesh_1
usemtl material_1
v -0.01029696 0.00533797 0.01804298
v -0.01006295 0.00300898 0.01893800
v -0.00545397 0.00530495 0.02358597
v -0.00582799 0.00533797 0.02318698
v -0.00544997 0.00533195 0.02358394
v -0.00014600 0.00527294 0.02871596
v -0.00036100 0.00300898 0.02884197
v -0.00571599 0.00300898 0.02372997
v -0.01027699 0.00543799 0.01803296
v -0.00556495 0.00619598 0.02293699
v -0.01027699 0.00543799 0.01803296
v -0.00582799 0.00533797 0.02318698
v -0.00544997 0.00533195 0.02358394
v -0.01065995 0.00626095 0.01687997
v 0.00008900 0.00615795 0.02845698
v -0.00504895 0.00679596 0.02244597
v 0.00056900 0.00678297 0.02792894
v 0.00009100 0.00616099 0.02845597
v 0.00009100 0.00616099 0.02845597
v 0.00390998 0.00524499 0.03090697
v 0.00398997 0.00614299 0.03057897
v 0.00008900 0.00615795 0.02845698
v 0.00056900 0.00678297 0.02792894
v 0.00056900 0.00678398 0.02792894
v 0.00416098 0.00677897 0.02988398
v 0.00824395 0.00677397 0.02982097
v 0.00843499 0.00612296 0.03051400
v 0.00056900 0.00678398 0.02792894
v 0.00438294 0.00700899 0.02897799
v 0.00118900 0.00700899 0.02724397
v 0.00118900 0.00700899 0.02724397
v 0.01115194 0.00700899 0.02713298
v 0.00118900 0.00700899 0.02724397
v 0.00438294 0.00700899 0.02897799
v 0.00799296 0.00700899 0.02891296
v 0.00799296 0.00700899 0.02891296
v 0.01115194 0.00700899 0.02713298
v -0.00439795 0.00700899 0.02182799
v 0.01118699 0.00700899 0.01334697
v 0.01291195 0.00700899 0.02054899
v 0.01296994 0.00700899 0.02410697
v 0.01181600 0.00676198 0.02782899
v 0.01296994 0.00700899 0.02410697
v 0.01356694 0.00689097 0.02036398
v 0.01291195 0.00700899 0.02054899
v 0.01356694 0.00689097 0.02036398
v 0.01178494 0.00691398 0.01322895
v 0.01291195 0.00700899 0.02054899
v 0.01118699 0.00700899 0.01334697
v 0.01379797 0.00678595 0.02029895
v 0.01235399 0.00661798 0.01311695
v 0.01064494 0.00692799 0.00595999
v 0.01118395 0.00667497 0.00590497
v 0.01075599 0.00668897 -0.00138897
v 0.01008300 0.00700899 0.00601697
v -0.00940897 0.00700899 0.01594895
v 0.01008300 0.00700899 0.00601697
v -0.01179596 0.00700899 -0.00401699
v 0.00966999 0.00700899 -0.00137394
v 0.00966999 0.00700899 -0.00137394
v -0.00940897 0.00700899 0.01594895
v -0.00439795 0.00700899 0.02182799
v -0.01341798 0.00700899 0.00943995
v -0.01009997 0.00681396 0.01646298
v -0.01414200 0.00683995 0.00979197
v -0.01341798 0.00700899 0.00943995
v -0.01591595 0.00700899 0.00226694
v -0.01665797 0.00685897 0.00243098
v -0.01591595 0.00700899 0.00226694
v -0.01693495 0.00720396 -0.00139195
v -0.01665797 0.00685897 0.00243098
v -0.01591595 0.00700899 0.00226694
v -0.01566400 0.00778600 -0.00516295
v -0.01179596 0.00700899 -0.00401699
v -0.01566400 0.00778600 -0.00516295
v -0.01591595 0.00700899 0.00226694
v -0.01543399 0.00800499 -0.00640195
v -0.01543399 0.00800499 -0.00640195
v -0.01660498 0.00788697 -0.00523299
v -0.01583298 0.00871196 -0.00896895
v -0.01539697 0.00803795 -0.00658095
v -0.01539697 0.00803795 -0.00658095
v -0.00767597 0.00700899 -0.01030194
v -0.01136996 0.00803795 -0.01272398
v -0.01376196 0.00921698 -0.01244997
v -0.01376196 0.00921698 -0.01244997
v -0.01323195 0.00953497 -0.01394397
v -0.00724896 0.00803795 -0.01900798
v -0.01092996 0.01071198 -0.01950597
v -0.00355496 0.00700899 -0.01658600
v 0.00056500 0.00700899 -0.02287095
v -0.00767597 0.00700899 -0.01030194
v 0.00982097 0.00700899 -0.00875294
v -0.00355496 0.00700899 -0.01658600
v 0.01040796 0.00700899 -0.01609599
v 0.00056500 0.00700899 -0.02287095
v 0.00982097 0.00700899 -0.00875294
v 0.01090798 0.00668695 -0.00869596
v 0.01040796 0.00700899 -0.01609599
v 0.01148400 0.00582995 -0.00258100
v 0.01162896 0.00582399 -0.00834596
v 0.01164499 0.00582399 -0.00865799
v 0.01204798 0.00581398 -0.01408398
v 0.01149699 0.00668296 -0.01598197
v 0.01223096 0.00580999 -0.01590394
v 0.01269397 0.00579997 -0.01980495
v 0.01242396 0.00667700 -0.02323198
v 0.01132998 0.00700899 -0.02338999
v 0.01223096 0.00580999 -0.01590394
v 0.01284799 0.00543800 -0.01981598
v 0.01269397 0.00579997 -0.01980495
v 0.01221898 0.00541695 -0.01410299
v 0.01204798 0.00581398 -0.01408398
v 0.01335696 0.00000900 -0.01421099
v 0.01164499 0.00582399 -0.00865799
v 0.01180896 0.00540897 -0.00837397
v 0.01279494 0.00200697 -0.00851196
v 0.01162896 0.00582399 -0.00834596
v 0.01166597 0.00541194 -0.00261694
v 0.01255295 0.00300898 -0.00750899
v 0.01255295 0.00300898 -0.00750899
v 0.01279095 -0.00198797 -0.00849295
v 0.01279494 0.00200697 -0.00851196
v 0.01253095 -0.00304399 -0.00742400
v 0.01088998 0.00300898 -0.00216895
v 0.01245698 0.00300898 -0.00276595
v 0.01088998 0.00300898 -0.00216895
v 0.01255295 0.00300898 -0.00750899
v 0.01245698 0.00300898 -0.00276595
v 0.01261500 0.00300898 0.00295800
v 0.00751296 0.00300898 0.00465798
v 0.01088998 -0.00304399 -0.00216895
v 0.00751296 0.00300898 0.00465798
v 0.01261500 0.00300898 0.00295800
v 0.01184598 0.00542297 0.00314897
v 0.01309499 0.00300898 0.00865698
v 0.01309499 0.00300898 0.00865698
v 0.01242396 0.00543799 0.00887400
v 0.01389995 0.00301095 0.01430696
v 0.01389995 0.00301095 0.01430696
v 0.01341799 0.00545897 0.01450794
v 0.01404098 0.00301095 0.01510798
v -0.00416996 0.00300898 0.01435899
v 0.00193999 0.00300898 0.00978696
v 0.01404098 0.00301095 0.01510798
v 0.00193999 -0.00304399 0.00978696
v 0.00193999 0.00300898 0.00978696
v -0.00416996 0.00300898 0.01435899
v 0.00751296 -0.00304399 0.00465798
v 0.00751296 -0.00304399 0.00465798
v 0.01259795 -0.00304399 0.00297397
v 0.01088998 -0.00304399 -0.00216895
v 0.01308099 -0.00304399 0.00866997
v 0.01389095 -0.00304596 0.01431399
v 0.00193999 -0.00304399 0.00978696
v 0.01389095 -0.00304596 0.01431399
v 0.01341698 -0.00543998 0.01451295
v 0.01241997 -0.00541900 0.00888395
v 0.01403299 -0.00304596 0.01511496
v 0.01308099 -0.00304399 0.00866997
v -0.00416996 -0.00304399 0.01435899
v 0.01403299 -0.00304596 0.01511496
v 0.01498398 -0.00304596 0.01969099
v 0.01502898 -0.00304399 0.01988899
v 0.01484600 -0.00304697 0.01909798
v -0.00035700 -0.00304399 0.02884000
v -0.00570699 -0.00304399 0.02372997
v 0.01466897 -0.00304697 0.01830399
v 0.01449898 -0.00304697 0.01750898
v 0.01433697 -0.00304697 0.01671195
v 0.01418099 -0.00304596 0.01591396
v -0.00416996 -0.00304399 0.01435899
v -0.01019796 0.00000900 0.01904195
v -0.01005896 -0.00304399 0.01893395
v -0.01005896 -0.00304399 0.01893395
v -0.01005896 -0.00304399 0.01893395
v -0.00545099 -0.00528495 0.02358996
v -0.00570699 -0.00304399 0.02372997
v -0.00035700 -0.00304399 0.02884000
v -0.00319596 -0.00528495 0.02585399
v -0.00544699 -0.00531296 0.02358800
v -0.00014600 -0.00525395 0.02871698
v -0.00613197 -0.00532399 0.02286595
v -0.01029297 -0.00531797 0.01805096
v -0.01080294 0.00000900 0.01831400
v -0.01435097 -0.00535295 0.01194900
v -0.01311197 -0.00837098 0.01180195
v -0.00931998 -0.00817500 0.01798897
v -0.00954594 -0.00818400 0.01767796
v -0.00954594 -0.00818400 0.01767796
v -0.00873395 -0.00912897 0.01754999
v -0.00909295 -0.00869695 0.01781898
v -0.00931998 -0.00817500 0.01798897
v -0.01245596 -0.00918798 0.01146596
v -0.01311197 -0.00837098 0.01180195
v -0.01326897 -0.00838099 0.01148200
v -0.01497896 -0.00923697 0.00479698
v -0.01151397 -0.00949095 0.01098299
v -0.01151397 -0.00949095 0.01098299
v -0.00838097 -0.00949095 0.01296895
v -0.00781497 -0.00949095 0.01686400
v -0.00925996 -0.00949095 0.01141595
v -0.01403900 -0.00949094 0.00453698
v -0.01140698 -0.00949095 0.00654000
v -0.01403900 -0.00949094 0.00453698
v -0.01006098 -0.00949095 0.00982797
v -0.00828596 -0.00940297 0.01721495
v -0.00781497 -0.00949095 0.01686400
v -0.01077797 -0.00949095 0.00819999
v -0.01140698 -0.00949095 0.00654000
v -0.01117094 -0.00942395 0.00645798
v -0.01077797 -0.00949095 0.00819999
v -0.01171096 -0.00942395 0.00477099
v -0.01195099 -0.00949094 0.00484097
v -0.01195099 -0.00949094 0.00484097
v -0.01240798 -0.00949094 0.00310498
v -0.01240798 -0.00949094 0.00310498
v -0.01277097 -0.00949094 0.00135797
v -0.01216396 -0.00942395 0.00304794
v -0.01277097 -0.00949094 0.00135797
v -0.01304795 -0.00949094 -0.00041000
v -0.01304795 -0.00949094 -0.00041000
v -0.01252498 -0.00942395 0.00131297
v -0.01280000 -0.00942395 -0.00044200
v -0.01234497 -0.00924096 0.00127995
v -0.01198598 -0.00924096 0.00300598
v -0.01299097 -0.00942395 -0.00220198
v -0.01261796 -0.00924096 -0.00046600
v -0.01324000 -0.00949094 -0.00218099
v -0.01310499 -0.00942395 -0.00396597
v -0.01280900 -0.00924096 -0.00221795
v -0.01335498 -0.00949094 -0.00395596
v -0.01523699 -0.00949094 -0.00231195
v -0.01335498 -0.00949094 -0.00395596
v -0.01324000 -0.00949094 -0.00218099
v -0.01339598 -0.00949094 -0.00573397
v -0.01339598 -0.00949094 -0.00573397
v -0.01305999 -0.00949094 -0.01268500
v -0.01527198 -0.00949094 -0.00931198
v -0.01328697 -0.00949094 -0.00927395
v -0.01523699 -0.00949094 -0.00231195
v -0.01591595 -0.00938395 -0.00935197
v -0.01527198 -0.00949094 -0.00931198
v -0.01617100 -0.00925795 -0.00223500
v -0.01337000 -0.00949094 -0.00750297
v -0.01328697 -0.00949094 -0.00927395
v -0.01312097 -0.00942395 -0.00749499
v -0.01337000 -0.00949094 -0.00750297
v -0.01315095 -0.00949094 -0.01104795
v -0.01315095 -0.00949094 -0.01104795
v -0.01290198 -0.00942395 -0.01102596
v -0.01303698 -0.00942395 -0.00925899
v -0.01296898 -0.00949094 -0.01282399
v -0.01272197 -0.00942496 -0.01279598
v -0.01271995 -0.00942395 -0.01279598
v -0.01271995 -0.00924096 -0.01100897
v -0.01285495 -0.00924096 -0.00924695
v -0.01278796 -0.00899098 -0.00924295
v -0.01287099 -0.00899098 -0.00748700
v -0.01293798 -0.00924096 -0.00748897
v -0.01289495 -0.00899098 -0.00614596
v -0.01296296 -0.00924096 -0.00573498
v -0.01289596 -0.00899098 -0.00573498
v -0.01285495 -0.00899098 -0.00397694
v -0.01292195 -0.00924096 -0.00397396
v -0.01314594 -0.00942395 -0.00573397
v -0.01274194 -0.00899098 -0.00222397
v -0.01248600 -0.00749097 -0.00000100
v -0.01274194 -0.00899098 -0.00222397
v -0.01281394 -0.00749097 -0.00319499
v -0.01255198 -0.00899098 -0.00047500
v -0.01285495 -0.00899098 -0.00397694
v -0.01255198 -0.00899098 -0.00047500
v -0.01233299 -0.00899098 0.00096500
v -0.01233299 -0.00899098 0.00096500
v -0.01233299 -0.00749097 0.00096500
v -0.01227899 -0.00899098 0.00126797
v -0.01227899 -0.00899098 0.00126797
v -0.01192095 -0.00899098 0.00299096
v -0.01192095 -0.00899098 0.00299096
v -0.01188697 -0.00749097 0.00313496
v -0.01147099 -0.00899098 0.00470096
v -0.01147099 -0.00899098 0.00470096
v -0.01039096 -0.00749097 0.00782394
v -0.01093497 -0.00899098 0.00637495
v -0.01093497 -0.00899098 0.00637495
v -0.01153495 -0.00924096 0.00471997
v -0.01043995 -0.00749097 0.00770098
v -0.01099797 -0.00749097 0.00619596
v -0.01037796 -0.00724099 0.00767594
v -0.01039096 -0.00749097 0.00782394
v -0.01043995 -0.00749097 0.00770098
v -0.00980695 -0.00749097 0.00918495
v -0.01039096 -0.00899098 0.00782394
v -0.00974597 -0.00724099 0.00915795
v -0.00980695 -0.00749097 0.00918495
v -0.01076098 -0.00705794 0.00611496
v -0.01093395 -0.00724099 0.00617498
v -0.00957997 -0.00705794 0.00908196
v -0.01099797 -0.00749097 0.00619596
v -0.00935199 -0.00699095 0.00897795
v -0.00812497 -0.00705794 0.01192098
v -0.00828400 -0.00724099 0.01201200
v -0.00790795 -0.00699095 0.01179695
v -0.00644394 -0.00705794 0.01460796
v -0.00659498 -0.00724099 0.01471096
v -0.00665095 -0.00749097 0.01474899
v -0.00476094 -0.00749097 0.01732295
v -0.00470795 -0.00724099 0.01728099
v -0.00706395 -0.00749097 0.01412999
v -0.00665095 -0.00749097 0.01474899
v -0.00706395 -0.00899098 0.01412999
v -0.00706395 -0.00749097 0.01412999
v -0.00795200 -0.00899098 0.01271200
v -0.00834199 -0.00749097 0.01204496
v -0.00834199 -0.00749097 0.01204496
v -0.00881895 -0.00899098 0.01118099
v -0.00795200 -0.00899098 0.01271200
v -0.00800999 -0.00924097 0.01274698
v -0.00881895 -0.00899098 0.01118099
v -0.00706395 -0.00899098 0.01412999
v -0.00887897 -0.00924096 0.01121199
v -0.00816699 -0.00942395 0.01283997
v -0.00706699 -0.00924097 0.01424795
v -0.00721999 -0.00942395 0.01434898
v -0.00742795 -0.00949095 0.01448595
v -0.00641998 -0.00949095 0.01595097
v -0.00838097 -0.00949095 0.01296895
v -0.00621697 -0.00942395 0.01580500
v -0.00641998 -0.00949095 0.01595097
v -0.00535395 -0.00949095 0.01737600
v -0.00535395 -0.00949095 0.01737600
v -0.00742795 -0.00949095 0.01448595
v -0.00424000 -0.00949095 0.01876097
v -0.00515696 -0.00942395 0.01722198
v -0.00424000 -0.00949095 0.01876097
v -0.00501200 -0.00924097 0.01710999
v -0.00404795 -0.00942395 0.01860195
v -0.00606795 -0.00924097 0.01569795
v -0.00495895 -0.00899098 0.01706898
v -0.00601395 -0.00899098 0.01565897
v -0.00390699 -0.00924097 0.01848495
v -0.00385597 -0.00899098 0.01844197
v -0.00275799 -0.00924097 0.01982694
v -0.00289597 -0.00942395 0.01994800
v -0.00308295 -0.00949095 0.02011299
v -0.00275799 -0.00924097 0.01982694
v -0.00250395 -0.00942395 0.02070999
v -0.00289597 -0.00942395 0.01994800
v -0.00274798 -0.00949095 0.02076596
v -0.00308295 -0.00949095 0.02011299
v -0.00308498 -0.00949095 0.02209800
v -0.00308295 -0.00949095 0.02011299
v -0.00274798 -0.00949095 0.02076596
v -0.00328698 -0.00949095 0.02220797
v -0.00308498 -0.00949095 0.02209800
v -0.00318994 -0.00943200 0.02242100
v -0.00328698 -0.00949095 0.02220797
v -0.00276198 -0.00949095 0.02149999
v -0.00252094 -0.00942395 0.02156597
v -0.00308498 -0.00949095 0.02209800
v -0.00276198 -0.00949095 0.02149999
v -0.00292697 -0.00942795 0.02228498
v -0.00292697 -0.00942795 0.02228498
v -0.00318994 -0.00943200 0.02242100
v -0.00389197 -0.00939200 0.02246999
v -0.00318899 -0.00943099 0.02242296
v -0.00318899 -0.00943099 0.02242296
v -0.00407799 -0.00918798 0.02275395
v -0.00389197 -0.00939200 0.02246999
v -0.00328698 -0.00949095 0.02220797
v -0.00456097 -0.00908695 0.02260994
v -0.00416895 -0.00928996 0.02254599
v -0.00416895 -0.00928996 0.02254599
v -0.00456097 -0.00908695 0.02260994
v -0.00518795 -0.00861196 0.02259498
v -0.00500699 -0.00877098 0.02261596
v -0.00492396 -0.00864599 0.02277100
v -0.00500699 -0.00877098 0.02261596
v -0.00518795 -0.00861196 0.02259498
v -0.00510796 -0.00848500 0.02273499
v -0.00489696 -0.00860695 0.02279895
v -0.00467696 -0.00871597 0.02284699
v -0.00467696 -0.00871597 0.02284699
v -0.00510796 -0.00848500 0.02273499
v -0.00489696 -0.00860695 0.02279895
v -0.00512197 -0.00648097 0.02324998
v -0.00407597 -0.00893895 0.02288597
v -0.00407597 -0.00893895 0.02288597
v -0.00490596 -0.00666497 0.02327299
v -0.00411298 -0.00718997 0.02321499
v -0.00396498 -0.00726299 0.02317994
v -0.00395598 -0.00897000 0.02287900
v -0.00396796 -0.00899397 0.02287298
v -0.00395598 -0.00897000 0.02287900
v -0.00311299 -0.00926499 0.02258795
v -0.00311299 -0.00926499 0.02258795
v -0.00280299 -0.00924097 0.02243095
v -0.00307997 -0.00904499 0.02265995
v -0.00280800 -0.00925295 0.02242499
v -0.00311496 -0.00927095 0.02258396
v -0.00353798 -0.00904099 0.02281397
v -0.00307997 -0.00904499 0.02265995
v -0.00311496 -0.00927095 0.02258396
v -0.00307997 -0.00904499 0.02265995
v -0.00323495 -0.00746999 0.02286899
v -0.00353798 -0.00904099 0.02281397
v -0.00276097 -0.00899098 0.02248400
v -0.00275996 -0.00901298 0.02248197
v -0.00275996 -0.00901298 0.02248197
v -0.00275996 -0.00901298 0.02248197
v -0.00232395 -0.00899098 0.02177196
v -0.00276097 -0.00899098 0.02248400
v -0.00280299 -0.00924097 0.02243095
v -0.00232395 -0.00899098 0.02177196
v -0.00232395 -0.00749097 0.02177196
v -0.00292095 -0.00772796 0.02263498
v -0.00276097 -0.00899098 0.02248400
v -0.00227996 -0.00899098 0.02163195
v -0.00234398 -0.00924097 0.02161395
v -0.00227996 -0.00899098 0.02163195
v -0.00224497 -0.00899098 0.02072495
v -0.00232597 -0.00924097 0.02066797
v -0.00292196 -0.00942395 0.02228999
v -0.00280800 -0.00925295 0.02242499
v -0.00292196 -0.00942395 0.02228999
v -0.00226095 -0.00899098 0.02065294
v -0.00270798 -0.00899098 0.01978296
v -0.00270798 -0.00899098 0.01978296
v -0.00385597 -0.00899098 0.01844197
v -0.00270798 -0.00749097 0.01978296
v -0.00270798 -0.00899098 0.01978296
v -0.00270798 -0.00749097 0.01978296
v -0.00226095 -0.00899098 0.02065294
v -0.00270798 -0.00899098 0.01978296
v -0.00224497 -0.00749097 0.02072495
v -0.00217994 -0.00724099 0.02071195
v -0.00224497 -0.00749097 0.02072495
v -0.00265797 -0.00724099 0.01973795
v -0.00270798 -0.00749097 0.01978296
v -0.00265797 -0.00724099 0.01973795
v -0.00476094 -0.00749097 0.01732295
v -0.00252094 -0.00705795 0.01961696
v -0.00456395 -0.00705794 0.01716798
v -0.00252094 -0.00705795 0.01961696
v -0.00436696 -0.00699095 0.01701396
v -0.00623699 -0.00699095 0.01446700
v 0.01007596 -0.00699095 0.00602096
v -0.00436696 -0.00699095 0.01701396
v -0.00790795 -0.00699095 0.01179695
v -0.00233295 -0.00699095 0.01945197
v -0.00623699 -0.00699095 0.01446700
v -0.00233295 -0.00699095 0.01945197
v -0.00175395 -0.00699095 0.02063000
v -0.00175395 -0.00699095 0.02063000
v -0.00233295 -0.00699095 0.01945197
v -0.00181695 -0.00699095 0.02443695
v -0.00208797 -0.00705795 0.02185499
v -0.00200000 -0.00705795 0.02067697
v -0.00185200 -0.00699095 0.02193897
v -0.00185200 -0.00699095 0.02193897
v -0.00275996 -0.00705795 0.02282595
v -0.00225999 -0.00724099 0.02179396
v -0.00281497 -0.00705795 0.02287197
v -0.00275996 -0.00705795 0.02282595
v -0.00259896 -0.00699095 0.02301698
v -0.00259896 -0.00699095 0.02301698
v -0.00287797 -0.00724099 0.02268600
v -0.00287797 -0.00724099 0.02268600
v -0.00293299 -0.00724099 0.02273195
v -0.00292095 -0.00749097 0.02263498
v -0.00232395 -0.00749097 0.02177196
v -0.00292095 -0.00749097 0.02263498
v -0.00297596 -0.00749097 0.02268099
v -0.00292095 -0.00749097 0.02263498
v -0.00292095 -0.00749097 0.02263498
v -0.00297596 -0.00749097 0.02268099
v -0.00292095 -0.00772796 0.02263498
v -0.00292095 -0.00772796 0.02263498
v -0.00297596 -0.00749097 0.02268099
v -0.00293299 -0.00724099 0.02273195
v -0.00321396 -0.00729195 0.02290397
v -0.00297596 -0.00749097 0.02268099
v -0.00323495 -0.00746999 0.02286899
v -0.00321396 -0.00729195 0.02290397
v -0.00405695 -0.00706099 0.02324700
v -0.00396498 -0.00726299 0.02317994
v -0.00319698 -0.00722895 0.02293199
v -0.00323495 -0.00746999 0.02286899
v -0.00319698 -0.00722895 0.02293199
v -0.00315496 -0.00712995 0.02300000
v -0.00399598 -0.00694398 0.02331995
v -0.00315496 -0.00712995 0.02300000
v -0.00398298 -0.00677298 0.02356398
v -0.00393995 -0.00685499 0.02342998
v -0.00481495 -0.00651399 0.02335900
v -0.00490596 -0.00666497 0.02327299
v -0.00310095 -0.00705395 0.02308696
v -0.00281497 -0.00705795 0.02287197
v -0.00310095 -0.00705395 0.02308696
v -0.00306698 -0.00702397 0.02314096
v -0.00306698 -0.00702397 0.02314096
v -0.00265398 -0.00699095 0.02306300
v -0.00297298 -0.00699095 0.02329397
v -0.00389596 -0.00680498 0.02355796
v -0.00297298 -0.00699095 0.02329397
v -0.00389596 -0.00680498 0.02355796
v -0.00245395 -0.00677000 0.02509200
v -0.00398298 -0.00677298 0.02356398
v -0.00297298 -0.00699095 0.02329397
v 0.00056500 -0.00676600 0.02793395
v -0.00294998 -0.00615595 0.02560198
v 0.00056900 -0.00676898 0.02792894
v -0.00181695 -0.00699095 0.02443695
v 0.00399098 -0.00612400 0.03057897
v 0.00056900 -0.00676898 0.02792894
v 0.00416199 -0.00676100 0.02988195
v 0.00056500 -0.00676600 0.02793395
v 0.00438294 -0.00699095 0.02897799
v 0.00118500 -0.00699095 0.02725297
v 0.00118500 -0.00699095 0.02725297
v 0.00824395 -0.00675498 0.02981996
v 0.01181695 -0.00674395 0.02783000
v 0.00843600 -0.00610499 0.03051400
v 0.01115194 -0.00699095 0.02713400
v 0.00799397 -0.00699095 0.02891296
v 0.00438294 -0.00699095 0.02897799
v 0.01115194 -0.00699095 0.02713400
v 0.00799397 -0.00699095 0.02891296
v 0.00118500 -0.00699095 0.02725297
v 0.01291099 -0.00699095 0.02055096
v 0.01297197 -0.00699095 0.02410900
v 0.01118395 -0.00699095 0.01334995
v 0.01297197 -0.00699095 0.02410900
v 0.01118395 -0.00699095 0.01334995
v 0.01178095 -0.00689600 0.01323199
v 0.01291099 -0.00699095 0.02055096
v 0.01063696 -0.00690995 0.00596398
v 0.01007596 -0.00699095 0.00602096
v 0.01074597 -0.00667099 -0.00138497
v 0.01117698 -0.00665698 0.00590897
v 0.00966099 -0.00699095 -0.00136900
v 0.00980995 -0.00699095 -0.00874698
v 0.01167599 -0.00579397 0.00320494
v 0.01089600 -0.00666997 -0.00869095
v 0.01147398 -0.00581298 -0.00256199
v 0.01148495 -0.00581197 -0.00139499
v 0.01148495 -0.00581197 -0.00139499
v 0.01183996 -0.00540296 0.00316298
v 0.01167599 -0.00579397 0.00320494
v 0.01165798 -0.00539199 -0.00259799
v 0.01147398 -0.00581298 -0.00256199
v 0.01253095 -0.00304399 -0.00742400
v 0.01179996 -0.00538895 -0.00835198
v 0.01161698 -0.00580797 -0.00832295
v 0.01259795 -0.00304399 0.00297397
v 0.01243898 -0.00304399 -0.00274700
v 0.01163396 -0.00580696 -0.00865197
v 0.01161698 -0.00580797 -0.00832295
v 0.01163396 -0.00580696 -0.00865197
v 0.01203397 -0.00579796 -0.01405698
v 0.01220796 -0.00539497 -0.01407694
v 0.01203397 -0.00579796 -0.01405698
v 0.01221797 -0.00579498 -0.01589697
v 0.01148400 -0.00666598 -0.01597499
v 0.01221797 -0.00579498 -0.01589697
v 0.01267895 -0.00578496 -0.01977598
v 0.01283595 -0.00541595 -0.01978695
v 0.01267895 -0.00578496 -0.01977598
v 0.01314196 -0.00577298 -0.02311897
v 0.01241097 -0.00665996 -0.02322399
v 0.01314196 -0.00577298 -0.02311897
v 0.01349899 -0.00576297 -0.02547597
v 0.01362595 -0.00545499 -0.02547997
v 0.01349899 -0.00576297 -0.02547597
v 0.01474700 0.00000900 -0.02552497
v 0.01452395 -0.00551495 -0.03115397
v 0.01474294 0.00000900 -0.02549797
v 0.01397500 0.00000900 -0.01987600
v 0.01429400 -0.00573495 -0.03031897
v 0.01356694 -0.00664798 -0.03044098
v 0.01429400 -0.00573495 -0.03031897
v 0.01443896 -0.00572995 -0.03115600
v 0.01443896 -0.00572995 -0.03115600
v 0.01486299 -0.00663194 -0.03763300
v 0.01545796 -0.00568697 -0.03681796
v 0.01545796 -0.00568697 -0.03681796
v 0.01558498 -0.00568196 -0.03750199
v 0.01549295 -0.00559297 -0.03681600
v 0.01530495 -0.00620195 -0.03755199
v 0.01558498 -0.00568196 -0.03750199
v 0.01561394 0.00000901 -0.03115695
v 0.01653597 0.00000901 -0.03674495
v 0.01616797 -0.00565598 -0.04058998
v 0.01616797 -0.00565598 -0.04058998
v 0.01668599 -0.00616297 -0.04472500
v 0.01652798 -0.00563994 -0.04245996
v 0.01750699 0.00000901 -0.04234796
v 0.01652798 -0.00563994 -0.04245996
v 0.01654098 0.00000901 -0.03677695
v 0.01695797 -0.00562194 -0.04467296
v 0.01695797 -0.00562194 -0.04467296
v 0.01668599 -0.00616297 -0.04472500
v 0.01761499 -0.00567994 -0.04813897
v 0.01695797 -0.00562194 -0.04467296
v 0.01852897 0.00000901 -0.04799300
v 0.01761499 -0.00567994 -0.04813897
v 0.01751295 0.00000901 -0.04238396
v 0.01853594 0.00000901 -0.04803198
v 0.01696697 0.00563696 -0.04468494
v 0.01852897 0.00000901 -0.04799300
v 0.01853594 0.00000901 -0.04803198
v 0.01751295 0.00000901 -0.04238396
v 0.01762799 0.00569698 -0.04818099
v 0.01669595 0.00617900 -0.04473698
v 0.01654294 0.00565496 -0.04249995
v 0.01696697 0.00563696 -0.04468494
v 0.01654294 0.00565496 -0.04249995
v 0.01762799 0.00569698 -0.04818099
v 0.01669595 0.00617900 -0.04473698
v 0.01696697 0.00563696 -0.04468494
v 0.01655194 0.00635800 -0.04476499
v 0.01531598 0.00621798 -0.03756296
v 0.01612094 0.00567397 -0.04030299
v 0.01655194 0.00635800 -0.04476499
v 0.01734099 0.00638798 -0.04866498
v 0.01625195 0.00663099 -0.04482299
v 0.01487497 0.00664899 -0.03764396
v 0.01625195 0.00663099 -0.04482299
v 0.01590499 0.00683495 -0.04488998
v 0.01432499 0.00692197 -0.03774398
v 0.01547399 0.00570199 -0.03685599
v 0.01445499 0.00574496 -0.03119200
v 0.01358000 0.00666496 -0.03044998
v 0.01374898 0.00700900 -0.03784996
v 0.01510194 0.00700900 -0.04504400
v 0.01569095 0.00691697 -0.04493099
v 0.01247499 0.00700900 -0.03063696
v 0.00468496 0.00700900 -0.02915495
v 0.01132998 0.00700899 -0.02338999
v 0.01247499 0.00700900 -0.03063696
v 0.00880495 0.00700900 -0.03543996
v 0.01374898 0.00700900 -0.03784996
v 0.00099100 0.00803795 -0.03157699
v 0.00468496 0.00700900 -0.02915495
v 0.00880495 0.00700900 -0.03543996
v 0.00511095 0.00803795 -0.03786098
v 0.01292595 0.00700900 -0.04172396
v 0.01292595 0.00700900 -0.04172396
v 0.00217698 0.01091197 -0.03978496
v 0.00629697 0.01091197 -0.04606997
v 0.00923196 0.00803795 -0.04414600
v 0.01041696 0.01091197 -0.05235397
v 0.01510194 0.00700900 -0.04504400
v 0.01335195 0.00803795 -0.05042999
v 0.01453796 0.01091197 -0.05863797
v 0.01780096 0.00785396 -0.05649900
v 0.01696095 0.00735995 -0.05266898
v 0.01747200 0.00803795 -0.05671495
v 0.01601395 0.00708499 -0.04868495
v 0.01601395 0.00708499 -0.04868495
v 0.01758298 0.00708696 -0.05259799
v 0.01696095 0.00735995 -0.05266898
v 0.01780096 0.00785396 -0.05649900
v 0.01590499 0.00683495 -0.04488998
v 0.01830396 0.00756499 -0.05644595
v 0.01806399 0.00664398 -0.05256897
v 0.01869598 0.00717297 -0.05646699
v 0.01886597 0.00838998 -0.06024795
v 0.01800999 0.00803796 -0.05753594
v 0.01800999 0.00803796 -0.05753594
v 0.01848599 0.00864497 -0.06019896
v 0.01848599 0.00864497 -0.06019896
v 0.01880196 0.00999698 -0.06368899
v 0.01880196 0.00999698 -0.06368899
v 0.01902697 0.00984397 -0.06381696
v 0.01859698 0.01091197 -0.06483000
v 0.01859698 0.01091197 -0.06483000
v 0.01862899 0.01109698 -0.06515896
v 0.01850096 0.01113197 -0.06498497
v 0.01850096 0.01113197 -0.06498497
v 0.01516596 0.01394096 -0.06250000
v 0.01749995 0.01246896 -0.06495195
v 0.01807496 0.01183000 -0.06518000
v 0.01814994 0.01188001 -0.06537395
v 0.01807496 0.01183000 -0.06518000
v 0.01753798 0.01272198 -0.06536597
v 0.01753095 0.01260701 -0.06515997
v 0.01820496 0.01191500 -0.06556397
v 0.01752195 0.01282599 -0.06559497
v 0.01824597 0.01194098 -0.06577301
v 0.01494900 0.01465997 -0.06296700
v 0.01509199 0.01433596 -0.06272000
v 0.01749995 0.01246896 -0.06495195
v 0.01516596 0.01394096 -0.06250000
v 0.01304695 0.01460996 -0.05961596
v 0.01280198 0.01520100 -0.05968999
v 0.01304695 0.01460996 -0.05961596
v 0.01295194 0.01462999 -0.05947899
v 0.01295194 0.01462999 -0.05947899
v 0.00884697 0.01503595 -0.05338394
v 0.00884697 0.01503595 -0.05338394
v 0.00863198 0.01503595 -0.05305498
v 0.00833598 0.01583001 -0.05324596
v 0.00863198 0.01503595 -0.05305498
v 0.00476894 0.01479897 -0.04707098
v 0.00476894 0.01479897 -0.04707098
v 0.00439796 0.01475599 -0.04648697
v 0.00396994 0.01564195 -0.04667699
v 0.00439796 0.01475599 -0.04648697
v 0.00078000 0.01419499 -0.04070097
v 0.00078000 0.01419499 -0.04070097
v -0.00028900 0.01498696 -0.04005396
v 0.00025900 0.01409498 -0.03985095
v 0.00025900 0.01409498 -0.03985095
v -0.00309696 0.01334700 -0.03425699
v -0.00194296 0.01091197 -0.03350096
v -0.00309696 0.01334700 -0.03425699
v -0.00606295 0.01091196 -0.02721595
v -0.00312897 0.00803795 -0.02529197
v -0.00373998 0.01318296 -0.03315496
v -0.00440099 0.01402697 -0.03337597
v -0.00373998 0.01318296 -0.03315496
v -0.00680795 0.01228996 -0.02770495
v -0.00680795 0.01228996 -0.02770495
v -0.00751694 0.01205500 -0.02638494
v -0.00829598 0.01280399 -0.02661997
v -0.00751694 0.01205500 -0.02638494
v -0.01024796 0.01101299 -0.02097398
v -0.01024796 0.01101299 -0.02097398
v -0.01018395 0.01091196 -0.02093195
v -0.01048096 0.01091196 -0.02047795
v -0.01182397 0.01130898 -0.01973497
v -0.01048096 0.01091196 -0.02047795
v -0.01092996 0.01071198 -0.01950597
v -0.01323195 0.00953497 -0.01394397
v -0.01439096 0.01040699 -0.01660597
v -0.01284899 0.01134296 -0.02015596
v -0.01113494 0.01221998 -0.02364295
v -0.01472797 0.00959297 -0.01263594
v -0.01200398 0.01175095 -0.02414000
v -0.01199796 0.01175495 -0.02415394
v -0.01017698 0.01263400 -0.02761298
v -0.00928994 0.01302095 -0.02707898
v -0.00533500 0.01438996 -0.03383898
v -0.00823899 0.01343897 -0.03104799
v -0.00747599 0.01372596 -0.03235095
v -0.00624796 0.01415595 -0.03439795
v -0.00421199 0.01479301 -0.03768396
v -0.00113895 0.01546099 -0.04049897
v -0.00624796 0.01415595 -0.03439795
v -0.00591698 0.01385697 -0.03775298
v -0.00747599 0.01372596 -0.03235095
v -0.00421199 0.01479301 -0.03768396
v -0.00878700 0.01145497 -0.03784799
v -0.00658997 0.01161799 -0.04463899
v -0.00385299 0.01403299 -0.04440498
v -0.00204398 0.01537797 -0.04105800
v -0.00082698 0.01566496 -0.04289895
v -0.00204398 0.01537797 -0.04105800
v -0.00082698 0.01566496 -0.04289895
v -0.00006000 0.01582899 -0.04404199
v -0.00006000 0.01582899 -0.04404199
v -0.00047200 0.01569798 -0.04408496
v -0.00171294 0.01420298 -0.05100196
v 0.00150297 0.01587698 -0.05052798
v 0.00350497 0.01602897 -0.05697995
v 0.00239698 0.01627001 -0.04761099
v 0.00419298 0.01649299 -0.05011695
v 0.00628898 0.01662597 -0.05296796
v 0.00419298 0.01649299 -0.05011695
v 0.00780199 0.01638999 -0.05359399
v 0.00628898 0.01662597 -0.05296796
v 0.00324396 0.01618996 -0.04708397
v 0.00239698 0.01627001 -0.04761099
v 0.00852398 0.01658496 -0.05587500
v 0.01014195 0.01617399 -0.05680096
v 0.00710598 0.01663598 -0.05404996
v 0.00720296 0.01670196 -0.05616497
v 0.00710598 0.01663598 -0.05404996
v 0.00852398 0.01658496 -0.05587500
v 0.00545696 0.01613000 -0.06334596
v 0.00896100 0.01680895 -0.06241196
v 0.00957600 0.01648399 -0.05720394
v 0.01188800 0.01604101 -0.06004595
v 0.01226595 0.01606300 -0.06153398
v 0.01211700 0.01597801 -0.06031697
v 0.01188800 0.01604101 -0.06004595
v 0.01252297 0.01565095 -0.05996894
v 0.01211700 0.01597801 -0.06031697
v 0.00957600 0.01648399 -0.05720394
v 0.01299498 0.01569697 -0.06134200
v 0.01299498 0.01569697 -0.06134200
v 0.01472798 0.01493600 -0.06325799
v 0.01472798 0.01493600 -0.06325799
v 0.01752195 0.01282599 -0.06559497
v 0.01384995 0.01610997 -0.06795197
v 0.01065597 0.01684698 -0.06867896
v 0.01835999 0.01177498 -0.06576097
v 0.01860300 0.01178100 -0.06691795
v 0.01535598 0.01607701 -0.07442498
v 0.01824597 0.01194098 -0.06577301
v 0.01225796 0.01679799 -0.07496798
v 0.00898395 0.01610300 -0.07556896
v 0.00726996 0.01615998 -0.06946396
v 0.00407097 0.01197996 -0.07637995
v 0.00587097 0.01186695 -0.08232396
v 0.01059798 0.01595500 -0.08173400
v 0.00754497 0.01168599 -0.08826696
v 0.01208195 0.01571998 -0.08791595
v 0.01374099 0.01665696 -0.08126795
v 0.00506899 0.00608001 -0.08819097
v 0.00664095 0.00598196 -0.09397399
v 0.00907496 0.01144699 -0.09421795
v 0.00805894 0.00585900 -0.09981197
v 0.00713894 0.00000902 -0.09954696
v 0.00572399 0.00000902 -0.09377300
v 0.00573597 0.00000902 -0.09381699
v 0.00664595 -0.00596293 -0.09393996
v 0.00573597 0.00000902 -0.09381699
v 0.00713894 0.00000902 -0.09954696
v 0.00572399 0.00000902 -0.09377300
v 0.00506899 -0.00606098 -0.08815395
v 0.00806699 -0.00583895 -0.09977900
v 0.00906495 -0.01143993 -0.09417396
v 0.00753299 -0.01167598 -0.08822298
v 0.01340798 -0.01539893 -0.09406799
v 0.01044200 -0.01115395 -0.10016401
v 0.01206699 -0.01571199 -0.08786898
v 0.01459900 -0.01501794 -0.10029301
v 0.01507595 -0.01640894 -0.08754795
v 0.01628998 -0.01609494 -0.09390097
v 0.01163998 -0.01082995 -0.10618200
v 0.01562897 -0.01457895 -0.10653901
v 0.01735696 -0.01570894 -0.10027500
v 0.02009896 -0.01508494 -0.10031101
v 0.01827398 -0.01525993 -0.10666801
v 0.01911095 -0.01543893 -0.09378695
v 0.02094695 -0.01467193 -0.10685200
v 0.01903799 -0.01475693 -0.11307700
v 0.01648900 -0.01408995 -0.11280200
v 0.01263496 -0.01047494 -0.11222400
v 0.01340297 -0.01009496 -0.11828600
v 0.01716897 -0.01355596 -0.11908000
v 0.01391694 -0.00970097 -0.12436000
v 0.01106200 -0.00536396 -0.11751000
v 0.01152399 -0.00518395 -0.12347200
v 0.01052198 0.00000902 -0.12304500
v 0.01052395 0.00000902 -0.12308800
v 0.01062098 0.00000902 -0.12898700
v 0.01166299 -0.00500496 -0.12944600
v 0.01150295 0.00520502 -0.12350100
v 0.01062098 0.00000902 -0.12898700
v 0.01052395 0.00000902 -0.12308800
v 0.01104298 0.00538496 -0.11753900
v 0.01052198 0.00000902 -0.12304500
v 0.01340595 0.01009802 -0.11832900
v 0.01029400 0.00555698 -0.11159900
v 0.01263997 0.01047800 -0.11226700
v 0.01009498 0.00000902 -0.11716500
v 0.01009098 0.00000902 -0.11712200
v 0.01009498 0.00000902 -0.11716500
v 0.01009098 0.00000902 -0.11712200
v 0.00936500 0.00000902 -0.11127000
v 0.01030896 -0.00553598 -0.11156900
v 0.00936500 0.00000902 -0.11127000
v 0.00929997 -0.00569596 -0.10565700
v 0.00935898 0.00000902 -0.11122600
v 0.00836299 0.00000902 -0.10536700
v 0.00837097 0.00000902 -0.10541100
v 0.00837097 0.00000902 -0.10541100
v 0.00928799 0.00571601 -0.10568900
v 0.00935898 0.00000902 -0.11122600
v 0.00836299 0.00000902 -0.10536700
v 0.01044998 0.01115999 -0.10020800
v 0.01164696 0.01083402 -0.10622600
v 0.01461098 0.01502100 -0.10034100
v 0.01342097 0.01540497 -0.09411495
v 0.01509395 0.01642498 -0.08759498
v 0.01630697 0.01611098 -0.09394800
v 0.01737198 0.01572398 -0.10032300
v 0.01912096 0.01546499 -0.09383600
v 0.01799497 0.01574900 -0.08732998
v 0.02010694 0.01511101 -0.10035900
v 0.02348694 0.01140698 -0.09379595
v 0.02242395 0.01158997 -0.08705198
v 0.02507696 0.00605199 -0.08711498
v 0.02620497 0.00599400 -0.09402096
v 0.02442995 0.01117799 -0.10055100
v 0.02385995 0.00608299 -0.08025795
v 0.02484295 0.00000901 -0.08028900
v 0.02610698 0.00000901 -0.08716696
v 0.02611700 0.00000901 -0.08721995
v 0.02730099 0.00000902 -0.09414398
v 0.02611700 0.00000901 -0.08721995
v 0.02621296 -0.00598194 -0.09397596
v 0.02730099 0.00000902 -0.09414398
v 0.02508095 -0.00603893 -0.08706897
v 0.02610698 0.00000901 -0.08716696
v 0.02730999 0.00000902 -0.09419697
v 0.02730999 0.00000902 -0.09419697
v 0.02722594 0.00591097 -0.10093000
v 0.02839199 0.00000902 -0.10112500
v 0.02723798 -0.00590094 -0.10088800
v 0.02839199 0.00000902 -0.10112500
v 0.02525196 0.01090900 -0.10732200
v 0.02813795 0.00580696 -0.10785400
v 0.02839998 0.00000902 -0.10117700
v 0.02937499 0.00000902 -0.10811700
v 0.02839998 0.00000902 -0.10117700
v 0.02815297 -0.00579896 -0.10781300
v 0.02937499 0.00000902 -0.10811700
v 0.02938196 0.00000902 -0.10816900
v 0.02895698 -0.00567897 -0.11475700
v 0.02526298 -0.01089693 -0.10728000
v 0.02597097 -0.01059594 -0.11407100
v 0.02655998 -0.01026495 -0.12087801
v 0.02165595 -0.01420595 -0.11340900
v 0.02222595 -0.01369394 -0.11997900
v 0.01964495 -0.01420398 -0.11949900
v 0.02008596 -0.01361097 -0.12592700
v 0.02264896 -0.01314397 -0.12655290
v 0.02702299 -0.00991292 -0.12769801
v 0.02291200 -0.01257492 -0.13313200
v 0.02034596 -0.01299895 -0.13235800
v 0.01792696 -0.01240797 -0.13165400
v 0.01795796 -0.01184596 -0.13795391
v 0.02039895 -0.01239992 -0.13880100
v 0.02299199 -0.01201995 -0.13971900
v 0.02020899 -0.01187296 -0.14525101
v 0.01771400 -0.01135994 -0.14425101
v 0.01365999 -0.00865693 -0.14257901
v 0.01288095 -0.00849797 -0.14859100
v 0.01715198 -0.01102192 -0.15053401
v 0.00991795 -0.00465794 -0.14722000
v 0.00854496 -0.00469894 -0.15312301
v 0.01169399 -0.00852795 -0.15462400
v 0.00675098 -0.00486196 -0.15901700
v 0.01008300 -0.00879092 -0.16063491
v 0.01622895 -0.01090694 -0.15681300
v 0.00456498 -0.00515492 -0.16475800
v 0.00807098 -0.00930197 -0.16651000
v 0.01492199 -0.01107192 -0.16305301
v 0.00833396 -0.01147497 -0.17365301
v 0.00567595 -0.01004792 -0.17223390
v 0.01323995 -0.01153791 -0.16919001
v 0.00356398 -0.00807096 -0.17113100
v 0.01442400 -0.01260895 -0.17694000
v 0.01120696 -0.01229096 -0.17520090
v 0.02072099 -0.01121491 -0.16596700
v 0.01937595 -0.01166094 -0.17238300
v 0.01773200 -0.01238793 -0.17870300
v 0.01230696 -0.01356691 -0.18298499
v 0.00886295 -0.01327896 -0.18107000
v 0.01582799 -0.01334793 -0.18491300
v 0.02084497 -0.01163096 -0.18034400
v 0.01916298 -0.01259595 -0.18672000
v 0.01785895 -0.01312894 -0.18798700
v 0.01533899 -0.01360095 -0.18637900
v 0.01523200 -0.01361394 -0.18631201
v 0.01256195 -0.01378596 -0.18463300
v 0.01533899 -0.01360095 -0.18637900
v 0.01770297 -0.01311297 -0.18822099
v 0.01785895 -0.01312894 -0.18798700
v 0.01508197 -0.01359093 -0.18654300
v 0.01523200 -0.01361394 -0.18631201
v 0.01754800 -0.01294995 -0.18839291
v 0.02023998 -0.01220793 -0.18988200
v 0.01865199 -0.01289994 -0.18849901
v 0.02040199 -0.01221192 -0.18964400
v 0.01865199 -0.01289994 -0.18849901
v 0.02033100 -0.01222992 -0.18976191
v 0.02040199 -0.01221192 -0.18964400
v 0.02152994 -0.01157993 -0.19056401
v 0.02143595 -0.01156193 -0.19068401
v 0.02133498 -0.01150596 -0.19077900
v 0.02245996 -0.01072497 -0.19155400
v 0.02256796 -0.01077694 -0.19146000
v 0.02350095 -0.00979895 -0.19228891
v 0.02361396 -0.00984496 -0.19219700
v 0.02266500 -0.01079095 -0.19133800
v 0.02176896 -0.01145393 -0.19055700
v 0.02273294 -0.01076794 -0.19121601
v 0.02371296 -0.00985593 -0.19207400
v 0.02427396 -0.00929893 -0.19230500
v 0.02377895 -0.00983191 -0.19194900
v 0.02465800 -0.00878096 -0.19276001
v 0.02455697 -0.00877393 -0.19288300
v 0.02472195 -0.00875694 -0.19263201
v 0.02455697 -0.00877393 -0.19288300
v 0.02510396 -0.00802696 -0.19329600
v 0.02465800 -0.00878096 -0.19276001
v 0.02520600 -0.00802994 -0.19317301
v 0.02472195 -0.00875694 -0.19263201
v 0.02526894 -0.00800491 -0.19304501
v 0.02483300 -0.00898696 -0.18973491
v 0.02472195 -0.00875694 -0.19263201
v 0.02427396 -0.00929893 -0.19230500
v 0.02526894 -0.00800491 -0.19304501
v 0.02677897 -0.00623894 -0.19073901
v 0.02576795 -0.00720192 -0.19347000
v 0.02570400 -0.00723392 -0.19359300
v 0.02576795 -0.00720192 -0.19347000
v 0.02613297 -0.00649095 -0.19389300
v 0.02559999 -0.00723994 -0.19371100
v 0.02619395 -0.00635595 -0.19398700
v 0.02798298 -0.00323094 -0.19134800
v 0.02613297 -0.00649095 -0.19389300
v 0.02602396 -0.00643492 -0.19419500
v 0.02619395 -0.00635595 -0.19398700
v 0.02646896 -0.00556094 -0.19475500
v 0.02631095 -0.00570292 -0.19488101
v 0.02646896 -0.00556094 -0.19475500
v 0.02608696 -0.00575793 -0.19495399
v 0.02617899 -0.00537396 -0.19582801
v 0.02635500 -0.00527192 -0.19582701
v 0.02588096 -0.00564796 -0.19508000
v 0.02596495 -0.00537593 -0.19595189
v 0.02597097 -0.00539893 -0.19580901
v 0.02604398 -0.00529594 -0.19680500
v 0.02620295 -0.00518692 -0.19683500
v 0.02604595 -0.00529492 -0.19680500
v 0.02558300 -0.00532496 -0.19813900
v 0.02577499 -0.00528491 -0.19817790
v 0.02604398 -0.00529594 -0.19680500
v 0.02585295 -0.00533396 -0.19676800
v 0.02604595 -0.00529492 -0.19680500
v 0.02585295 -0.00533396 -0.19676800
v 0.02596495 -0.00537593 -0.19595189
v 0.02010396 -0.00533397 -0.19316199
v 0.02010396 -0.00533397 -0.19316199
v 0.02558300 -0.00532496 -0.19813900
v 0.02585295 -0.00533396 -0.19676800
v 0.02050296 -0.00537593 -0.19252500
v 0.01435498 -0.00533397 -0.18955600
v 0.02500996 -0.00530595 -0.20087500
v 0.01435498 -0.00533397 -0.18955600
v 0.01475397 -0.00537593 -0.18891899
v 0.00860498 -0.00533397 -0.18595000
v 0.00730596 -0.00525696 -0.19759600
v 0.00860498 -0.00533397 -0.18595000
v 0.00900499 -0.00537593 -0.18531300
v 0.00285599 -0.00533397 -0.18234401
v -0.00441094 -0.00531495 -0.18090899
v 0.00285599 -0.00533397 -0.18234401
v 0.00152699 -0.00525696 -0.19397201
v -0.00597998 -0.00529594 -0.18304500
v -0.00518998 -0.00530494 -0.18198200
v -0.00364598 -0.00532497 -0.17982800
v -0.00441094 -0.00531495 -0.18090899
v -0.00457796 -0.00527097 -0.18078891
v -0.00518998 -0.00530494 -0.18198200
v -0.00381198 -0.00528092 -0.17971100
v -0.00364598 -0.00532497 -0.17982800
v -0.00305995 -0.00529195 -0.17862400
v -0.00394996 -0.00515897 -0.17961399
v -0.00261899 -0.00533397 -0.17799690
v -0.00305995 -0.00529195 -0.17862400
v -0.00246199 -0.00537593 -0.17812400
v -0.00306096 -0.00529195 -0.17862301
v -0.00289299 -0.00533397 -0.17873789
v -0.00289299 -0.00533397 -0.17873789
v -0.00319698 -0.00517292 -0.17852999
v -0.00306096 -0.00529195 -0.17862301
v -0.00319698 -0.00517292 -0.17852900
v -0.00319698 -0.00517292 -0.17852900
v -0.00281294 -0.00504197 -0.17779701
v -0.00328394 -0.00499595 -0.17846900
v -0.00319698 -0.00517292 -0.17852999
v -0.00328394 -0.00499595 -0.17846900
v -0.00328394 -0.00499595 -0.17846900
v -0.00187000 -0.00312192 -0.17525700
v -0.00515195 -0.00341595 -0.18043800
v -0.00403395 -0.00497896 -0.17955400
v -0.00403395 -0.00497896 -0.17955400
v -0.00281294 -0.00504197 -0.17779701
v 0.00199798 -0.00557197 -0.17033701
v -0.00093498 -0.00609095 -0.17573400
v -0.00157698 -0.00620694 -0.17681100
v 0.00072000 0.00000903 -0.16975000
v -0.00218698 0.00000903 -0.17509700
v 0.00073900 0.00000903 -0.16971201
v 0.00106300 -0.00286395 -0.16987200
v -0.00169399 -0.00603295 -0.17683891
v -0.00224795 -0.00537593 -0.17716999
v -0.00274196 -0.00521792 -0.17788300
v -0.00224795 -0.00537593 -0.17716999
v -0.00222900 -0.00551493 -0.17732701
v -0.00169399 -0.00603295 -0.17683891
v -0.00214394 -0.00559593 -0.17750000
v -0.00172898 -0.00610293 -0.17705400
v -0.00167700 -0.00611497 -0.17727700
v -0.00157698 -0.00620694 -0.17681100
v -0.00129899 -0.00678594 -0.17704500
v -0.00123497 -0.00676597 -0.17681000
v -0.00081899 -0.00746793 -0.17692199
v -0.00089797 -0.00746191 -0.17716201
v -0.00126096 -0.00674296 -0.17728500
v -0.00086697 -0.00738693 -0.17740490
v -0.00048500 -0.00810994 -0.17733701
v -0.00046100 -0.00801993 -0.17757990
v -0.00003500 -0.00862796 -0.17778900
v -0.00005100 -0.00872994 -0.17755000
v -0.00003400 -0.00862695 -0.17779000
v -0.00039600 -0.00812597 -0.17709491
v -0.00005000 -0.00872994 -0.17754801
v 0.00004200 -0.00875092 -0.17730700
v -0.00005100 -0.00872994 -0.17755000
v 0.00021200 -0.00896997 -0.17739090
v -0.00005000 -0.00872994 -0.17754801
v 0.00004200 -0.00875092 -0.17730700
v 0.00068100 -0.00884194 -0.17658000
v 0.00004200 -0.00875092 -0.17730700
v 0.00021200 -0.00896997 -0.17739090
v -0.00039600 -0.00812597 -0.17709491
v 0.00292495 -0.01098895 -0.17779090
v -0.00081899 -0.00746793 -0.17692199
v 0.00214098 -0.01088292 -0.17840500
v 0.00578097 -0.01247692 -0.17936190
v 0.00458798 -0.01233393 -0.17979101
v 0.00248996 -0.01114196 -0.17859700
v 0.00248996 -0.01114196 -0.17859700
v 0.00446395 -0.01230192 -0.18002700
v 0.00458798 -0.01233393 -0.17979101
v 0.00203094 -0.01085395 -0.17864500
v 0.00214098 -0.01088292 -0.17840500
v 0.00440995 -0.01214695 -0.18023800
v 0.00707797 -0.01318795 -0.18157800
v 0.00535396 -0.01264996 -0.18023901
v 0.00201098 -0.01071794 -0.17887001
v 0.00444100 -0.01191294 -0.18036400
v 0.00208596 -0.01051296 -0.17902100
v 0.00699798 -0.01302392 -0.18177600
v 0.00973896 -0.01363594 -0.18320000
v 0.00699399 -0.01277596 -0.18188301
v 0.00963900 -0.01346892 -0.18338900
v 0.00404695 -0.00847293 -0.18044400
v 0.00960795 -0.01321596 -0.18348099
v 0.00699399 -0.01277596 -0.18188301
v 0.00444100 -0.01191294 -0.18036400
v 0.00960795 -0.01321596 -0.18348099
v 0.01554600 -0.00847293 -0.18765690
v 0.01224795 -0.01333392 -0.18512601
v 0.00979695 -0.00847293 -0.18405101
v 0.01230100 -0.01359093 -0.18504600
v 0.01224795 -0.01333392 -0.18512601
v 0.01487395 -0.01316595 -0.18678901
v 0.01487395 -0.01316595 -0.18678901
v 0.01744595 -0.01269293 -0.18844690
v 0.01744595 -0.01269293 -0.18844690
v 0.01494900 -0.01342392 -0.18672000
v 0.01241699 -0.01375795 -0.18486400
v 0.01184997 -0.01378292 -0.18418901
v 0.01256195 -0.01378596 -0.18463300
v 0.01184997 -0.01378292 -0.18418901
v 0.00987796 -0.01366693 -0.18296901
v 0.00987796 -0.01366693 -0.18296901
v 0.00842497 -0.01346994 -0.18207900
v 0.00842497 -0.01346994 -0.18207900
v 0.00721095 -0.01321996 -0.18134500
v 0.00721095 -0.01321996 -0.18134500
v 0.00535396 -0.01264996 -0.18023901
v 0.02129498 -0.00847293 -0.19126301
v 0.01991597 -0.01180393 -0.19008100
v 0.01997396 -0.01193095 -0.19008200
v 0.01991597 -0.01180393 -0.19008100
v 0.02005598 -0.01205397 -0.19004700
v 0.02316997 -0.00951094 -0.19234000
v 0.02407900 -0.00847293 -0.19300901
v 0.02126095 -0.00772197 -0.19131701
v 0.02407900 -0.00847293 -0.19300901
v 0.02129498 -0.00847293 -0.19126301
v 0.01554600 -0.00847293 -0.18765690
v 0.02107296 -0.01117593 -0.19086591
v 0.02216295 -0.01041294 -0.19162300
v 0.01551196 -0.00772197 -0.18771100
v 0.02120999 -0.00697494 -0.19139800
v 0.02460697 -0.00775493 -0.19341201
v 0.02462897 -0.00772197 -0.19343001
v 0.02110496 -0.00624991 -0.19156601
v 0.02511397 -0.00697494 -0.19384600
v 0.01546100 -0.00697494 -0.18779200
v 0.02508995 -0.00701291 -0.19382390
v 0.02511397 -0.00697494 -0.19384600
v 0.02520296 -0.00709493 -0.19385401
v 0.02508995 -0.00701291 -0.19382390
v 0.02462897 -0.00772197 -0.19343001
v 0.02534196 -0.00716895 -0.19384600
v 0.02471498 -0.00784493 -0.19344500
v 0.02484998 -0.00793094 -0.19343700
v 0.02576998 -0.00641394 -0.19431500
v 0.02498195 -0.00799293 -0.19338501
v 0.02547595 -0.00721795 -0.19379701
v 0.02551398 -0.00629897 -0.19430891
v 0.02554199 -0.00624991 -0.19434901
v 0.02554199 -0.00624991 -0.19434901
v 0.02551398 -0.00629897 -0.19430891
v 0.02087197 -0.00564892 -0.19193800
v 0.02588096 -0.00564796 -0.19508000
v 0.02584395 -0.00571591 -0.19495989
v 0.02584395 -0.00571591 -0.19495989
v 0.01512298 -0.00564892 -0.18833201
v 0.01535598 -0.00624991 -0.18796000
v 0.00960598 -0.00624991 -0.18435401
v 0.00971196 -0.00697494 -0.18418600
v 0.00937298 -0.00564892 -0.18472500
v 0.00385699 -0.00624991 -0.18074800
v 0.00396196 -0.00697494 -0.18058001
v -0.00091597 -0.00697494 -0.17752001
v 0.00401298 -0.00772197 -0.18049900
v -0.00043900 -0.00772197 -0.17770600
v 0.00008700 -0.00847293 -0.17795999
v -0.00073298 -0.00726295 -0.17758200
v -0.00043900 -0.00772197 -0.17770600
v -0.00073298 -0.00726295 -0.17758200
v -0.00033200 -0.00788392 -0.17775600
v -0.00033200 -0.00788392 -0.17775600
v 0.00008700 -0.00847293 -0.17795999
v 0.00008700 -0.00847293 -0.17795999
v -0.00003500 -0.00862796 -0.17778900
v -0.00003400 -0.00862695 -0.17779000
v 0.00208596 -0.01051296 -0.17902100
v 0.00404695 -0.00847293 -0.18044400
v -0.00091597 -0.00697494 -0.17752001
v 0.00976196 -0.00772197 -0.18410500
v 0.00979695 -0.00847293 -0.18405101
v -0.00112798 -0.00664795 -0.17746800
v -0.00140598 -0.00624991 -0.17744599
v -0.00112798 -0.00664795 -0.17746800
v -0.00195094 -0.00564892 -0.17762300
v 0.00362400 -0.00564892 -0.18111900
v -0.00154796 -0.00606591 -0.17746100
v -0.00140598 -0.00624991 -0.17744599
v -0.00154796 -0.00606591 -0.17746100
v -0.00195094 -0.00564892 -0.17762300
v -0.00245997 -0.00537694 -0.17812200
v 0.00325499 -0.00537593 -0.18170700
v -0.00200697 -0.00560493 -0.17766100
v -0.00200697 -0.00560493 -0.17766100
v -0.00245997 -0.00537694 -0.17812200
v -0.00289299 -0.00533397 -0.17873789
v -0.00246199 -0.00537593 -0.17812400
v 0.02443800 -0.00873393 -0.19297400
v 0.02430996 -0.00866491 -0.19302800
v 0.02443800 -0.00873393 -0.19297400
v 0.02430996 -0.00866491 -0.19302800
v 0.02338097 -0.00972194 -0.19234701
v 0.02418098 -0.00857092 -0.19303900
v 0.02418098 -0.00857092 -0.19303900
v 0.02326295 -0.00961793 -0.19236401
v 0.02460697 -0.00775493 -0.19341201
v 0.02407900 -0.00847293 -0.19300901
v 0.02407900 -0.00847293 -0.19300901
v 0.02316997 -0.00951094 -0.19234000
v 0.02224395 -0.01052893 -0.19163901
v 0.02234998 -0.01064092 -0.19161500
v 0.02123496 -0.01141596 -0.19084500
v 0.02014598 -0.01214695 -0.18997801
v 0.02114198 -0.01129794 -0.19087491
v 0.02107296 -0.01117593 -0.19086591
v 0.02216295 -0.01041294 -0.19162300
v -0.00123497 -0.00676597 -0.17681000
v 0.00328598 0.00000903 -0.16418600
v 0.00330195 0.00000903 -0.16414700
v 0.00457594 0.00516598 -0.16481300
v 0.00328598 0.00000903 -0.16418600
v 0.00330195 0.00000903 -0.16414700
v 0.00073900 0.00000903 -0.16971201
v 0.00072000 0.00000903 -0.16975000
v 0.00106200 0.00288098 -0.16992000
v 0.00202194 0.00557898 -0.17039999
v 0.00359098 0.00808601 -0.17119600
v 0.00806895 0.00934999 -0.16655600
v 0.00675199 0.00487600 -0.15906601
v 0.01008097 0.00882797 -0.16067991
v 0.01491794 0.01110600 -0.16309699
v 0.01323399 0.01158397 -0.16923399
v 0.00832096 0.01156001 -0.17369300
v 0.00567499 0.01010798 -0.17228100
v 0.00072200 0.00885402 -0.17665399
v 0.00292597 0.01106303 -0.17783899
v 0.00218300 0.01095401 -0.17842699
v 0.00576500 0.01258497 -0.17940099
v 0.00462899 0.01245098 -0.17980499
v 0.00251195 0.01121102 -0.17860700
v 0.00450495 0.01241897 -0.18004100
v 0.00251195 0.01121102 -0.17860700
v 0.00462899 0.01245098 -0.17980499
v 0.00536100 0.01275198 -0.18023300
v 0.00536100 0.01275198 -0.18023300
v 0.00727395 0.01331799 -0.18137300
v 0.00713996 0.01328700 -0.18160699
v 0.00727395 0.01331799 -0.18137300
v 0.00843499 0.01353698 -0.18207800
v 0.00885299 0.01335101 -0.18111300
v 0.00843499 0.01353698 -0.18207800
v 0.01119897 0.01234900 -0.17524300
v 0.01441899 0.01263200 -0.17698499
v 0.01230100 0.01359098 -0.18302999
v 0.00994996 0.01371400 -0.18300900
v 0.00980899 0.01368402 -0.18323990
v 0.00994996 0.01371400 -0.18300900
v 0.01185897 0.01380103 -0.18419400
v 0.01185897 0.01380103 -0.18419400
v 0.01264295 0.01379501 -0.18468399
v 0.01249799 0.01376699 -0.18491390
v 0.01264295 0.01379501 -0.18468399
v 0.01532099 0.01358502 -0.18637100
v 0.01516900 0.01356201 -0.18660190
v 0.01582298 0.01333599 -0.18495890
v 0.01532099 0.01358502 -0.18637100
v 0.01772699 0.01238500 -0.17874799
v 0.02084795 0.01162301 -0.18039390
v 0.01916799 0.01257698 -0.18677300
v 0.01795295 0.01307200 -0.18805299
v 0.01534698 0.01358102 -0.18638800
v 0.01779696 0.01305698 -0.18828700
v 0.01534698 0.01358102 -0.18638800
v 0.01795295 0.01307200 -0.18805299
v 0.01866797 0.01287101 -0.18851499
v 0.01866797 0.01287101 -0.18851499
v 0.02051094 0.01218198 -0.18971900
v 0.02043995 0.01219897 -0.18983699
v 0.02051094 0.01218198 -0.18971900
v 0.02034995 0.01217602 -0.18995699
v 0.02172199 0.01155500 -0.19052399
v 0.02172199 0.01155500 -0.19052399
v 0.02165195 0.01157497 -0.19064399
v 0.02182099 0.01149599 -0.19058999
v 0.02280399 0.01080601 -0.19142701
v 0.02155796 0.01155602 -0.19076399
v 0.02270696 0.01079099 -0.19154800
v 0.02260098 0.01073902 -0.19164289
v 0.02145896 0.01149897 -0.19086000
v 0.02136097 0.01140802 -0.19092600
v 0.02025798 0.01211499 -0.19005389
v 0.02249196 0.01065402 -0.19170500
v 0.02016899 0.01202099 -0.19012300
v 0.02238795 0.01054000 -0.19172999
v 0.02126900 0.01128797 -0.19095699
v 0.02120200 0.01116501 -0.19095000
v 0.02008894 0.01189701 -0.19015899
v 0.02230898 0.01042299 -0.19171500
v 0.02134296 0.00849199 -0.19129300
v 0.02120200 0.01116501 -0.19095000
v 0.02230898 0.01042299 -0.19171500
v 0.02003196 0.01177101 -0.19015899
v 0.02003196 0.01177101 -0.19015899
v 0.01753900 0.01263701 -0.18851299
v 0.01753900 0.01263701 -0.18851299
v 0.01559594 0.00849199 -0.18768790
v 0.01495800 0.01313798 -0.18684600
v 0.01495800 0.01313798 -0.18684600
v 0.01503399 0.01339601 -0.18677900
v 0.01764199 0.01289402 -0.18845899
v 0.01237998 0.01359903 -0.18509599
v 0.00967298 0.01326297 -0.18351900
v 0.01232395 0.01334302 -0.18517500
v 0.00970695 0.01351701 -0.18342900
v 0.00704799 0.01287298 -0.18190999
v 0.00705597 0.01312302 -0.18180500
v 0.00448296 0.01202999 -0.18038100
v 0.00445095 0.01226501 -0.18025300
v 0.00213800 0.01059102 -0.17904700
v 0.00205795 0.01079302 -0.17889400
v 0.00448296 0.01202999 -0.18038100
v 0.00410096 0.00849198 -0.18047801
v 0.00213800 0.01059102 -0.17904700
v 0.00004200 0.00864398 -0.17783800
v 0.00016400 0.00849198 -0.17800900
v 0.00016400 0.00849198 -0.17800900
v 0.00406698 0.00774103 -0.18053199
v 0.00016400 0.00849198 -0.17800900
v 0.00410096 0.00849198 -0.18047801
v -0.00035600 0.00774103 -0.17775901
v -0.00025400 0.00789403 -0.17780501
v 0.00004200 0.00864398 -0.17783800
v -0.00025400 0.00789403 -0.17780501
v -0.00038400 0.00803202 -0.17763200
v -0.00035600 0.00774103 -0.17775901
v -0.00078800 0.00740003 -0.17745700
v -0.00040900 0.00812297 -0.17739090
v -0.00065394 0.00727998 -0.17763300
v -0.00081994 0.00747298 -0.17721590
v -0.00083699 0.00699400 -0.17756900
v -0.00118496 0.00675600 -0.17732900
v -0.00105598 0.00666099 -0.17751500
v -0.00122198 0.00679999 -0.17708900
v -0.00133397 0.00626903 -0.17749099
v -0.00160798 0.00613402 -0.17732200
v -0.00148096 0.00608300 -0.17750500
v -0.00165995 0.00612401 -0.17710200
v -0.00189098 0.00566702 -0.17766100
v -0.00208100 0.00561499 -0.17753699
v -0.00133397 0.00626903 -0.17749099
v -0.00189098 0.00566702 -0.17766100
v -0.00148096 0.00608300 -0.17750500
v 0.00367800 0.00566702 -0.18115289
v 0.00330899 0.00539499 -0.18174089
v -0.00240298 0.00539600 -0.17815800
v -0.00194600 0.00562399 -0.17769600
v -0.00194600 0.00562399 -0.17769600
v 0.00290999 0.00535302 -0.18237699
v 0.00865696 0.00535303 -0.18598200
v 0.00905696 0.00539499 -0.18534601
v 0.00942496 0.00566702 -0.18475799
v 0.01517299 0.00566702 -0.18836300
v 0.01540598 0.00626903 -0.18799099
v 0.00965795 0.00626903 -0.18438600
v 0.01480398 0.00539499 -0.18895100
v 0.02115294 0.00626903 -0.19159600
v 0.02091995 0.00566702 -0.19196799
v 0.01440498 0.00535303 -0.18958689
v 0.02015194 0.00535303 -0.19319200
v 0.02055100 0.00539499 -0.19255499
v 0.02601299 0.00539600 -0.19598199
v 0.02594099 0.00566601 -0.19511691
v 0.02589998 0.00535303 -0.19679700
v 0.02601299 0.00539600 -0.19598199
v 0.02609399 0.00531297 -0.19683400
v 0.02589998 0.00535303 -0.19679700
v 0.02601800 0.00541603 -0.19585200
v 0.02623096 0.00538998 -0.19587091
v 0.02601800 0.00541603 -0.19585200
v 0.02625498 0.00519901 -0.19686501
v 0.02640799 0.00528198 -0.19587091
v 0.02637997 0.00570499 -0.19493399
v 0.02615598 0.00576603 -0.19500489
v 0.02594099 0.00566601 -0.19511691
v 0.02609596 0.00531101 -0.19683500
v 0.02609596 0.00531101 -0.19683500
v 0.02582500 0.00530201 -0.19820700
v 0.02609399 0.00531297 -0.19683400
v 0.02625498 0.00519901 -0.19686501
v 0.02562896 0.00534301 -0.19816799
v 0.02534697 0.00533300 -0.19953699
v 0.02554497 0.00529098 -0.19957900
v 0.02598795 0.00518500 -0.19824000
v 0.02616397 0.00501501 -0.19789800
v 0.02609196 0.00501102 -0.19825999
v 0.02625695 0.00519800 -0.19686501
v 0.02570895 0.00517201 -0.19961201
v 0.02657995 0.00353801 -0.19811200
v 0.02609196 0.00501102 -0.19825999
v 0.02616397 0.00501501 -0.19789800
v 0.02581200 0.00499498 -0.19963300
v 0.02581200 0.00499498 -0.19963300
v 0.02552000 0.00498002 -0.20100400
v 0.02552000 0.00498002 -0.20100400
v 0.02541796 0.00515901 -0.20098300
v 0.02494899 0.00527000 -0.20231400
v 0.02511397 0.00514698 -0.20235000
v 0.02525297 0.00528103 -0.20094700
v 0.02463195 0.00525999 -0.20367600
v 0.02479699 0.00513398 -0.20371500
v 0.02521596 0.00496500 -0.20237200
v 0.02521596 0.00496500 -0.20237200
v 0.02494499 0.00383001 -0.20477191
v 0.02489796 0.00494998 -0.20373700
v 0.02489796 0.00494998 -0.20373700
v 0.02468196 0.00494003 -0.20463000
v 0.02468196 0.00494003 -0.20463000
v 0.02456495 0.00493502 -0.20509900
v 0.02446595 0.00512099 -0.20507599
v 0.02456495 0.00493502 -0.20509900
v 0.02429995 0.00524902 -0.20503500
v 0.02411798 0.00510901 -0.20643289
v 0.02395198 0.00523799 -0.20638999
v 0.02421698 0.00492000 -0.20645800
v 0.02375397 0.00509601 -0.20778701
v 0.02375195 0.00509798 -0.20778599
v 0.02345798 0.00506502 -0.20885000
v 0.02375397 0.00509601 -0.20778701
v 0.02356199 0.00486898 -0.20886300
v 0.02375195 0.00509798 -0.20778599
v 0.02385095 0.00490498 -0.20781200
v 0.02385095 0.00490498 -0.20781200
v 0.02315799 0.00409799 -0.21079500
v 0.02385095 0.00490498 -0.20781200
v 0.02421698 0.00492000 -0.20645800
v 0.02356199 0.00486898 -0.20886300
v 0.02534595 0.00000903 -0.20498499
v 0.02315799 0.00409799 -0.21079500
v 0.02299598 0.00351703 -0.21138100
v 0.02301297 0.00440001 -0.21080300
v 0.02316895 0.00423801 -0.21066600
v 0.02316895 0.00344103 -0.21116599
v 0.02333096 0.00136703 -0.21147700
v 0.02324698 0.00245702 -0.21139900
v 0.02331296 0.00469702 -0.20985100
v 0.02316895 0.00423801 -0.21066600
v 0.02316895 0.00344103 -0.21116599
v 0.02321300 0.00136798 -0.21166700
v 0.02324698 0.00245702 -0.21139900
v 0.02333096 0.00136703 -0.21147700
v 0.02307299 0.00246799 -0.21163800
v 0.02287600 0.00135302 -0.21181489
v 0.02279100 0.00245398 -0.21174000
v 0.02272299 0.00353998 -0.21147600
v 0.02302495 0.00136101 -0.21178700
v 0.02315799 0.00136602 -0.21171500
v 0.02302495 0.00136101 -0.21178700
v 0.02284500 0.00000903 -0.21183901
v 0.02287600 0.00135302 -0.21181489
v 0.02306596 0.00000903 -0.21181300
v 0.02315799 0.00136602 -0.21171500
v 0.02302399 -0.00134297 -0.21178700
v 0.02306596 0.00000903 -0.21181300
v 0.02302495 -0.00134297 -0.21178700
v 0.02284500 0.00000903 -0.21183901
v 0.02315799 -0.00134797 -0.21171591
v 0.02325496 0.00000903 -0.21169300
v 0.02325496 0.00000903 -0.21169300
v 0.02321300 -0.00134997 -0.21166700
v 0.02337298 0.00000903 -0.21150400
v 0.02321300 0.00136798 -0.21166700
v 0.02337298 0.00000903 -0.21150400
v 0.02324298 -0.00243295 -0.21139400
v 0.02321300 -0.00134997 -0.21166700
v 0.02333096 -0.00134997 -0.21147700
v 0.02333096 -0.00134997 -0.21147700
v 0.02306900 -0.00245095 -0.21163000
v 0.02315799 -0.00134797 -0.21171591
v 0.02270696 -0.00352592 -0.21146891
v 0.02297995 -0.00350696 -0.21137400
v 0.02293596 -0.00244892 -0.21170101
v 0.02315298 -0.00343395 -0.21115801
v 0.02302495 -0.00134297 -0.21178700
v 0.02324298 -0.00243295 -0.21139400
v 0.02313098 -0.00405693 -0.21080799
v 0.02315298 -0.00343395 -0.21115801
v 0.02313098 -0.00405693 -0.21080799
v 0.02535799 0.00000903 -0.20493790
v 0.02327100 -0.00469095 -0.20983490
v 0.02313998 -0.00423092 -0.21064900
v 0.02298197 -0.00438792 -0.21078600
v 0.02313998 -0.00423092 -0.21064900
v 0.02351698 -0.00486595 -0.20883600
v 0.02380696 -0.00490094 -0.20778100
v 0.02494100 -0.00378997 -0.20471600
v 0.02535799 0.00000903 -0.20493790
v 0.02699295 0.00000903 -0.19832399
v 0.02699295 0.00000903 -0.19832399
v 0.02333096 -0.00134997 -0.21147700
v 0.02534595 0.00000903 -0.20498499
v 0.02700296 0.00000903 -0.19827691
v 0.02700296 0.00000903 -0.19827691
v 0.02657798 -0.00350196 -0.19805799
v 0.02840296 0.00000903 -0.19160800
v 0.02840296 0.00000903 -0.19160800
v 0.02798399 0.00326400 -0.19140001
v 0.02841196 0.00000903 -0.19156100
v 0.02841196 0.00000903 -0.19156100
v 0.02682898 0.00630098 -0.19082101
v 0.02918598 0.00302201 -0.18464801
v 0.02620497 0.00655400 -0.19390900
v 0.02960697 0.00000903 -0.18485300
v 0.02628997 0.00635200 -0.19404390
v 0.02653495 0.00556099 -0.19480900
v 0.02653197 0.00510603 -0.19585100
v 0.02905098 0.00541001 -0.17731000
v 0.02961496 0.00000903 -0.18480700
v 0.02961496 0.00000903 -0.18480700
v 0.02960697 0.00000903 -0.18485300
v 0.02502600 0.00955700 -0.17531399
v 0.02984795 0.00513201 -0.17050300
v 0.03138998 0.00000903 -0.17124000
v 0.02619699 0.00833600 -0.18316400
v 0.02804098 0.00580697 -0.18408699
v 0.03060499 0.00000903 -0.17805900
v 0.03061196 0.00000903 -0.17801300
v 0.03061196 0.00000903 -0.17801300
v 0.02903000 -0.00537092 -0.17724700
v 0.03060499 0.00000903 -0.17805900
v 0.03138998 0.00000903 -0.17124000
v 0.02918598 -0.00299294 -0.18459800
v 0.02800599 -0.00575692 -0.18401501
v 0.03139398 0.00000903 -0.17119400
v 0.02983800 -0.00510092 -0.17044801
v 0.02501097 -0.00952596 -0.17525600
v 0.02614197 -0.00826395 -0.18308000
v 0.03139398 0.00000903 -0.17119400
v 0.03195498 0.00000903 -0.16442700
v 0.03195498 0.00000903 -0.16442700
v 0.03042296 0.00497799 -0.16370000
v 0.03195897 0.00000903 -0.16438100
v 0.03195897 0.00000903 -0.16438100
v 0.02675495 0.00882398 -0.16194589
v 0.03077898 0.00493799 -0.15678100
v 0.03230396 0.00000903 -0.15748601
v 0.02601895 0.00907098 -0.16864200
v 0.03230396 0.00000903 -0.15748601
v 0.03042194 -0.00495494 -0.16365200
v 0.03230497 0.00000903 -0.15743890
v 0.03230497 0.00000903 -0.15743890
v 0.03078500 -0.00492097 -0.15673600
v 0.03243497 0.00000902 -0.15039900
v 0.03093299 -0.00497795 -0.14969300
v 0.02724394 -0.00878293 -0.15510900
v 0.02675596 -0.00880391 -0.16189800
v 0.03243497 0.00000902 -0.15039900
v 0.03092197 0.00498997 -0.14973400
v 0.03243598 0.00000902 -0.15035000
v 0.03243598 0.00000902 -0.15035000
v 0.03235099 0.00000902 -0.14332800
v 0.03235099 0.00000902 -0.14332800
v 0.03085497 0.00510202 -0.14271100
v 0.03086999 -0.00509293 -0.14267200
v 0.03234998 0.00000902 -0.14327900
v 0.03234998 0.00000902 -0.14327900
v 0.02750299 0.00922797 -0.14140300
v 0.03060100 0.00524698 -0.13572000
v 0.03206799 0.00000902 -0.13628390
v 0.02748099 0.00895397 -0.14826889
v 0.03206495 0.00000902 -0.13623400
v 0.03206495 0.00000902 -0.13623400
v 0.03061798 -0.00523992 -0.13568200
v 0.03206799 0.00000902 -0.13628390
v 0.03160998 0.00000902 -0.12923799
v 0.03020296 -0.00539394 -0.12869389
v 0.02734897 -0.00955494 -0.13452700
v 0.02751497 -0.00921596 -0.14136300
v 0.03160998 0.00000902 -0.12923799
v 0.03018394 0.00539998 -0.12873199
v 0.03160599 0.00000902 -0.12918700
v 0.03160599 0.00000902 -0.12918700
v 0.03099898 0.00000902 -0.12220000
v 0.03099898 0.00000902 -0.12220000
v 0.02962497 0.00554899 -0.12175600
v 0.03099397 0.00000902 -0.12214800
v 0.02964297 -0.00554295 -0.12171700
v 0.03099397 0.00000902 -0.12214800
v 0.03025100 0.00000902 -0.11517700
v 0.03025100 0.00000902 -0.11517700
v 0.02893999 0.00568597 -0.11479600
v 0.03024498 0.00000902 -0.11512500
v 0.03024498 0.00000902 -0.11512500
v 0.02938196 0.00000902 -0.10816900
v 0.02595797 0.01060698 -0.11411200
v 0.02654597 0.01027600 -0.12091899
v 0.02166096 0.01423398 -0.11345600
v 0.02222899 0.01372097 -0.12002500
v 0.01965597 0.01421896 -0.11954700
v 0.02009496 0.01362602 -0.12597389
v 0.02265099 0.01317099 -0.12659999
v 0.01766196 0.01298801 -0.12541100
v 0.01793197 0.01240901 -0.13169999
v 0.02035299 0.01301400 -0.13240500
v 0.01796195 0.01184998 -0.13799889
v 0.02291295 0.01260100 -0.13317700
v 0.02040497 0.01241497 -0.13884690
v 0.02299199 0.01204399 -0.13976399
v 0.02021298 0.01188800 -0.14529700
v 0.01771596 0.01136897 -0.14429600
v 0.01365796 0.00867002 -0.14262099
v 0.01287899 0.00851701 -0.14863300
v 0.01715198 0.01103798 -0.15057801
v 0.01085594 0.00473396 -0.14138500
v 0.00990496 0.00467502 -0.14725600
v 0.01407197 0.00895397 -0.13656500
v 0.01143000 0.00486098 -0.13545300
v 0.01415095 0.00931398 -0.13048200
v 0.00972495 0.00000902 -0.14087000
v 0.01035598 0.00000902 -0.13497300
v 0.01164195 0.00502501 -0.12947599
v 0.00973097 0.00000902 -0.14083000
v 0.01391897 0.00970397 -0.12440200
v 0.01035896 0.00000902 -0.13493200
v 0.01062098 0.00000902 -0.12902901
v 0.01062098 0.00000902 -0.12902901
v 0.01035896 0.00000902 -0.13493200
v 0.01035598 0.00000902 -0.13497300
v 0.01144996 -0.00484093 -0.13542201
v 0.01415000 -0.00930895 -0.13043991
v 0.00973097 0.00000902 -0.14083000
v 0.01407299 -0.00894596 -0.13652299
v 0.01087299 -0.00471492 -0.14135189
v 0.01765499 -0.01298894 -0.12536501
v 0.00872794 0.00000902 -0.14666399
v 0.00972495 0.00000902 -0.14087000
v 0.00871996 0.00000902 -0.14670300
v 0.00872794 0.00000902 -0.14666399
v 0.00871996 0.00000902 -0.14670300
v 0.00731698 0.00000902 -0.15254299
v 0.00731698 0.00000902 -0.15254299
v 0.00730596 0.00000902 -0.15258300
v 0.00853798 0.00471501 -0.15316591
v 0.00730596 0.00000902 -0.15258300
v 0.00549797 0.00000903 -0.15842190
v 0.00549797 0.00000903 -0.15842190
v 0.00548396 0.00000903 -0.15846100
v 0.00548396 0.00000903 -0.15846100
v 0.01169095 0.00855599 -0.15466800
v 0.01622698 0.01093100 -0.15685700
v 0.01973298 0.01150797 -0.15174399
v 0.02244398 0.01121197 -0.15297290
v 0.02173999 0.01108198 -0.15952800
v 0.02723798 0.00880002 -0.15515400
v 0.02284995 0.01155702 -0.14636700
v 0.02071700 0.01122497 -0.16601200
v 0.01937094 0.01166497 -0.17242899
v 0.01717696 0.01355497 -0.11912700
v 0.01649800 0.01408897 -0.11284890
v 0.01904997 0.01477198 -0.11312499
v 0.02095398 0.01469902 -0.10690000
v 0.01828799 0.01527599 -0.10671600
v 0.01563999 0.01457999 -0.10658600
v 0.02733496 0.00956599 -0.13456599
v 0.02700898 0.00992397 -0.12773789
v 0.02749095 -0.00893993 -0.14822701
v 0.02285096 -0.01153596 -0.14632090
v 0.01973096 -0.01149095 -0.15169791
v 0.02244595 -0.01119293 -0.15292791
v 0.02174398 -0.01106692 -0.15948300
v 0.02601299 -0.00904496 -0.16859000
v 0.02376500 -0.01023395 -0.18186399
v 0.02230099 -0.01112896 -0.18840189
v 0.02273294 -0.01076794 -0.19121601
v 0.02176896 -0.01145393 -0.19055700
v 0.02160099 -0.01155997 -0.19044390
v 0.02160099 -0.01155997 -0.19044390
v 0.02491096 0.00907802 -0.18983389
v 0.02233699 0.01117300 -0.18847389
v 0.02287296 0.01078300 -0.19130400
v 0.02393499 0.00985597 -0.19204400
v 0.02437297 0.00939100 -0.19235700
v 0.02541199 0.00801598 -0.19313100
v 0.02488199 0.00876998 -0.19272891
v 0.02378896 0.01027100 -0.18192799
v 0.02182099 0.01149599 -0.19058999
v 0.02481899 0.00879502 -0.19285799
v 0.02437297 0.00939100 -0.19235700
v 0.02488199 0.00876998 -0.19272891
v 0.02541199 0.00801598 -0.19313100
v 0.02534899 0.00804203 -0.19326000
v 0.02488199 0.00876998 -0.19272891
v 0.02481899 0.00879502 -0.19285799
v 0.02524695 0.00804000 -0.19338299
v 0.02471796 0.00878900 -0.19298200
v 0.02471796 0.00878900 -0.19298200
v 0.02386895 0.00988101 -0.19216999
v 0.02571997 0.00724899 -0.19378699
v 0.02559599 0.00722801 -0.19387200
v 0.02512399 0.00800698 -0.19347299
v 0.02599695 0.00644200 -0.19433001
v 0.02586195 0.00642102 -0.19437601
v 0.02545896 0.00718098 -0.19392100
v 0.02522496 0.00699400 -0.19391599
v 0.02531800 0.00711101 -0.19392700
v 0.02498999 0.00794702 -0.19352400
v 0.02485398 0.00786298 -0.19353101
v 0.02446899 0.00868201 -0.19312700
v 0.02459797 0.00875001 -0.19307300
v 0.02446899 0.00868201 -0.19312700
v 0.02365700 0.00982402 -0.19238600
v 0.02459797 0.00875001 -0.19307300
v 0.02353695 0.00974702 -0.19244399
v 0.02433899 0.00858902 -0.19313700
v 0.02433899 0.00858902 -0.19313700
v 0.02474299 0.00777399 -0.19349700
v 0.02423498 0.00849199 -0.19310590
v 0.02423498 0.00849199 -0.19310590
v 0.02341995 0.00964199 -0.19246100
v 0.02332798 0.00953399 -0.19243800
v 0.02332798 0.00953399 -0.19243800
v 0.02423498 0.00849199 -0.19310590
v 0.02476600 0.00774103 -0.19351500
v 0.02476600 0.00774103 -0.19351500
v 0.02130899 0.00774103 -0.19134700
v 0.02474299 0.00777399 -0.19349700
v 0.02423498 0.00849199 -0.19310590
v 0.02134296 0.00849199 -0.19129300
v 0.01556197 0.00774103 -0.18774190
v 0.01551095 0.00699400 -0.18782289
v 0.02125797 0.00699400 -0.19142800
v 0.00976298 0.00699400 -0.18421900
v 0.00391100 0.00626903 -0.18078101
v 0.00401596 0.00699400 -0.18061390
v 0.00981400 0.00774103 -0.18413700
v 0.01559594 0.00849199 -0.18768790
v 0.00984798 0.00849199 -0.18408300
v 0.00984798 0.00849199 -0.18408300
v 0.00967298 0.01326297 -0.18351900
v -0.00083699 0.00699400 -0.17756900
v 0.02522496 0.00699400 -0.19391599
v 0.02520195 0.00703400 -0.19389400
v 0.02520195 0.00703400 -0.19389400
v 0.02376995 0.00986998 -0.19229300
v 0.02560195 0.00630801 -0.19436800
v 0.02562300 0.00626903 -0.19440000
v 0.02560195 0.00630801 -0.19436800
v 0.02562300 0.00626903 -0.19440000
v 0.02590898 0.00573098 -0.19500489
v 0.02590898 0.00573098 -0.19500489
v 0.02611897 0.00643700 -0.19425399
v 0.02628997 0.00635200 -0.19404390
v 0.02620497 0.00655400 -0.19390900
v 0.02582297 0.00724100 -0.19366799
v 0.02588496 0.00721001 -0.19354400
v 0.02588496 0.00721001 -0.19354400
v 0.02287296 0.01078300 -0.19130400
v 0.02393499 0.00985597 -0.19204400
v 0.02653197 0.00510603 -0.19585100
v 0.02653495 0.00556099 -0.19480900
v 0.02625695 0.00519800 -0.19686501
v 0.02636197 0.00502598 -0.19688401
v 0.02636197 0.00502598 -0.19688401
v 0.02636197 0.00502598 -0.19688401
v 0.02631095 -0.00501895 -0.19685499
v 0.02612296 -0.00500894 -0.19782201
v 0.02604196 -0.00500393 -0.19823000
v 0.02647999 -0.00510294 -0.19580700
v 0.02576295 -0.00498891 -0.19960301
v 0.02547196 -0.00497395 -0.20097400
v 0.02516797 -0.00495995 -0.20234200
v 0.02647999 -0.00510294 -0.19580700
v 0.02620497 -0.00518495 -0.19683500
v 0.02631095 -0.00501895 -0.19685499
v 0.02620295 -0.00518692 -0.19683500
v 0.02593699 -0.00517291 -0.19820900
v 0.02620497 -0.00518495 -0.19683500
v 0.02612296 -0.00500894 -0.19782201
v 0.02631095 -0.00501895 -0.19685499
v 0.02549598 -0.00527496 -0.19954901
v 0.02604196 -0.00500393 -0.19823000
v 0.02565798 -0.00515992 -0.19958200
v 0.02520499 -0.00526494 -0.20091701
v 0.02536795 -0.00514794 -0.20095190
v 0.02576295 -0.00498891 -0.19960301
v 0.02547196 -0.00497395 -0.20097400
v 0.02506498 -0.00513494 -0.20232000
v 0.02490196 -0.00525391 -0.20228300
v 0.02516797 -0.00495995 -0.20234200
v 0.02458498 -0.00524396 -0.20364501
v 0.02474895 -0.00512296 -0.20368300
v 0.02464596 -0.00493592 -0.20455501
v 0.02485100 -0.00494492 -0.20370700
v 0.02441797 -0.00511092 -0.20504400
v 0.02425400 -0.00523395 -0.20500401
v 0.02451900 -0.00492996 -0.20506801
v 0.02407095 -0.00509894 -0.20640101
v 0.02390698 -0.00522292 -0.20635900
v 0.02417097 -0.00491596 -0.20642699
v 0.02370694 -0.00508595 -0.20775500
v 0.02370599 -0.00508792 -0.20775400
v 0.02370599 -0.00508792 -0.20775400
v 0.02341196 -0.00505591 -0.20882200
v 0.02370694 -0.00508595 -0.20775500
v 0.02354399 -0.00521195 -0.20771100
v 0.02354399 -0.00521195 -0.20771100
v 0.02351698 -0.00486595 -0.20883600
v 0.02327100 -0.00469095 -0.20983490
v 0.02324298 -0.00518096 -0.20878600
v 0.02314696 -0.00488591 -0.20986700
v 0.02295396 -0.00500793 -0.20986191
v 0.02302799 -0.00521994 -0.20875999
v 0.02272895 -0.00503695 -0.20982100
v 0.02274099 -0.00446993 -0.21084400
v 0.01770196 -0.00502795 -0.20670000
v 0.02302799 -0.00521994 -0.20875999
v 0.01827797 -0.00522393 -0.20578100
v 0.02272895 -0.00503695 -0.20982100
v 0.02303597 -0.00522197 -0.20873500
v 0.02303597 -0.00522197 -0.20873500
v 0.02354297 -0.00521297 -0.20771000
v 0.02334300 -0.00525695 -0.20765500
v 0.02334300 -0.00525695 -0.20765500
v 0.02370796 -0.00526691 -0.20630691
v 0.01886395 -0.00525695 -0.20484600
v 0.02334300 -0.00525695 -0.20765500
v 0.02334300 -0.00525695 -0.20765500
v 0.02370796 -0.00526691 -0.20630691
v 0.02354297 -0.00521297 -0.20771000
v 0.01886395 -0.00525695 -0.20484600
v 0.02470598 -0.00529594 -0.20223901
v 0.01308498 -0.00525696 -0.20122100
v 0.01308498 -0.00525696 -0.20122100
v 0.02438799 -0.00528592 -0.20359901
v 0.02405498 -0.00527692 -0.20495500
v 0.02405498 -0.00527692 -0.20495500
v 0.02438799 -0.00528592 -0.20359901
v 0.02470598 -0.00529594 -0.20223901
v 0.02500996 -0.00530595 -0.20087500
v 0.00730596 -0.00525696 -0.19759600
v 0.01249895 -0.00522393 -0.20215601
v 0.00671998 -0.00522393 -0.19853200
v 0.01192197 -0.00502795 -0.20307501
v 0.01720396 -0.00446195 -0.20749301
v 0.01142499 -0.00446195 -0.20386800
v 0.00614295 -0.00502795 -0.19945000
v 0.00564597 -0.00446195 -0.20024291
v 0.00036400 -0.00502796 -0.19582591
v 0.00094000 -0.00522394 -0.19490700
v 0.00152699 -0.00525696 -0.19397201
v -0.00425198 -0.00525696 -0.19034700
v -0.00483897 -0.00522394 -0.19128200
v -0.00541499 -0.00502796 -0.19220100
v -0.00995995 -0.00522394 -0.18806900
v -0.00925096 -0.00525696 -0.18721101
v -0.00995095 -0.00522495 -0.18805800
v -0.00425198 -0.00525696 -0.19034700
v -0.00759497 -0.00527591 -0.18514401
v -0.00925096 -0.00525696 -0.18721101
v -0.00759497 -0.00527591 -0.18514401
v -0.00776198 -0.00522894 -0.18501291
v -0.00925096 -0.00525696 -0.18721101
v -0.00941797 -0.00520892 -0.18707401
v -0.00995095 -0.00522495 -0.18805800
v -0.00925096 -0.00525696 -0.18721101
v -0.00941797 -0.00520892 -0.18707401
v -0.00941899 -0.00520796 -0.18707401
v -0.00941899 -0.00520796 -0.18707401
v -0.01011499 -0.00517697 -0.18791300
v -0.01024099 -0.00503994 -0.18779200
v -0.00955095 -0.00507296 -0.18696401
v -0.00789698 -0.00509597 -0.18490490
v -0.00955095 -0.00507296 -0.18696401
v -0.00628295 -0.00512094 -0.18281500
v -0.00955196 -0.00507093 -0.18696401
v -0.00852098 -0.00489194 -0.18553400
v -0.00797399 -0.00490195 -0.18484300
v -0.00636300 -0.00493193 -0.18275300
v -0.00797399 -0.00490195 -0.18484300
v -0.00874796 -0.00372995 -0.18540999
v -0.00852098 -0.00489194 -0.18553400
v -0.00636300 -0.00493193 -0.18275300
v -0.00548496 0.00000903 -0.18031199
v -0.00905099 0.00000903 -0.18524601
v -0.00546094 0.00000903 -0.18027700
v -0.01167299 -0.00397492 -0.18908700
v -0.00962694 -0.00487292 -0.18690100
v -0.01030697 -0.00483794 -0.18771601
v -0.01047095 -0.00481296 -0.18790600
v -0.01041098 -0.00501592 -0.18798800
v -0.01030697 -0.00483794 -0.18771601
v -0.01063694 -0.00477792 -0.18809301
v -0.01047095 -0.00481296 -0.18790600
v -0.01096894 -0.00466091 -0.18845201
v -0.01153495 -0.00418992 -0.18898200
v -0.00955196 -0.00507093 -0.18696401
v -0.00962694 -0.00487292 -0.18690100
v -0.01028897 -0.00515193 -0.18811600
v -0.01045396 -0.00500894 -0.18803699
v -0.01033296 -0.00514591 -0.18816601
v -0.01049699 -0.00499994 -0.18808700
v -0.01055397 -0.00479693 -0.18799999
v -0.01055397 -0.00479693 -0.18799999
v -0.01063694 -0.00477792 -0.18809301
v -0.01058396 -0.00498093 -0.18818399
v -0.01093795 -0.00486291 -0.18856999
v -0.01046600 -0.00511695 -0.18832000
v -0.01096894 -0.00466091 -0.18845201
v -0.01037695 -0.00513691 -0.18821700
v -0.01019295 -0.00518394 -0.18834400
v -0.01035597 -0.00513793 -0.18819200
v -0.01021494 -0.00518293 -0.18836901
v -0.01021494 -0.00518293 -0.18836901
v -0.01016994 -0.00519294 -0.18831700
v -0.01019295 -0.00518394 -0.18834400
v -0.01016994 -0.00519294 -0.18831700
v -0.01012595 -0.00519896 -0.18826500
v -0.01067998 -0.00503493 -0.18890101
v -0.01012595 -0.00519896 -0.18826500
v -0.01133497 -0.00446094 -0.18959101
v -0.00591197 -0.00446195 -0.19299389
v -0.01067998 -0.00503493 -0.18890101
v -0.01151099 -0.00443292 -0.18940900
v -0.01133497 -0.00446094 -0.18959101
v -0.01030495 -0.00516195 -0.18847390
v -0.01067497 -0.00503696 -0.18889500
v -0.01067497 -0.00503696 -0.18889500
v -0.01177694 -0.00350697 -0.18994591
v -0.01135297 -0.00443596 -0.18960799
v -0.01201095 -0.00345594 -0.18947600
v -0.01157697 -0.00434292 -0.18918000
v -0.01196398 -0.00348193 -0.18974601
v -0.01083298 -0.00499696 -0.18872801
v -0.01199200 -0.00241793 -0.19001600
v -0.01179095 -0.00345791 -0.18995400
v -0.01217898 -0.00240994 -0.18980899
v -0.01199200 -0.00241793 -0.19001600
v -0.01177694 -0.00350697 -0.18994591
v -0.01179095 -0.00345791 -0.18995400
v -0.01199599 -0.00238497 -0.19001600
v -0.01226600 -0.00132897 -0.18978401
v -0.01226695 -0.00132897 -0.18978199
v -0.01222296 -0.00241692 -0.18953100
v -0.01231100 -0.00133897 -0.18950500
v -0.01231100 -0.00133897 -0.18950590
v -0.01222898 0.00000903 -0.18923201
v -0.01231100 -0.00133897 -0.18950590
v -0.01231100 -0.00133897 -0.18950500
v -0.01233997 0.00000903 -0.18948790
v -0.01226695 -0.00132897 -0.18978199
v -0.00907799 0.00000903 -0.18528000
v -0.01218696 0.00136601 -0.18925799
v -0.01222898 0.00000903 -0.18923201
v -0.01220097 -0.00134197 -0.18924899
v -0.00907799 0.00000903 -0.18528000
v -0.01222898 0.00000903 -0.18923201
v -0.01229795 0.00136297 -0.18951400
v -0.01222898 0.00000903 -0.18923201
v -0.01218696 0.00136601 -0.18925799
v -0.01229795 0.00136297 -0.18951400
v -0.01233997 0.00000903 -0.18948790
v -0.01220097 -0.00134197 -0.18924899
v -0.01211496 -0.00240392 -0.18927690
v -0.01220097 -0.00134197 -0.18924899
v -0.01211496 -0.00240392 -0.18927690
v -0.01191499 -0.00338895 -0.18923000
v -0.01191499 -0.00338895 -0.18923000
v -0.01167299 -0.00397492 -0.18908700
v -0.01219799 0.00243901 -0.18954900
v -0.01229795 0.00136297 -0.18951400
v -0.01229795 0.00136297 -0.18951400
v -0.01208897 0.00242602 -0.18929300
v -0.01218696 0.00136601 -0.18925799
v -0.01208897 0.00242602 -0.18929300
v -0.01163198 0.00398701 -0.18912400
v -0.01187696 0.00341099 -0.18925489
v -0.01187696 0.00341099 -0.18925489
v -0.01197096 0.00347703 -0.18950300
v -0.01163198 0.00398701 -0.18912400
v -0.01192399 0.00349902 -0.18977199
v -0.01215299 0.00243001 -0.18982600
v -0.01145800 0.00444602 -0.18944400
v -0.01152398 0.00436198 -0.18921600
v -0.01148399 0.00421303 -0.18901689
v -0.01087697 0.00488102 -0.18861200
v -0.01077296 0.00500899 -0.18876991
v -0.01005300 0.00519299 -0.18795700
v -0.01017698 0.00506102 -0.18783700
v -0.01090898 0.00468498 -0.18849300
v -0.00935598 0.00522601 -0.18711790
v -0.01024498 0.00486403 -0.18775991
v -0.00948896 0.00509398 -0.18700901
v -0.00948700 0.00509500 -0.18701000
v -0.01024498 0.00486403 -0.18775991
v -0.00873395 0.00374501 -0.18547000
v -0.00956495 0.00490003 -0.18694501
v -0.01148399 0.00421303 -0.18901689
v -0.01090898 0.00468498 -0.18849300
v -0.00956495 0.00490003 -0.18694501
v -0.00848397 0.00491898 -0.18560700
v -0.00848397 0.00491898 -0.18560700
v -0.00948896 0.00509398 -0.18700901
v -0.00956495 0.00490003 -0.18694501
v -0.00791194 0.00492900 -0.18488499
v -0.00783398 0.00511800 -0.18494899
v -0.00791194 0.00492900 -0.18488499
v -0.00710198 0.00494402 -0.18384400
v -0.00710198 0.00494402 -0.18384400
v -0.00514295 0.00343101 -0.18049399
v -0.00630298 0.00495898 -0.18279400
v -0.00630298 0.00495898 -0.18279400
v -0.00702199 0.00513100 -0.18390700
v -0.00622096 0.00514298 -0.18285701
v -0.00688698 0.00525802 -0.18401191
v -0.00769999 0.00524800 -0.18505500
v -0.00935598 0.00522601 -0.18711790
v -0.00753494 0.00529300 -0.18518500
v -0.00672295 0.00530302 -0.18413900
v -0.00935497 0.00522702 -0.18711901
v -0.00919100 0.00527399 -0.18725289
v -0.00989099 0.00523799 -0.18810090
v -0.00935497 0.00522702 -0.18711901
v -0.00919100 0.00527399 -0.18725289
v -0.00482895 0.00524002 -0.19129100
v -0.00989099 0.00523799 -0.18810090
v -0.00919100 0.00527399 -0.18725289
v -0.00989898 0.00523698 -0.18811101
v -0.00989898 0.00523698 -0.18811101
v -0.00540497 0.00504398 -0.19220900
v -0.01061799 0.00504499 -0.18893590
v -0.01061799 0.00504499 -0.18893590
v -0.01061996 0.00504398 -0.18893801
v -0.01061996 0.00504398 -0.18893801
v -0.00590196 0.00447803 -0.19300100
v -0.01128199 0.00447499 -0.18962289
v -0.01128199 0.00447499 -0.18962289
v -0.01130398 0.00444501 -0.18964299
v -0.01130398 0.00444501 -0.18964299
v -0.01173695 0.00352298 -0.18997000
v -0.00618395 0.00352299 -0.19345200
v -0.01173695 0.00352298 -0.18997000
v -0.00012500 0.00447803 -0.19662400
v -0.00040700 0.00352299 -0.19707499
v -0.00627895 0.00243598 -0.19360200
v 0.00614897 0.00504398 -0.19945601
v 0.00565199 0.00447803 -0.20024800
v 0.00037200 0.00504398 -0.19583300
v 0.00094800 0.00524002 -0.19491491
v 0.00672499 0.00524002 -0.19853800
v 0.00731096 0.00527399 -0.19760400
v 0.00153396 0.00527399 -0.19397999
v 0.00153396 0.00527399 -0.19397999
v 0.00865696 0.00535303 -0.18598200
v 0.00731096 0.00527399 -0.19760400
v 0.01440498 0.00535303 -0.18958689
v 0.02505496 0.00532299 -0.20090400
v 0.01308796 0.00527399 -0.20122699
v 0.01308796 0.00527399 -0.20122699
v 0.01886496 0.00527399 -0.20485100
v 0.01250199 0.00524002 -0.20216200
v 0.02474895 0.00531399 -0.20226800
v 0.01886496 0.00527399 -0.20485100
v 0.02443096 0.00530397 -0.20362800
v 0.02474895 0.00531399 -0.20226800
v 0.02443096 0.00530397 -0.20362800
v 0.02505496 0.00532299 -0.20090400
v 0.02409795 0.00529402 -0.20498499
v 0.02409795 0.00529402 -0.20498499
v 0.02374897 0.00528401 -0.20633700
v 0.02374897 0.00528401 -0.20633700
v 0.02338395 0.00527399 -0.20768490
v 0.02338395 0.00527399 -0.20768490
v 0.02338395 0.00527399 -0.20768490
v 0.01827797 0.00524002 -0.20578501
v 0.02307597 0.00523698 -0.20876200
v 0.02358797 0.00522798 -0.20774101
v 0.02307597 0.00523698 -0.20876200
v 0.02338395 0.00527399 -0.20768490
v 0.02358797 0.00522798 -0.20774101
v 0.02328798 0.00519400 -0.20881399
v 0.02358899 0.00522702 -0.20774200
v 0.02358899 0.00522702 -0.20774200
v 0.02318999 0.00489401 -0.20988800
v 0.02306798 0.00523602 -0.20878900
v 0.02299395 0.00502002 -0.20988500
v 0.02331296 0.00469702 -0.20985100
v 0.02277097 0.00448703 -0.21086100
v 0.02276299 0.00504899 -0.20984501
v 0.02275595 0.00503999 -0.20987090
v 0.02244696 0.00352203 -0.21140900
v 0.02251098 0.00447601 -0.21082289
v 0.02251098 0.00447702 -0.21082100
v 0.02251098 0.00447702 -0.21082100
v 0.01720598 0.00447803 -0.20749500
v 0.02275595 0.00503999 -0.20987090
v 0.01692298 0.00352299 -0.20794500
v 0.02244696 0.00352203 -0.21140900
v 0.02251098 0.00447601 -0.21082289
v 0.01114598 0.00352299 -0.20432199
v 0.01682899 0.00243598 -0.20809600
v 0.01105198 0.00243598 -0.20447200
v 0.01142898 0.00447803 -0.20387100
v 0.00537000 0.00352299 -0.20069900
v 0.00527499 0.00243598 -0.20084891
v -0.00050195 0.00243598 -0.19722500
v -0.00051399 0.00133299 -0.19724600
v 0.00526199 0.00133299 -0.20086899
v 0.00525597 -0.00131397 -0.20086500
v -0.00051399 0.00133299 -0.19724600
v -0.00052299 -0.00131397 -0.19724099
v -0.00629100 0.00133299 -0.19362190
v -0.00629100 0.00133299 -0.19362190
v -0.01196696 0.00243597 -0.19003300
v -0.01206799 0.00133299 -0.18999900
v -0.01210900 0.00000603 -0.18997291
v -0.01206799 0.00133299 -0.18999900
v -0.00630196 -0.00131397 -0.19361600
v -0.00052299 -0.00131397 -0.19724099
v -0.00628998 -0.00241793 -0.19359601
v -0.00630196 -0.00131397 -0.19361600
v -0.01208200 -0.00131397 -0.18999089
v -0.01208200 -0.00131397 -0.18999089
v -0.01208200 -0.00131397 -0.18999089
v -0.01226600 -0.00132897 -0.18978401
v -0.01210900 0.00000603 -0.18997291
v -0.01208200 -0.00131397 -0.18999089
v -0.01199599 -0.00238497 -0.19001600
v -0.00051095 -0.00241793 -0.19722000
v -0.00619497 -0.00350595 -0.19344500
v -0.00041600 -0.00350595 -0.19707000
v -0.01135297 -0.00443596 -0.18960799
v -0.00013300 -0.00446195 -0.19661900
v 0.00526897 -0.00241793 -0.20084500
v 0.00536296 -0.00350595 -0.20069499
v 0.00526199 -0.00131397 -0.20086899
v 0.01104799 -0.00241793 -0.20446999
v 0.00525597 -0.00131397 -0.20086500
v 0.01103500 -0.00131397 -0.20449001
v 0.00526199 -0.00131397 -0.20086899
v 0.01103500 -0.00131397 -0.20449001
v 0.01681397 -0.00131397 -0.20811500
v 0.01103899 0.00133299 -0.20449300
v 0.01681397 -0.00131397 -0.20811500
v 0.00526295 0.00133299 -0.20086899
v 0.01103899 0.00133299 -0.20449300
v 0.01681599 0.00133299 -0.20811591
v 0.01681599 0.00133299 -0.20811591
v 0.02250800 0.00243598 -0.21166500
v 0.02259299 0.00133299 -0.21173900
v 0.02263400 0.00000903 -0.21176501
v 0.02259299 0.00133299 -0.21173900
v 0.02280399 0.00134801 -0.21181300
v 0.02263400 0.00000903 -0.21176501
v 0.02250895 0.00242203 -0.21166700
v 0.02250895 0.00242203 -0.21166700
v 0.02280399 0.00134801 -0.21181300
v 0.02259299 0.00133299 -0.21173900
v 0.02250800 0.00243598 -0.21166500
v 0.02259299 -0.00131397 -0.21174000
v 0.02259299 -0.00131397 -0.21174000
v 0.02263400 0.00000903 -0.21176501
v 0.02250698 -0.00241792 -0.21165600
v 0.02250895 -0.00240296 -0.21165800
v 0.02280399 -0.00132997 -0.21181300
v 0.02250895 -0.00240296 -0.21165800
v 0.02259299 -0.00131397 -0.21174000
v 0.02280399 -0.00132997 -0.21181300
v 0.02278897 -0.00243897 -0.21173000
v 0.02250698 -0.00241792 -0.21165600
v 0.02287498 -0.00133497 -0.21181600
v 0.02302399 -0.00134297 -0.21178700
v 0.02287498 -0.00133497 -0.21181600
v 0.01682696 -0.00241793 -0.20809500
v 0.02243099 -0.00350696 -0.21140190
v 0.02243200 -0.00348395 -0.21141000
v 0.02243200 -0.00348395 -0.21141000
v 0.01692096 -0.00350595 -0.20794401
v 0.01114199 -0.00350595 -0.20432000
v 0.02248398 -0.00446093 -0.21080300
v 0.02248296 -0.00445396 -0.21081001
v 0.02248398 -0.00446093 -0.21080300
v 0.02248296 -0.00445396 -0.21081001
v 0.02272096 -0.00502795 -0.20984890
v 0.02272096 -0.00502795 -0.20984890
v 0.02243099 -0.00350696 -0.21140190
v 0.02244696 0.00350099 -0.21141700
v 0.02244696 0.00350099 -0.21141700
v -0.01210900 0.00000603 -0.18997291
v -0.01225295 0.00135099 -0.18979301
v -0.01206799 0.00133299 -0.18999900
v -0.01229497 0.00000803 -0.18976399
v -0.01229497 0.00000803 -0.18976399
v -0.01225396 0.00135099 -0.18979000
v -0.01225396 0.00135099 -0.18979000
v -0.01225295 0.00135099 -0.18979301
v -0.01197197 0.00240099 -0.19003300
v -0.01206799 0.00133299 -0.18999900
v -0.01197197 0.00240099 -0.19003300
v -0.01196696 0.00243597 -0.19003300
v -0.01175298 0.00347000 -0.18997900
v -0.01175298 0.00347000 -0.18997900
v 0.01192597 0.00504398 -0.20307900
v 0.01770297 0.00504398 -0.20670301
v 0.02306798 0.00523602 -0.20878900
v 0.02276299 0.00504899 -0.20984501
v 0.02562896 0.00534301 -0.19816799
v 0.02534697 0.00533300 -0.19953699
v 0.02015194 0.00535303 -0.19319200
v -0.00424298 0.00527399 -0.19035700
v -0.00672295 0.00530302 -0.18413900
v -0.00424298 0.00527399 -0.19035700
v -0.00435396 0.00533300 -0.18094601
v -0.00513198 0.00532298 -0.18201999
v -0.00592198 0.00531297 -0.18308400
v -0.00513198 0.00532298 -0.18201999
v -0.00608596 0.00526898 -0.18295900
v -0.00529596 0.00527900 -0.18189789
v -0.00451799 0.00529002 -0.18082800
v -0.00592198 0.00531297 -0.18308400
v -0.00435396 0.00533300 -0.18094601
v -0.00375398 0.00530099 -0.17974900
v -0.00388994 0.00518202 -0.17965300
v -0.00465395 0.00516903 -0.18073000
v -0.00475999 0.00498997 -0.18069699
v -0.00473895 0.00498997 -0.18066791
v -0.00543197 0.00515597 -0.18179800
v -0.00397500 0.00500601 -0.17959200
v -0.00397500 0.00500601 -0.17959200
v -0.00186595 0.00313800 -0.17530800
v -0.00322499 0.00502299 -0.17850600
v -0.00322499 0.00502299 -0.17850600
v -0.00473895 0.00498997 -0.18066791
v -0.00546094 0.00000903 -0.18027700
v -0.00220796 0.00000903 -0.17513300
v -0.00275298 0.00507700 -0.17783500
v -0.00218698 0.00539999 -0.17721000
v -0.00162598 0.00605499 -0.17688700
v -0.00152096 0.00620698 -0.17686000
v -0.00218698 0.00000903 -0.17509700
v -0.00089797 0.00609498 -0.17580689
v -0.00475999 0.00498997 -0.18069699
v -0.00162598 0.00605499 -0.17688700
v -0.00216600 0.00553601 -0.17736600
v -0.00218698 0.00539999 -0.17721000
v -0.00268098 0.00524597 -0.17792199
v -0.00275298 0.00507700 -0.17783500
v -0.00255998 0.00535702 -0.17803500
v -0.00313797 0.00519603 -0.17856701
v -0.00313797 0.00519603 -0.17856701
v -0.00313797 0.00519501 -0.17856701
v -0.00300296 0.00531100 -0.17866000
v -0.00313797 0.00519501 -0.17856701
v -0.00300296 0.00531100 -0.17866000
v -0.00300195 0.00531202 -0.17866000
v -0.00300195 0.00531202 -0.17866000
v -0.00358900 0.00534301 -0.17986400
v -0.00240298 0.00539600 -0.17815889
v -0.00283798 0.00535302 -0.17877200
v -0.00283798 0.00535302 -0.17877200
v 0.00290999 0.00535302 -0.18237699
v -0.00358900 0.00534301 -0.17986400
v -0.00283798 0.00535302 -0.17877200
v -0.00283798 0.00535302 -0.17877200
v -0.00240298 0.00539600 -0.17815889
v -0.00240298 0.00539600 -0.17815800
v -0.00322499 0.00502299 -0.17850600
v -0.00152096 0.00620698 -0.17686000
v -0.00115695 0.00678002 -0.17685300
v -0.00115695 0.00678002 -0.17685300
v -0.00074198 0.00747900 -0.17697699
v -0.00074198 0.00747900 -0.17697699
v -0.00032200 0.00813900 -0.17714999
v -0.00032200 0.00813900 -0.17714999
v 0.00011500 0.00876497 -0.17735600
v 0.00002400 0.00874500 -0.17759700
v 0.00011500 0.00876497 -0.17735600
v 0.00002300 0.00874399 -0.17759900
v 0.00027500 0.00897699 -0.17743400
v 0.00002400 0.00874500 -0.17759700
v 0.00011500 0.00876497 -0.17735600
v 0.00002300 0.00874399 -0.17759900
v 0.00004100 0.00864499 -0.17783700
v 0.00207398 0.01092600 -0.17866699
v 0.00004100 0.00864499 -0.17783700
v 0.00218300 0.01095401 -0.17842699
v 0.00027500 0.00897699 -0.17743400
v -0.00220796 0.00000903 -0.17513300
v -0.00551494 0.00497501 -0.18173499
v -0.00551494 0.00497501 -0.18173499
v -0.00753494 0.00529300 -0.18518500
v -0.00919100 0.00527399 -0.18725289
v -0.00905099 0.00000903 -0.18524601
v -0.00548496 0.00000903 -0.18031199
v -0.00948700 0.00509500 -0.18701000
v -0.01030495 -0.00516195 -0.18847390
v -0.01153495 -0.00418992 -0.18898200
v -0.00995995 -0.00522394 -0.18806900
v -0.00962694 -0.00487292 -0.18690100
v -0.00614699 -0.00524993 -0.18291900
v -0.00549295 -0.00513393 -0.18175700
v -0.00557496 -0.00494797 -0.18169500
v -0.00597998 -0.00529594 -0.18304500
v -0.00535598 -0.00525994 -0.18185800
v -0.00471499 -0.00514592 -0.18069001
v -0.00479796 -0.00496293 -0.18062900
v -0.00479498 -0.00496293 -0.18062501
v -0.00479498 -0.00496293 -0.18062501
v -0.00479796 -0.00496293 -0.18062900
v -0.00557496 -0.00494797 -0.18169500
v 0.02380696 -0.00490094 -0.20778100
v 0.02380696 -0.00490094 -0.20778100
v 0.02417097 -0.00491596 -0.20642699
v 0.02451900 -0.00492996 -0.20506801
v 0.02464596 -0.00493592 -0.20455501
v 0.02485100 -0.00494492 -0.20370700
v 0.02530196 -0.00531495 -0.19950800
v 0.02530196 -0.00531495 -0.19950800
v 0.02337298 0.00000903 -0.21150400
v 0.02333096 0.00136703 -0.21147700
v 0.02589998 0.00535303 -0.19679700
v -0.00105598 0.00666099 -0.17751500
v -0.00065394 0.00727998 -0.17763300
v 0.00704799 0.01287298 -0.18190999
v 0.01232395 0.01334302 -0.18517500
v -0.00289299 -0.00533397 -0.17873789
v 0.02597097 -0.00539893 -0.19580901
v 0.02377895 -0.00983191 -0.19194900
v 0.02443800 -0.01116498 -0.10050700
v 0.02349195 -0.01139398 -0.09375000
v 0.02242598 -0.01157495 -0.08700495
v 0.02386096 -0.00606796 -0.08020895
v 0.02125099 -0.01169994 -0.08030498
v 0.01798299 -0.01572593 -0.08728200
v 0.01672295 -0.01593395 -0.08081001
v 0.01997999 -0.01176294 -0.07365298
v 0.01534096 -0.01605596 -0.07437598
v 0.01372197 -0.01663997 -0.08121997
v 0.01223698 -0.01678094 -0.07492095
v 0.01058296 -0.01594397 -0.08168698
v 0.00896797 -0.01608899 -0.07552200
v 0.00585798 -0.01185396 -0.08227796
v 0.00405595 -0.01196399 -0.07633496
v 0.00334898 -0.00612994 -0.08237296
v 0.00245998 0.00000901 -0.08239299
v 0.00415698 0.00000901 -0.08805799
v 0.00150595 -0.00616398 -0.07658696
v 0.00244597 0.00000901 -0.08234798
v 0.00335298 0.00614796 -0.08241295
v 0.00244597 0.00000901 -0.08234798
v 0.00151399 0.00618199 -0.07662796
v 0.00245998 0.00000901 -0.08239299
v 0.00062900 0.00000901 -0.07667601
v 0.00062900 0.00000901 -0.07667601
v 0.00061400 0.00000901 -0.07663196
v -0.00034700 0.00617996 -0.07105499
v 0.00221697 0.01202199 -0.07058495
v 0.00061400 0.00000901 -0.07663196
v -0.00035800 -0.00616195 -0.07101595
v -0.00121196 0.00000901 -0.07119196
v -0.00121196 0.00000901 -0.07119196
v -0.00122597 0.00000901 -0.07115095
v -0.00122597 0.00000901 -0.07115095
v -0.00233098 -0.00612494 -0.06533896
v -0.00316497 0.00000901 -0.06559699
v -0.00231596 0.00614301 -0.06538397
v -0.00316497 0.00000901 -0.06559699
v -0.00468197 0.00607601 -0.05872297
v -0.00197794 0.01190701 -0.05816698
v -0.00317999 0.00000901 -0.06555300
v 0.00026100 0.01199498 -0.06472295
v -0.00431397 0.01177498 -0.05136495
v -0.00718900 0.00598797 -0.05171495
v -0.00557896 0.00000901 -0.05885595
v -0.00811800 0.00000901 -0.05182999
v -0.00813498 0.00000901 -0.05178195
v -0.00962295 0.00588795 -0.04483097
v -0.01061495 0.00000901 -0.04484897
v -0.01059999 0.00000901 -0.04489296
v -0.01198598 0.00578800 -0.03787195
v -0.01059999 0.00000901 -0.04489296
v -0.00964298 -0.00587097 -0.04478394
v -0.01061495 0.00000901 -0.04484897
v -0.00813498 0.00000901 -0.05178195
v -0.00720897 -0.00596997 -0.05166494
v -0.00660797 -0.01159295 -0.04459398
v -0.00880399 -0.01142999 -0.03780597
v -0.01200499 -0.00577095 -0.03782796
v -0.01083996 -0.01127794 -0.03096795
v -0.00751599 -0.01368698 -0.03227800
v -0.00593498 -0.01382699 -0.03771400
v -0.00749197 -0.01369598 -0.03231799
v -0.00540396 -0.01440694 -0.03577399
v -0.00449695 -0.01461097 -0.03521698
v -0.00749197 -0.01369598 -0.03231799
v -0.00540396 -0.01440694 -0.03577399
v -0.00661495 -0.01396795 -0.03172796
v -0.00751599 -0.01368698 -0.03227800
v -0.00423696 -0.01476195 -0.03764396
v -0.00423696 -0.01476195 -0.03764396
v -0.00322296 -0.01504793 -0.03923797
v -0.00231894 -0.01517596 -0.03867995
v -0.00322296 -0.01504793 -0.03923797
v -0.00098100 -0.01560798 -0.04266899
v -0.00098100 -0.01560798 -0.04266899
v -0.00083598 -0.01564094 -0.04288798
v -0.00009000 -0.01565494 -0.04211896
v -0.00387295 -0.01400294 -0.04436194
v -0.00083598 -0.01564094 -0.04288798
v -0.00008800 -0.01580199 -0.04400295
v 0.00219098 -0.01603796 -0.04554498
v 0.00074500 -0.01515295 -0.04167497
v -0.00143000 -0.01472398 -0.03822195
v -0.00293197 -0.01336595 -0.03453397
v -0.00356498 -0.01421895 -0.03474998
v 0.00056200 -0.01413199 -0.04034399
v -0.00085595 -0.01384499 -0.03801596
v -0.00293197 -0.01336595 -0.03453397
v -0.00223394 -0.01089897 -0.03306496
v -0.00336000 -0.01325794 -0.03380399
v -0.00336000 -0.01325794 -0.03380399
v -0.00085595 -0.01384499 -0.03801596
v 0.00194500 -0.01089897 -0.03943794
v 0.00070100 -0.00802097 -0.03114098
v -0.00347694 -0.00802097 -0.02476799
v -0.00641199 -0.01089898 -0.02669197
v -0.00495597 -0.01282898 -0.03103297
v -0.00691196 -0.01223395 -0.02750897
v -0.00691196 -0.01223395 -0.02750897
v -0.00564798 -0.01364394 -0.03125697
v -0.00495597 -0.01282898 -0.03103297
v -0.00766399 -0.01299897 -0.02774000
v -0.00710698 -0.01216999 -0.02714794
v -0.00866195 -0.01324496 -0.02820700
v -0.00959094 -0.01228097 -0.02419495
v -0.00877699 -0.01158199 -0.02396196
v -0.00710698 -0.01216999 -0.02714794
v -0.00877699 -0.01158199 -0.02396196
v -0.01046796 -0.01089898 -0.02050596
v -0.01046796 -0.01089898 -0.02050596
v -0.00765499 -0.00802097 -0.01839494
v -0.01056297 -0.01085696 -0.02030199
v -0.01052900 -0.01087198 -0.02037596
v -0.01052900 -0.01087198 -0.02037596
v -0.01140096 -0.01148996 -0.02060496
v -0.01183297 -0.00802097 -0.01202195
v -0.01214196 -0.00858096 -0.01335597
v -0.01206299 -0.01011596 -0.01685500
v -0.01213195 -0.01011596 -0.01674896
v -0.01305499 -0.01063297 -0.01696497
v -0.01056297 -0.01085696 -0.02030199
v -0.01213195 -0.01011596 -0.01674896
v -0.00395795 -0.00699094 -0.01597100
v -0.00813695 -0.00699095 -0.00959796
v -0.01224198 -0.00827799 -0.01229000
v -0.01225700 -0.00823299 -0.01211899
v -0.01232197 -0.00801996 -0.01127696
v -0.01234998 -0.00792495 -0.01087099
v -0.00813695 -0.00699095 -0.00959796
v 0.00966099 -0.00699095 -0.00136900
v -0.01199200 -0.00699095 -0.00007300
v 0.00980995 -0.00699095 -0.00874698
v -0.00395795 -0.00699094 -0.01597100
v -0.01231499 -0.00699095 -0.00322497
v -0.01246299 -0.00742898 -0.00834197
v -0.01245995 -0.00710896 -0.00579697
v -0.01231499 -0.00699095 -0.00322497
v -0.01231499 -0.00699095 -0.00322497
v -0.01256396 -0.00705794 -0.00320995
v -0.01256295 -0.00705699 -0.00320995
v -0.01199200 -0.00699095 -0.00007300
v -0.01256295 -0.00705699 -0.00320995
v -0.01245995 -0.00710896 -0.00579697
v -0.01256396 -0.00705794 -0.00320995
v -0.01268097 -0.00719295 -0.00578898
v -0.01274695 -0.00724099 -0.00319898
v -0.01283898 -0.00737295 -0.00577295
v -0.01265695 -0.00752798 -0.00833500
v -0.01246299 -0.00742898 -0.00834197
v -0.01223900 -0.00705794 -0.00003700
v -0.01274695 -0.00724099 -0.00319898
v -0.01241996 -0.00724099 -0.00001000
v -0.01281394 -0.00749097 -0.00319499
v -0.01274796 -0.00724194 -0.00319898
v -0.01274796 -0.00724194 -0.00319898
v -0.01281394 -0.00749097 -0.00319499
v -0.01233299 -0.00749097 0.00096500
v -0.01248600 -0.00749097 -0.00000100
v -0.01182194 -0.00724099 0.00311899
v -0.01164396 -0.00705794 0.00307697
v -0.01140096 -0.00699095 0.00301796
v -0.01052399 -0.00699095 0.00603396
v -0.01140096 -0.00699095 0.00301796
v -0.01052399 -0.00699095 0.00603396
v -0.00935199 -0.00699095 0.00897795
v -0.01188697 -0.00749097 0.00313496
v -0.01279100 -0.00769798 -0.00831497
v -0.01251699 -0.00802997 -0.01086199
v -0.01234998 -0.00792495 -0.01087099
v -0.01262899 -0.00818894 -0.01083695
v -0.01240994 -0.00833998 -0.01210796
v -0.01232197 -0.00801996 -0.01127696
v -0.01267197 -0.00837795 -0.01079899
v -0.01283999 -0.00790695 -0.00828397
v -0.01251294 -0.00849197 -0.01207995
v -0.01278796 -0.00899098 -0.00924295
v -0.01267197 -0.00837795 -0.01079899
v -0.01283999 -0.00790695 -0.00828397
v -0.01255198 -0.00867096 -0.01203894
v -0.01265295 -0.00899098 -0.01100397
v -0.01255198 -0.00867096 -0.01203894
v -0.01247199 -0.00899098 -0.01276695
v -0.01265295 -0.00899098 -0.01100397
v -0.01253696 -0.00923899 -0.01277500
v -0.01247199 -0.00899098 -0.01276695
v -0.01241298 -0.00900099 -0.01326799
v -0.01253696 -0.00923899 -0.01277500
v -0.01241298 -0.00900099 -0.01326799
v -0.01247199 -0.00899098 -0.01276695
v -0.01223995 -0.00937197 -0.01488000
v -0.01223298 -0.00935600 -0.01488095
v -0.01223298 -0.00935600 -0.01488095
v -0.01237496 -0.00883297 -0.01331198
v -0.01241298 -0.00900099 -0.01326799
v -0.01237496 -0.00883297 -0.01331198
v -0.01241298 -0.00900099 -0.01326799
v -0.01233496 -0.00875697 -0.01332795
v -0.01221998 -0.00939295 -0.01500999
v -0.01221998 -0.00939295 -0.01500999
v -0.01206299 -0.01011596 -0.01685500
v -0.01211699 -0.00978098 -0.01612800
v -0.01235898 -0.00953594 -0.01486796
v -0.01211699 -0.00978098 -0.01612800
v -0.01251097 -0.00965396 -0.01496297
v -0.01253094 -0.00963995 -0.01487398
v -0.01271995 -0.00942395 -0.01279598
v -0.01272197 -0.00942496 -0.01279598
v -0.01372095 -0.00965396 -0.01311796
v -0.01253094 -0.00963995 -0.01487398
v -0.01296898 -0.00949094 -0.01282399
v -0.01296898 -0.00949094 -0.01282399
v -0.01251097 -0.00965396 -0.01496297
v -0.01305999 -0.00949094 -0.01268500
v -0.01403995 -0.00965396 -0.01263195
v -0.01385196 -0.00969294 -0.01307499
v -0.01380898 -0.00970296 -0.01317596
v -0.01213195 -0.01011596 -0.01674896
v -0.01206299 -0.01011596 -0.01685500
v -0.01403995 -0.00965396 -0.01263195
v -0.01472195 -0.00986895 -0.01325899
v -0.01385196 -0.00969294 -0.01307499
v -0.01380898 -0.00970296 -0.01317596
v -0.01527198 -0.00949094 -0.00931198
v -0.01591595 -0.00938395 -0.00935197
v -0.01305499 -0.01063297 -0.01696497
v -0.01408799 -0.01058898 -0.01736199
v -0.01556398 -0.00963894 -0.01350295
v -0.01326795 -0.01103196 -0.02152395
v -0.01243694 -0.01154998 -0.02103894
v -0.01408799 -0.01058898 -0.01736199
v -0.01487799 -0.01000098 -0.01780396
v -0.01521500 -0.00976298 -0.01692795
v -0.01487799 -0.01000098 -0.01780396
v -0.01521500 -0.00976298 -0.01692795
v -0.01614996 -0.00559697 -0.02374500
v -0.01487799 -0.01000098 -0.01780396
v -0.01313396 -0.01111099 -0.02181196
v -0.01326795 -0.01103196 -0.02152395
v -0.01262798 -0.01114598 -0.02406400
v -0.01201798 -0.01172397 -0.02410399
v -0.01313396 -0.01111099 -0.02181196
v -0.01201798 -0.01172397 -0.02410399
v -0.01147600 -0.01200000 -0.02516597
v -0.01061197 -0.01244000 -0.02465099
v -0.01147600 -0.01200000 -0.02516597
v -0.00954797 -0.01288596 -0.02874398
v -0.00954797 -0.01288596 -0.02874398
v -0.00825497 -0.01340899 -0.03101396
v -0.00825497 -0.01340899 -0.03101396
v -0.01420696 -0.00567797 -0.03081995
v -0.01302995 0.00000901 -0.03783798
v -0.01527800 0.00000901 -0.03081095
v -0.01528998 0.00000901 -0.03077399
v -0.01419099 0.00569495 -0.03086096
v -0.01302995 0.00000901 -0.03783798
v -0.01527800 0.00000901 -0.03081095
v -0.01301594 0.00000901 -0.03787899
v -0.01301594 0.00000901 -0.03787899
v -0.01528998 0.00000901 -0.03077399
v -0.01613595 0.00561496 -0.02378195
v -0.01261498 0.01117094 -0.02409899
v -0.01082500 0.01130296 -0.03100597
v -0.01199796 0.01175495 -0.02415394
v -0.01017698 0.01263400 -0.02761298
v -0.00823899 0.01343897 -0.03104799
v -0.01312496 0.01113297 -0.02183896
v -0.01200398 0.01175095 -0.02414000
v -0.01367797 0.01080294 -0.02063494
v -0.01312496 0.01113297 -0.02183896
v -0.01367797 0.01080294 -0.02063494
v -0.01517697 0.00980194 -0.01703995
v -0.01517697 0.00980194 -0.01703995
v -0.01768096 0.00554898 -0.01660400
v -0.01520796 0.00977899 -0.01695895
v -0.01520796 0.00977899 -0.01695895
v -0.01728799 0.00000900 -0.02363997
v -0.01887299 0.00000900 -0.01640498
v -0.01860495 0.00549498 -0.00932199
v -0.01886799 0.00000900 -0.01643496
v -0.01645597 0.00877800 -0.01333498
v -0.01571896 0.00943198 -0.01296097
v -0.01645597 0.00877800 -0.01333498
v -0.01677294 0.00846096 -0.00921696
v -0.01744397 0.00778797 -0.00955695
v -0.01744397 0.00778797 -0.00955695
v -0.01745297 0.00777700 -0.00951296
v -0.01745297 0.00777700 -0.00951296
v -0.01808496 0.00686296 -0.00557595
v -0.01808496 0.00686296 -0.00557595
v -0.01746895 0.00755795 -0.00538099
v -0.01824595 0.00621500 -0.00207799
v -0.01769396 0.00681200 -0.00140899
v -0.01857700 0.00544896 -0.00198895
v -0.01822998 0.00612500 -0.00147396
v -0.01824595 0.00621500 -0.00207799
v -0.01822998 0.00612500 -0.00147396
v -0.01771899 0.00577798 0.00266397
v -0.01729395 0.00642695 0.00257099
v -0.01771899 0.00577798 0.00266397
v -0.01728900 0.00643094 0.00256997
v -0.01708497 0.00574495 0.00516397
v -0.01729395 0.00642695 0.00257099
v -0.01771899 0.00577798 0.00266397
v -0.01623895 0.00639798 0.00641096
v -0.01666995 0.00685396 0.00243294
v -0.01728900 0.00643094 0.00256997
v -0.01720699 0.00540896 0.00520694
v -0.01708497 0.00574495 0.00516397
v -0.01664497 0.00572099 0.00655299
v -0.01664497 0.00572099 0.00655299
v -0.01971396 0.00000900 -0.00166500
v -0.01508595 0.00000900 0.01225996
v -0.01435496 0.00537195 0.01193594
v -0.01512500 0.00563898 0.01026999
v -0.01818200 0.00000900 0.00554997
v -0.01817699 0.00000900 0.00556695
v -0.01429297 0.00559594 0.01190799
v -0.01512500 0.00563898 0.01026999
v -0.01474800 0.00635495 0.01008695
v -0.01429297 0.00559594 0.01190799
v -0.01319899 0.00554498 0.01381194
v -0.01285495 0.00630697 0.01359796
v -0.01319899 0.00554498 0.01381194
v -0.01097198 0.00545998 0.01711297
v -0.01097198 0.00545998 0.01711297
v -0.01720496 -0.00538997 0.00522596
v -0.01508595 0.00000900 0.01225996
v -0.01817699 0.00000900 0.00556695
v -0.01818200 0.00000900 0.00554997
v -0.01971396 0.00000900 -0.00166500
v -0.01857896 -0.00542996 -0.00196397
v -0.01507898 0.00000900 0.01227200
v -0.01688697 -0.00861195 -0.00217599
v -0.01568099 -0.00853900 0.00499099
v -0.01575096 -0.00854395 0.00472295
v -0.01568099 -0.00853900 0.00499099
v -0.01326897 -0.00838099 0.01148200
v -0.01575096 -0.00854395 0.00472295
v -0.01690497 -0.00861297 -0.00240797
v -0.01688697 -0.00861195 -0.00217599
v -0.01690497 -0.00861297 -0.00240797
v -0.01861097 -0.00547597 -0.00929296
v -0.01692595 -0.00860897 -0.00941599
v -0.01647695 -0.00908498 -0.00938797
v -0.01692595 -0.00860897 -0.00941599
v -0.01691194 -0.00860999 -0.00963396
v -0.01691194 -0.00860999 -0.00963396
v -0.01647695 -0.00908498 -0.00938797
v -0.01692595 -0.00860897 -0.00941599
v -0.01620497 -0.00905094 -0.01375895
v -0.01620497 -0.00905094 -0.01375895
v -0.01769097 -0.00553099 -0.01657098
v -0.01886799 0.00000900 -0.01643496
v -0.01887299 0.00000900 -0.01640498
v -0.01728799 0.00000900 -0.02363997
v -0.01620897 -0.00925699 -0.00937098
v -0.01980295 0.00000900 -0.00908595
v -0.01980396 0.00000900 -0.00905895
v -0.01980396 0.00000900 -0.00905895
v -0.01980295 0.00000900 -0.00908595
v -0.01971700 0.00000900 -0.00168699
v -0.01971700 0.00000900 -0.00168699
v -0.01507898 0.00000900 0.01227200
v -0.01080795 0.00000900 0.01830697
v -0.01080795 0.00000900 0.01830697
v -0.01080294 0.00000900 0.01831400
v -0.01666995 0.00685396 0.00243294
v -0.01727899 0.00000900 -0.02367395
v -0.01727899 0.00000900 -0.02367395
v -0.01213195 -0.01011596 -0.01674896
v -0.01527198 -0.00949094 -0.00931198
v -0.01206299 -0.01011596 -0.01685500
v -0.01228299 -0.00868896 -0.01334196
v -0.01206299 -0.01011596 -0.01685500
v -0.01228299 -0.00868896 -0.01334196
v -0.01224198 -0.00827799 -0.01229000
v -0.01214196 -0.00858096 -0.01335597
v -0.01214196 -0.00858096 -0.01335597
v -0.01253797 -0.00924096 -0.01277500
v -0.01253797 -0.00924096 -0.01277500
v -0.01287099 -0.00899098 -0.00748700
v -0.01289495 -0.00763795 -0.00614596
v -0.01289495 -0.00763795 -0.00614596
v -0.01289495 -0.00899098 -0.00614596
v -0.01289596 -0.00760297 -0.00575298
v -0.01289596 -0.00899098 -0.00573498
v -0.01289596 -0.00760297 -0.00575298
v -0.01225700 -0.00823299 -0.01211899
v 0.01039699 -0.00699094 -0.01608896
v 0.00022000 -0.00699094 -0.02234399
v 0.00022000 -0.00699094 -0.02234399
v 0.01039699 -0.00699094 -0.01608896
v 0.01131895 -0.00699094 -0.02338194
v 0.01131895 -0.00699094 -0.02338194
v 0.00439796 -0.00699094 -0.02871698
v 0.01246396 -0.00699094 -0.03062695
v 0.01246396 -0.00699094 -0.03062695
v 0.00857595 -0.00699094 -0.03508996
v 0.01373896 -0.00699094 -0.03783994
v 0.01431295 -0.00690398 -0.03773397
v 0.01373896 -0.00699094 -0.03783994
v 0.01275495 -0.00699094 -0.04146295
v 0.01509497 -0.00699094 -0.04503297
v 0.01509497 -0.00699094 -0.04503297
v 0.00905798 -0.00802097 -0.04388695
v 0.01509497 -0.00699094 -0.04503297
v 0.01275495 -0.00699094 -0.04146295
v 0.00487999 -0.00802097 -0.03751397
v 0.00857595 -0.00699094 -0.03508996
v 0.00612298 -0.01089897 -0.04581099
v 0.01030097 -0.01089897 -0.05218398
v 0.00559399 -0.01486393 -0.04836297
v 0.00341598 -0.01460799 -0.04493194
v 0.00460199 -0.01476093 -0.04680800
v 0.00296096 -0.01549693 -0.04512095
v 0.00460199 -0.01476093 -0.04680800
v 0.00341598 -0.01460799 -0.04493194
v 0.00126100 -0.01426198 -0.04147899
v 0.00126100 -0.01426198 -0.04147899
v 0.00056200 -0.01413199 -0.04034399
v 0.00520597 -0.01572796 -0.04854899
v 0.00452099 -0.01629498 -0.04894596
v 0.00689397 -0.01638999 -0.05232995
v 0.00416098 -0.01647093 -0.05007594
v 0.00370995 -0.01642295 -0.04945397
v 0.00370995 -0.01642295 -0.04945397
v 0.00148400 -0.01585295 -0.05048298
v 0.00416098 -0.01647093 -0.05007594
v 0.00132800 -0.01607498 -0.04607999
v 0.00132800 -0.01607498 -0.04607999
v -0.00008800 -0.01580199 -0.04400295
v -0.00048900 -0.01567396 -0.04404395
v -0.00173297 -0.01417597 -0.05095696
v 0.00348697 -0.01600596 -0.05693495
v 0.00616298 -0.01660397 -0.05280095
v 0.00627199 -0.01660695 -0.05294698
v 0.00627199 -0.01660695 -0.05294698
v 0.00616298 -0.01660397 -0.05280095
v 0.00717995 -0.01668193 -0.05612295
v 0.00848798 -0.01657095 -0.05583596
v 0.00848798 -0.01657095 -0.05583596
v 0.00869194 -0.01655599 -0.05609399
v 0.01131997 -0.01616194 -0.05935800
v 0.00893799 -0.01679095 -0.06236898
v 0.00543997 -0.01610997 -0.06330096
v 0.00024400 -0.01197394 -0.06467796
v 0.00725297 -0.01614197 -0.06941896
v 0.00220100 -0.01200398 -0.07054197
v -0.00199797 -0.01188394 -0.05811798
v -0.00433400 -0.01175096 -0.05131798
v -0.00470098 -0.00605795 -0.05867195
v -0.00556096 0.00000901 -0.05890697
v -0.00317999 0.00000901 -0.06555300
v -0.00557896 0.00000901 -0.05885595
v -0.00556096 0.00000901 -0.05890697
v 0.01063398 -0.01682898 -0.06863398
v 0.01224896 -0.01604398 -0.06148898
v 0.01383397 -0.01609095 -0.06790399
v 0.01401195 -0.01526894 -0.06248897
v 0.01295695 -0.01569196 -0.06130194
v 0.01188299 -0.01602294 -0.06003797
v 0.01685700 -0.01345398 -0.06519800
v 0.01685700 -0.01345398 -0.06519800
v 0.01428297 -0.01497193 -0.06218397
v 0.01401195 -0.01526894 -0.06248897
v 0.01295695 -0.01569196 -0.06130194
v 0.01692298 -0.01329496 -0.06495499
v 0.01446495 -0.01460394 -0.06192499
v 0.01209900 -0.01535394 -0.05870097
v 0.01177594 -0.01583698 -0.05899494
v 0.01131997 -0.01616194 -0.05935800
v 0.00930599 -0.01626798 -0.05567395
v 0.01188299 -0.01602294 -0.06003797
v 0.00976697 -0.01571997 -0.05534499
v 0.00869194 -0.01655599 -0.05609399
v 0.00747899 -0.01581796 -0.05196499
v 0.00559399 -0.01486393 -0.04836297
v 0.00873396 -0.01501795 -0.05321097
v 0.00779799 -0.01500198 -0.05177795
v 0.00779799 -0.01500198 -0.05177795
v 0.00873396 -0.01501795 -0.05321097
v 0.01001296 -0.01498696 -0.05515098
v 0.01001296 -0.01498696 -0.05515098
v 0.01447895 -0.01089897 -0.05855697
v 0.01226995 -0.01474198 -0.05849599
v 0.01226995 -0.01474198 -0.05849599
v 0.01801095 -0.00802097 -0.05754297
v 0.01741395 -0.00802097 -0.05663299
v 0.01323596 -0.00802097 -0.05025994
v 0.01298997 -0.01460197 -0.05953299
v 0.01455996 -0.01415797 -0.06170797
v 0.01859996 -0.01089897 -0.06484299
v 0.01876000 -0.01035896 -0.06427395
v 0.01857296 -0.00878897 -0.06077098
v 0.01876000 -0.01035896 -0.06427395
v 0.01892999 -0.00854495 -0.06082999
v 0.01857296 -0.00878897 -0.06077098
v 0.01894894 -0.01024297 -0.06441795
v 0.01859996 -0.01089897 -0.06484299
v 0.01921395 -0.00824895 -0.06091195
v 0.01870600 -0.01092496 -0.06506896
v 0.01910499 -0.01011398 -0.06456595
v 0.01924297 -0.00995895 -0.06472998
v 0.01891896 -0.01078596 -0.06541997
v 0.01881895 -0.01086398 -0.06523698
v 0.01836196 -0.01175895 -0.06576699
v 0.01831296 -0.01174798 -0.06556200
v 0.01836398 -0.01175698 -0.06576597
v 0.01859495 -0.01176294 -0.06686699
v 0.01836196 -0.01175895 -0.06576699
v 0.01762995 -0.01269194 -0.06564396
v 0.01763800 -0.01259794 -0.06541895
v 0.01762995 -0.01269194 -0.06564396
v 0.01836398 -0.01175698 -0.06576597
v 0.01824895 -0.01172598 -0.06537301
v 0.01762399 -0.01249196 -0.06521296
v 0.01758799 -0.01236596 -0.06500697
v 0.01816598 -0.01169094 -0.06518298
v 0.01695499 -0.01311698 -0.06473398
v 0.01856896 -0.01097497 -0.06490099
v 0.01758799 -0.01236596 -0.06500697
v 0.01816598 -0.01169094 -0.06518298
v 0.01856896 -0.01097497 -0.06490099
v 0.01695499 -0.01290896 -0.06452000
v 0.01695499 -0.01290896 -0.06452000
v 0.01455996 -0.01415797 -0.06170797
v 0.02118495 -0.00603196 -0.06638497
v 0.01891896 -0.01078596 -0.06541997
v 0.01924297 -0.00995895 -0.06472998
v 0.01943496 -0.00788894 -0.06102097
v 0.02069697 0.00000901 -0.05928099
v 0.01980797 -0.00596896 -0.05950695
v 0.02256999 -0.00606498 -0.07339900
v 0.02070597 0.00000901 -0.05932998
v 0.02208498 0.00000901 -0.06624400
v 0.02070597 0.00000901 -0.05932998
v 0.01981595 0.00599000 -0.05955398
v 0.02069697 0.00000901 -0.05928099
v 0.01865599 0.00590697 -0.05369299
v 0.01956394 0.00000901 -0.05348497
v 0.01864699 -0.00588497 -0.05365198
v 0.01956394 0.00000901 -0.05348497
v 0.01838794 0.00604400 -0.05258297
v 0.01856795 0.00618896 -0.05371195
v 0.01807597 0.00585696 -0.05071097
v 0.01856795 0.00618896 -0.05371195
v 0.01838794 0.00604400 -0.05258297
v 0.01897696 0.00666496 -0.05652397
v 0.01897696 0.00666496 -0.05652397
v 0.01933494 0.00745496 -0.05967795
v 0.01933494 0.00745496 -0.05967795
v 0.01939497 0.00769600 -0.06042295
v 0.01916298 0.00808099 -0.06032097
v 0.01939497 0.00769600 -0.06042295
v 0.01936898 0.00947097 -0.06410396
v 0.01920995 0.00967499 -0.06395000
v 0.01882300 0.01098999 -0.06551700
v 0.01873198 0.01105097 -0.06532895
v 0.01835999 0.01177498 -0.06576097
v 0.01936898 0.00947097 -0.06410396
v 0.02119199 0.00605098 -0.06643700
v 0.01882300 0.01098999 -0.06551700
v 0.01998499 0.01178100 -0.07370299
v 0.02257297 0.00608298 -0.07344996
v 0.02209595 0.00000901 -0.06629896
v 0.02208498 0.00000901 -0.06624400
v 0.02209595 0.00000901 -0.06629896
v 0.02349898 0.00000901 -0.07335400
v 0.02349898 0.00000901 -0.07335400
v 0.02350995 0.00000901 -0.07340800
v 0.02350995 0.00000901 -0.07340800
v 0.02483300 0.00000901 -0.08023595
v 0.02483300 0.00000901 -0.08023595
v 0.02484295 0.00000901 -0.08028900
v 0.02125296 0.01171598 -0.08035296
v 0.01673696 0.01595601 -0.08085900
v 0.01807597 0.00585696 -0.05071097
v 0.01770994 0.00571796 -0.04863399
v 0.01770994 0.00571796 -0.04863399
v 0.01955596 0.00000901 -0.05344599
v 0.01773098 -0.00570998 -0.04877799
v 0.01955596 0.00000901 -0.05344599
v 0.01805499 -0.00583294 -0.05061697
v 0.01736698 -0.00637296 -0.04880797
v 0.01805499 -0.00583294 -0.05061697
v 0.01773098 -0.00570998 -0.04877799
v 0.01763496 -0.00709894 -0.05289196
v 0.01811496 -0.00665298 -0.05286598
v 0.01679799 -0.00684795 -0.04888397
v 0.01654700 -0.00633696 -0.04475200
v 0.01624200 -0.00661394 -0.04481095
v 0.01589099 -0.00681898 -0.04487895
v 0.01595900 -0.00705895 -0.04847496
v 0.01608697 -0.00708196 -0.04899895
v 0.01702598 -0.00737098 -0.05295896
v 0.01589099 -0.00681898 -0.04487895
v 0.01624200 -0.00661394 -0.04481095
v 0.01568195 -0.00689897 -0.04491895
v 0.01568195 -0.00689897 -0.04491895
v 0.01509497 -0.00699094 -0.04503297
v 0.01595900 -0.00705895 -0.04847496
v 0.01702598 -0.00737098 -0.05295896
v 0.01608697 -0.00708196 -0.04899895
v 0.01777896 -0.00781897 -0.05639398
v 0.01777896 -0.00781897 -0.05639398
v 0.01788297 -0.00790396 -0.05689996
v 0.01837495 -0.00762394 -0.05688995
v 0.01788297 -0.00790396 -0.05689996
v 0.01876095 -0.00723496 -0.05691599
v 0.01801095 -0.00802097 -0.05754297
v 0.01855895 -0.00616595 -0.05367100
v 0.01933095 -0.00742194 -0.05962896
v 0.01903495 -0.00674197 -0.05697798
v 0.01843396 -0.00606295 -0.05288296
v 0.01855895 -0.00616595 -0.05367100
v 0.01903495 -0.00674197 -0.05697798
v 0.01843396 -0.00606295 -0.05288296
v 0.01933095 -0.00742194 -0.05962896
v 0.01943496 -0.00788894 -0.06102097
v 0.01654700 -0.00633696 -0.04475200
v 0.01298997 -0.01460197 -0.05953299
v 0.00439796 -0.00699094 -0.02871698
v -0.00811800 0.00000901 -0.05182999
v 0.00415698 0.00000901 -0.08805799
v 0.00416896 0.00000901 -0.08810096
v 0.00416896 0.00000901 -0.08810096
v 0.00714896 0.00000902 -0.09959095
v 0.00714896 0.00000902 -0.09959095
v 0.01569095 0.00691697 -0.04493099
v 0.01510194 0.00700900 -0.04504400
v 0.01510194 0.00700900 -0.04504400
v 0.01351497 0.00577798 -0.02550899
v 0.01430598 0.00574997 -0.03032797
v 0.01363894 0.00547799 -0.02551299
v 0.01430598 0.00574997 -0.03032797
v 0.01351497 0.00577798 -0.02550899
v 0.01453695 0.00553700 -0.03118997
v 0.01445499 0.00574496 -0.03119200
v 0.01474700 0.00000900 -0.02552497
v 0.01474294 0.00000900 -0.02549797
v 0.01397500 0.00000900 -0.01987600
v 0.01315394 0.00578799 -0.02312600
v 0.01315394 0.00578799 -0.02312600
v 0.01547399 0.00570199 -0.03685599
v 0.01550594 0.00561598 -0.03685295
v 0.01561394 0.00000901 -0.03115695
v 0.01560900 0.00000901 -0.03112697
v 0.01653597 0.00000901 -0.03674495
v 0.01559594 0.00569698 -0.03751200
v 0.01612094 0.00567397 -0.04030299
v 0.01654098 0.00000901 -0.03677695
v 0.01559594 0.00569698 -0.03751200
v 0.01560900 0.00000901 -0.03112697
v 0.01750699 0.00000901 -0.04234796
v 0.01397196 0.00000900 -0.01985299
v 0.01397196 0.00000900 -0.01985299
v 0.01335696 0.00000900 -0.01421099
v 0.01335499 0.00000900 -0.01419097
v 0.01293895 -0.00106900 -0.00914997
v 0.01279095 -0.00198797 -0.00849295
v 0.01294097 0.00108596 -0.00915795
v 0.01293895 -0.00106900 -0.00914997
v 0.01300696 0.00000900 -0.00949395
v 0.01300696 0.00000900 -0.00949395
v 0.01335499 0.00000900 -0.01419097
v 0.01294097 0.00108596 -0.00915795
v 0.01300696 0.00000900 -0.00949395
v 0.01243898 -0.00304399 -0.00274700
v 0.01253095 -0.00304399 -0.00742400
v 0.01191095 -0.00576399 0.00583398
v 0.01161799 -0.00625495 0.00586396
v 0.01191095 -0.00576399 0.00583398
v 0.01231799 -0.00570295 0.00891697
v 0.01231799 -0.00570295 0.00891697
v 0.01234999 -0.00660000 0.01311999
v 0.01279494 -0.00613300 0.01303195
v 0.01379696 -0.00676696 0.02030098
v 0.01417700 -0.00649796 0.02019596
v 0.01379696 -0.00676696 0.02030098
v 0.01460996 -0.00604997 0.02454596
v 0.01390794 -0.00673996 0.02435898
v 0.01417700 -0.00649796 0.02019596
v 0.01356498 -0.00687198 0.02036595
v 0.01356498 -0.00687198 0.02036595
v 0.01291099 -0.00699095 0.02055096
v 0.01231799 -0.00606297 0.02835500
v 0.01252994 -0.00511895 0.02857798
v 0.00854096 -0.00519196 0.03082597
v 0.00852296 -0.00519298 0.03083097
v 0.00390998 -0.00522695 0.03090697
v 0.00854096 -0.00519196 0.03082597
v 0.00849197 -0.00304399 0.03102600
v 0.01252994 -0.00511895 0.02857798
v 0.00852296 -0.00519298 0.03083097
v 0.00379399 -0.00304399 0.03108596
v -0.00014500 -0.00525896 0.02871596
v 0.00008400 -0.00614099 0.02846300
v 0.00390998 -0.00522695 0.03090697
v -0.00014500 -0.00525896 0.02871596
v 0.00391100 -0.00522695 0.03090697
v 0.00391100 -0.00522695 0.03090697
v 0.00008600 -0.00614600 0.02846097
v 0.00008400 -0.00614099 0.02846300
v 0.00008600 -0.00614600 0.02846097
v 0.01257196 -0.00304399 0.02868396
v 0.00379399 -0.00304399 0.03108596
v -0.00014600 -0.00525395 0.02871698
v -0.00035700 -0.00304399 0.02884000
v 0.00849197 -0.00304399 0.03102600
v 0.01499400 -0.00304399 0.02462798
v 0.01490095 -0.00509600 0.02462297
v 0.01499400 -0.00304399 0.02462798
v 0.01257196 -0.00304399 0.02868396
v 0.01256797 -0.00511799 0.02854096
v 0.01448497 -0.00614397 0.02010995
v 0.01490095 -0.00509600 0.02462297
v 0.01490995 -0.00509695 0.02458995
v 0.01256797 -0.00511799 0.02854096
v 0.01490995 -0.00509695 0.02458995
v 0.01481900 -0.00526295 0.02001196
v 0.01461700 -0.00591896 0.02007395
v 0.01481900 -0.00526295 0.02001196
v 0.01466897 -0.00304697 0.01830399
v 0.01481900 -0.00526295 0.02001196
v 0.01376197 -0.00544999 0.01606196
v 0.01461700 -0.00591896 0.02007395
v 0.01376197 -0.00544999 0.01606196
v 0.01481900 -0.00526295 0.02001196
v 0.01502898 -0.00304399 0.01988899
v 0.01502898 -0.00304399 0.01988899
v 0.01502898 -0.00304399 0.01988899
v 0.01502898 -0.00304399 0.01988899
v 0.01502898 -0.00304399 0.01988899
v 0.01502898 -0.00304399 0.01988798
v 0.01502898 -0.00304399 0.01988595
v 0.01498398 -0.00304596 0.01969099
v 0.01484600 -0.00304697 0.01909798
v 0.01502898 -0.00304399 0.01988899
v 0.01502898 -0.00304399 0.01988899
v 0.01502898 -0.00304399 0.01988798
v 0.01502898 -0.00304399 0.01988595
v 0.01502696 -0.00304494 0.01987600
v 0.01501796 -0.00304494 0.01983898
v 0.01502696 -0.00304494 0.01987600
v 0.01501796 -0.00304494 0.01983898
v 0.01449898 -0.00304697 0.01750898
v 0.01433697 -0.00304697 0.01671195
v 0.01418099 -0.00304596 0.01591396
v 0.01339695 -0.00551597 0.01452100
v 0.01339695 -0.00551597 0.01452100
v 0.01305995 -0.00557695 0.01297897
v 0.01305995 -0.00557695 0.01297897
v 0.01448497 -0.00614397 0.02010995
v -0.00319596 -0.00528495 0.02585399
v -0.00014500 -0.00525896 0.02871596
v -0.00014500 -0.00525896 0.02871596
v -0.00511696 -0.00617198 0.02341198
v -0.00475397 -0.00639997 0.02350699
v -0.00475397 -0.00639997 0.02350699
v -0.00511696 -0.00617198 0.02341198
v -0.00544699 -0.00531296 0.02358800
v -0.00550195 -0.00589095 0.02325999
v -0.00553598 -0.00595496 0.02319395
v -0.00550195 -0.00589095 0.02325999
v -0.00613197 -0.00532399 0.02286595
v -0.00613197 -0.00532399 0.02286595
v -0.00557997 -0.00602500 0.02314198
v -0.00613197 -0.00532399 0.02286595
v -0.00568595 -0.00805400 0.02243900
v -0.00557997 -0.00602500 0.02314198
v -0.00613197 -0.00532399 0.02286595
v -0.00512197 -0.00648097 0.02324998
v -0.00568595 -0.00805400 0.02243900
v -0.00568595 -0.00805400 0.02243900
v -0.00568595 -0.00805400 0.02243900
v -0.00265398 -0.00699095 0.02306300
v -0.00297298 -0.00699095 0.02329397
v -0.00259896 -0.00699095 0.02301698
v -0.00265398 -0.00699095 0.02306300
v -0.00411298 -0.00718997 0.02321499
v -0.00224497 -0.00899098 0.02072495
v -0.00495895 -0.00899098 0.01706898
v -0.00601395 -0.00899098 0.01565897
v -0.00701096 -0.00899098 0.01421099
v -0.00701096 -0.00899098 0.01421099
v -0.00903996 -0.00942395 0.01129800
v -0.00966896 -0.00924096 0.00964296
v -0.00983496 -0.00942395 0.00972098
v -0.00925996 -0.00949095 0.01141595
v -0.00960894 -0.00899098 0.00961399
v -0.01031496 -0.00899098 0.00800997
v -0.01037695 -0.00924096 0.00803596
v -0.01031496 -0.00899098 0.00800997
v -0.00960894 -0.00899098 0.00961399
v -0.01039096 -0.00899098 0.00782394
v -0.01054694 -0.00942395 0.00810498
v -0.01099797 -0.00924096 0.00639796
v -0.01006098 -0.00949095 0.00982797
v -0.01019796 0.00000900 0.01904195
v -0.01019796 0.00000900 0.01904195
v -0.01006295 0.00300898 0.01893800
v 0.01418898 0.00301196 0.01590800
v 0.01418898 0.00301196 0.01590800
v 0.01434395 0.00301196 0.01670700
v 0.01376596 0.00546797 0.01606595
v 0.01434395 0.00301196 0.01670700
v 0.01339898 0.00553395 0.01451599
v 0.01376596 0.00546797 0.01606595
v 0.01279900 0.00615098 0.01302999
v 0.01461795 0.00593897 0.02006697
v 0.01481900 0.00528194 0.02001196
v 0.01339898 0.00553395 0.01451599
v 0.01481900 0.00528194 0.02001196
v 0.01467398 0.00301196 0.01829999
v 0.01450494 0.00301196 0.01750397
v 0.01485095 0.00301196 0.01909500
v 0.01467398 0.00301196 0.01829999
v 0.01450494 0.00301196 0.01750397
v 0.01485095 0.00301196 0.01909500
v 0.01498696 0.00301095 0.01968896
v 0.01498696 0.00301095 0.01968896
v 0.01503298 0.00300999 0.01988399
v 0.01503298 0.00300898 0.01988697
v 0.01502195 0.00300999 0.01983696
v 0.01502195 0.00300999 0.01983696
v -0.00036100 0.00300898 0.02884197
v 0.01257196 0.00300898 0.02868598
v 0.01499495 0.00300898 0.02462798
v 0.01481900 0.00528194 0.02001196
v 0.01499495 0.00300898 0.02462798
v 0.01503298 0.00300898 0.01988697
v 0.01503095 0.00300999 0.01987397
v 0.01503298 0.00300999 0.01988399
v 0.01503298 0.00300898 0.01988595
v 0.01503298 0.00300898 0.01988697
v 0.01503298 0.00300898 0.01988697
v 0.01503298 0.00300898 0.01988697
v 0.01503298 0.00300898 0.01988697
v 0.01503298 0.00300898 0.01988595
v 0.01503095 0.00300999 0.01987397
v 0.00379196 0.00300898 0.03108894
v 0.01489994 0.00511499 0.02462095
v 0.01257196 0.00300898 0.02868598
v 0.01256696 0.00513597 0.02854096
v 0.01252994 0.00513698 0.02857697
v 0.00849096 0.00300898 0.03102999
v 0.00849096 0.00300898 0.03102999
v 0.00854096 0.00521095 0.03082597
v 0.01231799 0.00608094 0.02835500
v 0.00854096 0.00521095 0.03082597
v 0.01252994 0.00513698 0.02857697
v 0.01460996 0.00606795 0.02454400
v 0.01256696 0.00513597 0.02854096
v 0.01390597 0.00675895 0.02435696
v 0.01489994 0.00511499 0.02462095
v 0.01448497 0.00616499 0.02010500
v 0.01379797 0.00678595 0.02029895
v 0.01481900 0.00528194 0.02001196
v 0.01461795 0.00593897 0.02006697
v 0.01490894 0.00511499 0.02458900
v 0.01417795 0.00651695 0.02019196
v 0.01448497 0.00616499 0.02010500
v 0.01417795 0.00651695 0.02019196
v 0.01490894 0.00511499 0.02458900
v 0.00852195 0.00521095 0.03083097
v 0.00852195 0.00521095 0.03083097
v 0.00390998 0.00524499 0.03090697
v 0.00379196 0.00300898 0.03108894
v -0.00014600 0.00527294 0.02871596
v -0.00036100 0.00300898 0.02884197
v -0.00014500 0.00527699 0.02871596
v -0.00014500 0.00527699 0.02871596
v -0.00014500 0.00527699 0.02871596
v -0.00014500 0.00527699 0.02871596
v 0.01306400 0.00559499 0.01297795
v 0.01306400 0.00559499 0.01297795
v 0.01232299 0.00572099 0.00890696
v 0.01232299 0.00572099 0.00890696
v 0.01162496 0.00627299 0.00585997
v 0.01191798 0.00578197 0.00582999
v 0.01191798 0.00578197 0.00582999
v 0.01168296 0.00581100 0.00318998
v 0.01168296 0.00581100 0.00318998
v 0.01149395 0.00582900 -0.00139999
v 0.01149395 0.00582900 -0.00139999
v 0.01148400 0.00582995 -0.00258100
v -0.00571599 0.00300898 0.02372997
v -0.01006295 0.00300898 0.01893800
v -0.00083997 0.00151002 -0.18257500
v -0.00176295 0.00533300 -0.18274300
v -0.00176295 0.00151002 -0.18274300
v -0.00176295 0.00151002 -0.18274300
v -0.00051399 0.00151002 -0.18326689
v -0.00083997 0.00151002 -0.18257500
v -0.00051399 0.00151002 -0.18326689
v -0.00051399 0.00533401 -0.18326689
v -0.00083997 0.00151002 -0.18257500
v -0.00083997 0.00533699 -0.18257500
v -0.00083997 0.00533699 -0.18257500
v 0.00005600 0.00533300 -0.18385200
v 0.00310794 0.00535302 -0.18250200
v -0.00051399 0.00533401 -0.18326689
v 0.00005600 0.00533300 -0.18385200
v -0.00083997 0.00533699 -0.18257500
v 0.00310794 0.00535302 -0.18250200
v 0.00911299 0.00539499 -0.18538090
v 0.00350795 0.00539499 -0.18186501
v -0.00205895 0.00539201 -0.17837299
v 0.00136900 0.00533300 -0.18475300
v 0.00270895 0.00533300 -0.18559401
v 0.00405399 0.00533300 -0.18643799
v 0.00539896 0.00533300 -0.18728100
v 0.00871400 0.00535303 -0.18601800
v 0.00871400 0.00535303 -0.18601800
v -0.00249698 0.00535302 -0.17898600
v -0.00249698 0.00535302 -0.17898600
v 0.01471797 0.00539499 -0.18889700
v 0.01508698 0.00566702 -0.18830900
v 0.00948099 0.00566702 -0.18479290
v 0.01531997 0.00626903 -0.18793701
v 0.00971500 0.00626903 -0.18442100
v 0.00387595 0.00566702 -0.18127701
v 0.02092496 0.00626903 -0.19145299
v 0.02102998 0.00699400 -0.19128500
v 0.01542500 0.00699400 -0.18776999
v 0.02108094 0.00774103 -0.19120400
v 0.02508095 0.00774103 -0.19371399
v 0.02548894 0.00699299 -0.19407990
v 0.02576897 0.00626599 -0.19448390
v 0.02528998 0.00738298 -0.19388799
v 0.02548894 0.00699299 -0.19407990
v 0.02571997 0.00691699 -0.19430500
v 0.02541497 0.00751399 -0.19400300
v 0.02528998 0.00738298 -0.19388799
v 0.02558097 0.00678402 -0.19419400
v 0.02558097 0.00678402 -0.19419400
v 0.02508095 0.00774103 -0.19371399
v 0.02069196 0.00566702 -0.19182500
v 0.02581200 0.00567501 -0.19504300
v 0.02596095 0.00630402 -0.19465400
v 0.02576897 0.00626599 -0.19448390
v 0.02579597 0.00615799 -0.19455500
v 0.02579597 0.00615799 -0.19455500
v 0.02581200 0.00567501 -0.19504300
v 0.02580097 0.00561600 -0.19513100
v 0.02592495 0.00567000 -0.19515000
v 0.02580097 0.00561600 -0.19513100
v 0.02603796 0.00576102 -0.19518800
v 0.02595899 0.00549799 -0.19589099
v 0.02611700 0.00587600 -0.19524100
v 0.02606598 0.00562500 -0.19591901
v 0.02603194 0.00646799 -0.19482100
v 0.02615395 0.00600498 -0.19530401
v 0.02612397 0.00578200 -0.19594499
v 0.02612695 0.00594800 -0.19596600
v 0.02614799 0.00613802 -0.19537289
v 0.02609298 0.00629800 -0.19535699
v 0.02599099 0.00661098 -0.19501500
v 0.02609298 0.00629800 -0.19535699
v 0.02575097 0.00714099 -0.19467300
v 0.02599099 0.00661098 -0.19501500
v 0.02469096 0.00884699 -0.19378699
v 0.02254996 0.01099502 -0.19226700
v 0.02610198 0.00625103 -0.19543500
v 0.02608296 0.00609201 -0.19597800
v 0.02610198 0.00625103 -0.19543500
v 0.02117697 0.01184403 -0.19767991
v 0.02508995 0.00666403 -0.19980501
v 0.02597496 0.00605899 -0.19665100
v 0.02372995 0.00997000 -0.19309000
v 0.02155498 0.01160102 -0.19135600
v 0.02254996 0.01099502 -0.19226700
v 0.02148494 0.01170300 -0.19154499
v 0.02148494 0.01170300 -0.19154499
v 0.02265296 0.01091700 -0.19233800
v 0.02271095 0.01081901 -0.19214800
v 0.02265296 0.01091700 -0.19233800
v 0.02372995 0.00997000 -0.19309000
v 0.02377495 0.00987803 -0.19289701
v 0.02469096 0.00884699 -0.19378699
v 0.02269796 0.01066302 -0.19199399
v 0.02374700 0.00973599 -0.19273791
v 0.02472499 0.00876200 -0.19359299
v 0.02365098 0.00956802 -0.19263799
v 0.02261797 0.01047801 -0.19190399
v 0.02468196 0.00863700 -0.19342699
v 0.02468196 0.00863700 -0.19342799
v 0.02457097 0.00849199 -0.19331691
v 0.02468196 0.00863700 -0.19342699
v 0.02511296 0.00820898 -0.19388690
v 0.02468196 0.00863700 -0.19342799
v 0.02506498 0.00808900 -0.19371900
v 0.02457097 0.00849199 -0.19331691
v 0.02546898 0.00763201 -0.19417401
v 0.02543995 0.00771599 -0.19437100
v 0.02508399 0.00828999 -0.19408300
v 0.02472499 0.00876200 -0.19359299
v 0.02508399 0.00828999 -0.19408300
v 0.02469096 0.00884699 -0.19378699
v 0.02543995 0.00771599 -0.19437100
v 0.02575097 0.00714099 -0.19467300
v 0.02578095 0.00704401 -0.19447599
v 0.02365098 0.00956802 -0.19263799
v 0.02111498 0.00849199 -0.19114999
v 0.02457097 0.00849199 -0.19331691
v 0.02111498 0.00849199 -0.19114999
v 0.02494696 0.00795298 -0.19360500
v 0.02494696 0.00795298 -0.19360500
v 0.02261797 0.01047801 -0.19190399
v 0.02149299 0.01123397 -0.19112600
v 0.01550999 0.00849199 -0.18763400
v 0.01776299 0.01273202 -0.18864400
v 0.01550999 0.00849199 -0.18763400
v 0.01904497 0.01234798 -0.18948500
v 0.02029899 0.01185201 -0.19031900
v 0.02149299 0.01123397 -0.19112600
v 0.02034697 0.01206403 -0.19039100
v 0.02029899 0.01185201 -0.19031900
v 0.02155796 0.01143401 -0.19120800
v 0.02032897 0.01223903 -0.19053499
v 0.01907799 0.01257001 -0.18954800
v 0.01904497 0.01234798 -0.18948500
v 0.01904699 0.01275103 -0.18968899
v 0.02024898 0.01234298 -0.19072300
v 0.01895794 0.01285498 -0.18987800
v 0.01556996 0.01434998 -0.19454500
v 0.01895794 0.01285498 -0.18987800
v 0.02024898 0.01234298 -0.19072300
v 0.01631698 0.01354300 -0.18817499
v 0.01742098 0.01330601 -0.18888300
v 0.01764599 0.01324903 -0.18902799
v 0.00956598 0.01510100 -0.19114700
v 0.00687996 0.01635199 -0.19713999
v 0.01497600 0.01375602 -0.18732100
v 0.01327798 0.01558499 -0.20087100
v 0.00365398 0.01633202 -0.19523599
v 0.00054100 0.01758997 -0.20094999
v 0.00398395 0.01756798 -0.20304100
v 0.00735799 0.01732503 -0.20507700
v 0.00376699 0.01843702 -0.21058200
v 0.00219694 0.01855801 -0.20959700
v -0.00272294 0.01869999 -0.20650500
v 0.00088300 0.01863103 -0.20877200
v 0.00376699 0.01843702 -0.21058200
v 0.00361595 0.01839797 -0.21081699
v 0.00219694 0.01855801 -0.20959700
v 0.00204596 0.01851903 -0.20983199
v 0.00088300 0.01863103 -0.20877200
v 0.00348995 0.01821397 -0.21098999
v 0.00192395 0.01833402 -0.21000799
v 0.00035800 0.01841901 -0.20902499
v 0.00047700 0.01860301 -0.20884700
v 0.00062700 0.01864200 -0.20861099
v -0.00109299 0.01865302 -0.20786100
v -0.00121000 0.01846902 -0.20804099
v -0.00282099 0.01820801 -0.20712390
v -0.00125595 0.01819800 -0.20810599
v -0.00277998 0.01847999 -0.20705500
v -0.00437095 0.01816403 -0.20615200
v -0.00433799 0.01843600 -0.20607699
v -0.00266697 0.01866399 -0.20687200
v -0.00125595 0.01819800 -0.20810599
v -0.00745496 0.01781599 -0.20421700
v -0.00437095 0.01816403 -0.20615200
v -0.00282099 0.01820801 -0.20712390
v -0.00591799 0.01804398 -0.20518200
v -0.00591799 0.01804398 -0.20518200
v -0.00745496 0.01781599 -0.20421700
v -0.00589600 0.01831602 -0.20509900
v -0.01807298 0.00421202 -0.19755600
v -0.01605197 0.01104699 -0.19882400
v -0.01181294 0.01613198 -0.20148299
v -0.00897595 0.01744198 -0.20326300
v -0.00897595 0.01744198 -0.20326300
v -0.00744899 0.01808600 -0.20412400
v -0.00422999 0.01862101 -0.20588989
v -0.00579395 0.01850002 -0.20490600
v -0.00408097 0.01865702 -0.20565000
v -0.00272294 0.01869999 -0.20650500
v -0.00564697 0.01853501 -0.20466400
v -0.00564697 0.01853501 -0.20466400
v -0.00408097 0.01865702 -0.20565000
v -0.00631895 0.01845102 -0.20424099
v -0.00631895 0.01845102 -0.20424099
v -0.00286695 0.01728200 -0.19887900
v -0.00721099 0.01830201 -0.20367899
v -0.00621500 0.01633899 -0.19684490
v 0.00047800 0.01597701 -0.19336100
v -0.01302995 0.01553701 -0.20001900
v -0.01170095 0.01656001 -0.20085300
v -0.01307895 0.01549302 -0.19998799
v -0.00922396 0.01440899 -0.19502100
v -0.00876798 0.01791798 -0.20269800
v -0.01026596 0.01735197 -0.20175400
v -0.00987395 0.01752298 -0.20200100
v -0.00262698 0.01503800 -0.19152900
v -0.00182995 0.01204603 -0.18461700
v -0.00541999 0.01323001 -0.18988999
v 0.00362298 0.01465200 -0.18773199
v 0.00413100 0.01261197 -0.18065800
v 0.00546399 0.01312398 -0.18144099
v 0.00648198 0.01341199 -0.18205000
v 0.00681398 0.01349001 -0.18224999
v 0.00817100 0.01373600 -0.18307499
v 0.00952998 0.01388900 -0.18391099
v 0.00952998 0.01388900 -0.18391099
v 0.00965396 0.01379101 -0.18372400
v 0.01089499 0.01396601 -0.18475690
v 0.00829998 0.01363801 -0.18288989
v 0.00817100 0.01373600 -0.18307499
v 0.01089499 0.01396601 -0.18475690
v 0.00839899 0.01344602 -0.18277400
v 0.00705597 0.01320301 -0.18195499
v 0.00694696 0.01339297 -0.18206599
v 0.00572494 0.01284199 -0.18115499
v 0.00560198 0.01302998 -0.18125900
v 0.00648198 0.01341199 -0.18205000
v 0.00681398 0.01349001 -0.18224999
v 0.00580195 0.01260798 -0.18115289
v 0.00451294 0.01211201 -0.18039199
v 0.00441597 0.01233898 -0.18038200
v 0.00328896 0.01146297 -0.17968599
v 0.00316796 0.01167999 -0.17966300
v 0.00427697 0.01252102 -0.18047900
v 0.00301096 0.01185303 -0.17975201
v 0.00413100 0.01261197 -0.18065800
v 0.00546399 0.01312398 -0.18144099
v 0.00285695 0.01193898 -0.17992900
v 0.00181595 0.01100002 -0.17908791
v 0.00199298 0.01083897 -0.17900801
v 0.00091500 0.00981997 -0.17843000
v 0.00071900 0.00996600 -0.17850300
v 0.00147200 0.01092498 -0.17916500
v 0.00165395 0.01107900 -0.17926399
v 0.00108600 0.00963901 -0.17847800
v 0.00015100 0.00849198 -0.17800100
v -0.00004000 0.00865000 -0.17794300
v -0.00004200 0.00865101 -0.17794300
v 0.00429997 0.00849198 -0.18060300
v 0.00108600 0.00963901 -0.17847800
v 0.00213895 0.01063799 -0.17904290
v 0.00213895 0.01063799 -0.17904290
v 0.00328896 0.01146297 -0.17968599
v 0.00451294 0.01211201 -0.18039199
v 0.00580195 0.01260798 -0.18115289
v 0.00711600 0.01296400 -0.18194400
v 0.00990496 0.00849199 -0.18411800
v 0.00429997 0.00849198 -0.18060300
v 0.00987098 0.00774103 -0.18417300
v 0.00990496 0.00849199 -0.18411800
v 0.00015100 0.00849198 -0.17800100
v 0.00426499 0.00774103 -0.18065700
v -0.00035100 0.00774103 -0.17776300
v 0.00421498 0.00699400 -0.18073800
v -0.00078895 0.00699299 -0.17759600
v 0.00981996 0.00699400 -0.18425400
v 0.00410894 0.00626903 -0.18090589
v 0.01547596 0.00774103 -0.18768790
v -0.00119200 0.00626903 -0.17758299
v -0.00057098 0.00737601 -0.17767100
v -0.00078895 0.00699299 -0.17759600
v -0.00077900 0.00751900 -0.17760099
v -0.00112399 0.00691800 -0.17748991
v -0.00057098 0.00737601 -0.17767100
v -0.00090899 0.00677799 -0.17757299
v -0.00090899 0.00677799 -0.17757299
v -0.00119200 0.00626903 -0.17758299
v -0.00035100 0.00774103 -0.17776300
v -0.00160798 0.00567298 -0.17784300
v -0.00125697 0.00615399 -0.17759900
v -0.00135597 0.00621598 -0.17752500
v -0.00125697 0.00615399 -0.17759900
v -0.00147595 0.00629698 -0.17748400
v -0.00188800 0.00575202 -0.17772899
v -0.00176396 0.00566702 -0.17779900
v -0.00160798 0.00567298 -0.17784300
v -0.00165596 0.00562500 -0.17789200
v -0.00205895 0.00539201 -0.17837299
v -0.00220796 0.00541299 -0.17832000
v -0.00233497 0.00549399 -0.17823490
v -0.00165596 0.00562500 -0.17789200
v -0.00274696 0.00545602 -0.17881200
v -0.00243398 0.00561803 -0.17817899
v -0.00284197 0.00558101 -0.17874800
v -0.00437596 0.00555401 -0.18089999
v -0.00274696 0.00545602 -0.17881200
v -0.00284197 0.00558101 -0.17874800
v -0.00422999 0.00539201 -0.18100500
v -0.00269195 0.00541299 -0.17884990
v -0.00269195 0.00541299 -0.17884990
v -0.00289699 0.00573598 -0.17871000
v -0.00595900 0.00552898 -0.18301700
v -0.00444397 0.00578301 -0.18085299
v -0.00602796 0.00575202 -0.18296701
v -0.00765594 0.00572198 -0.18504700
v -0.00758698 0.00550400 -0.18510000
v -0.00581696 0.00537001 -0.18312500
v -0.00404098 0.00533300 -0.18114389
v -0.00744697 0.00534897 -0.18521000
v -0.00563195 0.00531297 -0.18326600
v -0.00467195 0.00529002 -0.18777600
v -0.00404098 0.00533300 -0.18114389
v -0.00563195 0.00531297 -0.18326600
v -0.00176295 0.00533300 -0.18274300
v -0.00262096 0.00537597 -0.17889900
v -0.00249698 0.00535302 -0.17898600
v -0.00208696 0.00538700 -0.17840990
v -0.00262096 0.00537597 -0.17889900
v -0.00249698 0.00535302 -0.17898600
v -0.00208696 0.00538700 -0.17840990
v -0.00726797 0.00529402 -0.18535299
v -0.00894299 0.00527399 -0.18740800
v -0.00568595 0.00527602 -0.18944700
v -0.00467195 0.00529002 -0.18777600
v -0.00176295 0.00151002 -0.18274300
v -0.00176295 0.00533300 -0.18274300
v -0.00568595 0.00527602 -0.18944700
v -0.00467195 0.00151002 -0.18777600
v -0.00626697 0.00524401 -0.19038589
v -0.00894299 0.00527399 -0.18740800
v -0.00626697 0.00524401 -0.19038589
v -0.00568595 0.00527602 -0.18944700
v -0.00772699 0.00243699 -0.19269501
v -0.00762995 0.00352400 -0.19254400
v -0.00684299 0.00504398 -0.19130400
v -0.00966497 0.00524002 -0.18825389
v -0.00684299 0.00504398 -0.19130400
v -0.00905498 0.00529598 -0.18731600
v -0.00981398 0.00525802 -0.18820500
v -0.00966497 0.00524002 -0.18825389
v -0.00894299 0.00527399 -0.18740800
v -0.00970598 0.00523602 -0.18830000
v -0.00970598 0.00523602 -0.18830000
v -0.01044299 0.00504398 -0.18904599
v -0.01044299 0.00504398 -0.18904599
v -0.01060094 0.00504898 -0.18900400
v -0.01049699 0.00501900 -0.18909500
v -0.00734397 0.00448000 -0.19209500
v -0.01049699 0.00501900 -0.18909500
v -0.01123597 0.00448101 -0.18965600
v -0.00762995 0.00352400 -0.19254400
v -0.00734397 0.00448000 -0.19209500
v -0.01180394 0.00352400 -0.18992500
v -0.01125600 0.00445800 -0.18966789
v -0.01123597 0.00448101 -0.18965600
v -0.01125600 0.00445800 -0.18966789
v -0.01146998 0.00455701 -0.18954000
v -0.01179399 0.00354897 -0.18992200
v -0.01179399 0.00354897 -0.18992200
v -0.01071199 0.00512098 -0.18892600
v -0.00992497 0.00533097 -0.18811400
v -0.01001396 0.00544202 -0.18804599
v -0.01080896 0.00522500 -0.18887900
v -0.01167800 0.00472598 -0.18953800
v -0.01088597 0.00535201 -0.18886299
v -0.01007499 0.00558101 -0.18800799
v -0.00933000 0.00578200 -0.18709201
v -0.01010199 0.00573998 -0.18800200
v -0.00932398 0.00569402 -0.18709589
v -0.00931098 0.00562101 -0.18710600
v -0.00962200 0.00591802 -0.18747800
v -0.01009395 0.00588398 -0.18802699
v -0.01093699 0.00549500 -0.18888190
v -0.01095499 0.00562500 -0.18892901
v -0.00918897 0.00727802 -0.18772299
v -0.01009395 0.00588398 -0.18802699
v -0.00962200 0.00591802 -0.18747800
v -0.01095499 0.00562500 -0.18892901
v -0.01182099 0.00491600 -0.18966290
v -0.01319297 0.00790500 -0.19264100
v -0.01182099 0.00491600 -0.18966290
v -0.01739599 0.00790703 -0.19729701
v -0.01722099 0.00847798 -0.19740499
v -0.01413896 0.00402802 -0.19208100
v -0.01681795 0.00963299 -0.19765600
v -0.00763699 0.01053702 -0.18860701
v -0.01157995 0.01147001 -0.19360199
v -0.01610197 0.01129298 -0.19810000
v -0.01622899 0.01127599 -0.19835700
v -0.01681795 0.00963299 -0.19765600
v -0.01694097 0.00961898 -0.19791199
v -0.01722099 0.00847798 -0.19740499
v -0.01610197 0.01129298 -0.19810000
v -0.01555600 0.01232498 -0.19844000
v -0.01555600 0.01232498 -0.19844000
v -0.01536598 0.01284097 -0.19889501
v -0.01523699 0.01285999 -0.19863900
v -0.01523699 0.01285999 -0.19863900
v -0.01434495 0.01427298 -0.19953300
v -0.01421197 0.01429503 -0.19927899
v -0.01421197 0.01429503 -0.19927899
v -0.01435097 0.01414500 -0.19979299
v -0.01316597 0.01551400 -0.20027199
v -0.01307895 0.01549302 -0.19998799
v -0.01318898 0.01536797 -0.20052100
v -0.01183994 0.01653503 -0.20110400
v -0.01170095 0.01656001 -0.20085300
v -0.01302995 0.01553701 -0.20001900
v -0.01188298 0.01637398 -0.20134100
v -0.01040896 0.01732402 -0.20200300
v -0.01026596 0.01735197 -0.20175400
v -0.01047095 0.01715200 -0.20222690
v -0.00891199 0.01788698 -0.20294399
v -0.00987395 0.01752298 -0.20200100
v -0.00898995 0.01770900 -0.20315590
v -0.00735798 0.01826798 -0.20392200
v -0.00721099 0.01830201 -0.20367899
v -0.00876798 0.01791798 -0.20269800
v -0.01043000 0.01689403 -0.20235000
v -0.01043000 0.01689403 -0.20235000
v -0.01181294 0.01613198 -0.20148299
v -0.01308997 0.01514803 -0.20068100
v -0.01422699 0.01395302 -0.19996799
v -0.01308997 0.01514803 -0.20068100
v -0.01422699 0.01395302 -0.19996799
v -0.01521398 0.01256697 -0.19934900
v -0.01521398 0.01256697 -0.19934900
v -0.01535799 0.01273100 -0.19916090
v -0.01620998 0.01118402 -0.19862799
v -0.01605197 0.01104699 -0.19882400
v -0.01691397 0.00954400 -0.19818599
v -0.01674594 0.00943201 -0.19838799
v -0.01748295 0.00783502 -0.19783001
v -0.01751598 0.00789499 -0.19755401
v -0.01739599 0.00790703 -0.19729701
v -0.01784899 0.00611901 -0.19701600
v -0.01796694 0.00610899 -0.19727300
v -0.01792999 0.00606399 -0.19754989
v -0.01829698 0.00428998 -0.19706800
v -0.01817896 0.00431102 -0.19681200
v -0.01839395 0.00245100 -0.19667891
v -0.01817896 0.00431102 -0.19681200
v -0.01818098 0.00429600 -0.19681100
v -0.01818098 0.00429600 -0.19681100
v -0.01850196 0.00000903 -0.19661200
v -0.01784899 0.00611901 -0.19701600
v -0.01839395 0.00245100 -0.19667891
v -0.01850899 0.00244802 -0.19693699
v -0.01849296 0.00059503 -0.19661801
v -0.01849296 0.00059503 -0.19661801
v -0.01860799 0.00059401 -0.19687501
v -0.01860799 0.00059401 -0.19687501
v -0.01850196 0.00000903 -0.19661200
v -0.01849296 0.00059503 -0.19661801
v -0.01855494 -0.00128497 -0.19716001
v -0.01859798 -0.00129297 -0.19688091
v -0.01856496 0.00058799 -0.19715400
v -0.01846697 0.00242900 -0.19721501
v -0.01856496 0.00058799 -0.19715400
v -0.01825698 0.00425803 -0.19734600
v -0.01807298 0.00421202 -0.19755600
v -0.01828100 0.00240302 -0.19742499
v -0.01837798 0.00058102 -0.19736400
v -0.01828100 0.00240302 -0.19742499
v -0.01837798 0.00058102 -0.19736400
v -0.01825096 -0.00312394 -0.19744501
v -0.01836796 -0.00127397 -0.19737101
v -0.01836796 -0.00127397 -0.19737101
v -0.01837798 0.00058102 -0.19736400
v -0.01825096 -0.00312394 -0.19744501
v -0.01843597 -0.00315392 -0.19723401
v -0.01802595 -0.00495995 -0.19758590
v -0.01722397 -0.00852496 -0.19809000
v -0.01802595 -0.00495995 -0.19758590
v -0.01583995 -0.01180494 -0.19895800
v -0.00656899 -0.01777596 -0.20477601
v -0.00026000 -0.01814896 -0.20873401
v -0.00343295 -0.01809997 -0.20674300
v -0.00184699 -0.01814896 -0.20773800
v -0.00026000 -0.01814896 -0.20873401
v -0.00180795 -0.01841992 -0.20766901
v -0.00184699 -0.01814896 -0.20773800
v 0.00186900 0.01806401 -0.21006700
v 0.00291196 -0.01803196 -0.21072500
v -0.00021500 -0.01841992 -0.20866791
v 0.00132700 -0.01811093 -0.20973000
v 0.00132700 -0.01811093 -0.20973000
v -0.00500395 -0.01798195 -0.20575701
v -0.00343295 -0.01809997 -0.20674300
v -0.00340094 -0.01837093 -0.20666901
v -0.00500395 -0.01798195 -0.20575701
v -0.00329294 -0.01855594 -0.20648191
v -0.00498095 -0.01825291 -0.20567701
v -0.00169494 -0.01860392 -0.20748601
v -0.00656899 -0.01777596 -0.20477601
v -0.00655796 -0.01804692 -0.20468690
v -0.00487896 -0.01843697 -0.20548500
v -0.00646397 -0.01822895 -0.20448891
v -0.00811895 -0.01745796 -0.20380301
v -0.00812396 -0.01772595 -0.20370300
v -0.00964399 -0.01699794 -0.20284601
v -0.00811895 -0.01745796 -0.20380301
v -0.00964399 -0.01699794 -0.20284601
v -0.01248600 -0.01554895 -0.20106301
v -0.01110097 -0.01637394 -0.20193090
v -0.00966795 -0.01726097 -0.20273391
v -0.01110097 -0.01637394 -0.20193090
v -0.00959696 -0.01743692 -0.20251800
v -0.01114895 -0.01662696 -0.20180400
v -0.00803997 -0.01790595 -0.20349801
v -0.01109197 -0.01679695 -0.20157700
v -0.00990697 -0.01729691 -0.20198600
v -0.00789496 -0.01793993 -0.20325300
v -0.00945296 -0.01746893 -0.20227100
v -0.00290497 -0.01711291 -0.19885300
v -0.00945296 -0.01746893 -0.20227100
v -0.00789496 -0.01793993 -0.20325300
v -0.00624200 -0.01614195 -0.19682500
v -0.00990697 -0.01729691 -0.20198600
v 0.00044500 -0.01583195 -0.19333300
v 0.00360999 -0.01625991 -0.19520191
v 0.00049000 -0.01750893 -0.20091601
v -0.00636198 -0.01825697 -0.20421900
v -0.00154694 -0.01864296 -0.20724801
v -0.00277897 -0.01860994 -0.20647401
v 0.00004900 -0.01864392 -0.20825090
v 0.00392798 -0.01756293 -0.20300401
v 0.00682900 -0.01634395 -0.19710090
v 0.01552096 -0.01440496 -0.19450191
v 0.00951997 -0.01508993 -0.19110701
v 0.01322195 -0.01565695 -0.20082900
v 0.00729696 -0.01738096 -0.20503800
v 0.02107194 -0.01177293 -0.19760101
v 0.02013698 -0.01237697 -0.19064591
v 0.01488599 -0.01379293 -0.18726000
v 0.01737496 -0.01334793 -0.18884701
v 0.01755199 -0.01330293 -0.18896100
v 0.01622400 -0.01359594 -0.18810991
v 0.01885900 -0.01289994 -0.18980800
v 0.01737496 -0.01334793 -0.18884701
v 0.01632598 -0.01349294 -0.18792100
v 0.01622400 -0.01359594 -0.18810991
v 0.01488599 -0.01379293 -0.18726000
v 0.01499400 -0.01369196 -0.18707200
v 0.01505599 -0.01350093 -0.18694000
v 0.01637897 -0.01330495 -0.18778691
v 0.01764700 -0.01319891 -0.18877199
v 0.01505700 -0.01326496 -0.18689390
v 0.01636997 -0.01307196 -0.18773601
v 0.01768896 -0.01301396 -0.18863501
v 0.01766798 -0.01278591 -0.18857800
v 0.01897696 -0.01261592 -0.18947891
v 0.01894799 -0.01279694 -0.18962001
v 0.01885900 -0.01289994 -0.18980800
v 0.02013698 -0.01237697 -0.19064591
v 0.02021596 -0.01227296 -0.19045790
v 0.02135798 -0.01171792 -0.19146100
v 0.02142498 -0.01161593 -0.19127101
v 0.02023098 -0.01209992 -0.19031300
v 0.02142498 -0.01145095 -0.19112100
v 0.02135900 -0.01125294 -0.19103800
v 0.02017996 -0.01188892 -0.19023900
v 0.02103999 -0.00847293 -0.19110300
v 0.02017996 -0.01188892 -0.19023900
v 0.02135900 -0.01125294 -0.19103800
v 0.01894197 -0.01239592 -0.18941400
v 0.01894197 -0.01239592 -0.18941400
v 0.02440998 -0.00847293 -0.19321600
v 0.02100596 -0.00772197 -0.19115700
v 0.02103999 -0.00847293 -0.19110300
v 0.02348897 -0.00953496 -0.19253799
v 0.02440998 -0.00847293 -0.19321600
v 0.01543597 -0.00847293 -0.18758699
v 0.02246699 -0.01046795 -0.19180800
v 0.01543597 -0.00847293 -0.18758699
v 0.01540199 -0.00772197 -0.18764199
v 0.01766798 -0.01278591 -0.18857800
v 0.01636997 -0.01307196 -0.18773601
v 0.01505700 -0.01326496 -0.18689390
v 0.01372895 -0.01337695 -0.18605100
v 0.01239297 -0.01341993 -0.18520901
v 0.00983099 -0.00847293 -0.18407200
v 0.00983099 -0.00847293 -0.18407200
v 0.02095500 -0.00697494 -0.19123800
v 0.01535097 -0.00697494 -0.18772300
v 0.00979695 -0.00772197 -0.18412601
v 0.00974599 -0.00697494 -0.18420801
v 0.01524499 -0.00624991 -0.18789101
v 0.02084997 -0.00624991 -0.19140600
v 0.02061698 -0.00564892 -0.19177800
v 0.01501200 -0.00564892 -0.18826200
v 0.00964097 -0.00624991 -0.18437500
v 0.00940797 -0.00564892 -0.18474700
v 0.00403599 -0.00624991 -0.18086000
v 0.00414095 -0.00697494 -0.18069200
v -0.00043800 -0.00772197 -0.17770700
v 0.00419197 -0.00772197 -0.18061100
v -0.00087097 -0.00697494 -0.17754801
v 0.00007000 -0.00847293 -0.17795000
v -0.00065299 -0.00736392 -0.17761800
v -0.00030300 -0.00793196 -0.17776901
v -0.00086095 -0.00750596 -0.17754801
v -0.00043800 -0.00772197 -0.17770700
v -0.00065299 -0.00736392 -0.17761800
v -0.00050297 -0.00808395 -0.17770600
v -0.00030300 -0.00793196 -0.17776901
v -0.00108197 -0.00762595 -0.17761201
v -0.00071796 -0.00820596 -0.17777200
v -0.00012000 -0.00863392 -0.17789300
v -0.00012100 -0.00863392 -0.17789300
v -0.00032900 -0.00876296 -0.17795999
v -0.00032900 -0.00876296 -0.17795999
v 0.00085400 -0.00979496 -0.17839100
v -0.00012100 -0.00863392 -0.17789300
v -0.00012000 -0.00863392 -0.17789300
v 0.00102000 -0.00960893 -0.17843799
v 0.00177095 -0.01093096 -0.17906401
v 0.00194398 -0.01076693 -0.17898201
v 0.00066200 -0.00994397 -0.17846601
v 0.00208697 -0.01056296 -0.17901591
v 0.00208697 -0.01056296 -0.17901591
v 0.00422595 -0.00847293 -0.18055700
v 0.00102000 -0.00960893 -0.17843799
v 0.00007000 -0.00847293 -0.17795000
v 0.00007000 -0.00847293 -0.17795000
v 0.00422595 -0.00847293 -0.18055700
v 0.00706295 -0.01286894 -0.18191800
v 0.00575600 -0.01248896 -0.18113400
v 0.00447098 -0.01198495 -0.18037591
v 0.00324497 -0.01134897 -0.17966800
v 0.00312594 -0.01156795 -0.17964700
v 0.00324497 -0.01134897 -0.17966800
v 0.00437394 -0.01221293 -0.18036691
v 0.00447098 -0.01198495 -0.18037591
v 0.00555298 -0.01291096 -0.18124001
v 0.00567797 -0.01272393 -0.18113600
v 0.00575600 -0.01248896 -0.18113400
v 0.00423495 -0.01239497 -0.18046400
v 0.00699995 -0.01310796 -0.18192800
v 0.00644699 -0.01331497 -0.18203800
v 0.00688699 -0.01329792 -0.18203800
v 0.00541398 -0.01300395 -0.18142191
v 0.00541398 -0.01300395 -0.18142191
v 0.00359497 -0.01452792 -0.18770200
v 0.00644699 -0.01331497 -0.18203800
v 0.00408796 -0.01248491 -0.18064401
v 0.00408796 -0.01248491 -0.18064401
v -0.00187596 -0.01197094 -0.18457501
v 0.00281797 -0.01182795 -0.17991390
v 0.00297097 -0.01174194 -0.17973601
v 0.00281797 -0.01182795 -0.17991390
v -0.00264897 -0.01486892 -0.19150791
v -0.00050398 -0.00882692 -0.17813601
v -0.00548597 -0.00663693 -0.18257400
v -0.00775596 -0.01053096 -0.18852291
v 0.00142600 -0.01086396 -0.17913900
v 0.00161097 -0.01101095 -0.17924100
v 0.00049500 -0.01001591 -0.17864201
v -0.00547799 -0.01314491 -0.18984600
v 0.00049500 -0.01001591 -0.17864201
v -0.00033100 -0.00876392 -0.17796101
v -0.00050398 -0.00882692 -0.17813601
v 0.00142600 -0.01086396 -0.17913900
v -0.00033100 -0.00876392 -0.17796101
v -0.00089499 -0.00826795 -0.17794900
v -0.00050398 -0.00882692 -0.17813601
v -0.00160595 -0.00711597 -0.17768701
v -0.00089499 -0.00826795 -0.17794900
v -0.00125995 -0.00769193 -0.17779200
v -0.00125995 -0.00769193 -0.17779200
v -0.00160595 -0.00711597 -0.17768701
v -0.00244000 -0.00610794 -0.17800400
v -0.00193896 -0.00658793 -0.17767499
v -0.00187495 -0.00652797 -0.17756800
v -0.00193896 -0.00658793 -0.17767499
v -0.00143095 -0.00703294 -0.17750000
v -0.00449398 -0.00599594 -0.18082400
v -0.00294896 -0.00602991 -0.17868100
v -0.00257095 -0.00606496 -0.17816100
v -0.00224897 -0.00622893 -0.17782100
v -0.00222399 -0.00611294 -0.17773400
v -0.00244000 -0.00610794 -0.17800400
v -0.00224897 -0.00622893 -0.17782100
v -0.00259098 -0.00591792 -0.17812100
v -0.00257095 -0.00606496 -0.17816100
v -0.00216099 -0.00597496 -0.17767300
v -0.00178000 -0.00644893 -0.17748301
v -0.00166997 -0.00636596 -0.17743801
v -0.00120296 -0.00690294 -0.17744000
v -0.00155195 -0.00628192 -0.17743500
v -0.00206997 -0.00584591 -0.17765591
v -0.00127300 -0.00625093 -0.17753100
v -0.00143196 -0.00620193 -0.17747501
v -0.00195798 -0.00573392 -0.17768200
v -0.00183495 -0.00564993 -0.17775101
v -0.00240495 -0.00546891 -0.17818990
v -0.00250497 -0.00559295 -0.17813300
v -0.00213095 -0.00537092 -0.17832799
v -0.00172695 -0.00560797 -0.17784400
v -0.00227895 -0.00538994 -0.17827401
v -0.00168099 -0.00565291 -0.17779601
v -0.00168099 -0.00565291 -0.17779601
v -0.00213095 -0.00537092 -0.17832799
v -0.00172695 -0.00560797 -0.17784400
v -0.00269296 -0.00535793 -0.17885400
v -0.00215795 -0.00536496 -0.17836399
v -0.00276300 -0.00539292 -0.17880601
v -0.00281700 -0.00543595 -0.17876799
v -0.00269296 -0.00535793 -0.17885400
v -0.00430396 -0.00537295 -0.18095800
v -0.00276300 -0.00539292 -0.17880601
v -0.00281700 -0.00543595 -0.17876799
v -0.00411596 -0.00531495 -0.18109600
v -0.00589194 -0.00535197 -0.18307599
v -0.00603398 -0.00550694 -0.18296801
v -0.00444897 -0.00553293 -0.18085300
v -0.00411596 -0.00531495 -0.18109600
v -0.00176295 -0.00531394 -0.18274300
v -0.00467195 -0.00527192 -0.18777600
v -0.00083997 -0.00531895 -0.18257500
v -0.00570997 -0.00529594 -0.18321601
v -0.00570997 -0.00529594 -0.18321601
v -0.00256898 -0.00533397 -0.17894100
v -0.00256898 -0.00533397 -0.17894100
v -0.00176295 -0.00149097 -0.18274300
v -0.00467195 -0.00527192 -0.18777600
v -0.00176295 -0.00531394 -0.18274300
v -0.00467195 -0.00149097 -0.18777600
v -0.00568595 -0.00525696 -0.18944700
v -0.00734695 -0.00527591 -0.18530101
v -0.00902399 -0.00525696 -0.18735400
v -0.00568595 -0.00525696 -0.18944700
v -0.00626697 -0.00522495 -0.19038589
v -0.00974997 -0.00522394 -0.18820100
v -0.00902399 -0.00525696 -0.18735400
v -0.00568595 -0.00525696 -0.18944700
v -0.00974997 -0.00522394 -0.18820100
v -0.00913396 -0.00527794 -0.18726190
v -0.00902399 -0.00525696 -0.18735400
v -0.00913396 -0.00527794 -0.18726190
v -0.00734695 -0.00527591 -0.18530101
v -0.00902399 -0.00525696 -0.18735400
v -0.00989296 -0.00524194 -0.18814801
v -0.00919696 -0.00531096 -0.18720999
v -0.00752398 -0.00533093 -0.18515900
v -0.00919696 -0.00531096 -0.18720999
v -0.00924595 -0.00534893 -0.18717000
v -0.00766298 -0.00548292 -0.18504889
v -0.00924595 -0.00534893 -0.18717000
v -0.01000299 -0.00531191 -0.18805800
v -0.00933298 -0.00545794 -0.18709900
v -0.00933298 -0.00545794 -0.18709900
v -0.01009198 -0.00542093 -0.18799201
v -0.00938895 -0.00559694 -0.18705300
v -0.00938895 -0.00559694 -0.18705300
v -0.01078494 -0.00510395 -0.18887600
v -0.01088097 -0.00520492 -0.18882801
v -0.01015295 -0.00555695 -0.18795291
v -0.01173999 -0.00470395 -0.18949500
v -0.01095797 -0.00532991 -0.18881100
v -0.01188298 -0.00489194 -0.18961500
v -0.01102998 -0.00560195 -0.18887200
v -0.01331796 -0.00790597 -0.19255801
v -0.01102998 -0.00560195 -0.18887200
v -0.01188298 -0.00489194 -0.18961500
v -0.01018198 -0.00571293 -0.18794499
v -0.01017495 -0.00585491 -0.18796600
v -0.00928899 -0.00727297 -0.18765099
v -0.01017495 -0.00585491 -0.18796600
v -0.01172598 -0.01146895 -0.19350800
v -0.01736994 -0.00848395 -0.19731100
v -0.01778294 -0.00689793 -0.19705591
v -0.01418795 -0.00400794 -0.19204500
v -0.01813199 -0.00504894 -0.19684000
v -0.01813199 -0.00504894 -0.19684000
v -0.01790198 -0.00688792 -0.19731300
v -0.01778294 -0.00689793 -0.19705591
v -0.01736994 -0.00848395 -0.19731100
v -0.01786597 -0.00684095 -0.19759101
v -0.01824899 -0.00504196 -0.19709800
v -0.01739796 -0.00861794 -0.19788399
v -0.01742895 -0.00868095 -0.19760791
v -0.01768597 -0.00677091 -0.19780000
v -0.01820995 -0.00500894 -0.19737600
v -0.01722397 -0.00852496 -0.19809000
v -0.01847799 -0.00317395 -0.19695599
v -0.01848300 -0.00129397 -0.19662400
v -0.01836296 -0.00317795 -0.19669800
v -0.01823898 -0.00429196 -0.19677401
v -0.01836296 -0.00317795 -0.19669800
v -0.01823898 -0.00429196 -0.19677401
v -0.01848300 -0.00129397 -0.19662400
v -0.01446100 0.00000903 -0.19189000
v -0.01850196 0.00000903 -0.19661200
v -0.01445796 0.00000903 -0.19188701
v -0.01271899 0.00256299 -0.19007100
v -0.01446100 0.00000903 -0.19189000
v -0.01445796 0.00000903 -0.19188701
v -0.01238396 0.00389498 -0.18999199
v -0.01242395 0.00378799 -0.19000800
v -0.01224198 0.00370102 -0.18986490
v -0.01238396 0.00389498 -0.18999199
v -0.01242395 0.00378799 -0.19000800
v -0.01201494 0.00361603 -0.18983389
v -0.01252695 0.00253897 -0.18992899
v -0.01271899 0.00256299 -0.19007100
v -0.01229699 0.00250601 -0.18989100
v -0.01263894 0.00135999 -0.18989000
v -0.01240798 0.00134801 -0.18985300
v -0.01263894 0.00135999 -0.18989000
v -0.01242097 -0.00132697 -0.18984500
v -0.01240798 0.00134801 -0.18985300
v -0.01263996 0.00135999 -0.18989100
v -0.01265295 -0.00133597 -0.18988200
v -0.01263996 0.00135999 -0.18989100
v -0.01265200 -0.00133597 -0.18988200
v -0.01265200 -0.00133597 -0.18988200
v -0.01232399 -0.00248391 -0.18987390
v -0.01242097 -0.00132697 -0.18984500
v -0.01255395 -0.00251497 -0.18991099
v -0.01274498 -0.00253994 -0.19005200
v -0.01265295 -0.00133597 -0.18988200
v -0.01274498 -0.00253994 -0.19005200
v -0.01284398 -0.00134097 -0.19002301
v -0.01228799 -0.00367994 -0.18983699
v -0.01247098 -0.00376392 -0.18998000
v -0.01247098 -0.00376392 -0.18998000
v -0.01284398 -0.00134097 -0.19002301
v -0.01287200 0.00000903 -0.19000600
v -0.01287200 0.00000903 -0.19000600
v -0.01284398 -0.00134097 -0.19002301
v -0.01282998 0.00136601 -0.19003101
v -0.01287200 0.00000903 -0.19000600
v -0.01282998 0.00136601 -0.19003101
v -0.01282998 0.00136601 -0.19003101
v -0.01206096 -0.00359697 -0.18980600
v -0.01243200 -0.00387496 -0.18996200
v -0.01243200 -0.00387496 -0.18996200
v -0.01153197 -0.00453896 -0.18949801
v -0.01183994 -0.00353492 -0.18989401
v -0.01184996 -0.00350595 -0.18989700
v -0.00772699 -0.00241793 -0.19269501
v -0.01184996 -0.00350595 -0.18989700
v -0.00762995 -0.00350595 -0.19254400
v -0.01130195 -0.00446195 -0.18961389
v -0.01209899 -0.00245393 -0.18994901
v -0.01183994 -0.00353492 -0.18989401
v -0.01209899 -0.00245393 -0.18994901
v -0.01210399 -0.00241793 -0.18994901
v -0.01210399 -0.00241793 -0.18994901
v -0.00773897 -0.00149097 -0.19271301
v -0.01219495 -0.00131397 -0.18991999
v -0.01241996 -0.00132597 -0.18984500
v -0.01219495 -0.00131397 -0.18991999
v -0.01218196 0.00133299 -0.18992791
v -0.01241996 -0.00132597 -0.18984500
v -0.01219495 -0.00131397 -0.18991999
v -0.01240595 0.00134801 -0.18985300
v -0.01207699 0.00243699 -0.18996499
v -0.01240595 0.00134801 -0.18985300
v -0.01218196 0.00133299 -0.18992791
v -0.01207699 0.00243699 -0.18996499
v -0.00773897 0.00151002 -0.19271301
v -0.00772699 0.00243699 -0.19269501
v -0.01207199 0.00247001 -0.18996599
v -0.01218196 0.00133299 -0.18992791
v -0.01207199 0.00247001 -0.18996599
v -0.00635400 0.00133299 -0.19358300
v -0.00635298 0.00151002 -0.19358300
v -0.00635298 0.00151002 -0.19358300
v -0.00467195 0.00151002 -0.18777600
v -0.00773897 0.00151002 -0.19271301
v -0.00773897 0.00151002 -0.19271301
v -0.00052597 0.00133299 -0.19723900
v -0.00052496 0.00151002 -0.19723800
v -0.00052496 0.00151002 -0.19723800
v 0.00529597 -0.00131397 -0.20089000
v -0.00052597 0.00133299 -0.19723900
v -0.00053498 -0.00131397 -0.19723301
v 0.00530097 0.00133299 -0.20089300
v 0.00530097 0.00133299 -0.20089300
v -0.00635400 0.00133299 -0.19358300
v 0.00530294 0.00151002 -0.20089389
v 0.00530294 0.00133299 -0.20089389
v 0.00530097 -0.00131397 -0.20089389
v 0.01112595 -0.00131397 -0.20454700
v 0.00530294 0.00133299 -0.20089389
v 0.01113096 0.00133299 -0.20455000
v 0.01695594 -0.00131397 -0.20820400
v 0.01112595 -0.00149097 -0.20454700
v 0.01695594 -0.00131397 -0.20820400
v 0.01112595 -0.00131397 -0.20454700
v 0.00530097 -0.00131397 -0.20089389
v 0.01695898 0.00133299 -0.20820500
v 0.01113096 0.00151002 -0.20455000
v 0.01113096 0.00133299 -0.20455000
v 0.01695898 0.00133299 -0.20820500
v 0.01695898 0.00151002 -0.20820500
v 0.02282599 0.00000903 -0.21188600
v 0.02278695 0.00133299 -0.21186100
v 0.01855096 0.00151002 -0.20920400
v 0.02278695 0.00133299 -0.21186100
v 0.02270100 0.00243699 -0.21177889
v 0.02294395 0.00134801 -0.21201900
v 0.02270100 0.00243699 -0.21177889
v 0.02278695 0.00133299 -0.21186100
v 0.02282599 0.00000903 -0.21188600
v 0.02294395 0.00134801 -0.21201900
v 0.02298400 0.00000903 -0.21204400
v 0.02283195 0.00277203 -0.21189091
v 0.02294496 0.00134801 -0.21201999
v 0.02294496 0.00134801 -0.21201999
v 0.02301696 0.00136000 -0.21222800
v 0.02301696 0.00136000 -0.21222800
v 0.02290300 0.00281399 -0.21209800
v 0.02301696 0.00136000 -0.21223000
v 0.02305797 0.00000903 -0.21225600
v 0.02301696 0.00136000 -0.21223000
v 0.02298400 0.00000903 -0.21204400
v 0.02301696 -0.00134197 -0.21222800
v 0.02305797 0.00000903 -0.21225600
v 0.02301696 -0.00134197 -0.21223000
v 0.02299097 -0.00134897 -0.21245191
v 0.02299097 0.00136703 -0.21245190
v 0.02303097 0.00000903 -0.21247800
v 0.02303097 0.00000903 -0.21247800
v 0.02299097 -0.00134897 -0.21245191
v 0.02243999 0.00000903 -0.21406791
v 0.02303097 0.00000903 -0.21247800
v 0.02243999 0.00000903 -0.21406791
v 0.02299097 0.00136703 -0.21245190
v 0.02303097 0.00000903 -0.21247800
v 0.01922199 -0.00375891 -0.22033200
v 0.02243897 0.00000903 -0.21407300
v 0.01915994 -0.00419593 -0.22029200
v 0.02209595 -0.00394792 -0.21387000
v 0.02286700 -0.00284195 -0.21231200
v 0.02243897 0.00000903 -0.21407300
v 0.02211198 0.00398200 -0.21388499
v 0.01924500 0.00372201 -0.22034700
v 0.01940695 0.00187099 -0.22045200
v 0.01946297 0.00000904 -0.22048900
v 0.01940498 -0.00187892 -0.22045089
v 0.01946297 0.00000904 -0.22048900
v 0.01946297 0.00000904 -0.22048900
v 0.01921699 -0.00187493 -0.22064200
v 0.01927397 0.00000904 -0.22067900
v 0.01927397 0.00000904 -0.22067900
v 0.01921895 0.00186699 -0.22064300
v 0.01940498 -0.00187892 -0.22045089
v 0.01940695 0.00187099 -0.22045200
v 0.01895997 -0.00186092 -0.22070800
v 0.01877800 -0.00372094 -0.22059301
v 0.01903400 -0.00374991 -0.22052500
v 0.01846400 -0.00555796 -0.22039500
v 0.01871899 -0.00560194 -0.22032300
v 0.01915994 -0.00419593 -0.22029200
v 0.01922199 -0.00375891 -0.22033200
v 0.01800999 -0.00735396 -0.22010900
v 0.01826200 -0.00741494 -0.22003201
v 0.01890496 -0.00561494 -0.22012700
v 0.01890496 -0.00561494 -0.22012700
v 0.01844695 -0.00743294 -0.21983101
v 0.01844695 -0.00743294 -0.21983101
v 0.01818594 -0.00825191 -0.21966401
v 0.02103695 -0.00774092 -0.21325401
v 0.01818594 -0.00825191 -0.21966401
v 0.01766399 -0.00915992 -0.21965100
v 0.01784495 -0.00917995 -0.21944501
v 0.01784495 -0.00917995 -0.21944501
v 0.01741496 -0.00908196 -0.21973400
v 0.01667097 -0.01073092 -0.21926589
v 0.01691398 -0.01082695 -0.21917400
v 0.01717195 -0.00896895 -0.21967100
v 0.01643595 -0.01059294 -0.21921000
v 0.01643595 -0.01059294 -0.21921000
v 0.01776096 -0.00726694 -0.22003999
v 0.01717195 -0.00896895 -0.21967100
v 0.01776096 -0.00726694 -0.22003999
v 0.01451698 -0.01347994 -0.21800600
v 0.00915096 -0.01702093 -0.21463900
v 0.01852295 -0.00368095 -0.22051790
v 0.01821098 -0.00549394 -0.22032300
v 0.01821098 -0.00549394 -0.22032300
v 0.00605295 -0.01771695 -0.21269501
v 0.00761298 -0.01743394 -0.21367400
v 0.00915096 -0.01702093 -0.21463900
v 0.00769899 -0.01770091 -0.21363201
v 0.00761298 -0.01743394 -0.21367400
v 0.01202896 -0.01565695 -0.21644400
v 0.01062396 -0.01644193 -0.21556290
v 0.01062396 -0.01644193 -0.21556290
v 0.00925598 -0.01728392 -0.21460900
v 0.01075199 -0.01669592 -0.21554700
v 0.00784299 -0.01788295 -0.21346700
v 0.00941298 -0.01746195 -0.21445100
v 0.01218298 -0.01589692 -0.21644600
v 0.01237396 -0.01605790 -0.21630900
v 0.01092497 -0.01686793 -0.21539900
v 0.00957195 -0.01749694 -0.21421701
v 0.01109597 -0.01689595 -0.21517191
v 0.01108596 -0.01690096 -0.21516601
v 0.01109597 -0.01689595 -0.21517191
v 0.01391694 -0.01581896 -0.20901901
v 0.01108596 -0.01690096 -0.21516601
v 0.01253894 -0.01608897 -0.21607800
v 0.01253894 -0.01608897 -0.21607800
v 0.01389399 -0.01506293 -0.21693190
v 0.01389399 -0.01506293 -0.21693190
v 0.01686898 -0.01391691 -0.21078600
v 0.01409599 -0.01488291 -0.21706000
v 0.01372597 -0.01503395 -0.21715901
v 0.01409599 -0.01488291 -0.21706000
v 0.01351699 -0.01488596 -0.21728300
v 0.01472095 -0.01367294 -0.21803901
v 0.01494399 -0.01380491 -0.21792700
v 0.01451698 -0.01347994 -0.21800600
v 0.01600799 -0.01238792 -0.21860001
v 0.01577297 -0.01227396 -0.21870101
v 0.01555196 -0.01210891 -0.21865501
v 0.01555196 -0.01210891 -0.21865501
v 0.01618299 -0.01241493 -0.21838300
v 0.01651397 -0.01189094 -0.21859400
v 0.01651397 -0.01189094 -0.21859400
v 0.01929698 -0.01112694 -0.21222900
v 0.01618299 -0.01241493 -0.21838300
v 0.01709196 -0.01085096 -0.21896300
v 0.01709196 -0.01085096 -0.21896300
v 0.02322695 -0.00717897 -0.20655801
v 0.01913598 -0.01285297 -0.20424400
v 0.02501395 -0.00660593 -0.19974300
v 0.02480695 -0.00599194 -0.20212300
v 0.02601394 -0.00625295 -0.19536500
v 0.02537397 -0.00602293 -0.19936700
v 0.02527198 -0.00601691 -0.19988100
v 0.02589294 -0.00605393 -0.19660200
v 0.02600095 -0.00608796 -0.19591901
v 0.02593795 -0.00590694 -0.19660901
v 0.02600095 -0.00608796 -0.19591901
v 0.02589294 -0.00605393 -0.19660200
v 0.02537397 -0.00602293 -0.19936700
v 0.02593795 -0.00590694 -0.19660901
v 0.02589294 -0.00605393 -0.19660200
v 0.02541700 -0.00577993 -0.19937301
v 0.02594295 -0.00580997 -0.19660901
v 0.02604899 -0.00594396 -0.19590899
v 0.02604994 -0.00577492 -0.19588891
v 0.02594295 -0.00580997 -0.19660901
v 0.02593300 -0.00573296 -0.19660691
v 0.02593300 -0.00573296 -0.19660691
v 0.02534196 -0.00554497 -0.19935700
v 0.02599296 -0.00561494 -0.19586401
v 0.02587000 -0.00556994 -0.19659390
v 0.02587000 -0.00556994 -0.19659390
v 0.02516398 -0.00537694 -0.19932000
v 0.02476600 -0.00552094 -0.20211001
v 0.02575395 -0.00543994 -0.19657300
v 0.02484498 -0.00575096 -0.20212901
v 0.02421698 -0.00572193 -0.20487200
v 0.02413699 -0.00549591 -0.20485100
v 0.02459100 -0.00535596 -0.20207100
v 0.02492997 -0.00531495 -0.19927301
v 0.02435997 -0.00529594 -0.20202001
v 0.02396295 -0.00533492 -0.20480791
v 0.02088794 -0.00527096 -0.20387890
v 0.02435997 -0.00529594 -0.20202001
v 0.02373496 -0.00527692 -0.20475300
v 0.02373496 -0.00527692 -0.20475300
v 0.02492997 -0.00531495 -0.19927301
v 0.02088794 -0.00527096 -0.20387890
v 0.02088794 -0.00149097 -0.20387889
v 0.02261600 -0.00149097 -0.19832499
v 0.02018896 -0.00525695 -0.20567700
v 0.02261600 -0.00531191 -0.19832499
v 0.02261600 -0.00531191 -0.19832499
v 0.02304897 -0.00525695 -0.20747100
v 0.02018896 -0.00525695 -0.20567700
v 0.02304897 -0.00525695 -0.20747100
v 0.01974896 -0.00522495 -0.20670401
v 0.02018896 -0.00525695 -0.20567700
v 0.01974896 -0.00522495 -0.20670401
v 0.01856199 -0.00241792 -0.20918299
v 0.01929596 -0.00502593 -0.20769900
v 0.02276197 -0.00522393 -0.20859400
v 0.01929596 -0.00502593 -0.20769900
v 0.02319196 -0.00527996 -0.20750900
v 0.02276197 -0.00522393 -0.20859400
v 0.02304897 -0.00525695 -0.20747100
v 0.02269897 -0.00519795 -0.20886990
v 0.02283797 -0.00522393 -0.20890699
v 0.02269897 -0.00519795 -0.20886990
v 0.02327296 -0.00531495 -0.20753101
v 0.02319196 -0.00527996 -0.20750900
v 0.02304897 -0.00525695 -0.20747100
v 0.02327296 -0.00531495 -0.20753101
v 0.02297500 -0.00529993 -0.20894900
v 0.02333495 -0.00535494 -0.20754801
v 0.02333495 -0.00535494 -0.20754801
v 0.02261600 -0.00488293 -0.21025100
v 0.02272996 -0.00495994 -0.21030600
v 0.02307800 -0.00541497 -0.20898800
v 0.02344498 -0.00547195 -0.20757800
v 0.02313998 -0.00555796 -0.20901901
v 0.02280995 -0.00506091 -0.21036901
v 0.02351198 -0.00561893 -0.20759700
v 0.02351198 -0.00561893 -0.20759700
v 0.02344498 -0.00547195 -0.20757800
v 0.02352700 -0.00569392 -0.20760100
v 0.02352700 -0.00569392 -0.20760100
v 0.02352998 -0.00578493 -0.20760299
v 0.02370200 -0.00593996 -0.20682100
v 0.02352998 -0.00578493 -0.20760299
v 0.02418497 -0.00596095 -0.20486601
v 0.02370200 -0.00593996 -0.20682100
v 0.02350000 -0.00593096 -0.20759600
v 0.02418497 -0.00596095 -0.20486601
v 0.02350000 -0.00593096 -0.20759600
v 0.02312198 -0.00586093 -0.20904900
v 0.02350000 -0.00593096 -0.20759600
v 0.02315298 -0.00571794 -0.20904000
v 0.02312198 -0.00586093 -0.20904900
v 0.02282098 -0.00543291 -0.21055700
v 0.02285597 -0.00531394 -0.21050200
v 0.02282098 -0.00543291 -0.21055700
v 0.02285394 -0.00518096 -0.21043500
v 0.02278695 -0.00419396 -0.21156199
v 0.02286700 -0.00284195 -0.21231200
v 0.02289495 -0.00280392 -0.21208900
v 0.02270594 -0.00406891 -0.21137200
v 0.02275095 -0.00432295 -0.21176800
v 0.02275095 -0.00432295 -0.21176800
v 0.02257696 -0.00350595 -0.21149200
v 0.02252498 -0.00397593 -0.21123700
v 0.02282396 -0.00275892 -0.21188191
v 0.02248398 -0.00446296 -0.21080490
v 0.02294395 -0.00132997 -0.21201900
v 0.02269498 -0.00241792 -0.21177600
v 0.02294496 -0.00132997 -0.21201999
v 0.02266500 -0.00271392 -0.21172699
v 0.02301696 -0.00134197 -0.21222800
v 0.02278695 -0.00131397 -0.21186100
v 0.01855096 -0.00149097 -0.20920400
v 0.02269498 -0.00241792 -0.21177600
v 0.02278695 -0.00131397 -0.21186100
v 0.01856199 -0.00241792 -0.20918299
v 0.02257696 -0.00350595 -0.21149200
v 0.02266500 -0.00271392 -0.21172699
v 0.01695696 -0.00149097 -0.20820400
v 0.01695696 -0.00149097 -0.20820400
v 0.02088794 -0.00149097 -0.20387889
v 0.01855096 -0.00149097 -0.20920400
v 0.01855096 -0.00149097 -0.20920400
v 0.01112595 -0.00149097 -0.20454700
v 0.02278695 -0.00131397 -0.21186100
v 0.02282599 0.00000903 -0.21188600
v 0.02294395 -0.00132997 -0.21201900
v 0.02294496 -0.00132997 -0.21201999
v 0.02248398 -0.00446296 -0.21080490
v 0.02252498 -0.00397593 -0.21123700
v 0.01864395 -0.00350595 -0.20902500
v 0.01888696 -0.00446195 -0.20854800
v 0.02249095 -0.00484395 -0.21021400
v 0.02249095 -0.00484395 -0.21021400
v 0.01864395 -0.00350595 -0.20902500
v 0.01888696 -0.00446195 -0.20854800
v 0.02254197 -0.00502694 -0.20973601
v 0.02254197 -0.00502694 -0.20973601
v 0.02301696 -0.00134197 -0.21223000
v 0.02299097 -0.00134897 -0.21245191
v 0.02480695 -0.00599194 -0.20212300
v 0.02209500 -0.00531692 -0.19723991
v 0.02261600 -0.00531191 -0.19832499
v 0.02209500 -0.00149097 -0.19723991
v 0.02209500 -0.00531692 -0.19723991
v 0.02261600 -0.00149097 -0.19832499
v 0.02261600 -0.00149097 -0.19832499
v 0.02156899 -0.00149097 -0.19724301
v 0.02209500 -0.00149097 -0.19723991
v 0.02156899 -0.00149097 -0.19724301
v 0.02156899 -0.00531495 -0.19724301
v 0.02209500 -0.00149097 -0.19723991
v 0.02209500 -0.00531692 -0.19723991
v 0.02098897 -0.00531394 -0.19702600
v 0.02156899 -0.00531495 -0.19724301
v 0.02098897 -0.00531394 -0.19702600
v 0.01984897 -0.00533397 -0.19300200
v 0.01996997 -0.00531394 -0.19642100
v 0.02098897 -0.00149097 -0.19702600
v 0.01996997 -0.00531394 -0.19642100
v 0.00529597 -0.00149097 -0.20089000
v 0.02098897 -0.00149097 -0.19702600
v 0.01996997 -0.00149097 -0.19642100
v 0.01996997 -0.00149097 -0.19642100
v 0.00529597 -0.00149097 -0.20089000
v 0.00529597 -0.00131397 -0.20089000
v -0.00053396 -0.00149097 -0.19723301
v 0.01798996 -0.00149097 -0.19517900
v 0.00270895 -0.00149097 -0.18559401
v 0.01600996 -0.00149097 -0.19393700
v 0.00136300 -0.00149097 -0.18475001
v 0.00005600 -0.00149097 -0.18385200
v -0.00051399 -0.00149097 -0.18326689
v -0.00053396 -0.00149097 -0.19723301
v -0.00467195 -0.00149097 -0.18777600
v -0.00636395 -0.00149097 -0.19357599
v -0.00053498 -0.00131397 -0.19723301
v -0.00636395 -0.00149097 -0.19357599
v -0.00636496 -0.00131397 -0.19357701
v -0.00773897 -0.00149097 -0.19271301
v -0.00636496 -0.00131397 -0.19357701
v -0.01218196 0.00133299 -0.18992791
v -0.01219495 -0.00131397 -0.18991999
v -0.00051399 -0.00531495 -0.18326689
v -0.00051399 -0.00149097 -0.18326689
v -0.00083997 -0.00149097 -0.18257500
v -0.00176295 -0.00149097 -0.18274300
v -0.00083997 -0.00149097 -0.18257500
v 0.00005600 -0.00531394 -0.18385200
v 0.00005600 -0.00149097 -0.18385200
v 0.00303499 -0.00533397 -0.18245600
v 0.00136900 -0.00531394 -0.18475300
v 0.00005600 -0.00531394 -0.18385200
v 0.00136300 -0.00149097 -0.18475001
v 0.00136900 -0.00531394 -0.18475300
v -0.00051399 -0.00531495 -0.18326689
v 0.00270895 -0.00531394 -0.18559401
v 0.00405399 -0.00531394 -0.18643799
v 0.00303499 -0.00533397 -0.18245600
v 0.00903896 -0.00537593 -0.18533500
v 0.00863997 -0.00533397 -0.18597101
v 0.00863997 -0.00533397 -0.18597101
v 0.00539896 -0.00531394 -0.18728100
v 0.00343398 -0.00537593 -0.18181901
v -0.00256898 -0.00533397 -0.17894100
v 0.01464400 -0.00537593 -0.18885000
v 0.00380299 -0.00564892 -0.18123201
v -0.00127300 -0.00625093 -0.17753100
v 0.01424399 -0.00533397 -0.18948700
v 0.02024797 -0.00537593 -0.19236501
v 0.01424399 -0.00533397 -0.18948700
v 0.01600996 -0.00531394 -0.19393700
v 0.01402995 -0.00531394 -0.19269501
v 0.01798996 -0.00531394 -0.19517900
v 0.01984897 -0.00533397 -0.19300200
v 0.01204994 -0.00531394 -0.19145300
v 0.01402995 -0.00149097 -0.19269501
v 0.01402995 -0.00531394 -0.19269501
v 0.01600996 -0.00149097 -0.19393700
v 0.01600996 -0.00531394 -0.19393700
v 0.01204994 -0.00531394 -0.19145300
v 0.01402995 -0.00149097 -0.19269501
v 0.01204994 -0.00149097 -0.19145300
v 0.01204994 -0.00149097 -0.19145300
v 0.01006994 -0.00149097 -0.19021089
v 0.01006994 -0.00531394 -0.19021089
v 0.00405399 -0.00149097 -0.18643799
v 0.01006994 -0.00149097 -0.19021089
v 0.01006994 -0.00531394 -0.19021089
v 0.00808898 -0.00531394 -0.18896900
v 0.00808898 -0.00531394 -0.18896900
v 0.00808898 -0.00149097 -0.18896900
v 0.00808898 -0.00149097 -0.18896900
v 0.00674394 -0.00531394 -0.18812500
v 0.00808898 -0.00531394 -0.18896900
v 0.00674394 -0.00531394 -0.18812500
v 0.00674394 -0.00149097 -0.18812500
v 0.00539896 -0.00531394 -0.18728100
v 0.00674394 -0.00149097 -0.18812500
v 0.00808898 -0.00149097 -0.18896900
v 0.00539896 -0.00149097 -0.18728100
v 0.00539896 -0.00149097 -0.18728100
v 0.00405399 -0.00149097 -0.18643799
v 0.00405399 -0.00531394 -0.18643799
v 0.00270895 -0.00149097 -0.18559401
v 0.00270895 -0.00531394 -0.18559401
v 0.01798996 -0.00149097 -0.19517900
v 0.01798996 -0.00531394 -0.19517900
v 0.02573100 -0.00565196 -0.19498800
v 0.02559295 -0.00536794 -0.19578700
v 0.02560595 -0.00537593 -0.19572601
v 0.02545294 -0.00533396 -0.19651701
v 0.02559295 -0.00536794 -0.19578700
v 0.02560297 -0.00535894 -0.19654501
v 0.02545294 -0.00533396 -0.19651701
v 0.02560595 -0.00537593 -0.19572601
v 0.02574095 -0.00539792 -0.19580901
v 0.02569094 -0.00539697 -0.19656099
v 0.02560297 -0.00535894 -0.19654501
v 0.02569094 -0.00539697 -0.19656099
v 0.02575395 -0.00543994 -0.19657300
v 0.02584896 -0.00565595 -0.19508500
v 0.02588597 -0.00548393 -0.19583701
v 0.02596197 -0.00574995 -0.19512300
v 0.02573100 -0.00565196 -0.19498800
v 0.02603898 -0.00586796 -0.19517601
v 0.02586398 -0.00630296 -0.19459100
v 0.02567700 -0.00624693 -0.19442400
v 0.02569994 -0.00615192 -0.19449291
v 0.02560499 -0.00690896 -0.19423001
v 0.02593300 -0.00646991 -0.19475789
v 0.02601394 -0.00625295 -0.19536500
v 0.02606395 -0.00613392 -0.19531199
v 0.02607396 -0.00599993 -0.19524101
v 0.02566299 -0.00704194 -0.19440000
v 0.02588800 -0.00661195 -0.19495200
v 0.02528200 -0.00750393 -0.19392000
v 0.02533296 -0.00762594 -0.19409101
v 0.02562896 -0.00714195 -0.19459801
v 0.02530196 -0.00771094 -0.19428800
v 0.02496198 -0.00819791 -0.19379500
v 0.02491596 -0.00807596 -0.19362600
v 0.02492997 -0.00828094 -0.19399001
v 0.02562896 -0.00714195 -0.19459801
v 0.02530196 -0.00771094 -0.19428800
v 0.02492997 -0.00828094 -0.19399001
v 0.02456096 -0.00874895 -0.19349191
v 0.02452496 -0.00883395 -0.19368599
v 0.02452496 -0.00883395 -0.19368599
v 0.02456096 -0.00874895 -0.19349191
v 0.02361497 -0.00984294 -0.19280000
v 0.02452496 -0.00883395 -0.19368599
v 0.02451995 -0.00862194 -0.19332591
v 0.02358595 -0.00970191 -0.19264001
v 0.02451995 -0.00862194 -0.19332591
v 0.02254895 -0.01065094 -0.19190000
v 0.02356997 -0.00993497 -0.19299200
v 0.02256397 -0.01080496 -0.19205600
v 0.02246097 -0.01094091 -0.19221400
v 0.02250895 -0.01090294 -0.19224601
v 0.02135798 -0.01171792 -0.19146100
v 0.02246097 -0.01094091 -0.19221400
v 0.02356997 -0.00993497 -0.19299200
v 0.02250895 -0.01090294 -0.19224601
v 0.02246699 -0.01046795 -0.19180800
v 0.02451995 -0.00862194 -0.19332591
v 0.02451995 -0.00862194 -0.19332591
v 0.02348897 -0.00953496 -0.19253799
v 0.02440998 -0.00847293 -0.19321600
v 0.02440998 -0.00847293 -0.19321600
v 0.02479997 -0.00793493 -0.19351301
v 0.02493999 -0.00772197 -0.19362500
v 0.02536795 -0.00697595 -0.19401001
v 0.02493999 -0.00772197 -0.19362500
v 0.02515796 -0.00736791 -0.19380590
v 0.02515796 -0.00736791 -0.19380590
v 0.02479997 -0.00793493 -0.19351301
v 0.02536795 -0.00697595 -0.19401001
v 0.02567700 -0.00624693 -0.19442400
v 0.02546695 -0.00676996 -0.19412001
v 0.02546695 -0.00676996 -0.19412001
v 0.02588800 -0.00661195 -0.19495200
v 0.02601496 -0.00624693 -0.19537500
v 0.02601496 -0.00624693 -0.19537500
v 0.02569994 -0.00615192 -0.19449291
v 0.02572295 -0.00559897 -0.19506700
v 0.02572295 -0.00559897 -0.19506700
v 0.02545294 -0.00533396 -0.19651701
v -0.00083997 -0.00531895 -0.18257500
v -0.00176295 -0.00531394 -0.18274300
v -0.00083997 -0.00149097 -0.18257500
v -0.00176295 -0.00149097 -0.18274300
v -0.00083997 -0.00531895 -0.18257500
v 0.02527198 -0.00601691 -0.19988100
v 0.01511595 -0.01383292 -0.21770500
v 0.01511595 -0.01383292 -0.21770500
v 0.01333699 -0.01466793 -0.21726500
v 0.01333699 -0.01466793 -0.21726500
v 0.01202896 -0.01565695 -0.21644400
v 0.00957195 -0.01749694 -0.21421701
v 0.00775597 -0.01796997 -0.21308101
v 0.01066098 -0.01688296 -0.20706401
v 0.00482497 -0.01840096 -0.21124700
v 0.00641099 -0.01820696 -0.21224000
v 0.00482497 -0.01840096 -0.21124700
v 0.00625799 -0.01816994 -0.21247500
v 0.00641099 -0.01820696 -0.21224000
v 0.00775597 -0.01796997 -0.21308101
v 0.00612495 -0.01798695 -0.21264491
v 0.00467298 -0.01836193 -0.21148201
v 0.00454698 -0.01817894 -0.21165601
v 0.00308899 -0.01848691 -0.21048901
v 0.00429699 -0.01844894 -0.21091600
v 0.00429699 -0.01844894 -0.21091600
v 0.00323895 -0.01852596 -0.21025300
v 0.00323895 -0.01852596 -0.21025300
v 0.00164399 -0.01860494 -0.20925300
v 0.00164399 -0.01860494 -0.20925300
v 0.00149400 -0.01856596 -0.20948901
v 0.00082000 -0.01862997 -0.20873501
v 0.00082000 -0.01862997 -0.20873501
v 0.00296698 -0.01830292 -0.21066501
v 0.00137600 -0.01838094 -0.20966700
v -0.00010000 -0.01860494 -0.20848801
v 0.00004900 -0.01864392 -0.20825090
v 0.00291196 -0.01803196 -0.21072500
v 0.00448499 -0.01790792 -0.21171201
v 0.00448499 -0.01790792 -0.21171201
v 0.00605295 -0.01771695 -0.21269501
v 0.00799797 -0.01791895 -0.21323200
v 0.00799797 -0.01791895 -0.21323200
v 0.01852295 -0.00368095 -0.22051790
v 0.01876095 0.00000904 -0.22066800
v 0.01870397 -0.00184196 -0.22063200
v 0.01870397 -0.00184196 -0.22063200
v 0.01854494 0.00365400 -0.22053200
v 0.00805596 0.01724099 -0.21394899
v 0.01901797 0.00000904 -0.22074400
v 0.01876095 0.00000904 -0.22066800
v 0.01876095 0.00000904 -0.22066800
v 0.01896200 0.00185400 -0.22070900
v 0.01901797 0.00000904 -0.22074400
v 0.01870600 0.00183600 -0.22063300
v 0.01870600 0.00183600 -0.22063300
v 0.01854494 0.00365400 -0.22053200
v 0.01880095 0.00368899 -0.22060700
v 0.01827899 0.00545400 -0.22036400
v 0.01853296 0.00550800 -0.22043800
v 0.01905695 0.00371402 -0.22053900
v 0.01878896 0.00554603 -0.22036700
v 0.01918098 0.00423300 -0.22030499
v 0.01924500 0.00372201 -0.22034700
v 0.01918098 0.00423300 -0.22030499
v 0.01897594 0.00555801 -0.22017100
v 0.01897594 0.00555801 -0.22017100
v 0.01840398 0.00735301 -0.22012000
v 0.01858899 0.00736803 -0.21991899
v 0.01858899 0.00736803 -0.21991899
v 0.01832196 0.00834399 -0.21974590
v 0.01832196 0.00834399 -0.21974590
v 0.02115199 0.00782102 -0.21332900
v 0.01949498 0.01126699 -0.21235700
v 0.02332196 0.00724703 -0.20662589
v 0.01807496 0.00911802 -0.21958700
v 0.02319500 0.00586503 -0.20909200
v 0.02288196 0.00543701 -0.21058600
v 0.02357599 0.00593203 -0.20764600
v 0.02322200 0.00572299 -0.20908201
v 0.02319500 0.00586503 -0.20909200
v 0.02288196 0.00543701 -0.21058600
v 0.02357599 0.00593203 -0.20764600
v 0.02357599 0.00593203 -0.20764600
v 0.02360097 0.00578701 -0.20765200
v 0.02357599 0.00593203 -0.20764600
v 0.02360097 0.00578701 -0.20765200
v 0.02357599 0.00593203 -0.20764600
v 0.02377597 0.00594103 -0.20687801
v 0.02359596 0.00569897 -0.20764901
v 0.02357599 0.00593203 -0.20764600
v 0.02377597 0.00594103 -0.20687801
v 0.02359596 0.00569897 -0.20764901
v 0.02359495 0.00569802 -0.20764901
v 0.02359495 0.00569897 -0.20765000
v 0.02359495 0.00569802 -0.20764901
v 0.02350995 0.00548201 -0.20762500
v 0.02357897 0.00562500 -0.20764489
v 0.02420399 0.00550699 -0.20489789
v 0.02350995 0.00548201 -0.20762500
v 0.02428797 0.00572699 -0.20491899
v 0.02483598 0.00553202 -0.20215700
v 0.02491698 0.00575703 -0.20217700
v 0.02426300 0.00596302 -0.20491500
v 0.02523598 0.00539302 -0.19936700
v 0.02541295 0.00555699 -0.19940400
v 0.02466098 0.00537198 -0.20211799
v 0.02500495 0.00533300 -0.19932100
v 0.02443394 0.00531399 -0.20206800
v 0.02403197 0.00535100 -0.20485499
v 0.02500495 0.00533300 -0.19932100
v 0.02088794 0.00529003 -0.20387889
v 0.02443394 0.00531399 -0.20206800
v 0.02380797 0.00529402 -0.20480099
v 0.02380797 0.00529402 -0.20480099
v 0.02311996 0.00527399 -0.20751890
v 0.02333895 0.00532901 -0.20757800
v 0.02311996 0.00527399 -0.20751890
v 0.02018896 0.00527602 -0.20567700
v 0.01974896 0.00524401 -0.20670400
v 0.02311996 0.00527399 -0.20751890
v 0.02018896 0.00527602 -0.20567700
v 0.02311996 0.00527399 -0.20751890
v 0.02325997 0.00529599 -0.20755699
v 0.02311996 0.00527399 -0.20751890
v 0.02333895 0.00532901 -0.20757800
v 0.02333895 0.00532901 -0.20757900
v 0.02283195 0.00524002 -0.20863689
v 0.02325997 0.00529599 -0.20755699
v 0.02311996 0.00527399 -0.20751890
v 0.02290395 0.00524002 -0.20894900
v 0.02333895 0.00532901 -0.20757900
v 0.02303895 0.00531399 -0.20898999
v 0.02340099 0.00536799 -0.20759500
v 0.02340099 0.00536799 -0.20759500
v 0.02333996 0.00533002 -0.20757800
v 0.02333996 0.00533002 -0.20757800
v 0.02350995 0.00548201 -0.20762600
v 0.02314195 0.00542598 -0.20902701
v 0.02267197 0.00490403 -0.21028000
v 0.02278397 0.00497800 -0.21033700
v 0.02286396 0.00507503 -0.21040000
v 0.02320495 0.00556498 -0.20905900
v 0.02357897 0.00562500 -0.20764489
v 0.02273294 0.00407898 -0.21138599
v 0.02290794 0.00519102 -0.21046699
v 0.02278200 0.00433200 -0.21177889
v 0.02281597 0.00420099 -0.21157600
v 0.02279797 0.00390499 -0.21200401
v 0.02278200 0.00433200 -0.21177889
v 0.02279797 0.00390499 -0.21200401
v 0.02287498 0.00284803 -0.21232100
v 0.02287498 0.00284803 -0.21232100
v 0.02299097 0.00136703 -0.21245190
v 0.02259496 0.00352400 -0.21150100
v 0.02255097 0.00399202 -0.21125200
v 0.02252498 0.00448101 -0.21083100
v 0.02259496 0.00352400 -0.21150100
v 0.02252498 0.00448101 -0.21083100
v 0.01864496 0.00352400 -0.20902499
v 0.01856199 0.00243699 -0.20918299
v 0.02255097 0.00399202 -0.21125200
v 0.02267400 0.00272899 -0.21173300
v 0.02267400 0.00272899 -0.21173300
v 0.02088794 0.00151002 -0.20387889
v 0.01856199 0.00243699 -0.20918299
v 0.01974896 0.00524401 -0.20670400
v 0.01929596 0.00504499 -0.20769900
v 0.01864496 0.00352400 -0.20902499
v 0.01855096 0.00151002 -0.20920400
v 0.02088794 0.00529003 -0.20387889
v 0.02261600 0.00151002 -0.19832499
v 0.02156899 0.00151002 -0.19724300
v 0.02088794 0.00151002 -0.20387889
v 0.02261600 0.00151002 -0.19832499
v 0.01695898 0.00151002 -0.20820500
v 0.01855096 0.00151002 -0.20920400
v 0.01113096 0.00151002 -0.20455000
v 0.02018896 0.00527602 -0.20567700
v 0.02156899 0.00533401 -0.19724300
v 0.02156899 0.00151002 -0.19724300
v 0.02209500 0.00151002 -0.19723991
v 0.02209500 0.00151002 -0.19723991
v 0.02098897 0.00533300 -0.19702600
v 0.02098897 0.00151002 -0.19702600
v 0.02098897 0.00151002 -0.19702600
v 0.00530294 0.00151002 -0.20089389
v 0.02209500 0.00533598 -0.19723990
v 0.02209500 0.00533598 -0.19723990
v 0.02098897 0.00533300 -0.19702600
v 0.02156899 0.00533401 -0.19724300
v 0.02209500 0.00151002 -0.19723991
v 0.02261600 0.00533097 -0.19832499
v 0.02209500 0.00533598 -0.19723990
v 0.01992396 0.00535303 -0.19304900
v 0.02261600 0.00533097 -0.19832499
v 0.02552900 0.00535303 -0.19656500
v 0.02567098 0.00538497 -0.19584200
v 0.01992396 0.00535303 -0.19304900
v 0.02552900 0.00535303 -0.19656500
v 0.01996997 0.00533300 -0.19642100
v 0.01798996 0.00533300 -0.19517900
v 0.01431897 0.00535303 -0.18953290
v 0.02032295 0.00539499 -0.19241200
v 0.01431897 0.00535303 -0.18953290
v 0.01996997 0.00151002 -0.19642100
v 0.01996997 0.00533300 -0.19642100
v 0.01798996 0.00533300 -0.19517900
v 0.01798996 0.00151002 -0.19517900
v 0.01798996 0.00151002 -0.19517900
v 0.01996997 0.00151002 -0.19642100
v 0.01600996 0.00533300 -0.19393700
v 0.01600996 0.00151002 -0.19393700
v 0.01600996 0.00151002 -0.19393700
v 0.01600996 0.00533300 -0.19393700
v 0.01402995 0.00533300 -0.19269501
v 0.01402995 0.00533300 -0.19269501
v 0.01204994 0.00533300 -0.19145299
v 0.01402995 0.00151002 -0.19269501
v 0.01204994 0.00533300 -0.19145299
v 0.01204994 0.00151002 -0.19145299
v 0.01006994 0.00533300 -0.19021089
v 0.01006994 0.00533300 -0.19021089
v 0.00270895 0.00151002 -0.18559401
v 0.01204994 0.00151002 -0.19145299
v 0.00405399 0.00151002 -0.18643799
v 0.01402995 0.00151002 -0.19269501
v 0.01006994 0.00151002 -0.19021089
v 0.01006994 0.00151002 -0.19021089
v 0.00808898 0.00533300 -0.18896900
v 0.00808898 0.00151002 -0.18896900
v 0.00674394 0.00151002 -0.18812500
v 0.00808898 0.00151002 -0.18896900
v 0.00539896 0.00151002 -0.18728100
v 0.00674394 0.00533300 -0.18812500
v 0.00808898 0.00151002 -0.18896900
v 0.00808898 0.00533300 -0.18896900
v 0.00808898 0.00533300 -0.18896900
v 0.00674394 0.00533300 -0.18812500
v 0.00674394 0.00151002 -0.18812500
v 0.00539896 0.00533300 -0.18728100
v 0.00539896 0.00151002 -0.18728100
v 0.00405399 0.00533300 -0.18643799
v 0.00405399 0.00151002 -0.18643799
v 0.00270895 0.00533300 -0.18559401
v 0.00270895 0.00151002 -0.18559401
v 0.00136900 0.00533300 -0.18475300
v 0.00136300 0.00151002 -0.18475001
v 0.00136300 0.00151002 -0.18475001
v 0.00005600 0.00151002 -0.18385200
v 0.00005600 0.00151002 -0.18385200
v 0.02568498 0.00539201 -0.19577500
v 0.02581599 0.00541502 -0.19586299
v 0.02568498 0.00539201 -0.19577500
v 0.02567098 0.00538497 -0.19584200
v 0.02582595 0.00545501 -0.19661900
v 0.02567700 0.00537598 -0.19659200
v 0.02576295 0.00541400 -0.19660801
v 0.02582595 0.00545501 -0.19661900
v 0.02576295 0.00541400 -0.19660801
v 0.02567700 0.00537598 -0.19659200
v 0.02594099 0.00558203 -0.19664100
v 0.02594099 0.00558203 -0.19664100
v 0.02594200 0.00558298 -0.19664100
v 0.02594200 0.00558298 -0.19664100
v 0.02600697 0.00574099 -0.19665401
v 0.02600697 0.00574099 -0.19665401
v 0.02601800 0.00581800 -0.19665700
v 0.02549198 0.00578701 -0.19942100
v 0.02601800 0.00581800 -0.19665700
v 0.02601597 0.00591200 -0.19665700
v 0.02535096 0.00602102 -0.19994300
v 0.02545497 0.00602698 -0.19941600
v 0.02488700 0.00599503 -0.20217200
v 0.02535096 0.00602102 -0.19994300
v 0.02545497 0.00602698 -0.19941600
v 0.02488700 0.00599503 -0.20217200
v 0.02426300 0.00596302 -0.20491500
v 0.02597496 0.00605899 -0.19665100
v 0.02601597 0.00591200 -0.19665700
v 0.02608296 0.00609201 -0.19597800
v 0.02597496 0.00605899 -0.19665100
v 0.02552900 0.00535303 -0.19656500
v 0.02261600 0.00151002 -0.19832499
v 0.02261600 0.00533097 -0.19832499
v 0.01929596 0.00504499 -0.20769900
v 0.02283195 0.00524002 -0.20863689
v 0.02276597 0.00521498 -0.20891400
v 0.02260396 0.00504398 -0.20977400
v 0.01888696 0.00448000 -0.20854799
v 0.01888696 0.00448000 -0.20854799
v 0.02276597 0.00521498 -0.20891400
v 0.02260396 0.00504398 -0.20977400
v 0.02255097 0.00486600 -0.21023799
v 0.02255097 0.00486600 -0.21023799
v 0.02359495 0.00569897 -0.20765000
v 0.02350995 0.00548201 -0.20762600
v 0.01807496 0.00911802 -0.21958700
v 0.01722399 0.01077902 -0.21936600
v 0.01740399 0.01080101 -0.21915500
v 0.01789197 0.00910002 -0.21979199
v 0.01740399 0.01080101 -0.21915500
v 0.01674596 0.01205200 -0.21873399
v 0.01674596 0.01205200 -0.21873399
v 0.01654700 0.01237803 -0.21860699
v 0.01637200 0.01235300 -0.21882500
v 0.01654700 0.01237803 -0.21860699
v 0.01510796 0.01363599 -0.21828000
v 0.01613400 0.01224202 -0.21892489
v 0.01533094 0.01376801 -0.21816590
v 0.01390895 0.01481902 -0.21752600
v 0.01411495 0.01496899 -0.21739900
v 0.01550296 0.01379603 -0.21794300
v 0.01428297 0.01499801 -0.21717199
v 0.01550296 0.01379603 -0.21794300
v 0.01428297 0.01499801 -0.21717199
v 0.01427999 0.01499998 -0.21717000
v 0.01427999 0.01499998 -0.21717000
v 0.01276097 0.01594001 -0.21654799
v 0.01292494 0.01597099 -0.21631799
v 0.01702395 0.01401799 -0.21088600
v 0.01292494 0.01597099 -0.21631799
v 0.01148197 0.01672804 -0.21541200
v 0.01148197 0.01672804 -0.21541200
v 0.01132098 0.01669400 -0.21564500
v 0.01119295 0.01685302 -0.21523100
v 0.01119295 0.01685302 -0.21523100
v 0.01400200 0.01578598 -0.20907500
v 0.01114997 0.01652199 -0.21579499
v 0.00983099 0.01726204 -0.21471099
v 0.01257298 0.01577604 -0.21668800
v 0.01373199 0.01459598 -0.21751089
v 0.01242396 0.01553303 -0.21669000
v 0.01373199 0.01459598 -0.21751089
v 0.01102498 0.01626599 -0.21581199
v 0.01242396 0.01553303 -0.21669000
v 0.01102498 0.01626599 -0.21581199
v 0.00967399 0.01708399 -0.21486899
v 0.00956998 0.01682101 -0.21489900
v 0.00956998 0.01682101 -0.21489900
v 0.00814400 0.01750803 -0.21390900
v 0.00805596 0.01724099 -0.21394899
v 0.00828896 0.01768898 -0.21374599
v 0.00659899 0.01781999 -0.21294000
v 0.00673494 0.01800297 -0.21277199
v 0.00782595 0.01786302 -0.21312400
v 0.00844500 0.01772600 -0.21351100
v 0.00688896 0.01803999 -0.21253700
v 0.00782595 0.01786302 -0.21312400
v 0.01072499 0.01679300 -0.20710590
v 0.00844500 0.01772600 -0.21351100
v 0.00532899 0.01827000 -0.21155999
v 0.00688896 0.01803999 -0.21253700
v 0.00436196 0.01837902 -0.21095499
v 0.00532899 0.01827000 -0.21155999
v 0.00517598 0.01823103 -0.21179500
v 0.00436196 0.01837902 -0.21095499
v 0.00504599 0.01804799 -0.21196599
v 0.00497899 0.01777803 -0.21201899
v 0.00652299 0.01755099 -0.21298700
v 0.00497899 0.01777803 -0.21201899
v 0.00652299 0.01755099 -0.21298700
v 0.00342999 0.01794403 -0.21104690
v 0.00342999 0.01794403 -0.21104690
v 0.00186900 0.01806401 -0.21006700
v 0.00998900 0.01729702 -0.21447700
v 0.00998900 0.01729702 -0.21447700
v 0.01739195 0.00893098 -0.21980800
v 0.01590899 0.01208102 -0.21887700
v 0.01490399 0.01344204 -0.21824690
v 0.01490399 0.01344204 -0.21824690
v 0.01827899 0.00545400 -0.22036400
v 0.01789698 0.00722503 -0.22012500
v 0.01739195 0.00893098 -0.21980800
v 0.01814899 0.00730002 -0.22019490
v 0.01789698 0.00722503 -0.22012500
v 0.01763997 0.00903099 -0.21987399
v 0.01673797 0.01056200 -0.21939699
v 0.01673797 0.01056200 -0.21939699
v 0.01697698 0.01069098 -0.21945600
v 0.01590899 0.01208102 -0.21887700
v 0.01926497 0.01293801 -0.20433301
v -0.01180394 0.00352400 -0.18992500
v -0.00772699 -0.00241793 -0.19269501
v -0.00773897 -0.00149097 -0.19271301
v -0.00734397 -0.00446195 -0.19209591
v -0.01057197 -0.00500495 -0.18904300
v -0.01131799 -0.00444496 -0.18962400
v -0.01131799 -0.00444496 -0.18962400
v -0.01130195 -0.00446195 -0.18961389
v -0.01057197 -0.00500495 -0.18904300
v -0.01052197 -0.00502694 -0.18899700
v -0.01052197 -0.00502694 -0.18899700
v -0.00978496 -0.00521893 -0.18824001
v -0.00978496 -0.00521893 -0.18824001
v -0.00684299 -0.00502593 -0.19130500
v -0.00626697 -0.00522495 -0.19038589
v -0.00762995 -0.00350595 -0.19254400
v -0.00684299 -0.00502593 -0.19130500
v -0.00734397 -0.00446195 -0.19209591
v -0.01768597 -0.00677091 -0.19780000
v -0.01678099 -0.01033491 -0.19827101
v -0.01680495 -0.01041592 -0.19799601
v -0.01730694 -0.00869292 -0.19735000
v -0.01661595 -0.01021296 -0.19847100
v -0.01598998 -0.01195693 -0.19876591
v -0.01583995 -0.01180494 -0.19895800
v -0.01661595 -0.01021296 -0.19847100
v -0.01600196 -0.01205993 -0.19849689
v -0.01501598 -0.01343996 -0.19937700
v -0.01488598 -0.01325494 -0.19955591
v -0.01488598 -0.01325494 -0.19955591
v -0.01376196 -0.01450992 -0.20026200
v -0.01376196 -0.01450992 -0.20026200
v -0.01248600 -0.01554895 -0.20106301
v -0.01256098 -0.01578695 -0.20091801
v -0.01386495 -0.01472491 -0.20009901
v -0.01252194 -0.01594591 -0.20067901
v -0.01384499 -0.01486796 -0.19984791
v -0.01095094 -0.01682592 -0.20132800
v -0.01315798 -0.01538092 -0.19994000
v -0.01238199 -0.01597196 -0.20042800
v -0.01238199 -0.01597196 -0.20042800
v -0.01095094 -0.01682592 -0.20132800
v -0.00929495 -0.01431293 -0.19497301
v -0.01315798 -0.01538092 -0.19994000
v -0.01370795 -0.01489193 -0.19959501
v -0.01487996 -0.01358491 -0.19886100
v -0.01487996 -0.01358491 -0.19886100
v -0.01370795 -0.01489193 -0.19959501
v -0.01572694 -0.01232893 -0.19833200
v -0.01501300 -0.01356393 -0.19911601
v -0.01572694 -0.01232893 -0.19833200
v -0.01587297 -0.01207793 -0.19824091
v -0.01587297 -0.01207793 -0.19824091
v -0.01667895 -0.01043094 -0.19774001
v -0.01667895 -0.01043094 -0.19774001
v -0.01730694 -0.00869292 -0.19735000
v -0.00772097 -0.00593097 -0.18500701
v -0.00939497 -0.00589991 -0.18705089
v -0.00970300 -0.00589193 -0.18741889
v -0.00608596 -0.00596292 -0.18293201
v -0.00772097 -0.00593097 -0.18500701
v -0.00940999 -0.00575597 -0.18703701
v -0.00939497 -0.00589991 -0.18705089
v -0.00773396 -0.00569791 -0.18499491
v -0.00610396 -0.00572694 -0.18291600
v -0.00608596 -0.00596292 -0.18293201
v -0.00571599 -0.00596995 -0.18245100
v -0.00571599 -0.00596995 -0.18245100
v -0.00451799 -0.00575794 -0.18080400
v -0.00449398 -0.00599594 -0.18082400
v -0.00297894 -0.00588191 -0.17865901
v -0.00297894 -0.00578994 -0.17865799
v -0.00296798 -0.00571192 -0.17866500
v -0.00297894 -0.00578994 -0.17865799
v -0.00256898 -0.00574697 -0.17810901
v -0.00296798 -0.00571192 -0.17866500
v -0.00291195 -0.00555892 -0.17870300
v -0.00291195 -0.00555892 -0.17870300
v -0.00297894 -0.00588191 -0.17865901
v -0.00294896 -0.00602991 -0.17868100
v -0.00294896 -0.00602991 -0.17868100
v -0.00940397 -0.00566894 -0.18704189
v -0.00940999 -0.00575597 -0.18703701
v -0.00940397 -0.00566894 -0.18704189
v -0.00970300 -0.00589193 -0.18741889
v -0.00939497 -0.00589991 -0.18705089
v -0.00256898 -0.00533397 -0.17894100
v -0.00215795 -0.00536496 -0.17836399
v -0.00133195 -0.00614197 -0.17754801
v -0.00133195 -0.00614197 -0.17754801
v -0.00098898 -0.00676496 -0.17752300
v -0.00098898 -0.00676496 -0.17752300
v -0.00087097 -0.00697494 -0.17754801
v 0.00161097 -0.01101095 -0.17924100
v 0.00945494 -0.01384294 -0.18386801
v 0.00675396 -0.01339293 -0.18222200
v 0.00810198 -0.01366794 -0.18303900
v 0.00945494 -0.01384294 -0.18386801
v 0.00957898 -0.01374597 -0.18368100
v 0.00810198 -0.01366794 -0.18303900
v 0.00822995 -0.01357192 -0.18285300
v 0.00675396 -0.01339293 -0.18222200
v 0.00833294 -0.01337892 -0.18273691
v 0.00706295 -0.01286894 -0.18191800
v 0.00838295 -0.01313895 -0.18272101
v 0.00967298 -0.01355297 -0.18356100
v 0.00971196 -0.01331091 -0.18353801
v 0.01102397 -0.01364196 -0.18440001
v 0.01093897 -0.01383496 -0.18452390
v 0.01081696 -0.01393295 -0.18471100
v 0.01186100 -0.01395291 -0.18536100
v 0.01229599 -0.01385194 -0.18537100
v 0.01371899 -0.01361496 -0.18609101
v 0.01364795 -0.01380694 -0.18622101
v 0.01353499 -0.01390791 -0.18640891
v 0.01217798 -0.01395095 -0.18555901
v 0.01237497 -0.01365894 -0.18524501
v 0.01239297 -0.01341993 -0.18520901
v 0.01372895 -0.01337695 -0.18605100
v 0.01105300 -0.01340092 -0.18437000
v 0.01105300 -0.01340092 -0.18437000
v 0.00971196 -0.01331091 -0.18353801
v 0.01353499 -0.01390791 -0.18640891
v 0.01217798 -0.01395095 -0.18555901
v 0.01186100 -0.01395291 -0.18536100
v 0.01081696 -0.01393295 -0.18471100
v 0.00838295 -0.01313895 -0.18272101
v 0.00007000 -0.00847293 -0.17795000
v 0.01755199 -0.01330293 -0.18896100
v -0.00154694 -0.01864296 -0.20724801
v -0.00277897 -0.01860994 -0.20647401
v -0.00314494 -0.01859397 -0.20624300
v -0.00473198 -0.01847393 -0.20524501
v -0.00314494 -0.01859397 -0.20624300
v -0.00473198 -0.01847393 -0.20524501
v -0.00631800 -0.01826495 -0.20424600
v -0.00631800 -0.01826495 -0.20424600
v -0.00636198 -0.01825697 -0.20421900
v 0.00030700 0.01814799 -0.20908700
v 0.00030700 0.01814799 -0.20908700
v -0.01774998 0.00599700 -0.19775800
v -0.01730796 0.00774598 -0.19803500
v -0.01774998 0.00599700 -0.19775800
v -0.01730796 0.00774598 -0.19803500
v -0.01674594 0.00943201 -0.19838799
v -0.00540700 0.00664603 -0.18263800
v -0.00763895 0.00595700 -0.18506201
v -0.00042700 0.00884198 -0.17818700
v -0.00238695 0.00612401 -0.17807500
v -0.00441697 0.00602203 -0.18087400
v -0.00152596 0.00713097 -0.17773899
v -0.00564297 0.00599699 -0.18251100
v -0.00600698 0.00598901 -0.18298499
v -0.00564297 0.00599699 -0.18251100
v -0.00441697 0.00602203 -0.18087400
v -0.00600698 0.00598901 -0.18298499
v -0.00763895 0.00595700 -0.18506201
v -0.00025300 0.00877898 -0.17801100
v 0.00055000 0.01003598 -0.17867900
v -0.00042700 0.00884198 -0.17818700
v -0.00081398 0.00828003 -0.17800300
v -0.00025300 0.00877898 -0.17801100
v -0.00042700 0.00884198 -0.17818700
v 0.00055000 0.01003598 -0.17867900
v -0.00081398 0.00828003 -0.17800300
v -0.00063696 0.00821899 -0.17782500
v -0.00117799 0.00770502 -0.17784600
v -0.00117799 0.00770502 -0.17784600
v -0.00025200 0.00877898 -0.17801000
v -0.00004200 0.00865101 -0.17794300
v -0.00042100 0.00809698 -0.17775901
v -0.00100096 0.00764000 -0.17766490
v -0.00022000 0.00794702 -0.17782099
v -0.00004000 0.00865000 -0.17794300
v 0.00015100 0.00849198 -0.17800100
v -0.00022000 0.00794702 -0.17782099
v -0.00152596 0.00713097 -0.17773899
v -0.00135096 0.00704800 -0.17755100
v -0.00159397 0.00638299 -0.17748700
v -0.00170394 0.00646900 -0.17753200
v -0.00179895 0.00655000 -0.17761899
v -0.00199898 0.00586598 -0.17770299
v -0.00208994 0.00599699 -0.17772099
v -0.00215199 0.00613599 -0.17778300
v -0.00251898 0.00594400 -0.17816900
v -0.00249799 0.00577401 -0.17815600
v -0.00217500 0.00625198 -0.17787100
v -0.00238695 0.00612401 -0.17807500
v -0.00186100 0.00661003 -0.17772700
v -0.00217500 0.00625198 -0.17787100
v -0.00186100 0.00661003 -0.17772700
v -0.00290694 0.00590800 -0.17870501
v -0.00289699 0.00573598 -0.17871000
v -0.00290795 0.00581502 -0.17870399
v -0.00290795 0.00581502 -0.17870399
v -0.00290694 0.00590800 -0.17870501
v -0.00249799 0.00609099 -0.17821100
v -0.00287398 0.00605600 -0.17872889
v -0.00287398 0.00605600 -0.17872889
v -0.00287398 0.00605600 -0.17872889
v -0.00249799 0.00609099 -0.17821100
v -0.00025200 0.00877898 -0.17801000
v 0.00147200 0.01092498 -0.17916500
v -0.00933000 0.00578200 -0.18709201
v -0.00931200 0.00592702 -0.18710799
v -0.00931200 0.00592702 -0.18710799
v -0.00931200 0.00592702 -0.18710799
v -0.00931098 0.00562101 -0.18710600
v -0.00925495 0.00547998 -0.18715200
v -0.00925495 0.00547998 -0.18715200
v -0.00932398 0.00569402 -0.18709589
v -0.00916799 0.00536799 -0.18722300
v -0.00916799 0.00536799 -0.18722300
v -0.00911798 0.00532901 -0.18726300
v -0.00911798 0.00532901 -0.18726300
v -0.00905498 0.00529598 -0.18731600
v -0.00726797 0.00529402 -0.18535299
v -0.00894299 0.00527399 -0.18740800
v 0.01246795 0.01343499 -0.18525600
v 0.01112500 0.01343303 -0.18441400
v 0.00844500 0.01320599 -0.18275399
v 0.00977997 0.01335697 -0.18357700
v 0.01112500 0.01343303 -0.18441400
v 0.01109800 0.01367401 -0.18444399
v 0.00977997 0.01335697 -0.18357700
v 0.01244995 0.01367502 -0.18529200
v 0.01246795 0.01343499 -0.18525600
v 0.01380095 0.01360499 -0.18614499
v 0.01237396 0.01386802 -0.18542000
v 0.01373199 0.01379697 -0.18627500
v 0.01508400 0.01365398 -0.18713300
v 0.01497600 0.01375602 -0.18732100
v 0.01361999 0.01389800 -0.18646399
v 0.01361999 0.01389800 -0.18646399
v 0.01225796 0.01396798 -0.18560900
v 0.01225796 0.01396798 -0.18560900
v 0.01190898 0.01397400 -0.18538990
v 0.01190898 0.01397400 -0.18538990
v 0.01101497 0.01386701 -0.18456900
v 0.00974397 0.01359801 -0.18360300
v 0.01514396 0.01346402 -0.18700000
v 0.01631698 0.01354300 -0.18817499
v 0.01647100 0.01325201 -0.18785099
v 0.01641998 0.01344101 -0.18798700
v 0.01514200 0.01322900 -0.18695299
v 0.01645997 0.01302098 -0.18779900
v 0.01514200 0.01322900 -0.18695299
v 0.01645997 0.01302098 -0.18779900
v 0.01776299 0.01273202 -0.18864400
v 0.01380900 0.01336800 -0.18610300
v 0.01380900 0.01336800 -0.18610300
v 0.01742098 0.01330601 -0.18888300
v 0.01774100 0.01314603 -0.18883900
v 0.01778296 0.01296000 -0.18870100
v 0.01764599 0.01324903 -0.18902799
v 0.00844500 0.01320599 -0.18275399
v 0.00711600 0.01296400 -0.18194400
v 0.00165395 0.01107900 -0.17926399
v 0.00285695 0.01193898 -0.17992900
v -0.00251796 0.01870202 -0.20663400
v -0.00094398 0.01869200 -0.20762400
v -0.00094398 0.01869200 -0.20762400
v -0.00251796 0.01870202 -0.20663400
v 0.00062700 0.01864200 -0.20861099
vt 0.05572098 0.13089700
vt 0.05224096 0.07361900
vt 0.02786099 0.13089700
vt 0.02993398 0.13171890
vt 0.02786099 0.13163200
vt 0.00000200 0.13089700
vt 0.00000300 0.07443898
vt 0.02786099 0.07400995
vt 0.05572098 0.13338500
vt 0.33333400 0.74727798
vt 0.00020300 0.53144699
vt 0.00028500 0.74727798
vt 0.00029200 0.76474702
vt 0.33333400 0.49521500
vt 0.33333400 0.99997801
vt 0.66666597 0.74727798
vt 0.66666597 0.99995601
vt 0.33453199 0.99997801
vt 0.34028801 0.00004800
vt 0.00003300 0.20243900
vt 0.34028801 0.20243900
vt 0.33911899 0.00004800
vt 0.65958202 0.00002500
vt 0.65976298 0.00002500
vt 0.65976298 0.20243900
vt 0.65976298 0.40359700
vt 0.34028801 0.40359700
vt 0.66685200 0.99995601
vt 0.99987400 0.20243900
vt 1.00000000 0.00000000
vt 1.00000000 0.99993300
vt 0.00100797 0.10316000
vt 0.17092291 0.00032900
vt 0.09028798 0.01229798
vt 0.02907496 0.04985797
vt 0.99974799 0.40359700
vt 0.99962199 0.60495001
vt 0.34720600 0.00769198
vt 0.20418900 0.26713201
vt 0.06802600 0.19923700
vt 0.01442795 0.15760300
vt 0.65976298 0.60495001
vt 0.99949902 0.80215102
vt 0.74944901 0.99966598
vt 0.99937600 0.99946702
vt 0.74998701 0.00001600
vt 0.74998701 0.11152200
vt 1.00000000 0.00002100
vt 0.99993098 0.11152200
vt 0.66026998 0.00001400
vt 0.49997500 0.11152200
vt 0.74998701 0.22367300
vt 0.49997500 0.22367300
vt 0.49997500 0.33532000
vt 0.99986100 0.22367300
vt 0.52040601 0.02640700
vt 0.33157101 0.34286699
vt 0.85666001 0.23904200
vt 0.44795099 0.42638499
vt 0.99979103 0.33532000
vt 0.99703300 0.49521500
vt 0.99698597 0.74727798
vt 0.68564802 0.06280899
vt 0.66666597 0.49521500
vt 0.66666597 0.24714001
vt 0.99700803 0.24714001
vt 0.83470303 0.12248000
vt 0.66666597 0.00000000
vt 0.99698299 0.00000000
vt 0.65883702 0.96135402
vt 0.66433400 1.00000000
vt 1.00000000 1.00000000
vt 1.00000000 0.92270797
vt 0.99998802 0.10000000
vt 0.69661999 0.08452796
vt 0.99998802 0.00000000
vt 0.65813398 0.10000000
vt 1.00000000 0.90977001
vt 0.65883702 0.92270797
vt 0.65883702 0.88425499
vt 1.00000000 0.90790200
vt 0.65278399 0.10225300
vt 0.99998802 0.20000000
vt 0.65278399 0.20000000
vt 1.00000000 0.84580201
vt 0.49734801 0.17949501
vt 0.46293500 0.20000000
vt 0.65278399 0.30000001
vt 0.34912699 0.27868199
vt 0.99998802 0.30000001
vt 0.99998802 0.40000001
vt 0.87861598 0.35560501
vt 0.55444998 0.51549602
vt 0.90057302 0.47216699
vt 0.65288800 0.60862702
vt 0.92253000 0.58872902
vt 0.99972200 0.44620299
vt 0.49997500 0.44620299
vt 0.99965298 0.55732000
vt 0.00017400 0.35336599
vt 0.00015100 0.44143000
vt 0.00014900 0.44620299
vt 0.00012700 0.52936798
vt 0.49997500 0.55732000
vt 0.00011900 0.55732000
vt 0.00010300 0.61728299
vt 0.49997500 0.66834700
vt 0.99958301 0.66834700
vt 0.17607300 0.85485399
vt 0.19509099 0.86463201
vt 0.19509099 0.85553300
vt 0.16720800 0.86463201
vt 0.16720800 0.85462803
vt 0.16720800 1.00000000
vt 0.14083500 0.85418999
vt 0.13932499 0.86463201
vt 0.13932499 0.94995701
vt 0.13932499 0.85417300
vt 0.11144200 0.86463201
vt 0.13455001 0.92486799
vt 0.94919801 0.00000000
vt 0.97455502 0.82556701
vt 0.97505599 0.16543700
vt 0.94700402 1.00000000
vt 0.80694199 0.00000000
vt 0.10163700 0.12765101
vt 0.14256389 0.09380596
vt 0.00000000 0.00000000
vt 0.11144200 0.92491901
vt 0.21936400 0.29050401
vt 0.34745699 0.17357300
vt 0.80694199 1.00000000
vt 0.62085199 0.00000000
vt 0.08358198 0.92508298
vt 0.08358198 0.86463201
vt 0.05572098 0.92532498
vt 0.33076501 0.46304199
vt 0.05572098 0.86463201
vt 0.02786099 0.92559999
vt 0.43521899 0.64460999
vt 0.02786099 0.86463201
vt 0.02388298 0.92564398
vt 0.76314002 0.06586998
vt 0.55631101 0.13599500
vt 0.44955099 0.67122698
vt 0.39288101 1.00000000
vt 0.39288101 0.00000000
vt 0.20097999 0.00000000
vt 0.62085199 1.00000000
vt 0.65381002 0.17211691
vt 0.78160602 0.28908399
vt 0.85923898 0.09226197
vt 0.67003202 0.46180499
vt 0.56549197 0.64360201
vt 0.44441000 0.13449800
vt 0.02784895 0.07559597
vt 0.02784895 0.13509890
vt 0.05569797 0.13509890
vt 0.02387297 0.07555198
vt 0.05569797 0.07587701
vt 0.23704091 0.06429499
vt 0.55115199 0.67025101
vt 0.47174299 0.82708502
vt 0.46840000 0.83400899
vt 0.48177901 0.80632198
vt 0.00032600 0.58644497
vt 0.01124995 0.27347100
vt 0.49534699 0.77867901
vt 0.50906003 0.75128698
vt 0.52292901 0.72410601
vt 0.53696603 0.69708198
vt 0.20097999 1.00000000
vt 0.00000300 0.49559399
vt 0.00462699 1.00000000
vt 0.03362196 0.00125796
vt 0.05225598 0.92492998
vt 0.02784895 0.86884600
vt 0.02784895 0.92453700
vt 0.00000200 0.92408901
vt 0.01578599 0.86850101
vt 0.02784895 0.86814398
vt 0.00000200 0.86884600
vt 0.03160899 0.86798698
vt 0.05569797 0.86884600
vt 0.05569797 1.00000000
vt 0.08354800 0.86884600
vt 0.08217698 0.79383999
vt 0.05422699 0.79743397
vt 0.05569797 0.79726499
vt 0.00000100 0.21126100
vt 0.50000000 0.20068800
vt 0.25000000 0.20068800
vt 0.00000100 0.20068800
vt 0.50000000 0.40043700
vt 0.00000200 0.40043700
vt 0.00000200 0.41015401
vt 0.50000000 0.59885597
vt 0.99999899 0.40043700
vt 0.84424102 0.54910702
vt 0.81788999 0.67041397
vt 0.94545197 0.76848900
vt 0.78803700 0.61495000
vt 0.68411797 0.34696901
vt 0.67453498 0.45611399
vt 0.99999899 0.59885597
vt 0.75428998 0.56066501
vt 0.75000000 0.20068800
vt 1.00000000 0.20068800
vt 0.71642399 0.50762802
vt 1.00000000 0.55144399
vt 0.65891898 0.55144399
vt 1.00000000 0.60135299
vt 0.65891898 0.50153399
vt 1.00000000 0.50153399
vt 0.62841702 0.40588200
vt 0.57810998 0.35704699
vt 1.00000000 0.45162499
vt 1.00000000 0.40171501
vt 0.65891898 0.45162499
vt 0.52439600 0.31031501
vt 0.46714100 0.26531899
vt 1.00000000 0.35133299
vt 0.65891898 0.40171501
vt 0.65891898 0.35133299
vt 0.34108099 0.40171501
vt 0.34108099 0.45162499
vt 0.65891898 0.30095100
vt 0.34108099 0.35133299
vt 1.00000000 0.30095100
vt 0.65891898 0.25056899
vt 0.34108099 0.30095100
vt 1.00000000 0.25056899
vt 0.46628001 0.16946800
vt 0.34429699 0.18127599
vt 0.40704700 0.22234900
vt 1.00000000 0.20018700
vt 0.27907699 0.14196600
vt 0.00814599 0.00070900
vt 0.20544800 0.01787495
vt 0.14307800 0.06845599
vt 0.99999899 0.79848498
vt 0.66080099 1.00000000
vt 0.99999797 1.00000000
vt 0.50000000 0.79848498
vt 0.21206801 0.10450400
vt 1.00000000 0.10009400
vt 0.65891898 0.15014100
vt 1.00000000 0.15014100
vt 0.07232999 0.03366094
vt 1.00000000 0.05004698
vt 0.65891898 0.05004698
vt 0.65891898 0.10009400
vt 1.00000000 0.00000000
vt 0.66202497 0.00000000
vt 0.65891898 0.00000000
vt 0.34108099 0.05004698
vt 0.34108099 0.10009400
vt 0.00000000 0.10009400
vt 0.00000000 0.15014100
vt 0.34108099 0.15014100
vt 0.00000000 0.18844301
vt 0.34108099 0.20018700
vt 0.00000000 0.20018700
vt 0.00000000 0.25056899
vt 0.34108099 0.25056899
vt 0.65891898 0.20018700
vt 0.00000000 0.30095100
vt 0.62741500 0.00000100
vt 0.69007999 0.99319297
vt 0.71733499 0.00000000
vt 0.64082402 0.99319297
vt 0.73927599 0.99319297
vt 0.00000000 0.35133299
vt 0.60003102 0.99319297
vt 0.00000000 0.39292699
vt 0.60003102 0.00000100
vt 0.59138697 0.99319297
vt 0.00000000 0.40171501
vt 0.54210502 0.99319297
vt 0.00000000 0.45162499
vt 0.53795201 0.00000100
vt 0.49256799 0.99319297
vt 0.00000000 0.50153399
vt 0.40001601 0.00000200
vt 0.44333801 0.99319297
vt 0.00000000 0.55144399
vt 0.34108099 0.50153399
vt 0.40370801 0.00000200
vt 0.44864500 0.00000200
vt 0.56323200 0.65891898
vt 0.55813599 1.00000000
vt 0.56323200 1.00000000
vt 0.35852000 0.00000200
vt 0.40001601 0.99319297
vt 0.50094301 0.65891898
vt 0.50094301 1.00000000
vt 0.62552100 0.34108099
vt 0.62552100 0.65891898
vt 0.50094301 0.34108099
vt 0.62552100 1.00000000
vt 0.50094301 0.00000000
vt 0.37581399 0.34108099
vt 0.37581399 0.65891898
vt 0.37581399 0.00000000
vt 0.25068399 0.34108099
vt 0.25068399 0.65891898
vt 0.25068399 1.00000000
vt 0.12534200 1.00000000
vt 0.12534200 0.65891898
vt 0.27990499 1.00000000
vt 0.17917401 0.00000400
vt 0.20001300 0.99319297
vt 0.20001300 0.00000300
vt 0.24685700 0.99319297
vt 0.37581399 1.00000000
vt 0.26850399 0.00000300
vt 0.29615000 0.99319297
vt 0.00000000 0.75179398
vt 0.34108099 0.75179398
vt 0.00000000 0.70164698
vt 0.00000000 0.79920799
vt 0.34108099 0.70164698
vt 0.65891898 0.75179398
vt 0.34108099 0.80194098
vt 0.65891898 0.80194098
vt 1.00000000 0.80194098
vt 1.00000000 0.85145599
vt 1.00000000 0.75179398
vt 0.65891898 0.85145599
vt 0.86646199 0.78383499
vt 0.88555002 0.84122699
vt 1.00000000 0.90096998
vt 0.84406501 0.72699302
vt 0.90162802 0.89900303
vt 0.65891898 0.90096998
vt 1.00000000 0.95048499
vt 0.34108099 0.90096998
vt 0.65891898 0.95048499
vt 0.34108099 0.85145599
vt 0.00000000 0.90096998
vt 0.00000000 0.85145599
vt 0.34108099 0.95048499
vt 0.00000000 0.95048499
vt 0.34108099 1.00000000
vt 0.65891898 1.00000000
vt 1.00000000 1.00000000
vt 0.34108099 0.00000000
vt 0.65891898 0.33331701
vt 0.65891898 0.00000000
vt 0.99999303 0.33331701
vt 1.00000000 0.00000000
vt 0.98940599 0.99982101
vt 0.91504103 0.95712799
vt 0.92868799 0.97960401
vt 1.00000000 0.99711603
vt 0.00000000 0.80697501
vt 0.34033799 0.00000000
vt 0.00000000 0.00000000
vt 0.95662701 0.99503303
vt 0.65891898 0.66682398
vt 0.99997902 0.97514701
vt 0.99998599 0.66682398
vt 0.66925299 0.98850900
vt 0.34033799 0.91305703
vt 0.00436598 0.33630201
vt 0.22418500 0.00448596
vt 0.34333900 0.00000000
vt 0.00443095 0.33941501
vt 0.32533500 0.33941501
vt 0.75000000 0.00636297
vt 1.00000000 0.00000000
vt 0.50000000 0.01637899
vt 0.64578402 0.01014399
vt 0.32533500 0.00746494
vt 0.47363201 0.01672899
vt 0.25000000 0.02870798
vt 0.32647201 0.02481496
vt 0.65716797 0.33941501
vt 0.65716797 0.03476995
vt 0.73890299 0.04542797
vt 0.73994201 0.33941501
vt 0.65716797 0.41635799
vt 0.57553798 0.49114001
vt 0.34068400 0.79956597
vt 0.21137489 0.73406100
vt 0.27649301 0.76732701
vt 0.34068400 0.28139600
vt 0.50778598 0.87770498
vt 0.36563101 0.67903799
vt 0.40108299 0.32974499
vt 0.61723000 0.48210499
vt 0.65930301 0.50636399
vt 0.54098701 0.89166200
vt 0.32533500 0.67903799
vt 0.32533500 0.71508998
vt 0.01464694 0.67903799
vt 0.66969299 0.00000000
vt 0.67834097 0.97977102
vt 1.00000000 0.00000000
vt 0.65966100 0.97736198
vt 0.65966100 0.00000000
vt 0.18685700 0.84170997
vt 0.02972698 1.00000000
vt 0.01424497 0.66871500
vt 0.80359399 0.97460598
vt 0.89403600 0.60118002
vt 0.65930301 0.93551701
vt 0.92302501 0.99497998
vt 0.92084098 1.00000000
vt 1.00000000 1.00000000
vt 0.03050398 0.99925500
vt 0.00000000 0.71604699
vt 0.00000000 1.00000000
vt 0.34108099 0.99676800
vt 0.35082901 1.00000000
vt 0.35082901 0.00000100
vt 0.00000000 0.15819900
vt 0.07361400 1.00000000
vt 0.39607200 1.00000000
vt 0.34108099 0.66682398
vt 0.00000000 0.66682398
vt 0.00000000 0.35816899
vt 0.34108099 0.33331701
vt 0.65891898 0.98885798
vt 0.35918400 0.99647200
vt 0.35097000 0.91585797
vt 0.00000000 0.33331701
vt 0.00000000 0.00000000
vt 0.00000000 1.00000000
vt 0.04941499 0.99319297
vt 0.00000000 0.00000500
vt 0.00000000 0.99319297
vt 1.00000000 0.00000000
vt 0.69224501 1.00000000
vt 1.00000000 1.00000000
vt 0.67033303 0.00000000
vt 0.31832901 0.34108099
vt 0.31832901 0.00003300
vt 0.00000000 0.34108099
vt 0.00000000 1.00000000
vt 0.00000000 0.65891898
vt 0.08971899 0.00000400
vt 0.00000000 0.65891701
vt 0.12534200 0.34108099
vt 0.00000000 0.34108099
vt 0.12534200 0.00000000
vt 0.25068399 0.00000000
vt 0.66834301 0.34271899
vt 0.58213001 0.06499797
vt 0.44404000 0.09084296
vt 0.65321201 0.05678397
vt 0.51228899 0.07617300
vt 0.00000000 0.00000000
vt 0.68058503 0.04869699
vt 0.31832901 0.99995703
vt 0.00000000 0.99995703
vt 0.73578697 0.00286597
vt 0.66468400 0.65891701
vt 0.31832901 0.65891701
vt 0.69824702 0.03216499
vt 0.66468400 0.99995703
vt 1.00000000 0.65891701
vt 0.66468400 0.34108099
vt 0.34108099 0.00000000
vt 0.34108099 1.00000000
vt 0.00000000 1.00000000
vt 1.00000000 0.99995703
vt 0.65891898 1.00000000
vt 1.00000000 0.34108099
vt 0.65891898 0.00000000
vt 1.00000000 1.00000000
vt 0.66468400 0.00003300
vt 1.00000000 0.00003200
vt 1.00000000 0.00000000
vt 0.00000000 0.00000100
vt 0.00000000 0.99999899
vt 1.00000000 1.00000000
vt 0.00000000 0.00000000
vt 1.00000000 0.68831497
vt 0.99997002 0.62765402
vt 0.00000000 0.34087199
vt 1.00000000 0.25000000
vt 0.00000000 0.00000000
vt 1.00000000 0.00000000
vt 0.00000000 0.25000000
vt 0.27070099 0.25000000
vt 0.22565700 0.00000000
vt 0.00000000 0.34087199
vt 0.00000000 0.00000000
vt 1.00000000 0.34087199
vt 1.00000000 0.50000000
vt 0.27070099 0.50000000
vt 0.00000000 0.50000000
vt 0.29552001 1.00000000
vt 0.27070099 0.75000000
vt 0.52078599 0.50000000
vt 0.52078599 0.00000000
vt 0.00000000 0.65912998
vt 0.00000000 0.65912998
vt 1.00000000 0.65912998
vt 1.00000000 0.75000000
vt 0.00000000 0.75000000
vt 0.00000000 1.00000000
vt 1.00000000 1.00000000
vt 0.27070099 1.00000000
vt 0.00000000 1.00000000
vt 0.68587798 0.75450200
vt 0.66035098 0.50070602
vt 0.66035098 0.76135898
vt 0.99996197 0.69850701
vt 0.66035098 0.00002900
vt 0.33967900 0.50070602
vt 0.66289198 0.00002900
vt 0.99997300 0.50070602
vt 0.33333400 0.79841298
vt 0.66666597 0.99994802
vt 0.66666597 0.79841298
vt 0.66404802 0.99994802
vt 0.99998403 0.79841298
vt 0.99684501 0.99992198
vt 1.00000000 0.00000000
vt 0.66666597 0.59737003
vt 0.66666597 0.39601901
vt 0.33333400 0.59737003
vt 0.99989098 0.39601901
vt 0.99989301 0.59737003
vt 0.90968698 0.01214897
vt 0.99898398 0.10303800
vt 0.97090399 0.04972398
vt 0.82909900 0.00002800
vt 0.93194300 0.19911800
vt 0.98558998 0.15749200
vt 0.79575801 0.26700601
vt 0.99989498 0.19922601
vt 0.00014200 0.11145700
vt 0.25002599 0.11145700
vt 0.00000000 0.00000500
vt 0.25002599 0.22347590
vt 0.00028400 0.22347590
vt 0.50005198 0.33491001
vt 0.50005198 0.22347590
vt 0.00042600 0.33491001
vt 0.00056700 0.44585401
vt 0.99978602 0.26426101
vt 0.50005198 0.44585401
vt 0.99981201 0.35271800
vt 0.99980599 0.33491001
vt 0.10576700 0.14561400
vt 0.08354800 0.13509890
vt 0.08354800 0.14490999
vt 0.11139700 0.13509890
vt 0.11139700 0.14568400
vt 0.13418600 0.07634800
vt 0.13926890 0.13509890
vt 0.13926890 0.14565399
vt 0.08354800 0.07612395
vt 0.11139700 0.07629299
vt 0.14086300 0.14563800
vt 0.99983698 0.44081700
vt 0.99983901 0.44585401
vt 0.99986303 0.52879000
vt 0.16714200 0.13509890
vt 0.16714200 0.14522301
vt 0.17610399 0.14500301
vt 0.50005198 0.55707097
vt 0.99987102 0.55707097
vt 0.99988800 0.61673301
vt 0.19501500 0.13509890
vt 0.19501500 0.14434300
vt 0.21134500 0.14351900
vt 0.50005198 0.66817898
vt 0.99990302 0.66817898
vt 0.99991399 0.70446002
vt 0.22288699 0.13509890
vt 0.22288699 0.14277001
vt 0.22301900 0.00000000
vt 0.25074601 0.13509890
vt 0.22288699 0.00000000
vt 0.19513001 0.00000000
vt 0.24663800 0.14078900
vt 0.50005198 0.77899599
vt 0.99993598 0.77899599
vt 0.99993902 0.79188502
vt 0.25074601 0.14038900
vt 0.50005198 0.88956797
vt 0.99996501 0.87904900
vt 0.27860400 0.13734600
vt 0.28198099 0.13694800
vt 0.27860400 0.13509890
vt 0.75002599 0.88956797
vt 0.99996799 0.88956797
vt 0.25089300 0.00000000
vt 0.27860400 0.00000000
vt 0.29723999 0.13509890
vt 0.99998200 0.93710101
vt 0.75002599 1.00000000
vt 0.99998999 0.96590102
vt 0.30646300 0.00000000
vt 0.30646300 0.13395600
vt 0.27876699 0.00000000
vt 0.31733400 0.13259700
vt 1.00000000 1.00000000
vt 0.74970698 0.00000000
vt 1.00000000 0.04264700
vt 1.00000000 0.00000000
vt 0.33432099 0.00000000
vt 0.33432099 0.13251500
vt 0.30664000 0.00000000
vt 0.33451399 0.00000000
vt 0.31731200 0.86730498
vt 0.33425501 1.00000000
vt 0.33444801 1.00000000
vt 0.30657899 1.00000000
vt 0.33444801 0.86735803
vt 0.24998701 1.00000000
vt 0.00000900 0.96635503
vt 0.00000000 1.00000000
vt 0.30657899 0.86597002
vt 0.00000000 0.03455495
vt 0.25014299 0.00000000
vt 0.00000000 0.00000000
vt 0.34095001 1.00000000
vt 0.24998701 0.88961798
vt 0.00001800 0.93254101
vt 0.34116301 0.00000000
vt 0.34116301 0.03902995
vt 0.50028598 0.00000000
vt 0.49997500 0.88961798
vt 0.49997500 1.00000000
vt 0.65842700 1.00000000
vt 0.74998701 0.88961798
vt 0.00003200 0.87952602
vt 0.00005600 0.79238802
vt 0.49997500 0.77910101
vt 0.99944502 0.88961798
vt 0.99937600 1.00000000
vt 0.74998701 1.00000000
vt 0.99951398 0.77910101
vt 0.94448602 0.70529097
vt 0.74483001 0.70457900
vt 0.83225399 0.80223501
vt 0.96644300 0.82185298
vt 0.91695702 0.90082598
vt 0.65278399 0.50000000
vt 0.99998802 0.50000000
vt 0.99998802 0.60000002
vt 0.65278399 0.60000002
vt 0.99998802 0.69999999
vt 0.98839903 0.93841499
vt 0.33132401 0.60000002
vt 0.33132401 0.69999999
vt 0.65278399 0.69999999
vt 0.33132401 0.80000001
vt 0.99998802 0.75283498
vt 0.65278399 0.80000001
vt 0.33132401 0.89999998
vt 0.68405300 0.89999998
vt 0.79294002 0.85125500
vt 0.65278399 0.89999998
vt 0.90127498 0.80000001
vt 1.00000000 0.03724199
vt 0.65883702 0.07805997
vt 1.00000000 0.07805997
vt 1.00000000 0.11756300
vt 0.65883702 0.00000000
vt 0.65883702 0.11719300
vt 0.34116301 0.07805997
vt 0.34116301 0.11719300
vt 0.65883702 0.15632699
vt 1.00000000 0.12834699
vt 0.65278399 0.91306698
vt 0.56575698 0.94617599
vt 1.00000000 0.15632699
vt 1.00000000 0.19542000
vt 0.41615400 0.98732102
vt 0.65883702 0.19542000
vt 0.33132401 0.99852002
vt 1.00000000 0.21170101
vt 0.65883702 0.21496700
vt 1.00000000 0.21496700
vt 0.31202301 0.99954700
vt 0.08514100 0.94756103
vt 0.20087400 0.99186802
vt 0.25296500 0.99860299
vt 0.65883702 0.22474000
vt 1.00000000 0.22474000
vt 0.34116301 0.23451389
vt 0.65883702 0.23451389
vt 0.34116301 0.22474000
vt 0.00000000 0.23451389
vt 0.00000000 0.22474000
vt 0.34116301 0.27200899
vt 0.65883702 0.27200899
vt 1.00000000 0.23451389
vt 1.00000000 0.27200899
vt 1.00000000 0.30785999
vt 0.65883702 0.30950299
vt 0.03336900 0.89999998
vt 0.03173899 0.89778799
vt 1.00000000 0.30950299
vt 0.00030800 0.80000001
vt 1.00000000 0.38133299
vt 0.00029400 0.79478002
vt 0.65883702 0.38516200
vt 1.00000000 0.38516200
vt 0.01867699 0.69999999
vt 1.00000000 0.45477599
vt 0.02198898 0.69079399
vt 0.65883702 0.46154499
vt 1.00000000 0.46154499
vt 1.00000000 0.52840197
vt 0.06555199 0.60000002
vt 0.65883702 0.53819001
vt 1.00000000 0.53819001
vt 0.07320100 0.58674502
vt 1.00000000 0.60243100
vt 0.33132401 0.50000000
vt 0.13145700 0.50000000
vt 0.33132401 0.40000001
vt 0.65278399 0.40000001
vt 0.14426000 0.48304099
vt 0.65883702 0.61502600
vt 1.00000000 0.61502600
vt 1.00000000 0.67696100
vt 0.21531500 0.40000001
vt 0.23446500 0.38014400
vt 0.65883702 0.69187099
vt 1.00000000 0.69187099
vt 1.00000000 0.75258702
vt 0.32245499 0.30000001
vt 0.33132401 0.30000001
vt 0.33132401 0.29278401
vt 0.65883702 0.76889598
vt 1.00000000 0.75810099
vt 1.00000000 0.76889598
vt 1.00000000 0.82975399
vt 0.34116301 0.80734903
vt 0.34116301 0.76889598
vt 0.34116301 0.73038399
vt 0.65883702 0.84580201
vt 0.00000000 0.73053402
vt 0.00000000 0.73038399
vt 0.00000000 0.69187099
vt 0.34116301 0.69187099
vt 0.34116301 0.61502600
vt 0.00000000 0.65315902
vt 0.00000000 0.63837898
vt 0.00000000 0.61502600
vt 0.00000000 0.57726699
vt 0.34116301 0.53819001
vt 0.26476601 0.35464299
vt 0.27871099 0.34060299
vt 0.25622201 0.34060299
vt 0.27871099 0.37715101
vt 0.27871099 0.26767501
vt 0.30657899 0.26767501
vt 0.30657899 0.34060299
vt 0.29333699 0.40052801
vt 0.00000000 0.51674700
vt 0.00000000 0.53819001
vt 0.30147400 0.41352999
vt 0.00000000 0.50340003
vt 0.30657899 0.42172500
vt 0.30657899 0.41352999
vt 0.33444801 0.34060299
vt 0.33444801 0.41352999
vt 0.36223301 0.41352999
vt 0.32279500 0.44832599
vt 0.33444801 0.46827400
vt 0.34799501 0.49227500
vt 0.00000000 0.43191901
vt 0.34116301 0.38516200
vt 0.00000000 0.39806399
vt 0.34116301 0.46154499
vt 0.00000000 0.46154499
vt 0.00000000 0.36330399
vt 0.34116301 0.34733301
vt 0.00000000 0.38516200
vt 0.36223301 0.49227500
vt 0.35323501 0.50225300
vt 0.36223301 0.52095997
vt 0.39001799 0.41352999
vt 0.39001799 0.49227500
vt 0.36891001 0.53579199
vt 0.38340300 0.57102102
vt 0.39001799 0.57102102
vt 0.38478899 0.57477599
vt 0.00000000 0.31285301
vt 0.34116301 0.30950299
vt 0.00000000 0.30950299
vt 0.00000000 0.34733301
vt 0.00000000 0.29672399
vt 0.39001799 0.58980501
vt 0.39971000 0.62285697
vt 0.00000000 0.27200899
vt 0.41172701 0.69270301
vt 0.41780299 0.57102102
vt 0.41780299 0.49227500
vt 0.41310599 0.72245902
vt 0.41780299 0.72245902
vt 0.44558901 0.57102102
vt 0.41305301 0.71790600
vt 0.44558901 0.49227500
vt 0.44558901 0.41352999
vt 0.41780299 0.41352999
vt 0.44558901 0.26767501
vt 0.47330999 0.26767501
vt 0.47330999 0.41352999
vt 0.50103199 0.26767501
vt 0.50103199 0.41352999
vt 0.47330999 0.49227500
vt 0.50103199 0.13089700
vt 0.52875298 0.13089700
vt 0.52875298 0.26767501
vt 0.55647397 0.13089700
vt 0.55626500 0.00000000
vt 0.52854198 0.00000000
vt 0.52875298 0.00000000
vt 0.52864701 0.86884600
vt 0.52885801 1.00000000
vt 0.55637598 1.00000000
vt 0.52864701 1.00000000
vt 0.50091898 0.86884600
vt 0.55637598 0.86884600
vt 0.52864701 0.73199201
vt 0.50091898 0.73199201
vt 0.52864701 0.58588701
vt 0.55637598 0.73199201
vt 0.50091898 0.58588701
vt 0.55637598 0.58588701
vt 0.50091898 0.50709099
vt 0.52864701 0.50709099
vt 0.58410197 0.73199201
vt 0.58410197 0.58588701
vt 0.55637598 0.50709099
vt 0.55637598 0.42829499
vt 0.58410197 0.50709099
vt 0.52864701 0.42829499
vt 0.58410197 0.42829499
vt 0.61182803 0.50709099
vt 0.61182803 0.58588701
vt 0.61182803 0.73199201
vt 0.63955498 0.73199201
vt 0.63955498 0.58588701
vt 0.66728097 0.73199201
vt 0.63955498 0.86884600
vt 0.66728097 0.86884600
vt 0.66728097 1.00000000
vt 0.66748101 1.00000000
vt 0.69500798 1.00000000
vt 0.69500798 0.86884600
vt 0.66734898 0.13089700
vt 0.69487000 0.00000000
vt 0.66734898 0.00000000
vt 0.63963002 0.13089700
vt 0.66714799 0.00000000
vt 0.63963002 0.26767501
vt 0.61191201 0.13089700
vt 0.61191201 0.26767501
vt 0.63963002 0.00000000
vt 0.63942802 0.00000000
vt 0.63975698 1.00000000
vt 0.63955498 1.00000000
vt 0.61191201 0.00000000
vt 0.61182803 0.86884600
vt 0.61203301 1.00000000
vt 0.58410197 0.86884600
vt 0.61182803 1.00000000
vt 0.58410197 1.00000000
vt 0.58430898 1.00000000
vt 0.58419299 0.00000000
vt 0.58419299 0.13089700
vt 0.61170697 0.00000000
vt 0.58398598 0.00000000
vt 0.55647397 0.26767501
vt 0.58419299 0.26767501
vt 0.55647397 0.41352999
vt 0.52875298 0.41352999
vt 0.50103199 0.49227500
vt 0.52875298 0.49227500
vt 0.55647397 0.49227500
vt 0.52875298 0.57102102
vt 0.50103199 0.57102102
vt 0.55647397 0.57102102
vt 0.52875298 0.72245902
vt 0.50103199 0.72245902
vt 0.50103199 0.86463201
vt 0.52875298 0.86463201
vt 0.55647397 0.72245902
vt 0.47330999 0.86463201
vt 0.47330999 1.00000000
vt 0.50081903 1.00000000
vt 0.50103199 1.00000000
vt 0.52854198 1.00000000
vt 0.50113100 0.00000000
vt 0.52864701 0.13509890
vt 0.52864701 0.00000000
vt 0.50091898 0.13509890
vt 0.50091898 0.00000000
vt 0.52875298 1.00000000
vt 0.52885801 0.00000000
vt 0.55647397 0.86463201
vt 0.55626500 1.00000000
vt 0.55637598 0.13509890
vt 0.55637598 0.00000000
vt 0.58419299 0.72245902
vt 0.58419299 0.86463201
vt 0.55647397 1.00000000
vt 0.58398598 1.00000000
vt 0.55658501 0.00000000
vt 0.58410197 0.13509890
vt 0.58410197 0.00000000
vt 0.58430898 0.00000000
vt 0.61182803 0.13509890
vt 0.58410197 0.27706701
vt 0.61182803 0.27706701
vt 0.63955498 0.27706701
vt 0.61182803 0.42829499
vt 0.63955498 0.42829499
vt 0.63955498 0.50709099
vt 0.66728097 0.50709099
vt 0.66728097 0.42829499
vt 0.66728097 0.27706701
vt 0.69500798 0.42829499
vt 0.69500798 0.50709099
vt 0.69500798 0.58588701
vt 0.72273499 0.58588701
vt 0.72273499 0.50709099
vt 0.72273499 0.42829499
vt 0.75046200 0.50709099
vt 0.75046200 0.58588701
vt 0.75046200 0.73199201
vt 0.77818900 0.73199201
vt 0.77818900 0.58588701
vt 0.77818900 0.86884600
vt 0.80591798 0.86884600
vt 0.80591798 0.73199201
vt 0.83364701 0.86884600
vt 0.83364701 0.73199201
vt 0.80591798 0.58588701
vt 0.86137599 0.86884600
vt 0.86137599 0.73199201
vt 0.83364701 0.58588701
vt 0.88910502 0.65893900
vt 0.88910502 0.73199201
vt 0.86137599 0.58588701
vt 0.88910502 0.80041897
vt 0.88910502 0.50709099
vt 0.88910502 0.58588701
vt 0.83364701 0.42829499
vt 0.86137599 0.42829499
vt 0.88910502 0.42829499
vt 0.91682899 0.50709099
vt 0.91682899 0.58588701
vt 0.91682899 0.42829499
vt 0.88910502 0.35268101
vt 0.91682899 0.35268101
vt 0.92432100 0.37099800
vt 0.92343497 0.42829499
vt 0.92339998 0.43070301
vt 0.92260402 0.49092299
vt 1.00000000 0.60472202
vt 0.65792000 0.70100403
vt 1.00000000 0.70100403
vt 0.65792000 0.60067803
vt 1.00000000 0.60067803
vt 0.34196499 0.70100403
vt 0.65792000 0.80132997
vt 1.00000000 0.73180002
vt 0.92537099 0.31117299
vt 0.92462701 0.35268101
vt 0.82896000 0.80132997
vt 1.00000000 0.80132997
vt 0.82896000 0.85099798
vt 0.65792000 0.85099798
vt 0.49994299 0.85099798
vt 0.49994299 0.90066499
vt 0.65792000 0.90066499
vt 0.49994299 0.95033300
vt 0.65792000 0.95033300
vt 0.82896000 0.90066499
vt 1.00000000 0.85818303
vt 1.00000000 0.90066499
vt 0.82896000 0.95033300
vt 1.00000000 0.97570503
vt 1.00000000 0.95033300
vt 0.82896000 1.00000000
vt 0.65792000 0.99999899
vt 1.00000000 1.00000000
vt 0.65747201 0.00000500
vt 0.65747201 0.15477499
vt 0.82873601 0.00000700
vt 0.82873601 0.15477499
vt 1.00000000 0.00000800
vt 0.92839497 0.17176500
vt 0.91682899 0.20608290
vt 0.92793298 0.19126000
vt 0.92759103 0.20608290
vt 1.00000000 0.15477499
vt 0.91682899 0.13509890
vt 0.92902899 0.15199099
vt 0.82873601 0.31261101
vt 1.00000000 0.31261101
vt 1.00000000 0.45015600
vt 0.65747201 0.31261101
vt 0.93012798 0.13191999
vt 0.91682899 0.06754899
vt 0.92989898 0.13509890
vt 0.65747201 0.47682500
vt 1.00000000 0.47682500
vt 0.93246502 0.11337300
vt 0.65747201 0.65273201
vt 1.00000000 0.65273201
vt 0.34217501 0.65273201
vt 0.34217501 0.83278799
vt 0.65747201 0.83278799
vt 0.00000000 0.68090200
vt 0.00000000 0.85945499
vt 0.00000000 0.83278799
vt 0.33818501 1.00000000
vt 0.65747201 1.00000000
vt 0.34217501 1.00000000
vt 0.00000000 0.12504099
vt 0.33818400 0.12504099
vt 0.33818400 0.00000000
vt 0.00000000 0.00000000
vt 0.34217501 0.00000000
vt 0.00000000 1.00000000
vt 0.00998998 0.16445400
vt 0.20000000 0.00000000
vt 0.90136099 0.66420698
vt 0.94618899 0.85239702
vt 1.00000000 0.83025801
vt 0.20000000 0.16445400
vt 0.40000001 0.00000000
vt 0.83757901 0.89601600
vt 0.80272299 0.49815500
vt 0.40000001 0.16445400
vt 0.60000002 0.00000000
vt 0.28406900 0.53682500
vt 0.70408398 0.33210301
vt 0.60000002 0.16445400
vt 0.80000001 0.00000000
vt 0.38106200 0.01688897
vt 0.60544598 0.16605200
vt 0.18492000 0.36991400
vt 0.25458199 0.03221797
vt 0.31790701 0.02474194
vt 0.44403300 0.00864697
vt 0.00000000 0.74993002
vt 0.33872801 0.74993002
vt 0.00000000 0.62489498
vt 0.33872801 0.87496501
vt 0.00000000 0.87496501
vt 0.33872801 1.00000000
vt 0.66155899 0.87496501
vt 0.33979201 0.14200599
vt 0.33872700 0.00000000
vt 0.00000000 0.14200599
vt 0.33979201 0.00000000
vt 0.00000000 1.00000000
vt 0.00000000 0.00000000
vt 0.66038001 1.00000000
vt 0.33987099 1.00000000
vt 0.66155899 1.00000000
vt 0.66156000 0.00000000
vt 1.00000000 0.14200599
vt 1.00000000 0.00000000
vt 0.66038102 0.00000000
vt 1.00000000 1.00000000
vt 0.93270397 0.89933401
vt 0.91682899 0.93442303
vt 0.94455302 0.93442303
vt 0.93864000 0.90169501
vt 1.00000000 0.87496501
vt 0.92901897 0.89704102
vt 0.88910502 0.86884600
vt 0.91682899 0.86884600
vt 0.92248398 0.86884600
vt 0.88929498 1.00000000
vt 0.91682899 1.00000000
vt 0.88910502 1.00000000
vt 0.88910502 0.93442303
vt 0.92283899 0.87294298
vt 0.92532003 0.88852000
vt 0.66038102 0.14200599
vt 1.00000000 0.29899001
vt 0.66038102 0.29899001
vt 1.00000000 0.45584401
vt 0.33979201 0.29899001
vt 0.66038102 0.45585999
vt 0.33979201 0.45585999
vt 1.00000000 0.49140799
vt 0.66038102 0.59978402
vt 1.00000000 0.59978402
vt 1.00000000 0.73534799
vt 0.66038102 0.73534799
vt 0.33979201 0.59978402
vt 0.33979201 0.73534799
vt 0.66038102 0.86995399
vt 0.33979201 0.86995399
vt 0.34196600 0.99998701
vt 0.65792000 0.99997503
vt 0.33979201 0.99998701
vt 1.00000000 0.86995399
vt 0.66038102 0.99997503
vt 1.00000000 0.99996299
vt 0.65792000 0.00000200
vt 1.00000000 0.00898898
vt 0.66038197 0.00000200
vt 1.00000000 0.00000000
vt 0.91682899 0.80041897
vt 0.92106700 0.80631602
vt 0.92104203 0.80041897
vt 0.92114699 0.82244998
vt 0.91682899 0.73199201
vt 0.92134500 0.83884799
vt 0.92093003 0.74159402
vt 0.91682899 0.65893900
vt 0.92106903 0.67781001
vt 0.92093402 0.73199201
vt 1.00000000 0.11390200
vt 0.65792000 0.19814999
vt 1.00000000 0.19814999
vt 0.65792000 0.09907495
vt 1.00000000 0.09907495
vt 0.34196499 0.19814999
vt 0.65792000 0.29850000
vt 1.00000000 0.22778501
vt 0.34196499 0.09907495
vt 0.00000000 0.19814999
vt 0.00000000 0.09907495
vt 0.34196499 0.29850000
vt 0.65792000 0.39884999
vt 0.00000000 0.29850000
vt 0.34196499 0.39884999
vt 0.16507401 0.99999398
vt 0.38838300 0.03269499
vt 0.28021100 0.12232100
vt 0.17536500 0.29846299
vt 0.00000000 0.39884999
vt 0.64434397 0.99997699
vt 0.49821800 0.00855696
vt 0.40470901 0.99998599
vt 0.34196499 0.49976400
vt 0.00000000 0.49976400
vt 0.60797298 0.04277598
vt 0.00000000 0.60067803
vt 0.71600598 0.13927700
vt 0.00000000 0.70100403
vt 0.34196499 0.60067803
vt 0.65792000 0.49976400
vt 1.00000000 0.47293499
vt 1.00000000 0.49976400
vt 0.92241597 0.50709099
vt 0.92194700 0.55223000
vt 1.00000000 0.39884999
vt 0.92164999 0.58588701
vt 1.00000000 0.34424299
vt 0.92143399 0.61436200
vt 1.00000000 0.29850000
vt 0.92115700 0.65893900
vt 0.88397998 0.99996901
vt 0.82053900 0.32056099
vt 0.17098300 0.80132997
vt 0.00000000 0.80132997
vt 0.34196499 0.80132997
vt 0.96028203 0.78837299
vt 1.00000000 0.99996501
vt 0.20000000 0.86026299
vt 0.10316900 0.99999100
vt 0.20000000 0.99998701
vt 0.40000001 0.99997997
vt 0.86987901 0.44879299
vt 0.91670197 0.60436201
vt 0.40000001 0.86026299
vt 0.20000000 0.71424800
vt 0.08368200 0.86651403
vt 0.08283597 0.86026299
vt 0.20000000 0.55009699
vt 0.06422895 0.71424800
vt 0.40000001 0.71424800
vt 0.06516200 0.72204202
vt 0.00000000 0.32082799
vt 0.17108800 0.31261101
vt 0.00000000 0.31261101
vt 0.00000000 0.16176900
vt 0.34217501 0.31261101
vt 0.17108800 0.15477499
vt 0.34217501 0.15477499
vt 0.34217501 0.47682500
vt 0.49982399 0.15477499
vt 0.49982399 0.31261101
vt 0.00000000 0.47682500
vt 0.00000000 0.48911399
vt 0.04565399 0.55009699
vt 0.04698199 0.56240398
vt 0.20000000 0.35607600
vt 0.02570098 0.35607600
vt 0.02848595 0.38503301
vt 0.00000000 0.65273201
vt 0.40000001 0.35607600
vt 0.40000001 0.55009699
vt 0.60000002 0.55009699
vt 0.60000002 0.71424800
vt 0.60000002 0.35607600
vt 0.80000001 0.55009699
vt 0.80000001 0.71424800
vt 0.96973699 0.71424800
vt 0.80000001 0.86026299
vt 0.95487702 0.86026299
vt 0.93777102 0.99995899
vt 0.96416497 0.77201402
vt 0.00000200 0.83483702
vt 0.00000100 0.73534799
vt 0.00000200 0.86995399
vt 0.95143199 0.89063197
vt 0.00000000 1.00000000
vt 0.00000000 0.00000700
vt 0.34196499 0.00000500
vt 0.33980000 0.00000500
vt 0.07971096 0.58394301
vt 0.80000001 0.99996400
vt 0.00000100 0.67255199
vt 0.60000002 0.86026299
vt 0.60000002 0.99997199
vt 0.00000100 0.59978402
vt 0.98308402 0.55009699
vt 0.97584802 0.64475298
vt 0.99394500 0.35607600
vt 0.80000001 0.35607600
vt 0.98641098 0.50041401
vt 0.00000100 0.50458503
vt 0.00000100 0.45585999
vt 0.00000100 0.31804699
vt 0.99882299 0.16445400
vt 0.80000001 0.16445400
vt 0.99474001 0.33569399
vt 0.00000100 0.29899001
vt 0.00000000 0.14260390
vt 1.00000000 0.00000000
vt 0.99883097 0.16378801
vt 0.49982399 0.00000400
vt 0.34217501 0.00000300
vt 0.49994299 0.99999899
vt 0.34196499 0.99999899
vt 0.34196499 0.95033300
vt 0.17098300 0.99999899
vt 0.17108800 0.00000100
vt 0.17098300 0.95033300
vt 0.00000000 0.15477499
vt 0.00000000 0.00000000
vt 0.00000000 0.99999797
vt 0.00000000 0.95033300
vt 0.17098300 0.90066499
vt 0.34196499 0.90066499
vt 0.34196499 0.85099798
vt 0.49994299 0.80132997
vt 0.17098300 0.85099798
vt 0.00000000 0.85099798
vt 0.00000000 0.90066499
vt 0.92177999 0.85566503
vt 0.86156499 1.00000000
vt 0.86120498 0.00000000
vt 0.86139399 0.13089700
vt 0.86139399 0.00000000
vt 0.86137599 1.00000000
vt 0.88892800 0.00000000
vt 0.88911802 0.00000000
vt 0.88911802 0.06544798
vt 0.88911802 0.13089700
vt 0.88911802 0.19928600
vt 0.86139399 0.26767501
vt 0.83366901 0.13089700
vt 0.83366901 0.26767501
vt 0.83366901 0.41352999
vt 0.86139399 0.41352999
vt 0.88911802 0.34060299
vt 0.88911802 0.26767501
vt 0.91683799 0.19928600
vt 0.91683799 0.26767501
vt 0.92074400 0.25853401
vt 0.91683799 0.34060299
vt 0.92086101 0.32260400
vt 0.92074400 0.26767501
vt 0.65800899 0.80186599
vt 1.00000000 0.88686699
vt 1.00000000 0.80186599
vt 1.00000000 0.77382201
vt 0.92094302 0.34060299
vt 0.92123997 0.38635299
vt 0.65800899 0.70161402
vt 1.00000000 0.70161402
vt 1.00000000 0.65808201
vt 0.91683799 0.41352999
vt 0.92146200 0.41352999
vt 0.88911802 0.41352999
vt 0.88911802 0.49227500
vt 0.91683799 0.49227500
vt 0.92178702 0.44858199
vt 0.65800899 0.60136098
vt 1.00000000 0.60136098
vt 1.00000000 0.52984601
vt 0.92224002 0.49227500
vt 0.92245102 0.51006299
vt 0.65800899 0.50040197
vt 1.00000000 0.50040197
vt 1.00000000 0.39944199
vt 0.65800899 0.39944199
vt 0.91683799 0.57102102
vt 0.92326498 0.57041699
vt 0.88911802 0.57102102
vt 0.88911802 0.64674002
vt 0.91683799 0.64674002
vt 0.92419398 0.63025302
vt 0.92327398 0.57102102
vt 0.65800899 0.29891601
vt 1.00000000 0.39842901
vt 1.00000000 0.29891601
vt 1.00000000 0.27121699
vt 0.92447197 0.64674002
vt 0.92524999 0.69017899
vt 0.82900399 0.19838890
vt 1.00000000 0.19838890
vt 0.65800899 0.19838890
vt 0.92582297 0.71996701
vt 1.00000000 0.14879200
vt 0.82900399 0.14879200
vt 1.00000000 0.14465500
vt 0.82900399 0.09919399
vt 0.65800899 0.14879200
vt 0.65800899 0.09919399
vt 0.50009102 0.09919399
vt 0.50009102 0.14879200
vt 0.34217301 0.14879200
vt 0.50009102 0.19838890
vt 0.34217301 0.09919399
vt 0.34217301 0.19838890
vt 0.17108700 0.09919399
vt 0.17108700 0.14879200
vt 0.00000000 0.14879200
vt 0.17108700 0.19838890
vt 0.00000000 0.09919399
vt 0.87988102 0.00000000
vt 0.86927199 0.54703403
vt 0.91656798 0.39518699
vt 0.81957299 0.67090100
vt 0.00000000 0.19838890
vt 0.71445698 0.84814399
vt 0.00000000 0.29891601
vt 0.64110899 0.00000000
vt 0.60633397 0.95066798
vt 0.00000000 0.39944199
vt 0.34217301 0.39944199
vt 0.34217301 0.29891601
vt 0.34217301 0.50040197
vt 0.00000000 0.60136098
vt 0.00000000 0.50040197
vt 0.34217301 0.60136098
vt 0.00000000 0.70161402
vt 0.34217301 0.70161402
vt 0.00000000 0.80186599
vt 0.34217301 0.80186599
vt 0.00000000 0.90093303
vt 0.34217301 0.90093303
vt 0.17312691 0.72399801
vt 0.16356590 0.00000000
vt 0.07826596 0.42956400
vt 0.33999199 1.00000000
vt 0.00000000 1.00000000
vt 0.00000000 0.00000000
vt 0.80000001 0.13973200
vt 0.93700701 0.00000000
vt 0.80000001 0.00000000
vt 0.95390099 0.13973200
vt 0.00000000 0.13120291
vt 0.33999699 0.00000000
vt 0.95063198 0.11098900
vt 0.33999699 0.13120291
vt 0.00000000 0.16445699
vt 0.33999699 0.26424700
vt 0.66057998 0.13120291
vt 0.00000000 0.26424700
vt 0.66057998 0.26424700
vt 0.00000000 0.32627100
vt 0.33999699 0.40052599
vt 0.00000000 0.40052599
vt 0.66057998 0.40052599
vt 0.00000000 0.49489999
vt 0.33999699 0.54459798
vt 0.00000000 0.54459798
vt 0.66057998 0.54459798
vt 0.00000000 0.68215001
vt 0.33999699 0.70063001
vt 0.98250800 0.44988501
vt 0.99380499 0.64389998
vt 0.98598403 0.50015402
vt 0.80000001 0.64389998
vt 0.80000001 0.83552998
vt 0.99872100 0.83552998
vt 0.99460602 0.66366303
vt 0.00000000 0.70063001
vt 0.80000001 1.00000000
vt 0.60000002 1.00000000
vt 0.60000002 0.83552998
vt 0.60000002 0.64389998
vt 0.40000001 0.64389998
vt 0.40000001 0.44988501
vt 0.60000002 0.44988501
vt 0.40000001 0.83552998
vt 0.20000000 0.44988501
vt 0.20000000 0.64389998
vt 0.40000001 1.00000000
vt 0.20000000 1.00000000
vt 0.20000000 0.83552998
vt 0.00989699 0.83552998
vt 0.02526599 0.64389998
vt 0.00000000 1.00000000
vt 0.00000000 0.14192601
vt 0.33837700 0.00000000
vt 0.00000000 0.00000000
vt 0.01180797 0.80843300
vt 0.34266499 0.16655201
vt 0.00000000 0.16655201
vt 0.65772003 0.00000000
vt 0.65772003 0.16655201
vt 0.65772003 0.34846401
vt 0.34266499 0.34846401
vt 0.00000000 0.32181001
vt 0.34266499 0.00000000
vt 0.34266701 1.00000000
vt 0.33837700 0.87495899
vt 0.33837700 1.00000000
vt 0.65771902 1.00000000
vt 0.00000000 0.87495899
vt 0.00000000 0.74991697
vt 0.33837700 0.74991697
vt 0.66169202 0.87495899
vt 1.00000000 0.90782899
vt 1.00000000 0.87495899
vt 0.66169202 1.00000000
vt 0.66169202 0.74991697
vt 0.94455898 0.93231601
vt 0.94603902 0.90350598
vt 0.94455898 0.90297902
vt 0.95166999 0.90547401
vt 1.00000000 0.74991697
vt 0.95730501 0.90738302
vt 1.00000000 0.62487602
vt 0.66169202 0.62487602
vt 0.33837700 0.49983501
vt 0.66169202 0.49983501
vt 0.33837700 0.62487602
vt 0.33837700 0.37487599
vt 0.66169202 0.37487599
vt 1.00000000 0.49983501
vt 0.96294397 0.90923202
vt 0.97227901 0.93231601
vt 0.96858197 0.91101998
vt 1.00000000 0.37487599
vt 0.97227901 0.91215801
vt 1.00000000 0.29298300
vt 0.97422397 0.91274703
vt 0.66169202 0.24991700
vt 1.00000000 0.24991700
vt 0.33837700 0.24991700
vt 0.66169202 0.12495900
vt 0.33837700 0.12495900
vt 1.00000000 0.12495900
vt 0.66169202 0.00000000
vt 0.65820003 0.00000000
vt 0.65820098 0.82106000
vt 0.66169399 1.00000000
vt 1.00000000 0.82106000
vt 0.65820098 1.00000000
vt 1.00000000 0.00000000
vt 1.00000000 1.00000000
vt 0.99768502 0.93231499
vt 0.98552102 0.91601300
vt 0.97987002 0.91441101
vt 0.98990601 0.91766500
vt 0.97227901 1.00000000
vt 1.00000000 0.46289301
vt 0.65820098 0.34023699
vt 0.65820098 0.49474400
vt 1.00000000 0.49474400
vt 1.00000000 0.34023699
vt 0.99978203 0.97777998
vt 0.99966699 0.95988101
vt 0.99397498 0.92147797
vt 0.99719501 0.92988503
vt 0.99900800 0.94347697
vt 0.73689401 0.00000000
vt 1.00000000 0.17720801
vt 1.00000000 0.00000000
vt 0.65820098 0.17720801
vt 0.34093401 0.00000000
vt 0.34093401 0.17720801
vt 0.34093401 0.34023699
vt 0.50000000 0.00000000
vt 0.65820098 0.00000000
vt 0.50000000 1.00000000
vt 0.26310599 0.00000000
vt 0.34093401 1.00000000
vt 0.50000000 0.00000000
vt 0.65820098 1.00000000
vt 0.49896601 0.00000000
vt 0.50000000 1.00000000
vt 0.50000000 0.00000000
vt 0.26310700 1.00000000
vt 0.65767199 0.00000000
vt 0.73689300 1.00000000
vt 0.73689401 0.00000000
vt 0.73689300 0.00000000
vt 1.00000000 1.00000000
vt 0.73689401 1.00000000
vt 1.00000000 0.00000000
vt 1.00000000 0.82542902
vt 0.73689300 1.00000000
vt 1.00000000 1.00000000
vt 1.00000000 0.00000000
vt 0.65767199 0.82542902
vt 0.65767199 1.00000000
vt 0.34026101 0.65957201
vt 0.65767199 0.65957201
vt 0.49896601 0.82542902
vt 1.00000000 0.65957201
vt 0.50000000 1.00000000
vt 0.99985498 0.04014497
vt 0.99798399 0.06754899
vt 0.99919099 0.05687195
vt 1.00000000 0.54366201
vt 0.97227597 0.00000000
vt 0.99419999 0.07907795
vt 0.99739301 0.07059699
vt 0.65767199 0.50492299
vt 1.00000000 0.50492299
vt 0.99010199 0.08300095
vt 0.98569798 0.08463299
vt 0.97227597 0.06754899
vt 0.97208297 1.00000000
vt 0.94455898 1.00000000
vt 0.94474697 0.00000000
vt 0.99998099 0.02228295
vt 0.97247303 0.00000000
vt 0.94455302 0.00000000
vt 0.94436502 1.00000000
vt 0.94455302 0.06754899
vt 0.91702098 0.00000000
vt 0.91683799 1.00000000
vt 0.91683799 0.93231601
vt 0.91664702 1.00000000
vt 0.91682899 0.00000000
vt 0.91683799 0.86463201
vt 0.88911802 0.93231601
vt 0.92960399 0.86463201
vt 0.88911802 1.00000000
vt 0.92995000 0.86929899
vt 0.93234199 0.88755101
vt 0.93623698 0.89850998
vt 0.86139399 0.86463201
vt 0.88892800 1.00000000
vt 0.88910502 0.00000000
vt 0.88929498 0.00000000
vt 0.86139399 0.72245902
vt 0.83366901 0.86463201
vt 0.83366901 1.00000000
vt 0.88911802 0.79354602
vt 0.88911802 0.86463201
vt 0.86139399 1.00000000
vt 0.86120498 1.00000000
vt 0.86137599 0.00000000
vt 0.86137599 0.13509890
vt 0.86156499 0.00000000
vt 0.83383501 0.00000000
vt 0.88910502 0.06754899
vt 0.88910502 0.13509890
vt 0.83364701 0.00000000
vt 0.83364701 0.13509890
vt 0.86137599 0.27706701
vt 0.88910502 0.20608290
vt 0.83348101 1.00000000
vt 0.80594498 1.00000000
vt 0.80610502 0.00000000
vt 0.80594498 0.86463201
vt 0.80591798 0.00000000
vt 0.80575800 1.00000000
vt 0.80594498 0.72245902
vt 0.77822000 0.86463201
vt 0.77822000 1.00000000
vt 0.83366901 0.72245902
vt 0.77837503 0.00000000
vt 0.80591798 0.13509890
vt 0.77803397 1.00000000
vt 0.77818900 0.00000000
vt 0.77818900 0.13509890
vt 0.75065202 0.00000000
vt 0.75046200 0.13509890
vt 0.77818900 0.27706701
vt 0.80591798 0.27706701
vt 0.75050300 1.00000000
vt 0.75050300 0.86463201
vt 0.75031298 1.00000000
vt 0.75046200 0.00000000
vt 0.72278500 1.00000000
vt 0.72292799 0.00000000
vt 0.72278500 0.86463201
vt 0.72273499 0.13509890
vt 0.72273499 0.00000000
vt 0.72259098 1.00000000
vt 0.72278500 0.72245902
vt 0.69506699 0.86463201
vt 0.69506699 1.00000000
vt 0.75050300 0.72245902
vt 0.69487000 1.00000000
vt 0.69500798 0.00000000
vt 0.69500798 0.13509890
vt 0.69520497 0.00000000
vt 0.66748101 0.00000000
vt 0.66728097 0.13509890
vt 0.69500798 0.27706701
vt 0.72273499 0.27706701
vt 0.66734898 1.00000000
vt 0.66734898 0.86463201
vt 0.66714799 1.00000000
vt 0.66728097 0.00000000
vt 0.63975698 0.00000000
vt 0.63963002 1.00000000
vt 0.63963002 0.86463201
vt 0.63942802 1.00000000
vt 0.63955498 0.13509890
vt 0.63955498 0.00000000
vt 0.61191201 1.00000000
vt 0.61203301 0.00000000
vt 0.61191201 0.86463201
vt 0.61170697 1.00000000
vt 0.61182803 0.00000000
vt 0.58419299 1.00000000
vt 0.61191201 0.72245902
vt 0.63963002 0.72245902
vt 0.61191201 0.57102102
vt 0.63963002 0.57102102
vt 0.63963002 0.49227500
vt 0.66734898 0.49227500
vt 0.66734898 0.57102102
vt 0.66734898 0.41352999
vt 0.69506699 0.41352999
vt 0.69506699 0.49227500
vt 0.72278500 0.41352999
vt 0.69506699 0.57102102
vt 0.72278500 0.49227500
vt 0.72278500 0.57102102
vt 0.75050300 0.49227500
vt 0.75050300 0.41352999
vt 0.75050300 0.26767501
vt 0.77822000 0.26767501
vt 0.77822000 0.41352999
vt 0.75050300 0.13089700
vt 0.77822000 0.13089700
vt 0.72278500 0.26767501
vt 0.72278500 0.13089700
vt 0.69506699 0.26767501
vt 0.75050300 0.00000000
vt 0.72278500 0.00000000
vt 0.69506699 0.13089700
vt 0.75031298 0.00000000
vt 0.66734898 0.26767501
vt 0.72259098 0.00000000
vt 0.69506699 0.00000000
vt 0.69520497 1.00000000
vt 0.72273499 1.00000000
vt 0.72292799 1.00000000
vt 0.72273499 0.86884600
vt 0.69500798 0.73199201
vt 0.75046200 1.00000000
vt 0.72273499 0.73199201
vt 0.75046200 0.86884600
vt 0.66728097 0.58588701
vt 0.77818900 1.00000000
vt 0.75065202 1.00000000
vt 0.77837503 1.00000000
vt 0.77803397 0.00000000
vt 0.77822000 0.00000000
vt 0.80591798 1.00000000
vt 0.80575800 0.00000000
vt 0.80610502 1.00000000
vt 0.80594498 0.13089700
vt 0.80594498 0.00000000
vt 0.83348101 0.00000000
vt 0.83364701 1.00000000
vt 0.83383501 1.00000000
vt 0.83366901 0.00000000
vt 0.80594498 0.26767501
vt 0.80594498 0.41352999
vt 0.77822000 0.49227500
vt 0.77822000 0.57102102
vt 0.80594498 0.57102102
vt 0.77822000 0.72245902
vt 0.75050300 0.57102102
vt 0.83366901 0.57102102
vt 0.86139399 0.57102102
vt 0.63963002 0.41352999
vt 0.61191201 0.41352999
vt 0.61191201 0.49227500
vt 0.58419299 0.57102102
vt 0.58419299 0.49227500
vt 0.58419299 0.41352999
vt 0.69506699 0.72245902
vt 0.66734898 0.72245902
vt 0.75046200 0.27706701
vt 0.75046200 0.42829499
vt 0.77818900 0.50709099
vt 0.77818900 0.42829499
vt 0.80591798 0.42829499
vt 0.83364701 0.27706701
vt 0.88910502 0.27706701
vt 0.91682899 0.27706701
vt 0.92658103 0.25151399
vt 0.92604399 0.27706701
vt 0.92595601 0.28138399
vt 1.00000000 0.85099798
vt 0.91683799 0.79354602
vt 0.91683799 0.72245902
vt 0.92643201 0.74991602
vt 0.92707801 0.78003103
vt 0.92737901 0.79354602
vt 0.92823201 0.82970899
vt 0.92776501 0.81043798
vt 0.88911802 0.72245902
vt 0.92587298 0.72245902
vt 0.82900399 0.00000000
vt 1.00000000 0.02748000
vt 1.00000000 0.00000000
vt 1.00000000 0.84595102
vt 0.82885998 0.84595102
vt 1.00000000 1.00000000
vt 0.82885998 1.00000000
vt 0.65772003 0.84595102
vt 0.65772003 1.00000000
vt 0.65800899 0.00000000
vt 0.82900399 0.04959696
vt 0.65772003 0.68906403
vt 0.50019300 0.68906403
vt 0.50019300 0.84595102
vt 0.50019300 0.52375400
vt 0.34266499 0.52375400
vt 0.34266499 0.68906403
vt 0.00000000 0.68055803
vt 0.17133300 0.68906403
vt 0.34266499 0.84595102
vt 0.17133300 0.84595102
vt 0.34266499 1.00000000
vt 0.50019300 1.00000000
vt 0.34217301 0.00000000
vt 0.50009102 0.04959696
vt 0.50009102 0.00000000
vt 0.34217301 0.04959696
vt 0.17108700 0.00000000
vt 0.17133300 1.00000000
vt 0.00000000 0.84595102
vt 0.00000000 1.00000000
vt 0.00000000 0.00000000
vt 0.17108700 0.04959696
vt 0.00000000 0.04959696
vt 0.96045899 0.21323401
vt 1.00000000 0.00000000
vt 0.00000000 0.83879101
vt 0.07972097 0.13973200
vt 0.20000000 0.13973200
vt 0.08055698 0.13336501
vt 0.09938496 0.00000000
vt 0.20000000 0.00000000
vt 0.40000001 0.13973200
vt 0.40000001 0.28574201
vt 0.20000000 0.28574201
vt 0.60000002 0.28574201
vt 0.80000001 0.44988501
vt 0.80000001 0.28574201
vt 0.60000002 0.13973200
vt 0.40000001 0.00000000
vt 0.60000002 0.00000000
vt 0.40233800 0.00000000
vt 0.38655099 0.97620600
vt 0.96891600 0.28574201
vt 0.06197398 0.28574201
vt 0.06289196 0.27760401
vt 0.00000000 0.68906403
vt 0.65800899 0.04959696
vt 0.00000000 0.52375400
vt 0.04445898 0.44988501
vt 0.04548895 0.43989199
vt 0.00000000 0.51376200
vt 0.00000000 0.34846401
vt 0.02780395 0.61650199
vt 0.65772003 0.52375400
vt 1.00000000 0.52375400
vt 1.00000000 0.56348002
vt 0.82885998 0.68906403
vt 1.00000000 0.68906403
vt 0.92885602 0.84926403
vt 1.00000000 0.09919399
vt 1.00000000 0.04959696
vt 1.00000000 0.16655201
vt 1.00000000 0.34846401
vt 0.66169399 0.00000000
vt 1.00000000 0.00000000
vt 0.94040900 0.90147901
vt 1.00000000 1.00000000
vt 0.94059300 0.09916096
vt 0.94455302 0.09773200
vt 0.94622302 0.09713697
vt 0.93636698 0.10221200
vt 0.95185298 0.09517198
vt 0.95748699 0.09326398
vt 0.96312499 0.09141498
vt 1.00000000 0.83278799
vt 0.66190898 1.00000000
vt 1.00000000 1.00000000
vt 0.65747303 0.00000000
vt 0.66190898 0.12504099
vt 0.66190898 0.00000000
vt 1.00000000 0.08794897
vt 1.00000000 0.00000000
vt 0.33818400 0.25008199
vt 1.00000000 0.12504099
vt 0.66190898 0.25008199
vt 0.33818400 0.37512299
vt 0.66190898 0.37512299
vt 1.00000000 0.25008199
vt 1.00000000 0.37512299
vt 0.66190898 0.50016397
vt 0.33818400 0.50016397
vt 1.00000000 0.50016397
vt 0.33818400 0.62512302
vt 0.66190898 0.62512302
vt 1.00000000 0.70297098
vt 1.00000000 0.62512302
vt 0.66190898 0.75008202
vt 0.33818400 0.75008202
vt 1.00000000 0.75008202
vt 0.66190898 0.87504101
vt 0.33818400 0.87504101
vt 1.00000000 0.87504101
vt 0.66190898 1.00000000
vt 0.65767097 1.00000000
vt 0.65767199 0.00000000
vt 0.65767199 0.17942999
vt 0.66191101 0.00000000
vt 0.34026101 1.00000000
vt 0.34026101 0.00000000
vt 1.00000000 0.17942999
vt 1.00000000 0.35072601
vt 0.34026101 0.17942999
vt 0.65767199 0.35072601
vt 0.34026101 0.35072601
vt 0.00000000 0.18357700
vt 0.00000000 0.35072601
vt 0.34026101 0.50492299
vt 0.16666700 0.68774599
vt 0.02967298 0.85193098
vt 0.16666700 0.85193098
vt 0.02209496 0.69233501
vt 0.02985197 0.85551500
vt 0.00000000 0.17942999
vt 0.33818299 0.00000000
vt 0.00000000 0.00000000
vt 0.03750300 1.00000000
vt 0.61577702 0.97987902
vt 0.48236701 0.87064701
vt 0.55920601 1.00000000
vt 0.00000000 1.00000000
vt 0.00000000 0.87504101
vt 0.33818400 1.00000000
vt 0.16666700 1.00000000
vt 0.78272700 0.91744697
vt 0.38321799 0.70373601
vt 0.33333299 1.00000000
vt 0.72751099 0.93857700
vt 0.67186999 0.95939702
vt 0.00000000 0.75008202
vt 0.00000000 0.62512302
vt 0.00000000 0.50016397
vt 0.00000000 0.37512299
vt 0.50000000 1.00000000
vt 0.33333299 0.85193098
vt 0.50000000 0.85193098
vt 0.33333299 0.68774599
vt 0.16666700 0.49807799
vt 0.33333299 0.49807799
vt 0.50000000 0.68774599
vt 0.50000000 0.49807799
vt 0.66666698 0.68774599
vt 0.66666698 0.85193098
vt 0.66666698 1.00000000
vt 0.83333302 1.00000000
vt 0.83333302 0.85193098
vt 0.83333302 0.68774599
vt 0.98104501 0.85193098
vt 0.97751200 1.00000000
vt 0.98099500 0.85396701
vt 0.08577096 0.20300300
vt 0.12754799 0.04608595
vt 0.00000000 0.05861300
vt 0.00000000 0.24992999
vt 0.33872801 0.24992999
vt 0.00000000 0.00000000
vt 0.33872700 1.00000000
vt 0.00000000 0.82015598
vt 0.00000000 1.00000000
vt 0.33872801 0.00000000
vt 0.34039500 1.00000000
vt 0.34039599 0.00000000
vt 0.34039500 0.82015598
vt 0.65878397 0.82015598
vt 0.65878397 1.00000000
vt 0.66155899 0.24992999
vt 0.65878302 0.00000000
vt 0.66155899 0.49985999
vt 0.66155899 0.00000000
vt 1.00000000 0.16644099
vt 1.00000000 0.24992999
vt 1.00000000 0.49985999
vt 0.96831101 0.91237003
vt 0.97227597 0.93442303
vt 0.97227597 0.91365099
vt 0.95644403 0.90832800
vt 0.94474697 1.00000000
vt 0.97227597 1.00000000
vt 0.94455302 1.00000000
vt 0.99349898 0.93442303
vt 0.98018497 0.91610402
vt 0.98495799 0.91790801
vt 1.00000000 0.77748501
vt 0.65878397 0.77748501
vt 1.00000000 0.82015598
vt 0.98720199 0.91949201
vt 0.98608500 0.91860098
vt 0.98937702 0.92206699
vt 0.99276799 0.93069702
vt 0.66156000 1.00000000
vt 1.00000000 1.00000000
vt 0.34039500 0.77748501
vt 0.65878397 0.76681697
vt 0.34039500 0.76681697
vt 0.65878397 0.75614899
vt 1.00000000 0.75614899
vt 0.98664403 0.91901898
vt 1.00000000 0.73481297
vt 0.65878397 0.73481297
vt 0.65878397 0.64946997
vt 0.34039500 0.73481297
vt 1.00000000 0.64946997
vt 0.34039500 0.75614899
vt 0.00000000 0.76148301
vt 0.34039500 0.76148301
vt 0.00000000 0.75614899
vt 0.98241401 0.79648203
vt 0.98216599 0.80642003
vt 0.98229897 0.80116397
vt 0.00000000 0.76681697
vt 0.98192799 0.81605601
vt 0.98512697 0.68774599
vt 0.00000000 0.77748501
vt 0.98974401 0.49807799
vt 0.83333302 0.49807799
vt 0.00000000 0.64828998
vt 0.34039500 0.49649200
vt 0.00000000 0.50104898
vt 0.98291999 0.77621400
vt 0.98509502 0.68904102
vt 0.00000000 0.64946997
vt 0.00000000 0.34896600
vt 0.00000000 0.49649200
vt 0.65878397 0.34175301
vt 0.65878397 0.49649200
vt 0.34039500 0.34175301
vt 0.34039500 0.64946997
vt 0.00000000 0.18126300
vt 0.00000000 0.34175301
vt 0.34039500 0.17577800
vt 0.99781901 0.14725800
vt 0.99429798 0.30984899
vt 0.99448699 0.30182999
vt 0.00000000 0.17577800
vt 0.34039500 0.00000000
vt 0.34244299 0.00000000
vt 0.65878397 0.17577800
vt 0.65878397 0.00000000
vt 0.65755701 0.00000000
vt 1.00000000 0.00000000
vt 0.65755701 1.00000000
vt 0.65878397 1.00000000
vt 0.65755701 0.00000000
vt 0.34244299 1.00000000
vt 0.97227901 0.00000000
vt 0.99514103 0.02209597
vt 0.99513400 0.00000000
vt 0.99533898 0.97798002
vt 0.97247303 1.00000000
vt 0.99533200 1.00000000
vt 0.65815997 0.00000000
vt 1.00000000 1.00000000
vt 1.00000000 0.00000000
vt 0.65755898 0.00000000
vt 0.65755898 1.00000000
vt 1.00000000 1.00000000
vt 1.00000000 0.17577800
vt 1.00000000 0.00000000
vt 0.99525601 0.96060902
vt 0.99461502 0.94431901
vt 1.00000000 0.34175301
vt 1.00000000 0.44987401
vt 0.65815997 0.82471901
vt 0.65755898 1.00000000
vt 0.65815997 1.00000000
vt 1.00000000 0.82471901
vt 1.00000000 1.00000000
vt 0.99507397 0.03942495
vt 0.99334198 0.06544798
vt 0.99441302 0.05569297
vt 1.00000000 0.65889603
vt 0.65815997 0.65889603
vt 1.00000000 0.55248201
vt 0.33960900 0.65889603
vt 0.33960900 0.82471901
vt 0.33960900 0.50325000
vt 0.65815997 0.50325000
vt 1.00000000 0.50325000
vt 0.65815997 0.34996900
vt 0.33960900 0.34996900
vt 0.33960900 0.17960390
vt 0.65815997 0.17960390
vt 1.00000000 0.34996900
vt 0.33960900 0.00000000
vt 1.00000000 0.17960390
vt 0.66171598 0.00000000
vt 0.65815997 0.00000000
vt 0.98478299 0.08225995
vt 0.97227901 0.06544798
vt 0.98001403 0.08411198
vt 0.99258500 0.06939196
vt 0.98919898 0.07809895
vt 1.00000000 0.00000000
vt 0.97227901 0.08652096
vt 1.00000000 0.83725798
vt 0.66171402 1.00000000
vt 1.00000000 1.00000000
vt 0.96813703 0.08786398
vt 0.66171402 0.75007200
vt 1.00000000 0.75007200
vt 0.96220201 0.08985495
vt 1.00000000 0.62510800
vt 0.94455898 0.06544798
vt 0.95626903 0.09192198
vt 1.00000000 0.50014400
vt 0.66171402 0.62510800
vt 0.66171402 0.50014400
vt 0.33855700 0.62510800
vt 0.33855700 0.75007200
vt 0.33961001 1.00000000
vt 0.00000000 0.75007200
vt 0.00000000 0.62510800
vt 0.33855700 1.00000000
vt 0.00000000 1.00000000
vt 0.00000000 0.17960390
vt 0.33855599 0.00000000
vt 0.00000000 0.00000000
vt 0.83333302 0.14809801
vt 0.97958100 0.14632601
vt 0.97608697 0.00000000
vt 0.97962397 0.14809801
vt 0.00000000 0.18163399
vt 0.83333302 0.31232101
vt 0.98378098 0.31182501
vt 0.00000000 0.34996900
vt 0.00000000 0.35041100
vt 0.98379302 0.31232101
vt 0.83333302 0.50199997
vt 0.98860401 0.50199997
vt 0.00000000 0.49761701
vt 0.00000000 0.50325000
vt 0.98879600 0.50949597
vt 0.00000000 0.65102398
vt 0.83333302 0.69018400
vt 0.99352902 0.69018400
vt 0.66666698 0.50199997
vt 0.66666698 0.69018400
vt 0.83333302 0.85274702
vt 0.50000000 0.31232101
vt 0.50000000 0.50199997
vt 0.66666698 0.31232101
vt 0.66666698 0.14809801
vt 0.50000000 0.14809801
vt 0.50000000 0.00000000
vt 0.66666698 0.00000000
vt 0.81598097 0.36871099
vt 0.29584301 0.33210501
vt 0.71686101 0.53561598
vt 0.19722800 0.49815801
vt 0.16251799 0.89602602
vt 0.61773998 0.70252103
vt 0.33333299 0.00000000
vt 0.16666700 0.00000000
vt 0.33333299 0.14809801
vt 0.21740600 0.91745597
vt 0.51862001 0.86942500
vt 0.27265701 0.93858498
vt 0.00000000 0.49983501
vt 0.00000000 0.37487599
vt 0.00000000 0.62487602
vt 0.00000000 0.24991700
vt 0.32833600 0.95940298
vt 0.00000000 0.12495900
vt 0.38446599 0.97988200
vt 0.00000000 0.00000000
vt 0.44107500 1.00000000
vt 0.03627794 0.00000000
vt 0.16666700 0.14809801
vt 0.02868199 0.14434700
vt 0.33837599 1.00000000
vt 0.00000000 0.82106000
vt 0.00000000 1.00000000
vt 0.33837700 0.00000000
vt 0.34093401 0.82106000
vt 0.34093401 1.00000000
vt 0.34093499 0.00000000
vt 0.65820098 0.65149099
vt 0.00000000 0.81650603
vt 0.34093401 0.65149099
vt 1.00000000 0.65149099
vt 0.34093401 0.49474400
vt 0.00000000 0.65149099
vt 0.00000000 0.64765298
vt 0.00000000 0.34327900
vt 0.00000000 0.49474400
vt 0.00000000 0.49511501
vt 0.01362097 0.50199997
vt 0.16666700 0.50199997
vt 0.02090597 0.31232101
vt 0.16666700 0.69018400
vt 0.00730300 0.69018400
vt 0.01360398 0.50247598
vt 0.33333299 0.69018400
vt 0.16666700 0.85274702
vt 0.33333299 0.85274702
vt 0.33333299 0.50199997
vt 0.50000000 0.69018400
vt 0.50000000 0.85274702
vt 0.66666698 0.85274702
vt 0.66666698 1.00000000
vt 0.50001800 1.00000000
vt 0.49983001 0.00000000
vt 0.33374900 1.00000000
vt 0.33349800 0.00000000
vt 0.16748001 1.00000000
vt 0.83333302 1.00000000
vt 0.99746799 0.85274702
vt 1.00000000 1.00000000
vt 0.00003000 0.49891400
vt 0.00121194 1.00000000
vt 0.16716591 0.00000000
vt 0.66666698 0.00000000
vt 0.83333302 0.14725800
vt 0.83333302 0.00000000
vt 1.00000000 0.00000000
vt 0.00083400 0.00000000
vt 0.00000000 0.00000000
vt 0.34039500 1.00000000
vt 0.00000000 0.00000000
vt 0.00000000 1.00000000
vt 0.99790299 0.14267300
vt 0.66666698 0.14725800
vt 0.83333302 0.30984899
vt 0.66666698 0.30984899
vt 0.98989201 0.49192700
vt 0.66666698 0.49807799
vt 0.50000000 0.14725800
vt 0.50000000 0.30984899
vt 0.49982899 0.00000000
vt 0.33333299 0.14725800
vt 0.50000000 0.00000000
vt 0.33333299 0.00000000
vt 0.50000000 0.00000000
vt 0.66616201 0.00000000
vt 0.16666700 0.00000000
vt 0.66628599 1.00000000
vt 0.83249301 0.00000000
vt 0.50000000 1.00000000
vt 0.33333299 1.00000000
vt 0.83255500 1.00000000
vt 0.16666700 1.00000000
vt 0.00273800 0.85274702
vt 0.00000000 1.00000000
vt 0.99999702 0.49993101
vt 0.99882299 1.00000000
vt 0.26310599 1.00000000
vt 0.00000000 0.00000000
vt 0.00268996 0.85475600
vt 0.00000000 0.17720801
vt 0.26310599 0.00000000
vt 0.00000000 0.00000000
vt 0.00000000 0.17956699
vt 0.99882501 0.00000000
vt 0.00000000 0.00000000
vt 0.00000000 1.00000000
vt 0.00287294 0.14725800
vt 0.00281996 0.14512300
vt 0.26310700 1.00000000
vt 0.00000000 0.82542902
vt 0.00000000 1.00000000
vt 0.26310700 0.00000000
vt 0.34026101 0.82542902
vt 0.00000000 0.82294297
vt 0.34026101 1.00000000
vt 0.49896601 1.00000000
vt 0.34026000 0.00000000
vt 0.16666700 0.14725800
vt 0.00772196 0.30984899
vt 0.00759697 0.30607799
vt 0.00000000 0.65957201
vt 0.16666700 0.30984899
vt 0.33333299 0.30984899
vt 0.01441997 0.49807799
vt 0.01435995 0.49643901
vt 0.00000000 0.50368297
vt 0.00000000 0.50492299
vt 0.00000000 0.35489699
vt 0.02189397 0.68774599
vt 0.00000000 0.65620798
vt 0.00719499 0.69368601
vt 0.00000000 0.34023699
vt 0.00000000 1.00000000
vt 0.33960900 0.00000000
vt 0.00000000 0.00000000
vt 0.34244299 0.00000000
vt 0.34244099 1.00000000
vt 0.34244099 0.00000000
vt 0.34244099 1.00000000
vt 0.33960900 1.00000000
vt 0.00000000 0.82471901
vt 0.00000000 1.00000000
vt 0.99756998 0.85755801
vt 0.00000000 0.81905001
vt 0.99375403 0.69889498
vt 0.00000000 0.65889603
vt 0.33333299 0.31232101
vt 0.16666700 0.31232101
vt 0.02849096 0.14809801
vt 0.02108997 0.30790600
vt 0.05384099 0.85240400
vt 0.10800500 0.87433302
vt 0.09861397 0.66421002
vt 0.83333302 0.00000000
vt 0.80881000 0.03948795
vt 0.91510099 0.20180599
vt 0.61883903 0.01696097
vt 0.68200803 0.02484500
vt 0.74534798 0.03235095
vt 0.00000000 0.37510800
vt 0.33855700 0.50014400
vt 0.33855700 0.37510800
vt 0.33855700 0.25007200
vt 0.00000000 0.50014400
vt 0.00000000 0.25007200
vt 0.33855700 0.12503600
vt 0.66171402 0.12503600
vt 0.66171402 0.25007200
vt 1.00000000 0.25346699
vt 1.00000000 0.25007200
vt 0.66171402 0.37510800
vt 1.00000000 0.12503600
vt 0.93846202 0.09857499
vt 0.91683799 0.06544798
vt 0.93252599 0.10094000
vt 1.00000000 0.00000000
vt 0.94439799 0.09628295
vt 0.94436502 0.00000000
vt 0.91683799 0.00000000
vt 0.92884302 0.10337790
vt 0.92515099 0.11174000
vt 0.92268503 0.12731700
vt 0.92235398 0.13089700
vt 0.91664702 0.00000000
vt 0.91683799 0.13089700
vt 0.94455898 0.09622198
vt 1.00000000 0.54459798
vt 0.66057998 0.70063001
vt 1.00000000 0.70063001
vt 0.66057998 0.85776597
vt 1.00000000 0.85776597
vt 0.33999699 0.85776597
vt 0.66057998 1.00000000
vt 0.66057903 0.00000000
vt 0.66171402 0.00000000
vt 0.33987099 0.00000000
vt 0.66171497 1.00000000
vt 0.33999699 1.00000000
vt 0.33855700 0.00000000
vt 0.33855700 1.00000000
vt 0.00000000 0.12503600
vt 0.00000000 0.85776597
vt 0.00000000 1.00000000
vt 0.00000000 0.00000000
vt 0.39445701 0.16605289
vt 0.55585498 0.00868398
vt 0.49307099 0.00000000
vt 1.00000000 1.00000000
vt 0.99872500 0.83586901
vt 0.00000000 0.85746300
vt 1.00000000 1.00000000
vt 1.00000000 0.51366001
vt 0.92156500 0.14445899
vt 1.00000000 0.40052599
vt 0.92119497 0.16122800
vt 1.00000000 0.26424700
vt 0.92100501 0.17756900
vt 1.00000000 0.13120291
vt 0.92090201 0.19367699
vt 0.66057998 0.00000000
vt 1.00000000 0.00000000
vt 0.65800399 0.00000000
vt 1.00000000 0.99144500
vt 0.66058499 1.00000000
vt 1.00000000 1.00000000
vt 0.65800899 1.00000000
vt 0.34217799 0.00000000
vt 0.65800899 0.90093303
vt 0.34217301 1.00000000
vt 1.00000000 0.90093303
vt 0.92087698 0.19928600
vt 0.91702098 1.00000000
vt 1.00000000 0.37510800
vt 0.95033300 0.09406501
vt 0.87241501 0.04627394
vt 1.00000000 0.05884897
vt 0.97208297 0.00000000
vt 0.94455898 0.00000000
vt 0.65815902 1.00000000
vt 0.00000000 0.73481297
vt 1.00000000 0.49649200
vt 0.00000000 0.81780797
vt 1.00000000 0.00000000
vt 0.33872801 0.49985999
vt 0.66155899 0.62489498
vt 1.00000000 0.62489498
vt 0.00000000 0.49985999
vt 0.33872801 0.62489498
vt 0.66155899 0.74993002
vt 1.00000000 0.74993002
vt 1.00000000 0.75038803
vt 0.94455302 0.90397298
vt 0.94457400 0.90398097
vt 0.95050901 0.90619200
vt 1.00000000 0.00000000
vt 1.00000000 1.00000000
vt 0.98004800 0.08623600
vt 0.97440302 0.08790099
vt 0.97227597 0.08854496
vt 0.96876198 0.08962798
vt 0.00000000 0.25008199
vt 0.89205700 0.87432498
vt 0.99979401 1.00000000
vt 1.00000000 1.00000000
vt 0.00000000 0.83026302
vt 0.97522402 0.35663101
vt 0.96332502 0.22837500
vt 0.27820799 0.89648598
vt 0.49655601 0.99255300
vt 0.50680703 0.00000000
vt 0.01209700 0.19417700
vt 0.92724103 0.22150700
vt 0.55637598 0.27706701
vt 0.52864701 0.27706701
vt 0.50091898 0.27706701
vt 0.47319001 0.13509890
vt 0.47319001 0.27706701
vt 0.50091898 0.42829499
vt 0.47319001 0.42829499
vt 0.44546199 0.27706701
vt 0.44546199 0.42829499
vt 0.47319001 0.50709099
vt 0.44546199 0.50709099
vt 0.47319001 0.58588701
vt 0.44546199 0.58588701
vt 0.47319001 0.73199201
vt 0.44546199 0.73199201
vt 0.47319001 0.86884600
vt 0.47340399 1.00000000
vt 0.50091898 1.00000000
vt 0.44546199 0.86884600
vt 0.47319001 1.00000000
vt 0.47330999 0.13089700
vt 0.47309601 0.00000000
vt 0.44558901 0.13089700
vt 0.47330999 0.00000000
vt 0.44567701 1.00000000
vt 0.44558901 0.00000000
vt 0.44537300 0.00000000
vt 0.41780299 0.13089700
vt 0.41780299 0.26767501
vt 0.44546199 1.00000000
vt 0.41767699 0.86884600
vt 0.41788700 1.00000000
vt 0.41780299 0.00000000
vt 0.41759300 0.00000000
vt 0.41767699 1.00000000
vt 0.38989100 0.86884600
vt 0.39009601 1.00000000
vt 0.39001799 0.13089700
vt 0.39001799 0.00000000
vt 0.36223301 0.13089700
vt 0.36223301 0.26767501
vt 0.38981399 0.00000000
vt 0.39001799 0.26767501
vt 0.33444801 0.26767501
vt 0.33444801 0.13089700
vt 0.36203399 0.00000000
vt 0.33444801 0.00000000
vt 0.33425501 0.00000000
vt 0.30657899 0.13089700
vt 0.30640200 0.00000000
vt 0.30657899 0.00000000
vt 0.27871099 0.13089700
vt 0.30664000 1.00000000
vt 0.30646300 0.86884600
vt 0.30646300 1.00000000
vt 0.33432099 1.00000000
vt 0.33432099 0.86884600
vt 0.30646300 0.73199201
vt 0.27860400 0.73199201
vt 0.27860400 0.86884600
vt 0.25074601 0.73199201
vt 0.25596699 0.65921599
vt 0.27860400 0.65893900
vt 0.25613400 0.65893900
vt 0.27062100 0.63531601
vt 0.66091901 0.74937803
vt 1.00000000 0.79889703
vt 1.00000000 0.74937803
vt 0.66091901 0.79947299
vt 1.00000000 0.79947299
vt 0.27860400 0.62248600
vt 1.00000000 0.72237599
vt 0.28547600 0.61149001
vt 0.66091901 0.69928300
vt 1.00000000 0.69928300
vt 0.30051300 0.58745003
vt 1.00000000 0.64928299
vt 1.00000000 0.64608198
vt 0.66091901 0.64928299
vt 0.30646300 0.65893900
vt 0.30148599 0.58588701
vt 1.00000000 0.62976497
vt 0.66091901 0.59928203
vt 0.33908099 0.64928299
vt 0.33908099 0.69928300
vt 0.00000000 0.74937803
vt 0.33908099 0.74937803
vt 0.00000000 0.66568100
vt 0.00000000 0.69928300
vt 0.12918600 0.54323000
vt 0.33136800 0.55555600
vt 0.13765500 0.55555600
vt 0.00000000 0.75985497
vt 0.09184497 0.48416901
vt 0.33136800 0.44444400
vt 0.65281099 0.55555600
vt 0.65281099 0.66666698
vt 0.33136800 0.66666698
vt 0.17139100 0.60209697
vt 0.21895300 0.66070300
vt 0.00000000 0.84953803
vt 0.33908099 0.79947299
vt 0.00000000 0.79947299
vt 0.33908099 0.84953803
vt 0.00000000 0.85465401
vt 0.66091901 0.84953803
vt 0.33908099 0.89960200
vt 0.27263999 0.71887100
vt 0.22421101 0.66666698
vt 0.00000000 0.89960200
vt 0.33136800 0.77451903
vt 0.00000000 0.94799000
vt 0.65281099 0.77777803
vt 0.33505699 0.77777803
vt 0.33368701 0.77659100
vt 0.00000000 0.94980103
vt 0.33908099 0.94980103
vt 0.65281099 0.88888901
vt 0.57198602 0.87509799
vt 0.40327999 0.83179897
vt 0.40327999 0.83364600
vt 0.33908099 1.00000000
vt 0.00000000 0.95084000
vt 0.00000000 1.00000000
vt 1.00000000 0.77777803
vt 1.00000000 0.88888901
vt 0.61338198 0.88888901
vt 0.62003702 0.89109498
vt 0.65281099 0.90188301
vt 0.66867000 0.90705299
vt 0.12380200 0.34252599
vt 0.55193901 0.42623100
vt 0.19824091 0.19014101
vt 0.44542700 0.51534998
vt 0.10153600 0.46077499
vt 0.14606801 0.22427700
vt 0.76965803 0.93879700
vt 0.87810302 0.96980602
vt 1.00000000 1.00000000
vt 1.00000000 0.00000000
vt 1.00000000 0.34108099
vt 1.00000000 0.33873001
vt 0.87504900 0.00000000
vt 1.00000000 0.66127002
vt 0.75157303 1.00000000
vt 1.00000000 0.65891898
vt 0.75157303 0.66127002
vt 1.00000000 0.34108099
vt 0.75157303 0.33873001
vt 0.50314599 0.66127002
vt 0.50314599 1.00000000
vt 0.87504900 0.34108099
vt 1.00000000 0.65891898
vt 0.87504900 0.65891898
vt 1.00000000 1.00000000
vt 1.00000000 0.66127002
vt 1.00000000 0.33873001
vt 1.00000000 0.00000000
vt 0.83683199 1.00000000
vt 0.87504900 1.00000000
vt 0.75009900 0.65891898
vt 0.75009900 0.34108099
vt 0.75009900 0.00000000
vt 0.31379199 0.13259800
vt 0.25411800 0.15946791
vt 0.62552100 0.00000000
vt 0.37749699 0.10958700
vt 0.75009900 1.00000000
vt 0.50314599 0.33873001
vt 0.25157300 0.66127002
vt 0.25157300 1.00000000
vt 0.25157300 0.33873001
vt 0.12578601 0.66127002
vt 0.21078800 1.00000000
vt 0.25157300 0.00000000
vt 0.50314599 0.00000000
vt 0.12578601 0.33873001
vt 0.88678002 0.99319297
vt 0.93044603 0.58781701
vt 0.85990602 0.27584201
vt 0.12578601 0.00000000
vt 0.93620902 0.99319297
vt 0.96533900 0.78146899
vt 0.98586899 0.99319297
vt 0.00000000 0.05004698
vt 0.33797699 0.00000000
vt 0.00000000 0.00000000
vt 1.00000000 1.00000000
vt 0.66202402 0.00000000
vt 0.99963099 0.11553600
vt 1.00000000 0.00000000
vt 0.66202402 0.50000000
vt 0.69131601 0.50000000
vt 0.44436601 1.00000000
vt 0.00000000 0.66127002
vt 0.00000000 1.00000000
vt 0.00000000 0.33873001
vt 0.00000000 0.00000000
vt 0.00000000 0.50000000
vt 0.47990799 1.00000000
vt 0.66202402 0.53140199
vt 1.00000000 0.50000000
vt 0.79253298 1.00000000
vt 0.33797699 0.50000000
vt 0.33797699 0.81064498
vt 0.00000100 0.52211398
vt 0.00000100 0.50000000
vt 0.34108299 0.00000000
vt 0.33797699 0.00000000
vt 0.51976103 0.50000000
vt 0.49863800 0.76287597
vt 0.00006400 0.52064198
vt 0.00000000 0.00000000
vt 0.51976103 0.77349299
vt 0.00006400 0.50000000
vt 0.51976103 0.42789799
vt 0.57681501 0.48664200
vt 0.58948201 0.50000000
vt 1.00000000 0.98429900
vt 1.00000000 1.00000000
vt 0.00000000 0.55672699
vt 0.33919999 0.49703500
vt 0.00000000 0.49703500
vt 0.00000000 0.48350301
vt 0.00000000 1.00000000
vt 0.33919999 1.00000000
vt 0.33919999 0.00000000
vt 0.66080099 0.00000000
vt 0.66080099 0.49703500
vt 1.00000000 0.94980103
vt 0.66091901 0.94980103
vt 0.66091901 1.00000000
vt 1.00000000 1.00000000
vt 1.00000000 0.10966300
vt 1.00000000 0.00000000
vt 0.19501500 0.76558799
vt 0.22288699 0.86884600
vt 0.19836690 0.75979400
vt 0.21388000 0.73199201
vt 0.21275400 0.73400599
vt 0.22288699 0.73199201
vt 0.22288699 0.71594203
vt 1.00000000 0.94586098
vt 1.00000000 0.91433102
vt 0.22710000 0.70849502
vt 0.66091901 0.89960200
vt 1.00000000 0.89960200
vt 1.00000000 0.84953803
vt 0.24146400 0.68355399
vt 1.00000000 0.81744498
vt 0.25074601 0.66788501
vt 0.25074601 0.86884600
vt 0.27860400 1.00000000
vt 0.25089300 1.00000000
vt 0.25074601 1.00000000
vt 0.25084299 0.13089700
vt 0.27854899 0.00000000
vt 0.25084299 0.00000000
vt 0.27876699 1.00000000
vt 0.27871099 0.00000000
vt 0.25069600 0.00000000
vt 0.22297400 0.13089700
vt 0.22297400 0.26767501
vt 0.25084299 0.26767501
vt 0.22302800 0.28386599
vt 0.23684999 0.30792800
vt 0.25084299 0.33164799
vt 0.21392800 0.26767501
vt 0.22297400 0.28376800
vt 0.20924100 0.25926101
vt 0.00000000 0.75580901
vt 0.00000000 0.76889598
vt 0.19540100 0.23446199
vt 0.00000000 0.80734903
vt 0.19509099 0.13089700
vt 0.00000000 0.80820298
vt 0.19509099 0.23391201
vt 0.22284301 0.00000000
vt 0.19497600 0.00000000
vt 0.16720800 0.13089700
vt 0.19509099 0.00000000
vt 0.18135400 0.20981801
vt 0.34116301 0.84580201
vt 0.00000000 0.84580201
vt 0.34116301 0.88425499
vt 0.00000000 0.88381702
vt 0.16720800 0.18633500
vt 0.00000000 0.88425499
vt 0.16704400 0.18607500
vt 0.15239000 0.16460600
vt 0.00000000 0.92270797
vt 0.34116301 0.92270797
vt 0.00000000 0.95570701
vt 0.34116301 0.96135402
vt 0.13932499 0.13089700
vt 0.13705499 0.14737090
vt 0.13932499 0.14945900
vt 0.00000000 0.96135402
vt 0.12126000 0.13954800
vt 0.33863199 1.00000000
vt 0.00000000 1.00000000
vt 0.34116301 1.00000000
vt 0.00003000 0.07888495
vt 0.33333400 0.00000000
vt 0.00000000 0.00000000
vt 0.33333400 0.12357000
vt 0.66107500 0.00000000
vt 0.33590800 0.00000000
vt 0.11144200 0.13089700
vt 0.11144200 0.13904200
vt 0.00004700 0.12357000
vt 0.10589100 0.13862500
vt 0.13924190 0.00000000
vt 0.08358198 0.00000000
vt 0.08358198 0.13089700
vt 0.09057497 0.13713400
vt 0.11144200 0.00000000
vt 0.11137500 0.00000000
vt 0.08358198 0.13635400
vt 0.00009400 0.24714001
vt 0.33333400 0.24714001
vt 0.00011600 0.30366099
vt 0.07523399 0.13540301
vt 0.33333400 0.37117699
vt 0.00014200 0.37117699
vt 0.06009894 0.13378800
vt 0.00018900 0.49521500
vt 0.11139700 0.86884600
vt 0.08359795 1.00000000
vt 0.11139700 1.00000000
vt 0.11146500 1.00000000
vt 0.13926890 1.00000000
vt 0.13926890 0.86884600
vt 0.08354800 1.00000000
vt 0.13837101 0.79079401
vt 0.11032500 0.79106599
vt 0.11139700 0.79101199
vt 0.00000300 0.59885597
vt 0.08354800 0.79366201
vt 0.00000300 0.60645503
vt 0.00000400 0.80487603
vt 0.00000400 0.79848498
vt 0.13926890 0.79082203
vt 0.16714200 0.86884600
vt 0.16630100 0.79251403
vt 0.33920199 1.00000000
vt 0.00000500 1.00000000
vt 0.16714200 0.79255098
vt 1.00000000 0.97561502
vt 0.66080099 1.00000000
vt 1.00000000 1.00000000
vt 0.18291999 0.78265399
vt 1.00000000 0.49703500
vt 0.19501500 0.86884600
vt 0.19513001 1.00000000
vt 0.19501500 1.00000000
vt 0.22288699 1.00000000
vt 0.50000000 1.00000000
vt 0.16724201 1.00000000
vt 0.16714200 1.00000000
vt 0.16710900 0.00000000
vt 0.16720800 0.00000000
vt 0.13935301 1.00000000
vt 0.13932499 0.00000000
vt 0.08353096 0.00000000
vt 0.05572098 0.00000000
vt 0.05573195 1.00000000
vt 0.05568695 0.00000000
vt 0.65883702 1.00000000
vt 0.22297400 0.00000000
vt 0.22301900 1.00000000
vt 0.00000000 0.00000000
vt 0.00006400 0.00000000
vt 0.00000000 1.00000000
vt 0.00000000 0.66127002
vt 1.00000000 0.00000000
vt 0.00000000 0.33873001
vt 0.10842700 1.00000000
vt 0.00000000 1.00000000
vt 0.00000000 0.00000000
vt 0.65891999 0.00000000
vt 0.34108099 0.00000000
vt 0.83756900 0.99319297
vt 0.80002201 0.09769797
vt 0.71324497 0.00000000
vt 0.80002201 0.99319297
vt 0.75157303 0.00000000
vt 0.78852600 0.99319297
vt 0.78901500 0.07415199
vt 0.12578601 1.00000000
vt 0.34698901 0.60849601
vt 0.07926899 0.57902300
vt 1.00000000 0.66666698
vt 0.00070900 0.55707097
vt 0.25505501 0.70447397
vt 0.00085000 0.66817898
vt 0.05700296 0.69727200
vt 0.16765700 0.80215800
vt 0.00099100 0.77899599
vt 0.03473699 0.81552100
vt 0.08299297 0.90078402
vt 0.25002599 0.88956797
vt 0.00113195 0.88956797
vt 0.01247096 0.93377000
vt 0.00000000 1.00000000
vt 0.00127196 1.00000000
vt 0.65281099 0.33333299
vt 1.00000000 0.27110100
vt 1.00000000 0.33333299
vt 0.65281099 0.44444400
vt 1.00000000 0.44444400
vt 0.33136800 0.33333299
vt 0.33136800 0.22222200
vt 0.01297795 0.30643800
vt 0.03279900 0.36569300
vt 0.02105295 0.33333299
vt 0.33908099 0.59928203
vt 0.00000000 0.57205099
vt 0.00000000 0.59928203
vt 0.00000000 0.64928299
vt 0.05958896 0.42502800
vt 0.06964999 0.44444400
vt 0.33908099 0.54942101
vt 0.66091901 0.54942101
vt 0.66091901 0.49955899
vt 1.00000000 0.54017800
vt 1.00000000 0.54942101
vt 0.33140999 0.53643101
vt 0.33432099 0.58588701
vt 0.33432099 0.53136897
vt 1.00000000 0.59928203
vt 0.31584600 0.56263900
vt 0.30646300 0.57788497
vt 0.30646300 0.58588701
vt 0.33432099 0.65893900
vt 0.36210600 0.58588701
vt 0.34726000 0.50838798
vt 0.34796199 0.50709099
vt 1.00000000 0.49736801
vt 1.00000000 0.49955899
vt 0.36210600 0.50709099
vt 0.36210600 0.47879499
vt 1.00000000 0.45395499
vt 0.36339900 0.47599801
vt 0.37996700 0.43730000
vt 0.38989100 0.50709099
vt 0.38989100 0.58588701
vt 0.38989100 0.73199201
vt 0.41767699 0.58588701
vt 0.41767699 0.73199201
vt 0.36210600 0.73199201
vt 0.33432099 0.73199201
vt 0.36210600 0.86884600
vt 0.36230499 1.00000000
vt 0.38989100 1.00000000
vt 0.36210600 1.00000000
vt 0.36223301 0.00000000
vt 0.41767699 0.50709099
vt 0.38989100 0.42829499
vt 0.41767699 0.42829499
vt 0.39591199 0.39082801
vt 0.38989100 0.41016400
vt 0.38344601 0.42829499
vt 0.40964201 0.32633600
vt 1.00000000 0.30309200
vt 0.66091901 0.35181400
vt 1.00000000 0.35181400
vt 1.00000000 0.37065101
vt 0.66091901 0.30309200
vt 0.33908099 0.35181400
vt 0.33908099 0.40053600
vt 0.66091901 0.40053600
vt 1.00000000 0.40053600
vt 0.66091901 0.45004800
vt 1.00000000 0.39014101
vt 0.33908099 0.45004800
vt 1.00000000 0.45004800
vt 0.33908099 0.49955899
vt 0.00000000 0.54942101
vt 0.00000000 0.47855100
vt 0.00000000 0.49955899
vt 0.00224495 0.24718700
vt 0.00105900 0.22222200
vt 0.00345600 0.18835001
vt 0.00000000 0.45004800
vt 0.33136800 0.11111100
vt 0.02240699 0.12951300
vt 0.00000000 0.40053600
vt 0.65281099 0.09524196
vt 0.65281099 0.11111100
vt 0.65281099 0.22222200
vt 0.03325897 0.11111100
vt 0.06759399 0.07204598
vt 0.33136800 0.00152194
vt 0.38028401 0.00718397
vt 0.54566300 0.05139195
vt 0.00000000 0.25271401
vt 0.33908099 0.20233600
vt 0.00000000 0.20233600
vt 0.33908099 0.25271401
vt 0.00000000 0.26386601
vt 0.66091901 0.20233600
vt 0.33908099 0.26530799
vt 0.66091901 0.25271401
vt 1.00000000 0.25271401
vt 1.00000000 0.26530799
vt 0.66091901 0.26530799
vt 1.00000000 0.27790299
vt 0.66091901 0.27790299
vt 1.00000000 0.27787900
vt 0.41767699 0.27706701
vt 0.41320601 0.27711901
vt 0.41209501 0.30340901
vt 0.66091901 0.29049799
vt 1.00000000 0.29049799
vt 0.41320699 0.27706701
vt 0.33908099 0.27790299
vt 0.33908099 0.29049799
vt 0.00000000 0.29049799
vt 0.00000000 0.27790299
vt 0.33908099 0.30309200
vt 0.32462999 0.00106198
vt 0.20828600 0.00761199
vt 0.26356399 0.00084300
vt 0.00000000 0.26530799
vt 0.16501400 0.01861399
vt 0.00000000 0.30309200
vt 0.00000000 0.35181400
vt 0.41767699 0.13509890
vt 0.41232899 0.25117299
vt 0.40992799 0.23004100
vt 0.39561900 0.18001901
vt 0.38989100 0.00000000
vt 0.38989100 0.13509890
vt 0.44546199 0.13509890
vt 0.39009601 0.00000000
vt 0.41767699 0.00000000
vt 0.39001799 1.00000000
vt 0.39001799 0.86463201
vt 0.38981399 1.00000000
vt 0.36223301 0.86463201
vt 0.36230499 0.00000000
vt 0.36210600 0.13509890
vt 0.36223301 1.00000000
vt 0.35650700 0.86095601
vt 0.36223301 0.85802603
vt 0.34702599 0.86463201
vt 0.00000000 0.08924400
vt 0.00000000 0.07805997
vt 0.00000000 0.11719300
vt 0.37600499 0.84789300
vt 0.00000000 0.14877591
vt 0.39001799 0.83011001
vt 0.39311099 0.82456899
vt 0.34116301 0.15632699
vt 0.00000000 0.15632699
vt 0.00000000 0.19542000
vt 0.34116301 0.19542000
vt 0.00000000 0.21496700
vt 0.34116301 0.21496700
vt 0.00000000 0.22304900
vt 0.40754500 0.78214198
vt 0.41780299 0.86463201
vt 0.41254899 0.74350101
vt 0.44558901 0.72245902
vt 0.44558901 0.86463201
vt 0.41780299 1.00000000
vt 0.41759300 1.00000000
vt 0.41788700 0.00000000
vt 0.44537300 1.00000000
vt 0.44546199 0.00000000
vt 0.44567701 0.00000000
vt 0.44558901 1.00000000
vt 0.47309601 1.00000000
vt 0.47319001 0.00000000
vt 0.47340399 0.00000000
vt 0.47330999 0.72245902
vt 0.47330999 0.57102102
vt 0.00000000 0.05956494
vt 0.00000000 0.03902995
vt 0.33668000 0.86705399
vt 0.36203399 1.00000000
vt 0.33747399 0.13295600
vt 0.36210600 0.00000000
vt 0.34663299 0.13509890
vt 0.66091901 0.05050998
vt 1.00000000 0.07313895
vt 1.00000000 0.05050998
vt 0.33908099 0.10102100
vt 0.66091901 0.10102100
vt 0.33908099 0.05050998
vt 0.66091901 0.00000000
vt 0.49941501 0.00000000
vt 0.33908099 0.00000000
vt 0.00000000 0.04383099
vt 0.00000000 0.05050998
vt 0.00000000 0.10102100
vt 0.33992201 1.00000000
vt 0.50005198 1.00000000
vt 0.25002599 1.00000000
vt 0.24907100 0.00000000
vt 0.00000000 0.00000000
vt 0.90676600 0.22222200
vt 0.78495198 0.15900899
vt 0.89262497 0.21480300
vt 0.68734199 0.11111100
vt 0.00000000 0.14513700
vt 0.67229599 0.10411000
vt 0.33908099 0.15167800
vt 0.00000000 0.15167800
vt 0.66091901 0.15167800
vt 0.00000000 0.16000600
vt 1.00000000 0.11074100
vt 1.00000000 0.18474901
vt 1.00000000 0.15167800
vt 0.35811400 0.13960400
vt 0.36210600 0.14167801
vt 0.37820199 0.15398601
vt 1.00000000 0.10102100
vt 0.38989100 0.16925700
vt 1.00000000 0.20233600
vt 0.66135001 1.00000000
vt 0.00000000 0.38505399
vt 1.00000000 0.55555600
vt 0.33451399 1.00000000
vt 0.50081903 0.00000000
vt 0.50103199 0.00000000
vt 0.50113100 1.00000000
vt 0.55658501 1.00000000
vt 0.55647397 0.00000000
vt 0.75045502 0.00000000
vt 0.99999899 0.00000000
vt 1.00000000 1.00000000
vt 0.00007900 0.70498699
vt 0.00006000 0.77910101
vt 0.22297400 0.86463201
vt 0.24660601 0.85911602
vt 0.22297400 0.85712999
vt 0.25084299 0.86463201
vt 0.25084299 0.85953099
vt 0.22297400 1.00000000
vt 0.22284301 1.00000000
vt 0.19509099 1.00000000
vt 0.21131000 0.85636503
vt 0.00008900 0.66834700
vt 0.27871099 0.86258399
vt 0.27871099 0.86463201
vt 0.25084299 1.00000000
vt 0.25069600 1.00000000
vt 0.27854899 1.00000000
vt 0.28195301 0.86296600
vt 0.29574099 0.86463201
vt 0.27871099 1.00000000
vt 0.00003000 0.88961798
vt 0.25074601 0.00000000
vt 0.30640200 1.00000000
vt 0.19497600 1.00000000
vt 0.19501500 0.00000000
vt 0.16724201 0.00000000
vt 0.16714200 0.00000000
vt 0.14241500 0.02696698
vt 0.13926890 0.04995596
vt 0.99151599 0.31771901
vt 0.99132901 0.67371899
vt 1.00000000 0.49559700
vt 0.14406900 0.00000000
vt 0.16710900 1.00000000
vt 0.14241800 0.97303998
vt 0.14404100 1.00000000
vt 0.89954698 0.12608400
vt 1.00000000 0.00000000
vt 0.07078897 0.14398690
vt 0.75002599 0.22347590
vt 0.99977398 0.22347590
vt 0.05569797 0.14220490
vt 0.99975997 0.17529000
vt 0.50005198 0.11145700
vt 0.75002599 0.11145700
vt 0.33958301 0.00000300
vt 0.50005198 0.00000200
vt 0.66666597 0.00025200
vt 0.33333400 0.19922601
vt 0.66666597 0.19922601
vt 0.49977499 0.00037300
vt 0.75809002 0.00021600
vt 0.25002599 0.00000300
vt 0.99988800 0.00041000
vt 0.33333400 0.39601901
vt 0.00009800 0.39601901
vt 0.00006500 0.59653300
vt 0.00006500 0.59737003
vt 0.98662800 0.81316602
vt 0.97603899 0.60768402
vt 0.00880897 0.60768402
vt 0.94659400 0.39957899
vt 0.97612500 0.60853899
vt 0.00319695 0.81316602
vt 0.99786103 1.00000000
vt 0.33144900 0.99997401
vt 0.00003300 0.79844600
vt 0.00000000 1.00000000
vt 0.00003300 0.79841298
vt 0.98662698 0.81313300
vt 0.33333400 0.99997401
vt 0.33967900 0.00005700
vt 0.34150800 0.00005700
vt 0.23807789 0.99773401
vt 0.02817499 0.78185201
vt 0.99547899 1.00000000
vt 0.00000000 0.99995500
vt 0.11460700 0.93119901
vt 0.36766201 0.96366799
vt 0.93490601 0.19022401
vt 0.01041096 0.18872491
vt 0.01269400 0.39721099
vt 0.94622898 0.39721099
vt 0.33333400 0.00045600
vt 0.00013000 0.19922601
vt 0.00013000 0.19779100
vt 0.00009800 0.39378500
vt 0.93507999 0.18872491
vt 1.00000000 0.00000000
vt 0.24158899 0.00044000
vt 0.00016200 0.00000000
vt 0.00796294 0.07535398
vt 0.00000000 0.13010000
vt 0.02008396 0.13509890
vt 0.75002599 0.00000100
vt 0.99972701 0.06273496
vt 0.99970901 0.00000000
vt 0.00000300 0.07517200
vt 0.00000300 0.07517200
vt 0.00014200 0.00002300
vt 0.00000300 0.07517296
vt 0.00000400 0.07517498
vt 0.00000500 0.07518398
vt 0.00001200 0.07522797
vt 0.00099900 0.07522398
vt 0.00397998 0.07528901
vt 0.46840599 0.83400297
vt 0.46840101 0.83400899
vt 0.46841699 0.83398300
vt 0.46845901 0.83390301
vt 0.46861899 0.83358002
vt 0.00025300 0.07519698
vt 0.00006600 0.07518500
vt 0.46924499 0.83228701
vt 0.01194196 0.07540899
vt 0.01591897 0.07545799
vt 0.01989799 0.07550597
vt 0.99973398 0.08712297
vt 0.02784895 0.13696100
vt 0.03557199 0.13867299
vt 0.99974102 0.11145700
vt 0.66012299 0.00000200
vt 0.00021200 0.50070602
vt 0.00042400 0.00008600
vt 0.00000200 0.86871397
vt 0.33967900 0.86943001
vt 0.44342101 0.83104599
vt 0.52078599 1.00000000
vt 0.63419598 1.00000000
vt 0.00005000 0.88165599
vt 0.22339500 0.91431397
vt 0.76216203 0.50000000
vt 0.76216203 1.00000000
vt 0.00000000 1.00000000
vt 1.00000000 0.50000000
vt 0.76216203 0.00000000
vt 1.00000000 0.00000000
vt 0.00000800 0.62762600
vt 0.20287199 0.16693500
vt 0.00000000 0.00000000
vt 0.59418797 0.00000000
vt 0.03226697 0.79948199
vt 0.00000000 0.04133898
vt 1.00000000 0.08937400
vt 0.70107001 0.01063799
vt 0.69899601 0.00465095
vt 0.70133197 0.01174294
vt 0.00000000 0.00000000
vt 0.27070099 0.00000000
vt 0.67033303 1.00000000
vt 0.09875100 0.99319297
vt 0.14806400 0.99319297
vt 0.19730200 0.99319297
vt 0.00000000 0.80194098
vt 0.65891898 0.70164698
vt 0.34108099 0.65149999
vt 0.65891898 0.65149999
vt 1.00000000 0.70164698
vt 0.00000000 0.65149999
vt 0.00000000 0.60135299
vt 0.34108099 0.60135299
vt 0.39437300 0.99319297
vt 0.34528500 0.99319297
vt 0.00000000 0.59559202
vt 0.65891898 0.60135299
vt 0.34108099 0.55144399
vt 1.00000000 0.65149999
vt 0.05212497 0.00000000
vt 0.05213600 1.00000000
vt 0.00449395 0.00000000
vt 0.01990598 0.92568898
vt 0.46373400 0.69803202
vt 0.47775999 0.72501498
vt 0.02005594 0.86463201
vt 0.01592600 0.92573601
vt 0.02786099 0.86277801
vt 0.00025300 0.06269896
vt 0.24998701 0.11152200
vt 0.24998701 0.00000500
vt 0.00026900 0.00000000
vt 0.00024600 0.08723199
vt 0.00000000 0.86967498
vt 0.00796700 0.92583901
vt 0.01194697 0.92578501
vt 0.00398099 0.92590302
vt 0.50533301 0.77952498
vt 0.49162999 0.75217497
vt 0.51889902 0.80713999
vt 0.00099999 0.92596698
vt 0.52893299 0.82787901
vt 0.00001200 0.92596400
vt 0.53227299 0.83479500
vt 0.53143001 0.83307499
vt 0.00025400 0.92599499
vt 0.99935001 0.58738601
vt 0.76214403 0.99832898
vt 0.63284999 0.96425802
vt 0.00000000 0.00000000
vt 0.98989201 0.18867400
vt 0.99985898 0.00002400
vt 0.53205502 0.83436698
vt 0.53221500 0.83468902
vt 0.53225601 0.83476901
vt 0.53226799 0.83478898
vt 0.00000300 0.92602003
vt 0.00000300 0.92602003
vt 0.00000400 0.92601699
vt 0.00000500 0.92600900
vt 0.00006700 0.92600697
vt 0.97157800 0.78265601
vt 0.06338095 0.19011401
vt 0.98768401 0.39711899
vt 0.05239295 0.39711899
vt 0.05204099 0.39947000
vt 0.88534498 0.93189001
vt 0.99143201 0.60762602
vt 0.02335697 0.60762602
vt 0.34028801 0.60495001
vt 0.00006600 0.40443000
vt 0.00009900 0.60495001
vt 0.34028801 0.80215102
vt 0.00009900 0.60719103
vt 0.65976298 0.80215102
vt 0.00013100 0.80215102
vt 0.34028801 0.99993002
vt 0.65976298 0.99973798
vt 0.00016400 0.99988401
vt 0.24967800 0.99994999
vt 0.00013100 0.80352300
vt 0.49953699 0.99985200
vt 0.34065399 0.00000700
vt 0.49997500 0.00001100
vt 0.06321597 0.18867400
vt 0.00006600 0.40359700
vt 0.02327197 0.60848498
vt 0.01303994 0.81316102
vt 0.99682599 0.81316102
vt 0.00386798 1.00000000
vt 1.00000000 0.99995500
vt 0.00204200 1.00000000
vt 0.00000200 0.13100091
vt 0.00038200 1.00000000
vt 0.00000000 0.00007300
vt 0.03556197 0.86108601
vt 0.00023900 0.11152200
vt 0.05572098 0.85755199
vt 0.00022200 0.17553900
vt 0.24998701 0.22367300
vt 0.00020900 0.22367300
vt 0.07077199 0.85578001
vt 0.00019800 0.26469800
vt 0.08358198 0.85486001
vt 0.10574300 0.85418600
vt 0.00017900 0.33532000
vt 0.11144200 0.85412103
vt 0.98851198 0.27454400
vt 0.96616602 0.00285900
vt 0.99997503 1.00000000
vt 0.00002500 0.00120598
vt 0.00000000 1.00000000
vt 0.56023097 0.00000000
vt 0.59101599 0.03634595
vt 0.60134000 0.01421296
vt 0.00000000 0.07701295
vt 0.99990100 0.07701295
vt 0.00000000 0.00000000
vt 1.00000000 0.00000000
vt 1.00000000 0.00000000
vt 0.45290199 0.13967100
vt 0.61116898 0.16482700
vt 0.45037001 0.11841490
vt 0.99980098 0.15402600
vt 0.46043700 0.09918296
vt 1.00000000 0.80000001
vt 0.83552998 0.60000002
vt 0.83552998 0.80000001
vt 0.83552998 0.99862498
vt 0.47315499 0.17983200
vt 0.49639201 0.21923400
vt 0.51972002 0.25879201
vt 0.54304802 0.29834899
vt 1.00000000 0.60000002
vt 0.70837599 0.32965401
vt 1.00000000 1.00000000
vt 0.51396102 0.00000000
vt 0.83552998 0.40000001
vt 0.64389998 0.40000001
vt 0.64389998 0.60000002
vt 0.44988501 0.40000001
vt 0.44988501 0.60000002
vt 0.64389998 0.80000001
vt 0.44988501 0.20000000
vt 0.28574201 0.20000000
vt 0.28574201 0.40000001
vt 0.13973200 0.20000000
vt 0.13973200 0.05726295
vt 0.28574201 0.04088699
vt 0.44988501 0.02726399
vt 0.20809101 0.04910194
vt 0.58895898 0.00000000
vt 0.53687102 0.33831900
vt 0.68888301 0.33831900
vt 0.68888301 0.00000000
vt 0.53687102 0.00000000
vt 0.33004701 0.03673297
vt 0.78475899 0.00000000
vt 0.64389998 0.20000000
vt 0.64389998 0.01722496
vt 0.39405900 0.33831900
vt 0.41737700 0.00000000
vt 0.39405900 0.00000000
vt 0.47798100 0.02543795
vt 0.28797701 0.00000000
vt 0.67107999 0.01607197
vt 0.27254099 0.16915891
vt 0.27254099 0.00000000
vt 0.27254099 0.33831900
vt 0.14868000 0.33831900
vt 0.27254099 0.49918199
vt 0.14868000 0.49918199
vt 0.39405900 0.66004503
vt 0.27254099 0.66004503
vt 0.14868000 0.66004503
vt 0.14868000 0.83002299
vt 0.27254099 0.83002299
vt 0.29215199 1.00000000
vt 0.39405900 1.00000000
vt 0.08829200 0.87276399
vt 0.07174199 0.85314500
vt 0.07885199 0.86541802
vt 0.06086397 0.81159699
vt 0.04848498 0.74778497
vt 0.27254099 1.00000000
vt 0.10872390 0.87816101
vt 0.09066998 0.87388903
vt 0.24999490 0.74778497
vt 0.24999490 0.87276399
vt 0.13247789 0.87992400
vt 0.05475896 0.78080201
vt 0.14935300 0.65972400
vt 0.10410200 1.00000000
vt 0.14935300 1.00000000
vt 0.04365098 0.72043502
vt 0.04898899 0.75053000
vt 0.09956800 0.65972400
vt 0.09956800 1.00000000
vt 0.04978400 1.00000000
vt 0.04978400 0.65972400
vt 0.00000000 1.00000000
vt 0.09956800 0.33996299
vt 0.04978400 0.33996299
vt 0.00000000 0.65972400
vt 0.04978400 0.00000000
vt 0.09956800 0.00000000
vt 0.00000000 0.33831900
vt 0.00000000 0.33996299
vt 0.00000000 0.00000000
vt 1.00000000 0.33831900
vt 0.84377599 0.66004503
vt 1.00000000 0.33984300
vt 0.84377599 0.33831900
vt 1.00000000 0.00000000
vt 0.68888301 0.66004503
vt 0.68888301 1.00000000
vt 0.84377599 1.00000000
vt 1.00000000 0.66004503
vt 0.06379497 0.82566899
vt 1.00000000 1.00000000
vt 0.06713199 0.83961499
vt 0.53687102 1.00000000
vt 0.53687102 0.66004503
vt 0.03954595 0.21658100
vt 0.14151099 0.00000000
vt 0.00000000 0.07669800
vt 0.00000000 0.20000000
vt 0.09983098 0.06241196
vt 0.84377599 0.00000000
vt 0.08344799 0.39952201
vt 0.13083000 0.55166298
vt 0.00000000 0.40000001
vt 0.28621700 0.85301602
vt 0.37104699 0.00000000
vt 0.23303001 0.77573699
vt 0.18081500 0.67584097
vt 0.14935300 0.00000000
vt 0.19913700 0.33996299
vt 0.19913700 0.00000000
vt 0.14935300 0.33996299
vt 0.19913700 0.65972400
vt 0.24940200 0.33996299
vt 0.24940200 0.00000000
vt 0.24940200 0.65972400
vt 0.19913700 1.00000000
vt 0.24940200 1.00000000
vt 0.24999490 0.62492698
vt 0.03405195 0.66008800
vt 0.03870999 0.69036800
vt 0.02550798 0.60004902
vt 0.02893698 0.62492698
vt 0.02966099 0.63003701
vt 0.24999490 0.50156403
vt 0.49989900 0.50156403
vt 0.02161997 0.57002997
vt 0.49989900 0.62492698
vt 0.49989900 0.43958601
vt 0.74982703 0.43958601
vt 0.74982703 0.50156403
vt 0.74982703 0.56324500
vt 0.99712902 0.55269998
vt 0.99704200 0.52479899
vt 0.99659699 0.43958601
vt 0.99694800 0.50156403
vt 0.55608898 1.00000000
vt 0.55608898 0.65740502
vt 0.52793300 1.00000000
vt 0.52793300 0.65740502
vt 0.50435698 1.00000000
vt 0.55608898 0.34268299
vt 0.52793300 0.34268299
vt 0.49977699 0.34268299
vt 0.49977699 0.65740502
vt 0.49977699 1.00000000
vt 0.47162101 0.65740502
vt 0.47162101 0.34268299
vt 0.44346601 0.00000000
vt 0.47162101 0.00000000
vt 0.44346601 0.34268299
vt 0.41554999 0.00000000
vt 0.41554999 0.34268299
vt 0.44346601 0.65740502
vt 0.46143001 0.99935597
vt 0.29466799 0.98886001
vt 0.37763199 0.99842298
vt 0.41933700 0.99963897
vt 0.38763401 0.00000000
vt 0.33603299 0.99513900
vt 0.35971799 0.00000000
vt 0.38763401 0.34268299
vt 0.00904799 0.61489701
vt 0.06341695 0.80280203
vt 0.17743400 0.94256097
vt 0.25376901 0.97858101
vt 0.33180201 0.00000000
vt 0.35971799 0.34268299
vt 0.41554999 0.65740502
vt 0.38763401 0.65740502
vt 0.41554999 1.00000000
vt 0.43979499 1.00000000
vt 0.38763401 1.00000000
vt 0.99622297 0.38923800
vt 0.99642903 0.41621700
vt 0.37564600 1.00000000
vt 0.99612802 0.37760800
vt 0.74982703 0.37760800
vt 0.99599600 0.36209700
vt 0.74982703 0.31481200
vt 0.49989900 0.37760800
vt 0.99535400 0.25306901
vt 0.99540901 0.28037301
vt 0.99535400 0.25201601
vt 0.74982703 0.25201601
vt 0.99576902 0.33471900
vt 0.99557000 0.30762300
vt 0.99562103 0.31481200
vt 0.49989900 0.31481200
vt 0.24999490 0.25201601
vt 0.49989900 0.25201601
vt 0.24999490 0.37760800
vt 0.00097200 0.32142800
vt 0.00232297 0.35359499
vt 0.00367397 0.37760800
vt 0.00416297 0.38535899
vt 0.00636399 0.41675100
vt 0.00886196 0.44779199
vt 0.60181099 1.00000000
vt 0.60181099 0.65972400
vt 0.55140799 1.00000000
vt 0.65188098 0.65972400
vt 0.65188098 1.00000000
vt 0.01156997 0.47873700
vt 0.65188098 0.33996299
vt 0.70195198 0.33996299
vt 0.70195198 0.65972400
vt 0.75202203 0.33996299
vt 0.75202203 0.65972400
vt 0.71422702 1.00000000
vt 0.70195198 1.00000000
vt 0.75202203 0.00000000
vt 0.80209202 0.00000000
vt 0.80209202 0.33996299
vt 0.85156900 0.00000000
vt 0.85156900 0.33996299
vt 0.80209202 0.65972400
vt 0.85156900 0.65972400
vt 0.80209202 1.00000000
vt 0.75202203 1.00000000
vt 0.85156900 1.00000000
vt 0.90104598 0.65972400
vt 0.90104598 0.33996299
vt 0.95052302 0.33996299
vt 0.95052302 0.65972400
vt 0.90887702 1.00000000
vt 0.90104598 1.00000000
vt 0.95052302 0.00000000
vt 1.00000000 0.00000000
vt 1.00000000 0.33984199
vt 1.00000000 0.34182799
vt 0.83011901 0.00000000
vt 0.96371400 0.23080400
vt 0.92235601 0.43166399
vt 0.90104598 0.00000000
vt 0.87671298 0.59766501
vt 0.82771301 0.72813302
vt 0.77581698 0.82794899
vt 0.72261298 0.89970303
vt 0.60058302 0.00000000
vt 0.00000000 0.80000001
vt 0.13973200 0.60000002
vt 0.00000000 0.60000002
vt 0.00000000 0.94802099
vt 0.13973200 0.80000001
vt 0.13973200 0.96468598
vt 0.28574201 0.80000001
vt 0.28574201 0.97862601
vt 0.28574201 0.60000002
vt 0.44988501 0.80000001
vt 0.13973200 0.40000001
vt 0.44988501 0.98913002
vt 0.20944799 0.97183597
vt 0.41981900 0.00000000
vt 0.31902701 0.34182799
vt 0.47341099 0.34182799
vt 0.31902701 0.00000000
vt 0.47341099 0.00000000
vt 0.33106300 0.98205000
vt 0.59009302 0.00000000
vt 0.21857700 0.00000000
vt 0.64389998 0.99557298
vt 0.48000401 0.99051899
vt 0.61457402 0.17091390
vt 0.61457402 0.00000000
vt 0.61457402 0.34182799
vt 0.73070598 0.34182799
vt 0.73070598 0.17091390
vt 0.71878600 0.00000000
vt 0.73070598 0.00000000
vt 0.83928102 0.00000000
vt 0.84819800 0.17091390
vt 0.84819800 0.34182799
vt 0.66641301 0.99603200
vt 1.00000000 0.34182799
vt 0.84819800 0.49992701
vt 1.00000000 0.49992701
vt 0.25007200 0.49998301
vt 0.00000000 0.34182799
vt 0.00000000 0.49998301
vt 0.25007200 0.26511201
vt 0.00000000 0.26511201
vt 1.00000000 0.26511300
vt 0.00000000 0.65802598
vt 0.50014400 0.49998301
vt 0.25007200 0.73486400
vt 0.50014400 0.73486400
vt 0.75007200 0.73486400
vt 0.75007200 0.49998301
vt 0.50014400 0.26511201
vt 0.25007200 0.00000000
vt 0.75007200 0.26511201
vt 0.50014400 0.00000000
vt 0.14866100 0.13701200
vt 0.38633999 0.01647496
vt 0.25804999 0.03143095
vt 0.42035300 0.08683395
vt 0.00000000 0.17091499
vt 0.00000000 0.00000000
vt 0.84819800 0.00000000
vt 1.00000000 0.17091390
vt 1.00000000 0.00000000
vt 0.84628099 0.99874300
vt 0.12926200 0.04495698
vt 0.00000000 0.05715996
vt 0.05660498 0.15285800
vt 0.98895198 0.49764699
vt 0.00000000 1.00000000
vt 1.00000000 1.00000000
vt 0.98523301 0.32971001
vt 0.00000000 0.49764699
vt 0.97685099 0.23514999
vt 0.00042400 0.96596497
vt 0.14808400 0.87272203
vt 0.00000000 0.87287599
vt 0.24243900 0.00185496
vt 0.52687800 0.01721096
vt 0.92446202 0.14248291
vt 0.14808400 0.96990198
vt 0.31225899 0.87270498
vt 0.00000000 0.17093800
vt 0.16048799 0.17093800
vt 0.15182389 0.00000000
vt 0.00000000 0.00000000
vt 0.16048799 0.00000000
vt 0.15656500 0.97015202
vt 0.31225899 0.97565502
vt 0.31727299 0.00000000
vt 0.32910401 0.17093800
vt 0.32910401 0.00000000
vt 0.50191098 0.87280297
vt 0.32426599 0.97615099
vt 0.50191098 0.98408699
vt 0.69013798 0.87290603
vt 0.77686697 0.06256598
vt 0.69013798 0.99228698
vt 0.50717402 0.00000000
vt 0.50171000 0.00000000
vt 0.50755799 0.98434800
vt 0.50717402 0.34187499
vt 0.68063498 0.00000000
vt 0.68589699 0.99212199
vt 0.32910401 0.34187499
vt 0.16048799 0.34187499
vt 0.16048799 0.50015998
vt 0.32910401 0.50015998
vt 0.50717402 0.65844500
vt 0.32910401 0.65844500
vt 0.16048799 0.65844500
vt 0.00000100 0.82922298
vt 0.16048799 0.82922298
vt 0.00000100 0.73486400
vt 0.00000100 0.65844500
vt 0.06411099 1.00000000
vt 0.16048799 1.00000000
vt 0.32910401 0.82922298
vt 0.32910401 1.00000000
vt 0.49989900 0.12599500
vt 0.52824497 0.09986495
vt 0.49989900 0.10146800
vt 0.57661402 0.09373199
vt 0.50717402 1.00000000
vt 0.74982703 0.12599500
vt 0.61936200 0.08044600
vt 0.99548900 0.11714500
vt 0.99546802 0.12599500
vt 0.74982703 0.06299698
vt 0.99542302 0.14417300
vt 0.49989900 0.18900600
vt 0.74982703 0.18900600
vt 0.16663191 1.00000000
vt 0.16663191 0.65740502
vt 0.13899700 1.00000000
vt 0.13899700 0.65740502
vt 0.12041800 1.00000000
vt 0.99535602 0.17128301
vt 0.18462101 1.00000000
vt 0.99532503 0.18900600
vt 0.19426601 0.65740502
vt 0.19426601 1.00000000
vt 0.99531800 0.19853400
vt 0.22190090 0.65740502
vt 0.99533403 0.22585990
vt 0.22190090 1.00000000
vt 0.22190090 0.34268299
vt 0.24937589 0.65740502
vt 0.24831501 1.00000000
vt 0.24937589 0.34268299
vt 0.27685201 0.65740502
vt 0.27685201 1.00000000
vt 0.24937589 1.00000000
vt 0.27685201 0.34268299
vt 0.30432701 0.65740502
vt 0.30432701 1.00000000
vt 0.30432701 0.34268299
vt 0.33180201 0.65740502
vt 0.31160301 1.00000000
vt 0.33180201 0.34268299
vt 0.35971799 0.65740502
vt 0.35971799 1.00000000
vt 0.33180201 1.00000000
vt 0.30432701 0.00000000
vt 0.21463791 0.96351099
vt 0.27685201 0.00000000
vt 0.24937589 0.00000000
vt 0.11251200 0.88266301
vt 0.14307700 0.91553301
vt 0.22190090 0.00000000
vt 0.08594000 0.84457600
vt 0.19426601 0.00000000
vt 0.19426601 0.34268299
vt 0.16663191 0.34268299
vt 0.16663191 0.00000000
vt 0.13899700 0.34268299
vt 0.13899700 0.00000000
vt 0.11136300 0.34268299
vt 0.11136300 0.65740502
vt 0.11136300 1.00000000
vt 0.08352196 1.00000000
vt 0.08352196 0.65740502
vt 0.08352196 0.34268299
vt 0.05568099 0.65740502
vt 0.05590695 1.00000000
vt 0.99563599 0.03564798
vt 0.99560302 0.06299698
vt 0.99560398 0.06277698
vt 0.05568099 1.00000000
vt 0.99565101 0.00000000
vt 0.99555099 0.08995300
vt 0.02784097 1.00000000
vt 0.02784097 0.65740502
vt 0.00000000 1.00000000
vt 0.99564999 0.00853896
vt 0.00000000 0.65740502
vt 1.00000000 0.65738797
vt 0.99136102 1.00000000
vt 1.00000000 1.00000000
vt 0.97212797 0.34265101
vt 0.97212797 0.65738797
vt 1.00000000 0.34265101
vt 0.02784097 0.34268299
vt 0.00000000 0.34268299
vt 0.05568099 0.34268299
vt 0.05568099 0.00000000
vt 0.02784097 0.00000000
vt 0.00083900 0.51509202
vt 0.00345600 0.56517500
vt 0.00000000 0.00000000
vt 0.00427300 0.41324300
vt 0.00110996 0.46409801
vt 0.97212797 0.00000000
vt 1.00000000 0.00000000
vt 0.94425499 0.00000000
vt 0.94425499 0.34265101
vt 0.91638303 0.00000000
vt 0.03190898 0.26479101
vt 0.01032197 0.36276600
vt 0.06913298 0.17463000
vt 0.31854400 0.01047796
vt 0.48825601 0.00022300
vt 0.40290001 0.00158298
vt 0.44556400 0.00023500
vt 0.50019598 0.00000000
vt 0.52833700 0.34265101
vt 0.52833700 0.00000000
vt 0.54551798 0.99568099
vt 0.57361197 0.00343895
vt 0.50019598 0.34265101
vt 0.47205499 0.00000000
vt 0.53095299 0.00128198
vt 0.36063299 0.00482798
vt 0.55647802 0.00000000
vt 0.55647802 0.34265101
vt 0.58439499 0.00000000
vt 0.55647802 0.65738797
vt 0.58439499 0.34265101
vt 0.52833700 0.65738797
vt 0.61231101 0.00000000
vt 0.61231101 0.34265101
vt 0.58439499 0.65738797
vt 0.61231101 0.65738797
vt 0.64022702 0.00000000
vt 0.64022702 0.34265101
vt 0.23581199 0.03188097
vt 0.27684399 0.01923197
vt 0.66814297 0.00000000
vt 0.15935799 0.07169097
vt 0.19661000 0.04902499
vt 0.66814297 0.34265101
vt 0.69564903 0.00000000
vt 0.66814297 0.65738797
vt 0.69564903 0.34265101
vt 0.64022702 0.65738797
vt 0.69564903 0.65738797
vt 0.67637599 1.00000000
vt 0.64022702 1.00000000
vt 0.66814297 1.00000000
vt 0.74982601 0.62246001
vt 0.99575102 0.67704999
vt 0.99598002 0.64929801
vt 0.74982601 0.68525201
vt 0.99568498 0.68525201
vt 0.49989700 0.62246001
vt 0.49989700 0.56055099
vt 0.74982601 0.56055099
vt 0.99619299 0.62246001
vt 0.99674100 0.53934097
vt 0.99661702 0.56055099
vt 0.99688399 0.51198202
vt 0.74982601 0.49864301
vt 0.49989700 0.49864301
vt 0.24999490 0.37518701
vt 0.24999490 0.49864301
vt 0.49989700 0.37518701
vt 0.74982601 0.43691501
vt 0.24999490 0.25222501
vt 0.03885596 0.31102601
vt 0.02180099 0.43110999
vt 0.02918100 0.37518701
vt 0.02974796 0.37116900
vt 0.02563595 0.40114900
vt 0.03412896 0.34113801
vt 0.69359601 1.00000000
vt 0.65015900 0.66006601
vt 0.65015900 1.00000000
vt 0.60000402 1.00000000
vt 0.60000402 0.66006601
vt 0.60000402 0.34034401
vt 0.65015900 0.34034401
vt 0.70031297 0.66006601
vt 0.60000402 0.00000000
vt 0.65015900 0.00000000
vt 0.70031297 0.34034401
vt 0.70031297 0.00000000
vt 0.75046802 0.34034401
vt 0.75046802 0.66006601
vt 0.75046802 1.00000000
vt 0.80062300 1.00000000
vt 0.80062300 0.66006601
vt 0.85046703 1.00000000
vt 0.85046703 0.66006601
vt 0.80062300 0.34034401
vt 0.85046703 0.34034401
vt 0.85046703 0.00000000
vt 0.80062300 0.00000000
vt 0.13843299 1.00000000
vt 0.17975900 0.31241900
vt 0.13022199 0.44047999
vt 0.75046802 0.00000000
vt 0.23152889 0.21036801
vt 1.00000000 0.07976198
vt 0.86026299 0.20000000
vt 1.00000000 0.20000000
vt 0.03969800 0.78628898
vt 0.00000000 1.00000000
vt 1.00000000 0.40000001
vt 0.08331197 0.59851497
vt 0.36869800 1.00000000
vt 0.86026299 0.40000001
vt 0.28455299 0.13180301
vt 0.33839101 0.07423597
vt 0.39267001 0.03540897
vt 0.44744200 0.01286596
vt 0.50238401 0.00429296
vt 0.59896302 1.00000000
vt 1.00000000 0.60000002
vt 0.71424800 0.20000000
vt 0.71424800 0.40000001
vt 0.86026299 0.60000002
vt 0.71424800 0.60000002
vt 0.55009699 0.40000001
vt 0.55009699 0.20000000
vt 0.35607600 0.20000000
vt 0.35607600 0.40000001
vt 0.55009699 0.60000002
vt 0.35607600 0.60000002
vt 0.55009699 0.80000001
vt 0.71424800 0.80000001
vt 0.86026299 0.96523398
vt 0.86026299 0.80000001
vt 0.71424800 0.97889900
vt 1.00000000 0.94832599
vt 0.79164302 0.97217000
vt 0.89989501 0.96082902
vt 0.68167502 0.34168199
vt 0.77990103 0.00000000
vt 0.68167502 0.00000000
vt 0.84008098 0.34168199
vt 0.84008098 0.00000000
vt 0.68167502 0.65802300
vt 0.84008098 0.65802300
vt 1.00000000 0.34034401
vt 1.00000000 0.34168199
vt 1.00000000 0.65802300
vt 0.00000000 0.65802300
vt 0.04949498 0.34034401
vt 0.00000000 0.34168199
vt 0.00000000 0.34034401
vt 0.04949498 0.00000000
vt 0.09898900 0.66006601
vt 0.09898900 0.34034401
vt 0.04949498 0.66006601
vt 0.09898900 0.00000000
vt 0.92082000 0.57942301
vt 0.82922798 1.00000000
vt 0.96296197 0.77138901
vt 0.00000000 0.00000000
vt 1.00000000 1.00000000
vt 1.00000000 0.80000001
vt 0.72041100 0.11513700
vt 0.77343601 0.19164100
vt 0.82534599 0.29315901
vt 0.87460297 0.42103601
vt 0.14848401 0.34034401
vt 0.14848401 0.00000000
vt 0.19797800 0.34034401
vt 0.19797800 0.00000000
vt 0.24808501 0.66006601
vt 0.24808501 0.34034401
vt 0.24808501 0.00000000
vt 0.19797800 0.66006601
vt 0.29819301 0.34034401
vt 0.28675699 1.00000000
vt 0.29819301 0.66006601
vt 0.24808501 1.00000000
vt 0.00325096 0.64694798
vt 0.24999490 0.62246001
vt 0.00456095 0.62246001
vt 0.00191599 0.67905200
vt 0.19797800 1.00000000
vt 0.24999490 0.74804401
vt 0.00112200 0.71093601
vt 0.14848401 0.66006601
vt 0.14848401 1.00000000
vt 0.49989700 0.68525201
vt 0.00237095 0.80781603
vt 0.24999490 0.87403899
vt 0.49989700 0.81104100
vt 0.00091800 0.74804401
vt 0.00089800 0.74291700
vt 0.00129098 0.77507299
vt 0.49989700 0.74804401
vt 0.04949498 1.00000000
vt 0.00000000 0.66006601
vt 0.00000000 1.00000000
vt 0.09106898 1.00000000
vt 1.00000000 0.66015798
vt 0.84008098 1.00000000
vt 1.00000000 1.00000000
vt 0.00703800 0.84988397
vt 0.00308496 0.82205600
vt 0.00438297 0.83617401
vt 0.68167502 1.00000000
vt 0.52760202 1.00000000
vt 0.03345495 0.87403899
vt 0.01279896 0.86228198
vt 0.38571301 0.82901102
vt 0.38571301 1.00000000
vt 0.52760202 0.65802300
vt 0.17017899 0.88316202
vt 0.06651997 0.87744498
vt 0.04136794 0.87539500
vt 0.02355694 0.87089503
vt 0.27002400 0.82901102
vt 0.20191690 1.00000000
vt 0.27002400 1.00000000
vt 0.15240601 0.82901102
vt 0.15240601 1.00000000
vt 0.27002400 0.65802300
vt 0.38571301 0.65802300
vt 0.38571301 0.49985299
vt 0.52760202 0.34168199
vt 0.38571301 0.34168199
vt 0.27002400 0.49985299
vt 0.40773901 0.00000000
vt 0.38571301 0.17084099
vt 0.27002400 0.34168199
vt 0.27002400 0.17084099
vt 0.15240601 0.34168199
vt 0.15240601 0.49985299
vt 0.16119900 0.00000000
vt 0.27002400 0.00000000
vt 0.15240601 0.17084099
vt 0.28161901 0.00000000
vt 0.35607600 0.99561501
vt 0.16445400 0.99861902
vt 0.33478001 0.99604398
vt 0.00000000 0.17084099
vt 0.15240601 0.00000000
vt 0.00000000 0.26479501
vt 0.00000000 0.34168199
vt 1.00000000 0.17084201
vt 0.74992901 0.26479599
vt 1.00000000 0.26479599
vt 1.00000000 0.34168300
vt 0.74992901 0.00000000
vt 0.49985799 0.26479599
vt 0.49985799 0.49998099
vt 0.74992901 0.49998099
vt 0.61364502 0.01637500
vt 0.57835197 0.08896297
vt 0.85005498 0.13914201
vt 0.53826499 0.10131200
vt 0.49985799 0.00000000
vt 0.74194700 0.03124600
vt 1.00000000 0.00000000
vt 0.48600301 0.00000000
vt 1.00000000 0.00000000
vt 0.49764699 0.98895198
vt 1.00000000 1.00000000
vt 0.49764699 0.00000000
vt 0.32971001 0.98523301
vt 0.87073898 0.04469996
vt 1.00000000 0.05683898
vt 0.94211501 0.15498801
vt 0.85193098 0.87238002
vt 0.85193098 0.97194999
vt 1.00000000 0.96795398
vt 1.00000000 0.87254298
vt 0.84744501 0.00000000
vt 1.00000000 0.17071100
vt 1.00000000 0.00000000
vt 0.00000000 0.17071100
vt 0.24992900 0.00000000
vt 0.00000000 0.00000000
vt 0.84003198 0.17071100
vt 1.00000000 0.26479599
vt 0.24992900 0.26479599
vt 0.00000000 0.26479599
vt 0.00000000 0.34142199
vt 0.24992900 0.49998099
vt 1.00000000 0.34142199
vt 0.84003198 0.34142199
vt 1.00000000 0.49988201
vt 0.00000000 0.49998099
vt 0.84003198 0.49988201
vt 1.00000000 0.65834200
vt 0.00000000 0.65834200
vt 0.67085600 0.34142199
vt 0.67085600 0.49988201
vt 0.84003198 0.65834200
vt 0.49351400 0.65834200
vt 0.67085600 0.65834200
vt 0.49351400 1.00000000
vt 0.67085600 1.00000000
vt 0.74982601 0.87403899
vt 0.57657099 0.90646100
vt 0.61929601 0.91970402
vt 0.84003198 0.82917100
vt 0.84003198 1.00000000
vt 0.49989700 0.87403899
vt 0.52821702 0.90047401
vt 0.74982601 0.81104100
vt 0.99535799 0.87403899
vt 0.99543202 0.89824897
vt 0.74982601 0.93702000
vt 0.99551499 0.92584401
vt 0.91638303 1.00000000
vt 0.88851100 0.65738797
vt 0.88851100 1.00000000
vt 0.86417800 1.00000000
vt 0.88851100 0.34265101
vt 0.91638303 0.65738797
vt 0.86092401 0.34265101
vt 0.86092401 0.65738797
vt 0.88851100 0.00000000
vt 0.91638303 0.34265101
vt 0.86092401 0.00000000
vt 0.94425499 0.65738797
vt 0.97212797 1.00000000
vt 0.94425499 1.00000000
vt 0.92768902 1.00000000
vt 0.99558598 0.95339602
vt 0.99554598 0.93702000
vt 0.99563199 0.98096597
vt 0.74999601 1.00000000
vt 0.99564302 1.00000000
vt 0.74982601 1.00000000
vt 0.65148801 0.04112696
vt 0.74982703 0.00000000
vt 0.74965602 0.00000000
vt 0.64202303 0.06299698
vt 0.64339799 0.06120795
vt 0.68063498 0.65844500
vt 0.66581398 1.00000000
vt 0.68063498 1.00000000
vt 0.68063498 0.34187499
vt 0.84404898 0.65844500
vt 0.84404898 1.00000000
vt 0.84404898 0.34187499
vt 1.00000000 0.65844500
vt 1.00000000 0.34187499
vt 0.00000000 0.65844500
vt 1.00000000 0.34142199
vt 0.00000000 0.34187499
vt 1.00000000 0.66015798
vt 1.00000000 0.66015798
vt 0.00000000 0.66021103
vt 1.00000000 0.65834200
vt 0.00000000 0.65834200
vt 0.15635200 0.34142199
vt 0.00000000 0.34142199
vt 0.15635200 0.65834200
vt 0.15635200 1.00000000
vt 0.00000000 0.66015798
vt 0.65159601 0.95890200
vt 0.65259302 0.97827202
vt 0.31952700 0.65834200
vt 0.64366502 0.93887299
vt 0.31952700 1.00000000
vt 0.00000000 1.00000000
vt 0.65254402 1.00000000
vt 0.50124002 1.00000000
vt 1.00000000 1.00000000
vt 0.65235502 0.02180796
vt 0.65230501 0.00000000
vt 0.00000000 1.00000000
vt 1.00000000 1.00000000
vt 0.31952700 0.34142199
vt 0.33507600 1.00000000
vt 0.64226198 0.93702000
vt 0.49351400 0.34142199
vt 0.31952700 0.00000000
vt 0.31485999 0.00000000
vt 0.14725800 0.87262702
vt 0.30984899 0.99321699
vt 0.30984899 0.87257397
vt 0.49807799 0.98561299
vt 0.15213400 0.99764103
vt 0.31460300 0.99305397
vt 0.15635200 0.00000000
vt 0.14725800 0.99774402
vt 0.15136400 0.00000000
vt 0.02314895 0.87263697
vt 0.00000000 1.00000000
vt 0.00000000 0.33984199
vt 0.00000000 0.00000000
vt 0.00000000 0.00000000
vt 1.00000000 0.33978799
vt 1.00000000 0.00000000
vt 0.00000000 0.33978799
vt 0.84881800 0.00000000
vt 1.00000000 0.33984199
vt 1.00000000 0.00000000
vt 0.85273403 0.99737197
vt 0.97678298 0.87296999
vt 0.85273403 0.87295902
vt 0.84807903 0.99726301
vt 1.00000000 1.00000000
vt 0.84404898 0.00000000
vt 1.00000000 0.83333302
vt 0.97678298 0.83333302
vt 0.02465099 0.15714000
vt 0.28160101 0.05774897
vt 0.00000000 0.11023300
vt 0.00000000 0.00000000
vt 1.00000000 0.66666698
vt 0.97678202 0.66666698
vt 0.12830600 0.35438100
vt 0.50014800 0.00000000
vt 0.66623598 1.00000000
vt 0.66648799 0.00000000
vt 0.50000000 1.00000000
vt 1.00000000 0.50004101
vt 0.83251202 1.00000000
vt 0.97678101 0.50000000
vt 1.00000000 0.50000000
vt 0.50000000 0.00000000
vt 0.33380800 0.00000000
vt 0.49996001 1.00000000
vt 0.33368301 1.00000000
vt 0.16746689 0.00000000
vt 0.02315098 0.33333299
vt 0.00000000 0.16666700
vt 0.00000000 0.33333299
vt 0.00000000 0.49985200
vt 1.00000000 0.16666700
vt 0.97678000 0.33333299
vt 1.00000000 0.33333299
vt 0.16740701 1.00000000
vt 0.97678000 0.16666700
vt 0.00000300 0.49988300
vt 0.00113100 1.00000000
vt 0.97678000 0.12112400
vt 1.00000000 0.00000000
vt 0.85273403 0.00280797
vt 0.00000000 0.33906701
vt 0.14817600 0.00000000
vt 0.00000000 0.00000000
vt 0.00000000 0.00000000
vt 1.00000000 0.33906701
vt 0.00000000 0.33906701
vt 0.18940000 0.34107101
vt 0.00000000 0.34107101
vt 1.00000000 0.34107101
vt 0.00000000 0.65875602
vt 1.00000000 0.65875602
vt 0.18940000 0.65875602
vt 0.00000000 0.66093302
vt 0.00000000 0.66093302
vt 1.00000000 0.66093302
vt 1.00000000 0.33906600
vt 0.00000000 0.65827698
vt 1.00000000 0.66093397
vt 0.00000000 0.66093397
vt 0.00000000 1.00000000
vt 1.00000000 1.00000000
vt 0.00000000 1.00000000
vt 1.00000000 1.00000000
vt 0.68985701 0.02204096
vt 0.74982601 0.00000000
vt 0.68995303 0.00000000
vt 0.74965602 1.00000000
vt 0.68964398 0.97801799
vt 0.68974102 1.00000000
vt 0.99978900 0.05694299
vt 0.74999601 0.00000000
vt 0.99974197 0.06362098
vt 0.74982601 0.06362098
vt 0.68762302 0.04645395
vt 0.74982703 1.00000000
vt 0.74982703 0.93638200
vt 0.99980599 0.94412398
vt 0.99994999 0.97205800
vt 1.00000000 1.00000000
vt 0.99993801 0.02842599
vt 0.99998897 0.00000000
vt 0.00000000 1.00000000
vt 0.02781796 0.65738797
vt 0.00000000 0.65738797
vt 1.00000000 0.65740502
vt 0.97212303 0.65740502
vt 0.02781796 1.00000000
vt 0.97212303 1.00000000
vt 0.02781796 0.34265101
vt 0.05563700 0.34265101
vt 0.05563700 0.65738797
vt 0.08345496 0.34265101
vt 0.08345496 0.65738797
vt 0.06214398 1.00000000
vt 0.05563700 1.00000000
vt 0.11127400 0.34265101
vt 0.11127400 0.65738797
vt 0.08345496 1.00000000
vt 0.99956101 0.08550196
vt 0.11127400 1.00000000
vt 0.99927098 0.11406600
vt 0.12410000 1.00000000
vt 0.74982601 0.12724200
vt 0.99912202 0.12724200
vt 0.13890700 0.65738797
vt 0.13890700 1.00000000
vt 0.99894100 0.14247100
vt 0.13890700 0.34265101
vt 0.16654000 0.34265101
vt 0.16654000 0.65738797
vt 0.13890700 0.00000000
vt 0.16654000 0.00000000
vt 0.93742400 0.20794600
vt 0.97304302 0.29935199
vt 0.95720202 0.25256699
vt 0.11127400 0.00000000
vt 0.88579601 0.12857200
vt 0.74144602 0.03124099
vt 0.99354398 0.39794901
vt 0.98514903 0.34809101
vt 0.08345496 0.00000000
vt 0.65810102 0.01210099
vt 0.70006698 0.01989197
vt 0.33204499 0.00000000
vt 0.36001301 0.34265101
vt 0.36001301 0.00000000
vt 0.81885397 0.06872200
vt 0.78105301 0.04715698
vt 0.30448499 0.00000000
vt 0.33204499 0.34265101
vt 0.30448499 0.34265101
vt 0.36001301 0.65738797
vt 0.33204499 0.65738797
vt 0.27692601 0.34265101
vt 0.27692601 0.65738797
vt 0.30448499 0.65738797
vt 0.33204499 1.00000000
vt 0.30430099 1.00000000
vt 0.30448499 1.00000000
vt 0.99723703 0.31370601
vt 0.74982601 0.31370601
vt 0.99723703 0.31389600
vt 0.27692601 1.00000000
vt 0.99734801 0.28536201
vt 0.24936600 1.00000000
vt 0.99756402 0.25672999
vt 0.74982601 0.25222501
vt 0.99761099 0.25222501
vt 0.24936600 0.65738797
vt 0.24502499 1.00000000
vt 0.24936600 0.34265101
vt 0.22180600 0.34265101
vt 0.22180600 0.65738797
vt 0.22180600 0.00000000
vt 0.19417299 0.65738797
vt 0.19417299 0.34265101
vt 0.19417299 0.00000000
vt 0.91362900 0.16627000
vt 0.19417299 1.00000000
vt 0.18465599 1.00000000
vt 0.99835002 0.18973400
vt 0.74982601 0.18973400
vt 0.99822599 0.19958200
vt 0.16654000 1.00000000
vt 0.99858701 0.17098799
vt 0.49989700 0.12724200
vt 0.49989700 0.25222501
vt 0.24999490 0.12724200
vt 0.33032399 0.11143700
vt 0.09069496 0.12724200
vt 0.23162000 0.11606290
vt 0.24999490 0.11518000
vt 0.13305400 0.12098800
vt 0.10898300 0.12281600
vt 1.00000000 0.83044201
vt 0.85070997 1.00000000
vt 1.00000000 1.00000000
vt 0.25009900 1.00000000
vt 0.00000000 0.83043897
vt 0.00000000 1.00000000
vt 0.25009900 0.73418301
vt 0.00000000 0.73418301
vt 0.85070997 0.83044201
vt 0.85070997 0.66088402
vt 1.00000000 0.73418701
vt 0.00000000 0.66088098
vt 1.00000000 0.66088402
vt 0.25009900 0.49999401
vt 0.85070997 0.50015199
vt 1.00000000 0.50015199
vt 0.00000000 0.49999401
vt 0.25009900 0.26580900
vt 0.50019801 0.49999401
vt 0.00000000 0.33942199
vt 0.50019801 0.73418301
vt 0.75009900 0.73418301
vt 0.75009900 0.49999401
vt 0.50019801 0.26580900
vt 0.25009900 0.00000000
vt 0.50019801 0.00000000
vt 0.75009900 0.26580900
vt 0.40906501 0.89217800
vt 0.21864700 0.91438597
vt 0.33027700 0.95786399
vt 0.75009900 0.00000000
vt 0.10858700 0.86971003
vt 0.49582300 0.98926902
vt 0.49582300 0.00000000
vt 0.00000000 0.00000000
vt 0.66300601 0.98565698
vt 0.00000000 1.00000000
vt 0.16493399 0.81161302
vt 0.44374901 1.00000000
vt 0.49335000 0.91589898
vt 1.00000000 0.05110198
vt 0.85193098 0.12868001
vt 1.00000000 0.13285699
vt 0.75742698 0.97728097
vt 0.99802703 0.24272600
vt 0.85167998 0.92524099
vt 0.85193098 0.04252797
vt 0.68774599 0.12515999
vt 0.00000000 0.17050201
vt 0.15423200 0.00000000
vt 0.00000000 0.00000000
vt 0.81410998 0.04026895
vt 0.19344600 0.17050201
vt 0.19344600 0.00000000
vt 0.00000000 0.26580799
vt 1.00000000 0.17050201
vt 1.00000000 0.00000000
vt 1.00000000 0.26580900
vt 0.19344600 0.34100401
vt 0.00000000 0.34100401
vt 1.00000000 0.34100401
vt 0.39895099 0.17050201
vt 0.39895099 0.34100401
vt 0.19344600 0.49964100
vt 0.00000000 0.49964100
vt 0.19344600 0.65827698
vt 0.39895099 0.49964100
vt 0.00000000 0.65827698
vt 1.00000000 0.65827698
vt 1.00000000 0.49999401
vt 0.00000000 0.73418301
vt 1.00000000 0.73418301
vt 0.00000000 0.82913798
vt 0.92892200 1.00000000
vt 1.00000000 0.82913798
vt 0.42909899 0.10711500
vt 0.49989700 0.10420700
vt 0.52806300 0.10309400
vt 0.75009900 1.00000000
vt 1.00000000 1.00000000
vt 0.58072001 0.10014300
vt 0.00000000 1.00000000
vt 0.19344600 0.82913798
vt 0.19344600 1.00000000
vt 0.63354498 0.09110099
vt 0.39895099 0.82913798
vt 0.39895099 1.00000000
vt 0.39895099 0.65827698
vt 0.61017001 0.65827698
vt 0.81061798 1.00000000
vt 0.81061798 0.65827698
vt 0.61017001 0.34100401
vt 0.61017001 1.00000000
vt 0.67279500 0.07129198
vt 0.69103599 0.00000000
vt 0.61017001 0.00000000
vt 0.81061798 0.34100401
vt 0.50861502 0.00000000
vt 1.00000000 0.33906600
vt 0.85221899 0.00000000
vt 1.00000000 0.34100401
vt 0.81061798 0.00000000
vt 1.00000000 0.65827698
vt 0.00000000 0.00000000
vt 0.02315199 0.12108100
vt 0.14725800 0.00297499
vt 1.00000000 0.00000000
vt 0.14725800 0.12112500
vt 0.30984899 0.00905895
vt 0.18884400 0.00422895
vt 0.02315199 0.16666700
vt 0.56076801 0.94603097
vt 0.26617101 0.92440599
vt 0.53240597 1.00000000
vt 1.00000000 0.00000000
vt 0.66446298 0.74871403
vt 0.00112695 0.00000000
vt 1.00000000 0.00000000
vt 0.00000000 0.33906600
vt 0.00000000 0.34100401
vt 0.49807799 0.01980197
vt 0.39322200 0.01339697
vt 0.30984899 0.12146700
vt 0.49807799 0.12263500
vt 0.60994798 0.02721697
vt 0.39895099 0.00000000
vt 0.98188001 0.52741802
vt 0.93436199 0.77757698
vt 0.68774599 0.03234797
vt 0.32167199 0.00000000
vt 1.00000000 0.66093397
vt 1.00000000 1.00000000
vt 0.50019801 1.00000000
vt 0.14954001 0.78127801
vt 0.00000000 0.00122398
vt 1.00000000 1.00000000
vt 0.99999702 0.00000000
vt 0.00000300 0.99995703
vt 0.01578497 0.83167601
vt 0.02037400 0.78655100
vt 0.00000000 0.79676402
vt 0.96399301 0.00000000
vt 0.96399301 0.99997002
vt 1.00000000 0.00000000
vt 1.00000000 1.00000000
vt 0.18418300 0.75826502
vt 0.16940799 0.77240300
vt 0.92798603 0.99993998
vt 0.09720098 0.65924001
vt 0.20294800 0.72897500
vt 0.92798603 0.00000000
vt 0.85597098 0.99987900
vt 0.76815701 0.55139798
vt 0.03552800 0.77027798
vt 0.85597098 0.00000000
vt 0.05477797 0.73655897
vt 0.02314996 0.50000000
vt 0.00000000 0.50000000
vt 0.02314895 0.66666698
vt 0.08999598 0.66954601
vt 0.36178300 0.15237799
vt 0.12521300 0.60253400
vt 0.38571000 0.10684700
vt 0.40638700 0.06080698
vt 0.40898401 0.03634595
vt 0.87185198 0.35408100
vt 0.71839899 0.05774897
vt 0.97554600 0.15676500
vt 0.00000000 0.66666698
vt 0.02314895 0.83333302
vt 0.00000000 0.83333302
vt 1.00000000 0.11023300
vt 0.83282900 0.00000000
vt 0.99878800 1.00000000
vt 0.99916899 0.00000000
vt 0.07701295 0.99990100
vt 0.07701295 0.00000000
vt 0.00000000 0.00000000
vt 0.43976900 0.00000000
vt 0.39866000 0.01421296
vt 0.15402600 0.99980098
vt 0.15402600 0.00000000
vt 0.38880199 0.16481000
vt 0.52554703 0.18196300
vt 0.54580098 0.14180090
vt 0.28817299 0.00000000
vt 0.28817299 0.99962801
vt 0.54833299 0.12054400
vt 0.50230902 0.22136500
vt 0.47898000 0.26092300
vt 0.00000000 0.80000001
vt 0.16445400 0.60000002
vt 0.00000000 0.60000002
vt 0.29160199 0.32962000
vt 0.45565099 0.30048200
vt 0.16445400 0.80000001
vt 0.00000000 1.00000000
vt 0.16445400 0.40000001
vt 0.35607600 0.80000001
vt 0.55009699 0.98943400
vt 0.00000000 0.40000001
vt 0.16445400 0.20000000
vt 0.19440100 0.49443001
vt 0.27163401 0.61250901
vt 0.30597299 0.55428100
vt 0.23729400 0.67073703
vt 0.00000000 0.20000000
vt 0.34031299 0.49605301
vt 0.42798600 0.00000000
vt 0.42798600 0.99952000
vt 0.57064801 0.00000000
vt 0.57064801 0.99963897
vt 0.28532401 0.99940002
vt 0.16043000 0.53552097
vt 0.28532401 0.00000000
vt 0.19564700 0.46850801
vt 0.14266200 0.00000000
vt 0.14266200 0.99927998
vt 0.33785799 0.19790500
vt 0.23086400 0.40149599
vt 0.37465200 0.43782601
vt 0.40899199 0.37959799
vt 0.00000000 0.99915999
vt 0.00000000 0.00000000
vt 1.00000000 0.00000000
vt 0.85722798 0.99889302
vt 1.00000000 0.99870801
vt 0.43232101 0.34004000
vt 0.85722798 0.00000000
vt 0.71445602 0.99907702
vt 0.29000700 0.28895700
vt 0.26608101 0.33448300
vt 0.31393200 0.24343100
vt 0.71445602 0.00000000
vt 0.57168502 0.00000000
vt 0.57168502 0.99926198
vt 0.42891300 0.00000000
vt 0.42891300 0.99944597
vt 0.71331000 0.00000000
vt 0.71331000 0.99975902
vt 0.35606501 0.01745498
vt 0.15067300 0.00815499
vt 0.16445400 0.00881696
vt 0.00000000 0.00000000
vt 0.85070997 0.00000000
vt 1.00000000 0.16971000
vt 1.00000000 0.00000000
vt 0.83986503 0.00000000
vt 0.85070997 0.16971000
vt 1.00000000 0.26580501
vt 0.00000000 0.16971301
vt 0.00000000 0.26580900
vt 1.00000000 0.33941901
vt 0.72891003 0.16971000
vt 0.85070997 0.33941901
vt 0.72891003 0.33941901
vt 0.71473098 0.00000000
vt 0.72891003 0.50015199
vt 0.60719299 0.33941901
vt 0.58671999 0.00000000
vt 0.60719299 0.00000000
vt 0.46315601 0.33941901
vt 0.60719299 0.66088402
vt 0.72639602 1.00000000
vt 0.72891003 0.83044201
vt 0.72891003 0.66088402
vt 0.46315601 0.66088402
vt 0.60719299 1.00000000
vt 0.31145701 0.33941901
vt 0.31145701 0.66088402
vt 0.46315601 1.00000000
vt 0.31145701 1.00000000
vt 0.15642600 0.66088402
vt 0.15642600 0.33941901
vt 0.06433796 0.17595799
vt 0.07223600 0.14825900
vt 0.06769198 0.16189300
vt 0.15642600 1.00000000
vt 0.00000000 0.66088402
vt 0.00000000 1.00000000
vt 0.06137895 0.19015691
vt 1.00000000 0.66006601
vt 0.95015597 0.66006601
vt 1.00000000 1.00000000
vt 0.00000000 0.34034401
vt 0.95015597 0.34034401
vt 1.00000000 0.34034401
vt 0.90031099 0.34034401
vt 0.95015597 1.00000000
vt 0.90031099 0.66006601
vt 0.89819998 1.00000000
vt 0.90031099 1.00000000
vt 0.04394799 0.28106001
vt 0.04917800 0.25222501
vt 0.05524599 0.22060400
vt 0.04941695 0.25094500
vt 0.90031099 0.00000000
vt 1.00000000 0.33941901
vt 0.00000000 0.33941901
vt 0.95015597 0.00000000
vt 1.00000000 0.00000000
vt 0.00000000 0.00000000
vt 0.15642600 0.00000000
vt 0.21577300 0.00000000
vt 0.71424800 0.04247897
vt 0.86026299 0.05960297
vt 0.79246497 0.05112999
vt 0.31145701 0.00000000
vt 0.90021098 0.06499499
vt 0.41198301 0.00000000
vt 0.55009699 0.02789795
vt 0.67092699 0.03815197
vt 0.46315601 0.00000000
vt 0.07928895 0.13578700
vt 0.72891003 1.00000000
vt 0.09100997 0.12710489
vt 0.52487898 0.02620595
vt 0.72891003 0.00000000
vt 0.33214501 0.01637095
vt 0.00000000 0.82405102
vt 0.00000000 1.00000000
vt 0.00002500 0.99879402
vt 0.99997503 0.00000000
vt 0.00000000 0.00009200
vt 1.00000000 1.00000000
vt 0.29667699 1.00000000
vt 0.22180600 1.00000000
vt 0.99787903 0.22817400
vt 0.24936600 0.00000000
vt 0.85404599 0.09592896
vt 0.27692601 0.00000000
vt 0.99719101 0.34221500
vt 0.99716699 0.37518701
vt 0.74982601 0.37518701
vt 0.99711502 0.42751700
vt 0.99714398 0.39927500
vt 0.41594699 1.00000000
vt 0.38798001 0.65738797
vt 0.38798001 1.00000000
vt 0.36428899 1.00000000
vt 0.38798001 0.34265101
vt 0.41594699 0.65738797
vt 0.41594699 0.34265101
vt 0.44391400 0.65738797
vt 0.42526299 1.00000000
vt 0.99710298 0.43691501
vt 0.44391400 1.00000000
vt 0.99707103 0.45576501
vt 0.47205499 1.00000000
vt 0.99699700 0.48419699
vt 0.47205499 0.65738797
vt 0.99694401 0.49864301
vt 0.48660001 1.00000000
vt 0.44391400 0.34265101
vt 0.47205499 0.34265101
vt 0.50019598 0.65738797
vt 0.50019598 1.00000000
vt 0.44391400 0.00000000
vt 0.41594699 0.00000000
vt 0.61592400 0.00684500
vt 0.38798001 0.00000000
vt 0.36001301 1.00000000
vt 0.99716997 0.37082100
vt 0.05563700 0.00000000
vt 0.99995399 0.49936900
vt 0.99841100 0.44850001
vt 0.02781796 0.00000000
vt 0.99413502 0.59955800
vt 0.71193898 0.97307003
vt 0.00000000 0.34265101
vt 0.00000000 0.00000000
vt 1.00000000 0.00000000
vt 0.97212303 0.34268299
vt 1.00000000 0.34268299
vt 0.99846298 0.54958200
vt 0.97212303 0.00000000
vt 0.94424599 0.00000000
vt 0.94424599 0.34268299
vt 0.91636801 0.00000000
vt 0.91636801 0.34268299
vt 0.94424599 0.65740502
vt 0.91636801 0.65740502
vt 0.93652302 1.00000000
vt 0.94424599 1.00000000
vt 0.99975097 0.93638200
vt 0.91636801 1.00000000
vt 0.99957800 0.91617501
vt 0.88849097 0.65740502
vt 0.88849097 1.00000000
vt 0.99927300 0.88816202
vt 0.87322998 1.00000000
vt 0.99908298 0.87276399
vt 0.74982703 0.87276399
vt 0.74982703 0.81027502
vt 0.49989900 0.87276399
vt 0.99892300 0.86033797
vt 0.58042800 0.90069002
vt 0.63306099 0.90963298
vt 1.00000000 1.00000000
vt 0.80635202 0.82937801
vt 0.80635202 1.00000000
vt 0.60264802 1.00000000
vt 0.52791101 0.89781600
vt 0.99999899 0.07434797
vt 0.83799398 0.99218398
vt 0.99998897 0.98649800
vt 1.00000000 0.82937801
vt 0.52788901 0.89781499
vt 0.07039296 1.00000000
vt 0.00000100 0.73550302
vt 0.00000000 1.00000000
vt 0.49989900 0.89671397
vt 0.73740399 0.05656999
vt 0.00000100 0.73470902
vt 0.73740399 0.99498999
vt 0.73655897 0.05650395
vt 0.49149299 0.03515899
vt 0.65618098 0.99693602
vt 0.24990401 0.49999601
vt 0.00000200 0.49999601
vt 0.24990401 0.73470902
vt 0.49980900 0.49999601
vt 0.49980900 0.73470902
vt 0.24990401 1.00000000
vt 0.74990398 0.26528400
vt 0.74990398 0.49999601
vt 0.49980900 0.26528400
vt 0.74990398 0.00000000
vt 0.49980900 0.00000000
vt 0.24990401 0.26528400
vt 0.89138699 0.86979097
vt 0.58963102 0.89003599
vt 0.78127801 0.91444600
vt 0.66958398 0.95789498
vt 0.24990401 0.00000000
vt 0.55605000 1.00000000
vt 0.00000300 0.26449099
vt 0.00000000 0.00000000
vt 0.50535101 0.91375601
vt 0.14808400 0.12873501
vt 0.00041400 0.04905694
vt 0.00000000 0.13290501
vt 0.00049800 0.04905200
vt 0.16317300 0.99767601
vt 0.00000000 0.99385500
vt 0.25501001 0.01481699
vt 0.25501001 0.99912202
vt 0.84593302 0.00000000
vt 1.00000000 0.17053500
vt 1.00000000 0.00000000
vt 0.80635202 0.17053500
vt 1.00000000 0.26449400
vt 0.80635202 0.34107101
vt 1.00000000 0.34107101
vt 0.33090001 0.99980599
vt 0.25578499 0.01487499
vt 0.00000300 0.26528400
vt 1.00000000 0.49991399
vt 0.80635202 0.49991399
vt 0.60264802 0.17053500
vt 0.60264802 0.34107101
vt 0.60264802 0.49991399
vt 0.80635202 0.65875602
vt 1.00000000 0.65875602
vt 0.39023900 0.34107101
vt 0.60264802 0.65875602
vt 0.39023900 1.00000000
vt 0.39023900 0.65875602
vt 0.32926700 1.00000000
vt 0.67229801 0.92917001
vt 0.67905003 0.93638200
vt 0.18940000 1.00000000
vt 0.68760401 0.95388502
vt 0.00000000 1.00000000
vt 0.30959901 0.00000000
vt 0.39023900 0.00000000
vt 0.49171001 0.00000000
vt 0.69013798 0.00857395
vt 0.50191098 0.01862800
vt 0.69013798 0.12151700
vt 0.85273403 0.12117000
vt 0.60697597 0.01266700
vt 0.81162500 0.00396299
vt 0.18940000 0.00000000
vt 0.00000000 0.49582300
vt 0.24254900 0.99798799
vt 0.97722799 0.75740600
vt 0.92504501 0.85165399
vt 0.52710700 0.98181403
vt 0.00000000 1.00000000
vt 0.98926902 0.49582300
vt 0.00000000 0.00000000
vt 0.97962600 0.78655100
vt 0.73382902 0.92440599
vt 0.98421502 0.83167601
vt 0.43926901 0.94610298
vt 0.46759400 1.00000000
vt 0.33561501 0.74886203
vt 0.98565698 0.66300601
vt 0.99997002 0.96399301
vt 0.00000000 0.96399301
vt 0.00000000 1.00000000
vt 1.00000000 0.79676402
vt 0.99993998 0.92798603
vt 0.00000000 0.92798603
vt 0.96447200 0.77027798
vt 0.23195989 0.55162102
vt 0.99999702 1.00000000
vt 0.84914500 0.77913702
vt 0.81450403 0.75612599
vt 0.82927901 0.77026302
vt 1.00000000 0.00000000
vt 0.00000000 0.99877602
vt 0.99999702 1.00000000
vt 0.90279198 0.65930802
vt 0.83375299 0.80947202
vt 1.00000000 0.82413501
vt 0.85026401 0.00794899
vt 1.00000000 0.20000000
vt 1.00000000 0.00000000
vt 0.79574001 0.72683603
vt 0.76139498 0.66859800
vt 0.80558401 0.49448100
vt 0.83552998 0.20000000
vt 1.00000000 0.40000001
vt 0.00000000 0.85597098
vt 0.99987900 0.85597098
vt 0.99975902 0.71331000
vt 0.00000000 0.71331000
vt 0.91000402 0.66954601
vt 0.94522202 0.73655897
vt 0.99963897 0.57064801
vt 0.00000000 0.57064801
vt 0.87478697 0.60253400
vt 0.72705698 0.61037201
vt 0.69271898 0.55214500
vt 0.99952000 0.42798600
vt 0.65838099 0.49391800
vt 0.00000000 0.42798600
vt 0.99940002 0.28532401
vt 0.00000000 0.28532401
vt 0.62404299 0.43569100
vt 0.99927998 0.14266200
vt 0.63821697 0.15237799
vt 0.80435300 0.46850801
vt 0.66214198 0.19790500
vt 0.83956999 0.53552097
vt 0.76913601 0.40149599
vt 0.00000000 0.14266200
vt 0.99915999 0.00000000
vt 0.00000000 0.00000000
vt 0.70999300 0.28895700
vt 0.73391902 0.33448300
vt 0.68606800 0.24343100
vt 0.99889302 0.85722798
vt 0.00000000 1.00000000
vt 0.99870801 1.00000000
vt 0.58970499 0.37746400
vt 0.56637698 0.33790699
vt 0.00000000 0.85722798
vt 0.99907702 0.71445602
vt 0.00000000 0.71445602
vt 0.99926198 0.57168502
vt 0.00000000 0.57168502
vt 0.99944597 0.42891300
vt 0.00000000 0.42891300
vt 0.99962801 0.28817299
vt 0.00000000 0.28817299
vt 0.61429000 0.10684700
vt 0.00000000 0.15402600
vt 0.59361303 0.06080698
vt 0.83552998 0.00867200
vt 0.14868000 0.16915891
vt 0.16085701 0.00000000
vt 0.14868000 0.00000000
vt 0.00000000 0.33831900
vt 0.00000000 0.16915891
vt 0.00000000 0.26528600
vt 1.00000000 0.33831900
vt 1.00000000 0.26528400
vt 1.00000000 0.16915891
vt 0.00000000 0.49918199
vt 1.00000000 0.49918199
vt 0.00000000 0.50000000
vt 1.00000000 0.49999601
vt 0.00000000 0.66004503
vt 1.00000000 0.66004503
vt 0.00000000 0.73470801
vt 0.74990398 0.73470902
vt 1.00000000 0.73470902
vt 1.00000000 0.83002299
vt 0.70213598 1.00000000
vt 0.74990398 1.00000000
vt 0.32993299 0.88950402
vt 0.24999490 0.88577598
vt 0.23113300 0.88486600
vt 0.49980900 1.00000000
vt 0.42881700 0.89381403
vt 1.00000000 1.00000000
vt 0.00000000 0.83002299
vt 0.14868000 1.00000000
vt 0.00000000 1.00000000
vt 0.00000000 0.00000000
vt 0.00000000 0.00000000
vt 1.00000000 0.00000000
vt 0.31225899 0.12521701
vt 0.14808400 0.04057699
vt 0.18622400 0.03835797
vt 0.31225899 0.03060400
vt 0.50191098 0.12268300
vt 0.77722001 0.93431699
vt 0.80635202 0.00000000
vt 0.67807001 0.00000000
vt 0.60264802 0.00000000
vt 0.38833600 0.02572995
vt 1.00000000 0.73550600
vt 0.49149299 0.99953097
vt 0.86093998 1.00000000
vt 0.83338898 0.65740502
vt 0.83338898 1.00000000
vt 0.86093998 0.65740502
vt 0.99853700 0.83239698
vt 0.81172401 1.00000000
vt 0.99821597 0.81027502
vt 0.99813199 0.80424303
vt 0.80583799 0.65740502
vt 0.80583799 1.00000000
vt 0.77828598 0.34268299
vt 0.80583799 0.34268299
vt 0.77828598 0.65740502
vt 0.75073802 0.34268299
vt 0.75073802 0.65740502
vt 0.77828598 1.00000000
vt 0.75073802 1.00000000
vt 0.99779803 0.77600998
vt 0.99754000 0.74783999
vt 0.75068498 1.00000000
vt 0.99754000 0.74778497
vt 0.72319001 0.65740502
vt 0.72319001 1.00000000
vt 0.74982703 0.74778497
vt 0.99737698 0.71972001
vt 0.69564098 1.00000000
vt 0.99730098 0.69179302
vt 0.69564098 0.65740502
vt 0.69025099 1.00000000
vt 0.99729002 0.68635601
vt 0.74982703 0.68635601
vt 0.69564098 0.34268299
vt 0.66809303 0.65740502
vt 0.72319001 0.34268299
vt 0.75073802 0.00000000
vt 0.72319001 0.00000000
vt 0.86464000 0.90035802
vt 0.79182798 0.94625401
vt 0.82945102 0.92611802
vt 0.69564098 0.00000000
vt 0.66809303 0.34268299
vt 0.66809303 0.00000000
vt 0.75266701 0.96150601
vt 0.64009202 0.34268299
vt 0.64009202 0.00000000
vt 0.64009202 0.65740502
vt 0.61209100 0.34268299
vt 0.61209100 0.65740502
vt 0.62892902 1.00000000
vt 0.64009202 1.00000000
vt 0.61209100 1.00000000
vt 0.99722898 0.62492698
vt 0.74982703 0.62492698
vt 0.99723399 0.63606101
vt 0.99718398 0.58037901
vt 0.99721700 0.60816199
vt 0.99715400 0.56324500
vt 0.58408999 1.00000000
vt 0.58408999 0.65740502
vt 0.56676298 1.00000000
vt 0.58408999 0.34268299
vt 0.58408999 0.00000000
vt 0.61209100 0.00000000
vt 0.62918198 0.98782098
vt 0.67070800 0.98158997
vt 0.55608898 0.00000000
vt 0.58750403 0.99236900
vt 0.52793300 0.00000000
vt 0.99725699 0.66407400
vt 0.66809303 1.00000000
vt 0.96311301 0.74462301
vt 0.92322499 0.83122098
vt 0.89618498 0.86862803
vt 0.77828598 0.00000000
vt 0.98696399 0.64905500
vt 0.97668898 0.69773602
vt 0.86093998 0.00000000
vt 0.88849097 0.34268299
vt 0.88849097 0.00000000
vt 0.86093998 0.34268299
vt 0.83338898 0.00000000
vt 0.94550800 0.78945702
vt 0.83338898 0.34268299
vt 0.80583799 0.00000000
vt 0.49989900 0.74778497
vt 0.68481499 0.00000000
vt 0.00182796 0.24265100
vt 0.00000000 0.00000000
vt 0.49807799 0.87247002
vt 0.67666101 0.97796899
vt 0.49374101 0.98580599
vt 0.49351400 0.00000000
vt 0.49770400 0.00000000
vt 0.67085600 0.00000000
vt 0.68774599 0.97753698
vt 0.68176502 0.00000000
vt 0.84003198 0.00000000
vt 0.84471500 0.97216499
vt 0.68774599 0.87236601
vt 0.23513199 0.97690499
vt 0.01715695 0.52719200
vt 0.14246300 0.92465502
vt 0.06252700 0.77721602
vt 0.01947498 0.31298700
vt 0.83333802 0.34265101
vt 0.83333802 0.65738797
vt 0.86092401 1.00000000
vt 0.83333802 0.00000000
vt 0.80575198 0.34265101
vt 0.80575198 0.00000000
vt 0.04825097 0.21837400
vt 0.80575198 0.65738797
vt 0.77816600 0.34265101
vt 0.77816600 0.00000000
vt 0.09478497 0.13476500
vt 0.12503991 0.10026400
vt 0.75066000 0.00000000
vt 0.72315502 0.00000000
vt 0.72315502 0.34265101
vt 0.75066000 0.34265101
vt 0.72315502 0.65738797
vt 0.75066000 0.65738797
vt 0.69564903 1.00000000
vt 0.73890799 1.00000000
vt 0.72315502 1.00000000
vt 0.99536699 0.73214298
vt 0.99553901 0.70449698
vt 0.74982601 0.74804401
vt 0.99529600 0.74804401
vt 0.99526000 0.75990802
vt 0.99522001 0.78764200
vt 0.77816600 1.00000000
vt 0.75066000 1.00000000
vt 0.80134499 1.00000000
vt 0.77816600 0.65738797
vt 0.99522501 0.81104100
vt 0.99523002 0.81549197
vt 0.80575198 1.00000000
vt 0.99527699 0.84324098
vt 0.83333802 1.00000000
vt 0.99534798 0.87079501
vt 0.37742800 0.89343500
vt 0.48109299 0.89799303
vt 0.49989700 0.89881003
vt 0.27382100 0.88849300
vt 0.24992900 1.00000000
vt 0.00000000 0.82917100
vt 0.00000000 1.00000000
vt 0.24992900 0.73517698
vt 0.49985799 0.73517698
vt 0.49985799 1.00000000
vt 0.55734301 1.00000000
vt 0.24999490 0.88730103
vt 0.74992901 0.73517698
vt 0.74992901 1.00000000
vt 1.00000000 0.82901102
vt 1.00000000 0.73517698
vt 1.00000000 0.65802199
vt 0.00000000 0.73517698
vt 0.15240601 0.65802300
vt 0.00000000 0.65802300
vt 0.00000000 0.49985299
vt 1.00000000 0.49998099
vt 0.00000000 0.82901102
vt 1.00000000 1.00000000
vt 0.00000000 1.00000000
vt 0.00000000 0.73517698
vt 1.00000000 0.82917100
vt 1.00000000 0.73517698
vt 0.93614501 1.00000000
vt 1.00000000 1.00000000
vt 0.00000000 0.00000000
vt 0.15389900 0.99873501
vt 0.52173603 0.99067402
vt 0.38571301 0.00000000
vt 0.52760202 0.00000000
vt 0.67001897 0.98230600
vt 0.58139300 0.00000000
vt 0.09898900 1.00000000
vt 0.00933099 0.55306298
vt 0.00498098 0.61527300
vt 0.00700498 0.58401901
vt 0.39840701 1.00000000
vt 0.39840701 0.66006601
vt 0.34830001 1.00000000
vt 0.34830001 0.66006601
vt 0.29819301 1.00000000
vt 0.34830001 0.34034401
vt 0.29819301 0.00000000
vt 0.34830001 0.00000000
vt 0.39840701 0.34034401
vt 0.39840701 0.00000000
vt 0.44880599 0.34034401
vt 0.44880599 0.66006601
vt 0.44880599 1.00000000
vt 0.48747000 1.00000000
vt 0.49920499 0.66006601
vt 0.54960501 0.34034401
vt 0.54960501 0.66006601
vt 0.54960501 1.00000000
vt 0.49920499 1.00000000
vt 0.49920499 0.34034401
vt 0.49920499 0.00000000
vt 0.54960501 0.00000000
vt 0.44880599 0.00000000
vt 0.55741602 0.00806195
vt 0.61234599 0.02608299
vt 0.01823598 0.46124801
vt 0.01496100 0.49154100
vt 0.01424098 0.49864301
vt 0.01198697 0.52216798
vt 0.66664302 0.06085300
vt 1.00000000 0.00000000
vt 0.70031297 1.00000000
vt 0.52833700 1.00000000
vt 0.55003798 1.00000000
vt 0.55647802 1.00000000
vt 0.99639797 0.59423101
vt 0.99657798 0.56685901
vt 0.58439499 1.00000000
vt 0.61231101 1.00000000
vt 0.99619901 0.62169403
vt 0.61308700 1.00000000
vt 0.50349498 0.99799401
vt 0.49977699 0.00000000
vt 0.08352196 0.00000000
vt 0.02961796 0.71205300
vt 0.01773595 0.66396999
vt 0.11136300 0.00000000
vt 0.04473495 0.75840002
vt 0.24999490 0.12599500
vt 0.37717301 0.10689500
vt 0.00182295 0.19220600
vt 0.03406798 0.12599500
vt 0.16971500 0.11717900
vt 0.00646299 0.15028401
vt 0.24999490 0.11301500
vt 0.27346200 0.11184100
vt 0.44358599 1.00000000
vt 0.25007200 1.00000000
vt 0.50014400 1.00000000
vt 0.75007200 1.00000000
vt 1.00000000 0.65972400
vt 0.95052302 1.00000000
vt 1.00000000 1.00000000
vt 0.16034900 1.00000000
vt 0.00000000 0.65972400
vt 0.00000000 1.00000000
vt 0.00067900 0.22468100
vt 0.00255996 0.17800499
vt 0.16034900 0.65802598
vt 0.00382697 0.16394900
vt 0.31902701 1.00000000
vt 0.00000000 0.65802598
vt 0.00000000 0.34182799
vt 0.16034900 0.34182799
vt 0.31902701 0.65802598
vt 0.16034900 0.00000000
vt 0.00000000 0.33984199
vt 0.00000000 0.00000000
vt 0.10105800 0.96041101
vt 0.47341099 1.00000000
vt 0.47341099 0.65802598
vt 0.61457402 0.49992701
vt 0.61457402 0.65802598
vt 0.61457402 0.82901299
vt 0.73070598 0.49992701
vt 0.73070598 0.65802598
vt 0.73070598 0.82901299
vt 0.84819800 0.82901299
vt 0.84819800 0.65802598
vt 0.73070598 1.00000000
vt 0.80611300 1.00000000
vt 0.01222395 0.13800789
vt 0.02300900 0.12938599
vt 0.61457402 1.00000000
vt 1.00000000 0.82901299
vt 1.00000000 0.65802598
vt 1.00000000 0.73486298
vt 0.00000000 0.73486400
vt 0.00000000 0.82901102
vt 0.84819800 1.00000000
vt 1.00000000 1.00000000
vt 0.00000000 1.00000000
vt 0.06595295 0.12289700
vt 0.04085797 0.12491700
vt 1.00000000 0.65802598
vt 0.00017500 0.25201601
vt 1.00000000 0.82922202
vt 1.00000000 1.00000000
vt 0.48094299 0.10233200
vt 0.00000100 1.00000000
vt 1.00000000 0.65844500
vt 1.00000000 0.49998301
vt 0.00000000 0.50015998
vt 1.00000000 0.73486400
vt 0.00000000 0.34187499
vt 1.00000000 0.34187499
vt 1.00000000 0.26511201
vt 0.00000000 0.26510999
vt 1.00000000 0.17093700
vt 0.75007200 0.00000000
vt 0.99999899 0.00000000
vt 0.50426900 0.99443799
vt 0.55928600 0.99391198
vt 0.66862297 0.94829202
vt 0.61422199 0.97869301
vt 0.55140799 0.00000000
vt 0.55140799 0.33996299
vt 0.60181099 0.00000000
vt 0.50100398 0.33996299
vt 0.50100398 0.00000000
vt 0.45060000 0.33996299
vt 0.50100398 0.65972400
vt 0.45060000 0.65972400
vt 0.40019599 0.65972400
vt 0.40019599 1.00000000
vt 0.45060000 1.00000000
vt 0.01798099 0.53978002
vt 0.01455199 0.50940102
vt 0.50100398 1.00000000
vt 0.51393998 1.00000000
vt 0.01373797 0.50156403
vt 0.55140799 0.65972400
vt 0.60181099 0.33996299
vt 0.40019599 0.33996299
vt 0.34993100 1.00000000
vt 0.34993100 0.33996299
vt 0.34993100 0.65972400
vt 0.40019599 0.00000000
vt 0.34993100 0.00000000
vt 0.39443201 0.95297903
vt 0.34007600 0.91099000
vt 0.29966599 0.00000000
vt 0.44926700 0.98078400
vt 0.45060000 0.00000000
vt 0.30822900 1.00000000
vt 0.29966599 0.65972400
vt 0.29966599 0.33996299
vt 0.29966599 1.00000000
vt 0.65188098 0.00000000
vt 0.70195198 0.00000000
vt 0.00013000 0.25714299
vt 0.00022900 0.28939700
vt 0.44346601 1.00000000
vt 0.47162101 1.00000000
vt 0.99678701 0.47015601
vt 0.99662101 0.44312200
vt 0.99692798 0.49711099
f 2439/2439 2440/2440 2441/2441
f 2442/2442 2439/2439 2441/2441
f 2443/2443 2441/2441 2444/2444
f 2444/2444 2441/2441 2445/2445
f 2445/2445 2441/2441 2446/2446
f 2441/2441 2440/2440 2446/2446
f 2442/2442 2441/2441 2443/2443
f 2439/2439 2442/2442 2447/2447
f 2448/2448 2449/2449 2450/2450
f 2451/2451 2448/2448 2450/2450
f 2449/2449 2448/2448 2452/2452
f 2453/2453 2448/2448 2451/2451
f 2452/2452 2448/2448 2454/2454
f 2448/2448 2455/2455 2454/2454
f 2456/2456 2448/2448 2453/2453
f 2455/2455 2448/2448 2456/2456
f 2457/2457 2458/2458 2459/2459
f 2458/2458 2457/2457 2460/2460
f 2459/2459 2461/2461 2457/2457
f 2462/2462 2459/2459 2463/2463
f 2459/2459 2464/2464 2463/2463
f 2458/2458 2465/2465 2459/2459
f 2459/2459 2465/2465 2464/2464
f 2461/2461 2459/2459 2462/2462
f 2466/2466 2454/2454 2455/2455
f 2462/2462 2467/2467 2468/2468
f 2469/2469 2454/2454 2466/2466
f 2462/2462 2463/2463 2467/2467
f 2470/2470 2471/2471 2472/2472
f 2470/2470 2472/2472 2473/2473
f 2467/2467 2464/2464 2474/2474
f 2467/2467 2463/2463 2464/2464
f 2474/2474 2464/2464 2475/2475
f 2470/2470 2476/2476 2471/2471
f 2477/2477 2476/2476 2470/2470
f 2477/2477 2470/2470 2478/2478
f 2478/2478 2470/2470 2479/2479
f 2475/2475 2480/2480 2481/2481
f 2475/2475 2464/2464 2480/2480
f 2481/2481 2482/2482 2483/2483
f 2484/2484 2485/2485 2486/2486
f 2486/2486 2485/2485 2487/2487
f 2488/2488 2485/2485 2484/2484
f 2488/2488 2489/2489 2485/2485
f 2487/2487 2485/2485 2490/2490
f 2489/2489 2491/2491 2485/2485
f 2485/2485 2491/2491 2490/2490
f 2492/2492 2490/2490 2491/2491
f 2492/2492 2493/2493 2490/2490
f 2487/2487 2490/2490 2493/2493
f 2494/2494 2495/2495 2496/2496
f 2496/2496 2495/2495 2497/2497
f 2493/2493 2492/2492 2498/2498
f 2495/2495 2494/2494 2477/2477
f 2477/2477 2494/2494 2476/2476
f 2499/2499 2454/2454 2500/2500
f 2494/2494 2496/2496 2501/2501
f 2499/2499 2502/2502 2454/2454
f 2499/2499 2503/2503 2502/2502
f 2504/2504 2503/2503 2499/2499
f 2501/2501 2496/2496 2505/2505
f 2506/2506 2503/2503 2504/2504
f 2506/2506 2504/2504 2507/2507
f 2508/2508 2509/2509 2510/2510
f 2508/2508 2510/2510 2511/2511
f 2512/2512 2513/2513 2514/2514
f 2513/2513 2512/2512 2515/2515
f 2516/2516 2517/2517 2511/2511
f 2508/2508 2511/2511 2517/2517
f 2516/2516 2518/2518 2517/2517
f 2519/2519 2518/2518 2516/2516
f 2512/2512 2520/2520 2515/2515
f 2520/2520 2512/2512 2521/2521
f 2520/2520 2521/2521 2522/2522
f 2518/2518 2519/2519 2523/2523
f 2522/2522 2524/2524 2520/2520
f 2524/2524 2522/2522 2525/2525
f 2526/2526 2527/2527 2522/2522
f 2522/2522 2527/2527 2525/2525
f 2522/2522 2528/2528 2526/2526
f 2522/2522 2521/2521 2528/2528
f 2526/2526 2528/2528 2529/2529
f 2530/2530 2531/2531 2532/2532
f 2532/2532 2533/2533 2534/2534
f 2532/2532 2531/2531 2533/2533
f 2530/2530 2497/2497 2531/2531
f 2535/2535 2536/2536 2537/2537
f 2498/2498 2492/2492 2535/2535
f 2535/2535 2492/2492 2536/2536
f 2536/2536 2538/2538 2539/2539
f 2538/2538 2536/2536 2492/2492
f 2536/2536 2539/2539 2540/2540
f 2541/2541 2536/2536 2540/2540
f 2541/2541 2542/2542 2536/2536
f 2537/2537 2536/2536 2542/2542
f 2542/2542 2541/2541 2543/2543
f 2544/2544 2542/2542 2543/2543
f 2544/2544 2545/2545 2542/2542
f 2546/2546 2542/2542 2545/2545
f 2537/2537 2542/2542 2546/2546
f 2547/2547 2548/2548 2549/2549
f 2547/2547 2550/2550 2548/2548
f 2550/2550 2547/2547 2551/2551
f 2552/2552 2548/2548 2550/2550
f 2553/2553 2554/2554 2550/2550
f 2553/2553 2550/2550 2551/2551
f 2555/2555 2552/2552 2550/2550
f 2555/2555 2550/2550 2554/2554
f 2554/2554 2553/2553 2556/2556
f 2556/2556 2557/2557 2554/2554
f 2558/2558 2554/2554 2557/2557
f 2554/2554 2558/2558 2555/2555
f 2559/2559 2560/2560 2561/2561
f 2559/2559 2562/2562 2560/2560
f 2563/2563 2562/2562 2559/2559
f 2564/2564 2565/2565 2566/2566
f 2558/2558 2557/2557 2567/2567
f 2568/2568 2569/2569 2565/2565
f 2570/2570 2563/2563 2571/2571
f 2562/2562 2563/2563 2570/2570
f 2568/2568 2565/2565 2564/2564
f 2572/2572 2573/2573 2574/2574
f 2572/2572 2557/2557 2573/2573
f 2567/2567 2557/2557 2572/2572
f 2575/2575 2569/2569 2568/2568
f 2574/2574 2573/2573 2576/2576
f 2574/2574 2576/2576 2577/2577
f 2578/2578 2569/2569 2575/2575
f 2577/2577 2576/2576 2579/2579
f 2579/2579 2580/2580 2577/2577
f 2578/2578 2581/2581 2582/2582
f 2583/2583 2581/2581 2578/2578
f 2578/2578 2582/2582 2569/2569
f 2584/2584 2585/2585 2586/2586
f 2587/2587 2585/2585 2584/2584
f 2587/2587 2571/2571 2585/2585
f 2570/2570 2571/2571 2587/2587
f 2588/2588 2589/2589 2590/2590
f 2588/2588 2591/2591 2589/2589
f 2588/2588 2592/2592 2591/2591
f 2593/2593 2592/2592 2588/2588
f 2594/2594 2595/2595 2596/2596
f 2597/2597 2595/2595 2594/2594
f 2594/2594 2596/2596 2598/2598
f 2599/2599 2600/2600 2592/2592
f 2599/2599 2592/2592 2593/2593
f 2601/2601 2599/2599 2602/2602
f 2599/2599 2601/2601 2603/2603
f 2604/2604 2599/2599 2605/2605
f 2602/2602 2599/2599 2604/2604
f 2599/2599 2603/2603 2606/2606
f 2599/2599 2606/2606 2607/2607
f 2599/2599 2607/2607 2608/2608
f 2599/2599 2608/2608 2609/2609
f 2610/2610 2586/2586 2611/2611
f 2584/2584 2586/2586 2610/2610
f 2610/2610 2611/2611 2612/2612
f 2599/2599 2609/2609 2600/2600
f 2605/2605 2599/2599 2613/2613
f 2614/2614 2615/2615 2616/2616
f 2616/2616 2615/2615 2617/2617
f 2618/2618 2615/2615 2619/2619
f 2620/2620 2615/2615 2618/2618
f 2617/2617 2615/2615 2620/2620
f 2615/2615 2621/2621 2619/2619
f 2621/2621 2615/2615 2622/2622
f 2614/2614 2622/2622 2615/2615
f 2623/2623 2624/2624 2622/2622
f 2622/2622 2614/2614 2623/2623
f 2624/2624 2625/2625 2622/2622
f 2621/2621 2622/2622 2626/2626
f 2626/2626 2622/2622 2627/2627
f 2622/2622 2625/2625 2627/2627
f 2628/2628 2629/2629 2630/2630
f 2628/2628 2630/2630 2631/2631
f 2628/2628 2632/2632 2629/2629
f 2633/2633 2632/2632 2628/2628
f 2634/2634 2635/2635 2632/2632
f 2634/2634 2632/2632 2633/2633
f 2636/2636 2629/2629 2632/2632
f 2636/2636 2632/2632 2635/2635
f 2637/2637 2638/2638 2639/2639
f 2637/2637 2640/2640 2638/2638
f 2641/2641 2642/2642 2637/2637
f 2636/2636 2635/2635 2643/2643
f 2637/2637 2644/2644 2640/2640
f 2645/2645 2636/2636 2646/2646
f 2629/2629 2636/2636 2645/2645
f 2637/2637 2647/2647 2644/2644
f 2637/2637 2642/2642 2647/2647
f 2648/2648 2649/2649 2650/2650
f 2648/2648 2651/2651 2649/2649
f 2652/2652 2651/2651 2648/2648
f 2641/2641 2653/2653 2642/2642
f 2641/2641 2654/2654 2653/2653
f 2655/2655 2651/2651 2652/2652
f 2656/2656 2657/2657 2655/2655
f 2655/2655 2657/2657 2651/2651
f 2641/2641 2658/2658 2654/2654
f 2641/2641 2659/2659 2658/2658
f 2660/2660 2661/2661 2656/2656
f 2656/2656 2661/2661 2657/2657
f 2660/2660 2662/2662 2661/2661
f 2662/2662 2663/2663 2661/2661
f 2663/2663 2664/2664 2661/2661
f 2661/2661 2664/2664 2657/2657
f 2665/2665 2666/2666 2662/2662
f 2666/2666 2663/2663 2662/2662
f 2667/2667 2662/2662 2660/2660
f 2667/2667 2665/2665 2662/2662
f 2668/2668 2669/2669 2665/2665
f 2670/2670 2668/2668 2665/2665
f 2669/2669 2666/2666 2665/2665
f 2670/2670 2665/2665 2667/2667
f 2671/2671 2672/2672 2673/2673
f 2674/2674 2668/2668 2670/2670
f 2671/2671 2675/2675 2672/2672
f 2676/2676 2671/2671 2677/2677
f 2678/2678 2671/2671 2676/2676
f 2679/2679 2680/2680 2681/2681
f 2643/2643 2682/2682 2679/2679
f 2671/2671 2659/2659 2641/2641
f 2679/2679 2682/2682 2680/2680
f 2671/2671 2673/2673 2659/2659
f 2671/2671 2683/2683 2675/2675
f 2671/2671 2678/2678 2683/2683
f 2684/2684 2685/2685 2686/2686
f 2678/2678 2676/2676 2687/2687
f 2688/2688 2689/2689 2684/2684
f 2684/2684 2690/2690 2685/2685
f 2684/2684 2689/2689 2690/2690
f 2689/2689 2691/2691 2692/2692
f 2689/2689 2692/2692 2693/2693
f 2691/2691 2689/2689 2688/2688
f 2693/2693 2694/2694 2689/2689
f 2694/2694 2695/2695 2689/2689
f 2689/2689 2695/2695 2690/2690
f 2696/2696 2695/2695 2694/2694
f 2697/2697 2695/2695 2696/2696
f 2697/2697 2698/2698 2695/2695
f 2695/2695 2698/2698 2690/2690
f 2699/2699 2698/2698 2697/2697
f 2699/2699 2700/2700 2698/2698
f 2698/2698 2700/2700 2685/2685
f 2690/2690 2698/2698 2685/2685
f 2700/2700 2699/2699 2701/2701
f 2702/2702 2700/2700 2701/2701
f 2702/2702 2703/2703 2700/2700
f 2700/2700 2703/2703 2704/2704
f 2685/2685 2700/2700 2704/2704
f 2704/2704 2703/2703 2668/2668
f 2674/2674 2704/2704 2668/2668
f 2686/2686 2685/2685 2704/2704
f 2686/2686 2704/2704 2674/2674
f 2705/2705 2703/2703 2702/2702
f 2705/2705 2669/2669 2703/2703
f 2703/2703 2669/2669 2668/2668
f 2706/2706 2707/2707 2708/2708
f 2707/2707 2706/2706 2709/2709
f 2708/2708 2707/2707 2710/2710
f 2711/2711 2666/2666 2705/2705
f 2705/2705 2666/2666 2669/2669
f 2709/2709 2706/2706 2712/2712
f 2713/2713 2666/2666 2711/2711
f 2712/2712 2706/2706 2714/2714
f 2714/2714 2715/2715 2712/2712
f 2713/2713 2663/2663 2666/2666
f 2663/2663 2713/2713 2716/2716
f 2714/2714 2717/2717 2715/2715
f 2718/2718 2664/2664 2716/2716
f 2716/2716 2664/2664 2663/2663
f 2719/2719 2717/2717 2714/2714
f 2719/2719 2720/2720 2717/2717
f 2721/2721 2664/2664 2718/2718
f 2720/2720 2722/2722 2723/2723
f 2724/2724 2725/2725 2721/2721
f 2721/2721 2725/2725 2664/2664
f 2726/2726 2720/2720 2727/2727
f 2722/2722 2720/2720 2726/2726
f 2727/2727 2720/2720 2719/2719
f 2728/2728 2729/2729 2730/2730
f 2731/2731 2732/2732 2722/2722
f 2723/2723 2722/2722 2732/2732
f 2729/2729 2733/2733 2734/2734
f 2729/2729 2728/2728 2733/2733
f 2735/2735 2728/2728 2736/2736
f 2737/2737 2728/2728 2735/2735
f 2738/2738 2736/2736 2728/2728
f 2737/2737 2733/2733 2728/2728
f 2738/2738 2728/2728 2730/2730
f 2739/2739 2737/2737 2735/2735
f 2739/2739 2740/2740 2737/2737
f 2737/2737 2741/2741 2733/2733
f 2740/2740 2741/2741 2737/2737
f 2742/2742 2740/2740 2739/2739
f 2742/2742 2743/2743 2740/2740
f 2743/2743 2744/2744 2740/2740
f 2740/2740 2744/2744 2741/2741
f 2745/2745 2744/2744 2746/2746
f 2746/2746 2744/2744 2747/2747
f 2743/2743 2747/2747 2744/2744
f 2748/2748 2744/2744 2745/2745
f 2748/2748 2741/2741 2744/2744
f 2749/2749 2750/2750 2751/2751
f 2752/2752 2751/2751 2750/2750
f 2741/2741 2748/2748 2753/2753
f 2752/2752 2754/2754 2751/2751
f 2755/2755 2754/2754 2752/2752
f 2756/2756 2757/2757 2758/2758
f 2759/2759 2757/2757 2756/2756
f 2758/2758 2757/2757 2760/2760
f 2760/2760 2757/2757 2761/2761
f 2759/2759 2762/2762 2757/2757
f 2757/2757 2762/2762 2763/2763
f 2757/2757 2763/2763 2761/2761
f 2764/2764 2763/2763 2765/2765
f 2766/2766 2763/2763 2764/2764
f 2766/2766 2761/2761 2763/2763
f 2762/2762 2767/2767 2763/2763
f 2765/2765 2763/2763 2767/2767
f 2639/2639 2768/2768 2769/2769
f 2765/2765 2767/2767 2770/2770
f 2639/2639 2771/2771 2768/2768
f 2639/2639 2769/2769 2772/2772
f 2770/2770 2773/2773 2774/2774
f 2770/2770 2767/2767 2773/2773
f 2775/2775 2776/2776 2773/2773
f 2774/2774 2773/2773 2776/2776
f 2777/2777 2773/2773 2767/2767
f 2777/2777 2775/2775 2773/2773
f 2778/2778 2775/2775 2779/2779
f 2779/2779 2775/2775 2777/2777
f 2778/2778 2780/2780 2775/2775
f 2775/2775 2780/2780 2776/2776
f 2781/2781 2780/2780 2778/2778
f 2782/2782 2780/2780 2781/2781
f 2783/2783 2776/2776 2780/2780
f 2783/2783 2780/2780 2782/2782
f 2784/2784 2776/2776 2783/2783
f 2785/2785 2786/2786 2787/2787
f 2787/2787 2786/2786 2788/2788
f 2787/2787 2788/2788 2789/2789
f 2790/2790 2791/2791 2792/2792
f 2790/2790 2772/2772 2791/2791
f 2774/2774 2776/2776 2784/2784
f 2793/2793 2772/2772 2790/2790
f 2794/2794 2795/2795 2796/2796
f 2790/2790 2792/2792 2797/2797
f 2798/2798 2799/2799 2800/2800
f 2798/2798 2801/2801 2799/2799
f 2802/2802 2795/2795 2794/2794
f 2803/2803 2804/2804 2796/2796
f 2802/2802 2805/2805 2795/2795
f 2806/2806 2807/2807 2803/2803
f 2803/2803 2807/2807 2804/2804
f 2808/2808 2646/2646 2809/2809
f 2808/2808 2645/2645 2646/2646
f 2810/2810 2808/2808 2811/2811
f 2810/2810 2645/2645 2808/2808
f 2804/2804 2807/2807 2812/2812
f 2807/2807 2813/2813 2812/2812
f 2814/2814 2629/2629 2810/2810
f 2645/2645 2810/2810 2629/2629
f 2814/2814 2810/2810 2815/2815
f 2813/2813 2807/2807 2816/2816
f 2813/2813 2816/2816 2817/2817
f 2816/2816 2818/2818 2817/2817
f 2819/2819 2818/2818 2816/2816
f 2819/2819 2816/2816 2820/2820
f 2816/2816 2821/2821 2820/2820
f 2821/2821 2816/2816 2807/2807
f 2822/2822 2823/2823 2824/2824
f 2823/2823 2822/2822 2825/2825
f 2826/2826 2825/2825 2822/2822
f 2821/2821 2807/2807 2827/2827
f 2825/2825 2826/2826 2828/2828
f 2828/2828 2826/2826 2829/2829
f 2830/2830 2826/2826 2831/2831
f 2829/2829 2826/2826 2830/2830
f 2827/2827 2832/2832 2833/2833
f 2827/2827 2807/2807 2832/2832
f 2807/2807 2834/2834 2832/2832
f 2833/2833 2832/2832 2834/2834
f 2835/2835 2836/2836 2837/2837
f 2835/2835 2838/2838 2836/2836
f 2838/2838 2835/2835 2839/2839
f 2833/2833 2834/2834 2840/2840
f 2840/2840 2834/2834 2841/2841
f 2834/2834 2807/2807 2842/2842
f 2843/2843 2844/2844 2845/2845
f 2843/2843 2846/2846 2844/2844
f 2846/2846 2843/2843 2847/2847
f 2837/2837 2836/2836 2848/2848
f 2849/2849 2850/2850 2851/2851
f 2850/2850 2849/2849 2852/2852
f 2853/2853 2854/2854 2855/2855
f 2853/2853 2855/2855 2856/2856
f 2854/2854 2853/2853 2857/2857
f 2850/2850 2858/2858 2859/2859
f 2850/2850 2852/2852 2858/2858
f 2858/2858 2860/2860 2859/2859
f 2860/2860 2858/2858 2861/2861
f 2861/2861 2858/2858 2786/2786
f 2786/2786 2858/2858 2798/2798
f 2858/2858 2862/2862 2798/2798
f 2863/2863 2858/2858 2852/2852
f 2858/2858 2863/2863 2862/2862
f 2839/2839 2864/2864 2838/2838
f 2805/2805 2864/2864 2839/2839
f 2805/2805 2802/2802 2864/2864
f 2801/2801 2798/2798 2862/2862
f 2860/2860 2861/2861 2865/2865
f 2865/2865 2861/2861 2866/2866
f 2866/2866 2861/2861 2785/2785
f 2785/2785 2861/2861 2786/2786
f 2782/2782 2781/2781 2867/2867
f 2868/2868 2869/2869 2870/2870
f 2871/2871 2872/2872 2873/2873
f 2874/2874 2872/2872 2871/2871
f 2869/2869 2875/2875 2876/2876
f 2877/2877 2875/2875 2869/2869
f 2878/2878 2747/2747 2879/2879
f 2746/2746 2747/2747 2878/2878
f 2868/2868 2880/2880 2869/2869
f 2881/2881 2875/2875 2877/2877
f 2879/2879 2882/2882 2883/2883
f 2879/2879 2747/2747 2882/2882
f 2884/2884 2882/2882 2885/2885
f 2885/2885 2882/2882 2743/2743
f 2883/2883 2882/2882 2884/2884
f 2882/2882 2747/2747 2743/2743
f 2886/2886 2887/2887 2888/2888
f 2886/2886 2889/2889 2887/2887
f 2888/2888 2887/2887 2890/2890
f 2883/2883 2884/2884 2891/2891
f 2886/2886 2892/2892 2889/2889
f 2893/2893 2881/2881 2894/2894
f 2886/2886 2895/2895 2892/2892
f 2893/2893 2896/2896 2897/2897
f 2893/2893 2897/2897 2881/2881
f 2892/2892 2895/2895 2898/2898
f 2899/2899 2896/2896 2893/2893
f 2900/2900 2901/2901 2896/2896
f 2901/2901 2897/2897 2896/2896
f 2900/2900 2896/2896 2899/2899
f 2902/2902 2903/2903 2904/2904
f 2900/2900 2899/2899 2905/2905
f 2902/2902 2906/2906 2903/2903
f 2907/2907 2901/2901 2900/2900
f 2906/2906 2908/2908 2909/2909
f 2908/2908 2906/2906 2902/2902
f 2910/2910 2901/2901 2907/2907
f 2910/2910 2907/2907 2911/2911
f 2909/2909 2908/2908 2912/2912
f 2855/2855 2854/2854 2913/2913
f 2914/2914 2915/2915 2916/2916
f 2844/2844 2917/2917 2918/2918
f 2919/2919 2920/2920 2921/2921
f 2921/2921 2920/2920 2922/2922
f 2923/2923 2924/2924 2925/2925
f 2926/2926 2924/2924 2923/2923
f 2923/2923 2925/2925 2927/2927
f 2920/2920 2919/2919 2928/2928
f 2919/2919 2929/2929 2928/2928
f 2930/2930 2926/2926 2931/2931
f 2926/2926 2930/2930 2924/2924
f 2932/2932 2930/2930 2933/2933
f 2932/2932 2934/2934 2930/2930
f 2935/2935 2924/2924 2930/2930
f 2935/2935 2930/2930 2934/2934
f 2936/2936 2933/2933 2930/2930
f 2936/2936 2930/2930 2931/2931
f 2929/2929 2937/2937 2938/2938
f 2937/2937 2939/2939 2938/2938
f 2933/2933 2936/2936 2940/2940
f 2939/2939 2937/2937 2941/2941
f 2939/2939 2941/2941 2942/2942
f 2943/2943 2940/2940 2944/2944
f 2943/2943 2933/2933 2940/2940
f 2945/2945 2946/2946 2947/2947
f 2932/2932 2933/2933 2943/2943
f 2946/2946 2945/2945 2948/2948
f 2949/2949 2950/2950 2946/2946
f 2949/2949 2946/2946 2951/2951
f 2946/2946 2948/2948 2952/2952
f 2950/2950 2947/2947 2946/2946
f 2951/2951 2946/2946 2952/2952
f 2953/2953 2954/2954 2955/2955
f 2954/2954 2953/2953 2956/2956
f 2957/2957 2954/2954 2958/2958
f 2957/2957 2955/2955 2954/2954
f 2951/2951 2952/2952 2959/2959
f 2960/2960 2953/2953 2955/2955
f 2957/2957 2960/2960 2955/2955
f 2961/2961 2962/2962 2960/2960
f 2963/2963 2961/2961 2960/2960
f 2962/2962 2953/2953 2960/2960
f 2964/2964 2960/2960 2957/2957
f 2963/2963 2960/2960 2964/2964
f 2965/2965 2966/2966 2967/2967
f 2968/2968 2966/2966 2965/2965
f 2895/2895 2966/2966 2968/2968
f 2966/2966 2969/2969 2970/2970
f 2966/2966 2971/2971 2969/2969
f 2972/2972 2961/2961 2963/2963
f 2895/2895 2971/2971 2966/2966
f 2973/2973 2974/2974 2975/2975
f 2973/2973 2976/2976 2974/2974
f 2977/2977 2976/2976 2973/2973
f 2895/2895 2886/2886 2971/2971
f 2976/2976 2978/2978 2979/2979
f 2974/2974 2976/2976 2979/2979
f 2977/2977 2978/2978 2976/2976
f 2980/2980 2978/2978 2977/2977
f 2981/2981 2978/2978 2980/2980
f 2982/2982 2979/2979 2978/2978
f 2981/2981 2983/2983 2978/2978
f 2984/2984 2978/2978 2983/2983
f 2982/2982 2978/2978 2985/2985
f 2978/2978 2984/2984 2985/2985
f 2986/2986 2987/2987 2988/2988
f 2986/2986 2989/2989 2987/2987
f 2989/2989 2986/2986 2990/2990
f 2991/2991 2989/2989 2992/2992
f 2993/2993 2992/2992 2989/2989
f 2994/2994 2987/2987 2989/2989
f 2989/2989 2991/2991 2995/2995
f 2994/2994 2989/2989 2995/2995
f 2993/2993 2989/2989 2990/2990
f 2996/2996 2992/2992 2993/2993
f 2997/2997 2983/2983 2998/2998
f 2984/2984 2983/2983 2997/2997
f 2983/2983 2999/2999 2998/2998
f 2996/2996 3000/3000 2992/2992
f 3000/3000 2996/2996 3001/3001
f 3002/3002 3000/3000 3001/3001
f 2999/2999 2983/2983 3003/3003
f 2999/2999 3003/3003 3004/3004
f 3003/3003 3005/3005 3004/3004
f 3006/3006 3002/3002 3007/3007
f 3002/3002 3006/3006 3000/3000
f 3008/3008 3006/3006 3007/3007
f 3005/3005 3009/3009 3010/3010
f 3005/3005 3003/3003 3009/3009
f 3009/3009 3011/3011 3010/3010
f 3008/3008 3012/3012 3006/3006
f 3012/3012 3008/3008 3013/3013
f 3014/3014 3012/3012 3015/3015
f 3016/3016 3012/3012 3014/3014
f 3017/3017 3012/3012 3016/3016
f 3017/3017 3006/3006 3012/3012
f 3018/3018 3015/3015 3012/3012
f 3018/3018 3012/3012 3013/3013
f 3011/3011 3019/3019 3020/3020
f 3019/3019 3021/3021 3020/3020
f 3015/3015 3018/3018 3022/3022
f 3021/3021 3023/3023 3024/3024
f 3021/3021 3019/3019 3023/3023
f 3025/3025 3015/3015 3022/3022
f 3026/3026 3027/3027 3025/3025
f 3024/3024 3028/3028 3029/3029
f 3024/3024 3023/3023 3028/3028
f 3025/3025 3027/3027 3015/3015
f 3030/3030 3015/3015 3027/3027
f 3030/3030 3027/3027 3031/3031
f 3032/3032 3031/3031 3027/3027
f 3032/3032 3027/3027 3026/3026
f 3028/3028 3033/3033 3029/3029
f 3033/3033 3028/3028 3034/3034
f 3033/3033 3034/3034 3035/3035
f 3036/3036 3032/3032 3037/3037
f 3038/3038 3032/3032 3036/3036
f 3031/3031 3032/3032 3038/3038
f 3039/3039 3036/3036 3037/3037
f 3035/3035 3034/3034 3040/3040
f 3041/3041 3042/3042 3043/3043
f 3044/3044 3039/3039 3045/3045
f 3036/3036 3039/3039 3046/3046
f 3046/3046 3039/3039 3044/3044
f 3045/3045 3047/3047 3044/3044
f 3048/3048 3049/3049 3050/3050
f 3049/3049 3048/3048 3051/3051
f 3048/3048 3050/3050 3052/3052
f 3053/3053 3054/3054 3055/3055
f 3051/3051 3048/3048 3056/3056
f 3057/3057 3058/3058 3059/3059
f 3060/3060 3061/3061 3053/3053
f 3053/3053 3061/3061 3062/3062
f 3053/3053 3062/3062 3054/3054
f 3058/3058 3057/3057 3063/3063
f 3063/3063 3057/3057 3064/3064
f 3064/3064 3065/3065 3063/3063
f 3066/3066 3060/3060 3067/3067
f 3060/3060 3066/3066 3061/3061
f 3068/3068 3069/3069 3066/3066
f 3068/3068 3066/3066 3067/3067
f 3066/3066 3070/3070 3061/3061
f 3066/3066 3071/3071 3070/3070
f 3071/3071 3066/3066 3072/3072
f 3069/3069 3072/3072 3066/3066
f 3073/3073 3069/3069 3074/3074
f 3074/3074 3069/3069 3075/3075
f 3069/3069 3068/3068 3075/3075
f 3076/3076 3069/3069 3073/3073
f 3076/3076 3072/3072 3069/3069
f 3077/3077 3078/3078 3079/3079
f 3077/3077 3079/3079 3080/3080
f 3080/3080 3079/3079 3081/3081
f 2546/2546 2545/2545 3076/3076
f 3076/3076 2545/2545 3072/3072
f 3082/3082 3083/3083 3084/3084
f 3085/3085 3084/3084 3086/3086
f 3080/3080 3081/3081 3087/3087
f 3082/3082 3084/3084 3085/3085
f 3088/3088 3082/3082 3085/3085
f 3089/3089 3088/3088 3085/3085
f 3085/3085 3086/3086 3090/3090
f 3089/3089 3085/3085 3090/3090
f 3091/3091 3089/3089 3090/3090
f 3092/3092 3090/3090 3086/3086
f 3090/3090 3092/3092 3093/3093
f 3091/3091 3090/3090 3093/3093
f 3094/3094 3091/3091 3093/3093
f 3095/3095 3093/3093 3096/3096
f 3093/3093 3095/3095 3097/3097
f 3094/3094 3093/3093 3097/3097
f 3093/3093 3092/3092 3098/3098
f 3096/3096 3093/3093 3098/3098
f 3099/3099 3100/3100 3101/3101
f 3101/3101 3100/3100 3102/3102
f 3103/3103 3100/3100 3099/3099
f 3102/3102 3100/3100 3104/3104
f 3064/3064 3100/3100 3103/3103
f 3100/3100 3064/3064 3105/3105
f 3105/3105 3104/3104 3100/3100
f 3105/3105 3106/3106 3104/3104
f 3106/3106 3107/3107 3104/3104
f 3108/3108 3104/3104 3107/3107
f 3102/3102 3104/3104 3108/3108
f 3097/3097 3095/3095 3109/3109
f 3109/3109 3094/3094 3097/3097
f 3110/3110 3094/3094 3109/3109
f 3108/3108 3107/3107 3111/3111
f 3111/3111 3107/3107 3112/3112
f 3113/3113 3094/3094 3110/3110
f 3112/3112 3107/3107 3114/3114
f 3094/3094 3113/3113 3115/3115
f 3114/3114 3116/3116 3112/3112
f 3116/3116 3114/3114 3117/3117
f 3116/3116 3117/3117 3118/3118
f 3094/3094 3115/3115 3119/3119
f 3120/3120 3119/3119 3121/3121
f 3094/3094 3119/3119 3120/3120
f 3121/3121 3119/3119 3122/3122
f 3118/3118 3123/3123 3124/3124
f 3118/3118 3117/3117 3123/3123
f 3123/3123 3125/3125 3126/3126
f 3124/3124 3123/3123 3126/3126
f 3117/3117 3127/3127 3123/3123
f 3127/3127 3125/3125 3123/3123
f 3128/3128 3125/3125 3129/3129
f 3129/3129 3125/3125 3127/3127
f 3128/3128 3130/3130 3125/3125
f 3125/3125 3130/3130 3131/3131
f 3125/3125 3131/3131 3126/3126
f 3132/3132 3131/3131 3133/3133
f 3131/3131 3134/3134 3133/3133
f 3132/3132 3126/3126 3131/3131
f 3130/3130 3135/3135 3131/3131
f 3134/3134 3131/3131 3135/3135
f 3136/3136 3091/3091 3094/3094
f 3091/3091 3136/3136 3137/3137
f 3134/3134 3135/3135 3138/3138
f 3094/3094 3120/3120 3136/3136
f 3091/3091 3137/3137 3139/3139
f 3135/3135 3140/3140 3138/3138
f 3091/3091 3139/3139 3141/3141
f 3140/3140 3135/3135 3142/3142
f 3140/3140 3142/3142 3143/3143
f 3089/3089 3141/3141 3144/3144
f 3091/3091 3141/3141 3089/3089
f 3142/3142 3145/3145 3143/3143
f 3089/3089 3144/3144 3146/3146
f 3145/3145 3142/3142 3147/3147
f 3145/3145 3147/3147 3148/3148
f 3089/3089 3146/3146 3088/3088
f 3147/3147 3149/3149 3148/3148
f 3088/3088 3146/3146 3150/3150
f 3149/3149 3147/3147 3151/3151
f 3149/3149 3151/3151 3152/3152
f 3153/3153 3088/3088 3150/3150
f 3151/3151 3154/3154 3152/3152
f 3155/3155 3153/3153 3156/3156
f 3088/3088 3153/3153 3155/3155
f 3155/3155 3157/3157 3158/3158
f 3155/3155 3159/3159 3157/3157
f 3155/3155 3158/3158 3082/3082
f 3159/3159 3155/3155 3156/3156
f 3088/3088 3155/3155 3082/3082
f 3154/3154 3160/3160 3161/3161
f 3160/3160 3162/3162 3161/3161
f 3157/3157 3159/3159 3163/3163
f 3164/3164 3157/3157 3163/3163
f 3162/3162 3160/3160 3165/3165
f 3162/3162 3165/3165 3166/3166
f 3165/3165 3167/3167 3166/3166
f 3168/3168 3157/3157 3164/3164
f 3169/3169 3168/3168 3170/3170
f 3157/3157 3168/3168 3169/3169
f 3167/3167 3165/3165 3171/3171
f 3167/3167 3171/3171 3172/3172
f 3169/3169 3170/3170 2526/2526
f 2526/2526 3170/3170 2527/2527
f 3172/3172 3171/3171 3173/3173
f 3171/3171 3174/3174 3173/3173
f 3175/3175 3171/3171 3176/3176
f 3171/3171 3177/3177 3176/3176
f 3171/3171 3175/3175 3178/3178
f 3174/3174 3171/3171 3178/3178
f 3165/3165 3177/3177 3171/3171
f 3177/3177 3179/3179 3176/3176
f 3179/3179 3177/3177 3180/3180
f 3180/3180 3177/3177 3181/3181
f 3181/3181 3177/3177 3182/3182
f 3177/3177 3165/3165 3182/3182
f 3183/3183 3184/3184 3182/3182
f 3182/3182 3184/3184 3181/3181
f 3183/3183 3182/3182 3165/3165
f 3185/3185 3183/3183 3186/3186
f 3184/3184 3183/3183 3185/3185
f 3187/3187 3183/3183 3188/3188
f 3188/3188 3183/3183 3160/3160
f 3183/3183 3187/3187 3186/3186
f 3183/3183 3165/3165 3160/3160
f 3189/3189 3190/3190 3191/3191
f 3190/3190 3189/3189 3192/3192
f 3193/3193 3191/3191 3190/3190
f 3193/3193 3190/3190 3194/3194
f 3194/3194 3190/3190 3195/3195
f 3196/3196 3195/3195 3190/3190
f 3196/3196 3190/3190 3192/3192
f 3188/3188 3197/3197 3198/3198
f 3195/3195 3196/3196 3199/3199
f 3187/3187 3188/3188 3198/3198
f 3197/3197 3188/3188 3200/3200
f 3201/3201 3202/3202 3199/3199
f 3195/3195 3199/3199 3202/3202
f 3195/3195 3202/3202 3203/3203
f 3203/3203 3202/3202 3204/3204
f 3201/3201 3204/3204 3202/3202
f 3205/3205 3203/3203 3204/3204
f 3204/3204 3201/3201 3206/3206
f 3204/3204 3206/3206 3207/3207
f 3208/3208 3205/3205 3204/3204
f 3208/3208 3204/3204 3207/3207
f 3209/3209 3210/3210 3211/3211
f 3209/3209 3212/3212 3210/3210
f 3212/3212 3209/3209 3213/3213
f 3214/3214 3210/3210 3215/3215
f 3142/3142 3215/3215 3210/3210
f 3210/3210 3147/3147 3142/3142
f 3211/3211 3210/3210 3216/3216
f 3210/3210 3214/3214 3216/3216
f 3210/3210 3212/3212 3147/3147
f 3217/3217 3218/3218 3219/3219
f 3218/3218 3217/3217 3208/3208
f 3205/3205 3217/3217 3220/3220
f 3205/3205 3208/3208 3217/3217
f 3220/3220 3217/3217 3221/3221
f 3222/3222 3217/3217 3219/3219
f 3223/3223 3217/3217 3222/3222
f 3223/3223 3221/3221 3217/3217
f 3221/3221 3223/3223 3224/3224
f 3225/3225 3224/3224 3223/3223
f 3226/3226 3227/3227 3228/3228
f 3226/3226 3215/3215 3227/3227
f 3215/3215 3226/3226 3229/3229
f 3227/3227 3230/3230 3228/3228
f 3224/3224 3225/3225 3231/3231
f 3232/3232 3224/3224 3231/3231
f 3227/3227 3233/3233 3230/3230
f 3233/3233 3130/3130 3128/3128
f 3234/3234 3235/3235 3232/3232
f 3233/3233 3227/3227 3130/3130
f 3232/3232 3235/3235 3224/3224
f 3236/3236 3224/3224 3235/3235
f 3235/3235 3237/3237 3238/3238
f 3235/3235 3238/3238 3239/3239
f 3237/3237 3235/3235 3240/3240
f 3236/3236 3235/3235 3241/3241
f 3241/3241 3235/3235 3239/3239
f 3240/3240 3235/3235 3234/3234
f 3242/3242 3236/3236 3241/3241
f 3243/3243 3221/3221 3236/3236
f 3243/3243 3236/3236 3242/3242
f 3221/3221 3224/3224 3236/3236
f 3244/3244 3242/3242 3245/3245
f 3244/3244 3243/3243 3242/3242
f 3245/3245 3242/3242 3246/3246
f 3242/3242 3241/3241 3246/3246
f 3247/3247 3246/3246 3248/3248
f 3246/3246 3249/3249 3248/3248
f 3246/3246 3241/3241 3249/3249
f 3245/3245 3246/3246 3247/3247
f 3250/3250 3247/3247 3251/3251
f 3250/3250 3245/3245 3247/3247
f 3247/3247 3248/3248 3252/3252
f 3251/3251 3247/3247 3252/3252
f 3251/3251 3252/3252 3253/3253
f 3253/3253 3254/3254 3251/3251
f 3251/3251 3255/3255 3250/3250
f 3255/3255 3251/3251 3256/3256
f 3251/3251 3254/3254 3256/3256
f 3257/3257 3258/3258 3259/3259
f 3258/3258 3257/3257 3260/3260
f 3261/3261 3260/3260 3257/3257
f 3257/3257 3259/3259 3262/3262
f 3263/3263 3257/3257 3262/3262
f 3264/3264 3261/3261 3257/3257
f 3264/3264 3257/3257 3263/3263
f 3265/3265 3263/3263 3266/3266
f 3263/3263 3262/3262 3266/3266
f 3267/3267 3264/3264 3263/3263
f 3267/3267 3263/3263 3265/3265
f 3265/3265 3266/3266 3268/3268
f 3269/3269 3265/3265 3270/3270
f 3269/3269 3267/3267 3265/3265
f 3270/3270 3265/3265 3268/3268
f 3268/3268 3271/3271 3272/3272
f 3273/3273 3268/3268 3272/3272
f 3268/3268 3266/3266 3271/3271
f 3270/3270 3268/3268 3273/3273
f 3274/3274 3273/3273 3275/3275
f 3276/3276 3273/3273 3274/3274
f 3276/3276 3270/3270 3273/3273
f 3273/3273 3272/3272 3275/3275
f 3274/3274 3275/3275 3277/3277
f 3277/3277 3275/3275 3278/3278
f 3275/3275 3279/3279 3278/3278
f 3275/3275 3272/3272 3279/3279
f 3272/3272 3280/3280 3279/3279
f 3279/3279 3280/3280 3281/3281
f 3278/3278 3279/3279 3282/3282
f 3279/3279 3281/3281 3282/3282
f 3282/3282 3281/3281 3283/3283
f 3280/3280 3284/3284 3281/3281
f 3281/3281 3284/3284 3285/3285
f 3281/3281 3285/3285 3283/3283
f 3284/3284 3286/3286 3285/3285
f 3287/3287 3285/3285 3286/3286
f 3285/3285 3288/3288 3289/3289
f 3285/3285 3287/3287 3288/3288
f 3283/3283 3285/3285 3289/3289
f 3290/3290 3291/3291 3292/3292
f 3292/3292 3293/3293 3290/3290
f 3294/3294 3293/3293 3292/3292
f 3293/3293 3295/3295 3290/3290
f 3296/3296 3297/3297 3293/3293
f 3293/3293 3297/3297 3295/3295
f 3293/3293 3294/3294 3298/3298
f 3298/3298 3296/3296 3293/3293
f 3299/3299 3296/3296 3298/3298
f 3300/3300 3284/3284 3301/3301
f 3284/3284 3300/3300 3286/3286
f 3296/3296 3299/3299 3302/3302
f 3303/3303 3304/3304 3301/3301
f 3303/3303 3301/3301 3284/3284
f 3280/3280 3303/3303 3284/3284
f 3271/3271 3305/3305 3303/3303
f 3271/3271 3303/3303 3280/3280
f 3304/3304 3303/3303 3306/3306
f 3305/3305 3306/3306 3303/3303
f 3262/3262 3307/3307 3305/3305
f 3266/3266 3262/3262 3305/3305
f 3305/3305 3308/3308 3306/3306
f 3308/3308 3305/3305 3307/3307
f 3266/3266 3305/3305 3271/3271
f 3309/3309 3253/3253 3310/3310
f 3310/3310 3311/3311 3309/3309
f 3312/3312 3253/3253 3309/3309
f 3310/3310 3313/3313 3314/3314
f 3310/3310 3314/3314 3296/3296
f 3311/3311 3310/3310 3302/3302
f 3253/3253 3313/3313 3310/3310
f 3302/3302 3310/3310 3296/3296
f 3253/3253 3252/3252 3313/3313
f 3313/3313 3315/3315 3314/3314
f 3313/3313 3316/3316 3315/3315
f 3252/3252 3316/3316 3313/3313
f 3248/3248 3317/3317 3316/3316
f 3252/3252 3248/3248 3316/3316
f 3316/3316 3318/3318 3315/3315
f 3316/3316 3317/3317 3318/3318
f 3315/3315 3318/3318 3319/3319
f 3318/3318 3320/3320 3319/3319
f 3317/3317 3321/3321 3318/3318
f 3318/3318 3321/3321 3320/3320
f 3319/3319 3320/3320 3322/3322
f 3320/3320 3323/3323 3322/3322
f 3321/3321 3324/3324 3320/3320
f 3320/3320 3324/3324 3323/3323
f 3323/3323 3325/3325 3326/3326
f 3323/3323 3326/3326 3327/3327
f 3322/3322 3323/3323 3327/3327
f 3324/3324 3325/3325 3323/3323
f 3324/3324 3328/3328 3325/3325
f 3329/3329 3325/3325 3328/3328
f 3330/3330 3325/3325 3329/3329
f 3331/3331 3325/3325 3330/3330
f 3331/3331 3326/3326 3325/3325
f 3332/3332 3326/3326 3331/3331
f 3333/3333 3334/3334 3335/3335
f 3333/3333 3336/3336 3334/3334
f 3337/3337 3336/3336 3333/3333
f 3338/3338 3326/3326 3332/3332
f 3335/3335 3334/3334 3339/3339
f 3338/3338 3340/3340 3326/3326
f 3341/3341 3340/3340 3338/3338
f 3339/3339 3342/3342 3343/3343
f 3339/3339 3334/3334 3342/3342
f 3327/3327 3340/3340 3344/3344
f 3344/3344 3340/3340 3345/3345
f 3346/3346 3345/3345 3340/3340
f 3327/3327 3326/3326 3340/3340
f 3346/3346 3340/3340 3341/3341
f 3347/3347 3345/3345 3346/3346
f 3348/3348 3349/3349 3350/3350
f 3343/3343 3342/3342 3348/3348
f 3348/3348 3342/3342 3349/3349
f 3350/3350 3349/3349 3351/3351
f 3351/3351 3349/3349 3352/3352
f 3342/3342 3353/3353 3349/3349
f 3349/3349 3354/3354 3352/3352
f 3349/3349 3353/3353 3354/3354
f 3352/3352 3354/3354 3355/3355
f 3353/3353 3356/3356 3354/3354
f 3354/3354 3357/3357 3355/3355
f 3354/3354 3356/3356 3357/3357
f 3357/3357 3358/3358 3359/3359
f 3357/3357 3359/3359 3360/3360
f 3356/3356 3358/3358 3357/3357
f 3355/3355 3357/3357 3360/3360
f 3361/3361 3360/3360 3362/3362
f 3355/3355 3360/3360 3361/3361
f 3360/3360 3359/3359 3363/3363
f 3360/3360 3363/3363 3362/3362
f 3359/3359 3364/3364 3363/3363
f 3363/3363 3364/3364 3365/3365
f 3363/3363 3365/3365 3366/3366
f 3362/3362 3363/3363 3366/3366
f 3367/3367 3366/3366 3368/3368
f 3362/3362 3366/3366 3367/3367
f 3366/3366 3369/3369 3368/3368
f 3366/3366 3365/3365 3369/3369
f 3365/3365 3370/3370 3369/3369
f 3369/3369 3370/3370 3371/3371
f 3368/3368 3369/3369 3372/3372
f 3369/3369 3371/3371 3372/3372
f 3370/3370 3373/3373 3371/3371
f 3371/3371 3373/3373 3374/3374
f 3371/3371 3374/3374 3375/3375
f 3372/3372 3371/3371 3375/3375
f 3375/3375 3374/3374 3376/3376
f 3375/3375 3376/3376 3377/3377
f 3372/3372 3375/3375 3378/3378
f 3378/3378 3375/3375 3377/3377
f 3377/3377 3376/3376 3379/3379
f 3377/3377 3379/3379 3380/3380
f 3378/3378 3377/3377 3381/3381
f 3381/3381 3377/3377 3380/3380
f 3382/3382 3380/3380 3383/3383
f 3384/3384 3380/3380 3382/3382
f 3380/3380 3385/3385 3383/3383
f 3380/3380 3379/3379 3385/3385
f 3381/3381 3380/3380 3384/3384
f 3386/3386 3384/3384 3387/3387
f 3384/3384 3382/3382 3387/3387
f 3388/3388 3384/3384 3389/3389
f 3388/3388 3381/3381 3384/3384
f 3389/3389 3384/3384 3386/3386
f 3390/3390 3386/3386 3391/3391
f 3386/3386 3392/3392 3391/3391
f 3386/3386 3387/3387 3392/3392
f 3389/3389 3386/3386 3390/3390
f 3390/3390 3391/3391 3393/3393
f 3394/3394 3390/3390 3393/3393
f 3394/3394 3389/3389 3390/3390
f 3394/3394 3393/3393 3395/3395
f 3396/3396 3395/3395 3393/3393
f 3396/3396 3393/3393 3397/3397
f 3397/3397 3393/3393 3398/3398
f 3398/3398 3393/3393 3399/3399
f 3399/3399 3393/3393 3391/3391
f 3400/3400 3401/3401 3402/3402
f 3403/3403 3400/3400 3404/3404
f 3400/3400 3403/3403 3401/3401
f 3403/3403 3405/3405 3401/3401
f 3405/3405 3406/3406 3401/3401
f 3401/3401 3407/3407 3402/3402
f 3407/3407 3401/3401 3406/3406
f 3408/3408 3395/3395 3409/3409
f 3407/3407 3410/3410 3411/3411
f 3395/3395 3396/3396 3409/3409
f 3407/3407 3406/3406 3410/3410
f 3411/3411 3410/3410 3412/3412
f 3406/3406 3413/3413 3410/3410
f 3410/3410 3413/3413 3412/3412
f 3406/3406 3414/3414 3413/3413
f 3414/3414 3415/3415 3413/3413
f 3413/3413 3415/3415 3416/3416
f 3413/3413 3416/3416 3412/3412
f 3415/3415 3417/3417 3416/3416
f 3416/3416 3417/3417 3418/3418
f 3416/3416 3418/3418 3419/3419
f 3412/3412 3416/3416 3419/3419
f 3420/3420 3419/3419 3421/3421
f 3420/3420 3412/3412 3419/3419
f 3419/3419 3418/3418 3422/3422
f 3421/3421 3419/3419 3422/3422
f 3422/3422 3423/3423 3424/3424
f 3423/3423 3422/3422 3425/3425
f 3426/3426 3422/3422 3418/3418
f 3421/3421 3422/3422 3424/3424
f 3425/3425 3422/3422 3426/3426
f 3423/3423 3425/3425 3427/3427
f 3428/3428 3429/3429 3430/3430
f 3430/3430 3429/3429 3431/3431
f 3430/3430 3431/3431 3432/3432
f 3433/3433 3434/3434 3435/3435
f 3435/3435 3434/3434 3436/3436
f 3432/3432 3431/3431 3437/3437
f 3438/3438 3433/3433 3439/3439
f 3433/3433 3438/3438 3434/3434
f 3437/3437 3440/3440 3441/3441
f 3437/3437 3431/3431 3440/3440
f 3442/3442 3440/3440 3443/3443
f 3431/3431 3443/3443 3440/3440
f 3440/3440 3442/3442 3441/3441
f 3444/3444 3445/3445 3446/3446
f 3446/3446 3445/3445 3438/3438
f 3438/3438 3439/3439 3446/3446
f 3442/3442 3447/3447 3448/3448
f 3442/3442 3443/3443 3447/3447
f 3445/3445 3444/3444 3449/3449
f 3448/3448 3450/3450 3451/3451
f 3448/3448 3447/3447 3450/3450
f 3447/3447 3452/3452 3450/3450
f 3452/3452 3453/3453 3450/3450
f 3451/3451 3450/3450 3454/3454
f 3450/3450 3453/3453 3454/3454
f 3455/3455 3453/3453 3452/3452
f 3456/3456 3453/3453 3457/3457
f 3453/3453 3455/3455 3457/3457
f 3458/3458 3453/3453 3456/3456
f 3459/3459 3454/3454 3453/3453
f 3459/3459 3453/3453 3460/3460
f 3460/3460 3453/3453 3458/3458
f 3461/3461 3462/3462 3463/3463
f 3461/3461 3463/3463 3464/3464
f 3462/3462 3465/3465 3463/3463
f 3458/3458 3456/3456 3466/3466
f 3467/3467 3468/3468 3464/3464
f 3469/3469 3470/3470 3471/3471
f 3467/3467 3472/3472 3468/3468
f 3468/3468 3472/3472 3473/3473
f 3469/3469 3474/3474 3470/3470
f 3475/3475 3474/3474 3469/3469
f 3473/3473 3472/3472 3476/3476
f 3473/3473 3476/3476 3477/3477
f 3475/3475 3478/3478 3474/3474
f 3479/3479 3478/3478 3475/3475
f 3477/3477 3480/3480 3481/3481
f 3477/3477 3476/3476 3480/3480
f 3482/3482 3479/3479 3483/3483
f 3479/3479 3484/3484 3478/3478
f 3479/3479 3485/3485 3484/3484
f 3485/3485 3479/3479 3486/3486
f 3486/3486 3479/3479 3482/3482
f 3482/3482 3483/3483 3487/3487
f 3488/3488 3489/3489 3490/3490
f 3488/3488 3491/3491 3489/3489
f 3492/3492 3491/3491 3488/3488
f 3493/3493 3491/3491 3492/3492
f 3489/3489 3491/3491 3494/3494
f 3493/3493 3494/3494 3491/3491
f 3495/3495 3496/3496 3497/3497
f 3496/3496 3495/3495 3498/3498
f 3493/3493 3492/3492 3499/3499
f 3497/3497 3496/3496 3500/3500
f 3501/3501 3493/3493 3502/3502
f 3503/3503 3493/3493 3501/3501
f 3494/3494 3493/3493 3503/3503
f 3504/3504 3505/3505 3506/3506
f 3507/3507 3505/3505 3504/3504
f 3508/3508 3494/3494 3503/3503
f 3509/3509 3510/3510 3511/3511
f 3509/3509 3511/3511 3512/3512
f 3513/3513 3494/3494 3508/3508
f 3514/3514 3510/3510 3509/3509
f 3515/3515 3510/3510 3516/3516
f 3510/3510 3517/3517 3516/3516
f 3510/3510 3518/3518 3519/3519
f 3519/3519 3511/3511 3510/3510
f 3518/3518 3510/3510 3520/3520
f 3515/3515 3521/3521 3510/3510
f 3520/3520 3510/3510 3521/3521
f 3510/3510 3522/3522 3517/3517
f 3510/3510 3523/3523 3522/3522
f 3510/3510 3514/3514 3523/3523
f 3505/3505 3524/3524 3525/3525
f 3525/3525 3524/3524 3526/3526
f 3525/3525 3526/3526 3527/3527
f 3495/3495 3526/3526 3524/3524
f 3495/3495 3528/3528 3526/3526
f 3528/3528 3529/3529 3526/3526
f 3527/3527 3526/3526 3529/3529
f 3528/3528 3530/3530 3529/3529
f 3529/3529 3531/3531 3527/3527
f 3531/3531 3529/3529 3532/3532
f 3530/3530 3532/3532 3529/3529
f 3533/3533 3532/3532 3534/3534
f 3534/3534 3532/3532 3535/3535
f 3531/3531 3532/3532 3533/3533
f 3530/3530 3536/3536 3532/3532
f 3536/3536 3535/3535 3532/3532
f 3537/3537 3538/3538 3535/3535
f 3536/3536 3537/3537 3535/3535
f 3534/3534 3535/3535 3538/3538
f 3537/3537 3539/3539 3538/3538
f 3538/3538 3540/3540 3541/3541
f 3540/3540 3538/3538 3542/3542
f 3534/3534 3538/3538 3543/3543
f 3543/3543 3538/3538 3544/3544
f 3538/3538 3541/3541 3544/3544
f 3542/3542 3538/3538 3539/3539
f 3543/3543 3544/3544 3545/3545
f 3546/3546 3547/3547 3548/3548
f 3548/3548 3547/3547 3549/3549
f 3550/3550 3551/3551 3552/3552
f 3550/3550 3553/3553 3551/3551
f 3383/3383 3550/3550 3554/3554
f 3383/3383 3385/3385 3550/3550
f 3385/3385 3516/3516 3550/3550
f 3555/3555 3550/3550 3516/3516
f 3556/3556 3550/3550 3552/3552
f 3550/3550 3555/3555 3553/3553
f 3556/3556 3554/3554 3550/3550
f 3382/3382 3554/3554 3557/3557
f 3558/3558 3557/3557 3554/3554
f 3558/3558 3554/3554 3559/3559
f 3554/3554 3556/3556 3559/3559
f 3382/3382 3383/3383 3554/3554
f 3560/3560 3561/3561 3562/3562
f 3563/3563 3560/3560 3564/3564
f 3560/3560 3563/3563 3561/3561
f 3565/3565 3566/3566 3561/3561
f 3567/3567 3561/3561 3566/3566
f 3568/3568 3561/3561 3563/3563
f 3568/3568 3565/3565 3561/3561
f 3561/3561 3567/3567 3562/3562
f 3569/3569 3565/3565 3570/3570
f 3570/3570 3565/3565 3568/3568
f 3569/3569 3571/3571 3565/3565
f 3565/3565 3571/3571 3566/3566
f 3571/3571 3572/3572 3566/3566
f 3573/3573 3574/3574 3571/3571
f 3571/3571 3574/3574 3572/3572
f 3573/3573 3571/3571 3569/3569
f 3575/3575 3576/3576 3577/3577
f 3575/3575 3577/3577 3578/3578
f 3579/3579 3574/3574 3573/3573
f 3576/3576 3580/3580 3581/3581
f 3580/3580 3576/3576 3582/3582
f 3582/3582 3576/3576 3575/3575
f 3579/3579 3583/3583 3574/3574
f 3584/3584 3583/3583 3579/3579
f 3581/3581 3580/3580 3585/3585
f 3586/3586 3583/3583 3584/3584
f 3585/3585 3580/3580 3587/3587
f 3588/3588 3589/3589 3586/3586
f 3586/3586 3589/3589 3583/3583
f 3588/3588 3405/3405 3589/3589
f 3583/3583 3589/3589 3590/3590
f 3590/3590 3589/3589 3403/3403
f 3589/3589 3405/3405 3403/3403
f 3591/3591 3590/3590 3592/3592
f 3592/3592 3590/3590 3403/3403
f 3591/3591 3572/3572 3590/3590
f 3572/3572 3583/3583 3590/3590
f 3399/3399 3391/3391 3593/3593
f 3391/3391 3594/3594 3593/3593
f 3572/3572 3591/3591 3595/3595
f 3594/3594 3391/3391 3392/3392
f 3594/3594 3392/3392 3596/3596
f 3597/3597 3572/3572 3595/3595
f 3392/3392 3598/3598 3596/3596
f 3566/3566 3597/3597 3599/3599
f 3597/3597 3566/3566 3572/3572
f 3598/3598 3392/3392 3557/3557
f 3598/3598 3557/3557 3600/3600
f 3567/3567 3566/3566 3599/3599
f 3587/3587 3580/3580 3601/3601
f 3587/3587 3601/3601 3602/3602
f 3603/3603 3588/3588 3604/3604
f 3588/3588 3605/3605 3405/3405
f 3605/3605 3588/3588 3603/3603
f 3606/3606 3601/3601 3607/3607
f 3608/3608 3609/3609 3610/3610
f 3611/3611 3608/3608 3610/3610
f 3602/3602 3601/3601 3612/3612
f 3612/3612 3601/3601 3613/3613
f 3613/3613 3601/3601 3606/3606
f 3611/3611 3614/3614 3608/3608
f 3615/3615 3608/3608 3614/3614
f 3608/3608 3616/3616 3609/3609
f 3616/3616 3608/3608 3617/3617
f 3615/3615 3617/3617 3608/3608
f 3618/3618 3619/3619 3615/3615
f 3618/3618 3615/3615 3620/3620
f 3621/3621 3615/3615 3619/3619
f 3615/3615 3614/3614 3620/3620
f 3615/3615 3621/3621 3617/3617
f 3622/3622 3623/3623 3624/3624
f 3623/3623 3625/3625 3624/3624
f 3622/3622 3626/3626 3623/3623
f 3627/3627 3623/3623 3628/3628
f 3625/3625 3623/3623 3627/3627
f 3628/3628 3623/3623 3626/3626
f 3622/3622 3629/3629 3626/3626
f 3628/3628 3626/3626 3630/3630
f 3630/3630 3626/3626 3631/3631
f 3447/3447 3626/3626 3629/3629
f 3626/3626 3447/3447 3631/3631
f 3631/3631 3447/3447 3443/3443
f 3429/3429 3631/3631 3443/3443
f 3630/3630 3631/3631 3429/3429
f 3629/3629 3622/3622 3632/3632
f 3633/3633 3629/3629 3632/3632
f 3633/3633 3452/3452 3629/3629
f 3629/3629 3452/3452 3447/3447
f 3619/3619 3634/3634 3635/3635
f 3636/3636 3634/3634 3618/3618
f 3634/3634 3636/3636 3637/3637
f 3619/3619 3618/3618 3634/3634
f 3634/3634 3637/3637 3638/3638
f 3452/3452 3633/3633 3639/3639
f 3455/3455 3452/3452 3639/3639
f 3472/3472 3636/3636 3640/3640
f 3636/3636 3641/3641 3640/3640
f 3636/3636 3618/3618 3641/3641
f 3472/3472 3637/3637 3636/3636
f 3640/3640 3641/3641 3642/3642
f 3618/3618 3620/3620 3641/3641
f 3641/3641 3620/3620 3643/3643
f 3641/3641 3643/3643 3642/3642
f 3640/3640 3642/3642 3644/3644
f 3644/3644 3642/3642 3645/3645
f 3642/3642 3646/3646 3645/3645
f 3642/3642 3643/3643 3646/3646
f 3647/3647 3645/3645 3646/3646
f 3643/3643 3648/3648 3646/3646
f 3647/3647 3646/3646 3649/3649
f 3649/3649 3646/3646 3648/3648
f 3649/3649 3648/3648 3650/3650
f 3647/3647 3649/3649 3651/3651
f 3652/3652 3537/3537 3653/3653
f 3652/3652 3539/3539 3537/3537
f 3539/3539 3652/3652 3654/3654
f 3649/3649 3650/3650 3655/3655
f 3542/3542 3654/3654 3656/3656
f 3657/3657 3658/3658 3659/3659
f 3570/3570 3658/3658 3657/3657
f 3575/3575 3660/3660 3656/3656
f 3650/3650 3648/3648 3661/3661
f 3537/3537 3662/3662 3653/3653
f 3542/3542 3539/3539 3654/3654
f 3643/3643 3663/3663 3648/3648
f 3661/3661 3648/3648 3663/3663
f 3661/3661 3663/3663 3664/3664
f 3664/3664 3663/3663 3614/3614
f 3620/3620 3614/3614 3663/3663
f 3620/3620 3663/3663 3643/3643
f 3662/3662 3536/3536 3665/3665
f 3662/3662 3537/3537 3536/3536
f 3666/3666 3647/3647 3667/3667
f 3666/3666 3645/3645 3647/3647
f 3668/3668 3669/3669 3666/3666
f 3666/3666 3669/3669 3645/3645
f 3668/3668 3666/3666 3670/3670
f 3671/3671 3530/3530 3672/3672
f 3671/3671 3536/3536 3530/3530
f 3536/3536 3671/3671 3665/3665
f 3530/3530 3673/3673 3672/3672
f 3674/3674 3675/3675 3668/3668
f 3668/3668 3675/3675 3669/3669
f 3674/3674 3668/3668 3676/3676
f 3673/3673 3528/3528 3677/3677
f 3673/3673 3530/3530 3528/3528
f 3528/3528 3678/3678 3677/3677
f 3674/3674 3481/3481 3675/3675
f 3481/3481 3674/3674 3679/3679
f 3679/3679 3674/3674 3680/3680
f 3495/3495 3678/3678 3528/3528
f 3678/3678 3495/3495 3497/3497
f 3481/3481 3480/3480 3675/3675
f 3480/3480 3669/3669 3675/3675
f 3480/3480 3644/3644 3669/3669
f 3644/3644 3645/3645 3669/3669
f 3476/3476 3644/3644 3480/3480
f 3476/3476 3640/3640 3644/3644
f 3472/3472 3640/3640 3476/3476
f 3681/3681 3628/3628 3630/3630
f 3428/3428 3630/3630 3429/3429
f 3681/3681 3630/3630 3428/3428
f 3682/3682 3628/3628 3681/3681
f 3683/3683 3417/3417 3684/3684
f 3683/3683 3418/3418 3417/3417
f 3426/3426 3418/3418 3683/3683
f 3684/3684 3685/3685 3686/3686
f 3684/3684 3417/3417 3685/3685
f 3687/3687 3627/3627 3682/3682
f 3682/3682 3627/3627 3628/3628
f 3686/3686 3685/3685 3688/3688
f 3689/3689 3627/3627 3687/3687
f 3689/3689 3687/3687 3690/3690
f 3686/3686 3688/3688 3691/3691
f 3691/3691 3688/3688 3692/3692
f 3692/3692 3688/3688 3693/3693
f 3693/3693 3688/3688 3694/3694
f 3694/3694 3688/3688 3685/3685
f 3695/3695 3694/3694 3414/3414
f 3695/3695 3693/3693 3694/3694
f 3694/3694 3685/3685 3415/3415
f 3414/3414 3694/3694 3415/3415
f 3696/3696 3695/3695 3414/3414
f 3605/3605 3697/3697 3695/3695
f 3697/3697 3693/3693 3695/3695
f 3605/3605 3695/3695 3696/3696
f 3406/3406 3405/3405 3696/3696
f 3696/3696 3405/3405 3605/3605
f 3696/3696 3414/3414 3406/3406
f 3698/3698 3697/3697 3604/3604
f 3604/3604 3697/3697 3603/3603
f 3699/3699 3697/3697 3698/3698
f 3603/3603 3697/3697 3605/3605
f 3699/3699 3693/3693 3697/3697
f 3692/3692 3693/3693 3699/3699
f 3415/3415 3685/3685 3417/3417
f 3625/3625 3627/3627 3689/3689
f 3664/3664 3614/3614 3611/3611
f 3574/3574 3583/3583 3572/3572
f 3575/3575 3578/3578 3660/3660
f 3570/3570 3568/3568 3658/3658
f 3557/3557 3558/3558 3600/3600
f 3658/3658 3568/3568 3546/3546
f 3546/3546 3568/3568 3563/3563
f 3546/3546 3563/3563 3547/3547
f 3547/3547 3563/3563 3564/3564
f 3387/3387 3557/3557 3392/3392
f 3387/3387 3382/3382 3557/3557
f 3555/3555 3516/3516 3700/3700
f 3700/3700 3516/3516 3517/3517
f 3507/3507 3495/3495 3524/3524
f 3505/3505 3507/3507 3524/3524
f 3379/3379 3701/3701 3521/3521
f 3521/3521 3701/3701 3520/3520
f 3379/3379 3521/3521 3515/3515
f 3702/3702 3703/3703 3704/3704
f 3701/3701 3379/3379 3705/3705
f 3703/3703 3706/3706 3704/3704
f 3707/3707 3703/3703 3708/3708
f 3708/3708 3703/3703 3709/3709
f 3703/3703 3710/3710 3709/3709
f 3703/3703 3711/3711 3710/3710
f 3712/3712 3713/3713 3703/3703
f 3703/3703 3713/3713 3711/3711
f 3703/3703 3702/3702 3712/3712
f 3706/3706 3703/3703 3707/3707
f 3713/3713 3714/3714 3711/3711
f 3711/3711 3715/3715 3716/3716
f 3711/3711 3716/3716 3717/3717
f 3711/3711 3714/3714 3715/3715
f 3710/3710 3711/3711 3717/3717
f 3710/3710 3717/3717 3718/3718
f 3718/3718 3717/3717 3719/3719
f 3717/3717 3716/3716 3719/3719
f 3720/3720 3718/3718 3719/3719
f 3719/3719 3716/3716 3721/3721
f 3722/3722 3719/3719 3721/3721
f 3720/3720 3719/3719 3723/3723
f 3719/3719 3722/3722 3723/3723
f 3724/3724 3725/3725 3726/3726
f 3727/3727 3724/3724 3726/3726
f 3722/3722 3721/3721 3728/3728
f 3721/3721 3729/3729 3728/3728
f 3730/3730 3727/3727 3731/3731
f 3727/3727 3730/3730 3724/3724
f 3732/3732 3730/3730 3731/3731
f 3729/3729 3733/3733 3734/3734
f 3729/3729 3721/3721 3733/3733
f 3721/3721 3735/3735 3733/3733
f 3735/3735 3736/3736 3733/3733
f 3733/3733 3736/3736 3737/3737
f 3738/3738 3733/3733 3737/3737
f 3733/3733 3738/3738 3734/3734
f 3739/3739 3732/3732 3740/3740
f 3741/3741 3739/3739 3740/3740
f 3738/3738 3737/3737 3742/3742
f 3737/3737 3743/3743 3742/3742
f 3741/3741 3744/3744 3739/3739
f 3744/3744 3741/3741 3745/3745
f 3746/3746 3747/3747 3745/3745
f 3748/3748 3749/3749 3743/3743
f 3745/3745 3747/3747 3744/3744
f 3748/3748 3743/3743 3737/3737
f 3737/3737 3750/3750 3748/3748
f 3748/3748 3751/3751 3752/3752
f 3753/3753 3748/3748 3752/3752
f 3749/3749 3748/3748 3754/3754
f 3748/3748 3753/3753 3754/3754
f 3750/3750 3751/3751 3748/3748
f 3755/3755 3756/3756 3757/3757
f 3758/3758 3755/3755 3757/3757
f 3753/3753 3752/3752 3759/3759
f 3752/3752 3760/3760 3759/3759
f 3761/3761 3758/3758 3762/3762
f 3763/3763 3758/3758 3761/3761
f 3758/3758 3763/3763 3755/3755
f 3752/3752 3764/3764 3760/3760
f 3765/3765 3766/3766 3762/3762
f 3762/3762 3766/3766 3761/3761
f 3767/3767 3766/3766 3765/3765
f 3767/3767 3768/3768 3766/3766
f 3769/3769 3761/3761 3766/3766
f 3770/3770 3766/3766 3768/3768
f 3770/3770 3769/3769 3766/3766
f 3769/3769 3763/3763 3761/3761
f 3771/3771 3769/3769 3770/3770
f 3771/3771 3772/3772 3769/3769
f 3772/3772 3763/3763 3769/3769
f 3773/3773 3774/3774 3772/3772
f 3772/3772 3774/3774 3763/3763
f 3775/3775 3772/3772 3771/3771
f 3775/3775 3773/3773 3772/3772
f 3773/3773 3776/3776 3774/3774
f 3777/3777 3773/3773 3775/3775
f 3778/3778 3776/3776 3773/3773
f 3777/3777 3778/3778 3773/3773
f 3779/3779 3780/3780 3778/3778
f 3778/3778 3780/3780 3776/3776
f 3779/3779 3778/3778 3781/3781
f 3781/3781 3778/3778 3777/3777
f 3782/3782 3783/3783 3784/3784
f 3782/3782 3785/3785 3783/3783
f 3786/3786 3780/3780 3779/3779
f 3782/3782 3787/3787 3785/3785
f 3788/3788 3780/3780 3786/3786
f 3789/3789 3787/3787 3782/3782
f 3789/3789 3790/3790 3787/3787
f 3791/3791 3792/3792 3788/3788
f 3788/3788 3776/3776 3780/3780
f 3788/3788 3793/3793 3776/3776
f 3788/3788 3792/3792 3793/3793
f 3791/3791 3794/3794 3792/3792
f 3792/3792 3794/3794 3744/3744
f 3792/3792 3744/3744 3747/3747
f 3793/3793 3792/3792 3747/3747
f 3795/3795 3794/3794 3796/3796
f 3796/3796 3794/3794 3791/3791
f 3795/3795 3797/3797 3794/3794
f 3794/3794 3739/3739 3744/3744
f 3794/3794 3797/3797 3739/3739
f 3798/3798 3797/3797 3795/3795
f 3798/3798 3799/3799 3797/3797
f 3797/3797 3799/3799 3739/3739
f 3800/3800 3799/3799 3798/3798
f 3800/3800 3801/3801 3799/3799
f 3739/3739 3799/3799 3730/3730
f 3799/3799 3801/3801 3730/3730
f 3802/3802 3803/3803 3801/3801
f 3801/3801 3803/3803 3724/3724
f 3730/3730 3801/3801 3724/3724
f 3802/3802 3801/3801 3800/3800
f 3804/3804 3805/3805 3806/3806
f 3807/3807 3803/3803 3802/3802
f 3807/3807 3802/3802 3808/3808
f 3806/3806 3805/3805 3809/3809
f 3810/3810 3811/3811 3812/3812
f 3811/3811 3810/3810 3813/3813
f 3814/3814 3815/3815 3809/3809
f 3811/3811 3813/3813 3816/3816
f 3814/3814 3817/3817 3815/3815
f 3818/3818 3817/3817 3814/3814
f 3818/3818 3819/3819 3817/3817
f 3820/3820 3815/3815 3817/3817
f 3817/3817 3819/3819 3820/3820
f 3819/3819 3818/3818 3821/3821
f 3820/3820 3819/3819 3822/3822
f 3823/3823 3819/3819 3821/3821
f 3819/3819 3824/3824 3822/3822
f 3823/3823 3824/3824 3819/3819
f 3824/3824 3823/3823 3825/3825
f 3822/3822 3824/3824 3826/3826
f 3827/3827 3824/3824 3825/3825
f 3827/3827 3828/3828 3824/3824
f 3824/3824 3828/3828 3826/3826
f 3828/3828 3827/3827 3829/3829
f 3826/3826 3828/3828 3830/3830
f 3831/3831 3828/3828 3829/3829
f 3831/3831 3832/3832 3828/3828
f 3828/3828 3832/3832 3830/3830
f 3833/3833 3834/3834 3835/3835
f 3833/3833 3836/3836 3834/3834
f 3837/3837 3834/3834 3836/3836
f 3834/3834 3838/3838 3839/3839
f 3834/3834 3837/3837 3838/3838
f 3832/3832 3831/3831 3840/3840
f 3841/3841 3837/3837 3842/3842
f 3842/3842 3837/3837 3843/3843
f 3844/3844 3837/3837 3836/3836
f 3841/3841 3838/3838 3837/3837
f 3844/3844 3843/3843 3837/3837
f 3845/3845 3843/3843 3844/3844
f 3846/3846 3844/3844 3847/3847
f 3846/3846 3845/3845 3844/3844
f 3847/3847 3844/3844 3836/3836
f 3845/3845 3848/3848 3843/3843
f 3849/3849 3845/3845 3846/3846
f 3849/3849 3850/3850 3845/3845
f 3850/3850 3848/3848 3845/3845
f 3851/3851 3848/3848 3852/3852
f 3852/3852 3848/3848 3853/3853
f 3851/3851 3843/3843 3848/3848
f 3850/3850 3853/3853 3848/3848
f 3852/3852 3853/3853 3854/3854
f 3855/3855 3853/3853 3850/3850
f 3854/3854 3853/3853 3855/3855
f 3852/3852 3854/3854 3856/3856
f 3857/3857 3858/3858 3859/3859
f 3854/3854 3855/3855 3860/3860
f 3861/3861 3858/3858 3857/3857
f 3861/3861 3857/3857 3862/3862
f 3863/3863 3861/3861 3864/3864
f 3861/3861 3865/3865 3864/3864
f 3861/3861 3866/3866 3865/3865
f 3867/3867 3866/3866 3861/3861
f 3858/3858 3861/3861 3868/3868
f 3867/3867 3861/3861 3862/3862
f 3868/3868 3861/3861 3863/3863
f 3869/3869 3870/3870 3871/3871
f 3872/3872 3870/3870 3869/3869
f 3873/3873 3870/3870 3874/3874
f 3874/3874 3870/3870 3875/3875
f 3871/3871 3870/3870 3873/3873
f 3875/3875 3870/3870 3876/3876
f 3872/3872 3876/3876 3870/3870
f 3876/3876 3877/3877 3878/3878
f 3877/3877 3876/3876 3879/3879
f 3875/3875 3876/3876 3880/3880
f 3878/3878 3880/3880 3876/3876
f 3876/3876 3872/3872 3879/3879
f 3881/3881 3882/3882 3883/3883
f 3881/3881 3884/3884 3882/3882
f 3885/3885 3880/3880 3878/3878
f 3881/3881 3886/3886 3884/3884
f 3887/3887 3888/3888 3885/3885
f 3885/3885 3888/3888 3880/3880
f 3889/3889 3888/3888 3890/3890
f 3889/3889 3891/3891 3888/3888
f 3891/3891 3880/3880 3888/3888
f 3887/3887 3890/3890 3888/3888
f 3892/3892 3889/3889 3890/3890
f 3892/3892 3890/3890 3893/3893
f 3894/3894 3893/3893 3890/3890
f 3894/3894 3890/3890 3887/3887
f 3895/3895 3881/3881 3896/3896
f 3895/3895 3896/3896 3897/3897
f 3886/3886 3881/3881 3895/3895
f 3898/3898 3893/3893 3894/3894
f 3897/3897 3896/3896 3899/3899
f 3900/3900 3893/3893 3898/3898
f 3896/3896 3901/3901 3899/3899
f 3902/3902 3900/3900 3903/3903
f 3900/3900 3902/3902 3893/3893
f 3904/3904 3893/3893 3902/3902
f 3903/3903 3905/3905 3902/3902
f 3906/3906 3904/3904 3902/3902
f 3906/3906 3902/3902 3905/3905
f 3907/3907 3905/3905 3903/3903
f 3908/3908 3905/3905 3907/3907
f 3909/3909 3905/3905 3908/3908
f 3909/3909 3906/3906 3905/3905
f 3910/3910 3911/3911 3912/3912
f 3911/3911 3910/3910 3913/3913
f 3908/3908 3907/3907 3914/3914
f 3912/3912 3911/3911 3915/3915
f 3916/3916 3917/3917 3896/3896
f 3896/3896 3917/3917 3918/3918
f 3917/3917 3916/3916 3919/3919
f 3920/3920 3916/3916 3896/3896
f 3921/3921 3922/3922 3923/3923
f 3921/3921 3923/3923 3924/3924
f 3922/3922 3921/3921 3925/3925
f 3926/3926 3916/3916 3920/3920
f 3916/3916 3926/3926 3927/3927
f 3919/3919 3916/3916 3928/3928
f 3928/3928 3916/3916 3929/3929
f 3916/3916 3927/3927 3930/3930
f 3931/3931 3932/3932 3933/3933
f 3932/3932 3934/3934 3925/3925
f 3931/3931 3934/3934 3932/3932
f 3934/3934 3935/3935 3936/3936
f 3936/3936 3937/3937 3934/3934
f 3935/3935 3934/3934 3938/3938
f 3934/3934 3937/3937 3922/3922
f 3925/3925 3934/3934 3922/3922
f 3938/3938 3934/3934 3939/3939
f 3939/3939 3934/3934 3931/3931
f 3940/3940 3941/3941 3942/3942
f 3940/3940 3943/3943 3941/3941
f 3944/3944 3943/3943 3940/3940
f 3945/3945 3946/3946 3947/3947
f 3946/3946 3945/3945 3948/3948
f 3946/3946 3949/3949 3947/3947
f 3950/3950 3949/3949 3946/3946
f 3944/3944 3951/3951 3943/3943
f 3949/3949 3950/3950 3952/3952
f 3952/3952 3950/3950 3953/3953
f 3951/3951 3954/3954 3955/3955
f 3951/3951 3944/3944 3954/3954
f 3956/3956 3957/3957 3958/3958
f 3952/3952 3953/3953 3959/3959
f 3957/3957 3960/3960 3961/3961
f 3960/3960 3957/3957 3956/3956
f 3962/3962 3960/3960 3963/3963
f 3962/3962 3964/3964 3960/3960
f 3965/3965 3963/3963 3960/3960
f 3965/3965 3960/3960 3956/3956
f 3966/3966 3960/3960 3964/3964
f 3960/3960 3966/3966 3961/3961
f 3967/3967 3968/3968 3969/3969
f 3970/3970 3963/3963 3965/3965
f 3967/3967 3971/3971 3968/3968
f 3968/3968 3972/3972 3973/3973
f 3974/3974 3970/3970 3975/3975
f 3968/3968 3976/3976 3972/3972
f 3968/3968 3977/3977 3976/3976
f 3977/3977 3968/3968 3978/3978
f 3970/3970 3974/3974 3963/3963
f 3968/3968 3971/3971 3978/3978
f 3979/3979 3881/3881 3980/3980
f 3981/3981 3978/3978 3971/3971
f 3979/3979 3896/3896 3881/3881
f 3920/3920 3896/3896 3979/3979
f 3971/3971 3967/3967 3982/3982
f 3971/3971 3982/3982 3983/3983
f 3984/3984 3978/3978 3981/3981
f 3980/3980 3881/3881 3985/3985
f 3978/3978 3984/3984 3986/3986
f 3987/3987 3986/3986 3984/3984
f 3985/3985 3881/3881 3988/3988
f 3988/3988 3989/3989 3990/3990
f 3991/3991 3986/3986 3987/3987
f 3988/3988 3881/3881 3989/3989
f 3992/3992 3993/3993 3989/3989
f 3989/3989 3994/3994 3992/3992
f 3995/3995 3989/3989 3993/3993
f 3990/3990 3989/3989 3995/3995
f 3996/3996 3989/3989 3997/3997
f 3994/3994 3989/3989 3996/3996
f 3997/3997 3989/3989 3998/3998
f 3998/3998 3989/3989 3881/3881
f 3995/3995 3999/3999 4000/4000
f 4001/4001 3445/3445 4002/4002
f 4002/4002 3445/3445 3991/3991
f 3999/3999 3995/3995 3993/3993
f 4003/4003 4004/4004 3999/3999
f 4005/4005 3999/3999 4004/4004
f 4003/4003 3999/3999 4006/4006
f 4006/4006 3999/3999 4007/4007
f 3999/3999 3993/3993 4007/4007
f 4008/4008 3999/3999 4009/4009
f 4000/4000 3999/3999 4008/4008
f 4009/4009 3999/3999 4005/4005
f 4010/4010 4011/4011 4012/4012
f 4013/4013 4011/4011 4010/4010
f 4014/4014 4011/4011 4015/4015
f 4012/4012 4011/4011 4014/4014
f 4011/4011 4016/4016 4017/4017
f 4017/4017 4018/4018 4011/4011
f 4011/4011 4019/4019 4015/4015
f 4011/4011 4018/4018 4019/4019
f 4016/4016 4011/4011 4013/4013
f 4020/4020 4004/4004 4021/4021
f 4005/4005 4004/4004 4020/4020
f 4022/4022 4017/4017 4016/4016
f 4021/4021 4004/4004 4023/4023
f 4024/4024 4017/4017 4022/4022
f 4021/4021 4023/4023 4025/4025
f 4026/4026 4027/4027 4023/4023
f 4028/4028 4023/4023 4027/4027
f 4026/4026 4023/4023 4029/4029
f 4029/4029 4023/4023 4004/4004
f 4025/4025 4023/4023 4028/4028
f 4030/4030 4031/4031 4024/4024
f 4028/4028 4027/4027 4032/4032
f 4033/4033 4034/4034 4030/4030
f 4030/4030 4034/4034 4031/4031
f 4035/4035 4036/4036 4034/4034
f 4036/4036 4037/4037 4034/4034
f 4034/4034 4037/4037 4038/4038
f 4034/4034 4038/4038 4031/4031
f 4035/4035 4034/4034 4033/4033
f 4039/4039 4027/4027 4040/4040
f 4039/4039 4040/4040 4041/4041
f 4042/4042 4036/4036 4035/4035
f 4032/4032 4027/4027 4039/4039
f 4041/4041 4040/4040 4043/4043
f 4044/4044 4036/4036 4042/4042
f 4043/4043 4040/4040 4045/4045
f 4044/4044 4046/4046 4036/4036
f 4047/4047 4046/4046 4044/4044
f 4043/4043 4045/4045 4048/4048
f 4049/4049 4050/4050 4045/4045
f 4051/4051 4045/4045 4050/4050
f 4049/4049 4045/4045 4052/4052
f 4052/4052 4045/4045 4040/4040
f 4048/4048 4045/4045 4051/4051
f 4051/4051 4050/4050 4053/4053
f 4054/4054 4055/4055 4056/4056
f 4056/4056 4046/4046 4047/4047
f 4056/4056 4055/4055 4046/4046
f 4057/4057 4055/4055 4054/4054
f 4057/4057 4058/4058 4055/4055
f 4058/4058 4059/4059 4055/4055
f 4055/4055 4060/4060 4046/4046
f 4055/4055 4059/4059 4060/4060
f 4061/4061 4050/4050 4062/4062
f 4061/4061 4062/4062 4063/4063
f 4053/4053 4050/4050 4061/4061
f 4064/4064 4058/4058 4057/4057
f 4065/4065 4058/4058 4064/4064
f 4063/4063 4062/4062 4066/4066
f 4066/4066 4067/4067 4068/4068
f 4066/4066 4062/4062 4067/4067
f 4065/4065 4069/4069 4058/4058
f 4070/4070 4069/4069 4065/4065
f 4068/4068 4067/4067 4071/4071
f 4072/4072 4069/4069 4070/4070
f 4071/4071 4067/4067 4073/4073
f 4071/4071 4073/4073 4074/4074
f 4075/4075 3352/3352 4072/4072
f 4072/4072 3352/3352 4069/4069
f 4074/4074 4073/4073 4076/4076
f 3351/3351 3352/3352 4075/4075
f 4077/4077 4073/4073 4078/4078
f 4078/4078 4073/4073 4067/4067
f 4076/4076 4073/4073 3345/3345
f 4077/4077 3345/3345 4073/4073
f 4079/4079 4077/4077 4080/4080
f 4079/4079 3344/3344 4077/4077
f 4080/4080 4077/4077 4078/4078
f 3344/3344 3345/3345 4077/4077
f 4081/4081 4079/4079 4080/4080
f 4081/4081 4080/4080 4082/4082
f 4080/4080 4078/4078 4083/4083
f 4082/4082 4080/4080 4083/4083
f 4084/4084 4082/4082 4085/4085
f 4084/4084 4081/4081 4082/4082
f 4085/4085 4082/4082 4086/4086
f 4082/4082 4083/4083 4086/4086
f 4085/4085 4086/4086 4087/4087
f 4086/4086 4083/4083 4088/4088
f 4086/4086 4088/4088 4089/4089
f 4087/4087 4086/4086 4089/4089
f 4089/4089 4090/4090 4091/4091
f 4089/4089 4088/4088 4090/4090
f 4092/4092 4089/4089 4091/4091
f 4087/4087 4089/4089 4092/4092
f 4093/4093 4092/4092 4094/4094
f 4094/4094 4092/4092 4095/4095
f 4092/4092 4091/4091 4095/4095
f 4093/4093 4087/4087 4092/4092
f 4096/4096 4093/4093 4097/4097
f 4097/4097 4093/4093 4094/4094
f 4096/4096 4098/4098 4093/4093
f 4098/4098 4087/4087 4093/4093
f 4099/4099 4100/4100 4098/4098
f 4100/4100 4085/4085 4098/4098
f 4099/4099 4098/4098 4096/4096
f 4098/4098 4085/4085 4087/4087
f 4101/4101 4099/4099 4096/4096
f 4102/4102 4103/4103 4099/4099
f 4099/4099 4104/4104 4102/4102
f 4104/4104 4099/4099 4101/4101
f 4103/4103 4100/4100 4099/4099
f 3290/3290 4105/4105 4103/4103
f 4103/4103 4105/4105 4100/4100
f 4106/4106 4103/4103 4102/4102
f 4103/4103 4106/4106 4107/4107
f 4107/4107 3290/3290 4103/4103
f 3291/3291 3290/3290 4107/4107
f 4108/4108 3289/3289 3288/3288
f 3289/3289 4108/4108 4109/4109
f 4110/4110 4111/4111 4109/4109
f 3289/3289 4109/4109 4111/4111
f 4112/4112 3289/3289 4111/4111
f 4111/4111 4110/4110 4113/4113
f 4114/4114 4111/4111 4115/4115
f 4111/4111 4113/4113 4115/4115
f 4112/4112 4111/4111 4114/4114
f 3364/3364 4114/4114 3365/3365
f 3365/3365 4114/4114 3370/3370
f 4114/4114 4115/4115 3370/3370
f 3364/3364 4112/4112 4114/4114
f 3283/3283 3289/3289 4112/4112
f 4116/4116 3283/3283 4112/4112
f 4116/4116 4112/4112 3364/3364
f 3358/3358 4116/4116 3359/3359
f 3359/3359 4116/4116 3364/3364
f 3282/3282 3283/3283 4116/4116
f 3358/3358 3282/3282 4116/4116
f 4115/4115 4117/4117 3373/3373
f 3370/3370 4115/4115 3373/3373
f 4115/4115 4118/4118 4117/4117
f 4118/4118 4115/4115 4113/4113
f 4119/4119 3373/3373 4117/4117
f 4120/4120 4097/4097 4121/4121
f 4097/4097 4120/4120 4096/4096
f 4096/4096 4120/4120 4101/4101
f 3373/3373 4119/4119 4122/4122
f 4097/4097 4123/4123 4121/4121
f 3373/3373 4122/4122 3374/3374
f 4124/4124 3374/3374 4122/4122
f 4125/4125 4123/4123 4097/4097
f 4123/4123 4125/4125 4126/4126
f 4125/4125 4127/4127 4126/4126
f 3374/3374 4124/4124 4128/4128
f 4129/4129 3376/3376 4128/4128
f 4127/4127 3712/3712 4130/4130
f 3712/3712 4127/4127 4125/4125
f 3374/3374 4128/4128 3376/3376
f 3376/3376 4129/4129 3705/3705
f 3712/3712 3702/3702 4130/4130
f 4097/4097 4094/4094 4125/4125
f 4125/4125 4094/4094 4131/4131
f 4125/4125 4131/4131 3712/3712
f 4094/4094 4095/4095 4131/4131
f 4131/4131 4095/4095 4132/4132
f 4131/4131 4132/4132 3713/3713
f 3712/3712 4131/4131 3713/3713
f 4133/4133 4132/4132 4095/4095
f 4132/4132 4134/4134 4135/4135
f 4132/4132 4135/4135 3714/3714
f 4134/4134 4132/4132 4133/4133
f 3713/3713 4132/4132 3714/3714
f 4134/4134 4136/4136 4135/4135
f 4133/4133 4137/4137 4134/4134
f 4134/4134 4052/4052 4136/4136
f 4137/4137 4052/4052 4134/4134
f 4091/4091 4137/4137 4133/4133
f 4091/4091 4090/4090 4137/4137
f 4090/4090 4049/4049 4137/4137
f 4137/4137 4049/4049 4052/4052
f 4052/4052 4040/4040 4136/4136
f 4135/4135 4136/4136 4026/4026
f 4136/4136 4040/4040 4027/4027
f 4136/4136 4027/4027 4026/4026
f 4095/4095 4091/4091 4133/4133
f 4135/4135 4026/4026 4138/4138
f 3714/3714 4135/4135 4138/4138
f 4138/4138 4026/4026 4029/4029
f 3714/3714 4138/4138 3715/3715
f 3715/3715 4138/4138 4139/4139
f 4138/4138 4029/4029 4139/4139
f 3736/3736 4139/4139 3750/3750
f 4139/4139 3751/3751 3750/3750
f 3715/3715 4139/4139 3736/3736
f 4139/4139 4003/4003 3751/3751
f 4139/4139 4029/4029 4003/4003
f 3290/3290 3295/3295 4105/4105
f 4105/4105 4084/4084 4100/4100
f 4105/4105 4140/4140 4084/4084
f 3295/3295 4140/4140 4105/4105
f 3295/3295 4141/4141 4140/4140
f 4141/4141 4142/4142 4140/4140
f 4140/4140 4081/4081 4084/4084
f 4140/4140 4142/4142 4081/4081
f 4142/4142 4079/4079 4081/4081
f 4142/4142 4143/4143 4079/4079
f 4144/4144 4143/4143 4142/4142
f 4141/4141 4144/4144 4142/4142
f 4145/4145 3319/3319 4144/4144
f 4145/4145 4144/4144 4141/4141
f 3319/3319 3322/3322 4144/4144
f 4144/4144 3322/3322 4143/4143
f 3314/3314 3315/3315 4145/4145
f 3314/3314 4145/4145 3297/3297
f 3315/3315 3319/3319 4145/4145
f 3297/3297 4145/4145 4141/4141
f 3322/3322 3327/3327 4143/4143
f 4143/4143 3327/3327 3344/3344
f 4143/4143 3344/3344 4079/4079
f 3297/3297 4141/4141 3295/3295
f 4100/4100 4084/4084 4085/4085
f 4090/4090 4146/4146 4049/4049
f 4088/4088 4146/4146 4090/4090
f 4147/4147 4062/4062 4146/4146
f 4146/4146 4062/4062 4050/4050
f 4146/4146 4050/4050 4049/4049
f 4088/4088 4147/4147 4146/4146
f 4147/4147 4067/4067 4062/4062
f 4078/4078 4067/4067 4147/4147
f 4083/4083 4147/4147 4088/4088
f 4083/4083 4078/4078 4147/4147
f 3352/3352 3355/3355 4069/4069
f 4069/4069 3355/3355 3361/3361
f 4069/4069 3361/3361 4058/4058
f 4046/4046 4060/4060 4148/4148
f 4060/4060 4149/4149 4148/4148
f 4060/4060 3367/3367 4149/4149
f 4059/4059 3367/3367 4060/4060
f 4149/4149 4150/4150 4151/4151
f 4148/4148 4149/4149 4151/4151
f 4149/4149 3368/3368 4150/4150
f 3367/3367 3368/3368 4149/4149
f 3378/3378 4151/4151 4150/4150
f 3378/3378 4150/4150 3372/3372
f 3368/3368 3372/3372 4150/4150
f 4037/4037 4151/4151 4152/4152
f 4151/4151 3378/3378 4152/4152
f 4148/4148 4151/4151 4037/4037
f 4037/4037 4152/4152 4038/4038
f 4038/4038 4152/4152 3388/3388
f 4152/4152 3381/3381 3388/3388
f 4152/4152 3378/3378 3381/3381
f 4046/4046 4148/4148 4036/4036
f 4036/4036 4148/4148 4037/4037
f 4058/4058 3361/3361 4059/4059
f 3361/3361 3362/3362 4059/4059
f 4059/4059 3362/3362 3367/3367
f 4038/4038 3388/3388 4153/4153
f 4031/4031 4038/4038 4153/4153
f 4017/4017 4153/4153 4018/4018
f 4031/4031 4153/4153 4017/4017
f 4153/4153 3389/3389 4018/4018
f 4153/4153 3388/3388 3389/3389
f 4017/4017 4024/4024 4031/4031
f 4029/4029 4004/4004 4003/4003
f 4019/4019 4018/4018 4154/4154
f 4018/4018 3394/3394 4154/4154
f 4018/4018 3389/3389 3394/3394
f 4019/4019 4154/4154 4155/4155
f 4154/4154 3394/3394 3395/3395
f 4154/4154 3395/3395 4155/4155
f 4019/4019 4155/4155 3434/3434
f 4156/4156 3434/3434 4155/4155
f 4156/4156 4155/4155 4157/4157
f 4158/4158 4155/4155 3395/3395
f 4157/4157 4155/4155 4158/4158
f 3412/3412 3420/3420 4159/4159
f 4158/4158 3395/3395 3408/3408
f 3411/3411 3412/3412 4159/4159
f 4015/4015 4019/4019 3434/3434
f 4014/4014 4015/4015 3438/3438
f 4015/4015 3434/3434 3438/3438
f 3445/3445 4001/4001 4014/4014
f 4012/4012 4014/4014 4001/4001
f 4014/4014 3438/3438 3445/3445
f 4160/4160 4007/4007 3992/3992
f 4006/4006 4007/4007 4160/4160
f 4007/4007 3993/3993 3992/3992
f 4161/4161 4006/4006 4160/4160
f 4162/4162 4160/4160 4163/4163
f 4162/4162 4161/4161 4160/4160
f 4163/4163 4160/4160 4164/4164
f 4160/4160 4165/4165 4166/4166
f 4165/4165 4160/4160 3992/3992
f 4160/4160 4166/4166 4164/4164
f 3752/3752 4167/4167 4161/4161
f 4161/4161 3764/3764 3752/3752
f 4161/4161 4162/4162 4168/4168
f 3764/3764 4161/4161 4168/4168
f 4167/4167 4006/4006 4161/4161
f 3751/3751 4003/4003 4167/4167
f 3751/3751 4167/4167 3752/3752
f 4003/4003 4006/4006 4167/4167
f 4169/4169 4170/4170 4171/4171
f 4172/4172 4173/4173 4174/4174
f 4174/4174 4173/4173 4175/4175
f 4175/4175 4176/4176 4177/4177
f 4178/4178 4179/4179 4169/4169
f 4169/4169 4179/4179 4170/4170
f 4175/4175 4173/4173 4176/4176
f 4180/4180 4176/4176 4173/4173
f 4181/4181 4176/4176 4180/4180
f 4181/4181 4182/4182 4176/4176
f 4177/4177 4176/4176 4182/4182
f 4183/4183 4181/4181 4180/4180
f 4184/4184 4181/4181 4183/4183
f 4184/4184 4185/4185 4181/4181
f 4185/4185 4182/4182 4181/4181
f 4186/4186 4185/4185 4184/4184
f 4185/4185 4186/4186 4187/4187
f 4187/4187 4188/4188 4185/4185
f 4185/4185 4188/4188 4182/4182
f 4187/4187 4189/4189 4188/4188
f 4190/4190 4188/4188 4189/4189
f 4191/4191 4182/4182 4188/4188
f 4191/4191 4188/4188 4190/4190
f 4192/4192 4193/4193 4194/4194
f 4192/4192 4195/4195 4193/4193
f 4196/4196 4195/4195 4192/4192
f 4190/4190 4189/4189 4197/4197
f 4197/4197 4198/4198 4199/4199
f 4200/4200 4201/4201 4196/4196
f 4197/4197 4189/4189 4198/4198
f 4196/4196 4201/4201 4195/4195
f 4202/4202 3777/3777 4201/4201
f 4202/4202 4201/4201 4200/4200
f 4201/4201 3777/3777 3775/3775
f 4201/4201 3775/3775 4195/4195
f 3782/3782 3784/3784 4203/4203
f 3781/3781 3777/3777 4202/4202
f 3782/3782 4203/4203 4204/4204
f 4189/4189 4205/4205 4198/4198
f 4206/4206 4207/4207 4208/4208
f 4208/4208 4207/4207 4209/4209
f 4210/4210 4207/4207 4211/4211
f 4207/4207 4212/4212 4211/4211
f 4206/4206 4213/4213 4207/4207
f 4207/4207 4213/4213 4212/4212
f 4209/4209 4207/4207 4210/4210
f 4211/4211 4212/4212 4214/4214
f 4212/4212 3847/3847 4214/4214
f 4213/4213 3846/3846 4212/4212
f 4212/4212 3846/3846 3847/3847
f 4214/4214 4215/4215 4216/4216
f 4217/4217 4214/4214 4216/4216
f 4214/4214 3847/3847 4215/4215
f 4211/4211 4214/4214 4217/4217
f 4218/4218 4211/4211 4217/4217
f 4217/4217 4216/4216 3810/3810
f 4219/4219 4217/4217 3810/3810
f 4218/4218 4217/4217 4219/4219
f 4220/4220 4221/4221 3789/3789
f 4219/4219 3810/3810 3812/3812
f 4221/4221 4220/4220 3805/3805
f 4215/4215 4222/4222 4216/4216
f 3836/3836 3833/3833 4215/4215
f 3847/3847 3836/3836 4215/4215
f 4222/4222 4215/4215 3833/3833
f 4216/4216 3813/3813 3810/3810
f 3813/3813 4216/4216 4222/4222
f 4206/4206 4223/4223 4213/4213
f 4223/4223 3849/3849 4213/4213
f 4213/4213 3849/3849 3846/3846
f 4210/4210 4211/4211 4218/4218
f 4223/4223 4206/4206 4224/4224
f 4205/4205 4189/4189 4187/4187
f 4205/4205 4187/4187 4225/4225
f 4187/4187 4186/4186 4225/4225
f 4195/4195 3775/3775 3771/3771
f 4195/4195 3771/3771 4193/4193
f 4194/4194 4193/4193 4226/4226
f 4193/4193 3771/3771 3770/3770
f 4193/4193 3770/3770 4226/4226
f 4194/4194 4226/4226 4178/4178
f 4178/4178 4226/4226 4179/4179
f 4226/4226 3768/3768 4179/4179
f 4226/4226 3770/3770 3768/3768
f 4177/4177 4182/4182 4191/4191
f 4186/4186 4184/4184 4227/4227
f 4228/4228 3849/3849 4223/4223
f 4228/4228 4223/4223 4229/4229
f 4184/4184 4230/4230 4227/4227
f 4228/4228 3850/3850 3849/3849
f 4230/4230 3866/3866 4231/4231
f 4230/4230 4184/4184 3866/3866
f 3855/3855 4228/4228 4232/4232
f 3855/3855 3850/3850 4228/4228
f 3866/3866 3867/3867 4231/4231
f 4183/4183 4180/4180 4233/4233
f 3865/3865 4184/4184 4183/4183
f 3865/3865 4183/4183 4233/4233
f 4234/4234 3865/3865 4233/4233
f 4235/4235 4233/4233 4180/4180
f 4233/4233 4235/4235 4234/4234
f 4184/4184 3865/3865 3866/3866
f 4235/4235 4180/4180 4236/4236
f 4180/4180 4173/4173 4236/4236
f 4172/4172 4236/4236 4173/4173
f 4237/4237 4236/4236 4172/4172
f 4235/4235 4236/4236 4237/4237
f 4238/4238 3992/3992 3994/3994
f 4165/4165 3992/3992 4238/4238
f 4239/4239 4179/4179 3768/3768
f 4240/4240 4179/4179 4239/4239
f 4170/4170 4179/4179 4240/4240
f 3768/3768 3767/3767 4239/4239
f 4241/4241 3864/3864 4242/4242
f 4243/4243 4241/4241 4244/4244
f 3863/3863 4241/4241 4243/4243
f 4241/4241 3863/3863 3864/3864
f 3998/3998 3881/3881 4245/4245
f 4245/4245 3881/3881 3883/3883
f 3877/3877 3879/3879 4246/4246
f 4242/4242 3864/3864 3865/3865
f 4242/4242 3865/3865 4234/4234
f 3986/3986 3991/3991 3445/3445
f 3986/3986 4247/4247 4248/4248
f 4249/4249 3986/3986 4248/4248
f 3986/3986 4250/4250 4247/4247
f 4251/4251 3986/3986 4249/4249
f 4252/4252 3986/3986 4251/4251
f 4253/4253 3986/3986 4252/4252
f 3986/3986 4253/4253 3978/3978
f 3445/3445 4250/4250 3986/3986
f 3445/3445 3449/3449 4250/4250
f 3451/3451 3454/3454 4254/4254
f 3459/3459 4254/4254 3454/3454
f 4254/4254 3459/3459 4255/4255
f 4254/4254 4255/4255 4256/4256
f 4257/4257 4258/4258 4259/4259
f 4259/4259 4260/4260 4261/4261
f 4259/4259 4258/4258 4260/4260
f 4257/4257 3462/3462 4258/4258
f 3462/3462 4262/4262 4258/4258
f 4260/4260 4258/4258 4263/4263
f 4263/4263 4258/4258 4264/4264
f 4258/4258 4262/4262 4264/4264
f 4262/4262 4265/4265 4264/4264
f 4264/4264 4265/4265 4266/4266
f 4263/4263 4264/4264 4267/4267
f 4267/4267 4264/4264 4266/4266
f 4267/4267 4266/4266 4268/4268
f 4268/4268 4266/4266 4269/4269
f 4265/4265 4270/4270 4266/4266
f 4266/4266 4270/4270 4269/4269
f 4268/4268 4269/4269 4271/4271
f 4270/4270 4272/4272 4269/4269
f 4269/4269 4272/4272 4273/4273
f 4271/4271 4269/4269 4273/4273
f 4273/4273 4274/4274 4275/4275
f 4274/4274 4273/4273 4276/4276
f 4272/4272 4277/4277 4273/4273
f 4273/4273 4277/4277 4276/4276
f 4271/4271 4273/4273 4275/4275
f 4274/4274 4276/4276 4278/4278
f 4278/4278 4276/4276 4279/4279
f 4277/4277 4280/4280 4276/4276
f 4276/4276 4280/4280 4279/4279
f 4278/4278 4279/4279 4281/4281
f 4281/4281 4279/4279 4282/4282
f 4283/4283 4279/4279 4280/4280
f 4279/4279 4283/4283 4282/4282
f 4284/4284 4285/4285 4286/4286
f 4283/4283 4280/4280 4287/4287
f 4288/4288 4285/4285 4284/4284
f 4286/4286 4285/4285 4289/4289
f 4289/4289 4285/4285 4290/4290
f 4288/4288 4291/4291 4285/4285
f 4291/4291 4292/4292 4285/4285
f 4290/4290 4285/4285 4292/4292
f 4291/4291 4293/4293 4292/4292
f 4293/4293 3974/3974 4292/4292
f 4290/4290 4292/4292 3975/3975
f 3975/3975 4292/4292 3974/3974
f 4293/4293 4294/4294 4295/4295
f 4295/4295 4296/4296 4293/4293
f 4291/4291 4294/4294 4293/4293
f 4293/4293 4296/4296 3974/3974
f 4297/4297 4298/4298 4299/4299
f 4297/4297 4300/4300 4298/4298
f 4301/4301 4299/4299 4298/4298
f 4294/4294 4291/4291 4302/4302
f 4302/4302 4303/4303 4304/4304
f 4291/4291 4303/4303 4302/4302
f 4299/4299 4301/4301 4305/4305
f 4306/4306 4307/4307 4308/4308
f 4309/4309 4280/4280 4310/4310
f 4311/4311 4280/4280 4309/4309
f 4299/4299 4305/4305 4312/4312
f 4313/4313 4314/4314 4307/4307
f 4315/4315 4299/4299 4312/4312
f 4313/4313 4307/4307 4316/4316
f 4316/4316 4307/4307 4317/4317
f 4317/4317 4307/4307 4306/4306
f 4318/4318 4277/4277 4319/4319
f 4310/4310 4280/4280 4318/4318
f 4318/4318 4280/4280 4277/4277
f 4319/4319 4272/4272 4320/4320
f 4319/4319 4277/4277 4272/4272
f 3474/3474 4314/4314 4313/4313
f 4320/4320 4265/4265 4321/4321
f 4320/4320 4272/4272 4270/4270
f 4320/4320 4270/4270 4265/4265
f 3474/3474 3478/3478 4314/4314
f 4322/4322 4323/4323 4315/4315
f 4315/4315 4323/4323 4299/4299
f 4322/4322 4324/4324 4323/4323
f 4297/4297 4323/4323 4325/4325
f 4297/4297 4299/4299 4323/4323
f 4325/4325 4323/4323 4324/4324
f 4326/4326 4297/4297 4325/4325
f 4326/4326 4325/4325 4327/4327
f 4327/4327 4325/4325 4328/4328
f 4325/4325 4324/4324 4328/4328
f 4329/4329 4328/4328 4330/4330
f 4328/4328 4331/4331 4330/4330
f 4327/4327 4328/4328 4329/4329
f 4328/4328 4324/4324 4331/4331
f 4332/4332 4331/4331 4324/4324
f 4333/4333 4331/4331 4332/4332
f 4333/4333 4334/4334 4331/4331
f 4330/4330 4331/4331 4334/4334
f 4330/4330 4334/4334 4335/4335
f 4336/4336 4335/4335 4334/4334
f 4337/4337 4334/4334 4333/4333
f 4336/4336 4334/4334 4338/4338
f 4338/4338 4334/4334 4337/4337
f 4339/4339 4340/4340 4341/4341
f 4342/4342 4343/4343 4344/4344
f 4345/4345 4346/4346 4347/4347
f 4344/4344 4343/4343 4348/4348
f 4349/4349 4346/4346 4345/4345
f 4343/4343 4350/4350 4348/4348
f 4346/4346 4349/4349 4351/4351
f 4349/4349 4352/4352 4351/4351
f 4353/4353 4352/4352 4349/4349
f 4350/4350 4354/4354 4355/4355
f 4350/4350 4343/4343 4354/4354
f 4343/4343 4356/4356 4354/4354
f 4357/4357 4354/4354 4358/4358
f 4358/4358 4354/4354 4359/4359
f 4359/4359 4354/4354 4360/4360
f 4360/4360 4354/4354 4356/4356
f 4355/4355 4354/4354 4357/4357
f 4361/4361 4362/4362 4363/4363
f 4364/4364 4362/4362 4361/4361
f 4362/4362 4365/4365 4366/4366
f 4365/4365 4362/4362 4367/4367
f 4366/4366 4368/4368 4362/4362
f 4367/4367 4362/4362 3511/3511
f 4364/4364 3511/3511 4362/4362
f 4362/4362 4369/4369 4363/4363
f 4362/4362 4370/4370 4369/4369
f 4368/4368 4370/4370 4362/4362
f 4371/4371 4372/4372 4373/4373
f 4370/4370 4374/4374 4375/4375
f 4370/4370 4376/4376 4374/4374
f 4370/4370 4377/4377 4376/4376
f 4370/4370 4368/4368 4377/4377
f 4352/4352 4378/4378 4373/4373
f 4373/4373 4378/4378 4379/4379
f 4373/4373 4372/4372 4352/4352
f 4372/4372 4351/4351 4352/4352
f 4380/4380 4351/4351 4372/4372
f 4381/4381 4380/4380 4372/4372
f 4371/4371 4381/4381 4372/4372
f 4382/4382 4380/4380 4381/4381
f 4383/4383 4382/4382 4381/4381
f 4384/4384 4381/4381 4371/4371
f 4381/4381 4384/4384 4383/4383
f 4375/4375 4374/4374 4385/4385
f 4386/4386 4387/4387 4384/4384
f 4384/4384 4387/4387 4383/4383
f 4388/4388 4389/4389 4387/4387
f 4390/4390 4388/4388 4387/4387
f 4389/4389 4391/4391 4387/4387
f 4387/4387 4391/4391 4383/4383
f 4390/4390 4387/4387 4386/4386
f 4392/4392 4393/4393 4391/4391
f 4393/4393 4383/4383 4391/4391
f 4392/4392 4391/4391 4394/4394
f 4394/4394 4391/4391 4389/4389
f 4395/4395 4396/4396 4397/4397
f 4392/4392 4382/4382 4393/4393
f 4398/4398 4382/4382 4392/4392
f 4396/4396 4335/4335 4399/4399
f 4400/4400 4335/4335 4396/4396
f 4400/4400 4396/4396 4395/4395
f 4401/4401 4382/4382 4398/4398
f 4402/4402 4403/4403 4400/4400
f 4400/4400 4403/4403 4335/4335
f 4404/4404 4405/4405 4406/4406
f 4400/4400 4407/4407 4408/4408
f 4409/4409 4405/4405 4404/4404
f 4400/4400 4395/4395 4407/4407
f 4405/4405 4410/4410 4411/4411
f 4406/4406 4405/4405 4411/4411
f 4412/4412 4405/4405 4413/4413
f 4414/4414 4405/4405 4412/4412
f 4405/4405 4415/4415 4413/4413
f 4405/4405 4409/4409 4415/4415
f 4410/4410 4405/4405 4414/4414
f 4414/4414 4416/4416 4417/4417
f 4418/4418 4416/4416 4414/4414
f 4410/4410 4414/4414 4417/4417
f 4418/4418 4414/4414 4412/4412
f 4419/4419 4420/4420 4421/4421
f 4416/4416 4418/4418 4422/4422
f 4422/4422 4418/4418 4423/4423
f 4418/4418 4424/4424 4423/4423
f 4418/4418 4412/4412 4425/4425
f 4426/4426 4418/4418 4425/4425
f 4427/4427 4418/4418 4426/4426
f 4418/4418 4427/4427 4424/4424
f 4428/4428 4429/4429 4430/4430
f 4429/4429 4431/4431 4432/4432
f 4429/4429 4428/4428 4431/4431
f 4433/4433 4434/4434 4435/4435
f 4436/4436 4437/4437 4438/4438
f 4439/4439 4440/4440 4441/4441
f 4440/4440 4442/4442 4443/4443
f 4442/4442 4440/4440 4439/4439
f 4428/4428 4430/4430 4444/4444
f 4426/4426 4445/4445 4446/4446
f 4447/4447 4437/4437 4436/4436
f 4368/4368 4447/4447 4448/4448
f 4445/4445 4425/4425 4449/4449
f 4426/4426 4425/4425 4445/4445
f 4368/4368 4437/4437 4447/4447
f 4412/4412 4450/4450 4449/4449
f 4449/4449 4425/4425 4412/4412
f 4451/4451 4452/4452 4453/4453
f 4454/4454 4451/4451 4453/4453
f 4454/4454 4453/4453 4455/4455
f 4433/4433 4456/4456 4434/4434
f 4457/4457 4456/4456 4433/4433
f 4456/4456 4457/4457 4458/4458
f 4459/4459 4451/4451 4454/4454
f 4459/4459 4460/4460 4451/4451
f 4461/4461 4460/4460 4459/4459
f 4462/4462 4463/4463 4460/4460
f 4464/4464 4462/4462 4460/4460
f 4460/4460 4463/4463 4451/4451
f 4461/4461 4465/4465 4460/4460
f 4464/4464 4460/4460 4465/4465
f 4465/4465 4461/4461 4466/4466
f 4466/4466 4467/4467 4465/4465
f 4468/4468 4464/4464 4465/4465
f 4468/4468 4465/4465 4467/4467
f 4469/4469 4468/4468 4467/4467
f 4469/4469 4467/4467 4470/4470
f 4471/4471 4467/4467 4466/4466
f 4471/4471 4470/4470 4467/4467
f 4472/4472 4469/4469 4470/4470
f 4473/4473 4470/4470 4471/4471
f 4474/4474 4470/4470 4473/4473
f 4475/4475 4470/4470 4474/4474
f 4472/4472 4470/4470 4475/4475
f 4476/4476 4477/4477 4478/4478
f 4479/4479 4477/4477 4476/4476
f 4479/4479 4476/4476 4480/4480
f 4474/4474 4473/4473 4481/4481
f 4478/4478 4477/4477 4482/4482
f 4483/4483 4484/4484 4485/4485
f 4477/4477 4486/4486 4482/4482
f 4483/4483 4487/4487 4484/4484
f 4487/4487 4483/4483 4488/4488
f 4477/4477 4489/4489 4486/4486
f 4490/4490 4487/4487 4488/4488
f 4491/4491 4489/4489 4477/4477
f 4489/4489 4491/4491 4492/4492
f 4493/4493 4494/4494 4490/4490
f 4490/4490 4494/4494 4487/4487
f 4493/4493 4495/4495 4494/4494
f 4496/4496 4497/4497 4494/4494
f 4495/4495 4496/4496 4494/4494
f 4494/4494 4497/4497 4487/4487
f 4498/4498 4487/4487 4497/4497
f 4499/4499 4497/4497 4500/4500
f 4500/4500 4497/4497 4496/4496
f 4501/4501 4497/4497 4502/4502
f 4502/4502 4497/4497 4499/4499
f 4498/4498 4497/4497 4501/4501
f 4503/4503 4504/4504 4505/4505
f 4503/4503 4472/4472 4504/4504
f 4506/4506 4507/4507 4508/4508
f 4507/4507 4506/4506 4509/4509
f 4510/4510 4468/4468 4503/4503
f 4472/4472 4503/4503 4469/4469
f 4503/4503 4468/4468 4469/4469
f 4511/4511 4509/4509 4506/4506
f 4511/4511 4512/4512 4509/4509
f 4468/4468 4510/4510 4513/4513
f 4513/4513 4464/4464 4468/4468
f 4514/4514 4464/4464 4513/4513
f 4512/4512 4511/4511 4515/4515
f 4515/4515 4511/4511 4516/4516
f 4515/4515 4516/4516 4517/4517
f 4464/4464 4514/4514 4518/4518
f 4464/4464 4518/4518 4519/4519
f 4516/4516 4520/4520 4517/4517
f 4521/4521 4464/4464 4519/4519
f 4520/4520 4522/4522 4523/4523
f 4522/4522 4520/4520 4516/4516
f 4524/4524 4522/4522 4516/4516
f 4525/4525 4526/4526 4522/4522
f 4524/4524 4525/4525 4522/4522
f 4526/4526 4523/4523 4522/4522
f 4527/4527 4528/4528 4524/4524
f 4528/4528 4525/4525 4524/4524
f 4529/4529 4524/4524 4516/4516
f 4527/4527 4524/4524 4529/4529
f 4530/4530 4529/4529 4511/4511
f 4529/4529 4516/4516 4511/4511
f 4531/4531 4529/4529 4530/4530
f 4531/4531 4527/4527 4529/4529
f 4532/4532 4531/4531 4530/4530
f 4533/4533 4530/4530 4506/4506
f 4532/4532 4530/4530 4533/4533
f 4530/4530 4511/4511 4506/4506
f 4534/4534 4535/4535 4536/4536
f 4536/4536 4535/4535 4537/4537
f 4536/4536 4537/4537 4538/4538
f 4536/4536 4538/4538 4539/4539
f 4540/4540 4531/4531 4532/4532
f 4541/4541 4542/4542 4540/4540
f 4540/4540 4542/4542 4531/4531
f 4539/4539 4543/4543 4544/4544
f 4539/4539 4538/4538 4543/4543
f 4544/4544 4543/4543 4545/4545
f 4546/4546 3889/3889 4547/4547
f 4546/4546 3891/3891 3889/3889
f 4548/4548 3891/3891 4546/4546
f 4547/4547 3904/3904 4549/4549
f 4544/4544 4545/4545 4550/4550
f 4547/4547 3892/3892 3904/3904
f 4547/4547 3889/3889 3892/3892
f 4549/4549 3906/3906 4551/4551
f 4544/4544 4550/4550 4552/4552
f 4549/4549 3904/3904 3906/3906
f 4551/4551 3906/3906 4553/4553
f 4544/4544 4552/4552 4554/4554
f 4555/4555 4556/4556 4541/4541
f 4557/4557 4556/4556 4555/4555
f 4558/4558 4559/4559 4560/4560
f 4553/4553 3906/3906 4561/4561
f 4558/4558 4562/4562 4559/4559
f 4563/4563 4562/4562 4558/4558
f 3906/3906 4564/4564 4561/4561
f 4563/4563 3910/3910 4562/4562
f 3913/3913 3910/3910 4563/4563
f 3906/3906 3909/3909 4564/4564
f 4565/4565 4562/4562 3910/3910
f 4566/4566 4562/4562 4567/4567
f 4559/4559 4562/4562 4566/4566
f 4567/4567 4562/4562 4565/4565
f 3923/3923 4567/4567 4565/4565
f 3924/3924 3923/3923 4565/4565
f 3924/3924 4565/4565 4568/4568
f 4568/4568 4565/4565 3910/3910
f 4569/4569 4570/4570 4567/4567
f 4566/4566 4567/4567 4570/4570
f 4569/4569 4567/4567 3923/3923
f 4570/4570 4569/4569 4571/4571
f 3937/3937 4572/4572 4569/4569
f 4569/4569 4572/4572 4573/4573
f 3937/3937 4569/4569 3922/3922
f 4574/4574 4569/4569 4573/4573
f 3922/3922 4569/4569 3923/3923
f 4571/4571 4569/4569 4574/4574
f 4575/4575 4576/4576 4577/4577
f 4575/4575 4578/4578 4576/4576
f 4579/4579 4578/4578 4575/4575
f 4579/4579 4575/4575 4580/4580
f 4576/4576 4578/4578 4581/4581
f 4579/4579 4582/4582 4578/4578
f 4578/4578 4582/4582 4583/4583
f 4578/4578 4583/4583 4581/4581
f 4576/4576 4581/4581 4584/4584
f 4584/4584 4581/4581 4585/4585
f 4581/4581 4583/4583 4586/4586
f 4581/4581 4586/4586 4585/4585
f 4584/4584 4585/4585 4528/4528
f 4528/4528 4585/4585 4525/4525
f 4585/4585 4586/4586 4587/4587
f 4585/4585 4587/4587 4525/4525
f 4525/4525 4587/4587 4526/4526
f 4588/4588 4526/4526 4587/4587
f 4587/4587 4589/4589 4588/4588
f 4589/4589 4587/4587 4586/4586
f 4589/4589 4590/4590 4591/4591
f 4591/4591 4590/4590 4592/4592
f 4591/4591 4592/4592 4593/4593
f 4594/4594 4526/4526 4588/4588
f 4594/4594 4595/4595 4526/4526
f 4595/4595 4594/4594 4596/4596
f 4593/4593 4597/4597 4598/4598
f 4593/4593 4599/4599 4597/4597
f 4593/4593 4592/4592 4599/4599
f 4600/4600 4601/4601 4602/4602
f 4419/4419 4602/4602 4601/4601
f 4602/4602 4419/4419 4603/4603
f 4597/4597 4599/4599 4604/4604
f 4422/4422 4423/4423 4605/4605
f 4606/4606 4607/4607 4608/4608
f 4603/4603 4419/4419 4609/4609
f 4600/4600 4610/4610 4601/4601
f 4610/4610 4611/4611 4601/4601
f 4420/4420 4601/4601 4611/4611
f 4419/4419 4601/4601 4420/4420
f 4610/4610 4612/4612 4611/4611
f 4612/4612 4403/4403 4611/4611
f 4613/4613 4611/4611 4403/4403
f 4420/4420 4611/4611 4613/4613
f 4612/4612 4614/4614 4403/4403
f 4615/4615 4616/4616 4612/4612
f 4616/4616 4614/4614 4612/4612
f 4615/4615 4612/4612 4610/4610
f 4614/4614 4335/4335 4403/4403
f 4616/4616 4329/4329 4614/4614
f 4614/4614 4330/4330 4335/4335
f 4329/4329 4330/4330 4614/4614
f 4617/4617 4618/4618 4615/4615
f 4618/4618 4616/4616 4615/4615
f 4619/4619 4615/4615 4610/4610
f 4617/4617 4615/4615 4619/4619
f 4618/4618 4617/4617 4620/4620
f 4589/4589 4621/4621 4590/4590
f 4589/4589 4622/4622 4621/4621
f 4623/4623 4618/4618 4620/4620
f 4622/4622 4624/4624 4625/4625
f 4622/4622 4589/4589 4626/4626
f 4622/4622 4626/4626 4624/4624
f 4589/4589 4586/4586 4626/4626
f 4626/4626 4586/4586 4627/4627
f 4625/4625 4624/4624 4628/4628
f 4627/4627 4583/4583 4629/4629
f 4627/4627 4586/4586 4583/4583
f 4630/4630 4629/4629 4582/4582
f 4629/4629 4583/4583 4582/4582
f 4629/4629 4630/4630 4631/4631
f 4625/4625 4628/4628 4632/4632
f 4632/4632 4628/4628 4633/4633
f 4634/4634 4635/4635 4631/4631
f 4631/4631 4630/4630 4636/4636
f 4637/4637 4638/4638 4639/4639
f 4634/4634 3941/3941 4635/4635
f 3942/3942 3941/3941 4634/4634
f 4638/4638 3936/3936 3935/3935
f 3936/3936 4638/4638 4637/4637
f 4640/4640 3936/3936 4637/4637
f 4625/4625 4632/4632 4641/4641
f 3948/3948 4642/4642 4643/4643
f 4644/4644 4623/4623 4642/4642
f 4644/4644 4642/4642 4645/4645
f 4646/4646 4647/4647 4648/4648
f 3948/3948 4649/4649 4642/4642
f 4647/4647 4650/4650 4651/4651
f 4646/4646 4650/4650 4647/4647
f 4651/4651 4650/4650 3962/3962
f 3964/3964 3962/3962 4650/4650
f 4652/4652 3964/3964 4650/4650
f 4652/4652 4650/4650 4646/4646
f 4653/4653 3964/3964 4652/4652
f 3948/3948 3945/3945 4654/4654
f 3948/3948 4654/4654 4649/4649
f 4623/4623 4644/4644 4655/4655
f 4656/4656 4644/4644 4657/4657
f 4656/4656 4655/4655 4644/4644
f 4651/4651 3962/3962 4658/4658
f 4623/4623 4655/4655 4618/4618
f 4655/4655 4656/4656 4659/4659
f 4655/4655 4660/4660 4618/4618
f 4655/4655 4659/4659 4660/4660
f 4660/4660 4329/4329 4616/4616
f 4618/4618 4660/4660 4616/4616
f 4660/4660 4327/4327 4329/4329
f 4659/4659 4327/4327 4660/4660
f 4659/4659 4661/4661 4326/4326
f 4659/4659 4326/4326 4327/4327
f 4661/4661 4659/4659 4656/4656
f 4661/4661 4656/4656 4662/4662
f 4296/4296 4663/4663 4664/4664
f 4296/4296 4665/4665 4663/4663
f 4666/4666 4326/4326 4661/4661
f 4300/4300 4297/4297 4666/4666
f 4666/4666 4297/4297 4326/4326
f 4665/4665 4296/4296 4295/4295
f 4667/4667 4296/4296 4664/4664
f 4658/4658 3962/3962 4667/4667
f 4667/4667 3962/3962 4296/4296
f 4630/4630 4579/4579 4668/4668
f 4630/4630 4582/4582 4579/4579
f 3937/3937 4640/4640 4669/4669
f 3936/3936 4640/4640 3937/3937
f 4572/4572 3937/3937 4669/4669
f 4619/4619 4610/4610 4600/4600
f 4670/4670 4671/4671 4672/4672
f 4606/4606 4673/4673 4607/4607
f 4674/4674 4671/4671 4670/4670
f 4674/4674 4675/4675 4671/4671
f 4676/4676 4451/4451 4677/4677
f 4677/4677 4678/4678 4679/4679
f 4677/4677 4463/4463 4678/4678
f 4677/4677 4451/4451 4463/4463
f 4595/4595 4596/4596 4680/4680
f 4678/4678 4463/4463 4681/4681
f 4443/4443 4442/4442 4675/4675
f 4443/4443 4675/4675 4674/4674
f 4451/4451 4676/4676 4452/4452
f 4432/4432 4673/4673 4606/4606
f 4432/4432 4431/4431 4673/4673
f 4523/4523 4526/4526 4595/4595
f 4523/4523 4595/4595 4682/4682
f 4681/4681 4462/4462 4683/4683
f 4681/4681 4463/4463 4462/4462
f 4462/4462 4521/4521 4683/4683
f 4684/4684 4584/4584 4528/4528
f 4685/4685 4584/4584 4684/4684
f 4685/4685 4576/4576 4584/4584
f 4556/4556 4685/4685 4684/4684
f 4556/4556 4684/4684 4542/4542
f 4542/4542 4684/4684 4527/4527
f 4684/4684 4528/4528 4527/4527
f 4577/4577 4576/4576 4685/4685
f 4686/4686 4685/4685 4556/4556
f 4687/4687 4685/4685 4686/4686
f 4577/4577 4685/4685 4687/4687
f 4686/4686 4556/4556 4557/4557
f 4541/4541 4556/4556 4542/4542
f 4542/4542 4527/4527 4531/4531
f 3874/3874 3875/3875 4548/4548
f 4538/4538 4688/4688 4689/4689
f 4538/4538 4690/4690 4688/4688
f 4548/4548 3875/3875 3891/3891
f 4538/4538 4537/4537 4690/4690
f 4533/4533 4506/4506 4691/4691
f 4692/4692 4534/4534 4693/4693
f 4534/4534 4694/4694 4535/4535
f 4694/4694 4534/4534 4695/4695
f 4695/4695 4534/4534 4696/4696
f 4696/4696 4534/4534 4692/4692
f 4697/4697 4698/4698 4699/4699
f 4697/4697 4699/4699 4700/4700
f 4701/4701 4698/4698 4697/4697
f 4697/4697 4700/4700 4702/4702
f 4702/4702 4700/4700 4703/4703
f 4703/4703 4700/4700 4704/4704
f 4704/4704 4700/4700 4705/4705
f 4700/4700 4699/4699 4705/4705
f 4705/4705 4706/4706 4707/4707
f 4706/4706 4705/4705 4708/4708
f 4705/4705 4699/4699 4708/4708
f 4709/4709 4704/4704 4705/4705
f 4709/4709 4705/4705 4707/4707
f 4710/4710 4711/4711 4712/4712
f 4713/4713 4704/4704 4709/4709
f 4714/4714 4711/4711 4710/4710
f 4711/4711 4715/4715 4716/4716
f 4491/4491 4715/4715 4711/4711
f 4717/4717 4711/4711 4718/4718
f 4712/4712 4711/4711 4717/4717
f 4719/4719 4711/4711 4720/4720
f 4718/4718 4711/4711 4719/4719
f 4711/4711 4721/4721 3708/3708
f 3708/3708 3709/3709 4711/4711
f 4711/4711 3709/3709 4722/4722
f 4711/4711 4723/4723 4491/4491
f 4720/4720 4711/4711 4722/4722
f 4721/4721 4711/4711 4716/4716
f 4711/4711 4714/4714 4723/4723
f 4724/4724 4725/4725 4726/4726
f 4726/4726 4725/4725 4727/4727
f 4726/4726 4727/4727 4728/4728
f 4725/4725 4729/4729 4727/4727
f 4730/4730 4727/4727 4729/4729
f 4730/4730 4728/4728 4727/4727
f 4731/4731 4704/4704 4732/4732
f 4733/4733 4704/4704 4731/4731
f 4728/4728 4730/4730 4734/4734
f 4730/4730 4729/4729 4735/4735
f 4733/4733 4703/4703 4704/4704
f 4703/4703 4733/4733 4736/4736
f 4735/4735 4729/4729 4737/4737
f 4738/4738 4703/4703 4736/4736
f 4737/4737 4739/4739 4740/4740
f 4738/4738 4736/4736 4741/4741
f 4737/4737 4729/4729 4739/4739
f 4742/4742 4743/4743 4744/4744
f 4742/4742 4694/4694 4743/4743
f 4702/4702 4703/4703 4738/4738
f 3838/3838 4745/4745 4746/4746
f 4739/4739 4729/4729 4747/4747
f 3838/3838 3841/3841 4745/4745
f 4732/4732 4704/4704 4713/4713
f 4728/4728 4734/4734 4748/4748
f 4747/4747 4729/4729 3832/3832
f 3832/3832 4729/4729 4725/4725
f 3830/3830 3832/3832 4725/4725
f 4724/4724 3830/3830 4725/4725
f 4749/4749 3830/3830 4724/4724
f 4722/4722 4750/4750 4720/4720
f 3826/3826 4749/4749 4751/4751
f 4749/4749 3826/3826 3830/3830
f 4722/4722 4752/4752 4750/4750
f 4753/4753 3826/3826 4751/4751
f 4752/4752 4722/4722 3718/3718
f 4752/4752 3718/3718 4754/4754
f 4753/4753 3820/3820 3822/3822
f 4755/4755 3820/3820 4753/4753
f 4753/4753 3822/3822 3826/3826
f 4754/4754 3718/3718 4756/4756
f 4757/4757 4755/4755 4758/4758
f 4757/4757 3820/3820 4755/4755
f 4759/4759 3820/3820 4757/4757
f 4760/4760 4761/4761 4762/4762
f 4760/4760 4763/4763 4761/4761
f 4764/4764 3820/3820 4759/4759
f 4760/4760 4765/4765 4763/4763
f 4763/4763 3803/3803 4766/4766
f 4763/4763 4765/4765 3803/3803
f 3725/3725 4765/4765 4767/4767
f 4765/4765 4760/4760 4767/4767
f 3724/3724 3803/3803 4765/4765
f 3725/3725 3724/3724 4765/4765
f 3815/3815 3820/3820 4764/4764
f 3803/3803 3807/3807 4766/4766
f 3718/3718 3720/3720 4768/4768
f 4756/4756 3718/3718 4768/4768
f 4769/4769 3511/3511 3519/3519
f 3511/3511 4769/4769 4367/4367
f 4722/4722 3710/3710 3718/3718
f 3709/3709 3710/3710 4722/4722
f 4706/4706 4708/4708 4770/4770
f 4699/4699 4698/4698 4708/4708
f 4708/4708 4698/4698 4495/4495
f 4770/4770 4708/4708 4495/4495
f 4771/4771 4491/4491 4723/4723
f 4492/4492 4491/4491 4771/4771
f 4770/4770 4495/4495 4493/4493
f 4701/4701 4496/4496 4698/4698
f 4698/4698 4496/4496 4495/4495
f 4500/4500 4496/4496 4701/4701
f 4535/4535 4694/4694 4742/4742
f 4506/4506 4508/4508 4691/4691
f 4692/4692 4693/4693 4772/4772
f 4772/4772 4693/4693 4773/4773
f 4521/4521 4462/4462 4464/4464
f 4477/4477 4774/4774 4491/4491
f 4491/4491 4774/4774 4775/4775
f 4715/4715 4491/4491 4775/4775
f 4487/4487 4498/4498 4776/4776
f 4487/4487 4776/4776 4484/4484
f 4774/4774 4477/4477 4433/4433
f 4457/4457 4433/4433 4477/4477
f 4457/4457 4477/4477 4479/4479
f 4368/4368 4366/4366 4437/4437
f 4777/4777 4415/4415 4409/4409
f 4413/4413 4415/4415 4388/4388
f 4777/4777 4389/4389 4415/4415
f 4415/4415 4389/4389 4388/4388
f 4450/4450 4412/4412 4413/4413
f 4450/4450 4413/4413 4778/4778
f 4778/4778 4413/4413 4388/4388
f 4613/4613 4403/4403 4402/4402
f 4394/4394 4389/4389 4777/4777
f 4779/4779 4380/4380 4401/4401
f 4399/4399 4335/4335 4336/4336
f 4401/4401 4380/4380 4382/4382
f 4383/4383 4393/4393 4382/4382
f 4778/4778 4388/4388 4390/4390
f 4779/4779 4351/4351 4380/4380
f 4357/4357 4358/4358 4780/4780
f 4378/4378 4352/4352 4353/4353
f 4781/4781 4782/4782 4356/4356
f 4783/4783 4356/4356 4782/4782
f 4360/4360 4356/4356 4783/4783
f 4343/4343 4781/4781 4356/4356
f 4784/4784 4781/4781 4343/4343
f 3490/3490 4781/4781 4784/4784
f 3490/3490 4785/4785 4781/4781
f 4781/4781 4785/4785 4782/4782
f 3490/3490 3489/3489 4785/4785
f 4785/4785 3489/3489 4786/4786
f 4785/4785 4786/4786 4782/4782
f 4787/4787 4782/4782 4786/4786
f 3489/3489 3494/3494 4786/4786
f 4786/4786 4788/4788 4787/4787
f 4788/4788 4786/4786 3494/3494
f 4789/4789 3511/3511 4790/4790
f 3512/3512 3511/3511 4789/4789
f 4788/4788 3494/3494 3513/3513
f 4790/4790 3511/3511 4791/4791
f 4783/4783 4782/4782 4787/4787
f 4791/4791 3511/3511 4364/4364
f 4346/4346 4351/4351 4779/4779
f 4784/4784 4343/4343 4342/4342
f 4339/4339 3485/3485 4340/4340
f 3484/3484 3485/3485 4339/4339
f 4332/4332 4324/4324 4322/4322
f 4287/4287 4280/4280 4311/4311
f 4303/4303 4291/4291 4288/4288
f 4296/4296 3962/3962 3963/3963
f 4296/4296 3963/3963 3974/3974
f 4286/4286 4289/4289 4792/4792
f 4281/4281 4282/4282 4793/4793
f 4794/4794 3978/3978 4795/4795
f 3977/3977 3978/3978 4794/4794
f 4795/4795 3978/3978 4796/4796
f 3978/3978 4797/4797 4796/4796
f 3978/3978 4253/4253 4797/4797
f 4321/4321 4265/4265 4262/4262
f 4321/4321 4262/4262 4798/4798
f 4798/4798 4262/4262 3462/3462
f 3470/3470 3474/3474 4799/4799
f 4798/4798 3462/3462 3461/3461
f 3966/3966 3964/3964 4653/4653
f 3983/3983 3982/3982 3955/3955
f 3926/3926 3920/3920 4800/4800
f 3955/3955 3954/3954 4801/4801
f 4568/4568 3910/3910 3912/3912
f 3896/3896 3918/3918 3901/3901
f 3904/3904 3892/3892 3893/3893
f 3891/3891 3875/3875 3880/3880
f 4688/4688 4690/4690 4802/4802
f 3871/3871 3873/3873 3856/3856
f 3842/3842 3843/3843 3851/3851
f 4747/4747 3832/3832 3840/3840
f 4222/4222 3833/3833 4803/4803
f 3813/3813 4222/4222 4804/4804
f 4221/4221 3805/3805 4805/4805
f 4805/4805 3805/3805 3804/3804
f 3789/3789 4221/4221 4806/4806
f 3789/3789 4806/4806 3790/3790
f 3793/3793 3774/3774 3776/3776
f 3793/3793 3763/3763 3774/3774
f 3763/3763 3793/3793 3755/3755
f 3793/3793 3747/3747 3755/3755
f 3756/3756 3755/3755 3747/3747
f 3736/3736 3750/3750 3737/3737
f 3756/3756 3747/3747 3746/3746
f 3732/3732 3739/3739 3730/3730
f 3715/3715 3736/3736 3735/3735
f 3716/3716 3715/3715 3735/3735
f 3716/3716 3735/3735 3721/3721
f 3708/3708 4721/4721 3707/3707
f 3376/3376 3705/3705 3379/3379
f 3385/3385 3515/3515 3516/3516
f 3385/3385 3379/3379 3515/3515
f 3498/3498 3495/3495 3507/3507
f 3487/3487 3483/3483 4807/4807
f 3637/3637 3472/3472 3467/3467
f 3462/3462 4257/4257 3465/3465
f 3637/3637 3467/3467 4808/4808
f 3429/3429 3443/3443 3431/3431
f 3434/3434 4809/4809 3436/3436
f 3434/3434 4156/4156 4809/4809
f 3592/3592 3403/3403 3404/3404
f 3356/3356 3278/3278 3358/3358
f 3278/3278 3282/3282 3358/3358
f 3277/3277 3278/3278 3356/3356
f 3353/3353 3277/3277 3356/3356
f 3342/3342 4810/4810 3353/3353
f 4810/4810 3277/3277 3353/3353
f 4810/4810 3274/3274 3277/3277
f 4811/4811 3274/3274 4810/4810
f 3334/3334 4811/4811 4810/4810
f 3334/3334 4810/4810 3342/3342
f 3336/3336 4812/4812 4811/4811
f 4812/4812 3276/3276 4811/4811
f 4811/4811 3276/3276 3274/3274
f 3336/3336 4811/4811 3334/3334
f 4813/4813 4814/4814 4812/4812
f 4813/4813 4812/4812 3336/3336
f 4812/4812 4815/4815 3276/3276
f 4814/4814 4815/4815 4812/4812
f 4814/4814 4816/4816 4815/4815
f 4816/4816 3269/3269 4815/4815
f 4815/4815 3270/3270 3276/3276
f 4815/4815 3269/3269 3270/3270
f 4817/4817 4816/4816 4814/4814
f 4817/4817 4818/4818 4816/4816
f 4818/4818 4819/4819 4816/4816
f 4816/4816 4819/4819 3269/3269
f 4818/4818 4820/4820 4819/4819
f 4820/4820 4821/4821 4819/4819
f 4819/4819 4821/4821 3267/3267
f 4819/4819 3267/3267 3269/3269
f 4822/4822 4823/4823 4821/4821
f 4820/4820 4822/4822 4821/4821
f 4821/4821 4823/4823 3264/3264
f 4821/4821 3264/3264 3267/3267
f 4822/4822 4824/4824 4823/4823
f 4824/4824 4825/4825 4823/4823
f 4823/4823 4825/4825 3261/3261
f 4823/4823 3261/3261 3264/3264
f 4825/4825 4826/4826 4827/4827
f 4825/4825 4827/4827 3261/3261
f 4824/4824 4828/4828 4825/4825
f 4828/4828 4829/4829 4825/4825
f 4826/4826 4825/4825 4829/4829
f 4830/4830 4831/4831 4832/4832
f 4831/4831 4830/4830 4833/4833
f 4828/4828 4834/4834 4829/4829
f 4832/4832 4831/4831 4835/4835
f 4832/4832 3244/3244 4830/4830
f 4832/4832 4836/4836 4837/4837
f 4837/4837 4838/4838 4832/4832
f 4836/4836 4832/4832 4835/4835
f 4832/4832 4838/4838 3244/3244
f 4834/4834 4828/4828 4839/4839
f 4840/4840 4839/4839 4828/4828
f 4840/4840 4841/4841 4839/4839
f 4837/4837 4836/4836 4842/4842
f 4843/4843 4837/4837 4842/4842
f 4841/4841 4840/4840 4844/4844
f 4845/4845 4844/4844 4840/4840
f 4845/4845 4846/4846 4844/4844
f 4837/4837 4843/4843 4847/4847
f 4847/4847 4843/4843 4848/4848
f 4849/4849 4850/4850 4847/4847
f 4847/4847 4851/4851 4849/4849
f 4847/4847 4852/4852 4837/4837
f 4847/4847 4850/4850 4852/4852
f 4851/4851 4847/4847 4848/4848
f 4850/4850 3203/3203 3205/3205
f 4850/4850 3205/3205 4852/4852
f 4849/4849 4853/4853 4850/4850
f 3203/3203 4850/4850 4853/4853
f 4854/4854 4853/4853 4849/4849
f 4854/4854 3194/3194 4853/4853
f 3194/3194 3195/3195 4853/4853
f 4853/4853 3195/3195 3203/3203
f 4849/4849 4855/4855 4854/4854
f 4854/4854 4855/4855 4856/4856
f 4857/4857 4854/4854 4856/4856
f 4854/4854 4857/4857 4858/4858
f 4858/4858 3194/3194 4854/4854
f 4859/4859 4858/4858 4860/4860
f 4858/4858 4859/4859 4861/4861
f 4861/4861 3193/3193 4858/4858
f 4858/4858 3193/3193 3194/3194
f 4858/4858 4857/4857 4860/4860
f 4862/4862 4863/4863 4864/4864
f 4863/4863 4862/4862 4865/4865
f 4863/4863 4865/4865 4866/4866
f 4867/4867 4863/4863 4866/4866
f 4868/4868 4869/4869 4863/4863
f 4869/4869 4864/4864 4863/4863
f 4868/4868 4863/4863 4867/4867
f 4870/4870 4869/4869 4868/4868
f 4868/4868 4871/4871 4870/4870
f 4872/4872 4868/4868 4867/4867
f 4873/4873 4868/4868 4872/4872
f 4871/4871 4868/4868 4873/4873
f 4873/4873 4872/4872 4874/4874
f 4875/4875 4876/4876 4877/4877
f 4878/4878 4876/4876 4875/4875
f 4876/4876 4878/4878 4879/4879
f 4874/4874 4872/4872 4880/4880
f 4881/4881 4875/4875 4877/4877
f 4872/4872 4882/4882 4880/4880
f 4881/4881 4883/4883 4875/4875
f 4883/4883 4881/4881 4884/4884
f 4872/4872 4885/4885 4882/4882
f 4886/4886 4883/4883 4884/4884
f 4887/4887 4888/4888 4886/4886
f 4885/4885 4889/4889 4890/4890
f 4889/4889 4885/4885 4872/4872
f 4886/4886 4888/4888 4883/4883
f 4891/4891 4888/4888 4887/4887
f 4891/4891 4892/4892 4888/4888
f 4892/4892 4893/4893 4888/4888
f 4893/4893 4894/4894 4888/4888
f 4888/4888 4894/4894 4883/4883
f 4895/4895 4896/4896 4894/4894
f 4894/4894 4896/4896 4883/4883
f 4897/4897 4894/4894 4893/4893
f 4894/4894 4897/4897 4898/4898
f 4895/4895 4894/4894 4898/4898
f 4899/4899 4900/4900 4901/4901
f 4902/4902 4896/4896 4895/4895
f 4903/4903 4900/4900 4899/4899
f 4900/4900 4904/4904 4905/4905
f 4900/4900 4903/4903 4904/4904
f 4906/4906 4900/4900 4905/4905
f 4907/4907 4908/4908 4900/4900
f 4907/4907 4900/4900 4906/4906
f 4900/4900 4908/4908 4901/4901
f 4908/4908 4907/4907 4909/4909
f 4910/4910 4911/4911 4912/4912
f 4911/4911 4902/4902 4912/4912
f 4910/4910 4913/4913 4911/4911
f 4896/4896 4911/4911 4875/4875
f 4902/4902 4911/4911 4896/4896
f 4875/4875 4911/4911 4878/4878
f 4911/4911 4913/4913 4878/4878
f 4914/4914 4913/4913 4910/4910
f 4878/4878 4913/4913 4915/4915
f 4913/4913 4916/4916 4915/4915
f 4914/4914 4916/4916 4913/4913
f 4907/4907 4917/4917 4918/4918
f 4909/4909 4907/4907 4918/4918
f 4916/4916 4914/4914 4919/4919
f 4907/4907 4920/4920 4917/4917
f 4921/4921 4916/4916 4919/4919
f 4906/4906 4920/4920 4907/4907
f 4922/4922 4920/4920 4906/4906
f 4922/4922 4923/4923 4920/4920
f 4920/4920 4923/4923 4924/4924
f 4925/4925 4926/4926 4921/4921
f 4921/4921 4926/4926 4916/4916
f 4927/4927 4928/4928 4923/4923
f 4923/4923 4928/4928 4929/4929
f 4923/4923 4929/4929 4930/4930
f 4931/4931 4932/4932 4933/4933
f 4932/4932 4926/4926 4925/4925
f 4926/4926 4932/4932 4931/4931
f 4927/4927 4923/4923 4922/4922
f 4922/4922 4934/4934 4927/4927
f 4927/4927 4934/4934 4935/4935
f 4928/4928 4927/4927 4936/4936
f 4927/4927 4937/4937 4936/4936
f 4927/4927 4938/4938 4937/4937
f 4927/4927 4939/4939 4938/4938
f 4935/4935 4939/4939 4927/4927
f 2886/2886 4940/4940 4941/4941
f 2886/2886 4942/4942 4940/4940
f 4941/4941 4940/4940 4943/4943
f 4943/4943 4940/4940 4944/4944
f 4940/4940 4942/4942 4945/4945
f 4935/4935 4946/4946 4939/4939
f 4935/4935 4947/4947 4946/4946
f 4947/4947 4935/4935 4948/4948
f 4949/4949 4950/4950 4951/4951
f 4952/4952 4950/4950 4949/4949
f 4953/4953 4954/4954 4948/4948
f 4955/4955 4956/4956 4953/4953
f 4953/4953 4956/4956 4954/4954
f 4956/4956 4957/4957 4958/4958
f 4958/4958 4959/4959 4956/4956
f 4960/4960 4956/4956 4959/4959
f 4957/4957 4956/4956 4955/4955
f 4954/4954 4956/4956 4960/4960
f 4950/4950 4961/4961 4962/4962
f 4962/4962 4961/4961 4963/4963
f 4962/4962 4964/4964 4965/4965
f 4963/4963 4964/4964 4962/4962
f 4958/4958 4957/4957 4966/4966
f 4967/4967 4958/4958 4966/4966
f 4963/4963 4968/4968 4969/4969
f 4968/4968 4963/4963 4970/4970
f 4971/4971 4970/4970 4963/4963
f 4971/4971 4963/4963 4961/4961
f 4964/4964 4963/4963 4969/4969
f 2735/2735 4970/4970 4971/4971
f 4972/4972 2735/2735 4971/4971
f 4972/4972 4971/4971 4961/4961
f 4942/4942 4973/4973 4974/4974
f 4972/4972 4961/4961 4952/4952
f 4975/4975 2735/2735 4972/4972
f 2886/2886 4973/4973 4942/4942
f 2886/2886 2888/2888 4973/4973
f 4973/4973 2888/2888 4976/4976
f 2739/2739 2735/2735 4975/4975
f 2735/2735 2736/2736 4970/4970
f 4968/4968 4970/4970 4977/4977
f 4977/4977 4970/4970 2736/2736
f 4952/4952 4961/4961 4950/4950
f 4978/4978 4959/4959 4958/4958
f 4978/4978 4979/4979 4959/4959
f 4980/4980 4959/4959 4979/4979
f 4960/4960 4959/4959 4980/4980
f 4981/4981 4979/4979 4978/4978
f 4981/4981 4982/4982 4979/4979
f 4983/4983 4979/4979 4982/4982
f 4979/4979 4983/4983 4980/4980
f 4984/4984 4981/4981 4985/4985
f 4985/4985 4981/4981 4978/4978
f 4984/4984 4986/4986 4981/4981
f 4986/4986 4982/4982 4981/4981
f 4987/4987 4988/4988 4989/4989
f 4990/4990 4986/4986 4984/4984
f 4991/4991 4992/4992 4988/4988
f 4991/4991 4988/4988 4987/4987
f 4993/4993 4992/4992 4991/4991
f 4994/4994 2694/2694 4995/4995
f 4994/4994 4995/4995 4996/4996
f 2696/2696 2694/2694 4994/4994
f 4992/4992 4993/4993 4997/4997
f 4998/4998 4999/4999 5000/5000
f 4999/4999 5001/5001 5002/5002
f 4998/4998 5001/5001 4999/4999
f 5003/5003 5004/5004 5005/5005
f 5006/5006 4990/4990 5007/5007
f 5003/5003 5008/5008 5004/5004
f 5009/5009 5008/5008 5003/5003
f 5002/5002 5001/5001 5010/5010
f 5011/5011 5008/5008 5009/5009
f 5011/5011 5009/5009 5012/5012
f 5010/5010 5013/5013 5014/5014
f 5010/5010 5001/5001 5013/5013
f 5015/5015 5014/5014 5013/5013
f 5015/5015 5013/5013 5016/5016
f 5001/5001 5017/5017 5013/5013
f 5013/5013 5017/5017 5018/5018
f 5016/5016 5013/5013 5018/5018
f 5019/5019 5020/5020 5021/5021
f 5016/5016 5018/5018 5022/5022
f 5019/5019 5023/5023 5020/5020
f 5019/5019 5021/5021 5024/5024
f 5019/5019 5024/5024 5025/5025
f 5019/5019 5025/5025 5026/5026
f 5019/5019 5026/5026 5027/5027
f 5028/5028 5019/5019 5027/5027
f 5019/5019 5029/5029 5023/5023
f 5019/5019 5028/5028 5029/5029
f 5030/5030 5031/5031 5032/5032
f 5032/5032 5031/5031 5033/5033
f 5034/5034 5031/5031 5030/5030
f 5035/5035 5031/5031 5034/5034
f 5036/5036 5031/5031 5037/5037
f 5033/5033 5031/5031 5036/5036
f 5035/5035 5038/5038 5031/5031
f 5037/5037 5031/5031 5038/5038
f 5039/5039 5040/5040 5041/5041
f 5041/5041 5040/5040 4931/4931
f 5039/5039 5041/5041 5042/5042
f 5037/5037 5038/5038 5043/5043
f 5037/5037 5043/5043 5044/5044
f 5045/5045 5046/5046 5047/5047
f 5047/5047 5048/5048 5049/5049
f 5047/5047 5046/5046 5048/5048
f 5048/5048 5046/5046 5050/5050
f 5048/5048 5050/5050 5051/5051
f 5052/5052 5040/5040 5039/5039
f 5053/5053 5040/5040 5052/5052
f 5050/5050 5054/5054 5051/5051
f 5055/5055 5053/5053 5056/5056
f 5053/5053 5055/5055 5040/5040
f 4916/4916 4926/4926 5055/5055
f 4915/4915 4916/4916 5055/5055
f 5057/5057 5055/5055 5056/5056
f 5055/5055 4926/4926 5040/5040
f 5057/5057 4915/4915 5055/5055
f 5054/5054 4870/4870 5058/5058
f 5059/5059 4915/4915 5057/5057
f 5058/5058 4870/4870 5060/5060
f 4870/4870 4871/4871 5060/5060
f 5059/5059 4878/4878 4915/4915
f 4878/4878 5059/5059 4879/4879
f 5054/5054 5050/5050 4870/4870
f 5050/5050 5061/5061 4870/4870
f 5050/5050 5046/5046 5061/5061
f 4870/4870 5061/5061 4869/4869
f 5061/5061 5062/5062 4869/4869
f 5063/5063 5061/5061 5064/5064
f 5061/5061 5063/5063 5062/5062
f 5046/5046 5064/5064 5061/5061
f 5065/5065 5066/5066 5067/5067
f 5068/5068 4869/4869 5062/5062
f 5066/5066 4861/4861 5069/5069
f 4861/4861 5066/5066 5065/5065
f 5065/5065 5070/5070 5071/5071
f 5070/5070 5065/5065 5067/5067
f 5071/5071 5072/5072 5065/5065
f 5065/5065 5072/5072 5073/5073
f 5065/5065 5073/5073 4861/4861
f 5074/5074 5073/5073 5072/5072
f 4861/4861 5073/5073 3193/3193
f 3191/3191 3193/3193 5073/5073
f 5073/5073 5075/5075 5076/5076
f 3191/3191 5073/5073 5076/5076
f 5073/5073 5074/5074 5075/5075
f 5071/5071 5077/5077 5072/5072
f 5074/5074 5072/5072 5078/5078
f 5078/5078 5072/5072 5077/5077
f 5071/5071 5079/5079 5077/5077
f 3176/3176 3179/3179 5080/5080
f 3176/3176 5080/5080 5081/5081
f 5071/5071 5082/5082 5079/5079
f 5083/5083 3175/3175 5081/5081
f 5081/5081 3175/3175 3176/3176
f 5084/5084 5082/5082 5071/5071
f 5085/5085 3175/3175 5083/5083
f 5082/5082 5084/5084 5086/5086
f 5071/5071 5087/5087 5084/5084
f 5084/5084 5088/5088 5089/5089
f 5088/5088 5084/5084 5090/5090
f 5084/5084 5087/5087 5090/5090
f 5091/5091 5084/5084 5089/5089
f 5084/5084 5091/5091 5086/5086
f 5092/5092 5085/5085 5093/5093
f 5093/5093 5094/5094 5092/5092
f 5095/5095 5094/5094 5093/5093
f 5091/5091 5089/5089 5096/5096
f 5097/5097 5094/5094 5095/5095
f 5096/5096 5089/5089 5098/5098
f 5098/5098 5089/5089 5099/5099
f 5100/5100 5101/5101 5097/5097
f 5097/5097 5101/5101 5094/5094
f 5102/5102 5103/5103 5101/5101
f 5101/5101 5103/5103 2508/2508
f 5101/5101 2508/2508 2517/2517
f 5102/5102 5101/5101 5100/5100
f 5094/5094 5101/5101 2517/2517
f 5104/5104 5105/5105 5106/5106
f 5099/5099 5104/5104 5106/5106
f 5103/5103 5102/5102 5107/5107
f 5104/5104 5108/5108 5105/5105
f 5109/5109 5107/5107 5110/5110
f 5107/5107 5111/5111 5103/5103
f 5111/5111 5107/5107 5109/5109
f 5112/5112 5113/5113 5114/5114
f 2506/2506 5113/5113 5115/5115
f 5113/5113 2506/2506 5116/5116
f 5113/5113 5116/5116 5117/5117
f 5112/5112 5115/5115 5113/5113
f 5108/5108 5118/5118 5119/5119
f 5115/5115 5112/5112 5120/5120
f 5118/5118 5121/5121 5119/5119
f 5104/5104 5122/5122 5118/5118
f 5108/5108 5104/5104 5118/5118
f 5118/5118 5123/5123 5124/5124
f 5125/5125 5118/5118 5124/5124
f 5118/5118 5122/5122 5126/5126
f 5127/5127 5118/5118 5126/5126
f 5118/5118 5127/5127 5123/5123
f 5118/5118 5125/5125 5121/5121
f 5125/5125 5124/5124 5128/5128
f 5129/5129 5130/5130 5120/5120
f 5131/5131 5130/5130 5129/5129
f 5124/5124 5132/5132 5128/5128
f 5131/5131 5133/5133 5130/5130
f 5133/5133 5131/5131 5134/5134
f 5132/5132 5124/5124 2439/2439
f 5132/5132 2439/2439 5135/5135
f 5136/5136 2452/2452 5134/5134
f 5134/5134 2452/2452 5133/5133
f 5135/5135 2439/2439 2447/2447
f 2449/2449 2452/2452 5136/5136
f 2503/2503 5133/5133 2502/2502
f 5133/5133 2503/2503 5130/5130
f 2502/2502 5133/5133 2452/2452
f 2503/2503 5115/5115 5130/5130
f 5120/5120 5130/5130 5115/5115
f 5137/5137 5138/5138 5139/5139
f 5140/5140 5137/5137 5139/5139
f 5137/5137 5141/5141 5142/5142
f 5137/5137 5140/5140 5141/5141
f 5138/5138 5137/5137 5143/5143
f 5143/5143 5137/5137 2624/2624
f 5142/5142 5144/5144 5137/5137
f 5137/5137 5145/5145 2624/2624
f 5137/5137 5144/5144 5146/5146
f 5145/5145 5137/5137 5146/5146
f 2635/2635 2634/2634 5147/5147
f 2624/2624 5145/5145 5148/5148
f 5149/5149 2635/2635 5147/5147
f 5150/5150 2682/2682 5151/5151
f 2682/2682 5149/5149 5151/5151
f 5144/5144 5142/5142 5152/5152
f 5153/5153 5152/5152 5142/5142
f 5153/5153 5154/5154 5152/5152
f 5155/5155 2682/2682 5150/5150
f 5155/5155 5150/5150 5156/5156
f 5154/5154 5153/5153 5157/5157
f 5158/5158 5159/5159 5160/5160
f 5153/5153 5161/5161 5157/5157
f 5038/5038 5158/5158 5162/5162
f 5158/5158 5038/5038 5159/5159
f 5161/5161 5153/5153 5163/5163
f 5161/5161 5163/5163 5045/5045
f 5043/5043 5038/5038 5162/5162
f 5164/5164 5163/5163 5165/5165
f 5153/5153 5165/5165 5163/5163
f 5046/5046 5045/5045 5163/5163
f 5163/5163 5166/5166 5046/5046
f 5163/5163 5164/5164 5166/5166
f 5159/5159 5038/5038 5167/5167
f 2682/2682 5155/5155 5167/5167
f 5167/5167 5038/5038 5035/5035
f 2680/2680 2682/2682 5167/5167
f 5153/5153 5168/5168 5165/5165
f 5142/5142 5169/5169 5153/5153
f 5168/5168 5153/5153 5169/5169
f 5170/5170 5089/5089 5171/5171
f 5089/5089 5088/5088 5171/5171
f 5142/5142 5172/5172 5169/5169
f 5089/5089 5170/5170 5104/5104
f 5104/5104 5170/5170 5173/5173
f 5122/5122 5104/5104 5173/5173
f 5172/5172 5142/5142 5141/5141
f 5149/5149 2682/2682 2635/2635
f 5124/5124 5174/5174 5175/5175
f 5174/5174 5124/5124 5123/5123
f 2624/2624 5176/5176 5143/5143
f 5124/5124 5175/5175 2439/2439
f 5177/5177 2439/2439 5175/5175
f 5176/5176 2624/2624 2623/2623
f 2506/2506 5115/5115 2503/2503
f 2509/2509 2508/2508 5178/5178
f 5178/5178 5103/5103 5111/5111
f 5178/5178 2508/2508 5103/5103
f 5099/5099 5089/5089 5104/5104
f 5092/5092 5094/5094 2518/2518
f 5094/5094 2517/2517 2518/2518
f 3175/3175 5085/5085 5092/5092
f 3178/3178 3175/3175 5092/5092
f 5092/5092 2518/2518 3178/3178
f 5087/5087 5071/5071 5179/5179
f 5180/5180 5046/5046 5166/5166
f 5071/5071 5070/5070 5179/5179
f 5046/5046 5180/5180 5064/5064
f 4861/4861 4859/4859 5069/5069
f 4869/4869 5068/5068 4864/4864
f 4931/4931 5040/5040 4926/4926
f 5033/5033 5036/5036 5181/5181
f 5025/5025 5024/5024 5182/5182
f 5014/5014 5015/5015 5183/5183
f 5008/5008 4986/4986 5006/5006
f 5008/5008 4982/4982 4986/4986
f 4982/4982 5008/5008 5184/5184
f 5185/5185 5186/5186 5008/5008
f 5187/5187 4982/4982 5184/5184
f 5187/5187 5184/5184 5188/5188
f 5186/5186 5185/5185 5189/5189
f 5006/5006 4986/4986 4990/4990
f 5190/5190 5001/5001 4998/4998
f 5017/5017 5001/5001 5190/5190
f 4995/4995 2694/2694 5191/5191
f 5191/5191 2694/2694 2693/2693
f 4987/4987 4989/4989 5192/5192
f 5192/5192 4989/4989 5193/5193
f 4978/4978 5194/5194 4985/4985
f 5192/5192 5193/5193 5195/5195
f 5194/5194 4958/4958 5196/5196
f 5194/5194 4978/4978 4958/4958
f 5193/5193 5197/5197 5195/5195
f 5198/5198 5197/5197 5193/5193
f 5196/5196 4958/4958 4967/4967
f 2708/2708 2710/2710 5198/5198
f 5198/5198 2710/2710 5197/5197
f 4982/4982 5187/5187 5199/5199
f 4983/4983 4982/4982 5199/5199
f 5200/5200 4944/4944 5201/5201
f 4922/4922 5202/5202 4934/4934
f 4943/4943 4944/4944 5200/5200
f 5203/5203 2983/2983 2981/2981
f 5200/5200 5201/5201 5204/5204
f 5203/5203 3003/3003 2983/2983
f 5205/5205 3003/3003 5203/5203
f 5205/5205 3009/3009 3003/3003
f 5204/5204 5206/5206 5207/5207
f 5204/5204 5201/5201 5206/5206
f 5208/5208 3009/3009 5205/5205
f 5208/5208 3019/3019 3009/3009
f 5207/5207 5209/5209 5210/5210
f 5207/5207 5206/5206 5209/5209
f 5208/5208 5211/5211 3019/3019
f 5211/5211 5208/5208 5212/5212
f 5210/5210 5213/5213 5214/5214
f 5215/5215 5211/5211 5212/5212
f 5210/5210 5209/5209 5213/5213
f 5216/5216 5217/5217 5218/5218
f 5219/5219 5218/5218 5220/5220
f 5216/5216 5218/5218 5219/5219
f 5219/5219 5220/5220 4905/4905
f 4904/4904 5221/5221 5219/5219
f 5219/5219 5221/5221 5216/5216
f 4905/4905 4904/4904 5219/5219
f 5221/5221 5222/5222 5216/5216
f 5221/5221 5223/5223 5222/5222
f 4904/4904 5224/5224 5221/5221
f 5223/5223 5221/5221 5225/5225
f 5221/5221 5224/5224 5225/5225
f 5226/5226 5227/5227 5228/5228
f 5229/5229 5226/5226 5228/5228
f 5224/5224 4904/4904 5230/5230
f 4897/4897 4893/4893 5229/5229
f 5230/5230 4904/4904 5231/5231
f 5229/5229 4893/4893 5226/5226
f 5227/5227 5226/5226 5232/5232
f 5232/5232 5226/5226 5233/5233
f 5233/5233 5226/5226 4892/4892
f 5226/5226 4893/4893 4892/4892
f 5234/5234 5232/5232 5233/5233
f 5235/5235 5233/5233 5236/5236
f 5235/5235 5234/5234 5233/5233
f 5236/5236 5233/5233 4892/4892
f 5237/5237 5238/5238 5239/5239
f 5236/5236 4892/4892 5240/5240
f 5241/5241 5238/5238 5237/5237
f 5242/5242 5243/5243 5238/5238
f 5243/5243 5244/5244 5238/5238
f 5242/5242 5238/5238 5241/5241
f 5244/5244 5245/5245 5238/5238
f 5245/5245 5246/5246 5238/5238
f 5238/5238 5246/5246 5239/5239
f 5246/5246 5245/5245 5247/5247
f 5248/5248 5234/5234 5249/5249
f 5234/5234 5235/5235 5249/5249
f 5247/5247 5245/5245 5250/5250
f 5247/5247 5250/5250 5251/5251
f 5252/5252 5234/5234 5248/5248
f 5250/5250 5253/5253 5251/5251
f 5250/5250 5254/5254 5253/5253
f 5254/5254 5250/5250 5255/5255
f 5250/5250 5245/5245 5256/5256
f 5250/5250 5256/5256 5255/5255
f 5245/5245 5257/5257 5256/5256
f 5255/5255 5256/5256 5258/5258
f 5256/5256 5259/5259 5258/5258
f 5256/5256 5257/5257 5259/5259
f 5257/5257 4840/4840 5259/5259
f 5259/5259 4840/4840 4828/4828
f 5259/5259 4828/4828 4824/4824
f 5258/5258 5259/5259 4824/4824
f 5260/5260 4845/4845 5257/5257
f 5245/5245 5260/5260 5257/5257
f 5257/5257 4845/4845 4840/4840
f 5260/5260 5244/5244 5261/5261
f 5245/5245 5244/5244 5260/5260
f 5260/5260 5262/5262 4845/4845
f 5261/5261 5262/5262 5260/5260
f 5261/5261 4866/4866 5262/5262
f 4867/4867 4866/4866 5261/5261
f 4889/4889 4867/4867 5261/5261
f 4889/4889 5261/5261 5244/5244
f 5262/5262 5263/5263 5264/5264
f 5262/5262 5264/5264 4845/4845
f 4866/4866 5265/5265 5262/5262
f 5263/5263 5262/5262 5265/5265
f 4855/4855 4849/4849 5266/5266
f 4849/4849 4851/4851 5266/5266
f 5255/5255 5258/5258 5267/5267
f 5267/5267 5258/5258 4822/4822
f 5258/5258 4824/4824 4822/4822
f 5268/5268 5255/5255 5267/5267
f 5267/5267 4822/4822 4820/4820
f 5268/5268 5267/5267 5269/5269
f 5269/5269 5267/5267 4820/4820
f 5269/5269 5270/5270 5268/5268
f 5254/5254 5255/5255 5268/5268
f 5268/5268 5270/5270 5271/5271
f 5272/5272 5268/5268 5271/5271
f 5254/5254 5268/5268 5272/5272
f 5269/5269 5273/5273 5270/5270
f 5274/5274 5275/5275 5276/5276
f 5275/5275 5277/5277 5276/5276
f 5274/5274 5278/5278 5275/5275
f 5279/5279 5280/5280 5275/5275
f 5278/5278 5279/5279 5275/5275
f 5275/5275 5280/5280 5281/5281
f 5277/5277 5275/5275 5281/5281
f 5282/5282 5281/5281 5283/5283
f 5284/5284 5281/5281 5282/5282
f 5280/5280 5285/5285 5281/5281
f 5277/5277 5281/5281 5284/5284
f 5281/5281 5285/5285 5283/5283
f 5282/5282 5283/5283 5286/5286
f 5283/5283 5252/5252 5286/5286
f 5252/5252 5283/5283 5234/5234
f 5285/5285 5287/5287 5283/5283
f 5283/5283 5287/5287 5234/5234
f 5288/5288 5232/5232 5287/5287
f 5287/5287 5232/5232 5234/5234
f 5289/5289 5287/5287 5285/5285
f 5287/5287 5289/5289 5290/5290
f 5288/5288 5287/5287 5290/5290
f 5222/5222 5291/5291 5292/5292
f 5222/5222 5223/5223 5291/5291
f 5293/5293 5222/5222 5292/5292
f 5289/5289 5285/5285 5294/5294
f 5222/5222 5293/5293 5295/5295
f 5295/5295 5293/5293 5296/5296
f 5294/5294 5280/5280 5297/5297
f 5294/5294 5285/5285 5280/5280
f 5295/5295 5298/5298 5299/5299
f 5300/5300 5295/5295 5299/5299
f 5222/5222 5295/5295 5300/5300
f 5295/5295 5296/5296 5301/5301
f 5302/5302 5295/5295 5301/5301
f 5302/5302 5303/5303 5295/5295
f 5295/5295 5303/5303 5304/5304
f 5295/5295 5305/5305 5298/5298
f 5295/5295 5304/5304 5305/5305
f 5306/5306 5307/5307 5308/5308
f 5306/5306 5309/5309 5307/5307
f 5310/5310 5309/5309 5306/5306
f 5307/5307 5309/5309 5311/5311
f 5310/5310 5312/5312 5309/5309
f 5311/5311 5309/5309 5313/5313
f 5309/5309 5312/5312 5313/5313
f 5314/5314 5313/5313 5315/5315
f 5315/5315 5313/5313 5316/5316
f 5314/5314 5311/5311 5313/5313
f 5313/5313 5312/5312 5316/5316
f 5317/5317 5316/5316 5318/5318
f 5312/5312 5318/5318 5316/5316
f 5319/5319 5316/5316 5317/5317
f 5316/5316 5319/5319 5315/5315
f 5320/5320 5321/5321 5322/5322
f 5317/5317 5323/5323 5324/5324
f 5321/5321 5320/5320 5325/5325
f 5317/5317 5318/5318 5323/5323
f 5326/5326 5323/5323 5318/5318
f 5324/5324 5323/5323 5278/5278
f 5327/5327 5278/5278 5323/5323
f 5326/5326 5327/5327 5323/5323
f 5328/5328 5327/5327 5329/5329
f 5328/5328 5330/5330 5327/5327
f 5327/5327 5330/5330 5278/5278
f 5329/5329 5327/5327 5326/5326
f 5331/5331 5332/5332 5333/5333
f 5329/5329 5326/5326 5334/5334
f 5312/5312 5310/5310 5334/5334
f 5303/5303 5302/5302 5331/5331
f 5334/5334 5326/5326 5312/5312
f 5331/5331 5335/5335 5332/5332
f 5331/5331 5302/5302 5335/5335
f 5336/5336 5330/5330 5328/5328
f 5337/5337 5279/5279 5336/5336
f 5336/5336 5279/5279 5330/5330
f 5330/5330 5279/5279 5278/5278
f 5312/5312 5326/5326 5318/5318
f 5338/5338 5339/5339 5320/5320
f 5338/5338 5320/5320 4817/4817
f 5320/5320 5322/5322 5269/5269
f 5320/5320 5269/5269 4818/4818
f 5320/5320 5339/5339 5325/5325
f 5320/5320 4818/4818 4817/4817
f 5338/5338 5340/5340 5339/5339
f 5338/5338 5341/5341 5340/5340
f 5338/5338 5342/5342 5343/5343
f 5341/5341 5338/5338 5343/5343
f 5338/5338 4817/4817 5344/5344
f 5345/5345 5338/5338 5346/5346
f 5342/5342 5338/5338 5345/5345
f 5344/5344 5346/5346 5338/5338
f 5347/5347 5348/5348 5349/5349
f 5349/5349 5348/5348 5350/5350
f 5351/5351 5352/5352 5342/5342
f 5349/5349 5350/5350 5353/5353
f 5342/5342 5352/5352 5343/5343
f 5354/5354 5350/5350 5355/5355
f 5356/5356 5350/5350 5354/5354
f 5355/5355 5350/5350 5348/5348
f 5356/5356 5353/5353 5350/5350
f 5357/5357 3106/3106 3105/3105
f 5357/5357 3105/3105 5358/5358
f 3106/3106 5357/5357 5359/5359
f 5355/5355 5348/5348 5360/5360
f 5361/5361 3106/3106 5359/5359
f 5360/5360 5348/5348 5362/5362
f 5348/5348 5363/5363 5362/5362
f 5364/5364 5361/5361 5365/5365
f 5361/5361 5364/5364 3106/3106
f 3106/3106 5364/5364 3107/3107
f 5366/5366 5364/5364 5365/5365
f 5366/5366 5367/5367 5364/5364
f 5364/5364 3114/3114 3107/3107
f 5364/5364 5367/5367 3114/3114
f 5368/5368 5367/5367 5366/5366
f 5368/5368 5369/5369 5367/5367
f 5367/5367 3117/3117 3114/3114
f 5367/5367 5369/5369 3117/3117
f 5370/5370 5369/5369 5368/5368
f 5369/5369 3127/3127 3117/3117
f 5370/5370 3127/3127 5369/5369
f 5371/5371 5372/5372 5373/5373
f 5373/5373 5372/5372 3238/3238
f 5373/5373 3238/3238 3237/3237
f 5374/5374 5372/5372 5375/5375
f 5376/5376 5375/5375 5372/5372
f 3238/3238 5372/5372 5374/5374
f 5371/5371 5348/5348 5372/5372
f 5377/5377 5372/5372 5348/5348
f 5376/5376 5372/5372 5377/5377
f 5346/5346 5344/5344 5378/5378
f 5379/5379 5375/5375 5376/5376
f 5378/5378 5344/5344 5380/5380
f 5380/5380 5344/5344 5381/5381
f 5382/5382 5375/5375 5379/5379
f 5382/5382 3328/3328 5375/5375
f 5383/5383 3328/3328 5382/5382
f 5381/5381 4813/4813 5384/5384
f 5381/5381 5344/5344 4813/4813
f 3329/3329 3328/3328 5383/5383
f 5384/5384 4813/4813 5385/5385
f 5374/5374 5375/5375 5386/5386
f 3239/3239 5374/5374 5387/5387
f 3239/3239 3238/3238 5374/5374
f 5387/5387 5374/5374 5386/5386
f 5386/5386 5375/5375 3328/3328
f 5386/5386 3328/3328 3324/3324
f 5387/5387 5386/5386 3321/3321
f 3321/3321 5386/5386 3324/3324
f 3249/3249 3239/3239 5387/5387
f 3249/3249 5387/5387 3317/3317
f 3317/3317 5387/5387 3321/3321
f 5348/5348 5371/5371 5363/5363
f 5388/5388 3064/3064 5389/5389
f 5388/5388 3105/3105 3064/3064
f 3105/3105 5388/5388 5358/5358
f 5390/5390 5353/5353 5356/5356
f 3052/3052 5391/5391 5390/5390
f 3064/3064 3057/3057 5389/5389
f 5390/5390 5391/5391 5353/5353
f 5391/5391 3052/3052 3050/3050
f 3047/3047 5392/5392 5393/5393
f 5393/5393 5394/5394 5352/5352
f 5393/5393 5352/5352 5351/5351
f 5393/5393 5392/5392 5394/5394
f 3047/3047 3045/3045 5392/5392
f 5395/5395 5396/5396 5397/5397
f 3042/3042 5395/5395 5397/5397
f 5395/5395 5398/5398 5399/5399
f 5400/5400 5398/5398 5395/5395
f 5396/5396 5395/5395 5399/5399
f 3042/3042 5401/5401 5395/5395
f 5401/5401 5400/5400 5395/5395
f 5400/5400 5402/5402 5403/5403
f 5402/5402 5400/5400 5401/5401
f 5400/5400 5404/5404 5405/5405
f 5406/5406 5400/5400 5405/5405
f 5406/5406 5398/5398 5400/5400
f 5403/5403 5404/5404 5400/5400
f 3023/3023 5407/5407 5408/5408
f 5407/5407 3023/3023 5211/5211
f 5407/5407 5211/5211 5409/5409
f 5410/5410 5404/5404 5403/5403
f 5409/5409 5211/5211 5215/5215
f 5404/5404 5410/5410 5411/5411
f 5299/5299 5412/5412 5300/5300
f 5299/5299 5413/5413 5412/5412
f 5217/5217 5300/5300 5412/5412
f 5412/5412 5413/5413 5414/5414
f 5413/5413 5299/5299 5415/5415
f 5416/5416 5398/5398 5406/5406
f 5299/5299 5417/5417 5415/5415
f 5418/5418 5416/5416 5419/5419
f 5416/5416 5418/5418 5398/5398
f 5398/5398 5418/5418 5399/5399
f 5399/5399 5418/5418 5420/5420
f 5418/5418 5307/5307 5420/5420
f 5421/5421 5307/5307 5418/5418
f 5421/5421 5418/5418 5419/5419
f 5420/5420 5422/5422 5399/5399
f 5420/5420 5307/5307 5311/5311
f 5423/5423 5420/5420 5311/5311
f 5420/5420 5423/5423 5424/5424
f 5422/5422 5420/5420 5424/5424
f 5352/5352 5425/5425 5426/5426
f 5426/5426 5343/5343 5352/5352
f 5343/5343 5426/5426 5427/5427
f 5399/5399 5422/5422 5428/5428
f 5425/5425 5352/5352 5394/5394
f 5396/5396 5399/5399 5428/5428
f 5343/5343 5427/5427 5429/5429
f 5341/5341 5343/5343 5429/5429
f 5423/5423 5311/5311 5430/5430
f 5299/5299 5298/5298 5417/5417
f 5431/5431 3023/3023 5408/5408
f 5431/5431 3028/3028 3023/3023
f 3042/3042 3041/3041 5401/5401
f 3028/3028 5431/5431 3034/3034
f 5377/5377 5348/5348 5347/5347
f 5344/5344 4814/4814 4813/4813
f 5344/5344 4817/4817 4814/4814
f 5430/5430 5311/5311 5314/5314
f 5269/5269 5322/5322 5273/5273
f 5324/5324 5278/5278 5274/5274
f 5307/5307 5421/5421 5308/5308
f 5432/5432 5279/5279 5337/5337
f 5432/5432 5280/5280 5279/5279
f 5280/5280 5432/5432 5297/5297
f 5216/5216 5222/5222 5300/5300
f 5300/5300 5217/5217 5216/5216
f 5269/5269 4820/4820 4818/4818
f 5243/5243 4889/4889 5244/5244
f 4890/4890 5243/5243 5242/5242
f 4890/4890 4889/4889 5243/5243
f 4892/4892 4891/4891 5240/5240
f 5227/5227 5232/5232 5288/5288
f 3019/3019 5211/5211 3023/3023
f 4905/4905 5220/5220 5433/5433
f 4906/4906 5433/5433 5202/5202
f 4905/4905 5433/5433 4906/4906
f 4906/4906 5202/5202 4922/4922
f 4904/4904 4903/4903 5231/5231
f 4883/4883 4896/4896 4875/4875
f 4872/4872 4867/4867 4889/4889
f 5434/5434 4866/4866 4865/4865
f 4866/4866 5434/5434 5265/5265
f 4846/4846 4845/4845 5264/5264
f 4852/4852 3205/3205 3220/3220
f 4837/4837 4852/4852 4838/4838
f 4852/4852 3220/3220 4838/4838
f 4838/4838 3220/3220 3243/3243
f 4838/4838 3243/3243 3244/3244
f 4830/4830 5435/5435 4833/4833
f 3250/3250 5435/5435 4830/4830
f 4830/4830 3245/3245 3250/3250
f 4830/4830 3244/3244 3245/3245
f 5435/5435 3250/3250 5436/5436
f 5437/5437 3261/3261 4827/4827
f 3250/3250 3255/3255 5436/5436
f 3261/3261 5437/5437 3260/3260
f 5385/5385 4813/4813 3336/3336
f 4076/4076 3345/3345 3347/3347
f 5385/5385 3336/3336 3337/3337
f 3248/3248 3249/3249 3317/3317
f 3296/3296 3314/3314 3297/3297
f 3262/3262 5438/5438 3307/3307
f 3253/3253 3312/3312 5439/5439
f 5438/5438 3262/3262 3259/3259
f 3254/3254 3253/3253 5439/5439
f 3272/3272 3271/3271 3280/3280
f 3241/3241 3239/3239 3249/3249
f 3220/3220 3221/3221 3243/3243
f 3127/3127 5370/5370 3129/3129
f 3227/3227 3215/3215 3135/3135
f 3130/3130 3227/3227 3135/3135
f 3214/3214 3215/3215 3229/3229
f 3135/3135 3215/3215 3142/3142
f 3200/3200 3212/3212 3213/3213
f 3200/3200 3188/3188 3212/3212
f 3212/3212 3151/3151 3147/3147
f 3212/3212 3188/3188 3151/3151
f 3188/3188 3160/3160 3151/3151
f 3174/3174 3178/3178 2523/2523
f 2518/2518 2523/2523 3178/3178
f 3157/3157 3169/3169 2526/2526
f 3154/3154 3151/3151 3160/3160
f 3157/3157 2526/2526 3158/3158
f 2526/2526 2529/2529 3158/3158
f 3158/3158 3083/3083 3082/3082
f 3158/3158 2529/2529 3083/3083
f 3124/3124 3126/3126 3132/3132
f 5440/5440 3099/3099 5441/5441
f 3103/3103 3099/3099 5440/5440
f 3087/3087 3081/3081 5442/5442
f 2534/2534 3078/3078 3077/3077
f 5443/5443 3072/3072 2545/2545
f 3072/3072 5443/5443 5444/5444
f 3071/3071 3072/3072 5444/5444
f 5445/5445 5446/5446 5447/5447
f 5446/5446 5448/5448 5449/5449
f 5446/5446 5445/5445 5448/5448
f 5450/5450 5448/5448 5445/5445
f 5450/5450 5445/5445 5451/5451
f 5451/5451 5445/5445 5452/5452
f 5453/5453 2548/2548 5445/5445
f 5452/5452 5445/5445 2548/2548
f 5453/5453 5445/5445 5447/5447
f 2545/2545 2544/2544 5454/5454
f 5443/5443 2545/2545 5454/5454
f 2548/2548 5453/5453 2549/2549
f 5449/5449 5448/5448 5455/5455
f 5455/5455 5448/5448 5456/5456
f 5457/5457 5448/5448 5458/5458
f 5458/5458 5448/5448 5450/5450
f 5457/5457 5456/5456 5448/5448
f 5459/5459 5456/5456 5457/5457
f 5456/5456 5460/5460 5455/5455
f 5460/5460 5456/5456 5461/5461
f 5462/5462 5461/5461 5456/5456
f 5462/5462 5456/5456 5459/5459
f 3061/3061 3070/3070 5463/5463
f 3062/3062 3061/3061 5463/5463
f 5464/5464 3015/3015 3030/3030
f 3014/3014 3015/3015 5464/5464
f 3064/3064 3103/3103 3065/3065
f 5465/5465 5461/5461 5462/5462
f 5461/5461 3051/3051 3056/3056
f 5461/5461 5465/5465 3051/3051
f 3011/3011 3009/3009 3019/3019
f 5452/5452 2548/2548 5466/5466
f 5467/5467 3006/3006 3017/3017
f 5466/5466 2548/2548 2552/2552
f 5468/5468 3006/3006 5467/5467
f 5468/5468 3000/3000 3006/3006
f 5469/5469 3000/3000 5468/5468
f 5470/5470 3000/3000 5469/5469
f 3000/3000 5471/5471 2992/2992
f 5471/5471 3000/3000 5470/5470
f 5472/5472 5473/5473 5474/5474
f 5470/5470 5469/5469 5475/5475
f 2561/2561 5473/5473 5472/5472
f 2561/2561 2560/2560 5473/5473
f 5476/5476 5477/5477 5478/5478
f 2552/2552 2555/2555 5477/5477
f 2552/2552 5477/5477 5476/5476
f 2590/2590 2589/2589 5479/5479
f 2590/2590 5479/5479 5480/5480
f 2991/2991 2992/2992 5471/5471
f 2987/2987 5481/5481 2988/2988
f 5481/5481 2987/2987 2596/2596
f 2598/2598 2596/2596 2987/2987
f 2598/2598 2987/2987 2994/2994
f 5482/5482 2982/2982 5483/5483
f 5481/5481 2596/2596 5484/5484
f 5485/5485 5482/5482 5483/5483
f 5486/5486 2979/2979 5482/5482
f 2979/2979 2982/2982 5482/5482
f 5485/5485 5487/5487 5482/5482
f 5486/5486 5482/5482 5487/5487
f 2974/2974 2979/2979 5486/5486
f 5488/5488 2974/2974 5486/5486
f 5489/5489 5486/5486 5487/5487
f 5488/5488 5486/5486 5489/5489
f 5490/5490 5491/5491 5492/5492
f 5493/5493 5491/5491 5490/5490
f 5490/5490 5492/5492 5494/5494
f 2974/2974 5488/5488 5495/5495
f 5494/5494 5492/5492 2972/2972
f 2975/2975 2974/2974 5495/5495
f 5494/5494 2972/2972 5496/5496
f 5491/5491 5497/5497 5492/5492
f 5492/5492 5497/5497 2961/2961
f 2972/2972 5492/5492 2961/2961
f 5491/5491 5498/5498 5497/5497
f 5499/5499 5497/5497 5498/5498
f 5497/5497 5500/5500 2962/2962
f 5500/5500 5497/5497 5499/5499
f 5497/5497 2962/2962 2961/2961
f 5501/5501 5502/5502 5503/5503
f 5504/5504 5503/5503 5502/5502
f 5502/5502 5501/5501 5505/5505
f 5506/5506 5507/5507 5501/5501
f 5508/5508 5509/5509 5510/5510
f 5501/5501 5503/5503 5506/5506
f 5508/5508 5511/5511 5509/5509
f 5505/5505 5501/5501 5512/5512
f 5511/5511 2962/2962 5500/5500
f 5511/5511 2953/2953 2962/2962
f 5511/5511 5513/5513 2953/2953
f 5513/5513 5511/5511 5508/5508
f 2956/2956 2953/2953 5513/5513
f 5514/5514 2950/2950 5515/5515
f 5515/5515 2950/2950 2949/2949
f 5516/5516 2604/2604 5517/5517
f 5518/5518 5506/5506 5519/5519
f 5507/5507 5506/5506 5518/5518
f 5516/5516 5517/5517 5520/5520
f 2602/2602 5516/5516 5521/5521
f 5522/5522 5523/5523 5524/5524
f 2602/2602 2604/2604 5516/5516
f 5525/5525 5524/5524 5504/5504
f 5522/5522 5524/5524 5525/5525
f 5504/5504 5524/5524 5503/5503
f 5526/5526 5527/5527 5491/5491
f 5526/5526 5528/5528 5527/5527
f 5529/5529 5491/5491 5527/5527
f 5530/5530 5523/5523 5522/5522
f 5531/5531 5523/5523 5530/5530
f 5532/5532 5528/5528 5526/5526
f 5528/5528 5532/5532 5533/5533
f 5534/5534 5535/5535 5536/5536
f 5537/5537 5538/5538 5539/5539
f 5535/5535 5540/5540 5541/5541
f 5523/5523 5531/5531 5542/5542
f 5535/5535 5543/5543 5540/5540
f 5535/5535 5543/5543 5543/5543
f 5535/5535 5544/5544 5543/5543
f 5535/5535 5545/5545 5544/5544
f 5535/5535 5546/5546 5545/5545
f 5535/5535 5547/5547 5546/5546
f 5547/5547 5535/5535 5548/5548
f 5548/5548 5535/5535 5534/5534
f 5549/5549 2602/2602 5550/5550
f 5549/5549 5550/5550 5550/5550
f 5549/5549 5550/5550 5550/5550
f 5551/5551 2602/2602 5549/5549
f 5552/5552 2602/2602 5551/5551
f 5553/5553 2602/2602 5552/5552
f 5546/5546 5547/5547 5554/5554
f 5546/5546 5554/5554 5555/5555
f 5556/5556 2602/2602 5553/5553
f 2601/2601 2602/2602 5556/5556
f 5557/5557 5536/5536 5558/5558
f 5534/5534 5536/5536 5557/5557
f 5559/5559 5536/5536 2595/2595
f 5558/5558 5536/5536 5559/5559
f 5538/5538 5487/5487 5560/5560
f 5537/5537 5487/5487 5538/5538
f 5561/5561 2595/2595 5536/5536
f 5562/5562 2595/2595 5561/5561
f 5560/5560 5487/5487 5563/5563
f 5562/5562 2596/2596 2595/2595
f 2596/2596 5562/5562 5484/5484
f 5487/5487 5485/5485 5563/5563
f 5564/5564 5487/5487 5537/5537
f 5526/5526 5491/5491 5493/5493
f 5489/5489 5487/5487 5564/5564
f 5498/5498 5491/5491 5529/5529
f 5565/5565 5514/5514 5566/5566
f 5514/5514 5565/5565 2950/2950
f 2620/2620 2618/2618 5567/5567
f 5565/5565 5568/5568 2950/2950
f 5569/5569 2950/2950 5568/5568
f 2950/2950 5569/5569 2947/2947
f 2934/2934 2932/2932 5570/5570
f 5571/5571 2934/2934 5570/5570
f 5568/5568 5565/5565 5572/5572
f 5568/5568 5572/5572 5573/5573
f 5571/5571 5574/5574 2934/2934
f 5574/5574 5571/5571 5575/5575
f 5573/5573 5572/5572 5576/5576
f 5577/5577 5574/5574 5575/5575
f 5578/5578 5574/5574 5579/5579
f 5578/5578 2934/2934 5574/5574
f 5580/5580 5581/5581 5582/5582
f 2934/2934 5578/5578 5583/5583
f 5580/5580 2825/2825 5581/5581
f 2621/2621 2626/2626 5584/5584
f 2631/2631 2630/2630 5585/5585
f 2823/2823 2825/2825 5580/5580
f 2818/2818 2819/2819 5586/5586
f 5585/5585 2630/2630 2814/2814
f 5587/5587 2895/2895 5588/5588
f 5589/5589 2895/2895 5587/5587
f 2902/2902 2904/2904 5590/5590
f 2934/2934 5583/5583 2935/2935
f 2929/2929 2919/2919 2937/2937
f 2924/2924 2935/2935 5591/5591
f 2925/2925 2924/2924 5591/5591
f 2898/2898 2895/2895 5589/5589
f 2875/2875 2897/2897 2901/2901
f 2910/2910 2875/2875 2901/2901
f 2881/2881 2897/2897 2875/2875
f 2885/2885 2743/2743 2742/2742
f 2876/2876 2875/2875 2910/2910
f 2854/2854 2857/2857 2874/2874
f 2874/2874 5592/5592 2872/2872
f 2874/2874 2857/2857 5592/5592
f 2844/2844 2846/2846 2917/2917
f 2845/2845 2844/2844 2830/2830
f 2842/2842 2807/2807 2806/2806
f 2830/2830 2831/2831 2845/2845
f 2629/2629 2814/2814 2630/2630
f 2788/2788 2798/2798 2800/2800
f 2788/2788 2786/2786 2798/2798
f 2639/2639 2772/2772 2793/2793
f 5593/5593 2880/2880 2868/2868
f 5594/5594 2880/2880 5593/5593
f 5594/5594 2749/2749 2880/2880
f 5595/5595 2749/2749 5594/5594
f 2779/2779 2777/2777 5596/5596
f 2750/2750 2749/2749 5595/5595
f 2762/2762 2759/2759 5596/5596
f 5596/5596 2777/2777 2762/2762
f 2762/2762 2777/2777 2767/2767
f 2639/2639 2638/2638 2771/2771
f 2766/2766 5597/5597 2761/2761
f 2760/2760 2761/2761 5597/5597
f 5598/5598 5597/5597 5599/5599
f 5600/5600 5599/5599 5597/5597
f 5600/5600 5597/5597 2766/2766
f 5598/5598 2760/2760 5597/5597
f 5601/5601 2760/2760 5598/5598
f 5601/5601 5598/5598 5602/5602
f 5602/5602 5598/5598 5603/5603
f 5603/5603 5598/5598 5599/5599
f 5604/5604 2731/2731 5605/5605
f 2731/2731 5604/5604 2732/2732
f 5603/5603 5606/5606 5602/5602
f 5603/5603 5599/5599 5607/5607
f 5608/5608 5603/5603 5607/5607
f 5606/5606 5603/5603 5608/5608
f 2724/2724 5608/5608 2725/2725
f 5606/5606 5608/5608 2724/2724
f 5608/5608 5607/5607 2649/2649
f 2725/2725 5608/5608 2651/2651
f 2651/2651 5608/5608 2649/2649
f 5609/5609 5607/5607 5599/5599
f 2650/2650 2649/2649 5607/5607
f 2650/2650 5607/5607 5609/5609
f 2758/2758 2760/2760 5601/5601
f 5605/5605 2754/2754 2755/2755
f 5605/5605 2731/2731 2754/2754
f 5609/5609 5599/5599 5600/5600
f 2734/2734 2733/2733 2753/2753
f 2753/2753 2733/2733 2741/2741
f 4977/4977 2736/2736 2738/2738
f 2664/2664 2725/2725 2657/2657
f 2657/2657 2725/2725 2651/2651
f 2687/2687 2676/2676 5022/5022
f 2643/2643 2635/2635 2682/2682
f 2625/2625 2624/2624 5148/5148
f 2439/2439 5177/5177 2440/2440
f 2440/2440 5177/5177 5610/5610
f 2623/2623 2614/2614 5611/5611
f 5559/5559 2595/2595 2597/2597
f 2611/2611 2586/2586 5612/5612
f 2579/2579 5613/5613 2580/2580
f 5614/5614 2581/2581 2583/2583
f 5615/5615 2581/2581 5614/5614
f 5616/5616 5617/5617 5613/5613
f 5616/5616 5613/5613 2579/2579
f 5616/5616 2579/2579 5618/5618
f 5619/5619 5620/5620 5621/5621
f 5619/5619 5621/5621 5622/5622
f 5620/5620 5619/5619 5623/5623
f 5624/5624 5625/5625 5616/5616
f 5616/5616 5626/5626 5617/5617
f 5616/5616 5625/5625 5626/5626
f 5624/5624 5627/5627 5625/5625
f 5628/5628 2581/2581 5629/5629
f 5630/5630 2581/2581 5628/5628
f 5624/5624 5631/5631 5627/5627
f 5632/5632 2581/2581 5630/5630
f 5631/5631 5624/5624 5633/5633
f 5634/5634 5632/5632 5635/5635
f 5631/5631 5633/5633 5636/5636
f 2581/2581 5632/5632 5634/5634
f 2581/2581 5634/5634 5637/5637
f 5637/5637 5634/5634 5638/5638
f 5638/5638 5634/5634 5639/5639
f 5640/5640 5641/5641 5642/5642
f 5634/5634 5635/5635 5643/5643
f 5634/5634 5643/5643 5644/5644
f 5634/5634 5644/5644 5645/5645
f 5634/5634 5645/5645 5646/5646
f 5634/5634 5646/5646 5646/5646
f 5647/5647 5624/5624 5648/5648
f 5649/5649 5624/5624 5647/5647
f 5650/5650 5624/5624 5649/5649
f 5646/5646 5646/5646 5646/5646
f 5646/5646 5646/5646 5646/5646
f 5647/5647 5624/5624 5647/5647
f 5647/5647 5624/5624 5647/5647
f 5633/5633 5624/5624 5650/5650
f 5636/5636 5633/5633 5651/5651
f 5637/5637 5638/5638 5652/5652
f 5641/5641 5653/5653 5654/5654
f 5654/5654 5653/5653 5655/5655
f 5656/5656 5654/5654 5655/5655
f 5652/5652 5638/5638 5657/5657
f 5654/5654 5656/5656 5658/5658
f 5658/5658 5656/5656 5659/5659
f 5660/5660 5661/5661 5662/5662
f 5662/5662 5663/5663 5660/5660
f 5664/5664 5663/5663 5662/5662
f 5660/5660 5663/5663 5665/5665
f 5666/5666 5667/5667 5663/5663
f 5663/5663 5664/5664 5666/5666
f 5663/5663 5668/5668 5665/5665
f 5667/5667 5668/5668 5663/5663
f 5667/5667 5669/5669 5670/5670
f 5667/5667 5671/5671 5669/5669
f 5668/5668 5667/5667 5672/5672
f 5620/5620 5673/5673 5621/5621
f 5620/5620 5674/5674 5673/5673
f 5667/5667 5666/5666 5671/5671
f 5641/5641 5640/5640 5675/5675
f 5653/5653 5641/5641 5675/5675
f 2489/2489 2488/2488 5674/5674
f 5674/5674 5620/5620 2489/2489
f 5665/5665 2482/2482 2481/2481
f 2481/2481 2480/2480 5665/5665
f 5660/5660 5665/5665 2480/2480
f 2482/2482 5665/5665 5668/5668
f 5661/5661 5660/5660 5676/5676
f 2465/2465 5660/5660 2480/2480
f 5676/5676 5660/5660 2465/2465
f 5677/5677 5658/5658 5659/5659
f 5658/5658 5677/5677 5678/5678
f 5676/5676 2465/2465 2458/2458
f 5658/5658 5678/5678 5679/5679
f 5679/5679 5680/5680 5681/5681
f 5679/5679 5682/5682 5680/5680
f 5682/5682 5679/5679 5678/5678
f 2443/2443 2444/2444 5683/5683
f 2453/2453 2451/2451 5684/5684
f 2458/2458 2460/2460 5685/5685
f 5629/5629 2581/2581 5615/5615
f 2579/2579 5686/5686 5618/5618
f 5620/5620 5623/5623 5687/5687
f 5686/5686 2576/2576 5688/5688
f 5689/5689 5620/5620 5687/5687
f 5686/5686 2579/2579 2576/2576
f 5690/5690 5689/5689 5691/5691
f 2576/2576 5692/5692 5688/5688
f 5689/5689 5690/5690 5620/5620
f 5693/5693 2491/2491 5690/5690
f 5693/5693 5690/5690 5691/5691
f 5620/5620 5690/5690 2489/2489
f 2489/2489 5690/5690 2491/2491
f 5692/5692 2573/2573 5694/5694
f 2573/2573 5695/5695 5694/5694
f 2492/2492 5693/5693 5696/5696
f 5693/5693 2492/2492 2491/2491
f 2538/2538 2492/2492 5696/5696
f 5695/5695 2557/2557 5697/5697
f 5695/5695 2573/2573 2557/2557
f 5692/5692 2576/2576 2573/2573
f 2581/2581 5637/5637 5698/5698
f 2581/2581 5698/5698 5699/5699
f 5697/5697 2557/2557 2556/2556
f 2534/2534 2533/2533 3078/3078
f 2496/2496 2497/2497 2530/2530
f 2452/2452 2454/2454 2502/2502
f 2465/2465 2480/2480 2464/2464
f 2454/2454 2469/2469 2500/2500
f 5700/5700 5701/5701 5702/5702
f 5703/5703 5704/5704 5705/5705
f 5706/5706 5707/5707 5708/5708
f 5701/5701 5700/5700 5709/5709
f 5708/5708 5707/5707 5710/5710
f 5711/5711 5712/5712 5713/5713
f 5706/5706 5714/5714 5707/5707
f 5713/5713 5712/5712 5715/5715
f 5716/5716 5717/5717 5718/5718
f 5719/5719 5716/5716 5718/5718
f 5720/5720 5712/5712 5711/5711
f 5721/5721 5712/5712 5720/5720
f 5722/5722 5712/5712 5721/5721
f 5723/5723 5712/5712 5722/5722
f 5724/5724 5717/5717 5716/5716
f 5723/5723 5725/5725 5712/5712
f 5716/5716 5719/5719 5726/5726
f 5715/5715 5712/5712 5727/5727
f 5724/5724 5728/5728 5717/5717
f 5729/5729 5717/5717 5728/5728
f 5729/5729 5730/5730 5717/5717
f 5730/5730 5718/5718 5717/5717
f 5731/5731 5732/5732 5730/5730
f 5732/5732 5733/5733 5730/5730
f 5730/5730 5733/5733 5718/5718
f 5731/5731 5730/5730 5729/5729
f 5734/5734 5731/5731 5729/5729
f 5735/5735 5731/5731 5734/5734
f 5735/5735 5736/5736 5731/5731
f 5736/5736 5732/5732 5731/5731
f 5737/5737 5736/5736 5735/5735
f 5735/5735 5738/5738 5737/5737
f 5734/5734 5739/5739 5735/5735
f 5738/5738 5735/5735 5739/5739
f 5739/5739 5734/5734 5740/5740
f 5738/5738 5739/5739 5741/5741
f 5742/5742 5743/5743 5744/5744
f 5742/5742 5744/5744 5745/5745
f 5743/5743 5742/5742 5746/5746
f 5739/5739 5740/5740 5747/5747
f 5744/5744 5748/5748 5745/5745
f 5749/5749 5740/5740 5734/5734
f 5740/5740 5749/5749 5750/5750
f 5751/5751 5752/5752 5753/5753
f 5752/5752 5751/5751 5743/5743
f 5740/5740 5750/5750 5754/5754
f 5752/5752 5743/5743 5746/5746
f 5755/5755 5751/5751 5753/5753
f 5749/5749 5756/5756 5750/5750
f 5757/5757 5755/5755 5758/5758
f 5759/5759 5755/5755 5757/5757
f 5755/5755 5759/5759 5751/5751
f 5757/5757 5760/5760 5759/5759
f 5761/5761 5751/5751 5759/5759
f 5760/5760 5762/5762 5759/5759
f 5759/5759 5762/5762 5761/5761
f 5763/5763 5761/5761 5764/5764
f 5751/5751 5761/5761 5763/5763
f 5762/5762 5765/5765 5761/5761
f 5761/5761 5765/5765 5764/5764
f 5765/5765 5766/5766 5764/5764
f 5764/5764 5766/5766 5767/5767
f 5768/5768 5764/5764 5767/5767
f 5768/5768 5763/5763 5764/5764
f 5763/5763 5768/5768 5769/5769
f 5770/5770 5771/5771 5772/5772
f 5770/5770 5773/5773 5771/5771
f 5770/5770 5774/5774 5773/5773
f 5768/5768 5767/5767 5775/5775
f 5776/5776 5770/5770 5777/5777
f 5778/5778 5770/5770 5779/5779
f 5774/5774 5770/5770 5778/5778
f 5780/5780 5779/5779 5770/5770
f 5780/5780 5770/5770 5776/5776
f 5773/5773 5774/5774 5781/5781
f 5782/5782 5783/5783 5784/5784
f 5778/5778 5785/5785 5774/5774
f 5781/5781 5774/5774 5786/5786
f 5783/5783 5787/5787 5788/5788
f 5783/5783 5782/5782 5787/5787
f 5789/5789 5790/5790 5791/5791
f 5789/5789 5787/5787 5790/5790
f 5788/5788 5787/5787 5789/5789
f 5792/5792 5790/5790 5787/5787
f 5793/5793 5790/5790 5792/5792
f 5794/5794 5790/5790 5793/5793
f 5791/5791 5790/5790 5794/5794
f 5795/5795 5793/5793 5796/5796
f 5796/5796 5793/5793 5792/5792
f 5797/5797 5793/5793 5795/5795
f 5794/5794 5793/5793 5798/5798
f 5793/5793 5797/5797 5798/5798
f 5797/5797 5795/5795 5799/5799
f 5800/5800 5801/5801 5802/5802
f 5801/5801 5800/5800 5803/5803
f 5804/5804 5803/5803 5800/5800
f 5803/5803 5805/5805 5801/5801
f 5806/5806 5801/5801 5805/5805
f 5807/5807 5801/5801 5806/5806
f 5808/5808 5801/5801 5807/5807
f 5802/5802 5801/5801 5808/5808
f 5771/5771 5773/5773 5809/5809
f 5808/5808 5807/5807 5810/5810
f 5771/5771 5809/5809 5811/5811
f 5806/5806 5805/5805 5812/5812
f 5744/5744 5805/5805 5803/5803
f 5744/5744 5813/5813 5805/5805
f 5812/5812 5805/5805 5813/5813
f 5743/5743 5763/5763 5813/5813
f 5769/5769 5813/5813 5763/5763
f 5812/5812 5813/5813 5769/5769
f 5743/5743 5813/5813 5744/5744
f 5814/5814 5815/5815 5799/5799
f 5737/5737 5816/5816 5817/5817
f 5738/5738 5816/5816 5737/5737
f 5816/5816 5738/5738 5818/5818
f 5819/5819 5803/5803 5804/5804
f 5748/5748 5803/5803 5819/5819
f 5820/5820 5815/5815 5814/5814
f 5821/5821 5815/5815 5820/5820
f 5822/5822 5737/5737 5817/5817
f 5823/5823 5824/5824 5815/5815
f 5823/5823 5815/5815 5825/5825
f 5825/5825 5815/5815 5826/5826
f 5826/5826 5815/5815 5821/5821
f 5827/5827 5828/5828 5829/5829
f 5827/5827 5830/5830 5828/5828
f 5796/5796 5830/5830 5827/5827
f 5796/5796 5792/5792 5830/5830
f 5830/5830 5782/5782 5828/5828
f 5792/5792 5787/5787 5830/5830
f 5830/5830 5787/5787 5782/5782
f 5828/5828 5831/5831 5832/5832
f 5833/5833 5828/5828 5832/5832
f 5828/5828 5782/5782 5831/5831
f 5829/5829 5828/5828 5833/5833
f 5832/5832 5831/5831 5834/5834
f 5835/5835 5834/5834 5831/5831
f 5784/5784 5831/5831 5782/5782
f 5835/5835 5831/5831 5784/5784
f 5836/5836 5834/5834 5835/5835
f 5837/5837 5838/5838 5839/5839
f 5778/5778 5839/5839 5785/5785
f 5837/5837 5839/5839 5778/5778
f 5837/5837 5840/5840 5841/5841
f 5842/5842 5837/5837 5841/5841
f 5837/5837 5842/5842 5838/5838
f 5843/5843 5837/5837 5844/5844
f 5843/5843 5845/5845 5837/5837
f 5837/5837 5845/5845 5840/5840
f 5837/5837 5778/5778 5846/5846
f 5844/5844 5837/5837 5846/5846
f 5847/5847 5843/5843 5844/5844
f 5848/5848 5844/5844 5849/5849
f 5847/5847 5844/5844 5848/5848
f 5844/5844 5846/5846 5850/5850
f 5844/5844 5850/5850 5849/5849
f 5849/5849 5851/5851 5852/5852
f 5850/5850 5851/5851 5849/5849
f 5849/5849 5853/5853 5848/5848
f 5854/5854 5853/5853 5849/5849
f 5849/5849 5852/5852 5854/5854
f 5855/5855 5856/5856 5857/5857
f 5857/5857 5856/5856 5858/5858
f 5858/5858 5859/5859 5857/5857
f 5860/5860 5858/5858 5856/5856
f 5861/5861 5858/5858 5860/5860
f 5862/5862 5858/5858 5861/5861
f 5862/5862 5863/5863 5858/5858
f 5859/5859 5858/5858 5863/5863
f 5864/5864 5863/5863 5865/5865
f 5866/5866 5865/5865 5863/5863
f 5866/5866 5863/5863 5862/5862
f 5859/5859 5863/5863 5864/5864
f 5867/5867 5866/5866 5868/5868
f 5868/5868 5866/5866 5862/5862
f 5867/5867 5869/5869 5866/5866
f 5869/5869 5865/5865 5866/5866
f 5870/5870 5871/5871 5869/5869
f 5871/5871 5872/5872 5869/5869
f 5869/5869 5872/5872 5865/5865
f 5870/5870 5869/5869 5867/5867
f 5873/5873 5874/5874 5875/5875
f 5873/5873 5875/5875 5876/5876
f 5877/5877 5871/5871 5870/5870
f 5875/5875 5874/5874 5878/5878
f 5879/5879 5880/5880 5877/5877
f 5873/5873 5881/5881 5874/5874
f 5874/5874 5881/5881 5882/5882
f 5874/5874 5883/5883 5884/5884
f 5885/5885 5886/5886 5879/5879
f 5874/5874 5882/5882 5883/5883
f 5879/5879 5886/5886 5880/5880
f 5877/5877 5880/5880 5871/5871
f 5880/5880 5887/5887 5871/5871
f 5880/5880 5888/5888 5887/5887
f 5886/5886 5888/5888 5880/5880
f 5889/5889 5887/5887 5888/5888
f 5890/5890 5872/5872 5887/5887
f 5871/5871 5887/5887 5872/5872
f 5890/5890 5887/5887 5889/5889
f 5889/5889 5888/5888 5891/5891
f 5892/5892 5848/5848 5893/5893
f 5893/5893 5848/5848 5853/5853
f 5888/5888 5894/5894 5891/5891
f 5895/5895 5896/5896 5892/5892
f 5892/5892 5896/5896 5848/5848
f 5897/5897 5896/5896 5895/5895
f 5896/5896 5847/5847 5848/5848
f 5896/5896 5897/5897 5898/5898
f 5898/5898 5899/5899 5896/5896
f 5899/5899 5847/5847 5896/5896
f 5900/5900 5898/5898 5901/5901
f 5902/5902 5898/5898 5900/5900
f 5898/5898 5902/5902 5903/5903
f 5898/5898 5897/5897 5904/5904
f 5905/5905 5898/5898 5906/5906
f 5901/5901 5898/5898 5905/5905
f 5898/5898 5904/5904 5906/5906
f 5903/5903 5907/5907 5898/5898
f 5907/5907 5899/5899 5898/5898
f 5908/5908 5907/5907 5909/5909
f 5909/5909 5907/5907 5903/5903
f 5907/5907 5910/5910 5899/5899
f 5908/5908 5910/5910 5907/5907
f 5910/5910 5911/5911 5912/5912
f 5908/5908 5911/5911 5910/5910
f 5910/5910 5912/5912 5913/5913
f 5910/5910 5914/5914 5915/5915
f 5914/5914 5910/5910 5913/5913
f 5910/5910 5915/5915 5916/5916
f 5910/5910 5916/5916 5843/5843
f 5910/5910 5843/5843 5847/5847
f 5910/5910 5847/5847 5899/5899
f 5917/5917 5918/5918 5919/5919
f 5917/5917 5920/5920 5918/5918
f 5921/5921 5920/5920 5917/5917
f 5843/5843 5916/5916 5922/5922
f 5923/5923 5918/5918 5920/5920
f 5923/5923 5920/5920 5924/5924
f 5924/5924 5920/5920 5925/5925
f 5921/5921 5925/5925 5920/5920
f 5926/5926 5925/5925 5927/5927
f 5928/5928 5927/5927 5925/5925
f 5929/5929 5925/5925 5921/5921
f 5928/5928 5925/5925 5929/5929
f 5924/5924 5925/5925 5926/5926
f 5930/5930 5926/5926 5931/5931
f 5931/5931 5926/5926 5932/5932
f 5930/5930 5924/5924 5926/5926
f 5926/5926 5927/5927 5932/5932
f 5931/5931 5932/5932 5933/5933
f 5933/5933 5932/5932 5934/5934
f 5932/5932 5935/5935 5934/5934
f 5932/5932 5927/5927 5935/5935
f 5934/5934 5935/5935 5936/5936
f 5937/5937 5935/5935 5938/5938
f 5937/5937 5936/5936 5935/5935
f 5938/5938 5935/5935 5927/5927
f 5939/5939 5936/5936 5937/5937
f 5939/5939 5940/5940 5936/5936
f 5934/5934 5936/5936 5941/5941
f 5941/5941 5936/5936 5940/5940
f 5942/5942 5940/5940 5943/5943
f 5944/5944 5943/5943 5940/5940
f 5945/5945 5940/5940 5939/5939
f 5944/5944 5940/5940 5945/5945
f 5941/5941 5940/5940 5942/5942
f 5946/5946 5942/5942 5947/5947
f 5947/5947 5942/5942 5948/5948
f 5946/5946 5941/5941 5942/5942
f 5943/5943 5949/5949 5942/5942
f 5942/5942 5949/5949 5948/5948
f 5950/5950 5951/5951 5947/5947
f 5950/5950 5952/5952 5951/5951
f 5953/5953 5941/5941 5946/5946
f 5950/5950 5954/5954 5952/5952
f 5950/5950 5955/5955 5954/5954
f 5950/5950 5956/5956 5955/5955
f 5950/5950 5957/5957 5956/5956
f 5958/5958 5957/5957 5950/5950
f 5959/5959 5960/5960 5961/5961
f 5962/5962 5963/5963 5959/5959
f 5959/5959 5963/5963 5960/5960
f 5964/5964 5963/5963 5962/5962
f 5960/5960 5963/5963 5965/5965
f 5964/5964 5965/5965 5963/5963
f 5966/5966 5965/5965 5964/5964
f 5967/5967 5965/5965 5968/5968
f 5966/5966 5968/5968 5965/5965
f 5960/5960 5965/5965 5967/5967
f 5967/5967 5968/5968 5732/5732
f 5969/5969 5967/5967 5736/5736
f 5969/5969 5960/5960 5967/5967
f 5736/5736 5967/5967 5732/5732
f 5737/5737 5969/5969 5736/5736
f 5961/5961 5969/5969 5822/5822
f 5822/5822 5969/5969 5737/5737
f 5961/5961 5960/5960 5969/5969
f 5970/5970 5968/5968 5966/5966
f 5966/5966 5964/5964 5971/5971
f 5972/5972 5973/5973 5974/5974
f 5973/5973 5972/5972 5975/5975
f 5972/5972 5974/5974 5976/5976
f 5970/5970 5966/5966 5977/5977
f 5974/5974 5978/5978 5976/5976
f 5979/5979 5973/5973 5975/5975
f 5980/5980 5970/5970 5981/5981
f 5980/5980 5733/5733 5970/5970
f 5978/5978 5982/5982 5983/5983
f 5978/5978 5974/5974 5984/5984
f 5978/5978 5984/5984 5982/5982
f 5970/5970 5733/5733 5968/5968
f 5982/5982 5984/5984 5985/5985
f 5982/5982 5985/5985 5986/5986
f 5987/5987 5982/5982 5986/5986
f 5982/5982 5987/5987 5983/5983
f 5987/5987 5986/5986 5988/5988
f 5986/5986 5989/5989 5988/5988
f 5989/5989 5986/5986 5990/5990
f 5986/5986 5985/5985 5991/5991
f 5986/5986 5991/5991 5990/5990
f 5719/5719 5980/5980 5992/5992
f 5993/5993 5990/5990 5991/5991
f 5985/5985 5994/5994 5991/5991
f 5993/5993 5991/5991 5994/5994
f 5993/5993 5994/5994 5995/5995
f 5996/5996 5997/5997 5998/5998
f 5997/5997 5999/5999 6000/6000
f 6001/6001 5990/5990 5993/5993
f 5997/5997 5996/5996 5999/5999
f 6002/6002 5996/5996 5998/5998
f 5999/5999 5996/5996 6003/6003
f 6002/6002 6004/6004 5996/5996
f 5996/5996 6004/6004 6005/6005
f 5996/5996 6005/6005 6003/6003
f 6003/6003 6005/6005 6006/6006
f 6003/6003 6006/6006 6007/6007
f 6008/6008 6003/6003 6007/6007
f 5999/5999 6003/6003 6008/6008
f 6009/6009 5999/5999 6008/6008
f 6008/6008 6007/6007 6010/6010
f 6011/6011 6008/6008 6010/6010
f 6009/6009 6008/6008 6011/6011
f 6012/6012 6013/6013 6014/6014
f 6015/6015 6013/6013 6012/6012
f 5715/5715 6013/6013 6015/6015
f 5715/5715 5727/5727 6013/6013
f 6016/6016 6009/6009 6017/6017
f 6016/6016 5999/5999 6009/6009
f 6018/6018 6019/6019 6020/6020
f 6018/6018 5990/5990 6019/6019
f 5990/5990 6001/6001 6019/6019
f 5999/5999 6016/6016 6000/6000
f 5726/5726 5719/5719 6021/6021
f 5989/5989 5990/5990 6018/6018
f 6012/6012 6022/6022 6023/6023
f 6012/6012 6023/6023 6024/6024
f 6012/6012 6014/6014 6022/6022
f 6025/6025 6026/6026 6027/6027
f 6028/6028 6029/6029 6025/6025
f 6025/6025 6029/6029 6026/6026
f 6030/6030 6029/6029 6028/6028
f 6031/6031 6032/6032 6033/6033
f 6034/6034 6029/6029 6030/6030
f 6034/6034 6030/6030 6035/6035
f 6035/6035 6030/6030 6036/6036
f 6037/6037 6038/6038 6032/6032
f 6037/6037 6032/6032 6031/6031
f 6039/6039 6040/6040 6041/6041
f 6039/6039 6041/6041 6042/6042
f 6041/6041 6040/6040 6043/6043
f 6038/6038 6037/6037 6044/6044
f 6038/6038 6044/6044 6045/6045
f 6040/6040 6046/6046 6043/6043
f 6046/6046 6047/6047 6048/6048
f 6046/6046 6040/6040 6047/6047
f 6049/6049 6045/6045 6050/6050
f 6045/6045 6049/6049 6038/6038
f 6051/6051 6052/6052 6049/6049
f 6035/6035 6036/6036 6053/6053
f 6049/6049 6050/6050 6051/6051
f 6051/6051 6054/6054 6052/6052
f 6048/6048 6055/6055 6056/6056
f 6054/6054 6051/6051 6057/6057
f 6047/6047 6055/6055 6048/6048
f 6055/6055 6058/6058 6059/6059
f 6054/6054 6057/6057 6060/6060
f 6055/6055 6047/6047 6061/6061
f 6055/6055 6061/6061 6058/6058
f 6047/6047 6062/6062 6061/6061
f 6062/6062 6063/6063 6061/6061
f 6061/6061 6063/6063 6064/6064
f 6064/6064 6065/6065 6061/6061
f 6061/6061 6065/6065 6058/6058
f 6065/6065 6064/6064 6066/6066
f 6064/6064 6067/6067 6066/6066
f 6063/6063 6067/6067 6064/6064
f 6068/6068 6069/6069 6067/6067
f 6068/6068 6067/6067 6070/6070
f 6070/6070 6067/6067 6071/6071
f 6071/6071 6067/6067 6063/6063
f 6067/6067 6069/6069 6066/6066
f 6072/6072 6069/6069 6068/6068
f 6069/6069 6072/6072 6073/6073
f 6066/6066 6069/6069 6074/6074
f 6073/6073 6074/6074 6069/6069
f 6075/6075 6074/6074 6073/6073
f 6076/6076 6077/6077 6078/6078
f 6076/6076 6079/6079 6077/6077
f 6080/6080 6074/6074 6075/6075
f 6079/6079 6081/6081 6082/6082
f 6079/6079 6076/6076 6081/6081
f 6083/6083 6081/6081 6084/6084
f 6081/6081 6083/6083 6085/6085
f 6081/6081 6086/6086 6084/6084
f 6076/6076 6087/6087 6081/6081
f 6082/6082 6081/6081 6085/6085
f 6086/6086 6081/6081 6088/6088
f 6081/6081 6087/6087 6088/6088
f 6089/6089 6090/6090 6091/6091
f 6091/6091 6090/6090 6092/6092
f 6092/6092 6093/6093 6091/6091
f 6086/6086 6088/6088 6094/6094
f 6095/6095 6090/6090 6089/6089
f 6094/6094 6088/6088 6096/6096
f 6095/6095 6097/6097 6090/6090
f 6097/6097 6095/6095 6098/6098
f 6096/6096 6088/6088 6099/6099
f 6098/6098 6100/6100 6097/6097
f 6099/6099 6088/6088 5903/5903
f 6099/6099 5903/5903 6101/6101
f 6102/6102 6100/6100 6098/6098
f 6103/6103 6100/6100 6104/6104
f 6103/6103 6097/6097 6100/6100
f 6105/6105 6104/6104 6100/6100
f 6105/6105 6100/6100 6102/6102
f 6103/6103 6104/6104 6106/6106
f 6106/6106 6104/6104 6107/6107
f 6108/6108 6107/6107 6104/6104
f 6108/6108 6104/6104 6109/6109
f 6104/6104 6105/6105 6109/6109
f 6110/6110 6107/6107 6111/6111
f 6106/6106 6107/6107 6110/6110
f 6112/6112 6107/6107 6108/6108
f 6112/6112 6111/6111 6107/6107
f 6113/6113 6111/6111 6114/6114
f 6110/6110 6111/6111 6113/6113
f 6115/6115 6114/6114 6111/6111
f 6115/6115 6111/6111 6112/6112
f 6116/6116 6114/6114 6117/6117
f 6118/6118 6117/6117 6114/6114
f 6118/6118 6114/6114 6119/6119
f 6114/6114 6115/6115 6119/6119
f 6113/6113 6114/6114 6116/6116
f 6120/6120 6116/6116 5885/5885
f 5885/5885 6116/6116 5886/5886
f 6120/6120 6113/6113 6116/6116
f 6116/6116 6117/6117 5886/5886
f 5884/5884 5883/5883 6121/6121
f 6122/6122 6113/6113 6120/6120
f 5886/5886 6117/6117 5888/5888
f 5894/5894 5888/5888 6117/6117
f 5894/5894 6117/6117 6118/6118
f 6122/6122 6110/6110 6113/6113
f 6123/6123 6106/6106 6110/6110
f 6123/6123 6110/6110 6122/6122
f 5883/5883 6124/6124 6125/6125
f 6126/6126 6106/6106 6123/6123
f 5883/5883 5882/5882 6124/6124
f 6124/6124 5882/5882 6127/6127
f 6128/6128 6129/6129 6126/6126
f 6126/6126 6129/6129 6103/6103
f 6126/6126 6103/6103 6106/6106
f 6130/6130 6090/6090 6129/6129
f 6129/6129 6090/6090 6097/6097
f 6129/6129 6097/6097 6103/6103
f 6128/6128 6130/6130 6129/6129
f 6131/6131 6132/6132 6130/6130
f 6131/6131 6130/6130 6128/6128
f 6132/6132 6092/6092 6130/6130
f 6130/6130 6092/6092 6090/6090
f 6133/6133 6132/6132 6131/6131
f 6133/6133 6134/6134 6132/6132
f 6134/6134 6135/6135 6132/6132
f 6132/6132 6135/6135 6092/6092
f 6093/6093 6092/6092 6135/6135
f 6136/6136 6135/6135 6137/6137
f 6093/6093 6135/6135 6136/6136
f 6137/6137 6135/6135 6138/6138
f 6134/6134 6138/6138 6135/6135
f 6139/6139 6138/6138 6134/6134
f 6139/6139 6140/6140 6138/6138
f 6141/6141 6138/6138 6140/6140
f 6138/6138 6141/6141 6137/6137
f 6142/6142 6143/6143 6144/6144
f 6141/6141 6140/6140 6145/6145
f 6143/6143 6146/6146 6085/6085
f 6085/6085 6147/6147 6143/6143
f 6146/6146 6143/6143 6142/6142
f 6148/6148 6149/6149 6150/6150
f 6148/6148 6140/6140 6149/6149
f 6146/6146 6142/6142 6151/6151
f 6145/6145 6140/6140 6148/6148
f 6150/6150 6149/6149 6152/6152
f 6153/6153 6154/6154 6155/6155
f 6153/6153 6156/6156 6157/6157
f 6153/6153 6157/6157 6154/6154
f 6158/6158 6156/6156 6153/6153
f 6152/6152 6159/6159 6160/6160
f 6152/6152 6149/6149 6159/6159
f 6159/6159 6149/6149 6161/6161
f 6162/6162 6159/6159 6161/6161
f 6160/6160 6159/6159 6163/6163
f 6163/6163 6159/6159 6162/6162
f 5881/5881 6164/6164 6165/6165
f 6160/6160 6163/6163 6166/6166
f 6164/6164 6167/6167 6168/6168
f 6169/6169 6158/6158 6170/6170
f 5881/5881 6167/6167 6164/6164
f 6171/6171 6172/6172 6169/6169
f 6173/6173 6172/6172 6171/6171
f 6167/6167 6174/6174 6175/6175
f 6167/6167 6176/6176 6174/6174
f 6167/6167 6177/6177 6176/6176
f 6167/6167 6178/6178 6177/6177
f 5873/5873 6178/6178 6167/6167
f 5873/5873 6167/6167 5881/5881
f 6179/6179 6178/6178 6180/6180
f 6181/6181 6182/6182 6183/6183
f 6178/6178 5873/5873 6184/6184
f 6178/6178 6184/6184 6185/6185
f 6181/6181 6186/6186 6182/6182
f 6187/6187 6186/6186 6181/6181
f 6178/6178 6185/6185 6188/6188
f 6177/6177 6178/6178 6179/6179
f 6177/6177 6179/6179 6189/6189
f 6190/6190 6191/6191 6192/6192
f 6183/6183 6182/6182 6190/6190
f 6190/6190 6182/6182 6191/6191
f 6191/6191 6193/6193 6194/6194
f 6191/6191 6195/6195 6193/6193
f 6182/6182 6195/6195 6191/6191
f 6192/6192 6191/6191 6194/6194
f 6192/6192 6194/6194 6196/6196
f 6196/6196 6194/6194 6197/6197
f 6194/6194 6193/6193 6198/6198
f 6194/6194 6198/6198 6197/6197
f 6197/6197 6198/6198 6199/6199
f 6200/6200 6197/6197 6201/6201
f 6197/6197 6199/6199 6201/6201
f 6196/6196 6197/6197 6200/6200
f 6202/6202 6177/6177 6203/6203
f 6200/6200 6201/6201 6204/6204
f 6205/6205 6202/6202 6206/6206
f 6205/6205 6177/6177 6202/6202
f 6204/6204 6207/6207 6208/6208
f 6204/6204 6201/6201 6207/6207
f 6207/6207 6209/6209 6210/6210
f 6208/6208 6207/6207 6210/6210
f 6201/6201 6211/6211 6207/6207
f 6207/6207 6211/6211 6209/6209
f 6210/6210 6209/6209 6212/6212
f 6213/6213 6212/6212 6209/6209
f 6214/6214 6209/6209 6211/6211
f 6215/6215 6209/6209 6214/6214
f 6213/6213 6209/6209 6215/6215
f 6216/6216 6217/6217 6218/6218
f 6217/6217 6219/6219 6220/6220
f 6219/6219 6217/6217 6216/6216
f 6221/6221 6219/6219 6216/6216
f 6222/6222 6221/6221 6216/6216
f 6222/6222 6216/6216 6223/6223
f 6224/6224 6223/6223 6216/6216
f 6216/6216 6218/6218 6224/6224
f 6225/6225 6223/6223 6226/6226
f 6224/6224 6226/6226 6223/6223
f 6227/6227 6223/6223 6225/6225
f 6227/6227 6228/6228 6223/6223
f 6229/6229 6223/6223 6228/6228
f 6229/6229 6222/6222 6223/6223
f 6230/6230 6231/6231 6229/6229
f 6231/6231 6222/6222 6229/6229
f 6230/6230 6229/6229 6232/6232
f 6232/6232 6229/6229 6233/6233
f 6233/6233 6229/6229 6228/6228
f 6234/6234 6230/6230 6232/6232
f 6235/6235 6230/6230 6234/6234
f 6236/6236 6231/6231 6230/6230
f 6237/6237 6230/6230 6238/6238
f 6239/6239 6230/6230 6237/6237
f 6238/6238 6230/6230 6240/6240
f 6240/6240 6230/6230 6235/6235
f 6236/6236 6230/6230 6239/6239
f 6241/6241 6242/6242 6243/6243
f 6243/6243 6242/6242 6244/6244
f 6244/6244 6242/6242 6245/6245
f 6246/6246 6245/6245 6242/6242
f 6246/6246 6242/6242 6247/6247
f 6241/6241 6248/6248 6242/6242
f 6247/6247 6242/6242 6248/6248
f 6249/6249 6247/6247 6250/6250
f 6250/6250 6247/6247 6251/6251
f 6249/6249 6246/6246 6247/6247
f 6247/6247 6248/6248 6251/6251
f 6252/6252 6251/6251 6253/6253
f 6250/6250 6251/6251 6252/6252
f 6251/6251 6254/6254 6253/6253
f 6251/6251 6248/6248 6254/6254
f 6255/6255 6254/6254 6248/6248
f 6256/6256 6254/6254 6255/6255
f 6256/6256 6257/6257 6254/6254
f 6253/6253 6254/6254 6257/6257
f 6258/6258 6257/6257 6256/6256
f 6258/6258 6259/6259 6257/6257
f 6253/6253 6257/6257 6260/6260
f 6260/6260 6257/6257 6259/6259
f 6260/6260 6259/6259 6261/6261
f 6262/6262 6260/6260 6261/6261
f 6263/6263 6260/6260 6262/6262
f 6263/6263 6253/6253 6260/6260
f 6264/6264 6265/6265 6266/6266
f 6267/6267 6253/6253 6263/6263
f 6264/6264 6268/6268 6265/6265
f 6269/6269 6270/6270 6271/6271
f 6264/6264 6272/6272 6273/6273
f 6271/6271 6270/6270 6274/6274
f 6264/6264 6275/6275 6272/6272
f 6264/6264 6266/6266 6275/6275
f 6276/6276 6268/6268 6264/6264
f 6274/6274 6270/6270 6277/6277
f 6276/6276 6278/6278 6268/6268
f 6276/6276 6279/6279 6278/6278
f 6276/6276 6280/6280 6279/6279
f 6276/6276 6281/6281 6280/6280
f 6276/6276 6282/6282 6281/6281
f 6282/6282 6276/6276 6283/6283
f 6274/6274 6277/6277 6284/6284
f 6285/6285 6286/6286 6277/6277
f 6285/6285 6277/6277 6270/6270
f 6284/6284 6277/6277 6287/6287
f 6286/6286 6287/6287 6277/6277
f 6286/6286 6288/6288 6287/6287
f 6289/6289 6288/6288 6286/6286
f 6290/6290 6286/6286 6285/6285
f 6290/6290 6289/6289 6286/6286
f 6291/6291 6292/6292 6289/6289
f 6291/6291 6289/6289 6290/6290
f 6292/6292 6293/6293 6289/6289
f 6289/6289 6293/6293 6288/6288
f 6292/6292 6294/6294 6293/6293
f 6294/6294 6295/6295 6293/6293
f 6293/6293 6296/6296 6288/6288
f 6293/6293 6295/6295 6296/6296
f 6296/6296 6297/6297 6298/6298
f 6288/6288 6296/6296 6298/6298
f 6295/6295 6299/6299 6296/6296
f 6297/6297 6296/6296 6299/6299
f 6300/6300 6298/6298 6297/6297
f 6297/6297 6299/6299 6301/6301
f 6300/6300 6297/6297 6302/6302
f 6303/6303 6304/6304 6305/6305
f 6304/6304 6306/6306 6307/6307
f 6304/6304 6303/6303 6306/6306
f 6303/6303 6308/6308 6306/6306
f 6306/6306 6308/6308 6309/6309
f 6310/6310 6306/6306 6311/6311
f 6306/6306 6310/6310 6307/6307
f 6311/6311 6306/6306 6309/6309
f 6311/6311 6309/6309 6312/6312
f 6313/6313 6314/6314 6315/6315
f 6315/6315 6314/6314 6316/6316
f 6316/6316 6314/6314 6317/6317
f 6314/6314 6318/6318 6319/6319
f 6317/6317 6314/6314 6319/6319
f 6314/6314 6320/6320 6318/6318
f 6313/6313 6320/6320 6314/6314
f 6317/6317 6319/6319 6321/6321
f 6322/6322 6323/6323 6324/6324
f 6316/6316 6317/6317 6325/6325
f 6324/6324 6323/6323 6326/6326
f 6284/6284 6287/6287 6327/6327
f 6327/6327 6287/6287 6298/6298
f 6298/6298 6300/6300 6327/6327
f 6328/6328 6283/6283 6323/6323
f 6328/6328 6323/6323 6329/6329
f 6329/6329 6323/6323 6330/6330
f 6330/6330 6323/6323 6331/6331
f 6331/6331 6323/6323 6322/6322
f 6321/6321 6332/6332 6333/6333
f 6333/6333 6332/6332 6334/6334
f 6333/6333 6334/6334 6335/6335
f 6334/6334 6336/6336 6337/6337
f 6338/6338 6334/6334 6337/6337
f 6334/6334 6339/6339 6336/6336
f 6332/6332 6339/6339 6334/6334
f 6335/6335 6334/6334 6338/6338
f 6337/6337 6336/6336 6340/6340
f 6341/6341 6342/6342 6336/6336
f 6341/6341 6336/6336 6343/6343
f 6343/6343 6336/6336 6339/6339
f 6340/6340 6336/6336 6342/6342
f 6344/6344 6345/6345 6346/6346
f 6347/6347 6345/6345 6344/6344
f 6343/6343 6339/6339 6348/6348
f 6347/6347 6349/6349 6345/6345
f 6350/6350 6349/6349 6347/6347
f 6348/6348 6351/6351 6352/6352
f 6348/6348 6339/6339 6351/6351
f 6345/6345 6349/6349 6353/6353
f 6354/6354 6355/6355 6349/6349
f 6349/6349 6355/6355 6356/6356
f 6357/6357 6349/6349 6358/6358
f 6359/6359 6349/6349 6357/6357
f 6354/6354 6349/6349 6359/6359
f 6353/6353 6349/6349 6360/6360
f 6349/6349 6356/6356 6360/6360
f 6358/6358 6349/6349 6350/6350
f 6361/6361 6362/6362 6363/6363
f 6361/6361 6320/6320 6362/6362
f 6364/6364 6320/6320 6361/6361
f 6320/6320 6313/6313 6362/6362
f 6365/6365 6309/6309 6366/6366
f 6312/6312 6309/6309 6365/6365
f 6365/6365 6366/6366 6367/6367
f 6368/6368 6369/6369 6370/6370
f 6368/6368 6354/6354 6369/6369
f 6366/6366 6309/6309 6371/6371
f 6371/6371 6308/6308 6372/6372
f 6371/6371 6309/6309 6308/6308
f 6373/6373 6368/6368 6374/6374
f 6372/6372 6375/6375 6376/6376
f 6372/6372 6377/6377 6375/6375
f 6372/6372 6308/6308 6377/6377
f 6354/6354 6368/6368 6373/6373
f 6354/6354 6373/6373 6355/6355
f 6378/6378 6355/6355 6373/6373
f 6378/6378 6373/6373 6379/6379
f 6379/6379 6373/6373 6380/6380
f 6373/6373 6374/6374 6381/6381
f 6382/6382 6383/6383 6384/6384
f 6383/6383 6385/6385 6386/6386
f 6383/6383 6382/6382 6385/6385
f 6387/6387 6385/6385 6382/6382
f 6387/6387 6382/6382 6388/6388
f 6388/6388 6382/6382 6375/6375
f 6384/6384 6375/6375 6382/6382
f 6375/6375 6377/6377 6388/6388
f 6377/6377 6389/6389 6388/6388
f 6389/6389 6387/6387 6388/6388
f 6389/6389 6390/6390 6391/6391
f 6390/6390 6389/6389 6377/6377
f 6391/6391 6392/6392 6389/6389
f 6392/6392 6387/6387 6389/6389
f 6391/6391 6393/6393 6394/6394
f 6393/6393 6391/6391 6390/6390
f 6394/6394 6395/6395 6391/6391
f 6395/6395 6392/6392 6391/6391
f 6396/6396 6397/6397 6395/6395
f 6397/6397 6398/6398 6395/6395
f 6395/6395 6398/6398 6392/6392
f 6396/6396 6395/6395 6394/6394
f 6399/6399 6396/6396 6400/6400
f 6399/6399 6401/6401 6396/6396
f 6396/6396 6402/6402 6400/6400
f 6402/6402 6396/6396 6394/6394
f 6401/6401 6397/6397 6396/6396
f 6403/6403 6404/6404 6405/6405
f 6406/6406 6401/6401 6407/6407
f 6408/6408 6401/6401 6406/6406
f 6401/6401 6399/6399 6407/6407
f 6401/6401 6409/6409 6397/6397
f 6409/6409 6401/6401 6408/6408
f 6410/6410 6411/6411 6412/6412
f 6411/6411 6413/6413 6412/6412
f 6414/6414 6415/6415 6411/6411
f 6415/6415 6416/6416 6411/6411
f 6411/6411 6416/6416 6417/6417
f 6413/6413 6411/6411 6417/6417
f 6414/6414 6411/6411 6410/6410
f 6418/6418 6419/6419 6420/6420
f 6418/6418 6421/6421 6419/6419
f 6422/6422 6415/6415 6414/6414
f 6418/6418 6420/6420 6423/6423
f 6414/6414 6410/6410 6424/6424
f 6425/6425 6421/6421 6418/6418
f 6426/6426 6427/6427 6428/6428
f 6429/6429 6427/6427 6426/6426
f 6429/6429 6430/6430 6427/6427
f 6431/6431 6420/6420 6432/6432
f 6423/6423 6420/6420 6431/6431
f 6432/6432 6420/6420 6433/6433
f 6434/6434 6435/6435 6436/6436
f 6434/6434 6436/6436 6437/6437
f 6438/6438 6439/6439 6440/6440
f 6441/6441 6442/6442 6443/6443
f 6438/6438 6444/6444 6439/6439
f 6444/6444 6445/6445 6439/6439
f 6446/6446 6441/6441 6447/6447
f 6441/6441 6446/6446 6442/6442
f 6448/6448 6446/6446 6447/6447
f 6422/6422 6446/6446 6415/6415
f 6446/6446 6449/6449 6415/6415
f 6448/6448 6449/6449 6446/6446
f 6442/6442 6446/6446 6422/6422
f 6450/6450 6451/6451 6452/6452
f 6445/6445 6451/6451 6450/6450
f 6449/6449 6448/6448 6453/6453
f 6452/6452 6451/6451 6454/6454
f 6452/6452 6454/6454 6455/6455
f 6456/6456 6449/6449 6453/6453
f 6457/6457 6458/6458 6454/6454
f 6457/6457 6454/6454 6451/6451
f 6458/6458 6459/6459 6454/6454
f 6455/6455 6454/6454 6459/6459
f 6460/6460 6458/6458 6457/6457
f 6458/6458 6460/6460 6461/6461
f 6458/6458 6461/6461 6459/6459
f 6462/6462 6461/6461 6460/6460
f 6463/6463 6461/6461 6462/6462
f 6463/6463 6459/6459 6461/6461
f 6464/6464 6465/6465 6466/6466
f 6467/6467 6463/6463 6468/6468
f 6465/6465 6469/6469 6470/6470
f 6463/6463 6467/6467 6459/6459
f 6465/6465 6464/6464 6469/6469
f 6356/6356 6464/6464 6471/6471
f 6472/6472 6471/6471 6464/6464
f 6464/6464 6473/6473 6472/6472
f 6356/6356 6469/6469 6464/6464
f 6464/6464 6466/6466 6474/6474
f 6474/6474 6475/6475 6464/6464
f 6464/6464 6475/6475 6473/6473
f 6476/6476 6477/6477 6478/6478
f 6477/6477 6479/6479 6478/6478
f 6480/6480 6477/6477 6481/6481
f 6476/6476 6481/6481 6477/6477
f 6482/6482 6477/6477 6480/6480
f 6482/6482 6483/6483 6477/6477
f 6479/6479 6477/6477 6483/6483
f 6484/6484 6480/6480 6485/6485
f 6486/6486 6480/6480 6484/6484
f 6486/6486 6482/6482 6480/6480
f 6480/6480 6481/6481 6485/6485
f 6173/6173 6485/6485 6172/6172
f 6484/6484 6485/6485 6173/6173
f 6485/6485 6481/6481 6487/6487
f 6485/6485 6487/6487 6172/6172
f 6172/6172 6487/6487 6157/6157
f 6488/6488 6157/6157 6487/6487
f 6488/6488 6487/6487 6489/6489
f 6487/6487 6490/6490 6489/6489
f 6490/6490 6487/6487 6481/6481
f 6474/6474 6491/6491 6492/6492
f 6475/6475 6474/6474 6492/6492
f 6490/6490 6481/6481 6476/6476
f 6474/6474 6493/6493 6491/6491
f 6154/6154 6157/6157 6488/6488
f 6474/6474 6494/6494 6493/6493
f 6493/6493 6494/6494 6495/6495
f 6494/6494 6474/6474 6496/6496
f 6497/6497 6498/6498 6499/6499
f 6085/6085 6146/6146 6498/6498
f 6498/6498 6500/6500 6085/6085
f 6501/6501 6498/6498 6497/6497
f 6500/6500 6498/6498 6501/6501
f 6502/6502 6503/6503 6504/6504
f 6503/6503 6065/6065 6080/6080
f 6503/6503 6502/6502 6065/6065
f 6082/6082 6085/6085 6500/6500
f 6058/6058 6502/6502 6505/6505
f 6505/6505 6502/6502 6506/6506
f 6058/6058 6065/6065 6502/6502
f 6507/6507 6502/6502 6504/6504
f 6507/6507 6506/6506 6502/6502
f 6505/6505 6506/6506 6508/6508
f 6509/6509 6508/6508 6506/6506
f 6507/6507 6509/6509 6506/6506
f 6510/6510 6508/6508 6509/6509
f 6511/6511 6512/6512 6513/6513
f 6509/6509 6507/6507 6514/6514
f 6515/6515 6511/6511 6516/6516
f 6517/6517 6511/6511 6515/6515
f 6512/6512 6511/6511 6517/6517
f 6518/6518 6519/6519 6520/6520
f 6518/6518 6521/6521 6519/6519
f 6518/6518 6522/6522 6521/6521
f 6522/6522 6518/6518 6523/6523
f 6496/6496 6524/6524 6525/6525
f 6474/6474 6524/6524 6496/6496
f 6522/6522 6526/6526 6521/6521
f 6474/6474 6527/6527 6524/6524
f 6528/6528 6526/6526 6522/6522
f 6522/6522 6523/6523 6529/6529
f 6496/6496 6525/6525 6530/6530
f 6515/6515 6531/6531 6532/6532
f 6533/6533 6499/6499 6534/6534
f 6531/6531 6516/6516 6535/6535
f 6516/6516 6531/6531 6515/6515
f 6514/6514 6507/6507 6536/6536
f 6497/6497 6499/6499 6533/6533
f 6537/6537 6526/6526 6460/6460
f 6537/6537 6521/6521 6526/6526
f 6538/6538 6526/6526 6528/6528
f 6538/6538 6460/6460 6526/6526
f 6460/6460 6538/6538 6462/6462
f 6474/6474 6466/6466 6539/6539
f 6527/6527 6474/6474 6539/6539
f 6537/6537 6460/6460 6540/6540
f 6541/6541 6537/6537 6540/6540
f 6519/6519 6521/6521 6537/6537
f 6542/6542 6537/6537 6541/6541
f 6537/6537 6542/6542 6519/6519
f 6543/6543 6544/6544 6545/6545
f 6544/6544 6546/6546 6545/6545
f 6543/6543 6547/6547 6544/6544
f 6546/6546 6544/6544 6548/6548
f 6519/6519 6542/6542 6549/6549
f 6543/6543 6550/6550 6547/6547
f 6520/6520 6549/6549 6551/6551
f 6549/6549 6520/6520 6519/6519
f 6552/6552 6550/6550 6543/6543
f 6552/6552 6553/6553 6550/6550
f 6554/6554 6551/6551 6555/6555
f 6520/6520 6551/6551 6554/6554
f 6556/6556 6557/6557 6558/6558
f 6559/6559 6557/6557 6556/6556
f 6559/6559 6512/6512 6557/6557
f 6560/6560 6510/6510 6561/6561
f 6513/6513 6512/6512 6559/6559
f 6560/6560 6561/6561 6562/6562
f 6563/6563 6564/6564 6565/6565
f 6565/6565 6566/6566 6563/6563
f 6567/6567 6564/6564 6563/6563
f 6568/6568 6510/6510 6560/6560
f 6569/6569 6564/6564 6567/6567
f 6564/6564 6569/6569 6570/6570
f 6571/6571 6572/6572 6573/6573
f 6029/6029 6034/6034 6574/6574
f 6575/6575 6576/6576 6570/6570
f 6577/6577 6572/6572 6571/6571
f 6575/6575 6570/6570 6569/6569
f 6578/6578 6579/6579 6580/6580
f 6578/6578 6581/6581 6579/6579
f 6582/6582 6576/6576 6575/6575
f 6580/6580 6579/6579 6583/6583
f 6584/6584 6582/6582 6585/6585
f 6582/6582 6584/6584 6576/6576
f 6586/6586 6581/6581 6578/6578
f 6587/6587 6581/6581 6586/6586
f 6581/6581 6587/6587 6588/6588
f 6589/6589 6587/6587 6590/6590
f 6591/6591 6592/6592 6593/6593
f 6594/6594 6591/6591 6593/6593
f 6588/6588 6587/6587 6589/6589
f 6595/6595 6596/6596 6597/6597
f 6597/6597 6596/6596 6584/6584
f 6597/6597 6584/6584 6585/6585
f 6589/6589 6590/6590 6598/6598
f 6595/6595 6599/6599 6596/6596
f 6598/6598 6590/6590 6600/6600
f 6598/6598 6600/6600 6601/6601
f 6595/6595 6602/6602 6599/6599
f 6603/6603 6602/6602 6595/6595
f 6602/6602 6603/6603 6604/6604
f 6605/6605 6606/6606 6607/6607
f 6608/6608 6609/6609 6603/6603
f 6610/6610 6609/6609 6608/6608
f 6605/6605 6611/6611 6606/6606
f 6612/6612 6611/6611 6605/6605
f 6610/6610 6613/6613 6609/6609
f 6614/6614 6611/6611 6612/6612
f 6610/6610 6615/6615 6613/6613
f 6614/6614 6616/6616 6611/6611
f 6617/6617 6616/6616 6614/6614
f 6615/6615 6618/6618 6619/6619
f 6615/6615 6610/6610 6618/6618
f 6620/6620 6621/6621 6622/6622
f 6622/6622 6621/6621 6623/6623
f 6622/6622 6623/6623 6624/6624
f 6619/6619 6618/6618 6625/6625
f 6625/6625 6618/6618 6626/6626
f 6622/6622 6624/6624 6627/6627
f 6628/6628 6629/6629 6630/6630
f 6631/6631 6632/6632 6633/6633
f 6629/6629 6634/6634 6635/6635
f 6629/6629 6636/6636 6634/6634
f 6636/6636 6629/6629 6637/6637
f 6638/6638 6637/6637 6629/6629
f 6638/6638 6629/6629 6628/6628
f 6639/6639 6640/6640 6631/6631
f 6631/6631 6640/6640 6632/6632
f 6641/6641 6639/6639 6642/6642
f 6641/6641 6640/6640 6639/6639
f 6642/6642 6639/6639 6643/6643
f 6635/6635 6634/6634 6644/6644
f 6635/6635 6644/6644 6645/6645
f 6646/6646 6647/6647 6648/6648
f 6649/6649 6650/6650 6643/6643
f 6651/6651 6647/6647 6646/6646
f 6643/6643 6650/6650 6652/6652
f 6648/6648 6647/6647 6653/6653
f 6653/6653 6647/6647 6654/6654
f 6654/6654 6647/6647 6655/6655
f 6651/6651 6655/6655 6647/6647
f 6654/6654 6655/6655 6656/6656
f 6656/6656 6655/6655 6657/6657
f 6658/6658 6657/6657 6655/6655
f 6659/6659 6655/6655 6651/6651
f 6658/6658 6655/6655 6659/6659
f 6660/6660 6657/6657 6661/6661
f 6662/6662 6661/6661 6657/6657
f 6656/6656 6657/6657 6660/6660
f 6657/6657 6658/6658 6662/6662
f 6637/6637 6663/6663 6636/6636
f 6664/6664 6661/6661 6662/6662
f 6637/6637 6665/6665 6663/6663
f 6666/6666 6661/6661 6664/6664
f 6665/6665 6667/6667 6668/6668
f 6667/6667 6665/6665 6637/6637
f 6669/6669 6666/6666 6670/6670
f 6668/6668 6667/6667 6671/6671
f 6666/6666 6669/6669 6661/6661
f 6672/6672 6661/6661 6669/6669
f 6673/6673 6669/6669 6674/6674
f 6672/6672 6669/6669 6673/6673
f 6670/6670 6674/6674 6669/6669
f 6675/6675 6672/6672 6676/6676
f 6676/6676 6672/6672 6673/6673
f 6675/6675 6660/6660 6672/6672
f 6660/6660 6661/6661 6672/6672
f 6677/6677 6678/6678 6679/6679
f 6680/6680 6660/6660 6675/6675
f 6681/6681 6678/6678 6677/6677
f 6682/6682 6678/6678 6681/6681
f 6185/6185 6678/6678 6682/6682
f 6185/6185 6683/6683 6678/6678
f 6678/6678 6683/6683 6684/6684
f 6680/6680 6656/6656 6660/6660
f 6685/6685 6656/6656 6680/6680
f 6185/6185 6682/6682 6686/6686
f 6686/6686 6682/6682 6687/6687
f 6688/6688 6689/6689 6690/6690
f 6682/6682 6691/6691 6692/6692
f 6693/6693 6694/6694 6688/6688
f 6682/6682 6681/6681 6691/6691
f 6688/6688 6694/6694 6689/6689
f 6693/6693 6695/6695 6694/6694
f 6694/6694 6696/6696 6689/6689
f 6694/6694 6697/6697 6696/6696
f 6695/6695 6697/6697 6694/6694
f 6693/6693 6698/6698 6695/6695
f 6698/6698 6699/6699 6695/6695
f 6695/6695 6699/6699 6700/6700
f 6695/6695 6700/6700 6697/6697
f 6701/6701 6697/6697 6700/6700
f 6702/6702 6700/6700 6699/6699
f 6701/6701 6700/6700 6703/6703
f 6700/6700 6702/6702 6703/6703
f 6704/6704 6705/6705 6706/6706
f 6702/6702 6699/6699 6707/6707
f 6708/6708 6705/6705 6704/6704
f 6707/6707 6699/6699 6709/6709
f 6710/6710 6705/6705 6708/6708
f 6710/6710 6711/6711 6705/6705
f 6712/6712 6711/6711 6710/6710
f 6713/6713 6714/6714 6709/6709
f 6709/6709 6699/6699 6713/6713
f 6715/6715 6713/6713 6699/6699
f 6716/6716 6713/6713 6715/6715
f 6716/6716 6717/6717 6713/6713
f 6714/6714 6713/6713 6717/6717
f 6718/6718 6716/6716 6715/6715
f 6716/6716 6719/6719 6717/6717
f 6720/6720 6719/6719 6716/6716
f 6718/6718 6720/6720 6716/6716
f 6720/6720 6674/6674 6719/6719
f 6673/6673 6674/6674 6720/6720
f 6721/6721 6673/6673 6720/6720
f 6721/6721 6720/6720 6718/6718
f 6681/6681 6677/6677 6722/6722
f 6676/6676 6673/6673 6721/6721
f 6723/6723 6717/6717 6719/6719
f 6724/6724 6719/6719 6674/6674
f 6719/6719 6724/6724 6723/6723
f 6725/6725 6726/6726 6727/6727
f 6724/6724 6674/6674 6728/6728
f 6729/6729 6726/6726 6725/6725
f 6671/6671 6726/6726 6729/6729
f 6671/6671 6667/6667 6726/6726
f 6730/6730 6726/6726 6667/6667
f 6730/6730 6731/6731 6726/6726
f 6727/6727 6726/6726 6711/6711
f 6726/6726 6731/6731 6711/6711
f 6732/6732 6731/6731 6730/6730
f 6732/6732 6234/6234 6731/6731
f 6234/6234 6232/6232 6731/6731
f 6731/6731 6705/6705 6711/6711
f 6731/6731 6232/6232 6705/6705
f 6733/6733 6732/6732 6730/6730
f 6734/6734 6234/6234 6732/6732
f 6735/6735 6732/6732 6736/6736
f 6732/6732 6733/6733 6736/6736
f 6737/6737 6732/6732 6735/6735
f 6734/6734 6732/6732 6737/6737
f 6734/6734 6737/6737 6738/6738
f 6739/6739 6740/6740 6741/6741
f 6742/6742 6743/6743 6744/6744
f 6743/6743 6745/6745 6746/6746
f 6742/6742 6745/6745 6743/6743
f 6739/6739 6747/6747 6740/6740
f 6739/6739 6748/6748 6747/6747
f 6749/6749 6748/6748 6739/6739
f 6745/6745 6750/6750 6746/6746
f 6748/6748 6749/6749 6751/6751
f 6750/6750 6745/6745 6752/6752
f 6751/6751 6753/6753 6748/6748
f 6754/6754 6753/6753 6751/6751
f 6750/6750 6752/6752 6755/6755
f 6756/6756 6752/6752 6757/6757
f 6758/6758 6752/6752 6756/6756
f 6752/6752 6745/6745 6759/6759
f 6752/6752 6758/6758 6755/6755
f 6752/6752 6759/6759 6757/6757
f 6757/6757 6759/6759 6760/6760
f 6757/6757 6760/6760 6761/6761
f 6762/6762 6757/6757 6761/6761
f 6756/6756 6757/6757 6762/6762
f 6763/6763 6762/6762 6764/6764
f 6763/6763 6756/6756 6762/6762
f 6764/6764 6762/6762 6765/6765
f 6762/6762 6761/6761 6765/6765
f 6766/6766 6767/6767 6768/6768
f 6764/6764 6765/6765 6769/6769
f 6766/6766 6770/6770 6767/6767
f 6771/6771 6772/6772 6773/6773
f 6774/6774 6772/6772 6771/6771
f 6771/6771 6773/6773 6775/6775
f 6776/6776 6770/6770 6766/6766
f 6766/6766 6768/6768 6777/6777
f 6766/6766 6777/6777 6778/6778
f 6779/6779 6780/6780 6781/6781
f 6782/6782 6772/6772 6774/6774
f 6783/6783 6772/6772 6782/6782
f 6783/6783 6782/6782 6784/6784
f 6785/6785 6786/6786 6780/6780
f 6785/6785 6780/6780 6779/6779
f 6787/6787 6788/6788 6789/6789
f 6786/6786 6785/6785 6790/6790
f 6788/6788 6791/6791 6792/6792
f 6787/6787 6791/6791 6788/6788
f 6793/6793 6791/6791 6787/6787
f 6769/6769 6794/6794 6795/6795
f 6769/6769 6765/6765 6794/6794
f 6794/6794 6765/6765 6796/6796
f 6797/6797 6793/6793 6798/6798
f 6765/6765 6799/6799 6796/6796
f 6793/6793 6797/6797 6791/6791
f 6791/6791 6797/6797 6800/6800
f 6800/6800 6797/6797 6801/6801
f 6797/6797 6802/6802 6801/6801
f 6803/6803 6802/6802 6797/6797
f 6803/6803 6797/6797 6798/6798
f 6802/6802 6804/6804 6805/6805
f 6806/6806 6804/6804 6802/6802
f 6806/6806 6802/6802 6803/6803
f 6801/6801 6802/6802 6805/6805
f 6761/6761 6807/6807 6808/6808
f 6809/6809 6804/6804 6806/6806
f 6807/6807 6760/6760 6810/6810
f 6807/6807 6761/6761 6760/6760
f 6811/6811 6804/6804 6809/6809
f 6810/6810 6812/6812 6813/6813
f 6810/6810 6760/6760 6812/6812
f 6814/6814 6730/6730 6815/6815
f 6730/6730 6816/6816 6815/6815
f 6812/6812 6760/6760 6817/6817
f 6813/6813 6812/6812 6818/6818
f 6730/6730 6819/6819 6816/6816
f 6820/6820 6821/6821 6811/6811
f 6822/6822 6821/6821 6820/6820
f 6819/6819 6730/6730 6667/6667
f 6819/6819 6667/6667 6823/6823
f 6822/6822 6824/6824 6821/6821
f 6825/6825 6824/6824 6822/6822
f 6826/6826 6821/6821 6824/6824
f 6824/6824 6827/6827 6826/6826
f 6825/6825 6827/6827 6824/6824
f 6828/6828 6829/6829 6827/6827
f 6830/6830 6827/6827 6829/6829
f 6830/6830 6826/6826 6827/6827
f 6831/6831 6827/6827 6825/6825
f 6828/6828 6827/6827 6831/6831
f 6832/6832 6637/6637 6638/6638
f 6823/6823 6637/6637 6832/6832
f 6830/6830 6833/6833 6834/6834
f 6833/6833 6830/6830 6835/6835
f 6836/6836 6830/6830 6834/6834
f 6836/6836 6801/6801 6830/6830
f 6826/6826 6830/6830 6805/6805
f 6805/6805 6830/6830 6801/6801
f 6830/6830 6829/6829 6835/6835
f 6835/6835 6837/6837 6838/6838
f 6837/6837 6835/6835 6839/6839
f 6833/6833 6835/6835 6840/6840
f 6835/6835 6838/6838 6840/6840
f 6839/6839 6835/6835 6841/6841
f 6841/6841 6835/6835 6829/6829
f 6842/6842 6843/6843 6844/6844
f 6838/6838 6837/6837 6845/6845
f 6844/6844 6843/6843 6846/6846
f 6847/6847 6844/6844 6846/6846
f 6844/6844 6847/6847 6848/6848
f 6843/6843 6592/6592 6849/6849
f 6850/6850 6851/6851 6852/6852
f 6772/6772 6783/6783 6853/6853
f 6843/6843 6842/6842 6592/6592
f 6849/6849 6592/6592 6591/6591
f 6854/6854 6851/6851 6850/6850
f 6600/6600 6590/6590 6855/6855
f 6842/6842 6620/6620 6856/6856
f 6857/6857 6620/6620 6842/6842
f 6858/6858 6620/6620 6857/6857
f 6621/6621 6620/6620 6858/6858
f 6847/6847 6859/6859 6860/6860
f 6859/6859 6847/6847 6861/6861
f 6862/6862 6863/6863 6859/6859
f 6800/6800 6836/6836 6864/6864
f 6801/6801 6836/6836 6800/6800
f 6859/6859 6861/6861 6862/6862
f 6865/6865 6784/6784 6866/6866
f 6867/6867 6862/6862 6786/6786
f 6863/6863 6862/6862 6867/6867
f 6868/6868 6800/6800 6864/6864
f 6786/6786 6790/6790 6867/6867
f 6792/6792 6791/6791 6868/6868
f 6868/6868 6791/6791 6800/6800
f 6847/6847 6846/6846 6861/6861
f 6783/6783 6784/6784 6865/6865
f 6829/6829 6869/6869 6841/6841
f 6829/6829 6870/6870 6869/6869
f 6870/6870 6829/6829 6828/6828
f 6804/6804 6821/6821 6826/6826
f 6805/6805 6804/6804 6826/6826
f 6823/6823 6667/6667 6637/6637
f 6811/6811 6821/6821 6804/6804
f 6733/6733 6730/6730 6814/6814
f 6817/6817 6759/6759 6871/6871
f 6817/6817 6760/6760 6759/6759
f 6799/6799 6761/6761 6808/6808
f 6799/6799 6765/6765 6761/6761
f 6872/6872 6770/6770 6776/6776
f 6873/6873 6874/6874 6875/6875
f 6873/6873 6876/6876 6874/6874
f 6877/6877 6878/6878 6879/6879
f 6880/6880 6881/6881 6882/6882
f 6882/6882 6881/6881 6883/6883
f 6884/6884 6872/6872 6885/6885
f 6880/6880 6886/6886 6881/6881
f 6887/6887 6884/6884 6888/6888
f 6889/6889 6890/6890 6886/6886
f 6872/6872 6884/6884 6887/6887
f 6889/6889 6886/6886 6880/6880
f 6891/6891 6892/6892 6878/6878
f 6893/6893 6890/6890 6889/6889
f 6891/6891 6894/6894 6892/6892
f 6895/6895 6896/6896 6897/6897
f 6895/6895 6594/6594 6896/6896
f 6591/6591 6594/6594 6895/6895
f 6891/6891 6878/6878 6854/6854
f 6891/6891 6898/6898 6894/6894
f 6891/6891 6899/6899 6900/6900
f 6891/6891 6901/6901 6899/6899
f 6891/6891 6900/6900 6898/6898
f 6891/6891 6902/6902 6901/6901
f 6902/6902 6891/6891 6903/6903
f 6903/6903 6891/6891 6904/6904
f 6903/6903 6904/6904 6905/6905
f 6905/6905 6904/6904 6906/6906
f 6897/6897 6907/6907 6908/6908
f 6897/6897 6896/6896 6907/6907
f 6909/6909 6552/6552 6908/6908
f 6905/6905 6906/6906 6910/6910
f 6908/6908 6907/6907 6909/6909
f 6911/6911 6912/6912 6913/6913
f 6552/6552 6909/6909 6553/6553
f 6580/6580 6583/6583 6911/6911
f 6911/6911 6583/6583 6912/6912
f 6914/6914 6915/6915 6916/6916
f 6903/6903 6917/6917 6918/6918
f 6903/6903 6905/6905 6917/6917
f 6915/6915 6919/6919 6920/6920
f 6915/6915 6914/6914 6919/6919
f 6921/6921 6922/6922 6923/6923
f 6924/6924 6919/6919 6925/6925
f 6921/6921 6923/6923 6926/6926
f 6920/6920 6919/6919 6924/6924
f 6921/6921 6927/6927 6922/6922
f 6921/6921 6928/6928 6927/6927
f 6929/6929 6930/6930 6931/6931
f 6932/6932 6933/6933 6921/6921
f 6921/6921 6933/6933 6928/6928
f 6929/6929 6934/6934 6930/6930
f 6929/6929 6404/6404 6934/6934
f 6404/6404 6929/6929 6935/6935
f 6921/6921 6421/6421 6425/6425
f 6921/6921 6926/6926 6421/6421
f 6931/6931 6930/6930 6936/6936
f 6936/6936 6930/6930 6294/6294
f 6930/6930 6934/6934 6937/6937
f 6930/6930 6937/6937 6294/6294
f 6934/6934 6403/6403 6937/6937
f 6938/6938 6937/6937 6403/6403
f 6937/6937 6938/6938 6295/6295
f 6294/6294 6937/6937 6295/6295
f 6939/6939 6936/6936 6940/6940
f 6940/6940 6936/6936 6292/6292
f 6931/6931 6936/6936 6939/6939
f 6936/6936 6294/6294 6292/6292
f 6941/6941 6942/6942 6943/6943
f 6941/6941 6944/6944 6942/6942
f 6887/6887 6944/6944 6941/6941
f 6939/6939 6940/6940 6945/6945
f 6941/6941 6946/6946 6932/6932
f 6941/6941 6943/6943 6946/6946
f 6947/6947 6948/6948 6949/6949
f 6949/6949 6948/6948 6950/6950
f 6947/6947 6951/6951 6948/6948
f 6900/6900 6899/6899 6952/6952
f 6953/6953 6951/6951 6947/6947
f 6952/6952 6899/6899 6954/6954
f 6955/6955 6956/6956 6953/6953
f 6954/6954 6957/6957 6958/6958
f 6954/6954 6899/6899 6957/6957
f 6953/6953 6956/6956 6951/6951
f 6932/6932 6959/6959 6960/6960
f 6956/6956 6955/6955 6961/6961
f 6932/6932 6946/6946 6959/6959
f 6961/6961 6955/6955 6962/6962
f 6963/6963 6964/6964 6965/6965
f 6932/6932 6960/6960 6966/6966
f 6967/6967 6964/6964 6963/6963
f 6932/6932 6966/6966 6933/6933
f 6967/6967 6968/6968 6964/6964
f 6958/6958 6969/6969 6970/6970
f 6958/6958 6971/6971 6969/6969
f 6972/6972 6968/6968 6967/6967
f 6958/6958 6957/6957 6971/6971
f 6973/6973 6974/6974 6972/6972
f 6972/6972 6974/6974 6968/6968
f 6975/6975 6976/6976 6973/6973
f 6973/6973 6976/6976 6974/6974
f 6977/6977 6950/6950 6978/6978
f 6977/6977 6978/6978 6893/6893
f 6893/6893 6978/6978 6890/6890
f 6887/6887 6888/6888 6944/6944
f 6949/6949 6950/6950 6977/6977
f 6979/6979 6940/6940 6291/6291
f 6940/6940 6292/6292 6291/6291
f 6980/6980 6940/6940 6981/6981
f 6981/6981 6940/6940 6979/6979
f 6980/6980 6945/6945 6940/6940
f 6945/6945 6980/6980 6982/6982
f 6983/6983 6984/6984 6985/6985
f 6986/6986 6987/6987 6983/6983
f 6983/6983 6987/6987 6984/6984
f 6984/6984 6987/6987 6988/6988
f 6989/6989 6763/6763 6982/6982
f 6989/6989 6756/6756 6763/6763
f 6756/6756 6989/6989 6990/6990
f 6758/6758 6756/6756 6990/6990
f 6988/6988 6987/6987 6991/6991
f 6992/6992 6993/6993 6987/6987
f 6986/6986 6992/6992 6987/6987
f 6991/6991 6987/6987 6993/6993
f 6992/6992 6994/6994 6993/6993
f 6991/6991 6993/6993 6754/6754
f 6994/6994 6753/6753 6993/6993
f 6754/6754 6993/6993 6753/6753
f 6995/6995 6994/6994 6992/6992
f 6994/6994 6996/6996 6753/6753
f 6997/6997 6996/6996 6994/6994
f 6995/6995 6997/6997 6994/6994
f 6998/6998 6997/6997 6999/6999
f 6998/6998 7000/7000 6997/6997
f 6997/6997 6995/6995 6999/6999
f 7000/7000 7001/7001 6997/6997
f 6997/6997 7001/7001 6996/6996
f 7002/7002 7003/7003 7001/7001
f 7001/7001 7003/7003 7004/7004
f 6996/6996 7001/7001 7004/7004
f 7000/7000 7005/7005 7001/7001
f 7002/7002 7001/7001 7006/7006
f 7006/7006 7001/7001 7005/7005
f 7007/7007 7005/7005 7000/7000
f 7007/7007 7008/7008 7005/7005
f 7009/7009 7005/7005 7008/7008
f 7006/7006 7005/7005 7009/7009
f 7010/7010 7008/7008 7011/7011
f 7012/7012 7011/7011 7008/7008
f 7012/7012 7008/7008 7007/7007
f 7009/7009 7008/7008 7010/7010
f 7013/7013 7014/7014 7015/7015
f 7010/7010 7011/7011 7016/7016
f 7016/7016 7017/7017 7018/7018
f 7019/7019 7014/7014 7013/7013
f 7016/7016 7011/7011 7017/7017
f 7020/7020 7021/7021 7022/7022
f 7011/7011 7023/7023 7017/7017
f 7020/7020 7024/7024 7021/7021
f 7025/7025 7024/7024 7020/7020
f 7026/7026 7021/7021 7024/7024
f 7022/7022 7021/7021 7027/7027
f 7026/7026 7028/7028 7021/7021
f 7027/7027 7021/7021 7028/7028
f 6261/6261 7028/7028 7026/7026
f 6261/6261 6259/6259 7028/7028
f 7028/7028 7029/7029 7030/7030
f 7027/7027 7028/7028 7030/7030
f 7029/7029 7028/7028 6259/6259
f 7031/7031 6234/6234 7032/7032
f 6734/6734 7032/7032 6234/6234
f 7032/7032 6734/6734 7019/7019
f 7029/7029 6259/6259 6258/6258
f 7032/7032 7033/7033 7034/7034
f 7032/7032 7019/7019 7033/7033
f 7035/7035 7026/7026 7024/7024
f 6262/6262 7026/7026 7035/7035
f 6262/6262 6261/6261 7026/7026
f 7036/7036 7024/7024 7025/7025
f 7023/7023 7011/7011 7037/7037
f 7038/7038 7036/7036 7039/7039
f 7038/7038 7024/7024 7036/7036
f 7037/7037 7012/7012 7040/7040
f 7037/7037 7011/7011 7012/7012
f 7035/7035 7024/7024 7038/7038
f 7019/7019 6734/6734 7014/7014
f 7040/7040 7012/7012 7041/7041
f 7012/7012 7042/7042 7041/7041
f 7042/7042 7012/7012 7007/7007
f 7043/7043 6285/6285 7044/7044
f 7043/7043 7044/7044 7045/7045
f 7042/7042 7007/7007 7046/7046
f 7044/7044 6269/6269 7047/7047
f 6269/6269 7044/7044 6270/6270
f 7044/7044 6285/6285 6270/6270
f 7007/7007 7048/7048 7046/7046
f 7049/7049 7043/7043 7050/7050
f 7049/7049 6290/6290 7043/7043
f 7048/7048 7007/7007 7000/7000
f 7048/7048 7000/7000 7051/7051
f 7043/7043 6290/6290 6285/6285
f 7000/7000 6998/6998 7051/7051
f 7014/7014 6734/6734 7052/7052
f 6996/6996 7004/7004 6748/6748
f 7004/7004 7003/7003 6747/6747
f 7004/7004 6747/6747 6748/6748
f 6740/6740 7003/7003 7053/7053
f 6740/6740 6747/6747 7003/7003
f 7053/7053 7003/7003 7002/7002
f 6734/6734 6738/6738 7054/7054
f 6979/6979 7049/7049 7055/7055
f 7049/7049 6291/6291 6290/6290
f 6979/6979 6291/6291 7049/7049
f 6996/6996 6748/6748 6753/6753
f 6995/6995 6992/6992 7056/7056
f 6992/6992 6986/6986 7056/7056
f 6981/6981 6979/6979 7057/7057
f 6872/6872 7058/7058 6770/6770
f 6872/6872 6887/6887 7058/7058
f 6403/6403 6934/6934 6404/6404
f 6975/6975 6925/6925 6976/6976
f 6924/6924 6925/6925 6975/6975
f 6914/6914 6916/6916 7059/7059
f 7060/7060 7061/7061 7062/7062
f 7063/7063 7061/7061 7060/7060
f 6851/6851 6878/6878 6877/6877
f 6854/6854 6878/6878 6851/6851
f 7064/7064 6759/6759 6745/6745
f 6759/6759 7064/7064 6871/6871
f 7064/7064 6745/6745 6742/6742
f 6728/6728 6674/6674 6670/6670
f 7065/7065 6717/6717 6723/6723
f 6727/6727 6711/6711 7066/7066
f 6714/6714 6717/6717 7065/7065
f 7066/7066 6711/6711 6712/6712
f 6715/6715 6699/6699 6698/6698
f 7067/7067 6715/6715 6698/6698
f 6718/6718 6715/6715 7067/7067
f 6691/6691 6681/6681 7068/7068
f 7067/7067 6698/6698 7069/7069
f 6706/6706 6705/6705 7070/7070
f 7071/7071 6705/6705 7072/7072
f 7070/7070 6705/6705 7071/7071
f 6705/6705 6232/6232 7072/7072
f 6233/6233 7073/7073 7072/7072
f 6232/6232 6233/6233 7072/7072
f 7072/7072 7074/7074 7071/7071
f 7072/7072 7073/7073 7074/7074
f 7075/7075 7076/7076 7077/7077
f 7076/7076 7078/7078 7077/7077
f 7079/7079 7076/7076 7080/7080
f 6689/6689 7076/7076 7079/7079
f 6689/6689 6696/6696 7076/7076
f 7078/7078 7076/7076 6696/6696
f 7075/7075 7080/7080 7076/7076
f 7081/7081 7080/7080 7082/7082
f 7079/7079 7080/7080 7081/7081
f 7083/7083 7082/7082 7080/7080
f 7083/7083 7080/7080 7075/7075
f 7073/7073 6233/6233 7084/7084
f 7082/7082 7083/7083 7085/7085
f 6233/6233 7086/7086 7084/7084
f 7087/7087 7082/7082 7085/7085
f 6233/6233 7088/7088 7086/7086
f 7087/7087 7089/7089 7082/7082
f 6228/6228 7088/7088 6233/6233
f 7088/7088 6228/6228 7090/7090
f 7091/7091 7089/7089 7087/7087
f 7092/7092 7089/7089 7093/7093
f 7093/7093 7089/7089 7094/7094
f 7092/7092 7082/7082 7089/7089
f 7091/7091 7094/7094 7089/7089
f 6186/6186 7094/7094 6182/6182
f 6182/6182 7094/7094 6195/6195
f 7093/7093 7094/7094 6186/6186
f 7095/7095 6195/6195 7094/7094
f 7094/7094 7091/7091 7095/7095
f 7096/7096 7092/7092 6187/6187
f 6187/6187 7092/7092 7093/7093
f 7097/7097 7092/7092 7096/7096
f 7097/7097 7081/7081 7092/7092
f 7081/7081 7082/7082 7092/7092
f 6185/6185 6686/6686 7098/7098
f 7099/7099 7081/7081 7097/7097
f 6187/6187 7093/7093 6186/6186
f 7090/7090 6228/6228 6227/6227
f 7099/7099 7079/7079 7081/7081
f 6690/6690 6689/6689 7079/7079
f 6690/6690 7079/7079 7099/7099
f 7078/7078 6696/6696 7100/7100
f 7070/7070 7071/7071 7101/7101
f 7100/7100 6697/6697 6701/6701
f 7100/7100 6696/6696 6697/6697
f 7069/7069 6698/6698 6693/6693
f 7102/7102 6654/6654 6685/6685
f 6685/6685 6654/6654 6656/6656
f 7102/7102 6653/6653 6654/6654
f 6683/6683 7103/7103 7104/7104
f 7105/7105 6653/6653 7102/7102
f 6683/6683 7106/7106 7103/7103
f 6683/6683 7107/7107 7106/7106
f 6683/6683 6184/6184 7107/7107
f 6185/6185 6184/6184 6683/6683
f 7108/7108 7105/7105 7109/7109
f 7110/7110 7111/7111 7112/7112
f 7103/7103 7106/7106 7113/7113
f 7114/7114 7111/7111 7110/7110
f 7115/7115 7111/7111 7114/7114
f 7112/7112 7111/7111 6649/6649
f 7115/7115 7116/7116 7111/7111
f 6649/6649 7111/7111 6650/6650
f 7116/7116 6650/6650 7111/7111
f 7117/7117 7116/7116 7115/7115
f 7117/7117 7118/7118 7116/7116
f 7118/7118 7119/7119 7116/7116
f 7116/7116 7119/7119 6650/6650
f 7118/7118 7120/7120 7119/7119
f 7121/7121 7119/7119 7120/7120
f 6652/6652 6650/6650 7119/7119
f 6652/6652 7119/7119 7122/7122
f 7119/7119 7121/7121 7122/7122
f 7123/7123 6640/6640 6641/6641
f 7121/7121 7120/7120 7124/7124
f 7125/7125 6640/6640 7123/7123
f 7124/7124 7126/7126 7127/7127
f 7124/7124 7120/7120 7126/7126
f 7128/7128 6640/6640 7125/7125
f 7126/7126 7129/7129 7127/7127
f 7130/7130 7131/7131 7128/7128
f 7128/7128 7131/7131 6640/6640
f 7132/7132 7133/7133 7131/7131
f 7131/7131 7134/7134 7132/7132
f 7133/7133 7135/7135 7131/7131
f 7131/7131 7136/7136 6640/6640
f 7131/7131 7135/7135 7136/7136
f 7134/7134 7131/7131 7130/7130
f 7137/7137 7138/7138 7139/7139
f 7139/7139 7138/7138 7140/7140
f 7133/7133 7141/7141 7135/7135
f 7142/7142 7143/7143 7144/7144
f 7145/7145 7138/7138 7137/7137
f 7141/7141 7133/7133 7146/7146
f 7147/7147 7148/7148 7149/7149
f 7146/7146 7133/7133 7150/7150
f 7151/7151 7143/7143 7142/7142
f 7147/7147 7152/7152 7148/7148
f 7143/7143 7151/7151 7153/7153
f 7154/7154 7153/7153 7151/7151
f 7155/7155 7156/7156 7154/7154
f 7152/7152 7157/7157 7158/7158
f 7147/7147 7159/7159 7152/7152
f 7154/7154 7156/7156 7153/7153
f 7152/7152 7159/7159 7157/7157
f 7157/7157 7159/7159 7160/7160
f 7160/7160 7159/7159 7161/7161
f 7162/7162 7161/7161 7159/7159
f 7159/7159 7147/7147 7162/7162
f 7163/7163 7160/7160 7164/7164
f 7160/7160 7161/7161 7164/7164
f 7165/7165 7160/7160 7163/7163
f 7165/7165 7157/7157 7160/7160
f 7166/7166 7165/7165 7163/7163
f 7167/7167 7165/7165 7166/7166
f 7167/7167 7168/7168 7165/7165
f 7168/7168 7157/7157 7165/7165
f 7169/7169 7170/7170 7171/7171
f 7171/7171 7170/7170 7172/7172
f 7173/7173 7168/7168 7167/7167
f 7172/7172 7170/7170 7174/7174
f 7175/7175 7168/7168 7173/7173
f 7175/7175 7173/7173 7176/7176
f 7174/7174 7170/7170 7177/7177
f 7178/7178 7179/7179 7180/7180
f 7178/7178 7181/7181 7179/7179
f 7182/7182 7176/7176 7183/7183
f 7182/7182 7184/7184 7176/7176
f 7184/7184 7182/7182 7185/7185
f 7186/7186 7187/7187 7188/7188
f 7186/7186 7189/7189 7187/7187
f 7189/7189 7190/7190 7187/7187
f 7190/7190 7191/7191 7192/7192
f 7193/7193 7194/7194 7185/7185
f 7190/7190 7189/7189 7191/7191
f 7185/7185 7194/7194 7184/7184
f 7168/7168 7175/7175 7195/7195
f 7158/7158 7168/7168 7195/7195
f 7194/7194 7193/7193 7155/7155
f 7192/7192 7191/7191 7196/7196
f 7196/7196 7191/7191 7197/7197
f 7198/7198 7191/7191 7189/7189
f 7198/7198 7199/7199 7191/7191
f 7199/7199 7197/7197 7191/7191
f 7199/7199 7200/7200 7197/7197
f 7200/7200 7201/7201 7197/7197
f 7202/7202 7197/7197 7201/7201
f 7196/7196 7197/7197 7202/7202
f 7203/7203 7200/7200 7199/7199
f 7203/7203 7204/7204 7200/7200
f 7200/7200 7204/7204 7201/7201
f 7205/7205 7204/7204 7206/7206
f 7203/7203 7206/7206 7204/7204
f 7140/7140 7204/7204 7205/7205
f 7140/7140 7138/7138 7204/7204
f 7204/7204 7138/7138 7201/7201
f 7206/7206 7207/7207 7205/7205
f 6640/6640 7136/7136 7208/7208
f 6640/6640 7208/7208 7209/7209
f 7207/7207 7206/7206 6616/6616
f 7207/7207 6616/6616 7210/7210
f 7211/7211 6640/6640 7209/7209
f 6632/6632 6640/6640 7211/7211
f 7210/7210 6616/6616 7212/7212
f 7203/7203 6616/6616 7206/7206
f 7213/7213 7203/7203 7214/7214
f 7203/7203 7215/7215 7214/7214
f 6611/6611 6616/6616 7203/7203
f 7213/7213 6611/6611 7203/7203
f 7215/7215 7203/7203 7199/7199
f 7216/7216 7217/7217 7218/7218
f 7219/7219 7216/7216 7218/7218
f 7217/7217 7216/7216 7220/7220
f 6604/6604 7216/7216 7219/7219
f 7216/7216 6604/6604 7221/7221
f 6611/6611 7213/7213 7222/7222
f 6606/6606 6611/6611 7222/7222
f 7223/7223 7224/7224 7225/7225
f 7225/7225 7224/7224 7226/7226
f 7226/7226 7224/7224 7227/7227
f 6602/6602 6604/6604 7219/7219
f 7224/7224 7223/7223 7228/7228
f 7223/7223 7229/7229 7230/7230
f 7231/7231 7232/7232 7233/7233
f 7232/7232 7234/7234 7235/7235
f 7231/7231 7236/7236 7232/7232
f 7232/7232 7236/7236 7234/7234
f 7223/7223 7237/7237 7229/7229
f 7223/7223 7225/7225 7237/7237
f 7238/7238 7239/7239 7240/7240
f 7231/7231 7233/7233 7241/7241
f 7239/7239 7242/7242 7243/7243
f 7244/7244 7245/7245 7231/7231
f 7231/7231 7245/7245 7236/7236
f 7239/7239 7238/7238 7242/7242
f 7238/7238 7240/7240 7246/7246
f 7247/7247 7248/7248 7249/7249
f 7250/7250 7251/7251 7252/7252
f 7248/7248 7247/7247 7253/7253
f 7169/7169 7247/7247 7254/7254
f 7255/7255 7247/7247 7169/7169
f 7253/7253 7247/7247 7255/7255
f 7256/7256 7257/7257 7258/7258
f 7259/7259 7253/7253 7260/7260
f 7260/7260 7253/7253 7261/7261
f 7257/7257 7262/7262 7263/7263
f 7257/7257 7256/7256 7262/7262
f 7248/7248 7253/7253 7259/7259
f 7264/7264 7265/7265 7266/7266
f 7243/7243 7242/7242 7265/7265
f 7243/7243 7265/7265 7264/7264
f 7264/7264 7266/7266 7267/7267
f 7268/7268 7245/7245 7269/7269
f 7269/7269 7245/7245 7244/7244
f 7267/7267 7270/7270 7271/7271
f 7272/7272 7245/7245 7268/7268
f 7267/7267 7266/7266 7270/7270
f 7273/7273 7261/7261 7274/7274
f 7271/7271 7270/7270 7275/7275
f 7260/7260 7261/7261 7273/7273
f 7274/7274 7261/7261 7276/7276
f 7277/7277 7275/7275 7278/7278
f 7271/7271 7275/7275 7277/7277
f 7277/7277 7278/7278 7279/7279
f 7276/7276 5725/5725 7280/7280
f 7279/7279 7278/7278 7281/7281
f 7276/7276 7261/7261 5725/5725
f 7282/7282 7283/7283 7284/7284
f 7282/7282 7285/7285 7283/7283
f 7284/7284 7283/7283 7286/7286
f 7279/7279 7281/7281 7287/7287
f 7287/7287 7288/7288 7289/7289
f 7290/7290 7286/7286 7291/7291
f 7284/7284 7286/7286 7292/7292
f 7292/7292 7286/7286 7290/7290
f 7287/7287 7281/7281 7288/7288
f 7293/7293 7294/7294 7295/7295
f 7296/7296 5725/5725 7297/7297
f 7280/7280 5725/5725 7296/7296
f 7293/7293 7298/7298 7294/7294
f 7297/7297 5725/5725 5723/5723
f 7298/7298 7293/7293 7299/7299
f 7298/7298 7299/7299 7300/7300
f 7300/7300 7301/7301 7302/7302
f 7300/7300 7299/7299 7301/7301
f 7302/7302 7303/7303 7304/7304
f 7302/7302 7301/7301 7303/7303
f 7304/7304 7305/7305 7306/7306
f 7307/7307 7245/7245 7282/7282
f 7282/7282 7272/7272 7285/7285
f 7282/7282 7245/7245 7272/7272
f 7304/7304 7303/7303 7305/7305
f 7306/7306 5714/5714 7308/7308
f 7309/7309 7245/7245 7307/7307
f 7306/7306 7305/7305 5714/5714
f 5704/5704 7245/7245 7309/7309
f 7308/7308 5714/5714 5706/5706
f 7262/7262 5756/5756 5749/5749
f 5749/5749 5728/5728 7262/7262
f 7263/7263 7262/7262 5728/5728
f 5756/5756 7262/7262 7310/7310
f 7262/7262 7256/7256 7310/7310
f 7311/7311 7312/7312 7313/7313
f 7312/7312 7311/7311 5757/5757
f 7312/7312 5757/5757 5758/5758
f 7311/7311 5760/5760 5757/5757
f 7311/7311 7314/7314 5760/5760
f 7315/7315 7311/7311 7313/7313
f 7316/7316 7311/7311 7315/7315
f 7311/7311 7316/7316 7314/7314
f 7163/7163 7317/7317 7318/7318
f 7319/7319 7163/7163 7318/7318
f 7320/7320 5760/5760 7314/7314
f 7317/7317 7164/7164 7321/7321
f 7317/7317 7163/7163 7164/7164
f 7320/7320 5762/5762 5760/5760
f 7322/7322 5762/5762 7320/7320
f 7321/7321 7164/7164 7323/7323
f 5762/5762 7322/7322 7324/7324
f 7164/7164 7325/7325 7323/7323
f 5762/5762 7324/7324 5765/5765
f 7326/7326 5765/5765 7324/7324
f 7325/7325 7164/7164 7327/7327
f 7325/7325 7327/7327 7328/7328
f 7327/7327 7329/7329 7328/7328
f 7164/7164 7161/7161 7327/7327
f 7330/7330 7327/7327 7161/7161
f 7329/7329 7327/7327 7331/7331
f 7327/7327 7330/7330 7331/7331
f 7332/7332 5779/5779 7333/7333
f 5779/5779 7334/7334 7333/7333
f 7330/7330 7161/7161 7335/7335
f 7133/7133 7332/7332 7336/7336
f 7335/7335 7161/7161 7162/7162
f 7332/7332 7133/7133 5779/5779
f 5779/5779 5780/5780 7334/7334
f 7329/7329 7331/7331 7337/7337
f 5765/5765 7338/7338 5766/5766
f 7338/7338 5765/5765 7326/7326
f 7339/7339 5766/5766 7338/7338
f 7339/7339 7338/7338 7340/7340
f 7166/7166 7319/7319 7258/7258
f 7166/7166 7163/7163 7319/7319
f 7315/7315 7313/7313 7341/7341
f 7263/7263 5728/5728 5724/5724
f 7250/7250 7342/7342 7251/7251
f 7230/7230 7229/7229 7343/7343
f 7169/7169 7254/7254 7170/7170
f 7344/7344 7345/7345 7178/7178
f 7345/7345 7344/7344 7346/7346
f 7346/7346 7344/7344 7347/7347
f 7348/7348 7347/7347 7344/7344
f 7226/7226 7227/7227 7349/7349
f 7217/7217 7347/7347 7348/7348
f 7218/7218 7217/7217 7348/7348
f 7189/7189 7186/7186 7350/7350
f 7351/7351 7189/7189 7350/7350
f 7351/7351 7198/7198 7189/7189
f 7198/7198 7351/7351 7352/7352
f 7347/7347 7217/7217 7353/7353
f 7215/7215 7198/7198 7352/7352
f 7215/7215 7199/7199 7198/7198
f 7201/7201 7354/7354 7202/7202
f 7145/7145 7201/7201 7138/7138
f 7201/7201 7145/7145 7354/7354
f 7155/7155 7193/7193 7355/7355
f 7156/7156 7155/7155 7355/7355
f 7181/7181 7178/7178 7345/7345
f 7158/7158 7157/7157 7168/7168
f 7133/7133 7336/7336 7150/7150
f 7356/7356 7357/7357 7358/7358
f 7356/7356 7359/7359 7357/7357
f 7129/7129 7359/7359 7356/7356
f 7132/7132 7134/7134 7360/7360
f 7357/7357 7361/7361 7358/7358
f 7132/7132 7360/7360 7362/7362
f 7363/7363 7132/7132 7362/7362
f 7361/7361 7364/7364 7365/7365
f 7361/7361 7357/7357 7364/7364
f 7366/7366 7364/7364 7367/7367
f 7367/7367 7364/7364 7357/7357
f 7366/7366 7368/7368 7364/7364
f 7365/7365 7364/7364 7368/7368
f 7369/7369 7368/7368 7366/7366
f 7369/7369 7370/7370 7368/7368
f 7371/7371 7368/7368 7370/7370
f 7365/7365 7368/7368 7371/7371
f 7371/7371 7370/7370 7372/7372
f 7373/7373 7132/7132 7363/7363
f 7374/7374 7132/7132 7373/7373
f 7370/7370 7375/7375 7372/7372
f 7376/7376 7132/7132 7374/7374
f 7377/7377 7375/7375 7370/7370
f 7375/7375 7377/7377 7378/7378
f 7132/7132 7376/7376 7379/7379
f 7380/7380 7379/7379 7376/7376
f 7378/7378 7377/7377 7381/7381
f 7382/7382 7379/7379 7380/7380
f 7381/7381 7377/7377 7383/7383
f 7383/7383 7384/7384 7381/7381
f 7385/7385 7386/7386 7382/7382
f 7382/7382 7386/7386 7379/7379
f 7387/7387 7388/7388 7383/7383
f 7387/7387 7383/7383 7389/7389
f 7384/7384 7383/7383 7388/7388
f 7389/7389 7383/7383 7377/7377
f 7389/7389 7377/7377 7369/7369
f 7390/7390 7389/7389 7369/7369
f 7391/7391 7387/7387 7389/7389
f 7391/7391 7389/7389 7390/7390
f 7392/7392 7393/7393 7394/7394
f 7395/7395 7387/7387 7391/7391
f 7392/7392 7107/7107 7393/7393
f 7395/7395 7396/7396 7387/7387
f 7397/7397 7396/7396 7395/7395
f 7393/7393 7107/7107 7398/7398
f 7397/7397 7399/7399 7396/7396
f 7400/7400 7399/7399 7397/7397
f 7399/7399 7401/7401 7396/7396
f 7402/7402 7403/7403 7399/7399
f 7400/7400 7402/7402 7399/7399
f 7399/7399 7403/7403 7401/7401
f 7404/7404 7401/7401 7403/7403
f 7401/7401 7404/7404 7405/7405
f 7405/7405 7388/7388 7401/7401
f 7396/7396 7401/7401 7388/7388
f 7404/7404 7403/7403 7406/7406
f 7407/7407 7408/7408 7409/7409
f 7410/7410 7407/7407 7411/7411
f 7407/7407 7412/7412 7408/7408
f 7412/7412 7407/7407 7410/7410
f 7406/7406 7403/7403 7413/7413
f 7413/7413 7403/7403 7414/7414
f 7414/7414 7415/7415 7413/7413
f 7416/7416 5856/5856 7414/7414
f 7416/7416 7414/7414 7402/7402
f 7415/7415 7414/7414 5856/5856
f 7402/7402 7414/7414 7403/7403
f 7417/7417 7416/7416 7418/7418
f 7418/7418 7416/7416 7402/7402
f 5860/5860 5856/5856 7416/7416
f 7417/7417 5860/5860 7416/7416
f 7107/7107 7419/7419 7420/7420
f 7421/7421 5860/5860 7417/7417
f 7419/7419 6184/6184 7422/7422
f 7107/7107 6184/6184 7419/7419
f 7421/7421 5861/5861 5860/5860
f 7423/7423 5861/5861 7421/7421
f 7418/7418 7402/7402 7400/7400
f 7409/7409 7408/7408 7386/7386
f 5846/5846 7386/7386 7408/7408
f 5850/5850 5846/5846 7408/7408
f 7408/7408 7412/7412 5850/5850
f 7415/7415 5856/5856 5855/5855
f 5851/5851 5850/5850 7412/7412
f 7409/7409 7386/7386 7424/7424
f 7425/7425 7388/7388 7405/7405
f 7424/7424 7386/7386 7385/7385
f 7384/7384 7388/7388 7425/7425
f 7396/7396 7388/7388 7387/7387
f 7426/7426 7392/7392 7427/7427
f 7427/7427 7392/7392 7428/7428
f 7390/7390 7369/7369 7429/7429
f 7426/7426 7107/7107 7392/7392
f 7106/7106 7426/7426 7430/7430
f 7106/7106 7107/7107 7426/7426
f 7430/7430 7426/7426 7431/7431
f 7432/7432 7433/7433 7434/7434
f 7432/7432 7435/7435 7433/7433
f 7436/7436 7435/7435 7432/7432
f 7426/7426 7427/7427 7437/7437
f 7436/7436 7438/7438 7435/7435
f 7439/7439 7438/7438 7436/7436
f 7439/7439 7367/7367 7438/7438
f 7438/7438 7359/7359 7435/7435
f 7367/7367 7357/7357 7438/7438
f 7438/7438 7357/7357 7359/7359
f 7435/7435 7126/7126 7433/7433
f 7435/7435 7359/7359 7126/7126
f 7433/7433 7126/7126 7120/7120
f 7433/7433 7120/7120 7118/7118
f 7434/7434 7433/7433 7118/7118
f 7434/7434 7118/7118 7117/7117
f 7429/7429 7367/7367 7439/7439
f 7429/7429 7366/7366 7367/7367
f 7429/7429 7369/7369 7366/7366
f 7386/7386 7440/7440 7379/7379
f 5846/5846 7440/7440 7386/7386
f 5778/5778 5779/5779 7440/7440
f 7440/7440 5779/5779 7133/7133
f 7440/7440 7133/7133 7132/7132
f 7440/7440 7132/7132 7379/7379
f 5846/5846 5778/5778 7440/7440
f 7369/7369 7377/7377 7370/7370
f 7129/7129 7126/7126 7359/7359
f 7108/7108 6653/6653 7105/7105
f 6648/6648 6653/6653 7108/7108
f 7212/7212 6616/6616 6617/6617
f 7245/7245 5704/5704 6577/6577
f 6577/6577 5704/5704 6572/6572
f 6566/6566 6565/6565 6054/6054
f 7441/7441 6508/6508 6568/6568
f 6510/6510 6568/6568 6508/6508
f 7442/7442 6429/6429 7443/7443
f 6545/6545 6546/6546 7444/7444
f 7445/7445 7444/7444 6546/6546
f 6546/6546 6548/6548 7446/7446
f 7447/7447 6540/6540 7448/7448
f 7448/7448 6457/6457 7449/7449
f 7448/7448 6540/6540 6457/6457
f 7444/7444 7445/7445 7450/7450
f 6457/6457 7451/7451 7449/7449
f 6451/6451 7451/7451 6457/6457
f 7451/7451 6451/6451 6444/6444
f 7451/7451 6444/6444 7452/7452
f 7453/7453 7454/7454 7450/7450
f 7444/7444 7450/7450 7454/7454
f 7454/7454 6435/6435 6434/6434
f 7455/7455 7456/7456 7457/7457
f 7454/7454 7453/7453 6435/6435
f 7457/7457 7456/7456 7458/7458
f 6444/6444 6438/6438 7452/7452
f 6541/6541 6540/6540 7447/7447
f 6429/6429 7442/7442 7455/7455
f 7455/7455 7442/7442 7456/7456
f 6460/6460 6457/6457 6540/6540
f 7441/7441 6505/6505 6508/6508
f 6059/6059 6505/6505 7441/7441
f 6059/6059 6058/6058 6505/6505
f 6175/6175 6174/6174 7459/7459
f 7460/7460 7461/7461 6483/6483
f 7462/7462 6483/6483 7461/7461
f 7460/7460 6483/6483 6482/6482
f 6479/6479 6483/6483 7462/7462
f 7463/7463 7460/7460 6482/6482
f 7464/7464 7461/7461 7460/7460
f 7465/7465 7464/7464 7460/7460
f 7465/7465 7460/7460 7463/7463
f 7463/7463 6482/6482 6486/6486
f 6174/6174 6176/6176 7466/7466
f 7464/7464 7467/7467 7461/7461
f 7468/7468 7467/7467 7464/7464
f 7469/7469 7468/7468 7464/7464
f 7469/7469 7464/7464 7465/7465
f 6176/6176 6205/6205 7470/7470
f 7470/7470 6205/6205 7471/7471
f 7472/7472 7468/7468 7469/7469
f 7473/7473 7474/7474 7472/7472
f 7472/7472 7475/7475 7468/7468
f 7472/7472 7474/7474 7475/7475
f 7474/7474 7476/7476 7475/7475
f 7474/7474 6212/6212 7476/7476
f 7473/7473 6210/6210 7474/7474
f 6210/6210 6212/6212 7474/7474
f 7475/7475 7476/7476 7477/7477
f 7478/7478 7476/7476 6212/6212
f 7479/7479 7476/7476 7480/7480
f 7479/7479 7477/7477 7476/7476
f 7480/7480 7476/7476 7478/7478
f 6219/6219 7481/7481 7482/7482
f 7483/7483 7481/7481 6219/6219
f 7481/7481 7483/7483 7484/7484
f 6360/6360 6471/6471 7483/7483
f 7485/7485 7483/7483 6471/6471
f 7484/7484 7483/7483 7485/7485
f 6353/6353 7483/7483 6219/6219
f 6353/6353 6360/6360 7483/7483
f 7485/7485 6471/6471 7486/7486
f 7487/7487 7477/7477 7488/7488
f 7477/7477 7479/7479 7488/7488
f 7489/7489 7490/7490 7487/7487
f 7487/7487 7490/7490 7477/7477
f 7486/7486 6471/6471 7491/7491
f 6471/6471 7492/7492 7491/7491
f 7489/7489 7467/7467 7490/7490
f 7467/7467 7489/7489 7493/7493
f 6471/6471 7494/7494 7492/7492
f 7495/7495 7467/7467 7493/7493
f 7462/7462 7461/7461 7495/7495
f 6471/6471 7496/7496 7494/7494
f 7495/7495 7461/7461 7467/7467
f 7468/7468 7490/7490 7467/7467
f 7475/7475 7477/7477 7490/7490
f 7475/7475 7490/7490 7468/7468
f 6219/6219 7482/7482 6220/6220
f 6212/6212 6213/6213 7478/7478
f 7496/7496 6471/6471 6472/6472
f 6360/6360 6356/6356 6471/6471
f 7497/7497 6469/6469 6355/6355
f 6356/6356 6355/6355 6469/6469
f 6469/6469 7498/7498 7499/7499
f 6470/6470 6469/6469 7499/7499
f 6469/6469 7497/7497 7498/7498
f 7497/7497 6355/6355 7500/7500
f 7501/7501 7502/7502 7503/7503
f 7501/7501 7504/7504 7502/7502
f 7501/7501 7505/7505 7504/7504
f 7506/7506 7505/7505 7501/7501
f 7507/7507 7505/7505 7506/7506
f 7500/7500 6355/6355 7508/7508
f 6355/6355 6378/6378 7508/7508
f 7507/7507 7509/7509 7505/7505
f 7509/7509 7507/7507 7510/7510
f 6417/6417 7505/7505 7509/7509
f 7509/7509 7511/7511 7512/7512
f 7511/7511 7509/7509 7510/7510
f 7513/7513 6417/6417 7509/7509
f 7513/7513 7509/7509 7512/7512
f 7514/7514 7515/7515 7516/7516
f 7516/7516 7515/7515 7517/7517
f 6417/6417 7513/7513 7518/7518
f 6413/6413 6417/6417 7518/7518
f 7517/7517 6398/6398 6409/6409
f 7517/7517 7515/7515 6398/6398
f 6398/6398 7515/7515 6392/6392
f 7515/7515 7519/7519 6385/6385
f 7515/7515 6385/6385 6387/6387
f 6392/6392 7515/7515 6387/6387
f 7519/7519 7515/7515 7514/7514
f 7511/7511 7510/7510 7520/7520
f 6386/6386 7519/7519 7521/7521
f 6386/6386 6385/6385 7519/7519
f 6416/6416 7504/7504 7505/7505
f 6416/6416 7505/7505 6417/6417
f 7502/7502 7504/7504 7522/7522
f 6449/6449 7504/7504 6416/6416
f 7504/7504 6456/6456 7522/7522
f 6456/6456 7504/7504 6449/6449
f 6459/6459 7523/7523 7524/7524
f 6459/6459 7524/7524 6455/6455
f 7523/7523 7525/7525 7526/7526
f 7523/7523 6467/6467 7525/7525
f 7523/7523 6459/6459 6467/6467
f 7525/7525 6467/6467 6468/6468
f 6445/6445 6444/6444 6451/6451
f 6415/6415 6449/6449 6416/6416
f 6429/6429 7455/7455 6430/6430
f 6406/6406 6407/6407 7527/7527
f 6404/6404 6935/6935 7528/7528
f 6409/6409 6398/6398 6397/6397
f 6938/6938 6403/6403 7529/7529
f 6402/6402 6394/6394 7530/7530
f 6394/6394 6393/6393 7530/7530
f 6393/6393 6390/6390 7531/7531
f 6299/6299 6938/6938 7532/7532
f 6299/6299 6295/6295 6938/6938
f 6390/6390 7533/7533 7531/7531
f 7533/7533 6390/6390 6303/6303
f 6390/6390 6377/6377 6303/6303
f 6376/6376 6375/6375 6384/6384
f 6303/6303 6377/6377 6308/6308
f 6318/6318 6364/6364 7534/7534
f 6352/6352 6318/6318 7534/7534
f 6345/6345 6353/6353 6221/6221
f 6221/6221 6353/6353 6219/6219
f 6364/6364 6318/6318 6320/6320
f 6319/6319 6318/6318 6351/6351
f 6352/6352 6351/6351 6318/6318
f 6319/6319 6351/6351 6332/6332
f 6332/6332 6351/6351 6339/6339
f 6231/6231 6345/6345 6222/6222
f 7535/7535 6345/6345 6231/6231
f 6346/6346 6345/6345 7536/7536
f 7536/7536 6345/6345 7537/7537
f 7537/7537 6345/6345 7535/7535
f 6222/6222 6345/6345 6221/6221
f 7538/7538 7539/7539 7540/7540
f 7540/7540 7539/7539 7541/7541
f 7540/7540 7541/7541 7542/7542
f 7543/7543 6342/6342 7541/7541
f 7542/7542 7541/7541 6342/6342
f 7543/7543 7541/7541 7539/7539
f 7544/7544 7543/7543 7545/7545
f 7545/7545 7543/7543 7546/7546
f 7544/7544 6340/6340 7543/7543
f 6340/6340 6342/6342 7543/7543
f 7543/7543 7539/7539 7546/7546
f 7547/7547 7546/7546 7548/7548
f 7545/7545 7546/7546 7547/7547
f 7546/7546 7549/7549 7548/7548
f 7546/7546 7539/7539 7549/7549
f 7550/7550 7549/7549 7539/7539
f 7551/7551 7549/7549 7550/7550
f 7551/7551 7552/7552 7549/7549
f 7548/7548 7549/7549 7552/7552
f 7553/7553 7552/7552 7554/7554
f 7555/7555 7554/7554 7552/7552
f 7552/7552 7551/7551 7556/7556
f 7555/7555 7552/7552 7556/7556
f 7557/7557 7552/7552 7553/7553
f 7548/7548 7552/7552 7557/7557
f 7558/7558 7557/7557 7559/7559
f 7559/7559 7557/7557 7553/7553
f 7560/7560 7557/7557 7558/7558
f 7560/7560 7548/7548 7557/7557
f 6282/6282 6283/6283 7561/7561
f 7547/7547 7548/7548 7560/7560
f 7561/7561 6283/6283 7562/7562
f 7559/7559 7553/7553 6249/6249
f 7553/7553 7554/7554 6246/6246
f 6249/6249 7553/7553 6246/6246
f 7563/7563 6231/6231 6236/6236
f 7564/7564 6231/6231 7563/7563
f 6244/6244 7554/7554 7555/7555
f 7565/7565 6231/6231 7564/7564
f 6244/6244 6245/6245 7554/7554
f 6246/6246 7554/7554 6245/6245
f 7566/7566 6231/6231 7565/7565
f 7535/7535 6231/6231 7566/7566
f 7550/7550 7539/7539 7538/7538
f 7562/7562 6283/6283 7567/7567
f 7567/7567 6283/6283 6328/6328
f 6342/6342 6341/6341 7542/7542
f 7544/7544 6337/6337 6340/6340
f 6338/6338 6337/6337 7544/7544
f 6321/6321 6319/6319 6332/6332
f 6307/6307 6310/6310 7568/7568
f 7533/7533 6303/6303 6305/6305
f 6288/6288 6298/6298 6287/6287
f 6252/6252 6253/6253 6267/6267
f 6235/6235 6234/6234 7031/7031
f 6255/6255 6248/6248 7569/7569
f 6248/6248 6241/6241 7569/7569
f 7570/7570 6195/6195 7095/7095
f 7571/7571 6195/6195 7570/7570
f 6193/6193 7571/7571 7572/7572
f 7571/7571 6193/6193 6195/6195
f 6226/6226 6224/6224 7573/7573
f 6226/6226 7573/7573 7574/7574
f 7575/7575 6198/6198 7572/7572
f 7572/7572 6198/6198 6193/6193
f 7576/7576 6199/6199 7575/7575
f 7573/7573 6224/6224 7577/7577
f 7575/7575 6199/6199 6198/6198
f 7578/7578 6199/6199 7576/7576
f 6211/6211 7578/7578 6214/6214
f 7578/7578 6211/6211 6199/6199
f 6201/6201 6199/6199 6211/6211
f 6208/6208 6210/6210 7473/7473
f 6176/6176 6177/6177 6205/6205
f 6184/6184 5873/5873 7579/7579
f 7580/7580 5861/5861 7423/7423
f 7580/7580 5862/5862 5861/5861
f 5868/5868 5862/5862 7580/7580
f 6169/6169 6172/6172 6156/6156
f 6172/6172 6157/6157 6156/6156
f 6169/6169 6156/6156 6158/6158
f 6161/6161 6149/6149 6140/6140
f 7581/7581 6161/6161 6139/6139
f 6161/6161 6140/6140 6139/6139
f 6162/6162 6161/6161 7581/7581
f 7582/7582 5881/5881 7583/7583
f 7581/7581 6139/6139 7584/7584
f 5882/5882 7582/7582 7585/7585
f 5882/5882 5881/5881 7582/7582
f 7584/7584 6134/6134 6133/6133
f 7584/7584 6139/6139 6134/6134
f 6085/6085 6083/6083 6147/6147
f 6101/6101 5903/5903 5902/5902
f 6087/6087 5908/5908 5909/5909
f 6087/6087 5909/5909 6088/6088
f 7586/7586 5908/5908 6087/6087
f 7586/7586 6087/6087 6076/6076
f 7587/7587 7586/7586 6076/6076
f 7586/7586 7588/7588 5908/5908
f 7589/7589 7586/7586 7590/7590
f 7591/7591 7586/7586 7589/7589
f 7590/7590 7586/7586 7592/7592
f 7591/7591 7588/7588 7586/7586
f 7586/7586 7587/7587 7593/7593
f 7586/7586 7593/7593 7592/7592
f 7594/7594 6004/6004 7595/7595
f 7594/7594 6005/6005 6004/6004
f 6005/6005 7594/7594 7596/7596
f 7597/7597 6005/6005 7596/7596
f 7598/7598 7599/7599 7600/7600
f 7601/7601 7602/7602 7603/7603
f 5908/5908 7588/7588 7604/7604
f 7588/7588 7591/7591 7605/7605
f 7606/7606 7602/7602 7601/7601
f 7605/7605 7591/7591 7607/7607
f 7608/7608 7606/7606 7601/7601
f 7602/7602 7606/7606 7609/7609
f 7609/7609 7606/7606 7610/7610
f 7610/7610 7606/7606 7611/7611
f 7611/7611 7606/7606 7612/7612
f 7608/7608 7612/7612 7606/7606
f 7611/7611 5979/5979 7613/7613
f 7614/7614 7611/7611 7613/7613
f 7610/7610 7611/7611 7614/7614
f 5979/5979 7611/7611 5973/5973
f 7611/7611 7612/7612 5973/5973
f 7614/7614 7613/7613 7615/7615
f 5964/5964 5962/5962 7616/7616
f 7617/7617 7618/7618 7612/7612
f 5973/5973 7612/7612 7618/7618
f 7617/7617 7612/7612 7608/7608
f 5973/5973 7618/7618 5974/5974
f 5974/5974 7618/7618 7619/7619
f 7619/7619 7618/7618 7620/7620
f 7618/7618 7621/7621 7620/7620
f 7617/7617 7621/7621 7618/7618
f 5974/5974 7619/7619 5984/5984
f 5984/5984 7619/7619 7622/7622
f 7619/7619 7620/7620 7623/7623
f 7619/7619 7623/7623 7622/7622
f 7620/7620 7624/7624 7623/7623
f 7623/7623 7625/7625 7626/7626
f 7623/7623 7624/7624 7625/7625
f 7622/7622 7623/7623 7626/7626
f 7620/7620 7621/7621 7624/7624
f 7627/7627 7624/7624 7621/7621
f 7628/7628 7625/7625 7624/7624
f 7628/7628 7624/7624 7627/7627
f 7629/7629 7589/7589 7630/7630
f 7627/7627 7621/7621 7631/7631
f 7621/7621 7617/7617 7631/7631
f 7591/7591 7589/7589 7629/7629
f 7632/7632 7626/7626 7625/7625
f 7622/7622 7626/7626 5994/5994
f 5995/5995 5994/5994 7626/7626
f 5995/5995 7626/7626 7633/7633
f 7626/7626 7634/7634 7633/7633
f 7634/7634 7626/7626 7632/7632
f 6004/6004 6002/6002 7635/7635
f 7636/7636 6004/6004 7635/7635
f 7632/7632 7625/7625 7637/7637
f 7632/7632 7637/7637 7638/7638
f 7595/7595 7636/7636 7639/7639
f 7595/7595 6004/6004 7636/7636
f 7589/7589 7640/7640 7641/7641
f 7589/7589 7590/7590 7640/7640
f 7625/7625 7628/7628 7637/7637
f 5984/5984 7622/7622 5985/5985
f 5985/5985 7622/7622 5994/5994
f 7642/7642 5943/5943 7598/7598
f 5949/5949 5943/5943 7642/7642
f 7598/7598 5943/5943 7599/7599
f 5943/5943 5944/5944 7599/7599
f 5908/5908 7604/7604 7643/7643
f 7597/7597 6006/6006 6005/6005
f 7644/7644 6006/6006 7597/7597
f 7644/7644 7597/7597 7645/7645
f 7587/7587 6076/6076 7646/7646
f 7646/7646 6076/6076 6078/6078
f 6072/6072 6068/6068 7647/7647
f 6088/6088 5909/5909 5903/5903
f 6074/6074 6080/6080 6066/6066
f 6066/6066 6080/6080 6065/6065
f 6007/6007 7648/7648 7649/7649
f 6071/6071 6063/6063 7650/7650
f 7648/7648 6006/6006 7651/7651
f 7648/7648 6007/6007 6006/6006
f 7650/7650 6063/6063 6062/6062
f 7650/7650 6062/6062 7652/7652
f 7653/7653 6007/6007 7649/7649
f 7653/7653 6010/6010 6007/6007
f 6010/6010 7653/7653 7654/7654
f 6062/6062 7655/7655 7652/7652
f 7656/7656 6010/6010 7654/7654
f 7655/7655 6040/6040 6039/6039
f 7655/7655 6062/6062 6040/6040
f 6006/6006 7644/7644 7651/7651
f 6040/6040 6062/6062 6047/6047
f 6054/6054 6565/6565 6052/6052
f 7657/7657 7656/7656 7658/7658
f 7657/7657 6010/6010 7656/7656
f 6572/6572 5704/5704 5703/5703
f 6011/6011 6010/6010 7657/7657
f 5980/5980 5718/5718 5733/5733
f 5719/5719 5718/5718 5980/5980
f 5732/5732 5968/5968 5733/5733
f 5958/5958 7659/7659 7660/7660
f 7659/7659 5958/5958 5824/5824
f 5958/5958 7661/7661 5957/5957
f 5958/5958 7662/7662 7661/7661
f 5958/5958 7660/7660 7662/7662
f 7663/7663 7664/7664 7665/7665
f 7663/7663 7666/7666 7664/7664
f 7667/7667 7666/7666 7663/7663
f 7667/7667 7668/7668 7666/7666
f 7666/7666 7669/7669 7664/7664
f 7668/7668 7670/7670 7666/7666
f 7666/7666 7670/7670 7669/7669
f 7668/7668 7671/7671 7670/7670
f 7672/7672 7670/7670 7671/7671
f 7673/7673 7670/7670 7672/7672
f 7673/7673 7669/7669 7670/7670
f 5843/5843 7674/7674 5845/5845
f 5843/5843 7675/7675 7674/7674
f 7676/7676 7669/7669 7673/7673
f 7677/7677 7669/7669 7676/7676
f 7675/7675 5843/5843 7678/7678
f 7679/7679 7677/7677 5919/5919
f 7677/7677 7679/7679 7669/7669
f 5843/5843 5922/5922 7678/7678
f 5919/5919 5918/5918 7679/7679
f 7664/7664 7669/7669 7679/7679
f 7664/7664 7679/7679 7680/7680
f 7680/7680 7679/7679 5918/5918
f 7680/7680 5918/5918 5923/5923
f 7665/7665 7680/7680 5923/5923
f 7665/7665 7664/7664 7680/7680
f 7681/7681 7671/7671 7668/7668
f 7672/7672 7671/7671 7682/7682
f 7683/7683 7684/7684 7671/7671
f 7683/7683 7671/7671 7681/7681
f 7682/7682 7671/7671 7684/7684
f 7685/7685 7681/7681 7668/7668
f 7686/7686 7681/7681 7685/7685
f 7686/7686 7683/7683 7681/7681
f 7687/7687 5824/5824 7688/7688
f 7689/7689 7683/7683 7686/7686
f 7688/7688 5824/5824 5823/5823
f 7690/7690 5824/5824 7687/7687
f 7685/7685 7668/7668 7691/7691
f 7659/7659 5824/5824 7690/7690
f 7691/7691 7668/7668 7667/7667
f 7684/7684 7692/7692 7682/7682
f 7692/7692 7684/7684 7693/7693
f 7683/7683 7693/7693 7684/7684
f 7694/7694 5834/5834 7693/7693
f 5836/5836 7693/7693 5834/5834
f 7694/7694 7693/7693 7683/7683
f 7695/7695 7693/7693 5836/5836
f 7692/7692 7693/7693 7695/7695
f 5832/5832 5834/5834 7694/7694
f 7689/7689 5832/5832 7694/7694
f 7689/7689 7694/7694 7683/7683
f 7665/7665 5923/5923 7696/7696
f 7696/7696 5923/5923 7697/7697
f 7697/7697 5924/5924 5930/5930
f 7697/7697 5923/5923 5924/5924
f 5933/5933 5934/5934 5953/5953
f 5953/5953 5934/5934 5941/5941
f 7698/7698 5908/5908 7643/7643
f 5908/5908 7698/7698 7699/7699
f 5908/5908 7699/7699 5911/5911
f 5927/5927 5928/5928 5938/5938
f 5872/5872 5890/5890 7700/7700
f 7701/7701 5865/5865 5872/5872
f 7701/7701 5872/5872 7700/7700
f 5853/5853 7702/7702 7703/7703
f 5864/5864 5865/5865 7701/7701
f 7702/7702 5854/5854 7704/7704
f 5853/5853 5854/5854 7702/7702
f 5833/5833 5832/5832 7689/7689
f 5748/5748 5744/5744 5803/5803
f 5775/5775 5767/5767 7339/7339
f 7339/7339 5767/5767 5766/5766
f 5751/5751 5763/5763 5743/5743
f 5734/5734 5729/5729 5749/5749
f 5749/5749 5729/5729 5728/5728

