# https://github.com/mikedh/trimesh
mtllib material.mtl

o object23_045-mesh
usemtl material_0
v -0.03688699 -0.09899997 -0.03930096
v -0.02395796 -0.09899997 -0.04828297
v -0.00952297 -0.09899997 -0.05305193
v 0.00545299 -0.09899997 -0.05362295
v 0.02007395 -0.09899997 -0.05002193
v 0.03342199 -0.09899997 -0.04228698
v 0.04431897 -0.09899997 -0.03067695
v 0.05119299 -0.09899997 -0.01686595
v 0.05386096 -0.09899997 -0.00204598
v 0.05234295 -0.09899997 0.01286299
v 0.04666894 -0.09899997 0.02696699
v 0.03688699 -0.09899997 0.03930098
v 0.02395796 -0.09899997 0.04828299
v 0.00952297 -0.09899997 0.05305195
v -0.00545299 -0.09899997 0.05362297
v -0.02007395 -0.09899997 0.05002296
v -0.03342199 -0.09899997 0.04228700
v -0.04431897 -0.09899997 0.03067697
v -0.05119299 -0.09899997 0.01686597
v -0.05386096 -0.09899997 0.00204600
v -0.05234199 -0.09899997 -0.01286297
v -0.04666894 -0.09899997 -0.02696697
v -0.01670199 -0.01658901 -0.36407301
v -0.01647394 -0.01628401 -0.36388799
v -0.00836498 -0.01628401 -0.37010601
v -0.00848496 -0.01658901 -0.37037399
v 0.00167698 -0.01628401 -0.37199500
v 0.00169098 -0.01658901 -0.37228799
v 0.00169599 -0.01699998 -0.37238601
v -0.00852495 -0.01699998 -0.37046301
v -0.01677799 -0.01699998 -0.36413500
v -0.01670199 -0.01658901 -0.36407301
v -0.01677799 -0.01699998 -0.36413500
v -0.03266799 -0.01699998 -0.34458300
v -0.03336399 -0.01699301 -0.34371701
v -0.03326594 -0.01658299 -0.34368199
v -0.01647394 -0.01628401 -0.36388799
v -0.03301298 -0.01628097 -0.34352800
v -0.04671895 -0.01658900 -0.32120699
v -0.04660600 -0.01642098 -0.32115799
v -0.04644894 -0.01628400 -0.32109001
v -0.04094195 -0.01698597 -0.33273801
v -0.04680800 -0.01699997 -0.32124501
v -0.04675799 -0.01667900 -0.32122299
v -0.04090595 -0.01912101 -0.33265099
v -0.04094195 -0.01698597 -0.33273801
v -0.03336399 -0.01699301 -0.34371701
v -0.03266799 -0.01699998 -0.34458300
v -0.03260999 -0.01912102 -0.34453601
v -0.05123096 -0.01346602 -0.30920899
v -0.05119496 -0.01354600 -0.30932301
v -0.04923897 -0.01619698 -0.31512600
v -0.04680800 -0.01699997 -0.32124501
v -0.04094195 -0.01698597 -0.33273801
v -0.04090595 -0.01912101 -0.33265099
v -0.04447197 -0.01912101 -0.32610699
v -0.05104196 -0.01912101 -0.30915499
v -0.04447197 -0.01912101 -0.32610699
v -0.04090595 -0.01912101 -0.33265099
v -0.03260999 -0.01912102 -0.34453601
v -0.03148299 -0.02397301 -0.34362000
v -0.04317098 -0.02397301 -0.32545999
v -0.03266799 -0.01699998 -0.34458300
v -0.01671999 -0.01912102 -0.36408800
v -0.03148299 -0.02397301 -0.34362000
v -0.03260999 -0.01912102 -0.34453601
v -0.01671999 -0.01912102 -0.36408800
v -0.01559299 -0.02397301 -0.36317199
v -0.00849497 -0.01912102 -0.37039599
v -0.01259100 -0.01912102 -0.36801600
v -0.00852495 -0.01699998 -0.37046301
v -0.01559299 -0.02397301 -0.36317199
v -0.01671999 -0.01912102 -0.36408800
v -0.01259100 -0.01912102 -0.36801600
v -0.01173299 -0.02397301 -0.36684400
v -0.01276600 -0.02748999 -0.36087501
v -0.02865600 -0.02748999 -0.34132299
v -0.01276600 -0.02748999 -0.36087501
v -0.00608200 -0.02397301 -0.36978301
v -0.00491398 -0.02748999 -0.36633199
v -0.00849497 -0.01912102 -0.37039599
v -0.00654697 -0.01912102 -0.37115800
v 0.00548899 -0.02397301 -0.37030899
v 0.00463897 -0.02748999 -0.36676699
v -0.00057400 -0.02397301 -0.37085199
v -0.00065700 -0.01912102 -0.37230199
v 0.00169599 -0.01699998 -0.37238601
v 0.00169200 -0.01912102 -0.37231201
v -0.00065700 -0.01912102 -0.37230199
v -0.00654697 -0.01912102 -0.37115800
v 0.00169200 -0.01912102 -0.37231201
v 0.00582796 -0.01912102 -0.37172100
v 0.01168400 -0.01699998 -0.36948800
v 0.01164698 -0.01912102 -0.36942398
v 0.00582796 -0.01912102 -0.37172100
v 0.01164698 -0.01912102 -0.36942398
v 0.01093000 -0.02397301 -0.36816099
v 0.01928895 -0.01699998 -0.36239400
v 0.01922696 -0.01912102 -0.36235300
v 0.01660096 -0.01912102 -0.36560300
v 0.01660096 -0.01912102 -0.36560300
v 0.01556098 -0.02397301 -0.36458799
v 0.01295495 -0.02748999 -0.36204400
v 0.02103596 -0.02397301 -0.35438099
v 0.01747494 -0.02748999 -0.35361701
v 0.01913297 -0.02397301 -0.35965898
v 0.01922696 -0.01912102 -0.36235300
v 0.02042096 -0.01912102 -0.36032998
v 0.01268500 -0.02877202 -0.35258901
v 0.00944894 -0.02877202 -0.35862201
v 0.00349599 -0.02877202 -0.36200300
v -0.00334299 -0.02877202 -0.36169201
v -0.00763595 -0.02877202 -0.35918098
v -0.00334299 -0.02877202 -0.36169201
v 0.00349599 -0.02877202 -0.36200300
v 0.00944894 -0.02877202 -0.35862201
v 0.01268500 -0.02877202 -0.35258901
v 0.01220899 -0.02877202 -0.34575999
v 0.01017600 -0.02877202 -0.34020299
v 0.00423396 -0.02877202 -0.34653300
v 0.00535697 -0.02877202 -0.34809500
v 0.00575596 -0.02877202 -0.35087201
v 0.00458997 -0.02877202 -0.35342401
v 0.00222999 -0.02877202 -0.35494101
v -0.00057600 -0.02877202 -0.35494101
v -0.00257999 -0.02877202 -0.35379299
v -0.00763595 -0.02877202 -0.35918098
v -0.00896495 -0.02877202 -0.35778498
v 0.00959998 -0.02877202 -0.33862600
v 0.00062400 -0.02877201 -0.30995300
v -0.00560600 -0.02877201 -0.28056100
v -0.00870800 -0.02877201 -0.25512799
v -0.02686500 -0.02877201 -0.26500499
v -0.04501497 -0.02877201 -0.27487901
v -0.04484796 -0.02877201 -0.28360098
v -0.04229694 -0.02877201 -0.30314699
v -0.03552299 -0.02877202 -0.32165798
v -0.02485400 -0.02877202 -0.33823299
v -0.00896495 -0.02877202 -0.35778498
v -0.00293499 -0.02877202 -0.35342401
v -0.00410098 -0.02877202 -0.35087201
v -0.00370198 -0.02877202 -0.34809500
v -0.00186396 -0.02877202 -0.34597501
v 0.00082700 -0.02877202 -0.34518501
v 0.00351900 -0.02877202 -0.34597501
v -0.00896495 -0.02877202 -0.35778498
v -0.02485400 -0.02877202 -0.33823299
v -0.02865600 -0.02748999 -0.34132299
v -0.02485400 -0.02877202 -0.33823299
v -0.03552299 -0.02877202 -0.32165798
v -0.03990995 -0.02748998 -0.32383901
v -0.04705494 -0.02748998 -0.30431300
v -0.05059295 -0.02397300 -0.30518001
v -0.04229694 -0.02877201 -0.30314699
v -0.04974597 -0.02748998 -0.28369501
v -0.05338799 -0.02397300 -0.28376499
v -0.04484796 -0.02877201 -0.28360098
v -0.04974597 -0.02748998 -0.28369501
v -0.04484796 -0.02877201 -0.28360098
v -0.04501497 -0.02877201 -0.27487901
v -0.04945397 -0.02771099 -0.27727401
v -0.04986494 -0.02748998 -0.27749300
v -0.04513698 -0.02780099 -0.26854598
v -0.02686500 -0.02877201 -0.26500499
v -0.02709996 -0.02795298 -0.25982901
v -0.05005496 -0.02529199 -0.26741299
v -0.04945397 -0.02771099 -0.27727401
v -0.04501497 -0.02877201 -0.27487901
v -0.04513698 -0.02780099 -0.26854598
v -0.04519695 -0.02671899 -0.26541701
v -0.05381494 -0.02154101 -0.26897800
v -0.05306297 -0.02459599 -0.27917999
v -0.04986494 -0.02748998 -0.27749300
v -0.05338799 -0.02397300 -0.28376499
v -0.05306297 -0.02459599 -0.27917999
v -0.05347198 -0.02397300 -0.27939099
v -0.05486899 -0.01893897 -0.26949799
v -0.05437695 -0.02202602 -0.27984801
v -0.05347198 -0.02397300 -0.27939099
v -0.05040597 -0.02060302 -0.25824800
v -0.05413299 -0.01659800 -0.25953501
v -0.05557096 -0.01120897 -0.26014200
v -0.05519998 -0.01655497 -0.26972499
v -0.05519396 -0.01662900 -0.26988900
v -0.05491095 -0.01912101 -0.28008601
v -0.05437695 -0.02202602 -0.27984801
v -0.05491095 -0.01912101 -0.28008601
v -0.05483996 -0.01912101 -0.28379300
v -0.05576395 -0.00017602 -0.27007100
v -0.05576097 -0.00017602 -0.27026200
v -0.05557298 -0.00017602 -0.28009799
v -0.05491095 -0.01912101 -0.28008601
v -0.05519396 -0.01662900 -0.26988900
v -0.05550098 -0.00017602 -0.28380600
v -0.05483996 -0.01912101 -0.28379300
v -0.05491095 -0.01912101 -0.28008601
v -0.05200397 -0.01912101 -0.30552599
v -0.05321794 -0.00017602 -0.30321401
v -0.05321598 -0.00045802 -0.30318400
v -0.05316895 -0.00221499 -0.30310300
v -0.05254596 -0.00872501 -0.30482000
v -0.05483996 -0.01912101 -0.28379300
v -0.05200397 -0.01912101 -0.30552599
v -0.05104196 -0.01912101 -0.30915499
v -0.05238699 -0.00853797 -0.30510801
v -0.05107599 -0.01325502 -0.30948698
v -0.05119496 -0.01354600 -0.30932301
v -0.05123096 -0.01346602 -0.30920899
v -0.05254596 -0.00872501 -0.30482000
v -0.04915595 -0.01587798 -0.31518400
v -0.04923897 -0.01619698 -0.31512600
v -0.04675799 -0.01667900 -0.32122299
v -0.04680800 -0.01699997 -0.32124501
v -0.04896497 -0.01562096 -0.31518501
v -0.04660600 -0.01642098 -0.32115799
v -0.04671895 -0.01658900 -0.32120699
v -0.05082595 -0.01301898 -0.30957100
v -0.04869794 -0.01545401 -0.31513199
v -0.04637700 -0.01624300 -0.32105899
v -0.04644894 -0.01628400 -0.32109001
v -0.05049794 -0.01288600 -0.30955699
v -0.05168199 -0.00830498 -0.30529600
v -0.05207097 -0.00838097 -0.30528700
v -0.05298596 -0.00220700 -0.30345699
v -0.05283397 -0.00219997 -0.30358699
v -0.05261999 -0.00218900 -0.30368501
v -0.05260896 -0.00218799 -0.30368900
v -0.05238896 -0.00217702 -0.30371699
v -0.05218696 -0.00216600 -0.30368799
v -0.05260896 -0.00218799 -0.30368900
v -0.05261999 -0.00218900 -0.30368501
v -0.05283397 -0.00219997 -0.30358699
v -0.05280900 0.00124697 -0.30368301
v -0.05256795 0.00123093 -0.30375400
v -0.05238896 -0.00217702 -0.30371699
v -0.05231696 0.00121794 -0.30377799
v -0.05218100 -0.00216498 -0.30368599
v -0.05218696 -0.00216600 -0.30368799
v -0.05206596 0.00120792 -0.30376300
v -0.05218100 -0.00216498 -0.30368599
v -0.05199199 -0.00215497 -0.30360401
v -0.05183595 -0.00214597 -0.30348101
v -0.05145597 -0.00744399 -0.30468199
v -0.05133497 -0.00832500 -0.30514300
v -0.05199199 -0.00215497 -0.30360401
v -0.05184298 0.00120095 -0.30371901
v -0.05185896 0.00019798 -0.30358499
v -0.05189096 -0.00053602 -0.30353901
v -0.05185997 -0.00053802 -0.30352199
v -0.05183595 -0.00214597 -0.30348101
v -0.04016697 -0.00201096 -0.29213399
v -0.05185997 -0.00053802 -0.30352199
v -0.05185896 0.00019798 -0.30358499
v -0.05184298 0.00120095 -0.30371901
v -0.05183297 0.00156394 -0.30378199
v -0.04015398 0.00133894 -0.29236200
v -0.05145597 -0.00744399 -0.30468199
v -0.05183595 -0.00214597 -0.30348101
v -0.04016697 -0.00201096 -0.29213399
v -0.02855497 -0.00187697 -0.28084299
v -0.02838999 -0.00616201 -0.28146201
v -0.02849799 -0.00187697 -0.28078699
v -0.02855497 -0.00187697 -0.28084299
v -0.02847498 0.00111494 -0.28094199
v -0.02849799 -0.00187697 -0.28078699
v -0.01682895 -0.00174197 -0.26944000
v -0.00532299 -0.00161000 -0.25825199
v -0.00532395 -0.00812002 -0.25832799
v -0.01375895 -0.00879099 -0.26757500
v -0.02220195 -0.00946297 -0.27683100
v -0.02634996 -0.00979199 -0.28137800
v -0.02795398 -0.00992002 -0.28313801
v -0.01682895 -0.00174197 -0.26944000
v -0.01679599 0.00088998 -0.26952201
v -0.00527400 0.00066898 -0.25825599
v -0.00532299 -0.00161000 -0.25825199
v -0.00522095 0.00296597 -0.25828299
v -0.01670598 0.00350694 -0.26981500
v -0.02833598 0.00405494 -0.28149301
v -0.00430596 -0.00782301 -0.25671801
v -0.00532395 -0.00812002 -0.25832799
v -0.00532299 -0.00161000 -0.25825199
v -0.00527400 0.00066898 -0.25825599
v -0.00522095 0.00296597 -0.25828299
v -0.00519395 0.00431995 -0.25831199
v -0.00414300 0.00434593 -0.25671899
v -0.00413698 0.00434593 -0.25670499
v -0.00517499 0.00530295 -0.25834400
v -0.00519395 0.00431995 -0.25831199
v -0.01656097 0.00608496 -0.27034199
v -0.00414300 0.00434593 -0.25671899
v -0.00519395 0.00431995 -0.25831199
v -0.00517499 0.00530295 -0.25834400
v -0.00512397 0.00770698 -0.25843799
v -0.00506496 0.01021597 -0.25855202
v -0.00498897 0.01286695 -0.25867000
v -0.00494599 0.01426295 -0.25873301
v -0.00492299 0.01489595 -0.25875399
v -0.00407594 0.01488993 -0.25699699
v -0.00361496 0.01489893 -0.25510299
v -0.00361597 0.00961594 -0.25499401
v -0.00361395 0.00437794 -0.25488701
v -0.00413698 0.00434593 -0.25670499
v -0.00361395 0.00437794 -0.25488701
v -0.00361997 0.00339893 -0.25487700
v -0.00363296 0.00231192 -0.25487101
v -0.00367099 0.00018298 -0.25486499
v -0.00370795 -0.00167199 -0.25486600
v -0.00374198 -0.00333198 -0.25486600
v -0.00376898 -0.00486298 -0.25486800
v -0.00378799 -0.00626399 -0.25487301
v -0.00379497 -0.00752302 -0.25487101
v -0.00430196 -0.00782098 -0.25670901
v -0.00417596 -0.01526298 -0.25667000
v -0.00499594 -0.01512398 -0.25847900
v -0.00513297 -0.01346900 -0.25837499
v -0.00522798 -0.01121099 -0.25832900
v -0.00530100 -0.00885602 -0.25832501
v -0.00532395 -0.00812002 -0.25832799
v -0.00430596 -0.00782301 -0.25671801
v -0.00430196 -0.00782098 -0.25670901
v -0.00379497 -0.00752302 -0.25487101
v -0.00377798 -0.01537199 -0.25468600
v -0.00495195 -0.01541896 -0.25851601
v -0.00495797 -0.01538397 -0.25851101
v -0.00417596 -0.01526298 -0.25667000
v -0.00377798 -0.01537199 -0.25468600
v -0.00375098 -0.01557799 -0.25468299
v -0.00513297 -0.01346900 -0.25837499
v -0.00499594 -0.01512398 -0.25847900
v -0.00495797 -0.01538397 -0.25851101
v -0.01179897 -0.01576097 -0.26842901
v -0.01246297 -0.01417597 -0.26812100
v -0.00495195 -0.01541896 -0.25851601
v -0.00489700 -0.01569201 -0.25856200
v -0.00482696 -0.01593001 -0.25862199
v -0.00480998 -0.01597197 -0.25863600
v -0.01140797 -0.01613499 -0.26862499
v -0.01891696 -0.01591702 -0.27872300
v -0.01996797 -0.01464398 -0.27811301
v -0.01831400 -0.01616497 -0.27907699
v -0.02524298 -0.01617201 -0.28955099
v -0.02602899 -0.01600702 -0.28904199
v -0.02741599 -0.01504298 -0.28815099
v -0.02855294 -0.01367499 -0.28742999
v -0.02083396 -0.01291402 -0.27761501
v -0.01300996 -0.01212700 -0.26788601
v -0.02160894 -0.01102902 -0.27717099
v -0.01351100 -0.00992998 -0.26767701
v -0.02954196 -0.01214899 -0.28680900
v -0.00522798 -0.01121099 -0.25832900
v -0.00530100 -0.00885602 -0.25832501
v -0.01375895 -0.00879099 -0.26757500
v -0.00532395 -0.00812002 -0.25832799
v -0.02220195 -0.00946297 -0.27683100
v -0.02634996 -0.00979199 -0.28137800
v -0.03044795 -0.01054801 -0.28624600
v -0.03066694 -0.01013596 -0.28611001
v -0.02795398 -0.00992002 -0.28313801
v -0.03914499 -0.01080997 -0.29540500
v -0.03827899 -0.01200499 -0.29595598
v -0.03724396 -0.01324500 -0.29662701
v -0.04021096 -0.01089497 -0.29657301
v -0.04594600 -0.01312597 -0.30579001
v -0.04698199 -0.01217701 -0.30510500
v -0.04480099 -0.01398797 -0.30656400
v -0.03609699 -0.01438601 -0.29738200
v -0.04353499 -0.01478197 -0.30743000
v -0.04863095 -0.01519097 -0.31429601
v -0.04924094 -0.01451696 -0.31246000
v -0.04975998 -0.01370896 -0.31079900
v -0.05015999 -0.01288201 -0.30945000
v -0.04975998 -0.01370896 -0.31079900
v -0.04924094 -0.01451696 -0.31246000
v -0.04863095 -0.01519097 -0.31429601
v -0.04837697 -0.01540400 -0.31502801
v -0.04788798 -0.01572497 -0.31638700
v -0.04837697 -0.01540400 -0.31502801
v -0.04208898 -0.01550497 -0.30842399
v -0.04788798 -0.01572497 -0.31638700
v -0.04693198 -0.01608302 -0.31886801
v -0.04607397 -0.01617201 -0.32092899
v -0.04693198 -0.01608302 -0.31886801
v -0.04034298 -0.01605196 -0.30963200
v -0.03316199 -0.01605101 -0.29935500
v -0.03477400 -0.01537098 -0.29826599
v -0.03214198 -0.01617201 -0.30004901
v -0.03910899 -0.01617201 -0.31049099
v -0.02516895 -0.01617201 -0.28959900
v -0.04000794 -0.01617201 -0.31183699
v -0.03910899 -0.01617201 -0.31049099
v -0.03214198 -0.01617201 -0.30004901
v -0.02516895 -0.01617201 -0.28959900
v -0.01819497 -0.01617201 -0.27914700
v -0.01123398 -0.01617201 -0.26871601
v -0.00989097 -0.01617201 -0.26670399
v -0.00683695 -0.01617201 -0.26212701
v -0.00461697 -0.01617201 -0.25880000
v -0.00299495 -0.01617201 -0.25490701
v -0.00166297 -0.01617201 -0.24138400
v -0.00049900 -0.01617201 -0.24309400
v -0.00009100 -0.01617201 -0.24519899
v 0.00021200 -0.01617201 -0.25009099
v 0.00354195 -0.01617201 -0.27906999
v 0.00958997 -0.01617201 -0.30760500
v 0.01830399 -0.01617202 -0.33544299
v 0.02091300 -0.01617202 -0.34257600
v 0.02207797 -0.01617202 -0.35253700
v 0.01862198 -0.01617202 -0.36195201
v 0.01639199 -0.01617202 -0.36477101
v 0.00445700 -0.01617202 -0.35357001
v 0.00458997 -0.01617202 -0.35342401
v 0.00575596 -0.01617202 -0.35087201
v 0.00535697 -0.01617202 -0.34809500
v 0.00351900 -0.01617202 -0.34597501
v 0.00082700 -0.01617202 -0.34518501
v -0.00186396 -0.01617202 -0.34597501
v -0.00280297 -0.01617202 -0.34675601
v -0.04000794 -0.01617201 -0.31183699
v -0.04607397 -0.01617201 -0.32092899
v 0.01128900 -0.01617202 -0.36879301
v 0.00165695 -0.01617202 -0.37158701
v -0.00819898 -0.01617202 -0.36973300
v -0.01615697 -0.01617202 -0.36363000
v -0.03267395 -0.01617202 -0.34329900
v -0.04607397 -0.01617201 -0.32092899
v -0.00370198 -0.01617202 -0.34809500
v -0.00410098 -0.01617202 -0.35087201
v -0.00293499 -0.01617202 -0.35342401
v -0.00057600 -0.01617202 -0.35494101
v 0.00222999 -0.01617202 -0.35494101
v -0.00370198 -0.01617202 -0.34809500
v -0.00280297 -0.01617202 -0.34675601
v -0.00186396 -0.01617202 -0.34597501
v -0.00186396 -0.02877202 -0.34597501
v -0.00370198 -0.02877202 -0.34809500
v 0.00082700 -0.01617202 -0.34518501
v 0.00082700 -0.02877202 -0.34518501
v 0.00351900 -0.02877202 -0.34597501
v 0.00082700 -0.02877202 -0.34518501
v 0.00082700 -0.01617202 -0.34518501
v 0.00351900 -0.01617202 -0.34597501
v 0.00535697 -0.01617202 -0.34809500
v 0.00535697 -0.02877202 -0.34809500
v 0.00423396 -0.02877202 -0.34653300
v 0.00575596 -0.01617202 -0.35087201
v 0.00575596 -0.02877202 -0.35087201
v 0.00458997 -0.01617202 -0.35342401
v 0.00458997 -0.02877202 -0.35342401
v 0.00445700 -0.01617202 -0.35357001
v 0.00222999 -0.01617202 -0.35494101
v 0.00222999 -0.02877202 -0.35494101
v -0.00057600 -0.01617202 -0.35494101
v -0.00057600 -0.02877202 -0.35494101
v 0.01128900 -0.01617202 -0.36879301
v 0.01639199 -0.01617202 -0.36477101
v 0.01862198 -0.01617202 -0.36195201
v 0.01896196 -0.01628401 -0.36217701
v 0.01148998 -0.01628401 -0.36914798
v 0.02207797 -0.01617202 -0.35253700
v 0.02248400 -0.01628401 -0.35258499
v 0.01163595 -0.01658901 -0.36940300
v 0.01920700 -0.01658901 -0.36234000
v 0.02277594 -0.01658901 -0.35262000
v 0.02129596 -0.01628401 -0.34243598
v 0.02156996 -0.01658502 -0.34233600
v 0.02157199 -0.01658901 -0.34233498
v 0.02091300 -0.01617202 -0.34257600
v 0.02129399 -0.01628300 -0.34243700
v 0.01868599 -0.01628300 -0.33530301
v 0.01868695 -0.01628400 -0.33530199
v 0.01896095 -0.01658502 -0.33520201
v 0.02156996 -0.01658502 -0.34233600
v 0.02129596 -0.01628401 -0.34243598
v 0.02129399 -0.01628300 -0.34243700
v 0.01830399 -0.01617202 -0.33544299
v 0.01868695 -0.01628400 -0.33530199
v 0.01868599 -0.01628300 -0.33530301
v 0.00958997 -0.01617201 -0.30760500
v 0.00998497 -0.01628400 -0.30750200
v 0.01896297 -0.01658901 -0.33520201
v 0.01896095 -0.01658502 -0.33520201
v 0.01026898 -0.01658900 -0.30742699
v 0.01896297 -0.01658901 -0.33520201
v 0.01905494 -0.01699301 -0.33516800
v 0.02166396 -0.01699301 -0.34230101
v 0.02157199 -0.01658901 -0.34233498
v 0.01036399 -0.01699997 -0.30740201
v 0.01905494 -0.01699998 -0.33516800
v 0.01905494 -0.01699301 -0.33516800
v 0.01905494 -0.01699998 -0.33516800
v 0.01904100 -0.01741901 -0.33517301
v 0.02164995 -0.01741901 -0.34230700
v 0.02166396 -0.01699998 -0.34230199
v 0.01029199 -0.01912101 -0.30742100
v 0.01898598 -0.01912101 -0.33519301
v 0.01899898 -0.01869598 -0.33518800
v 0.01901298 -0.01826998 -0.33518299
v 0.01902699 -0.01784499 -0.33517799
v 0.01904100 -0.01741901 -0.33517301
v 0.01905494 -0.01699998 -0.33516800
v 0.01036399 -0.01699997 -0.30740201
v 0.02163594 -0.01784500 -0.34231201
v 0.01902699 -0.01784499 -0.33517799
v 0.02287197 -0.01699998 -0.35263100
v 0.02166396 -0.01699998 -0.34230199
v 0.02164995 -0.01741901 -0.34230700
v 0.02163594 -0.01784500 -0.34231201
v 0.02162200 -0.01826998 -0.34231698
v 0.02160799 -0.01869598 -0.34232199
v 0.02159398 -0.01912102 -0.34232700
v 0.02285295 -0.01912102 -0.34788501
v 0.02279895 -0.01912102 -0.35262200
v 0.02162200 -0.01826998 -0.34231698
v 0.01901298 -0.01826998 -0.33518299
v 0.02160799 -0.01869598 -0.34232199
v 0.01899898 -0.01869598 -0.33518800
v 0.01898598 -0.01912101 -0.33519301
v 0.02159398 -0.01912102 -0.34232700
v 0.01762199 -0.02397301 -0.33569199
v 0.01898598 -0.01912101 -0.33519301
v 0.01029199 -0.01912101 -0.30742100
v 0.00888699 -0.02397199 -0.30778900
v 0.02022999 -0.02397301 -0.34282601
v 0.01762199 -0.02397301 -0.33569199
v 0.00425798 -0.01912101 -0.27895298
v 0.00282395 -0.02397199 -0.27918699
v 0.00425798 -0.01912101 -0.27895298
v 0.00433099 -0.01699997 -0.27894100
v 0.00093600 -0.01912101 -0.25004199
v 0.00040600 -0.02204700 -0.25028199
v -0.00047300 -0.02397199 -0.25072801
v 0.00100994 -0.01699997 -0.25003701
v 0.00093600 -0.01912101 -0.25004199
v 0.00091300 -0.01658799 -0.25004399
v 0.00100994 -0.01699997 -0.25003701
v 0.00433099 -0.01699997 -0.27894100
v 0.00423396 -0.01658900 -0.27895701
v 0.00394398 -0.01628400 -0.27900401
v 0.00061900 -0.01628400 -0.25006300
v 0.00061300 -0.01659502 -0.24515191
v 0.00065500 -0.01668902 -0.24514900
v 0.00070600 -0.01701100 -0.24514499
v 0.00085100 -0.01699997 -0.24746500
v 0.00091300 -0.01658799 -0.25004399
v 0.00061900 -0.01628400 -0.25006300
v 0.00031900 -0.01628597 -0.24517099
v 0.00048700 -0.01641996 -0.24516000
v 0.00065500 -0.01668902 -0.24514900
v 0.00061300 -0.01659502 -0.24515191
v 0.00010100 -0.01650198 -0.24285300
v 0.00023400 -0.01684697 -0.24279900
v 0.00031900 -0.01628597 -0.24517099
v 0.00022800 -0.01623900 -0.24517800
v -0.00016200 -0.01625897 -0.24295899
v 0.00021200 -0.01617201 -0.25009099
v -0.00009100 -0.01617201 -0.24519899
v 0.00022800 -0.01623900 -0.24517800
v -0.00009100 -0.01617201 -0.24519899
v -0.00049900 -0.01617201 -0.24309400
v -0.00166297 -0.01617201 -0.24138400
v -0.00148195 -0.01621397 -0.24120600
v -0.00137997 -0.01627798 -0.24110500
v -0.00148195 -0.01621397 -0.24120600
v -0.00166297 -0.01617201 -0.24138400
v -0.00198197 -0.01606502 -0.24058600
v -0.00211400 -0.01591899 -0.24008401
v -0.00201499 -0.01605000 -0.23995000
v -0.00198197 -0.01606502 -0.24058600
v -0.00166297 -0.01617201 -0.24138400
v -0.00299495 -0.01617201 -0.25490701
v -0.00314397 -0.01615699 -0.25483400
v -0.00328594 -0.01611198 -0.25477800
v -0.00338095 -0.01606502 -0.25474700
v -0.00351495 -0.01596601 -0.25471401
v -0.00366700 -0.01577897 -0.25468901
v -0.00367099 -0.01577301 -0.25468901
v -0.00218099 -0.01577200 -0.23968001
v -0.00211400 -0.01591899 -0.24008401
v -0.00473398 -0.01610501 -0.25870001
v -0.00480998 -0.01597197 -0.25863600
v -0.00482696 -0.01593001 -0.25862199
v -0.00351495 -0.01596601 -0.25471401
v -0.00338095 -0.01606502 -0.25474700
v -0.00328594 -0.01611198 -0.25477800
v -0.00467795 -0.01615502 -0.25874799
v -0.00471997 -0.01612200 -0.25871301
v -0.00314397 -0.01615699 -0.25483400
v -0.00989097 -0.01617201 -0.26670399
v -0.01123398 -0.01617201 -0.26871601
v -0.00473398 -0.01610501 -0.25870001
v -0.00471997 -0.01612200 -0.25871301
v -0.00683695 -0.01617201 -0.26212701
v -0.00467795 -0.01615502 -0.25874799
v -0.00466996 -0.01615997 -0.25875500
v -0.00299495 -0.01617201 -0.25490701
v -0.00461697 -0.01617201 -0.25880000
v -0.00466996 -0.01615997 -0.25875500
v -0.00461697 -0.01617201 -0.25880000
v -0.01819497 -0.01617201 -0.27914700
v -0.00489700 -0.01569201 -0.25856200
v -0.00366700 -0.01577897 -0.25468901
v -0.00367099 -0.01577301 -0.25468901
v -0.00375098 -0.01557799 -0.25468299
v -0.00377798 -0.01537199 -0.25468600
v -0.00219494 -0.01537199 -0.23879699
v -0.00218099 -0.01577200 -0.23968001
v -0.00219494 -0.01537199 -0.23879699
v -0.00222695 -0.01557399 -0.23857900
v -0.00196195 -0.01622500 -0.23981000
v -0.00011800 -0.00752302 -0.22087289
v -0.00126499 -0.00978299 -0.23040600
v -0.00178695 -0.01193596 -0.23503400
v -0.00219494 -0.01537199 -0.23879699
v -0.00377798 -0.01537199 -0.25468600
v -0.00379497 -0.00752302 -0.25487101
v -0.00177395 -0.00752302 -0.23492400
v -0.00228095 -0.01566197 -0.23848000
v -0.00222695 -0.01557399 -0.23857900
v -0.00178695 -0.01193596 -0.23503400
v -0.00183594 -0.01220198 -0.23483300
v -0.00228095 -0.01566197 -0.23848000
v -0.00235796 -0.01574101 -0.23838900
v -0.00202995 -0.01660402 -0.23960000
v -0.00196797 -0.01641198 -0.23969200
v -0.00201797 -0.01242001 -0.23465200
v -0.00240797 -0.01469000 -0.23712900
v -0.00257999 -0.01586498 -0.23823300
v -0.00235796 -0.01574101 -0.23838900
v -0.00129896 -0.01000698 -0.23036300
v -0.00138700 -0.01021399 -0.23031600
v -0.00191897 -0.01194002 -0.23401301
v -0.00126499 -0.00978299 -0.23040600
v -0.00138700 -0.01021399 -0.23031600
v -0.00129896 -0.01000698 -0.23036300
v -0.00126499 -0.00978299 -0.23040600
v -0.00011800 -0.00752302 -0.22087289
v -0.00013300 -0.00767000 -0.22082099
v -0.00017200 -0.00781198 -0.22076599
v -0.00055100 -0.00870098 -0.22365400
v -0.00191897 -0.01194002 -0.23401301
v -0.00138700 -0.01021399 -0.23031600
v -0.00338197 -0.01265599 -0.23066799
v -0.00338894 -0.01360102 -0.23432900
v -0.00391996 -0.01314999 -0.23076300
v -0.00338197 -0.01265599 -0.23066799
v -0.00138700 -0.01021399 -0.23031600
v -0.00055100 -0.00870098 -0.22365400
v -0.00060300 -0.00880797 -0.20877589
v -0.00408697 -0.01343299 -0.20907999
v -0.00017200 -0.00781198 -0.22076599
v 0.00038600 -0.00601800 -0.21667300
v 0.00077300 -0.00317200 -0.21323501
v 0.00076500 -0.00317200 -0.20865700
v 0.00072600 -0.00317199 -0.18739600
v -0.00067700 -0.00896300 -0.18739800
v -0.00082500 -0.00926901 -0.18739800
v -0.00425595 -0.01371301 -0.18740401
v 0.00090200 0.00174497 -0.18740700
v 0.00072600 -0.00317199 -0.18739600
v 0.00076500 -0.00317200 -0.20865700
v 0.00077300 -0.00317200 -0.21323501
v 0.00077300 -0.00317098 -0.21373300
v 0.00077300 -0.00317200 -0.21419300
v 0.00082700 -0.00242199 -0.21375000
v 0.00093000 -0.00013702 -0.21320800
v 0.00091300 0.00150798 -0.21354599
v 0.00039600 -0.00588001 -0.21682499
v 0.00077300 -0.00317098 -0.21373300
v 0.00077300 -0.00317200 -0.21323501
v 0.00038600 -0.00601800 -0.21667300
v 0.00038700 -0.00574000 -0.21697999
v 0.00053100 -0.00498201 -0.21590699
v 0.00077300 -0.00317200 -0.21419300
v 0.00082700 -0.00242199 -0.21375000
v 0.00077300 -0.00317200 -0.21419300
v 0.00053100 -0.00498201 -0.21590699
v -0.00174999 -0.00561799 -0.23477100
v -0.00168699 -0.00374301 -0.23439001
v 0.00038700 -0.00574000 -0.21697999
v -0.00011800 -0.00752302 -0.22087289
v -0.00177395 -0.00752302 -0.23492400
v -0.00378799 -0.00626399 -0.25487301
v -0.00376898 -0.00486298 -0.25486800
v -0.00379497 -0.00752302 -0.25487101
v -0.00013300 -0.00767000 -0.22082099
v -0.00374198 -0.00333198 -0.25486600
v -0.00160199 -0.00189497 -0.23388700
v -0.00370795 -0.00167199 -0.25486600
v -0.00150698 -0.00005402 -0.23335899
v 0.00093000 -0.00013702 -0.21320800
v 0.00090400 0.00176994 -0.21365900
v 0.00091300 0.00150798 -0.21354599
v -0.00021300 0.00072698 -0.22238991
v -0.00141996 0.00181494 -0.23293901
v -0.00009600 0.00258295 -0.22176500
v -0.00367099 0.00018298 -0.25486499
v -0.00138795 0.00282393 -0.23284800
v -0.00005700 0.00355296 -0.22163200
v -0.00363296 0.00231192 -0.25487101
v -0.00137800 0.00372497 -0.23293000
v -0.00361997 0.00339893 -0.25487700
v -0.00140196 0.00458996 -0.23327801
v -0.00361395 0.00437794 -0.25488701
v -0.00313198 0.00453196 -0.24982201
v -0.00261897 0.00474594 -0.24468599
v -0.00207800 0.00499694 -0.23950601
v -0.00151199 0.00526498 -0.23433100
v -0.00146997 0.00528495 -0.23395400
v -0.00005500 0.00440095 -0.22175901
v -0.00010500 0.00519393 -0.22228600
v -0.00093200 0.00553493 -0.22924390
v -0.00034600 0.00575195 -0.22430401
v -0.00022500 0.00581197 -0.22330500
v -0.00093200 0.00553493 -0.22924390
v -0.00146997 0.00528495 -0.23395400
v -0.00151199 0.00526498 -0.23433100
v -0.00228399 0.00891397 -0.24146400
v -0.00191098 0.00871996 -0.23794900
v -0.00207800 0.00499694 -0.23950601
v -0.00264597 0.00914494 -0.24497800
v -0.00301695 0.01490495 -0.24883101
v -0.00277895 0.01490793 -0.24642401
v -0.00257397 0.01157198 -0.24432901
v -0.00227696 0.01138893 -0.24144800
v -0.00271899 0.01490793 -0.24582400
v -0.00268894 0.01490894 -0.24552500
v -0.00267398 0.01490894 -0.24537701
v -0.00266695 0.01490894 -0.24530201
v -0.00266296 0.01490894 -0.24526501
v -0.00266099 0.01490894 -0.24524701
v -0.00266099 0.01490894 -0.24524190
v -0.00265998 0.01490894 -0.24524000
v -0.00265998 0.01490894 -0.24523690
v -0.00265795 0.01490894 -0.24521799
v -0.00257498 0.01491097 -0.24439789
v -0.00256097 0.01491097 -0.24425700
v -0.00255996 0.01491097 -0.24425200
v -0.00255996 0.01491097 -0.24425100
v -0.00255996 0.01491097 -0.24425100
v -0.00255996 0.01491097 -0.24424990
v -0.00255996 0.01491097 -0.24424990
v -0.00255996 0.01491097 -0.24425100
v -0.00255996 0.01491097 -0.24425100
v -0.00255197 0.01491097 -0.24416891
v -0.00253600 0.01491097 -0.24401189
v -0.00197095 0.01117394 -0.23854800
v -0.00152695 0.00852094 -0.23443601
v -0.00229394 0.01491294 -0.24167000
v -0.00219697 0.01509098 -0.24129400
v -0.00223994 0.01499692 -0.24128901
v -0.00225496 0.01491395 -0.24128690
v -0.00229394 0.01491294 -0.24167000
v -0.00253600 0.01491097 -0.24401189
v -0.00255197 0.01491097 -0.24416891
v -0.00255996 0.01491097 -0.24425100
v -0.00255996 0.01491097 -0.24425100
v -0.00255996 0.01491097 -0.24425100
v -0.00255996 0.01491097 -0.24425100
v -0.00255996 0.01491097 -0.24424990
v -0.00255996 0.01491097 -0.24424990
v -0.00255996 0.01491097 -0.24425100
v -0.00255996 0.01491097 -0.24425100
v -0.00255996 0.01491097 -0.24425200
v -0.00256097 0.01491097 -0.24425700
v -0.00257498 0.01491097 -0.24439789
v -0.00265795 0.01490894 -0.24521799
v -0.00265998 0.01490894 -0.24523690
v -0.00265998 0.01490894 -0.24524000
v -0.00266099 0.01490894 -0.24524190
v -0.00266099 0.01490894 -0.24524701
v -0.00266296 0.01490894 -0.24526501
v -0.00266695 0.01490894 -0.24530201
v -0.00267398 0.01490894 -0.24537701
v -0.00268894 0.01490894 -0.24552500
v -0.00271899 0.01490793 -0.24582400
v -0.00277895 0.01490793 -0.24642401
v -0.00301695 0.01490495 -0.24883101
v -0.00325298 0.01490292 -0.25126100
v -0.00339299 0.01490096 -0.25273800
v -0.00342899 0.01490096 -0.25311101
v -0.00343096 0.01490096 -0.25313401
v -0.00343197 0.01490096 -0.25314400
v -0.00343197 0.01490096 -0.25314400
v -0.00343197 0.01490096 -0.25314501
v -0.00343197 0.01490096 -0.25314701
v -0.00343394 0.01490096 -0.25316301
v -0.00343698 0.01490096 -0.25319702
v -0.00344396 0.01490096 -0.25327301
v -0.00348300 0.01489994 -0.25369200
v -0.00361496 0.01489893 -0.25510299
v -0.00356895 0.01505092 -0.25510100
v -0.00355595 0.01507494 -0.25510001
v -0.00225496 0.01491395 -0.24128690
v -0.00220394 0.01500896 -0.24081001
v -0.00215596 0.01518795 -0.24035600
v -0.00179899 0.01136193 -0.23695500
v -0.00220394 0.01500896 -0.24081001
v -0.00225496 0.01491395 -0.24128690
v -0.00223994 0.01499692 -0.24128901
v -0.00219399 0.01505194 -0.24082300
v -0.00219697 0.01509098 -0.24129400
v -0.00217098 0.01513294 -0.24129591
v -0.00214100 0.01517293 -0.24086200
v -0.00215596 0.01518897 -0.24035400
v -0.00215596 0.01518795 -0.24035600
v -0.00215000 0.01523898 -0.24038699
v -0.00211096 0.01533494 -0.24045400
v -0.00211596 0.01552198 -0.23997299
v -0.00208598 0.01562694 -0.24012400
v -0.00200099 0.01547793 -0.24055900
v -0.00200099 0.01571993 -0.24026300
v -0.00199795 0.01534698 -0.24092500
v -0.00199896 0.01605896 -0.24009700
v -0.00207096 0.01602993 -0.23993801
v -0.00209397 0.01599995 -0.23977700
v -0.00211096 0.01558194 -0.23993300
v -0.00215596 0.01518897 -0.24035400
v -0.00211596 0.01552198 -0.23997299
v -0.00211096 0.01558194 -0.23993300
v -0.00173199 0.01168493 -0.23634490
v -0.00209397 0.01599995 -0.23977700
v -0.00209194 0.01614193 -0.23976000
v -0.00182396 0.01334897 -0.23721591
v -0.00168896 0.01216195 -0.23596001
v -0.00206900 0.01630095 -0.23992400
v -0.00208098 0.01625994 -0.23987700
v -0.00209194 0.01614193 -0.23976000
v -0.00182396 0.01334897 -0.23721591
v -0.00209194 0.01614193 -0.23976000
v -0.00208098 0.01625994 -0.23987700
v -0.00316495 0.01734797 -0.24021600
v -0.00300199 0.01463596 -0.23752990
v -0.00149095 0.01074598 -0.23414101
v -0.00168896 0.01216195 -0.23596001
v -0.00285900 0.01236895 -0.23444600
v -0.00149095 0.01074598 -0.23414101
v -0.00114900 0.00930796 -0.23108301
v -0.00122094 0.00892393 -0.23171400
v -0.00283098 0.01139996 -0.23074301
v -0.00107497 0.00915496 -0.23042890
v -0.00114900 0.00930796 -0.23108301
v -0.00107497 0.00915496 -0.23042890
v -0.00040000 0.00794093 -0.22471801
v 0.00027200 0.00626598 -0.21930300
v -0.00002900 0.00594197 -0.22170900
v -0.00131398 0.00866697 -0.23252501
v -0.00022500 0.00581197 -0.22330500
v -0.00034600 0.00575195 -0.22430401
v -0.00002900 0.00594197 -0.22170900
v 0.00027200 0.00626598 -0.21930300
v 0.00043800 0.00567297 -0.21795090
v 0.00090400 0.00176994 -0.21365900
v 0.00079300 0.00342093 -0.21478900
v 0.00069800 0.00424497 -0.21568801
v 0.00058500 0.00497095 -0.21670100
v 0.00043800 0.00567297 -0.21795090
v 0.00027200 0.00626598 -0.21930300
v 0.00019900 0.00646697 -0.19713400
v 0.00016700 0.00655495 -0.18740989
v 0.00089400 0.00246094 -0.18740900
v -0.00053500 0.00828497 -0.19716001
v 0.00019900 0.00646697 -0.19713400
v 0.00027200 0.00626598 -0.21930300
v -0.00040000 0.00794093 -0.22471801
v -0.00424898 0.01300894 -0.19728901
v -0.00107497 0.00915496 -0.23042890
v -0.00283098 0.01139996 -0.23074301
v -0.00381899 0.01231894 -0.23091900
v -0.00467700 0.01370196 -0.16365799
v -0.00069600 0.00869899 -0.16401599
v 0.00085200 0.00251596 -0.16415299
v 0.00089400 0.00246094 -0.18740900
v 0.00016700 0.00655495 -0.18740989
v -0.00960195 0.01574396 -0.19747201
v -0.00999898 0.01614796 -0.18030700
v -0.01039695 0.01655196 -0.16314200
v -0.00560397 0.01358197 -0.23123600
v -0.00880694 0.01493696 -0.23180290
v -0.00940299 0.01554195 -0.20605500
v -0.00560397 0.01358197 -0.23123600
v -0.00381899 0.01231894 -0.23091900
v -0.00561094 0.01448897 -0.23505500
v -0.00876295 0.01577297 -0.23574700
v -0.00880694 0.01493696 -0.23180290
v -0.02783900 0.01793293 -0.20765500
v -0.00940299 0.01554195 -0.20605500
v -0.00880694 0.01493696 -0.23180290
v -0.02752798 0.01746396 -0.23511000
v -0.02744299 0.01823995 -0.24030800
v -0.02754294 0.01746396 -0.23511200
v -0.00876295 0.01577297 -0.23574700
v -0.00876397 0.01587394 -0.23597500
v -0.00878495 0.01773695 -0.23909401
v -0.00876397 0.01587394 -0.23597500
v -0.00570899 0.01659897 -0.23826189
v -0.02734196 0.02026794 -0.24537400
v -0.00878495 0.01773695 -0.23909401
v -0.00879395 0.01836196 -0.23993001
v -0.04615896 0.01590297 -0.24475691
v -0.04625695 0.01498995 -0.23841100
v -0.04591798 0.01838193 -0.25095701
v -0.04604697 0.01704696 -0.24799301
v -0.05153596 0.01422695 -0.24945000
v -0.05178099 0.01192096 -0.23938100
v -0.05176395 0.01193592 -0.23937801
v -0.04625695 0.01498995 -0.23841100
v -0.04615896 0.01590297 -0.24475691
v -0.04604697 0.01704696 -0.24799301
v -0.05209296 0.01244095 -0.20963700
v -0.04628199 0.01559893 -0.20925000
v -0.05176395 0.01193592 -0.23937801
v -0.02754294 0.01746396 -0.23511200
v -0.04628199 0.01559893 -0.20925000
v -0.05242395 0.01294695 -0.17989700
v -0.04630798 0.01620798 -0.18008889
v -0.02814996 0.01841597 -0.18020091
v -0.04630798 0.01620798 -0.18008889
v -0.00999898 0.01614796 -0.18030700
v -0.00960195 0.01574396 -0.19747201
v -0.02846097 0.01889996 -0.15274601
v -0.01059496 0.01675396 -0.15455900
v -0.01039695 0.01655196 -0.16314200
v -0.04633295 0.01681696 -0.15092801
v -0.04633295 0.01681696 -0.15092701
v -0.04635900 0.01742594 -0.12176790
v -0.02877199 0.01939295 -0.12529200
v -0.02823597 0.01938997 -0.12539891
v -0.01119196 0.01735894 -0.12881100
v -0.02823597 0.01938997 -0.12539891
v -0.02877199 0.01939295 -0.12529200
v -0.04635900 0.01742594 -0.12176790
v -0.04643297 0.01805995 -0.09197896
v -0.04643398 0.01806395 -0.09176695
v -0.02683395 0.02004497 -0.09665596
v -0.04643297 0.01805995 -0.09197896
v -0.05300498 0.01403598 -0.12043300
v -0.05333995 0.01458399 -0.09087300
v -0.05275499 0.01345395 -0.15015601
v -0.05308896 0.01396297 -0.12041600
v -0.05300498 0.01403598 -0.12043300
v -0.04635900 0.01742594 -0.12176790
v -0.04633295 0.01681696 -0.15092701
v -0.04633295 0.01681696 -0.15092801
v -0.05630797 0.00720398 -0.17976700
v -0.05683797 0.00745796 -0.14965899
v -0.05736899 0.00771194 -0.11955000
v -0.05502897 0.01189695 -0.12002500
v -0.05487996 0.01208495 -0.12005500
v -0.05484199 0.01213197 -0.12006300
v -0.05484098 0.01213394 -0.12006300
v -0.05484098 0.01213394 -0.12006300
v -0.05484098 0.01213299 -0.12006300
v -0.05484098 0.01213299 -0.12006300
v -0.05484098 0.01213394 -0.12006300
v -0.05483996 0.01213495 -0.12006300
v -0.05483895 0.01213597 -0.12006400
v -0.05483597 0.01213996 -0.12006400
v -0.05482399 0.01215498 -0.12006700
v -0.05477195 0.01221894 -0.12007700
v -0.05464196 0.01237397 -0.12010300
v -0.05427998 0.01278697 -0.12017600
v -0.05308896 0.01396297 -0.12041600
v -0.05427998 0.01278697 -0.12017600
v -0.05464196 0.01237397 -0.12010300
v -0.05477195 0.01221894 -0.12007700
v -0.05482399 0.01215498 -0.12006700
v -0.05483597 0.01213996 -0.12006400
v -0.05483895 0.01213597 -0.12006400
v -0.05483996 0.01213495 -0.12006300
v -0.05484098 0.01213394 -0.12006300
v -0.05484098 0.01213394 -0.12006300
v -0.05484098 0.01213299 -0.12006300
v -0.05484098 0.01213299 -0.12006300
v -0.05484098 0.01213394 -0.12006300
v -0.05484199 0.01213197 -0.12006300
v -0.05487996 0.01208495 -0.12005500
v -0.05502897 0.01189695 -0.12002500
v -0.05736899 0.00771194 -0.11955000
v -0.05784696 0.00808995 -0.09222298
v -0.05787998 0.00811695 -0.09026795
v -0.05784696 0.00808995 -0.09222298
v -0.05866396 -0.00017501 -0.11919400
v -0.05918699 -0.00017601 -0.09194695
v -0.05808395 -0.00017501 -0.14939800
v -0.05683797 0.00745796 -0.14965899
v -0.05634194 -0.00017602 -0.24001200
v -0.05623996 -0.00317200 -0.23999400
v -0.05681997 -0.00317200 -0.20979901
v -0.05740100 -0.00317199 -0.17960390
v -0.05798095 -0.00317199 -0.14940800
v -0.05856198 -0.00317199 -0.11921390
v -0.05750298 -0.00017601 -0.17960300
v -0.05692297 -0.00017602 -0.20980801
v -0.05918794 -0.00017601 -0.09190499
v -0.05918699 -0.00017601 -0.09194695
v -0.05866396 -0.00017501 -0.11919400
v -0.05856198 -0.00317199 -0.11921390
v -0.05909895 -0.00368596 -0.09202200
v -0.05909997 -0.00368900 -0.09192997
v -0.05918794 -0.00017601 -0.09190499
v -0.05976498 -0.00017500 -0.06470495
v -0.05837196 0.00843495 -0.06489795
v -0.05787998 0.00811695 -0.09026795
v -0.05976694 -0.00017500 -0.06461197
v -0.05976498 -0.00017500 -0.06470495
v -0.05966097 -0.00511498 -0.06464898
v -0.05976694 -0.00017500 -0.06461197
v -0.06047397 -0.00017500 -0.03746700
v -0.05908495 0.00874597 -0.03757899
v -0.05846196 0.00848197 -0.06093096
v -0.06047797 -0.00017500 -0.03732198
v -0.06047397 -0.00017500 -0.03746700
v -0.05970698 -0.00526899 -0.06259399
v -0.06033396 -0.00756598 -0.03737699
v -0.06047797 -0.00017500 -0.03732198
v -0.06131595 -0.00017400 -0.01023197
v -0.06006300 0.00905996 -0.01026695
v -0.05927395 0.00881195 -0.03158396
v -0.06043899 -0.00798500 -0.03351598
v -0.06048399 -0.00817800 -0.03187698
v -0.06112694 -0.01095199 -0.01012200
v -0.06131595 -0.00017400 -0.01023197
v -0.06032896 -0.01512396 -0.03239095
v -0.06049299 -0.01311898 -0.03268200
v -0.06043899 -0.00798500 -0.03351598
v -0.06033396 -0.00756598 -0.03737699
v -0.05970698 -0.00526899 -0.06259399
v -0.05908000 -0.01119899 -0.06176197
v -0.06057596 -0.01315599 -0.03106194
v -0.06048399 -0.00817800 -0.03187698
v -0.06043899 -0.00798500 -0.03351598
v -0.06049299 -0.01311898 -0.03268200
v -0.06130599 -0.01577198 -0.00986999
v -0.06112694 -0.01095199 -0.01012200
v -0.06048399 -0.00817800 -0.03187698
v -0.06057596 -0.01315599 -0.03106194
v -0.06057596 -0.01315999 -0.03106099
v -0.06123596 -0.02259194 0.00032300
v -0.06143796 -0.01099199 0.00036100
v -0.06112694 -0.01095199 -0.01012200
v -0.06130599 -0.01577198 -0.00986999
v -0.06104397 -0.02102696 -0.00994795
v -0.06082099 -0.02258795 -0.01008194
v -0.06112694 -0.01095199 -0.01012200
v -0.06143796 -0.01099199 0.00036100
v -0.06162697 -0.00017600 0.00039700
v -0.06131595 -0.00017400 -0.01023197
v -0.05901795 -0.00017600 0.01774698
v -0.05917698 -0.00017600 0.01720994
v -0.06162697 -0.00017600 0.00039700
v -0.06143796 -0.01099199 0.00036100
v -0.06123596 -0.02259194 0.00032300
v -0.06103396 -0.03419196 0.00028400
v -0.06087696 -0.03419196 0.00438094
v -0.05844897 -0.03419196 0.01757597
v -0.06043398 -0.02440500 -0.01033794
v -0.06029397 -0.02537399 -0.01042300
v -0.06015598 -0.03419196 -0.01032096
v -0.06103396 -0.03419196 0.00028400
v -0.05947095 -0.04720300 -0.01356995
v -0.06099796 -0.04720300 -0.00054000
v -0.06084299 -0.04720300 0.00437695
v -0.06087696 -0.03419196 0.00438094
v -0.06103396 -0.03419196 0.00028400
v -0.06015598 -0.03419196 -0.01032096
v -0.05950099 -0.03419196 -0.01359397
v -0.05655199 -0.03419196 -0.02295798
v -0.05950099 -0.03419196 -0.01359397
v -0.06029397 -0.02537399 -0.01042300
v -0.05753695 -0.02814996 -0.02067995
v -0.05664795 -0.02828699 -0.02299696
v -0.05753695 -0.02814996 -0.02067995
v -0.06029397 -0.02537399 -0.01042300
v -0.06043398 -0.02440500 -0.01033794
v -0.05973094 -0.02582800 -0.01421296
v -0.05802994 -0.02646398 -0.02095395
v -0.05766099 -0.02726495 -0.02077698
v -0.05998098 -0.01804697 -0.03038895
v -0.05996596 -0.01811397 -0.03038096
v -0.05822795 -0.02265799 -0.02997797
v -0.05973094 -0.02582800 -0.01421296
v -0.06043398 -0.02440500 -0.01033794
v -0.06082099 -0.02258795 -0.01008194
v -0.06104397 -0.02102696 -0.00994795
v -0.05815297 -0.02278298 -0.02997195
v -0.05465698 -0.02636098 -0.03005498
v -0.05802994 -0.02646398 -0.02095395
v -0.05815297 -0.02278298 -0.02997195
v -0.05822795 -0.02265799 -0.02997797
v -0.05996596 -0.01811397 -0.03038096
v -0.05976998 -0.01821899 -0.03199899
v -0.05845296 -0.02170997 -0.03168696
v -0.05769997 -0.02294999 -0.03162896
v -0.05404394 -0.02627098 -0.03178298
v -0.05385196 -0.02637696 -0.03180199
v -0.05465698 -0.02636098 -0.03005498
v -0.05404394 -0.02627098 -0.03178298
v -0.05769997 -0.02294999 -0.03162896
v -0.05845296 -0.02170997 -0.03168696
v -0.05674898 -0.01718897 -0.06123799
v -0.05214399 -0.02149397 -0.06141299
v -0.04717099 -0.02336997 -0.06204599
v -0.04720497 -0.02398198 -0.05819296
v -0.04730498 -0.02575999 -0.04729998
v -0.04734897 -0.02661800 -0.04206997
v -0.04750800 -0.02661699 -0.04187500
v -0.05379498 -0.02637898 -0.03191995
v -0.05385196 -0.02637696 -0.03180199
v -0.04690599 -0.01950199 -0.09177500
v -0.04704296 -0.02126796 -0.07641899
v -0.05118900 -0.01790798 -0.09122598
v -0.05593997 -0.01379496 -0.09099400
v -0.05844295 -0.00803000 -0.09144896
v -0.05976998 -0.01821899 -0.03199899
v -0.05966097 -0.00511498 -0.06464898
v -0.05909997 -0.00368900 -0.09192997
v -0.05909895 -0.00368596 -0.09202200
v -0.05998098 -0.01804697 -0.03038895
v -0.06057596 -0.01315999 -0.03106099
v -0.06032896 -0.01512396 -0.03239095
v -0.05828595 -0.00562096 -0.11927000
v -0.05689495 -0.00972397 -0.11955200
v -0.05588996 -0.01144797 -0.11975100
v -0.05856198 -0.00317199 -0.11921390
v -0.05689495 -0.00972397 -0.11955200
v -0.05828595 -0.00562096 -0.11927000
v -0.05856198 -0.00317199 -0.11921390
v -0.05798095 -0.00317199 -0.14940800
v -0.05636596 -0.00952501 -0.14959399
v -0.05260396 -0.01498300 -0.12040900
v -0.05588996 -0.01144797 -0.11975100
v -0.05222296 -0.01461900 -0.15007600
v -0.05260396 -0.01498300 -0.12040900
v -0.05139696 -0.01583797 -0.12065100
v -0.04638195 -0.01741696 -0.15073000
v -0.04664099 -0.01783199 -0.12160190
v -0.05139696 -0.01583797 -0.12065100
v -0.04664099 -0.01783199 -0.12160190
v -0.04685395 -0.01898200 -0.09765297
v -0.02896696 -0.01983196 -0.12514099
v -0.03320896 -0.01971800 -0.12429200
v -0.03999096 -0.01905996 -0.12293400
v -0.04664099 -0.01783199 -0.12160190
v -0.04638195 -0.01741696 -0.15073000
v -0.02865499 -0.01940799 -0.15259591
v -0.04685395 -0.01898200 -0.09765297
v -0.03999096 -0.01905996 -0.12293400
v -0.04078894 -0.01992399 -0.10201700
v -0.04704296 -0.02126796 -0.07641899
v -0.04690599 -0.01950199 -0.09177500
v -0.04270595 -0.02169097 -0.08117300
v -0.03320896 -0.01971800 -0.12429200
v -0.03343898 -0.02050001 -0.10629800
v -0.03388398 -0.02212197 -0.08833998
v -0.02611899 -0.01977999 -0.12571201
v -0.02548998 -0.02054000 -0.10942100
v -0.02361994 -0.02214498 -0.09320896
v -0.02885299 -0.02218700 -0.09115695
v -0.03447198 -0.02430100 -0.07051199
v -0.04536896 -0.02405799 -0.06049895
v -0.02679795 -0.02677297 -0.05771696
v -0.03512400 -0.02674096 -0.05299699
v -0.01777595 -0.02678298 -0.06111794
v -0.02546095 -0.02677595 -0.05832397
v -0.02495098 -0.02730298 -0.05715399
v -0.03671395 -0.02727299 -0.05035299
v -0.03744000 -0.02672594 -0.05135595
v -0.03512400 -0.02674096 -0.05299699
v -0.02679795 -0.02677297 -0.05771696
v -0.02546095 -0.02677595 -0.05832397
v -0.01777595 -0.02678298 -0.06111794
v -0.01222997 -0.02677900 -0.06246000
v -0.01209896 -0.02696698 -0.06180095
v -0.01198095 -0.02730494 -0.06120395
v -0.02458995 -0.02834695 -0.05632197
v -0.01188898 -0.02772498 -0.06073999
v -0.01180297 -0.02834999 -0.06031197
v -0.03620594 -0.02830696 -0.04964399
v -0.04608899 -0.02821099 -0.04058796
v -0.04633498 -0.02766895 -0.04081696
v -0.04666495 -0.02720695 -0.04111897
v -0.04687196 -0.02700096 -0.04130595
v -0.04750800 -0.02661699 -0.04187500
v -0.04734897 -0.02661800 -0.04206997
v -0.03744000 -0.02672594 -0.05135595
v -0.04734897 -0.02661800 -0.04206997
v -0.04730498 -0.02575999 -0.04729998
v -0.05331599 -0.02683895 -0.03160095
v -0.05379498 -0.02637898 -0.03191995
v -0.04750800 -0.02661699 -0.04187500
v -0.04687196 -0.02700096 -0.04130595
v -0.05294299 -0.02744495 -0.03133398
v -0.04666495 -0.02720695 -0.04111897
v -0.04633498 -0.02766895 -0.04081696
v -0.05766099 -0.02726495 -0.02077698
v -0.05802994 -0.02646398 -0.02095395
v -0.05465698 -0.02636098 -0.03005498
v -0.05385196 -0.02637696 -0.03180199
v -0.05271697 -0.02814698 -0.03114700
v -0.04608899 -0.02821099 -0.04058796
v -0.04599297 -0.02853697 -0.04049497
v -0.05265295 -0.02887499 -0.03105294
v -0.05664795 -0.02828699 -0.02299696
v -0.05753695 -0.02814996 -0.02067995
v -0.04588198 -0.02945899 -0.04037594
v -0.05039995 -0.02915495 -0.03458100
v -0.05265295 -0.02887499 -0.03105294
v -0.05039995 -0.02915495 -0.03458100
v -0.05032700 -0.03419196 -0.03453099
v -0.05293899 -0.03419196 -0.03037500
v -0.04588198 -0.02945899 -0.04037594
v -0.04182499 -0.02954596 -0.04456299
v -0.04176896 -0.03419196 -0.04450398
v -0.03601896 -0.02962100 -0.04937195
v -0.04182499 -0.02954596 -0.04456299
v -0.04588198 -0.02945899 -0.04037594
v -0.04599297 -0.02853697 -0.04049497
v -0.02743899 -0.03419196 -0.05451899
v -0.02855294 -0.03419196 -0.05394399
v -0.04176896 -0.03419196 -0.04450398
v -0.04182499 -0.02954596 -0.04456299
v -0.03601896 -0.02962100 -0.04937195
v -0.02747398 -0.02967697 -0.05458998
v -0.05293899 -0.03419196 -0.03037500
v -0.05032700 -0.03419196 -0.03453099
v -0.04176896 -0.03419196 -0.04450398
v -0.04174494 -0.04720300 -0.04447799
v -0.05048894 -0.04720300 -0.03423297
v -0.05291700 -0.04720300 -0.03034394
v -0.02853995 -0.04720300 -0.05391198
v -0.03842699 -0.04720300 -0.04737496
v -0.04174494 -0.04720300 -0.04447799
v -0.04176896 -0.03419196 -0.04450398
v -0.02855294 -0.03419196 -0.05394399
v -0.01331800 -0.04720301 -0.05952894
v -0.02307796 -0.04720300 -0.05646598
v -0.02743899 -0.03419196 -0.05451899
v -0.01331198 -0.03419196 -0.05956494
v -0.02445596 -0.02968698 -0.05600696
v -0.01173394 -0.02968996 -0.05997598
v -0.01086997 -0.02968698 -0.06013900
v -0.01085597 -0.03419196 -0.06006097
v -0.01331198 -0.03419196 -0.05956494
v -0.02445596 -0.02968698 -0.05600696
v -0.02747398 -0.02967697 -0.05458998
v -0.01176095 -0.02887499 -0.06010097
v -0.01173394 -0.02968996 -0.05997598
v -0.00325298 -0.02879595 -0.06115096
v -0.00323099 -0.02959197 -0.06102895
v -0.01086997 -0.02968698 -0.06013900
v -0.01173394 -0.02968996 -0.05997598
v -0.01176095 -0.02887499 -0.06010097
v -0.00330800 -0.02766699 -0.06177198
v -0.01180297 -0.02834999 -0.06031197
v -0.01188898 -0.02772498 -0.06073999
v 0.00532699 -0.02858896 -0.06099295
v 0.00532997 -0.02753699 -0.06152099
v 0.00534695 -0.02932494 -0.06088495
v 0.00661600 -0.03419196 -0.06067496
v 0.00285900 -0.03419196 -0.06096798
v -0.00323099 -0.02959197 -0.06102895
v 0.00534695 -0.02932494 -0.06088495
v 0.00662595 -0.02926796 -0.06075996
v 0.01380497 -0.02826297 -0.05962496
v 0.01382297 -0.02887594 -0.05954396
v 0.00662595 -0.02926796 -0.06075996
v 0.02354598 -0.03419196 -0.05630999
v 0.01883596 -0.03419196 -0.05805498
v 0.01382297 -0.02887594 -0.05954396
v 0.02202194 -0.02831995 -0.05703300
v 0.02358698 -0.02819800 -0.05640596
v 0.02200996 -0.02788299 -0.05707895
v 0.02202194 -0.02831995 -0.05703300
v 0.02203696 -0.02724695 -0.05725997
v 0.02972996 -0.02625995 -0.05351597
v 0.02985197 -0.02675896 -0.05338495
v 0.02358698 -0.02819800 -0.05640596
v 0.01383495 -0.02737396 -0.05998796
v 0.02211600 -0.02666395 -0.05756598
v 0.02217996 -0.02638000 -0.05778199
v 0.02324998 -0.02640998 -0.05726295
v 0.02559995 -0.02641600 -0.05603498
v 0.02746397 -0.02625495 -0.05499696
v 0.02966099 -0.02580696 -0.05371099
v 0.01393395 -0.02664298 -0.06060600
v 0.03601598 -0.02201497 -0.04954397
v 0.03106695 -0.02533298 -0.05285197
v 0.03563195 -0.02224898 -0.04983395
v 0.03593897 -0.02190995 -0.04961597
v 0.03610295 -0.02212798 -0.04947298
v 0.03854399 -0.03419196 -0.04732400
v 0.03443795 -0.03419196 -0.05039095
v 0.02985197 -0.02675896 -0.05338495
v 0.03610295 -0.02212798 -0.04947298
v 0.03873395 -0.01700598 -0.04755699
v 0.05037897 -0.03419196 -0.03445500
v 0.04723900 -0.03419196 -0.03864794
v 0.03928196 -0.01457297 -0.04715996
v 0.03928995 -0.01451998 -0.04715496
v 0.03929400 -0.01449400 -0.04715198
v 0.03948396 -0.01217198 -0.04704594
v 0.03969699 -0.00017600 -0.04714000
v 0.04847198 -0.00017600 -0.03805899
v 0.05086898 -0.00017600 -0.03478997
v 0.03266698 -0.01086699 -0.05331897
v 0.03948396 -0.01217198 -0.04704594
v 0.03929400 -0.01449400 -0.04715198
v 0.03928995 -0.01451998 -0.04715496
v 0.03928899 -0.01452296 -0.04715496
v 0.03928297 -0.01456195 -0.04715895
v 0.03915494 -0.01523596 -0.04725098
v 0.03836297 -0.01788598 -0.04783797
v 0.02459198 -0.00017700 -0.06265896
v 0.03969699 -0.00017600 -0.04714000
v 0.03948396 -0.01217198 -0.04704594
v 0.03266698 -0.01086699 -0.05331897
v 0.03064095 -0.01045697 -0.05540597
v 0.02505397 -0.00926698 -0.06179898
v 0.02442097 -0.00912595 -0.06259000
v 0.02469700 0.00337994 -0.06274098
v 0.03981995 0.00359094 -0.04721695
v 0.02459198 -0.00017700 -0.06265896
v 0.02458995 -0.00017700 -0.06266200
v 0.04847198 -0.00017600 -0.03805899
v 0.03969699 -0.00017600 -0.04714000
v 0.03981995 0.00359094 -0.04721695
v 0.03918898 0.00887996 -0.04646295
v 0.04781395 0.00887799 -0.03753995
v 0.03872799 0.01052796 -0.04592698
v 0.03918898 0.00887996 -0.04646295
v 0.02469700 0.00337994 -0.06274098
v 0.02261096 0.00333797 -0.06543999
v 0.02167898 0.01015996 -0.06366896
v 0.01292896 0.00316399 -0.08093500
v 0.02261096 0.00333797 -0.06543999
v 0.01283699 -0.00017701 -0.08085000
v 0.02276498 -0.00875497 -0.06473296
v 0.01619595 -0.00722898 -0.07450199
v 0.01594400 -0.00716800 -0.07492595
v 0.01270794 -0.00637198 -0.08080297
v 0.01283597 -0.00017701 -0.08085095
v 0.01283699 -0.00017701 -0.08085000
v 0.02458995 -0.00017700 -0.06266200
v 0.01283597 -0.00017701 -0.08085095
v 0.00489098 -0.00017701 -0.10099800
v 0.00500995 0.00296896 -0.10096290
v 0.01096796 0.00312799 -0.08494597
v 0.01046496 -0.00580598 -0.08545500
v 0.00622594 -0.00469900 -0.09629899
v 0.00479394 -0.00431598 -0.10096700
v 0.00489098 -0.00017701 -0.10099800
v 0.01046496 -0.00580598 -0.08545500
v 0.01270794 -0.00637198 -0.08080297
v 0.01594400 -0.00716800 -0.07492595
v 0.01412898 -0.01545001 -0.07531100
v 0.00988996 -0.01041800 -0.08570200
v 0.00622594 -0.00469900 -0.09629899
v 0.00614095 -0.00601298 -0.09637498
v 0.00463998 -0.00427396 -0.10151800
v 0.00479394 -0.00431598 -0.10096700
v 0.00489098 -0.00017701 -0.10099800
v 0.00479394 -0.00431598 -0.10096700
v 0.00463998 -0.00427396 -0.10151800
v 0.00314498 -0.00386901 -0.10757200
v 0.00125796 -0.00334896 -0.11922700
v 0.00062800 -0.00317199 -0.13106900
v 0.00079300 0.00259494 -0.13119701
v 0.00361597 0.00290095 -0.10635390
v 0.00500995 0.00296896 -0.10096290
v 0.00314498 -0.00386901 -0.10757200
v 0.00489896 -0.01199097 -0.09665799
v 0.00240099 -0.00917996 -0.10785000
v 0.00125796 -0.00334896 -0.11922700
v 0.00073900 -0.00743497 -0.11944500
v -0.00139898 -0.01228101 -0.11959090
v 0.00017500 -0.01391298 -0.10798200
v 0.00232196 -0.01628095 -0.09673696
v -0.00498497 -0.01575196 -0.11954400
v -0.00356996 -0.01718396 -0.10791100
v -0.00170594 -0.01919199 -0.09662300
v 0.00483197 -0.01911796 -0.08587396
v 0.00036400 -0.02147198 -0.08569198
v 0.00797599 -0.01554698 -0.08588200
v -0.00498599 -0.02271098 -0.08537501
v 0.00742096 -0.02205998 -0.07523095
v -0.00321698 -0.02461600 -0.07460600
v 0.01130998 -0.01943297 -0.07535296
v 0.01490795 -0.02366001 -0.06508696
v 0.01019698 -0.02524698 -0.06483900
v -0.00143296 -0.02654600 -0.06406295
v 0.01873099 -0.02094996 -0.06519895
v 0.01619595 -0.00722898 -0.07450199
v 0.02201497 -0.01428300 -0.06502395
v 0.02072596 -0.01806294 -0.06516599
v 0.02324998 -0.02640998 -0.05726295
v 0.02217996 -0.02638000 -0.05778199
v 0.01401299 -0.02634197 -0.06102597
v 0.01117295 -0.02638798 -0.06184297
v 0.02559995 -0.02641600 -0.05603498
v 0.02669697 -0.02531898 -0.05604696
v 0.02851599 -0.02221000 -0.05598700
v 0.03106695 -0.02533298 -0.05285197
v 0.02966099 -0.02580696 -0.05371099
v 0.02746397 -0.02625495 -0.05499696
v 0.03563195 -0.02224898 -0.04983395
v 0.03012996 -0.01548498 -0.05568397
v 0.02276498 -0.00875497 -0.06473296
v 0.02442097 -0.00912595 -0.06259000
v 0.02505397 -0.00926698 -0.06179898
v 0.03064095 -0.01045697 -0.05540597
v 0.03593897 -0.02190995 -0.04961597
v 0.03836297 -0.01788598 -0.04783797
v 0.03915494 -0.01523596 -0.04725098
v 0.03928297 -0.01456195 -0.04715895
v 0.01401299 -0.02634197 -0.06102597
v 0.00537699 -0.02676796 -0.06241196
v 0.00541699 -0.02651798 -0.06298899
v 0.01117295 -0.02638798 -0.06184297
v 0.00541699 -0.02651798 -0.06298899
v -0.00132495 -0.02666498 -0.06348299
v -0.00337899 -0.02690500 -0.06280797
v -0.00341696 -0.02669997 -0.06345897
v -0.00132495 -0.02666498 -0.06348299
v -0.00341696 -0.02669997 -0.06345897
v -0.01222997 -0.02677900 -0.06246000
v -0.01221698 -0.02665197 -0.06327396
v -0.01206696 -0.02497900 -0.07397598
v -0.01205396 -0.02484000 -0.07485896
v -0.01206696 -0.02497900 -0.07397598
v -0.01221698 -0.02665197 -0.06327396
v -0.01222997 -0.02677900 -0.06246000
v -0.01803499 -0.02198899 -0.09446197
v -0.01209896 -0.02696698 -0.06180095
v -0.01222997 -0.02677900 -0.06246000
v -0.01198095 -0.02730494 -0.06120395
v -0.01205396 -0.02484000 -0.07485896
v -0.01191198 -0.02325196 -0.08489799
v -0.01179498 -0.02193100 -0.09320896
v -0.01191198 -0.02325196 -0.08489799
v -0.01239198 -0.02171797 -0.09480100
v -0.01179498 -0.02193100 -0.09320896
v -0.01177299 -0.02168096 -0.09478396
v -0.01175498 -0.02148301 -0.09602499
v -0.00676298 -0.02080197 -0.09634995
v -0.01177299 -0.02168096 -0.09478396
v -0.01154696 -0.01927096 -0.11074200
v -0.01159298 -0.01972199 -0.10747900
v -0.01175498 -0.02148301 -0.09602499
v -0.01707696 -0.01998097 -0.11084100
v -0.01159298 -0.01972199 -0.10747900
v -0.00840294 -0.01907701 -0.10767300
v -0.00963098 -0.01788199 -0.11933500
v -0.01154696 -0.01927096 -0.11074200
v -0.01142698 -0.01832796 -0.11923000
v -0.01014798 -0.01752097 -0.12891000
v -0.00564897 -0.01522697 -0.12981200
v -0.01129299 -0.01783199 -0.12868100
v -0.01873195 -0.01916600 -0.12719101
v -0.01129299 -0.01783199 -0.12868100
v -0.01142698 -0.01832796 -0.11923000
v -0.01092797 -0.01741696 -0.15446199
v -0.01129299 -0.01783199 -0.12868100
v -0.01873195 -0.01916600 -0.12719101
v -0.02611899 -0.01977999 -0.12571201
v -0.01056295 -0.01700199 -0.18024400
v -0.01080596 -0.01727897 -0.16305600
v -0.02834296 -0.01899398 -0.18005200
v -0.04612296 -0.01700199 -0.17985900
v -0.00532997 -0.01498300 -0.12987600
v -0.00564897 -0.01522697 -0.12981200
v -0.01014798 -0.01752097 -0.12891000
v -0.01092797 -0.01741696 -0.15446199
v -0.01080596 -0.01727897 -0.16305600
v -0.00500697 -0.01449699 -0.16353001
v -0.00888699 -0.01631797 -0.19736400
v -0.00890499 -0.01643599 -0.18741301
v -0.00478095 -0.01414896 -0.18740500
v -0.01056295 -0.01700199 -0.18024400
v -0.01031994 -0.01672501 -0.19743100
v -0.01019895 -0.01658697 -0.20602500
v -0.01031994 -0.01672501 -0.19743100
v -0.02803099 -0.01857902 -0.20750700
v -0.01019895 -0.01658697 -0.20602500
v -0.00983399 -0.01617201 -0.23180599
v -0.00882697 -0.01590301 -0.23162900
v -0.00886500 -0.01617201 -0.20949800
v -0.02771896 -0.01816399 -0.23496200
v -0.00983399 -0.01617201 -0.23180599
v -0.04586398 -0.01658697 -0.20898799
v -0.04560500 -0.01617201 -0.23811790
v -0.02772295 -0.01816399 -0.23496289
v -0.05107998 -0.01352800 -0.23908400
v -0.05082696 -0.01372601 -0.23903900
v -0.04560500 -0.01617201 -0.23811790
v -0.04586398 -0.01658697 -0.20898799
v -0.05146098 -0.01389100 -0.20941400
v -0.04612296 -0.01700199 -0.17985900
v -0.05184197 -0.01425499 -0.17974500
v -0.05583798 -0.00932599 -0.17964201
v -0.05530995 -0.00912596 -0.20968901
v -0.05478197 -0.00892700 -0.23973700
v -0.05450397 -0.00945600 -0.23968799
v -0.05740100 -0.00317199 -0.17960390
v -0.05681997 -0.00317200 -0.20979901
v -0.05623996 -0.00317200 -0.23999400
v -0.05428397 -0.01183398 -0.25002900
v -0.05450397 -0.00945600 -0.23968799
v -0.05478197 -0.00892700 -0.23973700
v -0.05623996 -0.00317200 -0.23999400
v -0.05595594 -0.00566401 -0.25018999
v -0.05594599 -0.00580301 -0.25049499
v -0.05595594 -0.00566401 -0.25018999
v -0.05623996 -0.00317200 -0.23999400
v -0.05634194 -0.00017602 -0.24001200
v -0.05614995 -0.00017602 -0.25000900
v -0.05614995 -0.00017602 -0.25003400
v -0.05577796 0.00694995 -0.20987600
v -0.05524796 0.00669597 -0.23998401
v -0.05614995 -0.00017602 -0.25000900
v -0.05634194 -0.00017602 -0.24001200
v -0.05524796 0.00669597 -0.23998401
v -0.05515199 0.00709693 -0.24380000
v -0.05551296 0.00722394 -0.24998701
v -0.05630797 0.00720398 -0.17976700
v -0.05577796 0.00694995 -0.20987600
v -0.05178099 0.01192096 -0.23938100
v -0.05524796 0.00669597 -0.23998401
v -0.05595499 -0.00017602 -0.26013300
v -0.05595695 -0.00017602 -0.26005501
v -0.05614995 -0.00017602 -0.25003400
v -0.05586999 0.00739394 -0.26005501
v -0.05557495 -0.01114698 -0.26003998
v -0.05594599 -0.00580301 -0.25049499
v -0.05595695 -0.00017602 -0.26005501
v -0.05519998 -0.01655497 -0.26972499
v -0.05557096 -0.01120897 -0.26014200
v -0.05595499 -0.00017602 -0.26013300
v -0.05557495 -0.01114698 -0.26003998
v -0.05062997 -0.01594301 -0.24902300
v -0.05082696 -0.01372601 -0.23903900
v -0.05107998 -0.01352800 -0.23908400
v -0.04549598 -0.01817401 -0.24769600
v -0.04553794 -0.01707996 -0.24448600
v -0.04560500 -0.01617201 -0.23811790
v -0.04535800 -0.02245499 -0.25658399
v -0.04545199 -0.01948102 -0.25071701
v -0.04525500 -0.02538498 -0.26235398
v -0.04545199 -0.01948102 -0.25071701
v -0.04535800 -0.02245499 -0.25658399
v -0.04525500 -0.02538498 -0.26235398
v -0.02729594 -0.02595897 -0.25474101
v -0.02753996 -0.02102597 -0.24520799
v -0.04519695 -0.02671899 -0.26541701
v -0.00902295 -0.02780397 -0.25101301
v -0.00924200 -0.02587302 -0.24776099
v -0.00928295 -0.02539499 -0.24710890
v -0.00941396 -0.02354701 -0.24479900
v -0.00955099 -0.02115901 -0.24196599
v -0.00963497 -0.01950099 -0.23987999
v -0.00966495 -0.01888098 -0.23902400
v -0.00975394 -0.01709600 -0.23594899
v -0.02763199 -0.01897098 -0.24015590
v -0.04553794 -0.01707996 -0.24448600
v -0.04549598 -0.01817401 -0.24769600
v -0.00966495 -0.01888098 -0.23902400
v -0.00963497 -0.01950099 -0.23987999
v -0.00955099 -0.02115901 -0.24196599
v -0.00639695 -0.02022399 -0.24097000
v -0.00638598 -0.01778598 -0.23816199
v -0.00975996 -0.01698799 -0.23569800
v -0.00975394 -0.01709600 -0.23594899
v -0.00636995 -0.01575597 -0.23496900
v -0.00975996 -0.01698799 -0.23569800
v -0.02772295 -0.01816399 -0.23496289
v -0.00638896 -0.01487000 -0.23119800
v -0.00882697 -0.01590301 -0.23162900
v -0.00348198 -0.01579197 -0.23740500
v -0.00391996 -0.01314999 -0.23076300
v -0.00886500 -0.01617201 -0.20949800
v -0.00882697 -0.01590301 -0.23162900
v -0.00638896 -0.01487000 -0.23119800
v -0.00478095 -0.01414896 -0.18740500
v -0.00890499 -0.01643599 -0.18741301
v -0.00888699 -0.01631797 -0.19736400
v -0.00240797 -0.01469000 -0.23712900
v -0.00201797 -0.01242001 -0.23465200
v -0.00358498 -0.01842298 -0.24009700
v -0.00220597 -0.01703699 -0.23967899
v -0.00229698 -0.01694001 -0.23951700
v -0.00254798 -0.01645596 -0.23885400
v -0.00257999 -0.01586498 -0.23823300
v -0.00257999 -0.01586498 -0.23823300
v -0.00254798 -0.01645596 -0.23885400
v -0.00229698 -0.01694001 -0.23951700
v -0.00214797 -0.01679100 -0.23953800
v -0.00220597 -0.01703699 -0.23967899
v -0.00182599 -0.01728298 -0.24021301
v -0.00170100 -0.01708300 -0.24019500
v -0.00161898 -0.01683499 -0.24022789
v -0.00110698 -0.01714797 -0.24083699
v -0.00109297 -0.01699199 -0.24082300
v -0.00109899 -0.01685400 -0.24082900
v -0.00140095 -0.01738502 -0.24068200
v -0.00117499 -0.01738699 -0.24090400
v -0.00109297 -0.01699199 -0.24082300
v -0.00110698 -0.01714797 -0.24083699
v -0.00117499 -0.01738699 -0.24090400
v -0.00054900 -0.01733597 -0.24158600
v 0.00005500 -0.01725300 -0.24249700
v 0.00020700 -0.01721998 -0.24280999
v -0.00116599 -0.01658000 -0.24089500
v -0.00109899 -0.01685400 -0.24082900
v 0.00049500 -0.01712598 -0.24366701
v 0.00070600 -0.01701100 -0.24514499
v 0.00049500 -0.01712598 -0.24366701
v 0.00020700 -0.01721998 -0.24280999
v 0.00005500 -0.01725300 -0.24249700
v 0.00005900 -0.01877297 -0.24386790
v -0.00054900 -0.01733597 -0.24158600
v -0.00143999 -0.01881899 -0.24189800
v -0.00146699 -0.02161898 -0.24448199
v -0.00117499 -0.01738699 -0.24090400
v -0.00140095 -0.01738502 -0.24068200
v -0.00182599 -0.01728298 -0.24021301
v -0.00365996 -0.02116700 -0.24267199
v -0.00366700 -0.02381797 -0.24536399
v -0.00638199 -0.02277596 -0.24366800
v -0.00631696 -0.02525701 -0.24649000
v -0.00941396 -0.02354701 -0.24479900
v -0.00928295 -0.02539499 -0.24710890
v -0.00924200 -0.02587302 -0.24776099
v -0.00902295 -0.02780397 -0.25101301
v -0.00901395 -0.02786197 -0.25114301
v -0.00615698 -0.02736898 -0.24972589
v -0.00353897 -0.02603699 -0.24845300
v -0.00582999 -0.02831401 -0.25356999
v -0.00399196 -0.02748998 -0.25258401
v -0.00314999 -0.02693899 -0.25213501
v -0.00870800 -0.02877201 -0.25512799
v -0.00399196 -0.02748998 -0.25258401
v -0.00582999 -0.02831401 -0.25356999
v -0.00870800 -0.02877201 -0.25512799
v -0.00560600 -0.02877201 -0.28056100
v -0.00077100 -0.02748998 -0.27977299
v -0.00870800 -0.02877201 -0.25512799
v -0.00901395 -0.02786197 -0.25114301
v 0.00062400 -0.02877201 -0.30995300
v 0.00536299 -0.02748998 -0.30871200
v 0.00959998 -0.02877202 -0.33862600
v 0.01420098 -0.02748999 -0.33694300
v 0.01420098 -0.02748999 -0.33694300
v 0.00959998 -0.02877202 -0.33862600
v 0.01017600 -0.02877202 -0.34020299
v 0.01220899 -0.02877202 -0.34575999
v 0.01680898 -0.02748999 -0.34407699
v 0.01680898 -0.02748999 -0.34407699
v 0.01220899 -0.02877202 -0.34575999
v 0.02022999 -0.02397301 -0.34282601
v 0.02140694 -0.02397301 -0.34802201
v 0.02285295 -0.01912102 -0.34788501
v 0.02245599 -0.01912102 -0.35468599
v 0.02279895 -0.01912102 -0.35262200
v 0.02245599 -0.01912102 -0.35468599
v 0.02042096 -0.01912102 -0.36032998
v 0.02166396 -0.01699301 -0.34230101
v 0.02287197 -0.01699998 -0.35263100
v 0.01928895 -0.01699998 -0.36239400
v 0.01168400 -0.01699998 -0.36948800
v -0.00098900 -0.02476098 -0.25099599
v -0.00314999 -0.02693899 -0.25213501
v -0.00098900 -0.02476098 -0.25099599
v -0.00121194 -0.02462401 -0.24918690
v -0.00135898 -0.02392401 -0.24744990
v -0.00047300 -0.02397199 -0.25072801
v 0.00040600 -0.02204700 -0.25028199
v 0.00025000 -0.02189298 -0.24848400
v 0.00014400 -0.02116199 -0.24676999
v 0.00082500 -0.01881899 -0.24819299
v 0.00078700 -0.01851197 -0.24741889
v 0.00074700 -0.01798101 -0.24645300
v 0.00093600 -0.01912101 -0.25004199
v 0.00078700 -0.01851197 -0.24741889
v 0.00082500 -0.01881899 -0.24819299
v 0.00093600 -0.01912101 -0.25004199
v 0.00085100 -0.01699997 -0.24746500
v 0.00070600 -0.01701100 -0.24514499
v 0.00074700 -0.01798101 -0.24645300
v 0.00070600 -0.01701100 -0.24514499
v -0.00116599 -0.01658000 -0.24089500
v -0.00129896 -0.01635702 -0.24102600
v -0.00129896 -0.01635702 -0.24102600
v -0.00137997 -0.01627798 -0.24110500
v -0.05576097 -0.00017602 -0.27026200
v -0.05576395 -0.00017602 -0.27007100
v -0.05575597 0.00743393 -0.27018601
v -0.05538594 0.00725696 -0.28015199
v -0.05552595 0.00446294 -0.28012499
v -0.05557298 -0.00017602 -0.28009799
v -0.05474799 0.01416198 -0.26012999
v -0.05470800 0.01490698 -0.26144001
v -0.05525797 0.01519695 -0.27017599
v -0.05489200 0.01506398 -0.28022400
v -0.05528098 0.00910995 -0.28016999
v -0.05257195 0.00907693 -0.30391100
v -0.05272996 0.00468693 -0.30393902
v -0.05276197 0.00442497 -0.30386701
v -0.05552595 0.00446294 -0.28012499
v -0.05538594 0.00725696 -0.28015199
v -0.05528098 0.00910995 -0.28016999
v -0.05489200 0.01506398 -0.28022400
v -0.05471700 0.01840094 -0.28023499
v -0.05464696 0.01839492 -0.28394202
v -0.05223900 0.01836595 -0.30385101
v -0.04768598 0.01605294 -0.31883299
v -0.04940098 0.01495395 -0.31432301
v -0.05148297 0.01108197 -0.30800599
v -0.05272996 0.00468693 -0.30393902
v -0.05257195 0.00907693 -0.30391100
v -0.05223900 0.01836595 -0.30385101
v -0.05180996 0.01836297 -0.30567801
v -0.04760795 0.01833895 -0.31880599
v -0.05032896 0.02316997 -0.30531702
v -0.05180996 0.01836297 -0.30567801
v -0.05223900 0.01836595 -0.30385101
v -0.05464696 0.01839492 -0.28394202
v -0.05422496 0.02092395 -0.28393701
v -0.05321097 0.02320293 -0.28392101
v -0.05422496 0.02092395 -0.28393701
v -0.05464696 0.01839492 -0.28394202
v -0.05471700 0.01840094 -0.28023499
v -0.05429995 0.02093497 -0.28005800
v -0.05435496 0.01952598 -0.27022800
v -0.05375200 0.02235392 -0.27979100
v -0.05429995 0.02093497 -0.28005800
v -0.05471700 0.01840094 -0.28023499
v -0.05317097 0.02326796 -0.28391999
v -0.05321097 0.02320293 -0.28392101
v -0.05375200 0.02235392 -0.27979100
v -0.05324995 0.02327195 -0.27953899
v -0.05293995 0.02180192 -0.26875100
v -0.05209296 0.02481995 -0.27893999
v -0.05324995 0.02327195 -0.27953899
v -0.05375200 0.02235392 -0.27979100
v -0.05435496 0.01952598 -0.27022800
v -0.05439394 0.01915893 -0.26942700
v -0.05439394 0.01915893 -0.26942700
v -0.05336195 0.01676897 -0.25942001
v -0.05470800 0.01490698 -0.26144001
v -0.05474799 0.01416198 -0.26012999
v -0.05475300 0.01406494 -0.25996000
v -0.05500596 0.00898693 -0.25001600
v -0.05499595 0.00916694 -0.25044799
v -0.05475300 0.01406494 -0.25996000
v -0.05116695 0.01908097 -0.25864601
v -0.05499595 0.00916694 -0.25044799
v -0.05063897 0.02400592 -0.26779700
v -0.04561400 0.02146695 -0.25679201
v -0.04529798 0.02451697 -0.26254001
v -0.04514396 0.02588895 -0.26554799
v -0.04591798 0.01838193 -0.25095701
v -0.05500596 0.00898693 -0.25001600
v -0.05515199 0.00709693 -0.24380000
v -0.05524796 0.00669597 -0.23998401
v -0.02708899 0.02518496 -0.25491601
v -0.04529798 0.02451697 -0.26254001
v -0.04561400 0.02146695 -0.25679201
v -0.02689898 0.02719793 -0.25999502
v -0.04500097 0.02703396 -0.26871401
v -0.04514396 0.02588895 -0.26554799
v -0.00884199 0.02449093 -0.24720200
v -0.00883496 0.02497992 -0.24784601
v -0.00874895 0.02700094 -0.25113699
v -0.00882095 0.02009598 -0.24204300
v -0.00884598 0.02256695 -0.24487791
v -0.00883496 0.02497992 -0.24784601
v -0.00884199 0.02449093 -0.24720200
v -0.00884598 0.02256695 -0.24487791
v -0.00591999 0.02177194 -0.24376200
v -0.00596595 0.02434692 -0.24658300
v -0.00874400 0.02705297 -0.25124899
v -0.00874895 0.02700094 -0.25113699
v -0.00590098 0.02655092 -0.24983300
v -0.00874400 0.02705297 -0.25124899
v -0.00849795 0.02800593 -0.25528899
v -0.02666598 0.02802393 -0.26517299
v -0.00561398 0.02754292 -0.25372699
v -0.00849795 0.02800593 -0.25528899
v -0.00292796 0.02615592 -0.25228501
v -0.00378495 0.02671996 -0.25274399
v -0.00329697 0.02521196 -0.24856301
v -0.00315595 0.02595196 -0.25038600
v -0.00337195 0.02290997 -0.24546701
v -0.00122094 0.02073393 -0.24459700
v -0.00113499 0.02310095 -0.24756600
v -0.00099400 0.02382496 -0.24931801
v -0.00077300 0.02396796 -0.25114501
v 0.00060900 0.02125595 -0.25043202
v -0.00027200 0.02319894 -0.25088301
v 0.00045300 0.02109895 -0.24862001
v 0.00034800 0.02035198 -0.24689400
v 0.00093800 0.01719895 -0.24658300
v 0.00098000 0.01773993 -0.24756690
v 0.00101799 0.01804296 -0.24833200
v 0.00112897 0.01834593 -0.25019100
v -0.00027200 0.02319894 -0.25088301
v 0.00060900 0.02125595 -0.25043202
v 0.00112897 0.01834593 -0.25019100
v 0.00445098 0.01830397 -0.27910200
v 0.00302500 0.02315698 -0.27934200
v 0.00445098 0.01830397 -0.27910200
v 0.00119996 0.01621792 -0.25018299
v 0.00452095 0.01617995 -0.27908701
v 0.00103998 0.01622895 -0.24761100
v 0.00119996 0.01621792 -0.25018299
v 0.00112897 0.01834593 -0.25019100
v 0.00101799 0.01804296 -0.24833200
v 0.00098000 0.01773993 -0.24756690
v 0.01048499 0.01825795 -0.30757001
v 0.01055395 0.01613597 -0.30754900
v 0.01048499 0.01825795 -0.30757001
v 0.00908798 0.02311096 -0.30794400
v 0.01055395 0.01613597 -0.30754900
v 0.00452095 0.01617995 -0.27908701
v 0.00442398 0.01577095 -0.27910301
v 0.01045799 0.01572493 -0.30757299
v 0.00119996 0.01621792 -0.25018299
v 0.00110197 0.01581297 -0.25018999
v 0.01017397 0.01542095 -0.30764699
v 0.00413299 0.01546696 -0.27914900
v 0.00080800 0.01550892 -0.25020900
v 0.00080800 0.01550892 -0.25020900
v 0.00110197 0.01581297 -0.25018999
v 0.00080200 0.01582698 -0.24529800
v 0.00067600 0.01565293 -0.24530600
v 0.00050800 0.01551793 -0.24531700
v 0.00119996 0.01621792 -0.25018299
v 0.00103998 0.01622895 -0.24761100
v 0.00089600 0.01624296 -0.24529199
v 0.00084400 0.01591895 -0.24529500
v 0.00067600 0.01565293 -0.24530600
v 0.00080200 0.01582698 -0.24529800
v 0.00084400 0.01591895 -0.24529500
v 0.00014900 0.01613293 -0.24238600
v 0.00003600 0.01576594 -0.24244900
v 0.00041800 0.01547197 -0.24532300
v 0.00050800 0.01551793 -0.24531700
v -0.00021500 0.01550398 -0.24259201
v 0.00041800 0.01547197 -0.24532300
v 0.00009700 0.01540497 -0.24534491
v 0.00040100 0.01539794 -0.25023601
v -0.00054400 0.01540897 -0.24277800
v 0.00009700 0.01540497 -0.24534491
v 0.01656496 0.01522591 -0.36493302
v 0.01881098 0.01522591 -0.36209700
v 0.02226698 0.01523193 -0.35268301
v 0.02110099 0.01524695 -0.34272099
v 0.01849198 0.01525995 -0.33558801
v 0.00977898 0.01530996 -0.30774999
v 0.00373000 0.01535598 -0.27921501
v 0.00040100 0.01539794 -0.25023601
v 0.00009700 0.01540497 -0.24534491
v -0.00054400 0.01540897 -0.24277800
v -0.00175697 0.01541296 -0.24134000
v -0.00311297 0.01539794 -0.25510600
v -0.00452900 0.01539496 -0.25890800
v -0.01478695 0.01539293 -0.27432799
v -0.02515298 0.01538995 -0.28990999
v -0.03551900 0.01538697 -0.30549201
v -0.03984296 0.01538596 -0.31199101
v -0.00280297 0.01528093 -0.34675601
v -0.00186396 0.01527991 -0.34597501
v 0.00082700 0.01527693 -0.34518501
v 0.00351900 0.01527193 -0.34597501
v 0.00535697 0.01526597 -0.34809500
v 0.00575596 0.01526191 -0.35087201
v 0.00458997 0.01525995 -0.35342401
v 0.00445700 0.01525995 -0.35357002
v -0.00183099 0.01552597 -0.24074800
v -0.00180399 0.01545296 -0.24097501
v -0.00175697 0.01541296 -0.24134000
v -0.00329000 0.01533893 -0.25510201
v -0.00322497 0.01537094 -0.25510299
v -0.00316298 0.01539097 -0.25510499
v -0.00311297 0.01539794 -0.25510600
v -0.00175697 0.01541296 -0.24134000
v -0.00185698 0.01539293 -0.24132900
v -0.00193399 0.01535598 -0.24132100
v -0.00185698 0.01539293 -0.24132900
v -0.00175697 0.01541296 -0.24134000
v -0.00180399 0.01545296 -0.24097501
v -0.00188994 0.01542196 -0.24095701
v -0.00183099 0.01552597 -0.24074800
v -0.00184298 0.01557795 -0.24064200
v -0.00187695 0.01584992 -0.24033201
v -0.00187194 0.01579193 -0.24037700
v -0.00184298 0.01557795 -0.24064200
v -0.00187194 0.01579193 -0.24037700
v -0.00187695 0.01584992 -0.24033201
v -0.00188696 0.01608196 -0.24023000
v -0.00188696 0.01628498 -0.24021889
v -0.00188798 0.01626197 -0.24021700
v -0.00188798 0.01625696 -0.24021600
v -0.00188798 0.01625494 -0.24021600
v -0.00188798 0.01624898 -0.24021600
v -0.00188798 0.01622597 -0.24021500
v -0.00188798 0.01617197 -0.24021600
v -0.00188696 0.01608196 -0.24023000
v -0.00188798 0.01617197 -0.24021600
v -0.00188798 0.01622597 -0.24021500
v -0.00188798 0.01624898 -0.24021600
v -0.00188798 0.01625494 -0.24021600
v -0.00188798 0.01625696 -0.24021600
v -0.00188798 0.01626197 -0.24021700
v -0.00188696 0.01628498 -0.24021889
v -0.00188500 0.01640097 -0.24024400
v -0.00199896 0.01643298 -0.24011400
v -0.00201195 0.01643894 -0.24009200
v -0.00199896 0.01646397 -0.24012400
v -0.00187194 0.01661495 -0.24036001
v -0.00186598 0.01667998 -0.24041601
v 0.00009900 0.01651797 -0.24241500
v -0.00038900 0.01657996 -0.24174300
v -0.00112599 0.01663897 -0.24099600
v -0.00186598 0.01667998 -0.24041601
v -0.00187194 0.01661495 -0.24036001
v -0.00188500 0.01640097 -0.24024400
v -0.00206900 0.01630095 -0.23992400
v -0.00201195 0.01643894 -0.24009200
v -0.00199896 0.01646397 -0.24012400
v -0.00186598 0.01667998 -0.24041601
v -0.00112599 0.01663897 -0.24099600
v -0.00116998 0.01787594 -0.24202199
v -0.00330198 0.02017496 -0.24278191
v -0.00038900 0.01657996 -0.24174300
v 0.00009900 0.01651797 -0.24241500
v 0.00026300 0.01648793 -0.24270201
v 0.00026600 0.01793096 -0.24399300
v 0.00068000 0.01636294 -0.24380000
v 0.00089600 0.01624296 -0.24529199
v 0.00089600 0.01624296 -0.24529199
v 0.00068000 0.01636294 -0.24380000
v 0.00026300 0.01648793 -0.24270201
v 0.00093800 0.01719895 -0.24658300
v 0.00089600 0.01624296 -0.24529199
v -0.00582397 0.01912693 -0.24106901
v -0.00882095 0.02009598 -0.24204300
v -0.00879395 0.01836196 -0.23993001
v -0.00198799 0.01531998 -0.24131601
v -0.00193399 0.01535598 -0.24132100
v -0.00208199 0.01523993 -0.24130601
v -0.00198799 0.01531998 -0.24131601
v -0.00208199 0.01523993 -0.24130601
v -0.00344098 0.01522497 -0.25510001
v -0.00334400 0.01530496 -0.25510100
v -0.00478297 0.01523296 -0.25880700
v -0.00476497 0.01525495 -0.25881299
v -0.00467700 0.01533798 -0.25884700
v -0.00322497 0.01537094 -0.25510299
v -0.00329000 0.01533893 -0.25510201
v -0.00334400 0.01530496 -0.25510100
v -0.00485200 0.01512596 -0.25878000
v -0.00344098 0.01522497 -0.25510001
v -0.00346595 0.01519892 -0.25510001
v -0.00217098 0.01513294 -0.24129591
v -0.00346595 0.01519892 -0.25510001
v -0.00489396 0.01502392 -0.25876400
v -0.00355595 0.01507494 -0.25510001
v -0.00356895 0.01505092 -0.25510100
v -0.00407594 0.01488993 -0.25699699
v -0.00492299 0.01489595 -0.25875399
v -0.00491297 0.01495496 -0.25875801
v -0.00476497 0.01525495 -0.25881299
v -0.00478297 0.01523296 -0.25880700
v -0.00485200 0.01512596 -0.25878000
v -0.00489396 0.01502392 -0.25876400
v -0.00491297 0.01495496 -0.25875801
v -0.01527094 0.01505498 -0.27406299
v -0.01508098 0.01528594 -0.27420899
v -0.00492299 0.01489595 -0.25875399
v -0.00494599 0.01426295 -0.25873301
v -0.01540297 0.01451394 -0.27376402
v -0.00498897 0.01286695 -0.25867000
v -0.01563894 0.01337496 -0.27315500
v -0.00506496 0.01021597 -0.25855202
v -0.01603597 0.01103095 -0.27204299
v -0.00512397 0.00770698 -0.25843799
v -0.01634198 0.00859795 -0.27109599
v -0.02631598 0.01388297 -0.28767699
v -0.02707195 0.01184896 -0.28561300
v -0.02765399 0.00949297 -0.28385902
v -0.03810799 0.01266698 -0.29918301
v -0.03896600 0.01038895 -0.29662201
v -0.03699296 0.01439193 -0.30219799
v -0.02807098 0.00687394 -0.28246900
v -0.03957998 0.00766198 -0.29459700
v -0.05027794 0.01128492 -0.30938399
v -0.04914295 0.01348493 -0.31275201
v -0.05109000 0.00845198 -0.30672500
v -0.05057096 0.01044295 -0.30845600
v -0.03996700 0.00460295 -0.29317200
v -0.05159795 0.00515095 -0.30485001
v -0.05057096 0.01044295 -0.30845600
v -0.05109000 0.00845198 -0.30672500
v -0.05159795 0.00515095 -0.30485001
v -0.05167198 0.00437394 -0.30454400
v -0.05186295 0.00438396 -0.30457199
v -0.05205696 0.00440697 -0.30455899
v -0.05213195 0.00441996 -0.30454299
v -0.05099999 0.01054398 -0.30845401
v -0.04855597 0.01419393 -0.31438100
v -0.04914295 0.01348493 -0.31275201
v -0.05027794 0.01128492 -0.30938399
v -0.04895299 0.01429895 -0.31446099
v -0.05133497 0.01077793 -0.30828899
v -0.04926300 0.01457796 -0.31443900
v -0.05224800 0.00444493 -0.30450401
v -0.05242896 0.00449894 -0.30440000
v -0.05251997 0.00453494 -0.30432099
v -0.05224800 0.00444493 -0.30450401
v -0.05213195 0.00441996 -0.30454299
v -0.05205696 0.00440697 -0.30455899
v -0.05242896 0.00449894 -0.30440000
v -0.05259096 0.00456992 -0.30423901
v -0.05251997 0.00453494 -0.30432099
v -0.05259096 0.00456992 -0.30423901
v -0.05271297 0.00466297 -0.30400199
v -0.05272996 0.00468693 -0.30393902
v -0.05148297 0.01108197 -0.30800599
v -0.05271297 0.00466297 -0.30400199
v -0.05302196 0.00126497 -0.30355099
v -0.05298596 -0.00220700 -0.30345699
v -0.05304199 -0.00220998 -0.30338800
v -0.05308896 -0.00047102 -0.30339801
v -0.05317497 -0.00046402 -0.30328801
v -0.05310398 0.00127397 -0.30345199
v -0.05289000 0.00341294 -0.30363300
v -0.05276197 0.00442497 -0.30386701
v -0.05272996 0.00468693 -0.30393902
v -0.05312699 -0.00221296 -0.30323601
v -0.05321598 -0.00045802 -0.30318400
v -0.05321794 -0.00017602 -0.30321401
v -0.05314397 0.00128094 -0.30335000
v -0.05316895 -0.00221499 -0.30310300
v -0.05289000 0.00341294 -0.30363300
v -0.05314397 0.00128094 -0.30335000
v -0.05321794 -0.00017602 -0.30321401
v -0.05550098 -0.00017602 -0.28380600
v -0.05557298 -0.00017602 -0.28009799
v -0.05316895 -0.00221499 -0.30310300
v -0.05312699 -0.00221296 -0.30323601
v -0.05304199 -0.00220998 -0.30338800
v -0.05179595 0.00251798 -0.30398399
v -0.05183297 0.00156394 -0.30378199
v -0.05186295 0.00438396 -0.30457199
v -0.05167198 0.00437394 -0.30454400
v -0.05179595 0.00251798 -0.30398399
v -0.05167198 0.00437394 -0.30454400
v -0.04940098 0.01495395 -0.31432301
v -0.04652696 0.01579598 -0.32135099
v -0.04625797 0.01549498 -0.32123500
v -0.04768598 0.01605294 -0.31883299
v -0.04661899 0.01620397 -0.32139200
v -0.04652899 0.01580092 -0.32135201
v -0.04427999 0.01832393 -0.32625300
v -0.04071295 0.01830993 -0.33280000
v -0.04075199 0.01617495 -0.33288300
v -0.04661899 0.01620397 -0.32139200
v -0.04652899 0.01580092 -0.32135201
v -0.04661899 0.01620397 -0.32139200
v -0.04075199 0.01617495 -0.33288300
v -0.03317397 0.01615497 -0.34386400
v -0.03307700 0.01574596 -0.34382701
v -0.04625296 0.01549194 -0.32123199
v -0.04625797 0.01549498 -0.32123500
v -0.04652696 0.01579598 -0.32135099
v -0.03296595 0.01557496 -0.34376299
v -0.03282397 0.01544395 -0.34367299
v -0.01651096 0.01569291 -0.36421701
v -0.01641499 0.01552596 -0.36413899
v -0.03247797 0.01615992 -0.34472901
v -0.01658797 0.01610895 -0.36428100
v -0.01651298 0.01569697 -0.36421901
v -0.01628500 0.01539292 -0.36403301
v -0.01628994 0.01539596 -0.36403701
v -0.01641499 0.01552596 -0.36413899
v -0.01651096 0.01569291 -0.36421701
v -0.01651298 0.01569697 -0.36421901
v -0.00829595 0.01567593 -0.37052000
v -0.00817698 0.01537194 -0.37025100
v -0.01628994 0.01539596 -0.36403701
v -0.01628500 0.01539292 -0.36403301
v -0.01596897 0.01528093 -0.36377600
v -0.03248494 0.01533392 -0.34344500
v -0.04588598 0.01538393 -0.32107401
v -0.04625296 0.01549194 -0.32123199
v -0.04588598 0.01538393 -0.32107401
v -0.04767096 0.01489994 -0.31672001
v -0.04588598 0.01538393 -0.32107401
v -0.03248494 0.01533392 -0.34344500
v -0.01596897 0.01528093 -0.36377600
v -0.00801098 0.01525995 -0.36987901
v 0.00184494 0.01524195 -0.37173301
v 0.01147699 0.01522895 -0.36893800
v 0.00222999 0.01526191 -0.35494101
v -0.00057600 0.01526692 -0.35494101
v -0.00293499 0.01527294 -0.35342401
v -0.00410098 0.01527795 -0.35087201
v -0.00370198 0.01528093 -0.34809500
v -0.04767096 0.01489994 -0.31672001
v -0.03984296 0.01538596 -0.31199101
v -0.03551900 0.01538697 -0.30549201
v -0.03577297 0.01534698 -0.30508900
v -0.03598999 0.01525596 -0.30467701
v -0.03633600 0.01501593 -0.30385000
v -0.00370198 0.02788093 -0.34809500
v -0.00186396 0.02787992 -0.34597501
v -0.00186396 0.01527991 -0.34597501
v -0.00280297 0.01528093 -0.34675601
v -0.00370198 0.01528093 -0.34809500
v 0.00082700 0.02787694 -0.34518501
v 0.00082700 0.01527693 -0.34518501
v -0.00762099 0.02787294 -0.35916501
v -0.00875598 0.02787694 -0.35794601
v -0.02464497 0.02792695 -0.33839399
v -0.03531497 0.02796593 -0.32181701
v -0.04208797 0.02800093 -0.30331099
v -0.04463797 0.02802995 -0.28376201
v -0.04480600 0.02804098 -0.27504000
v -0.02666598 0.02802393 -0.26517299
v -0.00849795 0.02800593 -0.25528899
v -0.00539696 0.02796898 -0.28072301
v 0.00083300 0.02792195 -0.31011400
v 0.00980896 0.02786996 -0.33878699
v 0.01028394 0.02786794 -0.34008801
v 0.00423396 0.02786996 -0.34653300
v 0.00351900 0.02787193 -0.34597501
v 0.00082700 0.02787694 -0.34518501
v -0.00186396 0.02787992 -0.34597501
v -0.00370198 0.02788093 -0.34809500
v -0.00410098 0.02787795 -0.35087201
v -0.00293499 0.02787294 -0.35342401
v -0.00257999 0.02787193 -0.35379300
v 0.00351900 0.01527193 -0.34597501
v 0.00082700 0.01527693 -0.34518501
v 0.00082700 0.02787694 -0.34518501
v 0.00351900 0.02787193 -0.34597501
v 0.00423396 0.02786996 -0.34653300
v 0.00535697 0.02786597 -0.34809500
v 0.00535697 0.01526597 -0.34809500
v 0.00575596 0.02786192 -0.35087201
v 0.00575596 0.01526191 -0.35087201
v 0.01241797 0.02785697 -0.34592101
v 0.01289397 0.02784797 -0.35275001
v 0.00965798 0.02784493 -0.35878301
v 0.00370497 0.02785095 -0.36216399
v -0.00313395 0.02786192 -0.36185301
v -0.00057600 0.02786692 -0.35494101
v 0.00222999 0.02786192 -0.35494101
v 0.00458997 0.02785995 -0.35342401
v 0.00575596 0.02786192 -0.35087201
v 0.00535697 0.02786597 -0.34809500
v 0.00458997 0.02785995 -0.35342401
v 0.00458997 0.01525995 -0.35342401
v 0.00222999 0.02786192 -0.35494101
v 0.00222999 0.01526191 -0.35494101
v 0.00445700 0.01525995 -0.35357002
v -0.00057600 0.02786692 -0.35494101
v -0.00057600 0.01526692 -0.35494101
v -0.00257999 0.02787193 -0.35379300
v -0.00293499 0.02787294 -0.35342401
v -0.00293499 0.01527294 -0.35342401
v -0.00410098 0.02787795 -0.35087201
v -0.00410098 0.01527795 -0.35087201
v -0.01255899 0.02659693 -0.36103401
v -0.00875598 0.02787694 -0.35794601
v -0.00762099 0.02787294 -0.35916501
v -0.00313395 0.02786192 -0.36185301
v -0.00470698 0.02657696 -0.36649201
v -0.02844899 0.02664795 -0.34148202
v -0.02464497 0.02792695 -0.33839399
v -0.00875598 0.02787694 -0.35794601
v -0.01255899 0.02659693 -0.36103401
v -0.01539194 0.02308097 -0.36332700
v -0.00588095 0.02305695 -0.36993799
v -0.01153194 0.02306994 -0.36700002
v -0.01539194 0.02308097 -0.36332700
v -0.03128194 0.02313193 -0.34377501
v -0.02848899 0.02661892 -0.34151399
v 0.00484598 0.02656093 -0.36692602
v 0.00568998 0.02303692 -0.37046400
v -0.00037300 0.02304592 -0.37100700
v 0.00370497 0.02785095 -0.36216399
v 0.01316195 0.02655294 -0.36220399
v 0.01576298 0.02302792 -0.36474401
v 0.01113098 0.02303096 -0.36831600
v 0.00965798 0.02784493 -0.35878301
v 0.01289397 0.02784797 -0.35275001
v 0.01768195 0.02655592 -0.35377601
v 0.01241797 0.02785697 -0.34592101
v 0.01701599 0.02656891 -0.34423700
v 0.02123695 0.02303191 -0.35453600
v 0.01933497 0.02302792 -0.35981399
v 0.02043199 0.02304795 -0.34298101
v 0.02160799 0.02303895 -0.34817699
v 0.02043199 0.02304795 -0.34298101
v 0.01701599 0.02656891 -0.34423700
v 0.01440697 0.02658293 -0.33710301
v 0.01782298 0.02306094 -0.33584699
v 0.01241797 0.02785697 -0.34592101
v 0.01028394 0.02786794 -0.34008801
v 0.00980896 0.02786996 -0.33878699
v 0.01440697 0.02658293 -0.33710301
v 0.00980896 0.02786996 -0.33878699
v 0.00083300 0.02792195 -0.31011400
v 0.00556999 0.02663294 -0.30887202
v 0.01782298 0.02306094 -0.33584699
v -0.00539696 0.02796898 -0.28072301
v -0.00056400 0.02667997 -0.27993199
v -0.00849795 0.02800593 -0.25528899
v -0.00561398 0.02754292 -0.25372699
v -0.00378495 0.02671996 -0.25274399
v 0.01917898 0.01820793 -0.33534199
v -0.00292796 0.02615592 -0.25228501
v -0.00077300 0.02396796 -0.25114501
v 0.01917898 0.01820793 -0.33534199
v 0.02178800 0.01819494 -0.34247601
v 0.01924496 0.01608696 -0.33531401
v 0.01924496 0.01608696 -0.33531401
v 0.02185398 0.01607397 -0.34244800
v 0.02178800 0.01819494 -0.34247601
v 0.02299195 0.01817992 -0.35277102
v 0.02304595 0.01818594 -0.34803400
v 0.02178800 0.01819494 -0.34247601
v 0.02185398 0.01607397 -0.34244800
v 0.02306199 0.01605895 -0.35277701
v 0.02304595 0.01818594 -0.34803400
v 0.02299195 0.01817992 -0.35277102
v 0.02264899 0.01817795 -0.35483500
v 0.01947796 0.01605191 -0.36254001
v 0.01941996 0.01817294 -0.36250201
v 0.02061396 0.01817396 -0.36047900
v 0.02264899 0.01817795 -0.35483500
v 0.02061396 0.01817396 -0.36047900
v 0.01941996 0.01817294 -0.36250201
v 0.01679396 0.01817396 -0.36575201
v 0.01183998 0.01817694 -0.36957300
v 0.00602198 0.01818397 -0.37187001
v 0.01187294 0.01605597 -0.36963400
v 0.00188500 0.01606795 -0.37253201
v 0.00188500 0.01818993 -0.37246099
v 0.00602198 0.01818397 -0.37187001
v 0.01183998 0.01817694 -0.36957300
v 0.01679396 0.01817396 -0.36575201
v 0.01187294 0.01605597 -0.36963400
v 0.01947796 0.01605191 -0.36254001
v 0.01939594 0.01564094 -0.36248601
v 0.01182496 0.01564392 -0.36954901
v 0.00188500 0.01606795 -0.37253201
v 0.00187999 0.01565691 -0.37243399
v 0.01915097 0.01533696 -0.36232299
v 0.01167899 0.01533994 -0.36929301
v 0.00186497 0.01535293 -0.37213999
v -0.00833499 0.01608791 -0.37061000
v -0.00801098 0.01525995 -0.36987901
v -0.01596897 0.01528093 -0.36377600
v 0.00184494 0.01524195 -0.37173301
v 0.01147699 0.01522895 -0.36893800
v 0.01881098 0.01522591 -0.36209700
v 0.01656496 0.01522591 -0.36493302
v 0.02226698 0.01523193 -0.35268301
v 0.02267199 0.01534292 -0.35273001
v 0.02148497 0.01535794 -0.34258101
v 0.02110099 0.01524695 -0.34272099
v 0.01887595 0.01537194 -0.33544800
v 0.01849198 0.01525995 -0.33558801
v 0.02148497 0.01535794 -0.34258101
v 0.00977898 0.01530996 -0.30774999
v 0.01887595 0.01537194 -0.33544800
v 0.02176100 0.01566192 -0.34248099
v 0.01915198 0.01567593 -0.33534700
v 0.01915198 0.01567593 -0.33534700
v 0.00373000 0.01535598 -0.27921501
v 0.01924496 0.01608696 -0.33531401
v 0.02306199 0.01605895 -0.35277701
v 0.02176100 0.01566192 -0.34248099
v 0.02296495 0.01564696 -0.35276500
v -0.00833499 0.01608791 -0.37061000
v -0.00830197 0.01820895 -0.37054500
v -0.00635397 0.01820495 -0.37130699
v -0.00046400 0.01819297 -0.37245101
v -0.01652699 0.01822993 -0.36423701
v -0.01239800 0.01821896 -0.36816499
v -0.01658797 0.01610895 -0.36428100
v -0.03247797 0.01615992 -0.34472901
v -0.03241699 0.01828095 -0.34468499
v -0.01652699 0.01822993 -0.36423701
v -0.04075199 0.01617495 -0.33288300
v -0.04071295 0.01830993 -0.33280000
v -0.03241699 0.01828095 -0.34468499
v -0.03247797 0.01615992 -0.34472901
v -0.03317397 0.01615497 -0.34386400
v -0.01652699 0.01822993 -0.36423701
v -0.03241699 0.01828095 -0.34468499
v -0.03130197 0.02308997 -0.34379101
v -0.04290997 0.02313193 -0.32559002
v -0.03130197 0.02308997 -0.34379101
v -0.03241699 0.01828095 -0.34468499
v -0.04071295 0.01830993 -0.33280000
v -0.04427999 0.01832393 -0.32625300
v -0.03967899 0.02665893 -0.32398901
v -0.02848899 0.02661892 -0.34151399
v -0.03128194 0.02313193 -0.34377501
v -0.03531497 0.02796593 -0.32181701
v -0.02464497 0.02792695 -0.33839399
v -0.02844899 0.02664795 -0.34148202
v -0.04682397 0.02669594 -0.30446401
v -0.04208797 0.02800093 -0.30331099
v -0.04958999 0.02672592 -0.28385601
v -0.04950594 0.02677295 -0.28385401
v -0.04463797 0.02802995 -0.28376201
v -0.04962497 0.02678094 -0.27763599
v -0.04480600 0.02804098 -0.27504000
v -0.04463797 0.02802995 -0.28376201
v -0.04950594 0.02677295 -0.28385401
v -0.04958999 0.02672592 -0.28385601
v -0.05209296 0.02481995 -0.27893999
v -0.04987597 0.02663497 -0.27777001
v -0.05317097 0.02326796 -0.28391999
v -0.04760795 0.01833895 -0.31880599
v -0.04500097 0.02703396 -0.26871401
v -0.04480600 0.02804098 -0.27504000
v -0.04962497 0.02678094 -0.27763599
v -0.04987597 0.02663497 -0.27777001
v -0.04480600 0.02804098 -0.27504000
v -0.01239800 0.01821896 -0.36816499
v -0.00635397 0.01820495 -0.37130699
v -0.00830197 0.01820895 -0.37054500
v -0.00046400 0.01819297 -0.37245101
v 0.00188500 0.01818993 -0.37246099
v -0.02515298 0.01538995 -0.28990999
v -0.02529400 0.01536993 -0.28978402
v -0.02542698 0.01531694 -0.28964901
v -0.02562999 0.01515595 -0.28937000
v -0.01493996 0.01536295 -0.27427501
v -0.02586996 0.01476494 -0.28880701
v -0.04855597 0.01419393 -0.31438100
v -0.00464797 0.01535795 -0.25885901
v -0.00467700 0.01533798 -0.25884700
v -0.01478695 0.01539293 -0.27432799
v -0.00452900 0.01539496 -0.25890800
v -0.00460499 0.01537994 -0.25887600
v -0.00464797 0.01535795 -0.25885901
v -0.00460499 0.01537994 -0.25887600
v -0.00316298 0.01539097 -0.25510499
v -0.00452900 0.01539496 -0.25890800
v -0.00311297 0.01539794 -0.25510600
v -0.00361597 0.00961594 -0.25499401
v -0.00361496 0.01489893 -0.25510299
v -0.00348300 0.01489994 -0.25369200
v -0.00333595 0.00952897 -0.25201401
v -0.00313198 0.00453196 -0.24982201
v -0.00361395 0.00437794 -0.25488701
v -0.00261897 0.00474594 -0.24468599
v -0.00299597 0.00936196 -0.24849400
v -0.00344396 0.01490096 -0.25327301
v -0.00343698 0.01490096 -0.25319702
v -0.00343394 0.01490096 -0.25316301
v -0.00343197 0.01490096 -0.25314701
v -0.00343197 0.01490096 -0.25314501
v -0.00343197 0.01490096 -0.25314400
v -0.00343197 0.01490096 -0.25314400
v -0.00343096 0.01490096 -0.25313401
v -0.00342899 0.01490096 -0.25311101
v -0.00339299 0.01490096 -0.25273800
v -0.00325298 0.01490292 -0.25126100
v -0.00425595 -0.01371301 -0.18740401
v -0.00082500 -0.00926901 -0.18739800
v -0.00091100 -0.00945897 -0.16388489
v -0.00067700 -0.00896300 -0.18739800
v 0.00072600 -0.00317199 -0.18739600
v 0.00068500 -0.00317199 -0.16402200
v 0.00067700 -0.00317199 -0.15923201
v 0.00062800 -0.00317199 -0.13106900
v 0.00004800 -0.00691296 -0.13095300
v -0.00103897 -0.00972397 -0.13073499
v -0.00217295 -0.01163495 -0.13050800
v -0.00217295 -0.01163495 -0.13050800
v -0.00103897 -0.00972397 -0.13073499
v 0.00004800 -0.00691296 -0.13095300
v 0.00062800 -0.00317199 -0.13106900
v 0.00084300 0.00252794 -0.15930299
v 0.00079300 0.00259494 -0.13119701
v 0.00067700 -0.00317199 -0.15923201
v 0.00068500 -0.00317199 -0.16402200
v 0.00072600 -0.00317199 -0.18739600
v 0.00090200 0.00174497 -0.18740700
v 0.00089400 0.00246094 -0.18740900
v 0.00085200 0.00251596 -0.16415299
v -0.00084500 0.00911896 -0.13087501
v 0.00079300 0.00259494 -0.13119701
v 0.00084300 0.00252794 -0.15930299
v 0.00079300 0.00342093 -0.21478900
v 0.00069800 0.00424497 -0.21568801
v 0.00058500 0.00497095 -0.21670100
v 0.00361597 0.00290095 -0.10635390
v 0.00079300 0.00259494 -0.13119701
v -0.00084500 0.00911896 -0.13087501
v -0.00087300 0.00917595 -0.13086900
v 0.00184399 0.00959693 -0.10642400
v -0.00509494 0.01440696 -0.13002800
v -0.00508696 0.01440094 -0.13003001
v -0.00087300 0.00917595 -0.13086900
v -0.00508696 0.01440094 -0.13003001
v -0.00243497 0.01501898 -0.10577000
v 0.00584996 0.01547496 -0.08191198
v 0.00949395 0.00988298 -0.08398896
v 0.01096796 0.00312799 -0.08494597
v 0.00500995 0.00296896 -0.10096290
v 0.01884895 0.01582294 -0.06023699
v 0.01292896 0.00316399 -0.08093500
v 0.03567498 0.01607400 -0.04254996
v 0.03613197 0.01552897 -0.04304099
v 0.05038797 0.00887799 -0.03400599
v 0.04781395 0.00887799 -0.03753995
v 0.03918898 0.00887996 -0.04646295
v 0.03872799 0.01052796 -0.04592698
v 0.03613197 0.01552897 -0.04304099
v 0.04658395 0.01552897 -0.03144198
v 0.03567498 0.01607400 -0.04254996
v 0.03106695 0.01911598 -0.03784495
v 0.04058694 0.01911395 -0.02739697
v 0.04670596 0.01911997 -0.01466000
v 0.05361396 0.01553595 -0.01681298
v 0.05799496 0.00888598 -0.01817399
v 0.05451595 0.00887996 -0.02688395
v 0.04812097 0.01912498 -0.00891799
v 0.04670596 0.01911997 -0.01466000
v 0.04058694 0.01911395 -0.02739697
v 0.03106695 0.01911598 -0.03784495
v 0.01653498 0.02222698 -0.02574896
v 0.01659297 0.02345395 -0.00897795
v 0.04812097 0.01912498 -0.00891799
v 0.04891300 0.01913398 -0.00070400
v 0.05614894 0.01555198 -0.00078200
v 0.04450798 0.01916795 0.02009695
v 0.04702198 0.01915496 0.01329797
v 0.04891300 0.01913398 -0.00070400
v 0.01649397 0.02280700 0.02004295
v 0.04702198 0.01915496 0.01329797
v 0.05397897 0.01557600 0.01530200
v 0.04450798 0.01916795 0.02009695
v 0.04119294 0.01918095 0.02616798
v 0.04728496 0.01560497 0.03008699
v 0.05839198 0.00892895 0.01658099
v 0.06043100 0.00891298 0.00602198
v 0.06073999 0.00890297 -0.00082600
v 0.05114799 0.00896198 0.03258198
v 0.05639195 0.00893998 0.02241200
v 0.06043100 0.00891298 0.00602198
v 0.05839198 0.00892895 0.01658099
v 0.05639195 0.00893998 0.02241200
v 0.05748897 -0.00017600 0.02220797
v 0.05951696 -0.00017600 0.01599198
v 0.06136900 -0.00017600 0.00565398
v 0.05114799 0.00896198 0.03258198
v 0.04798698 0.00897199 0.03704994
v 0.04888796 0.00448799 0.03727698
v 0.04923397 -0.00017600 0.03706997
v 0.05254197 -0.00017600 0.03220897
v 0.03961700 0.00899697 0.04583197
v 0.04798698 0.00897199 0.03704994
v 0.03662997 0.01563894 0.04232895
v 0.03676098 0.00450498 0.04924499
v 0.03961700 0.00899697 0.04583197
v 0.03586995 0.00900698 0.04879897
v 0.03723299 -0.00017600 0.04910999
v 0.04125499 -0.00017600 0.04578399
v 0.02181398 0.00452197 0.05742299
v 0.02239894 -0.00017600 0.05741399
v 0.02658295 -0.00017600 0.05560100
v 0.02476894 0.00903398 0.05521595
v 0.02098196 0.00904197 0.05674695
v 0.00519699 0.00453699 0.06118398
v 0.00586396 -0.00017600 0.06134897
v 0.00972897 -0.00017600 0.06085598
v 0.00785094 0.00906700 0.05994397
v 0.00448096 0.00907296 0.06027799
v 0.00785094 0.00906700 0.05994397
v 0.02098196 0.00904197 0.05674695
v 0.02476894 0.00903398 0.05521595
v 0.02290999 0.01567196 0.05099898
v 0.00727898 0.01570296 0.05536794
v 0.03586995 0.00900698 0.04879897
v 0.03191697 0.01920998 0.03682398
v 0.01997298 0.01923894 0.04437094
v 0.01619595 0.01924794 0.04586297
v 0.00636595 0.01926696 0.04817295
v 0.01619595 0.01924794 0.04586297
v 0.01997298 0.01923894 0.04437094
v 0.03191697 0.01920998 0.03682398
v 0.04119294 0.01918095 0.02616798
v -0.01596695 0.01930099 0.04580599
v -0.00775898 0.01928997 0.04791098
v 0.00636595 0.01926696 0.04817295
v -0.01616299 0.02286100 0.01998496
v -0.01600700 0.02351796 -0.00903797
v -0.01615798 0.02350997 -0.00898600
v -0.04418599 0.01931500 0.01993995
v -0.04174596 0.01931697 0.02463299
v -0.03287094 0.01931595 0.03562498
v -0.02121496 0.01930695 0.04360795
v -0.02600598 0.02274197 -0.00606996
v -0.04846596 0.01929295 -0.00250399
v -0.04709398 0.01930898 0.01155698
v -0.04174596 0.01931697 0.02463299
v -0.04418599 0.01931500 0.01993995
v -0.04709398 0.01930898 0.01155698
v -0.05413597 0.01575100 0.01330298
v -0.04799300 0.01576000 0.02832597
v -0.04846596 0.01929295 -0.00250399
v -0.05573797 0.01573497 -0.00221795
v -0.05861300 0.00911898 0.01441794
v -0.05858498 0.00911898 0.01452898
v -0.05226099 0.00912798 0.03016799
v -0.05196398 0.00912899 0.03067499
v -0.05583000 0.01565498 -0.00221700
v -0.06035095 0.00910097 -0.00224698
v -0.05583000 0.01565498 -0.00221700
v -0.05573797 0.01573497 -0.00221795
v -0.04846596 0.01929295 -0.00250399
v -0.04733198 0.01909500 -0.03229898
v -0.05464500 0.01540797 -0.03175997
v -0.05927395 0.00881195 -0.03158396
v -0.06006300 0.00905996 -0.01026695
v -0.06035095 0.00910097 -0.00224698
v -0.04732596 0.01909297 -0.03249299
v -0.04670494 0.01865093 -0.06212896
v -0.04670494 0.01864999 -0.06214797
v -0.05383998 0.01503700 -0.06131398
v -0.05846196 0.00848197 -0.06093096
v -0.05908495 0.00874597 -0.03757899
v -0.06162697 -0.00017600 0.00039700
v -0.06139099 0.00454998 -0.00093700
v -0.06035095 0.00910097 -0.00224698
v -0.06006300 0.00905996 -0.01026695
v -0.06131595 -0.00017400 -0.01023197
v -0.04732596 0.01909297 -0.03249299
v -0.04733198 0.01909500 -0.03229898
v -0.02600598 0.02274197 -0.00606996
v -0.03054797 0.02152097 -0.03543996
v -0.04670494 0.01865093 -0.06212896
v -0.03411597 0.02047394 -0.06462800
v -0.04670494 0.01864999 -0.06214797
v -0.02233695 0.02099096 -0.06821197
v -0.01484894 0.02223098 -0.04042297
v 0.00033800 0.01852696 -0.07894295
v -0.00836098 0.01795797 -0.10378500
v -0.01115000 0.02039997 -0.07270300
v -0.00038700 0.02142697 -0.04706394
v -0.01615798 0.02350997 -0.00898600
v -0.01600700 0.02351796 -0.00903797
v -0.00432998 0.02378100 -0.01368999
v 0.01449495 0.02251195 -0.02432495
v 0.01653498 0.02222698 -0.02574896
v 0.03106695 0.01911598 -0.03784495
v 0.01405096 0.01895898 -0.05589896
v 0.01377999 0.01895296 -0.05626398
v 0.00035900 0.01852797 -0.07889699
v 0.00035900 0.01852797 -0.07889699
v 0.01377999 0.01895296 -0.05626398
v 0.01405096 0.01895898 -0.05589896
v 0.03106695 0.01911598 -0.03784495
v -0.00844699 0.01794897 -0.10415400
v -0.00836098 0.01795797 -0.10378500
v 0.00033800 0.01852696 -0.07894295
v -0.00844699 0.01794897 -0.10415400
v -0.01119196 0.01735894 -0.12881100
v -0.00509494 0.01440696 -0.13002800
v -0.01119196 0.01735894 -0.12881100
v -0.01059496 0.01675396 -0.15455900
v 0.01449495 0.02251195 -0.02432495
v -0.00432998 0.02378100 -0.01368999
v -0.04643398 0.01806395 -0.09176695
v -0.05837196 0.00843495 -0.06489795
v -0.05926996 0.00455898 0.01596796
v -0.05858498 0.00911898 0.01452898
v -0.05861300 0.00911898 0.01441794
v -0.06035095 0.00910097 -0.00224698
v -0.06139099 0.00454998 -0.00093700
v -0.05917698 -0.00017600 0.01720994
v -0.05258798 0.00456298 0.03164094
v -0.05226099 0.00912798 0.03016799
v -0.05901795 -0.00017600 0.01774698
v -0.05222898 -0.00017600 0.03271496
v -0.04186099 0.00456298 0.04487699
v -0.04186797 0.00912798 0.04345595
v -0.05196398 0.00912899 0.03067499
v -0.04186797 0.00912798 0.04345595
v -0.04093098 0.00912798 0.04434096
v -0.03779697 0.01575899 0.04095298
v -0.02791196 0.00455898 0.05465996
v -0.02821195 0.00911796 0.05336397
v -0.04093098 0.00912798 0.04434096
v -0.02821195 0.00911796 0.05336397
v -0.02643996 0.00911695 0.05426698
v -0.02440696 0.01574897 0.05012500
v -0.01181399 0.00454998 0.06023895
v -0.01235300 0.00909996 0.05911999
v -0.02643996 0.00911695 0.05426698
v -0.01235300 0.00909996 0.05911999
v -0.00971097 0.00909597 0.05961799
v -0.00894797 0.01572996 0.05506795
v -0.00971097 0.00909597 0.05961799
v 0.00448096 0.00907296 0.06027799
v -0.00775898 0.01928997 0.04791098
v -0.01596695 0.01930099 0.04580599
v -0.02121496 0.01930695 0.04360795
v -0.01111698 -0.00017600 0.06061697
v -0.00792295 -0.00017600 0.06111699
v -0.02724999 -0.00017600 0.05527597
v -0.02492499 -0.00017600 0.05636298
v -0.02468496 -0.03419195 0.05581998
v -0.01883596 -0.03419195 0.05805498
v -0.00784695 -0.03419195 0.06052798
v -0.00792295 -0.00017600 0.06111699
v -0.01111698 -0.00017600 0.06061697
v -0.02492499 -0.00017600 0.05636298
v -0.00171399 -0.03419195 0.06101000
v 0.00963497 -0.03419195 0.06026899
v 0.00972897 -0.00017600 0.06085598
v 0.00586396 -0.00017600 0.06134897
v 0.01553499 -0.03419195 0.05902397
v 0.02632600 -0.03419195 0.05506497
v 0.02658295 -0.00017600 0.05560100
v 0.02239894 -0.00017600 0.05741399
v -0.00171995 -0.04720300 0.06097596
v 0.00522697 -0.04720300 0.06077600
v 0.01553696 -0.04720300 0.05898898
v 0.01553499 -0.03419195 0.05902397
v 0.00963497 -0.03419195 0.06026899
v -0.00171399 -0.03419195 0.06101000
v -0.00784695 -0.03419195 0.06052798
v -0.01883596 -0.03419195 0.05805498
v -0.01882696 -0.04720300 0.05802399
v -0.01263695 -0.04720300 0.05967700
v 0.00522697 -0.04720300 0.06077600
v -0.00171995 -0.04720300 0.06097596
v -0.01263695 -0.04720300 0.05967700
v -0.01263695 -0.04762297 0.05967700
v 0.00522697 -0.04762297 0.06077600
v -0.01263594 -0.05562299 0.05967397
v -0.01263695 -0.05462294 0.05967701
v -0.01312696 -0.05448800 0.05957096
v -0.01348698 -0.05412399 0.05948997
v -0.01361697 -0.05362296 0.05946099
v -0.01361697 -0.04862295 0.05946099
v -0.01348698 -0.04812198 0.05948997
v -0.01312696 -0.04775797 0.05957096
v -0.01263695 -0.04762297 0.05967700
v -0.01263695 -0.04720300 0.05967700
v -0.01882696 -0.05562299 0.05802399
v -0.01806294 -0.05562299 0.05826097
v -0.03494000 -0.04720300 0.05000299
v -0.02407497 -0.04720300 0.05604899
v -0.01882696 -0.04720300 0.05802399
v -0.01883596 -0.03419195 0.05805498
v -0.02468496 -0.03419195 0.05581998
v -0.03497499 -0.03419195 0.05001896
v -0.02407497 -0.04720300 0.05604899
v -0.02407497 -0.04762297 0.05604797
v -0.02361297 -0.04775798 0.05624395
v -0.02327197 -0.04812198 0.05638599
v -0.02314895 -0.04862295 0.05643695
v -0.02314895 -0.05362296 0.05643695
v -0.02327197 -0.05412399 0.05638599
v -0.02361297 -0.05448800 0.05624395
v -0.02407497 -0.05462294 0.05604797
v -0.02407497 -0.05562299 0.05604899
v -0.01882696 -0.05562299 0.05802399
v -0.01882696 -0.04720300 0.05802399
v -0.01882696 -0.07572299 0.05802399
v -0.02407497 -0.05562299 0.05604899
v -0.02407497 -0.07572299 0.05604899
v -0.01806294 -0.07572299 0.05826301
v -0.01806294 -0.05562299 0.05826097
v -0.03925997 -0.05562299 0.04668694
v -0.02407497 -0.05462294 0.05604797
v -0.03925997 -0.05462294 0.04668694
v -0.03925997 -0.07572299 0.04668695
v -0.03190100 -0.07572299 0.05199396
v -0.02407497 -0.07572299 0.05604899
v -0.03925997 -0.05562299 0.04668694
v -0.02407497 -0.07572299 0.05604899
v -0.03190100 -0.07572299 0.05199396
v -0.03179597 -0.07592295 0.05182297
v -0.01800400 -0.07592295 0.05807299
v -0.01806294 -0.07572299 0.05826301
v -0.01882696 -0.07572299 0.05802399
v -0.04549098 -0.07592296 0.04033797
v -0.03179597 -0.07592295 0.05182297
v -0.03190100 -0.07572299 0.05199396
v -0.03925997 -0.07572299 0.04668695
v -0.04564100 -0.07572299 0.04047096
v 0.04815095 -0.07592296 -0.03712296
v 0.05525499 -0.07592296 -0.02536796
v 0.06024396 -0.07592296 -0.00820499
v 0.06002700 -0.07592296 0.00966699
v 0.05462199 -0.07592296 0.02670301
v 0.04449695 -0.07592296 0.04143197
v 0.03052699 -0.07592295 0.05258095
v 0.01391899 -0.07592295 0.05918497
v -0.00389194 -0.07592295 0.06067497
v -0.01800400 -0.07592295 0.05807299
v -0.03179597 -0.07592295 0.05182297
v -0.04549098 -0.07592296 0.04033797
v -0.04815095 -0.07592296 0.03712297
v -0.04316198 -0.07592296 0.03327596
v -0.03402596 -0.07592296 0.04257298
v -0.02065396 -0.07592295 0.05043495
v -0.00560796 -0.07592295 0.05421097
v 0.00989199 -0.07592295 0.05359495
v 0.02459096 -0.07592295 0.04863697
v 0.03729695 -0.07592296 0.03973896
v 0.04698199 -0.07592296 0.02762098
v 0.05286097 -0.07592296 0.01326597
v 0.05445694 -0.07592296 -0.00216394
v 0.05164098 -0.07592296 -0.01741897
v 0.04464197 -0.07592296 -0.03126197
v 0.04316198 -0.07592296 -0.03327595
v -0.00389194 -0.07592295 0.06067497
v -0.00390399 -0.07572299 0.06087500
v -0.01263594 -0.07572299 0.05967498
v 0.01396495 -0.07572299 0.05938000
v 0.00522697 -0.07572299 0.06077600
v -0.00390399 -0.07572299 0.06087500
v -0.00389194 -0.07592295 0.06067497
v 0.01391899 -0.07592295 0.05918497
v 0.00522697 -0.05562299 0.06077397
v 0.00522596 -0.05562299 0.06077397
v -0.01263594 -0.05562299 0.05967397
v -0.01263594 -0.07572299 0.05967498
v -0.00390399 -0.07572299 0.06087500
v 0.00522697 -0.07572299 0.06077600
v -0.01263594 -0.07572299 0.05967498
v -0.01806294 -0.05562299 0.05826097
v -0.01806294 -0.07572299 0.05826301
v 0.00522697 -0.05462294 0.06077600
v -0.01263695 -0.05462294 0.05967701
v -0.01312696 -0.05448800 0.05957096
v -0.01263695 -0.05462294 0.05967701
v -0.01214295 -0.05462294 0.05812096
v -0.01263397 -0.05448895 0.05801600
v -0.01263695 -0.05462294 0.05967701
v 0.00522697 -0.05462294 0.06077600
v 0.02263998 -0.05462294 0.05664294
v 0.03810399 -0.05462294 0.04763496
v 0.05028897 -0.05462294 0.03452599
v 0.05814397 -0.05462294 0.01844495
v 0.06099498 -0.05462294 0.00077700
v 0.05859500 -0.05462294 -0.01695895
v 0.05115199 -0.05462294 -0.03323400
v 0.03930497 -0.05462294 -0.04664897
v 0.02407497 -0.05462294 -0.05604796
v 0.02358096 -0.05462294 -0.05449199
v 0.03773999 -0.05462294 -0.04583894
v 0.04951196 -0.05462294 -0.03277200
v 0.05693995 -0.05462294 -0.01683098
v 0.05937194 -0.05462294 0.00058700
v 0.05659598 -0.05462294 0.01795399
v 0.04885399 -0.05462294 0.03374499
v 0.03682500 -0.05462294 0.04657596
v 0.02156597 -0.05462294 0.05531997
v 0.00441396 -0.05462294 0.05921095
v -0.01214295 -0.05462294 0.05812096
v 0.02263998 -0.05462294 0.05664294
v 0.02263897 -0.05562299 0.05664199
v 0.03810399 -0.05462294 0.04763496
v 0.02263998 -0.05562299 0.05664098
v 0.03810399 -0.05562299 0.04763401
v 0.05028897 -0.05462294 0.03452599
v 0.03810495 -0.05562299 0.04763299
v 0.05028796 -0.05562299 0.03452599
v 0.02264100 -0.07572299 0.05664294
v 0.03062796 -0.07572299 0.05275399
v 0.03810596 -0.07572299 0.04763401
v 0.05028897 -0.05562299 0.03452396
v 0.04464399 -0.07572299 0.04156900
v 0.05028998 -0.07572299 0.03452498
v 0.04464399 -0.07572299 0.04156900
v 0.03810596 -0.07572299 0.04763401
v 0.03062796 -0.07572299 0.05275399
v 0.03052699 -0.07592295 0.05258095
v 0.04449695 -0.07592296 0.04143197
v 0.05480200 -0.07572299 0.02679199
v 0.05028998 -0.07572299 0.03452498
v 0.05462199 -0.07592296 0.02670301
v 0.05814498 -0.05562299 0.01844400
v 0.05814498 -0.05562299 0.01844495
v 0.05480200 -0.07572299 0.02679199
v 0.05814498 -0.07572299 0.01844401
v 0.06022399 -0.07572299 0.00969899
v 0.05814498 -0.07572299 0.01844401
v 0.06002700 -0.07592296 0.00966699
v 0.06044197 -0.07572299 -0.00823199
v 0.06099498 -0.07572299 0.00077501
v 0.06024396 -0.07592296 -0.00820499
v 0.06099599 -0.05562299 0.00077500
v 0.06099599 -0.05562299 0.00077700
v 0.06022399 -0.07572299 0.00969899
v 0.06099498 -0.07572299 0.00077501
v 0.05859595 -0.05562299 -0.01695996
v 0.05859595 -0.05562299 -0.01695895
v 0.06044197 -0.07572299 -0.00823199
v 0.05859500 -0.07572299 -0.01695995
v 0.05543696 -0.07572299 -0.02545100
v 0.05859500 -0.07572299 -0.01695995
v 0.05525499 -0.07592296 -0.02536796
v 0.05115199 -0.05562299 -0.03323495
v 0.05115300 -0.05562299 -0.03323495
v 0.05543696 -0.07572299 -0.02545100
v 0.05115097 -0.07572299 -0.03323494
v 0.04564100 -0.07572300 -0.04047094
v 0.05115097 -0.07572299 -0.03323494
v 0.04815095 -0.07592296 -0.03712296
v 0.04549098 -0.07592296 -0.04033796
v 0.03930598 -0.05562299 -0.04664998
v 0.04564100 -0.07572300 -0.04047094
v 0.03930497 -0.07572300 -0.04664897
v 0.03179699 -0.07592296 -0.05182295
v 0.03190100 -0.07572300 -0.05199294
v 0.03930497 -0.07572300 -0.04664897
v 0.03190100 -0.07572300 -0.05199294
v 0.02407598 -0.07572300 -0.05604898
v 0.02407598 -0.05562300 -0.05604898
v 0.01844495 -0.07572300 -0.05814295
v 0.01882696 -0.07572300 -0.05802499
v 0.02407598 -0.07572300 -0.05604898
v 0.03190100 -0.07572300 -0.05199294
v 0.03179699 -0.07592296 -0.05182295
v 0.01838499 -0.07592296 -0.05795495
v 0.01882696 -0.07572300 -0.05802499
v 0.01882696 -0.05562300 -0.05802499
v 0.02407598 -0.05562300 -0.05604898
v 0.02407598 -0.07572300 -0.05604898
v 0.02407497 -0.05462294 -0.05604796
v 0.03930497 -0.05462294 -0.04664897
v 0.02407497 -0.04720300 -0.05604898
v 0.02407497 -0.04762298 -0.05604796
v 0.02361297 -0.04775696 -0.05624395
v 0.02327299 -0.04812300 -0.05638599
v 0.02314895 -0.04862296 -0.05643694
v 0.02314895 -0.05362297 -0.05643694
v 0.02327299 -0.05412298 -0.05638599
v 0.02361297 -0.05448895 -0.05624394
v 0.02407497 -0.05462294 -0.05604796
v 0.01882696 -0.04720301 -0.05802500
v 0.02311897 -0.05448895 -0.05469000
v 0.02358096 -0.05462294 -0.05449199
v 0.02407497 -0.05462294 -0.05604796
v 0.02361297 -0.05448895 -0.05624394
v 0.05115199 -0.05462294 -0.03323400
v 0.05859500 -0.05462294 -0.01695895
v 0.06099498 -0.05462294 0.00077700
v 0.05814397 -0.05462294 0.01844495
v 0.03773999 -0.05462294 -0.04583894
v 0.02358096 -0.05462294 -0.05449199
v 0.02311897 -0.05448895 -0.05469000
v 0.02278000 -0.05412298 -0.05483198
v 0.02265596 -0.05362297 -0.05488300
v 0.02265596 -0.04862296 -0.05488300
v 0.02278000 -0.04812300 -0.05483198
v 0.02311897 -0.04775696 -0.05469000
v 0.02358096 -0.04762298 -0.05449199
v 0.03773999 -0.04762297 -0.04583894
v 0.04951196 -0.04762297 -0.03277200
v 0.04951196 -0.05462294 -0.03277200
v 0.05693995 -0.04762297 -0.01683098
v 0.05693995 -0.05462294 -0.01683098
v 0.05937194 -0.04762297 0.00058700
v 0.05937194 -0.05462294 0.00058700
v 0.05659598 -0.04762297 0.01795399
v 0.05659598 -0.05462294 0.01795399
v 0.04885399 -0.04762297 0.03374499
v 0.04885399 -0.05462294 0.03374499
v 0.03682500 -0.04762297 0.04657596
v 0.03682500 -0.05462294 0.04657596
v 0.02156597 -0.04762297 0.05531996
v 0.02156597 -0.05462294 0.05531997
v 0.00441396 -0.04762297 0.05921095
v 0.00441396 -0.05462294 0.05921095
v -0.01214295 -0.04762297 0.05812096
v -0.01263397 -0.04775695 0.05801600
v -0.01299297 -0.04812299 0.05793696
v -0.01312398 -0.04862295 0.05790699
v -0.01312398 -0.05362296 0.05790699
v -0.01299297 -0.05412298 0.05793696
v -0.01263397 -0.05448895 0.05801600
v -0.01214295 -0.05462294 0.05812096
v 0.02407497 -0.04762298 -0.05604796
v 0.03930497 -0.04762297 -0.04664897
v 0.05115199 -0.04762297 -0.03323400
v 0.05859500 -0.04762297 -0.01695895
v 0.06099498 -0.04762297 0.00077700
v 0.05814397 -0.04762297 0.01844495
v 0.05028897 -0.04762297 0.03452599
v 0.03810399 -0.04762297 0.04763496
v 0.02263998 -0.04762297 0.05664294
v 0.00522697 -0.04762297 0.06077600
v -0.01263695 -0.04762297 0.05967700
v -0.01214295 -0.04762297 0.05812096
v 0.00441396 -0.04762297 0.05921095
v 0.02156597 -0.04762297 0.05531996
v 0.03682500 -0.04762297 0.04657596
v 0.04885399 -0.04762297 0.03374499
v 0.05659598 -0.04762297 0.01795399
v 0.05937194 -0.04762297 0.00058700
v 0.05693995 -0.04762297 -0.01683098
v 0.04951196 -0.04762297 -0.03277200
v 0.03773999 -0.04762297 -0.04583894
v 0.02358096 -0.04762298 -0.05449199
v -0.01263397 -0.04775695 0.05801600
v -0.01214295 -0.04762297 0.05812096
v -0.01263695 -0.04762297 0.05967700
v -0.01312696 -0.04775797 0.05957096
v -0.01348698 -0.04812198 0.05948997
v -0.01299297 -0.04812299 0.05793696
v -0.01361697 -0.04862295 0.05946099
v -0.01312398 -0.04862295 0.05790699
v -0.01361697 -0.05362296 0.05946099
v -0.01312398 -0.05362296 0.05790699
v -0.01312398 -0.04862295 0.05790699
v -0.01299297 -0.05412298 0.05793696
v -0.01312398 -0.05362296 0.05790699
v -0.01348698 -0.05412399 0.05948997
v 0.02361297 -0.04775696 -0.05624395
v 0.02407497 -0.04762298 -0.05604796
v 0.02358096 -0.04762298 -0.05449199
v 0.02311897 -0.04775696 -0.05469000
v 0.03930497 -0.04762297 -0.04664897
v 0.02407497 -0.04762298 -0.05604796
v 0.02407497 -0.04720300 -0.05604898
v 0.03440296 -0.04720300 -0.05037498
v 0.03930598 -0.04720300 -0.04664999
v 0.03440296 -0.04720300 -0.05037498
v 0.02407497 -0.04720300 -0.05604898
v 0.01882696 -0.04720301 -0.05802500
v 0.01883596 -0.03419196 -0.05805498
v 0.02354598 -0.03419196 -0.05630999
v 0.03443795 -0.03419196 -0.05039095
v 0.01205694 -0.05562300 -0.05979495
v 0.01205796 -0.05462295 -0.05979596
v 0.01263695 -0.05462295 -0.05967700
v 0.01312696 -0.05448800 -0.05957096
v 0.01348698 -0.05412399 -0.05948996
v 0.01361697 -0.05362297 -0.05946099
v 0.01361697 -0.04862296 -0.05946099
v 0.01348698 -0.04812199 -0.05948996
v 0.01312696 -0.04775798 -0.05957096
v 0.01263695 -0.04762298 -0.05967700
v 0.01205796 -0.04762298 -0.05979596
v 0.01205796 -0.04720301 -0.05979698
v 0.01882696 -0.04720301 -0.05802500
v 0.01882696 -0.05562300 -0.05802499
v 0.01806294 -0.05562300 -0.05826199
v 0.00285900 -0.03419196 -0.06096798
v 0.00661600 -0.03419196 -0.06067496
v 0.01883596 -0.03419196 -0.05805498
v 0.01882696 -0.04720301 -0.05802500
v 0.01205796 -0.04720301 -0.05979698
v 0.00285900 -0.04720301 -0.06093394
v -0.00575596 -0.04720301 -0.06072795
v 0.00285900 -0.04720301 -0.06093394
v 0.01205796 -0.04720301 -0.05979698
v 0.01205796 -0.04762298 -0.05979596
v -0.00575596 -0.04762298 -0.06072795
v 0.01205796 -0.04762298 -0.05979596
v 0.01263695 -0.04762298 -0.05967700
v 0.01214295 -0.04762298 -0.05812095
v -0.00441396 -0.04762298 -0.05921095
v -0.02156597 -0.04762298 -0.05531996
v -0.03682500 -0.04762297 -0.04657596
v -0.04885399 -0.04762297 -0.03374499
v -0.05659598 -0.04762297 -0.01795399
v -0.05937194 -0.04762297 -0.00058700
v -0.05693995 -0.04762297 0.01683098
v -0.04951095 -0.04762297 0.03277295
v -0.03773897 -0.04762297 0.04583895
v -0.02358096 -0.04762297 0.05449199
v -0.02407497 -0.04762297 0.05604797
v -0.03925997 -0.04762297 0.04668694
v -0.05108696 -0.04762297 0.03333300
v -0.05854594 -0.04762297 0.01712900
v -0.06099796 -0.04762297 -0.00054000
v -0.05823296 -0.04762297 -0.01816296
v -0.05048894 -0.04762297 -0.03423297
v -0.03842699 -0.04762297 -0.04737496
v -0.02307796 -0.04762298 -0.05646598
v -0.00575596 -0.04762298 -0.06072795
v -0.02307796 -0.04720300 -0.05646598
v -0.01331800 -0.04720301 -0.05952894
v -0.02307796 -0.04762298 -0.05646598
v -0.00575596 -0.04720301 -0.06072795
v -0.01085597 -0.03419196 -0.06006097
v -0.03842699 -0.04720300 -0.04737496
v -0.02853995 -0.04720300 -0.05391198
v -0.03842699 -0.04762297 -0.04737496
v -0.05048894 -0.04720300 -0.03423297
v -0.04174494 -0.04720300 -0.04447799
v -0.05048894 -0.04762297 -0.03423297
v -0.05823296 -0.04720300 -0.01816296
v -0.05291700 -0.04720300 -0.03034394
v -0.05823296 -0.04762297 -0.01816296
v -0.05823296 -0.04720300 -0.01816296
v -0.05655199 -0.03419196 -0.02295798
v -0.06099796 -0.04720300 -0.00054000
v -0.05947095 -0.04720300 -0.01356995
v -0.06099796 -0.04762297 -0.00054000
v -0.05854594 -0.04720300 0.01712900
v -0.06084299 -0.04720300 0.00437695
v -0.05854594 -0.04762297 0.01712900
v -0.05854594 -0.04720300 0.01712900
v -0.05691295 -0.04720300 0.02195298
v -0.05694496 -0.03419196 0.02196395
v -0.05844897 -0.03419196 0.01757597
v -0.05108797 -0.04720300 0.03333300
v -0.05691295 -0.04720300 0.02195298
v -0.05108696 -0.04762297 0.03333300
v -0.03925997 -0.04720300 0.04668694
v -0.04801696 -0.04720300 0.03762197
v -0.03925997 -0.04762297 0.04668694
v -0.05108797 -0.04720300 0.03333300
v -0.04801696 -0.04720300 0.03762197
v -0.04805594 -0.03419196 0.03762698
v -0.05106794 -0.03419196 0.03342497
v -0.03925997 -0.04720300 0.04668694
v -0.03949695 -0.03419196 0.04653197
v -0.02407497 -0.04762297 0.05604797
v -0.02407497 -0.04720300 0.05604899
v -0.03494000 -0.04720300 0.05000299
v -0.03949695 -0.03419196 0.04653197
v -0.03497499 -0.03419195 0.05001896
v -0.02724999 -0.00017600 0.05527597
v -0.03988099 -0.00017600 0.04698395
v -0.05106794 -0.03419196 0.03342497
v -0.04805594 -0.03419196 0.03762698
v -0.04130995 -0.00017600 0.04573398
v -0.05156499 -0.00017600 0.03374999
v -0.04130995 -0.00017600 0.04573398
v -0.03988099 -0.00017600 0.04698395
v -0.05156499 -0.00017600 0.03374999
v -0.05694496 -0.03419196 0.02196395
v -0.05222898 -0.00017600 0.03271496
v -0.02361297 -0.04775798 0.05624395
v -0.02407497 -0.04762297 0.05604797
v -0.02358096 -0.04762297 0.05449199
v -0.02311998 -0.04775695 0.05469095
v -0.02278196 -0.04812299 0.05483598
v -0.02327197 -0.04812198 0.05638599
v -0.02265799 -0.04862295 0.05488795
v -0.02314895 -0.04862295 0.05643695
v -0.03773897 -0.05462294 0.04583895
v -0.02358096 -0.05462294 0.05449199
v -0.02311998 -0.05448895 0.05469000
v -0.02278095 -0.05412298 0.05483300
v -0.02265697 -0.05362296 0.05488598
v -0.02265799 -0.04862295 0.05488795
v -0.02278196 -0.04812299 0.05483598
v -0.02311998 -0.04775695 0.05469095
v -0.02358096 -0.04762297 0.05449199
v -0.03773897 -0.04762297 0.04583895
v -0.02265799 -0.04862295 0.05488795
v -0.02265697 -0.05362296 0.05488598
v -0.02314895 -0.05362296 0.05643695
v -0.02314895 -0.04862295 0.05643695
v -0.02327197 -0.05412399 0.05638599
v -0.02314895 -0.05362296 0.05643695
v -0.02265697 -0.05362296 0.05488598
v -0.02278095 -0.05412298 0.05483300
v -0.02361297 -0.05448800 0.05624395
v -0.02311998 -0.05448895 0.05469000
v -0.02358096 -0.05462294 0.05449199
v -0.02407497 -0.05462294 0.05604797
v 0.01205796 -0.05462295 -0.05979596
v -0.00575596 -0.05462295 -0.06072795
v -0.02307796 -0.05462294 -0.05646598
v -0.03842699 -0.05462294 -0.04737496
v -0.05048894 -0.05462294 -0.03423297
v -0.05823296 -0.05462294 -0.01816296
v -0.06099796 -0.05462294 -0.00054000
v -0.05854594 -0.05462294 0.01712900
v -0.05108696 -0.05462294 0.03333300
v -0.03925997 -0.05462294 0.04668694
v -0.02407497 -0.05462294 0.05604797
v -0.02358096 -0.05462294 0.05449199
v -0.03773897 -0.05462294 0.04583895
v -0.04951095 -0.05462294 0.03277295
v -0.05693995 -0.05462294 0.01683098
v -0.05937194 -0.05462294 -0.00058700
v -0.05659598 -0.05462294 -0.01795399
v -0.04885399 -0.05462294 -0.03374499
v -0.03682500 -0.05462294 -0.04657596
v -0.02156597 -0.05462294 -0.05531996
v -0.00441396 -0.05462295 -0.05921094
v 0.01214295 -0.05462295 -0.05812095
v 0.01263695 -0.05462295 -0.05967700
v -0.04951095 -0.05462294 0.03277295
v -0.04951095 -0.04762297 0.03277295
v -0.05693995 -0.05462294 0.01683098
v -0.05693995 -0.04762297 0.01683098
v -0.05937194 -0.05462294 -0.00058700
v -0.05937194 -0.04762297 -0.00058700
v -0.05659598 -0.05462294 -0.01795399
v -0.05659598 -0.04762297 -0.01795399
v -0.04885399 -0.05462294 -0.03374499
v -0.04885399 -0.04762297 -0.03374499
v -0.03682500 -0.05462294 -0.04657596
v -0.03682500 -0.04762297 -0.04657596
v -0.02156597 -0.05462294 -0.05531996
v -0.02156597 -0.04762298 -0.05531996
v -0.00441396 -0.05462295 -0.05921094
v -0.00441396 -0.04762298 -0.05921095
v 0.01214295 -0.04762298 -0.05812095
v 0.01263397 -0.04775696 -0.05801599
v 0.01299297 -0.04812300 -0.05793696
v 0.01312398 -0.04862296 -0.05790698
v 0.01312398 -0.05362297 -0.05790698
v 0.01299297 -0.05412299 -0.05793695
v 0.01263397 -0.05448895 -0.05801599
v 0.01214295 -0.05462295 -0.05812095
v 0.01312696 -0.05448800 -0.05957096
v 0.01263695 -0.05462295 -0.05967700
v 0.01214295 -0.05462295 -0.05812095
v 0.01263397 -0.05448895 -0.05801599
v 0.01299297 -0.05412299 -0.05793695
v 0.01348698 -0.05412399 -0.05948996
v 0.01312398 -0.05362297 -0.05790698
v 0.01361697 -0.05362297 -0.05946099
v 0.01361697 -0.04862296 -0.05946099
v 0.01312398 -0.05362297 -0.05790698
v 0.01312398 -0.04862296 -0.05790698
v 0.01348698 -0.04812199 -0.05948996
v 0.01312398 -0.04862296 -0.05790698
v 0.01299297 -0.04812300 -0.05793696
v 0.01263397 -0.04775696 -0.05801599
v 0.01312696 -0.04775798 -0.05957096
v 0.01214295 -0.04762298 -0.05812095
v 0.01263695 -0.04762298 -0.05967700
v -0.00575596 -0.05462295 -0.06072795
v 0.01205796 -0.05462295 -0.05979596
v 0.01205694 -0.05562300 -0.05979495
v -0.00575697 -0.05562300 -0.06072598
v -0.00575697 -0.05562300 -0.06072598
v 0.01205694 -0.07572300 -0.05979394
v 0.00390500 -0.07572300 -0.06087499
v -0.00575697 -0.07572300 -0.06072794
v 0.01806294 -0.05562300 -0.05826199
v 0.01806294 -0.07572300 -0.05826198
v 0.01806294 -0.07572300 -0.05826198
v 0.01806294 -0.05562300 -0.05826199
v 0.01882696 -0.07572300 -0.05802499
v 0.01844495 -0.07572300 -0.05814295
v 0.00389194 -0.07592296 -0.06067496
v 0.00390500 -0.07572300 -0.06087499
v 0.01205694 -0.07572300 -0.05979394
v 0.01806294 -0.07572300 -0.05826198
v -0.05525499 -0.07592296 0.02536798
v -0.06024396 -0.07592296 0.00820500
v -0.06002599 -0.07592296 -0.00966697
v -0.05462199 -0.07592296 -0.02670299
v -0.04449695 -0.07592296 -0.04143195
v -0.03052699 -0.07592296 -0.05258094
v -0.01391899 -0.07592296 -0.05918496
v 0.00389194 -0.07592296 -0.06067496
v 0.01838499 -0.07592296 -0.05795495
v 0.03179699 -0.07592296 -0.05182295
v 0.04549098 -0.07592296 -0.04033796
v 0.03402596 -0.07592296 -0.04257297
v 0.02065396 -0.07592296 -0.05043493
v 0.00560796 -0.07592296 -0.05421096
v -0.00989199 -0.07592296 -0.05359493
v -0.02459096 -0.07592296 -0.04863696
v -0.03729695 -0.07592296 -0.03973894
v -0.04698199 -0.07592296 -0.02762096
v -0.05286097 -0.07592296 -0.01326595
v -0.05445694 -0.07592296 0.00216395
v -0.05164098 -0.07592296 0.01741899
v -0.04464197 -0.07592296 0.03126199
v -0.01396495 -0.07572300 -0.05937999
v -0.00575697 -0.07572300 -0.06072794
v 0.00390500 -0.07572300 -0.06087499
v 0.00389194 -0.07592296 -0.06067496
v -0.01391899 -0.07592296 -0.05918496
v -0.03052699 -0.07592296 -0.05258094
v -0.03062796 -0.07572300 -0.05275398
v -0.02307897 -0.07572300 -0.05646597
v -0.01396495 -0.07572300 -0.05937999
v -0.02307897 -0.07572300 -0.05646597
v -0.02307897 -0.05562300 -0.05646395
v -0.02307796 -0.05562300 -0.05646497
v -0.03062796 -0.07572300 -0.05275398
v -0.03842699 -0.07572300 -0.04737495
v -0.03842699 -0.05562299 -0.04737395
v -0.03842598 -0.05562299 -0.04737496
v -0.03842699 -0.05462294 -0.04737496
v -0.02307796 -0.05462294 -0.05646598
v -0.02307796 -0.05562300 -0.05646497
v -0.02307897 -0.05562300 -0.05646395
v -0.03842598 -0.05562299 -0.04737496
v -0.05048894 -0.05462294 -0.03423297
v -0.03842699 -0.05562299 -0.04737395
v -0.05048799 -0.05562299 -0.03423297
v -0.05823296 -0.05462294 -0.01816296
v -0.05048894 -0.05562299 -0.03423196
v -0.05823296 -0.05562299 -0.01816296
v -0.06099796 -0.05462294 -0.00054000
v -0.05823397 -0.05562299 -0.01816195
v -0.06099796 -0.05562299 -0.00054000
v -0.05854594 -0.05462294 0.01712900
v -0.06099796 -0.05562299 -0.00053900
v -0.05854594 -0.05562299 0.01712900
v -0.05823397 -0.07572299 -0.01816194
v -0.06022399 -0.07572299 -0.00969898
v -0.06099796 -0.07572299 -0.00053899
v -0.06099796 -0.05562299 -0.00053900
v -0.06099796 -0.05562299 -0.00054000
v -0.05823397 -0.05562299 -0.01816195
v -0.06044197 -0.07572299 0.00823200
v -0.05854594 -0.07572299 0.01712996
v -0.05854594 -0.05562299 0.01712995
v -0.05854594 -0.05562299 0.01712900
v -0.06002599 -0.07592296 -0.00966697
v -0.06024396 -0.07592296 0.00820500
v -0.06044197 -0.07572299 0.00823200
v -0.06099796 -0.07572299 -0.00053899
v -0.06022399 -0.07572299 -0.00969898
v -0.05525499 -0.07592296 0.02536798
v -0.05543696 -0.07572299 0.02545101
v -0.05854594 -0.07572299 0.01712996
v -0.05543696 -0.07572299 0.02545101
v -0.05108696 -0.07572299 0.03333396
v -0.05108696 -0.05562299 0.03333395
v -0.05108797 -0.05562299 0.03333300
v -0.04815095 -0.07592296 0.03712297
v -0.05108696 -0.07572299 0.03333396
v -0.04564100 -0.07572299 0.04047096
v -0.05108696 -0.05462294 0.03333300
v -0.05108797 -0.05562299 0.03333300
v -0.05108696 -0.05562299 0.03333395
v -0.05854594 -0.05562299 0.01712995
v -0.04464197 -0.09749698 0.03126199
v -0.04446196 -0.09749698 0.03151799
v -0.03426998 -0.09749597 0.04237700
v -0.03402596 -0.09749597 0.04257298
v -0.03402596 -0.07592296 0.04257298
v -0.04316198 -0.07592296 0.03327596
v -0.04464197 -0.07592296 0.03126199
v -0.02105599 -0.09749597 0.05026800
v -0.02065396 -0.09749597 0.05043495
v -0.02065396 -0.07592295 0.05043495
v -0.00571799 -0.09749597 0.05419899
v -0.00560796 -0.09749597 0.05421097
v -0.00560796 -0.07592295 0.05421097
v -0.02007299 -0.09899997 0.05002296
v -0.00545299 -0.09899997 0.05362297
v -0.00571799 -0.09749597 0.05419899
v -0.02065396 -0.09749597 0.05043495
v -0.02105599 -0.09749597 0.05026800
v 0.00952297 -0.09899997 0.05305195
v 0.01019597 -0.09749597 0.05353797
v 0.00989199 -0.09749597 0.05359495
v -0.00560796 -0.09749597 0.05421097
v 0.00989199 -0.09749597 0.05359495
v 0.00989199 -0.07592295 0.05359495
v 0.01019597 -0.09749597 0.05353797
v 0.02459096 -0.09749597 0.04863698
v 0.02459096 -0.07592295 0.04863697
v 0.02499097 -0.09749597 0.04843295
v 0.03729695 -0.09749597 0.03973896
v 0.03729695 -0.07592296 0.03973896
v 0.02395796 -0.09899997 0.04828299
v 0.02499097 -0.09749597 0.04843295
v 0.02459096 -0.09749597 0.04863698
v 0.03688699 -0.09899997 0.03930098
v 0.03729695 -0.09749597 0.03973896
v 0.04666894 -0.09899997 0.02696699
v 0.04675298 -0.09749597 0.02800799
v 0.05234295 -0.09899997 0.01286299
v 0.05278497 -0.09749597 0.01356596
v 0.04698199 -0.09749597 0.02762098
v 0.04675298 -0.09749597 0.02800799
v 0.04698199 -0.09749597 0.02762098
v 0.04698199 -0.07592296 0.02762098
v 0.05278497 -0.09749597 0.01356596
v 0.05286097 -0.09749597 0.01326597
v 0.05286097 -0.07592296 0.01326597
v 0.05445694 -0.09749597 -0.00216394
v 0.05445694 -0.07592296 -0.00216394
v 0.05445295 -0.09749597 -0.00227498
v 0.05164200 -0.09749597 -0.01741897
v 0.05164098 -0.07592296 -0.01741897
v 0.05150097 -0.09749597 -0.01783095
v 0.04464197 -0.09749698 -0.03126197
v 0.04464197 -0.07592296 -0.03126197
v 0.05386096 -0.09899997 -0.00204598
v 0.05119299 -0.09899997 -0.01686595
v 0.05150097 -0.09749597 -0.01783095
v 0.05164200 -0.09749597 -0.01741897
v 0.05445295 -0.09749597 -0.00227498
v 0.04431897 -0.09899997 -0.03067695
v 0.04446196 -0.09749698 -0.03151797
v 0.04464197 -0.09749698 -0.03126197
v 0.04446196 -0.09749698 -0.03151797
v 0.03426998 -0.09749698 -0.04237698
v 0.03402596 -0.09749698 -0.04257296
v 0.03402596 -0.07592296 -0.04257297
v 0.04316198 -0.07592296 -0.03327595
v 0.03342199 -0.09899997 -0.04228698
v 0.03426998 -0.09749698 -0.04237698
v 0.02007395 -0.09899997 -0.05002193
v 0.02105695 -0.09749698 -0.05026798
v 0.03402596 -0.09749698 -0.04257296
v 0.00545299 -0.09899997 -0.05362295
v 0.00571895 -0.09749698 -0.05419897
v 0.02065396 -0.09749698 -0.05043493
v 0.02105695 -0.09749698 -0.05026798
v 0.02065396 -0.09749698 -0.05043493
v 0.02065396 -0.07592296 -0.05043493
v 0.00571895 -0.09749698 -0.05419897
v 0.00560796 -0.09749698 -0.05421095
v 0.00560796 -0.07592296 -0.05421096
v -0.00989199 -0.09749698 -0.05359493
v -0.00989199 -0.07592296 -0.05359493
v -0.00952297 -0.09899997 -0.05305193
v -0.01019597 -0.09749698 -0.05353795
v -0.00989199 -0.09749698 -0.05359493
v 0.00560796 -0.09749698 -0.05421095
v -0.01019597 -0.09749698 -0.05353795
v -0.02458995 -0.09749698 -0.04863696
v -0.02459096 -0.07592296 -0.04863696
v -0.02395796 -0.09899997 -0.04828195
v -0.02499097 -0.09749698 -0.04843293
v -0.02458995 -0.09749698 -0.04863696
v -0.02499097 -0.09749698 -0.04843293
v -0.03729695 -0.09749698 -0.03973894
v -0.03729695 -0.07592296 -0.03973894
v -0.03688597 -0.09899997 -0.03930096
v -0.03729695 -0.09749698 -0.03973894
v -0.04698199 -0.07592296 -0.02762096
v -0.03729695 -0.07592296 -0.03973894
v -0.03729695 -0.09749698 -0.03973894
v -0.04675298 -0.09749698 -0.02800797
v -0.04698199 -0.09749698 -0.02762096
v -0.04675298 -0.09749698 -0.02800797
v -0.03729695 -0.09749698 -0.03973894
v -0.03688597 -0.09899997 -0.03930096
v -0.04666799 -0.09899997 -0.02696697
v -0.05234199 -0.09899997 -0.01286297
v -0.05278497 -0.09749698 -0.01356594
v -0.04698199 -0.09749698 -0.02762096
v -0.05386096 -0.09899997 0.00204600
v -0.05445200 -0.09749698 0.00227500
v -0.05445694 -0.09749698 0.00216395
v -0.05286097 -0.09749698 -0.01326595
v -0.05278497 -0.09749698 -0.01356594
v -0.05286097 -0.09749698 -0.01326595
v -0.05286097 -0.07592296 -0.01326595
v -0.05445694 -0.09749698 0.00216395
v -0.05445694 -0.07592296 0.00216395
v -0.05445200 -0.09749698 0.00227500
v -0.05164098 -0.09749698 0.01741899
v -0.05164098 -0.07592296 0.01741899
v -0.05149996 -0.09749698 0.01783097
v -0.05119299 -0.09899997 0.01686597
v -0.05149996 -0.09749698 0.01783097
v -0.05164098 -0.09749698 0.01741899
v -0.04431897 -0.09899997 0.03067697
v -0.04446196 -0.09749698 0.03151799
v -0.04464197 -0.09749698 0.03126199
v -0.03342199 -0.09899997 0.04228700
v -0.03426998 -0.09749597 0.04237700
v -0.03402596 -0.09749597 0.04257298
v 0.05445694 -0.09749597 -0.00216394
v 0.05286097 -0.09749597 0.01326597
v -0.05462199 -0.07592296 -0.02670299
v -0.05823397 -0.07572299 -0.01816194
v -0.05480200 -0.07572299 -0.02679197
v -0.04449695 -0.07592296 -0.04143195
v -0.05048996 -0.07572300 -0.03423196
v -0.04464399 -0.07572300 -0.04156899
v -0.05048996 -0.07572300 -0.03423196
v -0.05480200 -0.07572299 -0.02679197
v -0.05823296 -0.05562299 -0.01816296
v -0.05048894 -0.05562299 -0.03423196
v -0.04464399 -0.07572300 -0.04156899
v -0.05048799 -0.05562299 -0.03423297
v -0.03842699 -0.07572300 -0.04737495
v 0.04720199 -0.04720300 -0.03864096
v 0.03930598 -0.04720300 -0.04664999
v 0.03854399 -0.03419196 -0.04732400
v 0.04723900 -0.03419196 -0.03864794
v 0.04720199 -0.04720300 -0.03864096
v 0.05115300 -0.04720300 -0.03323495
v 0.05115199 -0.04762297 -0.03323400
v 0.05618000 -0.04720300 -0.02376699
v 0.05115300 -0.04720300 -0.03323495
v 0.05037897 -0.03419196 -0.03445500
v 0.05620896 -0.03419196 -0.02378398
v 0.05618000 -0.04720300 -0.02376699
v 0.05859595 -0.04720300 -0.01695895
v 0.05859500 -0.04762297 -0.01695895
v 0.06059998 -0.04720300 -0.00698196
v 0.05859595 -0.04720300 -0.01695895
v 0.05807995 -0.03419196 -0.01875799
v 0.06063395 -0.03419196 -0.00697899
v 0.05807995 -0.03419196 -0.01875799
v 0.05620896 -0.03419196 -0.02378398
v 0.05517697 -0.00017600 -0.02745097
v 0.05864596 -0.00017600 -0.01894098
v 0.06101495 -0.03419196 -0.00152296
v 0.06063395 -0.03419196 -0.00697899
v 0.06057798 -0.00017600 -0.01132899
v 0.06160897 -0.00017600 -0.00153798
v 0.06011295 -0.04720300 0.01036798
v 0.06099498 -0.04720300 0.00077600
v 0.06101495 -0.03419196 -0.00152296
v 0.06014299 -0.03419196 0.01039099
v 0.05894398 -0.03419196 0.01583796
v 0.06014299 -0.03419196 0.01039099
v 0.06136900 -0.00017600 0.00565398
v 0.05951696 -0.00017600 0.01599198
v 0.05978900 0.00889200 -0.01084697
v 0.06073999 0.00890297 -0.00082600
v 0.06160897 -0.00017600 -0.00153798
v 0.06057798 -0.00017600 -0.01132899
v 0.05864596 -0.00017600 -0.01894098
v 0.05517697 -0.00017600 -0.02745097
v 0.05451595 0.00887996 -0.02688395
v 0.05799496 0.00888598 -0.01817399
v 0.05978900 0.00889200 -0.01084697
v 0.05038797 0.00887799 -0.03400599
v 0.05451595 0.00887996 -0.02688395
v 0.05517697 -0.00017600 -0.02745097
v 0.05086898 -0.00017600 -0.03478997
v 0.05203497 -0.03419196 0.03189796
v 0.05478197 -0.03419196 0.02690994
v 0.05748897 -0.00017600 0.02220797
v 0.05254197 -0.00017600 0.03220897
v 0.05475395 -0.04720300 0.02688896
v 0.05814498 -0.04720300 0.01844495
v 0.05894398 -0.03419196 0.01583796
v 0.05478197 -0.03419196 0.02690994
v 0.04495596 -0.04720300 0.04123097
v 0.05028897 -0.04720300 0.03452599
v 0.05203497 -0.03419196 0.03189796
v 0.04498594 -0.03419196 0.04124796
v 0.05814498 -0.04720300 0.01844495
v 0.05475395 -0.04720300 0.02688896
v 0.05028897 -0.04720300 0.03452599
v 0.05028897 -0.04762297 0.03452599
v 0.05814397 -0.04762297 0.01844495
v 0.06099498 -0.04720300 0.00077600
v 0.06011295 -0.04720300 0.01036798
v 0.06099498 -0.04762297 0.00077700
v 0.04495596 -0.04720300 0.04123097
v 0.03810399 -0.04720300 0.04763496
v 0.03810399 -0.04762297 0.04763496
v 0.03152698 -0.04720300 0.05222195
v 0.02263998 -0.04720300 0.05664396
v 0.02263998 -0.04762297 0.05664294
v 0.03152698 -0.04720300 0.05222195
v 0.03810399 -0.04720300 0.04763496
v 0.04085695 -0.03419196 0.04534196
v 0.03153496 -0.03419195 0.05225598
v 0.04085695 -0.03419196 0.04534196
v 0.04498594 -0.03419196 0.04124796
v 0.04923397 -0.00017600 0.03706997
v 0.04125499 -0.00017600 0.04578399
v 0.03153496 -0.03419195 0.05225598
v 0.03723299 -0.00017600 0.04910999
v 0.02263998 -0.04720300 0.05664396
v 0.02632600 -0.03419195 0.05506497
v 0.01553696 -0.04720300 0.05898898
v 0.06059998 -0.04720300 -0.00698196
v 0.02327299 -0.04812300 -0.05638599
v 0.02278000 -0.04812300 -0.05483198
v 0.02265596 -0.04862296 -0.05488300
v 0.02314895 -0.04862296 -0.05643694
v 0.02265596 -0.04862296 -0.05488300
v 0.02265596 -0.05362297 -0.05488300
v 0.02314895 -0.05362297 -0.05643694
v 0.02314895 -0.04862296 -0.05643694
v 0.02327299 -0.05412298 -0.05638599
v 0.02314895 -0.05362297 -0.05643694
v 0.02265596 -0.05362297 -0.05488300
v 0.02278000 -0.05412298 -0.05483198
v 0.02264100 -0.07572299 0.05664294
v 0.01396495 -0.07572299 0.05938000
v -0.03287094 0.01931595 0.03562498
v -0.00532997 -0.01498300 -0.12987600
v -0.04720497 -0.02398198 -0.05819296
v -0.04717099 -0.02336997 -0.06204599
v 0.00354195 -0.01617201 -0.27906999
v 0.00021200 -0.01617201 -0.25009099
v 0.00165695 -0.01617202 -0.37158701
v -0.00819898 -0.01617202 -0.36973300
v -0.01615697 -0.01617202 -0.36363000
v -0.03267395 -0.01617202 -0.34329900
v -0.04637700 -0.01624300 -0.32105899
v -0.04607397 -0.01617201 -0.32092899
v -0.00293499 -0.01617202 -0.35342401
v -0.00293499 -0.02877202 -0.35342401
v -0.00257999 -0.02877202 -0.35379299
v -0.00410098 -0.01617202 -0.35087201
v -0.00410098 -0.02877202 -0.35087201
v -0.05015999 -0.01288201 -0.30945000
v -0.05020499 -0.01277502 -0.30929500
v -0.05058497 -0.01171900 -0.30794701
v -0.05020499 -0.01277502 -0.30929500
v -0.05058497 -0.01171900 -0.30794701
v -0.04761999 -0.01148398 -0.30469701
v -0.03066694 -0.01013596 -0.28611001
v -0.03914499 -0.01080997 -0.29540500
v -0.04021096 -0.01089497 -0.29657301
v -0.04761999 -0.01148398 -0.30469701
v -0.05058497 -0.01171900 -0.30794701
v -0.05133497 -0.00832500 -0.30514300
vt 0.99683797 0.54830998
vt 0.98960400 0.40269899
vt 0.94296199 0.26985499
vt 0.86246800 0.15678389
vt 0.75338203 0.06990897
vt 0.62116802 0.01574897
vt 0.47439200 0.00147694
vt 0.33422101 0.02915197
vt 0.21044201 0.09338396
vt 0.10967300 0.18883000
vt 0.03831195 0.31020001
vt 0.00316197 0.45168999
vt 0.01039600 0.59730101
vt 0.05703794 0.73014498
vt 0.13753191 0.84321600
vt 0.24661800 0.93009102
vt 0.37883201 0.98425102
vt 0.52560800 0.99852300
vt 0.66577899 0.97084802
vt 0.78955799 0.90661597
vt 0.89032698 0.81116998
vt 0.96168798 0.68980002
vt 0.34143499 0.00000000
vt 0.65856498 0.00000000
vt 0.65856498 0.20121691
vt 0.34143499 0.20121691
vt 0.65856498 0.35910800
vt 0.34143499 0.35910800
vt 0.00000000 0.35910800
vt 0.00000000 0.20121691
vt 0.00000000 0.00000000
vt 1.00000000 0.66766602
vt 1.00000000 1.00000000
vt 0.52070802 1.00000000
vt 0.49957100 1.00000000
vt 0.49957100 0.66766602
vt 1.00000000 0.33233401
vt 0.49957100 0.33233401
vt 0.00000000 0.66766602
vt 0.00000000 0.50426400
vt 0.00000000 0.33233401
vt 0.24565101 1.00000000
vt 0.00000000 1.00000000
vt 0.00000000 0.74449003
vt 0.00000000 1.00000000
vt 0.00000000 0.00000000
vt 0.92315203 0.00000000
vt 1.00000000 0.00000000
vt 1.00000000 1.00000000
vt 0.51735902 0.29850799
vt 0.51506001 0.29433301
vt 0.39591700 0.15438600
vt 0.26523799 0.11196600
vt 0.00000000 0.11270400
vt 0.00119799 0.00000000
vt 0.15595600 0.00000000
vt 0.51735902 0.00000000
vt 0.00000000 0.33469501
vt 0.00000000 0.22196101
vt 0.00000000 0.00000000
vt 0.34073499 0.00000000
vt 0.34073499 0.33469501
vt 0.00000000 1.00000000
vt 1.00000000 0.00000000
vt 0.66084898 0.00000000
vt 1.00000000 0.00000000
vt 1.00000000 1.00000000
vt 0.66084898 1.00000000
vt 0.82350802 0.00000000
vt 0.90126401 0.00000000
vt 0.82350802 1.00000000
vt 0.34073499 1.00000000
vt 0.00000000 1.00000000
vt 0.00000000 0.88241202
vt 0.34073499 0.88241202
vt 0.34232301 1.00000000
vt 0.34232301 0.00000000
vt 0.65926498 1.00000000
vt 0.34073499 0.76482397
vt 0.65926498 0.76482397
vt 0.00000000 0.79878497
vt 0.00000000 0.76482397
vt 0.34073499 0.58353502
vt 0.65926498 0.58353502
vt 0.34073499 0.67417997
vt 0.00000000 0.67417997
vt 0.66268498 1.00000000
vt 0.66268498 0.00000000
vt 0.69823700 0.00000000
vt 0.79053301 0.00000000
vt 0.00000000 0.64089298
vt 0.00000000 0.58353502
vt 0.50122601 1.00000000
vt 0.50122601 0.00000000
vt 0.59917402 0.00000000
vt 0.00000000 0.50000000
vt 0.34073499 0.50000000
vt 0.32416600 1.00000000
vt 0.32416600 0.00000000
vt 0.39617899 0.00000000
vt 0.00000000 0.41646501
vt 0.34073499 0.41646501
vt 0.65926498 0.41646501
vt 0.34073499 0.23517600
vt 0.65926498 0.23517600
vt 0.34073499 0.32582000
vt 0.00000000 0.35910699
vt 0.00000000 0.32582000
vt 1.00000000 0.23517600
vt 1.00000000 0.41646501
vt 1.00000000 0.58353502
vt 1.00000000 0.76482397
vt 0.99184799 0.13436501
vt 0.97723401 0.08495301
vt 0.91844499 0.03196895
vt 0.83212501 0.01131600
vt 0.74482399 0.02934497
vt 0.68339300 0.08051097
vt 0.64826500 0.13436501
vt 0.76287502 0.13436501
vt 0.76778698 0.11514200
vt 0.79089701 0.09280800
vt 0.82598501 0.08367800
vt 0.86191398 0.09061300
vt 0.88727099 0.11146300
vt 0.89431298 0.13436501
vt 1.00000000 0.92555201
vt 1.00000000 1.00000000
vt 0.63830000 0.14964300
vt 0.44340000 0.41629100
vt 0.21678101 0.66755402
vt 0.00000000 0.86796403
vt 0.25909999 0.93399501
vt 0.51810402 1.00000000
vt 0.60053998 0.93792999
vt 0.76563299 0.78267199
vt 0.88260603 0.60324597
vt 0.94576597 0.40838701
vt 0.99041098 0.15397100
vt 0.89395499 0.13958400
vt 0.87993002 0.16603801
vt 0.84959698 0.18243399
vt 0.81259298 0.18358500
vt 0.78067702 0.16908200
vt 0.76394302 0.14357600
vt 0.00003100 1.00000000
vt 0.00003100 0.00000000
vt 0.65926498 0.00000000
vt 1.00000000 0.00000000
vt 1.00000000 0.33469501
vt 0.65926498 0.33469501
vt 0.65926498 0.66530502
vt 0.34073499 0.66530502
vt 1.00000000 0.66530502
vt 0.65926498 1.00000000
vt 0.34073499 1.00000000
vt 1.00000000 1.00000000
vt 0.34232101 1.00000000
vt 0.00000000 1.00000000
vt 0.00000000 0.00000000
vt 0.31262100 0.26472500
vt 0.34232101 0.28892201
vt 0.00000000 0.16903789
vt 0.49990600 0.00000000
vt 0.49990600 0.16903789
vt 0.68195897 0.74588400
vt 0.68195897 0.99999201
vt 1.00000000 1.00000000
vt 1.00000000 0.83096200
vt 1.00000000 0.74588400
vt 0.36454600 0.74588400
vt 0.36454600 0.99999601
vt 0.65043497 0.99998701
vt 0.66084701 1.00000000
vt 0.61410099 0.47523901
vt 0.66084701 0.49852201
vt 0.18227300 0.74588400
vt 0.18227300 0.99999899
vt 0.31706101 0.99999702
vt 0.68195897 0.50262100
vt 0.36454600 0.50262100
vt 0.00000000 0.50262100
vt 0.00000000 0.74588400
vt 0.00000000 0.74999499
vt 0.00000000 1.00000000
vt 0.79841202 0.54892898
vt 1.00000000 0.57491702
vt 1.00000000 1.00000000
vt 0.00003700 0.75000101
vt 0.00003600 0.75480300
vt 0.00000000 1.00000000
vt 0.99979401 1.00000000
vt 0.99979401 0.75000101
vt 1.00000000 1.00000000
vt 1.00000000 0.00000000
vt 0.00000000 0.00000000
vt 0.58952701 0.00000000
vt 0.63752401 1.00000000
vt 0.63807601 0.98520797
vt 0.63937902 0.89244902
vt 0.60501802 0.54877102
vt 0.00000000 1.00000000
vt 0.00000000 0.66530502
vt 0.00000000 0.60870600
vt 0.25341299 0.25551000
vt 0.50509799 0.25551000
vt 0.50509799 0.00000000
vt 0.49979499 0.00000000
vt 0.25341299 0.00000000
vt 0.75353903 0.25551000
vt 0.75353903 0.00000000
vt 1.00000000 0.25551000
vt 1.00000000 0.00000000
vt 0.75353903 0.49573600
vt 1.00000000 0.49573600
vt 1.00000000 0.33233401
vt 0.50509799 0.49573600
vt 0.75353903 0.73580098
vt 1.00000000 0.73580098
vt 1.00000000 0.66766602
vt 0.50509799 0.73580098
vt 0.25341299 0.73580098
vt 0.25341299 0.49573600
vt 0.00000000 0.25551000
vt 0.00000000 0.36818400
vt 0.00000000 0.49573600
vt 0.00000000 0.50174600
vt 0.00000000 0.62156200
vt 0.00000000 0.73580098
vt 0.99655801 0.46426901
vt 0.99671000 0.47094500
vt 0.99905199 0.61301798
vt 0.50000000 0.61301798
vt 0.50000000 0.46426901
vt 0.99274498 0.33303800
vt 0.50000000 0.33303800
vt 0.98796701 0.21376000
vt 0.98811901 0.21714200
vt 0.50000000 0.21376000
vt 0.00000000 0.73935199
vt 0.00000000 0.86529601
vt 0.00000000 1.00000000
vt 0.21414500 1.00000000
vt 0.25341299 1.00000000
vt 0.98252302 0.10338900
vt 0.50000000 0.11372200
vt 0.64484203 0.10338900
vt 0.75000000 0.10338900
vt 0.75000000 0.08796697
vt 0.97706097 0.00450396
vt 0.25000000 1.00000000
vt 0.00000000 0.94437301
vt 0.00000000 0.91880798
vt 0.00000000 0.88350201
vt 0.00000000 0.87067300
vt 0.25000000 0.87067300
vt 1.00000000 0.50000000
vt 1.00000000 1.00000000
vt 0.74939102 1.00000000
vt 0.50000000 1.00000000
vt 0.50000000 0.50000000
vt 0.50000000 1.00000000
vt 0.49878499 1.00000000
vt 0.50000000 0.87067300
vt 0.49878201 1.00000000
vt 0.24817200 1.00000000
vt 0.00106496 1.00000000
vt 0.00000000 0.00000000
vt 0.18635900 0.00000000
vt 0.37289599 0.00000000
vt 0.46454301 0.00000000
vt 0.50000000 0.00000000
vt 0.75000000 1.00000000
vt 0.75000000 0.87067300
vt 0.99662697 0.87067300
vt 0.99650598 1.00000000
vt 0.99686497 0.73965800
vt 0.75000000 0.73965800
vt 0.50000000 0.73965800
vt 0.97533101 0.50020599
vt 1.00000000 0.99440199
vt 0.48022300 0.99590200
vt 0.29824799 0.99280602
vt 0.11475900 0.99444300
vt 0.00661397 1.00000000
vt 0.00324398 0.50416201
vt 0.00321496 0.50020599
vt 0.99732798 0.60571301
vt 0.99708098 0.66220897
vt 0.75000000 0.60571301
vt 0.00000000 0.49995100
vt 0.00000000 1.00000000
vt 0.09296095 1.00000000
vt 0.32014000 1.00000000
vt 0.55739498 1.00000000
vt 0.80814701 1.00000000
vt 0.94011497 1.00000000
vt 1.00000000 1.00000000
vt 1.00000000 0.49995100
vt 1.00000000 0.00000000
vt 0.49789399 0.00000000
vt 0.00000000 0.00000000
vt 0.00000000 0.49615300
vt 0.00000000 0.00831497
vt 0.07814997 0.00530594
vt 0.16500799 0.00313997
vt 0.33505800 0.00102699
vt 0.48322600 0.00007000
vt 0.61588198 0.00052400
vt 0.73810601 0.00241899
vt 0.85007799 0.00409800
vt 0.95073497 0.00204998
vt 0.97515100 0.49755400
vt 1.00000000 0.49897900
vt 1.00000000 1.00000000
vt 0.76291001 1.00000000
vt 0.44061601 1.00000000
vt 0.10492600 1.00000000
vt 0.00000000 1.00000000
vt 0.00000000 0.50154603
vt 0.00000000 0.49897900
vt 0.00000000 0.00000000
vt 1.00000000 0.00000000
vt 1.00000000 0.84376699
vt 1.00000000 0.86338502
vt 0.50360900 1.00000000
vt 0.00000000 1.00000000
vt 0.00000000 0.84376699
vt 0.00376898 0.36811101
vt 0.00547796 0.22394200
vt 0.00583994 0.19333901
vt 0.16602500 0.19333901
vt 0.16602500 0.36811101
vt 0.00589299 0.18894400
vt 0.00635099 0.15030000
vt 0.00687099 0.10636700
vt 0.00698596 0.09666895
vt 0.16602500 0.09666895
vt 0.33210501 0.19333901
vt 0.33210501 0.36811101
vt 0.33210501 0.09666895
vt 0.49895099 0.09666895
vt 0.49895099 0.19333901
vt 0.49895099 0.36811101
vt 0.49895099 0.51568198
vt 0.33210501 0.51568198
vt 0.16602500 0.51568198
vt 0.33210501 0.64753801
vt 0.16602500 0.64753801
vt 0.49895099 0.64753801
vt 0.00202096 0.51568198
vt 0.00045800 0.64753801
vt 0.16602500 0.71057200
vt 0.00000000 0.68619198
vt 0.33210501 0.74714500
vt 0.41382799 0.77061498
vt 0.49895099 0.77061498
vt 0.49895099 0.80072999
vt 0.44546899 0.78095299
vt 0.66604102 0.87750202
vt 0.66604102 0.77061498
vt 0.66604102 0.64753801
vt 0.68704599 0.88770801
vt 0.83305901 0.77061498
vt 0.83305901 0.88770801
vt 0.83305901 0.64753801
vt 0.66604102 0.51568198
vt 0.83305901 0.51568198
vt 0.94745302 0.51568198
vt 0.93191600 0.64753801
vt 0.91744798 0.77061498
vt 0.50509799 1.00000000
vt 0.56863397 1.00000000
vt 0.64311099 1.00000000
vt 0.72250402 1.00000000
vt 0.75353903 1.00000000
vt 0.96460301 0.36811101
vt 0.95351702 0.46387300
vt 0.83305901 0.36811101
vt 0.81066400 1.00000000
vt 0.91408801 1.00000000
vt 1.00000000 1.00000000
vt 0.98425299 0.19333901
vt 0.83305901 0.19333901
vt 0.66604102 0.19333901
vt 0.66604102 0.36811101
vt 0.66604102 0.08510899
vt 0.83305901 0.07216399
vt 0.49895099 0.08762097
vt 0.22576299 0.79452801
vt 0.24168999 0.79723001
vt 0.36520901 0.81818199
vt 0.48881999 0.83915102
vt 0.61246300 0.86012501
vt 0.73585600 0.88105601
vt 0.75965703 0.88509399
vt 0.81379801 0.89427698
vt 0.85315299 0.90095299
vt 0.89254397 0.91597199
vt 1.00000000 1.00000000
vt 0.99550700 0.97951800
vt 0.98298502 0.96189100
vt 0.94947302 0.92568803
vt 0.76141602 0.69989097
vt 0.59514701 0.45705900
vt 0.45215100 0.19935800
vt 0.41807401 0.13054000
vt 0.35357401 0.05276995
vt 0.26149899 0.01297795
vt 0.22576299 0.00990099
vt 0.22576299 0.17593300
vt 0.22773400 0.17597200
vt 0.25425300 0.18506201
vt 0.27173200 0.20728990
vt 0.27460501 0.23559900
vt 0.26197401 0.26099199
vt 0.23785201 0.27541801
vt 0.22576299 0.27693200
vt 0.85459000 0.06977397
vt 1.00000000 0.04696696
vt 0.16167501 0.01972895
vt 0.07559400 0.07156997
vt 0.02179098 0.15734001
vt 0.01185196 0.25857100
vt 0.04698199 0.52187401
vt 0.11822000 0.77628499
vt 0.20988600 0.27429599
vt 0.18696301 0.25796500
vt 0.17636301 0.23162900
vt 0.18143199 0.20364200
vt 0.20058700 0.18288800
vt 0.17944691 0.00000100
vt 0.12978099 0.00000100
vt 0.09255599 0.00000100
vt 0.09255599 0.99999899
vt 0.17944691 0.99999899
vt 0.00000000 0.00000000
vt 0.00000000 0.99999797
vt 0.90744400 0.99999797
vt 1.00000000 0.99999797
vt 1.00000000 0.00000000
vt 0.90744400 0.00000000
vt 0.82055300 0.00000000
vt 0.82055300 0.99999797
vt 0.87978101 0.99999797
vt 0.72544098 0.00000100
vt 0.72544098 0.99999899
vt 0.63577801 0.00000100
vt 0.63577801 0.99999899
vt 0.62978101 0.00000100
vt 0.54797602 0.00000100
vt 0.54797602 1.00000000
vt 0.45202401 0.00000200
vt 0.45202401 1.00000000
vt 1.00000000 0.50000000
vt 1.00000000 0.58980399
vt 1.00000000 0.64089203
vt 0.65856498 0.64089203
vt 0.65856498 0.50000000
vt 1.00000000 0.79878300
vt 0.65856498 0.79878300
vt 0.34143499 0.50000000
vt 0.34143499 0.64089203
vt 0.34143499 0.79878300
vt 0.65856498 1.00000000
vt 0.34493399 1.00000000
vt 0.34143499 1.00000000
vt 1.00000000 1.00000000
vt 0.66030598 1.00000000
vt 0.00000000 0.87537003
vt 0.00000000 0.87469500
vt 0.00000000 0.74961102
vt 1.00000000 0.74961102
vt 1.00000000 0.87469500
vt 1.00000000 0.87537003
vt 0.00000000 1.00000000
vt 0.34143499 1.00000000
vt 0.33969399 1.00000000
vt 0.00000000 0.66641903
vt 0.34143499 0.66641903
vt 0.65856498 1.00000000
vt 0.65506601 1.00000000
vt 0.65856498 0.66641903
vt 0.00000000 0.74826097
vt 0.00000000 0.62505299
vt 1.00000000 0.62505299
vt 1.00000000 0.74826097
vt 1.00000000 0.66641903
vt 1.00000000 1.00000000
vt 0.99396402 1.00000000
vt 0.00000000 0.62295598
vt 0.00000000 0.50000000
vt 1.00000000 0.50000000
vt 1.00000000 0.62295598
vt 0.66360998 1.00000000
vt 1.00000000 1.00000000
vt 1.00000000 0.79934400
vt 1.00000000 0.59868801
vt 1.00000000 0.39803201
vt 1.00000000 0.19737600
vt 1.00000000 0.00000000
vt 0.66360998 0.00000000
vt 1.00000000 0.37500000
vt 0.00000000 0.37500000
vt 0.15918989 1.00000000
vt 0.00000000 1.00000000
vt 0.00000000 0.80262399
vt 0.00000000 0.60196799
vt 0.00000000 0.40131199
vt 0.00000000 0.20065591
vt 0.00000000 0.00000000
vt 0.08731400 0.00000000
vt 0.15918989 0.00000000
vt 1.00000000 0.25000000
vt 0.00000000 0.25000000
vt 1.00000000 0.12500000
vt 0.00000000 0.12500000
vt 0.00000000 0.00000000
vt 1.00000000 0.00000000
vt 0.65926498 0.00000000
vt 1.00000000 0.00000000
vt 1.00000000 0.33359501
vt 0.65926498 0.33359501
vt 0.66084701 0.00000000
vt 0.66084701 1.00000000
vt 1.00000000 0.66643202
vt 0.65926498 0.66643202
vt 0.33078399 1.00000000
vt 0.33078399 0.00000000
vt 1.00000000 1.00000000
vt 0.79577398 0.99766302
vt 0.65926498 0.99325597
vt 0.00000000 0.00000000
vt 0.00000000 1.00000000
vt 0.65856498 0.00000000
vt 1.00000000 0.00000000
vt 1.00000000 0.33358100
vt 0.65856498 0.33358100
vt 0.34143499 0.33358100
vt 0.34143499 0.00000000
vt 0.00000400 0.34143001
vt 0.00000500 0.26429600
vt 0.00000500 0.00001400
vt 0.47312999 0.00000700
vt 1.00000000 0.34143001
vt 1.00000000 0.65856999
vt 0.00000300 0.65856999
vt 0.00000400 0.50000399
vt 0.00000000 0.73566997
vt 0.00000000 0.65853900
vt 0.50801998 0.49999300
vt 0.50801998 0.73566997
vt 0.00000100 0.34141299
vt 0.00000100 0.26431999
vt 0.50801998 0.26431999
vt 1.00000000 1.00000000
vt 0.00000000 1.00000000
vt 0.00000300 0.73566699
vt 0.00000100 0.00000000
vt 0.50801998 0.00000000
vt 1.00000000 0.00000000
vt 1.00000000 0.17109400
vt 1.00000000 0.26431999
vt 0.00000000 0.17105100
vt 0.00000100 0.00000000
vt 0.31729400 0.00000000
vt 0.50733399 0.00000000
vt 0.50733399 0.17105100
vt 0.10913000 0.65891898
vt 0.15635900 1.00000000
vt 1.00000000 1.00000000
vt 0.99633700 0.86672401
vt 0.99371201 0.74304098
vt 0.99237502 0.65891898
vt 0.99104702 0.53050798
vt 0.99039602 0.34694999
vt 0.99039102 0.34108099
vt 0.05443400 0.34108099
vt 0.07898700 0.48013899
vt 1.00000000 0.24900199
vt 1.00000000 0.43171799
vt 1.00000000 0.47501701
vt 0.00000000 0.47501701
vt 0.00000000 0.33727601
vt 0.00000000 0.24900199
vt 1.00000000 0.12450100
vt 1.00000000 0.21587300
vt 0.00000000 0.12450100
vt 0.13400100 0.04833495
vt 0.16602500 0.05532300
vt 0.00747096 0.05575394
vt 0.00755894 0.04833495
vt 0.06110095 0.02416700
vt 0.00780100 0.02787196
vt 0.00784498 0.02416700
vt 0.00000000 0.00000000
vt 1.00000000 0.00000000
vt 1.00000000 0.10795400
vt 0.00813198 0.00000000
vt 0.33210501 0.07782000
vt 1.00000000 0.67120898
vt 0.00000000 0.67120898
vt 0.00000000 0.67734998
vt 0.99050301 0.17548500
vt 0.99084401 0.00000000
vt 0.00000000 0.00000000
vt 0.65899301 0.00000000
vt 1.00000000 0.00000000
vt 1.00000000 0.34210101
vt 0.50733399 0.34210101
vt 1.00000000 0.99998599
vt 0.71281600 0.71209502
vt 0.57524902 0.43785900
vt 0.46431699 0.00000000
vt 0.00524497 0.00000000
vt 0.00000000 1.00000000
vt 0.57858402 0.99999201
vt 0.00000000 0.49999300
vt 0.00000000 0.34211001
vt 0.49719000 0.00000000
vt 0.49719000 0.49999300
vt 1.00000000 0.49997699
vt 1.00000000 0.65784901
vt 0.50733399 0.65784901
vt 0.50733399 0.49997500
vt 0.49719000 0.99985802
vt 0.16034999 0.99976599
vt 0.00000000 0.99972302
vt 0.00000000 0.65788299
vt 0.99999899 0.49999300
vt 0.99999702 0.99999601
vt 0.57819599 0.99988002
vt 1.00000000 0.00000000
vt 0.00000000 1.00000000
vt 0.00000000 0.50058299
vt 0.00000000 0.00000000
vt 1.00000000 0.00000000
vt 1.00000000 0.50014299
vt 1.00000000 1.00000000
vt 0.69331598 1.00000000
vt 0.53845203 0.84032798
vt 0.58897603 0.99999303
vt 0.41405100 0.99997801
vt 0.41405100 0.84032798
vt 0.66526800 0.99999797
vt 0.62223703 0.99999797
vt 0.43631601 0.99999601
vt 0.33184999 0.84779698
vt 0.33184999 0.50000000
vt 0.66526800 0.50000000
vt 0.27465299 0.78154802
vt 0.16513200 0.68730098
vt 0.00000100 0.60761303
vt 0.00000100 0.50000000
vt 0.00000100 0.00028600
vt 0.33184999 0.00025100
vt 0.35066599 0.00024600
vt 0.66526800 0.00013800
vt 0.99873799 0.50000000
vt 0.99763399 1.00000000
vt 0.33122700 0.98105103
vt 0.18759200 0.97603703
vt 0.17195600 0.97551799
vt 0.15753999 0.97525001
vt 0.17165300 0.89913499
vt 0.18938300 0.66759700
vt 0.17928199 0.50000000
vt 0.49963099 0.50000000
vt 0.02982497 0.50000000
vt 0.00000000 1.00000000
vt 0.49963099 1.00000000
vt 0.49963099 0.00000000
vt 0.34653199 0.00000000
vt 0.05579400 0.00000000
vt 0.00234598 0.24083200
vt 0.00790697 0.20485200
vt 0.04007595 0.12081000
vt 0.50365198 0.12081000
vt 0.50365198 0.24083200
vt 0.06354200 0.08556497
vt 0.15657599 0.00000000
vt 0.50365198 0.00000000
vt 0.99591303 0.12081000
vt 0.99671400 0.24083200
vt 0.99549299 0.00000000
vt 1.00000000 0.50000000
vt 0.99782699 0.36273101
vt 0.50365198 0.36273101
vt 0.99896300 0.49110600
vt 0.50365198 0.49110600
vt 0.00964898 0.36273101
vt 0.04259794 0.49110600
vt 0.03668797 0.47142699
vt 0.25182599 0.49110600
vt 0.50365198 0.63422799
vt 0.25182599 0.63422799
vt 0.99979800 0.63422799
vt 0.50365198 0.72053498
vt 0.25182599 0.72053498
vt 0.99982202 0.80684203
vt 0.50365198 0.80684203
vt 0.99914402 0.90342098
vt 0.50365198 0.90342098
vt 0.99775302 1.00000000
vt 0.87833703 1.00000000
vt 0.75714803 1.00000000
vt 0.63484401 1.00000000
vt 0.51254398 1.00000000
vt 0.50365198 1.00000000
vt 0.25182599 0.80684203
vt 0.25182599 0.90342098
vt 0.39228600 1.00000000
vt 0.27547500 1.00000000
vt 0.25182599 1.00000000
vt 1.00000000 0.28612101
vt 1.00000000 0.41785899
vt 1.00000000 0.42833701
vt 0.49943399 0.42833701
vt 0.49943399 0.28612101
vt 1.00000000 0.57227498
vt 0.49943399 0.57227498
vt 0.00217897 0.57227498
vt 0.00164199 0.42833701
vt 0.24971689 0.42833701
vt 0.24971689 0.28612101
vt 0.00193495 0.39265400
vt 0.00217497 0.37500501
vt 0.00231695 0.36622599
vt 0.00239295 0.36184999
vt 0.00243199 0.35966501
vt 0.00245196 0.35857299
vt 0.00245696 0.35830000
vt 0.00245899 0.35819501
vt 0.00246298 0.35798499
vt 0.00248295 0.35689899
vt 0.00337398 0.30880100
vt 0.00352395 0.30057701
vt 0.00352895 0.30029100
vt 0.00353098 0.30021000
vt 0.00353098 0.30018499
vt 0.00353098 0.30017599
vt 0.00353098 0.30017400
vt 0.00353098 0.30017400
vt 0.00353098 0.30017400
vt 0.00357497 0.29537901
vt 0.00360799 0.28612101
vt 0.24971689 0.14706200
vt 0.49943399 0.14706200
vt 0.00113594 0.14706200
vt 0.70248598 0.00000000
vt 0.84162802 0.00000000
vt 0.99901599 0.00000000
vt 0.99901497 0.02773296
vt 0.99894500 0.19726101
vt 0.99897897 0.20862600
vt 0.99898797 0.21452799
vt 0.99898797 0.21452799
vt 0.99898797 0.21452799
vt 0.99898797 0.21452799
vt 0.99898797 0.21452799
vt 0.99898797 0.21452799
vt 0.99898702 0.21454100
vt 0.99898398 0.21457300
vt 0.99896997 0.21467300
vt 0.99890298 0.21502700
vt 0.99757099 0.22520500
vt 0.99896801 0.28458899
vt 0.99896997 0.28592601
vt 0.99896997 0.28618500
vt 0.99896997 0.28631401
vt 0.99896997 0.28665000
vt 0.99897301 0.28799301
vt 0.99898601 0.29068100
vt 0.99904299 0.29606000
vt 0.99924397 0.30683300
vt 0.99974400 0.32843101
vt 0.99973601 0.37185901
vt 0.99893498 0.54608297
vt 0.99792600 0.72199601
vt 0.99870002 0.82882398
vt 0.99876899 0.85581201
vt 0.99876899 0.85750198
vt 0.99876797 0.85822701
vt 0.99876797 0.85825402
vt 0.99876797 0.85831302
vt 0.99876797 0.85845399
vt 0.99876702 0.85960501
vt 0.99875897 0.86206198
vt 0.99872500 0.86759299
vt 0.99842900 0.89791101
vt 0.99812597 1.00000000
vt 0.73654300 0.99946302
vt 0.70248598 0.99935001
vt 0.00346398 0.12738600
vt 0.00346398 0.10116800
vt 0.00346696 0.07353097
vt 0.24971689 0.07353097
vt 0.10550100 0.16219600
vt 0.03687000 0.00000000
vt 0.18840100 0.00000000
vt 0.18840100 0.16219600
vt 0.32238001 0.00000000
vt 0.37680200 0.00000000
vt 0.37680200 0.16219600
vt 0.06139796 0.32556900
vt 0.06183600 0.32471001
vt 0.18840100 0.32556900
vt 0.37680200 0.32556900
vt 0.00163096 0.49210799
vt 0.37680200 0.49210799
vt 0.64180201 0.32556900
vt 0.64180201 0.49210799
vt 0.64180201 0.16219600
vt 0.64180201 0.66159201
vt 0.37680200 0.66159201
vt 0.03313297 0.66159201
vt 0.00156200 0.51590300
vt 0.00346696 0.07337599
vt 0.00347400 0.04147797
vt 0.00347400 0.03676599
vt 0.24971689 0.03676599
vt 0.00347799 0.00865698
vt 0.00347894 0.00027800
vt 0.17276900 0.00029500
vt 0.24971689 0.00028300
vt 0.37680200 0.76490200
vt 0.30136400 0.74815798
vt 0.03705698 0.70794302
vt 0.52257401 0.30379301
vt 0.51155800 0.42737100
vt 0.51332802 0.43346700
vt 0.41539600 0.43346700
vt 0.41539600 0.30379301
vt 0.54182702 0.16056700
vt 0.52926397 0.24431001
vt 0.41539600 0.16056700
vt 0.35103399 0.00028900
vt 0.49943399 0.00030500
vt 0.49943399 0.03676599
vt 0.41539600 0.00000000
vt 0.58333802 0.00000000
vt 0.57388902 0.02717298
vt 0.52781802 0.00032000
vt 0.75186998 0.00051200
vt 1.00000000 0.00004700
vt 1.00000000 0.07353097
vt 0.49943399 0.07353097
vt 1.00000000 0.11894400
vt 1.00000000 0.14706200
vt 0.21397699 1.00000000
vt 0.15657200 1.00000000
vt 0.15023300 0.90342098
vt 0.17580900 0.47316799
vt 0.14082600 0.30288601
vt 0.11287700 0.21695501
vt 0.08128297 0.14075489
vt 0.04225599 0.06614398
vt 0.00000000 0.00204599
vt 0.69519401 0.00127697
vt 1.00000000 0.00000000
vt 0.99888802 0.42709401
vt 0.33120200 0.66666698
vt 0.22378001 0.66666698
vt 0.22378001 0.89027703
vt 0.33120200 0.94381797
vt 0.66462100 0.66666698
vt 0.41707799 0.99999601
vt 0.58507901 0.99999702
vt 0.66462100 0.99999303
vt 0.66462100 0.33333299
vt 0.33120200 0.33333299
vt 0.00137597 0.33333299
vt 0.00000000 0.56858802
vt 0.22378001 0.56858802
vt 1.00000000 0.66666698
vt 1.00000000 0.50000000
vt 0.99999899 0.33333299
vt 0.79371500 0.99999303
vt 1.00000000 0.99999899
vt 1.00000000 0.75000000
vt 0.20653000 0.00000100
vt 0.33581901 0.00000100
vt 0.20653000 0.16056700
vt 0.00000000 0.16056700
vt 0.00000000 0.00000100
vt 0.50000000 0.75000000
vt 0.00000000 0.75000000
vt 0.00000000 0.99999899
vt 0.50000000 0.99999702
vt 0.49961099 0.82984102
vt 0.49961099 1.00000000
vt 1.00000000 0.83943403
vt 1.00000000 0.82984102
vt 0.00000000 0.30379301
vt 0.00000000 0.17015991
vt 0.20653000 0.30379301
vt 0.49961099 0.65968102
vt 1.00000000 0.69620699
vt 1.00000000 0.65968102
vt 0.00000000 0.82984102
vt 0.00000000 1.00000000
vt 0.00000000 0.65968102
vt 0.00000000 0.74141198
vt 0.50927800 0.74141198
vt 0.50927800 1.00000000
vt 0.51111799 1.00000000
vt 1.00000000 1.00000000
vt 1.00000000 0.82984102
vt 1.00000000 0.74141198
vt 0.50173098 0.75000000
vt 0.00000100 0.75000000
vt 0.50173098 0.99999499
vt 0.50039798 0.99999702
vt 1.00000000 0.75000000
vt 0.50173098 0.50000000
vt 0.00000100 0.50000000
vt 0.50000000 0.50000000
vt 1.00000000 0.50000000
vt 0.00000000 0.50000000
vt 0.00000000 0.66666698
vt 0.50000000 0.25000000
vt 0.00000000 0.25000000
vt 0.00000000 0.33333501
vt 1.00000000 0.25000000
vt 1.00000000 0.24999300
vt 1.00000000 0.00000200
vt 0.49999899 0.00000100
vt 0.48487300 0.00000100
vt 0.00000000 0.00000200
vt 0.51507300 1.00000000
vt 0.49994701 1.00000000
vt 0.00000000 1.00000000
vt 0.00000000 0.75028402
vt 0.00000000 0.74850100
vt 0.51507300 0.74850100
vt 0.75028402 0.00003800
vt 0.99999702 0.50825900
vt 0.75028402 0.50825900
vt 0.50173098 0.25000000
vt 0.50173098 0.00000800
vt 0.49445200 0.00000700
vt 0.00000100 0.00001500
vt 0.00000100 0.25000000
vt 0.00000000 0.25000700
vt 1.00000000 0.49999899
vt 1.00000000 0.25000000
vt 1.00000000 0.00000000
vt 0.68713200 0.00001400
vt 0.67147899 0.00001500
vt 0.66739398 0.00001500
vt 0.66739398 0.00001500
vt 0.66739398 0.00001500
vt 0.66739398 0.00001500
vt 0.66739398 0.00001500
vt 0.66739398 0.00001500
vt 0.66732597 0.00001500
vt 0.66717798 0.00001500
vt 0.66687900 0.00001500
vt 0.66565299 0.00001500
vt 0.66025400 0.00001400
vt 0.64706600 0.00001400
vt 0.61116803 0.00001300
vt 0.99999702 0.51544201
vt 0.99999499 0.62279499
vt 0.99999303 0.65780401
vt 0.99999201 0.67064399
vt 0.99999201 0.67589802
vt 0.99999201 0.67708999
vt 0.99999201 0.67738003
vt 0.99999201 0.67752397
vt 0.99999201 0.67759103
vt 0.99999201 0.67759103
vt 0.99999201 0.67759103
vt 0.99999201 0.67759103
vt 0.99999201 0.67759103
vt 0.99999201 0.67759103
vt 0.99999100 0.68156302
vt 0.99998999 0.69677800
vt 0.99997002 1.00000000
vt 0.76693898 1.00000000
vt 0.75028402 1.00000000
vt 0.74997598 0.00000000
vt 1.00000000 1.00000000
vt 0.74997598 1.00000000
vt 0.75000000 1.00000000
vt 0.75000000 0.00000000
vt 0.00000000 1.00000000
vt 0.00013400 0.00005600
vt 0.25005600 0.00004200
vt 0.49997801 0.00002800
vt 0.74989998 0.00001400
vt 0.99981499 0.00000000
vt 0.50000000 0.99999702
vt 0.25000000 0.99999797
vt 0.00029600 0.74998301
vt 0.00029600 0.75037801
vt 0.00039500 0.99998897
vt 1.00000000 0.99998802
vt 0.68586600 0.75083101
vt 0.68548799 0.74998301
vt 0.74958801 1.00000000
vt 0.49997801 1.00000000
vt 0.49997801 0.00000000
vt 0.73209602 0.00000000
vt 0.00019700 0.49998099
vt 0.00019700 0.50083703
vt 0.69028801 0.49998099
vt 0.49912599 1.00000000
vt 0.24999700 1.00000000
vt 0.24999700 0.00000000
vt 0.46367800 0.00000000
vt 0.00009800 0.24998000
vt 0.00009900 0.25131801
vt 0.69821298 0.48115301
vt 0.81057501 0.24998000
vt 0.24866000 1.00000000
vt 0.00000000 1.00000000
vt 0.00000000 0.00000000
vt 0.19513489 0.00000000
vt 0.82910299 0.21457000
vt 0.83806503 0.19954690
vt 0.95098603 0.00000000
vt 0.00000000 0.00178295
vt 0.19959299 1.00000000
vt 0.13869600 1.00000000
vt 0.00000000 1.00000000
vt 0.00058300 0.95664400
vt 0.01451897 0.67262000
vt 0.19959299 0.67262000
vt 0.24995001 1.00000000
vt 0.00000000 1.00000000
vt 0.00000000 0.00000000
vt 0.24995001 0.00000000
vt 0.18836500 0.97376603
vt 0.00906998 1.00000000
vt 0.00000000 0.00000000
vt 0.18819989 0.00000000
vt 0.18836500 0.00000000
vt 0.50000000 1.00000000
vt 0.00000000 1.00000000
vt 0.00000000 0.00000000
vt 0.20679100 0.00000000
vt 0.43222100 0.00000000
vt 0.50000000 0.00000000
vt 0.00002800 0.98634702
vt 0.00000000 0.00001900
vt 1.00000000 0.00000000
vt 0.99655002 1.00000000
vt 0.05037599 0.99999499
vt 0.04875797 0.99999499
vt 0.00031000 0.99999499
vt 0.00021200 0.68202502
vt 0.00010700 0.34101501
vt 0.00000000 0.00000700
vt 0.01167500 0.00000600
vt 0.05037599 0.00000500
vt 0.58027101 0.00000000
vt 0.62248999 0.00000000
vt 1.00000000 0.00000000
vt 1.00000000 1.00000000
vt 0.00000000 0.71433300
vt 0.00000000 0.61031997
vt 0.00000000 0.57145602
vt 1.00000000 0.57145602
vt 1.00000000 0.60383701
vt 1.00000000 0.68792403
vt 1.00000000 0.71433300
vt 0.68224299 0.00000200
vt 0.92017901 0.00000100
vt 0.99816900 1.00000000
vt 0.74274498 0.68511701
vt 0.68224299 0.66966498
vt 0.99973398 0.00138599
vt 0.04823195 0.00077200
vt 0.00000000 0.99760300
vt 0.37287000 0.99873602
vt 0.99997598 0.99821800
vt 0.99997598 0.49979699
vt 0.40790001 0.00000000
vt 0.41124600 0.00000000
vt 0.67544001 0.00000000
vt 0.67544001 0.70668298
vt 0.57224703 0.89408898
vt 0.48078299 0.91645402
vt 0.40790001 0.93266702
vt 0.68410403 0.00000000
vt 1.00000000 0.00000000
vt 0.80664802 0.39881700
vt 0.74997300 1.00000000
vt 0.74274701 1.00000000
vt 0.49997199 1.00000000
vt 0.49997199 0.00000000
vt 0.68018800 0.00000000
vt 0.74997300 0.00000000
vt 0.98941600 0.00000000
vt 1.00000000 0.00000000
vt 1.00000000 1.00000000
vt 0.73040998 1.00000000
vt 0.50830799 1.00000000
vt 0.44731599 1.00000000
vt 0.44731599 0.67262000
vt 0.73040998 0.67262000
vt 0.96017301 0.67262000
vt 0.96747100 0.71566302
vt 0.98926502 0.83727902
vt 1.00000000 0.89571702
vt 0.99388897 0.89755702
vt 0.74251997 0.99876797
vt 0.74021602 1.00000000
vt 0.92768300 0.33889300
vt 0.93802202 0.51169503
vt 0.73040998 0.33889300
vt 0.44731599 0.33889300
vt 0.19959299 0.33889300
vt 0.30444399 1.00000000
vt 0.01639097 0.64942002
vt 0.05692595 0.33993399
vt 0.05710500 0.33889300
vt 0.49655700 1.00000000
vt 0.25015101 1.00000000
vt 0.34756300 0.00000000
vt 0.19959299 0.02415394
vt 0.36340600 0.01636397
vt 0.44731599 0.01307499
vt 0.12172400 0.02871698
vt 0.66890001 0.00001100
vt 0.87938100 0.00000100
vt 0.99999100 0.00000800
vt 0.99999303 0.25000000
vt 0.66890001 0.25000000
vt 0.33597401 0.00001100
vt 0.57238299 0.00000900
vt 0.33597401 0.25000000
vt 0.66336602 0.00608796
vt 0.73040998 0.00433898
vt 0.00000100 0.25000000
vt 0.00000200 0.00000900
vt 0.26271999 0.00001100
vt 0.95641798 0.00000000
vt 0.92804497 0.27245501
vt 0.49999899 0.00000100
vt 0.61908299 0.00000100
vt 0.81029302 0.00000200
vt 1.00000000 0.00000300
vt 0.99999899 0.25000000
vt 0.50000000 0.25000000
vt 0.02288699 0.25072700
vt 0.18759200 0.00000000
vt 0.18759200 0.25072700
vt 0.08130699 0.50145400
vt 0.03553795 0.31637201
vt 0.18759200 0.50145400
vt 0.37967101 0.00000000
vt 0.37967101 0.25072700
vt 0.37967101 0.50145400
vt 0.58079100 0.00000000
vt 0.58079100 0.25072700
vt 0.58079100 0.50145400
vt 0.48023099 0.50145400
vt 0.37967101 0.75072700
vt 0.18759200 0.75072700
vt 0.48023099 0.99846703
vt 0.37967101 0.99577600
vt 0.58079100 0.99981397
vt 0.49557099 0.99875802
vt 0.33332101 0.33930701
vt 0.66576600 0.33930701
vt 0.66576600 0.00012000
vt 0.59757203 0.00014100
vt 0.36862901 0.00010200
vt 0.33332101 0.00007000
vt 0.13647901 0.00021800
vt 0.00011300 0.00000000
vt 0.00009400 0.17447899
vt 0.00007500 0.33930701
vt 0.33332101 0.66069603
vt 0.00005800 0.48493999
vt 0.00003800 0.66069603
vt 0.66576600 0.66069603
vt 0.99997902 0.66067702
vt 0.99996901 0.50069499
vt 0.99995899 0.33930701
vt 0.99995399 0.25114000
vt 0.99993801 0.00165695
vt 0.99385703 0.00010500
vt 0.34963301 0.99468797
vt 0.20335200 0.98752898
vt 0.18759200 0.91005701
vt 0.49781600 0.75000000
vt 0.49781600 0.99997300
vt 0.99989098 0.99997097
vt 0.99991798 0.75000000
vt 0.49781600 0.50000101
vt 0.99992800 0.66167098
vt 0.99994600 0.50000101
vt 0.00006000 0.50000101
vt 0.00012100 0.99995500
vt 0.41100600 0.99999601
vt 0.49229300 0.99997401
vt 0.49781600 0.25000000
vt 0.99996299 0.33975700
vt 0.99997300 0.25000000
vt 0.49781600 0.00001400
vt 0.10760900 0.00000300
vt 0.00000000 0.00000000
vt 1.00000000 0.00002900
vt 0.68045402 0.00002000
vt 0.45869800 0.60296601
vt 0.35193700 0.57117099
vt 0.35193700 0.00000400
vt 0.47712001 0.00000300
vt 0.15901600 0.53673500
vt 0.00000000 0.52682298
vt 0.00000000 0.00000400
vt 0.66576600 0.99990600
vt 0.85465300 0.99985600
vt 1.00000000 0.99990702
vt 0.99998498 0.75029498
vt 0.94448400 0.00000800
vt 0.94829100 0.00000800
vt 1.00000000 0.00000800
vt 1.00000000 0.13657500
vt 0.97550499 0.13436800
vt 0.94448400 0.13274300
vt 1.00000000 0.85714298
vt 1.00000000 0.89597303
vt 1.00000000 1.00000000
vt 0.00000000 1.00000000
vt 0.00000000 0.89344001
vt 0.00000000 0.85714298
vt 1.00000000 0.74990398
vt 1.00000000 0.93225598
vt 1.00000000 1.00000000
vt 0.00000000 1.00000000
vt 0.00000000 0.74990398
vt 1.00000000 0.50001502
vt 1.00000000 0.65745699
vt 0.00000000 0.73063499
vt 0.00000000 0.50001502
vt 0.93447000 0.13244900
vt 0.89543200 0.13233501
vt 0.89290702 0.13244399
vt 0.89290702 0.00000800
vt 0.90012801 0.00000800
vt 0.33332101 0.99997401
vt 0.41660801 0.99993098
vt 0.00002300 0.79430997
vt 0.00000000 0.99989998
vt 0.85809398 0.75043702
vt 0.85809398 0.91581202
vt 0.98548198 0.91626197
vt 0.99999899 0.91628599
vt 0.99999303 0.75043702
vt 0.85809398 0.50087500
vt 0.99998897 0.64265299
vt 0.99998701 0.50087500
vt 0.71489400 0.75043702
vt 0.71489400 0.50087500
vt 0.71489400 0.91605002
vt 0.84288502 0.00000700
vt 0.85360903 0.00000700
vt 0.87092602 0.13521589
vt 0.84653801 0.14308301
vt 0.84288502 0.14475299
vt 0.57107103 0.75043702
vt 0.57107103 0.91629201
vt 0.69334298 0.91592503
vt 0.79230100 0.00000600
vt 0.80697000 0.00000600
vt 0.82204700 0.15627600
vt 0.79723603 0.17261399
vt 0.79230100 0.17620800
vt 0.42870900 0.75043702
vt 0.42870900 0.91883099
vt 0.42870900 0.50087500
vt 0.28252801 0.50087500
vt 0.28252801 0.91592997
vt 0.40076801 0.91598701
vt 0.57107103 0.50087500
vt 0.42870900 0.25043699
vt 0.42870900 0.11146900
vt 0.40929899 0.11032190
vt 0.36390600 0.10493090
vt 0.32690200 0.10689600
vt 0.28252801 0.11086000
vt 0.57107103 0.25043699
vt 0.13854399 0.50087500
vt 0.25332701 0.11142900
vt 0.14692201 0.11002400
vt 0.13854399 0.10906600
vt 0.13854399 0.91603798
vt 0.73894697 0.00000500
vt 0.75497001 0.00000500
vt 0.77164203 0.21850599
vt 0.74912298 0.35465699
vt 0.73894697 0.50523502
vt 0.68210900 0.00000400
vt 0.69884503 0.00000400
vt 0.73681599 0.57674301
vt 0.73678499 0.57830900
vt 0.73676997 0.57907498
vt 0.73609400 0.64734000
vt 0.73576999 1.00000000
vt 0.69488698 0.99999899
vt 0.68210900 0.99999899
vt 0.91050601 0.92106301
vt 1.00000000 0.99945199
vt 0.96776497 0.99974000
vt 0.96737802 0.99972701
vt 0.96732801 0.99972498
vt 0.96673799 0.99969798
vt 0.95625299 0.99902999
vt 0.91050601 0.99354601
vt 0.00016500 0.33331701
vt 0.00000000 0.00000000
vt 1.00000000 0.00001100
vt 0.94111598 0.14229800
vt 0.93292099 0.18704000
vt 0.90692502 0.31773901
vt 0.90260297 0.33331701
vt 0.33337101 1.00000000
vt 0.00000000 1.00000000
vt 0.33331800 0.00000000
vt 0.33337101 0.00000000
vt 0.49977899 0.00000900
vt 1.00000000 0.00975096
vt 0.99697500 0.41547799
vt 0.99165499 0.99954098
vt 0.49977899 0.98437601
vt 0.33059701 1.00000000
vt 0.24820390 1.00000000
vt 0.00000000 0.77152997
vt 0.00000000 0.73592401
vt 0.33059701 0.73592401
vt 0.66665697 1.00000000
vt 0.38575101 1.00000000
vt 0.66665697 0.00000000
vt 0.89019299 0.37498000
vt 0.82577598 0.55598700
vt 0.82289398 0.56356603
vt 0.78468400 0.66667402
vt 0.00032900 0.66667402
vt 0.00032900 0.66665900
vt 0.00016500 0.33337000
vt 0.66667199 0.00000000
vt 0.99999899 0.00000000
vt 0.99792200 1.00000000
vt 0.73522598 1.00000000
vt 0.75835103 0.74604303
vt 0.70934099 0.92498899
vt 0.69746798 1.00000000
vt 0.00049400 1.00000000
vt 0.63370198 0.53146899
vt 0.66042799 0.58693600
vt 0.69957900 0.65740001
vt 0.56654501 0.65740001
vt 0.56654501 0.53146899
vt 0.58441001 0.40317500
vt 0.56654501 0.40317500
vt 0.56654501 0.34188601
vt 0.56826103 0.34834900
vt 0.99656999 0.43203101
vt 0.99551201 1.00000000
vt 0.97684699 0.99371600
vt 0.77348602 0.93024302
vt 0.38824400 0.84016299
vt 0.00119698 0.79182798
vt 0.00010500 0.00000000
vt 0.81780797 0.00262898
vt 0.99938297 0.00010700
vt 0.55021101 0.27115300
vt 0.47158900 0.40317500
vt 0.47158900 0.27115300
vt 0.53123403 0.13599201
vt 0.47158900 0.13599201
vt 0.37663299 0.13599201
vt 0.37663299 0.27115300
vt 0.37663299 0.40317500
vt 0.27588600 0.13599201
vt 0.27588600 0.27115300
vt 0.27588600 0.40317500
vt 0.37663299 0.53146899
vt 0.27588600 0.53146899
vt 0.47158900 0.53146899
vt 0.17513900 0.53146899
vt 0.37663299 0.65740001
vt 0.17513900 0.65740001
vt 0.47158900 0.65740001
vt 0.47158900 0.78078002
vt 0.37663299 0.78078002
vt 0.17513900 0.78078002
vt 0.56654501 0.78078002
vt 0.70265597 0.66250300
vt 0.70265597 0.78078002
vt 0.63459998 0.78078002
vt 0.56654501 0.87919903
vt 0.55010802 0.87234199
vt 0.42203599 0.82836002
vt 0.37663299 0.81665999
vt 0.60333699 0.89521700
vt 0.63459998 0.89521700
vt 0.70265597 0.89521700
vt 0.70265597 0.93543100
vt 0.67466402 0.92477298
vt 0.63459998 0.90854400
vt 0.81290299 0.97156298
vt 0.81290299 0.89521700
vt 0.78409803 0.78078002
vt 0.80491900 0.80692899
vt 0.81290299 0.81659901
vt 0.88430703 0.89521700
vt 0.82197601 0.97406203
vt 0.05654299 0.11482200
vt 0.01154297 0.50087500
vt 0.00067500 0.50087500
vt 0.57107103 0.10982100
vt 0.71489400 0.25043699
vt 0.71489400 0.10949700
vt 0.61916000 0.10993900
vt 0.28394899 0.79880100
vt 0.17513900 0.78757501
vt 0.85809398 0.25043699
vt 0.85809398 0.10958000
vt 0.82451302 0.10958900
vt 0.14141890 0.78612500
vt 0.00000000 0.79016900
vt 0.00210196 0.78078002
vt 0.02966696 0.65740001
vt 0.68543798 0.81290400
vt 0.68165398 0.82635999
vt 0.64267099 0.98781598
vt 0.64015102 0.99999303
vt 0.68543798 0.50145400
vt 0.99999100 0.25043699
vt 1.00000000 0.10970200
vt 0.99998701 0.38340199
vt 0.03195399 0.64722699
vt 0.05805295 0.53146899
vt 0.79008502 0.52651697
vt 0.73606002 0.65781802
vt 0.79008502 0.50145400
vt 0.07973796 0.43564701
vt 0.08384895 0.41748899
vt 0.08709096 0.40317500
vt 0.17513900 0.40317500
vt 0.80157900 0.50145400
vt 0.92767698 0.25072700
vt 0.90279800 0.30042699
vt 0.81092399 0.48163399
vt 0.79008502 0.25072700
vt 0.11623600 0.27115300
vt 0.17513900 0.27115300
vt 0.17513900 0.13599201
vt 0.12390400 0.23357800
vt 0.14093301 0.13599201
vt 0.17513900 0.02585995
vt 0.27588600 0.01770699
vt 0.15293691 0.02773696
vt 0.79008502 0.00000000
vt 1.00000000 0.00000000
vt 0.97843301 0.12825391
vt 0.00000000 0.25000000
vt 0.00000000 0.00000000
vt 0.21204400 0.00000100
vt 0.42007300 0.00000100
vt 0.00000000 0.50000000
vt 0.00000000 0.33333200
vt 0.50000000 0.50000000
vt 0.99999797 0.50000000
vt 0.66406202 0.00000600
vt 0.68383902 0.00000600
vt 0.93887103 0.00000100
vt 1.00000000 0.25000101
vt 1.00000000 0.33333299
vt 0.66406202 0.33333299
vt 0.92093199 0.66666698
vt 0.91438800 0.56966603
vt 0.66406202 0.56980300
vt 1.00000000 0.50000101
vt 1.00000000 0.66666698
vt 0.00000000 0.75000000
vt 0.00000000 0.66666597
vt 0.50000000 0.75000000
vt 1.00000000 0.75000000
vt 1.00000000 1.00000000
vt 0.94395000 1.00000000
vt 0.92900002 0.78482997
vt 0.50000000 1.00000000
vt 0.00000000 1.00000000
vt 0.99999797 0.75000000
vt 0.99999702 1.00000000
vt 0.50009602 1.00000000
vt 0.33597401 1.00000000
vt 0.31805199 1.00000000
vt 0.00000000 1.00000000
vt 0.00000000 0.75000000
vt 0.33597401 0.75000000
vt 0.00000100 0.50000000
vt 0.33597401 0.50000000
vt 0.66890001 0.50000000
vt 0.66890001 0.75000000
vt 0.66890001 1.00000000
vt 0.63544798 1.00000000
vt 0.99999499 0.50000000
vt 0.99999702 0.75000000
vt 1.00000000 1.00000000
vt 0.36454600 0.25766101
vt 0.36454600 0.00000300
vt 0.33109501 0.00000300
vt 0.00000000 0.00000300
vt 0.00000000 0.25000301
vt 0.00000000 0.25766101
vt 0.99979401 0.25000000
vt 0.99979401 0.00000000
vt 0.00140297 0.00000000
vt 0.00067600 0.24933000
vt 0.00067400 0.25000101
vt 0.25000000 0.00000000
vt 0.00000000 0.00000000
vt 0.75074399 0.00181395
vt 0.99888200 0.00110996
vt 1.00000000 0.30970600
vt 0.90513802 0.32749799
vt 0.75074399 0.32749799
vt 0.50000000 0.00000000
vt 1.00000000 0.75000000
vt 0.50354600 0.99999499
vt 1.00000000 1.00000000
vt 0.49951699 0.00086800
vt 0.50144601 0.00087800
vt 0.75012702 0.00181395
vt 0.49951699 0.32749799
vt 0.99979401 0.50000203
vt 0.99979198 0.25763100
vt 0.00019200 0.50000203
vt 0.99979401 0.74588501
vt 0.99979401 0.50261801
vt 0.00019000 0.50185603
vt 0.00000000 0.50000203
vt 0.68195897 0.25766101
vt 0.68195897 0.00000500
vt 0.66403902 0.00000500
vt 1.00000000 0.25766101
vt 1.00000000 0.17027500
vt 1.00000000 0.00000300
vt 1.00000000 0.50262100
vt 1.00000000 0.34054801
vt 1.00000000 0.66192502
vt 0.00000000 0.65945399
vt 0.00000000 0.49738100
vt 0.00000000 0.33807600
vt 0.49990600 0.33807600
vt 0.49990600 0.65945399
vt 0.00000000 0.25411701
vt 1.00000000 0.16903789
vt 1.00000000 0.30941099
vt 1.00000000 0.33807600
vt 1.00000000 0.44054201
vt 1.00000000 0.56692398
vt 1.00000000 0.65945399
vt 1.00000000 0.69708800
vt 1.00000000 0.82972699
vt 0.49990600 0.82972699
vt 0.00000000 0.82972699
vt 0.00000000 0.74234098
vt 0.00000000 0.69708401
vt 0.00000000 0.65944898
vt 0.00000000 0.56692100
vt 0.20597200 0.56692100
vt 0.20597200 0.69708401
vt 0.00000000 0.84032798
vt 0.00000000 0.82972097
vt 0.20597200 0.84032798
vt 1.00000000 0.84033400
vt 0.49990600 0.99999499
vt 0.20597200 0.99997598
vt 0.05813699 0.99999303
vt 0.41405100 0.69708401
vt 0.37352401 0.99997300
vt 0.98387003 0.50000000
vt 0.99998897 1.00000000
vt 0.84309202 0.99999899
vt 0.70337301 0.00012300
vt 0.96857798 0.00000000
vt 0.97538501 0.22541000
vt 0.50372398 0.69708401
vt 0.53079897 0.81153101
vt 0.41405100 0.56692100
vt 0.53315902 0.56692100
vt 0.52391797 0.57650799
vt 0.49822101 0.61348802
vt 0.49283800 0.64484799
vt 1.00000000 0.99968398
vt 0.75349998 0.99966401
vt 0.50733399 0.99966300
vt 0.50733399 0.82892400
vt 0.44834399 0.99956399
vt 0.25366700 0.99916601
vt 0.25366700 0.82892400
vt 0.25366700 0.65784901
vt 0.00000000 0.82892400
vt 0.00000000 0.73549002
vt 0.00000000 0.65784901
vt 0.08206200 0.99953401
vt 0.00000000 0.99968600
vt 1.00000000 0.73566997
vt 1.00000000 0.82912803
vt 1.00000000 0.99993300
vt 0.80362099 0.99996001
vt 0.57811397 0.99990499
vt 0.50801998 0.99993598
vt 1.00000000 0.49997199
vt 1.00000000 0.65801698
vt 0.32479200 0.99993801
vt 0.00000000 0.99994099
vt 0.91005898 0.30940899
vt 0.84203398 0.36102599
vt 0.81381202 0.38078699
vt 0.81381202 0.30940899
vt 0.72202098 0.44053900
vt 0.61820000 0.44053900
vt 0.61820000 0.30940899
vt 0.64385003 0.48729399
vt 0.61820000 0.50266403
vt 0.57229602 0.53377002
vt 0.41405100 0.44053900
vt 0.41405100 0.30940899
vt 0.20597200 0.44053900
vt 0.20597200 0.30940899
vt 0.00000000 0.44053900
vt 0.00000000 0.33807400
vt 0.00000000 0.30940899
vt 0.00000000 0.16903700
vt 0.00000000 0.16355400
vt 0.20597200 0.16355400
vt 0.41405100 0.16355400
vt 0.20597200 0.00000000
vt 0.34554699 0.00000000
vt 0.41405100 0.00000000
vt 0.00000000 0.00000000
vt 0.34073499 0.97508299
vt 0.20752400 0.96556997
vt 0.00000000 0.95076001
vt 0.00000000 0.66643202
vt 0.34073499 0.66643202
vt 1.00000000 0.00000000
vt 1.00000000 0.16355500
vt 0.00000000 0.33359501
vt 0.34073499 0.33359501
vt 0.00000000 0.00000000
vt 0.34073499 0.00000000
vt 0.34232101 1.00000000
vt 0.00000000 1.00000000
vt 0.00000000 0.77899599
vt 0.00000000 0.00000000
vt 0.34232101 0.00000000
vt 0.65926498 0.00000000
vt 1.00000000 0.00000000
vt 0.34073499 0.00000000
vt 0.34073499 0.11758800
vt 0.00000000 0.11758800
vt 0.00000000 0.23517600
vt 0.00000000 0.20121500
vt 0.19113800 0.00000000
vt 0.28562799 0.00000000
vt 0.00603598 1.00000000
vt 0.00000000 0.79878300
vt 0.00000000 0.64089203
vt 0.00000000 0.50000000
vt 0.59965998 0.99061400
vt 0.40532199 0.97944701
vt 0.61820000 0.00000000
vt 0.61820000 0.08177697
vt 0.61820000 0.16355400
vt 0.67912602 0.00000000
vt 0.81381202 0.00000000
vt 0.81381202 0.08177697
vt 0.81381202 0.16355400
vt 1.00000000 0.08177697
vt 1.00000000 0.11758200
vt 1.00000000 0.16355400
vt 1.00000000 0.00000000
vt 0.99979103 0.49873799
vt 0.99964702 0.34576401
vt 0.99977303 0.00000000
vt 0.26708400 0.49873799
vt 0.99976701 1.00000000
vt 0.99976403 0.70101202
vt 1.00000000 0.22804800
vt 0.00000000 0.49997500
vt 0.00000000 0.34210101
vt 1.00000000 0.34218901
vt 0.00000000 0.26425499
vt 0.24819300 0.00005300
vt 0.25293401 0.00005900
vt 0.24819300 0.32749799
vt 0.00281399 0.32749799
vt 0.00355995 0.20448400
vt 0.00434798 0.00073800
vt 0.49951699 0.63749999
vt 0.46696299 0.67017901
vt 0.24819300 0.67017901
vt 0.00040900 0.67017901
vt 0.00225699 0.40902501
vt 0.00101399 0.50000000
vt 0.00000000 0.26407099
vt 0.00314695 0.25000000
vt 0.99855399 0.25000000
vt 0.99705100 0.40028301
vt 0.99594998 0.50000000
vt 0.99254400 0.82057399
vt 0.99144399 1.00000000
vt 0.83737999 0.99905401
vt 0.00282997 0.99922198
vt 0.49306399 0.16712990
vt 0.34030399 0.24807900
vt 0.13183500 0.53199703
vt 0.00000000 1.00000000
vt 0.00000000 0.67904299
vt 0.00000000 0.00000100
vt 0.05855298 0.00000100
vt 0.49306399 0.00000000
vt 0.66982102 0.33337101
vt 1.00000000 0.33337101
vt 1.00000000 0.30486301
vt 1.00000000 0.00000000
vt 0.83257800 0.00000000
vt 0.66982102 0.00000000
vt 0.83231598 0.00053300
vt 0.99981600 0.00161499
vt 1.00000000 0.42511299
vt 0.83231598 0.44587699
vt 0.24819300 0.87134498
vt 0.01106494 1.00000000
vt 0.00440699 0.93174499
vt 0.00002000 0.81670201
vt 0.66463202 0.00011700
vt 0.66959399 0.00011900
vt 0.73284698 0.47608101
vt 0.66463202 0.50417101
vt 0.25463900 0.25551701
vt 0.25463900 0.00000600
vt 0.08845996 0.00000700
vt 0.00000000 0.00000400
vt 0.00000000 0.23528700
vt 0.00000000 0.25551701
vt 0.26814300 0.85541999
vt 0.25463900 0.49776000
vt 0.00000000 0.45967400
vt 0.00000000 0.49338499
vt 0.00000000 0.49776000
vt 0.75074399 0.41017401
vt 0.74001199 0.41802499
vt 0.50373799 0.63326299
vt 0.50927800 0.49776000
vt 0.00000000 0.74141198
vt 0.50927800 0.25551701
vt 1.00000000 0.49776000
vt 1.00000000 0.33832601
vt 1.00000000 0.25551701
vt 1.00000000 0.65968102
vt 0.00000000 0.75234699
vt 0.00000000 0.90738201
vt 0.00000000 1.00000000
vt 0.49961099 0.33832601
vt 0.00000000 0.33832601
vt 0.00000000 0.49776000
vt 0.49961099 0.16916300
vt 0.00000000 0.16916300
vt 0.00000000 0.25551701
vt 1.00000000 0.33832601
vt 1.00000000 0.31016600
vt 1.00000000 0.16916300
vt 1.00000000 0.56653398
vt 1.00000000 0.44075400
vt 0.00000000 0.68983400
vt 0.00000000 0.66167498
vt 0.00000000 0.55924600
vt 0.20653000 0.55924600
vt 0.20653000 0.68983400
vt 0.00000000 0.83557397
vt 0.00000000 0.83083701
vt 0.20653000 0.83557397
vt 1.00000000 0.16442600
vt 1.00000000 0.00000000
vt 0.49961099 0.00000000
vt 0.20653000 1.00000000
vt 0.00000000 1.00000000
vt 0.41539600 1.00000000
vt 0.34554699 1.00000000
vt 0.41539600 0.83557397
vt 0.41539600 0.91778702
vt 0.41539600 0.68983400
vt 0.61975998 0.68983400
vt 0.61975998 0.83557397
vt 0.61975998 0.91778702
vt 0.61975998 1.00000000
vt 0.81488901 1.00000000
vt 0.67912602 1.00000000
vt 0.81488901 0.91778702
vt 0.81488901 0.83557397
vt 1.00000000 0.83557397
vt 1.00000000 0.88242501
vt 1.00000000 0.91778702
vt 1.00000000 1.00000000
vt 0.65926498 0.00674397
vt 0.79689801 0.00230998
vt 1.00000000 0.00000000
vt 1.00000000 0.33356801
vt 0.65926498 0.33356801
vt 0.66921598 0.99999100
vt 1.00000000 0.00000000
vt 0.66921598 0.00181198
vt 0.26956901 0.49873400
vt 0.00000000 0.00000000
vt 0.99977398 0.00000000
vt 0.99964797 0.34762901
vt 0.99979198 0.49873400
vt 0.33638999 0.99999601
vt 0.33638999 0.00290996
vt 1.00000000 0.66640502
vt 0.65926498 0.66640502
vt 0.99931401 0.33358100
vt 0.99729002 0.66641903
vt 0.65902400 0.66641903
vt 0.65902400 0.33358100
vt 0.99395198 1.00000000
vt 0.65902400 1.00000000
vt 0.34189501 0.33358100
vt 0.34189501 0.66641903
vt 0.34189501 1.00000000
vt 0.00000000 0.65858501
vt 0.00000000 0.34145299
vt 0.99999702 0.34145299
vt 0.99999702 0.49995399
vt 0.99999797 0.65858501
vt 0.00000000 0.00632995
vt 0.52690297 0.00010800
vt 0.99999499 0.00028700
vt 0.99999702 0.26559901
vt 0.00000000 0.50005400
vt 0.00000000 0.34163499
vt 0.00000000 0.26582101
vt 0.50020701 0.26582101
vt 0.50020701 0.50005400
vt 0.00000000 0.73426300
vt 0.00000000 0.65860099
vt 0.50020701 0.73426300
vt 0.99999797 0.73428601
vt 1.00000000 1.00000000
vt 0.00000000 1.00000000
vt 0.50020701 0.99997902
vt 0.00000100 0.99983698
vt 0.77209502 0.02297997
vt 0.73622102 0.02600598
vt 0.64437902 0.06513798
vt 0.58004302 0.14161800
vt 0.54605198 0.20929401
vt 0.40341899 0.46272001
vt 0.23757100 0.70152497
vt 0.04998999 0.92357600
vt 0.01656597 0.95917499
vt 0.00231498 0.98136598
vt 0.00013500 1.00000000
vt 0.10924800 0.91588497
vt 0.14647789 0.90022999
vt 0.32820901 0.86957800
vt 0.51185203 0.83860302
vt 0.69549501 0.80762702
vt 0.77209502 0.79470700
vt 0.77209502 0.28794301
vt 0.76003599 0.28645501
vt 0.73597598 0.27226701
vt 0.72337699 0.24729601
vt 0.72624201 0.21945600
vt 0.74367702 0.19759600
vt 0.77012801 0.18865789
vt 0.77209502 0.18861900
vt 0.93493402 0.73426300
vt 0.90546000 0.83561999
vt 0.85487401 0.99995899
vt 0.29690900 0.99773300
vt 0.20279200 0.99738002
vt 0.10139500 0.99705499
vt 0.00000000 0.99681002
vt 0.00000600 0.00000000
vt 0.18482891 0.00000000
vt 0.29690900 0.00000000
vt 0.82090098 0.00000000
vt 0.99884301 0.00000000
vt 0.99752599 0.16219600
vt 0.82090098 0.16219600
vt 0.99891102 0.27030799
vt 0.99909598 0.32556900
vt 0.98617500 0.50005400
vt 0.98085302 0.53389198
vt 0.94838798 0.68408900
vt 0.99939603 0.49210799
vt 0.99867702 0.52918601
vt 0.99903297 0.66159201
vt 0.99950802 0.26582101
vt 0.99978203 0.27902001
vt 0.99982399 0.28172499
vt 0.99984097 0.28285700
vt 0.99987900 0.28580099
vt 0.99998099 0.29826701
vt 0.99981099 0.32728401
vt 0.99826199 0.37491599
vt 0.99891400 0.70951903
vt 0.99895400 0.73818499
vt 0.99895900 0.75039703
vt 0.99895799 0.75326997
vt 0.99895698 0.75437200
vt 0.99895501 0.75700200
vt 0.99892902 0.76977402
vt 0.99883503 0.83172297
vt 0.64180201 0.83172297
vt 0.60226202 0.83172297
vt 0.64180201 0.84606099
vt 0.99848002 0.95758301
vt 0.99884301 1.00000000
vt 0.50020701 0.00063400
vt 0.63584000 0.00057400
vt 0.81238401 0.00054300
vt 0.97626799 0.00063400
vt 0.98300701 0.05405199
vt 0.99658298 0.19952001
vt 0.51474601 0.43603900
vt 0.52139401 0.44549000
vt 0.52285302 0.44732800
vt 0.53779501 0.46439701
vt 0.61975998 0.50680900
vt 0.61975998 0.55924600
vt 0.41539600 0.55924600
vt 0.71332401 0.55924600
vt 0.78657597 0.60418898
vt 0.81488901 0.62269300
vt 0.81488901 0.68983400
vt 0.90781200 0.68983400
vt 1.00000000 0.77196300
vt 0.00000000 0.00064500
vt 0.25977600 0.00056900
vt 0.44739199 0.00064900
vt 0.99976403 0.70496899
vt 0.99976802 1.00000000
vt 0.20653000 0.43346700
vt 0.00000000 0.43346700
vt 0.00000000 0.34031901
vt 0.64180201 0.00000000
vt 0.71297097 0.00000000
vt 0.51772201 0.00000000
vt 0.37079200 0.00000000
vt 0.49964899 0.00000000
vt 0.49964899 0.99856901
vt 0.36863101 0.99802297
vt 0.00000000 0.60743099
vt 0.00000000 0.64248103
vt 0.00000000 0.78836101
vt 1.00000000 0.78836101
vt 1.00000000 0.68676198
vt 1.00000000 0.60743099
vt 0.00000000 0.42868400
vt 1.00000000 0.46321899
vt 1.00000000 0.42868400
vt 0.64598298 0.00000000
vt 0.53637201 0.99871999
vt 0.00000000 0.23744100
vt 1.00000000 0.26958400
vt 1.00000000 0.23744100
vt 0.50014901 0.00000000
vt 0.00000000 0.00000000
vt 0.00000000 0.10936000
vt 0.99928200 0.02063596
vt 0.99938500 0.02240395
vt 0.99973798 0.03017795
vt 0.99991798 0.03691196
vt 0.99997503 0.04127097
vt 0.75000000 0.04127097
vt 0.75000000 0.02063596
vt 0.99999398 0.04493796
vt 0.99980199 0.08254295
vt 0.75000000 0.08254295
vt 0.99936700 0.16508600
vt 0.75000000 0.16508600
vt 0.99855602 0.32086101
vt 0.75000000 0.32086101
vt 0.99794102 0.46692899
vt 0.75000000 0.46692899
vt 0.50000000 0.16508600
vt 0.50000000 0.32086101
vt 0.50000000 0.46692899
vt 0.25000000 0.32086101
vt 0.25000000 0.46692899
vt 0.25000000 0.16508600
vt 0.50000000 0.60571301
vt 0.25000000 0.60571301
vt 0.00000000 0.46692899
vt 0.00000000 0.32086101
vt 0.00000000 0.60571301
vt 0.00000000 0.51182300
vt 0.25000000 0.73965800
vt 0.00000000 0.73965800
vt 0.66592002 0.00000000
vt 0.78795201 0.00000000
vt 0.96199203 0.00000000
vt 1.00000000 0.00000000
vt 1.00000000 0.14775690
vt 1.00000000 0.28832701
vt 1.00000000 0.34188300
vt 0.66592002 0.34188300
vt 0.33273500 0.00000000
vt 0.41758999 0.00000000
vt 0.60753298 0.00000000
vt 0.33273500 0.34188300
vt 0.66592002 0.65921998
vt 0.33273500 0.65921998
vt 1.00000000 0.42749801
vt 1.00000000 0.57378399
vt 1.00000000 0.65921998
vt 0.01765996 0.33303800
vt 0.02026599 0.25868699
vt 0.02186596 0.21376000
vt 0.01312297 0.46426901
vt 0.00796700 0.61301798
vt 0.01045495 0.54158801
vt 1.00000000 0.73878700
vt 1.00000000 0.94574702
vt 1.00000000 1.00000000
vt 0.66592002 1.00000000
vt 0.00160599 0.78969902
vt 0.50000000 0.78969902
vt 0.99989098 0.73562300
vt 0.99999201 0.78969902
vt 0.75000000 0.78969902
vt 0.75000000 0.89485002
vt 0.50000000 0.89485002
vt 0.18959001 0.89485002
vt 0.03928995 0.84343201
vt 0.00000000 0.83270299
vt 0.99984097 0.89485002
vt 0.75000000 0.98780698
vt 0.70989102 0.99305999
vt 0.50000000 0.99002898
vt 0.99947900 0.97768003
vt 0.01348596 0.19545899
vt 0.02687495 0.08037596
vt 0.03286194 0.00164795
vt 0.84597898 0.00024700
vt 1.00000000 0.00065200
vt 0.00000000 0.00000000
vt 0.00000000 0.09502100
vt 0.00000000 0.20331500
vt 0.30727100 0.10338900
vt 0.44711000 0.11432100
vt 0.02592098 0.10338900
vt 0.02987897 0.00000000
vt 0.00000000 0.83665502
vt 0.00000000 0.76889902
vt 0.33273500 1.00000000
vt 0.00000000 0.65921998
vt 0.00000000 0.34188300
vt 0.11947400 1.00000000
vt 0.00000000 1.00000000
vt 0.00000000 0.66331100
vt 0.75480998 0.00000200
vt 0.99818099 0.00000200
vt 1.00000000 0.15607800
vt 0.58146799 0.15573791
vt 1.00000000 0.66331100
vt 1.00000000 1.00000000
vt 0.75437897 1.00000000
vt 0.50041401 1.00000000
vt 0.50041401 0.66331100
vt 1.00000000 0.33725601
vt 1.00000000 0.34188300
vt 1.00000000 0.65921998
vt 0.50041401 0.50028300
vt 0.50041401 0.33725601
vt 0.00000000 0.66331100
vt 0.00000000 0.50028300
vt 0.47929499 1.00000000
vt 0.00000000 1.00000000
vt 0.00000000 0.66766399
vt 0.65856498 1.00000000
vt 0.65378797 1.00000000
vt 0.49973899 1.00000000
vt 0.34566301 1.00000000
vt 0.34143499 1.00000000
vt 0.34143499 0.79878300
vt 0.65856498 0.79878300
vt 0.00000000 0.33725601
vt 0.00000000 0.33233601
vt 0.00000000 0.00000000
vt 0.50041401 0.00000000
vt 1.00000000 0.00000000
vt 0.00000000 0.33725601
vt 0.00000000 0.00000000
vt 0.21487300 0.00000000
vt 0.87913799 0.77665198
vt 0.95019901 0.52645397
vt 0.98523498 0.26752499
vt 0.97532201 0.16797300
vt 0.92165500 0.08362597
vt 0.83579302 0.03264498
vt 0.79720700 0.19545899
vt 0.81631398 0.21586791
vt 0.82137001 0.24339201
vt 0.81079602 0.26929101
vt 0.78793103 0.28535101
vt 0.00000000 0.16508600
vt 0.14572100 0.00000000
vt 0.25000000 0.00000000
vt 0.25000000 0.02063596
vt 0.25000000 0.04127097
vt 0.25000000 0.08254295
vt 0.17944691 0.00010900
vt 0.09255599 0.00014200
vt 0.09255599 0.99837399
vt 0.12978099 0.99833602
vt 0.17944691 0.99834102
vt 0.00000000 0.00038300
vt 0.00000000 0.99861503
vt 0.00969696 0.13886400
vt 0.01116997 0.15575700
vt 0.05574399 0.40963599
vt 0.11881700 0.60411298
vt 0.23557200 0.78311002
vt 0.40041801 0.93806100
vt 0.48272300 1.00000000
vt 0.74115998 0.93417299
vt 1.00000000 0.86824298
vt 0.78356498 0.66825598
vt 0.55730700 0.41752401
vt 0.36271900 0.15143789
vt 0.35451299 0.13886400
vt 0.23800801 0.13886400
vt 0.23694099 0.14805600
vt 0.22023401 0.17350800
vt 0.18836901 0.18798099
vt 0.15142401 0.18683200
vt 0.12114000 0.17047100
vt 0.10713700 0.14407299
vt 0.10678000 0.13886400
vt 0.90744400 0.99904400
vt 1.00000000 0.99861503
vt 1.00000000 0.00038300
vt 0.90744400 0.00081200
vt 0.87978101 0.00095800
vt 0.82055300 0.00125897
vt 0.82055300 0.99949098
vt 0.72544098 0.00159299
vt 0.72544098 0.99982500
vt 0.31769800 0.08245199
vt 0.25636399 0.03139400
vt 0.16920200 0.01340299
vt 0.08302199 0.03401297
vt 0.02432596 0.08688497
vt 0.11381100 0.11601100
vt 0.13912700 0.09520500
vt 0.17499889 0.08828395
vt 0.21003100 0.09739500
vt 0.23310401 0.11968200
vt 0.63577801 0.00166696
vt 0.63577801 0.99989903
vt 0.54797602 0.00153500
vt 0.54797602 0.99976701
vt 0.62978101 0.99989599
vt 0.45202401 0.00117999
vt 0.45202401 0.99941200
vt 0.37978101 0.00081000
vt 0.36422199 0.00072800
vt 0.36422199 0.99896002
vt 0.27455899 0.00031600
vt 0.27455899 0.99854797
vt 0.65926498 0.00000000
vt 1.00000000 0.00000000
vt 1.00000000 0.06482195
vt 1.00000000 0.23517600
vt 0.65926498 0.23517600
vt 0.65767801 0.00000000
vt 0.99998897 0.00000000
vt 0.99998897 1.00000000
vt 0.65767801 1.00000000
vt 0.34073499 0.00000000
vt 0.34073499 0.23517600
vt 0.34073499 0.11758800
vt 0.33915201 1.00000000
vt 0.33915201 0.00000000
vt 0.65401000 0.00000000
vt 0.65926498 0.41646501
vt 0.34073499 0.41646501
vt 0.34073499 0.32582000
vt 1.00000000 0.41646501
vt 0.65926498 0.58353502
vt 0.34073499 0.58353502
vt 0.34073499 0.50000000
vt 1.00000000 0.58353502
vt 1.00000000 0.76482397
vt 0.65926498 0.76482397
vt 1.00000000 1.00000000
vt 0.65926498 1.00000000
vt 0.34073499 0.76482397
vt 0.34073499 0.67417997
vt 0.34073499 1.00000000
vt 0.34073499 0.88241202
vt 0.33915299 0.00000000
vt 0.65767902 0.00000000
vt 0.65767902 1.00000000
vt 0.33915299 1.00000000
vt 1.00000000 0.00000000
vt 1.00000000 0.81772900
vt 1.00000000 1.00000000
vt 0.34073499 1.00000000
vt 0.00000000 1.00000000
vt 0.00000000 0.66640502
vt 0.34073499 0.66640502
vt 0.65926498 1.00000000
vt 0.00000000 0.33356801
vt 0.34073499 0.33356801
vt 0.00000000 0.04923999
vt 0.20806301 0.03438997
vt 0.34073499 0.02491700
vt 1.00000000 1.00000000
vt 0.40658799 0.02046996
vt 0.60117400 0.00931400
vt 0.00000000 1.00000000
vt 0.00000000 0.00000000
vt 0.00000000 0.00328195
vt 1.00000000 0.00000000
vt 0.00000000 0.00000000
vt 0.00000000 1.00000000
vt 0.84081000 0.00000000
vt 0.91268599 0.00000000
vt 1.00000000 0.00000000
vt 1.00000000 1.00000000
vt 0.84081000 1.00000000
vt 0.00000000 0.88241202
vt 0.00000000 0.79878497
vt 0.00000000 0.76482397
vt 0.67583400 1.00000000
vt 0.67583400 0.00000000
vt 0.71437198 0.00000000
vt 0.80886197 0.00000000
vt 0.00000000 0.67417997
vt 0.00000000 0.64089298
vt 0.00000000 0.58353502
vt 0.00000000 0.50000000
vt 0.00000000 0.41646501
vt 0.49877399 1.00000000
vt 0.33731499 1.00000000
vt 0.33731499 0.00000000
vt 0.40082601 0.00000000
vt 0.49877399 0.00000000
vt 0.60382098 0.00000000
vt 0.00000000 0.50000000
vt 0.00000000 0.35910800
vt 0.34143499 0.35910800
vt 0.34143499 0.50000000
vt 0.00000000 0.64089203
vt 0.34143499 0.64089203
vt 0.65856498 0.35910800
vt 0.65856498 0.50000000
vt 0.65856498 0.64089203
vt 0.00000000 0.79878300
vt 1.00000000 0.79878300
vt 1.00000000 1.00000000
vt 1.00000000 0.64089203
vt 1.00000000 0.50000000
vt 1.00000000 0.35910800
vt 1.00000000 0.41051599
vt 1.00000000 0.20121691
vt 0.65856498 0.20121691
vt 0.65856498 0.00000000
vt 1.00000000 0.00000000
vt 0.00000000 0.33233401
vt 0.00000000 0.00000000
vt 1.00000000 0.33233401
vt 0.00000000 0.33358100
vt 0.34189501 0.00000000
vt 1.00000000 0.66766602
vt 0.00000000 0.66766602
vt 0.65902400 0.00000000
vt 0.00000000 0.66641903
vt 0.00000000 1.00000000
vt 0.00000000 0.20121691
vt 0.34143499 0.00000000
vt 0.34143499 0.20121691
vt 0.17649201 1.00000000
vt 0.17649201 0.00000000
vt 0.20946801 0.00000000
vt 0.30176300 0.00000000
vt 0.00000000 0.00000000
vt 0.09873598 0.00000000
vt 1.00000000 0.00000000
vt 0.00000000 0.00000000
vt 0.00000000 1.00000000
vt 1.00000000 1.00000000
vt 0.00000000 1.00000000
vt 0.00000000 0.00000000
vt 1.00000000 0.00000000
vt 1.00000000 1.00000000
vt 0.92322999 1.00000000
vt 0.00000000 1.00000000
vt 0.00000000 0.00000000
vt 0.33605999 0.00000000
vt 0.66982102 0.66661501
vt 0.66982102 1.00000000
vt 1.00000000 1.00000000
vt 1.00000000 0.77981198
vt 1.00000000 0.66661501
vt 0.33717701 0.66661501
vt 0.33717701 1.00000000
vt 0.66661298 1.00000000
vt 0.00000000 0.66661501
vt 0.00000000 1.00000000
vt 0.33338100 1.00000000
vt 0.33717701 0.33337101
vt 0.00000000 0.33337101
vt 0.33717701 0.00000000
vt 0.33093700 0.00000000
vt 0.00000000 0.00000000
vt 0.33160800 0.71529698
vt 0.00000000 1.00000000
vt 0.00109196 0.00217098
vt 0.33160800 0.00000100
vt 0.33782899 0.00000000
vt 0.53835100 0.57055199
vt 0.35056400 0.70048201
vt 0.66484600 0.00000000
vt 1.00000000 0.54277700
vt 1.00000000 0.16916300
vt 1.00000000 0.00000000
vt 0.53545600 0.00001700
vt 0.50927800 0.00001900
vt 0.00000000 0.00000000
vt 0.00000000 0.11758800
vt 0.00000000 0.23517600
vt 0.00000000 0.20121500
vt 0.00000000 0.32582000
vt 0.00000000 0.35910699
vt 0.50000000 0.00000000
vt 0.50000000 0.01031798
vt 0.50000000 0.02063596
vt 0.50000000 0.04127097
vt 0.75000000 0.01031798
vt 0.50000000 0.08254295
vt 0.00000000 0.25565100
vt 0.99850303 0.01031798
vt 0.99871701 0.01277500
vt 0.75000000 0.00000000
vt 0.99739701 0.00000000
vt 0.99814802 0.00664896
vt 0.00000000 0.83159202
vt 0.00000000 0.89418000
vt 1.00000000 0.89418000
vt 0.00000000 1.00000000
vt 1.00000000 1.00000000
vt 0.49943399 0.97838497
vt 0.00347495 0.94183600
vt 0.00344795 0.85836101
vt 0.49943399 0.85836101
vt 1.00000000 0.85836101
vt 1.00000000 1.00000000
vt 1.00000000 0.71582001
vt 0.49943399 0.71582001
vt 0.00343096 0.83373201
vt 0.00342596 0.82924402
vt 0.00342298 0.82725102
vt 0.00342196 0.82631701
vt 0.00342095 0.82620299
vt 0.00342095 0.82615501
vt 0.00342095 0.82613200
vt 0.00342000 0.82554501
vt 0.00341797 0.82417399
vt 0.00337797 0.80230600
vt 0.00309598 0.71582001
vt 0.62807000 0.56980300
vt 0.33113500 0.56975901
vt 0.33113500 0.33333299
vt 0.31336400 0.56975698
vt 0.00000000 0.56975901
vt 0.00000100 0.33333299
vt 0.00000100 0.28488001
vt 0.00000200 0.00000100
vt 0.18505700 0.00000500
vt 0.33113500 0.00000400
vt 0.43865600 0.00000300
vt 0.37663299 0.01010596
vt 0.41881001 0.00708997
vt 0.47158900 0.00351095
vt 0.52797300 0.00000000
vt 0.50000000 1.00000000
vt 0.00000000 1.00000000
vt 0.50000000 0.00000000
vt 0.58504200 0.00000000
vt 1.00000000 0.00000000
vt 1.00000000 0.85557997
vt 1.00000000 1.00000000
vt 0.58627403 1.00000000
vt 0.33120200 0.00001800
vt 0.00313395 0.00000000
vt 0.00164795 0.28429300
vt 0.08742499 0.63422799
vt 0.11277200 0.72053498
vt 0.13385700 0.80684203
vt 0.00000000 0.26354301
vt 0.00000000 0.00000400
vt 0.32753301 0.00001200
vt 0.33059701 0.00001200
vt 0.33059701 0.26354301
vt 0.66462100 0.00000800
vt 0.66412699 0.00000800
vt 0.33424601 0.00001800
vt 0.66360098 0.00001400
vt 0.66360098 0.26354301
vt 0.66360098 0.49931100
vt 0.33059701 0.49931100
vt 0.00000000 0.49931100
vt 0.00000000 0.32158399
vt 0.66360098 0.73592401
vt 0.00000000 0.54566300
vt 0.66360098 1.00000000
vt 0.62388498 1.00000000
vt 0.00000000 0.07909995
vt 0.00000000 0.06042098
vt 0.00000000 0.00394398
vt 0.10877900 0.00390297
vt 0.48885599 0.00324595
vt 0.48885599 0.07909995
vt 0.54067802 0.00306296
vt 1.00000000 0.00000000
vt 1.00000000 0.07909995
vt 1.00000000 0.14998500
vt 0.48885599 0.14998500
vt 0.00000000 0.14998500
vt 0.00000000 0.11299000
vt 0.66626197 0.00954598
vt 0.73211700 0.02385598
vt 0.87877202 0.08579200
vt 1.00000000 0.18273200
vt 0.85917902 0.33386099
vt 0.66626197 0.33386099
vt 1.00000000 0.17810100
vt 1.00000000 0.21653201
vt 0.48885599 0.21653201
vt 0.33374399 0.04533594
vt 0.41184899 0.02016800
vt 0.57221800 0.00145698
vt 0.33374399 0.33386099
vt 1.00000000 0.28178999
vt 0.48885599 0.28178999
vt 1.00000000 0.31559700
vt 1.00000000 0.34857801
vt 0.48885599 0.34857801
vt 0.00000000 0.28178999
vt 0.00000000 0.24192300
vt 0.00000000 0.21653201
vt 0.00000000 0.34857801
vt 0.00000000 0.30483600
vt 0.84610403 0.00000000
vt 0.79718000 0.00000000
vt 0.76915997 0.00000000
vt 0.76915997 1.00000000
vt 0.79867101 1.00000000
vt 0.84610403 1.00000000
vt 0.71709400 0.00000000
vt 0.69221699 0.00000000
vt 0.69221699 0.50000000
vt 0.69221699 1.00000000
vt 0.71875298 1.00000000
vt 0.00000000 0.41998699
vt 0.00000000 0.37009999
vt 0.48885599 0.41998699
vt 0.61527997 0.50000000
vt 0.63700199 0.00000000
vt 0.61527997 0.00000000
vt 0.61527997 1.00000000
vt 0.63883698 1.00000000
vt 0.53834701 0.50000000
vt 0.53834701 1.00000000
vt 0.55891901 1.00000000
vt 0.55690700 0.00000000
vt 0.53834701 0.00000000
vt 0.46142000 0.50000000
vt 0.46142000 1.00000000
vt 0.47900099 1.00000000
vt 0.47681001 0.00000000
vt 0.46142000 0.00000000
vt 0.00000000 0.58001298
vt 0.00000000 0.51957202
vt 0.00000000 0.50000000
vt 0.48885599 0.50000000
vt 0.48885599 0.58001298
vt 0.00000000 0.44063801
vt 1.00000000 0.41998699
vt 1.00000000 0.50000000
vt 1.00000000 0.52409703
vt 1.00000000 0.58001298
vt 0.03419494 0.33386099
vt 0.05178898 0.29499301
vt 0.14016689 0.17272000
vt 0.26377201 0.07867598
vt 0.03419095 0.66615498
vt 0.00959897 0.58138502
vt 0.00681597 0.43531001
vt 0.33374399 0.66615498
vt 0.66626197 0.66461301
vt 0.66566801 0.66615498
vt 0.33374399 0.95467901
vt 0.27976501 0.92997903
vt 0.15276401 0.83970898
vt 0.05986195 0.72021902
vt 0.63207603 0.76639497
vt 0.59086102 0.99806798
vt 0.42989099 0.98407102
vt 1.00000000 0.85001498
vt 1.00000000 0.87578797
vt 1.00000000 0.92089999
vt 0.48885599 0.92089999
vt 0.48885599 0.85001498
vt 1.00000000 1.00000000
vt 0.48885599 0.99671501
vt 0.00000000 0.92089999
vt 0.00000000 0.92041701
vt 0.00000000 0.85228902
vt 0.00000000 0.85001498
vt 0.48157400 0.99669302
vt 0.00000000 0.99607801
vt 0.00000000 0.50825900
vt 0.00000000 0.50082201
vt 0.00000000 0.00003800
vt 0.24997801 0.00003800
vt 0.24997801 0.50825900
vt 0.24997801 1.00000000
vt 0.06818997 1.00000000
vt 0.00000000 1.00000000
vt 0.25160700 0.00003800
vt 0.50008398 0.00003800
vt 0.50024599 0.00003800
vt 0.50024599 0.50825900
vt 0.50024599 1.00000000
vt 0.30112100 1.00000000
vt 0.00004100 1.00000000
vt 0.12269000 0.49770200
vt 0.24553400 0.00175899
vt 1.00000000 0.00000000
vt 0.99920899 0.99120498
vt 0.00000000 0.25160599
vt 0.00000000 0.24997801
vt 0.25753599 0.00000000
vt 0.25753599 0.25160599
vt 0.00000000 0.50008398
vt 0.25753599 0.50008398
vt 0.00000000 0.50024599
vt 0.51507300 0.50008398
vt 0.51507300 0.25160599
vt 0.99979001 0.50008398
vt 0.99983400 0.74850100
vt 0.75753599 0.50008398
vt 0.75753599 0.25160599
vt 0.37268201 0.00000000
vt 0.37447700 0.00000000
vt 0.51507300 0.00000000
vt 0.75753599 0.00000000
vt 0.78552997 0.00000000
vt 0.99989301 0.00000000
vt 0.99981898 0.24725001
vt 0.99982601 0.25160599
vt 0.99979103 0.49961001
vt 0.99998099 0.49931100
vt 0.99998701 0.73165202
vt 0.99998498 0.73592401
vt 0.99997902 1.00000000
vt 0.99998099 0.26354301
vt 0.99998200 0.26710600
vt 0.99998301 0.49887800
vt 0.99983698 0.75213897
vt 0.99989402 1.00000000
vt 0.66409999 0.00001400
vt 0.99997902 0.00000000
vt 0.99999899 0.24999800
vt 0.84267098 0.35477301
vt 0.71985102 0.54621202
vt 0.74850100 0.00003800
vt 0.53407198 1.00000000
vt 0.07689297 0.50000000
vt 0.07689297 0.00000000
vt 0.07637196 0.00000000
vt 0.00000000 0.00000000
vt 0.00000000 0.50000000
vt 0.07689297 1.00000000
vt 0.15378900 0.50000000
vt 0.15378900 0.00000000
vt 0.07941895 1.00000000
vt 0.15378900 1.00000000
vt 0.23068701 0.50000000
vt 0.23068701 0.00000000
vt 0.15645590 0.00000000
vt 0.00000000 0.78825498
vt 0.00000000 0.78346801
vt 0.48885599 0.78346801
vt 0.30759001 0.50000000
vt 0.30759001 0.00000000
vt 0.23654200 0.00000000
vt 0.00000000 0.72559798
vt 0.00000000 0.71820998
vt 0.48885599 0.71820998
vt 0.38450199 0.50000000
vt 0.38450199 0.00000000
vt 0.31662801 0.00000000
vt 0.00000000 0.66182703
vt 0.00000000 0.65142202
vt 0.48885599 0.65142202
vt 0.39671901 0.00000000
vt 0.00000000 0.59426099
vt 1.00000000 0.65142202
vt 1.00000000 0.69173801
vt 1.00000000 0.71820998
vt 0.38450199 1.00000000
vt 0.39908600 1.00000000
vt 0.30759001 1.00000000
vt 0.31916901 1.00000000
vt 0.21362001 0.00000200
vt 0.23193701 0.00000200
vt 0.26432300 0.00000100
vt 0.26432300 0.99999499
vt 0.25518501 0.99999499
vt 0.21362001 0.99999398
vt 0.28183299 0.00000100
vt 0.31431699 0.00000100
vt 0.31431699 0.99999499
vt 0.30327299 0.99999499
vt 0.33172101 0.00000000
vt 0.36571100 0.00000000
vt 0.36571100 0.99999601
vt 0.35222399 0.99999499
vt 0.00000000 0.90904897
vt 0.00000000 0.87282699
vt 0.00000000 0.81814402
vt 1.00000000 0.81814402
vt 1.00000000 0.84964597
vt 1.00000000 0.90904897
vt 1.00000000 0.94110203
vt 1.00000000 1.00000000
vt 0.00000000 1.00000000
vt 0.00000000 0.96656799
vt 0.10300400 0.99965501
vt 0.06411200 0.99965900
vt 0.00000000 0.99961698
vt 0.00000000 0.00000000
vt 0.10300400 0.00000000
vt 1.00000000 0.00000000
vt 1.00000000 0.11876600
vt 0.92318600 0.13477901
vt 0.86654198 0.17807400
vt 0.84604299 0.23753200
vt 0.84604299 0.83136100
vt 0.86654198 0.89082003
vt 0.92318702 0.93411398
vt 1.00000000 0.95012701
vt 1.00000000 1.00000000
vt 0.00000000 0.00000000
vt 0.12739900 0.00000000
vt 0.00000000 0.14288101
vt 0.00000000 0.04432594
vt 0.00000000 0.00000000
vt 1.00000000 0.00000000
vt 1.00000000 0.04943495
vt 1.00000000 0.14288101
vt 0.00000000 1.00000000
vt 0.00000000 0.95014501
vt 0.08804196 0.93412602
vt 0.15294100 0.89083803
vt 0.17643490 0.83137703
vt 0.17643490 0.23753600
vt 0.15294300 0.17807700
vt 0.08802795 0.13478200
vt 0.00000000 0.11876800
vt 0.00000000 0.00000000
vt 1.00000000 0.00000000
vt 1.00000000 1.00000000
vt 0.00000000 1.00000000
vt 1.00000000 0.00000000
vt 1.00000000 1.00000000
vt 1.00000000 1.00000000
vt 1.00000000 0.00000000
vt 0.89695799 0.00000000
vt 1.00000000 1.00000000
vt 0.89695799 1.00000000
vt 0.10304100 1.00000000
vt 0.05183196 1.00000000
vt 0.00000000 1.00000000
vt 0.10304100 0.00000000
vt 0.57917899 0.00000000
vt 0.00000000 0.00000000
vt 0.00000000 1.00000000
vt 0.99999398 1.00000000
vt 1.00000000 0.00000000
vt 0.94747800 0.00000000
vt 0.88251501 0.00015700
vt 1.00000000 0.00030000
vt 1.00000000 0.99913502
vt 0.94215697 0.99908298
vt 0.88251501 0.99906200
vt 0.50495100 0.01052099
vt 0.39400199 0.02313697
vt 0.25873601 0.07622498
vt 0.14474601 0.16636100
vt 0.06188398 0.28575799
vt 0.01731097 0.42409500
vt 0.01487696 0.56942099
vt 0.05479300 0.70917499
vt 0.13361000 0.83128101
vt 0.22041801 0.90925002
vt 0.32912099 0.96704102
vt 0.47104499 0.99821597
vt 0.50495100 0.99937999
vt 0.50495100 0.94814599
vt 0.39974600 0.93547398
vt 0.28274801 0.88838702
vt 0.18375200 0.81023699
vt 0.11077800 0.70735401
vt 0.06973695 0.58807302
vt 0.06395399 0.46205801
vt 0.09389799 0.33951899
vt 0.15714291 0.23038100
vt 0.24856600 0.14348800
vt 0.36075899 0.08587795
vt 0.48463401 0.06221896
vt 0.50495100 0.06175398
vt 0.00000000 1.00000000
vt 0.00000000 0.00000000
vt 0.61128497 0.00000000
vt 0.10533100 0.99964201
vt 0.05327099 0.99941802
vt 0.00000000 0.99915200
vt 0.00000000 0.00029000
vt 0.10533100 0.00029200
vt 0.10300400 0.00000000
vt 0.10300000 0.00000000
vt 0.00000000 0.00000000
vt 0.00000000 1.00000000
vt 0.05164599 1.00000000
vt 0.10300400 1.00000000
vt 1.00000000 1.00000000
vt 0.00000000 0.00000000
vt 0.00000000 1.00000000
vt 0.10300400 1.00000000
vt 0.00000000 1.00000000
vt 0.34108099 0.02519094
vt 0.00000000 0.05254399
vt 0.00000000 1.00000000
vt 0.34108099 0.97177100
vt 0.30689499 1.00000000
vt 0.15453701 0.88958901
vt 0.05039596 0.74992502
vt 0.00343895 0.59302598
vt 0.01770699 0.43239701
vt 0.09196895 0.28186500
vt 0.21983901 0.15439001
vt 0.39030400 0.06094294
vt 0.58869201 0.00956899
vt 0.79792601 0.00469095
vt 1.00000000 0.04672396
vt 0.99067998 0.05954295
vt 0.80354798 0.01994597
vt 0.59788102 0.02317094
vt 0.40246499 0.07258999
vt 0.23444100 0.16386800
vt 0.10855200 0.28899801
vt 0.03584796 0.43700400
vt 0.02270597 0.59489697
vt 0.07027399 0.74882501
vt 0.17437901 0.88528502
vt 0.31621501 0.98718202
vt 0.20006000 1.00000000
vt 0.20006000 0.00000000
vt 0.29566801 1.00000000
vt 0.20006600 0.00000000
vt 0.29566801 0.00000000
vt 0.39406499 1.00000000
vt 0.29567599 0.00000000
vt 0.39406499 0.00000000
vt 0.20006000 1.00000000
vt 0.24730600 1.00000000
vt 0.29566801 1.00000000
vt 0.39406499 0.00000000
vt 0.34394500 1.00000000
vt 0.39406499 1.00000000
vt 0.33338299 0.99998897
vt 0.27337801 0.99999499
vt 0.21488000 0.99993902
vt 0.21488000 0.00029700
vt 0.33338299 0.00030400
vt 0.44744501 0.99981600
vt 0.39188400 0.99992502
vt 0.44744501 0.00031200
vt 0.50000000 0.00000000
vt 0.49998999 0.00000000
vt 0.44563499 1.00000000
vt 0.50000000 1.00000000
vt 0.55445498 0.99951297
vt 0.50150800 0.99967301
vt 0.55445498 0.00031800
vt 0.65944600 0.99920797
vt 0.60671502 0.99935400
vt 0.65944600 0.00031900
vt 0.60593599 0.00000000
vt 0.60592800 0.00000000
vt 0.55434602 1.00000000
vt 0.60593599 1.00000000
vt 0.70433199 0.00000000
vt 0.70432597 0.00000000
vt 0.65604103 1.00000000
vt 0.70433199 1.00000000
vt 0.76708198 0.99901599
vt 0.71221799 0.99909300
vt 0.76708198 0.00031400
vt 0.79994100 0.00000000
vt 0.79993701 0.00000000
vt 0.75268197 1.00000000
vt 0.79994100 1.00000000
vt 0.88251501 0.99900001
vt 0.82278299 0.99898499
vt 0.85464501 0.00030700
vt 0.88251501 0.00016100
vt 0.89699697 0.00000000
vt 0.84868598 1.00000000
vt 0.89699697 1.00000000
vt 1.00000000 0.00029000
vt 1.00000000 0.99915200
vt 0.94177198 0.99905801
vt 0.94835103 1.00000000
vt 1.00000000 1.00000000
vt 1.00000000 0.00000000
vt 0.50000203 0.00000000
vt 0.48652801 0.00000000
vt 0.29740399 0.00000000
vt 0.00000000 0.00000000
vt 0.00000000 1.00000000
vt 0.50000203 1.00000000
vt 1.00000000 1.00000000
vt 1.00000000 0.00000000
vt 0.00000000 0.00000000
vt 0.00000000 1.00000000
vt 1.00000000 1.00000000
vt 0.89699602 1.00000000
vt 0.00000000 0.99999899
vt 0.00000000 0.95012701
vt 0.08803200 0.93411398
vt 0.15294400 0.89082003
vt 0.17643490 0.83136100
vt 0.17643490 0.23753200
vt 0.15294591 0.17807600
vt 0.08803296 0.13478100
vt 0.00000000 0.11876600
vt 1.00000000 1.00000000
vt 0.34108001 0.02879995
vt 0.00000000 0.00000000
vt 0.00000000 0.94745600
vt 0.34108001 0.97492403
vt 0.79993999 1.00000000
vt 0.70433199 1.00000000
vt 0.60593498 1.00000000
vt 0.50000000 1.00000000
vt 1.00000000 0.10000500
vt 1.00000000 0.00568998
vt 0.98085701 0.00284296
vt 0.92859000 0.00076100
vt 0.85714298 0.00000000
vt 0.14285700 0.00000000
vt 0.07140696 0.00076100
vt 0.01914197 0.00284296
vt 0.00000000 0.00568998
vt 0.00000000 0.10000500
vt 0.00000000 0.20001000
vt 1.00000000 0.20001000
vt 0.00000000 0.30001500
vt 1.00000000 0.30001500
vt 0.00000000 0.40002000
vt 1.00000000 0.40002000
vt 0.00000000 0.50002497
vt 1.00000000 0.50002497
vt 0.00000000 0.60003000
vt 1.00000000 0.60003000
vt 0.00000000 0.70003098
vt 1.00000000 0.70003098
vt 0.00000000 0.80001998
vt 1.00000000 0.80001998
vt 0.00000000 0.90000999
vt 1.00000000 0.90000999
vt 0.00000000 0.99431098
vt 0.01917600 0.99715602
vt 0.07142597 0.99923903
vt 0.14285700 1.00000000
vt 0.85714298 1.00000000
vt 0.92855000 0.99923700
vt 0.98084801 0.99715698
vt 1.00000000 0.99431098
vt 0.00000000 0.04672396
vt 0.20207401 0.00469095
vt 0.41130799 0.00956899
vt 0.60969597 0.06094294
vt 0.78016102 0.15439001
vt 0.90803099 0.28186500
vt 0.98229301 0.43239701
vt 0.99656099 0.59302598
vt 0.94960397 0.74992502
vt 0.84546399 0.88958901
vt 0.69310498 1.00000000
vt 0.68378502 0.98718202
vt 0.82562101 0.88528502
vt 0.92972600 0.74882501
vt 0.97729403 0.59489697
vt 0.96415198 0.43700400
vt 0.89144802 0.28899801
vt 0.76555902 0.16386800
vt 0.59753501 0.07258999
vt 0.40211901 0.02317094
vt 0.19645201 0.01994597
vt 0.00931996 0.05954295
vt 0.34108099 0.02823197
vt 0.00000000 0.00000000
vt 0.00000000 0.94745600
vt 0.34108099 0.97480899
vt 0.65891898 0.99353600
vt 0.65891898 0.04732799
vt 1.00000000 1.00000000
vt 1.00000000 0.05399399
vt 1.00000000 0.00000000
vt 0.00000000 0.00000000
vt 0.00000000 1.00000000
vt 0.65891898 0.95266902
vt 1.00000000 0.94600600
vt 0.65891898 0.00646394
vt 0.34108099 0.02507698
vt 0.00000000 0.05254399
vt 0.00000000 1.00000000
vt 0.34108099 0.97120500
vt 0.89699602 0.00000000
vt 1.00000000 0.00000000
vt 1.00000000 0.99998200
vt 0.93140399 0.99997503
vt 0.89699602 0.99994397
vt 0.00000000 0.09091699
vt 0.00000000 0.02926295
vt 0.00000000 0.00000000
vt 1.00000000 0.00000000
vt 1.00000000 0.02618998
vt 1.00000000 0.09091699
vt 1.00000000 0.00000000
vt 1.00000000 0.11876600
vt 0.91724902 0.11876600
vt 0.84678102 0.13478400
vt 0.79483598 0.17807101
vt 0.77603197 0.23753200
vt 0.77603197 0.83136100
vt 0.79483598 0.89082199
vt 0.84678102 0.93410897
vt 0.91724902 0.95012701
vt 1.00000000 0.95012701
vt 1.00000000 1.00000000
vt 0.00000000 1.00000000
vt 0.00000000 0.00000000
vt 0.11685700 0.00000000
vt 0.00000000 0.25011799
vt 0.00000000 0.19233499
vt 0.00000000 0.00000000
vt 1.00000000 0.00000000
vt 1.00000000 0.10746100
vt 1.00000000 0.25011799
vt 0.10276500 0.99994898
vt 0.05428194 0.99998099
vt 0.00000000 0.99998498
vt 0.00000000 0.00000000
vt 0.10276500 0.00000000
vt 0.30040801 0.00306296
vt 0.30607000 0.00000000
vt 0.31540000 0.01282697
vt 0.17339601 0.11479300
vt 0.06916695 0.25134599
vt 0.02154195 0.40538001
vt 0.03469997 0.56338102
vt 0.10749200 0.71148801
vt 0.23353299 0.83670300
vt 0.40175799 0.92804199
vt 0.59740800 0.97749400
vt 0.80331999 0.98071897
vt 0.99066901 0.94109702
vt 1.00000000 0.95392299
vt 0.79837501 0.99592900
vt 0.58956403 0.99129403
vt 0.39142701 0.94042200
vt 0.22090501 0.84766299
vt 0.09258598 0.72094500
vt 0.01742994 0.57110697
vt 0.00188196 0.41096601
vt 0.04725897 0.25421399
vt 0.14968701 0.11425600
vt 0.19974490 0.99991500
vt 0.14470100 0.99994898
vt 0.19974490 0.00000000
vt 1.00000000 0.38237801
vt 0.00000000 0.46150300
vt 0.29539400 0.99988103
vt 0.23191400 0.99991900
vt 0.29539400 0.00000000
vt 0.39392200 0.99984598
vt 0.31920901 0.99987298
vt 0.39392200 0.00000000
vt 0.50006503 0.99980801
vt 0.42017800 0.99985200
vt 0.50006503 0.00000000
vt 0.00000000 0.75188601
vt 1.00000000 0.79201901
vt 0.60587299 0.99977100
vt 0.52922398 0.99981302
vt 0.60587299 0.00000000
vt 0.70423502 0.99973500
vt 0.63343698 0.99977601
vt 0.70423502 0.00000000
vt 0.00000000 0.46888500
vt 0.00000000 0.42855901
vt 1.00000000 0.42855901
vt 1.00000000 0.46514601
vt 0.79986101 0.99970102
vt 0.73154199 0.99974102
vt 0.79986101 0.00000000
vt 0.89695799 0.99966598
vt 0.82813501 0.99970597
vt 0.89695799 0.00000000
vt 0.00000000 0.32743999
vt 0.00000000 0.28569800
vt 1.00000000 0.28569800
vt 1.00000000 0.32659301
vt 0.00000000 0.18585500
vt 1.00000000 0.18806800
vt 1.00000000 0.00000000
vt 1.00000000 0.99962997
vt 0.92745799 0.99967098
vt 0.15997601 0.00000300
vt 0.17792000 0.00000300
vt 0.20608690 0.99999499
vt 0.15997601 0.99999398
vt 0.10319100 0.00000400
vt 0.11958700 0.00000400
vt 0.15394400 0.99999499
vt 0.10319100 0.99999398
vt 0.23068701 1.00000000
vt 0.23925200 1.00000000
vt 0.15933600 1.00000000
vt 0.06401097 0.00000500
vt 0.09939497 0.99999398
vt 0.34108099 0.02451395
vt 0.00000000 0.05254399
vt 0.00000000 1.00000000
vt 0.34108099 0.97049302
vt 0.65891898 0.94895297
vt 0.65891898 0.00677598
vt 1.00000000 0.94105101
vt 1.00000000 0.00000000
vt 0.00000000 0.10000500
vt 0.00000000 0.00569296
vt 0.01918196 0.00284797
vt 0.07143795 0.00076500
vt 0.14285700 0.00000400
vt 0.85714298 0.00000100
vt 0.92858398 0.00076100
vt 0.98086601 0.00284594
vt 1.00000000 0.00569296
vt 1.00000000 0.10000500
vt 1.00000000 1.00000000
vt 1.00000000 0.00000000
vt 0.00000000 0.00000000
vt 0.00000000 1.00000000
vt 0.65891898 0.99353600
vt 1.00000000 1.00000000
vt 1.00000000 0.05562895
vt 0.65891898 0.04844796
vt 0.34108099 0.97480899
vt 0.34108099 0.02875596
vt 0.00000000 0.00000000
vt 0.00000000 0.94745600
vt 0.69936001 0.00306296
vt 0.85003102 0.11428000
vt 0.95242500 0.25426501
vt 0.99778700 0.41104901
vt 0.98224503 0.57122397
vt 0.90711302 0.72109300
vt 0.77883703 0.84783500
vt 0.60837197 0.94061399
vt 0.41029999 0.99149603
vt 0.20155901 0.99613202
vt 0.00000000 0.95411801
vt 0.00932795 0.94128901
vt 0.19661500 0.98091900
vt 0.40245900 0.97769302
vt 0.59804398 0.92823100
vt 0.76621300 0.83687401
vt 0.89221197 0.71163303
vt 0.96498001 0.56349599
vt 0.97813398 0.40546200
vt 0.93052500 0.25139701
vt 0.82633102 0.11481600
vt 0.68437302 0.01282894
vt 0.69370002 0.00000000
vt 0.00000000 0.20001000
vt 1.00000000 0.20001000
vt 0.00000000 0.30001500
vt 1.00000000 0.30001500
vt 0.00000000 0.40002000
vt 1.00000000 0.40002000
vt 0.00000000 0.50002497
vt 1.00000000 0.50002497
vt 0.00000000 0.60003000
vt 1.00000000 0.60003000
vt 0.00000000 0.70003098
vt 1.00000000 0.70003098
vt 0.00000000 0.80001998
vt 1.00000000 0.80001998
vt 0.00000000 0.90000999
vt 1.00000000 0.90000999
vt 1.00000000 0.99431098
vt 0.98086798 0.99715698
vt 0.92859203 0.99923998
vt 0.85714298 1.00000000
vt 0.14285700 1.00000000
vt 0.07140797 0.99923998
vt 0.01913195 0.99715698
vt 0.00000000 0.99431098
vt 0.34108099 0.02451395
vt 0.00000000 0.05254399
vt 0.00000000 1.00000000
vt 0.34108099 0.97178102
vt 0.65891898 0.95268899
vt 0.65891898 0.00677598
vt 1.00000000 0.94603300
vt 1.00000000 0.00000000
vt 1.00000000 1.00000000
vt 0.00000000 0.00000000
vt 0.00000000 1.00000000
vt 0.65891898 0.99322402
vt 1.00000000 0.05396699
vt 0.65891898 0.04731094
vt 0.34108099 0.02821898
vt 0.34108099 0.97548801
vt 0.00000000 0.00000000
vt 0.00000000 0.94745600
vt 0.10276500 1.00000000
vt 0.00000000 1.00000000
vt 0.00000000 0.00000000
vt 0.10276500 0.00000000
vt 0.89723498 0.00000000
vt 1.00000000 1.00000000
vt 0.95172101 1.00000000
vt 0.89723498 1.00000000
vt 0.00000000 0.00000000
vt 0.00000000 1.00000000
vt 1.00000000 1.00000000
vt 1.00000000 0.00000000
vt 0.00000000 1.00000000
vt 0.50099701 1.00000000
vt 1.00000000 1.00000000
vt 1.00000000 0.00000000
vt 0.72253299 0.00000000
vt 0.51349598 0.00000000
vt 0.61589903 0.98676401
vt 0.75116497 0.93367600
vt 0.86515498 0.84354001
vt 0.94801700 0.72414303
vt 0.99259001 0.58580601
vt 0.99502403 0.44047999
vt 0.95510799 0.30072600
vt 0.87629098 0.17862000
vt 0.78682601 0.09879398
vt 0.68077999 0.04285895
vt 0.53885603 0.01168495
vt 0.61015499 0.07442700
vt 0.72715300 0.12151400
vt 0.82614899 0.19966391
vt 0.89912301 0.30254701
vt 0.94016403 0.42182800
vt 0.94594699 0.54784298
vt 0.91600299 0.67038202
vt 0.85275799 0.77951998
vt 0.76133502 0.86641300
vt 0.64914203 0.92402297
vt 0.52526700 0.94768202
vt 0.10533100 0.99960798
vt 0.05637997 0.99940401
vt 0.00000000 0.99913502
vt 0.00000000 0.00030000
vt 0.10533100 0.00030000
vt 0.21488000 0.00030000
vt 0.21488000 0.99991399
vt 0.16279000 0.99979699
vt 0.85170698 1.00000000
vt 0.80025500 1.00000000
vt 0.80025500 0.00000000
vt 0.80026001 0.00000000
vt 0.75536501 1.00000000
vt 0.70460600 1.00000000
vt 0.70460600 0.00000000
vt 0.70461202 0.00000000
vt 0.29539400 1.00000000
vt 0.19974490 1.00000000
vt 0.19974490 0.00000000
vt 0.19975001 0.00000000
vt 0.29539400 0.00000000
vt 0.39392200 1.00000000
vt 0.29539999 0.00000000
vt 0.39392200 0.00000000
vt 0.50006503 1.00000000
vt 0.39392799 0.00000000
vt 0.50006503 0.00000000
vt 0.60587299 1.00000000
vt 0.50007200 0.00000000
vt 0.60587299 0.00000000
vt 0.70423502 1.00000000
vt 0.60587901 0.00000000
vt 0.70423502 0.00000000
vt 0.49993399 1.00000000
vt 0.44723299 1.00000000
vt 0.39412600 1.00000000
vt 0.39412600 0.00000000
vt 0.39413100 0.00000000
vt 0.49993399 0.00000000
vt 0.34517801 1.00000000
vt 0.29576299 1.00000000
vt 0.29576299 0.00000000
vt 0.29576701 0.00000000
vt 0.55445498 0.00030000
vt 0.65944600 0.00030000
vt 0.65944600 0.99933398
vt 0.60808903 0.99946803
vt 0.55445498 0.99961698
vt 0.76708198 0.00030000
vt 0.76708198 0.99912900
vt 0.71327400 0.99921501
vt 0.24819399 1.00000000
vt 0.20013800 1.00000000
vt 0.20013800 0.00000000
vt 0.20013990 0.00000000
vt 0.85464501 0.00030000
vt 0.82353699 0.99907601
vt 0.15185000 1.00000000
vt 0.79986101 1.00000000
vt 0.79986101 0.00000000
vt 0.79986399 0.00000000
vt 0.70423901 0.00000000
vt 0.22544099 0.00000000
vt 0.22640499 0.00000000
vt 0.27359501 0.00000000
vt 0.27455899 0.00000000
vt 0.27455899 1.00000000
vt 0.23318900 1.00000000
vt 0.22544099 1.00000000
vt 0.31930599 0.00000000
vt 0.32055300 0.00000000
vt 0.32055300 1.00000000
vt 0.36391401 0.00000000
vt 0.36422199 0.00000000
vt 0.36422199 1.00000000
vt 0.00000000 0.31930599
vt 0.00000000 0.36391401
vt 1.00000000 0.36391401
vt 1.00000000 0.32055300
vt 1.00000000 0.31930599
vt 0.00000000 0.40831000
vt 1.00000000 0.40831000
vt 1.00000000 0.40744400
vt 1.00000000 0.36422199
vt 0.40744400 0.00000000
vt 0.40744400 1.00000000
vt 0.40831000 0.00000000
vt 0.45202401 0.00000000
vt 0.45202401 1.00000000
vt 0.45335001 0.00000000
vt 0.50000000 0.00000000
vt 0.50000000 1.00000000
vt 0.00000000 0.45335001
vt 1.00000000 0.45335001
vt 1.00000000 0.45202401
vt 0.00000000 0.50000000
vt 1.00000000 0.50000000
vt 0.00000000 0.54664999
vt 1.00000000 0.54664999
vt 0.00000000 0.59169000
vt 1.00000000 0.59169000
vt 1.00000000 0.54797602
vt 0.54664999 0.00000000
vt 0.54797602 0.00000000
vt 0.54797602 1.00000000
vt 0.59169000 0.00000000
vt 0.59255600 0.00000000
vt 0.59255600 1.00000000
vt 0.63577801 0.00000000
vt 0.63577801 1.00000000
vt 0.63608599 0.00000000
vt 0.67944700 0.00000000
vt 0.67944700 1.00000000
vt 0.68069398 0.00000000
vt 0.72544098 0.00000000
vt 0.72544098 1.00000000
vt 0.00000000 0.63608599
vt 0.00000000 0.68069398
vt 1.00000000 0.68069398
vt 1.00000000 0.67944700
vt 1.00000000 0.63608599
vt 0.00000000 0.72640502
vt 1.00000000 0.72640502
vt 1.00000000 0.72544098
vt 0.72640502 0.00000000
vt 0.77359498 0.00000000
vt 0.77455902 0.00000000
vt 0.77455902 1.00000000
vt 0.73318899 1.00000000
vt 0.00000000 0.77359498
vt 1.00000000 0.77359498
vt 0.00000000 0.81930602
vt 1.00000000 0.81930602
vt 1.00000000 0.77455902
vt 0.00000000 0.86391401
vt 1.00000000 0.86391401
vt 1.00000000 0.82055300
vt 0.81930602 0.00000000
vt 0.82055300 0.00000000
vt 0.82055300 1.00000000
vt 0.86391401 0.00000000
vt 0.86422199 0.00000000
vt 0.86422199 1.00000000
vt 0.90744400 0.00000000
vt 0.90744400 1.00000000
vt 0.00000000 0.90831000
vt 1.00000000 0.90831000
vt 1.00000000 0.90744400
vt 1.00000000 0.86422199
vt 0.90831000 0.00000000
vt 0.95202398 0.00000000
vt 0.95202398 1.00000000
vt 0.00000000 0.95335001
vt 1.00000000 0.95335001
vt 1.00000000 0.95202398
vt 0.95335001 0.00000000
vt 1.00000000 0.00000000
vt 1.00000000 1.00000000
vt 0.00000000 1.00000000
vt 1.00000000 1.00000000
vt 0.04797595 1.00000000
vt 0.00000000 1.00000000
vt 0.00000000 0.00000000
vt 0.04664999 0.00000000
vt 0.04797595 0.00000000
vt 1.00000000 0.04664999
vt 1.00000000 0.00000000
vt 0.00000000 0.00000000
vt 0.00000000 0.04664999
vt 0.00000000 0.09169000
vt 1.00000000 0.09169000
vt 1.00000000 0.04797595
vt 0.00000000 0.13608600
vt 1.00000000 0.13608600
vt 1.00000000 0.13577799
vt 1.00000000 0.09255599
vt 0.09169000 0.00000000
vt 0.09255599 0.00000000
vt 0.09255599 1.00000000
vt 0.13577799 0.00000000
vt 0.13577799 1.00000000
vt 0.13608600 0.00000000
vt 0.17944691 0.00000000
vt 0.17944691 1.00000000
vt 0.18069400 0.00000000
vt 0.00000000 0.18069400
vt 1.00000000 0.18069400
vt 1.00000000 0.17944691
vt 0.00000000 0.22640499
vt 1.00000000 0.22640499
vt 1.00000000 0.22544099
vt 0.00000000 0.27359501
vt 1.00000000 0.27359501
vt 1.00000000 0.27455899
vt 1.00000000 0.63577801
vt 1.00000000 0.59255600
vt 0.44744501 0.00030000
vt 0.50325900 0.99975097
vt 0.44744501 0.99987400
vt 0.33338299 0.00030000
vt 0.39412200 0.99995601
vt 0.33338299 0.99999797
vt 0.60607803 1.00000000
vt 0.55633098 1.00000000
vt 0.49994099 0.00000000
vt 0.60607803 0.00000000
vt 0.65838301 1.00000000
vt 0.60608500 0.00000000
vt 0.27611601 0.99998701
vt 0.00000000 0.18179201
vt 0.00000000 0.12300600
vt 1.00000000 0.11769300
vt 1.00000000 0.18179201
vt 0.83574200 0.99993998
vt 0.79993999 0.99990898
vt 0.79993999 0.00000000
vt 0.00000000 0.27271101
vt 0.00000000 0.21678500
vt 1.00000000 0.20914200
vt 1.00000000 0.27271101
vt 0.74290103 0.99990600
vt 0.70433199 0.99987400
vt 0.70433199 0.00000000
vt 0.00000000 0.36364600
vt 0.00000000 0.31047201
vt 1.00000000 0.30062601
vt 1.00000000 0.36364600
vt 0.62903100 0.00000300
vt 0.64487398 0.00000300
vt 0.65611398 0.99999797
vt 0.62903100 0.99999797
vt 0.57855701 0.00000200
vt 0.59415501 0.00000200
vt 0.60645401 0.99999797
vt 0.57855701 0.99999797
vt 0.00000000 0.45453301
vt 0.00000000 0.40415099
vt 1.00000000 0.39219099
vt 1.00000000 0.45453301
vt 0.52849501 0.00000100
vt 0.54449499 0.00000100
vt 0.55827701 0.99999797
vt 0.52849501 0.99999797
vt 0.92305100 0.00000000
vt 0.87726402 0.00000000
vt 0.87858802 1.00000000
vt 0.92305100 1.00000000
vt 0.95850402 1.00000000
vt 1.00000000 1.00000000
vt 1.00000000 0.00000000
vt 0.95734602 0.00000000
vt 0.00000000 0.17882600
vt 0.32669100 0.98547399
vt 0.00093900 1.00000000
vt 0.00256199 0.01291894
vt 0.33938599 0.00152999
vt 0.47672400 0.00000000
vt 0.49386099 0.00000000
vt 0.50969398 0.99999797
vt 0.47672400 0.99999702
vt 0.00000000 0.54541397
vt 0.00000000 0.49791500
vt 1.00000000 0.48367000
vt 1.00000000 0.54541397
vt 0.00000000 0.63635099
vt 0.00000000 0.59167802
vt 1.00000000 0.57511902
vt 1.00000000 0.63635099
vt 0.50000000 0.99980003
vt 0.44500399 0.99979800
vt 0.39406499 0.99976099
vt 0.39406499 0.00000000
vt 0.50000000 0.00000000
vt 0.60593498 0.99983799
vt 0.55035001 0.99983603
vt 0.60593498 0.00000000
vt 0.34646901 0.99976200
vt 0.29566801 0.99972498
vt 0.29566801 0.00000000
vt 0.25286299 0.99972802
vt 0.20006000 0.99969000
vt 0.20006000 0.00000000
vt 0.00000000 0.72727603
vt 0.00000000 0.68535799
vt 1.00000000 0.66663003
vt 1.00000000 0.72727603
vt 0.42085800 0.00000000
vt 0.43999001 0.00000000
vt 0.45875800 0.99999702
vt 0.42085800 0.99999601
vt 0.38376799 0.00000000
vt 0.40405101 0.99999601
vt 0.00000000 0.77904600
vt 1.00000000 0.75818402
vt 0.16003790 0.99969399
vt 0.64914602 0.99987203
vt 0.65891898 0.00648397
vt 0.65891898 0.95297801
vt 1.00000000 0.94600600
vt 1.00000000 0.00000000
vt 1.00000000 1.00000000
vt 1.00000000 0.00000000
vt 0.00000000 0.00000000
vt 0.00000000 1.00000000
vt 0.65891701 0.99351603
vt 0.99997401 1.00000000
vt 0.99997401 0.05399399
vt 0.65891701 0.04701900
vt 0.15991500 0.99982101
vt 0.15130600 1.00000000
vt 1.00000000 0.78346801
vt 0.28403801 0.01707196
vt 0.14983900 0.75072700
vt 0.13526700 0.69570100
vt 0.00000000 0.33358100
vt 0.00000000 0.00000000
vt 1.00000000 0.35910800
vt 1.00000000 0.20121691
vt 1.00000000 0.00000000
vt 0.49957100 0.00000000
vt 0.00000000 0.26419899
vt 0.00000000 0.00000000
vt 0.36422199 0.00000200
vt 0.36422199 1.00000000
vt 0.37978101 1.00000000
vt 0.27455899 0.00000200
vt 0.27455899 1.00000000
vt 0.90534401 0.87528598
vt 0.90392798 0.88770801
vt 0.42909300 1.00000000
vt 0.49754301 1.00000000
vt 0.89141202 1.00000000
vt 0.83305901 0.96399498
vt 0.55992103 0.00000000
vt 0.74723297 0.00000000
vt 0.77078301 0.00000000
vt 0.93449199 0.00000000
vt 1.00000000 0.00000000
vt 1.00000000 0.40872601
f 1/1 2/2 3/3
f 1/1 3/3 4/4
f 1/1 4/4 5/5
f 1/1 5/5 6/6
f 1/1 6/6 7/7
f 1/1 7/7 8/8
f 1/1 8/8 9/9
f 1/1 9/9 10/10
f 1/1 10/10 11/11
f 1/1 11/11 12/12
f 1/1 12/12 13/13
f 1/1 13/13 14/14
f 1/1 14/14 15/15
f 1/1 15/15 16/16
f 1/1 16/16 17/17
f 1/1 17/17 18/18
f 1/1 18/18 19/19
f 1/1 19/19 20/20
f 1/1 20/20 21/21
f 1/1 21/21 22/22
f 23/23 24/24 25/25
f 23/23 25/25 26/26
f 26/26 25/25 27/27
f 26/26 27/27 28/28
f 29/29 30/30 26/26
f 29/29 26/26 28/28
f 30/30 31/31 23/23
f 30/30 23/23 26/26
f 32/32 33/33 34/34
f 32/32 34/34 35/35
f 32/32 35/35 36/36
f 37/37 32/32 36/36
f 37/37 36/36 38/38
f 39/39 40/40 41/41
f 39/39 41/41 38/38
f 39/39 38/38 36/36
f 35/35 42/42 43/43
f 35/35 43/43 44/44
f 35/35 44/44 39/39
f 35/35 39/39 36/36
f 45/45 46/46 47/47
f 45/45 47/47 48/48
f 45/45 48/48 49/49
f 50/50 51/51 52/52
f 50/50 52/52 53/53
f 50/50 53/53 54/54
f 50/50 54/54 55/55
f 50/50 55/55 56/56
f 50/50 56/56 57/57
f 58/58 59/59 60/60
f 58/58 60/60 61/61
f 58/58 61/61 62/62
f 63/63 33/33 64/64
f 63/63 64/64 60/60
f 65/65 66/66 67/67
f 65/65 67/67 68/68
f 69/69 70/70 64/64
f 69/69 64/64 33/33
f 69/69 33/33 71/71
f 72/72 73/73 74/74
f 72/72 74/74 75/75
f 68/68 76/76 77/77
f 68/68 77/77 65/65
f 78/78 72/72 75/75
f 78/78 75/75 79/79
f 78/78 79/79 80/80
f 74/74 81/81 82/82
f 74/74 82/82 79/79
f 74/74 79/79 75/75
f 83/83 84/84 80/80
f 83/83 80/80 79/79
f 83/83 79/79 85/85
f 82/82 86/86 85/85
f 82/82 85/85 79/79
f 71/71 87/87 88/88
f 71/71 88/88 89/89
f 71/71 89/89 90/90
f 71/71 90/90 69/69
f 86/86 91/91 92/92
f 86/86 92/92 83/83
f 86/86 83/83 85/85
f 87/87 93/93 94/94
f 87/87 94/94 95/95
f 87/87 95/95 88/88
f 92/92 96/96 97/97
f 92/92 97/97 83/83
f 93/93 98/98 99/99
f 93/93 99/99 100/100
f 93/93 100/100 94/94
f 96/96 101/101 102/102
f 96/96 102/102 97/97
f 102/102 103/103 84/84
f 102/102 84/84 83/83
f 102/102 83/83 97/97
f 104/104 105/105 103/103
f 104/104 103/103 102/102
f 104/104 102/102 106/106
f 101/101 107/107 108/108
f 101/101 108/108 106/106
f 101/101 106/106 102/102
f 109/109 110/110 103/103
f 109/109 103/103 105/105
f 110/110 111/111 84/84
f 110/110 84/84 103/103
f 111/111 112/112 80/80
f 111/111 80/80 84/84
f 113/113 114/114 115/115
f 113/113 115/115 116/116
f 113/113 116/116 117/117
f 113/113 117/117 118/118
f 113/113 118/118 119/119
f 113/113 119/119 120/120
f 113/113 120/120 121/121
f 113/113 121/121 122/122
f 113/113 122/122 123/123
f 113/113 123/123 124/124
f 113/113 124/124 125/125
f 113/113 125/125 126/126
f 112/112 127/127 128/128
f 112/112 128/128 78/78
f 112/112 78/78 80/80
f 119/119 129/129 130/130
f 119/119 130/130 131/131
f 119/119 131/131 132/132
f 119/119 132/132 133/133
f 119/119 133/133 134/134
f 119/119 134/134 135/135
f 119/119 135/135 136/136
f 119/119 136/136 137/137
f 119/119 137/137 138/138
f 119/119 138/138 139/139
f 119/119 139/139 113/113
f 119/119 113/113 126/126
f 119/119 126/126 140/140
f 119/119 140/140 141/141
f 119/119 141/141 142/142
f 119/119 142/142 143/143
f 119/119 143/143 144/144
f 119/119 144/144 145/145
f 119/119 145/145 120/120
f 76/76 146/146 147/147
f 76/76 147/147 77/77
f 148/148 149/149 150/150
f 148/148 150/150 151/151
f 61/61 148/148 151/151
f 61/61 151/151 62/62
f 62/62 151/151 152/152
f 62/62 152/152 153/153
f 150/150 154/154 152/152
f 150/150 152/152 151/151
f 155/155 156/156 153/153
f 155/155 153/153 152/152
f 154/154 157/157 155/155
f 154/154 155/155 152/152
f 158/158 159/159 160/160
f 158/158 160/160 161/161
f 158/158 161/161 162/162
f 163/163 160/160 164/164
f 163/163 164/164 165/165
f 166/166 167/167 168/168
f 166/166 168/168 169/169
f 166/166 169/169 170/170
f 166/166 171/171 172/172
f 166/166 172/172 173/173
f 166/166 173/173 167/167
f 174/174 158/158 162/162
f 174/174 162/162 175/175
f 174/174 175/175 176/176
f 171/171 177/177 178/178
f 171/171 178/178 179/179
f 171/171 179/179 172/172
f 171/171 166/166 180/180
f 171/171 180/180 181/181
f 177/177 171/171 181/181
f 177/177 181/181 182/182
f 177/177 182/182 183/183
f 177/177 183/183 184/184
f 177/177 184/184 185/185
f 177/177 185/185 178/178
f 176/176 186/186 187/187
f 176/176 187/187 188/188
f 176/176 188/188 174/174
f 189/189 190/190 191/191
f 189/189 191/191 192/192
f 189/189 192/192 193/193
f 194/194 195/195 196/196
f 194/194 196/196 191/191
f 57/57 197/197 195/195
f 57/57 195/195 194/194
f 57/57 194/194 198/198
f 57/57 198/198 199/199
f 57/57 199/199 200/200
f 57/57 200/200 201/201
f 57/57 201/201 50/50
f 156/156 202/202 203/203
f 156/156 203/203 153/153
f 203/203 204/204 58/58
f 203/203 58/58 62/62
f 203/203 62/62 153/153
f 205/205 206/206 207/207
f 205/205 207/207 208/208
f 205/205 208/208 209/209
f 206/206 210/210 211/211
f 206/206 211/211 207/207
f 210/210 212/212 213/213
f 210/210 213/213 211/211
f 210/210 214/214 215/215
f 210/210 215/215 216/216
f 210/210 216/216 212/212
f 217/217 214/214 210/210
f 217/217 210/210 206/206
f 214/214 218/218 219/219
f 214/214 219/219 220/220
f 214/214 220/220 215/215
f 221/221 218/218 214/214
f 221/221 214/214 217/217
f 222/222 221/221 217/217
f 222/222 217/217 223/223
f 223/223 217/217 206/206
f 223/223 206/206 205/205
f 223/223 205/205 224/224
f 223/223 224/224 225/225
f 223/223 225/225 226/226
f 222/222 223/223 226/226
f 222/222 226/226 227/227
f 222/222 227/227 228/228
f 222/222 228/228 229/229
f 230/230 231/231 232/232
f 230/230 232/232 233/233
f 230/230 233/233 234/234
f 235/235 230/230 234/234
f 235/235 234/234 236/236
f 237/237 238/238 235/235
f 237/237 235/235 236/236
f 237/237 236/236 239/239
f 222/222 229/229 240/240
f 222/222 240/240 241/241
f 222/222 241/241 242/242
f 222/222 242/242 243/243
f 222/222 243/243 244/244
f 245/245 237/237 239/239
f 245/245 239/239 246/246
f 245/245 246/246 247/247
f 245/245 247/247 248/248
f 249/249 250/250 245/245
f 249/249 245/245 248/248
f 251/251 242/242 252/252
f 251/251 252/252 253/253
f 251/251 253/253 254/254
f 251/251 254/254 255/255
f 251/251 255/255 256/256
f 257/257 258/258 259/259
f 257/257 259/259 260/260
f 257/257 260/260 261/261
f 262/262 263/263 251/251
f 262/262 251/251 256/256
f 262/262 256/256 264/264
f 260/260 265/265 266/266
f 260/260 266/266 267/267
f 260/260 267/267 268/268
f 260/260 268/268 269/269
f 260/260 269/269 270/270
f 260/260 270/270 271/271
f 260/260 271/271 272/272
f 260/260 272/272 261/261
f 273/273 262/262 264/264
f 273/273 264/264 274/274
f 275/275 276/276 273/273
f 275/275 273/273 274/274
f 277/277 275/275 274/274
f 277/277 274/274 278/278
f 279/279 278/278 274/274
f 279/279 274/274 264/264
f 280/280 281/281 282/282
f 280/280 282/282 283/283
f 280/280 283/283 284/284
f 280/280 284/284 285/285
f 280/280 285/285 286/286
f 280/280 286/286 287/287
f 288/288 289/289 277/277
f 288/288 277/277 278/278
f 288/288 278/278 290/290
f 291/291 292/292 293/293
f 291/291 293/293 294/294
f 291/291 294/294 295/295
f 291/291 295/295 296/296
f 291/291 296/296 297/297
f 291/291 297/297 298/298
f 291/291 298/298 299/299
f 299/299 300/300 301/301
f 299/299 301/301 302/302
f 299/299 302/302 303/303
f 299/299 303/303 291/291
f 287/287 304/304 305/305
f 287/287 305/305 306/306
f 287/287 306/306 307/307
f 287/287 307/307 308/308
f 287/287 308/308 309/309
f 287/287 309/309 310/310
f 287/287 310/310 311/311
f 287/287 311/311 312/312
f 287/287 312/312 313/313
f 287/287 313/313 280/280
f 314/314 315/315 316/316
f 314/314 316/316 317/317
f 314/314 317/317 318/318
f 314/314 318/318 319/319
f 314/314 319/319 320/320
f 314/314 320/320 321/321
f 321/321 322/322 323/323
f 321/321 323/323 314/314
f 324/324 325/325 315/315
f 324/324 315/315 326/326
f 324/324 326/326 327/327
f 324/324 327/327 328/328
f 329/329 330/330 331/331
f 329/329 331/331 332/332
f 329/329 332/332 333/333
f 331/331 334/334 335/335
f 331/331 335/335 336/336
f 331/331 336/336 337/337
f 331/331 337/337 338/338
f 331/331 338/338 332/332
f 332/332 339/339 340/340
f 332/332 340/340 333/333
f 338/338 341/341 339/339
f 338/338 339/339 332/332
f 341/341 342/342 343/343
f 341/341 343/343 339/339
f 339/339 343/343 344/344
f 339/339 344/344 340/340
f 340/340 344/344 345/345
f 340/340 345/345 346/346
f 333/333 340/340 346/346
f 333/333 346/346 347/347
f 347/347 346/346 348/348
f 347/347 348/348 349/349
f 346/346 345/345 350/350
f 346/346 350/350 348/348
f 351/351 329/329 333/333
f 351/351 333/333 347/347
f 352/352 351/351 347/347
f 352/352 347/347 349/349
f 353/353 354/354 352/352
f 353/353 352/352 349/349
f 355/355 353/353 349/349
f 355/355 349/349 348/348
f 356/356 355/355 348/348
f 356/356 348/348 350/350
f 356/356 350/350 357/357
f 358/358 359/359 356/356
f 358/358 356/356 357/357
f 360/360 358/358 357/357
f 360/360 357/357 361/361
f 350/350 362/362 361/361
f 350/350 361/361 357/357
f 363/363 360/360 361/361
f 363/363 361/361 364/364
f 363/363 364/364 365/365
f 362/362 366/366 364/364
f 362/362 364/364 361/361
f 345/345 367/367 362/362
f 345/345 362/362 350/350
f 367/367 368/368 366/366
f 367/367 366/366 362/362
f 369/369 370/370 366/366
f 369/369 366/366 368/368
f 370/370 371/371 364/364
f 370/370 364/364 366/366
f 218/218 221/221 372/372
f 218/218 372/372 373/373
f 218/218 373/373 374/374
f 218/218 374/374 375/375
f 218/218 375/375 376/376
f 377/377 378/378 369/369
f 377/377 369/369 368/368
f 377/377 368/368 379/379
f 218/218 376/376 380/380
f 218/218 380/380 381/381
f 218/218 381/381 382/382
f 218/218 382/382 219/219
f 383/383 377/377 379/379
f 383/383 379/379 384/384
f 385/385 384/384 379/379
f 385/385 379/379 386/386
f 386/386 379/379 368/368
f 386/386 368/368 367/367
f 343/343 385/385 386/386
f 343/343 386/386 344/344
f 344/344 386/386 367/367
f 344/344 367/367 345/345
f 387/387 388/388 384/384
f 387/387 384/384 385/385
f 389/389 387/387 385/385
f 389/389 385/385 343/343
f 389/389 343/343 342/342
f 390/390 391/391 392/392
f 390/390 392/392 393/393
f 390/390 393/393 394/394
f 390/390 394/394 395/395
f 390/390 395/395 396/396
f 390/390 396/396 397/397
f 390/390 397/397 398/398
f 390/390 398/398 399/399
f 390/390 399/399 400/400
f 390/390 400/400 401/401
f 390/390 401/401 402/402
f 390/390 402/402 403/403
f 390/390 403/403 404/404
f 390/390 404/404 405/405
f 390/390 405/405 406/406
f 390/390 406/406 407/407
f 390/390 407/407 408/408
f 390/390 408/408 409/409
f 390/390 409/409 410/410
f 390/390 410/410 411/411
f 390/390 411/411 412/412
f 390/390 412/412 413/413
f 390/390 413/413 414/414
f 390/390 414/414 415/415
f 390/390 415/415 416/416
f 390/390 416/416 417/417
f 390/390 417/417 418/418
f 388/388 419/419 420/420
f 388/388 420/420 383/383
f 388/388 383/383 384/384
f 410/410 421/421 422/422
f 410/410 422/422 423/423
f 410/410 423/423 424/424
f 410/410 424/424 425/425
f 410/410 425/425 426/426
f 410/410 426/426 390/390
f 410/410 390/390 418/418
f 410/410 418/418 427/427
f 410/410 427/427 428/428
f 410/410 428/428 429/429
f 410/410 429/429 430/430
f 410/410 430/430 431/431
f 410/410 431/431 411/411
f 432/432 433/433 434/434
f 432/432 434/434 435/435
f 432/432 435/435 436/436
f 434/434 437/437 438/438
f 434/434 438/438 435/435
f 439/439 440/440 441/441
f 439/439 441/441 442/442
f 442/442 443/443 444/444
f 442/442 444/444 445/445
f 442/442 445/445 439/439
f 443/443 446/446 447/447
f 443/443 447/447 444/444
f 446/446 448/448 449/449
f 446/446 449/449 447/447
f 448/448 450/450 451/451
f 448/448 451/451 452/452
f 448/448 452/452 449/449
f 451/451 453/453 454/454
f 451/451 454/454 452/452
f 455/455 456/456 457/457
f 455/455 457/457 458/458
f 455/455 458/458 459/459
f 457/457 460/460 461/461
f 457/457 461/461 458/458
f 462/462 459/459 458/458
f 462/462 458/458 463/463
f 463/463 458/458 461/461
f 463/463 461/461 464/464
f 465/465 466/466 467/467
f 465/465 467/467 464/464
f 465/465 464/464 461/461
f 460/460 468/468 469/469
f 460/460 469/469 465/465
f 460/460 465/465 461/461
f 470/470 471/471 472/472
f 470/470 472/472 473/473
f 470/470 473/473 474/474
f 470/470 474/474 475/475
f 475/475 468/468 476/476
f 475/475 476/476 470/470
f 477/477 478/478 476/476
f 477/477 476/476 479/479
f 477/477 479/479 480/480
f 481/481 482/482 477/477
f 481/481 477/477 480/480
f 481/481 480/480 483/483
f 472/472 484/484 485/485
f 472/472 485/485 486/486
f 472/472 486/486 487/487
f 472/472 487/487 473/473
f 488/488 489/489 490/490
f 488/488 490/490 481/481
f 488/488 481/481 483/483
f 485/485 491/491 492/492
f 485/485 492/492 493/493
f 485/485 493/493 494/494
f 485/485 494/494 486/486
f 495/495 496/496 497/497
f 495/495 497/497 498/498
f 495/495 498/498 499/499
f 495/495 499/499 500/500
f 495/495 500/500 501/501
f 495/495 501/501 502/502
f 503/503 493/493 492/492
f 503/503 492/492 504/504
f 505/505 506/506 507/507
f 505/505 507/507 508/508
f 505/505 508/508 509/509
f 505/505 509/509 510/510
f 505/505 510/510 511/511
f 505/505 511/511 512/512
f 505/505 512/512 513/513
f 514/514 503/503 504/504
f 514/514 504/504 515/515
f 516/516 514/514 515/515
f 516/516 515/515 517/517
f 517/517 518/518 519/519
f 517/517 519/519 516/516
f 520/520 521/521 522/522
f 520/520 522/522 523/523
f 524/524 519/519 496/496
f 524/524 496/496 525/525
f 522/522 526/526 527/527
f 522/522 527/527 523/523
f 528/528 495/495 502/502
f 528/528 502/502 529/529
f 526/526 530/530 531/531
f 526/526 531/531 532/532
f 526/526 532/532 527/527
f 529/529 533/533 534/534
f 529/529 534/534 528/528
f 535/535 536/536 537/537
f 535/535 537/537 538/538
f 537/537 488/488 483/483
f 537/537 483/483 538/538
f 539/539 538/538 483/483
f 539/539 483/483 480/480
f 540/540 535/535 538/538
f 540/540 538/538 539/539
f 541/541 542/542 543/543
f 541/541 543/543 544/544
f 541/541 544/544 536/536
f 541/541 536/536 545/545
f 545/545 546/546 547/547
f 545/545 547/547 548/548
f 545/545 548/548 541/541
f 549/549 550/550 548/548
f 549/549 548/548 551/551
f 549/549 551/551 552/552
f 548/548 553/553 554/554
f 548/548 554/554 555/555
f 548/548 555/555 551/551
f 546/546 556/556 557/557
f 546/546 557/557 558/558
f 546/546 558/558 547/547
f 554/554 559/559 560/560
f 554/554 560/560 555/555
f 560/560 561/561 562/562
f 560/560 562/562 563/563
f 560/560 563/563 555/555
f 564/564 565/565 566/566
f 564/564 566/566 567/567
f 564/564 567/567 568/568
f 569/569 570/570 571/571
f 569/569 571/571 572/572
f 569/569 572/572 573/573
f 569/569 573/573 574/574
f 574/574 575/575 576/576
f 574/574 576/576 577/577
f 574/574 577/577 578/578
f 574/574 578/578 579/579
f 574/574 579/579 569/569
f 580/580 581/581 582/582
f 580/580 582/582 583/583
f 580/580 583/583 584/584
f 580/580 584/584 585/585
f 586/586 587/587 580/580
f 586/586 580/580 585/585
f 586/586 585/585 588/588
f 589/589 590/590 338/338
f 589/589 338/338 337/337
f 589/589 337/337 591/591
f 589/589 591/591 592/592
f 593/593 589/589 592/592
f 593/593 592/592 594/594
f 593/593 594/594 595/595
f 588/588 596/596 597/597
f 588/588 597/597 598/598
f 588/588 598/598 586/586
f 595/595 599/599 593/593
f 590/590 600/600 341/341
f 590/590 341/341 338/338
f 600/600 389/389 342/342
f 600/600 342/342 341/341
f 582/582 601/601 602/602
f 582/582 602/602 583/583
f 601/601 324/324 328/328
f 601/601 328/328 603/603
f 601/601 603/603 602/602
f 577/577 604/604 605/605
f 577/577 605/605 606/606
f 577/577 606/606 578/578
f 567/567 607/607 608/608
f 567/567 608/608 609/609
f 567/567 609/609 610/610
f 567/567 610/610 568/568
f 611/611 612/612 613/613
f 611/611 613/613 614/614
f 611/611 614/614 615/615
f 611/611 615/615 616/616
f 611/611 616/616 617/617
f 618/618 619/619 606/606
f 618/618 606/606 620/620
f 618/618 620/620 621/621
f 609/609 622/622 623/623
f 609/609 623/623 624/624
f 609/609 624/624 625/625
f 609/609 625/625 610/610
f 626/626 627/627 628/628
f 626/626 628/628 629/629
f 626/626 629/629 618/618
f 626/626 618/618 621/621
f 630/630 631/631 632/632
f 630/630 632/632 626/626
f 630/630 626/626 621/621
f 620/620 633/633 630/630
f 620/620 630/630 621/621
f 634/634 635/635 636/636
f 634/634 636/636 637/637
f 634/634 637/637 638/638
f 634/634 638/638 639/639
f 634/634 639/639 640/640
f 641/641 642/642 643/643
f 641/641 643/643 644/644
f 645/645 646/646 647/647
f 645/645 647/647 648/648
f 645/645 648/648 649/649
f 645/645 649/649 650/650
f 648/648 651/651 652/652
f 648/648 652/652 653/653
f 648/648 653/653 654/654
f 648/648 654/654 649/649
f 654/654 655/655 656/656
f 654/654 656/656 649/649
f 656/656 657/657 658/658
f 656/656 658/658 650/650
f 656/656 650/650 649/649
f 659/659 660/660 661/661
f 659/659 661/661 662/662
f 659/659 662/662 663/663
f 659/659 663/663 664/664
f 659/659 664/664 665/665
f 659/659 665/665 666/666
f 659/659 666/666 667/667
f 668/668 669/669 670/670
f 668/668 670/670 671/671
f 668/668 672/672 673/673
f 668/668 673/673 674/674
f 668/668 674/674 669/669
f 675/675 676/676 677/677
f 675/675 677/677 678/678
f 675/675 678/678 679/679
f 677/677 680/680 681/681
f 677/677 681/681 682/682
f 677/677 682/682 678/678
f 683/683 684/684 679/679
f 683/683 679/679 678/678
f 682/682 685/685 683/683
f 682/682 683/683 678/678
f 668/668 686/686 637/637
f 668/668 637/637 672/672
f 668/668 671/671 639/639
f 668/668 639/639 686/686
f 684/684 687/687 688/688
f 684/684 688/688 679/679
f 687/687 689/689 690/690
f 687/687 690/690 688/688
f 691/691 675/675 679/679
f 691/691 679/679 688/688
f 692/692 693/693 691/691
f 692/692 691/691 688/688
f 692/692 688/688 690/690
f 692/692 690/690 694/694
f 694/694 690/690 695/695
f 694/694 695/695 696/696
f 689/689 697/697 695/695
f 689/689 695/695 690/690
f 696/696 695/695 698/698
f 696/696 698/698 699/699
f 697/697 700/700 701/701
f 697/697 701/701 698/698
f 697/697 698/698 695/695
f 700/700 702/702 703/703
f 700/700 703/703 701/701
f 702/702 704/704 705/705
f 702/702 705/705 706/706
f 702/702 706/706 707/707
f 702/702 707/707 708/708
f 702/702 708/708 709/709
f 702/702 709/709 703/703
f 710/710 701/701 703/703
f 710/710 703/703 711/711
f 709/709 712/712 713/713
f 709/709 713/713 714/714
f 709/709 714/714 711/711
f 709/709 711/711 703/703
f 715/715 716/716 717/717
f 715/715 717/717 718/718
f 715/715 718/718 719/719
f 717/717 720/720 721/721
f 717/717 721/721 718/718
f 722/722 723/723 724/724
f 722/722 724/724 718/718
f 722/722 718/718 721/721
f 725/725 719/719 718/718
f 725/725 718/718 724/724
f 723/723 726/726 727/727
f 723/723 727/727 728/728
f 723/723 728/728 729/729
f 723/723 729/729 730/730
f 723/723 730/730 731/731
f 723/723 731/731 732/732
f 723/723 732/732 733/733
f 723/723 733/733 734/734
f 723/723 734/734 735/735
f 723/723 735/735 736/736
f 723/723 736/736 737/737
f 723/723 737/737 738/738
f 723/723 738/738 739/739
f 723/723 739/739 740/740
f 723/723 740/740 741/741
f 723/723 741/741 741/741
f 723/723 741/741 741/741
f 723/723 741/741 742/742
f 723/723 742/742 742/742
f 723/723 742/742 743/743
f 723/723 743/743 739/739
f 723/723 739/739 739/739
f 723/723 739/739 744/744
f 723/723 744/744 739/739
f 723/723 739/739 744/744
f 723/723 744/744 745/745
f 723/723 745/745 746/746
f 723/723 746/746 725/725
f 723/723 725/725 724/724
f 747/747 748/748 719/719
f 747/747 719/719 725/725
f 746/746 749/749 747/747
f 746/746 747/747 725/725
f 750/750 751/751 752/752
f 750/750 752/752 753/753
f 750/750 753/753 754/754
f 750/750 754/754 755/755
f 750/750 755/755 756/756
f 750/750 756/756 757/757
f 750/750 757/757 758/758
f 750/750 758/758 757/757
f 750/750 757/757 757/757
f 750/750 757/757 759/759
f 750/750 759/759 760/760
f 750/750 760/760 761/761
f 750/750 761/761 761/761
f 750/750 761/761 761/761
f 750/750 761/761 762/762
f 750/750 762/762 763/763
f 750/750 763/763 764/764
f 750/750 764/764 765/765
f 750/750 765/765 766/766
f 750/750 766/766 767/767
f 750/750 767/767 768/768
f 750/750 768/768 769/769
f 750/750 769/769 770/770
f 750/750 770/770 771/771
f 750/750 771/771 772/772
f 750/750 772/772 773/773
f 750/750 773/773 774/774
f 750/750 774/774 775/775
f 750/750 775/775 776/776
f 750/750 776/776 777/777
f 750/750 777/777 778/778
f 750/750 778/778 779/779
f 750/750 779/779 780/780
f 750/750 780/780 781/781
f 750/750 781/781 782/782
f 750/750 782/782 783/783
f 750/750 783/783 784/784
f 750/750 784/784 785/785
f 750/750 785/785 786/786
f 750/750 786/786 787/787
f 750/750 787/787 788/788
f 750/750 788/788 789/789
f 750/750 789/789 790/790
f 750/750 790/790 791/791
f 750/750 791/791 792/792
f 750/750 792/792 793/793
f 749/749 794/794 795/795
f 749/749 795/795 796/796
f 749/749 796/796 797/797
f 749/749 797/797 747/747
f 798/798 799/799 800/800
f 798/798 800/800 801/801
f 800/800 802/802 803/803
f 800/800 803/803 804/804
f 800/800 804/804 801/801
f 805/805 806/806 798/798
f 805/805 798/798 801/801
f 805/805 801/801 807/807
f 801/801 804/804 808/808
f 801/801 808/808 807/807
f 809/809 805/805 807/807
f 809/809 807/807 808/808
f 809/809 808/808 810/810
f 808/808 811/811 812/812
f 808/808 812/812 810/810
f 804/804 813/813 811/811
f 804/804 811/811 808/808
f 810/810 812/812 814/814
f 810/810 814/814 815/815
f 816/816 817/817 809/809
f 816/816 809/809 810/810
f 816/816 810/810 815/815
f 796/796 818/818 819/819
f 796/796 819/819 820/820
f 796/796 820/820 821/821
f 796/796 821/821 797/797
f 820/820 822/822 823/823
f 820/820 823/823 824/824
f 820/820 824/824 825/825
f 820/820 825/825 821/821
f 826/826 827/827 828/828
f 826/826 828/828 816/816
f 826/826 816/816 815/815
f 829/829 830/830 831/831
f 829/829 831/831 832/832
f 829/829 832/832 833/833
f 834/834 835/835 829/829
f 834/834 829/829 833/833
f 834/834 833/833 836/836
f 825/825 837/837 838/838
f 825/825 838/838 839/839
f 825/825 839/839 821/821
f 840/840 841/841 842/842
f 840/840 842/842 834/834
f 840/840 834/834 836/836
f 838/838 843/843 844/844
f 838/838 844/844 845/845
f 838/838 845/845 846/846
f 838/838 846/846 847/847
f 838/838 847/847 839/839
f 821/821 839/839 847/847
f 821/821 847/847 797/797
f 846/846 848/848 849/849
f 846/846 849/849 748/748
f 846/846 748/748 847/847
f 797/797 847/847 748/748
f 797/797 748/748 747/747
f 849/849 715/715 719/719
f 849/849 719/719 748/748
f 714/714 850/850 851/851
f 714/714 851/851 852/852
f 714/714 852/852 711/711
f 667/667 853/853 854/854
f 667/667 854/854 855/855
f 667/667 855/855 856/856
f 667/667 856/856 857/857
f 667/667 857/857 858/858
f 667/667 858/858 859/859
f 667/667 859/859 860/860
f 667/667 860/860 861/861
f 667/667 861/861 659/659
f 862/862 863/863 864/864
f 862/862 864/864 865/865
f 866/866 862/862 865/865
f 866/866 865/865 867/867
f 866/866 867/867 868/868
f 866/866 868/868 869/869
f 862/862 866/866 870/870
f 862/862 870/870 871/871
f 862/862 871/871 872/872
f 862/862 872/872 873/873
f 862/862 873/873 874/874
f 862/862 874/874 863/863
f 870/870 866/866 875/875
f 870/870 875/875 876/876
f 870/870 876/876 877/877
f 866/866 869/869 878/878
f 866/866 878/878 879/879
f 866/866 879/879 880/880
f 866/866 880/880 875/875
f 881/881 882/882 840/840
f 881/881 840/840 836/836
f 881/881 836/836 883/883
f 884/884 885/885 881/881
f 884/884 881/881 883/883
f 886/886 887/887 888/888
f 886/886 888/888 889/889
f 890/890 891/891 889/889
f 890/890 889/889 879/879
f 890/890 879/879 892/892
f 890/890 892/892 893/893
f 894/894 895/895 884/884
f 894/894 884/884 883/883
f 894/894 883/883 896/896
f 897/897 890/890 893/893
f 897/897 893/893 898/898
f 897/897 898/898 899/899
f 890/890 900/900 901/901
f 890/890 901/901 891/891
f 890/890 897/897 902/902
f 890/890 902/902 903/903
f 890/890 903/903 900/900
f 904/904 905/905 906/906
f 904/904 906/906 907/907
f 904/904 907/907 908/908
f 904/904 908/908 909/909
f 910/910 911/911 901/901
f 910/910 901/901 912/912
f 886/886 889/889 913/913
f 886/886 913/913 907/907
f 886/886 907/907 914/914
f 910/910 915/915 916/916
f 910/910 916/916 911/911
f 917/917 886/886 914/914
f 917/917 914/914 918/918
f 886/886 917/917 919/919
f 886/886 919/919 920/920
f 886/886 920/920 887/887
f 917/917 921/921 922/922
f 917/917 922/922 923/923
f 917/917 923/923 919/919
f 921/921 917/917 918/918
f 921/921 918/918 924/924
f 921/921 924/924 925/925
f 921/921 925/925 926/926
f 921/921 926/926 927/927
f 921/921 927/927 928/928
f 921/921 928/928 929/929
f 921/921 929/929 922/922
f 930/930 931/931 932/932
f 930/930 932/932 933/933
f 930/930 933/933 934/934
f 930/930 934/934 935/935
f 936/936 926/926 937/937
f 936/936 937/937 938/938
f 939/939 940/940 941/941
f 939/939 941/941 942/942
f 939/939 942/942 943/943
f 915/915 939/939 943/943
f 915/915 943/943 944/944
f 915/915 944/944 916/916
f 939/939 915/915 945/945
f 939/939 945/945 946/946
f 939/939 946/946 947/947
f 939/939 947/947 948/948
f 939/939 948/948 949/949
f 939/939 949/949 950/950
f 939/939 950/950 951/951
f 939/939 951/951 951/951
f 939/939 951/951 951/951
f 939/939 951/951 951/951
f 939/939 951/951 952/952
f 939/939 952/952 953/953
f 939/939 953/953 953/953
f 939/939 953/953 954/954
f 939/939 954/954 951/951
f 939/939 951/951 955/955
f 939/939 955/955 956/956
f 939/939 956/956 957/957
f 939/939 957/957 958/958
f 939/939 958/958 959/959
f 939/939 959/959 960/960
f 939/939 960/960 961/961
f 939/939 961/961 962/962
f 939/939 962/962 940/940
f 937/937 963/963 964/964
f 937/937 964/964 965/965
f 937/937 965/965 966/966
f 937/937 966/966 967/967
f 937/937 967/967 968/968
f 937/937 968/968 969/969
f 937/937 969/969 970/970
f 937/937 970/970 971/971
f 937/937 971/971 972/972
f 937/937 972/972 973/973
f 937/937 973/973 974/974
f 937/937 974/974 974/974
f 937/937 974/974 975/975
f 937/937 975/975 972/972
f 937/937 972/972 972/972
f 937/937 972/972 972/972
f 937/937 972/972 972/972
f 937/937 972/972 976/976
f 937/937 976/976 977/977
f 937/937 977/977 978/978
f 937/937 978/978 979/979
f 937/937 979/979 980/980
f 937/937 980/980 981/981
f 937/937 981/981 938/938
f 982/982 947/947 983/983
f 982/982 983/983 984/984
f 985/985 983/983 947/947
f 985/985 947/947 986/986
f 987/987 988/988 989/989
f 987/987 989/989 990/990
f 987/987 990/990 991/991
f 987/987 991/991 992/992
f 987/987 992/992 983/983
f 987/987 983/983 985/985
f 987/987 985/985 993/993
f 987/987 993/993 994/994
f 995/995 996/996 997/997
f 995/995 997/997 998/998
f 995/995 998/998 999/999
f 995/995 999/999 1000/1000
f 984/984 1001/1001 1002/1002
f 984/984 1002/1002 1003/1003
f 984/984 1003/1003 1004/1004
f 984/984 1004/1004 982/982
f 1005/1005 1006/1006 995/995
f 1005/1005 995/995 1000/1000
f 1005/1005 1000/1000 1007/1007
f 1002/1002 1008/1008 1009/1009
f 1002/1002 1009/1009 1010/1010
f 1002/1002 1010/1010 1011/1011
f 1002/1002 1011/1011 1003/1003
f 1012/1012 1013/1013 1005/1005
f 1012/1012 1005/1005 1007/1007
f 1012/1012 1007/1007 1014/1014
f 1012/1012 1014/1014 1015/1015
f 1009/1009 1016/1016 1017/1017
f 1009/1009 1017/1017 1018/1018
f 1009/1009 1018/1018 1019/1019
f 1009/1009 1019/1019 1010/1010
f 1015/1015 1020/1020 1021/1021
f 1015/1015 1021/1021 1022/1022
f 1015/1015 1022/1022 1023/1023
f 1015/1015 1023/1023 1012/1012
f 1024/1024 1025/1025 1026/1026
f 1024/1024 1026/1026 1027/1027
f 1024/1024 1027/1027 1028/1028
f 1024/1024 1028/1028 1029/1029
f 1030/1030 1031/1031 1032/1032
f 1030/1030 1032/1032 1033/1033
f 1034/1034 1035/1035 1036/1036
f 1034/1034 1036/1036 1037/1037
f 1034/1034 1037/1037 1038/1038
f 1039/1039 1040/1040 1041/1041
f 1039/1039 1041/1041 1042/1042
f 1039/1039 1042/1042 1043/1043
f 1039/1039 1043/1043 1044/1044
f 1045/1045 1046/1046 1047/1047
f 1045/1045 1047/1047 1048/1048
f 1049/1049 1050/1050 1051/1051
f 1049/1049 1051/1051 1052/1052
f 1049/1049 1052/1052 1053/1053
f 1049/1049 1053/1053 1054/1054
f 1049/1049 1054/1054 1055/1055
f 1049/1049 1055/1055 1056/1056
f 1044/1044 1057/1057 1058/1058
f 1044/1044 1058/1058 1059/1059
f 1044/1044 1059/1059 1060/1060
f 1044/1044 1060/1060 1039/1039
f 1061/1061 1062/1062 1063/1063
f 1061/1061 1063/1063 1064/1064
f 1061/1061 1064/1064 1065/1065
f 1061/1061 1065/1065 1066/1066
f 1061/1061 1066/1066 1067/1067
f 1068/1068 1069/1069 1059/1059
f 1068/1068 1059/1059 1070/1070
f 1068/1068 1070/1070 1071/1071
f 1068/1068 1071/1071 1072/1072
f 1073/1073 1074/1074 1075/1075
f 1073/1073 1075/1075 1076/1076
f 1073/1073 1076/1076 1077/1077
f 1073/1073 1077/1077 1078/1078
f 1079/1079 1080/1080 1081/1081
f 1079/1079 1081/1081 1082/1082
f 1079/1079 1082/1082 1083/1083
f 1079/1079 1083/1083 1084/1084
f 1079/1079 1084/1084 1085/1085
f 1081/1081 1086/1086 1087/1087
f 1081/1081 1087/1087 1088/1088
f 1081/1081 1088/1088 1082/1082
f 1089/1089 1090/1090 1091/1091
f 1089/1089 1091/1091 1092/1092
f 1089/1089 1092/1092 1093/1093
f 1089/1089 1093/1093 1094/1094
f 1094/1094 1095/1095 1096/1096
f 1094/1094 1096/1096 1097/1097
f 1094/1094 1097/1097 1089/1089
f 1098/1098 1099/1099 1100/1100
f 1098/1098 1100/1100 1101/1101
f 1098/1098 1101/1101 1102/1102
f 1103/1103 1104/1104 1105/1105
f 1103/1103 1105/1105 1106/1106
f 1103/1103 1106/1106 1107/1107
f 1103/1103 1107/1107 1108/1108
f 1103/1103 1108/1108 1109/1109
f 1103/1103 1109/1109 1098/1098
f 1103/1103 1098/1098 1102/1102
f 1110/1110 1111/1111 1103/1103
f 1110/1110 1103/1103 1102/1102
f 1110/1110 1102/1102 1112/1112
f 1113/1113 1112/1112 1102/1102
f 1113/1113 1102/1102 1101/1101
f 1114/1114 1113/1113 1101/1101
f 1114/1114 1101/1101 1029/1029
f 1100/1100 1115/1115 1024/1024
f 1100/1100 1024/1024 1029/1029
f 1100/1100 1029/1029 1101/1101
f 1028/1028 1116/1116 1117/1117
f 1028/1028 1117/1117 1118/1118
f 1028/1028 1118/1118 1114/1114
f 1028/1028 1114/1114 1029/1029
f 1091/1091 1119/1119 1120/1120
f 1091/1091 1120/1120 1030/1030
f 1091/1091 1030/1030 1033/1033
f 1091/1091 1033/1033 1121/1121
f 1091/1091 1121/1121 1092/1092
f 1122/1122 1123/1123 1124/1124
f 1122/1122 1124/1124 1113/1113
f 1122/1122 1113/1113 1114/1114
f 1118/1118 1125/1125 1122/1122
f 1118/1118 1122/1122 1114/1114
f 1126/1126 1127/1127 1128/1128
f 1126/1126 1128/1128 1129/1129
f 1126/1126 1129/1129 1130/1130
f 1131/1131 1132/1132 1126/1126
f 1131/1131 1126/1126 1130/1130
f 1131/1131 1130/1130 1133/1133
f 1124/1124 1134/1134 1135/1135
f 1124/1124 1135/1135 1112/1112
f 1124/1124 1112/1112 1113/1113
f 1136/1136 1137/1137 1138/1138
f 1136/1136 1138/1138 1131/1131
f 1136/1136 1131/1131 1133/1133
f 1135/1135 1139/1139 1140/1140
f 1135/1135 1140/1140 1110/1110
f 1135/1135 1110/1110 1112/1112
f 1141/1141 1142/1142 1143/1143
f 1141/1141 1143/1143 1144/1144
f 1141/1141 1144/1144 1145/1145
f 1141/1141 1145/1145 1146/1146
f 1147/1147 1137/1137 1148/1148
f 1147/1147 1148/1148 1149/1149
f 1150/1150 1151/1151 1147/1147
f 1150/1150 1147/1147 1149/1149
f 1150/1150 1149/1149 1152/1152
f 1148/1148 1153/1153 1154/1154
f 1148/1148 1154/1154 1149/1149
f 1149/1149 1154/1154 1155/1155
f 1149/1149 1155/1155 1152/1152
f 1153/1153 1141/1141 1156/1156
f 1153/1153 1156/1156 1157/1157
f 1153/1153 1157/1157 1154/1154
f 1154/1154 1157/1157 1158/1158
f 1154/1154 1158/1158 1159/1159
f 1154/1154 1159/1159 1155/1155
f 1152/1152 1155/1155 1160/1160
f 1152/1152 1160/1160 1161/1161
f 1162/1162 1163/1163 1160/1160
f 1162/1162 1160/1160 1155/1155
f 1162/1162 1155/1155 1159/1159
f 1164/1164 1165/1165 1162/1162
f 1164/1164 1162/1162 1159/1159
f 1164/1164 1159/1159 1158/1158
f 1166/1166 1167/1167 1168/1168
f 1166/1166 1168/1168 1169/1169
f 1166/1166 1169/1169 1170/1170
f 1166/1166 1170/1170 1171/1171
f 1166/1166 1171/1171 1172/1172
f 1166/1166 1172/1172 1173/1173
f 1166/1166 1173/1173 1174/1174
f 1166/1166 1174/1174 1175/1175
f 1176/1176 1166/1166 1175/1175
f 1176/1176 1175/1175 1177/1177
f 1176/1176 1177/1177 1178/1178
f 1176/1176 1179/1179 1167/1167
f 1176/1176 1167/1167 1166/1166
f 1167/1167 1179/1179 1180/1180
f 1167/1167 1180/1180 1181/1181
f 1167/1167 1181/1181 1182/1182
f 1167/1167 1182/1182 1183/1183
f 1167/1167 1183/1183 1184/1184
f 1167/1167 1184/1184 1185/1185
f 1167/1167 1185/1185 1168/1168
f 1163/1163 1186/1186 1187/1187
f 1163/1163 1187/1187 1188/1188
f 1163/1163 1188/1188 1161/1161
f 1163/1163 1161/1161 1160/1160
f 1189/1189 1190/1190 1191/1191
f 1189/1189 1191/1191 1192/1192
f 1193/1193 1189/1189 1192/1192
f 1193/1193 1192/1192 1194/1194
f 1193/1193 1194/1194 1195/1195
f 1189/1189 1193/1193 1196/1196
f 1189/1189 1196/1196 1197/1197
f 1189/1189 1197/1197 1198/1198
f 1189/1189 1198/1198 1199/1199
f 1189/1189 1199/1199 1190/1190
f 1200/1200 1193/1193 1195/1195
f 1200/1200 1195/1195 1201/1201
f 1200/1200 1201/1201 1202/1202
f 1193/1193 1200/1200 1203/1203
f 1193/1193 1203/1203 1204/1204
f 1193/1193 1204/1204 1205/1205
f 1193/1193 1205/1205 1196/1196
f 1200/1200 1202/1202 1206/1206
f 1200/1200 1206/1206 1207/1207
f 1200/1200 1207/1207 1203/1203
f 1072/1072 1208/1208 1209/1209
f 1072/1072 1209/1209 1210/1210
f 1072/1072 1210/1210 1211/1211
f 1072/1072 1211/1211 1068/1068
f 1209/1209 1212/1212 1213/1213
f 1209/1209 1213/1213 1214/1214
f 1209/1209 1214/1214 1210/1210
f 1179/1179 1215/1215 1216/1216
f 1179/1179 1216/1216 1217/1217
f 1179/1179 1217/1217 1218/1218
f 1179/1179 1218/1218 1180/1180
f 1219/1219 1220/1220 1221/1221
f 1219/1219 1221/1221 1222/1222
f 1219/1219 1222/1222 1223/1223
f 1219/1219 1223/1223 1224/1224
f 1225/1225 1226/1226 1227/1227
f 1225/1225 1227/1227 1228/1228
f 1225/1225 1228/1228 1229/1229
f 1225/1225 1229/1229 1230/1230
f 1231/1231 1232/1232 1233/1233
f 1231/1231 1233/1233 1234/1234
f 1231/1231 1234/1234 1235/1235
f 1236/1236 1237/1237 1231/1231
f 1236/1236 1231/1231 1235/1235
f 1236/1236 1235/1235 1238/1238
f 1236/1236 1238/1238 1239/1239
f 1224/1224 1240/1240 1241/1241
f 1224/1224 1241/1241 1242/1242
f 1224/1224 1242/1242 1243/1243
f 1224/1224 1243/1243 1244/1244
f 1224/1224 1244/1244 1219/1219
f 1179/1179 1176/1176 1245/1245
f 1179/1179 1245/1245 1246/1246
f 1179/1179 1246/1246 1215/1215
f 1176/1176 1178/1178 1247/1247
f 1176/1176 1247/1247 1248/1248
f 1176/1176 1248/1248 1245/1245
f 1249/1249 1250/1250 1251/1251
f 1249/1249 1251/1251 1252/1252
f 1249/1249 1252/1252 1253/1253
f 1254/1254 1249/1249 1253/1253
f 1254/1254 1253/1253 1255/1255
f 1254/1254 1255/1255 1256/1256
f 1257/1257 1249/1249 1254/1254
f 1257/1257 1254/1254 1258/1258
f 1249/1249 1257/1257 1259/1259
f 1249/1249 1259/1259 1250/1250
f 1260/1260 1261/1261 1243/1243
f 1260/1260 1243/1243 1242/1242
f 1260/1260 1242/1242 1262/1262
f 1260/1260 1262/1262 1263/1263
f 1260/1260 1263/1263 1264/1264
f 1257/1257 1265/1265 1266/1266
f 1257/1257 1266/1266 1267/1267
f 1257/1257 1267/1267 1259/1259
f 1268/1268 1269/1269 1260/1260
f 1268/1268 1260/1260 1264/1264
f 1268/1268 1264/1264 1270/1270
f 1268/1268 1270/1270 1271/1271
f 1268/1268 1271/1271 1272/1272
f 1265/1265 1273/1273 1274/1274
f 1265/1265 1274/1274 1266/1266
f 1273/1273 1275/1275 1276/1276
f 1273/1273 1276/1276 1277/1277
f 1273/1273 1277/1277 1278/1278
f 1273/1273 1278/1278 1274/1274
f 1273/1273 1265/1265 1279/1279
f 1273/1273 1279/1279 1275/1275
f 1276/1276 1275/1275 1280/1280
f 1276/1276 1280/1280 1281/1281
f 1276/1276 1281/1281 1282/1282
f 1276/1276 1282/1282 1283/1283
f 1276/1276 1283/1283 1284/1284
f 1276/1276 1284/1284 1285/1285
f 1275/1275 1279/1279 1286/1286
f 1275/1275 1286/1286 1280/1280
f 1287/1287 1276/1276 1285/1285
f 1287/1287 1285/1285 1288/1288
f 1287/1287 1288/1288 1289/1289
f 1287/1287 1289/1289 1290/1290
f 1276/1276 1287/1287 1291/1291
f 1276/1276 1291/1291 1277/1277
f 1292/1292 1293/1293 1268/1268
f 1292/1292 1268/1268 1272/1272
f 1292/1292 1272/1272 1294/1294
f 1292/1292 1294/1294 1295/1295
f 1292/1292 1295/1295 1296/1296
f 1297/1297 1298/1298 1292/1292
f 1297/1297 1292/1292 1296/1296
f 1297/1297 1296/1296 1299/1299
f 1297/1297 1299/1299 1300/1300
f 1297/1297 1300/1300 1301/1301
f 1297/1297 1301/1301 1302/1302
f 1297/1297 1302/1302 1303/1303
f 1297/1297 1303/1303 1304/1304
f 1297/1297 1304/1304 1305/1305
f 1306/1306 1307/1307 1308/1308
f 1306/1306 1308/1308 1309/1309
f 1306/1306 1309/1309 1310/1310
f 1306/1306 1310/1310 1311/1311
f 1306/1306 1311/1311 1312/1312
f 1306/1306 1312/1312 1313/1313
f 1314/1314 1315/1315 1316/1316
f 1314/1314 1316/1316 1317/1317
f 1314/1314 1317/1317 1318/1318
f 1314/1314 1318/1318 1319/1319
f 1314/1314 1319/1319 1320/1320
f 1321/1321 1322/1322 1315/1315
f 1321/1321 1315/1315 1323/1323
f 1321/1321 1323/1323 1324/1324
f 1325/1325 1326/1326 1327/1327
f 1325/1325 1327/1327 1328/1328
f 1325/1325 1328/1328 1329/1329
f 1330/1330 1331/1331 1322/1322
f 1330/1330 1322/1322 1332/1332
f 1330/1330 1332/1332 1333/1333
f 1330/1330 1333/1333 1334/1334
f 1335/1335 1336/1336 1321/1321
f 1335/1335 1321/1321 1324/1324
f 1335/1335 1324/1324 1337/1337
f 1320/1320 1338/1338 1339/1339
f 1320/1320 1339/1339 1340/1340
f 1320/1320 1340/1340 1341/1341
f 1320/1320 1341/1341 1342/1342
f 1320/1320 1342/1342 1343/1343
f 1320/1320 1343/1343 1344/1344
f 1320/1320 1344/1344 1314/1314
f 1337/1337 1345/1345 1346/1346
f 1337/1337 1346/1346 1347/1347
f 1337/1337 1347/1347 1348/1348
f 1337/1337 1348/1348 1335/1335
f 1341/1341 1349/1349 1350/1350
f 1341/1341 1350/1350 1351/1351
f 1341/1341 1351/1351 1352/1352
f 1341/1341 1352/1352 1342/1342
f 1353/1353 1354/1354 1355/1355
f 1353/1353 1355/1355 1356/1356
f 1353/1353 1356/1356 1357/1357
f 1358/1358 1353/1353 1357/1357
f 1358/1358 1357/1357 1359/1359
f 1360/1360 1361/1361 1358/1358
f 1360/1360 1358/1358 1359/1359
f 1362/1362 1363/1363 1364/1364
f 1362/1362 1364/1364 1365/1365
f 1362/1362 1365/1365 1366/1366
f 1362/1362 1366/1366 1367/1367
f 1362/1362 1367/1367 1368/1368
f 1362/1362 1368/1368 1369/1369
f 1362/1362 1369/1369 1370/1370
f 1371/1371 1360/1360 1359/1359
f 1371/1371 1359/1359 1372/1372
f 1371/1371 1372/1372 1373/1373
f 1374/1374 1371/1371 1373/1373
f 1374/1374 1373/1373 1375/1375
f 1376/1376 1375/1375 1373/1373
f 1376/1376 1373/1373 1377/1377
f 1377/1377 1373/1373 1372/1372
f 1377/1377 1372/1372 1378/1378
f 1379/1379 1376/1376 1377/1377
f 1379/1379 1377/1377 1380/1380
f 1380/1380 1377/1377 1378/1378
f 1380/1380 1378/1378 1381/1381
f 1381/1381 1378/1378 1382/1382
f 1381/1381 1382/1382 1383/1383
f 1378/1378 1372/1372 1384/1384
f 1378/1378 1384/1384 1382/1382
f 1385/1385 1383/1383 1382/1382
f 1385/1385 1382/1382 1386/1386
f 1385/1385 1386/1386 1387/1387
f 1382/1382 1384/1384 1388/1388
f 1382/1382 1388/1388 1386/1386
f 1386/1386 1388/1388 1389/1389
f 1386/1386 1389/1389 1390/1390
f 1387/1387 1386/1386 1390/1390
f 1387/1387 1390/1390 1391/1391
f 1384/1384 1357/1357 1356/1356
f 1384/1384 1356/1356 1388/1388
f 1388/1388 1356/1356 1392/1392
f 1388/1388 1392/1392 1389/1389
f 1355/1355 1393/1393 1394/1394
f 1355/1355 1394/1394 1395/1395
f 1355/1355 1395/1395 1392/1392
f 1355/1355 1392/1392 1356/1356
f 1396/1396 1397/1397 1398/1398
f 1396/1396 1398/1398 1399/1399
f 1396/1396 1399/1399 1390/1390
f 1396/1396 1390/1390 1389/1389
f 1396/1396 1389/1389 1392/1392
f 1400/1400 1396/1396 1392/1392
f 1400/1400 1392/1392 1395/1395
f 1400/1400 1395/1395 1401/1401
f 1395/1395 1394/1394 1402/1402
f 1395/1395 1402/1402 1401/1401
f 1403/1403 1404/1404 1405/1405
f 1403/1403 1405/1405 1401/1401
f 1403/1403 1401/1401 1402/1402
f 1405/1405 1400/1400 1401/1401
f 1406/1406 1403/1403 1402/1402
f 1406/1406 1402/1402 1407/1407
f 1408/1408 1409/1409 1410/1410
f 1408/1408 1410/1410 1407/1407
f 1408/1408 1407/1407 1402/1402
f 1408/1408 1402/1402 1394/1394
f 1411/1411 1306/1306 1313/1313
f 1411/1411 1313/1313 1412/1412
f 1411/1411 1412/1412 1406/1406
f 1411/1411 1406/1406 1407/1407
f 1410/1410 1411/1411 1407/1407
f 1393/1393 1408/1408 1394/1394
f 1287/1287 1290/1290 1413/1413
f 1287/1287 1413/1413 1414/1414
f 1287/1287 1414/1414 1415/1415
f 1280/1280 1286/1286 1416/1416
f 1280/1280 1416/1416 1281/1281
f 1286/1286 1417/1417 1418/1418
f 1286/1286 1418/1418 1419/1419
f 1286/1286 1419/1419 1416/1416
f 1399/1399 1420/1420 1421/1421
f 1399/1399 1421/1421 1391/1391
f 1399/1399 1391/1391 1390/1390
f 1417/1417 1422/1422 1423/1423
f 1417/1417 1423/1423 1424/1424
f 1417/1417 1424/1424 1418/1418
f 1421/1421 1425/1425 1426/1426
f 1421/1421 1426/1426 1427/1427
f 1421/1421 1427/1427 1391/1391
f 1427/1427 1428/1428 1387/1387
f 1427/1427 1387/1387 1391/1391
f 1429/1429 1430/1430 1431/1431
f 1429/1429 1431/1431 1432/1432
f 1429/1429 1432/1432 1164/1164
f 1429/1429 1164/1164 1158/1158
f 1429/1429 1158/1158 1433/1433
f 1422/1422 1434/1434 1435/1435
f 1422/1422 1435/1435 1423/1423
f 1422/1422 1254/1254 1256/1256
f 1422/1422 1256/1256 1436/1436
f 1422/1422 1436/1436 1434/1434
f 1258/1258 1254/1254 1422/1422
f 1258/1258 1422/1422 1417/1417
f 1428/1428 1437/1437 1438/1438
f 1428/1428 1438/1438 1385/1385
f 1428/1428 1385/1385 1387/1387
f 1439/1439 1440/1440 1429/1429
f 1439/1439 1429/1429 1433/1433
f 1439/1439 1433/1433 1441/1441
f 1438/1438 1442/1442 1443/1443
f 1438/1438 1443/1443 1444/1444
f 1438/1438 1444/1444 1445/1445
f 1438/1438 1445/1445 1385/1385
f 1446/1446 1439/1439 1441/1441
f 1447/1447 1448/1448 1449/1449
f 1447/1447 1449/1449 1446/1446
f 1447/1447 1446/1446 1441/1441
f 1447/1447 1441/1441 1450/1450
f 1444/1444 1451/1451 1452/1452
f 1444/1444 1452/1452 1445/1445
f 1452/1452 1380/1380 1381/1381
f 1452/1452 1381/1381 1445/1445
f 1445/1445 1381/1381 1383/1383
f 1445/1445 1383/1383 1385/1385
f 1453/1453 1379/1379 1380/1380
f 1453/1453 1380/1380 1452/1452
f 1451/1451 1454/1454 1455/1455
f 1451/1451 1455/1455 1453/1453
f 1451/1451 1453/1453 1452/1452
f 1456/1456 1457/1457 1379/1379
f 1456/1456 1379/1379 1453/1453
f 1455/1455 1458/1458 1456/1456
f 1455/1455 1456/1456 1453/1453
f 1459/1459 1460/1460 1461/1461
f 1459/1459 1461/1461 1447/1447
f 1459/1459 1447/1447 1450/1450
f 1156/1156 1459/1459 1450/1450
f 1156/1156 1450/1450 1157/1157
f 1157/1157 1450/1450 1441/1441
f 1157/1157 1441/1441 1433/1433
f 1157/1157 1433/1433 1158/1158
f 1462/1462 1463/1463 1464/1464
f 1462/1462 1464/1464 1465/1465
f 1462/1462 1465/1465 1141/1141
f 1462/1462 1141/1141 1146/1146
f 1466/1466 1467/1467 1462/1462
f 1466/1466 1462/1462 1146/1146
f 1466/1466 1146/1146 1468/1468
f 1145/1145 1469/1469 1468/1468
f 1145/1145 1468/1468 1146/1146
f 1470/1470 1471/1471 1472/1472
f 1470/1470 1472/1472 1460/1460
f 1470/1470 1460/1460 1473/1473
f 1470/1470 1473/1473 1474/1474
f 1470/1470 1474/1474 1475/1475
f 1476/1476 1477/1477 1478/1478
f 1476/1476 1478/1478 1475/1475
f 1476/1476 1475/1475 1474/1474
f 1476/1476 1474/1474 1479/1479
f 1476/1476 1479/1479 1480/1480
f 1481/1481 1482/1482 1466/1466
f 1481/1481 1466/1466 1468/1468
f 1481/1481 1468/1468 1483/1483
f 1480/1480 1484/1484 1485/1485
f 1480/1480 1485/1485 1486/1486
f 1480/1480 1486/1486 1487/1487
f 1480/1480 1487/1487 1476/1476
f 1488/1488 1489/1489 1481/1481
f 1488/1488 1481/1481 1483/1483
f 1469/1469 1490/1490 1483/1483
f 1469/1469 1483/1483 1468/1468
f 1490/1490 1491/1491 1492/1492
f 1490/1490 1492/1492 1488/1488
f 1490/1490 1488/1488 1483/1483
f 1493/1493 1494/1494 1495/1495
f 1493/1493 1495/1495 1496/1496
f 1493/1493 1496/1496 1497/1497
f 1496/1496 1498/1498 1499/1499
f 1496/1496 1499/1499 1497/1497
f 1499/1499 1500/1500 1501/1501
f 1499/1499 1501/1501 1497/1497
f 1502/1502 1503/1503 1493/1493
f 1502/1502 1493/1493 1497/1497
f 1502/1502 1497/1497 1501/1501
f 1498/1498 1136/1136 1133/1133
f 1498/1498 1133/1133 1499/1499
f 1133/1133 1130/1130 1500/1500
f 1133/1133 1500/1500 1499/1499
f 1129/1129 1504/1504 1500/1500
f 1129/1129 1500/1500 1130/1130
f 1504/1504 1505/1505 1501/1501
f 1504/1504 1501/1501 1500/1500
f 1505/1505 1506/1506 1502/1502
f 1505/1505 1502/1502 1501/1501
f 1507/1507 1508/1508 1509/1509
f 1507/1507 1509/1509 1510/1510
f 1507/1507 1510/1510 1511/1511
f 1507/1507 1511/1511 1512/1512
f 1513/1513 1514/1514 1515/1515
f 1513/1513 1515/1515 1516/1516
f 1513/1513 1516/1516 1517/1517
f 1518/1518 1519/1519 987/987
f 1518/1518 987/987 994/994
f 1520/1520 1521/1521 1522/1522
f 1520/1520 1522/1522 1523/1523
f 1520/1520 1523/1523 1524/1524
f 1525/1525 1518/1518 994/994
f 1525/1525 994/994 993/993
f 986/986 1525/1525 993/993
f 986/986 993/993 985/985
f 915/915 910/910 1526/1526
f 915/915 1526/1526 945/945
f 910/910 912/912 1527/1527
f 910/910 1527/1527 1528/1528
f 910/910 1528/1528 1526/1526
f 1529/1529 1530/1530 1531/1531
f 1529/1529 1531/1531 1520/1520
f 1529/1529 1520/1520 1524/1524
f 1529/1529 1524/1524 1532/1532
f 1533/1533 1534/1534 1513/1513
f 1533/1533 1513/1513 1517/1517
f 1533/1533 1517/1517 1535/1535
f 193/193 1536/1536 1537/1537
f 193/193 1537/1537 1533/1533
f 193/193 1533/1533 1535/1535
f 193/193 1535/1535 1538/1538
f 193/193 1538/1538 189/189
f 181/181 1507/1507 1512/1512
f 181/181 1512/1512 1539/1539
f 181/181 1539/1539 182/182
f 181/181 180/180 1540/1540
f 181/181 1540/1540 1507/1507
f 1507/1507 1540/1540 1541/1541
f 1507/1507 1541/1541 1542/1542
f 1507/1507 1542/1542 1508/1508
f 1540/1540 1543/1543 1544/1544
f 1540/1540 1544/1544 1545/1545
f 1540/1540 1545/1545 1541/1541
f 1540/1540 180/180 1546/1546
f 1540/1540 1546/1546 1547/1547
f 1540/1540 1547/1547 1543/1543
f 180/180 166/166 170/170
f 180/180 170/170 1548/1548
f 180/180 1548/1548 1546/1546
f 1549/1549 1550/1550 1551/1551
f 1549/1549 1551/1551 1552/1552
f 1549/1549 1552/1552 1553/1553
f 1551/1551 1554/1554 163/163
f 1551/1551 163/163 165/165
f 1551/1551 165/165 1552/1552
f 1555/1555 1556/1556 1557/1557
f 1555/1555 1557/1557 1552/1552
f 1555/1555 1552/1552 165/165
f 1557/1557 1558/1558 1559/1559
f 1557/1557 1559/1559 1560/1560
f 1557/1557 1560/1560 1553/1553
f 1557/1557 1553/1553 1552/1552
f 1560/1560 1561/1561 1562/1562
f 1560/1560 1562/1562 1563/1563
f 1560/1560 1563/1563 1553/1553
f 1564/1564 1565/1565 1549/1549
f 1564/1564 1549/1549 1553/1553
f 1564/1564 1553/1553 1563/1563
f 1566/1566 1567/1567 1568/1568
f 1566/1566 1568/1568 1569/1569
f 1566/1566 1569/1569 1570/1570
f 1571/1571 1572/1572 1566/1566
f 1571/1571 1566/1566 1570/1570
f 1571/1571 1570/1570 1573/1573
f 1562/1562 1574/1574 1485/1485
f 1562/1562 1485/1485 1488/1488
f 1562/1562 1488/1488 1575/1575
f 1562/1562 1575/1575 1563/1563
f 1576/1576 1577/1577 1489/1489
f 1576/1576 1489/1489 1571/1571
f 1576/1576 1571/1571 1573/1573
f 1570/1570 1578/1578 644/644
f 1570/1570 644/644 1573/1573
f 643/643 1579/1579 1576/1576
f 643/643 1576/1576 1573/1573
f 643/643 1573/1573 644/644
f 1580/1580 1581/1581 1582/1582
f 1580/1580 1582/1582 645/645
f 1580/1580 645/645 650/650
f 658/658 1583/1583 1584/1584
f 658/658 1584/1584 1585/1585
f 658/658 1585/1585 1580/1580
f 658/658 1580/1580 650/650
f 1586/1586 1587/1587 641/641
f 1586/1586 641/641 644/644
f 1586/1586 644/644 1578/1578
f 1569/1569 1588/1588 1578/1578
f 1569/1569 1578/1578 1570/1570
f 1589/1589 1590/1590 1591/1591
f 1589/1589 1591/1591 1592/1592
f 1589/1589 1592/1592 1586/1586
f 1589/1589 1586/1586 1578/1578
f 1589/1589 1578/1578 1588/1588
f 623/623 1593/1593 1594/1594
f 623/623 1594/1594 1595/1595
f 623/623 1595/1595 1596/1596
f 623/623 1596/1596 624/624
f 1595/1595 1597/1597 1598/1598
f 1595/1595 1598/1598 1599/1599
f 1595/1595 1599/1599 1596/1596
f 1600/1600 624/624 1596/1596
f 1600/1600 1596/1596 1599/1599
f 1601/1601 1602/1602 1603/1603
f 1601/1601 1603/1603 1600/1600
f 1601/1601 1600/1600 1599/1599
f 1598/1598 1604/1604 1605/1605
f 1598/1598 1605/1605 1601/1601
f 1598/1598 1601/1601 1599/1599
f 1606/1606 1607/1607 1608/1608
f 1606/1606 1608/1608 1609/1609
f 1606/1606 1609/1609 1610/1610
f 1606/1606 1610/1610 1611/1611
f 1606/1606 1611/1611 552/552
f 1612/1612 1613/1613 1606/1606
f 1612/1612 1606/1606 552/552
f 1612/1612 552/552 551/551
f 1611/1611 1614/1614 1615/1615
f 1611/1611 1615/1615 549/549
f 1611/1611 549/549 552/552
f 1616/1616 1617/1617 1618/1618
f 1616/1616 1618/1618 1619/1619
f 1618/1618 1620/1620 1621/1621
f 1618/1618 1621/1621 1622/1622
f 1618/1618 1622/1622 1619/1619
f 1620/1620 1623/1623 1624/1624
f 1620/1620 1624/1624 1621/1621
f 1624/1624 1625/1625 1589/1589
f 1624/1624 1589/1589 1588/1588
f 1624/1624 1588/1588 1626/1626
f 1624/1624 1626/1626 1621/1621
f 1627/1627 1622/1622 1621/1621
f 1627/1627 1621/1621 1626/1626
f 1628/1628 1626/1626 1588/1588
f 1628/1628 1588/1588 1569/1569
f 1629/1629 1627/1627 1626/1626
f 1629/1629 1626/1626 1628/1628
f 1630/1630 1631/1631 1632/1632
f 1630/1630 1632/1632 1629/1629
f 1630/1630 1629/1629 1628/1628
f 1568/1568 1630/1630 1628/1628
f 1568/1568 1628/1628 1569/1569
f 1632/1632 1633/1633 1634/1634
f 1632/1632 1634/1634 1635/1635
f 1632/1632 1635/1635 1629/1629
f 1635/1635 1636/1636 1627/1627
f 1635/1635 1627/1627 1629/1629
f 1637/1637 1638/1638 1639/1639
f 1637/1637 1639/1639 1636/1636
f 1637/1637 1636/1636 1635/1635
f 1634/1634 1640/1640 1637/1637
f 1634/1634 1637/1637 1635/1635
f 1641/1641 1642/1642 1643/1643
f 1641/1641 1643/1643 1644/1644
f 1641/1641 1644/1644 1645/1645
f 164/164 1646/1646 1647/1647
f 164/164 1647/1647 1555/1555
f 164/164 1555/1555 165/165
f 1644/1644 1648/1648 1649/1649
f 1644/1644 1649/1649 1645/1645
f 1648/1648 1650/1650 1651/1651
f 1648/1648 1651/1651 1649/1649
f 1651/1651 520/520 523/523
f 1651/1651 523/523 1649/1649
f 1649/1649 523/523 527/527
f 1649/1649 527/527 1645/1645
f 1652/1652 1653/1653 1654/1654
f 1652/1652 1654/1654 1655/1655
f 1652/1652 1655/1655 1656/1656
f 525/525 1652/1652 1656/1656
f 525/525 1656/1656 524/524
f 1657/1657 1658/1658 109/109
f 1657/1657 109/109 105/105
f 1659/1659 1657/1657 105/105
f 1659/1659 105/105 104/104
f 1659/1659 104/104 1660/1660
f 1661/1661 511/511 1659/1659
f 1661/1661 1659/1659 1660/1660
f 1662/1662 1663/1663 1661/1661
f 1662/1662 1661/1661 1660/1660
f 1662/1662 1660/1660 104/104
f 98/98 505/505 513/513
f 98/98 513/513 1664/1664
f 98/98 1664/1664 1665/1665
f 98/98 1665/1665 99/99
f 467/467 1666/1666 506/506
f 467/467 506/506 1667/1667
f 467/467 1667/1667 464/464
f 1667/1667 1668/1668 463/463
f 1667/1667 463/463 464/464
f 1668/1668 1669/1669 462/462
f 1668/1668 462/462 463/463
f 108/108 1662/1662 104/104
f 108/108 104/104 106/106
f 532/532 1670/1670 1671/1671
f 532/532 1671/1671 1641/1641
f 532/532 1641/1641 1645/1645
f 532/532 1645/1645 527/527
f 1639/1639 1672/1672 1673/1673
f 1639/1639 1673/1673 1674/1674
f 1639/1639 1674/1674 1636/1636
f 1672/1672 1675/1675 1676/1676
f 1672/1672 1676/1676 1677/1677
f 1672/1672 1677/1677 1673/1673
f 1673/1673 1677/1677 1678/1678
f 1673/1673 1678/1678 1674/1674
f 1679/1679 1680/1680 1681/1681
f 1679/1679 1681/1681 1678/1678
f 1679/1679 1678/1678 1677/1677
f 1676/1676 1682/1682 1679/1679
f 1676/1676 1679/1679 1677/1677
f 1683/1683 1684/1684 1685/1685
f 1683/1683 1685/1685 533/533
f 1683/1683 533/533 1686/1686
f 1686/1686 1687/1687 1688/1688
f 1686/1686 1688/1688 1683/1683
f 1681/1681 1689/1689 1616/1616
f 1681/1681 1616/1616 1619/1619
f 1681/1681 1619/1619 1678/1678
f 1674/1674 1678/1678 1619/1619
f 1674/1674 1619/1619 1622/1622
f 1636/1636 1674/1674 1622/1622
f 1636/1636 1622/1622 1627/1627
f 1603/1603 1690/1690 625/625
f 1603/1603 625/625 624/624
f 1603/1603 624/624 1600/1600
f 1690/1690 1691/1691 610/610
f 1690/1690 610/610 625/625
f 563/563 1692/1692 1612/1612
f 563/563 1612/1612 551/551
f 563/563 551/551 555/555
f 1691/1691 1693/1693 564/564
f 1691/1691 564/564 568/568
f 1691/1691 568/568 610/610
f 1575/1575 1495/1495 1564/1564
f 1575/1575 1564/1564 1563/1563
f 1694/1694 1695/1695 1529/1529
f 1694/1694 1529/1529 1532/1532
f 1694/1694 1532/1532 1696/1696
f 1697/1697 1698/1698 1699/1699
f 1697/1697 1699/1699 1694/1694
f 1697/1697 1694/1694 1696/1696
f 1700/1700 1701/1701 1702/1702
f 1700/1700 1702/1702 1696/1696
f 1700/1700 1696/1696 1532/1532
f 1703/1703 1704/1704 1697/1697
f 1703/1703 1697/1697 1696/1696
f 1703/1703 1696/1696 1702/1702
f 1705/1705 1706/1706 1707/1707
f 1705/1705 1707/1707 1708/1708
f 1705/1705 1708/1708 1709/1709
f 1705/1705 1709/1709 1710/1710
f 1710/1710 1711/1711 1712/1712
f 1710/1710 1712/1712 1713/1713
f 1710/1710 1713/1713 1714/1714
f 1710/1710 1714/1714 1705/1705
f 1715/1715 1716/1716 1717/1717
f 1715/1715 1717/1717 1718/1718
f 1715/1715 1718/1718 1719/1719
f 1715/1715 1719/1719 1720/1720
f 1715/1715 1720/1720 1721/1721
f 1715/1715 1721/1721 1722/1722
f 1723/1723 1724/1724 1725/1725
f 1723/1723 1725/1725 1726/1726
f 1723/1723 1726/1726 1727/1727
f 1723/1723 1727/1727 1728/1728
f 1729/1729 1730/1730 1731/1731
f 1729/1729 1731/1731 1732/1732
f 1733/1733 1734/1734 1735/1735
f 1733/1733 1735/1735 1736/1736
f 1733/1733 1736/1736 1703/1703
f 1733/1733 1703/1703 1702/1702
f 1737/1737 1738/1738 1729/1729
f 1737/1737 1729/1729 1732/1732
f 1737/1737 1732/1732 1739/1739
f 1737/1737 1739/1739 1740/1740
f 1741/1741 1742/1742 1743/1743
f 1741/1741 1743/1743 1744/1744
f 1741/1741 1744/1744 1745/1745
f 1741/1741 1745/1745 1746/1746
f 1701/1701 1747/1747 1733/1733
f 1701/1701 1733/1733 1702/1702
f 1748/1748 1741/1741 1746/1746
f 1748/1748 1746/1746 1749/1749
f 1748/1748 1749/1749 1750/1750
f 1748/1748 1750/1750 1751/1751
f 1752/1752 1753/1753 1754/1754
f 1752/1752 1754/1754 1700/1700
f 1752/1752 1700/1700 1532/1532
f 1752/1752 1532/1532 1524/1524
f 904/904 1755/1755 1748/1748
f 904/904 1748/1748 1751/1751
f 904/904 1751/1751 1756/1756
f 1748/1748 1755/1755 1757/1757
f 1748/1748 1757/1757 1741/1741
f 1757/1757 1755/1755 1758/1758
f 1757/1757 1758/1758 1759/1759
f 1757/1757 1759/1759 1760/1760
f 1755/1755 904/904 909/909
f 1755/1755 909/909 1761/1761
f 1755/1755 1761/1761 1758/1758
f 904/904 1756/1756 1762/1762
f 904/904 1762/1762 1763/1763
f 904/904 1763/1763 1764/1764
f 904/904 1764/1764 905/905
f 897/897 1765/1765 1766/1766
f 897/897 1766/1766 1767/1767
f 897/897 1767/1767 902/902
f 1765/1765 1768/1768 1769/1769
f 1765/1765 1769/1769 1770/1770
f 1765/1765 1770/1770 1766/1766
f 1768/1768 1765/1765 1771/1771
f 1768/1768 1771/1771 1772/1772
f 1768/1768 1772/1772 1773/1773
f 1765/1765 897/897 899/899
f 1765/1765 899/899 1774/1774
f 1765/1765 1774/1774 1775/1775
f 1765/1765 1775/1775 1771/1771
f 1776/1776 1777/1777 1778/1778
f 1776/1776 1778/1778 1779/1779
f 1776/1776 1779/1779 1780/1780
f 1781/1781 1782/1782 1776/1776
f 1781/1781 1776/1776 1780/1780
f 1781/1781 1780/1780 1783/1783
f 1768/1768 1773/1773 1784/1784
f 1768/1768 1784/1784 1785/1785
f 1768/1768 1785/1785 1786/1786
f 1787/1787 1788/1788 1781/1781
f 1787/1787 1781/1781 1783/1783
f 1789/1789 1790/1790 1787/1787
f 1789/1789 1787/1787 1783/1783
f 1789/1789 1783/1783 1791/1791
f 1789/1789 1791/1791 1792/1792
f 1780/1780 1793/1793 1791/1791
f 1780/1780 1791/1791 1783/1783
f 1793/1793 1794/1794 1795/1795
f 1793/1793 1795/1795 1791/1791
f 1791/1791 1795/1795 1796/1796
f 1791/1791 1796/1796 1792/1792
f 1797/1797 1789/1789 1792/1792
f 1797/1797 1792/1792 1796/1796
f 1798/1798 1799/1799 1797/1797
f 1798/1798 1797/1797 1796/1796
f 1798/1798 1796/1796 1800/1800
f 1795/1795 1801/1801 1800/1800
f 1795/1795 1800/1800 1796/1796
f 1802/1802 1803/1803 1804/1804
f 1802/1802 1804/1804 1800/1800
f 1802/1802 1800/1800 1801/1801
f 1804/1804 1805/1805 1798/1798
f 1804/1804 1798/1798 1800/1800
f 1806/1806 1807/1807 1808/1808
f 1806/1806 1808/1808 1809/1809
f 1806/1806 1809/1809 1810/1810
f 1811/1811 1805/1805 1812/1812
f 1811/1811 1812/1812 1813/1813
f 1814/1814 1815/1815 1816/1816
f 1814/1814 1816/1816 1817/1817
f 1814/1814 1817/1817 1818/1818
f 1819/1819 1811/1811 1813/1813
f 1819/1819 1813/1813 1820/1820
f 1809/1809 1821/1821 1822/1822
f 1809/1809 1822/1822 1810/1810
f 1823/1823 1824/1824 1825/1825
f 1823/1823 1825/1825 1826/1826
f 1824/1824 1827/1827 1828/1828
f 1824/1824 1828/1828 1825/1825
f 1829/1829 1826/1826 1825/1825
f 1829/1829 1825/1825 1830/1830
f 1828/1828 1831/1831 1830/1830
f 1828/1828 1830/1830 1825/1825
f 1832/1832 1833/1833 1834/1834
f 1832/1832 1834/1834 1835/1835
f 1832/1832 1835/1835 1836/1836
f 1833/1833 1837/1837 1838/1838
f 1833/1833 1838/1838 1839/1839
f 1833/1833 1839/1839 1840/1840
f 1833/1833 1840/1840 1834/1834
f 1841/1841 1842/1842 1843/1843
f 1841/1841 1843/1843 1844/1844
f 1841/1841 1844/1844 1845/1845
f 1846/1846 1847/1847 1841/1841
f 1846/1846 1841/1841 1845/1845
f 1846/1846 1845/1845 1848/1848
f 1836/1836 1849/1849 1850/1850
f 1836/1836 1850/1850 1851/1851
f 1836/1836 1851/1851 1832/1832
f 1852/1852 1853/1853 1846/1846
f 1852/1852 1846/1846 1848/1848
f 1854/1854 1855/1855 1856/1856
f 1854/1854 1856/1856 1857/1857
f 1854/1854 1857/1857 1858/1858
f 1854/1854 1858/1858 1859/1859
f 1854/1854 1859/1859 1860/1860
f 1854/1854 1860/1860 1861/1861
f 1854/1854 1861/1861 1862/1862
f 1854/1854 1862/1862 1863/1863
f 1854/1854 1863/1863 1864/1864
f 1854/1854 1864/1864 1865/1865
f 1854/1854 1865/1865 1866/1866
f 1854/1854 1866/1866 1867/1867
f 1854/1854 1867/1867 1868/1868
f 1854/1854 1868/1868 1869/1869
f 1854/1854 1869/1869 1870/1870
f 1854/1854 1870/1870 1871/1871
f 1854/1854 1871/1871 1872/1872
f 1854/1854 1872/1872 1873/1873
f 1854/1854 1873/1873 1874/1874
f 1854/1854 1874/1874 1875/1875
f 1854/1854 1875/1875 1876/1876
f 1854/1854 1876/1876 1877/1877
f 1854/1854 1877/1877 1878/1878
f 1879/1879 1880/1880 1881/1881
f 1879/1879 1881/1881 1852/1852
f 1879/1879 1852/1852 1848/1848
f 1882/1882 1883/1883 1884/1884
f 1882/1882 1884/1884 1885/1885
f 1882/1882 1885/1885 1886/1886
f 1882/1882 1886/1886 1887/1887
f 1882/1882 1887/1887 1888/1888
f 1889/1889 1890/1890 1891/1891
f 1889/1889 1891/1891 1892/1892
f 1891/1891 1893/1893 1894/1894
f 1891/1891 1894/1894 811/811
f 1891/1891 811/811 813/813
f 1891/1891 813/813 1892/1892
f 1895/1895 1896/1896 1897/1897
f 1895/1895 1897/1897 1879/1879
f 1895/1895 1879/1879 1848/1848
f 1895/1895 1848/1848 1845/1845
f 1894/1894 1898/1898 812/812
f 1894/1894 812/812 811/811
f 1898/1898 1899/1899 1900/1900
f 1898/1898 1900/1900 814/814
f 1898/1898 814/814 812/812
f 1901/1901 1902/1902 1903/1903
f 1901/1901 1903/1903 1904/1904
f 1901/1901 1904/1904 1905/1905
f 1901/1901 1905/1905 1906/1906
f 1901/1901 1906/1906 1907/1907
f 1901/1901 1907/1907 1908/1908
f 1901/1901 1908/1908 1895/1895
f 1901/1901 1895/1895 1845/1845
f 1901/1901 1845/1845 1844/1844
f 1900/1900 1909/1909 1910/1910
f 1900/1900 1910/1910 1911/1911
f 1900/1900 1911/1911 1912/1912
f 1900/1900 1912/1912 1913/1913
f 1900/1900 1913/1913 1914/1914
f 1900/1900 1914/1914 1915/1915
f 1900/1900 1915/1915 1916/1916
f 1900/1900 1916/1916 1917/1917
f 1900/1900 1917/1917 814/814
f 1918/1918 826/826 815/815
f 1918/1918 815/815 814/814
f 1918/1918 814/814 1917/1917
f 1919/1919 1918/1918 1917/1917
f 1916/1916 1920/1920 1921/1921
f 1916/1916 1921/1921 1919/1919
f 1916/1916 1919/1919 1917/1917
f 1922/1922 1923/1923 1924/1924
f 1922/1922 1924/1924 1925/1925
f 1922/1922 1925/1925 1926/1926
f 1922/1922 1926/1926 1927/1927
f 1922/1922 1927/1927 1901/1901
f 1922/1922 1901/1901 1844/1844
f 831/831 1928/1928 1929/1929
f 831/831 1929/1929 1930/1930
f 831/831 1930/1930 1931/1931
f 831/831 1931/1931 1932/1932
f 831/831 1932/1932 1933/1933
f 831/831 1933/1933 1934/1934
f 831/831 1934/1934 832/832
f 1932/1932 1935/1935 1933/1933
f 1935/1935 1936/1936 1937/1937
f 1935/1935 1937/1937 1938/1938
f 1935/1935 1938/1938 1794/1794
f 1935/1935 1794/1794 1933/1933
f 1934/1934 1933/1933 1794/1794
f 1934/1934 1794/1794 1793/1793
f 1794/1794 1938/1938 1801/1801
f 1794/1794 1801/1801 1795/1795
f 1939/1939 1940/1940 1802/1802
f 1939/1939 1802/1802 1801/1801
f 1939/1939 1801/1801 1938/1938
f 1937/1937 1939/1939 1938/1938
f 1843/1843 1941/1941 1942/1942
f 1843/1843 1942/1942 1943/1943
f 1843/1843 1943/1943 1922/1922
f 1843/1843 1922/1922 1844/1844
f 1818/1818 1944/1944 1945/1945
f 1818/1818 1945/1945 1814/1814
f 1946/1946 832/832 1934/1934
f 1946/1946 1934/1934 1779/1779
f 1779/1779 1934/1934 1793/1793
f 1779/1779 1793/1793 1780/1780
f 1778/1778 1947/1947 1946/1946
f 1778/1778 1946/1946 1779/1779
f 896/896 833/833 832/832
f 896/896 832/832 1946/1946
f 1947/1947 1948/1948 894/894
f 1947/1947 894/894 896/896
f 1947/1947 896/896 1946/1946
f 883/883 836/836 833/833
f 883/883 833/833 896/896
f 1949/1949 1950/1950 1889/1889
f 1949/1949 1889/1889 1892/1892
f 1949/1949 1892/1892 813/813
f 803/803 1951/1951 1949/1949
f 803/803 1949/1949 813/813
f 803/803 813/813 804/804
f 1888/1888 1952/1952 1953/1953
f 1888/1888 1953/1953 1954/1954
f 1888/1888 1954/1954 1955/1955
f 1888/1888 1955/1955 1882/1882
f 1956/1956 1957/1957 1958/1958
f 1956/1956 1958/1958 1959/1959
f 1956/1956 1959/1959 1960/1960
f 1956/1956 1960/1960 1961/1961
f 1962/1962 1956/1956 1961/1961
f 1962/1962 1961/1961 1963/1963
f 1962/1962 1963/1963 1964/1964
f 1953/1953 1965/1965 750/750
f 1953/1953 750/750 793/793
f 1953/1953 793/793 1966/1966
f 1953/1953 1966/1966 1954/1954
f 1967/1967 1962/1962 1964/1964
f 1967/1967 1964/1964 1968/1968
f 1967/1967 1968/1968 1969/1969
f 1969/1969 300/300 1970/1970
f 1969/1969 1970/1970 1971/1971
f 1969/1969 1971/1971 1972/1972
f 1969/1969 1972/1972 1967/1967
f 1973/1973 1974/1974 1975/1975
f 1973/1973 1975/1975 1976/1976
f 1973/1973 1976/1976 1977/1977
f 1973/1973 1977/1977 1978/1978
f 1973/1973 1978/1978 1979/1979
f 1977/1977 1980/1980 1981/1981
f 1977/1977 1981/1981 1982/1982
f 1977/1977 1982/1982 1978/1978
f 1981/1981 1983/1983 1984/1984
f 1981/1981 1984/1984 1982/1982
f 1983/1983 1985/1985 1986/1986
f 1983/1983 1986/1986 1984/1984
f 1985/1985 1987/1987 1988/1988
f 1985/1985 1988/1988 1986/1986
f 1989/1989 1984/1984 1986/1986
f 1989/1989 1986/1986 1990/1990
f 1990/1990 1986/1986 1988/1988
f 1990/1990 1988/1988 1991/1991
f 1992/1992 1990/1990 1991/1991
f 1992/1992 1991/1991 1993/1993
f 1994/1994 1989/1989 1990/1990
f 1994/1994 1990/1990 1992/1992
f 1991/1991 1988/1988 290/290
f 1991/1991 290/290 1995/1995
f 1993/1993 1991/1991 1995/1995
f 1993/1993 1995/1995 1996/1996
f 1997/1997 1998/1998 1992/1992
f 1997/1997 1992/1992 1993/1993
f 1999/1999 2000/2000 1997/1997
f 1999/1999 1997/1997 1993/1993
f 1999/1999 1993/1993 1996/1996
f 1996/1996 1995/1995 279/279
f 1996/1996 279/279 2001/2001
f 2002/2002 1999/1999 1996/1996
f 2002/2002 1996/1996 2001/2001
f 2003/2003 2004/2004 2005/2005
f 2003/2003 2005/2005 2006/2006
f 2003/2003 2006/2006 2007/2007
f 2003/2003 2007/2007 2008/2008
f 2003/2003 2008/2008 2009/2009
f 2003/2003 2009/2009 2010/2010
f 2011/2011 2012/2012 2013/2013
f 2011/2011 2013/2013 2003/2003
f 2011/2011 2003/2003 2010/2010
f 2011/2011 2010/2010 2014/2014
f 2014/2014 2010/2010 2015/2015
f 2014/2014 2015/2015 2016/2016
f 2009/2009 2017/2017 2018/2018
f 2009/2009 2018/2018 2019/2019
f 2009/2009 2019/2019 2015/2015
f 2009/2009 2015/2015 2010/2010
f 2020/2020 2021/2021 2022/2022
f 2020/2020 2022/2022 239/239
f 2020/2020 239/239 236/236
f 2023/2023 2020/2020 236/236
f 2023/2023 236/236 234/234
f 2024/2024 2025/2025 2023/2023
f 2024/2024 2023/2023 234/234
f 2024/2024 234/234 233/233
f 2019/2019 2026/2026 2027/2027
f 2019/2019 2027/2027 2028/2028
f 2019/2019 2028/2028 2029/2029
f 2019/2019 2029/2029 2015/2015
f 2030/2030 2024/2024 233/233
f 2030/2030 233/233 2031/2031
f 232/232 2032/2032 2033/2033
f 232/232 2033/2033 2034/2034
f 232/232 2034/2034 2031/2031
f 232/232 2031/2031 233/233
f 2031/2031 2034/2034 2035/2035
f 2031/2031 2035/2035 2036/2036
f 2037/2037 2038/2038 2039/2039
f 2037/2037 2039/2039 2030/2030
f 2037/2037 2030/2030 2031/2031
f 2037/2037 2031/2031 2036/2036
f 2033/2033 2040/2040 2035/2035
f 2033/2033 2035/2035 2034/2034
f 2041/2041 2042/2042 2043/2043
f 2041/2041 2043/2043 2036/2036
f 2041/2041 2036/2036 2035/2035
f 2040/2040 2044/2044 2041/2041
f 2040/2040 2041/2041 2035/2035
f 1707/1707 2045/2045 2046/2046
f 1707/1707 2046/2046 2047/2047
f 1707/1707 2047/2047 2048/2048
f 1707/1707 2048/2048 2049/2049
f 1707/1707 2049/2049 1708/1708
f 2043/2043 2037/2037 2036/2036
f 205/205 209/209 2050/2050
f 205/205 2050/2050 2051/2051
f 205/205 2051/2051 2052/2052
f 205/205 2052/2052 224/224
f 2053/2053 2054/2054 246/246
f 2053/2053 246/246 239/239
f 2053/2053 239/239 2022/2022
f 2053/2053 2022/2022 2055/2055
f 2055/2055 2056/2056 2053/2053
f 255/255 2057/2057 2058/2058
f 255/255 2058/2058 2002/2002
f 255/255 2002/2002 2001/2001
f 255/255 2001/2001 256/256
f 247/247 249/249 248/248
f 2029/2029 2059/2059 2016/2016
f 2029/2029 2016/2016 2015/2015
f 2060/2060 2061/2061 2014/2014
f 2060/2060 2014/2014 2016/2016
f 2059/2059 2062/2062 2063/2063
f 2059/2059 2063/2063 2064/2064
f 2059/2059 2064/2064 2060/2060
f 2059/2059 2060/2060 2016/2016
f 1722/1722 2065/2065 2066/2066
f 1722/1722 2066/2066 2067/2067
f 1722/1722 2067/2067 2068/2068
f 1722/1722 2068/2068 1715/1715
f 2069/2069 2070/2070 2071/2071
f 2069/2069 2071/2071 2072/2072
f 2069/2069 2072/2072 2073/2073
f 2074/2074 2075/2075 2076/2076
f 2074/2074 2076/2076 2069/2069
f 2074/2074 2069/2069 2073/2073
f 2074/2074 2073/2073 2077/2077
f 2074/2074 2077/2077 2078/2078
f 2079/2079 2080/2080 2077/2077
f 2079/2079 2077/2077 2073/2073
f 2072/2072 2081/2081 2082/2082
f 2072/2072 2082/2082 2083/2083
f 2072/2072 2083/2083 2079/2079
f 2072/2072 2079/2079 2073/2073
f 2084/2084 2085/2085 2086/2086
f 2084/2084 2086/2086 2087/2087
f 2084/2084 2087/2087 2088/2088
f 2084/2084 2088/2088 2089/2089
f 2084/2084 2089/2089 2090/2090
f 2080/2080 2091/2091 2078/2078
f 2080/2080 2078/2078 2077/2077
f 2091/2091 2092/2092 2093/2093
f 2091/2091 2093/2093 2094/2094
f 2091/2091 2094/2094 2078/2078
f 2094/2094 2095/2095 2074/2074
f 2094/2094 2074/2074 2078/2078
f 2061/2061 2096/2096 2097/2097
f 2061/2061 2097/2097 2098/2098
f 2061/2061 2098/2098 2011/2011
f 2061/2061 2011/2011 2014/2014
f 1870/1870 2099/2099 2100/2100
f 1870/1870 2100/2100 2101/2101
f 1870/1870 2101/2101 2102/2102
f 1870/1870 2102/2102 2103/2103
f 1870/1870 2103/2103 2104/2104
f 1870/1870 2104/2104 1854/1854
f 1870/1870 1854/1854 1878/1878
f 1870/1870 1878/1878 2105/2105
f 1870/1870 2105/2105 2106/2106
f 1870/1870 2106/2106 2107/2107
f 1870/1870 2107/2107 2108/2108
f 1870/1870 2108/2108 2109/2109
f 1870/1870 2109/2109 1871/1871
f 2110/2110 2097/2097 2111/2111
f 2110/2110 2111/2111 2112/2112
f 2110/2110 2112/2112 2113/2113
f 2110/2110 2113/2113 2114/2114
f 2110/2110 2114/2114 2115/2115
f 2110/2110 2115/2115 1994/1994
f 2116/2116 2117/2117 2118/2118
f 2116/2116 2118/2118 2119/2119
f 2116/2116 2119/2119 2120/2120
f 2117/2117 2121/2121 2122/2122
f 2117/2117 2122/2122 2118/2118
f 2123/2123 2124/2124 2125/2125
f 2123/2123 2125/2125 2126/2126
f 2123/2123 2126/2126 2127/2127
f 2123/2123 2127/2127 2128/2128
f 2123/2123 2128/2128 2129/2129
f 2123/2123 2129/2129 2130/2130
f 2123/2123 2130/2130 2131/2131
f 2123/2123 2131/2131 2132/2132
f 2123/2123 2132/2132 2133/2133
f 2123/2123 2133/2133 2134/2134
f 2123/2123 2134/2134 2135/2135
f 2123/2123 2135/2135 2136/2136
f 2123/2123 2136/2136 2137/2137
f 2123/2123 2137/2137 2138/2138
f 2123/2123 2138/2138 2139/2139
f 2123/2123 2139/2139 2140/2140
f 2123/2123 2140/2140 2141/2141
f 2123/2123 2141/2141 2142/2142
f 2123/2123 2142/2142 2143/2143
f 2144/2144 2145/2145 2146/2146
f 2144/2144 2146/2146 2147/2147
f 2147/2147 2148/2148 2149/2149
f 2147/2147 2149/2149 2150/2150
f 2147/2147 2150/2150 2144/2144
f 2149/2149 2151/2151 2152/2152
f 2149/2149 2152/2152 2150/2150
f 2135/2135 2153/2153 2154/2154
f 2135/2135 2154/2154 2155/2155
f 2135/2135 2155/2155 2156/2156
f 2135/2135 2156/2156 2157/2157
f 2135/2135 2157/2157 2123/2123
f 2135/2135 2123/2123 2143/2143
f 2135/2135 2143/2143 2158/2158
f 2135/2135 2158/2158 2159/2159
f 2135/2135 2159/2159 2160/2160
f 2135/2135 2160/2160 2161/2161
f 2135/2135 2161/2161 2162/2162
f 2135/2135 2162/2162 2136/2136
f 2151/2151 2163/2163 2164/2164
f 2151/2151 2164/2164 2152/2152
f 2163/2163 2165/2165 2166/2166
f 2163/2163 2166/2166 2167/2167
f 2163/2163 2167/2167 2164/2164
f 2165/2165 2168/2168 2169/2169
f 2165/2165 2169/2169 2166/2166
f 2168/2168 2170/2170 2171/2171
f 2168/2168 2171/2171 2172/2172
f 2168/2168 2172/2172 2169/2169
f 2171/2171 2173/2173 2174/2174
f 2171/2171 2174/2174 2172/2172
f 2175/2175 2176/2176 2177/2177
f 2175/2175 2177/2177 2178/2178
f 2175/2175 2178/2178 2179/2179
f 2180/2180 2181/2181 2182/2182
f 2180/2180 2182/2182 2183/2183
f 2184/2184 2175/2175 2179/2179
f 2184/2184 2179/2179 2185/2185
f 2184/2184 2185/2185 2186/2186
f 2183/2183 2187/2187 2188/2188
f 2183/2183 2188/2188 2189/2189
f 2183/2183 2189/2189 2180/2180
f 2185/2185 2179/2179 2190/2190
f 2185/2185 2190/2190 2191/2191
f 2185/2185 2191/2191 2192/2192
f 2178/2178 2193/2193 2190/2190
f 2178/2178 2190/2190 2179/2179
f 2191/2191 2190/2190 2194/2194
f 2191/2191 2194/2194 2195/2195
f 2191/2191 2195/2195 2196/2196
f 2193/2193 2197/2197 2194/2194
f 2193/2193 2194/2194 2190/2190
f 2197/2197 2198/2198 2199/2199
f 2197/2197 2199/2199 2194/2194
f 2198/2198 2200/2200 2201/2201
f 2198/2198 2201/2201 2199/2199
f 2195/2195 2194/2194 2199/2199
f 2195/2195 2199/2199 2202/2202
f 2195/2195 2202/2202 2203/2203
f 2201/2201 2204/2204 2205/2205
f 2201/2201 2205/2205 2202/2202
f 2201/2201 2202/2202 2199/2199
f 2206/2206 2207/2207 2208/2208
f 2206/2206 2208/2208 2209/2209
f 2207/2207 2210/2210 2211/2211
f 2207/2207 2211/2211 2212/2212
f 2207/2207 2212/2212 2208/2208
f 2213/2213 2214/2214 2215/2215
f 2213/2213 2215/2215 2216/2216
f 2217/2217 2213/2213 2216/2216
f 2217/2217 2216/2216 1822/1822
f 2215/2215 2218/2218 2219/2219
f 2215/2215 2219/2219 2216/2216
f 2219/2219 1810/1810 1822/1822
f 2219/2219 1822/1822 2216/2216
f 2218/2218 2220/2220 2221/2221
f 2218/2218 2221/2221 2222/2222
f 2218/2218 2222/2222 2219/2219
f 1821/1821 2223/2223 2217/2217
f 1821/1821 2217/2217 1822/1822
f 2222/2222 2224/2224 2225/2225
f 2222/2222 2225/2225 1806/1806
f 2222/2222 1806/1806 1810/1810
f 2222/2222 1810/1810 2219/2219
f 2209/2209 2226/2226 2227/2227
f 2209/2209 2227/2227 2206/2206
f 1820/1820 2228/2228 2226/2226
f 1820/1820 2226/2226 1819/1819
f 2229/2229 2230/2230 2231/2231
f 2229/2229 2231/2231 2223/2223
f 2232/2232 2233/2233 2234/2234
f 2232/2232 2234/2234 2235/2235
f 2232/2232 2235/2235 2236/2236
f 2204/2204 2231/2231 2237/2237
f 2204/2204 2237/2237 2205/2205
f 2237/2237 2238/2238 2239/2239
f 2237/2237 2239/2239 2202/2202
f 2237/2237 2202/2202 2205/2205
f 2236/2236 2240/2240 2241/2241
f 2236/2236 2241/2241 2242/2242
f 2236/2236 2242/2242 2243/2243
f 2236/2236 2243/2243 2232/2232
f 2239/2239 2244/2244 2203/2203
f 2239/2239 2203/2203 2202/2202
f 2244/2244 2245/2245 2246/2246
f 2244/2244 2246/2246 2195/2195
f 2244/2244 2195/2195 2203/2203
f 2246/2246 2247/2247 2196/2196
f 2246/2246 2196/2196 2195/2195
f 2247/2247 2248/2248 2191/2191
f 2247/2247 2191/2191 2196/2196
f 2249/2249 2250/2250 2251/2251
f 2249/2249 2251/2251 2252/2252
f 2249/2249 2252/2252 2253/2253
f 2240/2240 2249/2249 2253/2253
f 2240/2240 2253/2253 2254/2254
f 2240/2240 2254/2254 2241/2241
f 2255/2255 2256/2256 2257/2257
f 2255/2255 2257/2257 2258/2258
f 2259/2259 2255/2255 2258/2258
f 2259/2259 2258/2258 2260/2260
f 2257/2257 2261/2261 2262/2262
f 2257/2257 2262/2262 2258/2258
f 2258/2258 2262/2262 2263/2263
f 2258/2258 2263/2263 2260/2260
f 2260/2260 2263/2263 2090/2090
f 2260/2260 2090/2090 2089/2089
f 2264/2264 2259/2259 2260/2260
f 2264/2264 2260/2260 2089/2089
f 2088/2088 2082/2082 2264/2264
f 2088/2088 2264/2264 2089/2089
f 2265/2265 2266/2266 2084/2084
f 2265/2265 2084/2084 2090/2090
f 2267/2267 2265/2265 2090/2090
f 2267/2267 2090/2090 2263/2263
f 2268/2268 2267/2267 2263/2263
f 2268/2268 2263/2263 2262/2262
f 2269/2269 2270/2270 2268/2268
f 2269/2269 2268/2268 2262/2262
f 2269/2269 2262/2262 2261/2261
f 2271/2271 2269/2269 2261/2261
f 2271/2271 2261/2261 2272/2272
f 2273/2273 2274/2274 2271/2271
f 2273/2273 2271/2271 2272/2272
f 2275/2275 2276/2276 2274/2274
f 2275/2275 2274/2274 2277/2277
f 2278/2278 2276/2276 2279/2279
f 2278/2278 2279/2279 1829/1829
f 2277/2277 2280/2280 2281/2281
f 2277/2277 2281/2281 2275/2275
f 2279/2279 2282/2282 1826/1826
f 2279/2279 1826/1826 1829/1829
f 2283/2283 2278/2278 1829/1829
f 2283/2283 1829/1829 1830/1830
f 2282/2282 2229/2229 1823/1823
f 2282/2282 1823/1823 1826/1826
f 2280/2280 2235/2235 2284/2284
f 2280/2280 2284/2284 2281/2281
f 2285/2285 2230/2230 2286/2286
f 2285/2285 2286/2286 2287/2287
f 2286/2286 2273/2273 2272/2272
f 2286/2286 2272/2272 2287/2287
f 2287/2287 2272/2272 2261/2261
f 2287/2287 2261/2261 2257/2257
f 2256/2256 2285/2285 2287/2287
f 2256/2256 2287/2287 2257/2257
f 1831/1831 1851/1851 2283/2283
f 1831/1831 2283/2283 1830/1830
f 2250/2250 2288/2288 2289/2289
f 2250/2250 2289/2289 2290/2290
f 2250/2250 2290/2290 2291/2291
f 2250/2250 2291/2291 2251/2251
f 2288/2288 2082/2082 2292/2292
f 2288/2288 2292/2292 2293/2293
f 2288/2288 2293/2293 2289/2289
f 2294/2294 2295/2295 2296/2296
f 2294/2294 2296/2296 2297/2297
f 2298/2298 2299/2299 2300/2300
f 2298/2298 2300/2300 2301/2301
f 2298/2298 2301/2301 2302/2302
f 2187/2187 2303/2303 2304/2304
f 2187/2187 2304/2304 2305/2305
f 2187/2187 2305/2305 2188/2188
f 2306/2306 2307/2307 2308/2308
f 2306/2306 2308/2308 2309/2309
f 2306/2306 2309/2309 2310/2310
f 2306/2306 2311/2311 2312/2312
f 2306/2306 2312/2312 2313/2313
f 2306/2306 2313/2313 2307/2307
f 2311/2311 2314/2314 2315/2315
f 2311/2311 2315/2315 2316/2316
f 2311/2311 2316/2316 2312/2312
f 2311/2311 2317/2317 2318/2318
f 2311/2311 2318/2318 2314/2314
f 2311/2311 2306/2306 1723/1723
f 2311/2311 1723/1723 2317/2317
f 2317/2317 2319/2319 2320/2320
f 2317/2317 2320/2320 2321/2321
f 2317/2317 2321/2321 2318/2318
f 2322/2322 2323/2323 2324/2324
f 2322/2322 2324/2324 2325/2325
f 2325/2325 2326/2326 1737/1737
f 2325/2325 1737/1737 1740/1740
f 2325/2325 1740/1740 2327/2327
f 2325/2325 2327/2327 2328/2328
f 2325/2325 2328/2328 2322/2322
f 2317/2317 1723/1723 1728/1728
f 2317/2317 1728/1728 2329/2329
f 2317/2317 2329/2329 2319/2319
f 1723/1723 2306/2306 2310/2310
f 1723/1723 2310/2310 2330/2330
f 1723/1723 2330/2330 1724/1724
f 1757/1757 1760/1760 2331/2331
f 1757/1757 2331/2331 2332/2332
f 1757/1757 2332/2332 2333/2333
f 1757/1757 2333/2333 2334/2334
f 1741/1741 1757/1757 2334/2334
f 1741/1741 2334/2334 1742/1742
f 1768/1768 1786/1786 2335/2335
f 1768/1768 2335/2335 1769/1769
f 2336/2336 2292/2292 2184/2184
f 2336/2336 2184/2184 2186/2186
f 2337/2337 2338/2338 2336/2336
f 2337/2337 2336/2336 2186/2186
f 2337/2337 2186/2186 2185/2185
f 2339/2339 2337/2337 2185/2185
f 2339/2339 2185/2185 2192/2192
f 2248/2248 2340/2340 2339/2339
f 2248/2248 2339/2339 2192/2192
f 2248/2248 2192/2192 2191/2191
f 2173/2173 2116/2116 2120/2120
f 2173/2173 2120/2120 2174/2174
f 2112/2112 2341/2341 2342/2342
f 2112/2112 2342/2342 2343/2343
f 2112/2112 2343/2343 2113/2113
f 2113/2113 2343/2343 2344/2344
f 2113/2113 2344/2344 2114/2114
f 2342/2342 2345/2345 1979/1979
f 2342/2342 1979/1979 2343/2343
f 2343/2343 1979/1979 1978/1978
f 2343/2343 1978/1978 2344/2344
f 2344/2344 1978/1978 1982/1982
f 2344/2344 1982/1982 2346/2346
f 2114/2114 2344/2344 2346/2346
f 2114/2114 2346/2346 2115/2115
f 2115/2115 2346/2346 1989/1989
f 2115/2115 1989/1989 1994/1994
f 2346/2346 1982/1982 1984/1984
f 2346/2346 1984/1984 1989/1989
f 1998/1998 2347/2347 2110/2110
f 1998/1998 2110/2110 1994/1994
f 1998/1998 1994/1994 1992/1992
f 2348/2348 2349/2349 1973/1973
f 2348/2348 1973/1973 1979/1979
f 2348/2348 1979/1979 2345/2345
f 2341/2341 2350/2350 2345/2345
f 2341/2341 2345/2345 2342/2342
f 2350/2350 2351/2351 2352/2352
f 2350/2350 2352/2352 2348/2348
f 2350/2350 2348/2348 2345/2345
f 1958/1958 2353/2353 2354/2354
f 1958/1958 2354/2354 2355/2355
f 1958/1958 2355/2355 1959/1959
f 2354/2354 2356/2356 2357/2357
f 2354/2354 2357/2357 2355/2355
f 2001/2001 279/279 264/264
f 2001/2001 264/264 256/256
f 1995/1995 290/290 278/278
f 1995/1995 278/278 279/279
f 1987/1987 288/288 290/290
f 1987/1987 290/290 1988/1988
f 2358/2358 2359/2359 2360/2360
f 2358/2358 2360/2360 2361/2361
f 2362/2362 2363/2363 2358/2358
f 2362/2362 2358/2358 2361/2361
f 2364/2364 2362/2362 2361/2361
f 2364/2364 2361/2361 2365/2365
f 2360/2360 2366/2366 2367/2367
f 2360/2360 2367/2367 2368/2368
f 2360/2360 2368/2368 2369/2369
f 2360/2360 2369/2369 2370/2370
f 2360/2360 2370/2370 2371/2371
f 2360/2360 2371/2371 2372/2372
f 2360/2360 2372/2372 2373/2373
f 2360/2360 2373/2373 2374/2374
f 2360/2360 2374/2374 2375/2375
f 2360/2360 2375/2375 2376/2376
f 2360/2360 2376/2376 2365/2365
f 2360/2360 2365/2365 2361/2361
f 720/720 2364/2364 2365/2365
f 720/720 2365/2365 721/721
f 2376/2376 722/722 721/721
f 2376/2376 721/721 2365/2365
f 1523/1523 1752/1752 1524/1524
f 1478/1478 2377/2377 2378/2378
f 1478/1478 2378/2378 2379/2379
f 1478/1478 2379/2379 1475/1475
f 2378/2378 2380/2380 2381/2381
f 2378/2378 2381/2381 2382/2382
f 2378/2378 2382/2382 2379/2379
f 2382/2382 2383/2383 2384/2384
f 2382/2382 2384/2384 2385/2385
f 2382/2382 2385/2385 2386/2386
f 2382/2382 2386/2386 2379/2379
f 2386/2386 2387/2387 1470/1470
f 2386/2386 1470/1470 1475/1475
f 2386/2386 1475/1475 2379/2379
f 2388/2388 2389/2389 2390/2390
f 2388/2388 2390/2390 1375/1375
f 2388/2388 1375/1375 1376/1376
f 2390/2390 2391/2391 1374/1374
f 2390/2390 1374/1374 1375/1375
f 2392/2392 2393/2393 2384/2384
f 2392/2392 2384/2384 2394/2394
f 2394/2394 2395/2395 2396/2396
f 2394/2394 2396/2396 2397/2397
f 2394/2394 2397/2397 2398/2398
f 2394/2394 2398/2398 2399/2399
f 2394/2394 2399/2399 2392/2392
f 871/871 2400/2400 2401/2401
f 871/871 2401/2401 2402/2402
f 871/871 2402/2402 872/872
f 2403/2403 692/692 694/694
f 2403/2403 694/694 696/696
f 2404/2404 2403/2403 696/696
f 2404/2404 696/696 699/699
f 2405/2405 2404/2404 699/699
f 2405/2405 699/699 710/710
f 852/852 2405/2405 710/710
f 852/852 710/710 711/711
f 699/699 698/698 701/701
f 699/699 701/701 710/710
f 2406/2406 2407/2407 2408/2408
f 2406/2406 2408/2408 2409/2409
f 2406/2406 2409/2409 2410/2410
f 871/871 870/870 2411/2411
f 871/871 2411/2411 2412/2412
f 871/871 2412/2412 2413/2413
f 871/871 2413/2413 2400/2400
f 2409/2409 2414/2414 2415/2415
f 2409/2409 2415/2415 2410/2410
f 2410/2410 2415/2415 2416/2416
f 2410/2410 2416/2416 2417/2417
f 2418/2418 2419/2419 2406/2406
f 2418/2418 2406/2406 2410/2410
f 2418/2418 2410/2410 2417/2417
f 2417/2417 2416/2416 2420/2420
f 2417/2417 2420/2420 1334/1334
f 1333/1333 2421/2421 2418/2418
f 1333/1333 2418/2418 2417/2417
f 1333/1333 2417/2417 1334/1334
f 2422/2422 2423/2423 1330/1330
f 2422/2422 1330/1330 1334/1334
f 2422/2422 1334/1334 2420/2420
f 2424/2424 2425/2425 2426/2426
f 2424/2424 2426/2426 2427/2427
f 2424/2424 2427/2427 2428/2428
f 2424/2424 2428/2428 2429/2429
f 2428/2428 2430/2430 2431/2431
f 2428/2428 2431/2431 2432/2432
f 2428/2428 2432/2432 2429/2429
f 2432/2432 2433/2433 2434/2434
f 2432/2432 2434/2434 2429/2429
f 2435/2435 2436/2436 2424/2424
f 2435/2435 2424/2424 2429/2429
f 2435/2435 2429/2429 2434/2434
f 2437/2437 2438/2438 2439/2439
f 2437/2437 2439/2439 2440/2440
f 2437/2437 2440/2440 2441/2441
f 2437/2437 2441/2441 2442/2442
f 2433/2433 2443/2443 2444/2444
f 2433/2433 2444/2444 2445/2445
f 2433/2433 2445/2445 2434/2434
f 2446/2446 2447/2447 2448/2448
f 2446/2446 2448/2448 2437/2437
f 2446/2446 2437/2437 2442/2442
f 2446/2446 2442/2442 2449/2449
f 2444/2444 2450/2450 2451/2451
f 2444/2444 2451/2451 2445/2445
f 2450/2450 2452/2452 2453/2453
f 2450/2450 2453/2453 2454/2454
f 2450/2450 2454/2454 2451/2451
f 2455/2455 2456/2456 2457/2457
f 2455/2455 2457/2457 2445/2445
f 2455/2455 2445/2445 2451/2451
f 2458/2458 2459/2459 2455/2455
f 2458/2458 2455/2455 2451/2451
f 2458/2458 2451/2451 2454/2454
f 2460/2460 2461/2461 2462/2462
f 2460/2460 2462/2462 2463/2463
f 2460/2460 2463/2463 2464/2464
f 2460/2460 2464/2464 2465/2465
f 2462/2462 2466/2466 2467/2467
f 2462/2462 2467/2467 2468/2468
f 2462/2462 2468/2468 2469/2469
f 2462/2462 2469/2469 2470/2470
f 2462/2462 2470/2470 2463/2463
f 2471/2471 2472/2472 2458/2458
f 2471/2471 2458/2458 2454/2454
f 2471/2471 2454/2454 2473/2473
f 2474/2474 2468/2468 2467/2467
f 2474/2474 2467/2467 2475/2475
f 2474/2474 2475/2475 2476/2476
f 2468/2468 2474/2474 2477/2477
f 2468/2468 2477/2477 2478/2478
f 2468/2468 2478/2478 2469/2469
f 2474/2474 2479/2479 2480/2480
f 2474/2474 2480/2480 2481/2481
f 2474/2474 2481/2481 2477/2477
f 2479/2479 2474/2474 2476/2476
f 2479/2479 2476/2476 2482/2482
f 2479/2479 2482/2482 2483/2483
f 2479/2479 2484/2484 2485/2485
f 2479/2479 2485/2485 2486/2486
f 2479/2479 2486/2486 2480/2480
f 2484/2484 2479/2479 2483/2483
f 2484/2484 2483/2483 2487/2487
f 2484/2484 2487/2487 2488/2488
f 2489/2489 2490/2490 2491/2491
f 2489/2489 2491/2491 2492/2492
f 2489/2489 2492/2492 2493/2493
f 2491/2491 2494/2494 2471/2471
f 2491/2491 2471/2471 2473/2473
f 2491/2491 2473/2473 2492/2492
f 2495/2495 2496/2496 2492/2492
f 2495/2495 2492/2492 2473/2473
f 2496/2496 2497/2497 2498/2498
f 2496/2496 2498/2498 2493/2493
f 2496/2496 2493/2493 2492/2492
f 2499/2499 2500/2500 2501/2501
f 2499/2499 2501/2501 2502/2502
f 2499/2499 2502/2502 2446/2446
f 2499/2499 2446/2446 2449/2449
f 2503/2503 2504/2504 2505/2505
f 2503/2503 2505/2505 2499/2499
f 2503/2503 2499/2499 2449/2449
f 2503/2503 2449/2449 2506/2506
f 2507/2507 2508/2508 2506/2506
f 2507/2507 2506/2506 2449/2449
f 2507/2507 2449/2449 2442/2442
f 2509/2509 2510/2510 2511/2511
f 2509/2509 2511/2511 2512/2512
f 2509/2509 2512/2512 2503/2503
f 2509/2509 2503/2503 2506/2506
f 2508/2508 2513/2513 2514/2514
f 2508/2508 2514/2514 2515/2515
f 2508/2508 2515/2515 2509/2509
f 2508/2508 2509/2509 2506/2506
f 2516/2516 2517/2517 2518/2518
f 2516/2516 2518/2518 2519/2519
f 2516/2516 2519/2519 2520/2520
f 2518/2518 2521/2521 2522/2522
f 2518/2518 2522/2522 2519/2519
f 2523/2523 2524/2524 2525/2525
f 2523/2523 2525/2525 2526/2526
f 2523/2523 2526/2526 2520/2520
f 2523/2523 2520/2520 2519/2519
f 2522/2522 2527/2527 2528/2528
f 2522/2522 2528/2528 2523/2523
f 2522/2522 2523/2523 2519/2519
f 2529/2529 2530/2530 2531/2531
f 2529/2529 2531/2531 2532/2532
f 2529/2529 2532/2532 2533/2533
f 2534/2534 2535/2535 2536/2536
f 2534/2534 2536/2536 2529/2529
f 2534/2534 2529/2529 2533/2533
f 2532/2532 2537/2537 2538/2538
f 2532/2532 2538/2538 2539/2539
f 2532/2532 2539/2539 2540/2540
f 2532/2532 2540/2540 2533/2533
f 2541/2541 2542/2542 2534/2534
f 2541/2541 2534/2534 2533/2533
f 2541/2541 2533/2533 2540/2540
f 2543/2543 2544/2544 2545/2545
f 2543/2543 2545/2545 2546/2546
f 2543/2543 2546/2546 2547/2547
f 2548/2548 2549/2549 2531/2531
f 2548/2548 2531/2531 2550/2550
f 2548/2548 2550/2550 2551/2551
f 2552/2552 2548/2548 2551/2551
f 2552/2552 2551/2551 2553/2553
f 934/934 2554/2554 2552/2552
f 934/934 2552/2552 2553/2553
f 934/934 2553/2553 2555/2555
f 934/934 2555/2555 935/935
f 2551/2551 2556/2556 2555/2555
f 2551/2551 2555/2555 2553/2553
f 2557/2557 2558/2558 935/935
f 2557/2557 935/935 2555/2555
f 2557/2557 2555/2555 2559/2559
f 2556/2556 2560/2560 2559/2559
f 2556/2556 2559/2559 2555/2555
f 2550/2550 2561/2561 2562/2562
f 2550/2550 2562/2562 2563/2563
f 2550/2550 2563/2563 2556/2556
f 2550/2550 2556/2556 2551/2551
f 2563/2563 2564/2564 2560/2560
f 2563/2563 2560/2560 2556/2556
f 2564/2564 2565/2565 2566/2566
f 2564/2564 2566/2566 2567/2567
f 2564/2564 2567/2567 2568/2568
f 2564/2564 2568/2568 2560/2560
f 2568/2568 2569/2569 2557/2557
f 2568/2568 2557/2557 2559/2559
f 2568/2568 2559/2559 2560/2560
f 2570/2570 2571/2571 2572/2572
f 2570/2570 2572/2572 2420/2420
f 2570/2570 2420/2420 2416/2416
f 2572/2572 2573/2573 2422/2422
f 2572/2572 2422/2422 2420/2420
f 2574/2574 2575/2575 2576/2576
f 2574/2574 2576/2576 2570/2570
f 2574/2574 2570/2570 2416/2416
f 2574/2574 2416/2416 2415/2415
f 2558/2558 2577/2577 2578/2578
f 2558/2558 2578/2578 930/930
f 2558/2558 930/930 935/935
f 2414/2414 2579/2579 2580/2580
f 2414/2414 2580/2580 2574/2574
f 2414/2414 2574/2574 2415/2415
f 870/870 877/877 2581/2581
f 870/870 2581/2581 2580/2580
f 870/870 2580/2580 2411/2411
f 2441/2441 2582/2582 2583/2583
f 2441/2441 2583/2583 2507/2507
f 2441/2441 2507/2507 2442/2442
f 2539/2539 2584/2584 936/936
f 2539/2539 936/936 938/938
f 2539/2539 938/938 2540/2540
f 981/981 2585/2585 2541/2541
f 981/981 2541/2541 2540/2540
f 981/981 2540/2540 938/938
f 2586/2586 2587/2587 2588/2588
f 2586/2586 2588/2588 2589/2589
f 2586/2586 2589/2589 2590/2590
f 2586/2586 2590/2590 2543/2543
f 2586/2586 2543/2543 2591/2591
f 2586/2586 2592/2592 2593/2593
f 2586/2586 2593/2593 2587/2587
f 2592/2592 2586/2586 2591/2591
f 2592/2592 2591/2591 2594/2594
f 2592/2592 2594/2594 2595/2595
f 2592/2592 2596/2596 2597/2597
f 2592/2592 2597/2597 2598/2598
f 2592/2592 2598/2598 2593/2593
f 2526/2526 2599/2599 2600/2600
f 2526/2526 2600/2600 2601/2601
f 2526/2526 2601/2601 2520/2520
f 2596/2596 2602/2602 2603/2603
f 2596/2596 2603/2603 2604/2604
f 2596/2596 2604/2604 2597/2597
f 2600/2600 2605/2605 2606/2606
f 2600/2600 2606/2606 2607/2607
f 2600/2600 2607/2607 2601/2601
f 2602/2602 2608/2608 2609/2609
f 2602/2602 2609/2609 2610/2610
f 2602/2602 2610/2610 2603/2603
f 2606/2606 2611/2611 2612/2612
f 2606/2606 2612/2612 2613/2613
f 2606/2606 2613/2613 2607/2607
f 2608/2608 2484/2484 2488/2488
f 2608/2608 2488/2488 2614/2614
f 2608/2608 2614/2614 2609/2609
f 2612/2612 2615/2615 2489/2489
f 2612/2612 2489/2489 2493/2493
f 2612/2612 2493/2493 2613/2613
f 2498/2498 2616/2616 2613/2613
f 2498/2498 2613/2613 2493/2493
f 2616/2616 2617/2617 2618/2618
f 2616/2616 2618/2618 2607/2607
f 2616/2616 2607/2607 2613/2613
f 2484/2484 2608/2608 2619/2619
f 2484/2484 2619/2619 2620/2620
f 2484/2484 2620/2620 2485/2485
f 2608/2608 2602/2602 2621/2621
f 2608/2608 2621/2621 2622/2622
f 2608/2608 2622/2622 2619/2619
f 2623/2623 2624/2624 2625/2625
f 2623/2623 2625/2625 2626/2626
f 2623/2623 2626/2626 2627/2627
f 2623/2623 2627/2627 2628/2628
f 2625/2625 2629/2629 2630/2630
f 2625/2625 2630/2630 2631/2631
f 2625/2625 2631/2631 2632/2632
f 2625/2625 2632/2632 2626/2626
f 2630/2630 2633/2633 2634/2634
f 2630/2630 2634/2634 2635/2635
f 2630/2630 2635/2635 2636/2636
f 2630/2630 2636/2636 2631/2631
f 2637/2637 2638/2638 2639/2639
f 2637/2637 2639/2639 2640/2640
f 2637/2637 2640/2640 2641/2641
f 2637/2637 2641/2641 2642/2642
f 2642/2642 2643/2643 2644/2644
f 2642/2642 2644/2644 2645/2645
f 2642/2642 2645/2645 2646/2646
f 2642/2642 2646/2646 2637/2637
f 2647/2647 2648/2648 2649/2649
f 2647/2647 2649/2649 2650/2650
f 2647/2647 2650/2650 2651/2651
f 2652/2652 2653/2653 2654/2654
f 2652/2652 2654/2654 2655/2655
f 2652/2652 2655/2655 2656/2656
f 2652/2652 2656/2656 2657/2657
f 2652/2652 2657/2657 2658/2658
f 2652/2652 2658/2658 2659/2659
f 2652/2652 2659/2659 2660/2660
f 2652/2652 2660/2660 2661/2661
f 2652/2652 2661/2661 2645/2645
f 2652/2652 2645/2645 2662/2662
f 2652/2652 2662/2662 2663/2663
f 2664/2664 2665/2665 2666/2666
f 2664/2664 2666/2666 2667/2667
f 2664/2664 2667/2667 2668/2668
f 2664/2664 2668/2668 2669/2669
f 2670/2670 2671/2671 2672/2672
f 2670/2670 2672/2672 2673/2673
f 2670/2670 2673/2673 2674/2674
f 2670/2670 2674/2674 2675/2675
f 2670/2670 2675/2675 2676/2676
f 2670/2670 2676/2676 2677/2677
f 2670/2670 2677/2677 2678/2678
f 2670/2670 2678/2678 2679/2679
f 2670/2670 2679/2679 2680/2680
f 2670/2670 2680/2680 2681/2681
f 2682/2682 2662/2662 2683/2683
f 2682/2682 2683/2683 2684/2684
f 2685/2685 2686/2686 2662/2662
f 2685/2685 2662/2662 2682/2682
f 2687/2687 2683/2683 2688/2688
f 2687/2687 2688/2688 2689/2689
f 2690/2690 2691/2691 2692/2692
f 2690/2690 2692/2692 2679/2679
f 2690/2690 2679/2679 2693/2693
f 2694/2694 2695/2695 2696/2696
f 2694/2694 2696/2696 2697/2697
f 2694/2694 2697/2697 2698/2698
f 2694/2694 2698/2698 2699/2699
f 2700/2700 2701/2701 2702/2702
f 2700/2700 2702/2702 2703/2703
f 2700/2700 2703/2703 2704/2704
f 2705/2705 2706/2706 2707/2707
f 2705/2705 2707/2707 2708/2708
f 2705/2705 2708/2708 2709/2709
f 2705/2705 2709/2709 2710/2710
f 2705/2705 2710/2710 2711/2711
f 2705/2705 2711/2711 2712/2712
f 2705/2705 2712/2712 2713/2713
f 2705/2705 2713/2713 2714/2714
f 2705/2705 2714/2714 2715/2715
f 2705/2705 2715/2715 2716/2716
f 2705/2705 2716/2716 2717/2717
f 2705/2705 2717/2717 2718/2718
f 2705/2705 2718/2718 2719/2719
f 2705/2705 2719/2719 2720/2720
f 2705/2705 2720/2720 2721/2721
f 2705/2705 2721/2721 2722/2722
f 2705/2705 2722/2722 2723/2723
f 2705/2705 2723/2723 2724/2724
f 2705/2705 2724/2724 2725/2725
f 2705/2705 2725/2725 2726/2726
f 2705/2705 2726/2726 2727/2727
f 2705/2705 2727/2727 2728/2728
f 2705/2705 2728/2728 2729/2729
f 2705/2705 2729/2729 2730/2730
f 2731/2731 2732/2732 2733/2733
f 2731/2731 2733/2733 2698/2698
f 2731/2731 2698/2698 2697/2697
f 2734/2734 2735/2735 2736/2736
f 2734/2734 2736/2736 2737/2737
f 2734/2734 2737/2737 2738/2738
f 2739/2739 2740/2740 2741/2741
f 2739/2739 2741/2741 2742/2742
f 2739/2739 2742/2742 2743/2743
f 2739/2739 2743/2743 2744/2744
f 2745/2745 2652/2652 2746/2746
f 2745/2745 2746/2746 2747/2747
f 2748/2748 2749/2749 2741/2741
f 2748/2748 2741/2741 2740/2740
f 2750/2750 2751/2751 2752/2752
f 2750/2750 2752/2752 2753/2753
f 2754/2754 2755/2755 2756/2756
f 2754/2754 2756/2756 2757/2757
f 2754/2754 2757/2757 2758/2758
f 2754/2754 2758/2758 2759/2759
f 2754/2754 2759/2759 2760/2760
f 2754/2754 2760/2760 2761/2761
f 2754/2754 2761/2761 2762/2762
f 2754/2754 2762/2762 2763/2763
f 2754/2754 2763/2763 2764/2764
f 2754/2754 2764/2764 2765/2765
f 2754/2754 2765/2765 2766/2766
f 2754/2754 2766/2766 2767/2767
f 2754/2754 2767/2767 2768/2768
f 2754/2754 2768/2768 2769/2769
f 2754/2754 2769/2769 2770/2770
f 2754/2754 2770/2770 2771/2771
f 2754/2754 2771/2771 2772/2772
f 2754/2754 2772/2772 2773/2773
f 2754/2754 2773/2773 2774/2774
f 2754/2754 2774/2774 2775/2775
f 2776/2776 2748/2748 2740/2740
f 2776/2776 2740/2740 2739/2739
f 2776/2776 2739/2739 2777/2777
f 2778/2778 2776/2776 2777/2777
f 2778/2778 2777/2777 2779/2779
f 2778/2778 2779/2779 2780/2780
f 2781/2781 2778/2778 2780/2780
f 2781/2781 2780/2780 2782/2782
f 2781/2781 2782/2782 2783/2783
f 2782/2782 2780/2780 2779/2779
f 2782/2782 2779/2779 2784/2784
f 2782/2782 2784/2784 2785/2785
f 2782/2782 2785/2785 2786/2786
f 2787/2787 2783/2783 2782/2782
f 2787/2787 2782/2782 2786/2786
f 2787/2787 2786/2786 2788/2788
f 2787/2787 2788/2788 2789/2789
f 2790/2790 2791/2791 2792/2792
f 2790/2790 2792/2792 2793/2793
f 2790/2790 2793/2793 2794/2794
f 2795/2795 2796/2796 2790/2790
f 2795/2795 2790/2790 2794/2794
f 2795/2795 2794/2794 2797/2797
f 2798/2798 2799/2799 2787/2787
f 2798/2798 2787/2787 2789/2789
f 2798/2798 2789/2789 2800/2800
f 2798/2798 2800/2800 2801/2801
f 2802/2802 2803/2803 2795/2795
f 2802/2802 2795/2795 2797/2797
f 2802/2802 2797/2797 2804/2804
f 2805/2805 2806/2806 2802/2802
f 2805/2805 2802/2802 2804/2804
f 2805/2805 2804/2804 2807/2807
f 2808/2808 2809/2809 2798/2798
f 2808/2808 2798/2798 2801/2801
f 2808/2808 2801/2801 2810/2810
f 2808/2808 2810/2810 2811/2811
f 2812/2812 2813/2813 2808/2808
f 2812/2812 2808/2808 2811/2811
f 2812/2812 2811/2811 2814/2814
f 2812/2812 2814/2814 2815/2815
f 2816/2816 2817/2817 2805/2805
f 2816/2816 2805/2805 2807/2807
f 2816/2816 2807/2807 2818/2818
f 2819/2819 2820/2820 2812/2812
f 2819/2819 2812/2812 2815/2815
f 2819/2819 2815/2815 2821/2821
f 2819/2819 2821/2821 2822/2822
f 2823/2823 2824/2824 2816/2816
f 2823/2823 2816/2816 2818/2818
f 2823/2823 2818/2818 2825/2825
f 2823/2823 2825/2825 2826/2826
f 2827/2827 2819/2819 2822/2822
f 2827/2827 2822/2822 2828/2828
f 2827/2827 2828/2828 2829/2829
f 2826/2826 2830/2830 2831/2831
f 2826/2826 2831/2831 2832/2832
f 2826/2826 2832/2832 2823/2823
f 2829/2829 2833/2833 2834/2834
f 2829/2829 2834/2834 2835/2835
f 2829/2829 2835/2835 2827/2827
f 2836/2836 2837/2837 2838/2838
f 2836/2836 2838/2838 2839/2839
f 2836/2836 2839/2839 2840/2840
f 2836/2836 2840/2840 2841/2841
f 2842/2842 2843/2843 2844/2844
f 2842/2842 2844/2844 2845/2845
f 2827/2827 2835/2835 2846/2846
f 2827/2827 2846/2846 2847/2847
f 2848/2848 2849/2849 2850/2850
f 2848/2848 2850/2850 2851/2851
f 2848/2848 2851/2851 2852/2852
f 2848/2848 2852/2852 2853/2853
f 2848/2848 2853/2853 2854/2854
f 2848/2848 2854/2854 2855/2855
f 2848/2848 2855/2855 2856/2856
f 2848/2848 2856/2856 2844/2844
f 2848/2848 2844/2844 2843/2843
f 2848/2848 2843/2843 2857/2857
f 2858/2858 2859/2859 2860/2860
f 2858/2858 2860/2860 2861/2861
f 2847/2847 2862/2862 2820/2820
f 2847/2847 2820/2820 2819/2819
f 2847/2847 2819/2819 2827/2827
f 2862/2862 2863/2863 2813/2813
f 2862/2862 2813/2813 2812/2812
f 2862/2862 2812/2812 2820/2820
f 2863/2863 2864/2864 2809/2809
f 2863/2863 2809/2809 2808/2808
f 2863/2863 2808/2808 2813/2813
f 2864/2864 2865/2865 2799/2799
f 2864/2864 2799/2799 2798/2798
f 2864/2864 2798/2798 2809/2809
f 2865/2865 2781/2781 2783/2783
f 2865/2865 2783/2783 2787/2787
f 2865/2865 2787/2787 2799/2799
f 2866/2866 2867/2867 2868/2868
f 2866/2866 2868/2868 2869/2869
f 2866/2866 2869/2869 2870/2870
f 2866/2866 2870/2870 2871/2871
f 2866/2866 2871/2871 2872/2872
f 2866/2866 2872/2872 2873/2873
f 2866/2866 2873/2873 2874/2874
f 2866/2866 2874/2874 2875/2875
f 2875/2875 2876/2876 2877/2877
f 2875/2875 2877/2877 2866/2866
f 2876/2876 2878/2878 2879/2879
f 2876/2876 2879/2879 2877/2877
f 2878/2878 2880/2880 2881/2881
f 2878/2878 2881/2881 2879/2879
f 2880/2880 2882/2882 2883/2883
f 2880/2880 2883/2883 2881/2881
f 2882/2882 2884/2884 2885/2885
f 2882/2882 2885/2885 2883/2883
f 2884/2884 2886/2886 2887/2887
f 2884/2884 2887/2887 2885/2885
f 2886/2886 2888/2888 2889/2889
f 2886/2886 2889/2889 2887/2887
f 2888/2888 2890/2890 2891/2891
f 2888/2888 2891/2891 2889/2889
f 2890/2890 2892/2892 2893/2893
f 2890/2890 2893/2893 2894/2894
f 2890/2890 2894/2894 2895/2895
f 2890/2890 2895/2895 2896/2896
f 2890/2890 2896/2896 2897/2897
f 2890/2890 2897/2897 2898/2898
f 2890/2890 2898/2898 2899/2899
f 2890/2890 2899/2899 2891/2891
f 2900/2900 2901/2901 2902/2902
f 2900/2900 2902/2902 2903/2903
f 2900/2900 2903/2903 2904/2904
f 2900/2900 2904/2904 2905/2905
f 2900/2900 2905/2905 2906/2906
f 2900/2900 2906/2906 2907/2907
f 2900/2900 2907/2907 2908/2908
f 2900/2900 2908/2908 2909/2909
f 2900/2900 2909/2909 2910/2910
f 2900/2900 2910/2910 2911/2911
f 2900/2900 2911/2911 2912/2912
f 2900/2900 2912/2912 2913/2913
f 2900/2900 2913/2913 2914/2914
f 2900/2900 2914/2914 2915/2915
f 2900/2900 2915/2915 2916/2916
f 2900/2900 2916/2916 2917/2917
f 2900/2900 2917/2917 2918/2918
f 2900/2900 2918/2918 2919/2919
f 2900/2900 2919/2919 2920/2920
f 2900/2900 2920/2920 2921/2921
f 2922/2922 2923/2923 2924/2924
f 2922/2922 2924/2924 2925/2925
f 2925/2925 2926/2926 2927/2927
f 2925/2925 2927/2927 2922/2922
f 2926/2926 2928/2928 2929/2929
f 2926/2926 2929/2929 2927/2927
f 2928/2928 2930/2930 2931/2931
f 2928/2928 2931/2931 2932/2932
f 2933/2933 2934/2934 2930/2930
f 2933/2933 2930/2930 2935/2935
f 2935/2935 2750/2750 2753/2753
f 2935/2935 2753/2753 2933/2933
f 2936/2936 2937/2937 2938/2938
f 2936/2936 2938/2938 2939/2939
f 2940/2940 2941/2941 2942/2942
f 2940/2940 2942/2942 2943/2943
f 2940/2940 2943/2943 2944/2944
f 2945/2945 2946/2946 2947/2947
f 2945/2945 2947/2947 2948/2948
f 2945/2945 2948/2948 2949/2949
f 2945/2945 2949/2949 2950/2950
f 2951/2951 2952/2952 2953/2953
f 2951/2951 2953/2953 2954/2954
f 2951/2951 2954/2954 2955/2955
f 2951/2951 2955/2955 2956/2956
f 2951/2951 2956/2956 2957/2957
f 2951/2951 2957/2957 2958/2958
f 2951/2951 2958/2958 2959/2959
f 2951/2951 2959/2959 2960/2960
f 2951/2951 2960/2960 2961/2961
f 2951/2951 2961/2961 2962/2962
f 2951/2951 2962/2962 2963/2963
f 2951/2951 2963/2963 2964/2964
f 2951/2951 2964/2964 2965/2965
f 2966/2966 2967/2967 2968/2968
f 2966/2966 2968/2968 2969/2969
f 2966/2966 2969/2969 2970/2970
f 2966/2966 2970/2970 2971/2971
f 2972/2972 2973/2973 2974/2974
f 2972/2972 2974/2974 2975/2975
f 2972/2972 2975/2975 2976/2976
f 2977/2977 2978/2978 2979/2979
f 2977/2977 2979/2979 2980/2980
f 2977/2977 2980/2980 2981/2981
f 2977/2977 2981/2981 2982/2982
f 2977/2977 2982/2982 2983/2983
f 2977/2977 2983/2983 2984/2984
f 2977/2977 2984/2984 2985/2985
f 2977/2977 2985/2985 2986/2986
f 2977/2977 2986/2986 2987/2987
f 2977/2977 2987/2987 2988/2988
f 2977/2977 2988/2988 2989/2989
f 2977/2977 2989/2989 2990/2990
f 2977/2977 2990/2990 2991/2991
f 2977/2977 2991/2991 2992/2992
f 2977/2977 2992/2992 2993/2993
f 2977/2977 2993/2993 2994/2994
f 2977/2977 2994/2994 2995/2995
f 2977/2977 2995/2995 2996/2996
f 2977/2977 2996/2996 2997/2997
f 2977/2977 2997/2997 2998/2998
f 2977/2977 2998/2998 2999/2999
f 3000/3000 3001/3001 2972/2972
f 3000/3000 2972/2972 2976/2976
f 3000/3000 2976/2976 3002/3002
f 2971/2971 3003/3003 1236/1236
f 2971/2971 1236/1236 1239/1239
f 2971/2971 1239/1239 3004/3004
f 2971/2971 3004/3004 2966/2966
f 3005/3005 3006/3006 3000/3000
f 3005/3005 3000/3000 3002/3002
f 3005/3005 3002/3002 3007/3007
f 3008/3008 3009/3009 3005/3005
f 3008/3008 3005/3005 3007/3007
f 3008/3008 3007/3007 3010/3010
f 3011/3011 3012/3012 3008/3008
f 3011/3011 3008/3008 3010/3010
f 3011/3011 3010/3010 3013/3013
f 1230/1230 3014/3014 1061/1061
f 1230/1230 1061/1061 1067/1067
f 1230/1230 1067/1067 3015/3015
f 1230/1230 3015/3015 1225/1225
f 3016/3016 3017/3017 3011/3011
f 3016/3016 3011/3011 3013/3013
f 3016/3016 3013/3013 3018/3018
f 3019/3019 3020/3020 3016/3016
f 3019/3019 3016/3016 3018/3018
f 3019/3019 3018/3018 3021/3021
f 1063/1063 3022/3022 3023/3023
f 1063/1063 3023/3023 3024/3024
f 1063/1063 3024/3024 3025/3025
f 1063/1063 3025/3025 1064/1064
f 3026/3026 3027/3027 3019/3019
f 3026/3026 3019/3019 3021/3021
f 3026/3026 3021/3021 3028/3028
f 3029/3029 3030/3030 3026/3026
f 3029/3029 3026/3026 3028/3028
f 3029/3029 3028/3028 3031/3031
f 3023/3023 3032/3032 3033/3033
f 3023/3023 3033/3033 3034/3034
f 3023/3023 3034/3034 3035/3035
f 3023/3023 3035/3035 3024/3024
f 3033/3033 3036/3036 2664/2664
f 3033/3033 2664/2664 2669/2669
f 3033/3033 2669/2669 3037/3037
f 3033/3033 3037/3037 3034/3034
f 3031/3031 3038/3038 3039/3039
f 3031/3031 3039/3039 3040/3040
f 3031/3031 3040/3040 3029/3029
f 3041/3041 3042/3042 2623/2623
f 3041/3041 2623/2623 2628/2628
f 3041/3041 2628/2628 3043/3043
f 3041/3041 3043/3043 3044/3044
f 3045/3045 3046/3046 3041/3041
f 3045/3045 3041/3041 3044/3044
f 3045/3045 3044/3044 3047/3047
f 3045/3045 3047/3047 3048/3048
f 2602/2602 2596/2596 3049/3049
f 2602/2602 3049/3049 3050/3050
f 2602/2602 3050/3050 2621/2621
f 2596/2596 2592/2592 2595/2595
f 2596/2596 2595/2595 3051/3051
f 2596/2596 3051/3051 3049/3049
f 1056/1056 3052/3052 3045/3045
f 1056/1056 3045/3045 3048/3048
f 1056/1056 3048/3048 3053/3053
f 1056/1056 3053/3053 1049/1049
f 3054/3054 3055/3055 3056/3056
f 3054/3054 3056/3056 3057/3057
f 3057/3057 3058/3058 3059/3059
f 3057/3057 3059/3059 3054/3054
f 3058/3058 3060/3060 3061/3061
f 3058/3058 3061/3061 3059/3059
f 3062/3062 3063/3063 3064/3064
f 3062/3062 3064/3064 3065/3065
f 3062/3062 3065/3065 3066/3066
f 3062/3062 3066/3066 3067/3067
f 3062/3062 3067/3067 3068/3068
f 3062/3062 3068/3068 3069/3069
f 3062/3062 3069/3069 3070/3070
f 3062/3062 3070/3070 3071/3071
f 3072/3072 3073/3073 3074/3074
f 3072/3072 3074/3074 3075/3075
f 3076/3076 3077/3077 3078/3078
f 3076/3076 3078/3078 3079/3079
f 3080/3080 3076/3076 3079/3079
f 3080/3080 3079/3079 3081/3081
f 3081/3081 3082/3082 3083/3083
f 3081/3081 3083/3083 3080/3080
f 3084/3084 3085/3085 3086/3086
f 3084/3084 3086/3086 3087/3087
f 3084/3084 3087/3087 3088/3088
f 3084/3084 3088/3088 3089/3089
f 3084/3084 3089/3089 3090/3090
f 3084/3084 3090/3090 3091/3091
f 3084/3084 3091/3091 3092/3092
f 3084/3084 3092/3092 3093/3093
f 3084/3084 3093/3093 3094/3094
f 3084/3084 3094/3094 3095/3095
f 3084/3084 3095/3095 3096/3096
f 3084/3084 3096/3096 3097/3097
f 3084/3084 3097/3097 3098/3098
f 3084/3084 3098/3098 3099/3099
f 3084/3084 3099/3099 3100/3100
f 3084/3084 3100/3100 3101/3101
f 3084/3084 3101/3101 3102/3102
f 3084/3084 3102/3102 3103/3103
f 3084/3084 3103/3103 3104/3104
f 3084/3084 3104/3104 3105/3105
f 3084/3084 3105/3105 3106/3106
f 3107/3107 3062/3062 3071/3071
f 3107/3107 3071/3071 3108/3108
f 3109/3109 3107/3107 3108/3108
f 3109/3109 3108/3108 3110/3110
f 3111/3111 3109/3109 3110/3110
f 3111/3111 3110/3110 3112/3112
f 3113/3113 3111/3111 3112/3112
f 3113/3113 3112/3112 3114/3114
f 3115/3115 3113/3113 3114/3114
f 3115/3115 3114/3114 3116/3116
f 3117/3117 3115/3115 3116/3116
f 3117/3117 3116/3116 3118/3118
f 3119/3119 3117/3117 3118/3118
f 3119/3119 3118/3118 3120/3120
f 3121/3121 3119/3119 3120/3120
f 3121/3121 3120/3120 3122/3122
f 3122/3122 3123/3123 3124/3124
f 3122/3122 3124/3124 3125/3125
f 3122/3122 3125/3125 3126/3126
f 3122/3122 3126/3126 3127/3127
f 3122/3122 3127/3127 3128/3128
f 3122/3122 3128/3128 3129/3129
f 3122/3122 3129/3129 3130/3130
f 3122/3122 3130/3130 3121/3121
f 3131/3131 3132/3132 3133/3133
f 3131/3131 3133/3133 3134/3134
f 3134/3134 3135/3135 3136/3136
f 3134/3134 3136/3136 3131/3131
f 3135/3135 3137/3137 3138/3138
f 3135/3135 3138/3138 3136/3136
f 3139/3139 3138/3138 3140/3140
f 3139/3139 3140/3140 3141/3141
f 3142/3142 3139/3139 3143/3143
f 3142/3142 3143/3143 3144/3144
f 3144/3144 3145/3145 3146/3146
f 3144/3144 3146/3146 3142/3142
f 3145/3145 3147/3147 3148/3148
f 3145/3145 3148/3148 3146/3146
f 3149/3149 3150/3150 3151/3151
f 3149/3149 3151/3151 3152/3152
f 3153/3153 2951/2951 3154/3154
f 3153/3153 3154/3154 3155/3155
f 3153/3153 3155/3155 3156/3156
f 3154/3154 2951/2951 3157/3157
f 3154/3154 3157/3157 3158/3158
f 3159/3159 3160/3160 2964/2964
f 3159/3159 2964/2964 3161/3161
f 3159/3159 3161/3161 3162/3162
f 2841/2841 3163/3163 3164/3164
f 2841/2841 3164/3164 3165/3165
f 2841/2841 3165/3165 3166/3166
f 2841/2841 3166/3166 2836/2836
f 2717/2717 3167/3167 3168/3168
f 2717/2717 3168/3168 3169/3169
f 2717/2717 3169/3169 3170/3170
f 2717/2717 3170/3170 3171/3171
f 2717/2717 3171/3171 3172/3172
f 2717/2717 3172/3172 3173/3173
f 2717/2717 3173/3173 3174/3174
f 2717/2717 3174/3174 3175/3175
f 2717/2717 3175/3175 3176/3176
f 2717/2717 3176/3176 3177/3177
f 2717/2717 3177/3177 2705/2705
f 2717/2717 2705/2705 2730/2730
f 2717/2717 2730/2730 3178/3178
f 2717/2717 3178/3178 3179/3179
f 2717/2717 3179/3179 3180/3180
f 2717/2717 3180/3180 3181/3181
f 2717/2717 3181/3181 3182/3182
f 2717/2717 3182/3182 3183/3183
f 2717/2717 3183/3183 3184/3184
f 2717/2717 3184/3184 3185/3185
f 2717/2717 3185/3185 3186/3186
f 2717/2717 3186/3186 3187/3187
f 2717/2717 3187/3187 3188/3188
f 2717/2717 3188/3188 2718/2718
f 3189/3189 3190/3190 3191/3191
f 3189/3189 3191/3191 3192/3192
f 3189/3189 3192/3192 3193/3193
f 3193/3193 3194/3194 3195/3195
f 3193/3193 3195/3195 3196/3196
f 3193/3193 3196/3196 3189/3189
f 3156/3156 3197/3197 3198/3198
f 3156/3156 3198/3198 3199/3199
f 3156/3156 3199/3199 3200/3200
f 3156/3156 3200/3200 3153/3153
f 3198/3198 3201/3201 3202/3202
f 3198/3198 3202/3202 3203/3203
f 3198/3198 3203/3203 3204/3204
f 3198/3198 3204/3204 3199/3199
f 3205/3205 3206/3206 3207/3207
f 3205/3205 3207/3207 3208/3208
f 3205/3205 3208/3208 3209/3209
f 3210/3210 3205/3205 3209/3209
f 3210/3210 3209/3209 3211/3211
f 3210/3210 3211/3211 3212/3212
f 3213/3213 3210/3210 3212/3212
f 3213/3213 3212/3212 3214/3214
f 3213/3213 3214/3214 3215/3215
f 3216/3216 3213/3213 3215/3215
f 3216/3216 3215/3215 3217/3217
f 3216/3216 3217/3217 3218/3218
f 3219/3219 3216/3216 3218/3218
f 3219/3219 3218/3218 3220/3220
f 3219/3219 3220/3220 3221/3221
f 3222/3222 3223/3223 3224/3224
f 3222/3222 3224/3224 3225/3225
f 3222/3222 3225/3225 3226/3226
f 3222/3222 3226/3226 3227/3227
f 3224/3224 3228/3228 3229/3229
f 3224/3224 3229/3229 3230/3230
f 3224/3224 3230/3230 3231/3231
f 3224/3224 3231/3231 3225/3225
f 3232/3232 3233/3233 3234/3234
f 3232/3232 3234/3234 3235/3235
f 3232/3232 3235/3235 3236/3236
f 3233/3233 3237/3237 3238/3238
f 3233/3233 3238/3238 3239/3239
f 3233/3233 3239/3239 3234/3234
f 3229/3229 3240/3240 3241/3241
f 3229/3229 3241/3241 3242/3242
f 3229/3229 3242/3242 3243/3243
f 3229/3229 3243/3243 3230/3230
f 3237/3237 3244/3244 2700/2700
f 3237/3237 2700/2700 2704/2704
f 3237/3237 2704/2704 3245/3245
f 3237/3237 3245/3245 3238/3238
f 3241/3241 3246/3246 2690/2690
f 3241/3241 2690/2690 2693/2693
f 3241/3241 2693/2693 3242/3242
f 2689/2689 3247/3247 3248/3248
f 2689/2689 3248/3248 3249/3249
f 2689/2689 3249/3249 2687/2687
f 3247/3247 3219/3219 3221/3221
f 3247/3247 3221/3221 3250/3250
f 3247/3247 3250/3250 3248/3248
f 3251/3251 3252/3252 3253/3253
f 3251/3251 3253/3253 3254/3254
f 3251/3251 3254/3254 3255/3255
f 3251/3251 3255/3255 3256/3256
f 3251/3251 3256/3256 3257/3257
f 3254/3254 3258/3258 3259/3259
f 3254/3254 3259/3259 3260/3260
f 3254/3254 3260/3260 3255/3255
f 3259/3259 3261/3261 3262/3262
f 3259/3259 3262/3262 3263/3263
f 3259/3259 3263/3263 3260/3260
f 3264/3264 3265/3265 3266/3266
f 3264/3264 3266/3266 3267/3267
f 3264/3264 3267/3267 3268/3268
f 3265/3265 3269/3269 3270/3270
f 3265/3265 3270/3270 3271/3271
f 3265/3265 3271/3271 3272/3272
f 3265/3265 3272/3272 3266/3266
f 3262/3262 3273/3273 3274/3274
f 3262/3262 3274/3274 3263/3263
f 3273/3273 3275/3275 3276/3276
f 3273/3273 3276/3276 3277/3277
f 3273/3273 3277/3277 3274/3274
f 3276/3276 3278/3278 3279/3279
f 3276/3276 3279/3279 3280/3280
f 3276/3276 3280/3280 3277/3277
f 3269/3269 3281/3281 3282/3282
f 3269/3269 3282/3282 3283/3283
f 3269/3269 3283/3283 3270/3270
f 3281/3281 3284/3284 3285/3285
f 3281/3281 3285/3285 3282/3282
f 3284/3284 3286/3286 3287/3287
f 3284/3284 3287/3287 3285/3285
f 3286/3286 3288/3288 3289/3289
f 3286/3286 3289/3289 3290/3290
f 3286/3286 3290/3290 3287/3287
f 3279/3279 3291/3291 3292/3292
f 3279/3279 3292/3292 3293/3293
f 3279/3279 3293/3293 3280/3280
f 3292/3292 3294/3294 3295/3295
f 3292/3292 3295/3295 3296/3296
f 3292/3292 3296/3296 3293/3293
f 3295/3295 3297/3297 3298/3298
f 3295/3295 3298/3298 3296/3296
f 3297/3297 3299/3299 3300/3300
f 3297/3297 3300/3300 3301/3301
f 3297/3297 3301/3301 3298/3298
f 3300/3300 3302/3302 3303/3303
f 3300/3300 3303/3303 3304/3304
f 3300/3300 3304/3304 3301/3301
f 3305/3305 3306/3306 3307/3307
f 3305/3305 3307/3307 3308/3308
f 3305/3305 3308/3308 3309/3309
f 3306/3306 3310/3310 3311/3311
f 3306/3306 3311/3311 3312/3312
f 3306/3306 3312/3312 3307/3307
f 3303/3303 3313/3313 3314/3314
f 3303/3303 3314/3314 3315/3315
f 3303/3303 3315/3315 3316/3316
f 3303/3303 3316/3316 3317/3317
f 3303/3303 3317/3317 3304/3304
f 3310/3310 3318/3318 3319/3319
f 3310/3310 3319/3319 3311/3311
f 3318/3318 3320/3320 3321/3321
f 3318/3318 3321/3321 3322/3322
f 3318/3318 3322/3322 3319/3319
f 3320/3320 3323/3323 3324/3324
f 3320/3320 3324/3324 3325/3325
f 3320/3320 3325/3325 3321/3321
f 3315/3315 3326/3326 3327/3327
f 3315/3315 3327/3327 3328/3328
f 3315/3315 3328/3328 3316/3316
f 3327/3327 3329/3329 3330/3330
f 3327/3327 3330/3330 3331/3331
f 3327/3327 3331/3331 3328/3328
f 3330/3330 3332/3332 3333/3333
f 3330/3330 3333/3333 3331/3331
f 3323/3323 3334/3334 3335/3335
f 3323/3323 3335/3335 3336/3336
f 3323/3323 3336/3336 3337/3337
f 3323/3323 3337/3337 3324/3324
f 3332/3332 3338/3338 3339/3339
f 3332/3332 3339/3339 3340/3340
f 3332/3332 3340/3340 3333/3333
f 3334/3334 3341/3341 3342/3342
f 3334/3334 3342/3342 3343/3343
f 3334/3334 3343/3343 3335/3335
f 3339/3339 3344/3344 3345/3345
f 3339/3339 3345/3345 3346/3346
f 3339/3339 3346/3346 3340/3340
f 3341/3341 3347/3347 3348/3348
f 3341/3341 3348/3348 3342/3342
f 3349/3349 3350/3350 3351/3351
f 3349/3349 3351/3351 3352/3352
f 3349/3349 3352/3352 3353/3353
f 3354/3354 3355/3355 3356/3356
f 3354/3354 3356/3356 3357/3357
f 3357/3357 3358/3358 3359/3359
f 3357/3357 3359/3359 3360/3360
f 3357/3357 3360/3360 3354/3354
f 3358/3358 3361/3361 3362/3362
f 3358/3358 3362/3362 3363/3363
f 3358/3358 3363/3363 3364/3364
f 3358/3358 3364/3364 3359/3359
f 3353/3353 3365/3365 3366/3366
f 3353/3353 3366/3366 3367/3367
f 3353/3353 3367/3367 3349/3349
f 3366/3366 3368/3368 3369/3369
f 3366/3366 3369/3369 3367/3367
f 3368/3368 3370/3370 3371/3371
f 3368/3368 3371/3371 3372/3372
f 3368/3368 3372/3372 3369/3369
f 3371/3371 3373/3373 3251/3251
f 3371/3371 3251/3251 3257/3257
f 3371/3371 3257/3257 3372/3372
f 3361/3361 3374/3374 3375/3375
f 3361/3361 3375/3375 3376/3376
f 3361/3361 3376/3376 3362/3362
f 3374/3374 3377/3377 3378/3378
f 3374/3374 3378/3378 3379/3379
f 3374/3374 3379/3379 3375/3375
f 3377/3377 3380/3380 3381/3381
f 3377/3377 3381/3381 3378/3378
f 3380/3380 3264/3264 3268/3268
f 3380/3380 3268/3268 3382/3382
f 3380/3380 3382/3382 3381/3381
f 3288/3288 3305/3305 3309/3309
f 3288/3288 3309/3309 3383/3383
f 3288/3288 3383/3383 3384/3384
f 3288/3288 3384/3384 3289/3289
f 3385/3385 3232/3232 3236/3236
f 3385/3385 3236/3236 3386/3386
f 3385/3385 3386/3386 3387/3387
f 3388/3388 3385/3385 3387/3387
f 3388/3388 3387/3387 3389/3389
f 3388/3388 3389/3389 3390/3390
f 3391/3391 3392/3392 3222/3222
f 3391/3391 3222/3222 3227/3227
f 3391/3391 3227/3227 3393/3393
f 3391/3391 3393/3393 3394/3394
f 3202/3202 3395/3395 3391/3391
f 3202/3202 3391/3391 3394/3394
f 3202/3202 3394/3394 3396/3396
f 3202/3202 3396/3396 3203/3203
f 3194/3194 3388/3388 3390/3390
f 3194/3194 3390/3390 3397/3397
f 3194/3194 3397/3397 3195/3195
f 3206/3206 3149/3149 3152/3152
f 3206/3206 3152/3152 3207/3207
f 3398/3398 3399/3399 2945/2945
f 3398/3398 2945/2945 2950/2950
f 3398/3398 2950/2950 3400/3400
f 3398/3398 3400/3400 3401/3401
f 2944/2944 3402/3402 3403/3403
f 2944/2944 3403/3403 3404/3404
f 2944/2944 3404/3404 2940/2940
f 3405/3405 3406/3406 3398/3398
f 3405/3405 3398/3398 3401/3401
f 3405/3405 3401/3401 3407/3407
f 3405/3405 3407/3407 3408/3408
f 3403/3403 3409/3409 3410/3410
f 3403/3403 3410/3410 3411/3411
f 3403/3403 3411/3411 3404/3404
f 3412/3412 3413/3413 3405/3405
f 3412/3412 3405/3405 3408/3408
f 3412/3412 3408/3408 3414/3414
f 3412/3412 3414/3414 3415/3415
f 3416/3416 3417/3417 1297/1297
f 3416/3416 1297/1297 1305/1305
f 3416/3416 1305/1305 3418/3418
f 3416/3416 3418/3418 3419/3419
f 3420/3420 3421/3421 3416/3416
f 3420/3420 3416/3416 3419/3419
f 3420/3420 3419/3419 3422/3422
f 3420/3420 3422/3422 3423/3423
f 3424/3424 3425/3425 3412/3412
f 3424/3424 3412/3412 3415/3415
f 3424/3424 3415/3415 3426/3426
f 3424/3424 3426/3426 3427/3427
f 3428/3428 3429/3429 3420/3420
f 3428/3428 3420/3420 3423/3423
f 3428/3428 3423/3423 3430/3430
f 3428/3428 3430/3430 3431/3431
f 3432/3432 3433/3433 2460/2460
f 3432/3432 2460/2460 2465/2465
f 3432/3432 2465/2465 3434/3434
f 3432/3432 3434/3434 3435/3435
f 3435/3435 3436/3436 3437/3437
f 3435/3435 3437/3437 3438/3438
f 3435/3435 3438/3438 3439/3439
f 3435/3435 3439/3439 3432/3432
f 2457/2457 3440/3440 2435/2435
f 2457/2457 2435/2435 2434/2434
f 2457/2457 2434/2434 2445/2445
f 1329/1329 3441/3441 3442/3442
f 1329/1329 3442/3442 3443/3443
f 1329/1329 3443/3443 3444/3444
f 1329/1329 3444/3444 1325/1325
f 3445/3445 3446/3446 3428/3428
f 3445/3445 3428/3428 3431/3431
f 3445/3445 3431/3431 3447/3447
f 3445/3445 3447/3447 3448/3448
f 3449/3449 3450/3450 3424/3424
f 3449/3449 3424/3424 3427/3427
f 3449/3449 3427/3427 3451/3451
f 3449/3449 3451/3451 3452/3452
f 3453/3453 3454/3454 3449/3449
f 3453/3453 3449/3449 3452/3452
f 3453/3453 3452/3452 3455/3455
f 3453/3453 3455/3455 3456/3456
f 3457/3457 3458/3458 3459/3459
f 3457/3457 3459/3459 3460/3460
f 3457/3457 3460/3460 3461/3461
f 3462/3462 3463/3463 3457/3457
f 3462/3462 3457/3457 3461/3461
f 3462/3462 3461/3461 3464/3464
f 3459/3459 3465/3465 3466/3466
f 3459/3459 3466/3466 3467/3467
f 3459/3459 3467/3467 3460/3460
f 3466/3466 3468/3468 3469/3469
f 3466/3466 3469/3469 3470/3470
f 3466/3466 3470/3470 3467/3467
f 3471/3471 3472/3472 3453/3453
f 3471/3471 3453/3453 3456/3456
f 3471/3471 3456/3456 3473/3473
f 3471/3471 3473/3473 3474/3474
f 3475/3475 3476/3476 3445/3445
f 3475/3475 3445/3445 3448/3448
f 3475/3475 3448/3448 3477/3477
f 3475/3475 3477/3477 3478/3478
f 2634/2634 3479/3479 3475/3475
f 2634/2634 3475/3475 3478/3478
f 2634/2634 3478/3478 3480/3480
f 2634/2634 3480/3480 2635/2635
f 2639/2639 3481/3481 3471/3471
f 2639/2639 3471/3471 3474/3474
f 2639/2639 3474/3474 3482/3482
f 2639/2639 3482/3482 2640/2640
f 3469/3469 3483/3483 2647/2647
f 3469/3469 2647/2647 2651/2651
f 3469/3469 2651/2651 3470/3470
f 3410/3410 3484/3484 3462/3462
f 3410/3410 3462/3462 3464/3464
f 3410/3410 3464/3464 3411/3411
f 3485/3485 2936/2936 2939/2939
f 3485/3485 2939/2939 3486/3486
f 3486/3486 3487/3487 3488/3488
f 3486/3486 3488/3488 3485/3485
f 3489/3489 3490/3490 3491/3491
f 3489/3489 3491/3491 3492/3492
f 3493/3493 3494/3494 3495/3495
f 3493/3493 3495/3495 3496/3496
f 2861/2861 3493/3493 3496/3496
f 2861/2861 3496/3496 2858/2858
f 2792/2792 3497/3497 2734/2734
f 2792/2792 2734/2734 2738/2738
f 2792/2792 2738/2738 2793/2793
f 2779/2779 2777/2777 2739/2739
f 2779/2779 2739/2739 2744/2744
f 2779/2779 2744/2744 3498/3498
f 2779/2779 3498/3498 2784/2784
f 2618/2618 3499/3499 2601/2601
f 2618/2618 2601/2601 2607/2607
f 3499/3499 2516/2516 2520/2520
f 3499/3499 2520/2520 2601/2601
f 2453/2453 2495/2495 2473/2473
f 2453/2453 2473/2473 2454/2454
f 1457/1457 3500/3500 2388/2388
f 1457/1457 2388/2388 1376/1376
f 1457/1457 1376/1376 1379/1379
f 1279/1279 1258/1258 1417/1417
f 1279/1279 1417/1417 1286/1286
f 1265/1265 1257/1257 1258/1258
f 1265/1265 1258/1258 1279/1279
f 1372/1372 1359/1359 1357/1357
f 1372/1372 1357/1357 1384/1384
f 1188/1188 3501/3501 1161/1161
f 3501/3501 3502/3502 1150/1150
f 3501/3501 1150/1150 1152/1152
f 3501/3501 1152/1152 1161/1161
f 1038/1038 1079/1079 1085/1085
f 1038/1038 1085/1085 1034/1034
f 3503/3503 3504/3504 540/540
f 3503/3503 540/540 539/539
f 479/479 3503/3503 539/539
f 479/479 539/539 480/480
f 28/28 27/27 459/459
f 28/28 459/459 462/462
f 1669/1669 29/29 28/28
f 1669/1669 28/28 462/462
f 3505/3505 455/455 459/459
f 3505/3505 459/459 27/27
f 3506/3506 3505/3505 27/27
f 3506/3506 27/27 25/25
f 24/24 3507/3507 3506/3506
f 24/24 3506/3506 25/25
f 3508/3508 3507/3507 37/37
f 3508/3508 37/37 38/38
f 41/41 3509/3509 3510/3510
f 41/41 3510/3510 3508/3508
f 41/41 3508/3508 38/38
f 453/453 3511/3511 3512/3512
f 453/453 3512/3512 3513/3513
f 453/453 3513/3513 454/454
f 3511/3511 3514/3514 3515/3515
f 3511/3511 3515/3515 3512/3512
f 3514/3514 432/432 436/436
f 3514/3514 436/436 3515/3515
f 371/371 3516/3516 3517/3517
f 371/371 3517/3517 365/365
f 371/371 365/365 364/364
f 221/221 222/222 244/244
f 221/221 244/244 3518/3518
f 221/221 3518/3518 3519/3519
f 221/221 3519/3519 372/372
f 3517/3517 3520/3520 3521/3521
f 3517/3517 3521/3521 365/365
f 3521/3521 363/363 365/365
f 272/272 3522/3522 3523/3523
f 272/272 3523/3523 3524/3524
f 272/272 3524/3524 3525/3525
f 272/272 3525/3525 3526/3526
f 272/272 3526/3526 3527/3527
f 272/272 3527/3527 257/257
f 272/272 257/257 261/261

o object23_045-mesh_1
usemtl material_1
v 0.01287597 -0.01429396 0.06275397
v 0.01817995 -0.01430398 0.06144100
v 0.03079295 -0.01433199 0.05622994
v 0.03344398 -0.00212496 0.06065195
v 0.03341698 -0.00212496 0.06066596
v 0.01414197 -0.00208395 0.06774395
v 0.03316700 -0.01433700 0.05487096
v 0.04600298 -0.01437097 0.04472094
v 0.04915899 -0.00500494 0.04757195
v 0.04981696 -0.00216698 0.04820400
v 0.03316700 -0.01433700 0.05487096
v 0.03079295 -0.01433199 0.05622994
v 0.01817995 -0.01430398 0.06144100
v 0.01766794 -0.01349097 0.05968797
v 0.02992296 -0.01351296 0.05462497
v 0.03222894 -0.01351797 0.05330598
v 0.01287597 -0.01429396 0.06275397
v 0.00201797 -0.01427400 0.06400400
v 0.00196600 -0.01346397 0.06217700
v 0.01251494 -0.01348197 0.06096196
v 0.01374900 -0.00166797 0.06582599
v 0.03247594 -0.00173497 0.05894500
v 0.03250396 -0.00173497 0.05892896
v 0.02992296 -0.01351296 0.05462497
v 0.01766794 -0.01349097 0.05968797
v 0.01251494 -0.01348197 0.06096196
v 0.04840695 -0.00181394 0.04683095
v 0.04785495 -0.00418198 0.04629796
v 0.04470098 -0.01354497 0.04344695
v 0.03222894 -0.01351797 0.05330598
v 0.04470098 -0.01354497 0.04344695
v 0.04600298 -0.01437097 0.04472094
v 0.05608499 -0.01440495 0.03124099
v 0.04600298 -0.01437097 0.04472094
v 0.04470098 -0.01354497 0.04344695
v 0.05449700 -0.01357799 0.03034996
v 0.05449700 -0.01357799 0.03034996
v 0.04470098 -0.01354497 0.04344695
v 0.04785495 -0.00418198 0.04629796
v 0.05827599 -0.00421297 0.03231197
v 0.06231397 -0.01443594 0.01560395
v 0.06054997 -0.01360797 0.01515698
v 0.05829596 -0.00421297 0.03227597
v 0.06470698 -0.00424498 0.01609694
v 0.06054997 -0.01360797 0.01515698
v 0.06472700 -0.00424498 0.01601696
v 0.06670296 -0.00427598 -0.00118899
v 0.06574195 -0.00638699 -0.00119096
v 0.06453299 -0.00904298 -0.00115800
v 0.06388300 -0.01047098 -0.00113296
v 0.06244397 -0.01363199 -0.00108796
v 0.06244397 -0.01363199 -0.00108796
v 0.06426399 -0.01446098 -0.00111496
v 0.05608499 -0.01440495 0.03124099
v 0.06231397 -0.01443594 0.01560395
v 0.06647396 -0.00507295 0.01654297
v 0.05986696 -0.00504094 0.03320199
v 0.06426399 -0.01446098 -0.00111496
v 0.06570297 -0.01129895 -0.00116396
v 0.06765198 -0.00701797 -0.00123095
v 0.06852596 -0.00509900 -0.00125998
v 0.06296300 -0.01445394 -0.01298296
v 0.06296300 -0.01445394 -0.01297998
v 0.06426399 -0.01446098 -0.00111496
v 0.06244397 -0.01363199 -0.00108796
v 0.06114798 -0.01370400 -0.01260197
v 0.06490695 -0.00959694 -0.01321399
v 0.06526595 -0.00911999 -0.01252496
v 0.06539797 -0.00893998 -0.01227498
v 0.06545197 -0.00886500 -0.01217299
v 0.06547600 -0.00883198 -0.01212799
v 0.06547796 -0.00882995 -0.01212596
v 0.06548196 -0.00882399 -0.01211798
v 0.06549197 -0.00880897 -0.01209795
v 0.06551295 -0.00877994 -0.01205897
v 0.06555396 -0.00872398 -0.01198297
v 0.06627798 -0.00766796 -0.01067996
v 0.06783896 -0.00509900 -0.00829095
v 0.06839698 -0.00509995 -0.00391197
v 0.06750196 -0.00699496 -0.00438297
v 0.06689298 -0.00837594 -0.00419396
v 0.06636101 -0.00964999 -0.00355899
v 0.06602299 -0.01049095 -0.00275695
v 0.06570297 -0.01129895 -0.00116396
v 0.06426399 -0.01446098 -0.00111496
v 0.06296300 -0.01445394 -0.01297998
v 0.06296300 -0.01445394 -0.01298296
v 0.05937099 -0.01443296 -0.02437698
v 0.06041300 -0.01394498 -0.02225899
v 0.06114399 -0.01345998 -0.02077698
v 0.06122297 -0.01339995 -0.02061694
v 0.06124699 -0.01338195 -0.02056795
v 0.06125599 -0.01337498 -0.02055096
v 0.06125897 -0.01337295 -0.02054399
v 0.06125998 -0.01337200 -0.02054095
v 0.06126099 -0.01337200 -0.02054095
v 0.06126099 -0.01337200 -0.02054095
v 0.06126099 -0.01337200 -0.02054095
v 0.06126195 -0.01337099 -0.02053797
v 0.06126797 -0.01336598 -0.02052599
v 0.06165295 -0.01305794 -0.01975196
v 0.06341201 -0.01136797 -0.01619797
v 0.06114399 -0.01370400 -0.01262396
v 0.05762898 -0.01379698 -0.02362996
v 0.05937099 -0.01443296 -0.02437698
v 0.06114399 -0.01370400 -0.01262396
v 0.06114798 -0.01370400 -0.01260197
v 0.06244397 -0.01363199 -0.00108796
v 0.06388300 -0.01047098 -0.00113296
v 0.06420499 -0.00965595 -0.00272000
v 0.06481200 -0.00816000 -0.00391894
v 0.06559598 -0.00634897 -0.00433999
v 0.06658196 -0.00426799 -0.00379598
v 0.06602799 -0.00430995 -0.00797498
v 0.06447798 -0.00688899 -0.01028996
v 0.06374299 -0.00797498 -0.01158100
v 0.06370198 -0.00803399 -0.01165598
v 0.06368100 -0.00806397 -0.01169496
v 0.06366997 -0.00807798 -0.01171398
v 0.06366896 -0.00808096 -0.01171696
v 0.06366699 -0.00808299 -0.01172000
v 0.06364297 -0.00811696 -0.01176500
v 0.06358796 -0.00819397 -0.01186597
v 0.06345295 -0.00838095 -0.01211500
v 0.06308698 -0.00887495 -0.01280200
v 0.06278896 -0.00926298 -0.01337099
v 0.06084895 -0.01146399 -0.01720798
v 0.05986696 -0.01238799 -0.01914995
v 0.05964297 -0.01257795 -0.01959300
v 0.05953097 -0.01266896 -0.01981598
v 0.05950295 -0.01269096 -0.01987099
v 0.05948895 -0.01270198 -0.01989895
v 0.05948299 -0.01270699 -0.01991099
v 0.05948299 -0.01270699 -0.01991099
v 0.05948299 -0.01270699 -0.01991099
v 0.05948197 -0.01270699 -0.01991099
v 0.05948197 -0.01270794 -0.01991200
v 0.05947399 -0.01271396 -0.01992797
v 0.05928397 -0.01286095 -0.02030700
v 0.05762898 -0.01379698 -0.02362996
v 0.06281095 -0.00898296 -0.01363599
v 0.06278896 -0.00926298 -0.01337099
v 0.06308698 -0.00887495 -0.01280200
v 0.06345295 -0.00838095 -0.01211500
v 0.06358796 -0.00819397 -0.01186597
v 0.06364297 -0.00811696 -0.01176500
v 0.06366699 -0.00808299 -0.01172000
v 0.06366896 -0.00808096 -0.01171696
v 0.06366997 -0.00807798 -0.01171398
v 0.06368100 -0.00806397 -0.01169496
v 0.06370198 -0.00803399 -0.01165598
v 0.06374299 -0.00797498 -0.01158100
v 0.06447798 -0.00688899 -0.01028996
v 0.06602799 -0.00430995 -0.00797498
v 0.06626898 -0.00387299 -0.00764096
v 0.06622099 -0.00379795 -0.00793695
v 0.06740599 -0.00223499 -0.00126296
v 0.06747400 -0.00190598 -0.00124699
v 0.06700396 -0.00193095 -0.00656897
v 0.06626898 -0.00387299 -0.00764096
v 0.06602799 -0.00430995 -0.00797498
v 0.06658196 -0.00426799 -0.00379598
v 0.06689095 -0.00360996 -0.00337297
v 0.06712096 -0.00306195 -0.00277495
v 0.06608897 -0.00368595 -0.00839800
v 0.06609797 -0.00369298 -0.00837195
v 0.06622099 -0.00379795 -0.00793695
v 0.06626898 -0.00387299 -0.00764096
v 0.06700396 -0.00193095 -0.00656897
v 0.06696701 -0.00186294 -0.00677198
v 0.06691300 -0.00178295 -0.00698096
v 0.06684595 -0.00169897 -0.00718599
v 0.06680697 -0.00165397 -0.00729197
v 0.06277000 -0.00865197 -0.01400697
v 0.06609797 -0.00369298 -0.00837195
v 0.06268596 -0.00835598 -0.01433497
v 0.06608897 -0.00368595 -0.00839800
v 0.06593698 -0.00357699 -0.00877994
v 0.05932599 -0.01208299 -0.02063095
v 0.05928397 -0.01286095 -0.02030700
v 0.05947399 -0.01271396 -0.01992797
v 0.05948197 -0.01270794 -0.01991200
v 0.05948197 -0.01270699 -0.01991099
v 0.05948299 -0.01270699 -0.01991099
v 0.05948299 -0.01270699 -0.01991099
v 0.05948299 -0.01270699 -0.01991099
v 0.05948895 -0.01270198 -0.01989895
v 0.05950295 -0.01269096 -0.01987099
v 0.05953097 -0.01266896 -0.01981598
v 0.05964297 -0.01257795 -0.01959300
v 0.05986696 -0.01238799 -0.01914995
v 0.06084895 -0.01146399 -0.01720798
v 0.05929297 -0.01160395 -0.02080899
v 0.05926799 -0.01140898 -0.02087396
v 0.05925500 -0.01133096 -0.02089798
v 0.05924898 -0.01129800 -0.02090698
v 0.05924600 -0.01128298 -0.02091097
v 0.05924296 -0.01126897 -0.02091395
v 0.05575895 -0.01231199 -0.02788400
v 0.05558997 -0.01392495 -0.02785199
v 0.05762898 -0.01379698 -0.02362996
v 0.06264799 -0.00825900 -0.01443797
v 0.06264096 -0.00824296 -0.01445496
v 0.06263500 -0.00823099 -0.01446700
v 0.06586796 -0.00352395 -0.00892395
v 0.06585395 -0.00351298 -0.00894999
v 0.06676995 -0.00161296 -0.00738799
v 0.06668400 -0.00152498 -0.00758696
v 0.06658697 -0.00143498 -0.00778198
v 0.06648099 -0.00135100 -0.00795895
v 0.06582099 -0.00348097 -0.00900197
v 0.06582200 -0.00348198 -0.00900096
v 0.06582295 -0.00348395 -0.00899899
v 0.06582397 -0.00348496 -0.00899798
v 0.06582599 -0.00348598 -0.00899595
v 0.06582695 -0.00348699 -0.00899500
v 0.06582796 -0.00348794 -0.00899297
v 0.06582999 -0.00349098 -0.00898999
v 0.06583297 -0.00349295 -0.00898600
v 0.06583499 -0.00349599 -0.00898194
v 0.06584095 -0.00350100 -0.00897199
v 0.06585395 -0.00351298 -0.00894999
v 0.06586796 -0.00352395 -0.00892395
v 0.06593698 -0.00357699 -0.00877994
v 0.06584095 -0.00350100 -0.00897199
v 0.06263196 -0.00822598 -0.01447099
v 0.06583499 -0.00349599 -0.00898194
v 0.06263101 -0.00822395 -0.01447296
v 0.06262999 -0.00822198 -0.01447397
v 0.06583297 -0.00349295 -0.00898600
v 0.06582999 -0.00349098 -0.00898999
v 0.06262898 -0.00822097 -0.01447498
v 0.06262898 -0.00821996 -0.01447600
v 0.06262898 -0.00821996 -0.01447600
v 0.06582796 -0.00348794 -0.00899297
v 0.06582695 -0.00348699 -0.00899500
v 0.06582599 -0.00348598 -0.00899595
v 0.06262797 -0.00821895 -0.01447600
v 0.06582397 -0.00348496 -0.00899798
v 0.06262797 -0.00821895 -0.01447695
v 0.06582295 -0.00348395 -0.00899899
v 0.06262695 -0.00821895 -0.01447695
v 0.06582200 -0.00348198 -0.00900096
v 0.06262695 -0.00821799 -0.01447695
v 0.06582099 -0.00348097 -0.00900197
v 0.05575895 -0.01231199 -0.02788400
v 0.05924296 -0.01126897 -0.02091395
v 0.06262695 -0.00821799 -0.01447695
v 0.06582099 -0.00348097 -0.00900197
v 0.06648099 -0.00135100 -0.00795895
v 0.06704396 0.00436199 -0.00730199
v 0.06608200 0.00973195 -0.00924999
v 0.06390100 0.01339095 -0.01320898
v 0.06128597 0.01529598 -0.01801198
v 0.05863499 0.01601898 -0.02306395
v 0.05604296 0.01594698 -0.02816295
v 0.05411797 -0.01383095 -0.03068000
v 0.05411797 -0.01383095 -0.03068000
v 0.05411797 -0.01383197 -0.03068000
v 0.05558997 -0.01392495 -0.02785199
v 0.05575895 -0.01231199 -0.02788400
v 0.05215096 -0.01069694 -0.03501498
v 0.05411797 -0.01383095 -0.03068000
v 0.05575895 -0.01231199 -0.02788400
v 0.05604296 0.01594698 -0.02816295
v 0.05397897 0.01545494 -0.03226399
v 0.05194699 0.01456195 -0.03632199
v 0.04996299 0.01317197 -0.04028499
v 0.04807597 0.01106095 -0.04400396
v 0.04646897 0.00783598 -0.04701697
v 0.04594898 0.00571596 -0.04787695
v 0.04576796 0.00337195 -0.04802900
v 0.04633897 -0.00091900 -0.04658997
v 0.04634296 -0.00093200 -0.04658198
v 0.04634594 -0.00094600 -0.04657399
v 0.04635298 -0.00097400 -0.04655796
v 0.04635494 -0.00098100 -0.04655396
v 0.04635697 -0.00098800 -0.04654997
v 0.04636096 -0.00100196 -0.04654300
v 0.04636800 -0.00102997 -0.04652696
v 0.04639697 -0.00114000 -0.04646295
v 0.04645794 -0.00135899 -0.04633396
v 0.04658395 -0.00178796 -0.04606497
v 0.04685795 -0.00261694 -0.04549396
v 0.04747295 -0.00415999 -0.04424095
v 0.04889696 -0.00682897 -0.04140394
v 0.05215096 -0.01069694 -0.03501498
v 0.05577999 -0.01442396 -0.03162097
v 0.05732697 -0.01439195 -0.02872794
v 0.05558997 -0.01392495 -0.02785199
v 0.05411797 -0.01383197 -0.03068000
v 0.05558997 -0.01392495 -0.02785199
v 0.05937099 -0.01443296 -0.02437698
v 0.05762898 -0.01379698 -0.02362996
v 0.05394595 -0.01056998 -0.03588795
v 0.05754595 -0.01218098 -0.02877295
v 0.05732697 -0.01439195 -0.02872794
v 0.05577999 -0.01442396 -0.03162097
v 0.05327600 -0.01294595 -0.03654599
v 0.06041300 -0.01394498 -0.02225899
v 0.05937099 -0.01443296 -0.02437698
v 0.05732697 -0.01439195 -0.02872794
v 0.05754595 -0.01218098 -0.02877295
v 0.06041699 -0.01151496 -0.02301996
v 0.06051295 -0.01274597 -0.02268499
v 0.04019397 -0.01441395 -0.05241400
v 0.05577999 -0.01442396 -0.03162097
v 0.05411797 -0.01383197 -0.03068000
v 0.03876298 -0.01383894 -0.05114096
v 0.04107797 -0.01088899 -0.05291295
v 0.04176598 -0.01078099 -0.05219095
v 0.04242700 -0.01024395 -0.05166196
v 0.04292398 -0.00940198 -0.05142796
v 0.04314196 -0.00842798 -0.05154699
v 0.04300898 -0.00754696 -0.05201196
v 0.04255795 -0.00697398 -0.05270898
v 0.04228496 -0.00672496 -0.05309098
v 0.04215699 -0.00660897 -0.05326795
v 0.04209500 -0.00655300 -0.05335396
v 0.04206299 -0.00652397 -0.05339795
v 0.04204797 -0.00650996 -0.05341899
v 0.04203999 -0.00650299 -0.05342996
v 0.04203796 -0.00650096 -0.05343300
v 0.04203695 -0.00649995 -0.05343395
v 0.04203599 -0.00649900 -0.05343598
v 0.04203498 -0.00649798 -0.05343699
v 0.04203397 -0.00649697 -0.05343896
v 0.04203200 -0.00649596 -0.05343997
v 0.04203200 -0.00649596 -0.05344098
v 0.04203099 -0.00649697 -0.05344098
v 0.04231196 -0.00505299 -0.05359095
v 0.04779696 -0.00505495 -0.04733198
v 0.04811400 -0.00577897 -0.04668796
v 0.04967498 -0.00866497 -0.04358994
v 0.05327600 -0.01294595 -0.03654599
v 0.05577999 -0.01442396 -0.03162097
v 0.04019397 -0.01441395 -0.05241400
v 0.04967498 -0.00866497 -0.04358994
v 0.05068695 -0.00670398 -0.04228800
v 0.04815995 -0.00091300 -0.04741698
v 0.04758995 0.00337898 -0.04885697
v 0.04777795 0.00565695 -0.04868495
v 0.04829299 0.00772500 -0.04782998
v 0.04987299 0.01089400 -0.04486495
v 0.05174398 0.01299798 -0.04118096
v 0.05372196 0.01439499 -0.03722995
v 0.05575698 0.01529598 -0.03316599
v 0.05782794 0.01579195 -0.02905195
v 0.05754595 -0.01218098 -0.02877295
v 0.05394595 -0.01056998 -0.03588795
v 0.05068695 -0.00670398 -0.04228800
v 0.04928100 -0.00408095 -0.04509299
v 0.04867297 -0.00256998 -0.04633295
v 0.04811400 -0.00577897 -0.04668796
v 0.04928100 -0.00408095 -0.04509299
v 0.04779696 -0.00505495 -0.04733198
v 0.04743695 -0.00413096 -0.04807394
v 0.04867297 -0.00256998 -0.04633295
v 0.04690396 -0.00228298 -0.04924696
v 0.04696196 -0.00254196 -0.04911196
v 0.04698699 -0.00265497 -0.04905098
v 0.04698896 -0.00266099 -0.04904794
v 0.04699200 -0.00267399 -0.04904097
v 0.04699796 -0.00270295 -0.04902499
v 0.04700899 -0.00275296 -0.04899799
v 0.04702496 -0.00282300 -0.04895997
v 0.04703199 -0.00285298 -0.04894298
v 0.04703199 -0.00285399 -0.04894298
v 0.04703199 -0.00285495 -0.04894298
v 0.04703199 -0.00285495 -0.04894298
v 0.04703199 -0.00285495 -0.04894298
v 0.04703199 -0.00285495 -0.04894298
v 0.04703199 -0.00285399 -0.04894298
v 0.04703199 -0.00285399 -0.04894298
v 0.04703199 -0.00285399 -0.04894298
v 0.04703199 -0.00285495 -0.04894298
v 0.04703199 -0.00285596 -0.04894196
v 0.04703599 -0.00287295 -0.04893195
v 0.04704397 -0.00290597 -0.04891395
v 0.04707199 -0.00302095 -0.04884696
v 0.04712694 -0.00320995 -0.04872697
v 0.04743695 -0.00413096 -0.04807394
v 0.04779696 -0.00505495 -0.04733198
v 0.04231196 -0.00505299 -0.05359095
v 0.04279899 -0.00228495 -0.05383294
v 0.04712694 -0.00320995 -0.04872697
v 0.04707199 -0.00302095 -0.04884696
v 0.04704397 -0.00290597 -0.04891395
v 0.04703599 -0.00287295 -0.04893195
v 0.04703199 -0.00285596 -0.04894196
v 0.04703199 -0.00285495 -0.04894298
v 0.04703199 -0.00285399 -0.04894298
v 0.04703199 -0.00285399 -0.04894298
v 0.04703199 -0.00285399 -0.04894298
v 0.04703199 -0.00285495 -0.04894298
v 0.04703199 -0.00285495 -0.04894298
v 0.04703199 -0.00285495 -0.04894196
v 0.04703199 -0.00285495 -0.04894298
v 0.04703199 -0.00285298 -0.04894298
v 0.04702496 -0.00282300 -0.04895997
v 0.04700899 -0.00275296 -0.04899799
v 0.04699796 -0.00270295 -0.04902499
v 0.04699200 -0.00267399 -0.04904097
v 0.04698896 -0.00266099 -0.04904794
v 0.04698699 -0.00265497 -0.04905098
v 0.04696196 -0.00254196 -0.04911196
v 0.04690396 -0.00228298 -0.04924696
v 0.04716396 -0.00206596 -0.04895800
v 0.04739499 -0.00184197 -0.04866498
v 0.04760295 -0.00161898 -0.04837399
v 0.04779899 -0.00139195 -0.04807496
v 0.04798799 -0.00115395 -0.04775595
v 0.04815995 -0.00091300 -0.04741698
v 0.04310899 -0.00034900 -0.05393397
v 0.04649299 -0.00032800 -0.05014598
v 0.04690396 -0.00228298 -0.04924696
v 0.04716396 -0.00206596 -0.04895800
v 0.04690396 -0.00228298 -0.04924696
v 0.04649299 -0.00032800 -0.05014598
v 0.04621398 0.00269699 -0.05096697
v 0.04649096 0.00278598 -0.05062896
v 0.04739499 -0.00184197 -0.04866498
v 0.04673898 0.00291198 -0.05029195
v 0.04688495 0.00543695 -0.05024099
v 0.04662197 0.00535899 -0.05061095
v 0.04666298 0.00739395 -0.05046999
v 0.04677897 0.00789499 -0.05026996
v 0.04707795 0.00778794 -0.04989898
v 0.04736095 0.00779998 -0.04949599
v 0.04712599 0.00553900 -0.04987299
v 0.04696500 0.00304699 -0.04995995
v 0.04762297 0.00784796 -0.04908698
v 0.04894995 0.01157796 -0.04651397
v 0.04865097 0.01172196 -0.04690897
v 0.04922896 0.01147794 -0.04608899
v 0.05118697 0.01390296 -0.04218095
v 0.05092495 0.01412498 -0.04253196
v 0.05063998 0.01438200 -0.04284298
v 0.04834598 0.01199597 -0.04720795
v 0.05034697 0.01473098 -0.04303097
v 0.04354196 0.00737297 -0.05406999
v 0.04184997 0.01466494 -0.05355197
v 0.04174995 0.01489096 -0.05352199
v 0.04935497 0.01488095 -0.04424697
v 0.05049097 0.01487797 -0.04272699
v 0.05034697 0.01473098 -0.04303097
v 0.04834598 0.01199597 -0.04720795
v 0.04677897 0.00789499 -0.05026996
v 0.04666298 0.00739395 -0.05046999
v 0.04621398 0.00269699 -0.05096697
v 0.04649299 -0.00032800 -0.05014598
v 0.04310899 -0.00034900 -0.05393397
v 0.04354900 0.00726795 -0.05407297
v 0.04184997 0.01466494 -0.05355197
v 0.04354196 0.00737297 -0.05406999
v 0.04354900 0.00726795 -0.05407297
v 0.02384799 0.00629895 -0.07816797
v 0.02314394 0.01276098 -0.07829397
v 0.03686499 0.02135598 -0.05202698
v 0.03689795 0.02132797 -0.05203700
v 0.03830498 0.01997900 -0.05246698
v 0.04174995 0.01489096 -0.05352199
v 0.01969498 0.01869999 -0.07765901
v 0.01622694 0.00581997 -0.09168297
v 0.01586496 0.01182596 -0.09194999
v 0.01066595 0.01092498 -0.10651200
v 0.00812995 0.01615296 -0.10622900
v 0.01095896 0.00535696 -0.10625700
v 0.00971496 -0.00035901 -0.10559600
v 0.00897998 -0.00036201 -0.10844600
v 0.00929099 0.00046299 -0.10823100
v 0.00950700 0.00133096 -0.10838100
v 0.00957596 0.00206899 -0.10889890
v 0.00948995 0.00250798 -0.10968800
v 0.00867897 0.00258594 -0.11316700
v 0.00791997 0.00258898 -0.11666400
v 0.00722694 0.00259094 -0.12017700
v 0.00659698 0.00259494 -0.12370300
v 0.00602496 0.00259893 -0.12723900
v 0.00549597 0.00251394 -0.13077401
v 0.00531995 0.00206994 -0.13154000
v 0.00513196 0.00134294 -0.13203600
v 0.00495499 0.00046899 -0.13217500
v 0.00481695 -0.00038501 -0.13192800
v 0.00435096 -0.00039001 -0.13624001
v 0.00434899 0.00929998 -0.13666900
v 0.00197500 0.01392297 -0.13643301
v -0.00174296 0.01738994 -0.13594701
v 0.00400394 0.01990299 -0.10555100
v 0.01445496 0.02282296 -0.07650899
v -0.00100398 0.02251594 -0.10467400
v 0.00837594 0.02577297 -0.07512199
v -0.01138597 0.02105199 -0.13461100
v -0.00646394 0.02409898 -0.10367301
v -0.00066400 0.01240699 -0.16703901
v -0.00339597 0.01520495 -0.16679101
v -0.00416195 0.01578896 -0.16672190
v -0.00984996 0.01841997 -0.16620401
v -0.01341098 0.01921098 -0.16587790
v -0.00906199 0.01764295 -0.19902000
v -0.00907600 0.01765697 -0.19844601
v -0.00984996 0.01841997 -0.16620401
v -0.00416195 0.01578896 -0.16672190
v -0.00339597 0.01520495 -0.16679101
v -0.00297600 0.01453398 -0.19878800
v -0.00066400 0.01240699 -0.16703901
v 0.00110495 0.00956993 -0.16719700
v 0.00125897 0.00916694 -0.19862400
v 0.00172299 0.00816094 -0.16725200
v 0.00110495 0.00956993 -0.16719700
v 0.00172299 0.00816094 -0.16725200
v 0.00285697 0.00256793 -0.16734990
v 0.00286800 0.00255995 -0.17354400
v 0.00288296 0.00263493 -0.18412501
v 0.00290495 0.00253294 -0.19470499
v 0.00291097 0.00252794 -0.19855490
v 0.00396395 -0.00039501 -0.14050101
v 0.00295496 -0.00042701 -0.16735600
v 0.00285697 0.00256793 -0.16734990
v 0.00295496 -0.00042701 -0.16735600
v 0.00301796 -0.00236399 -0.16735890
v 0.00315398 -0.00653298 -0.16735700
v 0.00316399 -0.00653900 -0.17289700
v 0.00317395 -0.00654401 -0.17843600
v 0.00318295 -0.00654896 -0.18397590
v 0.00319296 -0.00655498 -0.18951490
v 0.00319797 -0.00641896 -0.19504490
v 0.00316000 -0.00509800 -0.19778401
v 0.00312698 -0.00405998 -0.19858800
v 0.00309199 -0.00297000 -0.19889900
v 0.00291300 0.00252698 -0.19951800
v 0.00291097 0.00252794 -0.19855490
v 0.00290495 0.00253294 -0.19470499
v 0.00291496 0.00227098 -0.19525000
v 0.00293297 0.00174795 -0.19577400
v 0.00295895 0.00095299 -0.19609401
v 0.00298899 0.00004099 -0.19603691
v 0.00301397 -0.00074701 -0.19558200
v 0.00302798 -0.00121100 -0.19492801
v 0.00303096 -0.00137897 -0.19353691
v 0.00302500 -0.00137497 -0.19039799
v 0.00301999 -0.00137098 -0.18725900
v 0.00301397 -0.00136699 -0.18411989
v 0.00300896 -0.00136299 -0.18098000
v 0.00300294 -0.00135900 -0.17784099
v 0.00299799 -0.00135501 -0.17470200
v 0.00298995 -0.00118299 -0.17331199
v 0.00297296 -0.00071801 -0.17265899
v 0.00294697 0.00007099 -0.17220600
v 0.00291699 0.00098299 -0.17215100
v 0.00289196 0.00177698 -0.17247300
v 0.00287497 0.00229894 -0.17299800
v 0.00286800 0.00255995 -0.17354400
v 0.00285697 0.00256793 -0.16734990
v 0.00367498 -0.00232996 -0.14034189
v 0.00306898 -0.00234396 -0.15368400
v 0.00300699 -0.00234998 -0.15709500
v 0.00299394 -0.00235201 -0.15828601
v 0.00299197 -0.00235201 -0.15852989
v 0.00299096 -0.00235296 -0.15858699
v 0.00299096 -0.00235296 -0.15861601
v 0.00299096 -0.00235296 -0.15863000
v 0.00299096 -0.00235296 -0.15863700
v 0.00299096 -0.00235296 -0.15864000
v 0.00299096 -0.00235296 -0.15864100
v 0.00299096 -0.00235296 -0.15864301
v 0.00298899 -0.00235296 -0.15889999
v 0.00298196 -0.00235499 -0.15991800
v 0.00301796 -0.00236399 -0.16735890
v 0.00295496 -0.00042701 -0.16735600
v 0.00396395 -0.00039501 -0.14050101
v 0.00718397 -0.00230200 -0.11360400
v 0.00370896 -0.00232996 -0.13985901
v 0.00435096 -0.00039001 -0.13624001
v 0.00481695 -0.00038501 -0.13192800
v 0.00474697 -0.00098801 -0.13142200
v 0.00474900 -0.00134999 -0.13071901
v 0.00491094 -0.00142796 -0.12921999
v 0.00530797 -0.00143296 -0.12615500
v 0.00575095 -0.00143797 -0.12309700
v 0.00624096 -0.00144196 -0.12004700
v 0.00678199 -0.00144500 -0.11700700
v 0.00737596 -0.00144798 -0.11397700
v 0.00742698 -0.00144900 -0.11372700
v 0.00300395 0.00083999 -0.13193890
v 0.00287199 0.00002199 -0.13170090
v 0.00481695 -0.00038501 -0.13192800
v 0.00495499 0.00046899 -0.13217500
v 0.00474697 -0.00098801 -0.13142200
v 0.00481695 -0.00038501 -0.13192800
v 0.00287199 0.00002199 -0.13170090
v 0.00280499 -0.00056701 -0.13119800
v 0.00513196 0.00134294 -0.13203600
v 0.00317699 0.00168495 -0.13178900
v 0.00904495 0.00578295 -0.10581000
v 0.00869900 0.01078998 -0.10602100
v 0.00235796 0.00900798 -0.13644500
v 0.00238496 -0.00003401 -0.13612500
v 0.00287199 0.00002199 -0.13170090
v 0.00300395 0.00083999 -0.13193890
v 0.00317699 0.00168495 -0.13178900
v 0.00336295 0.00239395 -0.13128100
v 0.00353897 0.00282698 -0.13050500
v 0.00407696 0.00293898 -0.12694000
v 0.00465900 0.00296395 -0.12337300
v 0.00530100 0.00298797 -0.11981500
v 0.00600499 0.00300997 -0.11626800
v 0.00677794 0.00302993 -0.11273400
v 0.00760299 0.00297498 -0.10921700
v 0.00769699 0.00255995 -0.10842300
v 0.00763696 0.00185799 -0.10790600
v 0.00743097 0.00102895 -0.10776200
v 0.00713199 0.00024799 -0.10798790
v 0.00786096 0.00026599 -0.10518200
v 0.00531995 0.00206994 -0.13154000
v 0.00336295 0.00239395 -0.13128100
v 0.00549597 0.00251394 -0.13077401
v 0.00353897 0.00282698 -0.13050500
v 0.00602496 0.00259893 -0.12723900
v 0.00407696 0.00293898 -0.12694000
v 0.00659698 0.00259494 -0.12370300
v 0.00465900 0.00296395 -0.12337300
v 0.00722694 0.00259094 -0.12017700
v 0.00530100 0.00298797 -0.11981500
v 0.00791997 0.00258898 -0.11666400
v 0.00600499 0.00300997 -0.11626800
v 0.00867897 0.00258594 -0.11316700
v 0.00677794 0.00302993 -0.11273400
v 0.00948995 0.00250798 -0.10968800
v 0.00760299 0.00297498 -0.10921700
v 0.00957596 0.00206899 -0.10889890
v 0.00769699 0.00255995 -0.10842300
v 0.00950700 0.00133096 -0.10838100
v 0.00763696 0.00185799 -0.10790600
v 0.00929099 0.00046299 -0.10823100
v 0.00743097 0.00102895 -0.10776200
v 0.00897998 -0.00036201 -0.10844600
v 0.00713199 0.00024799 -0.10798790
v 0.00684398 -0.00029901 -0.10841600
v 0.00713199 0.00024799 -0.10798790
v 0.00897998 -0.00036201 -0.10844600
v 0.00869095 -0.00092101 -0.10886400
v 0.01552098 -0.00228197 -0.08804899
v 0.00737697 -0.00230099 -0.11267390
v 0.00802499 -0.00145096 -0.11096000
v 0.00842196 -0.00130100 -0.10945700
v 0.00869095 -0.00092101 -0.10886400
v 0.00897998 -0.00036201 -0.10844600
v 0.00971496 -0.00035901 -0.10559600
v 0.01488697 -0.00034901 -0.09093296
v 0.01612097 -0.00034801 -0.08837199
v 0.01488697 -0.00034901 -0.09093296
v 0.02269899 -0.00034501 -0.07749295
v 0.01612097 -0.00034801 -0.08837199
v 0.02269899 -0.00034501 -0.07749295
v 0.03084897 -0.00034601 -0.06725597
v 0.03074795 -0.00111998 -0.06708997
v 0.03086096 -0.00179995 -0.06671196
v 0.03117996 -0.00228096 -0.06618195
v 0.01606696 -0.00228298 -0.08699697
v 0.04310899 -0.00034900 -0.05393397
v 0.03494495 -0.00034700 -0.06269097
v 0.03494495 -0.00034600 -0.06268697
v 0.03494495 -0.00034600 -0.06268596
v 0.03494495 -0.00034500 -0.06268596
v 0.03494399 -0.00034500 -0.06268596
v 0.03494399 -0.00034500 -0.06268697
v 0.03494298 -0.00034400 -0.06268799
v 0.03494197 -0.00034300 -0.06268996
v 0.03494095 -0.00034200 -0.06269097
v 0.03494000 -0.00034100 -0.06269198
v 0.03494000 -0.00034100 -0.06269299
v 0.03493899 -0.00034000 -0.06269299
v 0.03493797 -0.00034000 -0.06269395
v 0.03493595 -0.00033800 -0.06269699
v 0.03492695 -0.00033000 -0.06270897
v 0.03490996 -0.00031400 -0.06273299
v 0.03487396 -0.00028200 -0.06278097
v 0.03480297 -0.00021900 -0.06287699
v 0.03466099 -0.00009100 -0.06306999
v 0.03437697 0.00016300 -0.06345498
v 0.03381198 0.00067100 -0.06422299
v 0.03324896 0.00117999 -0.06499201
v 0.03262996 0.00153094 -0.06578797
v 0.03191399 0.00133997 -0.06655699
v 0.03126996 0.00065799 -0.06709700
v 0.03084897 -0.00034601 -0.06725597
v 0.02978998 0.00105798 -0.06581300
v 0.02938300 0.00011400 -0.06597596
v 0.03084897 -0.00034601 -0.06725597
v 0.03126996 0.00065799 -0.06709700
v 0.03074795 -0.00111998 -0.06708997
v 0.03084897 -0.00034601 -0.06725597
v 0.02938300 0.00011400 -0.06597596
v 0.02928996 -0.00064400 -0.06580597
v 0.03191399 0.00133997 -0.06655699
v 0.03042900 0.00170296 -0.06526798
v 0.02217298 0.00667399 -0.07711797
v 0.02110898 0.00023499 -0.07643300
v 0.02938300 0.00011400 -0.06597596
v 0.02978998 0.00105798 -0.06581300
v 0.03042900 0.00170296 -0.06526798
v 0.03114998 0.00187695 -0.06449097
v 0.03177899 0.00153297 -0.06368499
v 0.03235197 0.00103896 -0.06290900
v 0.03292697 0.00054400 -0.06213498
v 0.03321599 0.00029500 -0.06174600
v 0.03336000 0.00017100 -0.06155198
v 0.03343194 0.00010900 -0.06145596
v 0.03346794 0.00007800 -0.06140697
v 0.03348594 0.00006200 -0.06138294
v 0.03349494 0.00005500 -0.06137096
v 0.03349596 0.00005400 -0.06136995
v 0.03349697 0.00005400 -0.06136900
v 0.03349900 0.00005300 -0.06136697
v 0.04165995 -0.00004900 -0.05258595
v 0.04206198 0.00712299 -0.05274397
v 0.04204297 0.00739699 -0.05273997
v 0.03262996 0.00153094 -0.06578797
v 0.03114998 0.00187695 -0.06449097
v 0.03324896 0.00117999 -0.06499201
v 0.03177899 0.00153297 -0.06368499
v 0.03381198 0.00067100 -0.06422299
v 0.03235197 0.00103896 -0.06290900
v 0.03437697 0.00016300 -0.06345498
v 0.03292697 0.00054400 -0.06213498
v 0.03466099 -0.00009100 -0.06306999
v 0.03321599 0.00029500 -0.06174600
v 0.03480297 -0.00021900 -0.06287699
v 0.03336000 0.00017100 -0.06155198
v 0.03487396 -0.00028200 -0.06278097
v 0.03343194 0.00010900 -0.06145596
v 0.03490996 -0.00031400 -0.06273299
v 0.03346794 0.00007800 -0.06140697
v 0.03492695 -0.00033000 -0.06270897
v 0.03348594 0.00006200 -0.06138294
v 0.03493595 -0.00033800 -0.06269699
v 0.03349494 0.00005500 -0.06137096
v 0.03493797 -0.00034000 -0.06269395
v 0.03349596 0.00005400 -0.06136995
v 0.03493899 -0.00034000 -0.06269299
v 0.03494000 -0.00034100 -0.06269299
v 0.03494197 -0.00034300 -0.06268996
v 0.03494298 -0.00034400 -0.06268799
v 0.03494399 -0.00034500 -0.06268697
v 0.03349697 0.00005400 -0.06136900
v 0.03494095 -0.00034200 -0.06269097
v 0.03494000 -0.00034100 -0.06269198
v 0.03494399 -0.00034500 -0.06268596
v 0.03494495 -0.00034500 -0.06268596
v 0.03349900 0.00005300 -0.06136697
v 0.03494495 -0.00034600 -0.06268596
v 0.03494495 -0.00034600 -0.06268697
v 0.03494495 -0.00034700 -0.06269097
v 0.03349900 0.00005300 -0.06136697
v 0.03349900 0.00005300 -0.06136697
v 0.03494495 -0.00034600 -0.06268697
v 0.03494495 -0.00034700 -0.06269097
v 0.04279899 -0.00228495 -0.05383294
v 0.04053395 -0.00228495 -0.05621397
v 0.03715497 -0.00228298 -0.05975794
v 0.03349900 0.00005300 -0.06136697
v 0.03494495 -0.00034700 -0.06269097
v 0.03715497 -0.00228298 -0.05975794
v 0.03573095 -0.00190396 -0.05840498
v 0.04053395 -0.00228495 -0.05621397
v 0.04008895 -0.00479699 -0.05599600
v 0.03715497 -0.00228298 -0.05975794
v 0.03573095 -0.00190396 -0.05840498
v 0.03715497 -0.00228298 -0.05975794
v 0.04008895 -0.00479699 -0.05599600
v 0.03867095 -0.00440997 -0.05463999
v 0.03573095 -0.00190396 -0.05840498
v 0.03911000 -0.00195200 -0.05484998
v 0.04136097 -0.00198096 -0.05247700
v 0.03349900 0.00005300 -0.06136697
v 0.03573095 -0.00190396 -0.05840498
v 0.03867095 -0.00440997 -0.05463999
v 0.03911000 -0.00195200 -0.05484998
v 0.03867095 -0.00440997 -0.05463999
v 0.04008895 -0.00479699 -0.05599600
v 0.04203099 -0.00649697 -0.05344098
v 0.04060298 -0.00606698 -0.05210900
v 0.04060298 -0.00606698 -0.05210900
v 0.04088199 -0.00465000 -0.05225294
v 0.04113596 -0.00329400 -0.05237495
v 0.04125398 -0.00262100 -0.05243098
v 0.04130899 -0.00228799 -0.05245697
v 0.04133599 -0.00212300 -0.05246895
v 0.04134899 -0.00204599 -0.05247396
v 0.04135400 -0.00201196 -0.05247598
v 0.04135698 -0.00199598 -0.05247700
v 0.04135894 -0.00198895 -0.05247700
v 0.04136097 -0.00198096 -0.05247700
v 0.03911000 -0.00195200 -0.05484998
v 0.03867095 -0.00440997 -0.05463999
v 0.04060298 -0.00606698 -0.05210900
v 0.04203099 -0.00649697 -0.05344098
v 0.04203200 -0.00649596 -0.05344098
v 0.03876298 -0.01383894 -0.05114096
v 0.05411797 -0.01383197 -0.03068000
v 0.05167996 -0.01238697 -0.03547894
v 0.04816198 -0.00820595 -0.04236400
v 0.04661196 -0.00535596 -0.04543697
v 0.04628998 -0.00462395 -0.04608899
v 0.04088199 -0.00465000 -0.05225294
v 0.04060298 -0.00606698 -0.05210900
v 0.04060798 -0.00607199 -0.05210196
v 0.04060798 -0.00607199 -0.05210196
v 0.04061299 -0.00607700 -0.05209499
v 0.04062896 -0.00608999 -0.05207395
v 0.04065996 -0.00611800 -0.05202996
v 0.04072099 -0.00617296 -0.05194598
v 0.04084700 -0.00628597 -0.05177098
v 0.04111695 -0.00652796 -0.05139499
v 0.04156196 -0.00708896 -0.05070996
v 0.04169195 -0.00795394 -0.05025398
v 0.04147398 -0.00891197 -0.05014097
v 0.04098194 -0.00974000 -0.05037498
v 0.04032599 -0.01027095 -0.05089998
v 0.03964596 -0.01038098 -0.05161195
v 0.04203695 -0.00649995 -0.05343395
v 0.04203796 -0.00650096 -0.05343300
v 0.04060798 -0.00607199 -0.05210196
v 0.04203999 -0.00650299 -0.05342996
v 0.04060798 -0.00607199 -0.05210196
v 0.04203599 -0.00649900 -0.05343598
v 0.04203498 -0.00649798 -0.05343699
v 0.04203397 -0.00649697 -0.05343896
v 0.04203200 -0.00649596 -0.05343997
v 0.04060298 -0.00606698 -0.05210900
v 0.04203200 -0.00649596 -0.05344098
v 0.04204797 -0.00650996 -0.05341899
v 0.04061299 -0.00607700 -0.05209499
v 0.04206299 -0.00652397 -0.05339795
v 0.04062896 -0.00608999 -0.05207395
v 0.04209500 -0.00655300 -0.05335396
v 0.04065996 -0.00611800 -0.05202996
v 0.04215699 -0.00660897 -0.05326795
v 0.04072099 -0.00617296 -0.05194598
v 0.04228496 -0.00672496 -0.05309098
v 0.04084700 -0.00628597 -0.05177098
v 0.04255795 -0.00697398 -0.05270898
v 0.04111695 -0.00652796 -0.05139499
v 0.04300898 -0.00754696 -0.05201196
v 0.04156196 -0.00708896 -0.05070996
v 0.04314196 -0.00842798 -0.05154699
v 0.04169195 -0.00795394 -0.05025398
v 0.04292398 -0.00940198 -0.05142796
v 0.04147398 -0.00891197 -0.05014097
v 0.04242700 -0.01024395 -0.05166196
v 0.04098194 -0.00974000 -0.05037498
v 0.04176598 -0.01078099 -0.05219095
v 0.04032599 -0.01027095 -0.05089998
v 0.04107797 -0.01088899 -0.05291295
v 0.03964596 -0.01038098 -0.05161195
v 0.03964596 -0.01038098 -0.05161195
v 0.04107797 -0.01088899 -0.05291295
v 0.03919196 -0.00931800 -0.05552595
v 0.03777098 -0.00885898 -0.05419600
v 0.03668195 -0.01343995 -0.05362600
v 0.03876298 -0.01383894 -0.05114096
v 0.03964596 -0.01038098 -0.05161195
v 0.03777098 -0.00885898 -0.05419600
v 0.03668195 -0.01343995 -0.05362600
v 0.03810697 -0.01398199 -0.05492097
v 0.04019397 -0.01441395 -0.05241400
v 0.03493100 -0.01052898 -0.05963099
v 0.03810697 -0.01398199 -0.05492097
v 0.03668195 -0.01343995 -0.05362600
v 0.03351294 -0.01008099 -0.05829399
v 0.02985596 -0.00711698 -0.06310498
v 0.03351294 -0.01008099 -0.05829399
v 0.03668195 -0.01343995 -0.05362600
v 0.03777098 -0.00885898 -0.05419600
v 0.03068399 -0.00271196 -0.06353998
v 0.02985596 -0.00711698 -0.06310498
v 0.03128194 -0.00752199 -0.06444799
v 0.02410399 -0.00658995 -0.07273697
v 0.03128194 -0.00752199 -0.06444799
v 0.02985596 -0.00711698 -0.06310498
v 0.02261096 -0.00613100 -0.07148897
v 0.01314795 -0.00606198 -0.08543795
v 0.01596599 -0.00607497 -0.08055698
v 0.02261096 -0.00613100 -0.07148897
v 0.02985596 -0.00711698 -0.06310498
v 0.03068399 -0.00271196 -0.06353998
v 0.02973496 -0.00181497 -0.06487995
v 0.01438897 -0.00161696 -0.08613395
v 0.01759898 -0.00661296 -0.08157795
v 0.01596599 -0.00607497 -0.08055698
v 0.01240795 -0.00662900 -0.09125500
v 0.01484996 -0.00662000 -0.08632797
v 0.01314795 -0.00606198 -0.08543795
v 0.01066499 -0.00604696 -0.09046697
v 0.01390796 -0.00161398 -0.08706295
v 0.00550896 -0.00170697 -0.11228100
v 0.00421095 -0.00605900 -0.11192600
v 0.00682098 -0.00602496 -0.10103490
v 0.01066499 -0.00604696 -0.09046697
v 0.00864697 -0.00664497 -0.10156300
v 0.00682098 -0.00602496 -0.10103490
v 0.01484996 -0.00662000 -0.08632797
v 0.01240795 -0.00662900 -0.09125500
v 0.00864697 -0.00664497 -0.10156300
v 0.00608897 -0.00664497 -0.11229100
v 0.00737697 -0.00230099 -0.11267390
v 0.01552098 -0.00228197 -0.08804899
v 0.01606696 -0.00228298 -0.08699697
v 0.00421095 -0.00605900 -0.11192600
v 0.00608897 -0.00664497 -0.11229100
v 0.00370896 -0.00232996 -0.13985901
v 0.00718397 -0.00230200 -0.11360400
v 0.00737697 -0.00230099 -0.11267390
v 0.00608897 -0.00664497 -0.11229100
v 0.00309896 -0.00658799 -0.13967900
v 0.00309497 -0.00658698 -0.13977100
v 0.00309896 -0.00658799 -0.13967900
v 0.00608897 -0.00664497 -0.11229100
v 0.00421095 -0.00605900 -0.11192600
v 0.00111699 -0.00632800 -0.13960201
v 0.00111699 -0.00632800 -0.13962389
v 0.00111699 -0.00632800 -0.13960201
v 0.00421095 -0.00605900 -0.11192600
v 0.00550896 -0.00170697 -0.11228100
v 0.00537097 -0.00171197 -0.11293400
v 0.00174397 -0.00201596 -0.13964900
v 0.00111699 -0.00632800 -0.13962389
v 0.00115496 -0.00659896 -0.16736400
v 0.00315398 -0.00653298 -0.16735700
v 0.00309497 -0.00658698 -0.13977100
v 0.00171697 -0.00202097 -0.14001600
v 0.00101894 -0.00242896 -0.16737799
v 0.00115496 -0.00659896 -0.16736400
v 0.00561595 -0.00085901 -0.11305090
v 0.00550300 -0.00086201 -0.11359200
v 0.00489497 -0.00088301 -0.11665400
v 0.00434196 -0.00090501 -0.11972500
v 0.00383896 -0.00093001 -0.12280490
v 0.00338399 -0.00095601 -0.12589100
v 0.00297600 -0.00098401 -0.12898301
v 0.00280899 -0.00092201 -0.13049300
v 0.00280499 -0.00056701 -0.13119800
v 0.00287199 0.00002199 -0.13170090
v 0.00238496 -0.00003401 -0.13612500
v 0.00201094 -0.00008901 -0.14015000
v 0.00171697 -0.00202097 -0.14001600
v 0.00174397 -0.00201596 -0.13964900
v 0.00537097 -0.00171197 -0.11293400
v 0.01450198 0.00030299 -0.08739000
v 0.01314496 0.00030799 -0.09020596
v 0.00786096 0.00026599 -0.10518200
v 0.00713199 0.00024799 -0.10798790
v 0.00684398 -0.00029901 -0.10841600
v 0.00657099 -0.00068401 -0.10901900
v 0.00616598 -0.00084401 -0.11054000
v 0.00550896 -0.00170697 -0.11228100
v 0.01390796 -0.00161398 -0.08706295
v 0.00802499 -0.00145096 -0.11096000
v 0.00742698 -0.00144900 -0.11372700
v 0.00737596 -0.00144798 -0.11397700
v 0.00550300 -0.00086201 -0.11359200
v 0.00561595 -0.00085901 -0.11305090
v 0.00616598 -0.00084401 -0.11054000
v 0.00678199 -0.00144500 -0.11700700
v 0.00489497 -0.00088301 -0.11665400
v 0.00624096 -0.00144196 -0.12004700
v 0.00434196 -0.00090501 -0.11972500
v 0.00575095 -0.00143797 -0.12309700
v 0.00383896 -0.00093001 -0.12280490
v 0.00530797 -0.00143296 -0.12615500
v 0.00338399 -0.00095601 -0.12589100
v 0.00491094 -0.00142796 -0.12921999
v 0.00297600 -0.00098401 -0.12898301
v 0.00474900 -0.00134999 -0.13071901
v 0.00280899 -0.00092201 -0.13049300
v 0.00315398 -0.00653298 -0.16735700
v 0.00301796 -0.00236399 -0.16735890
v 0.00298196 -0.00235499 -0.15991800
v 0.00298899 -0.00235296 -0.15889999
v 0.00299096 -0.00235296 -0.15864301
v 0.00299096 -0.00235296 -0.15864100
v 0.00299096 -0.00235296 -0.15864000
v 0.00299096 -0.00235296 -0.15863700
v 0.00299096 -0.00235296 -0.15863000
v 0.00299096 -0.00235296 -0.15861601
v 0.00299096 -0.00235296 -0.15858699
v 0.00299197 -0.00235201 -0.15852989
v 0.00299394 -0.00235201 -0.15828601
v 0.00300699 -0.00234998 -0.15709500
v 0.00306898 -0.00234396 -0.15368400
v 0.00367498 -0.00232996 -0.14034189
v 0.00316399 -0.00653900 -0.17289700
v 0.00315398 -0.00653298 -0.16735700
v 0.00115496 -0.00659896 -0.16736400
v 0.00116497 -0.00660397 -0.17290100
v 0.00317395 -0.00654401 -0.17843600
v 0.00117499 -0.00660898 -0.17844000
v 0.00318295 -0.00654896 -0.18397590
v 0.00118500 -0.00661500 -0.18397900
v 0.00319296 -0.00655498 -0.18951490
v 0.00119400 -0.00662000 -0.18951900
v 0.00319797 -0.00641896 -0.19504490
v 0.00119895 -0.00648399 -0.19504900
v 0.00316000 -0.00509800 -0.19778401
v 0.00116098 -0.00516297 -0.19778700
v 0.00312698 -0.00405998 -0.19858800
v 0.00112796 -0.00412501 -0.19859201
v 0.00085800 0.00249796 -0.16734201
v 0.00086900 0.00249498 -0.17354800
v 0.00087600 0.00223397 -0.17300101
v 0.00089300 0.00171195 -0.17247701
v 0.00091800 0.00091699 -0.17215399
v 0.00094800 0.00000499 -0.17220899
v 0.00097500 -0.00078401 -0.17266200
v 0.00099100 -0.00124897 -0.17331500
v 0.00099900 -0.00142099 -0.17470500
v 0.00100398 -0.00142498 -0.17784400
v 0.00100994 -0.00142897 -0.18098401
v 0.00101495 -0.00143297 -0.18412299
v 0.00102097 -0.00143696 -0.18726189
v 0.00102597 -0.00144096 -0.19040200
v 0.00103199 -0.00144501 -0.19354101
v 0.00102895 -0.00127597 -0.19493200
v 0.00101495 -0.00081301 -0.19558600
v 0.00099000 -0.00002501 -0.19604000
v 0.00096000 0.00088699 -0.19609800
v 0.00093400 0.00168197 -0.19577689
v 0.00091500 0.00220595 -0.19525400
v 0.00090600 0.00246797 -0.19470800
v 0.00091300 0.00246297 -0.19855800
v 0.00091400 0.00246195 -0.19952101
v 0.00109297 -0.00303598 -0.19890200
v 0.00112796 -0.00412501 -0.19859201
v 0.00116098 -0.00516297 -0.19778700
v 0.00119895 -0.00648399 -0.19504900
v 0.00119400 -0.00662000 -0.18951900
v 0.00118500 -0.00661500 -0.18397900
v 0.00117499 -0.00660898 -0.17844000
v 0.00116497 -0.00660397 -0.17290100
v 0.00115496 -0.00659896 -0.16736400
v 0.00101894 -0.00242896 -0.16737799
v 0.00095600 -0.00049201 -0.16735800
v 0.00309199 -0.00297000 -0.19889900
v 0.00109297 -0.00303598 -0.19890200
v 0.00091400 0.00246195 -0.19952101
v 0.00291300 0.00252698 -0.19951800
v -0.00053300 0.00827895 -0.19862200
v -0.00050800 0.00821398 -0.20377600
v 0.00014200 0.00663994 -0.20181900
v 0.00091400 0.00246195 -0.19952101
v 0.00091300 0.00246297 -0.19855800
v 0.00203299 0.00729196 -0.20181900
v 0.00291300 0.00252698 -0.19951800
v 0.00091400 0.00246195 -0.19952101
v 0.00014200 0.00663994 -0.20181900
v 0.00291300 0.00252698 -0.19951800
v 0.00203299 0.00729196 -0.20181900
v 0.00128496 0.00910096 -0.20379791
v 0.00286800 0.00255995 -0.17354400
v 0.00287497 0.00229894 -0.17299800
v 0.00289196 0.00177698 -0.17247300
v 0.00291699 0.00098299 -0.17215100
v 0.00294697 0.00007099 -0.17220600
v 0.00297296 -0.00071801 -0.17265899
v 0.00298995 -0.00118299 -0.17331199
v 0.00299799 -0.00135501 -0.17470200
v 0.00300294 -0.00135900 -0.17784099
v 0.00300896 -0.00136299 -0.18098000
v 0.00301397 -0.00136699 -0.18411989
v 0.00301999 -0.00137098 -0.18725900
v 0.00302500 -0.00137497 -0.19039799
v 0.00303096 -0.00137897 -0.19353691
v 0.00302798 -0.00121100 -0.19492801
v 0.00301397 -0.00074701 -0.19558200
v 0.00298899 0.00004099 -0.19603691
v 0.00295895 0.00095299 -0.19609401
v 0.00293297 0.00174795 -0.19577400
v 0.00291496 0.00227098 -0.19525000
v 0.00290495 0.00253294 -0.19470499
v 0.00288296 0.00263493 -0.18412501
v 0.00058800 0.01037494 -0.20585001
v 0.00128496 0.00910096 -0.20379791
v -0.00050800 0.00821398 -0.20377600
v -0.00112200 0.00934093 -0.20584600
v 0.00058800 0.01037494 -0.20585001
v -0.00072600 0.01219997 -0.21056600
v -0.00171596 0.01324192 -0.21555500
v -0.00235099 0.01378695 -0.22066400
v -0.00263399 0.01398996 -0.22472000
v -0.00072600 0.01219997 -0.21056600
v -0.00226396 0.01092396 -0.21055700
v -0.00423700 0.01298194 -0.19877200
v -0.00390798 0.01244995 -0.22459801
v -0.00366998 0.01228497 -0.22065000
v -0.00312197 0.01182095 -0.21554300
v -0.00226396 0.01092396 -0.21055700
v -0.00112200 0.00934093 -0.20584600
v -0.00068600 0.00867395 -0.16715691
v -0.00261098 0.01164196 -0.16695701
v -0.00464499 0.01364194 -0.16675100
v 0.00090600 0.00246797 -0.19470800
v 0.00088400 0.00256495 -0.18412800
v 0.00086900 0.00249498 -0.17354800
v 0.00085800 0.00249796 -0.16734201
v -0.00024400 0.00768899 -0.16720399
v 0.00003600 0.01315294 -0.13616000
v -0.00261098 0.01164196 -0.16695701
v -0.00068600 0.00867395 -0.16715691
v -0.00024400 0.00768899 -0.16720399
v 0.00085800 0.00249796 -0.16734201
v 0.00095600 -0.00049201 -0.16735800
v 0.00201094 -0.00008901 -0.14015000
v 0.00090600 0.00246797 -0.19470800
v 0.00091500 0.00220595 -0.19525400
v 0.00093400 0.00168197 -0.19577689
v 0.00096000 0.00088699 -0.19609800
v 0.00099000 -0.00002501 -0.19604000
v 0.00101495 -0.00081301 -0.19558600
v 0.00102895 -0.00127597 -0.19493200
v 0.00103199 -0.00144501 -0.19354101
v 0.00102597 -0.00144096 -0.19040200
v 0.00102097 -0.00143696 -0.18726189
v 0.00101495 -0.00143297 -0.18412299
v 0.00100994 -0.00142897 -0.18098401
v 0.00100398 -0.00142498 -0.17784400
v 0.00099900 -0.00142099 -0.17470500
v 0.00099100 -0.00124897 -0.17331500
v 0.00097500 -0.00078401 -0.17266200
v 0.00094800 0.00000499 -0.17220899
v 0.00091800 0.00091699 -0.17215399
v 0.00089300 0.00171195 -0.17247701
v 0.00087600 0.00223397 -0.17300101
v 0.00086900 0.00249498 -0.17354800
v 0.00088400 0.00256495 -0.18412800
v 0.00095600 -0.00049201 -0.16735800
v 0.00101894 -0.00242896 -0.16737799
v 0.00619400 0.01542394 -0.10573100
v -0.00365597 0.01625894 -0.13565000
v -0.00607300 0.01466398 -0.16660491
v -0.00464499 0.01364194 -0.16675100
v 0.00203895 0.01881997 -0.10506001
v 0.01240897 0.02177994 -0.07570600
v 0.01783800 0.01795499 -0.07677596
v 0.02137696 0.01259594 -0.07727795
v 0.04025995 0.01432996 -0.05228096
v 0.03719794 0.01863896 -0.05147796
v 0.03589898 0.01984995 -0.05113399
v 0.03504097 0.02054798 -0.05089598
v 0.03067499 0.02336800 -0.04966098
v 0.02771997 0.02486497 -0.04880297
v 0.04816299 0.02370798 -0.02503800
v 0.04030597 0.02778196 -0.02286100
v 0.03067499 0.02336800 -0.04966098
v 0.03504097 0.02054798 -0.05089598
v 0.03589898 0.01984995 -0.05113399
v 0.04014599 0.01981496 -0.04631495
v 0.02670997 0.03215497 -0.01890498
v 0.03279000 0.02971994 -0.02520698
v 0.03632098 0.02771598 -0.02932095
v 0.03687494 0.02681797 -0.03202098
v 0.03609496 0.02633297 -0.03478896
v 0.03409099 0.02645599 -0.03690195
v 0.03141897 0.02710896 -0.03780698
v 0.02872300 0.02803695 -0.03739094
v 0.02651697 0.02901500 -0.03579699
v 0.01988500 0.03167599 -0.02892297
v 0.01658099 0.03035795 -0.03866797
v 0.01798999 0.02962696 -0.04107898
v 0.01819199 0.02906000 -0.04344099
v 0.01743996 0.02866798 -0.04574698
v 0.02771997 0.02486497 -0.04880297
v 0.00027000 0.02601896 -0.07298196
v 0.00656199 0.02434795 -0.07443499
v 0.01743996 0.02866798 -0.04574698
v 0.01519495 0.02857500 -0.04800999
v 0.01214694 0.02893298 -0.04879599
v 0.01025694 0.02928698 -0.04844599
v 0.01856499 0.03097397 -0.04388296
v 0.01782196 0.03057700 -0.04620295
v 0.01743996 0.02866798 -0.04574698
v 0.01819199 0.02906000 -0.04344099
v 0.01519495 0.02857500 -0.04800999
v 0.01743996 0.02866798 -0.04574698
v 0.01782196 0.03057700 -0.04620295
v 0.01555699 0.03049194 -0.04844999
v 0.03153198 0.02502596 -0.05039495
v 0.02992296 0.02588498 -0.04990500
v 0.01782196 0.03057700 -0.04620295
v 0.01856499 0.03097397 -0.04388296
v 0.01833397 0.03155195 -0.04149699
v 0.01702398 0.03224498 -0.03921198
v 0.02032095 0.03357797 -0.02941495
v 0.02698099 0.03090798 -0.03624600
v 0.02924996 0.02990394 -0.03787899
v 0.03201299 0.02894598 -0.03832697
v 0.03474599 0.02826899 -0.03743594
v 0.03677999 0.02813696 -0.03531295
v 0.03755098 0.02863395 -0.03251498
v 0.03695797 0.02955698 -0.02977496
v 0.03330898 0.03161400 -0.02558499
v 0.02690798 0.03415495 -0.01902097
v 0.04114794 0.02957397 -0.02319198
v 0.01209700 0.03092700 -0.04918295
v 0.01245695 0.03086596 -0.04920500
v 0.01555699 0.03049194 -0.04844999
v 0.01782196 0.03057700 -0.04620295
v 0.02992296 0.02588498 -0.04990500
v 0.00186896 0.02769296 -0.07359498
v 0.01245695 0.03086596 -0.04920500
v 0.01214694 0.02893298 -0.04879599
v 0.01209700 0.03092700 -0.04918295
v 0.00941700 0.03148198 -0.04829698
v 0.00917298 0.02953296 -0.04791998
v 0.01025694 0.02928698 -0.04844599
v -0.00214499 0.03356498 -0.04008197
v 0.00259197 0.03321295 -0.04153597
v 0.00483799 0.03271698 -0.04383796
v 0.00707698 0.03214097 -0.04613399
v 0.00941700 0.03148198 -0.04829698
v -0.01139098 0.02948396 -0.07036399
v 0.00707698 0.03214097 -0.04613399
v 0.00689196 0.03017997 -0.04578399
v 0.00483799 0.03271698 -0.04383796
v 0.00470400 0.03074795 -0.04351198
v -0.01219600 0.02753894 -0.06995898
v 0.00917298 0.02953296 -0.04791998
v 0.00689196 0.03017997 -0.04578399
v 0.00470400 0.03074795 -0.04351198
v 0.00250196 0.03123795 -0.04122895
v -0.00258994 0.03160798 -0.03967595
v -0.00307697 0.03163295 -0.03952795
v 0.00259197 0.03321295 -0.04153597
v 0.00250196 0.03123795 -0.04122895
v -0.01109695 0.03299897 -0.02717196
v -0.00168198 0.03198295 -0.03689897
v 0.00250196 0.03123795 -0.04122895
v 0.00259197 0.03321295 -0.04153597
v -0.00159895 0.03395497 -0.03723597
v -0.01118898 0.03498494 -0.02739197
v -0.00258994 0.03160798 -0.03967595
v 0.00250196 0.03123795 -0.04122895
v -0.00168198 0.03198295 -0.03689897
v -0.01109695 0.03299897 -0.02717196
v -0.01601696 0.03322696 -0.02208995
v -0.01907098 0.03196698 -0.03210198
v -0.01559394 0.03180497 -0.03569996
v -0.00307697 0.03163295 -0.03952795
v -0.02465200 0.02761095 -0.06679296
v -0.01559394 0.03180497 -0.03569996
v -0.01185494 0.03149896 -0.03969097
v -0.01088297 0.03121197 -0.04221898
v -0.01112794 0.03086495 -0.04491299
v -0.01252996 0.03053599 -0.04723995
v -0.01480698 0.03028500 -0.04869395
v -0.01749598 0.03013700 -0.04899698
v -0.02004200 0.03010594 -0.04805099
v -0.02111399 0.03013998 -0.04713499
v -0.02074295 0.03398197 -0.03075999
v -0.01933097 0.03395199 -0.03220796
v -0.01570600 0.03378897 -0.03592598
v -0.01559394 0.03180497 -0.03569996
v -0.01907098 0.03196698 -0.03210198
v -0.02056300 0.03200095 -0.03055697
v -0.01185494 0.03149896 -0.03969097
v -0.01559394 0.03180497 -0.03569996
v -0.01570600 0.03378897 -0.03592598
v -0.01192098 0.03348296 -0.03993499
v -0.02114099 0.03211598 -0.04747998
v -0.02016896 0.03208899 -0.04828196
v -0.01759099 0.03211997 -0.04923695
v -0.01487594 0.03226900 -0.04894000
v -0.01257997 0.03251898 -0.04749196
v -0.01117098 0.03284800 -0.04516595
v -0.01093298 0.03319597 -0.04246896
v -0.01192098 0.03348296 -0.03993499
v -0.01570600 0.03378897 -0.03592598
v -0.00248998 0.03358399 -0.03997600
v -0.02466696 0.02960395 -0.06699895
v -0.00248998 0.03358399 -0.03997600
v -0.01570600 0.03378897 -0.03592598
v -0.01933097 0.03395199 -0.03220796
v -0.01626998 0.03521496 -0.02217596
v -0.01118898 0.03498494 -0.02739197
v -0.00159895 0.03395497 -0.03723597
v -0.03103697 0.03433996 -0.00702900
v -0.02502697 0.03501600 -0.01319199
v -0.02074295 0.03398197 -0.03075999
v -0.02578598 0.03392195 -0.02558898
v -0.03082895 0.03356200 -0.02042096
v -0.03399699 0.03315597 -0.01717698
v -0.02578598 0.03392195 -0.02558898
v -0.02552497 0.03194695 -0.02541196
v -0.03082895 0.03356200 -0.02042096
v -0.03047299 0.03159898 -0.02027499
v -0.03586000 0.03284698 -0.01526999
v -0.03399699 0.03315597 -0.01717698
v -0.03337699 0.03123497 -0.01725399
v -0.03539299 0.03090596 -0.01515495
v -0.03941196 0.03242695 0.00155395
v -0.03880095 0.03261297 0.00092800
v -0.03586000 0.03284698 -0.01526999
v -0.04114097 0.03163695 -0.01053595
v -0.04452598 0.03052198 -0.01014900
v -0.04755997 0.02931100 -0.01163899
v -0.04932397 0.02844899 -0.01460194
v -0.04948794 0.02829098 -0.01638799
v -0.04911398 0.02835899 -0.01813799
v -0.04456800 0.02980899 -0.02350097
v -0.03956997 0.03102600 -0.02860695
v -0.04883098 0.02804696 -0.02576196
v -0.05415999 0.02565699 -0.02411597
v -0.04653698 0.02981597 0.00385898
v -0.04114097 0.03163695 -0.01053595
v -0.04054796 0.02972799 -0.01045495
v -0.04561799 0.02803897 0.00363797
v -0.05305898 0.02397596 -0.02407699
v -0.04722696 0.02652800 -0.02592295
v -0.03905498 0.02909797 -0.02846896
v -0.04390597 0.02792400 -0.02338898
v -0.04833495 0.02651900 -0.01803696
v -0.04869598 0.02645695 -0.01629400
v -0.04853397 0.02661395 -0.01451694
v -0.04681199 0.02745699 -0.01156699
v -0.04385197 0.02863997 -0.01007896
v -0.04054796 0.02972799 -0.01045495
v -0.03539299 0.03090596 -0.01515495
v -0.03337699 0.03123497 -0.01725399
v -0.03044897 0.03240996 -0.00714797
v -0.03823095 0.03069597 0.00092800
v -0.03866899 0.03056395 0.00138294
v -0.03047299 0.03159898 -0.02027499
v -0.02552497 0.03194695 -0.02541196
v -0.02056300 0.03200095 -0.03055697
v -0.02474695 0.03303998 -0.01305794
v -0.02502697 0.03501600 -0.01319199
v -0.03103697 0.03433996 -0.00702900
v -0.03880095 0.03261297 0.00092800
v -0.03823095 0.03069597 0.00092800
v -0.03044897 0.03240996 -0.00714797
v -0.02474695 0.03303998 -0.01305794
v -0.01626998 0.03521496 -0.02217596
v -0.01601696 0.03322696 -0.02208995
v 0.00259197 0.03321295 -0.04153597
v -0.00214499 0.03356498 -0.04008197
v -0.03941196 0.03242695 0.00155395
v -0.04538697 0.03012800 0.00767499
v -0.04551994 0.03006595 0.00781095
v -0.04475796 0.02821898 0.00770795
v -0.04448294 0.02834695 0.00742197
v -0.03866899 0.03056395 0.00138294
v -0.04448294 0.02834695 0.00742197
v -0.03646999 0.02779096 0.03091198
v -0.03648197 0.02774798 0.03104895
v -0.05078595 0.01990896 0.03546696
v -0.05587196 0.01993095 0.02481096
v -0.05848395 0.01996898 0.01329499
v -0.05911397 0.01998299 0.00825900
v -0.05338597 0.02403098 0.00623196
v -0.04475796 0.02821898 0.00770795
v -0.04745697 0.02676194 0.01140797
v -0.04769694 0.02640897 0.01381897
v -0.04694497 0.02649396 0.01614999
v -0.04536598 0.02698397 0.01794195
v -0.04328197 0.02774298 0.01893800
v -0.04102295 0.02862298 0.01905798
v -0.04078298 0.02871894 0.01901894
v -0.04830795 0.02856498 0.01156795
v -0.04745697 0.02676194 0.01140797
v -0.04474699 0.02930897 0.01898396
v -0.04617995 0.02879399 0.01819700
v -0.04779696 0.02829098 0.01637899
v -0.04856300 0.02820199 0.01401394
v -0.04830795 0.02856498 0.01156795
v -0.04551994 0.03006595 0.00781095
v -0.04538697 0.03012800 0.00767499
v -0.05445897 0.02570796 0.00647795
v -0.06032699 0.02155995 0.00849598
v -0.05963599 0.02156496 0.01372998
v -0.05756896 0.02157396 0.02317398
v -0.05514395 0.02514100 -0.02381199
v -0.05532300 0.02504396 -0.02375596
v -0.05532598 0.02504295 -0.02375596
v -0.05532699 0.02504199 -0.02375495
v -0.05532699 0.02504199 -0.02375495
v -0.05532795 0.02504199 -0.02375495
v -0.05532795 0.02504199 -0.02375495
v -0.05532795 0.02504199 -0.02375495
v -0.05532795 0.02504098 -0.02375495
v -0.05532997 0.02503997 -0.02375400
v -0.05533796 0.02503597 -0.02375197
v -0.05535399 0.02502697 -0.02374696
v -0.05541795 0.02499198 -0.02372699
v -0.05554497 0.02492195 -0.02368795
v -0.05579996 0.02477997 -0.02360898
v -0.06065195 0.02152097 -0.02211195
v -0.06085997 0.02152699 -0.01816099
v -0.05579996 0.02477997 -0.02360898
v -0.05554497 0.02492195 -0.02368795
v -0.05541795 0.02499198 -0.02372699
v -0.05535399 0.02502697 -0.02374696
v -0.05533796 0.02503597 -0.02375197
v -0.05532997 0.02503997 -0.02375400
v -0.05532795 0.02504098 -0.02375495
v -0.05532795 0.02504199 -0.02375495
v -0.05532795 0.02504199 -0.02375495
v -0.05532795 0.02504199 -0.02375495
v -0.05532699 0.02504199 -0.02375495
v -0.05532699 0.02504199 -0.02375495
v -0.05532598 0.02504295 -0.02375596
v -0.05532300 0.02504396 -0.02375596
v -0.05514395 0.02514100 -0.02381199
v -0.05415999 0.02565699 -0.02411597
v -0.04883098 0.02804696 -0.02576196
v -0.05038797 0.02466999 -0.06012296
v -0.05620795 0.02166198 -0.05847197
v -0.03956997 0.03102600 -0.02860695
v -0.03571498 0.03163999 -0.03255099
v -0.03449296 0.03178399 -0.03380197
v -0.03778594 0.02826100 -0.06354999
v -0.03571498 0.03163999 -0.03255099
v -0.03956997 0.03102600 -0.02860695
v -0.03905498 0.02909797 -0.02846896
v -0.03529995 0.02969098 -0.03238797
v -0.04390597 0.02792400 -0.02338898
v -0.03905498 0.02909797 -0.02846896
v -0.03956997 0.03102600 -0.02860695
v -0.04456800 0.02980899 -0.02350097
v -0.04887199 0.02313697 -0.06021898
v -0.03694999 0.02638000 -0.06352996
v -0.03363698 0.02987796 -0.03412097
v -0.03529995 0.02969098 -0.03238797
v -0.03905498 0.02909797 -0.02846896
v -0.04722696 0.02652800 -0.02592295
v -0.04911398 0.02835899 -0.01813799
v -0.04833495 0.02651900 -0.01803696
v -0.04948794 0.02829098 -0.01638799
v -0.04869598 0.02645695 -0.01629400
v -0.04932397 0.02844899 -0.01460194
v -0.04853397 0.02661395 -0.01451694
v -0.04755997 0.02931100 -0.01163899
v -0.04681199 0.02745699 -0.01156699
v -0.04452598 0.03052198 -0.01014900
v -0.04385197 0.02863997 -0.01007896
v -0.03185099 0.03202098 -0.03650599
v -0.03449296 0.03178399 -0.03380197
v -0.03363698 0.02987796 -0.03412097
v -0.03152298 0.03005695 -0.03632199
v -0.02393299 0.03023397 -0.04420900
v -0.02773195 0.03022897 -0.04026496
v -0.03152298 0.03005695 -0.03632199
v -0.03932398 0.02264099 -0.09671396
v -0.02888196 0.02371995 -0.09902000
v -0.04942494 0.01991396 -0.09433597
v -0.04091399 0.01948898 -0.12989690
v -0.03166598 0.02046095 -0.13143300
v -0.04968899 0.01718597 -0.12834001
v -0.05452996 0.02034794 -0.05854696
v -0.05407696 0.01740395 -0.09312796
v -0.05800598 0.01401494 -0.09200495
v -0.05661398 0.01179694 -0.12687400
v -0.05944800 0.01660400 -0.05699294
v -0.05305898 0.02397596 -0.02407699
v -0.05408698 0.02344197 -0.02374798
v -0.05428099 0.02333694 -0.02368599
v -0.05433398 0.02330797 -0.02366900
v -0.05434900 0.02329999 -0.02366399
v -0.05434900 0.02329999 -0.02366399
v -0.05434900 0.02329999 -0.02366399
v -0.05435395 0.02329695 -0.02366197
v -0.05436497 0.02329099 -0.02365899
v -0.05438899 0.02327799 -0.02365100
v -0.05443596 0.02325195 -0.02363598
v -0.05518096 0.02283400 -0.02339696
v -0.05663800 0.02195197 -0.02292698
v -0.05937498 0.01998394 -0.02203398
v -0.06016695 0.01931095 -0.02177298
v -0.05956000 0.01999598 -0.01840299
v -0.05937498 0.01998394 -0.02203398
v -0.05663800 0.02195197 -0.02292698
v -0.05518096 0.02283400 -0.02339696
v -0.05443596 0.02325195 -0.02363598
v -0.05438899 0.02327799 -0.02365100
v -0.05436497 0.02329099 -0.02365899
v -0.05435395 0.02329695 -0.02366197
v -0.05434900 0.02329999 -0.02366399
v -0.05434900 0.02329999 -0.02366399
v -0.05434900 0.02329999 -0.02366399
v -0.05433398 0.02330797 -0.02366900
v -0.05428099 0.02333694 -0.02368599
v -0.05408698 0.02344197 -0.02374798
v -0.06110596 0.01879596 -0.00979495
v -0.06078100 0.01874399 -0.02156996
v -0.06016695 0.01931095 -0.02177298
v -0.05937498 0.01998394 -0.02203398
v -0.05956000 0.01999598 -0.01840299
v -0.05980598 0.02000999 -0.01024895
v -0.05961996 0.01999700 0.00154698
v -0.05980598 0.02000999 -0.01024895
v -0.05961996 0.01999700 0.00154698
v -0.05911397 0.01998299 0.00825900
v -0.05848395 0.01996898 0.01329499
v -0.05952399 0.01893800 0.01367896
v -0.06025695 0.01890695 0.00816399
v -0.06077897 0.01886898 0.00197798
v -0.05587196 0.01993095 0.02481096
v -0.05587899 0.01992595 0.02481299
v -0.05588495 0.01992100 0.02481395
v -0.05589896 0.01991099 0.02481698
v -0.05592697 0.01988995 0.02482396
v -0.05598896 0.01984298 0.02483999
v -0.05612897 0.01972597 0.02488100
v -0.05641394 0.01946496 0.02496796
v -0.05667299 0.01919895 0.02505195
v -0.05677598 0.01908195 0.02508795
v -0.05681198 0.01903897 0.02509999
v -0.05682396 0.01902300 0.02510499
v -0.05683296 0.01901096 0.02510696
v -0.05755895 0.01899695 0.02272796
v -0.06072294 0.01366496 0.02322697
v -0.06367498 0.01343297 0.00894594
v -0.06025695 0.01890695 0.00816399
v -0.05952399 0.01893800 0.01367896
v -0.05755895 0.01899695 0.02272796
v -0.06486600 0.01323294 -0.00559896
v -0.06109195 0.01881396 -0.00677699
v -0.06077897 0.01886898 0.00197798
v -0.06109195 0.01881396 -0.00677699
v -0.06485599 0.01316499 -0.02019596
v -0.06078100 0.01874399 -0.02156996
v -0.06110596 0.01879596 -0.00979495
v -0.06298798 0.01154899 -0.05579197
v -0.06078100 0.01874399 -0.02156996
v -0.06024098 0.01662296 -0.04984295
v -0.06343698 0.01195597 -0.04875397
v -0.06392800 0.01075899 -0.04858100
v -0.06343698 0.01195597 -0.04875397
v -0.06024098 0.01662296 -0.04984295
v -0.06078100 0.01874399 -0.02156996
v -0.06485599 0.01316499 -0.02019596
v -0.06489598 0.01308095 -0.02018195
v -0.06392800 0.01075899 -0.04858100
v -0.06500297 0.00558096 -0.04816198
v -0.06446796 0.00535899 -0.05521500
v -0.06074595 0.00958299 -0.09113198
v -0.06284499 0.00470197 -0.07650899
v -0.06180197 0.00428998 -0.09069597
v -0.06284499 0.00470197 -0.07650899
v -0.06446796 0.00535899 -0.05521500
v -0.06500297 0.00558096 -0.04816198
v -0.06483095 -0.00173295 -0.04789495
v -0.06266200 -0.00183398 -0.07628101
v -0.06265997 -0.00183398 -0.07630300
v -0.06079798 0.00390195 -0.10485500
v -0.06180197 0.00428998 -0.09069597
v -0.06055200 -0.00202096 -0.10467800
v -0.06055098 -0.00202096 -0.10470500
v -0.05867898 0.00787597 -0.12635300
v -0.06079798 0.00390195 -0.10485500
v -0.05938500 0.00335895 -0.12611200
v -0.05895197 0.00318997 -0.13320901
v -0.05938500 0.00335895 -0.12611200
v -0.05875998 -0.00221498 -0.13310590
v -0.05875796 -0.00221498 -0.13313200
v -0.05895197 0.00318997 -0.13320901
v -0.05758196 0.00259595 -0.16157900
v -0.05688500 0.00662796 -0.16164200
v -0.05775898 -0.00232596 -0.16158500
v -0.05758196 0.00259595 -0.16157900
v -0.05864697 -0.00635798 -0.13313000
v -0.05790895 -0.00650598 -0.16157000
v -0.05775898 -0.00232596 -0.16158500
v -0.05875796 -0.00221498 -0.13313200
v -0.05875998 -0.00221498 -0.13310590
v -0.06055098 -0.00202096 -0.10470500
v -0.06055200 -0.00202096 -0.10467800
v -0.05987298 -0.00608201 -0.10469500
v -0.05864799 -0.00635798 -0.13310400
v -0.06064397 -0.00643499 -0.13317700
v -0.05990797 -0.00643398 -0.16159800
v -0.05790895 -0.00650598 -0.16157000
v -0.05864697 -0.00635798 -0.13313000
v -0.05864799 -0.00635798 -0.13310400
v -0.06183195 -0.00648195 -0.10475800
v -0.06064498 -0.00643499 -0.13316700
v -0.05987298 -0.00608201 -0.10469500
v -0.05987399 -0.00608099 -0.10466600
v -0.06265997 -0.00183398 -0.07630300
v -0.06266200 -0.00183398 -0.07628101
v -0.06142795 -0.00582099 -0.07626497
v -0.05987399 -0.00608099 -0.10466600
v -0.06329995 -0.00652099 -0.07635295
v -0.06329995 -0.00652099 -0.07635396
v -0.06183195 -0.00648297 -0.10475300
v -0.06142795 -0.00582099 -0.07626497
v -0.06142896 -0.00582099 -0.07624500
v -0.06064498 -0.00643499 -0.13316700
v -0.06183195 -0.00648195 -0.10475800
v -0.06183195 -0.00648297 -0.10475300
v -0.06254398 -0.00217701 -0.10478400
v -0.06254297 -0.00217701 -0.10478800
v -0.06075894 -0.00221599 -0.13317600
v -0.06075799 -0.00221599 -0.13317899
v -0.05975699 -0.00225396 -0.16160890
v -0.05990797 -0.00643398 -0.16159800
v -0.06064397 -0.00643499 -0.13317700
v -0.06075799 -0.00221599 -0.13317899
v -0.06075894 -0.00221599 -0.13317600
v -0.06254297 -0.00217701 -0.10478800
v -0.06279599 0.00394999 -0.10493900
v -0.06138700 0.00337695 -0.12614700
v -0.06095194 0.00320398 -0.13326900
v -0.05957996 0.00267796 -0.16163100
v -0.05975699 -0.00225396 -0.16160890
v -0.05934900 0.00266193 -0.17366201
v -0.05937099 0.00236897 -0.17306900
v -0.05940097 0.00180893 -0.17254500
v -0.05943495 0.00101994 -0.17225900
v -0.05946397 0.00017299 -0.17232500
v -0.05948197 -0.00055001 -0.17271800
v -0.05948799 -0.00100101 -0.17326900
v -0.05946695 -0.00125296 -0.17482100
v -0.05940699 -0.00125696 -0.17795999
v -0.05934697 -0.00126101 -0.18109889
v -0.05928599 -0.00126500 -0.18423800
v -0.05922597 -0.00126900 -0.18737701
v -0.05916595 -0.00127299 -0.19051591
v -0.05910599 -0.00127698 -0.19365500
v -0.05907297 -0.00110896 -0.19504599
v -0.05904299 -0.00064601 -0.19570000
v -0.05900597 0.00014199 -0.19615389
v -0.05897200 0.00105397 -0.19621190
v -0.05894994 0.00184898 -0.19589201
v -0.05894094 0.00237297 -0.19536801
v -0.05894196 0.00263493 -0.19482200
v -0.05857294 0.00260995 -0.21398690
v -0.05806899 0.00257597 -0.24016100
v -0.05839794 -0.00653596 -0.24020500
v -0.05990797 -0.00643398 -0.16159800
v -0.05975699 -0.00225396 -0.16160890
v -0.05957996 0.00267796 -0.16163100
v -0.05907297 0.00273196 -0.18780901
v -0.05920898 0.00274198 -0.18073089
v -0.05934900 0.00266193 -0.17366201
v -0.05957996 0.00267796 -0.16163100
v -0.05779999 0.00968896 -0.16180191
v -0.05736398 0.00940798 -0.18782701
v -0.05706000 0.01102196 -0.16187100
v -0.05779999 0.00968896 -0.16180191
v -0.05957996 0.00267796 -0.16163100
v -0.06095194 0.00320398 -0.13326900
v -0.06138700 0.00337695 -0.12614700
v -0.06065899 0.00825696 -0.12637790
v -0.05851298 0.01258896 -0.12685700
v -0.05894196 0.00263493 -0.19482200
v -0.05894094 0.00237297 -0.19536801
v -0.05894994 0.00184898 -0.19589201
v -0.05897200 0.00105397 -0.19621190
v -0.05900597 0.00014199 -0.19615389
v -0.05904299 -0.00064601 -0.19570000
v -0.05907297 -0.00110896 -0.19504599
v -0.05910599 -0.00127698 -0.19365500
v -0.05916595 -0.00127299 -0.19051591
v -0.05922597 -0.00126900 -0.18737701
v -0.05928599 -0.00126500 -0.18423800
v -0.05934697 -0.00126101 -0.18109889
v -0.05940699 -0.00125696 -0.17795999
v -0.05946695 -0.00125296 -0.17482100
v -0.05948799 -0.00100101 -0.17326900
v -0.05948197 -0.00055001 -0.17271800
v -0.05946397 0.00017299 -0.17232500
v -0.05943495 0.00101994 -0.17225900
v -0.05940097 0.00180893 -0.17254500
v -0.05937099 0.00236897 -0.17306900
v -0.05934900 0.00266193 -0.17366201
v -0.05920898 0.00274198 -0.18073089
v -0.05907297 0.00273196 -0.18780901
v -0.05857294 0.00260995 -0.21398690
v -0.05894196 0.00263493 -0.19482200
v -0.05693197 0.00912796 -0.21388000
v -0.05706000 0.01102196 -0.16187100
v -0.05327099 0.01531796 -0.16222300
v -0.05301696 0.01485698 -0.18785800
v -0.05276298 0.01439593 -0.21359401
v -0.05250895 0.01393494 -0.23932600
v -0.05628895 0.00926493 -0.23989900
v -0.05649995 0.00884793 -0.23993100
v -0.05806899 0.00257597 -0.24016100
v -0.05775296 0.00543098 -0.25121000
v -0.05806899 0.00257597 -0.24016100
v -0.05649995 0.00884793 -0.23993100
v -0.05628895 0.00926493 -0.23989900
v -0.05603694 0.01184795 -0.25038600
v -0.05839794 -0.00653596 -0.24020500
v -0.05806899 0.00257597 -0.24016100
v -0.05775296 0.00543098 -0.25121000
v -0.05736297 0.01089696 -0.26098001
v -0.05699199 0.01604698 -0.27043200
v -0.05671596 0.01847294 -0.28027299
v -0.05752295 -0.00363501 -0.28026000
v -0.05762797 -0.00560101 -0.27847400
v -0.05771195 -0.00657799 -0.27598500
v -0.05772000 -0.00657799 -0.27557200
v -0.05640000 -0.00660797 -0.24016701
v -0.05839794 -0.00653596 -0.24020500
v -0.05772000 -0.00657799 -0.27557200
v -0.05572199 -0.00665100 -0.27553400
v -0.05790895 -0.00650598 -0.16157000
v -0.05990797 -0.00643398 -0.16159800
v -0.05839794 -0.00653596 -0.24020500
v -0.05640000 -0.00660797 -0.24016701
v -0.05771195 -0.00657799 -0.27598500
v -0.05571097 -0.00655796 -0.27591300
v -0.05572199 -0.00665100 -0.27553400
v -0.05772000 -0.00657799 -0.27557200
v -0.05551600 -0.00346698 -0.28022200
v -0.05471795 0.01839993 -0.28023499
v -0.05501097 0.01579395 -0.26987401
v -0.05539000 0.01048592 -0.26030600
v -0.05577194 0.00512997 -0.25066301
v -0.05607199 0.00250397 -0.24012300
v -0.05640000 -0.00660797 -0.24016701
v -0.05572199 -0.00665100 -0.27553400
v -0.05571097 -0.00655796 -0.27591300
v -0.05570495 -0.00650897 -0.27611500
v -0.05562597 -0.00556197 -0.27843299
v -0.05552798 -0.00373199 -0.28008801
v -0.05570495 -0.00650897 -0.27611500
v -0.05571097 -0.00655796 -0.27591300
v -0.05771195 -0.00657799 -0.27598500
v -0.05769997 -0.00662597 -0.27620000
v -0.05562597 -0.00556197 -0.27843299
v -0.05570495 -0.00650897 -0.27611500
v -0.05554795 -0.00653400 -0.27893999
v -0.05570495 -0.00650897 -0.27611500
v -0.05769997 -0.00662597 -0.27620000
v -0.05754595 -0.00662001 -0.27900600
v -0.05728399 -0.00660797 -0.28180900
v -0.05529898 -0.00657400 -0.28156900
v -0.05554795 -0.00653400 -0.27893999
v -0.05754595 -0.00662001 -0.27900600
v -0.05769997 -0.00662597 -0.27620000
v -0.05771195 -0.00657799 -0.27598500
v -0.05762797 -0.00560101 -0.27847400
v -0.05752295 -0.00363501 -0.28026000
v -0.05728399 -0.00660797 -0.28180900
v -0.05704694 0.00745396 -0.28397399
v -0.05752295 -0.00363501 -0.28026000
v -0.05671596 0.01847294 -0.28027299
v -0.05664497 0.01846794 -0.28398100
v -0.05728399 -0.00660797 -0.28180900
v -0.05752295 -0.00363501 -0.28026000
v -0.05704694 0.00745396 -0.28397399
v -0.05592298 -0.00651398 -0.29125500
v -0.05306798 0.01599893 -0.30912000
v -0.05449700 0.01600793 -0.30330300
v -0.05580794 0.01531998 -0.29602701
v -0.05662399 0.01265595 -0.28916600
v -0.05704694 0.00745396 -0.28397399
v -0.05664497 0.01846794 -0.28398100
v -0.05375200 0.01843498 -0.30614999
v -0.05298197 0.01842997 -0.30910099
v -0.05526298 -0.00425901 -0.29798299
v -0.05526900 -0.00436100 -0.29789701
v -0.05538696 -0.00542697 -0.29652300
v -0.05554896 -0.00605800 -0.29479101
v -0.05592298 -0.00651398 -0.29125500
v -0.05704694 0.00745396 -0.28397399
v -0.05662399 0.01265595 -0.28916600
v -0.05580794 0.01531998 -0.29602701
v -0.05500698 0.00538097 -0.30120799
v -0.05511498 0.00239692 -0.30027601
v -0.05517196 -0.00110700 -0.29939401
v -0.05526900 -0.00436100 -0.29789701
v -0.05526298 -0.00425901 -0.29798299
v -0.05517196 -0.00110700 -0.29939401
v -0.05318599 -0.00106998 -0.29915899
v -0.05327898 -0.00428101 -0.29771000
v -0.05328094 -0.00431301 -0.29768300
v -0.05511498 0.00239692 -0.30027601
v -0.05313295 0.00241993 -0.30001399
v -0.05500698 0.00538097 -0.30120799
v -0.05498099 0.00583396 -0.30138901
v -0.05300396 0.00583795 -0.30109000
v -0.05303299 0.00530795 -0.30088601
v -0.05383598 0.01527796 -0.29568899
v -0.05463796 0.01259593 -0.28891200
v -0.05327898 -0.00428101 -0.29771000
v -0.05318599 -0.00106998 -0.29915899
v -0.05313295 0.00241993 -0.30001399
v -0.05303299 0.00530795 -0.30088601
v -0.05300396 0.00583795 -0.30109000
v -0.05271095 0.00896595 -0.30278501
v -0.05218696 0.01154194 -0.30518001
v -0.05254197 0.01594398 -0.30288401
v -0.05257499 0.01594493 -0.30272901
v -0.05105596 0.01835797 -0.30856699
v -0.05181097 0.01836297 -0.30567399
v -0.05464595 0.01839492 -0.28394202
v -0.05504095 0.00760392 -0.28393599
v -0.05463796 0.01259593 -0.28891200
v -0.05383598 0.01527796 -0.29568899
v -0.05257499 0.01594493 -0.30272901
v -0.05254197 0.01594398 -0.30288401
v -0.05114299 0.01590094 -0.30858600
v -0.05218696 0.01154194 -0.30518001
v -0.05083596 0.01440594 -0.31002799
v -0.04900997 0.01585195 -0.31534201
v -0.05114299 0.01590094 -0.30858600
v -0.05254197 0.01594398 -0.30288401
v -0.05467998 0.00898997 -0.30313501
v -0.05414199 0.01160297 -0.30559900
v -0.05218696 0.01154194 -0.30518001
v -0.05271095 0.00896595 -0.30278501
v -0.05083596 0.01440594 -0.31002799
v -0.05218696 0.01154194 -0.30518001
v -0.05414199 0.01160297 -0.30559900
v -0.05275499 0.01453695 -0.31057501
v -0.05449700 0.01600793 -0.30330300
v -0.05414199 0.01160297 -0.30559900
v -0.05467998 0.00898997 -0.30313501
v -0.05498099 0.00583396 -0.30138901
v -0.05449700 0.01600793 -0.30330300
v -0.05306798 0.01599893 -0.30912000
v -0.05089098 0.01598594 -0.31601101
v -0.05275499 0.01453695 -0.31057501
v -0.05414199 0.01160297 -0.30559900
v -0.05089098 0.01598594 -0.31601101
v -0.04900997 0.01585195 -0.31534201
v -0.04900497 0.01588193 -0.31535199
v -0.04900997 0.01585195 -0.31534201
v -0.05089098 0.01598594 -0.31601101
v -0.05088698 0.01598594 -0.31602100
v -0.04606896 0.01839594 -0.32714600
v -0.04319399 0.01838395 -0.33251700
v -0.04326397 0.01766298 -0.33244699
v -0.04346096 0.01709994 -0.33214200
v -0.04406499 0.01657697 -0.33110401
v -0.04536497 0.01632593 -0.32869601
v -0.04659795 0.01627294 -0.32624000
v -0.04776298 0.01627997 -0.32374901
v -0.04885995 0.01628897 -0.32122800
v -0.04988998 0.01622597 -0.31867999
v -0.05085295 0.01596997 -0.31611800
v -0.05085396 0.01597295 -0.31611699
v -0.05085396 0.01597497 -0.31611401
v -0.05085796 0.01597897 -0.31610301
v -0.05086398 0.01598195 -0.31608600
v -0.05087000 0.01598397 -0.31606901
v -0.05087596 0.01598493 -0.31605101
v -0.05087900 0.01598594 -0.31604299
v -0.05088198 0.01598594 -0.31603500
v -0.05088698 0.01598594 -0.31602100
v -0.05089098 0.01598594 -0.31601101
v -0.04606896 0.01839594 -0.32714600
v -0.05298197 0.01842997 -0.30910099
v -0.05375200 0.01843498 -0.30614999
v -0.05204999 0.02425394 -0.30574301
v -0.04449796 0.02421597 -0.32637799
v -0.03260594 0.02417293 -0.34485400
v -0.03394395 0.01887294 -0.34592801
v -0.03462398 0.01887497 -0.34508300
v -0.03469198 0.01953592 -0.34488300
v -0.03486895 0.02008292 -0.34451801
v -0.03524696 0.02062794 -0.34385100
v -0.03575998 0.02084693 -0.34309501
v -0.03687298 0.02085193 -0.34160102
v -0.03795796 0.02085593 -0.34008601
v -0.03901499 0.02085992 -0.33855102
v -0.04004395 0.02086296 -0.33699700
v -0.04104298 0.02086696 -0.33542401
v -0.04201799 0.02084693 -0.33383700
v -0.04226398 0.02074394 -0.33347401
v -0.04244095 0.02059993 -0.33324000
v -0.04284995 0.02004794 -0.33276001
v -0.04311698 0.01926098 -0.33252299
v -0.04319399 0.01838395 -0.33251700
v -0.04326397 0.01766298 -0.33244699
v -0.04319399 0.01838395 -0.33251700
v -0.04146099 0.01831297 -0.33152101
v -0.04152995 0.01759192 -0.33145300
v -0.04139399 0.01904293 -0.33153099
v -0.04146099 0.01831297 -0.33152101
v -0.04319399 0.01838395 -0.33251700
v -0.04311698 0.01926098 -0.33252299
v -0.04284995 0.02004794 -0.33276001
v -0.04114598 0.01969894 -0.33177200
v -0.04297000 0.02317396 -0.32561600
v -0.04427897 0.01832393 -0.32625601
v -0.04146099 0.01831297 -0.33152101
v -0.04139399 0.01904293 -0.33153099
v -0.04114598 0.01969894 -0.33177200
v -0.04075896 0.02015898 -0.33225101
v -0.04058998 0.02027897 -0.33248300
v -0.04035300 0.02036497 -0.33284101
v -0.03939700 0.02038094 -0.33439800
v -0.03841596 0.02037695 -0.33594000
v -0.03740799 0.02037397 -0.33746401
v -0.03637099 0.02036991 -0.33897001
v -0.03530699 0.02036592 -0.34045601
v -0.03421497 0.02036097 -0.34192199
v -0.03370594 0.02017793 -0.34265801
v -0.03332197 0.01972392 -0.34330201
v -0.03313797 0.01926895 -0.34365201
v -0.03306299 0.01871797 -0.34384200
v -0.03239697 0.01871493 -0.34467000
v -0.03128099 0.02313092 -0.34377501
v -0.04244095 0.02059993 -0.33324000
v -0.04075896 0.02015898 -0.33225101
v -0.04075896 0.02015898 -0.33225101
v -0.04244095 0.02059993 -0.33324000
v -0.04226398 0.02074394 -0.33347401
v -0.04058998 0.02027897 -0.33248300
v -0.04058998 0.02027897 -0.33248300
v -0.04226398 0.02074394 -0.33347401
v -0.04201799 0.02084693 -0.33383700
v -0.04035300 0.02036497 -0.33284101
v -0.03939700 0.02038094 -0.33439800
v -0.04035300 0.02036497 -0.33284101
v -0.04201799 0.02084693 -0.33383700
v -0.04104298 0.02086696 -0.33542401
v -0.04004395 0.02086296 -0.33699700
v -0.03841596 0.02037695 -0.33594000
v -0.03901499 0.02085992 -0.33855102
v -0.03740799 0.02037397 -0.33746401
v -0.03795796 0.02085593 -0.34008601
v -0.03637099 0.02036991 -0.33897001
v -0.03687298 0.02085193 -0.34160102
v -0.03530699 0.02036592 -0.34045601
v -0.03575998 0.02084693 -0.34309501
v -0.03421497 0.02036097 -0.34192199
v -0.03524696 0.02062794 -0.34385100
v -0.03370594 0.02017793 -0.34265801
v -0.03486895 0.02008292 -0.34451801
v -0.03332197 0.01972392 -0.34330201
v -0.03313797 0.01926895 -0.34365201
v -0.03332197 0.01972392 -0.34330201
v -0.03486895 0.02008292 -0.34451801
v -0.03469198 0.01953592 -0.34488300
v -0.03462398 0.01887497 -0.34508300
v -0.03306299 0.01871797 -0.34384200
v -0.03306299 0.01871797 -0.34384200
v -0.03462398 0.01887497 -0.34508300
v -0.03394395 0.01887294 -0.34592801
v -0.03239697 0.01871493 -0.34467000
v -0.03239697 0.01871493 -0.34467000
v -0.03394395 0.01887294 -0.34592801
v -0.01805394 0.01882192 -0.36548001
v -0.01650696 0.01866397 -0.36422199
v -0.01657199 0.02441593 -0.36428899
v -0.01805394 0.01882192 -0.36548001
v -0.03394395 0.01887294 -0.34592801
v -0.03260594 0.02417293 -0.34485400
v -0.03246200 0.02446696 -0.34473801
v -0.02920699 0.02839192 -0.34210301
v -0.03246200 0.02446696 -0.34473801
v -0.04057699 0.02843294 -0.32443699
v -0.01319897 0.02842494 -0.36155901
v -0.02920699 0.02839192 -0.34210301
v -0.02908796 0.02847596 -0.34200701
v -0.01657199 0.02441593 -0.36428899
v -0.01319897 0.02842494 -0.36155901
v -0.00964296 0.02841493 -0.36489099
v -0.01216298 0.02440395 -0.36842302
v -0.01327097 0.01880893 -0.36996299
v -0.00875199 0.02987691 -0.35794899
v -0.00802195 0.02987393 -0.35877002
v -0.00313097 0.02986195 -0.36185602
v -0.00496894 0.02840396 -0.36727801
v -0.02464199 0.02992692 -0.33839700
v -0.00875199 0.02987691 -0.35794899
v -0.03531098 0.02996596 -0.32182199
v -0.02908796 0.02847596 -0.34200701
v 0.00835395 0.02986791 -0.34284201
v 0.00723594 0.02987095 -0.34184599
v 0.00172198 0.02988293 -0.33970100
v -0.00407594 0.02989093 -0.34087900
v -0.00831795 0.02989193 -0.34500399
v -0.00965500 0.02988693 -0.35076699
v -0.00766498 0.02987691 -0.35633901
v -0.00669897 0.02987393 -0.35748402
v -0.00802195 0.02987393 -0.35877002
v -0.00875199 0.02987691 -0.35794899
v -0.02464199 0.02992692 -0.33839700
v -0.03531098 0.02996596 -0.32182199
v -0.04208600 0.03000096 -0.30331099
v -0.04463499 0.03002993 -0.28376499
v -0.04480296 0.03004095 -0.27504301
v -0.02662199 0.03002397 -0.26515299
v -0.00849497 0.03000597 -0.25529200
v -0.00538999 0.02996895 -0.28074801
v 0.00083900 0.02992192 -0.31012699
v 0.00981200 0.02986994 -0.33879000
v 0.01052296 0.02986696 -0.34073299
v -0.04208600 0.03000096 -0.30331099
v -0.04779696 0.02846995 -0.30470801
v -0.05489295 0.02428696 -0.28395501
v -0.05051499 0.02850095 -0.28387600
v -0.04463499 0.03002993 -0.28376499
v -0.05497699 0.02429197 -0.27958301
v -0.05452597 0.02497992 -0.27938900
v -0.05063498 0.02850894 -0.27767399
v -0.05051499 0.02850095 -0.28387600
v -0.05489295 0.02428696 -0.28395501
v -0.05671596 0.01847294 -0.28027299
v -0.05608195 0.02191893 -0.28005099
v -0.05452597 0.02497992 -0.27938900
v -0.05497699 0.02429197 -0.27958301
v -0.05608195 0.02191893 -0.28005099
v -0.05661100 0.01885197 -0.27000201
v -0.05540198 0.02184096 -0.26930002
v -0.05017900 0.02875296 -0.27746999
v -0.05063498 0.02850894 -0.27767399
v -0.05108797 0.02618894 -0.26746401
v -0.05699199 0.01604698 -0.27043200
v -0.05736297 0.01089696 -0.26098001
v -0.05580997 0.01682494 -0.25988099
v -0.05170798 0.02130297 -0.25828701
v -0.04612398 0.02348695 -0.25647000
v -0.04568195 0.02686397 -0.26292601
v -0.04550999 0.02791796 -0.26532901
v -0.04525899 0.02912096 -0.26879800
v -0.04480296 0.03004095 -0.27504301
v -0.04525899 0.02912096 -0.26879800
v -0.04550999 0.02791796 -0.26532901
v -0.04568195 0.02686397 -0.26292601
v -0.02735996 0.02743897 -0.25508002
v -0.02708899 0.02925596 -0.25995401
v -0.04612398 0.02348695 -0.25647000
v -0.04642295 0.02086595 -0.25163800
v -0.02761995 0.02265898 -0.24575000
v -0.02755498 0.02265898 -0.24572900
v -0.04662197 0.01900396 -0.24772599
v -0.04642295 0.02086595 -0.25163800
v -0.05219596 0.01635197 -0.24917390
v -0.02761995 0.02265898 -0.24575000
v -0.04642295 0.02086595 -0.25163800
v -0.04662197 0.01900396 -0.24772599
v -0.04672396 0.01796797 -0.24496600
v -0.02760398 0.02033595 -0.24033201
v -0.05246198 0.01397393 -0.23931900
v -0.04677200 0.01692197 -0.23845101
v -0.04672396 0.01796797 -0.24496600
v -0.05250895 0.01393494 -0.23932600
v -0.04677999 0.01745394 -0.21317400
v -0.04677796 0.01731995 -0.21954391
v -0.04677200 0.01692197 -0.23845101
v -0.05246198 0.01397393 -0.23931900
v -0.02751898 0.01944796 -0.23514500
v -0.02755695 0.01944796 -0.23515090
v -0.04677200 0.01692197 -0.23845101
v -0.04677796 0.01731995 -0.21954391
v -0.02772200 0.01976195 -0.21734300
v -0.04677200 0.01692197 -0.23845101
v -0.02755695 0.01944796 -0.23515090
v -0.04677999 0.01745394 -0.21317400
v -0.04678499 0.01771698 -0.20063600
v -0.02792596 0.02007595 -0.19954200
v -0.00907600 0.01765697 -0.19844601
v -0.00906199 0.01764295 -0.19902000
v -0.00827396 0.01686398 -0.23183601
v -0.02751898 0.01944796 -0.23514500
v -0.00827396 0.01686398 -0.23183601
v -0.00836396 0.01711998 -0.23368400
v -0.00852495 0.01788393 -0.23557501
v -0.00852597 0.01788894 -0.23558301
v -0.00268799 0.01402393 -0.22581901
v -0.00278395 0.01407692 -0.22827301
v -0.00282395 0.01409492 -0.22958300
v -0.00284296 0.01410297 -0.23027501
v -0.00285196 0.01410696 -0.23063000
v -0.00285697 0.01410893 -0.23081000
v -0.00285900 0.01410994 -0.23090001
v -0.00285995 0.01410994 -0.23094601
v -0.00285995 0.01410994 -0.23096790
v -0.00285298 0.01410893 -0.23098400
v -0.00401699 0.01494393 -0.23116700
v -0.00852495 0.01788393 -0.23557501
v -0.00836396 0.01711998 -0.23368400
v -0.00827396 0.01686398 -0.23183601
v -0.00401699 0.01494393 -0.23116700
v -0.00411499 0.01526598 -0.23295000
v -0.00433898 0.01615993 -0.23473801
v -0.00882000 0.01999292 -0.23876891
v -0.00852597 0.01788894 -0.23558301
v -0.00478399 0.01852194 -0.23770601
v -0.00282097 0.01434693 -0.23274601
v -0.00288296 0.01461897 -0.23338600
v -0.00316197 0.01531098 -0.23441900
v -0.00318199 0.01538793 -0.23453190
v -0.00319195 0.01597694 -0.23544100
v -0.00244099 0.01694796 -0.23717700
v -0.00319195 0.01597694 -0.23544100
v -0.00318199 0.01538793 -0.23453190
v -0.00316197 0.01531098 -0.23441900
v -0.00414097 0.01378993 -0.23527201
v -0.00407195 0.01450894 -0.23647501
v -0.00288296 0.01461897 -0.23338600
v -0.00398797 0.01307592 -0.23401600
v -0.00407100 0.01344494 -0.23470500
v -0.00520694 0.01424292 -0.23495700
v -0.00531298 0.01637498 -0.23815100
v -0.00366098 0.01521895 -0.23770400
v -0.00407195 0.01450894 -0.23647501
v -0.00414097 0.01378993 -0.23527201
v -0.00407100 0.01344494 -0.23470500
v -0.00398797 0.01307592 -0.23401600
v -0.00409800 0.01254294 -0.23096900
v -0.00519699 0.01332793 -0.23116399
v -0.00880694 0.01493696 -0.23180400
v -0.00876295 0.01576898 -0.23573800
v -0.00876498 0.01616595 -0.23657501
v -0.00878400 0.01773397 -0.23909000
v -0.02745699 0.01847998 -0.24107500
v -0.00876498 0.01616595 -0.23657501
v -0.00876295 0.01576898 -0.23573800
v -0.00880694 0.01493696 -0.23180400
v -0.02752798 0.01745597 -0.23511000
v -0.02757197 0.01745597 -0.23511800
v -0.02793198 0.01807599 -0.19950400
v -0.02772998 0.01776198 -0.21730700
v -0.00880694 0.01493696 -0.23180400
v -0.00956696 0.01570795 -0.19898591
v -0.00958097 0.01572195 -0.19841100
v -0.00956696 0.01570795 -0.19898591
v -0.00880694 0.01493696 -0.23180400
v -0.00519699 0.01332793 -0.23116399
v -0.00409800 0.01254294 -0.23096900
v -0.00410199 0.01254294 -0.23095200
v -0.00410199 0.01254294 -0.23092900
v -0.00410098 0.01254294 -0.23088400
v -0.00409997 0.01254192 -0.23079400
v -0.00409597 0.01254097 -0.23061401
v -0.00408798 0.01253894 -0.23025900
v -0.00407296 0.01253394 -0.22956701
v -0.00403899 0.01251993 -0.22825700
v -0.00395900 0.01247994 -0.22580300
v -0.04627299 0.01538495 -0.21950100
v -0.04625594 0.01498995 -0.23840991
v -0.02757197 0.01745597 -0.23511800
v -0.04625594 0.01498995 -0.23840991
v -0.04612898 0.01619295 -0.24568699
v -0.05150496 0.01284197 -0.21355400
v -0.05124497 0.01238898 -0.23928700
v -0.05113595 0.01247994 -0.23926801
v -0.04625594 0.01498995 -0.23840991
v -0.04627299 0.01538495 -0.21950100
v -0.04627799 0.01551793 -0.21313301
v -0.05088597 0.01475898 -0.24926899
v -0.04604697 0.01704696 -0.24799200
v -0.04612898 0.01619295 -0.24568699
v -0.05113595 0.01247994 -0.23926801
v -0.04604697 0.01704696 -0.24799200
v -0.04584300 0.01915297 -0.25249201
v -0.02734398 0.02088997 -0.24664100
v -0.05046898 0.01960996 -0.25844899
v -0.04561197 0.02148697 -0.25682801
v -0.04584300 0.01915297 -0.25249201
v -0.02702897 0.02548197 -0.25553599
v -0.02727597 0.02088997 -0.24661990
v -0.02734398 0.02088997 -0.24664100
v -0.04584300 0.01915297 -0.25249201
v -0.04561197 0.02148697 -0.25682801
v -0.04525697 0.02488998 -0.26330999
v -0.02727597 0.02088997 -0.24661990
v -0.00880694 0.01913193 -0.24089600
v -0.00878400 0.01773397 -0.23909000
v -0.00883698 0.02486197 -0.24768791
v -0.00884700 0.02258394 -0.24489801
v -0.00882196 0.02010295 -0.24205101
v -0.00880694 0.01913193 -0.24089600
v -0.00543696 0.01893798 -0.24095100
v -0.00880694 0.01913193 -0.24089600
v -0.00882196 0.02010295 -0.24205101
v -0.00554097 0.02161792 -0.24363600
v -0.00884700 0.02258394 -0.24489801
v -0.00252497 0.01674697 -0.24002200
v -0.00249594 0.01622597 -0.23955099
v -0.00299096 0.01585696 -0.23885501
v -0.00266397 0.01963297 -0.24256900
v -0.00084300 0.01739994 -0.24192301
v -0.00155896 0.01687393 -0.24082600
v -0.00156999 0.01686594 -0.24080899
v -0.00157595 0.01686195 -0.24080101
v -0.00157797 0.01685992 -0.24079791
v -0.00158995 0.01685194 -0.24078100
v -0.00161999 0.01683096 -0.24073900
v -0.00170499 0.01677296 -0.24062200
v -0.00191796 0.01662693 -0.24033000
v -0.00221795 0.01642094 -0.23992600
v -0.00228000 0.01637796 -0.23984300
v -0.00095100 0.01779595 -0.23902699
v -0.00136697 0.01758793 -0.23853800
v -0.00228000 0.01637796 -0.23984300
v -0.00221795 0.01642094 -0.23992600
v -0.00191796 0.01662693 -0.24033000
v -0.00069900 0.01791695 -0.23932600
v -0.00072000 0.01790694 -0.23930100
v -0.00170499 0.01677296 -0.24062200
v -0.00059700 0.01796493 -0.23944800
v -0.00161999 0.01683096 -0.24073900
v -0.00072000 0.01790694 -0.23930100
v -0.00069900 0.01791695 -0.23932600
v -0.00059700 0.01796493 -0.23944800
v -0.00056100 0.01798198 -0.23949190
v -0.00054700 0.01798895 -0.23950900
v -0.00054400 0.01798997 -0.23951300
v -0.00053700 0.01799295 -0.23952100
v -0.00052300 0.01799992 -0.23953800
v 0.00088800 0.01867792 -0.24150300
v -0.00188994 0.02176795 -0.24202900
v -0.00166094 0.01883296 -0.23948701
v -0.00150496 0.01751695 -0.23837601
v -0.00136697 0.01758793 -0.23853800
v -0.00095100 0.01779595 -0.23902699
v -0.00214595 0.01715097 -0.23758601
v -0.00513500 0.02119193 -0.24042089
v -0.00535899 0.02391097 -0.24313700
v -0.00150496 0.01751695 -0.23837601
v -0.00214595 0.01715097 -0.23758601
v -0.00299096 0.01585696 -0.23885501
v -0.00249594 0.01622597 -0.23955099
v -0.00244099 0.01694796 -0.23717700
v -0.00366098 0.01521895 -0.23770400
v -0.00187796 0.02447293 -0.24481000
v -0.00539297 0.02647797 -0.24607700
v 0.00092700 0.01869795 -0.24156800
v 0.00098300 0.02135793 -0.24415600
v 0.00217295 0.01941798 -0.24450000
v 0.00205296 0.01933697 -0.24409691
v 0.00092700 0.01869795 -0.24156800
v 0.00088800 0.01867792 -0.24150300
v -0.00052300 0.01799992 -0.23953800
v -0.00155896 0.01687393 -0.24082600
v -0.00084300 0.01739994 -0.24192301
v -0.00050300 0.01768896 -0.24254701
v 0.00011600 0.01835594 -0.24408101
v 0.00039200 0.01875893 -0.24512701
v 0.00205296 0.01933697 -0.24409691
v 0.00126398 0.02329794 -0.24723600
v -0.00151700 0.02649394 -0.24807100
v 0.00217295 0.01941798 -0.24450000
v 0.00266999 0.01981393 -0.24701400
v 0.00170499 0.02375195 -0.25064501
v 0.00125396 0.02453092 -0.25084499
v -0.00085400 0.02703897 -0.25178901
v 0.00296199 0.02003298 -0.25010500
v 0.00125396 0.02453092 -0.25084499
v 0.00170499 0.02375195 -0.25064501
v 0.00296199 0.02003298 -0.25010500
v 0.00598496 0.02124498 -0.27888000
v 0.00453395 0.02448997 -0.27912101
v -0.00295198 0.02854595 -0.25274199
v -0.00085400 0.02703897 -0.25178901
v 0.00025900 0.02850596 -0.27982500
v 0.00637698 0.02845994 -0.30867601
v 0.01056694 0.02444295 -0.30757201
v 0.00599199 0.02124694 -0.27892900
v 0.00845397 0.02184293 -0.29311100
v 0.01209098 0.02079598 -0.30716401
v 0.01209098 0.02079598 -0.30716601
v 0.00599199 0.02124694 -0.27892900
v 0.00598496 0.02124498 -0.27888000
v 0.00296199 0.02003298 -0.25010500
v 0.00099500 0.01969693 -0.25023800
v 0.00408596 0.02069894 -0.27918899
v 0.00409299 0.02070097 -0.27923799
v 0.00845397 0.02184293 -0.29311100
v 0.00660294 0.02119294 -0.29350200
v 0.01209098 0.02079598 -0.30716401
v 0.01021200 0.02031693 -0.30765599
v 0.01021295 0.02031693 -0.30765799
v 0.01915597 0.01864293 -0.33535099
v 0.02102899 0.01879696 -0.33466700
v 0.01209098 0.02079598 -0.30716601
v 0.00287700 0.02340296 -0.27939099
v 0.00894195 0.02335695 -0.30799601
v 0.01021295 0.02031693 -0.30765799
v 0.01021200 0.02031693 -0.30765599
v 0.00660294 0.02119294 -0.29350200
v 0.00409299 0.02070097 -0.27923799
v 0.00408596 0.02069894 -0.27918899
v 0.01767694 0.02330593 -0.33590099
v 0.01915597 0.01864293 -0.33535099
v -0.00068500 0.02674994 -0.27997700
v 0.00545096 0.02670298 -0.30891600
v 0.01428794 0.02665194 -0.33714700
v 0.01689696 0.02663996 -0.34428099
v 0.02028697 0.02329292 -0.34303501
v 0.01767694 0.02330593 -0.33590099
v 0.01428794 0.02665194 -0.33714700
v 0.02176499 0.01862892 -0.34248501
v 0.02149599 0.02328392 -0.34867901
v 0.02306598 0.01861897 -0.34856099
v 0.02176499 0.01862892 -0.34248501
v 0.02028697 0.02329292 -0.34303501
v 0.01755696 0.02662697 -0.35375101
v 0.02108699 0.02327695 -0.35450500
v 0.01689696 0.02663996 -0.34428099
v 0.02262598 0.01861193 -0.35483101
v 0.02296799 0.01861396 -0.35276899
v 0.02494800 0.01876696 -0.35300300
v 0.02505499 0.01877292 -0.34841800
v 0.02363795 0.01878395 -0.34180001
v 0.02176499 0.01862892 -0.34248501
v 0.02306598 0.01861897 -0.34856099
v 0.02296799 0.01861396 -0.35276899
v 0.02106100 0.01875993 -0.36359099
v 0.02211600 0.01876094 -0.36184701
v 0.02457499 0.01876494 -0.35524801
v 0.02262598 0.01861193 -0.35483101
v 0.02036798 0.01860794 -0.36088801
v 0.01940000 0.01860794 -0.36248902
v 0.02505499 0.01877292 -0.34841800
v 0.02494800 0.01876696 -0.35300300
v 0.02457499 0.01876494 -0.35524801
v 0.02272897 0.02436295 -0.35485700
v 0.02316999 0.02437093 -0.34856001
v 0.02211600 0.01876094 -0.36184701
v 0.02046197 0.02435895 -0.36094099
v 0.02106100 0.01875993 -0.36359099
v 0.01820397 0.01875993 -0.36712802
v 0.01685500 0.02435895 -0.36580900
v 0.01281398 0.01876392 -0.37128601
v 0.01303899 0.01876392 -0.37115601
v 0.01820397 0.01875993 -0.36712802
v 0.01677697 0.01860794 -0.36573601
v 0.01203596 0.01861092 -0.36943400
v 0.01182895 0.01861092 -0.36955199
v 0.01303899 0.01876392 -0.37115601
v 0.01209294 0.02436193 -0.36952201
v 0.00991696 0.02838096 -0.36577800
v 0.01375699 0.02837893 -0.36278400
v 0.01666599 0.02837893 -0.35885799
v 0.01281398 0.01876392 -0.37128601
v 0.00648195 0.01877096 -0.37378499
v 0.00604796 0.02436897 -0.37194699
v 0.00504196 0.02838692 -0.36773300
v 0.00370795 0.02985092 -0.36216700
v 0.00966096 0.02984496 -0.35878599
v -0.00000700 0.02839496 -0.36821300
v -0.00021300 0.02437892 -0.37254200
v -0.00636697 0.02438995 -0.37138200
v -0.00031000 0.01878193 -0.37443000
v -0.00698399 0.01879397 -0.37317300
v 0.00198096 0.01877793 -0.37442801
v -0.00910395 0.01879891 -0.37234301
v -0.00698399 0.01879397 -0.37317300
v -0.00031000 0.01878193 -0.37443000
v 0.00198096 0.01877793 -0.37442801
v 0.00188500 0.01862391 -0.37243700
v -0.00021900 0.01862695 -0.37243900
v -0.00634599 0.01863893 -0.37128401
v -0.00829095 0.01864293 -0.37052301
v 0.00648195 0.01877096 -0.37378499
v 0.00601596 0.01861795 -0.37184701
v 0.00565398 0.02328297 -0.37031400
v -0.00013800 0.02329197 -0.37086499
v -0.00021900 0.01862695 -0.37243900
v 0.00188500 0.01862391 -0.37243700
v 0.00601596 0.01861795 -0.37184701
v 0.01124697 0.02327594 -0.36807200
v 0.01182895 0.01861092 -0.36955199
v 0.01203596 0.01861092 -0.36943400
v 0.01565200 0.02327397 -0.36463699
v 0.01677697 0.01860794 -0.36573601
v 0.01898896 0.02327397 -0.36013299
v 0.01940000 0.01860794 -0.36248902
v 0.02036798 0.01860794 -0.36088801
v 0.01306998 0.02662292 -0.36211601
v 0.00481600 0.02663096 -0.36680299
v 0.00965798 0.02784493 -0.35878399
v 0.00370497 0.02785095 -0.36216399
v 0.01289397 0.02784797 -0.35275099
v -0.00802499 0.02787396 -0.35876799
v -0.00313395 0.02786192 -0.36185301
v 0.00370497 0.02785095 -0.36216399
v 0.00965798 0.02784493 -0.35878399
v 0.01289397 0.02784797 -0.35275099
v 0.01241797 0.02785697 -0.34592200
v 0.01051896 0.02786692 -0.34073100
v 0.00835097 0.02786794 -0.34283999
v 0.01071196 0.02785894 -0.34662801
v 0.01105195 0.02785095 -0.35253400
v 0.00814497 0.02784892 -0.35768801
v 0.00291395 0.02785393 -0.36045101
v -0.00298095 0.02786496 -0.35994700
v -0.00670296 0.02787396 -0.35748199
v 0.01241797 0.02785697 -0.34592200
v 0.00980896 0.02786996 -0.33878699
v 0.01051896 0.02786692 -0.34073100
v 0.00980896 0.02786996 -0.33878699
v 0.00083600 0.02792195 -0.31012500
v -0.00539297 0.02796898 -0.28074602
v -0.00849897 0.02800593 -0.25528899
v -0.02662795 0.02802393 -0.26515201
v -0.04480600 0.02804098 -0.27504102
v -0.04463899 0.02802995 -0.28376201
v -0.04208898 0.02800093 -0.30330801
v -0.03531396 0.02796593 -0.32181901
v -0.02464497 0.02792695 -0.33839399
v -0.00875598 0.02787694 -0.35794601
v -0.00766796 0.02787694 -0.35633600
v -0.00965899 0.02788695 -0.35076499
v -0.00832099 0.02789196 -0.34500101
v -0.00408000 0.02789095 -0.34087602
v 0.00171798 0.02788296 -0.33969900
v 0.00723195 0.02787092 -0.34184301
v 0.00723594 0.02987095 -0.34184599
v 0.00835395 0.02986791 -0.34284201
v 0.01071494 0.02985897 -0.34663099
v 0.01071196 0.02785894 -0.34662801
v 0.00835097 0.02786794 -0.34283999
v 0.00723195 0.02787092 -0.34184301
v 0.01105594 0.02985092 -0.35253701
v 0.01105195 0.02785095 -0.35253400
v 0.00814795 0.02984896 -0.35769001
v 0.00814497 0.02784892 -0.35768801
v 0.00291395 0.02785393 -0.36045101
v 0.00814497 0.02784892 -0.35768801
v 0.00814795 0.02984896 -0.35769001
v 0.00291699 0.02985396 -0.36045301
v -0.00297797 0.02986493 -0.35995001
v -0.00298095 0.02786496 -0.35994700
v -0.00297797 0.02986493 -0.35995001
v 0.00291699 0.02985396 -0.36045301
v 0.00814795 0.02984896 -0.35769001
v 0.01105594 0.02985092 -0.35253701
v 0.01071494 0.02985897 -0.34663099
v 0.01242095 0.02985694 -0.34592399
v 0.01289695 0.02984794 -0.35275302
v 0.00966096 0.02984496 -0.35878599
v 0.00370795 0.02985092 -0.36216700
v -0.00313097 0.02986195 -0.36185602
v -0.00669897 0.02987393 -0.35748402
v -0.00766498 0.02987691 -0.35633901
v -0.00766796 0.02787694 -0.35633600
v -0.00670296 0.02787396 -0.35748199
v -0.00965500 0.02988693 -0.35076699
v -0.00965899 0.02788695 -0.35076499
v -0.00831795 0.02989193 -0.34500399
v -0.00832099 0.02789196 -0.34500101
v -0.00407594 0.02989093 -0.34087900
v -0.00408000 0.02789095 -0.34087602
v 0.00172198 0.02988293 -0.33970100
v 0.00171798 0.02788296 -0.33969900
v 0.01779597 0.02839592 -0.34395501
v 0.01242095 0.02985694 -0.34592399
v 0.01052296 0.02986696 -0.34073299
v 0.00981200 0.02986994 -0.33879000
v 0.01518797 0.02840993 -0.33682099
v 0.01289695 0.02984794 -0.35275302
v 0.01779597 0.02839592 -0.34395501
v 0.01884996 0.02838793 -0.34887400
v 0.01849395 0.02838197 -0.35395199
v 0.02186399 0.02437993 -0.34246001
v 0.01925498 0.02439394 -0.33532599
v 0.02186399 0.02437993 -0.34246001
v 0.02363795 0.01878395 -0.34180001
v 0.02102899 0.01879696 -0.33466700
v 0.02363795 0.01878395 -0.34180001
v 0.01925498 0.02439394 -0.33532599
v 0.01518797 0.02840993 -0.33682099
v 0.02176499 0.01862892 -0.34248501
v 0.02363795 0.01878395 -0.34180001
v 0.02102899 0.01879696 -0.33466700
v 0.01915597 0.01864293 -0.33535099
v 0.00981200 0.02986994 -0.33879000
v 0.00083900 0.02992192 -0.31012699
v -0.00538999 0.02996895 -0.28074801
v -0.00849497 0.03000597 -0.25529200
v -0.00444895 0.02924994 -0.25342700
v -0.00908595 0.02899197 -0.25076401
v -0.00904197 0.02919695 -0.25125900
v -0.00849497 0.03000597 -0.25529200
v -0.02662199 0.03002397 -0.26515299
v -0.00444895 0.02924994 -0.25342700
v -0.00849497 0.03000597 -0.25529200
v -0.00904197 0.02919695 -0.25125900
v -0.00510895 0.02851293 -0.24948700
v -0.00908595 0.02899197 -0.25076401
v -0.00923300 0.02728597 -0.24771901
v -0.00924098 0.02663997 -0.24679901
v -0.00923300 0.02728597 -0.24771901
v -0.00924098 0.02663997 -0.24679901
v -0.00920194 0.02491996 -0.24460300
v -0.00889295 0.02067695 -0.23962900
v -0.00905097 0.02242497 -0.24169401
v -0.00920194 0.02491996 -0.24460300
v -0.00905097 0.02242497 -0.24169401
v -0.00889295 0.02067695 -0.23962900
v -0.00882000 0.01999292 -0.23876891
v -0.00889295 0.02067695 -0.23962900
v -0.02755498 0.02265898 -0.24572900
v -0.04480296 0.03004095 -0.27504301
v -0.00295198 0.02854595 -0.25274199
v -0.05017900 0.02875296 -0.27746999
v -0.04480296 0.03004095 -0.27504301
v -0.04463499 0.03002993 -0.28376499
v -0.00466597 0.02664694 -0.36637199
v -0.00313395 0.02786192 -0.36185301
v -0.00802499 0.02787396 -0.35876799
v -0.00875598 0.02787694 -0.35794601
v -0.01246094 0.02666595 -0.36095399
v -0.00583094 0.02330192 -0.36979202
v -0.01119297 0.02331492 -0.36705399
v -0.01527094 0.02332594 -0.36322999
v -0.01246094 0.02666595 -0.36095399
v -0.00875598 0.02787694 -0.35794601
v -0.02464497 0.02792695 -0.33839399
v -0.02834999 0.02671691 -0.34140200
v -0.02844899 0.02664694 -0.34148202
v -0.03116095 0.02337697 -0.34367800
v -0.01527094 0.02332594 -0.36322999
v -0.01650696 0.01866397 -0.36422199
v -0.01211696 0.01865193 -0.36833799
v -0.03128099 0.02313092 -0.34377501
v -0.03239697 0.01871493 -0.34467000
v -0.01211696 0.01865193 -0.36833799
v -0.01650696 0.01866397 -0.36422199
v -0.01805394 0.01882192 -0.36548001
v -0.01327097 0.01880893 -0.36996299
v -0.00829095 0.01864293 -0.37052301
v -0.00634599 0.01863893 -0.37128401
v -0.00910395 0.01879891 -0.37234301
v -0.03970295 0.02668795 -0.32399899
v -0.03116095 0.02337697 -0.34367800
v -0.02844899 0.02664694 -0.34148202
v -0.05039197 0.02321193 -0.30533499
v -0.05181097 0.01836297 -0.30567399
v -0.05105596 0.01835797 -0.30856699
v -0.04684799 0.02672497 -0.30447301
v -0.04953795 0.02675394 -0.28385499
v -0.05318498 0.02324293 -0.28391999
v -0.05464595 0.01839492 -0.28394202
v -0.05318498 0.02324293 -0.28391999
v -0.04953795 0.02675394 -0.28385499
v -0.04965800 0.02676294 -0.27765501
v -0.05286097 0.02387193 -0.27933899
v -0.05326998 0.02324895 -0.27954999
v -0.05419099 0.02126793 -0.28001601
v -0.05471795 0.01839993 -0.28023499
v -0.05471795 0.01839993 -0.28023499
v -0.05551600 -0.00346698 -0.28022200
v -0.05505198 0.00737492 -0.28380299
v -0.05504095 0.00760392 -0.28393599
v -0.05504095 0.00760392 -0.28393599
v -0.05505198 0.00737492 -0.28380299
v -0.05393695 -0.00647601 -0.29102299
v -0.05356097 -0.00600501 -0.29458499
v -0.05339795 -0.00537499 -0.29631600
v -0.05328094 -0.00431301 -0.29768300
v -0.05393695 -0.00647601 -0.29102299
v -0.05505198 0.00737492 -0.28380299
v -0.05551600 -0.00346698 -0.28022200
v -0.05552798 -0.00373199 -0.28008801
v -0.05529898 -0.00657400 -0.28156900
v -0.05356097 -0.00600501 -0.29458499
v -0.05393695 -0.00647601 -0.29102299
v -0.05592298 -0.00651398 -0.29125500
v -0.05554896 -0.00605800 -0.29479101
v -0.05529898 -0.00657400 -0.28156900
v -0.05728399 -0.00660797 -0.28180900
v -0.05592298 -0.00651398 -0.29125500
v -0.05393695 -0.00647601 -0.29102299
v -0.05529898 -0.00657400 -0.28156900
v -0.05552798 -0.00373199 -0.28008801
v -0.05538696 -0.00542697 -0.29652300
v -0.05339795 -0.00537499 -0.29631600
v -0.05469197 0.01816294 -0.26964900
v -0.05501097 0.01579395 -0.26987401
v -0.05471795 0.01839993 -0.28023499
v -0.05419099 0.02126793 -0.28001601
v -0.05365097 0.02075795 -0.26912701
v -0.05403995 0.01569596 -0.25971401
v -0.05539000 0.01048592 -0.26030600
v -0.05326998 0.02324895 -0.27954999
v -0.05286097 0.02387193 -0.27933899
v -0.04991495 0.02448997 -0.26756501
v -0.04965800 0.02676294 -0.27765501
v -0.04921799 0.02699796 -0.27742002
v -0.04463899 0.02802995 -0.28376201
v -0.04480600 0.02804098 -0.27504102
v -0.04921799 0.02699796 -0.27742002
v -0.04480600 0.02804098 -0.27504102
v -0.04498398 0.02715096 -0.26910702
v -0.04514098 0.02591095 -0.26560199
v -0.02684795 0.02729097 -0.26029900
v -0.04498398 0.02715096 -0.26910702
v -0.04480600 0.02804098 -0.27504102
v -0.02662795 0.02802393 -0.26515201
v -0.04208898 0.02800093 -0.30330801
v -0.04463899 0.02802995 -0.28376201
v -0.03531396 0.02796593 -0.32181901
v -0.02834999 0.02671691 -0.34140200
v -0.00849897 0.02800593 -0.25528899
v -0.00873899 0.02711693 -0.25139001
v -0.00552595 0.02642993 -0.24967100
v -0.00874400 0.02706495 -0.25127301
v -0.00873899 0.02711693 -0.25139001
v -0.00849897 0.02800593 -0.25528899
v -0.00523096 0.02740893 -0.25352001
v -0.00390696 0.02678994 -0.25280699
v -0.00523096 0.02740893 -0.25352001
v -0.00849897 0.02800593 -0.25528899
v -0.00539297 0.02796898 -0.28074602
v 0.00083600 0.02792195 -0.31012500
v -0.00042100 0.02344397 -0.25095800
v -0.00227499 0.02562997 -0.25193501
v -0.00250697 0.02544693 -0.25007600
v -0.00265098 0.02472297 -0.24828300
v -0.00390696 0.02678994 -0.25280699
v -0.00227499 0.02562997 -0.25193501
v -0.00030300 0.02276996 -0.24899800
v -0.00042100 0.02344397 -0.25095800
v -0.00010500 0.02290395 -0.25079400
v 0.00099500 0.01969693 -0.25023800
v -0.00010500 0.02290395 -0.25079400
v 0.00099500 0.01969693 -0.25023800
v 0.00085500 0.01956395 -0.24843291
v 0.00067100 0.01925597 -0.24675889
v 0.00085500 0.01956395 -0.24843291
v 0.00099500 0.01969693 -0.25023800
v 0.00296199 0.02003298 -0.25010500
v 0.00266999 0.01981393 -0.24701400
v -0.00043100 0.02205298 -0.24727300
v 0.00067100 0.01925597 -0.24675889
v -0.00051900 0.01967797 -0.24434100
v 0.00039200 0.01875893 -0.24512701
v 0.00011600 0.01835594 -0.24408101
v -0.00273299 0.02241096 -0.24522801
v -0.00559199 0.02421996 -0.24644600
v -0.00883496 0.02500096 -0.24787401
v -0.00874400 0.02706495 -0.25127301
v -0.00883496 0.02500096 -0.24787401
v -0.00883698 0.02486197 -0.24768791
v -0.00050300 0.01768896 -0.24254701
v -0.00053700 0.01799295 -0.23952100
v -0.00156999 0.01686594 -0.24080899
v -0.00054400 0.01798997 -0.23951300
v -0.00157595 0.01686195 -0.24080101
v -0.00054700 0.01798895 -0.23950900
v -0.00157797 0.01685992 -0.24079791
v -0.00056100 0.01798198 -0.23949190
v -0.00158995 0.01685194 -0.24078100
v 0.00980896 0.02786996 -0.33878699
v -0.04514098 0.02591095 -0.26560199
v -0.04525697 0.02488998 -0.26330999
v -0.05425596 0.01080993 -0.25023201
v -0.05577194 0.00512997 -0.25066301
v -0.05449199 0.00838993 -0.23985501
v -0.05470997 0.00795994 -0.23989300
v -0.05607199 0.00250397 -0.24012300
v -0.05124497 0.01238898 -0.23928700
v -0.05758196 0.00259595 -0.16157900
v -0.05775898 -0.00232596 -0.16158500
v -0.05790895 -0.00650598 -0.16157000
v -0.05640000 -0.00660797 -0.24016701
v -0.05607199 0.00250397 -0.24012300
v -0.05657500 0.00253795 -0.21394900
v -0.05694395 0.00256298 -0.19478400
v -0.05694299 0.00230096 -0.19532900
v -0.05695098 0.00177698 -0.19585291
v -0.05697399 0.00098199 -0.19617400
v -0.05700796 0.00006999 -0.19611600
v -0.05704498 -0.00071801 -0.19566099
v -0.05707395 -0.00118096 -0.19500700
v -0.05710697 -0.00135000 -0.19361700
v -0.05716794 -0.00134499 -0.19047800
v -0.05722796 -0.00134100 -0.18733899
v -0.05728799 -0.00133700 -0.18419901
v -0.05734896 -0.00133301 -0.18106000
v -0.05740898 -0.00132896 -0.17792089
v -0.05746895 -0.00132496 -0.17478199
v -0.05748999 -0.00107296 -0.17323101
v -0.05748397 -0.00062201 -0.17268001
v -0.05746597 0.00010099 -0.17228600
v -0.05743700 0.00094799 -0.17222101
v -0.05740296 0.00173698 -0.17250700
v -0.05737197 0.00229697 -0.17303100
v -0.05734997 0.00258993 -0.17362399
v -0.05514299 0.00823496 -0.21384101
v -0.05657500 0.00253795 -0.21394900
v -0.05607199 0.00250397 -0.24012300
v -0.05470997 0.00795994 -0.23989300
v -0.05557698 0.00851093 -0.18778800
v -0.05707496 0.00265495 -0.18777101
v -0.05694395 0.00256298 -0.19478400
v -0.05734997 0.00258993 -0.17362399
v -0.05737197 0.00229697 -0.17303100
v -0.05740296 0.00173698 -0.17250700
v -0.05743700 0.00094799 -0.17222101
v -0.05746597 0.00010099 -0.17228600
v -0.05748397 -0.00062201 -0.17268001
v -0.05748999 -0.00107296 -0.17323101
v -0.05746895 -0.00132496 -0.17478199
v -0.05740898 -0.00132896 -0.17792089
v -0.05734896 -0.00133301 -0.18106000
v -0.05728799 -0.00133700 -0.18419901
v -0.05722796 -0.00134100 -0.18733899
v -0.05716794 -0.00134499 -0.19047800
v -0.05710697 -0.00135000 -0.19361700
v -0.05707395 -0.00118096 -0.19500700
v -0.05704498 -0.00071801 -0.19566099
v -0.05700796 0.00006999 -0.19611600
v -0.05697399 0.00098199 -0.19617400
v -0.05695098 0.00177698 -0.19585291
v -0.05694299 0.00230096 -0.19532900
v -0.05694395 0.00256298 -0.19478400
v -0.05707496 0.00265495 -0.18777101
v -0.05601298 0.00878893 -0.16173200
v -0.05688500 0.00662796 -0.16164200
v -0.05758196 0.00259595 -0.16157900
v -0.05734997 0.00258993 -0.17362399
v -0.05176597 0.01329796 -0.18781801
v -0.05202597 0.01375298 -0.16216301
v -0.05514299 0.01031296 -0.16182500
v -0.05601298 0.00878893 -0.16173200
v -0.05514299 0.01031296 -0.16182500
v -0.05202597 0.01375298 -0.16216301
v -0.04919195 0.01554094 -0.16246700
v -0.04629898 0.01604597 -0.18785100
v -0.04630398 0.01617496 -0.18168400
v -0.04631698 0.01656894 -0.16277500
v -0.04919195 0.01554094 -0.16246700
v -0.04631698 0.01656894 -0.16277500
v -0.04114997 0.01763193 -0.16326401
v -0.02813297 0.01838998 -0.18170200
v -0.02832800 0.01869594 -0.16447900
v -0.03255999 0.01858698 -0.16407900
v -0.04114997 0.01763193 -0.16326401
v -0.04631698 0.01656894 -0.16277500
v -0.04630398 0.01617496 -0.18168400
v -0.04629898 0.01604597 -0.18785100
v -0.04628896 0.01577996 -0.20059200
v -0.04628896 0.01577996 -0.20059200
v -0.04627799 0.01551793 -0.21313301
v -0.01033097 0.01647995 -0.16616400
v -0.01470500 0.01742594 -0.16575301
v -0.02374798 0.01854597 -0.16490901
v -0.00607300 0.01466398 -0.16660491
v -0.01033097 0.01647995 -0.16616400
v -0.00958097 0.01572195 -0.19841100
v -0.01271498 0.01927899 -0.13434599
v -0.01470500 0.01742594 -0.16575301
v -0.01033097 0.01647995 -0.16616400
v -0.02224099 0.02042298 -0.13291800
v -0.02374798 0.01854597 -0.16490901
v -0.00264895 0.02099995 -0.10423801
v -0.00789100 0.02237098 -0.10326300
v -0.01835799 0.02366899 -0.10121200
v -0.03255999 0.01858698 -0.16407900
v -0.02832800 0.01869594 -0.16447900
v -0.05449199 0.00838993 -0.23985501
v -0.04900997 0.01585195 -0.31534201
v -0.04900497 0.01588193 -0.31535199
v -0.04899996 0.01590494 -0.31536499
v -0.04899597 0.01591096 -0.31537300
v -0.04899299 0.01591293 -0.31538099
v -0.04898697 0.01591197 -0.31539801
v -0.04898095 0.01590994 -0.31541500
v -0.04897499 0.01590696 -0.31543201
v -0.04897195 0.01590392 -0.31544200
v -0.04897099 0.01590094 -0.31544501
v -0.04897099 0.01589796 -0.31544599
v -0.04802596 0.01615397 -0.31795702
v -0.04701596 0.01621697 -0.32045502
v -0.04594099 0.01620796 -0.32292700
v -0.04479897 0.01620093 -0.32536900
v -0.04358994 0.01625392 -0.32777602
v -0.04231494 0.01650497 -0.33013702
v -0.04172295 0.01702895 -0.33115399
v -0.04152995 0.01759192 -0.33145300
v -0.04146099 0.01831297 -0.33152101
v -0.04427897 0.01832393 -0.32625601
v -0.00282097 0.01434693 -0.23274601
v -0.00285298 0.01410893 -0.23098400
v -0.00409800 0.01254294 -0.23096900
v -0.00410199 0.01254294 -0.23095200
v -0.00409800 0.01254294 -0.23096900
v -0.00285298 0.01410893 -0.23098400
v -0.00285995 0.01410994 -0.23096790
v -0.00285995 0.01410994 -0.23094601
v -0.00410199 0.01254294 -0.23092900
v -0.00285900 0.01410994 -0.23090001
v -0.00410098 0.01254294 -0.23088400
v -0.00285697 0.01410893 -0.23081000
v -0.00409997 0.01254192 -0.23079400
v -0.00285196 0.01410696 -0.23063000
v -0.00409597 0.01254097 -0.23061401
v -0.00284296 0.01410297 -0.23027501
v -0.00408798 0.01253894 -0.23025900
v -0.00282395 0.01409492 -0.22958300
v -0.00407296 0.01253394 -0.22956701
v -0.00278395 0.01407692 -0.22827301
v -0.00403899 0.01251993 -0.22825700
v -0.00268799 0.01402393 -0.22581901
v -0.00395900 0.01247994 -0.22580300
v -0.00263399 0.01398996 -0.22472000
v -0.00235099 0.01378695 -0.22066400
v -0.00366998 0.01228497 -0.22065000
v -0.00390798 0.01244995 -0.22459801
v -0.00171596 0.01324192 -0.21555500
v -0.00312197 0.01182095 -0.21554300
v -0.00285298 0.01410893 -0.23098400
v -0.02832698 0.02069794 -0.16451401
v -0.02307999 0.02050696 -0.16499400
v -0.01341098 0.01921098 -0.16587790
v -0.00984996 0.01841997 -0.16620401
v -0.02812999 0.02038895 -0.18174000
v -0.04678899 0.01798497 -0.18789201
v -0.04679095 0.01811396 -0.18172701
v -0.04678899 0.01798497 -0.18789201
v -0.04678499 0.01771698 -0.20063600
v -0.05054795 0.01709793 -0.16247401
v -0.04679697 0.01850997 -0.16282000
v -0.04679095 0.01811396 -0.18172701
v -0.04679697 0.01850997 -0.16282000
v -0.04180699 0.01954596 -0.16327800
v -0.03258895 0.02058993 -0.16412290
v -0.04180699 0.01954596 -0.16327800
v -0.04679697 0.01850997 -0.16282000
v -0.05054795 0.01709793 -0.16247401
v -0.05106300 0.01875196 -0.12828401
v -0.04160797 0.02140097 -0.12990301
v -0.05327099 0.01531796 -0.16222300
v -0.05085796 0.02146797 -0.09425301
v -0.05989396 0.01488493 -0.09196597
v -0.05572795 0.01869498 -0.09305697
v -0.06271898 0.01002495 -0.09116095
v -0.06134796 0.01751500 -0.05696099
v -0.06495696 0.01203197 -0.05585396
v -0.06208199 0.02026599 -0.02167195
v -0.06065195 0.02152097 -0.02211195
v -0.06109994 0.02153700 -0.01014798
v -0.06085997 0.02152699 -0.01816099
v -0.06065195 0.02152097 -0.02211195
v -0.06208199 0.02026599 -0.02167195
v -0.06217497 0.02017694 -0.02164298
v -0.06253898 0.02019298 -0.00968695
v -0.06109994 0.02153700 -0.01014798
v -0.06086498 0.02155095 0.00182295
v -0.06253695 0.02019596 -0.00661695
v -0.06225097 0.02020698 0.00227195
v -0.06086498 0.02155095 0.00182295
v -0.06253695 0.02019596 -0.00661695
v -0.06253898 0.02019298 -0.00968695
v -0.06217497 0.02017694 -0.02164298
v -0.06666398 0.01401799 -0.02027195
v -0.06668299 0.01405596 -0.00538999
v -0.06668496 0.01397395 -0.02026498
v -0.06666398 0.01401799 -0.02027195
v -0.06217497 0.02017694 -0.02164298
v -0.06224399 0.01988399 -0.02544200
v -0.06225997 0.01973098 -0.02739995
v -0.06226098 0.01971697 -0.02758598
v -0.06226098 0.01971298 -0.02763295
v -0.06226098 0.01971197 -0.02763998
v -0.06226098 0.01971197 -0.02764296
v -0.06226098 0.01971197 -0.02764296
v -0.06226098 0.01971197 -0.02764499
v -0.06226098 0.01971095 -0.02765297
v -0.06226098 0.01970595 -0.02771794
v -0.06226199 0.01966196 -0.02828896
v -0.06218296 0.01910996 -0.03538697
v -0.06207299 0.01877200 -0.03970199
v -0.06202900 0.01866197 -0.04111897
v -0.06202298 0.01864796 -0.04129797
v -0.06202095 0.01864296 -0.04135996
v -0.06202095 0.01864194 -0.04137295
v -0.06202095 0.01864099 -0.04137897
v -0.06202095 0.01864099 -0.04137998
v -0.06202095 0.01864099 -0.04137998
v -0.06202095 0.01864099 -0.04138398
v -0.06202000 0.01863998 -0.04139900
v -0.06201595 0.01863098 -0.04151594
v -0.06198495 0.01855695 -0.04245895
v -0.06170898 0.01797097 -0.05000495
v -0.06540197 0.01244199 -0.04886996
v -0.06578397 0.01148694 -0.04874700
v -0.06540197 0.01244199 -0.04886996
v -0.06170898 0.01797097 -0.05000495
v -0.06198495 0.01855695 -0.04245895
v -0.06201595 0.01863098 -0.04151594
v -0.06202000 0.01863998 -0.04139900
v -0.06202095 0.01864099 -0.04138398
v -0.06202095 0.01864099 -0.04137998
v -0.06202095 0.01864099 -0.04137998
v -0.06202095 0.01864099 -0.04137897
v -0.06202095 0.01864194 -0.04137295
v -0.06202095 0.01864296 -0.04135996
v -0.06202298 0.01864796 -0.04129797
v -0.06202900 0.01866197 -0.04111897
v -0.06207299 0.01877200 -0.03970199
v -0.06218296 0.01910996 -0.03538697
v -0.06226199 0.01966196 -0.02828896
v -0.06226098 0.01970595 -0.02771794
v -0.06226098 0.01971095 -0.02765297
v -0.06226098 0.01971197 -0.02764499
v -0.06226098 0.01971197 -0.02764296
v -0.06226098 0.01971197 -0.02764296
v -0.06226098 0.01971197 -0.02763998
v -0.06226098 0.01971298 -0.02763295
v -0.06226098 0.01971697 -0.02758598
v -0.06225997 0.01973098 -0.02739995
v -0.06224399 0.01988399 -0.02544200
v -0.06217497 0.02017694 -0.02164298
v -0.06668496 0.01397395 -0.02026498
v -0.06864696 0.00667095 -0.01967298
v -0.06849098 0.00685596 -0.00484997
v -0.06849098 0.00685596 -0.00484300
v -0.06716996 0.00734895 0.00983596
v -0.06716096 0.00735199 0.00990796
v -0.06546097 0.01423197 0.00943899
v -0.06173294 0.02021497 0.00859296
v -0.06225097 0.02020698 0.00227195
v -0.06849098 0.00685596 -0.00484300
v -0.06849098 0.00685596 -0.00484997
v -0.06864696 0.00667095 -0.01967298
v -0.06854599 -0.00205898 -0.01960396
v -0.06826597 -0.00203997 -0.00476098
v -0.06826198 -0.00203896 -0.00469094
v -0.06716996 0.00734895 0.00983596
v -0.06688797 -0.00202197 0.01001000
v -0.06685197 -0.00202197 0.01027494
v -0.06407600 0.00786400 0.02430397
v -0.06716096 0.00735199 0.00990796
v -0.06370300 -0.00201094 0.02446597
v -0.06359398 -0.00201094 0.02479296
v -0.06407600 0.00786400 0.02430397
v -0.06404095 0.00786698 0.02441895
v -0.06241899 0.01444095 0.02399200
v -0.05771797 -0.00200396 0.03797596
v -0.05808597 0.00814200 0.03808200
v -0.06404095 0.00786698 0.02441895
v -0.05577397 -0.00816995 0.03654700
v -0.06359398 -0.00201094 0.02479296
v -0.06370300 -0.00201094 0.02446597
v -0.06177300 -0.00817299 0.02340298
v -0.06685197 -0.00202197 0.01027494
v -0.06688797 -0.00202197 0.01001000
v -0.06487500 -0.00818294 0.00927198
v -0.06257498 -0.01421797 0.00840294
v -0.05962300 -0.01420998 0.02203595
v -0.05958497 -0.01420998 0.02215600
v -0.05362099 -0.01421999 0.03486496
v -0.04398000 -0.00200694 0.05329197
v -0.04409795 -0.00200694 0.05319499
v -0.05771797 -0.00200396 0.03797596
v -0.05577397 -0.00816995 0.03654700
v -0.05362099 -0.01421999 0.03486496
v -0.04302197 -0.01422095 0.04733300
v -0.04095000 -0.01422196 0.04913896
v -0.04302197 -0.01422095 0.04733300
v -0.05362099 -0.01421999 0.03486496
v -0.05209195 -0.01339900 0.03387099
v -0.04179197 -0.01340496 0.04598200
v -0.05786097 -0.01345396 0.02146995
v -0.05209195 -0.01339900 0.03387099
v -0.05362099 -0.01421999 0.03486496
v -0.05958497 -0.01420998 0.02215600
v -0.05962300 -0.01420998 0.02203595
v -0.06007897 -0.00741297 0.02263200
v -0.05425000 -0.00734698 0.03554695
v -0.05209195 -0.01339900 0.03387099
v -0.05786097 -0.01345396 0.02146995
v -0.05788397 -0.01345396 0.02139699
v -0.03977894 -0.01340699 0.04773700
v -0.04179197 -0.01340496 0.04598200
v -0.05425000 -0.00734698 0.03554695
v -0.05607295 -0.00165099 0.03689497
v -0.05000698 -0.00162798 0.04477995
v -0.04284399 -0.00161594 0.05168497
v -0.04273098 -0.00161498 0.05177897
v -0.06189399 -0.00168198 0.02364897
v -0.06179499 -0.00167995 0.02395194
v -0.05607295 -0.00165099 0.03689497
v -0.06306797 -0.00744295 0.00876498
v -0.06422495 -0.00441199 0.00919598
v -0.06468796 -0.00306100 0.00934994
v -0.06496095 -0.00174194 0.00947499
v -0.06492799 -0.00173998 0.00972497
v -0.06075197 -0.01348096 0.00800496
v -0.06076395 -0.01348096 0.00790900
v -0.06179499 -0.00167995 0.02395194
v -0.06189399 -0.00168198 0.02364897
v -0.06492799 -0.00173998 0.00972497
v -0.06523597 0.00711799 0.00930196
v -0.06522500 0.00712198 0.00938594
v -0.06224596 0.00761998 0.02350097
v -0.06221699 0.00762296 0.02359598
v -0.05641800 0.00789798 0.03700596
v -0.05607295 -0.00165099 0.03689497
v -0.06221699 0.00762296 0.02359598
v -0.06224596 0.00761998 0.02350097
v -0.06522500 0.00712198 0.00938594
v -0.05828100 0.01375597 0.03005397
v -0.05489397 0.01380997 0.03655695
v -0.05622696 0.00918496 0.03694695
v -0.05641800 0.00789798 0.03700596
v -0.05683296 0.01901096 0.02510696
v -0.05518996 0.01902794 0.02946400
v -0.05182695 0.01903098 0.03564298
v -0.04293698 0.00918198 0.05180299
v -0.05622696 0.00918496 0.03694695
v -0.05489397 0.01380997 0.03655695
v -0.05182695 0.01903098 0.03564298
v -0.04013597 0.01902997 0.04843497
v -0.04284399 -0.00161594 0.05168497
v -0.05000698 -0.00162798 0.04477995
v -0.05607295 -0.00165099 0.03689497
v -0.05641800 0.00789798 0.03700596
v -0.02576398 0.00916696 0.06218194
v -0.02571696 -0.00160795 0.06204098
v -0.04273098 -0.00161498 0.05177897
v -0.03919595 0.01902896 0.04920095
v -0.02407199 0.01901800 0.05814296
v -0.03919595 0.01902896 0.04920095
v -0.04013597 0.01902997 0.04843497
v -0.05182695 0.01903098 0.03564298
v -0.05181294 0.01904398 0.03564798
v -0.05179595 0.01905995 0.03564995
v -0.05175197 0.01910197 0.03564900
v -0.05163598 0.01921999 0.03562897
v -0.05135995 0.01947695 0.03556799
v -0.05105495 0.01972895 0.03549897
v -0.05090296 0.01984095 0.03546994
v -0.05083698 0.01988297 0.03546297
v -0.05080896 0.01989895 0.03546398
v -0.05079698 0.01990598 0.03546500
v -0.05079096 0.01990795 0.03546595
v -0.05078595 0.01990896 0.03546696
v -0.04506796 0.01991099 0.04249095
v -0.03859800 0.01990795 0.04845196
v -0.02317398 0.01901800 0.05850899
v -0.02407199 0.01901800 0.05814296
v -0.03830599 0.01990795 0.04868298
v -0.02281796 0.01989698 0.05761897
v -0.00629896 0.00914199 0.06705498
v -0.02317398 0.01901800 0.05850899
v -0.00586498 0.01899194 0.06270294
v -0.00513995 0.01899099 0.06276899
v -0.00586498 0.01899194 0.06270294
v -0.02253997 0.01989698 0.05772894
v -0.00505894 0.01986897 0.06181895
v -0.02930295 0.02796798 0.03727096
v -0.02725595 0.02878695 0.03637999
v -0.02495598 0.02996999 0.03417897
v -0.02445000 0.03021895 0.03365999
v -0.01630097 0.03021097 0.03830200
v -0.01745599 0.02944600 0.04013299
v -0.01784896 0.02850794 0.04255199
v -0.01737695 0.02776598 0.04460799
v -0.02253997 0.01989698 0.05772894
v -0.02281796 0.01989698 0.05761897
v -0.03830599 0.01990795 0.04868298
v -0.03859800 0.01990795 0.04845196
v -0.04506796 0.01991099 0.04249095
v -0.05078595 0.01990896 0.03546696
v -0.03648197 0.02774798 0.03104895
v -0.03581398 0.02698999 0.03425896
v -0.03481096 0.02686899 0.03563398
v -0.03346395 0.02695399 0.03666198
v -0.03025895 0.02765798 0.03740298
v -0.03077197 0.02948296 0.03803795
v -0.02979695 0.02979999 0.03789800
v -0.02770400 0.03064095 0.03697699
v -0.02725595 0.02878695 0.03637999
v -0.02930295 0.02796798 0.03727096
v -0.03025895 0.02765798 0.03740298
v -0.02534699 0.03185498 0.03471398
v -0.02495598 0.02996999 0.03417897
v -0.02484196 0.03210300 0.03419494
v -0.02303296 0.03292900 0.03233397
v -0.02269697 0.03101700 0.03186196
v -0.02445000 0.03021895 0.03365999
v -0.03898596 0.02158099 0.04954695
v -0.02322298 0.02156895 0.05863898
v -0.02293998 0.02156895 0.05875098
v -0.01767200 0.02959400 0.04536294
v -0.01814496 0.03035396 0.04325598
v -0.01773595 0.03131699 0.04077500
v -0.01656699 0.03209495 0.03890997
v -0.02484196 0.03210300 0.03419494
v -0.02534699 0.03185498 0.03471398
v -0.02770400 0.03064095 0.03697699
v -0.02979695 0.02979999 0.03789800
v -0.00882298 0.03612899 0.02285498
v -0.01594495 0.03531998 0.02504199
v -0.01832598 0.03465294 0.02749198
v -0.02069097 0.03385895 0.02992397
v -0.02303296 0.03292900 0.03233397
v -0.01631295 0.03221094 0.03864699
v -0.01415795 0.03311300 0.03642898
v -0.02069097 0.03385895 0.02992397
v -0.02040594 0.03192299 0.02951300
v -0.01395195 0.03119599 0.03590095
v -0.01606500 0.03031694 0.03806096
v -0.02269697 0.03101700 0.03186196
v -0.02040594 0.03192299 0.02951300
v -0.01808995 0.03269594 0.02713799
v -0.01575398 0.03335195 0.02474099
v -0.00872797 0.03414696 0.02260798
v -0.01832598 0.03465294 0.02749198
v -0.01808995 0.03269594 0.02713799
v -0.01594495 0.03531998 0.02504199
v -0.01575398 0.03335195 0.02474099
v 0.00053900 0.03537195 0.00803095
v -0.00496697 0.03507596 0.01367998
v -0.01575398 0.03335195 0.02474099
v -0.01594495 0.03531998 0.02504199
v -0.00511598 0.03706395 0.01389998
v 0.00054000 0.03737097 0.00808096
v -0.00270694 0.03453999 0.02074795
v -0.00872797 0.03414696 0.02260798
v -0.01575398 0.03335195 0.02474099
v -0.00496697 0.03507596 0.01367998
v -0.00511598 0.03706395 0.01389998
v -0.01594495 0.03531998 0.02504199
v -0.00882298 0.03612899 0.02285498
v -0.00285494 0.03652298 0.02099496
v -0.00145996 0.03658199 0.02057194
v -0.00285494 0.03652298 0.02099496
v -0.01261997 0.03368097 0.03484499
v -0.00514799 0.03566795 0.02714896
v -0.00170696 0.03623396 0.02360695
v -0.00145996 0.03658199 0.02057194
v 0.00240099 0.03668797 0.01937896
v 0.01134395 0.03702795 0.01017999
v 0.01265299 0.03701096 0.00883394
v 0.00965595 0.03721100 -0.00129700
v 0.00054000 0.03737097 0.00808096
v 0.00240099 0.03668797 0.01937896
v 0.01134395 0.03702795 0.01017999
v 0.00240099 0.03668797 0.01937896
v 0.00237596 0.03469699 0.01919198
v 0.01124197 0.03503197 0.01009196
v -0.00508797 0.03368997 0.02683699
v -0.00168997 0.03424596 0.02335900
v 0.00237596 0.03469699 0.01919198
v 0.00240099 0.03668797 0.01937896
v -0.00170696 0.03623396 0.02360695
v -0.00514799 0.03566795 0.02714896
v -0.00144696 0.03459197 0.02036899
v 0.00237596 0.03469699 0.01919198
v -0.00168997 0.03424596 0.02335900
v 0.00053900 0.03537195 0.00803095
v 0.00951695 0.03521698 -0.00118399
v 0.01247495 0.03501695 0.00882595
v 0.01124197 0.03503197 0.01009196
v 0.00237596 0.03469699 0.01919198
v -0.00144696 0.03459197 0.02036899
v -0.00508797 0.03368997 0.02683699
v -0.01244497 0.03174895 0.03435999
v -0.00270694 0.03453999 0.02074795
v 0.02029198 0.03653299 0.00098000
v 0.01265299 0.03701096 0.00883394
v 0.01247495 0.03501695 0.00882595
v 0.02009195 0.03454399 0.00099700
v 0.01689696 0.03444498 -0.00877297
v 0.02401095 0.03296095 -0.01611298
v 0.02702200 0.03340995 -0.00614196
v 0.02009195 0.03454399 0.00099700
v 0.02919900 0.03493297 -0.00817198
v 0.02749699 0.03534597 -0.00642395
v 0.02702200 0.03340995 -0.00614196
v 0.02884298 0.03297096 -0.00802195
v 0.02029198 0.03653299 0.00098000
v 0.02749699 0.03534597 -0.00642395
v 0.02445799 0.03488397 -0.01650696
v 0.01705998 0.03643399 -0.00890899
v 0.00965595 0.03721100 -0.00129700
v 0.01705998 0.03643399 -0.00890899
v 0.01689696 0.03444498 -0.00877297
v 0.00951695 0.03521698 -0.00118399
v 0.02445799 0.03488397 -0.01650696
v 0.02690798 0.03415495 -0.01902097
v 0.03330898 0.03161400 -0.02558499
v 0.03279000 0.02971994 -0.02520698
v 0.02670997 0.03215497 -0.01890498
v 0.02401095 0.03296095 -0.01611298
v 0.02919900 0.03493297 -0.00817198
v 0.03793299 0.03180295 -0.01713395
v 0.04021799 0.03073400 -0.01905298
v 0.04225397 0.02987897 -0.01968199
v 0.03695797 0.02955698 -0.02977496
v 0.03632098 0.02771598 -0.02932095
v 0.04143399 0.02808898 -0.01930797
v 0.03957498 0.02886998 -0.01871496
v 0.03735595 0.02991199 -0.01683294
v 0.02884298 0.03297096 -0.00802195
v 0.03755098 0.02863395 -0.03251498
v 0.03687494 0.02681797 -0.03202098
v 0.03677999 0.02813696 -0.03531295
v 0.03609496 0.02633297 -0.03478896
v 0.03474599 0.02826899 -0.03743594
v 0.03409099 0.02645599 -0.03690195
v 0.03201299 0.02894598 -0.03832697
v 0.03141897 0.02710896 -0.03780698
v 0.02924996 0.02990394 -0.03787899
v 0.02872300 0.02803695 -0.03739094
v 0.02698099 0.03090798 -0.03624600
v 0.02651697 0.02901500 -0.03579699
v 0.02032095 0.03357797 -0.02941495
v 0.01075196 0.03586494 -0.01959395
v 0.01064795 0.03388094 -0.01937097
v 0.01988500 0.03167599 -0.02892297
v 0.01546496 0.03277498 -0.03760898
v 0.00868297 0.03454095 -0.03065299
v 0.00253499 0.03557699 -0.02434200
v 0.00566298 0.03656798 -0.01436597
v 0.00687695 0.03642696 -0.01561295
v 0.01075196 0.03586494 -0.01959395
v 0.01546496 0.03277498 -0.03760898
v 0.01702398 0.03224498 -0.03921198
v 0.01833397 0.03155195 -0.04149699
v 0.01798999 0.02962696 -0.04107898
v 0.01658099 0.03035795 -0.03866797
v 0.01520997 0.03082495 -0.03724497
v 0.00868297 0.03454095 -0.03065299
v 0.00856894 0.03256499 -0.03036600
v 0.01064795 0.03388094 -0.01937097
v 0.00682294 0.03443598 -0.01542794
v 0.00555998 0.03458297 -0.01412695
v 0.00244796 0.03359895 -0.02404195
v 0.00856894 0.03256499 -0.03036600
v 0.01520997 0.03082495 -0.03724497
v -0.00509399 0.03632897 -0.01650500
v 0.00253499 0.03557699 -0.02434200
v 0.00244796 0.03359895 -0.02404195
v -0.00503796 0.03433799 -0.01632499
v 0.00461799 0.03468197 -0.01315695
v 0.00403595 0.03473800 -0.01255798
v 0.00388795 0.03475195 -0.01240599
v 0.00385100 0.03475499 -0.01236796
v 0.00383299 0.03475695 -0.01234894
v 0.00382399 0.03475797 -0.01233994
v 0.00382399 0.03475797 -0.01233994
v 0.00381994 0.03475797 -0.01233500
v 0.00381899 0.03475797 -0.01233500
v 0.00381195 0.03475898 -0.01232796
v 0.00375199 0.03476399 -0.01226496
v 0.00336695 0.03479897 -0.01186996
v -0.01148396 0.03471899 -0.00726795
v -0.01204699 0.03457397 -0.00910396
v -0.01174896 0.03457295 -0.00941199
v -0.01078695 0.03456497 -0.01040196
v -0.01066499 0.03456300 -0.01052796
v -0.01064997 0.03456300 -0.01054298
v -0.01064294 0.03456300 -0.01055097
v -0.01063996 0.03456300 -0.01055395
v -0.01063895 0.03456300 -0.01055496
v -0.01062500 0.03456300 -0.01056897
v -0.01059800 0.03456199 -0.01059800
v -0.01048296 0.03455996 -0.01071596
v -0.01023298 0.03455597 -0.01097398
v -0.00895000 0.03452396 -0.01229494
v -0.00503796 0.03433799 -0.01632499
v -0.00904495 0.03651696 -0.01244598
v -0.00895000 0.03452396 -0.01229494
v -0.01033997 0.03654795 -0.01111400
v -0.01023298 0.03455597 -0.01097398
v -0.00509399 0.03632897 -0.01650500
v -0.00904495 0.03651696 -0.01244598
v -0.01033997 0.03654795 -0.01111400
v -0.01059299 0.03655296 -0.01085394
v -0.01070898 0.03655397 -0.01073497
v -0.01073700 0.03655499 -0.01070696
v -0.01074999 0.03655499 -0.01069295
v -0.01075196 0.03655499 -0.01069098
v -0.01075398 0.03655499 -0.01068896
v -0.01076197 0.03655499 -0.01068097
v -0.01077699 0.03655499 -0.01066499
v -0.01089996 0.03655695 -0.01053899
v -0.01187199 0.03656595 -0.00953996
v -0.01227694 0.03656697 -0.00912398
v -0.01169794 0.03671497 -0.00723899
v 0.00322700 0.03680598 -0.01186299
v 0.00325495 0.03680396 -0.01189094
v 0.00377196 0.03675794 -0.01242196
v 0.00383299 0.03675198 -0.01248598
v 0.00384396 0.03675097 -0.01249694
v 0.00384498 0.03675097 -0.01249796
v 0.00384498 0.03675097 -0.01249796
v 0.00385398 0.03674995 -0.01250696
v 0.00387299 0.03674900 -0.01252597
v 0.00390995 0.03674495 -0.01256400
v 0.00405896 0.03673100 -0.01271694
v 0.00464696 0.03667396 -0.01332199
v -0.01059299 0.03655296 -0.01085394
v -0.01048296 0.03455996 -0.01071596
v -0.01070898 0.03655397 -0.01073497
v -0.01059800 0.03456199 -0.01059800
v -0.01073700 0.03655499 -0.01070696
v -0.01062500 0.03456300 -0.01056897
v -0.01074999 0.03655499 -0.01069295
v -0.01063895 0.03456300 -0.01055496
v -0.01075196 0.03655499 -0.01069098
v -0.01063996 0.03456300 -0.01055395
v -0.01075398 0.03655499 -0.01068896
v -0.01064294 0.03456300 -0.01055097
v -0.01076197 0.03655499 -0.01068097
v -0.01064997 0.03456300 -0.01054298
v -0.01077699 0.03655499 -0.01066499
v -0.01066499 0.03456300 -0.01052796
v -0.01089996 0.03655695 -0.01053899
v -0.01078695 0.03456497 -0.01040196
v -0.01187199 0.03656595 -0.00953996
v -0.01174896 0.03457295 -0.00941199
v -0.01892298 0.03634196 -0.00229800
v -0.01517200 0.03652596 -0.00615096
v -0.01227694 0.03656697 -0.00912398
v -0.01204699 0.03457397 -0.00910396
v -0.01485496 0.03453898 -0.00621098
v -0.01871395 0.03435397 -0.00223094
v -0.01485496 0.03453898 -0.00621098
v -0.00898898 0.03516697 0.00083300
v -0.02200096 0.03377199 0.01421898
v -0.02336597 0.03347498 0.01562297
v -0.02652096 0.03338795 0.00582796
v -0.01871395 0.03435397 -0.00223094
v 0.00323999 0.03480994 -0.01173895
v -0.00568998 0.03520697 -0.00255799
v 0.00377196 0.03675794 -0.01242196
v 0.00325495 0.03680396 -0.01189094
v 0.00323999 0.03480994 -0.01173895
v 0.00336695 0.03479897 -0.01186996
v 0.00375199 0.03476399 -0.01226496
v 0.00322700 0.03680598 -0.01186299
v -0.00575399 0.03720498 -0.00262797
v -0.00568998 0.03520697 -0.00255799
v 0.00383299 0.03675198 -0.01248598
v 0.00381195 0.03475898 -0.01232796
v 0.00384396 0.03675097 -0.01249694
v 0.00381899 0.03475797 -0.01233500
v 0.00384498 0.03675097 -0.01249796
v 0.00381994 0.03475797 -0.01233500
v 0.00384498 0.03675097 -0.01249796
v 0.00382399 0.03475797 -0.01233994
v 0.00384498 0.03675097 -0.01249796
v 0.00382399 0.03475797 -0.01233994
v 0.00385398 0.03674995 -0.01250696
v 0.00383299 0.03475695 -0.01234894
v 0.00387299 0.03674900 -0.01252597
v 0.00385100 0.03475499 -0.01236796
v 0.00390995 0.03674495 -0.01256400
v 0.00388795 0.03475195 -0.01240599
v 0.00405896 0.03673100 -0.01271694
v 0.00403595 0.03473800 -0.01255798
v 0.00464696 0.03667396 -0.01332199
v 0.00461799 0.03468197 -0.01315695
v 0.00687695 0.03642696 -0.01561295
v 0.00566298 0.03656798 -0.01436597
v 0.00555998 0.03458297 -0.01412695
v 0.00682294 0.03443598 -0.01542794
v -0.00918698 0.03716099 0.00090100
v -0.00575399 0.03720498 -0.00262797
v -0.00918698 0.03716099 0.00090100
v -0.02227097 0.03574895 0.01434898
v -0.02200096 0.03377199 0.01421898
v -0.00898898 0.03516697 0.00083300
v -0.01517200 0.03652596 -0.00615096
v -0.01892298 0.03634196 -0.00229800
v -0.02705895 0.03532296 0.00605595
v -0.02385795 0.03540098 0.01598095
v -0.02227097 0.03574895 0.01434898
v -0.02385795 0.03540098 0.01598095
v -0.03044295 0.03337597 0.02274698
v -0.02999800 0.03144896 0.02244997
v -0.02336597 0.03347498 0.01562297
v -0.03269195 0.03396600 0.01183599
v -0.03953695 0.03137099 0.01855200
v -0.04166895 0.03049999 0.01931196
v -0.03722000 0.02952498 0.03161299
v -0.03709995 0.02957600 0.03157496
v -0.03623896 0.03056597 0.02892094
v -0.03441596 0.03159999 0.02683097
v -0.03044295 0.03337597 0.02274698
v -0.03441596 0.03159999 0.02683097
v -0.03387099 0.02971798 0.02643096
v -0.02999800 0.03144896 0.02244997
v -0.03387099 0.02971798 0.02643096
v -0.03564697 0.02871096 0.02846497
v -0.03889095 0.02949297 0.01831096
v -0.03222495 0.03202396 0.01172399
v -0.03269195 0.03396600 0.01183599
v -0.02705895 0.03532296 0.00605595
v -0.02652096 0.03338795 0.00582796
v -0.03222495 0.03202396 0.01172399
v -0.03953695 0.03137099 0.01855200
v -0.03889095 0.02949297 0.01831096
v -0.04172599 0.03047800 0.01931995
v -0.04166895 0.03049999 0.01931196
v -0.04078298 0.02871894 0.01901894
v -0.04102295 0.02862298 0.01905798
v -0.04404300 0.02957397 0.01920497
v -0.04328197 0.02774298 0.01893800
v -0.04172599 0.03047800 0.01931995
v -0.04404300 0.02957397 0.01920497
v -0.05688798 0.02157497 0.02536797
v -0.05168795 0.02157795 0.03609699
v -0.03077197 0.02948296 0.03803795
v -0.03404098 0.02876096 0.03729397
v -0.03541195 0.02867496 0.03624898
v -0.03643095 0.02879798 0.03484898
v -0.03709995 0.02957600 0.03157496
v -0.03722000 0.02952498 0.03161299
v -0.05168795 0.02157795 0.03609699
v -0.04586696 0.02158498 0.04324400
v -0.03928297 0.02158194 0.04931098
v -0.03928297 0.02158194 0.04931098
v -0.04586696 0.02158498 0.04324400
v -0.05168795 0.02157795 0.03609699
v -0.05314099 0.02023500 0.03654700
v -0.04115295 0.02023798 0.04966098
v -0.04018896 0.02023696 0.05044597
v -0.05827498 0.02023094 0.02579796
v -0.05660498 0.02023398 0.03021299
v -0.05314099 0.02023500 0.03654700
v -0.05168795 0.02157795 0.03609699
v -0.05688798 0.02157497 0.02536797
v -0.05643397 0.01458096 0.03757196
v -0.05314099 0.02023500 0.03654700
v -0.05660498 0.02023398 0.03021299
v -0.05993396 0.01452195 0.03088897
v -0.04115295 0.02023798 0.04966098
v -0.05314099 0.02023500 0.03654700
v -0.05643397 0.01458096 0.03757196
v -0.05785799 0.00965399 0.03801196
v -0.04418098 0.00965095 0.05330199
v -0.05808597 0.00814200 0.03808200
v -0.05785799 0.00965399 0.03801196
v -0.05827498 0.02023094 0.02579796
v -0.05900698 0.02022898 0.02339595
v -0.06100195 0.02021998 0.01416599
v -0.06100195 0.02021998 0.01416599
v -0.05900698 0.02022898 0.02339595
v -0.05756896 0.02157396 0.02317398
v -0.05963599 0.02156496 0.01372998
v -0.06173294 0.02021497 0.00859296
v -0.06032699 0.02155995 0.00849598
v -0.04617995 0.02879399 0.01819700
v -0.04474699 0.02930897 0.01898396
v -0.04536598 0.02698397 0.01794195
v -0.04779696 0.02829098 0.01637899
v -0.04694497 0.02649396 0.01614999
v -0.04856300 0.02820199 0.01401394
v -0.04769694 0.02640897 0.01381897
v -0.05808597 0.00814200 0.03808200
v -0.05771797 -0.00200396 0.03797596
v -0.04409795 -0.00200694 0.05319499
v -0.04398000 -0.00200694 0.05329197
v -0.02647000 -0.00202196 0.06384795
v -0.02651196 0.00963599 0.06398099
v -0.02468299 0.02022695 0.05961495
v -0.04018896 0.02023696 0.05044597
v -0.02634894 -0.00202196 0.06389796
v -0.00648898 -0.00204896 0.06884998
v -0.00648498 0.00960899 0.06899398
v -0.00601596 0.02019798 0.06429296
v -0.02376198 0.02022695 0.05998897
v -0.00638998 -0.00204896 0.06885999
v 0.01407897 -0.00208395 0.06775701
v 0.01413094 0.00957400 0.06789898
v 0.01320099 0.02017295 0.06326800
v -0.00527400 0.02019596 0.06435996
v -0.00514996 0.02153701 0.06291699
v -0.02293998 0.02156895 0.05875098
v -0.02322298 0.02156895 0.05863898
v -0.02376198 0.02022695 0.05998897
v -0.00601596 0.02019798 0.06429296
v -0.00527400 0.02019596 0.06435996
v 0.01338696 0.02151095 0.06174600
v -0.00491995 0.02153701 0.06293696
v 0.01320099 0.02017295 0.06326800
v 0.01368695 0.02017200 0.06316697
v 0.03127199 0.02012795 0.05664896
v 0.01368695 0.02017200 0.06316697
v 0.03351396 0.00953299 0.06079196
v 0.03079396 0.02146500 0.05526494
v 0.01353996 0.02151000 0.06171298
v 0.03127199 0.02012795 0.05664896
v 0.03148996 0.02012699 0.05652999
v 0.04995095 0.00948996 0.04830098
v 0.04659396 0.02008497 0.04500395
v 0.03148996 0.02012699 0.05652999
v 0.03341698 -0.00212496 0.06066596
v 0.03344398 -0.00212496 0.06065195
v 0.04981696 -0.00216698 0.04820400
v 0.04995095 0.00948900 0.04830098
v 0.01414197 -0.00208395 0.06774395
v 0.05675595 0.02005398 0.03134900
v 0.05651295 0.02005499 0.03178197
v 0.04659396 0.02008497 0.04500395
v 0.04995095 0.00948996 0.04830098
v 0.04995095 0.00948900 0.04830098
v 0.06085497 0.00945300 0.03365498
v 0.04981696 -0.00216698 0.04820400
v 0.06066799 -0.00220394 0.03364199
v 0.06069594 -0.00220394 0.03359198
v 0.06066799 -0.00220394 0.03364199
v 0.04981696 -0.00216698 0.04820400
v 0.04915899 -0.00500494 0.04757195
v 0.05986696 -0.00504094 0.03320199
v 0.06736296 -0.00223696 0.01676100
v 0.06069594 -0.00220394 0.03359198
v 0.06647396 -0.00507295 0.01654297
v 0.04600298 -0.01437097 0.04472094
v 0.06736296 -0.00223696 0.01676100
v 0.06739097 -0.00223696 0.01664894
v 0.06756597 0.00941998 0.01667398
v 0.06852596 -0.00509900 -0.00125998
v 0.06936496 -0.00264597 -0.00127697
v 0.06944197 -0.00226295 -0.00127900
v 0.06739097 -0.00223696 0.01664894
v 0.06944197 -0.00226295 -0.00127900
v 0.06984400 0.00054700 -0.00140399
v 0.06984496 0.00785899 -0.00141096
v 0.06962096 0.00939399 -0.00134295
v 0.06799495 0.01484894 -0.00084200
v 0.06493699 0.02000296 0.00009400
v 0.06300801 0.02002894 0.01551795
v 0.06276100 0.02002996 0.01647895
v 0.06930899 0.00780398 -0.00680697
v 0.06869500 0.01029700 -0.00793600
v 0.06631296 0.01476997 -0.01204395
v 0.06627500 0.01481699 -0.01211094
v 0.06799495 0.01484894 -0.00084200
v 0.06962096 0.00939399 -0.00134295
v 0.06984496 0.00785899 -0.00141096
v 0.06984400 0.00054700 -0.00140399
v 0.06943196 0.00051700 -0.00619495
v 0.06963598 0.00415599 -0.00606096
v 0.06869500 0.01029700 -0.00793600
v 0.06930899 0.00780398 -0.00680697
v 0.06963598 0.00415599 -0.00606096
v 0.06942999 0.00418097 -0.00689495
v 0.06851196 0.01002299 -0.00876796
v 0.06631296 0.01476997 -0.01204395
v 0.06625300 0.01422899 -0.01278096
v 0.06911599 0.00426096 -0.00767696
v 0.06818300 0.00986099 -0.00958300
v 0.06598299 0.01378995 -0.01355296
v 0.06869095 0.00427300 -0.00843197
v 0.06777095 0.00952995 -0.01030498
v 0.06565898 0.01317000 -0.01414495
v 0.05782794 0.01579195 -0.02905195
v 0.06043195 0.01585495 -0.02392798
v 0.06307899 0.01510798 -0.01888495
v 0.06565898 0.01317000 -0.01414495
v 0.06777095 0.00952995 -0.01030498
v 0.06869095 0.00427300 -0.00843197
v 0.06813895 -0.00133997 -0.00907797
v 0.06596499 -0.00615799 -0.01264399
v 0.06319797 -0.00927097 -0.01761096
v 0.06041699 -0.01151496 -0.02301996
v 0.05754595 -0.01218098 -0.02877295
v 0.06851899 -0.00166196 -0.00837695
v 0.06813895 -0.00133997 -0.00907797
v 0.06596499 -0.00615799 -0.01264399
v 0.06813895 -0.00133997 -0.00907797
v 0.06851899 -0.00166196 -0.00837695
v 0.06866496 -0.00181597 -0.00801796
v 0.06624996 -0.00694495 -0.01172000
v 0.06878995 -0.00196898 -0.00764894
v 0.06866496 -0.00181597 -0.00801796
v 0.06878995 -0.00196898 -0.00764894
v 0.06895196 -0.00226897 -0.00686896
v 0.06783896 -0.00509900 -0.00829095
v 0.06627798 -0.00766796 -0.01067996
v 0.06943196 0.00051700 -0.00619495
v 0.06895196 -0.00226897 -0.00686896
v 0.06839698 -0.00509995 -0.00391197
v 0.06783896 -0.00509900 -0.00829095
v 0.06895196 -0.00226897 -0.00686896
v 0.06936496 -0.00264597 -0.00127697
v 0.06903499 -0.00364095 -0.00285000
v 0.06863898 -0.00459194 -0.00363099
v 0.06895196 -0.00226897 -0.00686896
v 0.06943196 0.00051700 -0.00619495
v 0.06984400 0.00054700 -0.00140399
v 0.06944197 -0.00226295 -0.00127900
v 0.06555396 -0.00872398 -0.01198297
v 0.06551295 -0.00877994 -0.01205897
v 0.06549197 -0.00880897 -0.01209795
v 0.06548196 -0.00882399 -0.01211798
v 0.06547796 -0.00882995 -0.01212596
v 0.06547600 -0.00883198 -0.01212799
v 0.06545197 -0.00886500 -0.01217299
v 0.06539797 -0.00893998 -0.01227498
v 0.06526595 -0.00911999 -0.01252496
v 0.06490695 -0.00959694 -0.01321399
v 0.06341201 -0.01136797 -0.01619797
v 0.06341797 -0.01034200 -0.01695698
v 0.06750196 -0.00699496 -0.00438297
v 0.06839698 -0.00509995 -0.00391197
v 0.06863898 -0.00459194 -0.00363099
v 0.06749999 -0.00698298 -0.00359499
v 0.06636101 -0.00964999 -0.00355899
v 0.06689298 -0.00837594 -0.00419396
v 0.06602299 -0.01049095 -0.00275695
v 0.06751000 -0.00697696 -0.00280297
v 0.06903499 -0.00364095 -0.00285000
v 0.06765198 -0.00701797 -0.00123095
v 0.06570297 -0.01129895 -0.00116396
v 0.06936496 -0.00264597 -0.00127697
v 0.06852596 -0.00509900 -0.00125998
v 0.06319797 -0.00927097 -0.01761096
v 0.06165295 -0.01305794 -0.01975196
v 0.06126797 -0.01336598 -0.02052599
v 0.06126195 -0.01337099 -0.02053797
v 0.06126099 -0.01337200 -0.02054095
v 0.06126099 -0.01337200 -0.02054095
v 0.06126099 -0.01337200 -0.02054095
v 0.06125998 -0.01337200 -0.02054095
v 0.06125897 -0.01337295 -0.02054399
v 0.06125599 -0.01337498 -0.02055096
v 0.06124699 -0.01338195 -0.02056795
v 0.06122297 -0.01339995 -0.02061694
v 0.06114399 -0.01345998 -0.02077698
v 0.06307899 0.01510798 -0.01888495
v 0.06326997 0.01589298 -0.01848399
v 0.06043195 0.01585495 -0.02392798
v 0.06048899 0.01670295 -0.02374094
v 0.06045198 0.01746195 -0.02340197
v 0.06339895 0.01654499 -0.01788598
v 0.06021296 0.01821094 -0.02305799
v 0.06329900 0.01723796 -0.01732796
v 0.06591296 0.01522594 -0.01273196
v 0.06627500 0.01481699 -0.01211094
v 0.05889695 0.01998597 -0.02275496
v 0.06316399 0.01999199 -0.01174497
v 0.06322097 0.01999294 -0.01154398
v 0.06591296 0.01522594 -0.01273196
v 0.06329900 0.01723796 -0.01732796
v 0.06021296 0.01821094 -0.02305799
v 0.06009995 0.01822495 -0.02327197
v 0.05756896 0.01741999 -0.02904099
v 0.05742394 0.01779097 -0.02899497
v 0.05721700 0.01817399 -0.02891999
v 0.06009995 0.01822495 -0.02327197
v 0.05295699 0.01998198 -0.03332996
v 0.05881094 0.01998597 -0.02293199
v 0.05721700 0.01817399 -0.02891999
v 0.05483895 0.01758897 -0.03370797
v 0.05471998 0.01754599 -0.03395098
v 0.05747896 0.02133399 -0.02252995
v 0.06117397 0.02133899 -0.01337796
v 0.06179296 0.02134096 -0.01131796
v 0.06316399 0.01999199 -0.01174497
v 0.05889695 0.01998597 -0.02275496
v 0.05881094 0.01998597 -0.02293199
v 0.05158096 0.02132999 -0.03300899
v 0.05513697 0.02133196 -0.02704697
v 0.05295699 0.01998198 -0.03332996
v 0.05291199 0.01998198 -0.03340095
v 0.06117397 0.02133899 -0.01337796
v 0.05747896 0.02133399 -0.02252995
v 0.05513697 0.02133196 -0.02704697
v 0.04915899 0.02539795 -0.02544498
v 0.04312294 0.02953499 -0.01972895
v 0.04605197 0.02848696 -0.01891100
v 0.04824995 0.02794694 -0.01665496
v 0.04899895 0.02815496 -0.01356500
v 0.04811799 0.02899700 -0.01061397
v 0.04710400 0.02959299 -0.00935894
v 0.05158096 0.02132999 -0.03300899
v 0.04463195 0.02132695 -0.04282599
v 0.04126697 0.02132695 -0.04701298
v 0.04463195 0.02132695 -0.04282599
v 0.04598999 0.01997995 -0.04322695
v 0.04597795 0.01997995 -0.04324197
v 0.04598999 0.01997995 -0.04322695
v 0.05291199 0.01998198 -0.03340095
v 0.05253797 0.01649099 -0.03844398
v 0.05049097 0.01487797 -0.04272699
v 0.04935497 0.01488095 -0.04424697
v 0.04597795 0.01997995 -0.04324197
v 0.03830498 0.01997900 -0.05246698
v 0.03689795 0.02132797 -0.05203700
v 0.04126697 0.02132695 -0.04701298
v 0.04174995 0.01489096 -0.05352199
v 0.03830498 0.01997900 -0.05246698
v 0.05049097 0.01487797 -0.04272699
v 0.05253797 0.01649099 -0.03844398
v 0.05280900 0.01611799 -0.03835499
v 0.05471998 0.01754599 -0.03395098
v 0.05483895 0.01758897 -0.03370797
v 0.05507999 0.01720899 -0.03370499
v 0.05721700 0.01817399 -0.02891999
v 0.05742394 0.01779097 -0.02899497
v 0.05756896 0.01741999 -0.02904099
v 0.05757194 0.01741194 -0.02904200
v 0.05528396 0.01684695 -0.03362995
v 0.05305999 0.01579397 -0.03815895
v 0.05776494 0.01664298 -0.02908295
v 0.05776399 0.01665395 -0.02908295
v 0.05768197 0.01703798 -0.02906996
v 0.05757194 0.01741194 -0.02904200
v 0.05768197 0.01703798 -0.02906996
v 0.05545496 0.01649498 -0.03352296
v 0.05776399 0.01665395 -0.02908295
v 0.05559897 0.01613295 -0.03339999
v 0.05347895 0.01517796 -0.03766900
v 0.05328297 0.01548999 -0.03792095
v 0.05142295 0.01367294 -0.04181498
v 0.04948699 0.01137298 -0.04565399
v 0.05363899 0.01482498 -0.03741997
v 0.05162400 0.01339298 -0.04145795
v 0.04971599 0.01120895 -0.04522496
v 0.04810094 0.00787896 -0.04824298
v 0.04786998 0.00788998 -0.04866999
v 0.04757797 0.00569695 -0.04909896
v 0.04735594 0.00563496 -0.04949694
v 0.04739195 0.00330197 -0.04925197
v 0.04718095 0.00318098 -0.04961794
v 0.04779899 -0.00139195 -0.04807496
v 0.04760295 -0.00161898 -0.04837399
v 0.04798799 -0.00115395 -0.04775595
v 0.04777795 0.00565695 -0.04868495
v 0.04758995 0.00337898 -0.04885697
v 0.04815995 -0.00091300 -0.04741698
v 0.04829299 0.00772500 -0.04782998
v 0.04987299 0.01089400 -0.04486495
v 0.05174398 0.01299798 -0.04118096
v 0.05372196 0.01439499 -0.03722995
v 0.05575698 0.01529598 -0.03316599
v 0.05570900 0.01573896 -0.03327298
v 0.05781698 0.01624095 -0.02907896
v 0.05776494 0.01664298 -0.02908295
v 0.05781698 0.01624095 -0.02907896
v 0.03689795 0.02132797 -0.05203700
v 0.03686499 0.02135598 -0.05202698
v 0.03153198 0.02502596 -0.05039495
v 0.04899895 0.02936697 0.00500697
v 0.06348800 0.02134996 0.00054000
v 0.06179296 0.02134096 -0.01131796
v 0.04572796 0.03031200 -0.00794697
v 0.04399096 0.03113800 -0.00616396
v 0.04572796 0.03031200 -0.00794697
v 0.04710400 0.02959299 -0.00935894
v 0.04811799 0.02899700 -0.01061397
v 0.04731696 0.02717995 -0.01037096
v 0.04640597 0.02771997 -0.00921697
v 0.04489499 0.02850997 -0.00765497
v 0.04330497 0.02926599 -0.00601095
v 0.04899895 0.02815496 -0.01356500
v 0.04816699 0.02636098 -0.01326698
v 0.04640597 0.02771997 -0.00921697
v 0.04731696 0.02717995 -0.01037096
v 0.04816699 0.02636098 -0.01326698
v 0.04742199 0.02616000 -0.01630997
v 0.04526597 0.02668499 -0.01854300
v 0.04240494 0.02770400 -0.01936495
v 0.05403095 0.01973497 -0.02655899
v 0.05631798 0.01972097 -0.02221095
v 0.06007498 0.01969397 -0.01308000
v 0.04489499 0.02850997 -0.00765497
v 0.06065899 0.01968896 -0.01118695
v 0.06238496 0.01968300 0.00053000
v 0.04806596 0.02759295 0.00496000
v 0.05731898 0.01872497 -0.02244895
v 0.05738997 0.01872599 -0.02230298
v 0.06158596 0.01877999 -0.01147896
v 0.06158494 0.01877999 -0.01147794
v 0.06158494 0.01878100 -0.01147794
v 0.06158494 0.01878196 -0.01147794
v 0.06158298 0.01878297 -0.01147794
v 0.06158095 0.01878696 -0.01147699
v 0.06157499 0.01879495 -0.01147496
v 0.06155997 0.01881295 -0.01147097
v 0.06152099 0.01886099 -0.01146095
v 0.06141299 0.01898497 -0.01143199
v 0.06116700 0.01924198 -0.01135998
v 0.06065899 0.01968896 -0.01118695
v 0.06007498 0.01969397 -0.01308000
v 0.05631798 0.01972097 -0.02221095
v 0.06291598 0.01925098 0.00028600
v 0.06238496 0.01968395 0.00053000
v 0.06238496 0.01968395 0.00053000
v 0.06238496 0.01968395 0.00053000
v 0.06238496 0.01968300 0.00053000
v 0.06238496 0.01968300 0.00053000
v 0.06316399 0.01900398 0.00018400
v 0.06327199 0.01888400 0.00013600
v 0.06029498 0.01970797 0.01582497
v 0.06238496 0.01968300 0.00053000
v 0.06238496 0.01968300 0.00053000
v 0.06238496 0.01968300 0.00053000
v 0.06238496 0.01968300 0.00053000
v 0.06238496 0.01968395 0.00053000
v 0.06238496 0.01968395 0.00053000
v 0.06238496 0.01968395 0.00053000
v 0.06291598 0.01925098 0.00028600
v 0.06316399 0.01900398 0.00018400
v 0.06327199 0.01888400 0.00013600
v 0.06331199 0.01883697 0.00011300
v 0.06332695 0.01881897 0.00010200
v 0.06333297 0.01881098 0.00009700
v 0.06333500 0.01880794 0.00009400
v 0.06333500 0.01880699 0.00009300
v 0.06333595 0.01880598 0.00009200
v 0.06333696 0.01880496 0.00009200
v 0.06333798 0.01880395 0.00009100
v 0.06333798 0.01880395 0.00009100
v 0.06333798 0.01880395 0.00009100
v 0.06333696 0.01880395 0.00009000
v 0.06333696 0.01880395 0.00009000
v 0.06333696 0.01880395 0.00009000
v 0.06145697 0.01882594 0.01513797
v 0.06121599 0.01882696 0.01607096
v 0.06331199 0.01883697 0.00011300
v 0.06332695 0.01881897 0.00010200
v 0.06333297 0.01881098 0.00009700
v 0.06333500 0.01880794 0.00009400
v 0.06333500 0.01880699 0.00009300
v 0.06333595 0.01880598 0.00009200
v 0.06333696 0.01880496 0.00009200
v 0.06163597 0.01878100 -0.01130199
v 0.06333696 0.01880395 0.00009000
v 0.06333696 0.01880395 0.00009000
v 0.06333696 0.01880395 0.00009000
v 0.06333696 0.01880395 0.00009000
v 0.06333798 0.01880395 0.00009100
v 0.06333798 0.01880395 0.00009100
v 0.06333798 0.01880395 0.00009100
v 0.05849200 0.01711398 -0.02278298
v 0.05868196 0.01709395 -0.02241396
v 0.06162995 0.01624196 -0.01684099
v 0.06406897 0.01448297 -0.01241594
v 0.06163597 0.01878100 -0.01130199
v 0.06158596 0.01877999 -0.01147896
v 0.05738997 0.01872599 -0.02230298
v 0.05320495 0.01643198 -0.03323894
v 0.05343097 0.01650595 -0.03278797
v 0.05577898 0.01703995 -0.02811497
v 0.05731898 0.01872497 -0.02244895
v 0.05156499 0.01867997 -0.03268897
v 0.05153596 0.01867997 -0.03273499
v 0.05156499 0.01867997 -0.03268897
v 0.05403095 0.01973497 -0.02655899
v 0.05044496 0.01975500 -0.03249597
v 0.04782700 0.01407295 -0.04323500
v 0.04901897 0.01406699 -0.04164296
v 0.05112600 0.01552695 -0.03740495
v 0.05153596 0.01867997 -0.03273499
v 0.04474300 0.01865094 -0.04239594
v 0.04472196 0.01865094 -0.04242295
v 0.04474300 0.01865094 -0.04239594
v 0.04355597 0.01979297 -0.04212194
v 0.04355597 0.01979297 -0.04212194
v 0.05044496 0.01975500 -0.03249597
v 0.04014599 0.01981496 -0.04631495
v 0.03589898 0.01984995 -0.05113399
v 0.03719794 0.01863896 -0.05147796
v 0.04472196 0.01865094 -0.04242295
v 0.03719794 0.01863896 -0.05147796
v 0.04025995 0.01432996 -0.05228096
v 0.04037195 0.01409798 -0.05230897
v 0.04037195 0.01409798 -0.05230897
v 0.04510796 0.00712698 -0.04923397
v 0.04524695 0.00770098 -0.04899799
v 0.04684996 0.01150399 -0.04597395
v 0.04890197 0.01396298 -0.04187899
v 0.04901897 0.01406699 -0.04164296
v 0.04782700 0.01407295 -0.04323500
v 0.04037195 0.01409798 -0.05230897
v 0.04204297 0.00739699 -0.05273997
v 0.04206198 0.00712299 -0.05274397
v 0.01441097 0.00626897 -0.09094297
v 0.01314496 0.00030799 -0.09020596
v 0.01450198 0.00030299 -0.08739000
v 0.01438897 -0.00161696 -0.08613395
v 0.02973496 -0.00181497 -0.06487995
v 0.02941000 -0.00132800 -0.06541895
v 0.02928996 -0.00064400 -0.06580597
v 0.02938300 0.00011400 -0.06597596
v 0.02110898 0.00023499 -0.07643300
v 0.04165995 -0.00004900 -0.05258595
v 0.04499095 -0.00005400 -0.04885494
v 0.04470497 0.00275796 -0.04965299
v 0.04480600 0.00530499 -0.04968398
v 0.04498296 0.00531900 -0.04946297
v 0.04543799 0.00765794 -0.04876095
v 0.04524695 0.00770098 -0.04899799
v 0.04510796 0.00712698 -0.04923397
v 0.04480600 0.00530499 -0.04968398
v 0.04704099 0.01137197 -0.04577296
v 0.04693800 0.01142400 -0.04589396
v 0.04684996 0.01150399 -0.04597395
v 0.04561299 0.00769096 -0.04851394
v 0.04722100 0.01133197 -0.04552799
v 0.04514396 0.00538098 -0.04923999
v 0.04577499 0.00774598 -0.04826998
v 0.04738897 0.01132297 -0.04527294
v 0.04529297 0.00545698 -0.04902195
v 0.04592800 0.00780695 -0.04802596
v 0.04754799 0.01132398 -0.04501396
v 0.04543495 0.00553697 -0.04880499
v 0.04556995 0.00561398 -0.04858595
v 0.04607498 0.00786596 -0.04777997
v 0.04769998 0.01132094 -0.04475200
v 0.04515397 0.00298297 -0.04906499
v 0.04528599 0.00307196 -0.04887098
v 0.04541200 0.00315898 -0.04867297
v 0.04553598 0.00324499 -0.04846698
v 0.04570299 0.00568294 -0.04835897
v 0.04621696 0.00791096 -0.04752796
v 0.04565799 0.00332295 -0.04824894
v 0.04583299 0.00572997 -0.04811894
v 0.04635399 0.00791996 -0.04726797
v 0.04603898 -0.00137097 -0.04711794
v 0.04614597 -0.00121796 -0.04694795
v 0.04624897 -0.00106097 -0.04676795
v 0.04633897 -0.00091900 -0.04658997
v 0.04576796 0.00337195 -0.04802900
v 0.04594898 0.00571596 -0.04787695
v 0.04593598 -0.00156796 -0.04727095
v 0.04634296 -0.00093200 -0.04658198
v 0.04633897 -0.00091900 -0.04658997
v 0.04624897 -0.00106097 -0.04676795
v 0.04614597 -0.00121796 -0.04694795
v 0.04603898 -0.00137097 -0.04711794
v 0.04592800 -0.00151897 -0.04728394
v 0.04592096 -0.00152797 -0.04729497
v 0.04593497 -0.00156999 -0.04727095
v 0.04593497 -0.00157100 -0.04727095
v 0.04634594 -0.00094600 -0.04657399
v 0.04583895 -0.00162798 -0.04741096
v 0.04581296 -0.00165898 -0.04744696
v 0.04581099 -0.00166095 -0.04744899
v 0.04581296 -0.00165898 -0.04744696
v 0.04583895 -0.00162798 -0.04741096
v 0.04592096 -0.00152797 -0.04729497
v 0.04592800 -0.00151897 -0.04728394
v 0.04581099 -0.00166095 -0.04744899
v 0.04577296 -0.00170297 -0.04749995
v 0.04501599 0.00289696 -0.04925996
v 0.04568499 -0.00179595 -0.04761600
v 0.04577296 -0.00170297 -0.04749995
v 0.04565197 -0.00188297 -0.04765397
v 0.04565197 -0.00188297 -0.04765295
v 0.04593497 -0.00157297 -0.04727095
v 0.04568499 -0.00179595 -0.04761600
v 0.04564297 -0.00183696 -0.04767096
v 0.04486596 0.00281494 -0.04945796
v 0.04554694 -0.00191796 -0.04778897
v 0.04555195 -0.00191397 -0.04778295
v 0.04558199 -0.00189096 -0.04774695
v 0.04559600 -0.00187898 -0.04772895
v 0.04560995 -0.00186599 -0.04771095
v 0.04562497 -0.00185299 -0.04769295
v 0.04563999 -0.00183899 -0.04767400
v 0.04564297 -0.00183696 -0.04767096
v 0.04470497 0.00275796 -0.04965299
v 0.04499095 -0.00005400 -0.04885494
v 0.04539597 -0.00200296 -0.04796397
v 0.04540097 -0.00200099 -0.04795897
v 0.04540199 -0.00200099 -0.04795700
v 0.04542100 -0.00199396 -0.04793596
v 0.04545098 -0.00198096 -0.04790198
v 0.04551094 -0.00194395 -0.04783195
v 0.04551595 -0.00197500 -0.04782295
v 0.04555195 -0.00191397 -0.04778295
v 0.04554694 -0.00191796 -0.04778897
v 0.04551094 -0.00194395 -0.04783195
v 0.04551696 -0.00197596 -0.04782098
v 0.04558199 -0.00189096 -0.04774695
v 0.04551696 -0.00197596 -0.04782098
v 0.04559600 -0.00187898 -0.04772895
v 0.04545497 -0.00199795 -0.04789495
v 0.04545098 -0.00198096 -0.04790198
v 0.04545897 -0.00200194 -0.04788994
v 0.04551899 -0.00197798 -0.04781800
v 0.04551798 -0.00197697 -0.04781895
v 0.04551798 -0.00197697 -0.04781997
v 0.04542696 -0.00200194 -0.04792898
v 0.04543095 -0.00200796 -0.04792195
v 0.04542100 -0.00199396 -0.04793596
v 0.04546296 -0.00200695 -0.04788398
v 0.04552096 -0.00197995 -0.04781496
v 0.04543596 -0.00201500 -0.04791498
v 0.04546397 -0.00200999 -0.04788196
v 0.04541099 -0.00201696 -0.04794299
v 0.04541397 -0.00202197 -0.04793900
v 0.04552197 -0.00198198 -0.04781395
v 0.04546594 -0.00201297 -0.04787898
v 0.04552298 -0.00198400 -0.04781198
v 0.04541599 -0.00202596 -0.04793494
v 0.04565197 -0.00188399 -0.04765295
v 0.04565197 -0.00188297 -0.04765295
v 0.04565197 -0.00188297 -0.04765295
v 0.04565298 -0.00188500 -0.04765194
v 0.04546695 -0.00201696 -0.04787600
v 0.04552400 -0.00198597 -0.04780995
v 0.04565298 -0.00188595 -0.04765194
v 0.04593598 -0.00157899 -0.04726898
v 0.04593598 -0.00157696 -0.04726999
v 0.04593598 -0.00158197 -0.04726898
v 0.04635494 -0.00098100 -0.04655396
v 0.04635298 -0.00097400 -0.04655796
v 0.04593497 -0.00157398 -0.04727095
v 0.04593497 -0.00157500 -0.04726999
v 0.04593598 -0.00157595 -0.04726999
v 0.04565197 -0.00188297 -0.04765295
v 0.04563999 -0.00183899 -0.04767400
v 0.04562497 -0.00185299 -0.04769295
v 0.04560995 -0.00186599 -0.04771095
v 0.04593700 -0.00158400 -0.04726797
v 0.04635697 -0.00098800 -0.04654997
v 0.04593795 -0.00158996 -0.04726499
v 0.04636096 -0.00100196 -0.04654300
v 0.04565298 -0.00188697 -0.04765099
v 0.04565399 -0.00189096 -0.04764896
v 0.04552495 -0.00198800 -0.04780799
v 0.04552698 -0.00199396 -0.04780399
v 0.04565697 -0.00190097 -0.04764395
v 0.04542595 -0.00204695 -0.04791897
v 0.04543298 -0.00206900 -0.04790395
v 0.04594099 -0.00160396 -0.04725897
v 0.04596197 -0.00168795 -0.04721200
v 0.04544198 -0.00210095 -0.04788500
v 0.04545795 -0.00217700 -0.04784494
v 0.04639697 -0.00114000 -0.04646295
v 0.04636800 -0.00102997 -0.04652696
v 0.04547798 -0.00226999 -0.04779499
v 0.04548496 -0.00229699 -0.04778099
v 0.04548799 -0.00230897 -0.04777395
v 0.04548799 -0.00230998 -0.04777300
v 0.04548799 -0.00231195 -0.04777199
v 0.04548996 -0.00231797 -0.04776895
v 0.04549294 -0.00233096 -0.04776096
v 0.04551398 -0.00241900 -0.04771196
v 0.04645794 -0.00135899 -0.04633396
v 0.04553097 -0.00249398 -0.04767096
v 0.04553097 -0.00249398 -0.04766994
v 0.04553097 -0.00249398 -0.04766994
v 0.04553097 -0.00249398 -0.04766994
v 0.04553097 -0.00249398 -0.04767096
v 0.04553097 -0.00249398 -0.04767096
v 0.04553097 -0.00249499 -0.04766994
v 0.04553198 -0.00249696 -0.04766899
v 0.04553395 -0.00250399 -0.04766499
v 0.04553794 -0.00251997 -0.04765599
v 0.04554498 -0.00254900 -0.04763895
v 0.04555898 -0.00260395 -0.04760700
v 0.04563897 -0.00287396 -0.04743295
v 0.04658395 -0.00178796 -0.04606497
v 0.04555898 -0.00260395 -0.04760700
v 0.04554498 -0.00254900 -0.04763895
v 0.04553794 -0.00251997 -0.04765599
v 0.04553395 -0.00250399 -0.04766499
v 0.04553198 -0.00249696 -0.04766899
v 0.04553097 -0.00249499 -0.04766994
v 0.04553097 -0.00249398 -0.04767096
v 0.04553097 -0.00249398 -0.04767096
v 0.04553097 -0.00249398 -0.04766994
v 0.04553097 -0.00249398 -0.04766994
v 0.04553097 -0.00249398 -0.04766994
v 0.04553097 -0.00249398 -0.04767096
v 0.04551398 -0.00241900 -0.04771196
v 0.04549294 -0.00233096 -0.04776096
v 0.04548996 -0.00231797 -0.04776895
v 0.04548799 -0.00231195 -0.04777199
v 0.04548799 -0.00230998 -0.04777300
v 0.04548799 -0.00230897 -0.04777395
v 0.04548496 -0.00229699 -0.04778099
v 0.04547798 -0.00226999 -0.04779499
v 0.04130899 -0.00228799 -0.05245697
v 0.04125398 -0.00262100 -0.05243098
v 0.04545795 -0.00217700 -0.04784494
v 0.04544198 -0.00210095 -0.04788500
v 0.04133599 -0.00212300 -0.05246895
v 0.04543298 -0.00206900 -0.04790395
v 0.04542595 -0.00204695 -0.04791897
v 0.04542100 -0.00203598 -0.04792594
v 0.04541999 -0.00203300 -0.04792898
v 0.04134899 -0.00204599 -0.05247396
v 0.04541897 -0.00203097 -0.04793000
v 0.04541599 -0.00202596 -0.04793494
v 0.04541397 -0.00202197 -0.04793900
v 0.04541099 -0.00201696 -0.04794299
v 0.04540896 -0.00201398 -0.04794698
v 0.04135400 -0.00201196 -0.05247598
v 0.04541897 -0.00203097 -0.04793000
v 0.04541999 -0.00203300 -0.04792898
v 0.04542100 -0.00203598 -0.04792594
v 0.04540497 -0.00200898 -0.04795295
v 0.04540300 -0.00200796 -0.04795396
v 0.04135698 -0.00199598 -0.05247700
v 0.04540497 -0.00200898 -0.04795295
v 0.04540896 -0.00201398 -0.04794698
v 0.04539799 -0.00200397 -0.04796099
v 0.04540097 -0.00200600 -0.04795700
v 0.04540300 -0.00200796 -0.04795396
v 0.04540199 -0.00200099 -0.04795700
v 0.04540097 -0.00200099 -0.04795897
v 0.04540097 -0.00200600 -0.04795700
v 0.04135894 -0.00198895 -0.05247700
v 0.04539799 -0.00200397 -0.04796099
v 0.04539597 -0.00200296 -0.04796397
v 0.04136097 -0.00198096 -0.05247700
v 0.04539597 -0.00200296 -0.04796397
v 0.04539597 -0.00200296 -0.04796397
v 0.04499095 -0.00005400 -0.04885494
v 0.04165995 -0.00004900 -0.05258595
v 0.04136097 -0.00198096 -0.05247700
v 0.04577296 -0.00327695 -0.04715198
v 0.04563897 -0.00287396 -0.04743295
v 0.04113596 -0.00329400 -0.05237495
v 0.04577296 -0.00327695 -0.04715198
v 0.04593795 -0.00373900 -0.04680895
v 0.04685795 -0.00261694 -0.04549396
v 0.04088199 -0.00465000 -0.05225294
v 0.04628998 -0.00462395 -0.04608899
v 0.04593795 -0.00373900 -0.04680895
v 0.04747295 -0.00415999 -0.04424095
v 0.04628998 -0.00462395 -0.04608899
v 0.04661196 -0.00535596 -0.04543697
v 0.04889696 -0.00682897 -0.04140394
v 0.04816198 -0.00820595 -0.04236400
v 0.05167996 -0.01238697 -0.03547894
v 0.05411797 -0.01383197 -0.03068000
v 0.05411797 -0.01383197 -0.03068000
v 0.05411797 -0.01383095 -0.03068000
v 0.04641896 0.00789296 -0.04713100
v 0.04646897 0.00783598 -0.04701697
v 0.04803794 0.01116394 -0.04409897
v 0.04807597 0.01106095 -0.04400396
v 0.04797995 0.01123595 -0.04422599
v 0.04784595 0.01130098 -0.04448795
v 0.04989296 0.01336598 -0.04044795
v 0.04993897 0.01327794 -0.04034996
v 0.04977899 0.01347994 -0.04066598
v 0.04965096 0.01355499 -0.04089200
v 0.04951494 0.01361399 -0.04111695
v 0.05160695 0.01509696 -0.03689998
v 0.05171597 0.01499199 -0.03674000
v 0.05181598 0.01487594 -0.03657895
v 0.05383700 0.01589798 -0.03247898
v 0.05390298 0.01575499 -0.03239595
v 0.05376398 0.01603496 -0.03255897
v 0.05602496 0.01623898 -0.02817595
v 0.05601894 0.01628398 -0.02817696
v 0.05599999 0.01639497 -0.02817499
v 0.05598795 0.01645499 -0.02817398
v 0.05596596 0.01654696 -0.02816998
v 0.05368196 0.01616698 -0.03263497
v 0.05594694 0.01661998 -0.02816599
v 0.05592495 0.01669299 -0.02816098
v 0.05149197 0.01519697 -0.03705596
v 0.05359494 0.01629298 -0.03270298
v 0.05589699 0.01677799 -0.02815300
v 0.05587798 0.01683199 -0.02814799
v 0.05137097 0.01529794 -0.03720295
v 0.05350595 0.01641196 -0.03276097
v 0.05583900 0.01692497 -0.02813595
v 0.05582398 0.01695698 -0.02813094
v 0.05124497 0.01540398 -0.03733199
v 0.04906398 0.01381599 -0.04174798
v 0.04922294 0.01373195 -0.04155194
v 0.04937195 0.01366996 -0.04133898
v 0.05117696 0.01546800 -0.03738498
v 0.04897499 0.01388299 -0.04183495
v 0.05112600 0.01552695 -0.03740495
v 0.04901897 0.01406699 -0.04164296
v 0.04890197 0.01396298 -0.04187899
v 0.05343097 0.01650595 -0.03278797
v 0.05320495 0.01643198 -0.03323894
v 0.05577898 0.01703995 -0.02811497
v 0.05871599 0.01696896 -0.02250099
v 0.05870199 0.01704496 -0.02244496
v 0.05868196 0.01709395 -0.02241396
v 0.05849200 0.01711398 -0.02278298
v 0.05577898 0.01703995 -0.02811497
v 0.05582398 0.01695698 -0.02813094
v 0.05583900 0.01692497 -0.02813595
v 0.05872595 0.01682597 -0.02261197
v 0.05587798 0.01683199 -0.02814799
v 0.05589699 0.01677799 -0.02815300
v 0.06163996 0.01610398 -0.01699995
v 0.06160497 0.01598596 -0.01718896
v 0.06164497 0.01617795 -0.01690095
v 0.06445997 0.01391899 -0.01190298
v 0.06439197 0.01384794 -0.01214200
v 0.06448400 0.01397395 -0.01176995
v 0.06669896 0.00989097 -0.00787699
v 0.06674796 0.00994599 -0.00763297
v 0.06450599 0.01400995 -0.01163899
v 0.06448298 0.01403796 -0.01168096
v 0.06662297 0.00987798 -0.00812197
v 0.06430697 0.01378995 -0.01237797
v 0.06653398 0.00987500 -0.00836098
v 0.06155300 0.01587200 -0.01737999
v 0.06421196 0.01373100 -0.01261097
v 0.06643497 0.00987196 -0.00859499
v 0.06149095 0.01575595 -0.01756799
v 0.05872297 0.01667696 -0.02272397
v 0.05870997 0.01652199 -0.02283197
v 0.06141996 0.01562994 -0.01774799
v 0.06410896 0.01365995 -0.01283699
v 0.05868798 0.01635998 -0.02293199
v 0.05598795 0.01645499 -0.02817398
v 0.05599999 0.01639497 -0.02817499
v 0.05601894 0.01628398 -0.02817696
v 0.05594694 0.01661998 -0.02816599
v 0.05596596 0.01654696 -0.02816998
v 0.05866098 0.01619100 -0.02301895
v 0.06134694 0.01548296 -0.01791000
v 0.05602496 0.01623898 -0.02817595
v 0.05603897 0.01611000 -0.02817296
v 0.05395597 0.01560294 -0.03231698
v 0.05604100 0.01608198 -0.02817195
v 0.05603897 0.01611000 -0.02817296
v 0.05604100 0.01608198 -0.02817195
v 0.05863499 0.01601898 -0.02306395
v 0.05397897 0.01545494 -0.03226399
v 0.05190098 0.01473695 -0.03642696
v 0.05193299 0.01465100 -0.03636097
v 0.05194699 0.01456195 -0.03632199
v 0.04996299 0.01317197 -0.04028499
v 0.06128597 0.01529598 -0.01801198
v 0.06400096 0.01356095 -0.01304894
v 0.06390100 0.01339095 -0.01320898
v 0.06620699 0.00982594 -0.00905097
v 0.06608200 0.00973195 -0.00924999
v 0.06632596 0.00985998 -0.00882596
v 0.06727600 0.00432897 -0.00689000
v 0.06716597 0.00435698 -0.00710398
v 0.06737500 0.00429296 -0.00667495
v 0.06746298 0.00425500 -0.00645798
v 0.06668400 -0.00152498 -0.00758696
v 0.06676995 -0.00161296 -0.00738799
v 0.06680697 -0.00165397 -0.00729197
v 0.06684595 -0.00169897 -0.00718599
v 0.06754100 0.00421697 -0.00623697
v 0.06691300 -0.00178295 -0.00698096
v 0.06760799 0.00418299 -0.00601095
v 0.06696701 -0.00186294 -0.00677198
v 0.06700396 -0.00193095 -0.00656897
v 0.06746095 0.00071500 -0.00591898
v 0.06765496 0.00416899 -0.00578696
v 0.06735998 0.00749099 -0.00647396
v 0.06735998 0.00749099 -0.00647396
v 0.06765496 0.00416899 -0.00578696
v 0.06746095 0.00071500 -0.00591898
v 0.06785500 0.00075900 -0.00135499
v 0.06786799 0.00754797 -0.00135297
v 0.06767195 0.00893295 -0.00128996
v 0.06707400 0.01153695 -0.00109994
v 0.06643396 0.01340198 -0.00089300
v 0.06616699 0.01403796 -0.00079600
v 0.06450599 0.01400995 -0.01163899
v 0.06674796 0.00994599 -0.00763297
v 0.06448298 0.01403796 -0.01168096
v 0.06450599 0.01400995 -0.01163899
v 0.06616699 0.01403796 -0.00079600
v 0.06333696 0.01880395 0.00009000
v 0.06406897 0.01448297 -0.01241594
v 0.06162995 0.01624196 -0.01684099
v 0.06567299 0.00895798 0.01620697
v 0.06145697 0.01882594 0.01513797
v 0.06333696 0.01880395 0.00009000
v 0.06616699 0.01403796 -0.00079600
v 0.06643396 0.01340198 -0.00089300
v 0.06707400 0.01153695 -0.00109994
v 0.06767195 0.00893295 -0.00128996
v 0.06786799 0.00754797 -0.00135297
v 0.06785500 0.00075900 -0.00135499
v 0.06747400 -0.00190598 -0.00124699
v 0.06547999 -0.00188196 0.01617699
v 0.05915099 0.00898999 0.03270995
v 0.05535799 0.01884996 0.03057599
v 0.06121599 0.01882696 0.01607096
v 0.06547397 -0.00188196 0.01620000
v 0.05897498 -0.00184995 0.03263497
v 0.06547397 -0.00188196 0.01620000
v 0.06547999 -0.00188196 0.01617699
v 0.06747400 -0.00190598 -0.00124699
v 0.06740599 -0.00223499 -0.00126296
v 0.06722199 -0.00292796 -0.00136495
v 0.06698095 -0.00361198 -0.00127494
v 0.06670296 -0.00427598 -0.00118899
v 0.06472700 -0.00424498 0.01601696
v 0.06470698 -0.00424498 0.01609694
v 0.05829596 -0.00421297 0.03227597
v 0.05896997 -0.00184995 0.03264600
v 0.05897498 -0.00184995 0.03263497
v 0.05896997 -0.00184995 0.03264600
v 0.04855400 0.00902498 0.04694199
v 0.05827599 -0.00421297 0.03231197
v 0.04785495 -0.00418198 0.04629796
v 0.04840695 -0.00181394 0.04683095
v 0.03257697 0.00906796 0.05908298
v 0.04855400 0.00902599 0.04694199
v 0.04855400 0.00902498 0.04694199
v 0.04840695 -0.00181394 0.04683095
v 0.03250396 -0.00173497 0.05892896
v 0.03247594 -0.00173497 0.05894500
v 0.04855400 0.00902599 0.04694199
v 0.04544699 0.01888298 0.04388999
v 0.05512195 0.01885098 0.03099495
v 0.03050094 0.01892399 0.05524694
v 0.03071397 0.01892399 0.05513000
v 0.04544699 0.01888298 0.04388999
v 0.03025698 0.01980096 0.05429899
v 0.03032797 0.01980096 0.05425900
v 0.03428494 0.01979297 0.05186998
v 0.03598797 0.01978898 0.05071198
v 0.03608596 0.01978898 0.05064296
v 0.03609699 0.01978898 0.05063599
v 0.03609997 0.01978898 0.05063295
v 0.03610700 0.01978898 0.05062794
v 0.03612196 0.01978796 0.05061799
v 0.03618597 0.01978796 0.05057197
v 0.03634095 0.01978796 0.05046194
v 0.03675597 0.01978695 0.05016297
v 0.04476594 0.01976197 0.04322600
v 0.04513394 0.01934200 0.04358500
v 0.04544699 0.01888298 0.04388999
v 0.03071397 0.01892399 0.05513000
v 0.05474096 0.01931095 0.03077799
v 0.05512195 0.01885098 0.03099495
v 0.04544699 0.01888298 0.04388999
v 0.04513394 0.01934200 0.04358500
v 0.05429500 0.01973098 0.03052395
v 0.06021797 0.01970797 0.01611000
v 0.05535799 0.01884996 0.03057599
v 0.04476594 0.01976197 0.04322600
v 0.05422198 0.01973098 0.03065198
v 0.04356497 0.02680599 0.02455997
v 0.04505497 0.02652394 0.02302497
v 0.04951399 0.02558100 0.01737499
v 0.04953598 0.02611994 0.01379495
v 0.04931396 0.02631199 0.01314395
v 0.06021797 0.01970797 0.01611000
v 0.05429500 0.01973098 0.03052395
v 0.05422198 0.01973098 0.03065198
v 0.04476594 0.01976197 0.04322600
v 0.03483897 0.02756500 0.03354096
v 0.03996199 0.02730095 0.02827000
v 0.02465897 0.02658998 0.04399394
v 0.02971500 0.02732896 0.03880494
v 0.03483897 0.02756500 0.03354096
v 0.04476594 0.01976197 0.04322600
v 0.03675597 0.01978695 0.05016297
v 0.03634095 0.01978796 0.05046194
v 0.03618597 0.01978796 0.05057197
v 0.03612196 0.01978796 0.05061799
v 0.03610700 0.01978898 0.05062794
v 0.03609997 0.01978898 0.05063295
v 0.03609699 0.01978898 0.05063599
v 0.03608596 0.01978898 0.05064296
v 0.03598797 0.01978898 0.05071198
v 0.03428494 0.01979297 0.05186998
v 0.03032797 0.01980096 0.05425900
v 0.03025698 0.01980096 0.05429899
v 0.02316099 0.01981795 0.05764800
v 0.01330494 0.01984196 0.06063896
v 0.00903696 0.03017199 0.04075598
v 0.01115095 0.03016799 0.04024195
v 0.01097798 0.03001797 0.04073995
v 0.01089894 0.02879095 0.04414099
v 0.01254099 0.02740198 0.04705899
v 0.01551795 0.02621996 0.04876595
v 0.01908695 0.02567195 0.04864495
v 0.02461397 0.02658098 0.04403996
v 0.02503997 0.02837997 0.04480296
v 0.02508497 0.02838897 0.04475694
v 0.03022098 0.02914696 0.03946697
v 0.02971500 0.02732896 0.03880494
v 0.02465897 0.02658998 0.04399394
v 0.02461397 0.02658098 0.04403996
v 0.01942199 0.02744996 0.04950100
v 0.01908695 0.02567195 0.04864495
v 0.02508497 0.02838897 0.04475694
v 0.02503997 0.02837997 0.04480296
v 0.01942199 0.02744996 0.04950100
v 0.01578795 0.02801096 0.04961699
v 0.01275396 0.02922099 0.04786199
v 0.01107698 0.03064399 0.04486399
v 0.01114898 0.03190499 0.04137498
v 0.01131600 0.03205198 0.04088699
v 0.00918096 0.03205597 0.04140597
v 0.01353996 0.02151000 0.06171298
v 0.03079396 0.02146500 0.05526494
v 0.03086596 0.02146500 0.05522495
v 0.01578795 0.02801096 0.04961699
v 0.01551795 0.02621996 0.04876595
v 0.01275396 0.02922099 0.04786199
v 0.01254099 0.02740198 0.04705899
v 0.01107698 0.03064399 0.04486399
v 0.01089894 0.02879095 0.04414099
v 0.01114898 0.03190499 0.04137498
v 0.01097798 0.03001797 0.04073995
v 0.01565796 0.03315395 0.03565394
v 0.01131600 0.03205198 0.04088699
v 0.01115095 0.03016799 0.04024195
v 0.01543295 0.03123497 0.03514200
v 0.00701296 0.03279799 0.03134596
v 0.01198399 0.03342294 0.02626097
v 0.01381498 0.03356599 0.02438497
v 0.01819795 0.03160196 0.03230798
v 0.01543295 0.03123497 0.03514200
v -0.00318795 0.03012597 0.04175597
v -0.00300896 0.03019297 0.04157298
v 0.01315498 0.01984299 0.06067097
v -0.00483298 0.01986897 0.06183797
v -0.00282395 0.03026098 0.04138398
v 0.00452298 0.03233695 0.03388899
v -0.00649899 0.03063595 0.04576498
v -0.00323796 0.03201496 0.04240494
v -0.00307196 0.03207695 0.04223400
v -0.00286698 0.03215396 0.04202300
v -0.00282395 0.03026098 0.04138398
v -0.00300896 0.03019297 0.04157298
v -0.00318795 0.03012597 0.04175597
v -0.00639397 0.02878195 0.04502600
v 0.00458294 0.03428494 0.03434395
v 0.00452298 0.03233695 0.03388899
v 0.00710297 0.03475695 0.03174895
v 0.00458294 0.03428494 0.03434395
v -0.00286698 0.03215396 0.04202300
v -0.00307196 0.03207695 0.04223400
v 0.00710297 0.03475695 0.03174895
v 0.01212799 0.03539699 0.02657496
v 0.01198399 0.03342294 0.02626097
v 0.00701296 0.03279799 0.03134596
v 0.01565796 0.03315395 0.03565394
v 0.01845699 0.03353095 0.03276699
v 0.01397800 0.03554195 0.02467000
v 0.01212799 0.03539699 0.02657496
v 0.01397800 0.03554195 0.02467000
v 0.01970195 0.03572297 0.01878297
v 0.01947796 0.03374695 0.01857000
v 0.01381498 0.03356599 0.02438497
v 0.02084195 0.03375095 0.03030997
v 0.02604198 0.03393298 0.02495896
v 0.01970195 0.03572297 0.01878297
v 0.02461194 0.03556400 0.01373594
v 0.01970195 0.03572297 0.01878297
v 0.02604198 0.03393298 0.02495896
v 0.03125095 0.03371995 0.01960897
v 0.03255599 0.03360295 0.01826900
v 0.01947796 0.03374695 0.01857000
v 0.01970195 0.03572297 0.01878297
v 0.02461194 0.03556400 0.01373594
v 0.02629798 0.03544098 0.01200497
v 0.02598798 0.03346997 0.01186496
v 0.02432698 0.03358995 0.01357698
v 0.01947796 0.03374695 0.01857000
v 0.02568799 0.03199398 0.02461999
v 0.02055400 0.03181594 0.02989298
v 0.03210300 0.03167098 0.01801496
v 0.03081899 0.03178495 0.01933795
v 0.02568799 0.03199398 0.02461999
v 0.01947796 0.03374695 0.01857000
v 0.02432698 0.03358995 0.01357698
v 0.03949600 0.03046995 0.01047796
v 0.03592699 0.03117299 0.01407200
v 0.02598798 0.03346997 0.01186496
v 0.03143298 0.03259396 0.01016294
v 0.03463798 0.03192895 0.00915897
v 0.03475600 0.03213495 0.00281995
v 0.03064996 0.03292298 0.00705599
v 0.02598798 0.03346997 0.01186496
v 0.02629798 0.03544098 0.01200497
v 0.03119498 0.03485900 0.00697499
v 0.03522497 0.03407895 0.00283694
v 0.03143298 0.03259396 0.01016294
v 0.02598798 0.03346997 0.01186496
v 0.03064996 0.03292298 0.00705599
v 0.03475600 0.03213495 0.00281995
v 0.04330497 0.02926599 -0.00601095
v 0.04515796 0.02877295 0.00586897
v 0.03463798 0.03192895 0.00915897
v 0.04457396 0.02877998 0.00924796
v 0.04139798 0.02992695 0.00946599
v 0.04515796 0.02877295 0.00586897
v 0.04204398 0.03181296 0.00961297
v 0.04009497 0.03237098 0.01063698
v 0.03645098 0.03309297 0.01427698
v 0.03592699 0.03117299 0.01407200
v 0.03949600 0.03046995 0.01047796
v 0.04139798 0.02992695 0.00946599
v 0.03255599 0.03360295 0.01826900
v 0.03125095 0.03371995 0.01960897
v 0.03081899 0.03178495 0.01933795
v 0.03210300 0.03167098 0.01801496
v 0.03511595 0.03386700 0.00928598
v 0.03202897 0.03451198 0.01023799
v 0.02629798 0.03544098 0.01200497
v 0.03645098 0.03309297 0.01427698
v 0.04009497 0.03237098 0.01063698
v 0.02604198 0.03393298 0.02495896
v 0.02568799 0.03199398 0.02461999
v 0.04587596 0.03063696 0.00597095
v 0.04204398 0.03181296 0.00961297
v 0.04528295 0.03064298 0.00939595
v 0.03202897 0.03451198 0.01023799
v 0.03511595 0.03386700 0.00928598
v 0.04587596 0.03063696 0.00597095
v 0.04399096 0.03113800 -0.00616396
v 0.03522497 0.03407895 0.00283694
v 0.03119498 0.03485900 0.00697499
v 0.06128495 0.02137595 0.01639699
v 0.06136298 0.02137595 0.01610594
v 0.06348800 0.02134996 0.00054000
v 0.04899895 0.02936697 0.00500697
v 0.04552596 0.03054296 0.00944596
v 0.04856795 0.02911299 0.01104795
v 0.05017000 0.02810496 0.01337397
v 0.04552596 0.03054296 0.00944596
v 0.04528295 0.03064298 0.00939595
v 0.04457396 0.02877998 0.00924796
v 0.04479199 0.02868998 0.00929296
v 0.04856795 0.02911299 0.01104795
v 0.04775500 0.02729594 0.01086199
v 0.04775500 0.02729594 0.01086199
v 0.04479199 0.02868998 0.00929296
v 0.04806596 0.02759295 0.00496000
v 0.06238496 0.01968300 0.00053000
v 0.06029498 0.01970797 0.01582497
v 0.05039900 0.02790796 0.01403498
v 0.05017000 0.02810496 0.01337397
v 0.04931396 0.02631199 0.01314395
v 0.04953598 0.02611994 0.01379495
v 0.05038297 0.02735698 0.01768100
v 0.04951399 0.02558100 0.01737499
v 0.05518198 0.02139794 0.03119695
v 0.05525696 0.02139794 0.03106600
v 0.05039900 0.02790796 0.01403498
v 0.05038297 0.02735698 0.01768100
v 0.04583495 0.02832096 0.02342396
v 0.04431396 0.02860999 0.02498495
v 0.04583495 0.02832096 0.02342396
v 0.04505497 0.02652394 0.02302497
v 0.04064297 0.02911800 0.02875298
v 0.04431396 0.02860999 0.02498495
v 0.04356497 0.02680599 0.02455997
v 0.03996199 0.02730095 0.02827000
v 0.04064297 0.02911800 0.02875298
v 0.03542900 0.02938997 0.03410995
v 0.04556095 0.02142900 0.04399496
v 0.05525696 0.02139794 0.03106600
v 0.05518198 0.02139794 0.03119695
v 0.04556095 0.02142900 0.04399496
v 0.04659396 0.02008497 0.04500395
v 0.05651295 0.02005499 0.03178197
v 0.03489297 0.02145695 0.05279195
v 0.03662699 0.02145296 0.05161297
v 0.03672599 0.02145296 0.05154299
v 0.03673696 0.02145296 0.05153495
v 0.03674000 0.02145296 0.05153298
v 0.03674697 0.02145296 0.05152797
v 0.03676199 0.02145195 0.05151695
v 0.03682798 0.02145195 0.05147099
v 0.03698498 0.02145195 0.05135899
v 0.03740799 0.02145099 0.05105495
v 0.04556095 0.02142900 0.04399496
v 0.03542900 0.02938997 0.03410995
v 0.03022098 0.02914696 0.03946697
v 0.04659396 0.02008497 0.04500395
v 0.04556095 0.02142900 0.04399496
v 0.03740799 0.02145099 0.05105495
v 0.03698498 0.02145195 0.05135899
v 0.03682798 0.02145195 0.05147099
v 0.03676199 0.02145195 0.05151695
v 0.03674697 0.02145296 0.05152797
v 0.03674000 0.02145296 0.05153298
v 0.03673696 0.02145296 0.05153495
v 0.03672599 0.02145296 0.05154299
v 0.03662699 0.02145296 0.05161297
v 0.03489297 0.02145695 0.05279195
v 0.03086596 0.02146500 0.05522495
v 0.03483897 0.02756500 0.03354096
v 0.03542900 0.02938997 0.03410995
v 0.03542900 0.02938997 0.03410995
v 0.03483897 0.02756500 0.03354096
v -0.00491995 0.02153701 0.06293696
v 0.01338696 0.02151095 0.06174600
v -0.00323796 0.03201496 0.04240494
v 0.05675595 0.02005398 0.03134900
v 0.06276100 0.02002996 0.01647895
v 0.06136298 0.02137595 0.01610594
v 0.06128495 0.02137595 0.01639699
v 0.06300801 0.02002894 0.01551795
v 0.06493699 0.02000296 0.00009400
v 0.06348800 0.02134996 0.00054000
v 0.06348800 0.02134996 0.00054000
v 0.06493699 0.02000296 0.00009400
v 0.06322097 0.01999294 -0.01154398
v 0.06493699 0.02000296 0.00009400
v 0.06799495 0.01484894 -0.00084200
v 0.06627500 0.01481699 -0.01211094
v 0.02629798 0.03544098 0.01200497
v 0.02084195 0.03375095 0.03030997
v 0.01845699 0.03353095 0.03276699
v 0.01819795 0.03160196 0.03230798
v 0.02055400 0.03181594 0.02989298
v 0.02568799 0.03199398 0.02461999
v 0.02604198 0.03393298 0.02495896
v -0.00514996 0.02153701 0.06291699
v -0.00649899 0.03063595 0.04576498
v -0.01067298 0.02901798 0.04880297
v -0.01336395 0.02868497 0.04886996
v -0.01580697 0.02885496 0.04775500
v -0.01749795 0.02946698 0.04573500
v -0.01067298 0.02901798 0.04880297
v -0.01049298 0.02720397 0.04797995
v -0.01720499 0.02764296 0.04497098
v -0.01554000 0.02704495 0.04694700
v -0.01313698 0.02687799 0.04804098
v -0.01049298 0.02720397 0.04797995
v -0.00639397 0.02878195 0.04502600
v -0.00505894 0.01986897 0.06181895
v -0.01336395 0.02868497 0.04886996
v -0.01313698 0.02687799 0.04804098
v -0.01580697 0.02885496 0.04775500
v -0.01554000 0.02704495 0.04694700
v -0.01749795 0.02946698 0.04573500
v -0.01720499 0.02764296 0.04497098
v -0.01814496 0.03035396 0.04325598
v -0.01767200 0.02959400 0.04536294
v -0.01737695 0.02776598 0.04460799
v -0.01784896 0.02850794 0.04255199
v -0.03898596 0.02158099 0.04954695
v -0.02468299 0.02022695 0.05961495
v -0.03404098 0.02876096 0.03729397
v -0.03346395 0.02695399 0.03666198
v -0.03541195 0.02867496 0.03624898
v -0.03481096 0.02686899 0.03563398
v -0.03643095 0.02879798 0.03484898
v -0.03581398 0.02698999 0.03425896
v -0.03648197 0.02774798 0.03104895
v -0.03709995 0.02957600 0.03157496
v -0.03623896 0.03056597 0.02892094
v -0.03709995 0.02957600 0.03157496
v -0.03648197 0.02774798 0.03104895
v -0.03646999 0.02779096 0.03091198
v -0.03564697 0.02871096 0.02846497
v -0.05078595 0.01990896 0.03546696
v -0.05079096 0.01990795 0.03546595
v -0.05079698 0.01990598 0.03546500
v -0.05080896 0.01989895 0.03546398
v -0.05083698 0.01988297 0.03546297
v -0.05090296 0.01984095 0.03546994
v -0.05105495 0.01972895 0.03549897
v -0.05135995 0.01947695 0.03556799
v -0.05163598 0.01921999 0.03562897
v -0.05175197 0.01910197 0.03564900
v -0.05179595 0.01905995 0.03564995
v -0.05181294 0.01904398 0.03564798
v -0.05182695 0.01903098 0.03564298
v -0.05518996 0.01902794 0.02946400
v -0.01773595 0.03131699 0.04077500
v -0.01745599 0.02944600 0.04013299
v -0.01631295 0.03221094 0.03864699
v -0.01656699 0.03209495 0.03890997
v -0.01630097 0.03021097 0.03830200
v -0.01606500 0.03031694 0.03806096
v -0.01261997 0.03368097 0.03484499
v -0.01415795 0.03311300 0.03642898
v -0.01395195 0.03119599 0.03590095
v -0.01244497 0.03174895 0.03435999
v 0.01335197 0.01896400 0.06160598
v 0.01287800 0.01896500 0.06170499
v -0.00483298 0.01986897 0.06183797
v 0.01315498 0.01984299 0.06067097
v 0.01373797 0.00910700 0.06598997
v -0.00513995 0.01899099 0.06276899
v 0.01287800 0.01896500 0.06170499
v 0.01335197 0.01896400 0.06160598
v 0.01368695 -0.00166797 0.06583899
v -0.00620395 -0.00162398 0.06691199
v -0.00630098 -0.00162398 0.06690299
v 0.01374900 -0.00166797 0.06582599
v -0.00620395 -0.00162398 0.06691199
v 0.01368695 -0.00166797 0.06583899
v 0.00196600 -0.01346397 0.06217700
v -0.00598496 -0.01345098 0.06190198
v -0.02560096 -0.00160795 0.06208896
v -0.00630098 -0.00162398 0.06690299
v -0.01385498 -0.01343995 0.06061094
v -0.02394497 -0.01342594 0.05735999
v -0.02560096 -0.00160795 0.06208896
v -0.02571696 -0.00160795 0.06204098
v -0.02876394 -0.01341897 0.05509400
v -0.02961295 -0.01423096 0.05671197
v -0.04095000 -0.01422196 0.04913896
v -0.03977894 -0.01340699 0.04773700
v -0.02876394 -0.01341897 0.05509400
v -0.01426595 -0.01424896 0.06239295
v -0.02465295 -0.01423597 0.05904597
v -0.02394497 -0.01342594 0.05735999
v -0.01385498 -0.01343995 0.06061094
v -0.02961295 -0.01423096 0.05671197
v -0.02465295 -0.01423597 0.05904597
v -0.02634894 -0.00202196 0.06389796
v -0.02647000 -0.00202196 0.06384795
v -0.01426595 -0.01424896 0.06239295
v -0.00616699 -0.01426094 0.06372195
v -0.00638998 -0.00204896 0.06885999
v -0.00648898 -0.00204896 0.06884998
v -0.00616699 -0.01426094 0.06372195
v -0.00598496 -0.01345098 0.06190198
v 0.00201797 -0.01427400 0.06400400
v 0.01407897 -0.00208395 0.06775701
v 0.03050094 0.01892399 0.05524694
v 0.01330494 0.01984196 0.06063896
v 0.02316099 0.01981795 0.05764800
v 0.06574195 -0.00638699 -0.00119096
v 0.06670296 -0.00427598 -0.00118899
v 0.06698095 -0.00361198 -0.00127494
v 0.06722199 -0.00292796 -0.00136495
v 0.06740599 -0.00223499 -0.00126296
v 0.06712096 -0.00306195 -0.00277495
v 0.06580996 -0.00640196 -0.00275999
v 0.06689095 -0.00360996 -0.00337297
v 0.06658196 -0.00426799 -0.00379598
v 0.06559598 -0.00634897 -0.00433999
v 0.06420499 -0.00965595 -0.00272000
v 0.06388300 -0.01047098 -0.00113296
v 0.06453299 -0.00904298 -0.00115800
v 0.06481200 -0.00816000 -0.00391894
v 0.06747400 -0.00190598 -0.00124699
v 0.06785500 0.00075900 -0.00135499
v 0.06746095 0.00071500 -0.00591898
v 0.06700396 -0.00193095 -0.00656897
v 0.06658697 -0.00143498 -0.00778198
v 0.06704396 0.00436199 -0.00730199
v 0.06648099 -0.00135100 -0.00795895
v 0.05592495 0.01669299 -0.02816098
v 0.04824995 0.02794694 -0.01665496
v 0.04742199 0.02616000 -0.01630997
v 0.04605197 0.02848696 -0.01891100
v 0.04526597 0.02668499 -0.01854300
v 0.04312294 0.02953499 -0.01972895
v 0.04240494 0.02770400 -0.01936495
v 0.04225397 0.02987897 -0.01968199
v 0.04021799 0.03073400 -0.01905298
v 0.03957498 0.02886998 -0.01871496
v 0.04143399 0.02808898 -0.01930797
v 0.03793299 0.03180295 -0.01713395
v 0.03735595 0.02991199 -0.01683294
v -0.06523597 0.00711799 0.00930196
v -0.06650996 0.00665599 -0.00507295
v -0.06650996 0.00665599 -0.00509000
v -0.06496095 -0.00174194 0.00947499
v -0.06628096 -0.00185496 -0.00494200
v -0.06650996 0.00665599 -0.00507295
v -0.06628596 -0.00185496 -0.00503296
v -0.06655198 -0.00190997 -0.01954597
v -0.06665897 0.00646299 -0.01960396
v -0.06650996 0.00665599 -0.00509000
v -0.06599098 -0.00304496 -0.00509095
v -0.06617599 -0.00237197 -0.00506198
v -0.06625795 -0.00201499 -0.00504696
v -0.06628000 -0.00190598 -0.00503999
v -0.06628197 -0.00189596 -0.00503999
v -0.06628197 -0.00189197 -0.00503898
v -0.06628298 -0.00188696 -0.00503898
v -0.06628400 -0.00188297 -0.00503796
v -0.06628400 -0.00187999 -0.00503796
v -0.06628495 -0.00187600 -0.00503695
v -0.06628495 -0.00187296 -0.00503695
v -0.06628495 -0.00186998 -0.00503600
v -0.06628596 -0.00186896 -0.00503600
v -0.06628596 -0.00186700 -0.00503600
v -0.06628596 -0.00186598 -0.00503600
v -0.06628596 -0.00186497 -0.00503498
v -0.06628596 -0.00186199 -0.00503498
v -0.06628596 -0.00185800 -0.00503397
v -0.06628596 -0.00185698 -0.00503296
v -0.06628596 -0.00185496 -0.00503296
v -0.06628096 -0.00185496 -0.00494200
v -0.06548500 -0.00439596 -0.00515699
v -0.06422197 -0.00742596 -0.00539094
v -0.06567597 -0.00437296 -0.01952898
v -0.06617099 -0.00318098 -0.01953798
v -0.06622695 -0.00301898 -0.01953995
v -0.06438601 -0.00740099 -0.01529699
v -0.06442099 -0.00732100 -0.01532196
v -0.06466495 -0.00676996 -0.01560395
v -0.06486195 -0.00632095 -0.01605296
v -0.06512498 -0.00570399 -0.01720499
v -0.06537300 -0.00510800 -0.01836895
v -0.06561499 -0.00450695 -0.01953297
v -0.06561499 -0.00450695 -0.01953297
v -0.06607496 -0.00318498 -0.02235597
v -0.06617099 -0.00318098 -0.01953798
v -0.06567597 -0.00437296 -0.01952898
v -0.06719595 -0.00592798 -0.01840800
v -0.06743597 -0.00533295 -0.01958495
v -0.06561499 -0.00450695 -0.01953297
v -0.06537300 -0.00510800 -0.01836895
v -0.06561499 -0.00450695 -0.01953297
v -0.06743597 -0.00533295 -0.01958495
v -0.06795901 -0.00385100 -0.02242797
v -0.06607496 -0.00318498 -0.02235597
v -0.06805598 -0.00384694 -0.01959300
v -0.06795901 -0.00385100 -0.02242797
v -0.06743597 -0.00533295 -0.01958495
v -0.06826597 -0.00203997 -0.00476098
v -0.06854599 -0.00205898 -0.01960396
v -0.06805598 -0.00384694 -0.01959300
v -0.06743597 -0.00533295 -0.01958495
v -0.06719595 -0.00592798 -0.01840800
v -0.06694900 -0.00652397 -0.01723098
v -0.06668800 -0.00713700 -0.01606994
v -0.06649100 -0.00758499 -0.01561796
v -0.06624799 -0.00813598 -0.01533496
v -0.06621098 -0.00821895 -0.01530998
v -0.06605696 -0.00820196 -0.00516295
v -0.06828498 -0.00206697 -0.02570295
v -0.06823396 -0.00255299 -0.02490496
v -0.06819999 -0.00276297 -0.02448797
v -0.06819599 -0.00278396 -0.02444595
v -0.06818896 -0.00282794 -0.02436298
v -0.06816196 -0.00298095 -0.02407497
v -0.06795901 -0.00385100 -0.02242797
v -0.06805598 -0.00384694 -0.01959300
v -0.06623500 -0.00245500 -0.02398699
v -0.06620198 -0.00263298 -0.02358198
v -0.06616300 -0.00281698 -0.02317398
v -0.06611996 -0.00300294 -0.02277696
v -0.06816196 -0.00298095 -0.02407497
v -0.06625300 -0.00233400 -0.02427297
v -0.06623595 -0.00244796 -0.02400499
v -0.06818896 -0.00282794 -0.02436298
v -0.06620198 -0.00263298 -0.02358198
v -0.06623500 -0.00245500 -0.02398699
v -0.06623595 -0.00244796 -0.02400499
v -0.06641095 -0.00242698 -0.01954495
v -0.06635600 -0.00261498 -0.01954400
v -0.06616300 -0.00281698 -0.02317398
v -0.06629800 -0.00280196 -0.01954197
v -0.06611996 -0.00300294 -0.02277696
v -0.06623798 -0.00298596 -0.01953995
v -0.06623798 -0.00298596 -0.01953995
v -0.06629800 -0.00280196 -0.01954197
v -0.06635600 -0.00261498 -0.01954400
v -0.06641095 -0.00242698 -0.01954495
v -0.06643396 -0.00234395 -0.01954597
v -0.06622695 -0.00301898 -0.01953995
v -0.06617099 -0.00318098 -0.01953798
v -0.06607496 -0.00318498 -0.02235597
v -0.06625300 -0.00233400 -0.02427297
v -0.06625795 -0.00229895 -0.02435499
v -0.06626296 -0.00227296 -0.02439600
v -0.06626498 -0.00226200 -0.02441400
v -0.06646198 -0.00223696 -0.01954597
v -0.06643396 -0.00234395 -0.01954597
v -0.06646198 -0.00223696 -0.01954597
v -0.06651395 -0.00204599 -0.01954799
v -0.06653600 -0.00196099 -0.01954799
v -0.06629496 -0.00208098 -0.02475798
v -0.06651395 -0.00204599 -0.01954799
v -0.06629800 -0.00205797 -0.02480900
v -0.06629496 -0.00208098 -0.02475798
v -0.06626498 -0.00226200 -0.02441400
v -0.06626296 -0.00227296 -0.02439600
v -0.06819999 -0.00276297 -0.02448797
v -0.06823396 -0.00255299 -0.02490496
v -0.06625795 -0.00229895 -0.02435499
v -0.06819599 -0.00278396 -0.02444595
v -0.06828498 -0.00206697 -0.02570295
v -0.06629496 -0.00189799 -0.02559900
v -0.06629800 -0.00189495 -0.02555197
v -0.06629896 -0.00189400 -0.02552896
v -0.06630295 -0.00189495 -0.02545595
v -0.06630396 -0.00189597 -0.02543300
v -0.06630498 -0.00189799 -0.02540796
v -0.06630599 -0.00189996 -0.02538394
v -0.06630700 -0.00190199 -0.02535897
v -0.06630796 -0.00190896 -0.02530896
v -0.06630897 -0.00192797 -0.02520596
v -0.06629800 -0.00205797 -0.02480900
v -0.06630897 -0.00192797 -0.02520596
v -0.06655198 -0.00189799 -0.01954799
v -0.06653600 -0.00196099 -0.01954799
v -0.06630796 -0.00190896 -0.02530896
v -0.06655496 -0.00188500 -0.01954799
v -0.06655496 -0.00188595 -0.01954799
v -0.06630700 -0.00190199 -0.02535897
v -0.06655496 -0.00189096 -0.01954698
v -0.06655496 -0.00188995 -0.01954698
v -0.06655496 -0.00188798 -0.01954698
v -0.06655597 -0.00188696 -0.01954698
v -0.06655597 -0.00188500 -0.01954698
v -0.06655597 -0.00188398 -0.01954698
v -0.06655597 -0.00188297 -0.01954698
v -0.06655597 -0.00188297 -0.01954698
v -0.06655597 -0.00188297 -0.01954799
v -0.06655496 -0.00188398 -0.01954799
v -0.06655496 -0.00188595 -0.01954799
v -0.06655496 -0.00188500 -0.01954799
v -0.06655496 -0.00188398 -0.01954799
v -0.06655198 -0.00189799 -0.01954799
v -0.06655597 -0.00188297 -0.01954799
v -0.06655597 -0.00188297 -0.01954698
v -0.06655597 -0.00188297 -0.01954698
v -0.06655597 -0.00188398 -0.01954698
v -0.06655597 -0.00188500 -0.01954698
v -0.06655597 -0.00188696 -0.01954698
v -0.06655496 -0.00188798 -0.01954698
v -0.06655496 -0.00188995 -0.01954698
v -0.06655496 -0.00189096 -0.01954698
v -0.06655496 -0.00189096 -0.01954698
v -0.06655496 -0.00189197 -0.01954698
v -0.06655496 -0.00189197 -0.01954698
v -0.06655496 -0.00189197 -0.01954698
v -0.06655496 -0.00189197 -0.01954698
v -0.06655496 -0.00189298 -0.01954698
v -0.06655496 -0.00189400 -0.01954698
v -0.06630396 -0.00189597 -0.02543300
v -0.06630295 -0.00189495 -0.02545595
v -0.06655496 -0.00189197 -0.01954698
v -0.06655496 -0.00189197 -0.01954698
v -0.06655496 -0.00189197 -0.01954698
v -0.06630498 -0.00189799 -0.02540796
v -0.06655496 -0.00189197 -0.01954698
v -0.06629896 -0.00189400 -0.02552896
v -0.06655496 -0.00189298 -0.01954698
v -0.06629800 -0.00189495 -0.02555197
v -0.06655400 -0.00189895 -0.01954698
v -0.06655400 -0.00189698 -0.01954698
v -0.06655496 -0.00189400 -0.01954698
v -0.06629496 -0.00189799 -0.02559900
v -0.06655198 -0.00190997 -0.01954597
v -0.06655198 -0.00190795 -0.01954597
v -0.06655299 -0.00190395 -0.01954597
v -0.06629496 -0.00189799 -0.02559900
v -0.06627696 -0.00102896 -0.02731800
v -0.06624996 -0.00016900 -0.02903896
v -0.06620800 0.00068300 -0.03075897
v -0.06614595 0.00152999 -0.03248000
v -0.06606298 0.00236797 -0.03420197
v -0.06600499 0.00250798 -0.03514498
v -0.06594395 0.00221097 -0.03604698
v -0.06588500 0.00153500 -0.03670895
v -0.06582999 0.00064300 -0.03696894
v -0.06578296 -0.00026300 -0.03676694
v -0.06575995 -0.00096900 -0.03614497
v -0.06577301 -0.00182694 -0.03442996
v -0.06483095 -0.00173295 -0.04789495
v -0.06500297 0.00558096 -0.04816198
v -0.06594699 0.00611198 -0.03387498
v -0.06608700 0.00619799 -0.03146898
v -0.06613498 0.00622695 -0.03060597
v -0.06615495 0.00623899 -0.03025895
v -0.06616300 0.00624394 -0.03010696
v -0.06616699 0.00624597 -0.03003597
v -0.06616896 0.00624698 -0.03000199
v -0.06616997 0.00624799 -0.02998596
v -0.06616997 0.00624799 -0.02997696
v -0.06616997 0.00624799 -0.02997297
v -0.06616997 0.00624799 -0.02997195
v -0.06617099 0.00624799 -0.02996897
v -0.06637001 0.00636095 -0.02619796
v -0.06665897 0.00646299 -0.01960396
v -0.06655198 -0.00190997 -0.01954597
v -0.06627696 -0.00102896 -0.02731800
v -0.06629496 -0.00189799 -0.02559900
v -0.06828498 -0.00206697 -0.02570295
v -0.06826800 -0.00119198 -0.02742499
v -0.06824195 -0.00031100 -0.02914798
v -0.06624996 -0.00016900 -0.02903896
v -0.06820195 0.00057200 -0.03087300
v -0.06620800 0.00068300 -0.03075897
v -0.06864696 0.00667095 -0.01967298
v -0.06835699 0.00656295 -0.02630299
v -0.06815797 0.00644195 -0.03008496
v -0.06815797 0.00644195 -0.03008699
v -0.06815695 0.00644195 -0.03008896
v -0.06815695 0.00644195 -0.03009295
v -0.06815695 0.00644195 -0.03010100
v -0.06815600 0.00644099 -0.03011798
v -0.06815397 0.00643998 -0.03015196
v -0.06814998 0.00643694 -0.03022295
v -0.06814199 0.00643199 -0.03037595
v -0.06812196 0.00641995 -0.03072297
v -0.06807398 0.00638795 -0.03158795
v -0.06793498 0.00629598 -0.03399896
v -0.06699198 0.00572598 -0.04831498
v -0.06679195 -0.00209797 -0.04804199
v -0.06775295 -0.00207895 -0.03455996
v -0.06774598 -0.00116897 -0.03627198
v -0.06777298 -0.00041800 -0.03689295
v -0.06782299 0.00053500 -0.03709596
v -0.06787997 0.00146997 -0.03683698
v -0.06793999 0.00217700 -0.03617495
v -0.06800097 0.00248795 -0.03527200
v -0.06805896 0.00233894 -0.03432697
v -0.06814199 0.00145799 -0.03259897
v -0.06820195 0.00057200 -0.03087300
v -0.06824195 -0.00031100 -0.02914798
v -0.06826800 -0.00119198 -0.02742499
v -0.06828498 -0.00206697 -0.02570295
v -0.06814199 0.00145799 -0.03259897
v -0.06614595 0.00152999 -0.03248000
v -0.06805896 0.00233894 -0.03432697
v -0.06606298 0.00236797 -0.03420197
v -0.06800097 0.00248795 -0.03527200
v -0.06600499 0.00250798 -0.03514498
v -0.06793999 0.00217700 -0.03617495
v -0.06594395 0.00221097 -0.03604698
v -0.06787997 0.00146997 -0.03683698
v -0.06588500 0.00153500 -0.03670895
v -0.06782299 0.00053500 -0.03709596
v -0.06582999 0.00064300 -0.03696894
v -0.06777298 -0.00041800 -0.03689295
v -0.06578296 -0.00026300 -0.03676694
v -0.06774598 -0.00116897 -0.03627198
v -0.06575995 -0.00096900 -0.03614497
v -0.06775295 -0.00207895 -0.03455996
v -0.06577301 -0.00182694 -0.03442996
v -0.06442195 -0.00321997 -0.04786795
v -0.06483095 -0.00173295 -0.04789495
v -0.06577301 -0.00182694 -0.03442996
v -0.06577497 -0.00209898 -0.03361296
v -0.06575596 -0.00229395 -0.03319698
v -0.06575596 -0.00229496 -0.03319495
v -0.06575596 -0.00229496 -0.03319495
v -0.06575596 -0.00229597 -0.03319197
v -0.06575500 -0.00229895 -0.03318697
v -0.06575500 -0.00230497 -0.03317499
v -0.06575196 -0.00232196 -0.03314495
v -0.06574898 -0.00235898 -0.03305798
v -0.06573700 -0.00247795 -0.03278195
v -0.06562900 -0.00319696 -0.03113299
v -0.06577497 -0.00209898 -0.03361296
v -0.06577301 -0.00182694 -0.03442996
v -0.06775295 -0.00207895 -0.03455996
v -0.06772100 -0.00254297 -0.03373998
v -0.06769597 -0.00276095 -0.03332298
v -0.06575596 -0.00229395 -0.03319698
v -0.06751096 -0.00386298 -0.03124898
v -0.06766897 -0.00298095 -0.03290694
v -0.06768798 -0.00283396 -0.03318399
v -0.06769299 -0.00278795 -0.03327095
v -0.06769496 -0.00277198 -0.03330099
v -0.06769597 -0.00276596 -0.03331297
v -0.06769597 -0.00276298 -0.03331798
v -0.06769597 -0.00276196 -0.03332096
v -0.06769597 -0.00276196 -0.03332096
v -0.06769597 -0.00276095 -0.03332298
v -0.06772100 -0.00254297 -0.03373998
v -0.06775295 -0.00207895 -0.03455996
v -0.06679195 -0.00209797 -0.04804199
v -0.06630295 -0.00388599 -0.04800897
v -0.06769597 -0.00276196 -0.03332096
v -0.06575596 -0.00229496 -0.03319495
v -0.06769597 -0.00276196 -0.03332096
v -0.06575596 -0.00229496 -0.03319495
v -0.06769597 -0.00276298 -0.03331798
v -0.06575596 -0.00229597 -0.03319197
v -0.06769597 -0.00276596 -0.03331297
v -0.06575500 -0.00229895 -0.03318697
v -0.06769496 -0.00277198 -0.03330099
v -0.06575500 -0.00230497 -0.03317499
v -0.06769299 -0.00278795 -0.03327095
v -0.06575196 -0.00232196 -0.03314495
v -0.06768798 -0.00283396 -0.03318399
v -0.06574898 -0.00235898 -0.03305798
v -0.06766897 -0.00298095 -0.03290694
v -0.06573700 -0.00247795 -0.03278195
v -0.06751096 -0.00386298 -0.03124898
v -0.06562900 -0.00319696 -0.03113299
v -0.06562900 -0.00319696 -0.03113299
v -0.06751096 -0.00386298 -0.03124898
v -0.06543195 -0.00976998 -0.01968199
v -0.06360995 -0.00894898 -0.01962798
v -0.06630295 -0.00388599 -0.04800897
v -0.06516796 -0.00651300 -0.04797595
v -0.06590896 -0.00650895 -0.03796195
v -0.06499898 -0.00986600 -0.02870196
v -0.06348997 -0.01407396 -0.01977598
v -0.06543195 -0.00976998 -0.01968199
v -0.06751096 -0.00386298 -0.03124898
v -0.06329995 -0.00652099 -0.07635396
v -0.06329995 -0.00652099 -0.07635295
v -0.06516796 -0.00651300 -0.04797595
v -0.06630295 -0.00388599 -0.04800897
v -0.06679195 -0.00209797 -0.04804199
v -0.06463396 -0.00213796 -0.07641100
v -0.06463396 -0.00213796 -0.07641696
v -0.06463396 -0.00213796 -0.07641100
v -0.06699198 0.00572598 -0.04831498
v -0.06646198 0.00549596 -0.05531197
v -0.06483900 0.00480794 -0.07662695
v -0.06463396 -0.00213796 -0.07641696
v -0.06334900 -0.00569099 -0.04783999
v -0.06516796 -0.00651300 -0.04797595
v -0.06483095 -0.00173295 -0.04789495
v -0.06442195 -0.00321997 -0.04786795
v -0.06334900 -0.00569099 -0.04783999
v -0.06142896 -0.00582099 -0.07624500
v -0.06590896 -0.00650895 -0.03796195
v -0.06516796 -0.00651300 -0.04797595
v -0.06334900 -0.00569099 -0.04783999
v -0.06409096 -0.00568700 -0.03782999
v -0.06562900 -0.00319696 -0.03113299
v -0.06360995 -0.00894898 -0.01962798
v -0.06166696 -0.01325196 -0.01972097
v -0.06317895 -0.00904399 -0.02859997
v -0.06409096 -0.00568700 -0.03782999
v -0.06334900 -0.00569099 -0.04783999
v -0.06442195 -0.00321997 -0.04786795
v -0.06499898 -0.00986600 -0.02870196
v -0.06317895 -0.00904399 -0.02859997
v -0.06166696 -0.01325196 -0.01972097
v -0.06348997 -0.01407396 -0.01977598
v -0.06354695 -0.01424294 -0.00578099
v -0.06348997 -0.01407396 -0.01977598
v -0.06166696 -0.01325196 -0.01972097
v -0.06170296 -0.01347094 -0.00585395
v -0.06170195 -0.01347094 -0.00581795
v -0.06571096 -0.00934094 -0.01531898
v -0.06524896 -0.01035594 -0.01602298
v -0.06510299 -0.01066094 -0.01659798
v -0.06504398 -0.01076596 -0.01725494
v -0.06519496 -0.01036697 -0.01850599
v -0.06543195 -0.00976998 -0.01968199
v -0.06348997 -0.01407396 -0.01977598
v -0.06354695 -0.01424294 -0.00578099
v -0.06354498 -0.01424199 -0.00566494
v -0.06259596 -0.01421797 0.00824100
v -0.06354498 -0.01424199 -0.00566494
v -0.06076395 -0.01348096 0.00790900
v -0.06075197 -0.01348096 0.00800496
v -0.06259596 -0.01421797 0.00824100
v -0.06257498 -0.01421797 0.00840294
v -0.05788397 -0.01345396 0.02139699
v -0.06170195 -0.01347094 -0.00581795
v -0.06170296 -0.01347094 -0.00585395
v -0.06826198 -0.00203896 -0.00469094
v -0.06571096 -0.00934094 -0.01531898
v -0.06621098 -0.00821895 -0.01530998
v -0.06624799 -0.00813598 -0.01533496
v -0.06442099 -0.00732100 -0.01532196
v -0.06438601 -0.00740099 -0.01529699
v -0.06388396 -0.00852597 -0.01530098
v -0.06524896 -0.01035594 -0.01602298
v -0.06342297 -0.00953996 -0.01599699
v -0.06510299 -0.01066094 -0.01659798
v -0.06327795 -0.00984395 -0.01656597
v -0.06166696 -0.01325196 -0.01972097
v -0.06360995 -0.00894898 -0.01962798
v -0.06337195 -0.00954598 -0.01845997
v -0.06321901 -0.00994694 -0.01721799
v -0.06327795 -0.00984395 -0.01656597
v -0.06342297 -0.00953996 -0.01599699
v -0.06388396 -0.00852597 -0.01530098
v -0.06504398 -0.01076596 -0.01725494
v -0.06321901 -0.00994694 -0.01721799
v -0.06519496 -0.01036697 -0.01850599
v -0.06337195 -0.00954598 -0.01845997
v -0.06360995 -0.00894898 -0.01962798
v -0.06543195 -0.00976998 -0.01968199
v -0.06649100 -0.00758499 -0.01561796
v -0.06466495 -0.00676996 -0.01560395
v -0.06668800 -0.00713700 -0.01606994
v -0.06486195 -0.00632095 -0.01605296
v -0.06694900 -0.00652397 -0.01723098
v -0.06512498 -0.00570399 -0.01720499
v -0.06254398 -0.00217701 -0.10478400
v -0.06380200 0.00436895 -0.09075295
v -0.06380200 0.00436895 -0.09075295
v -0.06483900 0.00480794 -0.07662695
v -0.06646198 0.00549596 -0.05531197
v -0.06279599 0.00394999 -0.10493900
v -0.06699198 0.00572598 -0.04831498
v -0.06578397 0.01148694 -0.04874700
v -0.06699198 0.00572598 -0.04831498
v -0.06793498 0.00629598 -0.03399896
v -0.06807398 0.00638795 -0.03158795
v -0.06812196 0.00641995 -0.03072297
v -0.06814199 0.00643199 -0.03037595
v -0.06814998 0.00643694 -0.03022295
v -0.06815397 0.00643998 -0.03015196
v -0.06815600 0.00644099 -0.03011798
v -0.06815695 0.00644195 -0.03010100
v -0.06815695 0.00644195 -0.03009295
v -0.06815695 0.00644195 -0.03008896
v -0.06815797 0.00644195 -0.03008699
v -0.06815797 0.00644195 -0.03008496
v -0.06835699 0.00656295 -0.02630299
v -0.06864696 0.00667095 -0.01967298
v -0.06655198 -0.00190795 -0.01954597
v -0.06655198 -0.00190997 -0.01954597
v -0.06655299 -0.00190395 -0.01954597
v -0.06655400 -0.00189698 -0.01954698
v -0.06655400 -0.00189895 -0.01954698
v -0.06665897 0.00646299 -0.01960396
v -0.06637001 0.00636095 -0.02619796
v -0.06617099 0.00624799 -0.02996897
v -0.06616997 0.00624799 -0.02997195
v -0.06616997 0.00624799 -0.02997297
v -0.06616997 0.00624799 -0.02997696
v -0.06616997 0.00624799 -0.02998596
v -0.06616896 0.00624698 -0.03000199
v -0.06616699 0.00624597 -0.03003597
v -0.06616300 0.00624394 -0.03010696
v -0.06615495 0.00623899 -0.03025895
v -0.06613498 0.00622695 -0.03060597
v -0.06608700 0.00619799 -0.03146898
v -0.06594699 0.00611198 -0.03387498
v -0.06500297 0.00558096 -0.04816198
v -0.06665897 0.00646299 -0.01960396
v -0.06489598 0.01308095 -0.02018195
v -0.06630599 -0.00189996 -0.02538394
v -0.06655496 -0.00189096 -0.01954698
v -0.04008096 0.02453898 -0.09672695
v -0.02890795 0.02571796 -0.09916800
v -0.03169494 0.02246194 -0.13152591
v -0.03258895 0.02058993 -0.16412290
v -0.01764595 0.02562498 -0.10149800
v -0.02157199 0.02238499 -0.13310500
v -0.02307999 0.02050696 -0.16499400
v -0.02832698 0.02069794 -0.16451401
v -0.03185099 0.03202098 -0.03650599
v -0.02798497 0.03220295 -0.04046595
v -0.02412098 0.03221398 -0.04442596
v -0.02016896 0.03208899 -0.04828196
v -0.02114099 0.03211598 -0.04747998
v -0.02412098 0.03221398 -0.04442596
v -0.02393299 0.03023397 -0.04420900
v -0.02111399 0.03013998 -0.04713499
v -0.02004200 0.03010594 -0.04805099
v -0.02798497 0.03220295 -0.04046595
v -0.02773195 0.03022897 -0.04026496
v -0.01759099 0.03211997 -0.04923695
v -0.01749598 0.03013700 -0.04899698
v -0.01487594 0.03226900 -0.04894000
v -0.01480698 0.03028500 -0.04869395
v -0.01257997 0.03251898 -0.04749196
v -0.01252996 0.03053599 -0.04723995
v -0.01117098 0.03284800 -0.04516595
v -0.01112794 0.03086495 -0.04491299
v -0.01093298 0.03319597 -0.04246896
v -0.01088297 0.03121197 -0.04221898
v -0.05671596 0.01847294 -0.28027299
v -0.04346096 0.01709994 -0.33214200
v -0.04172295 0.01702895 -0.33115399
v -0.04406499 0.01657697 -0.33110401
v -0.04231494 0.01650497 -0.33013702
v -0.04536497 0.01632593 -0.32869601
v -0.04358994 0.01625392 -0.32777602
v -0.04659795 0.01627294 -0.32624000
v -0.04479897 0.01620093 -0.32536900
v -0.04776298 0.01627997 -0.32374901
v -0.04594099 0.01620796 -0.32292700
v -0.04885995 0.01628897 -0.32122800
v -0.04701596 0.01621697 -0.32045502
v -0.04988998 0.01622597 -0.31867999
v -0.04802596 0.01615397 -0.31795702
v -0.04897099 0.01589796 -0.31544599
v -0.05085295 0.01596997 -0.31611800
v -0.05085396 0.01597295 -0.31611699
v -0.05085295 0.01596997 -0.31611800
v -0.04897099 0.01589796 -0.31544599
v -0.04897099 0.01590094 -0.31544501
v -0.05085396 0.01597497 -0.31611401
v -0.04897195 0.01590392 -0.31544200
v -0.05085796 0.01597897 -0.31610301
v -0.04897499 0.01590696 -0.31543201
v -0.05086398 0.01598195 -0.31608600
v -0.04898095 0.01590994 -0.31541500
v -0.05087000 0.01598397 -0.31606901
v -0.04898697 0.01591197 -0.31539801
v -0.05087596 0.01598493 -0.31605101
v -0.04899299 0.01591293 -0.31538099
v -0.05087900 0.01598594 -0.31604299
v -0.04899597 0.01591096 -0.31537300
v -0.05088198 0.01598594 -0.31603500
v -0.04899996 0.01590494 -0.31536499
v 0.00842196 -0.00130100 -0.10945700
v 0.00657099 -0.00068401 -0.10901900
v 0.03117996 -0.00228096 -0.06618195
v 0.03212296 -0.00312800 -0.06486600
v 0.03128194 -0.00752199 -0.06444799
v 0.02410399 -0.00658995 -0.07273697
v 0.01759898 -0.00661296 -0.08157795
v 0.03068399 -0.00271196 -0.06353998
v 0.03212296 -0.00312800 -0.06486600
v 0.03117996 -0.00228096 -0.06618195
v 0.02973496 -0.00181497 -0.06487995
v 0.02941000 -0.00132800 -0.06541895
v 0.02973496 -0.00181497 -0.06487995
v 0.03117996 -0.00228096 -0.06618195
v 0.03086096 -0.00179995 -0.06671196
v 0.03777098 -0.00885898 -0.05419600
v 0.03919196 -0.00931800 -0.05552595
v 0.03212296 -0.00312800 -0.06486600
v 0.03068399 -0.00271196 -0.06353998
v 0.03212296 -0.00312800 -0.06486600
v 0.03919196 -0.00931800 -0.05552595
v 0.03810697 -0.01398199 -0.05492097
v 0.03493100 -0.01052898 -0.05963099
v 0.03128194 -0.00752199 -0.06444799
v 0.03919196 -0.00931800 -0.05552595
v 0.04107797 -0.01088899 -0.05291295
v 0.04019397 -0.01441395 -0.05241400
v 0.03810697 -0.01398199 -0.05492097
v 0.04008895 -0.00479699 -0.05599600
v 0.04053395 -0.00228495 -0.05621397
v 0.04279899 -0.00228495 -0.05383294
v 0.04231196 -0.00505299 -0.05359095
v 0.04203099 -0.00649697 -0.05344098
vt 0.33330601 1.00000000
vt 0.28571701 1.00000000
vt 0.16667300 1.00000000
vt 0.16667300 0.00000000
vt 0.16691890 0.00000000
vt 0.33330601 0.00000000
vt 0.14285500 1.00000000
vt 0.00000000 1.00000000
vt 0.00000000 0.22509900
vt 0.00000000 0.00000000
vt 0.85714501 0.00000000
vt 0.83332700 0.00000000
vt 0.71428400 0.00000000
vt 0.71428400 1.00000000
vt 0.83333498 1.00000000
vt 0.85714501 1.00000000
vt 0.66669399 0.00000000
vt 0.57141799 0.00000000
vt 0.57141799 1.00000000
vt 0.66670197 1.00000000
vt 0.33329999 0.00554699
vt 0.16692901 0.00351495
vt 0.16666789 0.00351095
vt 0.16666789 1.00000000
vt 0.28571901 1.00000000
vt 0.33329999 1.00000000
vt 0.00000100 0.00000000
vt 0.00002500 0.22450200
vt 0.00000000 1.00000000
vt 0.14285700 1.00000000
vt 1.00000000 1.00000000
vt 1.00000000 0.00000000
vt 0.33332500 0.00000000
vt 0.00000000 0.00000000
vt 0.00000000 1.00000000
vt 0.33332500 1.00000000
vt 1.00000000 0.33330199
vt 1.00000000 0.00000000
vt 0.00033600 0.00000000
vt 0.00000000 0.33330199
vt 0.66667998 0.00000000
vt 0.66667998 1.00000000
vt 0.00000000 0.33408901
vt 0.00000000 0.66669798
vt 1.00000000 0.66669798
vt 0.00000000 0.66827798
vt 0.00070700 0.99920201
vt 0.22618289 0.99985802
vt 0.50986499 1.00000000
vt 0.66246003 0.99993998
vt 1.00000000 1.00000000
vt 1.00000000 1.00000000
vt 1.00000000 0.00000000
vt 1.00000000 0.33331701
vt 1.00000000 0.66668302
vt 0.00000000 0.66668302
vt 0.00000000 0.33331701
vt 1.00000000 1.00000000
vt 0.66231900 1.00000000
vt 0.20498291 1.00000000
vt 0.00000000 1.00000000
vt 0.49919200 0.00000000
vt 0.49909201 0.00000000
vt 0.00000000 0.00000000
vt 0.00000000 1.00000000
vt 0.49919200 1.00000000
vt 0.52021098 0.50035101
vt 0.57102102 0.53044999
vt 0.59023702 0.54133898
vt 0.59819800 0.54577500
vt 0.60175598 0.54774398
vt 0.60192800 0.54783899
vt 0.60255200 0.54818398
vt 0.60411799 0.54904699
vt 0.60721302 0.55074698
vt 0.61325300 0.55404502
vt 0.72580898 0.61064601
vt 0.99998301 0.71392399
vt 1.00000000 0.89266002
vt 0.79773402 0.87151599
vt 0.65022498 0.87777501
vt 0.51406300 0.90258199
vt 0.42425299 0.93486702
vt 0.33767399 1.00000000
vt 0.00000000 1.00000000
vt 0.00217700 0.50035101
vt 0.00217795 0.50022203
vt 0.00521797 0.00000000
vt 0.05709999 0.09697395
vt 0.10876500 0.16420101
vt 0.11509700 0.17145599
vt 0.11706800 0.17368500
vt 0.11775000 0.17445090
vt 0.11814100 0.17489000
vt 0.11814100 0.17489000
vt 0.11814100 0.17489000
vt 0.11814100 0.17489000
vt 0.11815500 0.17490600
vt 0.11824400 0.17500500
vt 0.11873500 0.17555401
vt 0.15159801 0.21047600
vt 0.33153301 0.36912501
vt 0.49994501 1.00000000
vt 1.00000000 1.00000000
vt 1.00000000 0.00000000
vt 0.00218296 0.49918801
vt 0.00217700 0.50015998
vt 0.00000000 0.99987799
vt 0.33723801 1.00000000
vt 0.42467901 0.93278903
vt 0.58491600 0.88286698
vt 0.77833599 0.86652303
vt 1.00000000 0.89133602
vt 0.99888700 0.71383101
vt 0.72650898 0.61123800
vt 0.61225802 0.55378199
vt 0.60613000 0.55043101
vt 0.60298902 0.54870301
vt 0.60142899 0.54784101
vt 0.60119498 0.54771203
vt 0.60098201 0.54759401
vt 0.59736502 0.54558998
vt 0.58926702 0.54107100
vt 0.56969398 0.52995998
vt 0.51787603 0.49918801
vt 0.47732401 0.47364700
vt 0.24750100 0.29966500
vt 0.15118399 0.21019800
vt 0.13149001 0.18964501
vt 0.12200000 0.17930201
vt 0.11966500 0.17670891
vt 0.11850300 0.17541189
vt 0.11801900 0.17487100
vt 0.11801900 0.17487000
vt 0.11801800 0.17487000
vt 0.11800400 0.17485400
vt 0.11797200 0.17481799
vt 0.11730900 0.17407501
vt 0.10207300 0.15642890
vt 0.00521296 0.00000000
vt 0.75000000 0.33411899
vt 0.99990702 0.33411899
vt 0.99990100 0.30522001
vt 0.99989402 0.26971099
vt 0.99989200 0.25668100
vt 0.99989098 0.25134799
vt 0.99989003 0.24897701
vt 0.99989003 0.24883690
vt 0.99989003 0.24868400
vt 0.99989003 0.24766301
vt 0.99989003 0.24561299
vt 0.99988902 0.24162699
vt 0.99987501 0.17090300
vt 0.99984699 0.02517199
vt 0.99984699 0.00000000
vt 0.75000000 0.00000000
vt 0.83968002 0.99736398
vt 1.00000000 0.99997199
vt 1.00000000 0.20763589
vt 0.20761500 0.05061495
vt 0.00000000 0.00000000
vt 0.00457597 0.62054598
vt 0.30943701 0.68382698
vt 0.50704002 0.77268100
vt 0.48575601 1.00000000
vt 0.50011301 1.00000000
vt 0.75010300 1.00000000
vt 1.00000000 1.00000000
vt 1.00000000 0.00313395
vt 0.80182302 0.00039800
vt 0.66548198 0.00000300
vt 0.54626399 0.00033100
vt 0.48575601 0.00065800
vt 0.50000000 0.33411899
vt 0.50000000 0.00000000
vt 0.25000000 0.33411899
vt 0.48568201 0.00000000
vt 0.25000000 0.00000000
vt 0.50000000 0.66615301
vt 0.99997097 0.66615301
vt 0.99996799 0.64868599
vt 0.99996698 0.64794701
vt 0.99996698 0.64791203
vt 0.99996698 0.64789498
vt 0.99996698 0.64789498
vt 0.99996698 0.64789498
vt 0.99996698 0.64735597
vt 0.99996698 0.64606601
vt 0.99996698 0.64348602
vt 0.99996501 0.63316399
vt 0.99996102 0.61251903
vt 0.99994302 0.52082199
vt 0.25000000 0.66615301
vt 0.12500000 0.66615301
vt 0.06250000 0.66615301
vt 0.03125000 0.66615301
vt 0.01562500 0.66615301
vt 0.00000000 0.66615301
vt 0.00000000 0.99983901
vt 0.85406899 1.00000000
vt 1.00000000 0.81599200
vt 0.12500000 0.33411899
vt 0.09375000 0.33411899
vt 0.06250000 0.33411899
vt 0.12500000 0.00000000
vt 0.09375000 0.00000000
vt 0.43127501 0.00101095
vt 0.31189901 0.00186700
vt 0.17624700 0.00272697
vt 0.00000000 0.00311899
vt 0.00000000 1.00000000
vt 0.00402695 1.00000000
vt 0.00793296 1.00000000
vt 0.01183897 1.00000000
vt 0.01574599 1.00000000
vt 0.01965099 1.00000000
vt 0.02355796 1.00000000
vt 0.03136998 1.00000000
vt 0.03918296 1.00000000
vt 0.04699498 1.00000000
vt 0.06261897 1.00000000
vt 0.09386998 1.00000000
vt 0.12502100 1.00000000
vt 0.25003800 1.00000000
vt 0.06250000 0.00000000
vt 0.04687500 0.33411899
vt 0.04687500 0.00000000
vt 0.03906196 0.33411899
vt 0.03125000 0.33411899
vt 0.03906196 0.00000000
vt 0.03125000 0.00000000
vt 0.02343797 0.33411899
vt 0.01953095 0.33411899
vt 0.01562500 0.33411899
vt 0.02343797 0.00000000
vt 0.01953095 0.00000000
vt 0.01562500 0.00000000
vt 0.01171898 0.33411899
vt 0.01171898 0.00000000
vt 0.00781196 0.33411899
vt 0.00781196 0.00000000
vt 0.00390595 0.33411899
vt 0.00390595 0.00000000
vt 0.00000000 0.33411899
vt 0.00000000 0.00000000
vt 0.00000000 0.00000000
vt 0.04577898 0.33349100
vt 0.15450300 0.64123398
vt 0.31637400 0.90870303
vt 0.38844499 0.96071303
vt 0.58165801 0.99793202
vt 0.76439703 0.90902799
vt 0.89077902 0.71991199
vt 0.95990700 0.48899400
vt 0.99178600 0.24582601
vt 0.99997598 0.00000000
vt 0.87857503 0.99605799
vt 0.87857503 0.99605799
vt 0.87857503 0.99605799
vt 1.00000000 0.85335201
vt 0.99985403 0.00000000
vt 0.66733998 0.00000000
vt 0.87857503 0.99605799
vt 0.99976498 0.00000000
vt 0.00000000 0.00000000
vt 0.00559396 0.20187899
vt 0.02270299 0.40244800
vt 0.05654597 0.59942502
vt 0.11947700 0.78647298
vt 0.23579900 0.94156402
vt 0.32117200 0.98796201
vt 0.41958299 0.99917197
vt 0.60000402 0.93139702
vt 0.60057402 0.93101400
vt 0.60114503 0.93063098
vt 0.60228503 0.92986101
vt 0.60257000 0.92966801
vt 0.60285401 0.92947501
vt 0.60342300 0.92908800
vt 0.60456097 0.92831099
vt 0.60908598 0.92517799
vt 0.61803401 0.91877902
vt 0.63551903 0.90548199
vt 0.66888100 0.87708402
vt 0.72946399 0.81439197
vt 0.82860601 0.67196900
vt 0.95745897 0.35235301
vt 1.00000000 1.00000000
vt 1.00000000 0.00000000
vt 0.00000000 0.00000000
vt 0.00000000 1.00000000
vt 1.00000000 1.00000000
vt 0.00000000 0.00000000
vt 0.00000000 1.00000000
vt 0.66690397 0.00021000
vt 0.99999100 0.00019600
vt 1.00000000 0.85306799
vt 0.87863702 0.99734998
vt 0.66690397 0.99875200
vt 0.99934798 0.74996799
vt 0.99918699 0.83324301
vt 0.85280699 1.00000000
vt 0.00029700 0.99998301
vt 0.00029700 0.74996799
vt 0.50000000 0.74996799
vt 1.00000000 1.00000000
vt 1.00000000 0.00000000
vt 0.00000000 0.00000000
vt 0.00000000 1.00000000
vt 0.37879300 0.00000000
vt 0.39037499 0.03762894
vt 0.44783801 0.06802695
vt 0.53768301 0.08515095
vt 0.64153397 0.08502697
vt 0.73527700 0.06665098
vt 0.79619598 0.03461295
vt 0.82265502 0.01657700
vt 0.83494103 0.00820398
vt 0.84090197 0.00414097
vt 0.84398299 0.00204098
vt 0.84546798 0.00102895
vt 0.84623498 0.00050600
vt 0.84640902 0.00038700
vt 0.84650099 0.00032500
vt 0.84659600 0.00026000
vt 0.84669101 0.00019500
vt 0.84680003 0.00012100
vt 0.84689599 0.00003900
vt 0.84689897 0.00001100
vt 0.84685200 0.00000000
vt 1.00000000 0.00000000
vt 0.99999601 0.31092700
vt 0.92316002 0.33882701
vt 0.61638999 0.47404099
vt 0.15867400 0.78417403
vt 0.00000000 1.00000000
vt 0.00047800 0.00000000
vt 0.33367401 0.99968803
vt 0.33367401 0.00022500
vt 0.60000300 0.93140501
vt 0.41626000 0.99942201
vt 0.31931099 0.98737103
vt 0.23531900 0.94116598
vt 0.12022100 0.78815299
vt 0.05713397 0.60218799
vt 0.02298694 0.40496999
vt 0.00566000 0.20336500
vt 0.00000000 0.00000800
vt 0.99976403 0.00001200
vt 0.95734400 0.35286400
vt 0.82741499 0.67408699
vt 0.72868699 0.81532699
vt 0.66843700 0.87750399
vt 0.16683701 0.99964303
vt 0.16683701 0.00023200
vt 0.12915400 0.99946803
vt 0.08341896 0.99928200
vt 0.08341896 0.00039600
vt 0.99997002 0.73457098
vt 0.90636599 0.75329298
vt 0.86562997 0.76160002
vt 0.86329401 0.76208001
vt 0.85858703 0.76304799
vt 0.84828901 0.76516700
vt 0.83034998 0.76885802
vt 0.80509901 0.77405500
vt 0.79401702 0.77633601
vt 0.79362899 0.77641702
vt 0.79351699 0.77644002
vt 0.79351300 0.77644002
vt 0.79351300 0.77644002
vt 0.79351300 0.77644002
vt 0.79351300 0.77644002
vt 0.79351300 0.77644002
vt 0.79351300 0.77644002
vt 0.79351300 0.77644002
vt 0.79351300 0.77644098
vt 0.78688997 0.77783000
vt 0.77487302 0.78037798
vt 0.73356998 0.78951901
vt 0.66561300 0.80606401
vt 0.33477700 0.89680398
vt 0.00000000 1.00000000
vt 0.00001500 0.00000000
vt 0.99997699 0.00000000
vt 0.04012894 0.99979198
vt 0.03163194 0.99948698
vt 0.02662098 0.99930102
vt 0.02518194 0.99929702
vt 0.02439099 0.99930203
vt 0.02439099 0.99930203
vt 0.02439099 0.99930203
vt 0.02439099 0.99930203
vt 0.02439099 0.99930203
vt 0.02439099 0.99930203
vt 0.02439099 0.99930203
vt 0.02439099 0.99930203
vt 0.02438998 0.99930203
vt 0.02433097 0.99929899
vt 0.02301394 0.99923903
vt 0.02001696 0.99931902
vt 0.01788794 0.99944001
vt 0.01666599 0.99948901
vt 0.01610696 0.99949998
vt 0.01582998 0.99949998
vt 0.01100999 0.99945301
vt 0.00000100 0.99950099
vt 0.00000100 0.81218499
vt 0.00000100 0.65053397
vt 0.00000100 0.50129801
vt 0.00000000 0.35163999
vt 0.00000000 0.18864600
vt 0.00000000 0.00023900
vt 1.00000000 0.99989301
vt 0.17335200 1.00000000
vt 0.00000000 0.00000200
vt 1.00000000 0.81226599
vt 1.00000000 0.99963999
vt 0.94177800 0.99988002
vt 0.85787898 0.99971998
vt 0.85787898 0.81226599
vt 1.00000000 0.65056401
vt 0.85787898 0.65056401
vt 0.78676999 0.65056401
vt 0.78676999 0.81226599
vt 0.73032802 0.99992299
vt 0.71566099 0.99986702
vt 0.71566099 0.81226599
vt 0.71566099 0.65056401
vt 0.78676999 0.50127703
vt 0.85787898 0.50127703
vt 0.71566099 0.50127703
vt 0.57227099 0.65056401
vt 0.57227099 0.81226599
vt 0.57227099 0.50127703
vt 0.42899501 0.50127703
vt 0.42899501 0.65056401
vt 0.42899501 0.81226599
vt 0.57227099 0.99967498
vt 0.42899501 0.99961501
vt 0.99998897 0.49882099
vt 0.99999303 0.98406899
vt 0.99999303 0.99999601
vt 0.13399801 0.99999899
vt 0.00000000 1.00000000
vt 0.02489995 0.98929101
vt 0.37126601 0.79916400
vt 0.63234299 0.53106999
vt 0.64982498 0.49882099
vt 0.69471502 0.19657700
vt 0.62266600 0.00001400
vt 0.99999398 0.00000000
vt 0.99998897 0.49202800
vt 0.00002100 0.10341390
vt 0.00002000 0.05242097
vt 0.00002000 0.05170696
vt 0.25031599 0.05170696
vt 0.25031599 0.10341390
vt 0.00002000 0.16135900
vt 0.00002100 0.16105691
vt 0.00002100 0.14755000
vt 0.00002100 0.10508700
vt 0.25031599 0.16135900
vt 0.37522301 0.05170696
vt 0.37522301 0.10341390
vt 0.50013101 0.10341390
vt 0.50013101 0.16135900
vt 0.50013101 0.05170696
vt 0.50013101 0.00000000
vt 0.52373999 0.00000000
vt 0.52105802 0.00760698
vt 0.52138400 0.01559096
vt 0.52493501 0.02241998
vt 0.53105599 0.02655500
vt 0.55973703 0.02778500
vt 0.58852601 0.02833294
vt 0.61733401 0.02889698
vt 0.64616001 0.02947598
vt 0.67500401 0.03006798
vt 0.70383197 0.02976095
vt 0.71033698 0.02532094
vt 0.71484798 0.01789498
vt 0.71657902 0.00886798
vt 0.71520698 0.00000100
vt 0.74999899 0.00000100
vt 0.74999899 0.10341390
vt 0.74999899 0.16135900
vt 0.74999899 0.21930499
vt 0.50013101 0.21930499
vt 0.25031599 0.21930499
vt 0.50013101 0.27844399
vt 0.25031599 0.27844399
vt 0.74999899 0.33758199
vt 0.50013101 0.33758199
vt 1.00000000 0.16135900
vt 1.00000000 0.20786300
vt 1.00000000 0.21930499
vt 1.00000000 0.29420701
vt 1.00000000 0.33758199
vt 0.50000000 0.99999702
vt 0.49126199 0.99999702
vt 0.00000000 1.00000000
vt 0.00209498 0.70953500
vt 0.00237697 0.66523200
vt 0.50000000 0.66523200
vt 0.00338399 0.48518500
vt 0.00404799 0.33177400
vt 0.50000000 0.33177400
vt 1.00000000 0.10341390
vt 1.00000000 0.12165000
vt 0.00428098 0.26149201
vt 0.00469595 0.00000000
vt 0.10301500 0.00000000
vt 0.27095401 0.00416297
vt 0.43889099 0.00000000
vt 0.50000000 0.00000000
vt 0.78439701 0.00000000
vt 0.99999899 0.00000100
vt 1.00000000 0.03549295
vt 0.00029700 0.67090100
vt 0.00049000 0.45807400
vt 0.00060700 0.00000000
vt 0.17281289 0.00018400
vt 0.34502000 0.00036800
vt 0.51722699 0.00055200
vt 0.68943399 0.00073500
vt 0.86134303 0.01644396
vt 0.94642299 0.16201100
vt 0.97138101 0.27617699
vt 0.98099202 0.39589500
vt 1.00000000 1.00000000
vt 0.97006500 1.00000000
vt 0.85038197 0.99999797
vt 0.86735302 0.97129798
vt 0.88364702 0.91384900
vt 0.89364600 0.82651597
vt 0.89188802 0.72631198
vt 0.87779599 0.63969499
vt 0.85748398 0.58868498
vt 0.81425202 0.56994098
vt 0.71666002 0.56994098
vt 0.61906803 0.56994098
vt 0.52147597 0.56994098
vt 0.42388499 0.56994098
vt 0.32629299 0.56994098
vt 0.22870091 0.56994098
vt 0.18547900 0.58865601
vt 0.16516200 0.63964897
vt 0.15106200 0.72629201
vt 0.14929900 0.82647002
vt 0.15929291 0.91380203
vt 0.17558600 0.97127098
vt 0.19255900 0.99998897
vt 0.00000000 0.99998701
vt 0.90084702 0.75037003
vt 0.95471299 0.87376702
vt 0.96801001 0.90527999
vt 0.97250801 0.91627097
vt 0.97340697 0.91852200
vt 0.97361797 0.91905397
vt 0.97372103 0.91931498
vt 0.97377300 0.91944402
vt 0.97379798 0.91950899
vt 0.97381097 0.91954100
vt 0.97381502 0.91955298
vt 0.97382098 0.91956699
vt 0.97475499 0.92194200
vt 0.97837400 0.93133998
vt 1.00000000 1.00000000
vt 0.00005500 0.99999899
vt 0.00003900 0.75037003
vt 0.78559399 0.50051898
vt 0.89881903 0.74589700
vt 0.00005100 0.71063501
vt 0.00006500 0.67034400
vt 0.26834100 0.66620302
vt 0.42849901 0.65999901
vt 0.46038800 0.64608902
vt 0.45674199 0.61744100
vt 0.45279101 0.58879900
vt 0.44857901 0.56015903
vt 0.44415101 0.53151900
vt 0.43947899 0.50288600
vt 0.43908101 0.50051898
vt 0.96821898 1.00000000
vt 1.00000000 1.00000000
vt 1.00000000 0.00000000
vt 0.96821898 0.00000000
vt 0.03243899 0.00000000
vt 0.00000000 0.00000000
vt 0.00000000 1.00000000
vt 0.03243899 1.00000000
vt 0.93643802 0.00000000
vt 0.93643802 1.00000000
vt 0.50076699 0.05351096
vt 0.50076699 0.10702200
vt 0.75063199 0.10702200
vt 0.75063199 0.00008200
vt 0.71520197 0.00009500
vt 0.71657503 0.00887495
vt 0.71484798 0.01789498
vt 0.71033400 0.02531695
vt 0.70383501 0.02977800
vt 0.67500299 0.03006798
vt 0.64616001 0.02947598
vt 0.61733401 0.02889698
vt 0.58852601 0.02833294
vt 0.55973798 0.02778500
vt 0.53105497 0.02655696
vt 0.52493602 0.02241897
vt 0.52138102 0.01559197
vt 0.52105999 0.00760800
vt 0.52373302 0.00013400
vt 0.50076699 0.00013700
vt 0.90465701 0.00000000
vt 0.90465701 1.00000000
vt 0.87287599 0.00000000
vt 0.87287599 1.00000000
vt 0.75466102 0.00000000
vt 0.75466102 1.00000000
vt 0.63535500 0.00000000
vt 0.63535500 1.00000000
vt 0.51303899 0.00000000
vt 0.51303899 1.00000000
vt 0.38749099 0.00000000
vt 0.38749099 1.00000000
vt 0.25841299 0.00000000
vt 0.25841299 1.00000000
vt 0.12712200 0.00000000
vt 0.12712200 1.00000000
vt 0.09534198 0.00000000
vt 0.09534198 1.00000000
vt 0.06356096 0.00000000
vt 0.06356298 1.00000000
vt 0.03178095 0.00000000
vt 0.03178095 1.00000000
vt 0.00000000 0.00000000
vt 0.00000000 1.00000000
vt 0.96934998 1.00000000
vt 1.00000000 1.00000000
vt 1.00000000 0.00000000
vt 0.96934998 0.00000000
vt 0.68385798 0.25056800
vt 0.78180301 0.49171701
vt 0.43458700 0.47425899
vt 0.37210199 0.45974201
vt 0.22069100 0.45353201
vt 0.00026100 0.44872099
vt 0.00031600 0.42139399
vt 0.00041000 0.27698001
vt 0.00041400 0.25056800
vt 0.37522301 0.00000000
vt 0.25031599 0.00000000
vt 0.35241401 0.00000000
vt 0.00039500 0.13222900
vt 0.00027400 0.01053196
vt 0.24163499 0.00958496
vt 0.45296901 0.00590199
vt 0.60118502 0.00000000
vt 0.68008900 0.23956300
vt 0.00002000 0.00000000
vt 0.09607398 0.00000000
vt 0.09604901 0.00000100
vt 0.09604495 0.00000200
vt 0.09604400 0.00000400
vt 0.09604901 0.00000600
vt 0.09605300 0.00000800
vt 0.09606796 0.00001500
vt 0.09608399 0.00002200
vt 0.09609895 0.00002900
vt 0.09610700 0.00003300
vt 0.09611499 0.00003600
vt 0.09612196 0.00004000
vt 0.09612995 0.00004400
vt 0.09616100 0.00005800
vt 0.09628498 0.00011500
vt 0.09653198 0.00023000
vt 0.09702700 0.00045900
vt 0.09801596 0.00091800
vt 0.09999400 0.00183797
vt 0.10394900 0.00368297
vt 0.11181500 0.00738096
vt 0.11966000 0.01110595
vt 0.12788799 0.01371496
vt 0.13624801 0.01238095
vt 0.14261401 0.00740600
vt 0.14528599 0.00000000
vt 0.85357201 1.00000000
vt 1.00000000 1.00000000
vt 1.00000000 0.00000000
vt 0.85357201 0.00000000
vt 0.33702201 0.00000000
vt 0.00000000 0.00000000
vt 0.00000000 1.00000000
vt 0.33702201 1.00000000
vt 0.70951098 0.00000000
vt 0.70951098 1.00000000
vt 0.25073299 0.05351096
vt 0.25073299 0.00015500
vt 0.14529400 0.00013200
vt 0.14261501 0.00740695
vt 0.13624801 0.01238197
vt 0.12788799 0.01371598
vt 0.11965500 0.01110398
vt 0.11181500 0.00738096
vt 0.10394900 0.00368297
vt 0.09999400 0.00183695
vt 0.09801596 0.00091800
vt 0.09702700 0.00045900
vt 0.09653198 0.00023000
vt 0.09628498 0.00011500
vt 0.09616398 0.00005900
vt 0.09614700 0.00005100
vt 0.09614598 0.00005100
vt 0.09608095 0.00011100
vt 0.00003900 0.00002500
vt 0.00001600 0.05150997
vt 0.00001500 0.05351096
vt 0.56725502 0.00000000
vt 0.56725502 1.00000000
vt 0.42510101 0.00000000
vt 0.42510101 1.00000000
vt 0.28334901 0.00000000
vt 0.28334901 1.00000000
vt 0.14203601 0.00000000
vt 0.14203601 1.00000000
vt 0.07101798 0.00000000
vt 0.07101798 1.00000000
vt 0.03550899 0.00000000
vt 0.03550899 1.00000000
vt 0.01775395 0.00000000
vt 0.01775395 1.00000000
vt 0.00887698 0.00000000
vt 0.00887698 1.00000000
vt 0.00443900 0.00000000
vt 0.00443900 1.00000000
vt 0.00221896 0.00000000
vt 0.00221896 1.00000000
vt 0.00166398 0.00000000
vt 0.00124794 1.00000000
vt 0.00152600 0.00000000
vt 0.00138700 0.00000000
vt 0.00083200 0.00000000
vt 0.00055500 0.00000000
vt 0.00027700 0.00000000
vt 0.00027700 1.00000000
vt 0.00110996 0.00000000
vt 0.00124794 0.00000000
vt 0.00020800 0.00000000
vt 0.00013900 0.00000000
vt 0.00006900 1.00000000
vt 0.00010400 0.00000000
vt 0.00006900 0.00000000
vt 0.00000000 0.00000000
vt 0.00000000 1.00000000
vt 0.00006900 1.00000000
vt 0.00006900 0.00000000
vt 0.00023200 1.00000000
vt 0.96594101 0.00326997
vt 0.97946203 0.27757600
vt 1.00000000 0.68634099
vt 1.00000000 1.00000000
vt 1.00000000 0.00000000
vt 0.00000000 0.00000000
vt 0.00000000 1.00000000
vt 0.00000000 0.00133395
vt 1.00000000 0.00000000
vt 0.11557100 1.00000000
vt 1.00000000 1.00000000
vt 1.00000000 0.00000000
vt 0.00000000 0.00000000
vt 0.00000000 1.00000000
vt 1.00000000 0.68633002
vt 0.97970003 0.27717099
vt 0.96639597 0.00358194
vt 0.00482595 1.00000000
vt 0.11590900 1.00000000
vt 1.00000000 0.00000000
vt 0.00000000 0.00253600
vt 1.00000000 1.00000000
vt 1.00000000 0.00000000
vt 0.00000000 0.00000000
vt 0.00000000 1.00000000
vt 0.00384897 0.00000000
vt 0.00505298 0.34445199
vt 0.00309098 0.67457801
vt 0.00206000 0.83956599
vt 0.00140995 0.92233402
vt 0.00108397 0.96392399
vt 0.00101894 0.98363203
vt 0.00077600 0.99220002
vt 0.00053100 0.99619299
vt 0.00033600 0.99811900
vt 0.00000000 1.00000000
vt 0.99858302 0.95799202
vt 1.00000000 0.36060199
vt 0.99986500 1.00000000
vt 1.00000000 0.00000000
vt 0.99986500 0.00000000
vt 0.00060300 0.00000000
vt 0.00000000 1.00000000
vt 0.15830000 0.78459400
vt 0.61257601 0.47602001
vt 0.92089897 0.33968899
vt 1.00000000 0.31090599
vt 1.00000000 0.00024500
vt 0.84685600 0.00036900
vt 0.84684002 0.00036600
vt 0.84684002 0.00036600
vt 0.84553999 0.00100100
vt 0.84405500 0.00201297
vt 0.84097499 0.00411195
vt 0.83501399 0.00817495
vt 0.82272899 0.01654899
vt 0.79627198 0.03458595
vt 0.73541999 0.06664800
vt 0.64161301 0.08498400
vt 0.53777897 0.08512097
vt 0.44799599 0.06797695
vt 0.39039499 0.03761500
vt 0.37886101 0.00017500
vt 0.99865198 0.00000000
vt 0.99838197 0.00000000
vt 0.99838197 1.00000000
vt 0.99784303 0.00000000
vt 0.99784303 1.00000000
vt 0.99892199 0.00000000
vt 0.99919099 0.00000000
vt 0.99946100 0.00000000
vt 0.99972999 0.00000000
vt 0.99972999 1.00000000
vt 0.99986500 0.00000000
vt 0.99568599 0.00000000
vt 0.99568599 1.00000000
vt 0.99137300 0.00000000
vt 0.99137300 1.00000000
vt 0.98274499 0.00000000
vt 0.98274499 1.00000000
vt 0.96549100 0.00000000
vt 0.96549100 1.00000000
vt 0.93098098 0.00000000
vt 0.93098098 1.00000000
vt 0.86196297 0.00000000
vt 0.86196297 1.00000000
vt 0.71379799 0.00000000
vt 0.71379799 1.00000000
vt 0.57071602 0.00000000
vt 0.57071602 1.00000000
vt 0.42752299 0.00000000
vt 0.42752299 1.00000000
vt 0.28510201 0.00000000
vt 0.28510201 1.00000000
vt 0.14281400 0.00000000
vt 0.14281400 1.00000000
vt 0.00000000 0.00000000
vt 0.00000000 1.00000000
vt 1.00000000 1.00000000
vt 1.00000000 0.00000000
vt 0.00000000 0.00000000
vt 0.00000000 1.00000000
vt 0.99861997 0.06218194
vt 0.00000000 0.00825197
vt 0.00139898 0.72038102
vt 1.00000000 1.00000000
vt 1.00000000 1.00000000
vt 1.00000000 0.00000000
vt 0.00000000 0.00000000
vt 0.50000000 0.00000000
vt 0.00000000 0.00000000
vt 0.00000000 1.00000000
vt 0.50000000 1.00000000
vt 0.43048501 0.99998701
vt 0.69027001 0.48523101
vt 1.00000000 0.00140995
vt 0.53769600 0.00000000
vt 0.00000000 0.99959397
vt 1.00000000 1.00000000
vt 1.00000000 0.00000000
vt 0.19558001 0.00000000
vt 0.00000000 0.00000000
vt 0.00000000 1.00000000
vt 0.19558001 1.00000000
vt 0.50008601 0.00001200
vt 0.39963499 0.00771296
vt 0.19983800 0.07349598
vt 0.00000000 0.01373696
vt 0.00000000 0.78155398
vt 0.03011697 0.91443300
vt 0.50008601 0.77736801
vt 0.40069500 0.00000000
vt 0.40069500 1.00000000
vt 0.60034299 0.00000000
vt 0.49997801 0.00000000
vt 0.50034600 1.00000000
vt 0.60034299 1.00000000
vt 0.51873302 0.77841902
vt 0.99488199 1.00000000
vt 1.00000000 0.22638801
vt 0.79983598 0.08393597
vt 0.59988803 0.00891399
vt 0.80209601 0.00000000
vt 0.80209601 1.00000000
vt 0.49972099 0.00001800
vt 0.59988999 0.00891495
vt 0.79983801 0.08392900
vt 1.00000000 0.22638200
vt 0.99488199 1.00000000
vt 0.52136999 0.77857000
vt 0.49972099 0.77729899
vt 1.00000000 1.00000000
vt 1.00000000 0.00000000
vt 0.83842099 0.50014901
vt 0.99488902 0.98270100
vt 1.00000000 1.00000000
vt 0.24096000 1.00000000
vt 0.12931500 0.50181198
vt 0.12891901 0.50014901
vt 0.49950799 0.00000000
vt 0.00000000 0.00000000
vt 0.00000000 1.00000000
vt 0.49950799 1.00000000
vt 0.12919800 0.50133902
vt 0.12929399 0.50173998
vt 0.24093691 1.00000000
vt 1.00000000 1.00000000
vt 0.99643600 0.98799801
vt 0.83889800 0.50133902
vt 0.49979001 1.00000000
vt 1.00000000 1.00000000
vt 1.00000000 0.00000000
vt 0.50081199 0.00000000
vt 0.83659899 0.49470401
vt 0.66385502 0.00000000
vt 0.00000000 0.00273096
vt 0.43888101 0.49782300
vt 0.43972901 0.50288600
vt 0.44440100 0.53151900
vt 0.44884801 0.56015998
vt 0.45305100 0.58879900
vt 0.45698801 0.61744201
vt 0.46063900 0.64608902
vt 0.42879999 0.65999901
vt 0.26875401 0.66620499
vt 0.00455099 0.67035103
vt 0.00406998 0.71136999
vt 0.00358599 0.74862701
vt 0.90040100 0.74862701
vt 0.89882803 0.74525398
vt 0.78448200 0.49782300
vt 0.00710696 0.24923100
vt 0.00703394 0.27759799
vt 0.00640398 0.42214799
vt 0.00628096 0.44873101
vt 0.22161300 0.45352301
vt 0.37238601 0.45974201
vt 0.43485501 0.47425899
vt 0.78191900 0.49171799
vt 0.68360603 0.24923100
vt 0.87739998 0.00000000
vt 0.77060598 0.00000000
vt 0.76086098 0.00000000
vt 0.76086098 1.00000000
vt 0.78168201 1.00000000
vt 0.87739998 1.00000000
vt 0.64143401 0.00000000
vt 0.64143401 1.00000000
vt 0.51889497 0.00000000
vt 0.51889497 1.00000000
vt 0.39297101 0.00000000
vt 0.39297101 1.00000000
vt 0.26337001 0.00000000
vt 0.26337001 1.00000000
vt 0.12975600 0.00000000
vt 0.12975600 1.00000000
vt 0.06487798 0.00000000
vt 0.06487798 1.00000000
vt 0.00000000 0.00280994
vt 0.66391999 0.00000000
vt 0.71112502 0.13513801
vt 0.71759403 0.15364900
vt 0.71923000 0.15832700
vt 0.71924102 0.15835489
vt 0.71924800 0.15837801
vt 0.71927100 0.15844101
vt 0.71931499 0.15856799
vt 0.71940398 0.15882300
vt 0.71958399 0.15933789
vt 0.71995097 0.16038600
vt 0.72150397 0.16482000
vt 0.72909802 0.18647189
vt 0.75082701 0.24851801
vt 0.83536798 0.49135000
vt 0.14279100 0.00000000
vt 0.00000000 0.00000000
vt 0.00000000 1.00000000
vt 0.14279100 1.00000000
vt 0.28558099 0.00000000
vt 0.28558099 1.00000000
vt 0.42837200 0.00000000
vt 0.42837200 1.00000000
vt 0.57116199 0.00000000
vt 0.57116199 1.00000000
vt 0.71092701 0.00000000
vt 0.71092701 1.00000000
vt 0.78393000 0.00000000
vt 0.78393000 1.00000000
vt 0.82043099 0.00000000
vt 0.82043099 1.00000000
vt 0.00012800 0.99944699
vt 0.19293991 0.99998599
vt 0.17597499 0.97123098
vt 0.15968999 0.91376698
vt 0.14970000 0.82644099
vt 0.15146101 0.72626901
vt 0.16555300 0.63962400
vt 0.18586101 0.58862901
vt 0.22906201 0.56991100
vt 0.32660800 0.56991100
vt 0.42415500 0.56991100
vt 0.52170098 0.56991100
vt 0.61924702 0.56991100
vt 0.71679401 0.56991100
vt 0.81434000 0.56991100
vt 0.85755199 0.58865601
vt 0.87785500 0.63966697
vt 0.89194000 0.72628403
vt 0.89369601 0.82648402
vt 0.88370103 0.91381198
vt 0.86741501 0.97125798
vt 0.85045201 0.99998301
vt 0.97007900 1.00000000
vt 1.00000000 1.00000000
vt 0.98100102 0.39587900
vt 0.97139502 0.27616400
vt 0.94644803 0.16200200
vt 0.86140800 0.01643896
vt 0.68957800 0.00073000
vt 0.51744998 0.00054700
vt 0.34532800 0.00036400
vt 0.17323101 0.00018100
vt 0.00118500 0.00000000
vt 0.00144094 0.45811400
vt 0.00074400 0.67089802
vt 0.85693198 0.00000000
vt 0.85693198 1.00000000
vt 1.00000000 1.00000000
vt 1.00000000 0.00000000
vt 0.50000000 0.33095801
vt 0.58133602 0.33095801
vt 0.55102402 0.23554100
vt 0.51528400 0.00000000
vt 0.50000000 0.00000000
vt 0.14808001 0.00000000
vt 0.00000000 0.00000000
vt 0.00000000 1.00000000
vt 0.14808001 1.00000000
vt 0.51528400 0.00000000
vt 0.55102497 0.23553599
vt 0.58164901 0.33177400
vt 0.94083601 0.02214998
vt 0.96358502 0.08744597
vt 0.98542202 0.21811301
vt 0.99881703 0.41668200
vt 0.99645501 0.64445800
vt 0.97755700 0.84146202
vt 0.95032698 0.95740598
vt 0.89239699 0.99996299
vt 0.76159602 0.99996901
vt 0.63079500 0.99997503
vt 0.49999499 0.99998099
vt 0.36919400 0.99998701
vt 0.23839401 0.99999303
vt 0.10759290 0.99999899
vt 0.04964995 0.95738298
vt 0.02242499 0.84140098
vt 0.00353700 0.64445901
vt 0.00118095 0.41662300
vt 0.01458299 0.21805200
vt 0.03642100 0.08742696
vt 0.05916696 0.02217096
vt 0.50000101 0.00000000
vt 0.29260200 0.00000000
vt 0.22412001 0.00000000
vt 0.22344489 1.00000000
vt 0.29260200 1.00000000
vt 0.61330801 0.40413401
vt 0.68581098 0.51892102
vt 0.76237798 0.59540099
vt 0.84085399 0.64294499
vt 0.90331101 0.66523200
vt 0.43579799 0.00000000
vt 0.43579799 1.00000000
vt 0.50000000 0.66478503
vt 0.90166402 0.66478503
vt 0.84085399 0.64295000
vt 0.76237798 0.59540802
vt 0.68581301 0.51894301
vt 0.61330301 0.40416700
vt 0.00343496 0.33095801
vt 0.00268799 0.51553500
vt 0.00198495 0.66478503
vt 0.43889099 0.00000000
vt 0.27095401 0.00443000
vt 0.10301500 0.00000000
vt 0.00452095 0.00000000
vt 0.00364298 0.27517599
vt 0.75063199 0.16922900
vt 0.99999601 0.16922900
vt 1.00000000 0.12152990
vt 1.00000000 0.10702200
vt 1.00000000 0.03561896
vt 1.00000000 0.00000300
vt 0.78281599 0.00006800
vt 0.05916595 0.02090299
vt 0.03642100 0.08630096
vt 0.01458299 0.21708301
vt 0.00118095 0.41589200
vt 0.00353599 0.64400601
vt 0.02242296 0.84119499
vt 0.04964798 0.95732599
vt 0.10759100 0.99999899
vt 0.23839299 0.99999201
vt 0.36919400 0.99998599
vt 0.49999499 0.99997997
vt 0.63079703 0.99997401
vt 0.76159799 0.99996799
vt 0.89240003 0.99996197
vt 0.95032901 0.95734501
vt 0.97755897 0.84125000
vt 0.99645603 0.64399499
vt 0.99881601 0.41594300
vt 0.98541999 0.21713901
vt 0.96358401 0.08631896
vt 0.94083500 0.02085697
vt 0.50000101 0.00003800
vt 0.00082800 1.00000000
vt 1.00000000 0.99993002
vt 0.50076699 0.16922900
vt 0.75063199 0.23143600
vt 0.99999702 0.23143600
vt 0.99999499 0.20773301
vt 0.50076699 0.23143600
vt 0.25073299 0.23143600
vt 0.25073299 0.16922900
vt 0.25073299 0.10702200
vt 0.00000700 0.10702200
vt 0.00000000 0.14755400
vt 0.00004200 0.16094100
vt 0.00000700 0.16922900
vt 0.00000400 0.20745100
vt 0.00002400 0.23143600
vt 0.49590001 0.92763501
vt 0.49590001 0.85526901
vt 0.00640899 0.85526901
vt 0.00155199 0.89882600
vt 0.00006700 0.90797102
vt 0.10135500 0.92763501
vt 0.49590001 0.73803902
vt 0.42235199 0.80094999
vt 0.37170801 0.84011799
vt 0.32990801 0.85214299
vt 0.28067699 0.85364997
vt 0.23654000 0.84338301
vt 0.20922489 0.82436001
vt 0.20358300 0.80167103
vt 0.21950001 0.77989000
vt 0.30010301 0.71083999
vt 0.12538300 0.71083999
vt 0.09259295 0.72813100
vt 0.05469697 0.73618501
vt 0.01311498 0.73679203
vt 0.00844300 0.82789803
vt 0.25073299 0.34886199
vt 0.25073299 0.29014900
vt 0.00002700 0.31072500
vt 0.02301895 0.31759501
vt 0.03613096 0.33517700
vt 0.03770095 0.34886199
vt 0.01394796 0.00000000
vt 0.00000000 0.00000000
vt 0.00000000 1.00000000
vt 0.01394796 1.00000000
vt 0.83410901 1.00000000
vt 1.00000000 1.00000000
vt 1.00000000 0.00000000
vt 0.83410901 0.00000000
vt 0.00631195 0.85632402
vt 0.00746399 0.84173900
vt 0.01310998 0.73678303
vt 0.05469197 0.73618799
vt 0.09259295 0.72813499
vt 0.12352800 0.71237302
vt 0.29829401 0.71237302
vt 0.21949600 0.77989101
vt 0.20357899 0.80167198
vt 0.20922200 0.82436103
vt 0.23652799 0.84338802
vt 0.28066900 0.85366303
vt 0.32990599 0.85214400
vt 0.37170699 0.84012002
vt 0.42235100 0.80095100
vt 0.49771500 0.73650801
vt 0.49771500 0.85632402
vt 0.03678900 0.33758199
vt 0.03612798 0.33517799
vt 0.02301800 0.31759599
vt 0.00002700 0.31071401
vt 0.00001200 0.21930499
vt 0.25031599 0.33758199
vt 0.66707098 0.00000000
vt 0.66707098 1.00000000
vt 0.64849102 0.00000000
vt 0.49973699 0.00000000
vt 0.49973699 1.00000000
vt 0.56463301 1.00000000
vt 0.00002100 0.45364401
vt 0.00003000 0.42005500
vt 0.01238399 0.39970899
vt 0.02481299 0.37907201
vt 0.03609097 0.35768101
vt 0.25031599 0.45364401
vt 0.33489299 0.00000000
vt 0.33489299 1.00000000
vt 0.16547599 0.00000000
vt 0.16547599 1.00000000
vt 0.25073299 0.46012500
vt 0.03609097 0.35768101
vt 0.02481198 0.37907201
vt 0.01238399 0.39970899
vt 0.00002900 0.42005700
vt 0.00002900 0.45663100
vt 0.00002900 0.46012500
vt 0.00000000 0.00000000
vt 0.00000000 1.00000000
vt 0.89233297 1.00000000
vt 0.96573502 1.00000000
vt 1.00000000 1.00000000
vt 1.00000000 0.00000000
vt 0.96623802 0.00000000
vt 0.89233297 0.00000000
vt 0.01552695 0.56932002
vt 0.01535099 0.61112797
vt 0.06503397 0.56932002
vt 0.17558600 0.47724000
vt 0.23308399 0.42947999
vt 0.05595499 0.42947999
vt 0.01519799 0.46359700
vt 0.01553195 0.56533802
vt 0.25073299 0.56809700
vt 0.00003100 0.54946601
vt 0.02124297 0.51713902
vt 0.03789895 0.50557101
vt 0.05859696 0.50182199
vt 0.07919698 0.50699002
vt 0.09501099 0.52037603
vt 0.10303900 0.53909898
vt 0.10144100 0.55896097
vt 0.09693497 0.56809700
vt 0.09644597 0.00000000
vt 0.06788498 0.00000000
vt 0.00000000 0.00000000
vt 0.00000000 1.00000000
vt 0.06588000 1.00000000
vt 0.09644597 1.00000000
vt 0.88893801 1.00000000
vt 1.00000000 1.00000000
vt 1.00000000 0.00000000
vt 0.88893801 0.00000000
vt 0.09756296 0.56710398
vt 0.10143890 0.55896002
vt 0.10304100 0.53909802
vt 0.09501099 0.52037603
vt 0.07919698 0.50699002
vt 0.05859696 0.50182098
vt 0.03789800 0.50556898
vt 0.02124500 0.51713997
vt 0.00003200 0.54946601
vt 0.00002100 0.45608899
vt 0.25031599 0.56710398
vt 0.01551997 0.56993002
vt 0.01519298 0.46359599
vt 0.05711299 0.42849600
vt 0.23426101 0.42849600
vt 0.17558400 0.47723901
vt 0.06430000 0.56993002
vt 0.40312800 0.28633901
vt 0.33473000 0.34443301
vt 0.07340097 0.41483501
vt 0.13139699 0.36605200
vt 0.18905289 0.31716800
vt 0.22507501 0.28633901
vt 0.21273801 0.00000000
vt 0.21273801 1.00000000
vt 0.32812899 0.00000000
vt 0.32812899 1.00000000
vt 0.43887001 0.00000000
vt 0.39677301 0.00000000
vt 0.39234200 1.00000000
vt 0.43887001 1.00000000
vt 0.49771500 0.20391101
vt 0.49084100 0.21002100
vt 0.24620099 0.26813599
vt 0.29506701 0.21759591
vt 0.28371999 0.19053300
vt 0.24383201 0.16991000
vt 0.18663500 0.16223601
vt 0.15688001 0.16472501
vt 0.13056090 0.17143101
vt 0.06812399 0.21883400
vt 0.01198995 0.26858699
vt 0.00854599 0.18988501
vt 0.00580799 0.14296600
vt 0.49771500 0.14296600
vt 0.55506903 0.00000000
vt 0.55506903 1.00000000
vt 0.49590001 0.14454900
vt 0.00591397 0.14454900
vt 0.00893700 0.19733500
vt 0.01199597 0.26858899
vt 0.06813496 0.21883900
vt 0.13056700 0.17143400
vt 0.15688400 0.16472600
vt 0.18663999 0.16224299
vt 0.24384300 0.16990800
vt 0.28372300 0.19053701
vt 0.29509401 0.21760000
vt 0.24621101 0.26813999
vt 0.22281601 0.28829300
vt 0.40086401 0.28829300
vt 0.49084201 0.21002389
vt 0.49590001 0.20553000
vt 0.18906100 0.31717199
vt 0.13140491 0.36605501
vt 0.07341700 0.41484001
vt 0.33473700 0.34443700
vt 0.78052503 0.00000000
vt 0.73323101 0.00000000
vt 0.66812599 0.00000000
vt 0.66812599 1.00000000
vt 0.73492199 1.00000000
vt 0.78052503 1.00000000
vt 0.84864300 0.00000000
vt 0.84937900 1.00000000
vt 0.01534700 0.61112499
vt 0.01551598 0.57272202
vt 0.66296899 0.00000000
vt 0.61303598 0.00000000
vt 0.61189902 0.00000000
vt 0.61189902 1.00000000
vt 0.61433399 1.00000000
vt 0.66433901 1.00000000
vt 0.56295800 0.14454900
vt 0.99112397 0.14454900
vt 0.99336499 0.14401790
vt 0.98979300 0.01107197
vt 0.78423601 0.00000000
vt 0.58148199 0.00769997
vt 0.49590001 0.01470500
vt 0.49590001 0.07227498
vt 0.56613100 0.14158989
vt 0.61161000 0.10990500
vt 0.64937103 0.10159800
vt 0.69119400 0.10170900
vt 0.72875297 0.11001100
vt 0.75610399 0.12445900
vt 0.77004802 0.14250501
vt 0.77067697 0.14454900
vt 0.58378500 0.00000000
vt 0.58378500 1.00000000
vt 0.74885798 0.11943300
vt 0.72875500 0.11000700
vt 0.69119799 0.10170000
vt 0.64937198 0.10159400
vt 0.61161101 0.10990100
vt 0.56613100 0.14158601
vt 0.56465203 0.14296600
vt 0.49771500 0.07148295
vt 0.49771500 0.01453495
vt 0.58573699 0.00739896
vt 0.74885798 0.00027900
vt 0.00519097 0.13409200
vt 0.00507098 0.13246299
vt 0.00506997 0.13244300
vt 0.00506896 0.13243289
vt 0.00506896 0.13242801
vt 0.00506896 0.13242599
vt 0.00506794 0.13242500
vt 0.00506794 0.13242500
vt 0.00506794 0.13242500
vt 0.00506794 0.13242500
vt 0.00506097 0.13232701
vt 0.00504994 0.13218200
vt 0.00500596 0.13160200
vt 0.00491798 0.13044401
vt 0.00473899 0.12812600
vt 0.00000000 0.08183300
vt 0.06319296 0.07148295
vt 0.00002600 0.84105599
vt 0.00002500 0.83902597
vt 0.00002500 0.83801198
vt 0.00002400 0.83750403
vt 0.00002400 0.83737701
vt 0.00002400 0.83731401
vt 0.00002400 0.83729398
vt 0.00002400 0.83729202
vt 0.00002400 0.83729202
vt 0.00002400 0.83729202
vt 0.00002400 0.83728898
vt 0.00002400 0.83728498
vt 0.00002400 0.83727598
vt 0.00002400 0.83725798
vt 0.00002400 0.83583301
vt 0.00002700 0.82807499
vt 0.00003700 0.78721303
vt 0.25031599 0.78721303
vt 0.25031599 0.84105599
vt 0.00003600 0.71886802
vt 0.01998394 0.68803602
vt 0.02634495 0.67817998
vt 0.25031599 0.67817998
vt 0.11157200 0.00000000
vt 0.00000000 0.00000000
vt 0.00000000 1.00000000
vt 0.11157200 1.00000000
vt 0.88365299 1.00000000
vt 1.00000000 1.00000000
vt 1.00000000 0.00000000
vt 0.88365299 0.00000000
vt 0.25073299 0.78071302
vt 0.25073299 0.67430800
vt 0.02884495 0.67430800
vt 0.01998394 0.68803602
vt 0.00003700 0.71886700
vt 0.00003700 0.78071302
vt 0.77775002 0.00000000
vt 0.77775002 1.00000000
vt 0.75003701 0.00000000
vt 0.75003701 1.00000000
vt 0.72232503 0.00000000
vt 0.72232503 1.00000000
vt 0.66690099 0.00000000
vt 0.66690099 1.00000000
vt 0.61098498 0.00000000
vt 0.61098498 1.00000000
vt 0.22556099 0.00000000
vt 0.14659999 0.00000000
vt 0.16041400 1.00000000
vt 0.22556099 1.00000000
vt 0.08138400 0.59265602
vt 0.06059098 0.62503499
vt 0.04013496 0.65680403
vt 0.50076699 0.67430800
vt 0.50076699 0.56809700
vt 0.50076699 0.78071302
vt 0.75063199 0.67430800
vt 0.75063199 0.56809700
vt 0.75063199 0.78071302
vt 0.25073299 0.83511698
vt 0.50076699 0.83511698
vt 0.50076699 0.88952100
vt 0.75063199 0.88952100
vt 0.25073299 0.88952100
vt 0.00003800 0.82668900
vt 0.00003800 0.83511698
vt 0.00003800 0.83672398
vt 0.00003800 0.83716500
vt 0.00003800 0.83729398
vt 0.00003800 0.83729500
vt 0.00003800 0.83729601
vt 0.00003800 0.83733100
vt 0.00003800 0.83742899
vt 0.00003800 0.83762401
vt 0.00003800 0.83801502
vt 0.00003800 0.84426302
vt 0.00003800 0.85675699
vt 0.00003800 0.88175201
vt 0.00003900 0.88952100
vt 0.05832195 0.07227498
vt 0.00000000 0.08183896
vt 0.00321799 0.11021900
vt 0.00445396 0.12447200
vt 0.00500798 0.13160600
vt 0.00504196 0.13205101
vt 0.00505894 0.13227400
vt 0.00506699 0.13238600
vt 0.00506997 0.13242599
vt 0.00506997 0.13242701
vt 0.00506997 0.13242701
vt 0.00508100 0.13257600
vt 0.00511795 0.13307799
vt 0.00525099 0.13491300
vt 0.80197698 1.00000000
vt 1.00000000 1.00000000
vt 1.00000000 0.55417198
vt 1.00000000 0.00000000
vt 0.93899900 0.00000000
vt 0.80197698 0.00000000
vt 0.38369000 0.02640700
vt 0.19014999 0.05193996
vt 0.60342598 0.00000000
vt 0.48987699 0.00000000
vt 0.40411800 0.00000000
vt 0.40411800 1.00000000
vt 0.49843901 1.00000000
vt 0.60342598 1.00000000
vt 0.20344600 0.00000000
vt 0.20344600 0.00781196
vt 0.20344600 0.01562500
vt 0.20344600 0.03125000
vt 0.20344600 0.06250000
vt 0.20344600 0.12500000
vt 0.20344600 0.25000000
vt 0.20344600 0.50000000
vt 0.20344600 0.75000000
vt 0.20344600 0.87500000
vt 0.20344600 0.93750000
vt 0.20344600 0.96875000
vt 0.20344600 1.00000000
vt 0.24612591 1.00000000
vt 0.24611500 0.50429600
vt 0.49845800 0.50429600
vt 0.49845800 0.00003800
vt 0.40410200 0.00003800
vt 0.24611500 0.00008300
vt 0.75116700 0.50429600
vt 0.75116700 0.00007200
vt 0.60342699 0.00007800
vt 0.75116402 1.00000000
vt 1.00000000 0.50429600
vt 1.00000000 0.00000000
vt 0.80198401 0.00009600
vt 0.25073299 0.94476098
vt 0.00003900 0.89578199
vt 0.20114800 0.89578199
vt 0.20114800 0.94476098
vt 0.97234797 0.50960398
vt 0.97483099 0.41491500
vt 1.00000000 0.00000000
vt 0.03616994 0.00005700
vt 0.00407499 0.50280702
vt 0.00385797 0.50960398
vt 0.20114800 0.95579702
vt 0.20114800 0.99999398
vt 0.25073299 1.00000000
vt 0.50076699 0.94476098
vt 0.40065601 0.99999702
vt 0.50076699 0.99999797
vt 0.25033501 0.00003900
vt 0.06231194 0.00012200
vt 0.00000000 0.00000000
vt 0.00000000 1.00000000
vt 0.25014299 0.99947000
vt 0.25033501 0.99947000
vt 0.50046700 0.00009300
vt 0.37553701 0.00005200
vt 0.50023103 0.99947101
vt 0.50046700 0.99947101
vt 0.75063199 0.94476098
vt 0.60071200 0.99999702
vt 0.75063199 0.99999797
vt 0.75044101 0.00009000
vt 0.68790299 0.00010700
vt 0.75020802 0.99947798
vt 0.75044101 0.99947798
vt 0.80061501 0.99999797
vt 1.00000000 0.99987203
vt 0.99999899 0.94476098
vt 0.99982297 0.99947500
vt 1.00000000 0.00000000
vt 0.75034302 0.95771903
vt 0.99996799 0.94973302
vt 1.00000000 0.00016200
vt 0.75057602 0.00017700
vt 0.75034302 0.00017700
vt 0.50055802 0.00017500
vt 0.50032198 0.00017500
vt 0.50032198 0.97646803
vt 0.75011301 0.95773101
vt 0.26454201 0.00000000
vt 0.00000000 0.00000000
vt 0.00000000 1.00000000
vt 0.26432899 1.00000000
vt 0.26454201 1.00000000
vt 0.49996901 0.00000000
vt 0.26461899 0.00000000
vt 0.49971399 1.00000000
vt 0.49996901 1.00000000
vt 0.25038201 0.00017300
vt 0.25018901 0.00017300
vt 0.25018901 0.99312800
vt 0.50006801 0.97649097
vt 0.74648201 0.00000000
vt 0.74646902 0.00000000
vt 0.50001001 0.00000000
vt 0.74631202 1.00000000
vt 0.74648201 1.00000000
vt 0.74998200 0.95785201
vt 0.50003499 0.97640997
vt 0.49999401 0.97641402
vt 0.49999401 0.00000500
vt 0.50002903 0.00000500
vt 0.74998200 0.00000500
vt 0.75000900 0.00000500
vt 1.00000000 0.00000600
vt 0.99999899 0.94972700
vt 0.75006503 0.95784801
vt 0.75000799 1.00000000
vt 0.74997997 1.00000000
vt 0.50002903 1.00000000
vt 0.50002903 0.00004700
vt 0.68718803 0.00007700
vt 0.75000799 0.00006100
vt 1.00000000 0.00004900
vt 1.00000000 1.00000000
vt 0.84659201 0.99994701
vt 0.85413498 0.96766502
vt 0.86079198 0.90620100
vt 0.86442697 0.81958902
vt 0.86358601 0.72662097
vt 0.85857302 0.64733899
vt 0.85156202 0.59794700
vt 0.83182299 0.57046402
vt 0.79188901 0.57046402
vt 0.75195599 0.57046402
vt 0.71202201 0.57046402
vt 0.67208803 0.57046402
vt 0.63215500 0.57046402
vt 0.59222102 0.57046402
vt 0.57453603 0.58914900
vt 0.56621897 0.64005899
vt 0.56044197 0.72657001
vt 0.55971199 0.82664001
vt 0.56379598 0.91388297
vt 0.57046002 0.97128600
vt 0.57740599 0.99996400
vt 0.33359799 0.99997902
vt 0.00062500 1.00000000
vt 0.00000000 0.00003300
vt 1.00000000 0.00000000
vt 0.99988699 0.45875600
vt 0.99964601 0.99993700
vt 0.33333299 0.99581301
vt 0.24320599 0.99585402
vt 0.15319701 1.00000000
vt 0.00000000 1.00000000
vt 0.00035100 0.66823399
vt 0.33333299 0.66823399
vt 0.99999899 0.89489800
vt 0.99999899 0.91308999
vt 1.00000000 0.99999797
vt 0.80022001 0.99999797
vt 0.74999899 0.99999899
vt 0.74999899 0.94744903
vt 0.74999899 0.89489800
vt 0.05912697 0.97783798
vt 0.03637897 0.91254801
vt 0.01454895 0.78185701
vt 0.00117296 0.58323300
vt 0.00356495 0.35540399
vt 0.02248698 0.15844600
vt 0.04972696 0.04253995
vt 0.10765100 0.00000000
vt 0.23844901 0.00000000
vt 0.36924601 0.00000000
vt 0.50004297 0.00000000
vt 0.63084000 0.00000000
vt 0.76163697 0.00000000
vt 0.89243400 0.00000000
vt 0.95708603 0.06256997
vt 0.98004901 0.17501900
vt 0.99646902 0.35552001
vt 0.99922401 0.56717902
vt 0.98731798 0.76436800
vt 0.96551198 0.90430301
vt 0.94080698 0.97779900
vt 0.64626002 0.99998301
vt 0.35133800 0.99999398
vt 0.66666698 0.99999899
vt 0.42263201 1.00000000
vt 0.66666698 0.66823399
vt 0.00050600 0.59861302
vt 0.00129998 0.33477601
vt 0.33333299 0.33477601
vt 0.66666698 0.33477601
vt 0.99996603 0.33477601
vt 0.99997300 0.64438301
vt 0.99997902 0.66823399
vt 0.99994802 0.99999899
vt 0.72890502 0.00022600
vt 0.99999899 0.00020000
vt 0.99996001 0.33619201
vt 0.99996799 0.36069599
vt 0.72890502 0.36069599
vt 0.99877399 0.00036100
vt 1.00000000 0.36381701
vt 0.72451800 0.47826499
vt 0.48099899 0.69682002
vt 0.24538600 0.90272099
vt 0.00000000 1.00000000
vt 0.00000000 0.11813700
vt 0.04449498 0.03964596
vt 0.10656300 0.00053400
vt 0.11684600 0.00053000
vt 1.00000000 1.00000000
vt 1.00000000 0.00000000
vt 0.00000000 0.00000000
vt 0.00000000 1.00000000
vt 1.00000000 1.00000000
vt 1.00000000 0.00000000
vt 0.00000000 0.00000000
vt 0.00000000 1.00000000
vt 1.00000000 1.00000000
vt 0.00000000 1.00000000
vt 0.00000000 0.00000000
vt 1.00000000 0.00000000
vt 0.00000000 0.12777001
vt 0.00000100 1.00000000
vt 0.25832799 0.89551902
vt 0.49682501 0.68330300
vt 0.73719299 0.46917400
vt 1.00000000 0.36384800
vt 0.99877399 0.00038200
vt 0.11684600 0.00053000
vt 0.10739900 0.00422895
vt 0.10234900 0.00620699
vt 0.04455494 0.04408997
vt 0.00332695 0.11717800
vt 0.00000000 1.00000000
vt 0.00000000 0.00000000
vt 1.00000000 0.00000000
vt 1.00000000 1.00000000
vt 0.50280702 0.99956203
vt 1.00000000 0.99806398
vt 0.50280702 0.66326499
vt 1.00000000 1.00000000
vt 1.00000000 0.00000000
vt 0.49991101 0.00000000
vt 0.00000000 0.00000000
vt 0.00000000 1.00000000
vt 0.48645601 1.00000000
vt 0.49925199 0.65674698
vt 0.96749502 0.96951997
vt 1.00000000 0.99887902
vt 0.49925199 0.99952102
vt 0.00000000 0.99940002
vt 0.00000200 0.00000000
vt 0.00000000 0.50180602
vt 1.00000000 0.00000000
vt 0.99999601 1.00000000
vt 0.00000000 1.00000000
vt 1.00000000 0.78711700
vt 0.99999899 0.99991500
vt 0.00000000 0.99992198
vt 0.00000000 0.00000000
vt 0.49096999 0.22075300
vt 0.37448999 0.22075400
vt 0.23180801 0.28427199
vt 0.09932595 0.52699703
vt 0.00000000 1.00000000
vt 0.00000000 0.00000000
vt 0.43151799 0.00000000
vt 0.49096999 0.00000000
vt 0.66771698 0.01028597
vt 0.67328799 0.00810599
vt 0.75078797 0.00322598
vt 0.83526099 0.03861296
vt 1.00000000 0.18263599
vt 1.00000000 0.99993300
vt 0.66771698 0.99999899
vt 0.33302799 0.99987900
vt 0.33302799 0.41832700
vt 0.43587101 0.27731600
vt 0.54593301 0.12166800
vt 0.71704102 0.00000000
vt 0.71158600 0.00000000
vt 0.57328999 0.00000000
vt 0.57328999 1.00000000
vt 0.71534699 1.00000000
vt 0.71704102 1.00000000
vt 0.43240699 0.00000000
vt 0.43240699 1.00000000
vt 0.31023401 0.00000000
vt 0.29020101 0.00000000
vt 0.29020101 1.00000000
vt 0.31365499 1.00000000
vt 0.33602601 0.99795598
vt 0.67156500 0.99644202
vt 0.67156500 0.00877499
vt 0.54592401 0.12170500
vt 0.43586999 0.27739501
vt 0.33602601 0.41461200
vt 0.31564099 0.44041499
vt 0.17112800 0.59850198
vt 0.00000000 0.74235201
vt 0.00000000 0.99998599
vt 0.00725996 0.99990100
vt 0.49096999 0.00000000
vt 0.43151799 0.00000000
vt 0.00000000 0.00000000
vt 0.00000000 1.00000000
vt 0.09711700 0.53682500
vt 0.23059089 0.28744999
vt 0.37137100 0.22470200
vt 0.37448999 0.22453500
vt 0.49096999 0.22763200
vt 1.00000000 0.00000000
vt 0.49354601 0.65903902
vt 0.00000000 1.00000000
vt 0.54684502 0.99180597
vt 1.00000000 0.98535800
vt 0.14279000 0.00000000
vt 0.00000000 0.00000000
vt 0.00000000 1.00000000
vt 0.14279000 1.00000000
vt 0.50000000 1.00000000
vt 1.00000000 1.00000000
vt 1.00000000 0.00000000
vt 0.50000000 0.00000000
vt 0.00000000 0.99993300
vt 0.00000000 0.74218303
vt 0.17112900 0.59835899
vt 0.31563100 0.44029501
vt 1.00000000 1.00000000
vt 0.54676199 0.99999702
vt 0.00000000 0.99999398
vt 0.49227399 0.66840398
vt 1.00000000 0.00000000
vt 0.00000000 0.00000000
vt 0.00000000 1.00000000
vt 0.95121503 1.00000000
vt 1.00000000 1.00000000
vt 1.00000000 0.00000000
vt 0.95121503 0.00000000
vt 0.87544501 0.00000000
vt 0.99987298 0.00000000
vt 0.99793899 0.06545698
vt 0.99050498 0.11664700
vt 0.96589202 0.16440800
vt 0.91005599 0.18766101
vt 0.85437101 0.19290100
vt 0.79900098 0.19274400
vt 0.74394399 0.19235700
vt 0.68924397 0.19851100
vt 0.63506401 0.22216800
vt 0.63504201 0.22193401
vt 0.63498598 0.22170700
vt 0.63476402 0.22134601
vt 0.63440198 0.22110000
vt 0.63403898 0.22093000
vt 0.63367301 0.22082900
vt 0.63350397 0.22080091
vt 0.63331997 0.22078000
vt 0.63304001 0.22076100
vt 0.63283098 0.22075200
vt 0.65142298 1.00000000
vt 0.36532900 1.00000000
vt 0.32109201 1.00000000
vt 0.32109201 0.66084701
vt 0.65142298 0.66084701
vt 1.00000000 0.66084701
vt 1.00000000 0.96917701
vt 0.98254800 0.96917301
vt 0.97932702 0.93063098
vt 0.97295702 0.89910400
vt 0.96075702 0.86796302
vt 0.94616300 0.85549903
vt 0.91647398 0.85539699
vt 0.88695401 0.85539699
vt 0.85760897 0.85539699
vt 0.82844198 0.85539597
vt 0.79942602 0.85539597
vt 0.77058399 0.85674900
vt 0.76384002 0.86269599
vt 0.75934798 0.87098199
vt 0.74982101 0.90274400
vt 0.74463600 0.94836700
vt 0.74400097 1.00000000
vt 0.03706300 0.00000000
vt 0.00000000 0.00000000
vt 0.00000000 1.00000000
vt 0.03706300 1.00000000
vt 0.66403300 1.00000000
vt 1.00000000 1.00000000
vt 1.00000000 0.00000000
vt 0.66403300 0.00000000
vt 0.32590401 0.00000000
vt 0.32590401 1.00000000
vt 0.65142298 0.66084701
vt 0.65142298 1.00000000
vt 0.74400097 1.00000000
vt 0.74463600 0.94836801
vt 0.74982101 0.90274400
vt 0.75934798 0.87098199
vt 0.76384002 0.86269599
vt 0.77058399 0.85674900
vt 0.79942602 0.85539597
vt 0.82844198 0.85539597
vt 0.85760897 0.85539699
vt 0.88695401 0.85539699
vt 0.91647398 0.85539699
vt 0.94616300 0.85549903
vt 0.96075702 0.86796200
vt 0.97295702 0.89910400
vt 0.97932702 0.93063098
vt 0.98254800 0.96917301
vt 1.00000000 0.96917301
vt 1.00000000 0.66084701
vt 0.00000000 0.00000000
vt 0.00000000 1.00000000
vt 1.00000000 1.00000000
vt 1.00000000 0.00000000
vt 0.00000000 0.00000000
vt 0.00000000 1.00000000
vt 1.00000000 1.00000000
vt 1.00000000 0.00000000
vt 0.00000000 0.00000000
vt 0.00000000 1.00000000
vt 0.85749000 1.00000000
vt 1.00000000 1.00000000
vt 1.00000000 0.00000000
vt 0.85749000 0.00000000
vt 0.71500200 0.00000000
vt 0.71500200 1.00000000
vt 0.57251400 0.00000000
vt 0.57251400 1.00000000
vt 0.43002599 0.00000000
vt 0.43002599 1.00000000
vt 0.28753799 0.00000000
vt 0.28753799 1.00000000
vt 0.14494599 0.00000000
vt 0.14494599 1.00000000
vt 0.07247298 0.00000000
vt 0.07247298 1.00000000
vt 0.00000000 0.00000000
vt 0.00000000 1.00000000
vt 0.50211900 1.00000000
vt 1.00000000 1.00000000
vt 1.00000000 0.00000000
vt 0.50211900 0.00000000
vt 0.00000000 0.00000000
vt 0.00000000 1.00000000
vt 1.00000000 1.00000000
vt 1.00000000 0.00000000
vt 0.00000000 0.00000000
vt 0.00000000 1.00000000
vt 1.00000000 1.00000000
vt 1.00000000 0.00000000
vt 0.00000000 0.00000000
vt 0.00000000 1.00000000
vt 0.33687899 1.00000000
vt 0.00000200 1.00000000
vt 0.00000000 0.00000000
vt 0.31813601 0.00000000
vt 0.33687899 0.00000000
vt 1.00000000 0.34232101
vt 1.00000000 0.64268202
vt 0.65142298 0.34232101
vt 0.65623099 1.00000000
vt 0.64679199 0.00000000
vt 0.65623099 0.00000000
vt 0.00000000 0.66312200
vt 0.00000000 0.34376901
vt 0.10415890 0.34376901
vt 0.10415890 0.66312200
vt 0.10415890 1.00000000
vt 0.00000000 0.00000000
vt 0.03469198 0.00000000
vt 0.20831899 0.00000000
vt 0.20831899 0.34376901
vt 1.00000000 0.00000000
vt 1.00000000 1.00000000
vt 0.65142298 0.00000500
vt 1.00000000 0.33317399
vt 0.87404698 0.68187398
vt 0.85879999 0.68336201
vt 0.80388898 0.71758699
vt 0.77125198 0.78689897
vt 0.77125198 0.86928999
vt 0.80388898 0.93860102
vt 0.85879999 0.97282600
vt 0.87404698 0.97431397
vt 0.87404698 1.00000000
vt 0.86283898 0.99931699
vt 0.60679501 0.96809697
vt 0.40966499 0.91366702
vt 0.22608300 0.80155897
vt 0.06498301 0.63723201
vt 0.00000000 0.55421603
vt 0.05700099 0.27669901
vt 0.11383400 0.00000000
vt 0.32211000 0.21616390
vt 0.58130401 0.43924099
vt 0.85477698 0.62797499
vt 0.87404698 0.63975000
vt 0.32109201 0.00001100
vt 0.32109201 0.34232101
vt 0.00000000 0.66084701
vt 0.00000000 0.34232101
vt 0.00000000 0.00001600
vt 0.33915299 0.49882400
vt 0.38210601 0.47744900
vt 0.65767902 0.28893501
vt 0.65767902 1.00000000
vt 0.33915299 1.00000000
vt 0.00000000 0.57491499
vt 0.19942699 0.55038601
vt 0.00020300 0.36069599
vt 0.00019000 0.31706399
vt 0.00002900 0.18034799
vt 0.24219599 0.18034799
vt 0.24219599 0.36069599
vt 0.00025100 0.67951900
vt 0.00024300 0.65041697
vt 0.24219599 0.67951900
vt 0.24219599 0.00018400
vt 0.48169899 0.00014700
vt 0.48169899 0.36069599
vt 0.48169899 0.67951900
vt 0.48169899 0.99989700
vt 0.30566001 0.99989802
vt 0.24219599 0.99990302
vt 0.15303500 0.99989802
vt 0.00023500 0.99989903
vt 0.24752700 0.00006400
vt 0.39212099 0.00004500
vt 0.49505499 0.00002300
vt 0.49505499 0.50075299
vt 0.24752700 0.50075299
vt 0.78028601 0.00003600
vt 1.00000000 0.00003800
vt 1.00000000 0.49905100
vt 1.00000000 0.50075299
vt 0.72890502 0.99992198
vt 0.61724901 0.99989802
vt 0.72890502 0.67951900
vt 0.00000000 0.49902400
vt 0.00000000 0.00000300
vt 0.29169500 0.00001600
vt 0.50000000 0.00005000
vt 0.50000000 0.49902400
vt 0.99996901 0.67951900
vt 0.99999899 0.99990600
vt 0.80868697 0.99997598
vt 0.99996901 0.67636901
vt 0.66666698 0.00000300
vt 0.75065202 0.00000300
vt 0.99994898 0.00000400
vt 0.99996603 0.33163899
vt 0.99999899 0.50000298
vt 0.99999899 0.50098002
vt 0.99999702 1.00000000
vt 0.75000000 0.99999899
vt 0.75000000 0.50000298
vt 0.99997801 0.00000800
vt 0.99994999 0.49902400
vt 0.66577899 0.99999899
vt 0.50000000 0.99999899
vt 0.50000000 0.50000298
vt 0.50000000 0.00000100
vt 0.50858802 0.00000100
vt 1.00000000 0.00000000
vt 0.99994999 0.49998000
vt 0.99995601 0.99996799
vt 0.74972600 0.99999702
vt 0.50106698 0.99997902
vt 0.50000000 0.99997902
vt 0.92025697 0.66973698
vt 0.95812100 0.67815298
vt 0.97834998 0.68195802
vt 0.98902798 0.68382001
vt 0.99450803 0.68474102
vt 0.99729502 0.68520099
vt 0.99868900 0.68542802
vt 0.99938500 0.68554199
vt 0.99973702 0.68553197
vt 0.99998999 0.68526298
vt 0.99999303 0.75880802
vt 0.00011800 0.19096491
vt 0.00017700 0.09581100
vt 0.00011600 0.00004500
vt 0.26300299 0.00005600
vt 0.26300299 0.09548300
vt 0.26300299 0.19096491
vt 0.00011700 0.34320799
vt 0.00011700 0.19137400
vt 0.26300299 0.34320799
vt 0.35204199 0.09548300
vt 0.35273200 0.13033800
vt 0.34283301 0.18490490
vt 0.34257600 0.19096491
vt 0.35249501 0.24072500
vt 0.43256700 0.34320799
vt 0.22631000 0.00000000
vt 0.17592400 0.00000000
vt 0.16973200 0.00000000
vt 0.16973200 1.00000000
vt 0.22631000 1.00000000
vt 0.11315500 0.00000000
vt 0.11315500 1.00000000
vt 0.14437100 1.00000000
vt 0.25620100 0.16018000
vt 0.25620100 0.30362299
vt 0.39347500 0.30362299
vt 0.35244399 0.24073300
vt 0.34267700 0.18489499
vt 0.34719700 0.16018000
vt 0.35268599 0.13035890
vt 0.34323201 0.00000000
vt 0.25620100 0.00000000
vt 0.00000000 0.00000000
vt 0.00001000 0.16018000
vt 0.00001200 0.19550291
vt 0.00001900 0.30362299
vt 0.48938799 0.49885401
vt 0.48938799 1.00000000
vt 0.58159000 1.00000000
vt 1.00000000 1.00000000
vt 1.00000000 0.49999601
vt 1.00000000 0.49885401
vt 0.50000000 0.50000101
vt 0.75000000 0.50000101
vt 1.00000000 0.00000000
vt 0.50861800 0.00000000
vt 0.50000000 0.00000000
vt 0.50000000 0.99995703
vt 1.00000000 0.99992400
vt 1.00000000 0.76492000
vt 1.00000000 0.68536800
vt 0.99973702 0.68554199
vt 0.99938703 0.68554199
vt 0.99869001 0.68542898
vt 0.99729598 0.68520099
vt 0.99450803 0.68474197
vt 0.98902798 0.68382400
vt 0.97834998 0.68196797
vt 0.95811999 0.67816800
vt 0.92025602 0.66974002
vt 0.75000000 0.99999797
vt 1.00000000 0.99998301
vt 1.00000000 0.50116903
vt 1.00000000 0.00000000
vt 0.48938799 0.00000000
vt 0.66666698 0.33522201
vt 0.99995297 0.33522201
vt 0.99995297 0.32687500
vt 0.99993801 0.00010000
vt 0.75063002 0.00005800
vt 0.66666698 0.00006400
vt 0.74153602 0.68558103
vt 0.74153602 0.99997997
vt 0.80463803 0.99998498
vt 1.00000000 0.68558103
vt 0.32457399 0.00000000
vt 0.00000000 0.00000000
vt 0.00000000 0.49885401
vt 0.49690500 0.68558103
vt 0.49690500 0.99996501
vt 0.61727297 0.99997002
vt 0.51372099 0.50066203
vt 1.00000000 0.50066203
vt 1.00000000 0.49885100
vt 1.00000000 0.00000000
vt 0.80489200 0.00000000
vt 0.51372099 0.00000000
vt 0.00000000 0.50066501
vt 0.00000000 1.00000000
vt 0.20686600 1.00000000
vt 0.51372099 1.00000000
vt 0.71276200 1.00000000
vt 0.91735899 1.00000000
vt 1.00000000 1.00000000
vt 0.25620100 0.43377200
vt 0.00002400 0.38278899
vt 0.00002600 0.43377200
vt 0.25620100 0.56002802
vt 0.00003000 0.56002802
vt 0.51461899 0.43377200
vt 0.51461899 0.41055700
vt 0.46165600 0.36864600
vt 0.51461899 0.56002802
vt 0.71633899 0.56002802
vt 0.62354302 0.49051601
vt 0.62207597 0.48944899
vt 0.62140101 0.48895800
vt 0.62109202 0.48873299
vt 0.61965197 0.48768601
vt 0.61597902 0.48501700
vt 0.60570598 0.47756100
vt 0.58025402 0.45909199
vt 0.54565603 0.43377200
vt 0.53863800 0.42857701
vt 0.43921900 0.00000000
vt 0.40880299 0.00000000
vt 0.40880299 1.00000000
vt 0.41386199 1.00000000
vt 0.43921900 1.00000000
vt 0.45442700 0.00000000
vt 0.45309901 0.00000000
vt 0.45442700 1.00000000
vt 0.46202999 0.00000000
vt 0.46202999 1.00000000
vt 0.60357499 0.47601601
vt 0.60573697 0.47758499
vt 0.61601001 0.48504201
vt 0.61968499 0.48771301
vt 0.62112200 0.48875800
vt 0.62142402 0.48897699
vt 0.62210602 0.48947400
vt 0.62357301 0.49054101
vt 0.76894802 0.60290802
vt 0.52499700 0.60290802
vt 0.52499700 0.47601601
vt 0.52499700 0.41838101
vt 0.53867102 0.42859101
vt 0.58028501 0.45911101
vt 0.46169600 0.36865199
vt 0.26300299 0.47601601
vt 0.26300299 0.60290802
vt 0.39830601 0.00000000
vt 0.34797201 0.00000000
vt 0.34797201 1.00000000
vt 0.38967100 1.00000000
vt 0.32367399 0.00000000
vt 0.28590000 1.00000000
vt 0.52499700 0.73141402
vt 0.26300299 0.73141402
vt 0.77299398 0.60636801
vt 0.77299398 0.73141402
vt 0.73971599 0.00000000
vt 0.72013700 0.00000000
vt 0.58780497 0.00000000
vt 0.58421701 0.00000000
vt 0.46963400 0.00000000
vt 0.46963400 1.00000000
vt 0.54007900 1.00000000
vt 0.58018601 1.00000000
vt 0.67771000 1.00000000
vt 0.73971599 1.00000000
vt 0.89564300 0.73141402
vt 0.77299398 0.86492503
vt 0.52499700 0.86492503
vt 0.90996301 0.75016999
vt 0.97555602 0.86492503
vt 0.77299398 0.99980599
vt 0.72054398 0.99985200
vt 0.52499700 0.99989903
vt 0.99841499 0.99967998
vt 0.99301201 0.66312200
vt 0.99490798 0.71208501
vt 1.00000000 0.93407798
vt 0.66993803 0.85996503
vt 0.66993803 0.66312200
vt 0.97520697 0.34376901
vt 0.98410702 0.48555300
vt 0.66993803 0.34376901
vt 0.33711901 0.34376901
vt 0.33711901 0.66312200
vt 0.66936702 0.85983801
vt 0.50441402 0.82331598
vt 0.33713800 0.88374603
vt 0.33711901 0.88375401
vt 0.32212701 0.00000000
vt 0.32154500 0.00000000
vt 0.00000000 0.00000000
vt 0.00000000 1.00000000
vt 0.32155499 1.00000000
vt 0.32212701 1.00000000
vt 0.49480700 0.00000000
vt 0.49480700 1.00000000
vt 0.66748798 0.00000000
vt 0.66748798 1.00000000
vt 0.66751200 1.00000000
vt 1.00000000 1.00000000
vt 1.00000000 0.00000000
vt 0.66750699 0.00000000
vt 0.66993803 0.66312200
vt 0.33711901 0.66312200
vt 0.33711901 0.88376099
vt 0.33714300 0.88374901
vt 0.50442201 0.82331902
vt 0.66937703 0.85984099
vt 0.66993803 0.85996598
vt 0.00000000 0.66312200
vt 0.00000000 1.00000000
vt 0.66993803 0.34377000
vt 0.33711901 0.34377000
vt 0.00000000 0.34377000
vt 0.65623099 0.00000000
vt 0.33687800 0.00000000
vt 0.33687800 1.00000000
vt 0.65623099 1.00000000
vt 0.00000000 0.00000000
vt 0.90416002 0.66312200
vt 0.90416002 1.00000000
vt 1.00000000 1.00000000
vt 1.00000000 0.66312200
vt 0.80831999 0.34376901
vt 0.80831999 0.66312200
vt 1.00000000 0.34376901
vt 0.80831999 1.00000000
vt 0.84020501 1.00000000
vt 0.16666700 0.00000000
vt 0.09940499 0.00000000
vt 0.00000000 0.00000000
vt 0.00000000 1.00000000
vt 0.09942597 1.00000000
vt 0.16666700 1.00000000
vt 0.33333299 0.00000000
vt 0.30347201 0.00000000
vt 0.19999900 0.00000000
vt 0.20001800 1.00000000
vt 0.30348799 1.00000000
vt 0.33333299 1.00000000
vt 0.90416002 1.00000000
vt 0.84018499 1.00000000
vt 0.80831897 1.00000000
vt 0.80831897 0.66312200
vt 0.90416002 0.66312200
vt 0.70683700 1.00000000
vt 0.70683700 0.66312200
vt 0.67635900 1.00000000
vt 0.60535401 1.00000000
vt 0.60535401 0.66312200
vt 0.50000000 0.00000000
vt 0.49618900 0.00000000
vt 0.40000001 0.00000000
vt 0.40001401 1.00000000
vt 0.49620101 1.00000000
vt 0.50000000 1.00000000
vt 0.50253099 1.00000000
vt 0.50253099 0.66312200
vt 0.50253099 0.34376901
vt 0.60535401 0.34376901
vt 0.70683700 0.34376901
vt 0.49863699 1.00000000
vt 0.39970800 1.00000000
vt 0.39970800 0.66312200
vt 0.39970800 0.34376901
vt 0.39970800 0.00000000
vt 0.60535401 0.00000000
vt 0.30401400 0.34376901
vt 0.30401400 0.66312200
vt 0.20831899 0.66312200
vt 0.30401400 1.00000000
vt 0.20831899 1.00000000
vt 0.33591500 1.00000000
vt 0.83333302 0.00000000
vt 0.80000001 0.00000000
vt 0.70022398 0.00000000
vt 0.66666698 0.00000000
vt 0.66666698 1.00000000
vt 0.70023102 1.00000000
vt 0.80000401 1.00000000
vt 0.83333302 1.00000000
vt 0.60000002 0.00000000
vt 0.60000902 1.00000000
vt 0.39970800 0.66312200
vt 0.30401400 0.66312200
vt 0.30401400 1.00000000
vt 0.33592299 1.00000000
vt 0.39970800 1.00000000
vt 0.50252998 0.66312200
vt 0.49864799 1.00000000
vt 0.50252998 1.00000000
vt 0.60535198 0.66312200
vt 0.60535198 1.00000000
vt 0.70683599 0.66312200
vt 0.67637402 1.00000000
vt 0.70683599 1.00000000
vt 0.60535198 0.34376901
vt 0.39970800 0.34376901
vt 0.60535198 0.00000000
vt 0.39970800 0.00000000
vt 0.80831999 0.00000000
vt 0.87404603 0.99999899
vt 0.93140697 0.98113698
vt 0.98233402 0.91588902
vt 0.99995703 0.82363802
vt 0.97885400 0.73275900
vt 0.92551798 0.67119998
vt 0.87404603 0.63975000
vt 0.87404603 0.68187499
vt 0.91855103 0.69508702
vt 0.96417302 0.74904299
vt 0.98118001 0.82809401
vt 0.96417302 0.90714699
vt 0.91855103 0.96110201
vt 0.87404603 0.97431397
vt 1.00000000 0.00000000
vt 0.99999899 1.00000000
vt 1.00000000 0.72759801
vt 0.85477501 0.62797600
vt 0.58130503 0.43924701
vt 0.32211301 0.21617500
vt 0.11382290 0.00000000
vt 0.05698496 0.27674800
vt 0.00000000 0.55422097
vt 0.06497597 0.63723201
vt 0.22607900 0.80155700
vt 0.40966201 0.91366398
vt 0.60679299 0.96809697
vt 0.86283797 0.99931699
vt 0.85879898 0.97282702
vt 0.80388701 0.93860102
vt 0.77125102 0.86928999
vt 0.77125102 0.78689897
vt 0.80388802 0.71758801
vt 0.85879898 0.68336302
vt 0.27439901 0.00000000
vt 0.25000000 0.00000000
vt 0.17955799 0.00000000
vt 0.17955799 1.00000000
vt 0.25000000 1.00000000
vt 0.27439901 1.00000000
vt 0.09255498 0.00000000
vt 0.09255498 1.00000000
vt 0.00000000 0.00000000
vt 0.00000000 1.00000000
vt 0.90745801 1.00000000
vt 1.00000000 1.00000000
vt 1.00000000 0.00000000
vt 0.90745801 0.00000000
vt 0.82044798 0.00000000
vt 0.82044798 1.00000000
vt 0.91855198 0.96110201
vt 0.96417302 0.90714699
vt 0.98118001 0.82809401
vt 0.96417302 0.74904197
vt 0.91855198 0.69508702
vt 0.92551899 0.67119998
vt 0.97885102 0.73275000
vt 0.99995798 0.82363099
vt 0.98233598 0.91588598
vt 0.93140900 0.98113698
vt 0.75000000 0.00000000
vt 0.72560602 0.00000000
vt 0.72560602 1.00000000
vt 0.75000000 1.00000000
vt 0.63580799 0.00000000
vt 0.63580799 1.00000000
vt 0.54778701 0.00000000
vt 0.54778701 1.00000000
vt 0.45222101 0.00000000
vt 0.45222101 1.00000000
vt 0.36419499 0.00000000
vt 0.36419499 1.00000000
vt 0.65623099 0.00003600
vt 0.99999899 0.00000000
vt 1.00000000 0.72759801
vt 1.00000000 1.00000000
vt 0.65623099 1.00000000
vt 0.80831897 0.00000000
vt 0.99998999 0.34376901
vt 0.90416002 0.34376901
vt 0.80831897 0.34376901
vt 0.99999601 0.66312200
vt 0.33687800 1.00000000
vt 0.33687800 0.00006900
vt 1.00000000 1.00000000
vt 0.00000000 1.00000000
vt 0.00000000 0.00010400
vt 0.00000000 0.66312200
vt 0.00000000 0.34376901
vt 1.00000000 1.00000000
vt 1.00000000 0.00000000
vt 0.00000000 0.00000000
vt 0.00000000 1.00000000
vt 0.00000000 0.00000000
vt 0.33711901 0.00000000
vt 0.66993803 0.00000100
vt 0.95186502 0.00000100
vt 0.96886200 0.25040600
vt 0.24752700 0.99998701
vt 0.21871699 0.99998701
vt 0.00000000 0.99998701
vt 0.00000500 0.50075299
vt 0.26300299 0.99997598
vt 0.00011900 0.99989599
vt 0.00011800 0.86492503
vt 0.26300299 0.86492503
vt 0.00011800 0.84714198
vt 0.00011700 0.73141402
vt 0.49505499 0.99998403
vt 0.43507800 0.99998701
vt 0.00011200 0.69440699
vt 0.00007500 0.60290802
vt 1.00000000 0.99998701
vt 0.84893900 0.99993902
vt 0.64330900 0.99996901
vt 0.00000300 0.47601601
vt 0.00011800 0.38279200
vt 0.10341800 0.99997002
vt 0.00000000 0.99996901
vt 0.00000000 0.50072598
vt 0.00000900 0.00004000
vt 0.36636999 0.99993998
vt 0.68508500 0.26653299
vt 1.00000000 0.00000000
vt 0.99998498 1.00000000
vt 0.20831899 0.34376901
vt 0.20831899 0.00000000
vt 0.03469300 0.00000000
vt 0.00000000 0.00000000
vt 0.00000000 0.34376901
vt 0.20831899 0.66312200
vt 0.10415890 0.66312200
vt 0.00000000 0.66312200
vt 0.65623099 1.00000000
vt 1.00000000 1.00000000
vt 1.00000000 0.00000000
vt 0.65623099 0.00000000
vt 0.64679199 0.00000000
vt 0.33687899 0.00000000
vt 0.33687899 1.00000000
vt 0.00000000 1.00000000
vt 0.10415890 1.00000000
vt 0.31813499 0.00000000
vt 0.00000000 0.00000000
vt 0.90372902 1.00000000
vt 1.00000000 1.00000000
vt 1.00000000 0.00000000
vt 0.90372699 0.00000000
vt 0.17559101 1.00000000
vt 0.20831899 1.00000000
vt 0.17558689 1.00000000
vt 0.65142298 0.34232101
vt 1.00000000 0.64268202
vt 1.00000000 0.34232101
vt 0.32109201 0.66084701
vt 0.32109201 1.00000000
vt 0.36532900 1.00000000
vt 0.32109201 0.34232101
vt 0.00000000 0.34232101
vt 0.00000000 0.66084701
vt 0.00000000 1.00000000
vt 0.33915299 1.00000000
vt 0.65768099 1.00000000
vt 0.65768099 0.28906599
vt 0.38584301 0.47547999
vt 0.33915299 0.49881899
vt 0.19914789 0.55051398
vt 0.00000000 0.57486600
vt 1.00000000 1.00000000
vt 0.99999601 0.00000000
vt 0.03585398 0.49601099
vt 0.00000000 0.50650001
vt 0.98844498 0.99342602
vt 1.00000000 0.99326301
vt 1.00000000 0.18269500
vt 0.83526599 0.03861296
vt 0.75078797 0.00317299
vt 0.67328697 0.00812995
vt 0.00000000 0.00000000
vt 0.00000000 1.00000000
vt 0.97387898 0.99848902
vt 0.99999899 0.99900699
vt 1.00000000 0.79386503
vt 0.86030000 1.00000000
vt 1.00000000 1.00000000
vt 1.00000000 0.00000000
vt 0.86030000 0.00000000
vt 1.00000000 1.00000000
vt 1.00000000 0.00000000
vt 0.00000000 0.00000000
vt 0.00000000 1.00000000
vt 0.00000100 0.00000000
vt 0.00000000 0.98336399
vt 0.78867102 0.00000000
vt 0.78867102 1.00000000
vt 0.25426000 0.18369900
vt 0.25426000 0.00027600
vt 0.00022700 0.00463796
vt 0.00004100 0.18369900
vt 0.25426000 0.36739799
vt 0.49690500 0.36739799
vt 0.49690500 0.00154495
vt 0.00019300 0.32019201
vt 0.00021300 0.36739799
vt 0.25426000 0.68558103
vt 0.00027900 0.65197998
vt 0.00029200 0.68558103
vt 1.00000000 1.00000000
vt 1.00000000 0.00000000
vt 0.68949199 0.26306701
vt 0.00029600 0.99994099
vt 0.15878201 0.99994802
vt 0.25426000 0.99995297
vt 0.25686100 0.50066203
vt 0.25686100 0.00000000
vt 0.00000000 0.00000000
vt 0.00000000 0.50066203
vt 0.32109201 0.00000000
vt 0.00000000 0.00000000
vt 0.65142298 0.00000000
vt 1.00000000 0.33317399
vt 0.00000000 1.00000000
vt 0.25686100 1.00000000
vt 0.25620100 0.83644700
vt 0.00004100 0.83644700
vt 0.00004100 0.84136403
vt 0.00004700 0.99984998
vt 0.25620100 0.99999899
vt 0.97525698 0.34377000
vt 0.96847802 0.24414800
vt 0.95188498 0.00000000
vt 0.66993803 0.00000000
vt 0.33711901 0.00000000
vt 0.99303299 0.66312200
vt 0.98360997 0.47621199
vt 0.51461899 0.91822398
vt 0.51461899 0.83644700
vt 0.36643201 0.99997699
vt 0.51461899 0.99992400
vt 0.76434600 0.91822398
vt 0.72047198 0.99984199
vt 0.76434600 0.99975801
vt 1.00000000 0.93408501
vt 0.99463701 0.70403600
vt 0.99841398 0.99951798
vt 0.99288601 0.91822398
vt 0.82821298 1.00000000
vt 0.91252798 1.00000000
vt 1.00000000 1.00000000
vt 1.00000000 0.00000000
vt 0.85746598 0.00000000
vt 0.76434600 0.83644700
vt 0.96276498 0.83644700
vt 0.76434600 0.69096500
vt 0.90996701 0.75011599
vt 0.86123800 0.69096500
vt 0.51461899 0.69096500
vt 0.25620100 0.69096500
vt 0.00003500 0.69096500
vt 0.26481599 1.00000000
vt 0.50059003 1.00000000
vt 0.00003500 0.68284798
vt 0.76434600 0.59897500
vt 0.46868399 0.00000000
vt 0.46868399 1.00000000
vt 0.46820900 0.00000000
vt 0.46820900 1.00000000
vt 0.46773300 0.00000000
vt 0.46773300 1.00000000
vt 0.46583200 0.00000000
vt 0.46583200 1.00000000
vt 0.00000000 0.00000000
vt 0.41165200 0.00000000
vt 0.31716800 0.99995601
vt 0.74153602 0.36739799
vt 0.74153602 0.00415295
vt 1.00000000 0.36739799
vt 1.00000000 0.33851999
vt 1.00000000 0.00463998
vt 1.00000000 0.67722303
vt 0.99994999 0.99889201
vt 0.99984097 0.45876700
vt 1.00000000 0.00002600
vt 0.00000000 0.00000000
vt 0.00062600 0.99996799
vt 0.33364299 0.99999899
vt 0.57748401 0.99997401
vt 0.57053798 0.97126400
vt 0.56387299 0.91386402
vt 0.55978799 0.82662702
vt 0.56051803 0.72656101
vt 0.56629503 0.64004999
vt 0.57461298 0.58913702
vt 0.59230000 0.57045001
vt 0.63224000 0.57045001
vt 0.67217898 0.57045001
vt 0.71211898 0.57045001
vt 0.75205803 0.57045001
vt 0.79199702 0.57045001
vt 0.83193702 0.57045001
vt 0.85167801 0.59793597
vt 0.85869002 0.64732999
vt 0.86370301 0.72661400
vt 0.86454397 0.81957698
vt 0.86090797 0.90618402
vt 0.85425001 0.96764302
vt 0.84670597 0.99996400
vt 0.66666698 0.66904998
vt 0.66666698 1.00000000
vt 0.99994802 1.00000000
vt 0.99997699 0.66904998
vt 0.33333299 0.66904998
vt 0.33333299 0.99554902
vt 0.42263201 1.00000000
vt 0.94080502 0.97914302
vt 0.96551001 0.90546298
vt 0.98731601 0.76535600
vt 0.99922198 0.56792402
vt 0.99646902 0.35599801
vt 0.98005003 0.17525890
vt 0.95708799 0.06265896
vt 0.89243603 0.00000000
vt 0.76163799 0.00000000
vt 0.63084000 0.00000000
vt 0.50004202 0.00000000
vt 0.36924401 0.00000000
vt 0.23844589 0.00000000
vt 0.10764800 0.00000000
vt 0.04972398 0.04260098
vt 0.02248400 0.15866201
vt 0.00356299 0.35587901
vt 0.00117195 0.58399397
vt 0.01454895 0.78286600
vt 0.03637796 0.91371799
vt 0.05912595 0.97916400
vt 0.35133699 0.99998498
vt 0.00000000 0.66904998
vt 0.00000000 0.78911799
vt 0.00000000 1.00000000
vt 0.15319701 1.00000000
vt 0.33333299 0.33522201
vt 0.00104898 0.33522201
vt 0.00019100 0.57819802
vt 1.00000000 0.91325003
vt 1.00000000 0.88952100
vt 1.00000000 0.82634401
vt 1.00000000 0.78071302
vt 0.33333299 0.00009800
vt 0.25201300 0.00009400
vt 0.00270396 0.00000000
vt 0.00185698 0.16026001
vt 1.00000000 0.73927999
vt 0.99999797 0.67430800
vt 0.25000000 0.50000101
vt 0.00813198 0.50000101
vt 0.00612098 0.61651599
vt 0.00219494 0.85455900
vt 0.00000000 0.99987501
vt 0.25000000 0.99995899
vt 0.33154601 0.99997503
vt 0.50000000 0.99999499
vt 0.50132102 0.00008400
vt 0.66580403 1.00000000
vt 0.01715695 0.00000000
vt 0.01484799 0.12311200
vt 0.01034396 0.37388900
vt 0.00148100 0.75641900
vt 0.00000000 1.00000000
vt 0.49123099 0.99995601
vt 0.75063199 0.34886199
vt 0.99999499 0.34886199
vt 1.00000000 0.29409099
vt 0.75063199 0.46012500
vt 0.99998498 0.46012500
vt 0.50076699 0.29014900
vt 0.50076699 0.34886199
vt 0.50076699 0.46012500
vt 0.99998897 0.56809700
vt 0.99998599 0.51608002
vt 0.99997002 0.64086598
vt 0.63283098 0.23110600
vt 0.63302398 0.22829300
vt 0.63332498 0.22617300
vt 0.63350803 0.22558101
vt 0.63367897 0.22541800
vt 0.63404202 0.22549900
vt 0.63440502 0.22566900
vt 0.63476700 0.22590800
vt 0.63498801 0.22627300
vt 0.63504499 0.22651491
vt 0.63506401 0.22676000
vt 0.68924302 0.20252401
vt 0.74394298 0.19633199
vt 0.79900098 0.19672801
vt 0.85437101 0.19688900
vt 0.91005599 0.19154300
vt 0.96589202 0.16780300
vt 0.99050599 0.11906200
vt 0.99795097 0.06682598
vt 0.99987298 0.00000000
vt 0.87544501 0.00000000
vt 0.07977098 0.00000000
vt 0.00000000 0.00000000
vt 0.00000000 1.00000000
vt 0.99945498 1.00000000
vt 1.00000000 1.00000000
vt 1.00000000 0.00000000
vt 0.99945498 0.00000000
vt 0.99890900 0.00000000
vt 0.99890900 1.00000000
vt 0.99781901 0.00000000
vt 0.99781901 1.00000000
vt 0.99563700 0.00000000
vt 0.99563700 1.00000000
vt 0.99127400 0.00000000
vt 0.99127400 1.00000000
vt 0.98254800 0.00000000
vt 0.98254800 1.00000000
vt 0.96509701 0.00000000
vt 0.96509701 1.00000000
vt 0.93019301 0.00000000
vt 0.93019301 1.00000000
vt 0.86038703 0.00000000
vt 0.86038703 1.00000000
vt 0.83206397 0.00000000
vt 0.71934801 0.00000000
vt 0.71934801 1.00000000
vt 0.82924300 1.00000000
vt 0.57763100 0.00000000
vt 0.57763100 1.00000000
vt 0.34316301 0.00000000
vt 0.00808096 0.50000298
vt 0.01057195 0.35924199
vt 0.01535797 0.09769195
vt 0.01717698 0.00000300
vt 0.25000000 0.50000298
vt 0.33151001 0.99999797
vt 0.25000000 0.99999797
vt 0.33333299 0.00000200
vt 0.50135201 0.00000200
vt 0.00189400 0.18507800
vt 0.00275195 0.00000000
vt 0.25205100 0.00000100
vt 0.00000000 0.99999702
vt 0.00207096 0.86329299
vt 0.00611800 0.61432898
vt 0.99999899 0.67817998
vt 0.99999797 0.73916698
vt 0.99999899 0.78721303
vt 0.74999899 0.78721303
vt 0.74999899 0.67817998
vt 0.99999899 0.82616401
vt 0.50013101 0.78721303
vt 0.50013101 0.89489800
vt 0.50013101 0.84105599
vt 0.50013101 0.94744903
vt 0.25031599 0.89489800
vt 0.25031599 0.94744903
vt 0.00003900 0.89489800
vt 0.00003800 0.88174498
vt 0.79996002 0.00042700
vt 0.93388700 0.00009000
vt 0.99999702 0.00044300
vt 1.00000000 0.93652600
vt 1.00000000 1.00000000
vt 0.79996002 0.99994898
vt 0.19208400 0.05165100
vt 0.38714099 0.02600497
vt 0.74862999 0.99993598
vt 0.59990299 0.99989998
vt 0.59990299 0.00043200
vt 0.74864900 0.00006200
vt 0.79996997 0.00006800
vt 1.00000000 0.00008400
vt 0.99999601 0.50366598
vt 0.74864900 0.50366598
vt 0.00392699 0.50532001
vt 0.00402999 0.50215298
vt 0.03611397 0.00000000
vt 0.16501300 0.00498599
vt 0.23149200 0.00643498
vt 0.23778901 0.00654095
vt 0.23938800 0.00656599
vt 0.23962601 0.00656998
vt 0.23972100 0.00657099
vt 0.23973000 0.00657195
vt 0.23979500 0.00657296
vt 0.24006601 0.00657695
vt 0.24225900 0.00661099
vt 0.26165199 0.00687897
vt 0.50286502 0.00752997
vt 0.64961702 0.00658697
vt 0.69780803 0.00605094
vt 0.70386797 0.00597399
vt 0.70599997 0.00594497
vt 0.70643902 0.00593895
vt 0.70664501 0.00593597
vt 0.70665997 0.00593495
vt 0.70667398 0.00593495
vt 0.70680201 0.00593299
vt 0.70730299 0.00592595
vt 0.71131003 0.00586998
vt 0.74336898 0.00539195
vt 1.00000000 0.00007100
vt 0.97411501 0.43797401
vt 0.97242498 0.50532001
vt 0.20114900 0.94744903
vt 0.20114800 0.89578700
vt 0.14769889 0.89579302
vt 0.14102200 0.89579499
vt 0.14018700 0.89579600
vt 0.14008300 0.89579600
vt 0.14005600 0.89579600
vt 0.14005300 0.89579600
vt 0.14004990 0.89579600
vt 0.14000700 0.89579600
vt 0.13991600 0.89579600
vt 0.13947199 0.89579600
vt 0.13820900 0.89579600
vt 0.12816700 0.89579099
vt 0.09757798 0.89577800
vt 0.04723298 0.89578801
vt 0.04318499 0.89578700
vt 0.04272699 0.89578700
vt 0.04267096 0.89578700
vt 0.04265695 0.89578700
vt 0.04265600 0.89578700
vt 0.04263597 0.89578700
vt 0.04258596 0.89578700
vt 0.04225200 0.89578700
vt 0.04093796 0.89578599
vt 0.02705395 0.89577699
vt 0.00003900 0.89578998
vt 0.99999601 0.50682402
vt 0.99999702 1.00000000
vt 0.74864900 0.99999899
vt 0.74852800 0.99999899
vt 0.49509799 0.99999797
vt 0.49385500 0.99999797
vt 0.49385500 0.50366598
vt 0.49385500 0.00001100
vt 0.59991598 0.00007300
vt 0.74851799 0.00000400
vt 0.74863899 0.00000400
vt 0.99999899 0.00000600
vt 0.99999797 0.99999797
vt 0.74970400 0.99999797
vt 0.74851799 0.99999797
vt 0.49507600 0.00000200
vt 0.49958000 0.99999899
vt 0.49507600 0.99999899
vt 0.24386790 0.00000100
vt 0.49383301 0.00000200
vt 0.24968800 0.99999899
vt 0.24386790 0.99999899
vt 0.24390200 0.99999702
vt 0.24189000 0.99999702
vt 0.24189000 0.50366598
vt 0.00000000 1.00000000
vt 0.00000700 0.00000000
vt 0.24185701 0.00000100
vt 0.50000000 0.99997097
vt 0.00001200 0.75612700
vt 0.00001100 0.75030899
vt 0.50000000 0.75030899
vt 0.00000300 0.50492400
vt 0.00000400 0.50041997
vt 0.50000000 0.50041997
vt 0.99829400 0.50041997
vt 0.99868399 0.74808103
vt 0.99868703 0.75030899
vt 1.00000000 0.99994898
vt 0.83323300 0.00000000
vt 0.83446902 0.00000000
vt 1.00000000 0.00000000
vt 1.00000000 0.49998900
vt 1.00000000 1.00000000
vt 0.85716802 1.00000000
vt 0.83323300 1.00000000
vt 0.14283200 0.00000000
vt 0.00000000 0.00000000
vt 0.00000000 1.00000000
vt 0.14283200 1.00000000
vt 0.74616098 1.00000000
vt 1.00000000 1.00000000
vt 1.00000000 0.00000000
vt 0.74882799 0.00000000
vt 0.74616098 0.00000000
vt 0.50000000 0.74672103
vt 0.50000000 1.00000000
vt 1.00000000 1.00000000
vt 0.99868399 0.74812001
vt 0.99868101 0.74672103
vt 0.83323598 1.00000000
vt 0.85716999 1.00000000
vt 0.99998301 0.49975201
vt 0.99997097 0.00122297
vt 0.91719699 0.00233698
vt 0.83446002 0.00368595
vt 0.83323598 0.00370395
vt 0.00046600 0.74672103
vt 0.00047300 0.75221902
vt 0.00001300 1.00000000
vt 0.50000000 0.49581900
vt 0.25000000 0.49581900
vt 0.12500000 0.49581900
vt 0.00052900 0.49581900
vt 0.00053800 0.50012898
vt 0.99829400 0.49756700
vt 0.99829400 0.49581900
vt 0.24780200 0.99999797
vt 0.25330400 1.00000000
vt 0.49991199 0.99993098
vt 0.49991199 0.00000000
vt 0.49845201 0.00000100
vt 0.24780200 0.00000600
vt 0.24610700 0.00001200
vt 0.00013600 0.00000000
vt 0.00003100 0.99950302
vt 0.24611500 0.99998999
vt 0.24781001 0.99999398
vt 0.49845800 1.00000000
vt 0.12305700 0.50429600
vt 0.00012700 0.50429600
vt 0.00020500 0.89595801
vt 0.00014500 0.99993700
vt 0.20343889 0.00007800
vt 0.12305700 0.00005400
vt 0.00000000 0.00023500
vt 0.17749500 0.50831503
vt 0.00112599 0.50831503
vt 0.00463796 0.72985101
vt 0.01316797 0.99955899
vt 0.17749500 0.99970901
vt 0.17749500 0.00209296
vt 0.08782100 0.00130600
vt 0.00146496 0.00020100
vt 0.00066400 0.44858599
vt 0.34744400 0.50831503
vt 0.34744400 0.00321496
vt 0.17880000 0.00210398
vt 0.18890999 0.99968803
vt 0.34744400 0.99981600
vt 0.82996899 0.98581302
vt 0.84066302 0.98460603
vt 1.00000000 0.98654002
vt 0.99989498 0.95937097
vt 0.99978900 0.93186200
vt 0.99955601 0.87051702
vt 0.99906200 0.74132597
vt 0.99804699 0.50960600
vt 0.99690503 0.27296600
vt 0.99625897 0.13761289
vt 0.99594200 0.06816196
vt 0.99579698 0.03428196
vt 0.99573302 0.01787799
vt 0.99570298 0.00979495
vt 0.99568099 0.00305796
vt 0.90996301 0.00000000
vt 0.82996899 0.00000000
vt 0.66981900 0.98370200
vt 0.67804903 0.98493397
vt 0.82664299 0.00000000
vt 0.66981900 0.00000000
vt 0.50714302 0.50831503
vt 0.35584399 0.99985200
vt 0.50714302 0.99967998
vt 0.51211500 0.99653000
vt 0.51832098 0.99549800
vt 0.66724098 0.00000000
vt 0.51211500 0.01138395
vt 0.83099902 0.61115199
vt 0.81818998 0.56099302
vt 0.81150401 0.48263201
vt 0.81016499 0.46511301
vt 0.68797100 0.46511301
vt 0.69212300 0.51778501
vt 0.68501198 0.57785302
vt 0.67117500 0.62238097
vt 0.67117500 0.99965400
vt 0.67376602 0.99966300
vt 0.83099902 0.99972302
vt 0.83433199 0.99971700
vt 0.91436499 0.99971002
vt 0.99999702 0.99984598
vt 0.94373602 0.62421298
vt 0.91030699 0.66751802
vt 0.89104998 0.67416698
vt 0.87194598 0.66947597
vt 0.83869803 0.62933302
vt 0.66711599 0.00000000
vt 0.63421297 0.00000000
vt 0.55612302 0.00000000
vt 0.55612302 1.00000000
vt 0.63421100 1.00000000
vt 0.66711599 1.00000000
vt 0.44892001 0.00000000
vt 0.44892001 1.00000000
vt 0.42533201 0.00000000
vt 0.33816600 0.00000000
vt 0.33816600 1.00000000
vt 0.42468500 1.00000000
vt 0.83099902 0.99962699
vt 0.67376602 0.99955702
vt 0.67117500 0.99954498
vt 0.67117500 0.62237799
vt 0.68500900 0.57784402
vt 0.69212103 0.51776898
vt 0.68805701 0.46555799
vt 0.81019199 0.46555799
vt 0.81149298 0.48261601
vt 0.81819099 0.56098002
vt 0.83099902 0.61114901
vt 0.67117500 0.09071600
vt 0.77725202 0.19100800
vt 0.78846300 0.25959501
vt 0.79759997 0.33123499
vt 0.80515701 0.40570500
vt 0.68639898 0.45748100
vt 0.67117500 0.39101699
vt 0.22465201 0.00000000
vt 0.22465201 1.00000000
vt 0.67117500 0.39096200
vt 0.68640298 0.45749301
vt 0.80516797 0.40571699
vt 0.79760599 0.33124101
vt 0.78847402 0.25957701
vt 0.77725202 0.19097389
vt 0.67117500 0.09066700
vt 0.11713800 0.00000000
vt 0.11713800 1.00000000
vt 0.00000000 0.00000000
vt 0.00000000 1.00000000
vt 0.87417799 1.00000000
vt 0.91581601 1.00000000
vt 1.00000000 1.00000000
vt 1.00000000 0.00000000
vt 0.91653001 0.00000000
vt 0.87417799 0.00000000
vt 0.99965400 0.42947999
vt 0.99949998 0.37999699
vt 0.99838501 0.32189599
vt 0.87149101 0.42947999
vt 0.87267202 0.42849600
vt 0.99838901 0.32189399
vt 0.99950302 0.37999201
vt 0.99964398 0.42849600
vt 0.51323199 0.01986098
vt 0.54757702 0.03003096
vt 0.65889901 0.34553501
vt 0.57434201 0.14955691
vt 0.51323199 0.07445800
vt 0.99983400 0.43978500
vt 0.99991900 0.47106400
vt 0.89499599 0.55740100
vt 0.87960398 0.56993002
vt 0.70028502 0.56993002
vt 0.80683398 0.48293999
vt 0.40764001 0.00000000
vt 0.12473200 0.00000000
vt 0.00000000 0.00000000
vt 0.00000000 1.00000000
vt 0.12473200 1.00000000
vt 0.87504101 1.00000000
vt 0.93191397 1.00000000
vt 1.00000000 1.00000000
vt 1.00000000 0.00000000
vt 0.93193197 0.00000000
vt 0.87504101 0.00000000
vt 0.51323199 0.01986098
vt 0.40763900 0.00000000
vt 0.51323199 0.07445299
vt 0.80683303 0.48294100
vt 0.70103502 0.56932002
vt 0.88035202 0.56932002
vt 0.89499301 0.55740201
vt 0.99991500 0.47106501
vt 0.99983001 0.43978199
vt 0.57432300 0.14952400
vt 0.65890598 0.34553599
vt 0.54467601 0.02906197
vt 0.24975701 0.00000000
vt 0.14436901 0.00000000
vt 0.14342600 1.00000000
vt 0.24975701 1.00000000
vt 0.61339402 0.64067900
vt 0.52833098 0.71083999
vt 0.70583302 0.71083999
vt 0.78938699 0.64298099
vt 0.37320200 0.00000000
vt 0.34564999 0.00000000
vt 0.34323001 1.00000000
vt 0.37320200 1.00000000
vt 0.78938901 0.64297998
vt 0.70397401 0.71237302
vt 0.52649301 0.71237302
vt 0.61339402 0.64067900
vt 0.80573797 0.00000000
vt 0.75087303 0.00000000
vt 0.75087303 1.00000000
vt 0.80613500 1.00000000
vt 0.69465297 0.00000000
vt 0.67595899 0.00000000
vt 0.62544298 0.00000000
vt 0.62544298 1.00000000
vt 0.67475301 1.00000000
vt 0.69582099 1.00000000
vt 0.68379301 0.72895300
vt 0.58042198 0.81606901
vt 0.56018603 0.83861202
vt 0.55951798 0.85632402
vt 0.59410501 0.00000000
vt 0.59410501 1.00000000
vt 0.55920702 0.85526901
vt 0.56018901 0.83861101
vt 0.58042198 0.81606799
vt 0.68379098 0.72895199
vt 0.57843602 0.00000000
vt 0.57843602 1.00000000
vt 0.56276703 0.00000000
vt 0.56276703 1.00000000
vt 0.54709798 0.00000000
vt 0.54709798 1.00000000
vt 0.53142899 0.00000000
vt 0.53142899 1.00000000
vt 0.51576000 0.00000000
vt 0.51576000 1.00000000
vt 0.50009000 0.00000000
vt 0.50009000 1.00000000
vt 0.44832000 0.00000000
vt 0.37363100 0.00000000
vt 0.37363100 1.00000000
vt 0.44712800 1.00000000
vt 0.14202100 0.69665599
vt 0.22149500 0.62952101
vt 0.29302999 0.56993002
vt 0.46937299 0.56993002
vt 0.45524299 0.58153802
vt 0.41010001 0.61875498
vt 0.05579400 0.00000000
vt 0.04319995 0.00000000
vt 0.02789700 0.00000000
vt 0.02789700 1.00000000
vt 0.04445397 1.00000000
vt 0.05579400 1.00000000
vt 0.11158800 0.00000000
vt 0.11158800 1.00000000
vt 0.41010001 0.61875498
vt 0.45524099 0.58153802
vt 0.47011599 0.56932002
vt 0.29376900 0.56932002
vt 0.22149800 0.62952203
vt 0.14202601 0.69665498
vt 0.21877000 0.00000000
vt 0.16196300 0.00000000
vt 0.16259190 1.00000000
vt 0.21877000 1.00000000
vt 0.48120299 0.56022298
vt 0.48804501 0.55461299
vt 0.48977700 0.55319297
vt 0.49021000 0.55283803
vt 0.49042699 0.55266100
vt 0.49052900 0.55257601
vt 0.49052900 0.55257601
vt 0.49058199 0.55253297
vt 0.49058700 0.55252898
vt 0.49066800 0.55246300
vt 0.49138200 0.55187702
vt 0.49590001 0.54817599
vt 0.49590001 0.42947999
vt 0.46325099 0.42947999
vt 0.45977700 0.43235499
vt 0.44858101 0.44161299
vt 0.44716299 0.44278499
vt 0.44698599 0.44293201
vt 0.44689700 0.44300500
vt 0.44686899 0.44302800
vt 0.44685099 0.44304299
vt 0.44669300 0.44317299
vt 0.44637200 0.44343901
vt 0.44503599 0.44454300
vt 0.44211999 0.44695199
vt 0.42717400 0.45929000
vt 0.38150299 0.49692401
vt 0.24709091 0.00000000
vt 0.24709091 1.00000000
vt 0.26125199 0.00000000
vt 0.26125199 1.00000000
vt 0.38149899 0.49692300
vt 0.42716399 0.45928600
vt 0.44211701 0.44694901
vt 0.44503400 0.44454101
vt 0.44637001 0.44343701
vt 0.44669199 0.44317099
vt 0.44685000 0.44304100
vt 0.44686401 0.44303000
vt 0.44689101 0.44300699
vt 0.44698000 0.44293299
vt 0.44715801 0.44278699
vt 0.44857800 0.44161299
vt 0.45977500 0.43235400
vt 0.46443599 0.42849600
vt 0.49771500 0.42849600
vt 0.49771500 0.54668701
vt 0.49739000 0.54695302
vt 0.49138099 0.55187601
vt 0.49066699 0.55246198
vt 0.49052900 0.55257499
vt 0.49052900 0.55257499
vt 0.49052799 0.55257601
vt 0.49042600 0.55265999
vt 0.49020901 0.55283701
vt 0.48977599 0.55319202
vt 0.48804399 0.55461198
vt 0.48120201 0.56022203
vt 0.26479200 0.00000000
vt 0.26479200 1.00000000
vt 0.26656201 0.00000000
vt 0.26656201 1.00000000
vt 0.26700500 0.00000000
vt 0.26700500 1.00000000
vt 0.26722500 0.00000000
vt 0.26722601 1.00000000
vt 0.26725301 0.00000000
vt 0.26725301 1.00000000
vt 0.26728100 0.00000000
vt 0.26728100 1.00000000
vt 0.26733601 0.00000000
vt 0.26733601 1.00000000
vt 0.26744699 0.00000000
vt 0.26744699 1.00000000
vt 0.26833200 0.00000000
vt 0.26833200 1.00000000
vt 0.27541199 0.00000000
vt 0.27541199 1.00000000
vt 0.33205500 0.00000000
vt 0.30105400 0.00000000
vt 0.27841899 0.00000000
vt 0.27764899 1.00000000
vt 0.29976001 1.00000000
vt 0.33205500 1.00000000
vt 0.49590001 0.40239900
vt 0.64041197 0.42947999
vt 0.79167801 0.30201599
vt 0.80753100 0.28829300
vt 0.63107699 0.28829300
vt 0.54070097 0.36500201
vt 0.49739099 0.54695398
vt 0.60193598 0.46122399
vt 0.32016799 0.00000000
vt 0.31253099 0.00000000
vt 0.31253099 1.00000000
vt 0.31394300 1.00000000
vt 0.32016799 1.00000000
vt 0.31224200 0.00000000
vt 0.25143000 0.00000000
vt 0.25143000 1.00000000
vt 0.32207799 0.00000000
vt 0.32207799 1.00000000
vt 0.32255501 0.00000000
vt 0.32255501 1.00000000
vt 0.32258499 0.00000000
vt 0.32258499 1.00000000
vt 0.32260001 0.00000000
vt 0.32260001 1.00000000
vt 0.32261500 0.00000000
vt 0.32261500 1.00000000
vt 0.32267401 0.00000000
vt 0.32267401 1.00000000
vt 0.32279399 0.00000000
vt 0.32279399 1.00000000
vt 0.32303199 0.00000000
vt 0.32303199 1.00000000
vt 0.32398701 0.00000000
vt 0.32398701 1.00000000
vt 0.32780600 0.00000000
vt 0.32780600 1.00000000
vt 0.34308100 0.00000000
vt 0.33460400 0.00000000
vt 0.33416799 1.00000000
vt 0.34308100 1.00000000
vt 0.64159602 0.42849600
vt 0.60193598 0.46122199
vt 0.22624201 0.00000000
vt 0.12602200 0.00000000
vt 0.12602200 1.00000000
vt 0.22703899 1.00000000
vt 0.49771500 0.40088600
vt 0.54070002 0.36499900
vt 0.63334000 0.28633901
vt 0.80977702 0.28633901
vt 0.79167998 0.30201301
vt 0.11408300 0.00000000
vt 0.06301099 0.00000000
vt 0.06301099 1.00000000
vt 0.11558000 1.00000000
vt 0.69700903 0.23071100
vt 0.76916301 0.16162200
vt 0.77021003 0.14296600
vt 0.99334002 0.14296600
vt 0.99336898 0.14401400
vt 0.95446801 0.15864700
vt 0.93007201 0.17869601
vt 0.88474703 0.22004201
vt 0.03150498 0.00000000
vt 0.03150498 1.00000000
vt 0.88474399 0.22004500
vt 0.93006903 0.17869900
vt 0.95447201 0.15865301
vt 0.76916999 0.16162691
vt 0.69700801 0.23071399
vt 0.44382101 0.00000000
vt 0.39746901 0.00000000
vt 0.39588201 1.00000000
vt 0.44382101 1.00000000
vt 0.49974599 0.00000000
vt 0.49974599 1.00000000
vt 0.51372802 0.00000000
vt 0.51338398 0.00000000
vt 0.51222098 1.00000000
vt 0.51372802 1.00000000
vt 0.52770901 0.00000000
vt 0.52770901 1.00000000
vt 0.77005100 0.14250091
vt 0.75607902 0.12446300
vt 0.78787202 0.00000200
vt 0.98980200 0.01107197
vt 0.83869201 0.62933397
vt 0.87194300 0.66946799
vt 0.89104700 0.67416698
vt 0.91030103 0.66749698
vt 0.94373602 0.62420702
vt 0.94432002 0.62712997
vt 1.00000000 0.99982703
vt 0.91436797 0.99959898
vt 0.83433098 0.99961799
vt 0.82996899 0.00323600
vt 0.90996802 0.00217199
vt 0.99568200 0.00789100
vt 1.00000000 0.99364698
vt 0.84066099 0.99039501
vt 0.82996899 0.99084598
vt 0.19985691 0.99980003
vt 0.12089900 0.99978000
vt 0.00000000 0.99975199
vt 0.00000000 0.00044600
vt 0.19985691 0.00043300
vt 0.00000400 0.50366598
vt 0.00004500 0.00005000
vt 0.12094500 0.00004300
vt 0.12094500 0.50366598
vt 0.17749500 0.99965698
vt 0.01316797 0.99933797
vt 0.00455898 0.73007703
vt 0.00107795 0.51368499
vt 0.17749500 0.51368499
vt 0.00005100 0.99999702
vt 0.00004000 0.88696498
vt 0.19989200 0.00005900
vt 0.24189000 0.00003000
vt 0.39987600 0.00008300
vt 0.39985499 0.99984998
vt 0.24185000 0.99981099
vt 0.23823699 0.00043800
vt 0.39985499 0.00038900
vt 0.49382201 0.99987400
vt 0.48803601 0.00043000
vt 0.54168999 0.00000000
vt 0.53208399 0.00000000
vt 0.54168999 1.00000000
vt 0.55567098 0.00000000
vt 0.55567098 1.00000000
vt 0.56972802 0.00000000
vt 0.56972802 1.00000000
vt 0.00053300 0.44863099
vt 0.00145894 0.00016000
vt 0.17749500 0.00015000
vt 0.17881601 0.00015000
vt 0.34744400 0.00001900
vt 0.34744400 0.51368499
vt 0.34744400 0.99977702
vt 0.18890800 0.99963301
vt 0.34847400 0.00001800
vt 0.50714302 0.00015100
vt 0.50714302 0.51368499
vt 0.50714302 0.99951297
vt 0.35584199 0.99982297
vt 0.50790203 0.00015200
vt 0.66422802 0.00017100
vt 0.66422802 0.51368499
vt 0.66422802 0.99984199
vt 0.51320797 0.99948299
vt 0.51211500 0.01164698
vt 0.66723901 0.00239497
vt 0.66981900 0.00269896
vt 0.66981900 0.98965299
vt 0.51831901 0.99570602
vt 0.51211500 0.99619699
vt 0.34986699 0.00661498
vt 0.51014900 0.01182794
vt 0.35421401 0.99214000
vt 0.34986699 0.99228501
vt 0.82584500 0.99945199
vt 0.66829699 0.99983400
vt 0.82584500 0.51368499
vt 0.17524800 0.01738899
vt 0.34846500 0.00667298
vt 0.17764100 0.99890000
vt 0.17524800 0.99892199
vt 1.00000000 0.51368499
vt 0.99999899 0.99941498
vt 0.82798499 0.99945098
vt 0.82584500 0.00008400
vt 0.82608902 0.00008400
vt 1.00000000 0.00014900
vt 1.00000000 0.51364201
vt 0.66471899 0.00017100
vt 0.35314000 0.99970198
vt 0.34329200 0.99970698
vt 0.00000000 0.99953997
vt 0.00000100 0.51372600
vt 0.00000100 0.51368302
vt 0.35314000 0.51368302
vt 0.00000100 0.00010000
vt 0.35206899 0.00005900
vt 0.35314000 0.00005900
vt 0.35312799 1.00000000
vt 0.00000000 1.00000000
vt 0.00000000 0.00000000
vt 0.35312799 0.00000000
vt 0.68214703 1.00000000
vt 0.35420200 1.00000000
vt 0.68214703 0.00000000
vt 1.00000000 0.00000000
vt 0.68010098 0.00003400
vt 0.68213397 0.00003300
vt 0.68213397 0.51368302
vt 1.00000000 0.00000000
vt 1.00000000 0.84857899
vt 1.00000000 1.00000000
vt 0.68418801 1.00000000
vt 0.99699998 0.00009800
vt 0.99897099 0.12940501
vt 0.99894297 0.44766900
vt 0.99780202 0.51368302
vt 0.98933399 0.75371099
vt 0.97244799 0.99975502
vt 0.68213397 0.99997002
vt 0.66343802 0.99994898
vt 0.47445101 0.45747000
vt 0.58468300 0.63501400
vt 0.99338901 0.99589401
vt 1.00000000 1.00000000
vt 0.00000000 0.99993497
vt 0.00027300 0.56463301
vt 0.00027300 0.45747000
vt 0.00018800 0.00000400
vt 0.43115801 0.00000000
vt 0.40668300 0.21947689
vt 0.33263099 0.99960399
vt 0.26143700 0.99960202
vt 0.16640000 0.99958801
vt 0.16640000 0.65203601
vt 0.33263099 0.65203601
vt 0.49923399 0.99955499
vt 0.49923399 0.65203601
vt 0.16640000 0.34369099
vt 0.33263099 0.34369099
vt 0.49923399 0.34369099
vt 0.16640000 0.00000100
vt 0.33263099 0.00000100
vt 0.49923399 0.00000000
vt 0.99997801 0.00000000
vt 0.99157703 0.24856500
vt 0.95894599 0.49384099
vt 0.88865298 0.72482902
vt 0.76213402 0.91108400
vt 0.58119100 0.99793100
vt 0.38845101 0.96071798
vt 0.22267599 0.78151703
vt 0.11378300 0.53796899
vt 0.03165698 0.27727401
vt 0.00000000 0.00000800
vt 0.00000000 0.34369099
vt 0.00000000 0.00000100
vt 0.00029700 0.24940290
vt 0.00029700 0.00000000
vt 0.34696299 0.00000000
vt 0.50000000 0.00000000
vt 0.50000000 0.24940290
vt 0.00000000 0.65203601
vt 0.00000000 0.49742401
vt 0.65346998 0.00000000
vt 0.99917299 0.00000000
vt 0.99894899 0.11657900
vt 0.99946100 0.24940290
vt 0.07374000 0.99967802
vt 0.00000000 0.99977702
vt 0.00007300 0.62478399
vt 0.00000000 0.00000000
vt 0.99999702 0.20763300
vt 0.84858000 1.00000000
vt 0.51930398 0.77745497
vt 0.21213999 0.66572702
vt 1.00000000 0.00000000
vt 0.84270102 0.99997801
vt 0.00000000 1.00000000
vt 0.00016800 0.00000100
vt 0.99941599 0.31251201
vt 0.99935502 0.31606799
vt 0.99932402 0.31789699
vt 0.99930799 0.31882399
vt 0.99930102 0.31919301
vt 0.99930000 0.31929600
vt 0.99926698 0.32140800
vt 0.99921697 0.32615301
vt 0.99918097 0.33772799
vt 0.99930400 0.36921501
vt 0.99954802 0.49973401
vt 0.50000000 0.49973401
vt 0.50000000 0.99897200
vt 0.27803501 0.84096497
vt 0.21855301 0.75000000
vt 0.50000000 0.75000000
vt 0.80835998 0.75000000
vt 0.66071600 0.94531399
vt 0.90565503 0.50000000
vt 0.50000000 0.50000000
vt 0.10986200 0.50000000
vt 0.50000000 0.00186098
vt 1.00000000 0.00002800
vt 0.00000000 0.00000000
vt 0.27590200 0.00229895
vt 0.00029700 0.49973401
vt 0.99907303 0.64861101
vt 0.99930400 0.68030602
vt 0.99931097 0.68080097
vt 0.99931198 0.68089002
vt 0.99931198 0.68090302
vt 0.99931198 0.68090397
vt 0.99931198 0.68090498
vt 0.99931198 0.68090498
vt 0.99931699 0.68129998
vt 0.99932200 0.68198901
vt 0.99932897 0.68399501
vt 0.99938399 0.69050997
vt 0.66616499 0.00000000
vt 0.66616499 0.34369099
vt 0.83310401 0.00000000
vt 0.83310401 0.34369099
vt 0.83310401 0.65203601
vt 0.66616499 0.65203601
vt 0.83310401 0.99976403
vt 0.66616499 0.99978799
vt 0.52247101 0.99972302
vt 0.50151402 0.99955499
vt 0.41506800 0.99999797
vt 0.21726801 0.99999797
vt 0.21363901 0.99999797
vt 0.21363901 0.07919698
vt 0.30354801 0.46379900
vt 0.41111401 0.64771998
vt 0.41506800 0.65032101
vt 0.99999601 0.65203601
vt 0.99999899 0.81173801
vt 1.00000000 0.99977601
vt 0.83925903 0.99976599
vt 0.60872501 0.99999797
vt 0.41827399 0.99999797
vt 0.51778102 0.63496798
vt 0.60432398 0.51534897
vt 0.60872501 0.50673997
vt 0.39985999 0.99998897
vt 0.23557000 0.99998701
vt 0.19982199 0.99998701
vt 0.19982199 0.00040100
vt 0.39657599 0.00089800
vt 0.39985999 0.00088100
vt 0.59991199 0.99998999
vt 0.48445201 0.99998999
vt 0.59850699 0.00082800
vt 0.59991199 0.00083200
vt 0.74885798 0.99977398
vt 0.58238202 0.99228299
vt 0.49771500 0.98496801
vt 0.49771500 0.92816198
vt 0.56279600 0.86339998
vt 0.58953601 0.88505203
vt 0.63614500 0.89741701
vt 0.68958902 0.89599597
vt 0.73325002 0.88176399
vt 0.74885798 0.87062198
vt 0.38355201 0.97205198
vt 0.18941100 0.94318599
vt 0.10423400 0.92816198
vt 0.79996902 0.99999303
vt 0.79996902 0.00064500
vt 0.80105603 0.99999899
vt 0.80074197 0.99999899
vt 0.61005902 0.99999797
vt 0.69071400 0.29906300
vt 0.77027601 0.00007300
vt 0.80105603 0.00007200
vt 0.80029398 0.00064700
vt 1.00000000 0.00077300
vt 1.00000000 0.99999797
vt 0.88928598 0.99999797
vt 0.99997801 0.00006300
vt 0.99997801 1.00000000
vt 0.41924101 0.99961400
vt 0.28592199 0.99964398
vt 0.28592199 0.81226599
vt 0.15021300 0.99962300
vt 0.14294000 0.99962503
vt 0.14294000 0.81226599
vt 0.00000000 0.99964100
vt 0.00000100 0.81226599
vt 0.00000200 0.65372002
vt 0.00000200 0.65056401
vt 0.14294000 0.65056401
vt 0.28592199 0.65056401
vt 0.99998897 0.34369099
vt 0.99998897 0.34810299
vt 0.99999201 0.49847201
vt 0.99999601 0.64885598
vt 0.00000300 0.50127703
vt 0.14294000 0.50127703
vt 0.00000300 0.35156801
vt 0.14294000 0.35156801
vt 0.28592199 0.35156801
vt 0.28592199 0.50127703
vt 0.42899501 0.35156801
vt 0.57227099 0.35156801
vt 0.28592199 0.18851499
vt 0.42899501 0.18851499
vt 0.57227099 0.18851499
vt 0.71566099 0.18851499
vt 0.71566099 0.35156801
vt 0.78676999 0.18851499
vt 0.78676999 0.35156801
vt 0.85787898 0.18851499
vt 0.85787898 0.35156801
vt 1.00000000 0.35156801
vt 1.00000000 0.50127703
vt 1.00000000 0.18851499
vt 0.78676999 0.00003000
vt 0.85787898 0.00003300
vt 1.00000000 0.00003800
vt 0.71566099 0.00002700
vt 0.57227099 0.00002200
vt 0.42899501 0.00001600
vt 0.28592199 0.00001000
vt 0.14294000 0.00000500
vt 0.14294000 0.18851499
vt 0.00000400 0.18851499
vt 0.00000300 0.34716901
vt 0.99998802 0.18542100
vt 0.00002600 0.90803301
vt 0.00008600 0.90769303
vt 0.00000300 0.20654000
vt 0.99285400 0.85632402
vt 0.98814601 0.98876601
vt 0.78538299 0.99999601
vt 0.76533002 0.85632402
vt 0.75014299 0.00000000
vt 0.72472203 0.00000000
vt 0.70411003 0.00000000
vt 0.68735600 0.00000000
vt 0.68735600 1.00000000
vt 0.70296502 1.00000000
vt 0.72623402 1.00000000
vt 0.75014299 1.00000000
vt 0.65596300 0.00000000
vt 0.65596300 1.00000000
vt 0.74795002 0.87141198
vt 0.73324901 0.88176203
vt 0.68958801 0.89599401
vt 0.63614500 0.89741600
vt 0.58953798 0.88505000
vt 0.56279200 0.86339998
vt 0.49590001 0.98478502
vt 0.57868600 0.99200702
vt 0.74795002 0.99975801
vt 0.76655197 0.85526901
vt 0.78226799 1.00000000
vt 0.98815298 0.98874098
vt 0.99289101 0.85526901
vt 0.40353301 0.00006700
vt 0.40078500 0.00006700
vt 0.20288900 0.00006700
vt 0.20288900 0.00097700
vt 0.20288900 0.00195295
vt 0.20288900 0.00390595
vt 0.20288900 0.00781196
vt 0.20288900 0.01562500
vt 0.20288900 0.03125000
vt 0.20288900 0.06250000
vt 0.20288900 0.12500000
vt 0.20288900 0.25000000
vt 0.20288900 0.50000000
vt 0.20288900 0.99985498
vt 0.23647000 0.99976897
vt 0.40353301 0.99987602
vt 0.00004800 0.50000000
vt 0.00003300 1.00000000
vt 0.00003300 1.00000000
vt 0.00003300 1.00000000
vt 0.00003300 1.00000000
vt 0.00003900 1.00000000
vt 0.00003500 0.25000000
vt 0.00003100 0.12500000
vt 0.68223602 0.99884403
vt 0.99119502 0.98489600
vt 0.99119401 0.98482698
vt 0.99119103 0.98471600
vt 0.99118900 0.98458701
vt 0.99118799 0.98439002
vt 0.99118799 0.98434502
vt 0.99118799 0.98433900
vt 0.99610603 0.48603001
vt 0.99814600 0.26600099
vt 0.99906498 0.13584700
vt 0.99951601 0.06912797
vt 0.99975002 0.03687995
vt 0.99986702 0.02165496
vt 0.99992400 0.01449698
vt 0.99993598 0.01308095
vt 0.99995399 0.01081395
vt 0.99997002 0.00886297
vt 0.99999100 0.00622100
vt 0.99999100 0.00621897
vt 0.99999201 0.00620997
vt 0.99999303 0.00615597
vt 0.99999398 0.00614399
vt 1.00000000 0.00617695
vt 0.70137298 0.01349395
vt 0.68223602 0.01314699
vt 0.00002600 0.06259298
vt 0.00002800 0.03125000
vt 0.00003200 0.01562500
vt 0.00000800 0.00783998
vt 0.00000200 0.00402498
vt 0.00001700 0.00195795
vt 0.00003100 0.00097700
vt 0.19975500 0.00006700
vt 0.00005500 0.00006700
vt 0.00005400 0.00006100
vt 0.00005300 0.00004900
vt 0.00004800 0.00002200
vt 0.00004700 0.00006300
vt 0.00004700 0.00006500
vt 0.00004700 0.00006500
vt 0.41912800 0.65292400
vt 0.41222700 0.64868200
vt 0.30564299 0.47009400
vt 0.21711400 0.10044000
vt 0.21711400 1.00000000
vt 0.22037999 1.00000000
vt 0.41912800 1.00000000
vt 0.61201203 0.50019503
vt 0.60367799 0.51666802
vt 0.51772898 0.63517499
vt 0.42181101 1.00000000
vt 0.61201203 1.00000000
vt 0.60290998 0.00006700
vt 0.60198998 0.00006700
vt 0.48626101 0.99998301
vt 0.60290998 0.99995399
vt 0.80290902 0.00002600
vt 0.77023000 0.00003000
vt 0.68961602 0.30233201
vt 0.61288500 1.00000000
vt 0.80235100 1.00000000
vt 0.80290902 1.00000000
vt 0.80162698 0.00006700
vt 0.80162698 1.00000000
vt 0.18777600 0.94290000
vt 0.38057700 0.97167301
vt 0.89227003 0.99990499
vt 0.99995500 1.00000000
vt 0.99995399 0.00006700
vt 0.80220598 0.00006700
vt 0.99996102 1.00000000
vt 1.00000000 0.04561299
vt 0.99997598 0.00000000
vt 0.00000000 0.10509000
vt 0.65405703 0.49015501
vt 0.63293701 0.53001702
vt 0.36828601 0.80127901
vt 0.01980698 0.99165601
vt 0.00000000 1.00000000
vt 0.14227501 0.99999899
vt 1.00000000 0.99999601
vt 1.00000000 0.50918901
vt 0.99999201 0.49015501
vt 0.37575001 0.05351096
vt 0.37575001 0.00015200
vt 0.35125601 0.00015400
vt 0.68038201 0.23975000
vt 0.60099298 0.00000000
vt 0.45327201 0.00590396
vt 0.24201199 0.00958300
vt 0.00618398 0.01052600
vt 0.00707895 0.13270400
vt 0.99984699 0.00021400
vt 0.62265700 0.00000000
vt 0.69365799 0.19080400
vt 0.69508398 0.36482599
vt 0.78697300 0.83464700
vt 0.71500802 0.83464700
vt 0.71500802 0.99990100
vt 0.73305398 0.99990898
vt 0.78697300 0.99993098
vt 0.57003802 0.83464700
vt 0.57003802 0.91732299
vt 0.57003802 0.99984097
vt 0.71500802 0.70806801
vt 0.57003802 0.70806801
vt 0.78697300 0.70806801
vt 0.71500802 0.59819603
vt 0.57003802 0.59819603
vt 0.78697300 0.59819603
vt 0.71500802 0.49457699
vt 0.57003802 0.49457699
vt 0.78697300 0.49457699
vt 0.78697300 0.39088401
vt 0.71500802 0.39088401
vt 0.57003802 0.39088401
vt 0.85893899 0.59819603
vt 0.85893899 0.49457699
vt 0.85893899 0.39088401
vt 0.85893899 0.28066999
vt 0.78697300 0.28066999
vt 0.71500802 0.28066999
vt 0.85893899 0.15415400
vt 0.78697300 0.15415400
vt 0.71500802 0.15415400
vt 0.99949801 0.39088401
vt 0.99910098 0.28066999
vt 0.99868900 0.15415400
vt 0.99845898 0.00000000
vt 0.85893899 0.00000000
vt 0.78697300 0.00000000
vt 0.00065600 0.50000000
vt 0.00065600 0.00000000
vt 0.00000000 0.00000000
vt 0.00000400 0.15377399
vt 0.00000000 0.28174299
vt 0.00000000 0.39020899
vt 0.00000000 0.49136701
vt 0.00000000 0.50000000
vt 0.00098400 0.50000000
vt 0.00131196 0.50000000
vt 0.00131196 0.00000000
vt 0.00065600 0.57246703
vt 0.00098400 0.59531301
vt 0.99998301 0.59819603
vt 0.99998200 0.59663600
vt 0.99995798 0.57390702
vt 0.99982601 0.50134403
vt 0.99980998 0.49457699
vt 0.00100398 0.59684402
vt 0.00131196 0.63002402
vt 0.85893899 0.70806801
vt 0.99995100 0.70806801
vt 0.99999899 0.63110399
vt 0.00131196 0.75000000
vt 0.00164098 0.75000000
vt 0.00164098 0.50000000
vt 0.00148195 0.70849401
vt 0.00131196 0.74755502
vt 0.85893899 0.83464700
vt 0.99956697 0.83464700
vt 0.99958998 0.82983899
vt 0.99970698 0.80183500
vt 0.99975502 0.78873903
vt 0.99979901 0.77520603
vt 0.99983901 0.76184899
vt 0.99987400 0.74830401
vt 0.99987900 0.74596399
vt 0.85893899 0.99996102
vt 0.94027799 0.99999499
vt 0.99836498 1.00000000
vt 0.99842697 0.99375099
vt 0.99844599 0.99179202
vt 0.99866599 0.96815902
vt 0.99895298 0.93370402
vt 0.99938202 0.87012398
vt 0.00032800 0.87500000
vt 0.00032800 0.83405900
vt 0.00026800 0.83966100
vt 0.00000000 0.87500000
vt 0.00065600 0.87500000
vt 0.00065600 0.80520302
vt 0.00082000 0.87500000
vt 0.00082000 0.79140598
vt 0.00065600 0.93750000
vt 0.00000000 0.93750000
vt 0.00131196 0.93750000
vt 0.00131196 0.87500000
vt 0.00114798 0.87500000
vt 0.00098400 0.87500000
vt 0.00065600 0.96875000
vt 0.00131196 0.96875000
vt 0.00000000 0.96875000
vt 0.00196898 0.93750000
vt 0.00196898 0.87500000
vt 0.00196898 0.96875000
vt 0.00229698 0.93750000
vt 0.00196898 0.99960899
vt 0.00229698 0.99947900
vt 0.00229698 0.87500000
vt 0.00262499 0.93750000
vt 0.00262499 0.87500000
vt 0.00262499 0.99920702
vt 0.00229698 0.75000000
vt 0.00213295 0.75000000
vt 0.00196898 0.75000000
vt 0.00262499 0.75000000
vt 0.00295299 0.93750000
vt 0.00295299 0.87500000
vt 0.00295299 0.75000000
vt 0.00262499 0.50000000
vt 0.00229698 0.50000000
vt 0.00295299 0.50000000
vt 0.00295299 0.00000000
vt 0.00262499 0.00000000
vt 0.00180495 0.50000000
vt 0.00196898 0.50000000
vt 0.00213295 0.50000000
vt 0.00180495 0.75000000
vt 0.00129497 0.75000000
vt 0.00114798 0.76382297
vt 0.00098400 0.77771503
vt 0.00328100 0.50000000
vt 0.00328100 0.00000000
vt 0.00393695 0.50000000
vt 0.00393695 0.00000000
vt 0.00328100 0.75000000
vt 0.00393695 0.75000000
vt 0.00328100 0.87500000
vt 0.00393695 0.87500000
vt 0.00524998 0.75000000
vt 0.00393695 0.99880499
vt 0.00524998 0.99904501
vt 0.00524998 0.50000000
vt 0.01049995 0.50000000
vt 0.00694597 0.99956000
vt 0.01049995 0.99926698
vt 0.01049995 0.00000000
vt 0.00524998 0.00000000
vt 0.01439297 0.99815500
vt 0.01543694 0.99822003
vt 0.01596695 0.99836302
vt 0.01602900 0.99838501
vt 0.01609098 0.99840498
vt 0.01639997 0.99851400
vt 0.01700896 0.99869299
vt 0.02099996 0.99907202
vt 0.02099996 0.00000000
vt 0.02438795 0.99914402
vt 0.02439397 0.99914300
vt 0.02439498 0.99914300
vt 0.02439498 0.99914300
vt 0.02439498 0.99914300
vt 0.02439498 0.99914300
vt 0.02441698 0.99914199
vt 0.02450597 0.99913901
vt 0.02485895 0.99912500
vt 0.02555298 0.99909902
vt 0.02688997 0.99906498
vt 0.02935796 0.99913502
vt 0.04199898 0.99992102
vt 0.04199898 0.00000000
vt 0.75000000 0.78530902
vt 0.77045500 0.78084499
vt 0.78157598 0.77847803
vt 0.78736103 0.77725899
vt 0.79030901 0.77664101
vt 0.79105198 0.77648598
vt 0.79123503 0.77644700
vt 0.79123503 0.77644700
vt 0.79123503 0.77644700
vt 0.79123503 0.77644700
vt 0.79123503 0.77644700
vt 0.79128897 0.77643597
vt 0.81943798 0.77061200
vt 0.85212201 0.76379699
vt 0.85705203 0.76275700
vt 0.85954899 0.76222903
vt 0.86004800 0.76212299
vt 0.86054403 0.76201802
vt 0.86510700 0.76105702
vt 0.87500000 0.75901997
vt 0.87500000 0.00029900
vt 0.75000000 0.00058000
vt 0.90955102 0.75215203
vt 0.93750000 0.74652398
vt 0.93750000 0.00004900
vt 0.95017803 0.74390602
vt 0.96096301 0.74170601
vt 0.96689701 0.74051797
vt 0.96875000 0.74015301
vt 0.96875000 0.00000100
vt 0.97008300 0.73989302
vt 0.97346801 0.73924297
vt 0.97709602 0.73856598
vt 0.98104602 0.73785698
vt 0.98437500 0.73728502
vt 0.98437500 0.00004400
vt 0.00295299 0.99900901
vt 0.00308800 0.99894899
vt 0.00328100 0.99888301
vt 0.99031901 0.73632300
vt 0.99218798 0.73604000
vt 0.99218798 0.00010900
vt 0.00131196 1.00000000
vt 0.00170594 0.99970102
vt 0.00065600 0.99919802
vt 0.00093700 0.99914098
vt 0.00120294 0.99986798
vt 0.00065600 0.99673998
vt 0.00065600 0.99829501
vt 0.99609399 0.73549598
vt 0.99609399 0.00016900
vt 0.99937302 0.73484403
vt 1.00000000 0.73451900
vt 1.00000000 0.00028300
vt 0.00051000 1.00000000
vt 0.00000000 0.00117898
vt 0.17314491 1.00000000
vt 1.00000000 1.00000000
vt 1.00000000 0.00250095
vt 0.50000000 0.84957701
vt 0.64898300 0.80981702
vt 0.50000000 0.00099200
vt 0.06131196 0.99943399
vt 0.08399897 0.99904400
vt 0.08399897 0.00000000
vt 0.00000000 0.00090000
vt 0.00011900 1.00000000
vt 0.32952899 0.89806700
vt 0.16799700 0.00000000
vt 0.12916000 0.99913299
vt 0.16799700 0.99963403
vt 0.33599499 0.00000000
vt 0.33599499 0.99969798
vt 0.66733998 0.99817902
vt 0.87857503 0.99605799
vt 0.87857503 0.99605799
vt 0.87857503 0.99605799
vt 0.71500802 0.07707697
vt 0.71500802 0.00000000
vt 0.57003802 0.07707697
vt 0.57003802 0.00000000
vt 0.57003802 0.15415400
vt 0.57003802 0.28066999
vt 0.42631099 0.15415400
vt 0.42631099 0.07707697
vt 0.42631099 0.28066999
vt 0.42631099 0.39088401
vt 0.42631099 0.49457699
vt 0.28369400 0.49457699
vt 0.28369400 0.39088401
vt 0.28369400 0.28066999
vt 0.14170501 0.39088401
vt 0.14170501 0.28066999
vt 0.14170501 0.49457699
vt 0.00000000 0.28066999
vt 0.00000000 0.31365800
vt 0.00000000 0.39088401
vt 0.00000000 0.43181700
vt 0.00000000 0.49457699
vt 0.14170501 0.59819603
vt 0.00000000 0.54547000
vt 0.00000000 0.59819603
vt 0.28369400 0.59819603
vt 0.14170501 0.70806801
vt 0.00000000 0.66328597
vt 0.00000000 0.70806801
vt 0.28369400 0.70806801
vt 0.14170501 0.83464700
vt 0.00000000 0.79809397
vt 0.00000000 0.83464700
vt 0.28369400 0.83464700
vt 0.42631099 0.83464700
vt 0.42631099 0.70806801
vt 0.42631099 0.59819603
vt 0.28369400 0.91732299
vt 0.42631099 0.91732299
vt 0.28369400 0.99970901
vt 0.41857001 0.99977702
vt 0.42631099 0.99978101
vt 0.14170501 0.99963701
vt 0.15546501 0.99964398
vt 0.00000000 0.99956501
vt 0.83499902 0.80365402
vt 0.83499902 0.90182698
vt 0.83499902 0.99858201
vt 0.84574401 0.99858201
vt 1.00000000 0.99858201
vt 1.00000000 0.84077400
vt 1.00000000 0.80365402
vt 0.83499902 0.66543800
vt 1.00000000 0.71141499
vt 1.00000000 0.66543800
vt 0.66961098 0.80365402
vt 0.66961098 0.66543800
vt 0.66961098 0.90182698
vt 0.50313598 0.80365402
vt 0.50313598 0.66543800
vt 0.50313598 0.90182698
vt 0.33517000 0.80365402
vt 0.33517000 0.99885798
vt 0.50166601 0.99858201
vt 0.50313598 0.99858201
vt 0.33517000 0.66543800
vt 0.50313598 0.54433697
vt 0.33517000 0.54433697
vt 0.66961098 0.54433697
vt 0.50313598 0.42756400
vt 0.33517000 0.42756400
vt 0.66961098 0.42756400
vt 0.83499902 0.54433697
vt 0.83499902 0.42756400
vt 0.66961098 0.30663201
vt 0.50313598 0.30663201
vt 0.83499902 0.30663201
vt 1.00000000 0.42756400
vt 1.00000000 0.38558999
vt 1.00000000 0.30663201
vt 1.00000000 0.54433697
vt 1.00000000 0.49202499
vt 0.83499902 0.17048790
vt 0.66961098 0.17048790
vt 1.00000000 0.27306199
vt 1.00000000 0.17048790
vt 0.14170501 0.15415400
vt 0.00000000 0.15415400
vt 0.00000000 0.17901400
vt 1.00000000 0.14573289
vt 0.83499902 0.00000000
vt 0.14170501 0.00000000
vt 0.28369400 0.15415400
vt 0.28369400 0.07707697
vt 0.28369400 0.00000000
vt 0.42631099 0.00000000
vt 0.66961098 0.00000000
vt 0.50313598 0.17048790
vt 0.50313598 0.00000000
vt 0.33517000 0.17048790
vt 0.33517000 0.00000000
vt 0.33517000 0.30663201
vt 0.16699000 0.30663201
vt 0.16699000 0.17048790
vt 0.16699000 0.42756400
vt 0.16699000 0.54433697
vt 0.00013600 0.30663201
vt 0.00007300 0.42756400
vt 0.00004700 0.48287600
vt 0.00002300 0.54433697
vt 0.16699000 0.66543800
vt 0.00000000 0.66543800
vt 0.16699000 0.80365402
vt 0.00003100 0.80365402
vt 0.00022900 1.00000000
vt 0.07395499 0.99929100
vt 0.16699000 0.99913698
vt 0.25946999 0.99898303
vt 0.47143000 0.45199499
vt 0.40628701 0.22038600
vt 0.43072000 0.00000000
vt 0.00000000 0.00000000
vt 0.00170696 0.45199499
vt 0.00179195 0.55603701
vt 0.00170898 0.76800901
vt 0.00135195 0.93741798
vt 0.00043400 1.00000000
vt 1.00000000 1.00000000
vt 0.58873701 0.64090902
vt 0.20207889 0.00602394
vt 0.20121799 0.00024700
vt 0.00020500 0.00022400
vt 0.00000000 1.00000000
vt 0.52850002 0.99858201
vt 0.66961098 0.99858201
vt 0.68213499 0.50831503
vt 0.68213499 0.99995601
vt 0.97257000 0.99991298
vt 0.98898900 0.75357097
vt 0.99070299 0.72185600
vt 0.99433100 0.63115001
vt 0.99759901 0.50831503
vt 0.99869603 0.44413900
vt 0.99887800 0.12925000
vt 0.99713099 0.00000000
vt 0.68213499 0.00000000
vt 0.35313901 0.50831503
vt 0.35313901 0.99973100
vt 0.66352201 0.99993902
vt 0.68171102 0.00000000
vt 0.35313901 0.00000000
vt 0.68213803 1.00000000
vt 0.68256301 1.00000000
vt 0.99775499 1.00000000
vt 0.99806798 0.84031099
vt 0.99996799 0.55559498
vt 0.99845201 0.30808899
vt 0.99700499 0.00000000
vt 0.68213803 0.00278497
vt 0.68061697 0.00278896
vt 0.35313699 0.00334799
vt 0.35313699 1.00000000
vt 0.35336101 1.00000000
vt 0.35291600 0.00000000
vt 0.00000000 0.50831503
vt 0.35233900 0.00334996
vt 0.00003200 0.00138295
vt 0.00000000 1.00000000
vt 0.82584500 0.50831503
vt 1.00000000 0.50831503
vt 1.00000000 0.50828201
vt 1.00000000 0.00000000
vt 0.82610500 0.00184494
vt 0.82584500 0.00184798
vt 0.00000000 0.50834799
vt 0.00000000 0.99965101
vt 0.34333599 0.99973202
vt 0.82584500 0.99969798
vt 0.82798499 0.99969798
vt 1.00000000 0.99960202
vt 0.17524800 0.02075195
vt 0.17443100 0.02072197
vt 0.12852199 0.01739996
vt 0.10847800 0.01690798
vt 0.10732300 0.01690900
vt 0.10719700 0.01690995
vt 0.10716100 0.01690995
vt 0.10707600 0.01691097
vt 0.10690200 0.01691198
vt 0.10614000 0.01691699
vt 0.10430300 0.01692700
vt 0.09937900 0.01694095
vt 0.00000000 0.01925396
vt 0.00000000 0.50558901
vt 0.00000000 1.00000000
vt 0.17524800 0.99994302
vt 0.35301799 0.50000000
vt 0.35301799 0.01077497
vt 0.00000000 0.01421898
vt 0.00000000 0.50000000
vt 0.35301799 0.99230403
vt 0.67626500 0.99863499
vt 0.36309901 0.01050394
vt 0.00000000 0.99069601
vt 0.34988999 0.99241501
vt 0.64702302 0.61754203
vt 0.59243798 0.63521302
vt 0.41606799 0.69220698
vt 0.33182201 0.65917897
vt 0.31773701 0.64722800
vt 0.31773701 0.99967402
vt 0.64386702 0.99983299
vt 0.64702302 0.99983102
vt 1.00000000 0.99992198
vt 1.00000000 0.56931502
vt 0.78626901 0.58601099
vt 0.17428701 0.68471301
vt 0.08762395 0.64268798
vt 0.00005700 0.62820899
vt 0.00005700 0.99989802
vt 0.09938597 0.99986798
vt 0.10430200 0.99986798
vt 0.10613600 0.99986798
vt 0.10689690 0.99986798
vt 0.10707100 0.99986798
vt 0.10715500 0.99986798
vt 0.10719200 0.99986798
vt 0.10731700 0.99986798
vt 0.10847000 0.99986798
vt 0.12847801 0.99987698
vt 0.17428701 0.99993300
vt 0.17510700 0.99993402
vt 0.25292599 0.99986500
vt 0.35021299 0.99968898
vt 0.35021299 0.46511301
vt 0.32022700 0.46511301
vt 0.32430500 0.47573999
vt 0.33623701 0.55746299
vt 0.32539901 0.64076799
vt 0.29748601 0.70576102
vt 0.25836599 0.73417997
vt 0.17504001 0.68519300
vt 0.24949600 0.00000000
vt 0.24844000 0.00000000
vt 0.12505500 0.00000000
vt 0.12505500 1.00000000
vt 0.24844000 1.00000000
vt 0.24949600 1.00000000
vt 0.37474301 0.00000000
vt 0.37474301 1.00000000
vt 0.17428701 0.68471003
vt 0.17503890 0.68518901
vt 0.25836501 0.73415899
vt 0.29748499 0.70575702
vt 0.32539800 0.64076400
vt 0.33623499 0.55745202
vt 0.32429901 0.47572899
vt 0.32041600 0.46555799
vt 0.35021299 0.46555799
vt 0.35021299 0.99962699
vt 0.17509900 0.99999398
vt 0.17428701 0.99999303
vt 0.43724599 0.00000000
vt 0.43724599 1.00000000
vt 0.49974900 0.00000000
vt 0.49974900 1.00000000
vt 0.56255400 0.00000000
vt 0.56255400 1.00000000
vt 0.62536001 0.00000000
vt 0.62536001 1.00000000
vt 0.75037599 0.00000000
vt 0.63441402 0.00000000
vt 0.63482797 1.00000000
vt 0.75037599 1.00000000
vt 0.35021299 0.24601389
vt 0.22823600 0.17759900
vt 0.17428701 0.16031800
vt 0.17428701 0.35343599
vt 0.23551200 0.38397199
vt 0.51323199 0.46989799
vt 0.51110399 0.46511301
vt 0.35163000 0.99968702
vt 0.51323199 0.99984998
vt 0.50889403 0.46021399
vt 0.39930999 0.29102299
vt 0.43716601 0.00000000
vt 0.38113600 0.00000000
vt 0.37832800 0.00000000
vt 0.37484899 0.00000000
vt 0.37484899 1.00000000
vt 0.37803400 1.00000000
vt 0.38112801 1.00000000
vt 0.43716601 1.00000000
vt 0.24950400 0.00000000
vt 0.24950400 1.00000000
vt 0.35021299 0.24603190
vt 0.39930800 0.29103199
vt 0.50888598 0.46020699
vt 0.51130098 0.46555799
vt 0.20770200 0.00000000
vt 0.12458000 0.00000000
vt 0.12458000 1.00000000
vt 0.20770290 1.00000000
vt 0.23551001 0.38396999
vt 0.17428701 0.35343400
vt 0.17428701 0.16032000
vt 0.22824600 0.17760800
vt 0.09370100 0.00000000
vt 0.00000000 0.00000000
vt 0.00000000 1.00000000
vt 0.09370696 1.00000000
vt 0.11952100 0.33467999
vt 0.00002500 0.31784400
vt 0.00000000 0.13676600
vt 0.64702201 0.02009195
vt 0.99981600 0.00000000
vt 0.99988103 0.20978799
vt 0.71324098 0.22924200
vt 0.64702201 0.24013790
vt 1.00000000 1.00000000
vt 1.00000000 0.00000000
vt 0.25468001 0.00000000
vt 0.00000000 0.00000000
vt 0.00000000 1.00000000
vt 0.25460401 1.00000000
vt 0.00000000 0.13672499
vt 0.00000000 0.31784201
vt 0.11952200 0.33468300
vt 0.64702302 0.24013101
vt 0.71328002 0.22922000
vt 0.99985301 0.20977500
vt 0.99985301 0.00000000
vt 0.64702302 0.02009099
vt 0.31773701 0.34789401
vt 0.46467701 0.28633401
vt 0.53947300 0.03597599
vt 0.38780600 0.14246801
vt 0.31773701 0.21293101
vt 0.87929100 1.00000000
vt 0.93030000 1.00000000
vt 1.00000000 1.00000000
vt 1.00000000 0.00000000
vt 0.92898202 0.00000000
vt 0.87929100 0.00000000
vt 0.99769801 0.71083999
vt 0.99871200 0.66519898
vt 0.94192600 0.71083999
vt 0.89152902 0.75142199
vt 0.78613400 0.83850199
vt 0.99386400 0.82928503
vt 0.99692303 0.73800403
vt 0.24754199 0.48079699
vt 0.27359599 0.39269999
vt 0.15263700 0.48079699
vt 0.37459201 0.00000000
vt 0.33644801 0.00000000
vt 0.25026801 0.00000000
vt 0.25026801 1.00000000
vt 0.33646101 1.00000000
vt 0.37459201 1.00000000
vt 0.15600000 0.00000000
vt 0.12476800 0.00000000
vt 0.12476800 1.00000000
vt 0.15600200 1.00000000
vt 0.31773600 0.21292099
vt 0.38348401 0.14632200
vt 0.53944701 0.03598296
vt 0.46463799 0.28636500
vt 0.31773600 0.34790599
vt 0.00000000 0.00000000
vt 0.00000000 1.00000000
vt 0.15285701 0.48029399
vt 0.27357301 0.39272299
vt 0.24753600 0.48029399
vt 0.99765700 0.71237302
vt 0.99692702 0.73799598
vt 0.99387401 0.82911497
vt 0.78613597 0.83850300
vt 0.89153600 0.75142300
vt 0.94002098 0.71237302
vt 0.31773600 0.99965203
vt 0.31169099 0.99964601
vt 0.00000000 0.99980497
vt 0.11787500 0.56697202
vt 0.24748901 0.48737001
vt 0.27122200 0.58402598
vt 0.31773600 0.64728898
vt 0.43732300 0.00000000
vt 0.43282399 0.00000000
vt 0.43316701 1.00000000
vt 0.43732300 1.00000000
vt 0.50005400 0.00000000
vt 0.50005400 1.00000000
vt 0.27123201 0.58398902
vt 0.24750599 0.48733401
vt 0.11915300 0.56353599
vt 0.00000000 0.99983603
vt 0.31171200 0.99967003
vt 0.56263202 0.00000000
vt 0.55044699 0.00000000
vt 0.55042899 1.00000000
vt 0.56263202 1.00000000
vt 0.62521100 0.00000000
vt 0.62521100 1.00000000
vt 0.64702201 0.99985301
vt 0.64384001 0.99985498
vt 0.33180201 0.65921700
vt 0.41604501 0.69225001
vt 0.59240901 0.63525099
vt 0.64702201 0.61756998
vt 0.74939400 0.00000000
vt 0.74939400 1.00000000
vt 0.87489599 0.00000000
vt 0.78622198 0.00000000
vt 0.78620201 1.00000000
vt 0.87489599 1.00000000
vt 0.78623497 0.58604598
vt 0.99996299 0.56935698
vt 1.00000000 1.00000000
vt 0.35301799 0.99593502
vt 0.34986800 0.99599397
vt 0.00000700 0.99408603
vt 0.00000000 0.00329900
vt 0.35301799 0.00348097
vt 0.12848000 0.99991399
vt 0.10847200 0.99990100
vt 0.10731890 0.99990100
vt 0.10719300 0.99990100
vt 0.10715600 0.99990100
vt 0.10707100 0.99990100
vt 0.10689690 0.99990201
vt 0.10613700 0.99990201
vt 0.10430300 0.99990201
vt 0.09938597 0.99990499
vt 0.00007200 0.99991101
vt 0.00005700 0.62820399
vt 0.08761996 0.64268398
vt 0.00000000 1.00000000
vt 0.00000000 0.01551598
vt 0.09937900 0.01514899
vt 0.10430300 0.01505899
vt 0.10614000 0.01505196
vt 0.10690200 0.01504898
vt 0.10707600 0.01504796
vt 0.10716100 0.01504796
vt 0.10719790 0.01504796
vt 0.10732400 0.01504695
vt 0.10847900 0.01504397
vt 0.12852401 0.01533997
vt 0.17443600 0.01736700
vt 1.00000000 1.00000000
vt 1.00000000 0.00000000
vt 0.00000000 0.00000000
vt 0.00000000 1.00000000
vt 0.51323199 0.99984801
vt 0.35163000 0.99962598
vt 0.51323199 0.46990201
vt 0.36314601 0.00334495
vt 0.68223500 0.00490195
vt 0.68223500 0.99936998
vt 0.67624402 0.99925601
vt 0.70146197 0.00509697
vt 1.00000000 0.00008700
vt 0.99117702 0.99416000
vt 0.00000000 0.99998897
vt 0.00000000 0.00077200
vt 0.19634999 0.00044200
vt 0.00005500 1.00000000
vt 0.00000000 0.00000000
vt 0.20127299 0.00014100
vt 0.99871600 0.66519898
vt 0.87526900 0.00000000
vt 0.81834102 0.00000000
vt 0.81834197 1.00000000
vt 0.87526900 1.00000000
vt 1.00000000 1.00000000
vt 1.00000000 0.00000000
vt 0.51521099 0.99984199
vt 0.54796898 0.55983901
vt 0.58761698 0.65417701
vt 0.61520702 0.67257398
vt 0.64340299 0.66350102
vt 0.66792202 0.62956399
vt 0.49948299 0.00000000
vt 0.49948299 1.00000000
vt 0.66792101 0.62956202
vt 0.64340401 0.66350001
vt 0.61521000 0.67255700
vt 0.58762598 0.65415603
vt 0.54797298 0.55984497
vt 0.51521099 0.99984598
vt 0.53081501 0.00000000
vt 0.53081501 1.00000000
vt 0.56214797 0.00000000
vt 0.56214797 1.00000000
vt 0.59348100 0.00000000
vt 0.59348100 1.00000000
vt 0.62481302 0.00000000
vt 0.59837002 0.00000000
vt 0.59837103 1.00000000
vt 0.62481302 1.00000000
vt 0.82664102 0.00351596
vt 0.67804700 0.99025601
vt 0.77817899 0.00000000
vt 0.77817899 1.00000000
vt 0.83370203 0.00000000
vt 0.83370203 1.00000000
vt 0.88922501 0.00000000
vt 0.88922501 1.00000000
vt 1.00000000 1.00000000
vt 1.00000000 0.00000000
vt 0.01575297 0.00000000
vt 0.00000000 0.00000000
vt 0.00000000 1.00000000
vt 0.00078400 1.00000000
vt 0.01575297 1.00000000
vt 0.00000000 0.00000000
vt 0.00000000 0.00781196
vt 0.00000000 0.01562798
vt 0.00000000 0.03125000
vt 0.00000000 0.06250000
vt 0.00000000 0.12500000
vt 0.00000000 0.25000000
vt 0.00000000 0.50000000
vt 0.00000000 0.75000000
vt 0.00000000 0.87500000
vt 0.00000000 0.93750000
vt 0.00000000 0.96875000
vt 0.00000000 1.00000000
vt 0.12305500 1.00000000
vt 0.65597498 0.00000000
vt 0.65597498 1.00000000
vt 0.68713701 0.00000000
vt 0.68285602 0.00000000
vt 0.68310702 1.00000000
vt 0.68713701 1.00000000
vt 0.74946201 0.00000000
vt 0.72280997 0.00000000
vt 0.72284198 1.00000000
vt 0.74946201 1.00000000
vt 0.34986699 0.98901701
vt 0.35421401 0.98874301
vt 0.51015103 0.01169699
vt 0.34986699 0.00224399
vt 0.66422802 0.50831503
vt 0.51320899 0.99966103
vt 0.66422802 0.99992502
vt 0.66829699 0.99992102
vt 0.66422802 0.00320196
vt 0.50790203 0.00369096
vt 0.50714302 0.00368994
vt 0.66473299 0.00319898
vt 0.49993601 0.00628400
vt 0.33383399 0.00555199
vt 0.42858401 1.00000000
vt 0.49993601 1.00000000
vt 0.66657102 0.00567997
vt 0.50074202 0.00628495
vt 0.57144099 1.00000000
vt 0.66657102 1.00000000
vt 0.34846100 0.00321996
vt 0.66760701 0.00567096
vt 0.71431601 1.00000000
vt 0.28568599 0.00000000
vt 0.16676800 0.00000000
vt 0.16676500 1.00000000
vt 0.28568599 1.00000000
vt 0.42856100 0.00000000
vt 0.33342999 0.00000000
vt 0.33342999 1.00000000
vt 0.42856100 1.00000000
vt 0.71431398 1.00000000
vt 0.66657102 1.00000000
vt 0.66657102 0.00000000
vt 0.66761899 0.00000000
vt 0.57143998 1.00000000
vt 0.49993801 1.00000000
vt 0.49993801 0.00000000
vt 0.50074500 0.00000000
vt 0.50006300 0.00000000
vt 0.50006700 1.00000000
vt 0.42858300 1.00000000
vt 0.33382499 0.00000000
vt 0.17764200 0.99993998
vt 0.34846601 0.00235796
vt 0.25219199 0.01574599
vt 0.50000000 0.01102495
vt 0.75830698 0.00574899
vt 0.83872902 0.03085100
vt 0.91978300 0.05709797
vt 1.00000000 0.02330499
vt 0.90259600 0.50000000
vt 0.50000000 0.50000000
vt 0.83664203 0.68785298
vt 0.75584900 0.82182097
vt 0.50000000 0.99985498
vt 0.09882497 0.50000000
vt 0.00000000 0.00428694
vt 0.17469700 0.00824696
vt 0.27969199 0.87238199
vt 0.00000000 0.00000000
vt 0.00102198 1.00000000
vt 0.84268099 1.00000000
vt 1.00000000 0.00000100
vt 0.00020000 0.17048790
vt 0.16699000 0.00000000
vt 0.00023200 0.00000000
vt 1.00000000 0.59854698
vt 0.62456900 0.00000000
vt 0.62456900 1.00000000
vt 0.59310502 0.00000000
vt 0.59310502 1.00000000
vt 0.56164098 0.00000000
vt 0.56164098 1.00000000
vt 0.55255699 0.00000000
vt 0.53017598 0.00000000
vt 0.53017598 1.00000000
vt 0.55121601 1.00000000
vt 0.49871200 0.00000000
vt 0.49871200 1.00000000
vt 0.49991801 1.00000000
vt 0.75087398 0.99999702
vt 0.75116700 0.99999702
vt 0.50422102 0.99994898
vt 0.75086802 1.00000000
vt 0.75086802 0.00000300
vt 0.75240898 0.99999899
vt 1.00000000 0.99991101
vt 1.00000000 0.00003000
vt 0.75116098 0.00000500
vt 0.12500000 0.24760400
vt 0.06250000 0.24760400
vt 0.03125000 0.24760400
vt 0.01562500 0.24760400
vt 0.01367199 0.24760400
vt 0.01269495 0.24760400
vt 0.01171898 0.24760400
vt 0.01074194 0.24760400
vt 0.00976598 0.24760400
vt 0.00878894 0.24760400
vt 0.00781196 0.24760400
vt 0.00683600 0.24760400
vt 0.00634795 0.24760400
vt 0.00585896 0.24760400
vt 0.00537097 0.24760400
vt 0.00488299 0.24760400
vt 0.00390595 0.24760400
vt 0.00195295 0.24760400
vt 0.00097700 0.24760400
vt 0.00007600 0.24760400
vt 0.00007200 0.24914500
vt 0.25000000 0.24760400
vt 0.50000000 0.24760400
vt 0.25000000 0.00000500
vt 0.14003800 0.00000400
vt 0.12500000 0.00000400
vt 0.50000000 0.07497400
vt 0.49341100 0.07449495
vt 0.44789800 0.06923300
vt 0.41079599 0.06116294
vt 0.35997000 0.04085296
vt 0.31062600 0.02039998
vt 0.26128501 0.00000500
vt 0.00001400 1.00000000
vt 0.99999899 0.00000000
vt 0.00000000 0.00000000
vt 0.00001200 0.90692800
vt 0.12892000 0.00000000
vt 0.00000000 0.00000000
vt 0.00000000 1.00000000
vt 0.12892000 1.00000000
vt 1.00000000 1.00000000
vt 1.00000000 0.00000000
vt 0.00000000 0.00000000
vt 0.00000000 1.00000000
vt 0.00000000 0.00000000
vt 1.00000000 0.00000000
vt 0.00000100 1.00000000
vt 0.00000800 0.25029799
vt 0.00001300 0.00000400
vt 0.13962500 0.00000100
vt 0.26092899 0.00000000
vt 0.31028599 0.02040100
vt 0.35968199 0.04085195
vt 0.41053700 0.06115597
vt 0.44762701 0.06923097
vt 0.49317199 0.07448697
vt 0.50000000 0.07498300
vt 0.50000000 0.25029799
vt 1.00000000 0.00000000
vt 0.86931801 0.26783201
vt 0.80114800 0.38519999
vt 0.79429799 0.39713001
vt 0.78077799 0.42144901
vt 0.73372799 0.50725198
vt 0.46507099 1.00000000
vt 0.00000000 1.00000000
vt 0.50000000 1.00000000
vt 0.38264900 1.00000000
vt 0.25085601 1.00000000
vt 0.15553300 1.00000000
vt 0.50000000 0.00000000
vt 0.56250000 1.00000000
vt 0.50297803 1.00000000
vt 0.56250000 0.00000000
vt 0.66692299 0.62927997
vt 0.73370200 0.50724298
vt 0.73654503 0.50203800
vt 0.00000000 0.50203800
vt 0.00000000 0.62927997
vt 0.59973598 0.75201702
vt 0.00000000 0.75201702
vt 0.53418398 0.87075502
vt 0.00000000 0.87075502
vt 0.12200590 0.00000400
vt 0.10543900 0.00000400
vt 0.08831197 0.00000400
vt 0.07054895 0.00000400
vt 0.06250000 0.00000400
vt 0.00000000 0.89221501
vt 0.00000000 1.00000000
vt 0.46504200 1.00000000
vt 0.78075302 0.42143899
vt 0.79433900 0.39746001
vt 0.80112398 0.38518101
vt 0.80405802 0.38036501
vt 0.00000000 0.38036501
vt 0.00000000 0.44442499
vt 0.05354797 0.00000400
vt 0.04001098 0.00000400
vt 0.03125000 0.00000400
vt 0.86083198 0.28307500
vt 0.00000000 0.28307500
vt 0.75000501 1.00000000
vt 0.73408997 1.00000000
vt 0.63024801 1.00000000
vt 0.62501901 1.00000000
vt 0.62500000 0.00000000
vt 0.75000000 0.00000000
vt 0.59375000 1.00000000
vt 0.59374899 0.00000000
vt 1.00000000 0.00000000
vt 1.00000000 1.00000000
vt 0.98390299 1.00000000
vt 0.97608399 1.00000000
vt 0.95156902 1.00000000
vt 0.94371301 1.00000000
vt 0.93567401 1.00000000
vt 0.92752701 1.00000000
vt 0.91937202 1.00000000
vt 0.90302497 1.00000000
vt 0.87011498 1.00000000
vt 0.86929500 0.26781800
vt 0.93493301 0.14153799
vt 0.00000000 0.14153799
vt 0.00000000 0.22040200
vt 0.95199698 0.10615300
vt 0.00000000 0.10655700
vt 0.00000000 0.11028300
vt 0.96032798 0.08846098
vt 0.00000000 0.08846098
vt 0.00000000 0.09307497
vt 0.00000000 0.09307497
vt 0.00000000 0.09307497
vt 0.00000000 0.09307497
vt 0.00000000 0.09307497
vt 0.00000000 0.09307497
vt 0.00000000 0.09307497
vt 0.00000000 0.09458899
vt 0.00000000 0.09854000
vt 0.01562500 0.00000400
vt 0.01504099 0.00000400
vt 0.01367199 0.00000400
vt 0.02019000 0.00000400
vt 0.01269495 0.00000300
vt 0.01171898 0.00000300
vt 0.01073497 0.00000300
vt 0.00976598 0.00000300
vt 0.00878894 0.00000300
vt 0.00781196 0.00000300
vt 0.00683600 0.00000300
vt 0.00634795 0.00000300
vt 0.00585896 0.00000300
vt 0.00562495 0.00000300
vt 0.00551200 0.00000300
vt 0.00539899 0.00000300
vt 0.00537097 0.00000300
vt 0.00528598 0.00000300
vt 0.00505996 0.00000300
vt 0.00488299 0.00000300
vt 0.97253603 0.06192296
vt 0.97645003 0.05307698
vt 0.00000000 0.05307698
vt 0.00000000 0.09307497
vt 0.00000000 0.06192296
vt 0.96853799 0.07076895
vt 0.00000000 0.07076895
vt 0.98943502 0.03538399
vt 0.00000000 0.03538399
vt 0.99226600 0.01769000
vt 0.00000000 0.01769196
vt 0.00000000 0.02246397
vt 0.00000000 0.02912497
vt 1.00000000 0.00000000
vt 0.00000000 0.00000000
vt 0.00000000 0.00140595
vt 0.00000000 0.00842500
vt 0.00008900 0.23329601
vt 0.10236600 0.29179499
vt 0.20656601 0.34863701
vt 0.31246999 0.40430099
vt 0.42011100 0.45919201
vt 0.52892500 0.51372403
vt 0.54925501 0.54373300
vt 0.51426500 0.57281899
vt 0.43071800 0.59459299
vt 0.31812599 0.60355502
vt 0.20247389 0.59758598
vt 0.11093900 0.57796597
vt 0.00000000 0.52343398
vt 0.00049800 1.00000000
vt 0.99971598 1.00000000
vt 0.99982899 0.50002599
vt 0.99986202 0.42331001
vt 0.99988198 0.39558500
vt 0.99989200 0.38440099
vt 0.99989599 0.37948301
vt 0.99989802 0.37719399
vt 0.99989802 0.37609199
vt 0.99989802 0.37555099
vt 0.99989903 0.37528399
vt 0.99989903 0.37515101
vt 0.99989903 0.37510100
vt 0.99989903 0.37502301
vt 0.99991798 0.25000399
vt 0.99967003 0.00000000
vt 0.00001400 0.00000000
vt 0.88396400 1.00000000
vt 1.00000000 1.00000000
vt 1.00000000 0.00000000
vt 0.88396400 0.00000000
vt 0.77600700 0.00000000
vt 0.77600700 1.00000000
vt 0.66507101 0.00000000
vt 0.66507101 1.00000000
vt 0.99993801 0.00000000
vt 0.99994498 0.25000000
vt 0.99994802 0.37500000
vt 0.99994802 0.37508401
vt 0.99994802 0.37513199
vt 0.99994802 0.37526500
vt 0.99994802 0.37553301
vt 0.99994802 0.37607300
vt 0.99994802 0.37717500
vt 0.99994802 0.37946400
vt 0.99994600 0.38438001
vt 0.99994200 0.39556301
vt 0.99993598 0.42328599
vt 0.99995100 0.50000000
vt 0.99996501 0.99999899
vt 0.00000000 0.99999899
vt 0.00000000 0.52340102
vt 0.11087300 0.57795203
vt 0.20240000 0.59758699
vt 0.31809899 0.60354400
vt 0.43068999 0.59457397
vt 0.51431400 0.57280999
vt 0.54925197 0.54371297
vt 0.52891201 0.51370299
vt 0.42004800 0.45917600
vt 0.31242201 0.40428501
vt 0.20654400 0.34861800
vt 0.10238300 0.29178300
vt 0.00000000 0.23333199
vt 0.55339903 0.00000000
vt 0.55339903 1.00000000
vt 0.44753799 0.00000000
vt 0.44753799 1.00000000
vt 0.39197901 0.00000000
vt 0.39197901 1.00000000
vt 0.33641899 0.00000000
vt 0.33641899 1.00000000
vt 0.28014901 0.00000000
vt 0.28014901 1.00000000
vt 0.22387899 0.00000000
vt 0.22387899 1.00000000
vt 0.16731800 0.00000000
vt 0.16731800 1.00000000
vt 0.11075700 0.00000000
vt 0.11075700 1.00000000
vt 0.00000000 0.00000000
vt 0.00000000 1.00000000
vt 1.00000000 0.99999899
vt 1.00000000 0.00000000
vt 0.19620100 0.00178295
vt 0.14748199 0.25764999
vt 0.12272000 0.37864900
vt 0.12262300 0.37911499
vt 0.12258700 0.37928599
vt 0.12244500 0.37996101
vt 0.12213800 0.38142401
vt 0.12142500 0.38482100
vt 0.11962500 0.39374501
vt 0.11449400 0.41922101
vt 0.09808099 0.50148302
vt 0.00000000 0.99999899
vt 0.75000000 1.00000000
vt 1.00000000 1.00000000
vt 1.00000000 0.00000000
vt 0.75000000 0.00000000
vt 0.62500000 0.00000000
vt 0.62500000 1.00000000
vt 0.00000000 1.00000000
vt 0.09807997 0.50058198
vt 0.11448800 0.41817200
vt 0.11962600 0.39262900
vt 0.12142800 0.38377300
vt 0.12213800 0.38032299
vt 0.12244500 0.37884399
vt 0.12258600 0.37816501
vt 0.12262200 0.37799400
vt 0.12272000 0.37752700
vt 0.14748099 0.25630501
vt 0.19620200 0.00000000
vt 0.99999201 0.00000400
vt 0.99999201 1.00000000
vt 0.62402302 0.00000000
vt 0.62402302 1.00000000
vt 0.62304699 0.00000000
vt 0.62304699 1.00000000
vt 0.62109399 0.00000000
vt 0.62109399 1.00000000
vt 0.61718798 0.00000000
vt 0.61718798 1.00000000
vt 0.60937500 0.00000000
vt 0.60937500 1.00000000
vt 0.59375000 0.00000000
vt 0.59375000 1.00000000
vt 0.56250000 0.00000000
vt 0.56250000 1.00000000
vt 0.50000000 0.00000000
vt 0.50000000 1.00000000
vt 0.00000000 0.00000000
vt 0.00000000 1.00000000
vt 1.00000000 1.00000000
vt 1.00000000 0.00000000
vt 0.00000000 0.00000000
vt 0.00000000 1.00000000
vt 1.00000000 0.00000000
vt 1.00000000 0.25552499
vt 0.64742100 0.25656101
vt 0.31966001 0.58664203
vt 0.00000000 1.00000000
vt 0.00000000 0.57846397
vt 0.41008499 0.00000000
vt 0.25000399 0.99314100
vt 0.24999090 0.99314398
vt 0.00000200 1.00000000
vt 0.00000200 0.39299899
vt 0.00000000 0.00000000
vt 0.25000399 0.00000400
vt 0.25005299 0.99999899
vt 0.25000501 0.99999899
vt 0.00000000 0.00002200
vt 0.06179499 0.00003900
vt 0.25005299 0.00000700
vt 0.25005201 0.00000400
vt 1.00000000 1.00000000
vt 1.00000000 0.00000000
vt 0.00000000 0.00084100
vt 0.00000000 0.39309499
vt 0.00000000 1.00000000
vt 0.25001001 0.99313903
vt 0.33258700 0.00000000
vt 0.00000000 0.00000000
vt 0.00000000 1.00000000
vt 0.33258700 1.00000000
vt 0.41007999 0.00000000
vt 0.00000000 0.57846397
vt 0.00000000 1.00000000
vt 0.31965500 0.58663797
vt 0.64741302 0.25657201
vt 1.00000000 0.25552401
vt 1.00000000 0.00000000
vt 0.65995300 0.00000000
vt 0.65995300 1.00000000
vt 1.00000000 1.00000000
vt 1.00000000 0.00000000
vt 0.24838901 0.00000000
vt 0.00000000 0.00000000
vt 0.00000000 1.00000000
vt 0.24773499 1.00000000
vt 0.24838901 1.00000000
vt 0.59275299 0.07560700
vt 0.67663199 0.06403595
vt 0.70177400 0.05420094
vt 0.71039200 0.04278695
vt 0.67722303 0.02075999
vt 0.62779802 0.00000000
vt 0.98354000 0.00000000
vt 0.99899203 0.24824500
vt 0.99898100 0.25029799
vt 0.49724901 0.00000000
vt 0.25044200 0.00000000
vt 0.49547100 1.00000000
vt 0.49724901 1.00000000
vt 0.99829203 0.49754101
vt 0.50018001 0.00000000
vt 0.74453002 1.00000000
vt 0.99899203 0.24825791
vt 0.99899501 0.24760400
vt 0.00000800 0.25148401
vt 0.55503500 0.00000000
vt 0.45179701 0.00000000
vt 0.44402900 0.00000000
vt 0.44402900 1.00000000
vt 0.45152700 1.00000000
vt 0.55503500 1.00000000
vt 0.66629100 0.00000000
vt 0.66629100 1.00000000
vt 0.72223198 0.00000000
vt 0.72223198 1.00000000
vt 0.98354697 0.00000000
vt 0.62797701 0.00000100
vt 0.67738003 0.02076095
vt 0.71053499 0.04278898
vt 0.70192099 0.05420297
vt 0.67680198 0.06404095
vt 0.59294897 0.07560896
vt 0.77817303 0.00000000
vt 0.77817303 1.00000000
vt 0.88907403 0.00000000
vt 0.88907403 1.00000000
vt 1.00000000 1.00000000
vt 1.00000000 0.00000000
vt 0.38866201 0.00000000
vt 0.38866201 1.00000000
vt 0.33329600 0.00000000
vt 0.33329600 1.00000000
vt 0.22177400 0.00000000
vt 0.22177400 1.00000000
vt 0.49999401 1.00000000
vt 0.37478599 0.00003600
vt 0.50013101 0.99999702
vt 0.40040800 0.99999702
vt 0.25031599 0.99999702
vt 0.60031700 0.99999797
vt 0.20114900 0.99999702
vt 0.20114900 0.95529699
vt 0.97405797 0.88985503
vt 0.48824400 0.94213802
vt 0.40650401 0.95058900
vt 0.37717599 0.95363700
vt 0.36539799 0.95486599
vt 0.36023101 0.95540798
vt 0.35782701 0.95565999
vt 0.35666999 0.95578098
vt 0.35610300 0.95584100
vt 0.35582301 0.95586997
vt 0.35568300 0.95588499
vt 0.35563299 0.95589000
vt 0.35554400 0.95590001
vt 0.22748800 0.96985799
vt 0.00340897 1.00000000
vt 0.00097700 0.00000300
vt 0.00063400 0.00000300
vt 0.00195295 0.00000300
vt 0.00390595 0.00000300
vt 0.00324196 0.00000300
vt 0.00345099 1.00000000
vt 0.22751200 0.96999699
vt 0.35555899 0.95603001
vt 0.35564199 0.95602101
vt 0.35569400 0.95601600
vt 0.35583299 0.95600098
vt 0.35611400 0.95597100
vt 0.35668099 0.95591199
vt 0.35783800 0.95578998
vt 0.36024100 0.95553702
vt 0.36540899 0.95499498
vt 0.37718600 0.95376301
vt 0.40651301 0.95070702
vt 0.48824900 0.94223398
vt 0.97405100 0.88992202
vt 1.00000000 1.00000000
vt 1.00000000 0.51106697
vt 0.96444702 0.07961499
vt 0.00000000 0.07961499
vt 0.50013101 0.67817998
vt 0.50013101 0.56710398
vt 0.74999899 0.56710398
vt 0.99999899 0.56710398
vt 0.50013101 0.45364401
vt 0.74999899 0.45364401
vt 0.99999899 0.45364401
vt 0.99999899 0.51608098
vt 0.04013496 0.65680403
vt 0.06059098 0.62503499
vt 0.08138298 0.59265602
vt 0.55613601 0.00000000
vt 0.53077197 0.00000000
vt 0.44244000 0.00000000
vt 0.44244000 1.00000000
vt 0.52822101 1.00000000
vt 0.55613601 1.00000000
vt 0.33362800 0.00000000
vt 0.33362800 1.00000000
vt 0.61176199 0.00000000
vt 0.61176199 1.00000000
vt 0.66738802 0.00000000
vt 0.66738802 1.00000000
vt 0.72278798 0.00000000
vt 0.72278798 1.00000000
vt 0.77818799 0.00000000
vt 0.77818799 1.00000000
vt 0.83356303 0.00000000
vt 0.83356303 1.00000000
vt 0.00023600 0.00020000
vt 0.07412499 0.00000000
vt 0.07412499 1.00000000
vt 0.14825089 0.00000000
vt 0.14825089 1.00000000
vt 0.28580001 0.00000000
vt 0.28580001 1.00000000
vt 0.42850000 0.00000000
vt 0.42850000 1.00000000
vt 0.57123703 0.00000000
vt 0.57123703 1.00000000
vt 0.71408498 0.00000000
vt 0.71408498 1.00000000
vt 0.85172200 0.00000000
vt 0.85172200 1.00000000
vt 1.00000000 1.00000000
vt 1.00000000 0.00000000
vt 0.08903795 0.00000000
vt 0.00000000 0.00000000
vt 0.00000000 1.00000000
vt 0.08905798 1.00000000
vt 0.17811599 0.00000000
vt 0.17811599 1.00000000
vt 0.35623199 0.00000000
vt 0.35623199 1.00000000
vt 0.53608000 0.00000000
vt 0.53608000 1.00000000
vt 0.67189699 0.00000000
vt 0.67189699 1.00000000
vt 0.78538501 0.00000000
vt 0.78538501 1.00000000
vt 0.83300799 0.00000000
vt 0.83350199 1.00000000
vt 0.88161898 0.00000000
vt 0.88161898 1.00000000
vt 0.93870002 0.00000000
vt 0.93870002 1.00000000
vt 0.03011494 0.91460198
vt 0.00000000 0.78171700
vt 0.00001000 0.01371496
vt 0.19983891 0.07353097
vt 0.39963499 0.00771099
vt 1.00000000 1.00000000
vt 1.00000000 0.00000000
vt 0.00000000 0.00000000
vt 0.00000000 1.00000000
vt 0.66996402 1.00000000
vt 1.00000000 1.00000000
vt 1.00000000 0.00000000
vt 0.66996402 0.00000000
vt 1.00000000 1.00000000
vt 1.00000000 0.00000000
vt 0.00000000 0.00000000
vt 0.00000000 1.00000000
vt 0.00000000 0.99960798
vt 0.53765702 0.00000000
vt 1.00000000 0.00140297
vt 0.69024700 0.48522899
vt 0.43040600 0.99999702
vt 1.00000000 1.00000000
vt 0.00000000 0.72033298
vt 0.00000000 0.00817096
vt 0.99864602 0.06210595
vt 1.00000000 0.35977900
vt 0.99931300 0.95560801
vt 0.00000100 1.00000000
vt 0.00000000 0.34356001
vt 0.00000000 0.00000000
f 3528/3528 3529/3529 3530/3530
f 3528/3528 3530/3530 3531/3531
f 3528/3528 3531/3531 3532/3532
f 3528/3528 3532/3532 3533/3533
f 3530/3530 3534/3534 3535/3535
f 3530/3530 3535/3535 3536/3536
f 3530/3530 3536/3536 3537/3537
f 3530/3530 3537/3537 3531/3531
f 3538/3538 3539/3539 3540/3540
f 3538/3538 3540/3540 3541/3541
f 3538/3538 3541/3541 3542/3542
f 3538/3538 3542/3542 3543/3543
f 3540/3540 3544/3544 3545/3545
f 3540/3540 3545/3545 3546/3546
f 3540/3540 3546/3546 3547/3547
f 3540/3540 3547/3547 3541/3541
f 3548/3548 3549/3549 3550/3550
f 3548/3548 3550/3550 3551/3551
f 3548/3548 3551/3551 3552/3552
f 3548/3548 3552/3552 3553/3553
f 3550/3550 3554/3554 3555/3555
f 3550/3550 3555/3555 3556/3556
f 3550/3550 3556/3556 3557/3557
f 3550/3550 3557/3557 3551/3551
f 3543/3543 3558/3558 3559/3559
f 3543/3543 3559/3559 3538/3538
f 3560/3560 3561/3561 3562/3562
f 3560/3560 3562/3562 3563/3563
f 3564/3564 3565/3565 3566/3566
f 3564/3564 3566/3566 3567/3567
f 3568/3568 3560/3560 3563/3563
f 3568/3568 3563/3563 3569/3569
f 3567/3567 3570/3570 3571/3571
f 3567/3567 3571/3571 3572/3572
f 3567/3567 3572/3572 3564/3564
f 3571/3571 3573/3573 3574/3574
f 3571/3571 3574/3574 3575/3575
f 3571/3571 3575/3575 3576/3576
f 3571/3571 3576/3576 3577/3577
f 3571/3571 3577/3577 3578/3578
f 3571/3571 3578/3578 3572/3572
f 3569/3569 3579/3579 3580/3580
f 3569/3569 3580/3580 3568/3568
f 3581/3581 3582/3582 3583/3583
f 3581/3581 3583/3583 3584/3584
f 3582/3582 3585/3585 3586/3586
f 3582/3582 3586/3586 3587/3587
f 3582/3582 3587/3587 3588/3588
f 3582/3582 3588/3588 3583/3583
f 3589/3589 3590/3590 3591/3591
f 3589/3589 3591/3591 3592/3592
f 3589/3589 3592/3592 3593/3593
f 3594/3594 3595/3595 3596/3596
f 3594/3594 3596/3596 3597/3597
f 3594/3594 3597/3597 3598/3598
f 3594/3594 3598/3598 3599/3599
f 3594/3594 3599/3599 3600/3600
f 3594/3594 3600/3600 3601/3601
f 3594/3594 3601/3601 3602/3602
f 3594/3594 3602/3602 3603/3603
f 3594/3594 3603/3603 3604/3604
f 3594/3594 3604/3604 3605/3605
f 3594/3594 3605/3605 3606/3606
f 3594/3594 3606/3606 3607/3607
f 3594/3594 3607/3607 3608/3608
f 3594/3594 3608/3608 3609/3609
f 3594/3594 3609/3609 3610/3610
f 3594/3594 3610/3610 3611/3611
f 3594/3594 3611/3611 3612/3612
f 3594/3594 3612/3612 3613/3613
f 3613/3613 3614/3614 3615/3615
f 3613/3613 3615/3615 3616/3616
f 3613/3613 3616/3616 3617/3617
f 3613/3613 3617/3617 3618/3618
f 3613/3613 3618/3618 3619/3619
f 3613/3613 3619/3619 3620/3620
f 3613/3613 3620/3620 3621/3621
f 3613/3613 3621/3621 3622/3622
f 3613/3613 3622/3622 3623/3623
f 3613/3613 3623/3623 3623/3623
f 3613/3613 3623/3623 3623/3623
f 3613/3613 3623/3623 3623/3623
f 3613/3613 3623/3623 3623/3623
f 3613/3613 3623/3623 3623/3623
f 3613/3613 3623/3623 3624/3624
f 3613/3613 3624/3624 3623/3623
f 3613/3613 3623/3623 3625/3625
f 3613/3613 3625/3625 3626/3626
f 3613/3613 3626/3626 3627/3627
f 3613/3613 3627/3627 3628/3628
f 3613/3613 3628/3628 3629/3629
f 3613/3613 3629/3629 3594/3594
f 3593/3593 3630/3630 3631/3631
f 3593/3593 3631/3631 3632/3632
f 3593/3593 3632/3632 3589/3589
f 3633/3633 3634/3634 3635/3635
f 3633/3633 3635/3635 3636/3636
f 3633/3633 3636/3636 3637/3637
f 3633/3633 3637/3637 3638/3638
f 3633/3633 3638/3638 3639/3639
f 3633/3633 3639/3639 3640/3640
f 3633/3633 3640/3640 3641/3641
f 3633/3633 3641/3641 3642/3642
f 3633/3633 3642/3642 3643/3643
f 3633/3633 3643/3643 3644/3644
f 3633/3633 3644/3644 3645/3645
f 3633/3633 3645/3645 3646/3646
f 3633/3633 3646/3646 3647/3647
f 3633/3633 3647/3647 3648/3648
f 3633/3633 3648/3648 3649/3649
f 3633/3633 3649/3649 3650/3650
f 3633/3633 3650/3650 3651/3651
f 3633/3633 3651/3651 3652/3652
f 3652/3652 3653/3653 3654/3654
f 3652/3652 3654/3654 3655/3655
f 3652/3652 3655/3655 3656/3656
f 3652/3652 3656/3656 3657/3657
f 3652/3652 3657/3657 3658/3658
f 3652/3652 3658/3658 3659/3659
f 3652/3652 3659/3659 3660/3660
f 3652/3652 3660/3660 3661/3661
f 3652/3652 3661/3661 3660/3660
f 3652/3652 3660/3660 3660/3660
f 3652/3652 3660/3660 3661/3661
f 3652/3652 3661/3661 3660/3660
f 3652/3652 3660/3660 3660/3660
f 3652/3652 3660/3660 3662/3662
f 3652/3652 3662/3662 3663/3663
f 3652/3652 3663/3663 3664/3664
f 3652/3652 3664/3664 3665/3665
f 3652/3652 3665/3665 3666/3666
f 3652/3652 3666/3666 3667/3667
f 3652/3652 3667/3667 3633/3633
f 3668/3668 3669/3669 3670/3670
f 3668/3668 3670/3670 3671/3671
f 3668/3668 3671/3671 3672/3672
f 3668/3668 3672/3672 3673/3673
f 3668/3668 3673/3673 3674/3674
f 3668/3668 3674/3674 3675/3675
f 3668/3668 3675/3675 3676/3676
f 3668/3668 3676/3676 3677/3677
f 3668/3668 3677/3677 3678/3678
f 3668/3668 3678/3678 3679/3679
f 3668/3668 3679/3679 3680/3680
f 3668/3668 3680/3680 3681/3681
f 3668/3668 3681/3681 3682/3682
f 3668/3668 3682/3682 3683/3683
f 3684/3684 3685/3685 3686/3686
f 3684/3684 3686/3686 3687/3687
f 3684/3684 3687/3687 3688/3688
f 3684/3684 3688/3688 3689/3689
f 3684/3684 3689/3689 3690/3690
f 3684/3684 3690/3690 3691/3691
f 3692/3692 3693/3693 3694/3694
f 3692/3692 3694/3694 3695/3695
f 3692/3692 3695/3695 3696/3696
f 3692/3692 3696/3696 3697/3697
f 3692/3692 3697/3697 3698/3698
f 3692/3692 3698/3698 3699/3699
f 3692/3692 3699/3699 3700/3700
f 3701/3701 3668/3668 3683/3683
f 3701/3701 3683/3683 3702/3702
f 3703/3703 3701/3701 3702/3702
f 3703/3703 3702/3702 3704/3704
f 3703/3703 3704/3704 3705/3705
f 3668/3668 3701/3701 3706/3706
f 3668/3668 3706/3706 3707/3707
f 3668/3668 3707/3707 3708/3708
f 3668/3668 3708/3708 3709/3709
f 3668/3668 3709/3709 3710/3710
f 3668/3668 3710/3710 3711/3711
f 3668/3668 3711/3711 3712/3712
f 3668/3668 3712/3712 3712/3712
f 3668/3668 3712/3712 3713/3713
f 3668/3668 3713/3713 3712/3712
f 3668/3668 3712/3712 3712/3712
f 3668/3668 3712/3712 3713/3713
f 3668/3668 3713/3713 3712/3712
f 3668/3668 3712/3712 3714/3714
f 3668/3668 3714/3714 3715/3715
f 3668/3668 3715/3715 3716/3716
f 3668/3668 3716/3716 3717/3717
f 3668/3668 3717/3717 3718/3718
f 3668/3668 3718/3718 3719/3719
f 3668/3668 3719/3719 3669/3669
f 3720/3720 3706/3706 3701/3701
f 3720/3720 3701/3701 3703/3703
f 3706/3706 3720/3720 3721/3721
f 3706/3706 3721/3721 3722/3722
f 3706/3706 3722/3722 3723/3723
f 3706/3706 3723/3723 3724/3724
f 3706/3706 3724/3724 3725/3725
f 3706/3706 3725/3725 3726/3726
f 3706/3706 3726/3726 3727/3727
f 3706/3706 3727/3727 3728/3728
f 3706/3706 3728/3728 3707/3707
f 3721/3721 3720/3720 3703/3703
f 3721/3721 3703/3703 3729/3729
f 3722/3722 3721/3721 3729/3729
f 3722/3722 3729/3729 3730/3730
f 3722/3722 3730/3730 3731/3731
f 3729/3729 3703/3703 3705/3705
f 3729/3729 3705/3705 3732/3732
f 3730/3730 3729/3729 3732/3732
f 3730/3730 3732/3732 3733/3733
f 3700/3700 3734/3734 3735/3735
f 3700/3700 3735/3735 3736/3736
f 3700/3700 3736/3736 3737/3737
f 3700/3700 3737/3737 3738/3738
f 3700/3700 3738/3738 3739/3739
f 3700/3700 3739/3739 3740/3740
f 3700/3700 3740/3740 3741/3741
f 3700/3700 3741/3741 3742/3742
f 3700/3700 3742/3742 3743/3743
f 3700/3700 3743/3743 3744/3744
f 3700/3700 3744/3744 3745/3745
f 3700/3700 3745/3745 3746/3746
f 3700/3700 3746/3746 3747/3747
f 3700/3700 3747/3747 3748/3748
f 3700/3700 3748/3748 3749/3749
f 3700/3700 3749/3749 3750/3750
f 3700/3700 3750/3750 3751/3751
f 3700/3700 3751/3751 3692/3692
f 3731/3731 3730/3730 3733/3733
f 3731/3731 3733/3733 3752/3752
f 3753/3753 3731/3731 3752/3752
f 3753/3753 3752/3752 3754/3754
f 3723/3723 3722/3722 3731/3731
f 3723/3723 3731/3731 3753/3753
f 3723/3723 3753/3753 3755/3755
f 3723/3723 3755/3755 3756/3756
f 3755/3755 3753/3753 3754/3754
f 3755/3755 3754/3754 3757/3757
f 3756/3756 3755/3755 3757/3757
f 3756/3756 3757/3757 3758/3758
f 3724/3724 3723/3723 3756/3756
f 3724/3724 3756/3756 3759/3759
f 3724/3724 3759/3759 3760/3760
f 3724/3724 3760/3760 3761/3761
f 3759/3759 3756/3756 3758/3758
f 3759/3759 3758/3758 3762/3762
f 3760/3760 3759/3759 3762/3762
f 3760/3760 3762/3762 3763/3763
f 3761/3761 3760/3760 3763/3763
f 3761/3761 3763/3763 3764/3764
f 3765/3765 3761/3761 3764/3764
f 3765/3765 3764/3764 3766/3766
f 3767/3767 3765/3765 3766/3766
f 3767/3767 3766/3766 3768/3768
f 3769/3769 3767/3767 3768/3768
f 3769/3769 3768/3768 3770/3770
f 3724/3724 3761/3761 3765/3765
f 3724/3724 3765/3765 3767/3767
f 3724/3724 3767/3767 3769/3769
f 3724/3724 3769/3769 3771/3771
f 3724/3724 3771/3771 3725/3725
f 3769/3769 3770/3770 3772/3772
f 3769/3769 3772/3772 3771/3771
f 3773/3773 3774/3774 3775/3775
f 3773/3773 3775/3775 3776/3776
f 3773/3773 3776/3776 3777/3777
f 3773/3773 3777/3777 3778/3778
f 3773/3773 3778/3778 3779/3779
f 3773/3773 3779/3779 3780/3780
f 3773/3773 3780/3780 3781/3781
f 3773/3773 3781/3781 3782/3782
f 3773/3773 3782/3782 3783/3783
f 3784/3784 3785/3785 3786/3786
f 3784/3784 3786/3786 3787/3787
f 3784/3784 3787/3787 3788/3788
f 3784/3784 3788/3788 3789/3789
f 3784/3784 3789/3789 3790/3790
f 3791/3791 3792/3792 3793/3793
f 3791/3791 3793/3793 3794/3794
f 3791/3791 3794/3794 3795/3795
f 3791/3791 3795/3795 3796/3796
f 3791/3791 3796/3796 3797/3797
f 3791/3791 3797/3797 3798/3798
f 3791/3791 3798/3798 3799/3799
f 3791/3791 3799/3799 3800/3800
f 3791/3791 3800/3800 3801/3801
f 3791/3791 3801/3801 3802/3802
f 3791/3791 3802/3802 3803/3803
f 3791/3791 3803/3803 3804/3804
f 3791/3791 3804/3804 3805/3805
f 3791/3791 3805/3805 3806/3806
f 3791/3791 3806/3806 3807/3807
f 3791/3791 3807/3807 3808/3808
f 3791/3791 3808/3808 3809/3809
f 3791/3791 3809/3809 3810/3810
f 3791/3791 3810/3810 3811/3811
f 3791/3791 3811/3811 3812/3812
f 3791/3791 3812/3812 3813/3813
f 3791/3791 3813/3813 3814/3814
f 3815/3815 3816/3816 3817/3817
f 3815/3815 3817/3817 3818/3818
f 3819/3819 3816/3816 3820/3820
f 3819/3819 3820/3820 3821/3821
f 3822/3822 3823/3823 3824/3824
f 3822/3822 3824/3824 3825/3825
f 3822/3822 3825/3825 3826/3826
f 3827/3827 3828/3828 3829/3829
f 3827/3827 3829/3829 3830/3830
f 3827/3827 3830/3830 3831/3831
f 3827/3827 3831/3831 3832/3832
f 3833/3833 3834/3834 3835/3835
f 3833/3833 3835/3835 3836/3836
f 3837/3837 3838/3838 3839/3839
f 3837/3837 3839/3839 3840/3840
f 3837/3837 3840/3840 3841/3841
f 3837/3837 3841/3841 3842/3842
f 3837/3837 3842/3842 3843/3843
f 3837/3837 3843/3843 3844/3844
f 3837/3837 3844/3844 3845/3845
f 3837/3837 3845/3845 3846/3846
f 3837/3837 3846/3846 3847/3847
f 3837/3837 3847/3847 3848/3848
f 3837/3837 3848/3848 3849/3849
f 3837/3837 3849/3849 3850/3850
f 3837/3837 3850/3850 3851/3851
f 3837/3837 3851/3851 3852/3852
f 3837/3837 3852/3852 3853/3853
f 3837/3837 3853/3853 3854/3854
f 3837/3837 3854/3854 3855/3855
f 3837/3837 3855/3855 3856/3856
f 3837/3837 3856/3856 3857/3857
f 3837/3837 3857/3857 3858/3858
f 3837/3837 3858/3858 3859/3859
f 3837/3837 3859/3859 3860/3860
f 3837/3837 3860/3860 3861/3861
f 3837/3837 3861/3861 3862/3862
f 3837/3837 3862/3862 3863/3863
f 3837/3837 3863/3863 3864/3864
f 3826/3826 3865/3865 3866/3866
f 3826/3826 3866/3866 3822/3822
f 3867/3867 3868/3868 3869/3869
f 3867/3867 3869/3869 3870/3870
f 3867/3867 3870/3870 3871/3871
f 3867/3867 3871/3871 3872/3872
f 3867/3867 3872/3872 3873/3873
f 3867/3867 3873/3873 3874/3874
f 3867/3867 3874/3874 3875/3875
f 3867/3867 3875/3875 3876/3876
f 3867/3867 3876/3876 3877/3877
f 3867/3867 3877/3877 3878/3878
f 3867/3867 3878/3878 3879/3879
f 3867/3867 3879/3879 3880/3880
f 3865/3865 3881/3881 3882/3882
f 3865/3865 3882/3882 3866/3866
f 3881/3881 3883/3883 3884/3884
f 3881/3881 3884/3884 3885/3885
f 3881/3881 3885/3885 3882/3882
f 3886/3886 3887/3887 3888/3888
f 3886/3886 3888/3888 3889/3889
f 3886/3886 3889/3889 3890/3890
f 3886/3886 3890/3890 3891/3891
f 3886/3886 3891/3891 3892/3892
f 3886/3886 3892/3892 3893/3893
f 3886/3886 3893/3893 3894/3894
f 3886/3886 3894/3894 3895/3895
f 3886/3886 3895/3895 3896/3896
f 3886/3886 3896/3896 3896/3896
f 3886/3886 3896/3896 3897/3897
f 3886/3886 3897/3897 3898/3898
f 3886/3886 3898/3898 3899/3899
f 3886/3886 3899/3899 3900/3900
f 3886/3886 3900/3900 3901/3901
f 3886/3886 3901/3901 3900/3900
f 3886/3886 3900/3900 3902/3902
f 3886/3886 3902/3902 3903/3903
f 3886/3886 3903/3903 3904/3904
f 3886/3886 3904/3904 3905/3905
f 3886/3886 3905/3905 3906/3906
f 3886/3886 3906/3906 3907/3907
f 3886/3886 3907/3907 3908/3908
f 3886/3886 3908/3908 3909/3909
f 3886/3886 3909/3909 3910/3910
f 3886/3886 3910/3910 3911/3911
f 3886/3886 3911/3911 3912/3912
f 3884/3884 3913/3913 3914/3914
f 3884/3884 3914/3914 3915/3915
f 3884/3884 3915/3915 3916/3916
f 3884/3884 3916/3916 3917/3917
f 3884/3884 3917/3917 3918/3918
f 3884/3884 3918/3918 3919/3919
f 3884/3884 3919/3919 3920/3920
f 3884/3884 3920/3920 3921/3921
f 3884/3884 3921/3921 3920/3920
f 3884/3884 3920/3920 3922/3922
f 3884/3884 3922/3922 3923/3923
f 3884/3884 3923/3923 3924/3924
f 3884/3884 3924/3924 3925/3925
f 3884/3884 3925/3925 3925/3925
f 3884/3884 3925/3925 3919/3919
f 3884/3884 3919/3919 3926/3926
f 3884/3884 3926/3926 3927/3927
f 3884/3884 3927/3927 3928/3928
f 3884/3884 3928/3928 3929/3929
f 3884/3884 3929/3929 3930/3930
f 3884/3884 3930/3930 3931/3931
f 3884/3884 3931/3931 3932/3932
f 3884/3884 3932/3932 3933/3933
f 3884/3884 3933/3933 3934/3934
f 3884/3884 3934/3934 3935/3935
f 3884/3884 3935/3935 3936/3936
f 3884/3884 3936/3936 3937/3937
f 3884/3884 3937/3937 3938/3938
f 3884/3884 3938/3938 3939/3939
f 3884/3884 3939/3939 3940/3940
f 3884/3884 3940/3940 3885/3885
f 3912/3912 3941/3941 3942/3942
f 3912/3912 3942/3942 3943/3943
f 3944/3944 3945/3945 3946/3946
f 3944/3944 3946/3946 3947/3947
f 3944/3944 3947/3947 3948/3948
f 3949/3949 3944/3944 3948/3948
f 3949/3949 3948/3948 3950/3950
f 3951/3951 3950/3950 3948/3948
f 3951/3951 3948/3948 3952/3952
f 3947/3947 3953/3953 3954/3954
f 3947/3947 3954/3954 3955/3955
f 3947/3947 3955/3955 3952/3952
f 3947/3947 3952/3952 3948/3948
f 3956/3956 3951/3951 3952/3952
f 3956/3956 3952/3952 3955/3955
f 3957/3957 3958/3958 3950/3950
f 3957/3957 3950/3950 3951/3951
f 3959/3959 3957/3957 3951/3951
f 3959/3959 3951/3951 3956/3956
f 3960/3960 3956/3956 3955/3955
f 3960/3960 3955/3955 3961/3961
f 3962/3962 3959/3959 3956/3956
f 3962/3962 3956/3956 3960/3960
f 3963/3963 3962/3962 3960/3960
f 3963/3963 3960/3960 3964/3964
f 3964/3964 3960/3960 3961/3961
f 3964/3964 3961/3961 3965/3965
f 3966/3966 3967/3967 3965/3965
f 3966/3966 3965/3965 3961/3961
f 3954/3954 3966/3966 3961/3961
f 3954/3954 3961/3961 3955/3955
f 3968/3968 3969/3969 3970/3970
f 3968/3968 3970/3970 3971/3971
f 3968/3968 3971/3971 3972/3972
f 3968/3968 3972/3972 3973/3973
f 3968/3968 3973/3973 3974/3974
f 3968/3968 3974/3974 3975/3975
f 3968/3968 3975/3975 3976/3976
f 3976/3976 3977/3977 3978/3978
f 3976/3976 3978/3978 3979/3979
f 3976/3976 3979/3979 3980/3980
f 3976/3976 3980/3980 3968/3968
f 3981/3981 3982/3982 3983/3983
f 3981/3981 3983/3983 3984/3984
f 3981/3981 3984/3984 3985/3985
f 3986/3986 3987/3987 3988/3988
f 3986/3986 3988/3988 3989/3989
f 3986/3986 3989/3989 3981/3981
f 3986/3986 3981/3981 3985/3985
f 3986/3986 3985/3985 3990/3990
f 3984/3984 3991/3991 3992/3992
f 3984/3984 3992/3992 3985/3985
f 3985/3985 3992/3992 3993/3993
f 3985/3985 3993/3993 3994/3994
f 3985/3985 3994/3994 3990/3990
f 3991/3991 3995/3995 3993/3993
f 3991/3991 3993/3993 3992/3992
f 3996/3996 3997/3997 3998/3998
f 3996/3996 3998/3998 3999/3999
f 3996/3996 3999/3999 4000/4000
f 3996/3996 4000/4000 4001/4001
f 3996/3996 4001/4001 4002/4002
f 3996/3996 4002/4002 4003/4003
f 3996/3996 4003/4003 4004/4004
f 3996/3996 4004/4004 4005/4005
f 3996/3996 4005/4005 4006/4006
f 3996/3996 4006/4006 4007/4007
f 3996/3996 4007/4007 4008/4008
f 3996/3996 4008/4008 4009/4009
f 3996/3996 4009/4009 4010/4010
f 3996/3996 4010/4010 4011/4011
f 3996/3996 4011/4011 4012/4012
f 3996/3996 4012/4012 4013/4013
f 3996/3996 4013/4013 3993/3993
f 3996/3996 3993/3993 3995/3995
f 3993/3993 4013/4013 4014/4014
f 3993/3993 4014/4014 3994/3994
f 3994/3994 4014/4014 4015/4015
f 3994/3994 4015/4015 4016/4016
f 3990/3990 3994/3994 4016/4016
f 3990/3990 4016/4016 4017/4017
f 4017/4017 4016/4016 4018/4018
f 4017/4017 4018/4018 4019/4019
f 4016/4016 4015/4015 4020/4020
f 4016/4016 4020/4020 4021/4021
f 4016/4016 4021/4021 4018/4018
f 4022/4022 4023/4023 4024/4024
f 4022/4022 4024/4024 4015/4015
f 4022/4022 4015/4015 4014/4014
f 4024/4024 4025/4025 4026/4026
f 4024/4024 4026/4026 4020/4020
f 4024/4024 4020/4020 4015/4015
f 4027/4027 4028/4028 4029/4029
f 4027/4027 4029/4029 4030/4030
f 4027/4027 4030/4030 4031/4031
f 4027/4027 4031/4031 4032/4032
f 4031/4031 4033/4033 4034/4034
f 4031/4031 4034/4034 4035/4035
f 4031/4031 4035/4035 4032/4032
f 4036/4036 4037/4037 4022/4022
f 4036/4036 4022/4022 4014/4014
f 4036/4036 4014/4014 4013/4013
f 4034/4034 4038/4038 4039/4039
f 4034/4034 4039/4039 4040/4040
f 4034/4034 4040/4040 4041/4041
f 4034/4034 4041/4041 4042/4042
f 4034/4034 4042/4042 4043/4043
f 4034/4034 4043/4043 4035/4035
f 4012/4012 4044/4044 4045/4045
f 4012/4012 4045/4045 4046/4046
f 4012/4012 4046/4046 4036/4036
f 4012/4012 4036/4036 4013/4013
f 4047/4047 4048/4048 4049/4049
f 4047/4047 4049/4049 4050/4050
f 4047/4047 4050/4050 4051/4051
f 4047/4047 4051/4051 4052/4052
f 4047/4047 4052/4052 4053/4053
f 4047/4047 4053/4053 4054/4054
f 4047/4047 4054/4054 4055/4055
f 4047/4047 4055/4055 4056/4056
f 4047/4047 4056/4056 4057/4057
f 4047/4047 4057/4057 4058/4058
f 4047/4047 4058/4058 4059/4059
f 4047/4047 4059/4059 4060/4060
f 4047/4047 4060/4060 4061/4061
f 4047/4047 4061/4061 4062/4062
f 4047/4047 4062/4062 4063/4063
f 4047/4047 4063/4063 4064/4064
f 4047/4047 4064/4064 4065/4065
f 4047/4047 4065/4065 4066/4066
f 4047/4047 4066/4066 4067/4067
f 4047/4047 4067/4067 4068/4068
f 4047/4047 4068/4068 4069/4069
f 4047/4047 4069/4069 4070/4070
f 4047/4047 4070/4070 4071/4071
f 4047/4047 4071/4071 4072/4072
f 4047/4047 4072/4072 4073/4073
f 4047/4047 4073/4073 4074/4074
f 4047/4047 4074/4074 4075/4075
f 4047/4047 4075/4075 4076/4076
f 4047/4047 4076/4076 4077/4077
f 4047/4047 4077/4077 4078/4078
f 4047/4047 4078/4078 4079/4079
f 4047/4047 4079/4079 4080/4080
f 4047/4047 4080/4080 4081/4081
f 4082/4082 4083/4083 4084/4084
f 4082/4082 4084/4084 4085/4085
f 4082/4082 4085/4085 4086/4086
f 4082/4082 4086/4086 4087/4087
f 4082/4082 4087/4087 4088/4088
f 4082/4082 4088/4088 4089/4089
f 4082/4082 4089/4089 4090/4090
f 4082/4082 4090/4090 4091/4091
f 4082/4082 4091/4091 4092/4092
f 4082/4082 4092/4092 4093/4093
f 4082/4082 4093/4093 4094/4094
f 4082/4082 4094/4094 4095/4095
f 4082/4082 4095/4095 4096/4096
f 4082/4082 4096/4096 4097/4097
f 4082/4082 4097/4097 4098/4098
f 4099/4099 4100/4100 4082/4082
f 4099/4099 4082/4082 4098/4098
f 4099/4099 4098/4098 4101/4101
f 4099/4099 4101/4101 4102/4102
f 4099/4099 4102/4102 4103/4103
f 4099/4099 4103/4103 4104/4104
f 4099/4099 4104/4104 4105/4105
f 4099/4099 4105/4105 4106/4106
f 4099/4099 4106/4106 4107/4107
f 4099/4099 4107/4107 4108/4108
f 4099/4099 4108/4108 4109/4109
f 4099/4099 4109/4109 4110/4110
f 4099/4099 4110/4110 4111/4111
f 4112/4112 4113/4113 4114/4114
f 4112/4112 4114/4114 4115/4115
f 4116/4116 4117/4117 4118/4118
f 4116/4116 4118/4118 4119/4119
f 4115/4115 4120/4120 4121/4121
f 4115/4115 4121/4121 4112/4112
f 4122/4122 4123/4123 4124/4124
f 4122/4122 4124/4124 4125/4125
f 4122/4122 4125/4125 4126/4126
f 4122/4122 4126/4126 4127/4127
f 4122/4122 4127/4127 4128/4128
f 4122/4122 4128/4128 4129/4129
f 4122/4122 4129/4129 4130/4130
f 4122/4122 4130/4130 4131/4131
f 4122/4122 4131/4131 4132/4132
f 4122/4122 4132/4132 4133/4133
f 4122/4122 4133/4133 4134/4134
f 4122/4122 4134/4134 4135/4135
f 4122/4122 4135/4135 4136/4136
f 4122/4122 4136/4136 4137/4137
f 4122/4122 4137/4137 4138/4138
f 4122/4122 4138/4138 4139/4139
f 4122/4122 4139/4139 4140/4140
f 4122/4122 4140/4140 4141/4141
f 4120/4120 4142/4142 4143/4143
f 4120/4120 4143/4143 4121/4121
f 4142/4142 4144/4144 4145/4145
f 4142/4142 4145/4145 4143/4143
f 4144/4144 4146/4146 4147/4147
f 4144/4144 4147/4147 4145/4145
f 4146/4146 4148/4148 4149/4149
f 4146/4146 4149/4149 4147/4147
f 4148/4148 4150/4150 4151/4151
f 4148/4148 4151/4151 4149/4149
f 4150/4150 4152/4152 4153/4153
f 4150/4150 4153/4153 4151/4151
f 4152/4152 4154/4154 4155/4155
f 4152/4152 4155/4155 4153/4153
f 4154/4154 4156/4156 4157/4157
f 4154/4154 4157/4157 4155/4155
f 4156/4156 4158/4158 4159/4159
f 4156/4156 4159/4159 4157/4157
f 4158/4158 4160/4160 4161/4161
f 4158/4158 4161/4161 4159/4159
f 4160/4160 4162/4162 4163/4163
f 4160/4160 4163/4163 4161/4161
f 4162/4162 4164/4164 4165/4165
f 4162/4162 4165/4165 4163/4163
f 4166/4166 4167/4167 4168/4168
f 4166/4166 4168/4168 4169/4169
f 4170/4170 4171/4171 4099/4099
f 4170/4170 4099/4099 4111/4111
f 4170/4170 4111/4111 4172/4172
f 4170/4170 4172/4172 4173/4173
f 4170/4170 4173/4173 4174/4174
f 4170/4170 4174/4174 4175/4175
f 4170/4170 4175/4175 4176/4176
f 4170/4170 4176/4176 4177/4177
f 4170/4170 4177/4177 4178/4178
f 4179/4179 3996/3996 3995/3995
f 4179/4179 3995/3995 3991/3991
f 4180/4180 4181/4181 4179/4179
f 4180/4180 4179/4179 3991/3991
f 4180/4180 3991/3991 3984/3984
f 4178/4178 4182/4182 4183/4183
f 4178/4178 4183/4183 4184/4184
f 4178/4178 4184/4184 4185/4185
f 4178/4178 4185/4185 4186/4186
f 4178/4178 4186/4186 4187/4187
f 4178/4178 4187/4187 4170/4170
f 3983/3983 4188/4188 4189/4189
f 3983/3983 4189/4189 4190/4190
f 3983/3983 4190/4190 4191/4191
f 3983/3983 4191/4191 4192/4192
f 3983/3983 4192/4192 4193/4193
f 3983/3983 4193/4193 4194/4194
f 3983/3983 4194/4194 4195/4195
f 3983/3983 4195/4195 4196/4196
f 3983/3983 4196/4196 4197/4197
f 3983/3983 4197/4197 4198/4198
f 3983/3983 4198/4198 4199/4199
f 3983/3983 4199/4199 4200/4200
f 3983/3983 4200/4200 4201/4201
f 3983/3983 4201/4201 4202/4202
f 3983/3983 4202/4202 4203/4203
f 3983/3983 4203/4203 4204/4204
f 3983/3983 4204/4204 4205/4205
f 3983/3983 4205/4205 4206/4206
f 3983/3983 4206/4206 4207/4207
f 3983/3983 4207/4207 4208/4208
f 3983/3983 4208/4208 4209/4209
f 3983/3983 4209/4209 4210/4210
f 3983/3983 4210/4210 4211/4211
f 3983/3983 4211/4211 4212/4212
f 3983/3983 4212/4212 4213/4213
f 3983/3983 4213/4213 4214/4214
f 3983/3983 4214/4214 4180/4180
f 3983/3983 4180/4180 3984/3984
f 4215/4215 4216/4216 4217/4217
f 4215/4215 4217/4217 4218/4218
f 4219/4219 4220/4220 4221/4221
f 4219/4219 4221/4221 4222/4222
f 4218/4218 4223/4223 4224/4224
f 4218/4218 4224/4224 4215/4215
f 4225/4225 4226/4226 4227/4227
f 4225/4225 4227/4227 4228/4228
f 4225/4225 4228/4228 4229/4229
f 4225/4225 4229/4229 4230/4230
f 4225/4225 4230/4230 4231/4231
f 4225/4225 4231/4231 4232/4232
f 4225/4225 4232/4232 4233/4233
f 4225/4225 4233/4233 4234/4234
f 4225/4225 4234/4234 4235/4235
f 4225/4225 4235/4235 4236/4236
f 4225/4225 4236/4236 4237/4237
f 4225/4225 4237/4237 4238/4238
f 4225/4225 4238/4238 4239/4239
f 4225/4225 4239/4239 4240/4240
f 4225/4225 4240/4240 4241/4241
f 4225/4225 4241/4241 4242/4242
f 4225/4225 4242/4242 4243/4243
f 4225/4225 4243/4243 4244/4244
f 4225/4225 4244/4244 4245/4245
f 4223/4223 4246/4246 4247/4247
f 4223/4223 4247/4247 4224/4224
f 4246/4246 4248/4248 4249/4249
f 4246/4246 4249/4249 4247/4247
f 4248/4248 4250/4250 4251/4251
f 4248/4248 4251/4251 4249/4249
f 4250/4250 4252/4252 4253/4253
f 4250/4250 4253/4253 4251/4251
f 4252/4252 4254/4254 4255/4255
f 4252/4252 4255/4255 4253/4253
f 4254/4254 4256/4256 4257/4257
f 4254/4254 4257/4257 4255/4255
f 4256/4256 4258/4258 4259/4259
f 4256/4256 4259/4259 4257/4257
f 4258/4258 4260/4260 4261/4261
f 4258/4258 4261/4261 4259/4259
f 4260/4260 4262/4262 4263/4263
f 4260/4260 4263/4263 4261/4261
f 4262/4262 4264/4264 4265/4265
f 4262/4262 4265/4265 4263/4263
f 4264/4264 4266/4266 4267/4267
f 4264/4264 4267/4267 4265/4265
f 4266/4266 4268/4268 4267/4267
f 4268/4268 4269/4269 4267/4267
f 4270/4270 4271/4271 4267/4267
f 4271/4271 4272/4272 4273/4273
f 4271/4271 4273/4273 4267/4267
f 4274/4274 4270/4270 4267/4267
f 4275/4275 4274/4274 4267/4267
f 4269/4269 4275/4275 4267/4267
f 4272/4272 4276/4276 4273/4273
f 4276/4276 4277/4277 4278/4278
f 4276/4276 4278/4278 4273/4273
f 4277/4277 4279/4279 4278/4278
f 4280/4280 4281/4281 4282/4282
f 4280/4280 4282/4282 4283/4283
f 4279/4279 4284/4284 4278/4278
f 4285/4285 4188/4188 4286/4286
f 4285/4285 4286/4286 4287/4287
f 4285/4285 4287/4287 4288/4288
f 4289/4289 4290/4290 4291/4291
f 4289/4289 4291/4291 4292/4292
f 4293/4293 4294/4294 4295/4295
f 4296/4296 4297/4297 4298/4298
f 4296/4296 4298/4298 4299/4299
f 4300/4300 4301/4301 4302/4302
f 4300/4300 4302/4302 4243/4243
f 4300/4300 4243/4243 4303/4303
f 4304/4304 4305/4305 4306/4306
f 4307/4307 4308/4308 4309/4309
f 4307/4307 4309/4309 4310/4310
f 4311/4311 4312/4312 4313/4313
f 4311/4311 4313/4313 4314/4314
f 4311/4311 4314/4314 4315/4315
f 4311/4311 4315/4315 4316/4316
f 4311/4311 4316/4316 4317/4317
f 4311/4311 4317/4317 4318/4318
f 4311/4311 4318/4318 4319/4319
f 4311/4311 4319/4319 4320/4320
f 4311/4311 4320/4320 4321/4321
f 4311/4311 4321/4321 4322/4322
f 4311/4311 4322/4322 4323/4323
f 4324/4324 4325/4325 4326/4326
f 4327/4327 4328/4328 4329/4329
f 4327/4327 4329/4329 4330/4330
f 4327/4327 4330/4330 4331/4331
f 4327/4327 4331/4331 4332/4332
f 4327/4327 4332/4332 4333/4333
f 4327/4327 4333/4333 4334/4334
f 4327/4327 4334/4334 4335/4335
f 4327/4327 4335/4335 4336/4336
f 4327/4327 4336/4336 4337/4337
f 4327/4327 4337/4337 4338/4338
f 4327/4327 4338/4338 4339/4339
f 4327/4327 4339/4339 4340/4340
f 4327/4327 4340/4340 4341/4341
f 4327/4327 4341/4341 4342/4342
f 4327/4327 4342/4342 4343/4343
f 4327/4327 4343/4343 4344/4344
f 4327/4327 4344/4344 4345/4345
f 4327/4327 4345/4345 4346/4346
f 4327/4327 4346/4346 4347/4347
f 4327/4327 4347/4347 4348/4348
f 4349/4349 4350/4350 4351/4351
f 4350/4350 4352/4352 4353/4353
f 4350/4350 4353/4353 4351/4351
f 4354/4354 4349/4349 4351/4351
f 4355/4355 4354/4354 4351/4351
f 4356/4356 4355/4355 4351/4351
f 4357/4357 4356/4356 4351/4351
f 4357/4357 4351/4351 4358/4358
f 4359/4359 4357/4357 4358/4358
f 4352/4352 4360/4360 4361/4361
f 4352/4352 4361/4361 4353/4353
f 4360/4360 4362/4362 4363/4363
f 4360/4360 4363/4363 4361/4361
f 4362/4362 4364/4364 4365/4365
f 4362/4362 4365/4365 4363/4363
f 4364/4364 4366/4366 4367/4367
f 4364/4364 4367/4367 4365/4365
f 4366/4366 4368/4368 4369/4369
f 4366/4366 4369/4369 4367/4367
f 4368/4368 4370/4370 4371/4371
f 4368/4368 4371/4371 4369/4369
f 4370/4370 4372/4372 4373/4373
f 4370/4370 4373/4373 4371/4371
f 4372/4372 4374/4374 4375/4375
f 4372/4372 4375/4375 4373/4373
f 4374/4374 4376/4376 4377/4377
f 4374/4374 4377/4377 4375/4375
f 4376/4376 4378/4378 4379/4379
f 4376/4376 4379/4379 4377/4377
f 4378/4378 4380/4380 4381/4381
f 4378/4378 4381/4381 4379/4379
f 4380/4380 4382/4382 4383/4383
f 4380/4380 4383/4383 4381/4381
f 4384/4384 4385/4385 4386/4386
f 4384/4384 4386/4386 4387/4387
f 4388/4388 4389/4389 4390/4390
f 4388/4388 4390/4390 4391/4391
f 4392/4392 4393/4393 4394/4394
f 4392/4392 4394/4394 3836/3836
f 4395/4395 4396/4396 4397/4397
f 4395/4395 4397/4397 4398/4398
f 4399/4399 4400/4400 4401/4401
f 4399/4399 4401/4401 4402/4402
f 4399/4399 4402/4402 4403/4403
f 4398/4398 4404/4404 4405/4405
f 4398/4398 4405/4405 4395/4395
f 4406/4406 4407/4407 4408/4408
f 4406/4406 4408/4408 4409/4409
f 4410/4410 4411/4411 4412/4412
f 4410/4410 4412/4412 4413/4413
f 4410/4410 4413/4413 4414/4414
f 4410/4410 4414/4414 4415/4415
f 4410/4410 4415/4415 4416/4416
f 4417/4417 4406/4406 4409/4409
f 4417/4417 4409/4409 4418/4418
f 4419/4419 4420/4420 4417/4417
f 4419/4419 4417/4417 4418/4418
f 4419/4419 4418/4418 4421/4421
f 4419/4419 4421/4421 4422/4422
f 4416/4416 4423/4423 4424/4424
f 4416/4416 4424/4424 4425/4425
f 4416/4416 4425/4425 4426/4426
f 4416/4416 4426/4426 4427/4427
f 4416/4416 4427/4427 4410/4410
f 4428/4428 4419/4419 4422/4422
f 4428/4428 4422/4422 4429/4429
f 4430/4430 4431/4431 4432/4432
f 4430/4430 4432/4432 4433/4433
f 4430/4430 4433/4433 4434/4434
f 4430/4430 4434/4434 4435/4435
f 4430/4430 4435/4435 4436/4436
f 4429/4429 4437/4437 4438/4438
f 4429/4429 4438/4438 4428/4428
f 4439/4439 4440/4440 4441/4441
f 4439/4439 4441/4441 4442/4442
f 4439/4439 4442/4442 4443/4443
f 4439/4439 4443/4443 4444/4444
f 4445/4445 4446/4446 4447/4447
f 4445/4445 4447/4447 4448/4448
f 4449/4449 4450/4450 4451/4451
f 4449/4449 4451/4451 4452/4452
f 4449/4449 4452/4452 4453/4453
f 4449/4449 4453/4453 4454/4454
f 4448/4448 4455/4455 4456/4456
f 4448/4448 4456/4456 4457/4457
f 4448/4448 4457/4457 4458/4458
f 4448/4448 4458/4458 4445/4445
f 4454/4454 4459/4459 4460/4460
f 4454/4454 4460/4460 4461/4461
f 4454/4454 4461/4461 4449/4449
f 4462/4462 4463/4463 4464/4464
f 4462/4462 4464/4464 4465/4465
f 4462/4462 4465/4465 4466/4466
f 4462/4462 4466/4466 4467/4467
f 4462/4462 4467/4467 4468/4468
f 4462/4462 4468/4468 4469/4469
f 4462/4462 4469/4469 4470/4470
f 4462/4462 4470/4470 4471/4471
f 4462/4462 4471/4471 4472/4472
f 4462/4462 4472/4472 4473/4473
f 4462/4462 4473/4473 4474/4474
f 4462/4462 4474/4474 4475/4475
f 4462/4462 4475/4475 4476/4476
f 4477/4477 4478/4478 4479/4479
f 4477/4477 4479/4479 4480/4480
f 4477/4477 4480/4480 4481/4481
f 4477/4477 4481/4481 4482/4482
f 4477/4477 4482/4482 4483/4483
f 4477/4477 4483/4483 4462/4462
f 4477/4477 4462/4462 4476/4476
f 4477/4477 4476/4476 4484/4484
f 4477/4477 4484/4484 4485/4485
f 4486/4486 4487/4487 4488/4488
f 4486/4486 4488/4488 4489/4489
f 4486/4486 4489/4489 4490/4490
f 4486/4486 4490/4490 4491/4491
f 4488/4488 4492/4492 4493/4493
f 4488/4488 4493/4493 4489/4489
f 4492/4492 4494/4494 4495/4495
f 4492/4492 4495/4495 4493/4493
f 4494/4494 4496/4496 4497/4497
f 4494/4494 4497/4497 4495/4495
f 4496/4496 4498/4498 4499/4499
f 4496/4496 4499/4499 4497/4497
f 4498/4498 4500/4500 4501/4501
f 4498/4498 4501/4501 4499/4499
f 4500/4500 4502/4502 4503/4503
f 4500/4500 4503/4503 4501/4501
f 4502/4502 4116/4116 4119/4119
f 4502/4502 4119/4119 4503/4503
f 4444/4444 4504/4504 4505/4505
f 4444/4444 4505/4505 4506/4506
f 4444/4444 4506/4506 4507/4507
f 4444/4444 4507/4507 4508/4508
f 4444/4444 4508/4508 4509/4509
f 4444/4444 4509/4509 4510/4510
f 4444/4444 4510/4510 4511/4511
f 4444/4444 4511/4511 4512/4512
f 4444/4444 4512/4512 4513/4513
f 4444/4444 4513/4513 4514/4514
f 4444/4444 4514/4514 4515/4515
f 4444/4444 4515/4515 4516/4516
f 4444/4444 4516/4516 4517/4517
f 4444/4444 4517/4517 4518/4518
f 4444/4444 4518/4518 4519/4519
f 4444/4444 4519/4519 4439/4439
f 4520/4520 4521/4521 4522/4522
f 4520/4520 4522/4522 4523/4523
f 4524/4524 4520/4520 4523/4523
f 4524/4524 4523/4523 4525/4525
f 4526/4526 4524/4524 4525/4525
f 4526/4526 4525/4525 4527/4527
f 4528/4528 4526/4526 4527/4527
f 4528/4528 4527/4527 4529/4529
f 4530/4530 4528/4528 4529/4529
f 4530/4530 4529/4529 4531/4531
f 4532/4532 4530/4530 4531/4531
f 4532/4532 4531/4531 4533/4533
f 4534/4534 4532/4532 4533/4533
f 4534/4534 4533/4533 4535/4535
f 4536/4536 4537/4537 4538/4538
f 4536/4536 4538/4538 4539/4539
f 4536/4536 4539/4539 4540/4540
f 4536/4536 4540/4540 4541/4541
f 4536/4536 4541/4541 4542/4542
f 4536/4536 4542/4542 4543/4543
f 4536/4536 4543/4543 4544/4544
f 4536/4536 4544/4544 4545/4545
f 4536/4536 4545/4545 4546/4546
f 4536/4536 4546/4546 4547/4547
f 4536/4536 4547/4547 4548/4548
f 4536/4536 4548/4548 4549/4549
f 4536/4536 4549/4549 4550/4550
f 4536/4536 4550/4550 4551/4551
f 4536/4536 4551/4551 4552/4552
f 4536/4536 4552/4552 4553/4553
f 4536/4536 4553/4553 4554/4554
f 4536/4536 4554/4554 4555/4555
f 4536/4536 4555/4555 4556/4556
f 4536/4536 4556/4556 4557/4557
f 4536/4536 4557/4557 4558/4558
f 4536/4536 4558/4558 4559/4559
f 4536/4536 4559/4559 4560/4560
f 4536/4536 4560/4560 4561/4561
f 4536/4536 4561/4561 4562/4562
f 4536/4536 4562/4562 4563/4563
f 4536/4536 4563/4563 4564/4564
f 4536/4536 4564/4564 4565/4565
f 4536/4536 4565/4565 4566/4566
f 4536/4536 4566/4566 4567/4567
f 4536/4536 4567/4567 4568/4568
f 4536/4536 4568/4568 4569/4569
f 4536/4536 4569/4569 4570/4570
f 4571/4571 4534/4534 4535/4535
f 4571/4571 4535/4535 4572/4572
f 4572/4572 4573/4573 4574/4574
f 4572/4572 4574/4574 4571/4571
f 4575/4575 4576/4576 4577/4577
f 4575/4575 4577/4577 4578/4578
f 4575/4575 4578/4578 4579/4579
f 4580/4580 4581/4581 4582/4582
f 4580/4580 4582/4582 4583/4583
f 4043/4043 4584/4584 4585/4585
f 4043/4043 4585/4585 4586/4586
f 4043/4043 4586/4586 4035/4035
f 4587/4587 4588/4588 4589/4589
f 4587/4587 4589/4589 4590/4590
f 4587/4587 4590/4590 4591/4591
f 4587/4587 4591/4591 4592/4592
f 4587/4587 4592/4592 4593/4593
f 4587/4587 4593/4593 4594/4594
f 4587/4587 4594/4594 4595/4595
f 4587/4587 4595/4595 4596/4596
f 4587/4587 4596/4596 4597/4597
f 4587/4587 4597/4597 4598/4598
f 4587/4587 4598/4598 4599/4599
f 4587/4587 4599/4599 4600/4600
f 4587/4587 4600/4600 4601/4601
f 4587/4587 4601/4601 4602/4602
f 4587/4587 4602/4602 4603/4603
f 4587/4587 4603/4603 4604/4604
f 4587/4587 4604/4604 4605/4605
f 4587/4587 4605/4605 4606/4606
f 4587/4587 4606/4606 4607/4607
f 4587/4587 4607/4607 4608/4608
f 4609/4609 4610/4610 4580/4580
f 4609/4609 4580/4580 4583/4583
f 4609/4609 4583/4583 4611/4611
f 4609/4609 4611/4611 4612/4612
f 4586/4586 4613/4613 4614/4614
f 4586/4586 4614/4614 4615/4615
f 4586/4586 4615/4615 4616/4616
f 4586/4586 4616/4616 4617/4617
f 4586/4586 4617/4617 4032/4032
f 4586/4586 4032/4032 4035/4035
f 4618/4618 4609/4609 4612/4612
f 4618/4618 4612/4612 4619/4619
f 4575/4575 4620/4620 4621/4621
f 4575/4575 4621/4621 4622/4622
f 4575/4575 4622/4622 4623/4623
f 4575/4575 4623/4623 4624/4624
f 4575/4575 4624/4624 4625/4625
f 4575/4575 4625/4625 4576/4576
f 4620/4620 4575/4575 4626/4626
f 4620/4620 4626/4626 4627/4627
f 4620/4620 4627/4627 4628/4628
f 4575/4575 4579/4579 4629/4629
f 4575/4575 4629/4629 4630/4630
f 4575/4575 4630/4630 4631/4631
f 4575/4575 4631/4631 4632/4632
f 4575/4575 4632/4632 4633/4633
f 4575/4575 4633/4633 4626/4626
f 4124/4124 4634/4634 4635/4635
f 4124/4124 4635/4635 4636/4636
f 4124/4124 4636/4636 4637/4637
f 4124/4124 4637/4637 4638/4638
f 4124/4124 4638/4638 4639/4639
f 4124/4124 4639/4639 4640/4640
f 4124/4124 4640/4640 4125/4125
f 4641/4641 4642/4642 4643/4643
f 4641/4641 4643/4643 4644/4644
f 4641/4641 4644/4644 4645/4645
f 4641/4641 4645/4645 4646/4646
f 4641/4641 4646/4646 4647/4647
f 4641/4641 4647/4647 4648/4648
f 4641/4641 4648/4648 4649/4649
f 4641/4641 4649/4649 4650/4650
f 4641/4641 4650/4650 4651/4651
f 4641/4641 4651/4651 4652/4652
f 4641/4641 4652/4652 4653/4653
f 4641/4641 4653/4653 4654/4654
f 4641/4641 4654/4654 4655/4655
f 4641/4641 4655/4655 4656/4656
f 4641/4641 4656/4656 4657/4657
f 4641/4641 4657/4657 4658/4658
f 4641/4641 4658/4658 4659/4659
f 4641/4641 4659/4659 4660/4660
f 4641/4641 4660/4660 4661/4661
f 4641/4641 4661/4661 4662/4662
f 4473/4473 4663/4663 4664/4664
f 4473/4473 4664/4664 4474/4474
f 4665/4665 4634/4634 4124/4124
f 4665/4665 4124/4124 4123/4123
f 4634/4634 4666/4666 4667/4667
f 4634/4634 4667/4667 4668/4668
f 4634/4634 4668/4668 4635/4635
f 4669/4669 4666/4666 4634/4634
f 4669/4669 4634/4634 4665/4665
f 4670/4670 4669/4669 4665/4665
f 4670/4670 4665/4665 4671/4671
f 4671/4671 4665/4665 4123/4123
f 4671/4671 4123/4123 4672/4672
f 4671/4671 4672/4672 4673/4673
f 4671/4671 4673/4673 4674/4674
f 4671/4671 4674/4674 4675/4675
f 4671/4671 4675/4675 4676/4676
f 4670/4670 4671/4671 4676/4676
f 4670/4670 4676/4676 4677/4677
f 4670/4670 4677/4677 4678/4678
f 4679/4679 4680/4680 4681/4681
f 4679/4679 4681/4681 4682/4682
f 4679/4679 4682/4682 4683/4683
f 4679/4679 4683/4683 4684/4684
f 4680/4680 4685/4685 4686/4686
f 4680/4680 4686/4686 4687/4687
f 4680/4680 4687/4687 4688/4688
f 4680/4680 4688/4688 4689/4689
f 4680/4680 4689/4689 4690/4690
f 4680/4680 4690/4690 4691/4691
f 4680/4680 4691/4691 4692/4692
f 4680/4680 4692/4692 4693/4693
f 4680/4680 4693/4693 4694/4694
f 4680/4680 4694/4694 4695/4695
f 4680/4680 4695/4695 4696/4696
f 4680/4680 4696/4696 4697/4697
f 4680/4680 4697/4697 4698/4698
f 4680/4680 4698/4698 4699/4699
f 4680/4680 4699/4699 4681/4681
f 4700/4700 4701/4701 4670/4670
f 4700/4700 4670/4670 4678/4678
f 4700/4700 4678/4678 4702/4702
f 4700/4700 4702/4702 4703/4703
f 4700/4700 4703/4703 4704/4704
f 4700/4700 4704/4704 4705/4705
f 4706/4706 4707/4707 4708/4708
f 4706/4706 4708/4708 4709/4709
f 4710/4710 4711/4711 4712/4712
f 4710/4710 4712/4712 4713/4713
f 4714/4714 4715/4715 4716/4716
f 4714/4714 4716/4716 4717/4717
f 4714/4714 4717/4717 4718/4718
f 4714/4714 4718/4718 4719/4719
f 4714/4714 4719/4719 4720/4720
f 4714/4714 4720/4720 4721/4721
f 4714/4714 4721/4721 4722/4722
f 4714/4714 4722/4722 4723/4723
f 4714/4714 4723/4723 4724/4724
f 4714/4714 4724/4724 4725/4725
f 4714/4714 4725/4725 4726/4726
f 4714/4714 4726/4726 4727/4727
f 4714/4714 4727/4727 4728/4728
f 4714/4714 4728/4728 4729/4729
f 4714/4714 4729/4729 4730/4730
f 4731/4731 4732/4732 4733/4733
f 4731/4731 4733/4733 4734/4734
f 4731/4731 4734/4734 4735/4735
f 4731/4731 4735/4735 4017/4017
f 4731/4731 4017/4017 4019/4019
f 4731/4731 4019/4019 4736/4736
f 4713/4713 4737/4737 4738/4738
f 4713/4713 4738/4738 4710/4710
f 4737/4737 4739/4739 4740/4740
f 4737/4737 4740/4740 4741/4741
f 4737/4737 4741/4741 4742/4742
f 4737/4737 4742/4742 4738/4738
f 4743/4743 4744/4744 4745/4745
f 4743/4743 4745/4745 4746/4746
f 4743/4743 4746/4746 4747/4747
f 4743/4743 4747/4747 4731/4731
f 4743/4743 4731/4731 4736/4736
f 4743/4743 4736/4736 4748/4748
f 4740/4740 4749/4749 4750/4750
f 4740/4740 4750/4750 4741/4741
f 4749/4749 4751/4751 4752/4752
f 4749/4749 4752/4752 4750/4750
f 4753/4753 4700/4700 4705/4705
f 4753/4753 4705/4705 4754/4754
f 4753/4753 4754/4754 4755/4755
f 4753/4753 4755/4755 4756/4756
f 4753/4753 4756/4756 4757/4757
f 4753/4753 4757/4757 4758/4758
f 4753/4753 4758/4758 4759/4759
f 4751/4751 4760/4760 4761/4761
f 4751/4751 4761/4761 4752/4752
f 4762/4762 4763/4763 4764/4764
f 4762/4762 4764/4764 4765/4765
f 4762/4762 4765/4765 4766/4766
f 4762/4762 4766/4766 4767/4767
f 4768/4768 4769/4769 4770/4770
f 4770/4770 4771/4771 4772/4772
f 4770/4770 4772/4772 4773/4773
f 4770/4770 4773/4773 4774/4774
f 4770/4770 4774/4774 4775/4775
f 4770/4770 4775/4775 4768/4768
f 4776/4776 4753/4753 4759/4759
f 4776/4776 4759/4759 4777/4777
f 4776/4776 4777/4777 4778/4778
f 4776/4776 4778/4778 4779/4779
f 4776/4776 4779/4779 4780/4780
f 4776/4776 4780/4780 4781/4781
f 4776/4776 4781/4781 4782/4782
f 4776/4776 4782/4782 4783/4783
f 4776/4776 4783/4783 4784/4784
f 4776/4776 4784/4784 4785/4785
f 4786/4786 4787/4787 4788/4788
f 4786/4786 4788/4788 4789/4789
f 4786/4786 4789/4789 4790/4790
f 4786/4786 4790/4790 4791/4791
f 4792/4792 4793/4793 4794/4794
f 4792/4792 4794/4794 4795/4795
f 4796/4796 4797/4797 4798/4798
f 4796/4796 4798/4798 4799/4799
f 4796/4796 4799/4799 4800/4800
f 4796/4796 4800/4800 4801/4801
f 4796/4796 4801/4801 4802/4802
f 4796/4796 4802/4802 4803/4803
f 4796/4796 4803/4803 4804/4804
f 4796/4796 4804/4804 4805/4805
f 4796/4796 4805/4805 4743/4743
f 4796/4796 4743/4743 4748/4748
f 4796/4796 4748/4748 4806/4806
f 4807/4807 4808/4808 4809/4809
f 4807/4807 4809/4809 4810/4810
f 4807/4807 4810/4810 4811/4811
f 4807/4807 4811/4811 4812/4812
f 4813/4813 4814/4814 4810/4810
f 4813/4813 4810/4810 4809/4809
f 4813/4813 4809/4809 4815/4815
f 4813/4813 4815/4815 4816/4816
f 4813/4813 4816/4816 4817/4817
f 4813/4813 4817/4817 4818/4818
f 4819/4819 4786/4786 4791/4791
f 4819/4819 4791/4791 4820/4820
f 4821/4821 4819/4819 4820/4820
f 4821/4821 4820/4820 4822/4822
f 4823/4823 4824/4824 4821/4821
f 4823/4823 4821/4821 4822/4822
f 4823/4823 4822/4822 4825/4825
f 4823/4823 4825/4825 4826/4826
f 4827/4827 4828/4828 4813/4813
f 4827/4827 4813/4813 4818/4818
f 4827/4827 4818/4818 4829/4829
f 4827/4827 4829/4829 4830/4830
f 4827/4827 4830/4830 4831/4831
f 4827/4827 4831/4831 4832/4832
f 4827/4827 4832/4832 4833/4833
f 4827/4827 4833/4833 4834/4834
f 4827/4827 4834/4834 4835/4835
f 4827/4827 4835/4835 4836/4836
f 4827/4827 4836/4836 4837/4837
f 4827/4827 4837/4837 4838/4838
f 4827/4827 4838/4838 4839/4839
f 4827/4827 4839/4839 4840/4840
f 4841/4841 4823/4823 4826/4826
f 4841/4841 4826/4826 4842/4842
f 4843/4843 4844/4844 4845/4845
f 4843/4843 4845/4845 4846/4846
f 4843/4843 4846/4846 4847/4847
f 4843/4843 4847/4847 4848/4848
f 4843/4843 4848/4848 4849/4849
f 4843/4843 4849/4849 4850/4850
f 4843/4843 4850/4850 4851/4851
f 4843/4843 4851/4851 4852/4852
f 4843/4843 4852/4852 4853/4853
f 4843/4843 4853/4853 4854/4854
f 4843/4843 4854/4854 4855/4855
f 4843/4843 4855/4855 4856/4856
f 4843/4843 4856/4856 4857/4857
f 4843/4843 4857/4857 4858/4858
f 4855/4855 4859/4859 4860/4860
f 4855/4855 4860/4860 4861/4861
f 4855/4855 4861/4861 4773/4773
f 4855/4855 4773/4773 4772/4772
f 4855/4855 4772/4772 4862/4862
f 4855/4855 4862/4862 4856/4856
f 4863/4863 4864/4864 4865/4865
f 4863/4863 4865/4865 4866/4866
f 4863/4863 4866/4866 4867/4867
f 4863/4863 4867/4867 4868/4868
f 4767/4767 4869/4869 4863/4863
f 4767/4767 4863/4863 4868/4868
f 4767/4767 4868/4868 4870/4870
f 4767/4767 4870/4870 4762/4762
f 4812/4812 4871/4871 4872/4872
f 4812/4812 4872/4872 4807/4807
f 4865/4865 4873/4873 4874/4874
f 4865/4865 4874/4874 4875/4875
f 4865/4865 4875/4875 4876/4876
f 4865/4865 4876/4876 4877/4877
f 4865/4865 4877/4877 4878/4878
f 4865/4865 4878/4878 4866/4866
f 4843/4843 4858/4858 4879/4879
f 4880/4880 4881/4881 4882/4882
f 4880/4880 4882/4882 4883/4883
f 4880/4880 4883/4883 4884/4884
f 4880/4880 4884/4884 4885/4885
f 4880/4880 4885/4885 4886/4886
f 4880/4880 4886/4886 4843/4843
f 4880/4880 4843/4843 4879/4879
f 4880/4880 4879/4879 4887/4887
f 4880/4880 4887/4887 4888/4888
f 4880/4880 4888/4888 4889/4889
f 4880/4880 4889/4889 4890/4890
f 4880/4880 4890/4890 4891/4891
f 4880/4880 4891/4891 4892/4892
f 4880/4880 4892/4892 4893/4893
f 4880/4880 4893/4893 4894/4894
f 4875/4875 4895/4895 4896/4896
f 4875/4875 4896/4896 4876/4876
f 4897/4897 4898/4898 4899/4899
f 4897/4897 4899/4899 4900/4900
f 4897/4897 4900/4900 4901/4901
f 4897/4897 4901/4901 4902/4902
f 4897/4897 4902/4902 4903/4903
f 4897/4897 4903/4903 4840/4840
f 4897/4897 4840/4840 4904/4904
f 4897/4897 4904/4904 4905/4905
f 4897/4897 4905/4905 4906/4906
f 4897/4897 4906/4906 4907/4907
f 4903/4903 4827/4827 4840/4840
f 4839/4839 4908/4908 4909/4909
f 4839/4839 4909/4909 4910/4910
f 4839/4839 4910/4910 4911/4911
f 4839/4839 4911/4911 4912/4912
f 4839/4839 4912/4912 4913/4913
f 4839/4839 4913/4913 4913/4913
f 4839/4839 4913/4913 4914/4914
f 4839/4839 4914/4914 4914/4914
f 4839/4839 4914/4914 4914/4914
f 4839/4839 4914/4914 4913/4913
f 4839/4839 4913/4913 4915/4915
f 4839/4839 4915/4915 4916/4916
f 4839/4839 4916/4916 4917/4917
f 4839/4839 4917/4917 4918/4918
f 4839/4839 4918/4918 4919/4919
f 4839/4839 4919/4919 4920/4920
f 4839/4839 4920/4920 4921/4921
f 4839/4839 4921/4921 4922/4922
f 4839/4839 4922/4922 4923/4923
f 4839/4839 4923/4923 4924/4924
f 4839/4839 4924/4924 4904/4904
f 4839/4839 4904/4904 4840/4840
f 4925/4925 4926/4926 4927/4927
f 4925/4925 4927/4927 4928/4928
f 4925/4925 4928/4928 4929/4929
f 4925/4925 4929/4929 4930/4930
f 4925/4925 4930/4930 4931/4931
f 4925/4925 4931/4931 4932/4932
f 4925/4925 4932/4932 4933/4933
f 4925/4925 4933/4933 4934/4934
f 4925/4925 4934/4934 4934/4934
f 4925/4925 4934/4934 4933/4933
f 4925/4925 4933/4933 4933/4933
f 4925/4925 4933/4933 4935/4935
f 4925/4925 4935/4935 4936/4936
f 4925/4925 4936/4936 4937/4937
f 4925/4925 4937/4937 4938/4938
f 4925/4925 4938/4938 4939/4939
f 4925/4925 4939/4939 4940/4940
f 4925/4925 4940/4940 4941/4941
f 4925/4925 4941/4941 4942/4942
f 4925/4925 4942/4942 4943/4943
f 4941/4941 4944/4944 4945/4945
f 4941/4941 4945/4945 4946/4946
f 4941/4941 4946/4946 4947/4947
f 4941/4941 4947/4947 4942/4942
f 4948/4948 4949/4949 4950/4950
f 4948/4948 4950/4950 4951/4951
f 4952/4952 4953/4953 4954/4954
f 4952/4952 4954/4954 4955/4955
f 4956/4956 4957/4957 4958/4958
f 4956/4956 4958/4958 4959/4959
f 4956/4956 4959/4959 4960/4960
f 4956/4956 4960/4960 4961/4961
f 4955/4955 4962/4962 4963/4963
f 4955/4955 4963/4963 4952/4952
f 4962/4962 4964/4964 4965/4965
f 4962/4962 4965/4965 4963/4963
f 4964/4964 4966/4966 4967/4967
f 4964/4964 4967/4967 4965/4965
f 4966/4966 4968/4968 4969/4969
f 4966/4966 4969/4969 4967/4967
f 4968/4968 4970/4970 4971/4971
f 4968/4968 4971/4971 4969/4969
f 4970/4970 4841/4841 4842/4842
f 4970/4970 4842/4842 4971/4971
f 4972/4972 4973/4973 4948/4948
f 4972/4972 4948/4948 4951/4951
f 4972/4972 4951/4951 4974/4974
f 4972/4972 4974/4974 4975/4975
f 4957/4957 4776/4776 4785/4785
f 4957/4957 4785/4785 4976/4976
f 4957/4957 4976/4976 4977/4977
f 4957/4957 4977/4977 4978/4978
f 4957/4957 4978/4978 4958/4958
f 4957/4957 4979/4979 4980/4980
f 4957/4957 4980/4980 4776/4776
f 4956/4956 4981/4981 4979/4979
f 4956/4956 4979/4979 4957/4957
f 4979/4979 4982/4982 4983/4983
f 4979/4979 4983/4983 4980/4980
f 4981/4981 4984/4984 4982/4982
f 4981/4981 4982/4982 4979/4979
f 4985/4985 4986/4986 4981/4981
f 4985/4985 4981/4981 4956/4956
f 4986/4986 4987/4987 4988/4988
f 4986/4986 4988/4988 4984/4984
f 4986/4986 4984/4984 4981/4981
f 4989/4989 4987/4987 4986/4986
f 4989/4989 4986/4986 4985/4985
f 4985/4985 4956/4956 4961/4961
f 4985/4985 4961/4961 4990/4990
f 4985/4985 4990/4990 4991/4991
f 4989/4989 4985/4985 4991/4991
f 4989/4989 4991/4991 4992/4992
f 4989/4989 4992/4992 4993/4993
f 4989/4989 4993/4993 4994/4994
f 4989/4989 4994/4994 4994/4994
f 4989/4989 4994/4994 4995/4995
f 4989/4989 4995/4995 4994/4994
f 4989/4989 4994/4994 4994/4994
f 4989/4989 4994/4994 4995/4995
f 4989/4989 4995/4995 4995/4995
f 4989/4989 4995/4995 4994/4994
f 4989/4989 4994/4994 4996/4996
f 4989/4989 4996/4996 4997/4997
f 4989/4989 4997/4997 4998/4998
f 4989/4989 4998/4998 4999/4999
f 4989/4989 4999/4999 5000/5000
f 4989/4989 5000/5000 5001/5001
f 4989/4989 5001/5001 5002/5002
f 4989/4989 5002/5002 5003/5003
f 4989/4989 5003/5003 5004/5004
f 4843/4843 4886/4886 5005/5005
f 4843/4843 5005/5005 5006/5006
f 4843/4843 5006/5006 5007/5007
f 4843/4843 5007/5007 5008/5008
f 4843/4843 5008/5008 5009/5009
f 4843/4843 5009/5009 5010/5010
f 4843/4843 5010/5010 5011/5011
f 4843/4843 5011/5011 5012/5012
f 4843/4843 5012/5012 5013/5013
f 4843/4843 5013/5013 5014/5014
f 4843/4843 5014/5014 5015/5015
f 4843/4843 5015/5015 5014/5014
f 4843/4843 5014/5014 5014/5014
f 4843/4843 5014/5014 5015/5015
f 4843/4843 5015/5015 5014/5014
f 4843/4843 5014/5014 5014/5014
f 4843/4843 5014/5014 5016/5016
f 4843/4843 5016/5016 5017/5017
f 4843/4843 5017/5017 5018/5018
f 4843/4843 5018/5018 4844/4844
f 5019/5019 5020/5020 5021/5021
f 5019/5019 5021/5021 5022/5022
f 5019/5019 5022/5022 5023/5023
f 5019/5019 5023/5023 5024/5024
f 4886/4886 4885/4885 5025/5025
f 4886/4886 5025/5025 5026/5026
f 4886/4886 5026/5026 5005/5005
f 5027/5027 5028/5028 5029/5029
f 5027/5027 5029/5029 5030/5030
f 5027/5027 5030/5030 5031/5031
f 5027/5027 5031/5031 5032/5032
f 5029/5029 5033/5033 5034/5034
f 5029/5029 5034/5034 5035/5035
f 5029/5029 5035/5035 5036/5036
f 5029/5029 5036/5036 5037/5037
f 5029/5029 5037/5037 5038/5038
f 5029/5029 5038/5038 5039/5039
f 5029/5029 5039/5039 5040/5040
f 5029/5029 5040/5040 5041/5041
f 5029/5029 5041/5041 5042/5042
f 5029/5029 5042/5042 5043/5043
f 5029/5029 5043/5043 5044/5044
f 5029/5029 5044/5044 5045/5045
f 5029/5029 5045/5045 5046/5046
f 5029/5029 5046/5046 5030/5030
f 5047/5047 5048/5048 5049/5049
f 5047/5047 5049/5049 5050/5050
f 5047/5047 5050/5050 5051/5051
f 5048/5048 5052/5052 5053/5053
f 5048/5048 5053/5053 5054/5054
f 5048/5048 5054/5054 5049/5049
f 5024/5024 5027/5027 5032/5032
f 5024/5024 5032/5032 5055/5055
f 5024/5024 5055/5055 5019/5019
f 5052/5052 5056/5056 5057/5057
f 5052/5052 5057/5057 5058/5058
f 5052/5052 5058/5058 5053/5053
f 5059/5059 4989/4989 5004/5004
f 5059/5059 5004/5004 5060/5060
f 5059/5059 5060/5060 5061/5061
f 5059/5059 5061/5061 5062/5062
f 5063/5063 5064/5064 5065/5065
f 5063/5063 5065/5065 5066/5066
f 5063/5063 5066/5066 5067/5067
f 5063/5063 5067/5067 5068/5068
f 5059/5059 5062/5062 5069/5069
f 5059/5059 5069/5069 5070/5070
f 5059/5059 5070/5070 5071/5071
f 5059/5059 5072/5072 4987/4987
f 5059/5059 4987/4987 4989/4989
f 5072/5072 5059/5059 5071/5071
f 5072/5072 5071/5071 5073/5073
f 5072/5072 5073/5073 5074/5074
f 5075/5075 5076/5076 5077/5077
f 5075/5075 5077/5077 5078/5078
f 5075/5075 5078/5078 5079/5079
f 5075/5075 5079/5079 5080/5080
f 5081/5081 5082/5082 5075/5075
f 5081/5081 5075/5075 5080/5080
f 5081/5081 5080/5080 5083/5083
f 5081/5081 5083/5083 5084/5084
f 5085/5085 5072/5072 5074/5074
f 5085/5085 5074/5074 5086/5086
f 5085/5085 5086/5086 5087/5087
f 5088/5088 5089/5089 5081/5081
f 5088/5088 5081/5081 5084/5084
f 5088/5088 5084/5084 5090/5090
f 5088/5088 5090/5090 5091/5091
f 5085/5085 5087/5087 5092/5092
f 5085/5085 5092/5092 5093/5093
f 5085/5085 5093/5093 5094/5094
f 5091/5091 5095/5095 5096/5096
f 5091/5091 5096/5096 5088/5088
f 5097/5097 5098/5098 5099/5099
f 5097/5097 5099/5099 5100/5100
f 5097/5097 5100/5100 5101/5101
f 5101/5101 5102/5102 5103/5103
f 5101/5101 5103/5103 5104/5104
f 5101/5101 5104/5104 5105/5105
f 5101/5101 5105/5105 5097/5097
f 5106/5106 5107/5107 5108/5108
f 5106/5106 5108/5108 5109/5109
f 5106/5106 5109/5109 5110/5110
f 5111/5111 5112/5112 5106/5106
f 5111/5111 5106/5106 5110/5110
f 5111/5111 5110/5110 5113/5113
f 5111/5111 5113/5113 5114/5114
f 5103/5103 5115/5115 5116/5116
f 5103/5103 5116/5116 5117/5117
f 5103/5103 5117/5117 5118/5118
f 5103/5103 5118/5118 5104/5104
f 5119/5119 5120/5120 5121/5121
f 5119/5119 5121/5121 5111/5111
f 5119/5119 5111/5111 5114/5114
f 5119/5119 5114/5114 5122/5122
f 5119/5119 5122/5122 5123/5123
f 5124/5124 5125/5125 5126/5126
f 5124/5124 5126/5126 5127/5127
f 5124/5124 5127/5127 5128/5128
f 5124/5124 5128/5128 5129/5129
f 5129/5129 5130/5130 5131/5131
f 5129/5129 5131/5131 5132/5132
f 5129/5129 5132/5132 5133/5133
f 5129/5129 5133/5133 5124/5124
f 5134/5134 5135/5135 5136/5136
f 5134/5134 5136/5136 5137/5137
f 5134/5134 5137/5137 5138/5138
f 5134/5134 5138/5138 5139/5139
f 5139/5139 5140/5140 5141/5141
f 5139/5139 5141/5141 5134/5134
f 5142/5142 5143/5143 5144/5144
f 5142/5142 5144/5144 5145/5145
f 5142/5142 5145/5145 5146/5146
f 5142/5142 5146/5146 5147/5147
f 5142/5142 5147/5147 5148/5148
f 5142/5142 5148/5148 5149/5149
f 5142/5142 5149/5149 5150/5150
f 5142/5142 5150/5150 5151/5151
f 5142/5142 5151/5151 5152/5152
f 5142/5142 5152/5152 5153/5153
f 5142/5142 5153/5153 5154/5154
f 5142/5142 5154/5154 5155/5155
f 5142/5142 5155/5155 5156/5156
f 5142/5142 5156/5156 5157/5157
f 5142/5142 5157/5157 5158/5158
f 5142/5142 5158/5158 5159/5159
f 5142/5142 5159/5159 5160/5160
f 5142/5142 5160/5160 5161/5161
f 5142/5142 5161/5161 5162/5162
f 5142/5142 5162/5162 5163/5163
f 5142/5142 5163/5163 5164/5164
f 5142/5142 5164/5164 5165/5165
f 5142/5142 5165/5165 5166/5166
f 5142/5142 5166/5166 5167/5167
f 5142/5142 5167/5167 5168/5168
f 5169/5169 5170/5170 5171/5171
f 5169/5169 5171/5171 5172/5172
f 5169/5169 5172/5172 5173/5173
f 5169/5169 5173/5173 5174/5174
f 5175/5175 5176/5176 5177/5177
f 5175/5175 5177/5177 5178/5178
f 5175/5175 5178/5178 5179/5179
f 5175/5175 5179/5179 5180/5180
f 5175/5175 5180/5180 5181/5181
f 5182/5182 5183/5183 5184/5184
f 5182/5182 5184/5184 5185/5185
f 5182/5182 5185/5185 5186/5186
f 5182/5182 5186/5186 5187/5187
f 5182/5182 5187/5187 5188/5188
f 5182/5182 5188/5188 5189/5189
f 5182/5182 5189/5189 5190/5190
f 5182/5182 5190/5190 5191/5191
f 5182/5182 5191/5191 5192/5192
f 5182/5182 5192/5192 5193/5193
f 5182/5182 5193/5193 5194/5194
f 5182/5182 5194/5194 5195/5195
f 5182/5182 5195/5195 5196/5196
f 5182/5182 5196/5196 5197/5197
f 5182/5182 5197/5197 5198/5198
f 5182/5182 5198/5198 5199/5199
f 5182/5182 5199/5199 5200/5200
f 5182/5182 5200/5200 5201/5201
f 5182/5182 5201/5201 5202/5202
f 5182/5182 5202/5202 5203/5203
f 5182/5182 5203/5203 5204/5204
f 5205/5205 5206/5206 5169/5169
f 5205/5205 5169/5169 5174/5174
f 5205/5205 5174/5174 5207/5207
f 5173/5173 5208/5208 5209/5209
f 5173/5173 5209/5209 5210/5210
f 5173/5173 5210/5210 5174/5174
f 5210/5210 5211/5211 5207/5207
f 5210/5210 5207/5207 5174/5174
f 5212/5212 5213/5213 5214/5214
f 5212/5212 5214/5214 5207/5207
f 5212/5212 5207/5207 5211/5211
f 5214/5214 5215/5215 5205/5205
f 5214/5214 5205/5205 5207/5207
f 5216/5216 5217/5217 5218/5218
f 5216/5216 5218/5218 5219/5219
f 5216/5216 5219/5219 5220/5220
f 5221/5221 5222/5222 5223/5223
f 5221/5221 5223/5223 5224/5224
f 5221/5221 5224/5224 5225/5225
f 5221/5221 5225/5225 5226/5226
f 5221/5221 5226/5226 5227/5227
f 5221/5221 5227/5227 5228/5228
f 5221/5221 5228/5228 5229/5229
f 5221/5221 5229/5229 5230/5230
f 5231/5231 5232/5232 5233/5233
f 5231/5231 5233/5233 5234/5234
f 5235/5235 5236/5236 5237/5237
f 5235/5235 5237/5237 5238/5238
f 5239/5239 5240/5240 5241/5241
f 5239/5239 5241/5241 5242/5242
f 5243/5243 5244/5244 5245/5245
f 5243/5243 5245/5245 5246/5246
f 5243/5243 5246/5246 5247/5247
f 5243/5243 5247/5247 5248/5248
f 5243/5243 5248/5248 5249/5249
f 5243/5243 5249/5249 5250/5250
f 5243/5243 5250/5250 5251/5251
f 5243/5243 5251/5251 5252/5252
f 5243/5243 5252/5252 5253/5253
f 5243/5243 5253/5253 5254/5254
f 5255/5255 5256/5256 5257/5257
f 5255/5255 5257/5257 5258/5258
f 5259/5259 5260/5260 5261/5261
f 5262/5262 5263/5263 5264/5264
f 5262/5262 5264/5264 5265/5265
f 5262/5262 5265/5265 5266/5266
f 5262/5262 5266/5266 5267/5267
f 5268/5268 5269/5269 5270/5270
f 5268/5268 5270/5270 5271/5271
f 5271/5271 5272/5272 5273/5273
f 5271/5271 5273/5273 5268/5268
f 5274/5274 5275/5275 5276/5276
f 5274/5274 5276/5276 5277/5277
f 5278/5278 5279/5279 5280/5280
f 5278/5278 5280/5280 5281/5281
f 5282/5282 5283/5283 5284/5284
f 5282/5282 5284/5284 5285/5285
f 5282/5282 5285/5285 5286/5286
f 5282/5282 5286/5286 5287/5287
f 5282/5282 5287/5287 5288/5288
f 5282/5282 5288/5288 5289/5289
f 5290/5290 5291/5291 5292/5292
f 5290/5290 5292/5292 5293/5293
f 5290/5290 5293/5293 5294/5294
f 5290/5290 5294/5294 5295/5295
f 5290/5290 5295/5295 5296/5296
f 5296/5296 5297/5297 5298/5298
f 5296/5296 5298/5298 5299/5299
f 5296/5296 5299/5299 5300/5300
f 5296/5296 5300/5300 5290/5290
f 5301/5301 5302/5302 5303/5303
f 5301/5301 5303/5303 5304/5304
f 5301/5301 5304/5304 5305/5305
f 5301/5301 5305/5305 5306/5306
f 5303/5303 5307/5307 5308/5308
f 5303/5303 5308/5308 5304/5304
f 5307/5307 5309/5309 5310/5310
f 5307/5307 5310/5310 5311/5311
f 5307/5307 5311/5311 5312/5312
f 5307/5307 5312/5312 5308/5308
f 5313/5313 5314/5314 5315/5315
f 5313/5313 5315/5315 5316/5316
f 5313/5313 5316/5316 5317/5317
f 5313/5313 5317/5317 5318/5318
f 5318/5318 5319/5319 5320/5320
f 5318/5318 5320/5320 5321/5321
f 5318/5318 5321/5321 5322/5322
f 5318/5318 5322/5322 5323/5323
f 5318/5318 5323/5323 5313/5313
f 5324/5324 5325/5325 5326/5326
f 5324/5324 5326/5326 5327/5327
f 5324/5324 5327/5327 5328/5328
f 5324/5324 5328/5328 5329/5329
f 5324/5324 5329/5329 5330/5330
f 5324/5324 5330/5330 5331/5331
f 5324/5324 5331/5331 5332/5332
f 5333/5333 5334/5334 5335/5335
f 5333/5333 5335/5335 5336/5336
f 5333/5333 5336/5336 5337/5337
f 5338/5338 5339/5339 5340/5340
f 5338/5338 5340/5340 5341/5341
f 5342/5342 5343/5343 5344/5344
f 5342/5342 5344/5344 5345/5345
f 5297/5297 5346/5346 5347/5347
f 5297/5297 5347/5347 5348/5348
f 5297/5297 5348/5348 5349/5349
f 5297/5297 5349/5349 5298/5298
f 5350/5350 5351/5351 5352/5352
f 5350/5350 5352/5352 5353/5353
f 5350/5350 5353/5353 5354/5354
f 5345/5345 5355/5355 5356/5356
f 5345/5345 5356/5356 5342/5342
f 5357/5357 5358/5358 5359/5359
f 5357/5357 5359/5359 5360/5360
f 5289/5289 5361/5361 5362/5362
f 5289/5289 5362/5362 5363/5363
f 5289/5289 5363/5363 5364/5364
f 5289/5289 5364/5364 5365/5365
f 5289/5289 5365/5365 5366/5366
f 5289/5289 5366/5366 5367/5367
f 5289/5289 5367/5367 5368/5368
f 5289/5289 5368/5368 5369/5369
f 5289/5289 5369/5369 5370/5370
f 5289/5289 5370/5370 5371/5371
f 5289/5289 5371/5371 5372/5372
f 5289/5289 5372/5372 5373/5373
f 5289/5289 5373/5373 5374/5374
f 5289/5289 5374/5374 5375/5375
f 5289/5289 5375/5375 5376/5376
f 5289/5289 5376/5376 5377/5377
f 5289/5289 5377/5377 5378/5378
f 5289/5289 5378/5378 5379/5379
f 5289/5289 5379/5379 5380/5380
f 5289/5289 5380/5380 5381/5381
f 5289/5289 5381/5381 5282/5282
f 5382/5382 5383/5383 5384/5384
f 5382/5382 5384/5384 5385/5385
f 5382/5382 5385/5385 5386/5386
f 5387/5387 5388/5388 5389/5389
f 5387/5387 5389/5389 5390/5390
f 5387/5387 5390/5390 5391/5391
f 5387/5387 5391/5391 5392/5392
f 5387/5387 5392/5392 5393/5393
f 5387/5387 5393/5393 5394/5394
f 5387/5387 5394/5394 5395/5395
f 5387/5387 5395/5395 5396/5396
f 5387/5387 5396/5396 5397/5397
f 5387/5387 5397/5397 5398/5398
f 5387/5387 5398/5398 5399/5399
f 5387/5387 5399/5399 5400/5400
f 5387/5387 5400/5400 5401/5401
f 5387/5387 5401/5401 5402/5402
f 5387/5387 5402/5402 5403/5403
f 5387/5387 5403/5403 5404/5404
f 5387/5387 5404/5404 5382/5382
f 5387/5387 5382/5382 5386/5386
f 5405/5405 5406/5406 5407/5407
f 5405/5405 5407/5407 5408/5408
f 5409/5409 5410/5410 5411/5411
f 5409/5409 5411/5411 5412/5412
f 5412/5412 5413/5413 5414/5414
f 5412/5412 5414/5414 5409/5409
f 5415/5415 5416/5416 5417/5417
f 5415/5415 5417/5417 5418/5418
f 5415/5415 5418/5418 5419/5419
f 5415/5415 5419/5419 5420/5420
f 5415/5415 5420/5420 5421/5421
f 5415/5415 5421/5421 5422/5422
f 5415/5415 5422/5422 5423/5423
f 5415/5415 5423/5423 5424/5424
f 5415/5415 5424/5424 5425/5425
f 5415/5415 5425/5425 5426/5426
f 5415/5415 5426/5426 5427/5427
f 5415/5415 5427/5427 5428/5428
f 5415/5415 5428/5428 5429/5429
f 5415/5415 5429/5429 5430/5430
f 5415/5415 5430/5430 5431/5431
f 5415/5415 5431/5431 5432/5432
f 5415/5415 5432/5432 5433/5433
f 5415/5415 5433/5433 5434/5434
f 5413/5413 5435/5435 5436/5436
f 5413/5413 5436/5436 5414/5414
f 5437/5437 5438/5438 5439/5439
f 5437/5437 5439/5439 5440/5440
f 5441/5441 5442/5442 5443/5443
f 5441/5441 5443/5443 5444/5444
f 5445/5445 5446/5446 5447/5447
f 5445/5445 5447/5447 5448/5448
f 5448/5448 5449/5449 5450/5450
f 5448/5448 5450/5450 5445/5445
f 5449/5449 5451/5451 5452/5452
f 5449/5449 5452/5452 5450/5450
f 5451/5451 5453/5453 5454/5454
f 5451/5451 5454/5454 5452/5452
f 5453/5453 5455/5455 5456/5456
f 5453/5453 5456/5456 5454/5454
f 5455/5455 5457/5457 5458/5458
f 5455/5455 5458/5458 5456/5456
f 5457/5457 5459/5459 5460/5460
f 5457/5457 5460/5460 5458/5458
f 5459/5459 5461/5461 5462/5462
f 5459/5459 5462/5462 5460/5460
f 5463/5463 5464/5464 5465/5465
f 5463/5463 5465/5465 5466/5466
f 5466/5466 5467/5467 5468/5468
f 5466/5466 5468/5468 5463/5463
f 5469/5469 5470/5470 5471/5471
f 5469/5469 5471/5471 5472/5472
f 5473/5473 5474/5474 5475/5475
f 5473/5473 5475/5475 5476/5476
f 5477/5477 5478/5478 5479/5479
f 5477/5477 5479/5479 5480/5480
f 5477/5477 5480/5480 5481/5481
f 5482/5482 5483/5483 5387/5387
f 5482/5482 5387/5387 5386/5386
f 5482/5482 5386/5386 5484/5484
f 5485/5485 5477/5477 5481/5481
f 5485/5485 5481/5481 5486/5486
f 5485/5485 5486/5486 5487/5487
f 5488/5488 5489/5489 5490/5490
f 5488/5488 5490/5490 5491/5491
f 5492/5492 5478/5478 5488/5488
f 5492/5492 5488/5488 5491/5491
f 5489/5489 5493/5493 5494/5494
f 5489/5489 5494/5494 5495/5495
f 5489/5489 5495/5495 5496/5496
f 5489/5489 5496/5496 5490/5490
f 5487/5487 5497/5497 5498/5498
f 5487/5487 5498/5498 5485/5485
f 5499/5499 5497/5497 5500/5500
f 5499/5499 5500/5500 5482/5482
f 5499/5499 5482/5482 5484/5484
f 5501/5501 5502/5502 5503/5503
f 5501/5501 5503/5503 5504/5504
f 5501/5501 5504/5504 5505/5505
f 5501/5501 5505/5505 5506/5506
f 5501/5501 5506/5506 5507/5507
f 5501/5501 5507/5507 5508/5508
f 5501/5501 5508/5508 5509/5509
f 5501/5501 5509/5509 5510/5510
f 5501/5501 5510/5510 5511/5511
f 5501/5501 5511/5511 5512/5512
f 5501/5501 5512/5512 5513/5513
f 5501/5501 5513/5513 5514/5514
f 5501/5501 5514/5514 5515/5515
f 5501/5501 5515/5515 5516/5516
f 5501/5501 5516/5516 5517/5517
f 5501/5501 5517/5517 5518/5518
f 5501/5501 5518/5518 5519/5519
f 5501/5501 5519/5519 5520/5520
f 5501/5501 5520/5520 5521/5521
f 5522/5522 5499/5499 5484/5484
f 5522/5522 5484/5484 5523/5523
f 5523/5523 5484/5484 5386/5386
f 5523/5523 5386/5386 5385/5385
f 5524/5524 5525/5525 5523/5523
f 5524/5524 5523/5523 5385/5385
f 5525/5525 5526/5526 5522/5522
f 5525/5525 5522/5522 5523/5523
f 5384/5384 5277/5277 5524/5524
f 5384/5384 5524/5524 5385/5385
f 5527/5527 5528/5528 5529/5529
f 5527/5527 5529/5529 5530/5530
f 5527/5527 5530/5530 5531/5531
f 5531/5531 5277/5277 5532/5532
f 5531/5531 5532/5532 5533/5533
f 5531/5531 5533/5533 5527/5527
f 5534/5534 5535/5535 5536/5536
f 5534/5534 5536/5536 5537/5537
f 5534/5534 5537/5537 5538/5538
f 5539/5539 5540/5540 5534/5534
f 5539/5539 5534/5534 5538/5538
f 5539/5539 5538/5538 5541/5541
f 5542/5542 5543/5543 5544/5544
f 5542/5542 5544/5544 5538/5538
f 5542/5542 5538/5538 5537/5537
f 5538/5538 5544/5544 5545/5545
f 5538/5538 5545/5545 5541/5541
f 5546/5546 5547/5547 5548/5548
f 5546/5546 5548/5548 5541/5541
f 5546/5546 5541/5541 5545/5545
f 5548/5548 5549/5549 5550/5550
f 5548/5548 5550/5550 5539/5539
f 5548/5548 5539/5539 5541/5541
f 5551/5551 5552/5552 5553/5553
f 5551/5551 5553/5553 5554/5554
f 5551/5551 5554/5554 5555/5555
f 5553/5553 5556/5556 5557/5557
f 5553/5553 5557/5557 5558/5558
f 5553/5553 5558/5558 5559/5559
f 5553/5553 5559/5559 5554/5554
f 5560/5560 5561/5561 5546/5546
f 5560/5560 5546/5546 5545/5545
f 5560/5560 5545/5545 5562/5562
f 5563/5563 5564/5564 5565/5565
f 5563/5563 5565/5565 5566/5566
f 5563/5563 5566/5566 5567/5567
f 5568/5568 5569/5569 5570/5570
f 5568/5568 5570/5570 5560/5560
f 5568/5568 5560/5560 5562/5562
f 5219/5219 5571/5571 5568/5568
f 5219/5219 5568/5568 5562/5562
f 5219/5219 5562/5562 5220/5220
f 5544/5544 5220/5220 5562/5562
f 5544/5544 5562/5562 5545/5545
f 5543/5543 5216/5216 5220/5220
f 5543/5543 5220/5220 5544/5544
f 5572/5572 5573/5573 5574/5574
f 5572/5572 5574/5574 5575/5575
f 5572/5572 5575/5575 5212/5212
f 5572/5572 5212/5212 5211/5211
f 5576/5576 5577/5577 5578/5578
f 5576/5576 5578/5578 5579/5579
f 5576/5576 5579/5579 5580/5580
f 5566/5566 5581/5581 5582/5582
f 5566/5566 5582/5582 5567/5567
f 5579/5579 5583/5583 5584/5584
f 5579/5579 5584/5584 5585/5585
f 5579/5579 5585/5585 5580/5580
f 5586/5586 5587/5587 5588/5588
f 5586/5586 5588/5588 5576/5576
f 5586/5586 5576/5576 5580/5580
f 5586/5586 5580/5580 5585/5585
f 5582/5582 5589/5589 5590/5590
f 5582/5582 5590/5590 5591/5591
f 5582/5582 5591/5591 5592/5592
f 5582/5582 5592/5592 5593/5593
f 5582/5582 5593/5593 5567/5567
f 4617/4617 5594/5594 5595/5595
f 4617/4617 5595/5595 5596/5596
f 4617/4617 5596/5596 5597/5597
f 4617/4617 5597/5597 5598/5598
f 4617/4617 5598/5598 5599/5599
f 4617/4617 5599/5599 5600/5600
f 4617/4617 5600/5600 5601/5601
f 4617/4617 5601/5601 5602/5602
f 4617/4617 5602/5602 5603/5603
f 4617/4617 5603/5603 5604/5604
f 4617/4617 5604/5604 5590/5590
f 4617/4617 5590/5590 4027/4027
f 4617/4617 4027/4027 4032/4032
f 5605/5605 5606/5606 5607/5607
f 5605/5605 5607/5607 5608/5608
f 5605/5605 5608/5608 5609/5609
f 5605/5605 5609/5609 5610/5610
f 5611/5611 5612/5612 5605/5605
f 5611/5611 5605/5605 5610/5610
f 5611/5611 5610/5610 5613/5613
f 5614/5614 5615/5615 5616/5616
f 5614/5614 5616/5616 5617/5617
f 5614/5614 5617/5617 5610/5610
f 5614/5614 5610/5610 5609/5609
f 5617/5617 5618/5618 5619/5619
f 5617/5617 5619/5619 5613/5613
f 5617/5617 5613/5613 5610/5610
f 5620/5620 5621/5621 5622/5622
f 5620/5620 5622/5622 5623/5623
f 5620/5620 5623/5623 5624/5624
f 5622/5622 5625/5625 5626/5626
f 5622/5622 5626/5626 5627/5627
f 5622/5622 5627/5627 5623/5623
f 5628/5628 5629/5629 5630/5630
f 5628/5628 5630/5630 5631/5631
f 5628/5628 5631/5631 5632/5632
f 5628/5628 5632/5632 5633/5633
f 5628/5628 5633/5633 5634/5634
f 5628/5628 5634/5634 5635/5635
f 5628/5628 5635/5635 5636/5636
f 5628/5628 5636/5636 5637/5637
f 5628/5628 5637/5637 5638/5638
f 5629/5629 5628/5628 5638/5638
f 5629/5629 5638/5638 5639/5639
f 5629/5629 5639/5639 5640/5640
f 5641/5641 5642/5642 5643/5643
f 5641/5641 5643/5643 5644/5644
f 5641/5641 5644/5644 5645/5645
f 5641/5641 5645/5645 5646/5646
f 5647/5647 5648/5648 5645/5645
f 5647/5647 5645/5645 5649/5649
f 5647/5647 5649/5649 5650/5650
f 5647/5647 5650/5650 5651/5651
f 4620/4620 5652/5652 5653/5653
f 4620/4620 5653/5653 5654/5654
f 4620/4620 5654/5654 5655/5655
f 4620/4620 5655/5655 5656/5656
f 4620/4620 5656/5656 5657/5657
f 4620/4620 5657/5657 5658/5658
f 4620/4620 5658/5658 5659/5659
f 4620/4620 5659/5659 5660/5660
f 4620/4620 5660/5660 5661/5661
f 4620/4620 5661/5661 5662/5662
f 4620/4620 5662/5662 5663/5663
f 4620/4620 5663/5663 5664/5664
f 4620/4620 5664/5664 4621/4621
f 5648/5648 5665/5665 5666/5666
f 5648/5648 5666/5666 5667/5667
f 5648/5648 5667/5667 5645/5645
f 5641/5641 5646/5646 5668/5668
f 5641/5641 5668/5668 5669/5669
f 5670/5670 5671/5671 5672/5672
f 5670/5670 5672/5672 5673/5673
f 5670/5670 5673/5673 5674/5674
f 5670/5670 5674/5674 5675/5675
f 5676/5676 5677/5677 5678/5678
f 5676/5676 5678/5678 5666/5666
f 5676/5676 5666/5666 5679/5679
f 5641/5641 5669/5669 5680/5680
f 5641/5641 5680/5680 5681/5681
f 5641/5641 5681/5681 5682/5682
f 5676/5676 5683/5683 5684/5684
f 5676/5676 5684/5684 5685/5685
f 5676/5676 5685/5685 5677/5677
f 5686/5686 5687/5687 5688/5688
f 5686/5686 5688/5688 5689/5689
f 5686/5686 5689/5689 5690/5690
f 5686/5686 5690/5690 5691/5691
f 5641/5641 5682/5682 5692/5692
f 5641/5641 5692/5692 5693/5693
f 5641/5641 5693/5693 5694/5694
f 5641/5641 5694/5694 5642/5642
f 5686/5686 5695/5695 5696/5696
f 5686/5686 5696/5696 5697/5697
f 5686/5686 5697/5697 5698/5698
f 5686/5686 5698/5698 5687/5687
f 5699/5699 5629/5629 5640/5640
f 5699/5699 5640/5640 5700/5700
f 5699/5699 5700/5700 5701/5701
f 5702/5702 5699/5699 5701/5701
f 5702/5702 5701/5701 5703/5703
f 5629/5629 5699/5699 5704/5704
f 5629/5629 5704/5704 5705/5705
f 5629/5629 5705/5705 5706/5706
f 5629/5629 5706/5706 5630/5630
f 5702/5702 5707/5707 5704/5704
f 5702/5702 5704/5704 5699/5699
f 5704/5704 5707/5707 5708/5708
f 5704/5704 5708/5708 5709/5709
f 5704/5704 5709/5709 5710/5710
f 5704/5704 5710/5710 5711/5711
f 5704/5704 5711/5711 5712/5712
f 5704/5704 5712/5712 5713/5713
f 5704/5704 5713/5713 5714/5714
f 5704/5704 5714/5714 5715/5715
f 5704/5704 5715/5715 5716/5716
f 5704/5704 5716/5716 5717/5717
f 5704/5704 5717/5717 5718/5718
f 5704/5704 5718/5718 5705/5705
f 5719/5719 5720/5720 5721/5721
f 5719/5719 5721/5721 5722/5722
f 5719/5719 5722/5722 5723/5723
f 5724/5724 5725/5725 5719/5719
f 5724/5724 5719/5719 5723/5723
f 5724/5724 5723/5723 5726/5726
f 5727/5727 5724/5724 5726/5726
f 5727/5727 5726/5726 5728/5728
f 5729/5729 5730/5730 5731/5731
f 5729/5729 5731/5731 5732/5732
f 5729/5729 5732/5732 5733/5733
f 5729/5729 5733/5733 5734/5734
f 5729/5729 5734/5734 5735/5735
f 5729/5729 5735/5735 5736/5736
f 5729/5729 5736/5736 5737/5737
f 5729/5729 5737/5737 5738/5738
f 5729/5729 5738/5738 5739/5739
f 5740/5740 5741/5741 5742/5742
f 5740/5740 5742/5742 5729/5729
f 5740/5740 5729/5729 5739/5739
f 5619/5619 5743/5743 5740/5740
f 5619/5619 5740/5740 5739/5739
f 5619/5619 5739/5739 5744/5744
f 5619/5619 5744/5744 5613/5613
f 5744/5744 5739/5739 5738/5738
f 5744/5744 5738/5738 5745/5745
f 5720/5720 5746/5746 5747/5747
f 5720/5720 5747/5747 5748/5748
f 5720/5720 5748/5748 5749/5749
f 5720/5720 5749/5749 5721/5721
f 5747/5747 5750/5750 5620/5620
f 5747/5747 5620/5620 5624/5624
f 5747/5747 5624/5624 5751/5751
f 5747/5747 5751/5751 5748/5748
f 5745/5745 5738/5738 5752/5752
f 5745/5745 5752/5752 5753/5753
f 5737/5737 5754/5754 5755/5755
f 5737/5737 5755/5755 5752/5752
f 5737/5737 5752/5752 5738/5738
f 5756/5756 5757/5757 5758/5758
f 5756/5756 5758/5758 5759/5759
f 5756/5756 5759/5759 5760/5760
f 5756/5756 5760/5760 5761/5761
f 5756/5756 5761/5761 5762/5762
f 5756/5756 5762/5762 5763/5763
f 5756/5756 5763/5763 5764/5764
f 5756/5756 5764/5764 5765/5765
f 5754/5754 5766/5766 5755/5755
f 5752/5752 5755/5755 5767/5767
f 5752/5752 5767/5767 5768/5768
f 5766/5766 5769/5769 5770/5770
f 5766/5766 5770/5770 5767/5767
f 5766/5766 5767/5767 5755/5755
f 5771/5771 5772/5772 5773/5773
f 5771/5771 5773/5773 5768/5768
f 5771/5771 5768/5768 5767/5767
f 5770/5770 5774/5774 5771/5771
f 5770/5770 5771/5771 5767/5767
f 5775/5775 5776/5776 5777/5777
f 5775/5775 5777/5777 5778/5778
f 5775/5775 5778/5778 5779/5779
f 5780/5780 5781/5781 5775/5775
f 5780/5780 5775/5775 5779/5779
f 5780/5780 5779/5779 5782/5782
f 5783/5783 5782/5782 5779/5779
f 5783/5783 5779/5779 5784/5784
f 5778/5778 5785/5785 5786/5786
f 5778/5778 5786/5786 5787/5787
f 5778/5778 5787/5787 5788/5788
f 5778/5778 5788/5788 5784/5784
f 5778/5778 5784/5784 5779/5779
f 5789/5789 5790/5790 5791/5791
f 5789/5789 5791/5791 5792/5792
f 5789/5789 5792/5792 5793/5793
f 5789/5789 5793/5793 5794/5794
f 5795/5795 5789/5789 5794/5794
f 5795/5795 5794/5794 5796/5796
f 5797/5797 5795/5795 5796/5796
f 5797/5797 5796/5796 5798/5798
f 5798/5798 5799/5799 5800/5800
f 5798/5798 5800/5800 5801/5801
f 5798/5798 5801/5801 5802/5802
f 5798/5798 5802/5802 5797/5797
f 5803/5803 5804/5804 5805/5805
f 5803/5803 5805/5805 5806/5806
f 5803/5803 5806/5806 5807/5807
f 5803/5803 5807/5807 5808/5808
f 5803/5803 5808/5808 5809/5809
f 5804/5804 5810/5810 5811/5811
f 5804/5804 5811/5811 5805/5805
f 5804/5804 5803/5803 5812/5812
f 5804/5804 5812/5812 5813/5813
f 5804/5804 5813/5813 5814/5814
f 5804/5804 5814/5814 5810/5810
f 5815/5815 5816/5816 5817/5817
f 5815/5815 5817/5817 5818/5818
f 5816/5816 5819/5819 5811/5811
f 5816/5816 5811/5811 5817/5817
f 5820/5820 5821/5821 5822/5822
f 5820/5820 5822/5822 5823/5823
f 5824/5824 5825/5825 5820/5820
f 5824/5824 5820/5820 5823/5823
f 5824/5824 5823/5823 5826/5826
f 5820/5820 5825/5825 5827/5827
f 5820/5820 5827/5827 5828/5828
f 5820/5820 5828/5828 5821/5821
f 5829/5829 5830/5830 5831/5831
f 5829/5829 5831/5831 5832/5832
f 5829/5829 5832/5832 5833/5833
f 5829/5829 5833/5833 5834/5834
f 5835/5835 5836/5836 5837/5837
f 5835/5835 5837/5837 5829/5829
f 5835/5835 5829/5829 5834/5834
f 5835/5835 5834/5834 5838/5838
f 5835/5835 5838/5838 5839/5839
f 5835/5835 5839/5839 5840/5840
f 5841/5841 5842/5842 5843/5843
f 5841/5841 5843/5843 5844/5844
f 5841/5841 5844/5844 5845/5845
f 5843/5843 5846/5846 5847/5847
f 5843/5843 5847/5847 5844/5844
f 5846/5846 5848/5848 5849/5849
f 5846/5846 5849/5849 5850/5850
f 5846/5846 5850/5850 5847/5847
f 5851/5851 5852/5852 5853/5853
f 5851/5851 5853/5853 5835/5835
f 5851/5851 5835/5835 5840/5840
f 5851/5851 5840/5840 5854/5854
f 5851/5851 5854/5854 5855/5855
f 5851/5851 5855/5855 5856/5856
f 5849/5849 5857/5857 5858/5858
f 5849/5849 5858/5858 5850/5850
f 5859/5859 5860/5860 5850/5850
f 5859/5859 5850/5850 5858/5858
f 5860/5860 5861/5861 5847/5847
f 5860/5860 5847/5847 5850/5850
f 5857/5857 5862/5862 5863/5863
f 5857/5857 5863/5863 5864/5864
f 5857/5857 5864/5864 5858/5858
f 5865/5865 5859/5859 5858/5858
f 5865/5865 5858/5858 5864/5864
f 5866/5866 5867/5867 5860/5860
f 5866/5866 5860/5860 5859/5859
f 5866/5866 5859/5859 5865/5865
f 5495/5495 5866/5866 5865/5865
f 5495/5495 5865/5865 5868/5868
f 5495/5495 5868/5868 5496/5496
f 5868/5868 5865/5865 5864/5864
f 5868/5868 5864/5864 5869/5869
f 5496/5496 5868/5868 5869/5869
f 5496/5496 5869/5869 5870/5870
f 5871/5871 5872/5872 5870/5870
f 5871/5871 5870/5870 5869/5869
f 5863/5863 5873/5873 5871/5871
f 5863/5863 5871/5871 5869/5869
f 5863/5863 5869/5869 5864/5864
f 5874/5874 5875/5875 5876/5876
f 5874/5874 5876/5876 5877/5877
f 5874/5874 5877/5877 5878/5878
f 5874/5874 5878/5878 5879/5879
f 5874/5874 5879/5879 5880/5880
f 5874/5874 5880/5880 5881/5881
f 5877/5877 5882/5882 5851/5851
f 5877/5877 5851/5851 5856/5856
f 5877/5877 5856/5856 5883/5883
f 5877/5877 5883/5883 5878/5878
f 5884/5884 5885/5885 5886/5886
f 5884/5884 5886/5886 5887/5887
f 5884/5884 5887/5887 5888/5888
f 5889/5889 5884/5884 5888/5888
f 5889/5889 5888/5888 5890/5890
f 5889/5889 5890/5890 5891/5891
f 5892/5892 5889/5889 5891/5891
f 5892/5892 5891/5891 5893/5893
f 5894/5894 5892/5892 5893/5893
f 5894/5894 5893/5893 5895/5895
f 5894/5894 5895/5895 5896/5896
f 5884/5884 5889/5889 5892/5892
f 5884/5884 5892/5892 5897/5897
f 5884/5884 5897/5897 5898/5898
f 5892/5892 5894/5894 5825/5825
f 5892/5892 5825/5825 5824/5824
f 5892/5892 5824/5824 5897/5897
f 5825/5825 5894/5894 5896/5896
f 5825/5825 5896/5896 5827/5827
f 5898/5898 5897/5897 5899/5899
f 5898/5898 5899/5899 5900/5900
f 5897/5897 5824/5824 5901/5901
f 5897/5897 5901/5901 5899/5899
f 5902/5902 5903/5903 5904/5904
f 5902/5902 5904/5904 5905/5905
f 5902/5902 5905/5905 5906/5906
f 5902/5902 5906/5906 5907/5907
f 5902/5902 5907/5907 5908/5908
f 5902/5902 5908/5908 5909/5909
f 5902/5902 5909/5909 5910/5910
f 5902/5902 5910/5910 5911/5911
f 5902/5902 5911/5911 5912/5912
f 5902/5902 5912/5912 5913/5913
f 5902/5902 5913/5913 5914/5914
f 5902/5902 5914/5914 5915/5915
f 5824/5824 5826/5826 5916/5916
f 5824/5824 5916/5916 5901/5901
f 5818/5818 5917/5917 5918/5918
f 5818/5818 5918/5918 5916/5916
f 5818/5818 5916/5916 5815/5815
f 5908/5908 5919/5919 5920/5920
f 5908/5908 5920/5920 5921/5921
f 5908/5908 5921/5921 5922/5922
f 5908/5908 5922/5922 5923/5923
f 5908/5908 5923/5923 5924/5924
f 5908/5908 5924/5924 5925/5925
f 5908/5908 5925/5925 5926/5926
f 5908/5908 5926/5926 5927/5927
f 5908/5908 5927/5927 5928/5928
f 5908/5908 5928/5928 5929/5929
f 5908/5908 5929/5929 5902/5902
f 5908/5908 5902/5902 5915/5915
f 5908/5908 5915/5915 5930/5930
f 5908/5908 5930/5930 5931/5931
f 5908/5908 5931/5931 5932/5932
f 5908/5908 5932/5932 5933/5933
f 5908/5908 5933/5933 5934/5934
f 5908/5908 5934/5934 5935/5935
f 5908/5908 5935/5935 5909/5909
f 5936/5936 5937/5937 5938/5938
f 5936/5936 5938/5938 5939/5939
f 5936/5936 5939/5939 5940/5940
f 5936/5936 5940/5940 5941/5941
f 5938/5938 5942/5942 5943/5943
f 5938/5938 5943/5943 5939/5939
f 5942/5942 5944/5944 5945/5945
f 5942/5942 5945/5945 5943/5943
f 5946/5946 5947/5947 5948/5948
f 5946/5946 5948/5948 5949/5949
f 5949/5949 5950/5950 5951/5951
f 5949/5949 5951/5951 5946/5946
f 5508/5508 5952/5952 5953/5953
f 5508/5508 5953/5953 5954/5954
f 5508/5508 5954/5954 5955/5955
f 5508/5508 5955/5955 5956/5956
f 5508/5508 5956/5956 5501/5501
f 5508/5508 5501/5501 5521/5521
f 5508/5508 5521/5521 5957/5957
f 5508/5508 5957/5957 5958/5958
f 5508/5508 5958/5958 5959/5959
f 5508/5508 5959/5959 5960/5960
f 5508/5508 5960/5960 5961/5961
f 5508/5508 5961/5961 5509/5509
f 5950/5950 5962/5962 5963/5963
f 5950/5950 5963/5963 5964/5964
f 5950/5950 5964/5964 5965/5965
f 5950/5950 5965/5965 5951/5951
f 5963/5963 5966/5966 5967/5967
f 5963/5963 5967/5967 5964/5964
f 5966/5966 5968/5968 5969/5969
f 5966/5966 5969/5969 5967/5967
f 5968/5968 5970/5970 5971/5971
f 5968/5968 5971/5971 5969/5969
f 5970/5970 5972/5972 5973/5973
f 5970/5970 5973/5973 5971/5971
f 5972/5972 5936/5936 5941/5941
f 5972/5972 5941/5941 5973/5973
f 5974/5974 5975/5975 5976/5976
f 5974/5974 5976/5976 5977/5977
f 5974/5974 5977/5977 5978/5978
f 5979/5979 5975/5975 5980/5980
f 5979/5979 5980/5980 5981/5981
f 5979/5979 5981/5981 5982/5982
f 5980/5980 5983/5983 5845/5845
f 5980/5980 5845/5845 5981/5981
f 5978/5978 5984/5984 5985/5985
f 5978/5978 5985/5985 5974/5974
f 5983/5983 5986/5986 5841/5841
f 5983/5983 5841/5841 5845/5845
f 5984/5984 5987/5987 5988/5988
f 5984/5984 5988/5988 5985/5985
f 5788/5788 5987/5987 5989/5989
f 5788/5788 5989/5989 5784/5784
f 5989/5989 5990/5990 5783/5783
f 5989/5989 5783/5783 5784/5784
f 5991/5991 5992/5992 5993/5993
f 5991/5991 5993/5993 5994/5994
f 5982/5982 5981/5981 5845/5845
f 5982/5982 5845/5845 5844/5844
f 5990/5990 5995/5995 5996/5996
f 5990/5990 5996/5996 5783/5783
f 5996/5996 5997/5997 5782/5782
f 5996/5996 5782/5782 5783/5783
f 5997/5997 5998/5998 5999/5999
f 5997/5997 5999/5999 5780/5780
f 5997/5997 5780/5780 5782/5782
f 6000/6000 6001/6001 6002/6002
f 6000/6000 6002/6002 6003/6003
f 6000/6000 6003/6003 5555/5555
f 6004/6004 6005/6005 6006/6006
f 6004/6004 6006/6006 6007/6007
f 6006/6006 6008/6008 6009/6009
f 6006/6006 6009/6009 5753/5753
f 6006/6006 5753/5753 6007/6007
f 6010/6010 6011/6011 6000/6000
f 6010/6010 6000/6000 5555/5555
f 6010/6010 5555/5555 5554/5554
f 6009/6009 6012/6012 6013/6013
f 6009/6009 6013/6013 5745/5745
f 6009/6009 5745/5745 5753/5753
f 5753/5753 5752/5752 5768/5768
f 5753/5753 5768/5768 6007/6007
f 5559/5559 6014/6014 6015/6015
f 5559/5559 6015/6015 6016/6016
f 5559/5559 6016/6016 6010/6010
f 5559/5559 6010/6010 5554/5554
f 6013/6013 6017/6017 5744/5744
f 6013/6013 5744/5744 5745/5745
f 6017/6017 6018/6018 5611/5611
f 6017/6017 5611/5611 5613/5613
f 6017/6017 5613/5613 5744/5744
f 5593/5593 6019/6019 6020/6020
f 5593/5593 6020/6020 6021/6021
f 5593/5593 6021/6021 5563/5563
f 5593/5593 5563/5563 5567/5567
f 6003/6003 6022/6022 5551/5551
f 6003/6003 5551/5551 5555/5555
f 5773/5773 6023/6023 6004/6004
f 5773/5773 6004/6004 6007/6007
f 5773/5773 6007/6007 5768/5768
f 5529/5529 6024/6024 6025/6025
f 5529/5529 6025/6025 6026/6026
f 5529/5529 6026/6026 5530/5530
f 5867/5867 5979/5979 5982/5982
f 5867/5867 5982/5982 5861/5861
f 5867/5867 5861/5861 5860/5860
f 5861/5861 5982/5982 5844/5844
f 5861/5861 5844/5844 5847/5847
f 6027/6027 6028/6028 6029/6029
f 6027/6027 6029/6029 6030/6030
f 6027/6027 6030/6030 6031/6031
f 6027/6027 5898/5898 5900/5900
f 6027/6027 5900/5900 6028/6028
f 6032/6032 5885/5885 5884/5884
f 6032/6032 5884/5884 5898/5898
f 6032/6032 5898/5898 6027/6027
f 6033/6033 6032/6032 6027/6027
f 6033/6033 6027/6027 6031/6031
f 6033/6033 6031/6031 6034/6034
f 6035/6035 6036/6036 6037/6037
f 6035/6035 6037/6037 6038/6038
f 6038/6038 6039/6039 6040/6040
f 6038/6038 6040/6040 6041/6041
f 6038/6038 6041/6041 6035/6035
f 6033/6033 6034/6034 6042/6042
f 6033/6033 6042/6042 6043/6043
f 6040/6040 6044/6044 6045/6045
f 6040/6040 6045/6045 6042/6042
f 6040/6040 6042/6042 6041/6041
f 5881/5881 6046/6046 6047/6047
f 5881/5881 6047/6047 6048/6048
f 5881/5881 6048/6048 6049/6049
f 5881/5881 6049/6049 5874/5874
f 6032/6032 6033/6033 6043/6043
f 6032/6032 6043/6043 6050/6050
f 6032/6032 6050/6050 6051/6051
f 5885/5885 6032/6032 6051/6051
f 5885/5885 6051/6051 5886/5886
f 5872/5872 6052/6052 5492/5492
f 5872/5872 5492/5492 5491/5491
f 5872/5872 5491/5491 5870/5870
f 6053/6053 5415/5415 5434/5434
f 6053/6053 5434/5434 6054/6054
f 6053/6053 6054/6054 6055/6055
f 5415/5415 6056/6056 6057/6057
f 5415/5415 6057/6057 6058/6058
f 5415/5415 6058/6058 5416/5416
f 6056/6056 5415/5415 6053/6053
f 6056/6056 6053/6053 6059/6059
f 6056/6056 6059/6059 6060/6060
f 6056/6056 6060/6060 6061/6061
f 6056/6056 6061/6061 6062/6062
f 6056/6056 6062/6062 6057/6057
f 6063/6063 6064/6064 6065/6065
f 6063/6063 6065/6065 6066/6066
f 6063/6063 6066/6066 6067/6067
f 6067/6067 6068/6068 6069/6069
f 6067/6067 6069/6069 6062/6062
f 6067/6067 6062/6062 6063/6063
f 6062/6062 6070/6070 6071/6071
f 6062/6062 6071/6071 6072/6072
f 6062/6062 6072/6072 6073/6073
f 5314/5314 6074/6074 6075/6075
f 5314/5314 6075/6075 6076/6076
f 5314/5314 6076/6076 6077/6077
f 5314/5314 6077/6077 6078/6078
f 5314/5314 6078/6078 6079/6079
f 5314/5314 6079/6079 5315/5315
f 6080/6080 6081/6081 6082/6082
f 6080/6080 6082/6082 6083/6083
f 6080/6080 6083/6083 6084/6084
f 6085/6085 6086/6086 6087/6087
f 6085/6085 6087/6087 6088/6088
f 6089/6089 6090/6090 6091/6091
f 6089/6089 6091/6091 6092/6092
f 5261/5261 6093/6093 6094/6094
f 5261/5261 6094/6094 5259/5259
f 6088/6088 6095/6095 6096/6096
f 6088/6088 6096/6096 6085/6085
f 6095/6095 5301/5301 5306/5306
f 6095/6095 5306/5306 6096/6096
f 6097/6097 6098/6098 6099/6099
f 6097/6097 6099/6099 6100/6100
f 6097/6097 6101/6101 6102/6102
f 6097/6097 6102/6102 6103/6103
f 6097/6097 6103/6103 6098/6098
f 6101/6101 6097/6097 6100/6100
f 6101/6101 6100/6100 6104/6104
f 6101/6101 6104/6104 6105/6105
f 6106/6106 5683/5683 6102/6102
f 6106/6106 6102/6102 6101/6101
f 6106/6106 6101/6101 6105/6105
f 6106/6106 6105/6105 6107/6107
f 6106/6106 6107/6107 6108/6108
f 6064/6064 6109/6109 6110/6110
f 6064/6064 6110/6110 6111/6111
f 6064/6064 6111/6111 6065/6065
f 6106/6106 6108/6108 6112/6112
f 6106/6106 6112/6112 6113/6113
f 6106/6106 6113/6113 6114/6114
f 6115/6115 6116/6116 6117/6117
f 6115/6115 6117/6117 6118/6118
f 6059/6059 6119/6119 6120/6120
f 6059/6059 6120/6120 6060/6060
f 6059/6059 6053/6053 6121/6121
f 6059/6059 6121/6121 6119/6119
f 6053/6053 6055/6055 6122/6122
f 6053/6053 6122/6122 6037/6037
f 6053/6053 6037/6037 6121/6121
f 6115/6115 6118/6118 6123/6123
f 6115/6115 6123/6123 6124/6124
f 6125/6125 6126/6126 6127/6127
f 6125/6125 6127/6127 6128/6128
f 6125/6125 6128/6128 6129/6129
f 5812/5812 6130/6130 6131/6131
f 5812/5812 6131/6131 6132/6132
f 5812/5812 6132/6132 6133/6133
f 5813/5813 5812/5812 6133/6133
f 5813/5813 6133/6133 6134/6134
f 5812/5812 5803/5803 6135/6135
f 5812/5812 6135/6135 6136/6136
f 5812/5812 6136/6136 6130/6130
f 6137/6137 6138/6138 6125/6125
f 6137/6137 6125/6125 6129/6129
f 6137/6137 6129/6129 6139/6139
f 6137/6137 6139/6139 6140/6140
f 6141/6141 6137/6137 6140/6140
f 6141/6141 6140/6140 6142/6142
f 6141/6141 6142/6142 6143/6143
f 5803/5803 5809/5809 6144/6144
f 5803/5803 6144/6144 6145/6145
f 5803/5803 6145/6145 6135/6135
f 6141/6141 6143/6143 6146/6146
f 6141/6141 6146/6146 6147/6147
f 5765/5765 6148/6148 6149/6149
f 5765/5765 6149/6149 6150/6150
f 5765/5765 6150/6150 6151/6151
f 5765/5765 6151/6151 6152/6152
f 5765/5765 6152/6152 5756/5756
f 6153/6153 6141/6141 6147/6147
f 6153/6153 6147/6147 6154/6154
f 6155/6155 6153/6153 6154/6154
f 6155/6155 6154/6154 6156/6156
f 6155/6155 6156/6156 6157/6157
f 6138/6138 6153/6153 6155/6155
f 6138/6138 6155/6155 6158/6158
f 6137/6137 6141/6141 6153/6153
f 6137/6137 6153/6153 6138/6138
f 6125/6125 6138/6138 6158/6158
f 6125/6125 6158/6158 6159/6159
f 6125/6125 6159/6159 6160/6160
f 6125/6125 6160/6160 6126/6126
f 5686/5686 6115/6115 6124/6124
f 5686/5686 6124/6124 6161/6161
f 5686/5686 6161/6161 6162/6162
f 5686/5686 6162/6162 5695/5695
f 6159/6159 5702/5702 5703/5703
f 6159/6159 5703/5703 6163/6163
f 6159/6159 6163/6163 6160/6160
f 6159/6159 6158/6158 5707/5707
f 6159/6159 5707/5707 5702/5702
f 5707/5707 6158/6158 6155/6155
f 5707/5707 6155/6155 6164/6164
f 5707/5707 6164/6164 5708/5708
f 6155/6155 6157/6157 6164/6164
f 5760/5760 6165/6165 6166/6166
f 5760/5760 6166/6166 5761/5761
f 6165/6165 6167/6167 6168/6168
f 6165/6165 6168/6168 6166/6166
f 6167/6167 6169/6169 6170/6170
f 6167/6167 6170/6170 6168/6168
f 6169/6169 6171/6171 6172/6172
f 6169/6169 6172/6172 6170/6170
f 6171/6171 5727/5727 5728/5728
f 6171/6171 5728/5728 6172/6172
f 5813/5813 6134/6134 6173/6173
f 5813/5813 6173/6173 5814/5814
f 6115/6115 5686/5686 5691/5691
f 6115/6115 5691/5691 6174/6174
f 6115/6115 6174/6174 6116/6116
f 5683/5683 6106/6106 6114/6114
f 5683/5683 6114/6114 6175/6175
f 5683/5683 6175/6175 5684/5684
f 5683/5683 5676/5676 6176/6176
f 5683/5683 6176/6176 6102/6102
f 6102/6102 6176/6176 6177/6177
f 6102/6102 6177/6177 6103/6103
f 6176/6176 6178/6178 6179/6179
f 6176/6176 6179/6179 6180/6180
f 6176/6176 6180/6180 6177/6177
f 6176/6176 5676/5676 5679/5679
f 6176/6176 5679/5679 6181/6181
f 6176/6176 6181/6181 6178/6178
f 6182/6182 6183/6183 6184/6184
f 6182/6182 6184/6184 6185/6185
f 6182/6182 6185/6185 6186/6186
f 6182/6182 6186/6186 6187/6187
f 6182/6182 6187/6187 6188/6188
f 6182/6182 6188/6188 6189/6189
f 6182/6182 6189/6189 6190/6190
f 6182/6182 6190/6190 6191/6191
f 6182/6182 6191/6191 6192/6192
f 6182/6182 6192/6192 6193/6193
f 6182/6182 6193/6193 6194/6194
f 6182/6182 6194/6194 6195/6195
f 6182/6182 6195/6195 6196/6196
f 6182/6182 6196/6196 6197/6197
f 6182/6182 6197/6197 6198/6198
f 6182/6182 6198/6198 6199/6199
f 6182/6182 6199/6199 6200/6200
f 6182/6182 6200/6200 6201/6201
f 6182/6182 6201/6201 6202/6202
f 6182/6182 6202/6202 6203/6203
f 6182/6182 6203/6203 6204/6204
f 6182/6182 6204/6204 6205/6205
f 6182/6182 6205/6205 6206/6206
f 6182/6182 6206/6206 6207/6207
f 6182/6182 6207/6207 6208/6208
f 6209/6209 6210/6210 6211/6211
f 6209/6209 6211/6211 6212/6212
f 6209/6209 6213/6213 6214/6214
f 6209/6209 6214/6214 6215/6215
f 6209/6209 6215/6215 6210/6210
f 6216/6216 6217/6217 6218/6218
f 6216/6216 6218/6218 6219/6219
f 6216/6216 6219/6219 6220/6220
f 6216/6216 6220/6220 6221/6221
f 6216/6216 6221/6221 6222/6222
f 6216/6216 6222/6222 6223/6223
f 6216/6216 6223/6223 6224/6224
f 6216/6216 6224/6224 6225/6225
f 6216/6216 6225/6225 6226/6226
f 6216/6216 6226/6226 6227/6227
f 6216/6216 6227/6227 6228/6228
f 6216/6216 6228/6228 6229/6229
f 6216/6216 6229/6229 6230/6230
f 6216/6216 6230/6230 6231/6231
f 6216/6216 6231/6231 6232/6232
f 6216/6216 6232/6232 6233/6233
f 6216/6216 6233/6233 6234/6234
f 6216/6216 6234/6234 6235/6235
f 6216/6216 6235/6235 6236/6236
f 6216/6216 6236/6236 6237/6237
f 6213/6213 6238/6238 6239/6239
f 6213/6213 6239/6239 6240/6240
f 6213/6213 6240/6240 6241/6241
f 6213/6213 6241/6241 6214/6214
f 6213/6213 6209/6209 5670/5670
f 6213/6213 5670/5670 6242/6242
f 6213/6213 6242/6242 6243/6243
f 6213/6213 6243/6243 6244/6244
f 6213/6213 6244/6244 6238/6238
f 4988/4988 5085/5085 5094/5094
f 4988/4988 5094/5094 6245/6245
f 4988/4988 6245/6245 6246/6246
f 4984/4984 4988/4988 6246/6246
f 4984/4984 6246/6246 6247/6247
f 4984/4984 6247/6247 6248/6248
f 5072/5072 5085/5085 4988/4988
f 5072/5072 4988/4988 4987/4987
f 6242/6242 6249/6249 6250/6250
f 6242/6242 6250/6250 6251/6251
f 6242/6242 6251/6251 6252/6252
f 6242/6242 6252/6252 6243/6243
f 4982/4982 4984/4984 6248/6248
f 4982/4982 6248/6248 6253/6253
f 4982/4982 6253/6253 6254/6254
f 6255/6255 6256/6256 6257/6257
f 6255/6255 6257/6257 6258/6258
f 6255/6255 6258/6258 6259/6259
f 6255/6255 6259/6259 6260/6260
f 5647/5647 6255/6255 6260/6260
f 5647/5647 6260/6260 6261/6261
f 5647/5647 6261/6261 6262/6262
f 6242/6242 5670/5670 5675/5675
f 6242/6242 5675/5675 6263/6263
f 6242/6242 6263/6263 6249/6249
f 5648/5648 5647/5647 6262/6262
f 5648/5648 6262/6262 6264/6264
f 5648/5648 6264/6264 5665/5665
f 6255/6255 5647/5647 5651/5651
f 6255/6255 5651/5651 6265/6265
f 6255/6255 6265/6265 6266/6266
f 6255/6255 6266/6266 6267/6267
f 6255/6255 6267/6267 6256/6256
f 4620/4620 4628/4628 6268/6268
f 4620/4620 6268/6268 6269/6269
f 4620/4620 6269/6269 6270/6270
f 4620/4620 6270/6270 5652/5652
f 4666/4666 6271/6271 6272/6272
f 4666/4666 6272/6272 6273/6273
f 4666/4666 6273/6273 4667/4667
f 6271/6271 6274/6274 6275/6275
f 6271/6271 6275/6275 6272/6272
f 6276/6276 6277/6277 6271/6271
f 6276/6276 6271/6271 4666/4666
f 6276/6276 4666/4666 4669/4669
f 6278/6278 6274/6274 6271/6271
f 6278/6278 6271/6271 6277/6277
f 4753/4753 6278/6278 6277/6277
f 4753/4753 6277/6277 4700/4700
f 4700/4700 6277/6277 6276/6276
f 4700/4700 6276/6276 4701/4701
f 4776/4776 4980/4980 6278/6278
f 4776/4776 6278/6278 4753/4753
f 4980/4980 4983/4983 6274/6274
f 4980/4980 6274/6274 6278/6278
f 4701/4701 6276/6276 4669/4669
f 4701/4701 4669/4669 4670/4670
f 6274/6274 4983/4983 6279/6279
f 6274/6274 6279/6279 6280/6280
f 6274/6274 6280/6280 6275/6275
f 4983/4983 4982/4982 6254/6254
f 4983/4983 6254/6254 6279/6279
f 5670/5670 6209/6209 6212/6212
f 5670/5670 6212/6212 6281/6281
f 5670/5670 6281/6281 5671/5671
f 5332/5332 6282/6282 6283/6283
f 5332/5332 6283/6283 6284/6284
f 5332/5332 6284/6284 6285/6285
f 5332/5332 6285/6285 6286/6286
f 5332/5332 6286/6286 6287/6287
f 5332/5332 6287/6287 6288/6288
f 5332/5332 6288/6288 6289/6289
f 5332/5332 6289/6289 6290/6290
f 5332/5332 6290/6290 6291/6291
f 5332/5332 6291/6291 6292/6292
f 5332/5332 6292/6292 6293/6293
f 5332/5332 6293/6293 6294/6294
f 5332/5332 6294/6294 6295/6295
f 5332/5332 6295/6295 6296/6296
f 5332/5332 6296/6296 6297/6297
f 5332/5332 6297/6297 6298/6298
f 5332/5332 6298/6298 6299/6299
f 5332/5332 6299/6299 6300/6300
f 5332/5332 6300/6300 6301/6301
f 5332/5332 6301/6301 6302/6302
f 5332/5332 6302/6302 5324/5324
f 5490/5490 5496/5496 5870/5870
f 5490/5490 5870/5870 5491/5491
f 5625/5625 6303/6303 6304/6304
f 5625/5625 6304/6304 6305/6305
f 5625/5625 6305/6305 5626/5626
f 6306/6306 6307/6307 6308/6308
f 6306/6306 6308/6308 6309/6309
f 6309/6309 6310/6310 6311/6311
f 6309/6309 6311/6311 6306/6306
f 6310/6310 6312/6312 6313/6313
f 6310/6310 6313/6313 6311/6311
f 6312/6312 6314/6314 6315/6315
f 6312/6312 6315/6315 6313/6313
f 6314/6314 6316/6316 6317/6317
f 6314/6314 6317/6317 6315/6315
f 6316/6316 6318/6318 6319/6319
f 6316/6316 6319/6319 6317/6317
f 6318/6318 6320/6320 6321/6321
f 6318/6318 6321/6321 6319/6319
f 6320/6320 6322/6322 6323/6323
f 6320/6320 6323/6323 6321/6321
f 6322/6322 6324/6324 6325/6325
f 6322/6322 6325/6325 6323/6323
f 6324/6324 6326/6326 6327/6327
f 6324/6324 6327/6327 6328/6328
f 6324/6324 6328/6328 6329/6329
f 6324/6324 6329/6329 6325/6325
f 6327/6327 6330/6330 6331/6331
f 6327/6327 6331/6331 6328/6328
f 6330/6330 4618/4618 4619/4619
f 6330/6330 4619/4619 6331/6331
f 5608/5608 6332/6332 5614/5614
f 5608/5608 5614/5614 5609/5609
f 6333/6333 6334/6334 6335/6335
f 6333/6333 6335/6335 6336/6336
f 6333/6333 6336/6336 5586/5586
f 6333/6333 5586/5586 5585/5585
f 6333/6333 5585/5585 6337/6337
f 5584/5584 6338/6338 6339/6339
f 5584/5584 6339/6339 6337/6337
f 5584/5584 6337/6337 5585/5585
f 6340/6340 6341/6341 5572/5572
f 6340/6340 5572/5572 5211/5211
f 6340/6340 5211/5211 5210/5210
f 5209/5209 6342/6342 6343/6343
f 5209/5209 6343/6343 6344/6344
f 5209/5209 6344/6344 6340/6340
f 5209/5209 6340/6340 5210/5210
f 6339/6339 6345/6345 6346/6346
f 6339/6339 6346/6346 6347/6347
f 6339/6339 6347/6347 6333/6333
f 6339/6339 6333/6333 6337/6337
f 6348/6348 6349/6349 6350/6350
f 6348/6348 6350/6350 6351/6351
f 6348/6348 6351/6351 6352/6352
f 6350/6350 6353/6353 5175/5175
f 6350/6350 5175/5175 5181/5181
f 6350/6350 5181/5181 6351/6351
f 6354/6354 6351/6351 5181/5181
f 6354/6354 5181/5181 6355/6355
f 6354/6354 6355/6355 6356/6356
f 6355/6355 5181/5181 5180/5180
f 6355/6355 5180/5180 6357/6357
f 6358/6358 6355/6355 6357/6357
f 6358/6358 6357/6357 6359/6359
f 4943/4943 6356/6356 6355/6355
f 4943/4943 6355/6355 6358/6358
f 4942/4942 6354/6354 6356/6356
f 4942/4942 6356/6356 4943/4943
f 6360/6360 6361/6361 4925/4925
f 6360/6360 4925/4925 4943/4943
f 6360/6360 4943/4943 6358/6358
f 6362/6362 6363/6363 6364/6364
f 6362/6362 6364/6364 6365/6365
f 6362/6362 6365/6365 6366/6366
f 6362/6362 6366/6366 6367/6367
f 4924/4924 6368/6368 6369/6369
f 4924/4924 6369/6369 4905/4905
f 4924/4924 4905/4905 4904/4904
f 6367/6367 6370/6370 6371/6371
f 6367/6367 6371/6371 6372/6372
f 6367/6367 6372/6372 6362/6362
f 6373/6373 6374/6374 6375/6375
f 6373/6373 6375/6375 6376/6376
f 6373/6373 6376/6376 6377/6377
f 6378/6378 6379/6379 6380/6380
f 6378/6378 6380/6380 6381/6381
f 6378/6378 6381/6381 6382/6382
f 6378/6378 6382/6382 6383/6383
f 6378/6378 6383/6383 6384/6384
f 6378/6378 6384/6384 6385/6385
f 6378/6378 6385/6385 6386/6386
f 6378/6378 6386/6386 6386/6386
f 6378/6378 6386/6386 6387/6387
f 6378/6378 6387/6387 6388/6388
f 6378/6378 6388/6388 6389/6389
f 6378/6378 6389/6389 6390/6390
f 6378/6378 6390/6390 6391/6391
f 6378/6378 6391/6391 6392/6392
f 6378/6378 6392/6392 6393/6393
f 6378/6378 6393/6393 6394/6394
f 6378/6378 6394/6394 6395/6395
f 6378/6378 6395/6395 6396/6396
f 6378/6378 6396/6396 6397/6397
f 6378/6378 6397/6397 6398/6398
f 6378/6378 6398/6398 6399/6399
f 6378/6378 6399/6399 6400/6400
f 6378/6378 6400/6400 6401/6401
f 6378/6378 6401/6401 6402/6402
f 6378/6378 6402/6402 6403/6403
f 6378/6378 6403/6403 6404/6404
f 6378/6378 6404/6404 6405/6405
f 6378/6378 6405/6405 6406/6406
f 6378/6378 6406/6406 6407/6407
f 6408/6408 6409/6409 6410/6410
f 6408/6408 6410/6410 6411/6411
f 6408/6408 6411/6411 6412/6412
f 6408/6408 6412/6412 6413/6413
f 6408/6408 6413/6413 6414/6414
f 6408/6408 6414/6414 6415/6415
f 6408/6408 6415/6415 6416/6416
f 6408/6408 6416/6416 6417/6417
f 6408/6408 6417/6417 6418/6418
f 6408/6408 6418/6418 6419/6419
f 6408/6408 6419/6419 6420/6420
f 6408/6408 6420/6420 6421/6421
f 6408/6408 6421/6421 6422/6422
f 6408/6408 6422/6422 6423/6423
f 6408/6408 6423/6423 6424/6424
f 6408/6408 6424/6424 6425/6425
f 6408/6408 6425/6425 6426/6426
f 6408/6408 6426/6426 6427/6427
f 6408/6408 6427/6427 6428/6428
f 6408/6408 6428/6428 6428/6428
f 6408/6408 6428/6428 6429/6429
f 6408/6408 6429/6429 6430/6430
f 6408/6408 6430/6430 6431/6431
f 6408/6408 6431/6431 6432/6432
f 6408/6408 6432/6432 6433/6433
f 6408/6408 6433/6433 6434/6434
f 6408/6408 6434/6434 6360/6360
f 6408/6408 6360/6360 6358/6358
f 6408/6408 6358/6358 6359/6359
f 6376/6376 6435/6435 6436/6436
f 6376/6376 6436/6436 6437/6437
f 6376/6376 6437/6437 6377/6377
f 6437/6437 6438/6438 6439/6439
f 6437/6437 6439/6439 6440/6440
f 6437/6437 6440/6440 6441/6441
f 6437/6437 6441/6441 6377/6377
f 6442/6442 6443/6443 6373/6373
f 6442/6442 6373/6373 6377/6377
f 6442/6442 6377/6377 6441/6441
f 6444/6444 6445/6445 6446/6446
f 6444/6444 6446/6446 6447/6447
f 6444/6444 6447/6447 6448/6448
f 6444/6444 6448/6448 6449/6449
f 6450/6450 6444/6444 6449/6449
f 6450/6450 6449/6449 6451/6451
f 6450/6450 6451/6451 6452/6452
f 6453/6453 6454/6454 6450/6450
f 6453/6453 6450/6450 6452/6452
f 6453/6453 6452/6452 6455/6455
f 6453/6453 6455/6455 6456/6456
f 6440/6440 6457/6457 6458/6458
f 6440/6440 6458/6458 6459/6459
f 6440/6440 6459/6459 6441/6441
f 6456/6456 6460/6460 6461/6461
f 6456/6456 6461/6461 6462/6462
f 6456/6456 6462/6462 6453/6453
f 6463/6463 6460/6460 6464/6464
f 6463/6463 6464/6464 6465/6465
f 6463/6463 6465/6465 6466/6466
f 6465/6465 6467/6467 6468/6468
f 6465/6465 6468/6468 6469/6469
f 6465/6465 6469/6469 6470/6470
f 6465/6465 6470/6470 6471/6471
f 6465/6465 6471/6471 6472/6472
f 6465/6465 6472/6472 6466/6466
f 6472/6472 6473/6473 6463/6463
f 6472/6472 6463/6463 6466/6466
f 6474/6474 6475/6475 6476/6476
f 6474/6474 6476/6476 6477/6477
f 6474/6474 6477/6477 6478/6478
f 6474/6474 6478/6478 6479/6479
f 6474/6474 6479/6479 6480/6480
f 6481/6481 6482/6482 6483/6483
f 6481/6481 6483/6483 6484/6484
f 6485/6485 6486/6486 6487/6487
f 6485/6485 6487/6487 6488/6488
f 6485/6485 6488/6488 6489/6489
f 6490/6490 6491/6491 6492/6492
f 6490/6490 6492/6492 6493/6493
f 6490/6490 6493/6493 6494/6494
f 6495/6495 6496/6496 6492/6492
f 6495/6495 6492/6492 6497/6497
f 6495/6495 6497/6497 6498/6498
f 6495/6495 6498/6498 6499/6499
f 6495/6495 6499/6499 6500/6500
f 6495/6495 6500/6500 6501/6501
f 6490/6490 6502/6502 6503/6503
f 6490/6490 6503/6503 6504/6504
f 6490/6490 6504/6504 6491/6491
f 6490/6490 6505/6505 6506/6506
f 6490/6490 6506/6506 6507/6507
f 6490/6490 6507/6507 6508/6508
f 6490/6490 6508/6508 6509/6509
f 6490/6490 6509/6509 6502/6502
f 6505/6505 6490/6490 6494/6494
f 6505/6505 6494/6494 6510/6510
f 6505/6505 6510/6510 6511/6511
f 6512/6512 6513/6513 6514/6514
f 6512/6512 6514/6514 6515/6515
f 6512/6512 6515/6515 6516/6516
f 6512/6512 6516/6516 6517/6517
f 6517/6517 6518/6518 6519/6519
f 6517/6517 6519/6519 6520/6520
f 6517/6517 6520/6520 6512/6512
f 5048/5048 5047/5047 6521/6521
f 5048/5048 6521/6521 6522/6522
f 5048/5048 6522/6522 6523/6523
f 5047/5047 6524/6524 6525/6525
f 5047/5047 6525/6525 6526/6526
f 5047/5047 6526/6526 6527/6527
f 5047/5047 6527/6527 6521/6521
f 6524/6524 5047/5047 5051/5051
f 6524/6524 5051/5051 6528/6528
f 6524/6524 6528/6528 6529/6529
f 6524/6524 6529/6529 6530/6530
f 6524/6524 6530/6530 6525/6525
f 6531/6531 6532/6532 6533/6533
f 6531/6531 6533/6533 6534/6534
f 6531/6531 6534/6534 6535/6535
f 6531/6531 6536/6536 6537/6537
f 6531/6531 6537/6537 6538/6538
f 6531/6531 6538/6538 6539/6539
f 6531/6531 6539/6539 6532/6532
f 6531/6531 6540/6540 6541/6541
f 6531/6531 6541/6541 6542/6542
f 6531/6531 6542/6542 6536/6536
f 6540/6540 6531/6531 6535/6535
f 6540/6540 6535/6535 6543/6543
f 6540/6540 6543/6543 6544/6544
f 6545/6545 6546/6546 6547/6547
f 6545/6545 6547/6547 6548/6548
f 6545/6545 6548/6548 6549/6549
f 6545/6545 6549/6549 6550/6550
f 6545/6545 6550/6550 6551/6551
f 6545/6545 6551/6551 6552/6552
f 6545/6545 6552/6552 6553/6553
f 6545/6545 6553/6553 6554/6554
f 6545/6545 6554/6554 6555/6555
f 6545/6545 6555/6555 6556/6556
f 6545/6545 6556/6556 6557/6557
f 6545/6545 6557/6557 6558/6558
f 6545/6545 6558/6558 6559/6559
f 6545/6545 6559/6559 6560/6560
f 6545/6545 6560/6560 6561/6561
f 6562/6562 6563/6563 6545/6545
f 6562/6562 6545/6545 6561/6561
f 6562/6562 6561/6561 6564/6564
f 6562/6562 6564/6564 6565/6565
f 6566/6566 6540/6540 6544/6544
f 6566/6566 6544/6544 6567/6567
f 6566/6566 6567/6567 6568/6568
f 6569/6569 6570/6570 6562/6562
f 6569/6569 6562/6562 6565/6565
f 6569/6569 6565/6565 6571/6571
f 6569/6569 6571/6571 6572/6572
f 6573/6573 6574/6574 6575/6575
f 6573/6573 6575/6575 6576/6576
f 6573/6573 6576/6576 6577/6577
f 6573/6573 6577/6577 6578/6578
f 6573/6573 6578/6578 6579/6579
f 6573/6573 6579/6579 6580/6580
f 6573/6573 6580/6580 6581/6581
f 6573/6573 6581/6581 6582/6582
f 6573/6573 6582/6582 6583/6583
f 6583/6583 6584/6584 6585/6585
f 6583/6583 6585/6585 6586/6586
f 6583/6583 6586/6586 6587/6587
f 6583/6583 6587/6587 6588/6588
f 6583/6583 6588/6588 6589/6589
f 6583/6583 6589/6589 6590/6590
f 6583/6583 6590/6590 6591/6591
f 6583/6583 6591/6591 6573/6573
f 6592/6592 6593/6593 6594/6594
f 6592/6592 6594/6594 6595/6595
f 6592/6592 6595/6595 6596/6596
f 6592/6592 6596/6596 6597/6597
f 6594/6594 6598/6598 6599/6599
f 6594/6594 6599/6599 6595/6595
f 6598/6598 6600/6600 6601/6601
f 6598/6598 6601/6601 6602/6602
f 6598/6598 6602/6602 6603/6603
f 6598/6598 6603/6603 6599/6599
f 6604/6604 6605/6605 6606/6606
f 6604/6604 6606/6606 6607/6607
f 6604/6604 6607/6607 6608/6608
f 6604/6604 6608/6608 6609/6609
f 6604/6604 6609/6609 6610/6610
f 6604/6604 6610/6610 6611/6611
f 6604/6604 6611/6611 6612/6612
f 6604/6604 6612/6612 6613/6613
f 6604/6604 6613/6613 6614/6614
f 6615/6615 6616/6616 6617/6617
f 6615/6615 6617/6617 6618/6618
f 6615/6615 6618/6618 6619/6619
f 6615/6615 6619/6619 6611/6611
f 6615/6615 6611/6611 6610/6610
f 6615/6615 6610/6610 6620/6620
f 6615/6615 6620/6620 6621/6621
f 6601/6601 6622/6622 6623/6623
f 6601/6601 6623/6623 6602/6602
f 6624/6624 6625/6625 6577/6577
f 6624/6624 6577/6577 6576/6576
f 6624/6624 6576/6576 6626/6626
f 6624/6624 6626/6626 6627/6627
f 6624/6624 6627/6627 6628/6628
f 6624/6624 6628/6628 6629/6629
f 6624/6624 6629/6629 6630/6630
f 6622/6622 6631/6631 6632/6632
f 6622/6622 6632/6632 6623/6623
f 6631/6631 6633/6633 6634/6634
f 6631/6631 6634/6634 6632/6632
f 6635/6635 6636/6636 6637/6637
f 6635/6635 6637/6637 6638/6638
f 6635/6635 6638/6638 6639/6639
f 6635/6635 6639/6639 6640/6640
f 6641/6641 6642/6642 6643/6643
f 6641/6641 6643/6643 6644/6644
f 6645/6645 6646/6646 6647/6647
f 6645/6645 6647/6647 6648/6648
f 6649/6649 6650/6650 6615/6615
f 6649/6649 6615/6615 6621/6621
f 6649/6649 6621/6621 6651/6651
f 6649/6649 6651/6651 6652/6652
f 6649/6649 6652/6652 6653/6653
f 6648/6648 6654/6654 6655/6655
f 6648/6648 6655/6655 6656/6656
f 6648/6648 6656/6656 6657/6657
f 6648/6648 6657/6657 6658/6658
f 6648/6648 6658/6658 6659/6659
f 6648/6648 6659/6659 6645/6645
f 6653/6653 6660/6660 6649/6649
f 6661/6661 6662/6662 6663/6663
f 6661/6661 6663/6663 6664/6664
f 6665/6665 6666/6666 6667/6667
f 6665/6665 6667/6667 6668/6668
f 6665/6665 6668/6668 6669/6669
f 6665/6665 6669/6669 6670/6670
f 6671/6671 6672/6672 6673/6673
f 6644/6644 6674/6674 6675/6675
f 6644/6644 6675/6675 6676/6676
f 6644/6644 6676/6676 6677/6677
f 6644/6644 6677/6677 6678/6678
f 6644/6644 6678/6678 6679/6679
f 6644/6644 6679/6679 6641/6641
f 6673/6673 6680/6680 6681/6681
f 6673/6673 6681/6681 6624/6624
f 6673/6673 6624/6624 6630/6630
f 6673/6673 6630/6630 6682/6682
f 6673/6673 6682/6682 6671/6671
f 6683/6683 6684/6684 6661/6661
f 6683/6683 6661/6661 6664/6664
f 6683/6683 6664/6664 6685/6685
f 6683/6683 6685/6685 6686/6686
f 6675/6675 6687/6687 6688/6688
f 6675/6675 6688/6688 6689/6689
f 6675/6675 6689/6689 6690/6690
f 6675/6675 6690/6690 6676/6676
f 6691/6691 6692/6692 6683/6683
f 6691/6691 6683/6683 6686/6686
f 6691/6691 6686/6686 6693/6693
f 6691/6691 6693/6693 6694/6694
f 6657/6657 6695/6695 6696/6696
f 6657/6657 6696/6696 6697/6697
f 6657/6657 6697/6697 6698/6698
f 6657/6657 6698/6698 6658/6658
f 6640/6640 6699/6699 6700/6700
f 6640/6640 6700/6700 6701/6701
f 6640/6640 6701/6701 6702/6702
f 6640/6640 6702/6702 6635/6635
f 6700/6700 6703/6703 6704/6704
f 6700/6700 6704/6704 6705/6705
f 6700/6700 6705/6705 6706/6706
f 6700/6700 6706/6706 6707/6707
f 6700/6700 6707/6707 6708/6708
f 6700/6700 6708/6708 6701/6701
f 6696/6696 6709/6709 6710/6710
f 6696/6696 6710/6710 6711/6711
f 6696/6696 6711/6711 6712/6712
f 6696/6696 6712/6712 4730/4730
f 6696/6696 4730/4730 4729/4729
f 6696/6696 4729/4729 6697/6697
f 6705/6705 6713/6713 6714/6714
f 6705/6705 6714/6714 6706/6706
f 6688/6688 4685/4685 4680/4680
f 6688/6688 4680/4680 6715/6715
f 6688/6688 6715/6715 6716/6716
f 6688/6688 6716/6716 6717/6717
f 6688/6688 6717/6717 6718/6718
f 6688/6688 6718/6718 6689/6689
f 6713/6713 6719/6719 6720/6720
f 6713/6713 6720/6720 6714/6714
f 6719/6719 6721/6721 6722/6722
f 6719/6719 6722/6722 6720/6720
f 6721/6721 6723/6723 6724/6724
f 6721/6721 6724/6724 6722/6722
f 6723/6723 6725/6725 6726/6726
f 6723/6723 6726/6726 6724/6724
f 6725/6725 6727/6727 6728/6728
f 6725/6725 6728/6728 6726/6726
f 6727/6727 6729/6729 6730/6730
f 6727/6727 6730/6730 6728/6728
f 6729/6729 6731/6731 6732/6732
f 6729/6729 6732/6732 6733/6733
f 6729/6729 6733/6733 6734/6734
f 6729/6729 6734/6734 6730/6730
f 4719/4719 6735/6735 6736/6736
f 4719/4719 6736/6736 6737/6737
f 4719/4719 6737/6737 6738/6738
f 4719/4719 6738/6738 6739/6739
f 4719/4719 6739/6739 6740/6740
f 4719/4719 6740/6740 4720/4720
f 6741/6741 6742/6742 6743/6743
f 6741/6741 6743/6743 6744/6744
f 6741/6741 6744/6744 6745/6745
f 6741/6741 6745/6745 6746/6746
f 6747/6747 6741/6741 6746/6746
f 6747/6747 6746/6746 6748/6748
f 4694/4694 6749/6749 6750/6750
f 4694/4694 6750/6750 6751/6751
f 4694/4694 6751/6751 6752/6752
f 4694/4694 6752/6752 6753/6753
f 4694/4694 6753/6753 6754/6754
f 4694/4694 6754/6754 4695/4695
f 6743/6743 4706/4706 4709/4709
f 6743/6743 4709/4709 6744/6744
f 6755/6755 6756/6756 6747/6747
f 6755/6755 6747/6747 6748/6748
f 6755/6755 6748/6748 6757/6757
f 6755/6755 6757/6757 6758/6758
f 6751/6751 6759/6759 6760/6760
f 6751/6751 6760/6760 6761/6761
f 6751/6751 6761/6761 6762/6762
f 6751/6751 6762/6762 6763/6763
f 6751/6751 6763/6763 6764/6764
f 6751/6751 6764/6764 6765/6765
f 6751/6751 6765/6765 6766/6766
f 6751/6751 6766/6766 6767/6767
f 6751/6751 6767/6767 6768/6768
f 6751/6751 6768/6768 6769/6769
f 6751/6751 6769/6769 6770/6770
f 6751/6751 6770/6770 6771/6771
f 6751/6751 6771/6771 6772/6772
f 6751/6751 6772/6772 6773/6773
f 6751/6751 6773/6773 6774/6774
f 6751/6751 6774/6774 6775/6775
f 6751/6751 6775/6775 6776/6776
f 6751/6751 6776/6776 6777/6777
f 6751/6751 6777/6777 6778/6778
f 6751/6751 6778/6778 6779/6779
f 6751/6751 6779/6779 6780/6780
f 6751/6751 6780/6780 6781/6781
f 6751/6751 6781/6781 6782/6782
f 6751/6751 6782/6782 6783/6783
f 6751/6751 6783/6783 6784/6784
f 6751/6751 6784/6784 6785/6785
f 6751/6751 6785/6785 6752/6752
f 6786/6786 6755/6755 6758/6758
f 6786/6786 6758/6758 6787/6787
f 6788/6788 6786/6786 6787/6787
f 6788/6788 6787/6787 6789/6789
f 6737/6737 6790/6790 6791/6791
f 6737/6737 6791/6791 6792/6792
f 6737/6737 6792/6792 6793/6793
f 6737/6737 6793/6793 6794/6794
f 6737/6737 6794/6794 6795/6795
f 6737/6737 6795/6795 6796/6796
f 6737/6737 6796/6796 6797/6797
f 6737/6737 6797/6797 6798/6798
f 6737/6737 6798/6798 6799/6799
f 6737/6737 6799/6799 6800/6800
f 6737/6737 6800/6800 6801/6801
f 6737/6737 6801/6801 6802/6802
f 6737/6737 6802/6802 6803/6803
f 6737/6737 6803/6803 6804/6804
f 6737/6737 6804/6804 6805/6805
f 6737/6737 6805/6805 6806/6806
f 6737/6737 6806/6806 6807/6807
f 6737/6737 6807/6807 6808/6808
f 6737/6737 6808/6808 6809/6809
f 6737/6737 6809/6809 6810/6810
f 6737/6737 6810/6810 6810/6810
f 6737/6737 6810/6810 6811/6811
f 6737/6737 6811/6811 6812/6812
f 6737/6737 6812/6812 6813/6813
f 6737/6737 6813/6813 6814/6814
f 6737/6737 6814/6814 6815/6815
f 6737/6737 6815/6815 6816/6816
f 6737/6737 6816/6816 6738/6738
f 6817/6817 6788/6788 6789/6789
f 6817/6817 6789/6789 6818/6818
f 6819/6819 6817/6817 6818/6818
f 6819/6819 6818/6818 6820/6820
f 6821/6821 6819/6819 6820/6820
f 6821/6821 6820/6820 6822/6822
f 6823/6823 6821/6821 6822/6822
f 6823/6823 6822/6822 6824/6824
f 6825/6825 6823/6823 6824/6824
f 6825/6825 6824/6824 6826/6826
f 6827/6827 6825/6825 6826/6826
f 6827/6827 6826/6826 6828/6828
f 6829/6829 6827/6827 6828/6828
f 6829/6829 6828/6828 6830/6830
f 6831/6831 6829/6829 6830/6830
f 6831/6831 6830/6830 6832/6832
f 6833/6833 6831/6831 6832/6832
f 6833/6833 6832/6832 6834/6834
f 6835/6835 6833/6833 6834/6834
f 6835/6835 6834/6834 6836/6836
f 6837/6837 6838/6838 6839/6839
f 6837/6837 6839/6839 6835/6835
f 6837/6837 6835/6835 6836/6836
f 6837/6837 6836/6836 6840/6840
f 6837/6837 6840/6840 6841/6841
f 6837/6837 6841/6841 6842/6842
f 6771/6771 6843/6843 6772/6772
f 6771/6771 6844/6844 6845/6845
f 6771/6771 6845/6845 6846/6846
f 6771/6771 6846/6846 6847/6847
f 6771/6771 6847/6847 6848/6848
f 6771/6771 6848/6848 6843/6843
f 6771/6771 6770/6770 6849/6849
f 6771/6771 6849/6849 6850/6850
f 6771/6771 6850/6850 6844/6844
f 6851/6851 6852/6852 6853/6853
f 6851/6851 6853/6853 6854/6854
f 6851/6851 6854/6854 6855/6855
f 6852/6852 6856/6856 6857/6857
f 6852/6852 6857/6857 6858/6858
f 6852/6852 6858/6858 6853/6853
f 6859/6859 6851/6851 6855/6855
f 6859/6859 6855/6855 6860/6860
f 6861/6861 6859/6859 6860/6860
f 6861/6861 6860/6860 6862/6862
f 6863/6863 6861/6861 6862/6862
f 6863/6863 6862/6862 6864/6864
f 6865/6865 6863/6863 6864/6864
f 6865/6865 6864/6864 6866/6866
f 6867/6867 6865/6865 6866/6866
f 6867/6867 6866/6866 6868/6868
f 6869/6869 6867/6867 6868/6868
f 6869/6869 6868/6868 6870/6870
f 6871/6871 6869/6869 6870/6870
f 6871/6871 6870/6870 6872/6872
f 6873/6873 6871/6871 6872/6872
f 6873/6873 6872/6872 6874/6874
f 6875/6875 6873/6873 6874/6874
f 6875/6875 6874/6874 6876/6876
f 6877/6877 6875/6875 6876/6876
f 6877/6877 6876/6876 6878/6878
f 6879/6879 6880/6880 6877/6877
f 6879/6879 6877/6877 6878/6878
f 6879/6879 6878/6878 6881/6881
f 6879/6879 6881/6881 6882/6882
f 6732/6732 6879/6879 6882/6882
f 6732/6732 6882/6882 6733/6733
f 6883/6883 6884/6884 6805/6805
f 6883/6883 6805/6805 6804/6804
f 6857/6857 6885/6885 6886/6886
f 6857/6857 6886/6886 6887/6887
f 6857/6857 6887/6887 6888/6888
f 6857/6857 6888/6888 6858/6858
f 6889/6889 6890/6890 6891/6891
f 6889/6889 6891/6891 6892/6892
f 6889/6889 6892/6892 6893/6893
f 6889/6889 6893/6893 6883/6883
f 6889/6889 6883/6883 6804/6804
f 6886/6886 6894/6894 6895/6895
f 6886/6886 6895/6895 6896/6896
f 6886/6886 6896/6896 6897/6897
f 6886/6886 6897/6897 6887/6887
f 6891/6891 6898/6898 6899/6899
f 6891/6891 6899/6899 6900/6900
f 6891/6891 6900/6900 6901/6901
f 6891/6891 6901/6901 6902/6902
f 6891/6891 6902/6902 6903/6903
f 6891/6891 6903/6903 6904/6904
f 6891/6891 6904/6904 6905/6905
f 6891/6891 6905/6905 6892/6892
f 6895/6895 6906/6906 6907/6907
f 6895/6895 6907/6907 6896/6896
f 6846/6846 6908/6908 6909/6909
f 6846/6846 6909/6909 6910/6910
f 6846/6846 6910/6910 4880/4880
f 6846/6846 4880/4880 4894/4894
f 6846/6846 4894/4894 6911/6911
f 6846/6846 6911/6911 6912/6912
f 6846/6846 6912/6912 6847/6847
f 6913/6913 6914/6914 6837/6837
f 6913/6913 6837/6837 6842/6842
f 6913/6913 6842/6842 6915/6915
f 6913/6913 6915/6915 6916/6916
f 6803/6803 6889/6889 6804/6804
f 6917/6917 6913/6913 6916/6916
f 6917/6917 6916/6916 6918/6918
f 6919/6919 6920/6920 6917/6917
f 6919/6919 6917/6917 6918/6918
f 6919/6919 6918/6918 6921/6921
f 6919/6919 6921/6921 6922/6922
f 6923/6923 6919/6919 6922/6922
f 6923/6923 6922/6922 6924/6924
f 6900/6900 6925/6925 6926/6926
f 6900/6900 6926/6926 4897/4897
f 6900/6900 4897/4897 4907/4907
f 6900/6900 4907/4907 6927/6927
f 6900/6900 6927/6927 6928/6928
f 6900/6900 6928/6928 6901/6901
f 6614/6614 6929/6929 6930/6930
f 6614/6614 6930/6930 6931/6931
f 6614/6614 6931/6931 6932/6932
f 6614/6614 6932/6932 6933/6933
f 6614/6614 6933/6933 6934/6934
f 6614/6614 6934/6934 6935/6935
f 6614/6614 6935/6935 6936/6936
f 6614/6614 6936/6936 6937/6937
f 6614/6614 6937/6937 6604/6604
f 6938/6938 6939/6939 6940/6940
f 6938/6938 6940/6940 6941/6941
f 6938/6938 6941/6941 6942/6942
f 6938/6938 6942/6942 6943/6943
f 6944/6944 6945/6945 6946/6946
f 6944/6944 6946/6946 6947/6947
f 6944/6944 6947/6947 6948/6948
f 6949/6949 6950/6950 6951/6951
f 6949/6949 6951/6951 6952/6952
f 6953/6953 6954/6954 6955/6955
f 6953/6953 6955/6955 6956/6956
f 6953/6953 6956/6956 6957/6957
f 6458/6458 6958/6958 6959/6959
f 6458/6458 6959/6959 6949/6949
f 6458/6458 6949/6949 6952/6952
f 6458/6458 6952/6952 6459/6459
f 6951/6951 6960/6960 6961/6961
f 6951/6951 6961/6961 6459/6459
f 6951/6951 6459/6459 6952/6952
f 6961/6961 6962/6962 6442/6442
f 6961/6961 6442/6442 6441/6441
f 6961/6961 6441/6441 6459/6459
f 6963/6963 6964/6964 6944/6944
f 6963/6963 6944/6944 6948/6948
f 6963/6963 6948/6948 6965/6965
f 6963/6963 6965/6965 6966/6966
f 6371/6371 6967/6967 6963/6963
f 6371/6371 6963/6963 6966/6966
f 6371/6371 6966/6966 6968/6968
f 6371/6371 6968/6968 6372/6372
f 6969/6969 6970/6970 6923/6923
f 6969/6969 6923/6923 6924/6924
f 6969/6969 6924/6924 6971/6971
f 6972/6972 6969/6969 6971/6971
f 6972/6972 6971/6971 6973/6973
f 6974/6974 6972/6972 6973/6973
f 6974/6974 6973/6973 6975/6975
f 4895/4895 6974/6974 6975/6975
f 4895/4895 6975/6975 4896/4896
f 6956/6956 6976/6976 6977/6977
f 6956/6956 6977/6977 6978/6978
f 6956/6956 6978/6978 6957/6957
f 6978/6978 6979/6979 6980/6980
f 6978/6978 6980/6980 6981/6981
f 6978/6978 6981/6981 6957/6957
f 6982/6982 6983/6983 6953/6953
f 6982/6982 6953/6953 6957/6957
f 6982/6982 6957/6957 6981/6981
f 6980/6980 6984/6984 6985/6985
f 6980/6980 6985/6985 6986/6986
f 6980/6980 6986/6986 6981/6981
f 6987/6987 6988/6988 6982/6982
f 6987/6987 6982/6982 6981/6981
f 6987/6987 6981/6981 6986/6986
f 6985/6985 6989/6989 6990/6990
f 6985/6985 6990/6990 6991/6991
f 6985/6985 6991/6991 6986/6986
f 6992/6992 6993/6993 6987/6987
f 6992/6992 6987/6987 6986/6986
f 6992/6992 6986/6986 6991/6991
f 6994/6994 6995/6995 6996/6996
f 6994/6994 6996/6996 6997/6997
f 6994/6994 6997/6997 6998/6998
f 6994/6994 6998/6998 6999/6999
f 7000/7000 7001/7001 6994/6994
f 7000/7000 6994/6994 6999/6999
f 7000/7000 6999/6999 7002/7002
f 7000/7000 7002/7002 7003/7003
f 7004/7004 7005/7005 6992/6992
f 7004/7004 6992/6992 6991/6991
f 7004/7004 6991/6991 7006/7006
f 7007/7007 7008/7008 7000/7000
f 7007/7007 7000/7000 7003/7003
f 7007/7007 7003/7003 7009/7009
f 7007/7007 7009/7009 7010/7010
f 7011/7011 7012/7012 7013/7013
f 7011/7011 7013/7013 7004/7004
f 7011/7011 7004/7004 7006/7006
f 7014/7014 7015/7015 7016/7016
f 7014/7014 7016/7016 7017/7017
f 7014/7014 7017/7017 7011/7011
f 7014/7014 7011/7011 7006/7006
f 6990/6990 7018/7018 7014/7014
f 6990/6990 7014/7014 7006/7006
f 6990/6990 7006/7006 6991/6991
f 7019/7019 7020/7020 7021/7021
f 7019/7019 7021/7021 7022/7022
f 7019/7019 7022/7022 7023/7023
f 7019/7019 7023/7023 7024/7024
f 7023/7023 7025/7025 7026/7026
f 7023/7023 7026/7026 7027/7027
f 7023/7023 7027/7027 7024/7024
f 7028/7028 7029/7029 7030/7030
f 7028/7028 7030/7030 7031/7031
f 7032/7032 7033/7033 7028/7028
f 7032/7032 7028/7028 7031/7031
f 7032/7032 7031/7031 7034/7034
f 3584/3584 7030/7030 7035/7035
f 3584/3584 7035/7035 3581/3581
f 7027/7027 7036/7036 7037/7037
f 7027/7027 7037/7037 7038/7038
f 7027/7027 7038/7038 7024/7024
f 7034/7034 7039/7039 7040/7040
f 7034/7034 7040/7040 7041/7041
f 7034/7034 7041/7041 7042/7042
f 7034/7034 7042/7042 7032/7032
f 7037/7037 7043/7043 7044/7044
f 7037/7037 7044/7044 7045/7045
f 7037/7037 7045/7045 7046/7046
f 7037/7037 7046/7046 7038/7038
f 7046/7046 7047/7047 7048/7048
f 7046/7046 7048/7048 7049/7049
f 7046/7046 7049/7049 7038/7038
f 7049/7049 7050/7050 7019/7019
f 7049/7049 7019/7019 7024/7024
f 7049/7049 7024/7024 7038/7038
f 7051/7051 7052/7052 7053/7053
f 7051/7051 7053/7053 7054/7054
f 7051/7051 7054/7054 7055/7055
f 7051/7051 7055/7055 7056/7056
f 7051/7051 7056/7056 7057/7057
f 7057/7057 7058/7058 7059/7059
f 7057/7057 7059/7059 7060/7060
f 7057/7057 7060/7060 7051/7051
f 7061/7061 7062/7062 7063/7063
f 7061/7061 7063/7063 7064/7064
f 7061/7061 7064/7064 7065/7065
f 7066/7066 7061/7061 7065/7065
f 7066/7066 7065/7065 7067/7067
f 7068/7068 7069/7069 7065/7065
f 7068/7068 7065/7065 7064/7064
f 7069/7069 7070/7070 7067/7067
f 7069/7069 7067/7067 7065/7065
f 7071/7071 7072/7072 7069/7069
f 7071/7071 7069/7069 7068/7068
f 7072/7072 7073/7073 7070/7070
f 7072/7072 7070/7070 7069/7069
f 7074/7074 7075/7075 7076/7076
f 7074/7074 7076/7076 7077/7077
f 7074/7074 7077/7077 7078/7078
f 7074/7074 7078/7078 7079/7079
f 7074/7074 7079/7079 7080/7080
f 7074/7074 7080/7080 7081/7081
f 7074/7074 7081/7081 7082/7082
f 7074/7074 7082/7082 7083/7083
f 7074/7074 7083/7083 7084/7084
f 7085/7085 7086/7086 7071/7071
f 7085/7085 7071/7071 7068/7068
f 7087/7087 7088/7088 7089/7089
f 7087/7087 7089/7089 7090/7090
f 7087/7087 7090/7090 7091/7091
f 7092/7092 7093/7093 7085/7085
f 7092/7092 7085/7085 7068/7068
f 7092/7092 7068/7068 7064/7064
f 7090/7090 7094/7094 7095/7095
f 7090/7090 7095/7095 7096/7096
f 7090/7090 7096/7096 7097/7097
f 7090/7090 7097/7097 7091/7091
f 7063/7063 7098/7098 7099/7099
f 7063/7063 7099/7099 7092/7092
f 7063/7063 7092/7092 7064/7064
f 7100/7100 7101/7101 7102/7102
f 7100/7100 7102/7102 7041/7041
f 7100/7100 7041/7041 7103/7103
f 7100/7100 7103/7103 7104/7104
f 7100/7100 7104/7104 7105/7105
f 7106/7106 7107/7107 7108/7108
f 7106/7106 7108/7108 7109/7109
f 7097/7097 7110/7110 7111/7111
f 7097/7097 7111/7111 7112/7112
f 7097/7097 7112/7112 7113/7113
f 7097/7097 7113/7113 7114/7114
f 7097/7097 7114/7114 7115/7115
f 7097/7097 7115/7115 7116/7116
f 7097/7097 7116/7116 7117/7117
f 7097/7097 7117/7117 7118/7118
f 7097/7097 7118/7118 7119/7119
f 7097/7097 7119/7119 7120/7120
f 7097/7097 7120/7120 7121/7121
f 7097/7097 7121/7121 7091/7091
f 7122/7122 7123/7123 7124/7124
f 7122/7122 7124/7124 7125/7125
f 7126/7126 7127/7127 7122/7122
f 7126/7126 7122/7122 7125/7125
f 7128/7128 7126/7126 7125/7125
f 7128/7128 7125/7125 7129/7129
f 7124/7124 7130/7130 7129/7129
f 7124/7124 7129/7129 7125/7125
f 7131/7131 7132/7132 7128/7128
f 7131/7131 7128/7128 7129/7129
f 7130/7130 7133/7133 7134/7134
f 7130/7130 7134/7134 7131/7131
f 7130/7130 7131/7131 7129/7129
f 7135/7135 7087/7087 7091/7091
f 7135/7135 7091/7091 7121/7121
f 7120/7120 7136/7136 7137/7137
f 7120/7120 7137/7137 7138/7138
f 7120/7120 7138/7138 7139/7139
f 7120/7120 7139/7139 7140/7140
f 7120/7120 7140/7140 7141/7141
f 7120/7120 7141/7141 7141/7141
f 7120/7120 7141/7141 7140/7140
f 7120/7120 7140/7140 7140/7140
f 7120/7120 7140/7140 7140/7140
f 7120/7120 7140/7140 7140/7140
f 7120/7120 7140/7140 7140/7140
f 7120/7120 7140/7140 7140/7140
f 7120/7120 7140/7140 7142/7142
f 7120/7120 7142/7142 7143/7143
f 7120/7120 7143/7143 7144/7144
f 7120/7120 7144/7144 7145/7145
f 7120/7120 7145/7145 7146/7146
f 7120/7120 7146/7146 7147/7147
f 7120/7120 7147/7147 3827/3827
f 7120/7120 3827/3827 3832/3832
f 7120/7120 3832/3832 7121/7121
f 3831/3831 7135/7135 7121/7121
f 3831/3831 7121/7121 3832/3832
f 7073/7073 7148/7148 7149/7149
f 7073/7073 7149/7149 7070/7070
f 7148/7148 7150/7150 7151/7151
f 7148/7148 7151/7151 7149/7149
f 7149/7149 7151/7151 7152/7152
f 7149/7149 7152/7152 7153/7153
f 7070/7070 7149/7149 7153/7153
f 7070/7070 7153/7153 7067/7067
f 7154/7154 7155/7155 7153/7153
f 7154/7154 7153/7153 7152/7152
f 7155/7155 7156/7156 7157/7157
f 7155/7155 7157/7157 7066/7066
f 7155/7155 7066/7066 7067/7067
f 7155/7155 7067/7067 7153/7153
f 7158/7158 7159/7159 7160/7160
f 7158/7158 7160/7160 7161/7161
f 7158/7158 7161/7161 7162/7162
f 7158/7158 7162/7162 7163/7163
f 7158/7158 7163/7163 7164/7164
f 7165/7165 7166/7166 7167/7167
f 7165/7165 7167/7167 7168/7168
f 7165/7165 7168/7168 7154/7154
f 7165/7165 7154/7154 7152/7152
f 7169/7169 7170/7170 7158/7158
f 7169/7169 7158/7158 7164/7164
f 7169/7169 7164/7164 7171/7171
f 7169/7169 7171/7171 7172/7172
f 7169/7169 7172/7172 7173/7173
f 7174/7174 7175/7175 7176/7176
f 7174/7174 7176/7176 7177/7177
f 7174/7174 7177/7177 7178/7178
f 7174/7174 7178/7178 7179/7179
f 7180/7180 7181/7181 7174/7174
f 7180/7180 7174/7174 7179/7179
f 7180/7180 7179/7179 7182/7182
f 7180/7180 7182/7182 7183/7183
f 7184/7184 7185/7185 7186/7186
f 7184/7184 7186/7186 7187/7187
f 7184/7184 7187/7187 4730/4730
f 7184/7184 4730/4730 6712/6712
f 7184/7184 6712/6712 7188/7188
f 7184/7184 7188/7188 7189/7189
f 7184/7184 7189/7189 7190/7190
f 7184/7184 7190/7190 7191/7191
f 7184/7184 7191/7191 7192/7192
f 7184/7184 7192/7192 7193/7193
f 7186/7186 7194/7194 7195/7195
f 7186/7186 7195/7195 7196/7196
f 7186/7186 7196/7196 7187/7187
f 7197/7197 7180/7180 7183/7183
f 7197/7197 7183/7183 7198/7198
f 7199/7199 7200/7200 7201/7201
f 7199/7199 7201/7201 7169/7169
f 7199/7199 7169/7169 7173/7173
f 7199/7199 7173/7173 7202/7202
f 7199/7199 7202/7202 7203/7203
f 7199/7199 7203/7203 7204/7204
f 7198/7198 7205/7205 7206/7206
f 7198/7198 7206/7206 7207/7207
f 7198/7198 7207/7207 7208/7208
f 7198/7198 7208/7208 7197/7197
f 7204/7204 7209/7209 7210/7210
f 7204/7204 7210/7210 7199/7199
f 3967/3967 7211/7211 7212/7212
f 3967/3967 7212/7212 7213/7213
f 3967/3967 7213/7213 3965/3965
f 7212/7212 7214/7214 7215/7215
f 7212/7212 7215/7215 7216/7216
f 7212/7212 7216/7216 7213/7213
f 7215/7215 7217/7217 7218/7218
f 7215/7215 7218/7218 7216/7216
f 7218/7218 7219/7219 7220/7220
f 7218/7218 7220/7220 7221/7221
f 7218/7218 7221/7221 7216/7216
f 7221/7221 7222/7222 7213/7213
f 7221/7221 7213/7213 7216/7216
f 7223/7223 7224/7224 7225/7225
f 7223/7223 7225/7225 7226/7226
f 7223/7223 7226/7226 7165/7165
f 7223/7223 7165/7165 7152/7152
f 7223/7223 7152/7152 7151/7151
f 7220/7220 7227/7227 7228/7228
f 7220/7220 7228/7228 7221/7221
f 7227/7227 7229/7229 7230/7230
f 7227/7227 7230/7230 7228/7228
f 7230/7230 7231/7231 7232/7232
f 7230/7230 7232/7232 7228/7228
f 7228/7228 7232/7232 7222/7222
f 7228/7228 7222/7222 7221/7221
f 7231/7231 7233/7233 3963/3963
f 7231/7231 3963/3963 7232/7232
f 7232/7232 3963/3963 3964/3964
f 7232/7232 3964/3964 7222/7222
f 7222/7222 3964/3964 3965/3965
f 7222/7222 3965/3965 7213/7213
f 7233/7233 7234/7234 3962/3962
f 7233/7233 3962/3962 3963/3963
f 7235/7235 7236/7236 7233/7233
f 7235/7235 7233/7233 7231/7231
f 7236/7236 7237/7237 7234/7234
f 7236/7236 7234/7234 7233/7233
f 7237/7237 7238/7238 7239/7239
f 7237/7237 7239/7239 7234/7234
f 7234/7234 7239/7239 3959/3959
f 7234/7234 3959/3959 3962/3962
f 7238/7238 7240/7240 7241/7241
f 7238/7238 7241/7241 7239/7239
f 7239/7239 7241/7241 3957/3957
f 7239/7239 3957/3957 3959/3959
f 7240/7240 7242/7242 7243/7243
f 7240/7240 7243/7243 7241/7241
f 7241/7241 7243/7243 3958/3958
f 7241/7241 3958/3958 3957/3957
f 7244/7244 7245/7245 3958/3958
f 7244/7244 3958/3958 7243/7243
f 7246/7246 7244/7244 7243/7243
f 7246/7246 7243/7243 7242/7242
f 7245/7245 3949/3949 3950/3950
f 7245/7245 3950/3950 3958/3958
f 7247/7247 7248/7248 7242/7242
f 7247/7247 7242/7242 7240/7240
f 7248/7248 7249/7249 7246/7246
f 7248/7248 7246/7246 7242/7242
f 7250/7250 7247/7247 7240/7240
f 7250/7250 7240/7240 7238/7238
f 7251/7251 7250/7250 7238/7238
f 7251/7251 7238/7238 7237/7237
f 7252/7252 7251/7251 7237/7237
f 7252/7252 7237/7237 7236/7236
f 7253/7253 7252/7252 7236/7236
f 7253/7253 7236/7236 7235/7235
f 7254/7254 7253/7253 7235/7235
f 7254/7254 7235/7235 7255/7255
f 7255/7255 7235/7235 7231/7231
f 7255/7255 7231/7231 7230/7230
f 7256/7256 3875/3875 7254/7254
f 7256/7256 7254/7254 7255/7255
f 7229/7229 7257/7257 7256/7256
f 7229/7229 7256/7256 7255/7255
f 7229/7229 7255/7255 7230/7230
f 7150/7150 7074/7074 7258/7258
f 7150/7150 7258/7258 7223/7223
f 7150/7150 7223/7223 7151/7151
f 7196/7196 7259/7259 7260/7260
f 7196/7196 7260/7260 4714/4714
f 7196/7196 4714/4714 4730/4730
f 7196/7196 4730/4730 7187/7187
f 4735/4735 7261/7261 3986/3986
f 4735/4735 3986/3986 3990/3990
f 4735/4735 3990/3990 4017/4017
f 7262/7262 7263/7263 7264/7264
f 7262/7262 7264/7264 7184/7184
f 7262/7262 7184/7184 7193/7193
f 7262/7262 7193/7193 7265/7265
f 7266/7266 7267/7267 7268/7268
f 7266/7266 7268/7268 7269/7269
f 7266/7266 7269/7269 7270/7270
f 7266/7266 7270/7270 7271/7271
f 7266/7266 7271/7271 7272/7272
f 7266/7266 7272/7272 7273/7273
f 7269/7269 7274/7274 7275/7275
f 7269/7269 7275/7275 7270/7270
f 7276/7276 7277/7277 7278/7278
f 7276/7276 7278/7278 7279/7279
f 7276/7276 7279/7279 7280/7280
f 7276/7276 7280/7280 7281/7281
f 7276/7276 7281/7281 6715/6715
f 7276/7276 6715/6715 4680/4680
f 7276/7276 4680/4680 4679/4679
f 7276/7276 4679/4679 7282/7282
f 7276/7276 7282/7282 7283/7283
f 7276/7276 7283/7283 7284/7284
f 7285/7285 7276/7276 7284/7284
f 7285/7285 7284/7284 7286/7286
f 7285/7285 7286/7286 7287/7287
f 7285/7285 7287/7287 7288/7288
f 7289/7289 7290/7290 7291/7291
f 7289/7289 7291/7291 7292/7292
f 7289/7289 7292/7292 7293/7293
f 7289/7289 7293/7293 7294/7294
f 7289/7289 7294/7294 7295/7295
f 7289/7289 7295/7295 7296/7296
f 7289/7289 7296/7296 7297/7297
f 7289/7289 7297/7297 7298/7298
f 7289/7289 7298/7298 7299/7299
f 7289/7289 7299/7299 7300/7300
f 7289/7289 7300/7300 7301/7301
f 7289/7289 7301/7301 7302/7302
f 7289/7289 7302/7302 7303/7303
f 7289/7289 7303/7303 7304/7304
f 7301/7301 7305/7305 7306/7306
f 7301/7301 7306/7306 7307/7307
f 7301/7301 7307/7307 7307/7307
f 7301/7301 7307/7307 7308/7308
f 7301/7301 7308/7308 7309/7309
f 7301/7301 7309/7309 7309/7309
f 7301/7301 7309/7309 7309/7309
f 7301/7301 7309/7309 7309/7309
f 7301/7301 7309/7309 7309/7309
f 7301/7301 7309/7309 7310/7310
f 7301/7301 7310/7310 7302/7302
f 7301/7301 7300/7300 7311/7311
f 7301/7301 7311/7311 7305/7305
f 7300/7300 7299/7299 7312/7312
f 7300/7300 7312/7312 7311/7311
f 7313/7313 7314/7314 7315/7315
f 7313/7313 7315/7315 7315/7315
f 7313/7313 7315/7315 7316/7316
f 7313/7313 7316/7316 7316/7316
f 7313/7313 7316/7316 7317/7317
f 7313/7313 7317/7317 7318/7318
f 7313/7313 7318/7318 7319/7319
f 7313/7313 7319/7319 7319/7319
f 7313/7313 7319/7319 7320/7320
f 7313/7313 7320/7320 7321/7321
f 7313/7313 7321/7321 7322/7322
f 7313/7313 7322/7322 7323/7323
f 7313/7313 7323/7323 7324/7324
f 7313/7313 7324/7324 7325/7325
f 7313/7313 7325/7325 7326/7326
f 7313/7313 7326/7326 7327/7327
f 7313/7313 7327/7327 7328/7328
f 7313/7313 7328/7328 7329/7329
f 7313/7313 7329/7329 7330/7330
f 7313/7313 7330/7330 7331/7331
f 7313/7313 7331/7331 7332/7332
f 7313/7313 7332/7332 7333/7333
f 7313/7313 7333/7333 7334/7334
f 7313/7313 7334/7334 7335/7335
f 7313/7313 7335/7335 7335/7335
f 7313/7313 7335/7335 7334/7334
f 7313/7313 7334/7334 7334/7334
f 7313/7313 7334/7334 7334/7334
f 7313/7313 7334/7334 7336/7336
f 7313/7313 7336/7336 7337/7337
f 7313/7313 7337/7337 7338/7338
f 7299/7299 7298/7298 7339/7339
f 7299/7299 7339/7339 7312/7312
f 7298/7298 7297/7297 7340/7340
f 7298/7298 7340/7340 7339/7339
f 7297/7297 7296/7296 7341/7341
f 7297/7297 7341/7341 7340/7340
f 7296/7296 7295/7295 7342/7342
f 7296/7296 7342/7342 7341/7341
f 7295/7295 7294/7294 7343/7343
f 7295/7295 7343/7343 7342/7342
f 7294/7294 7293/7293 7344/7344
f 7294/7294 7344/7344 7343/7343
f 7293/7293 7292/7292 7345/7345
f 7293/7293 7345/7345 7344/7344
f 7292/7292 7291/7291 7346/7346
f 7292/7292 7346/7346 7347/7347
f 7292/7292 7347/7347 7348/7348
f 7292/7292 7348/7348 7349/7349
f 7292/7292 7349/7349 7349/7349
f 7292/7292 7349/7349 7349/7349
f 7292/7292 7349/7349 7350/7350
f 7292/7292 7350/7350 7350/7350
f 7292/7292 7350/7350 7351/7351
f 7292/7292 7351/7351 7352/7352
f 7292/7292 7352/7352 7353/7353
f 7292/7292 7353/7353 7345/7345
f 7354/7354 7355/7355 7356/7356
f 7354/7354 7356/7356 7357/7357
f 7354/7354 7357/7357 7358/7358
f 7354/7354 7358/7358 7359/7359
f 7354/7354 7359/7359 7360/7360
f 7361/7361 7362/7362 7363/7363
f 7361/7361 7363/7363 7354/7354
f 7361/7361 7354/7354 7360/7360
f 7361/7361 7360/7360 7364/7364
f 7361/7361 7364/7364 7365/7365
f 7366/7366 7367/7367 7289/7289
f 7366/7366 7289/7289 7304/7304
f 7366/7366 7304/7304 7368/7368
f 7366/7366 7368/7368 7369/7369
f 7370/7370 7371/7371 7372/7372
f 7370/7370 7372/7372 7361/7361
f 7370/7370 7361/7361 7365/7365
f 7370/7370 7365/7365 7373/7373
f 7370/7370 7373/7373 7374/7374
f 7370/7370 7374/7374 7375/7375
f 7376/7376 7366/7366 7369/7369
f 7376/7376 7369/7369 7377/7377
f 4679/4679 4684/4684 7378/7378
f 4679/4679 7378/7378 7379/7379
f 4679/4679 7379/7379 7282/7282
f 7377/7377 7380/7380 7381/7381
f 7377/7377 7381/7381 7382/7382
f 7377/7377 7382/7382 7383/7383
f 7377/7377 7383/7383 7376/7376
f 7375/7375 7384/7384 7385/7385
f 7375/7375 7385/7385 7386/7386
f 7375/7375 7386/7386 7370/7370
f 4672/4672 4225/4225 4245/4245
f 4672/4672 4245/4245 7387/7387
f 4672/4672 7387/7387 4673/4673
f 7388/7388 7389/7389 7390/7390
f 7388/7388 7390/7390 7391/7391
f 7388/7388 7391/7391 7392/7392
f 7388/7388 7392/7392 7393/7393
f 7388/7388 7393/7393 7394/7394
f 7388/7388 7394/7394 7395/7395
f 7388/7388 7395/7395 7396/7396
f 4225/4225 7397/7397 7398/7398
f 4225/4225 7398/7398 7399/7399
f 4225/4225 7399/7399 4226/4226
f 4672/4672 4123/4123 4122/4122
f 4672/4672 4122/4122 7397/7397
f 4672/4672 7397/7397 4225/4225
f 4485/4485 7400/7400 7401/7401
f 4485/4485 7401/7401 7402/7402
f 4485/4485 7402/7402 7403/7403
f 4485/4485 7403/7403 7404/7404
f 4485/4485 7404/7404 7405/7405
f 4485/4485 7405/7405 4477/4477
f 7397/7397 4122/4122 4141/4141
f 7397/7397 4141/4141 7398/7398
f 7396/7396 7406/7406 7407/7407
f 7396/7396 7407/7407 7408/7408
f 7396/7396 7408/7408 7409/7409
f 7396/7396 7409/7409 7388/7388
f 7410/7410 7411/7411 7412/7412
f 7410/7410 7412/7412 7413/7413
f 7410/7410 7413/7413 7414/7414
f 7411/7411 7415/7415 7416/7416
f 7411/7411 7416/7416 7417/7417
f 7411/7411 7417/7417 7412/7412
f 7415/7415 7411/7411 7418/7418
f 7415/7415 7418/7418 7419/7419
f 7411/7411 7410/7410 7420/7420
f 7411/7411 7420/7420 7418/7418
f 7419/7419 7418/7418 7421/7421
f 7419/7419 7421/7421 7422/7422
f 7418/7418 7420/7420 7423/7423
f 7418/7418 7423/7423 7421/7421
f 7422/7422 7421/7421 7424/7424
f 7422/7422 7424/7424 7425/7425
f 7421/7421 7423/7423 7426/7426
f 7421/7421 7426/7426 7424/7424
f 7424/7424 7426/7426 7427/7427
f 7424/7424 7427/7427 7428/7428
f 7425/7425 7424/7424 7428/7428
f 7425/7425 7428/7428 7429/7429
f 7423/7423 7430/7430 7431/7431
f 7423/7423 7431/7431 7426/7426
f 7426/7426 7431/7431 7432/7432
f 7426/7426 7432/7432 7427/7427
f 7427/7427 7432/7432 7433/7433
f 7427/7427 7433/7433 7434/7434
f 7428/7428 7427/7427 7434/7434
f 7428/7428 7434/7434 7435/7435
f 7434/7434 7433/7433 7436/7436
f 7434/7434 7436/7436 7437/7437
f 7435/7435 7434/7434 7437/7437
f 7435/7435 7437/7437 7438/7438
f 7433/7433 7432/7432 7439/7439
f 7433/7433 7439/7439 7440/7440
f 7436/7436 7433/7433 7440/7440
f 7436/7436 7440/7440 7441/7441
f 7436/7436 7441/7441 7442/7442
f 7436/7436 7442/7442 7443/7443
f 7437/7437 7436/7436 7443/7443
f 7437/7437 7443/7443 7444/7444
f 7445/7445 7446/7446 7447/7447
f 7445/7445 7447/7447 7448/7448
f 7445/7445 7448/7448 7449/7449
f 7445/7445 7449/7449 7450/7450
f 7445/7445 7450/7450 7451/7451
f 7445/7445 7451/7451 7452/7452
f 7445/7445 7453/7453 7454/7454
f 7445/7445 7454/7454 7455/7455
f 7445/7445 7455/7455 7446/7446
f 7453/7453 7445/7445 7456/7456
f 7453/7453 7456/7456 7457/7457
f 7445/7445 7452/7452 7456/7456
f 7431/7431 7430/7430 7458/7458
f 7431/7431 7458/7458 7459/7459
f 7431/7431 7459/7459 7460/7460
f 7431/7431 7460/7460 7461/7461
f 7431/7431 7461/7461 7462/7462
f 7432/7432 7431/7431 7462/7462
f 7432/7432 7462/7462 7439/7439
f 7454/7454 7453/7453 7457/7457
f 7454/7454 7457/7457 7463/7463
f 7454/7454 7463/7463 7464/7464
f 7430/7430 7465/7465 7466/7466
f 7430/7430 7466/7466 7467/7467
f 7430/7430 7467/7467 7458/7458
f 7468/7468 7469/7469 7470/7470
f 7468/7468 7470/7470 7454/7454
f 7468/7468 7454/7454 7464/7464
f 7468/7468 7464/7464 7471/7471
f 7468/7468 7471/7471 7472/7472
f 7465/7465 7473/7473 7474/7474
f 7465/7465 7474/7474 7475/7475
f 7465/7465 7475/7475 7476/7476
f 7465/7465 7476/7476 7477/7477
f 7465/7465 7477/7477 7478/7478
f 7465/7465 7478/7478 7479/7479
f 7465/7465 7479/7479 7480/7480
f 7465/7465 7480/7480 7481/7481
f 7465/7465 7481/7481 7466/7466
f 7420/7420 7465/7465 7430/7430
f 7420/7420 7430/7430 7423/7423
f 7410/7410 7473/7473 7465/7465
f 7410/7410 7465/7465 7420/7420
f 7473/7473 7410/7410 7414/7414
f 7473/7473 7414/7414 7482/7482
f 7473/7473 7482/7482 7483/7483
f 7473/7473 7483/7483 7484/7484
f 7473/7473 7484/7484 7485/7485
f 7473/7473 7485/7485 7486/7486
f 7473/7473 7486/7486 7487/7487
f 7473/7473 7487/7487 7488/7488
f 7473/7473 7488/7488 7489/7489
f 7473/7473 7489/7489 7474/7474
f 7490/7490 7491/7491 7492/7492
f 7490/7490 7492/7492 7493/7493
f 7490/7490 7494/7494 7495/7495
f 7490/7490 7495/7495 7491/7491
f 7494/7494 7496/7496 7497/7497
f 7494/7494 7497/7497 7495/7495
f 7498/7498 7494/7494 7490/7490
f 7498/7498 7490/7490 7493/7493
f 7498/7498 7493/7493 7499/7499
f 7498/7498 7500/7500 7501/7501
f 7498/7498 7501/7501 7502/7502
f 7498/7498 7502/7502 7503/7503
f 7498/7498 7503/7503 7496/7496
f 7498/7498 7496/7496 7494/7494
f 7504/7504 7505/7505 7500/7500
f 7504/7504 7500/7500 7498/7498
f 7504/7504 7498/7498 7499/7499
f 7504/7504 7499/7499 7506/7506
f 7500/7500 7507/7507 7508/7508
f 7500/7500 7508/7508 7501/7501
f 7505/7505 7509/7509 7507/7507
f 7505/7505 7507/7507 7500/7500
f 7510/7510 7507/7507 7509/7509
f 7510/7510 7509/7509 7511/7511
f 7510/7510 7511/7511 7512/7512
f 7507/7507 7510/7510 7513/7513
f 7507/7507 7513/7513 7508/7508
f 7510/7510 7514/7514 7515/7515
f 7510/7510 7515/7515 7513/7513
f 7514/7514 7510/7510 7512/7512
f 7514/7514 7512/7512 7516/7516
f 7508/7508 7513/7513 7517/7517
f 7508/7508 7517/7517 7518/7518
f 7508/7508 7518/7518 7519/7519
f 7513/7513 7515/7515 7520/7520
f 7513/7513 7520/7520 7517/7517
f 7514/7514 7521/7521 7522/7522
f 7514/7514 7522/7522 7515/7515
f 7515/7515 7522/7522 7523/7523
f 7515/7515 7523/7523 7520/7520
f 7517/7517 7520/7520 7524/7524
f 7517/7517 7524/7524 7525/7525
f 7520/7520 7523/7523 7526/7526
f 7520/7520 7526/7526 7524/7524
f 7524/7524 7526/7526 7527/7527
f 7524/7524 7527/7527 7528/7528
f 7454/7454 7470/7470 7529/7529
f 7454/7454 7529/7529 7530/7530
f 7454/7454 7530/7530 7531/7531
f 7454/7454 7531/7531 7525/7525
f 7454/7454 7525/7525 7524/7524
f 7454/7454 7524/7524 7528/7528
f 7454/7454 7528/7528 7455/7455
f 7518/7518 7517/7517 7525/7525
f 7518/7518 7525/7525 7531/7531
f 7519/7519 7518/7518 7531/7531
f 7519/7519 7531/7531 7530/7530
f 7532/7532 7519/7519 7530/7530
f 7532/7532 7530/7530 7529/7529
f 7501/7501 7508/7508 7519/7519
f 7501/7501 7519/7519 7532/7532
f 7501/7501 7532/7532 7469/7469
f 7501/7501 7469/7469 7468/7468
f 7469/7469 7532/7532 7529/7529
f 7469/7469 7529/7529 7470/7470
f 7502/7502 7501/7501 7468/7468
f 7502/7502 7468/7468 7533/7533
f 7502/7502 7533/7533 7534/7534
f 7468/7468 7472/7472 7533/7533
f 7503/7503 7502/7502 7534/7534
f 7503/7503 7534/7534 7535/7535
f 7496/7496 7503/7503 7535/7535
f 7496/7496 7535/7535 7497/7497
f 7526/7526 7536/7536 7537/7537
f 7526/7526 7537/7537 7527/7527
f 7536/7536 7538/7538 7539/7539
f 7536/7536 7539/7539 7537/7537
f 7523/7523 7540/7540 7536/7536
f 7523/7523 7536/7536 7526/7526
f 7540/7540 7541/7541 7538/7538
f 7540/7540 7538/7538 7536/7536
f 7522/7522 7542/7542 7540/7540
f 7522/7522 7540/7540 7523/7523
f 7542/7542 7543/7543 7541/7541
f 7542/7542 7541/7541 7540/7540
f 7544/7544 7541/7541 7543/7543
f 7544/7544 7543/7543 7545/7545
f 7544/7544 7545/7545 7546/7546
f 7541/7541 7544/7544 7547/7547
f 7541/7541 7547/7547 7538/7538
f 7548/7548 7547/7547 7544/7544
f 7548/7548 7544/7544 7546/7546
f 7548/7548 7546/7546 7549/7549
f 7548/7548 7549/7549 7550/7550
f 7547/7547 7548/7548 7551/7551
f 7547/7547 7551/7551 7552/7552
f 7538/7538 7547/7547 7552/7552
f 7538/7538 7552/7552 7539/7539
f 7548/7548 7550/7550 7553/7553
f 7548/7548 7553/7553 7554/7554
f 7548/7548 7554/7554 7555/7555
f 7548/7548 7555/7555 7556/7556
f 7548/7548 7556/7556 7557/7557
f 7548/7548 7557/7557 7558/7558
f 7548/7548 7558/7558 7559/7559
f 7548/7548 7559/7559 7560/7560
f 7548/7548 7560/7560 7561/7561
f 7548/7548 7561/7561 7551/7551
f 7560/7560 7562/7562 7563/7563
f 7560/7560 7563/7563 7563/7563
f 7560/7560 7563/7563 7563/7563
f 7560/7560 7563/7563 7564/7564
f 7560/7560 7564/7564 7563/7563
f 7560/7560 7563/7563 7565/7565
f 7560/7560 7565/7565 7566/7566
f 7560/7560 7566/7566 7566/7566
f 7560/7560 7566/7566 7566/7566
f 7560/7560 7566/7566 7567/7567
f 7560/7560 7567/7567 7566/7566
f 7560/7560 7566/7566 7568/7568
f 7560/7560 7568/7568 7569/7569
f 7560/7560 7569/7569 7570/7570
f 7560/7560 7570/7570 7571/7571
f 7560/7560 7571/7571 7572/7572
f 7560/7560 7572/7572 7573/7573
f 7560/7560 7573/7573 7574/7574
f 7560/7560 7574/7574 7575/7575
f 7560/7560 7575/7575 7561/7561
f 7576/7576 7577/7577 7578/7578
f 7576/7576 7578/7578 7579/7579
f 7576/7576 7579/7579 7580/7580
f 7576/7576 7580/7580 7581/7581
f 7576/7576 7581/7581 7582/7582
f 7576/7576 7582/7582 7583/7583
f 7576/7576 7583/7583 7582/7582
f 7576/7576 7582/7582 7582/7582
f 7576/7576 7582/7582 7582/7582
f 7576/7576 7582/7582 7584/7584
f 7576/7576 7584/7584 7585/7585
f 7576/7576 7585/7585 7586/7586
f 7576/7576 7586/7586 7585/7585
f 7576/7576 7585/7585 7585/7585
f 7576/7576 7585/7585 7585/7585
f 7576/7576 7585/7585 7587/7587
f 7576/7576 7587/7587 7588/7588
f 7576/7576 7588/7588 7589/7589
f 7576/7576 7589/7589 7590/7590
f 7576/7576 7590/7590 7591/7591
f 7576/7576 7591/7591 7592/7592
f 7576/7576 7592/7592 7593/7593
f 7576/7576 7593/7593 7594/7594
f 7576/7576 7594/7594 7595/7595
f 7576/7576 7595/7595 7596/7596
f 7576/7576 7596/7596 7597/7597
f 7595/7595 7598/7598 7599/7599
f 7595/7595 7599/7599 7600/7600
f 7595/7595 7600/7600 7596/7596
f 7599/7599 7601/7601 7602/7602
f 7599/7599 7602/7602 7603/7603
f 7599/7599 7603/7603 7604/7604
f 7599/7599 7604/7604 7605/7605
f 7599/7599 7605/7605 7600/7600
f 7604/7604 7606/7606 7607/7607
f 7604/7604 7607/7607 7608/7608
f 7604/7604 7608/7608 7609/7609
f 7604/7604 7609/7609 7610/7610
f 7604/7604 7610/7610 7611/7611
f 7604/7604 7611/7611 7605/7605
f 7542/7542 7522/7522 7521/7521
f 7542/7542 7521/7521 7612/7612
f 7542/7542 7612/7612 7613/7613
f 7542/7542 7613/7613 7614/7614
f 7543/7543 7542/7542 7614/7614
f 7543/7543 7614/7614 7545/7545
f 7521/7521 7514/7514 7516/7516
f 7521/7521 7516/7516 7612/7612
f 7610/7610 7615/7615 7616/7616
f 7610/7610 7616/7616 7617/7617
f 7610/7610 7617/7617 7611/7611
f 7509/7509 7505/7505 7618/7618
f 7509/7509 7618/7618 7619/7619
f 7509/7509 7619/7619 7511/7511
f 7620/7620 7621/7621 7622/7622
f 7620/7620 7622/7622 7618/7618
f 7620/7620 7618/7618 7505/7505
f 7620/7620 7505/7505 7504/7504
f 7620/7620 7504/7504 7623/7623
f 7620/7620 7623/7623 7624/7624
f 7616/7616 7625/7625 7626/7626
f 7616/7616 7626/7626 7617/7617
f 7625/7625 7627/7627 7628/7628
f 7625/7625 7628/7628 7629/7629
f 7625/7625 7629/7629 7626/7626
f 7624/7624 7630/7630 7620/7620
f 7504/7504 7506/7506 7623/7623
f 7631/7631 7632/7632 7633/7633
f 7631/7631 7633/7633 7634/7634
f 7635/7635 7636/7636 7576/7576
f 7635/7635 7576/7576 7597/7597
f 7635/7635 7597/7597 7637/7637
f 7574/7574 7638/7638 7639/7639
f 7574/7574 7639/7639 7640/7640
f 7574/7574 7640/7640 7575/7575
f 7637/7637 7641/7641 7642/7642
f 7637/7637 7642/7642 7643/7643
f 7637/7637 7643/7643 7635/7635
f 7644/7644 7640/7640 7639/7639
f 7644/7644 7639/7639 7645/7645
f 7644/7644 7645/7645 7646/7646
f 7647/7647 7644/7644 7646/7646
f 7647/7647 7646/7646 7648/7648
f 3789/3789 7647/7647 7648/7648
f 3789/3789 7648/7648 7649/7649
f 3789/3789 7649/7649 7650/7650
f 3789/3789 7650/7650 7651/7651
f 3789/3789 7651/7651 7652/7652
f 3789/3789 7652/7652 3790/3790
f 7653/7653 7438/7438 7437/7437
f 7653/7653 7437/7437 7444/7444
f 7653/7653 7444/7444 7654/7654
f 7655/7655 7653/7653 7654/7654
f 7655/7655 7654/7654 7656/7656
f 7657/7657 7438/7438 7653/7653
f 7657/7657 7653/7653 7655/7655
f 7658/7658 7435/7435 7438/7438
f 7658/7658 7438/7438 7657/7657
f 7659/7659 7657/7657 7655/7655
f 7659/7659 7655/7655 7660/7660
f 7661/7661 7658/7658 7657/7657
f 7661/7661 7657/7657 7659/7659
f 7662/7662 7429/7429 7658/7658
f 7662/7662 7658/7658 7661/7661
f 7429/7429 7428/7428 7435/7435
f 7429/7429 7435/7435 7658/7658
f 7663/7663 7425/7425 7429/7429
f 7663/7663 7429/7429 7662/7662
f 7664/7664 7663/7663 7662/7662
f 7664/7664 7662/7662 7665/7665
f 7665/7665 7662/7662 7661/7661
f 7665/7665 7661/7661 7666/7666
f 7667/7667 7665/7665 7666/7666
f 7667/7667 7666/7666 7668/7668
f 7669/7669 7664/7664 7665/7665
f 7669/7669 7665/7665 7667/7667
f 7667/7667 7668/7668 7670/7670
f 7667/7667 7670/7670 7671/7671
f 7667/7667 7671/7671 7672/7672
f 7669/7669 7667/7667 7672/7672
f 7669/7669 7672/7672 7673/7673
f 7669/7669 7673/7673 7674/7674
f 7675/7675 7669/7669 7674/7674
f 7675/7675 7674/7674 7676/7676
f 7675/7675 7676/7676 7677/7677
f 7675/7675 7678/7678 7664/7664
f 7675/7675 7664/7664 7669/7669
f 7679/7679 7675/7675 7677/7677
f 7679/7679 7677/7677 7680/7680
f 7679/7679 7680/7680 7681/7681
f 7679/7679 7682/7682 7678/7678
f 7679/7679 7678/7678 7675/7675
f 7683/7683 7679/7679 7681/7681
f 7683/7683 7681/7681 7684/7684
f 7683/7683 7684/7684 7685/7685
f 7683/7683 7686/7686 7682/7682
f 7683/7683 7682/7682 7679/7679
f 7686/7686 7687/7687 7688/7688
f 7686/7686 7688/7688 7682/7682
f 7682/7682 7688/7688 7689/7689
f 7682/7682 7689/7689 7678/7678
f 7688/7688 7419/7419 7422/7422
f 7688/7688 7422/7422 7689/7689
f 7687/7687 7415/7415 7419/7419
f 7687/7687 7419/7419 7688/7688
f 7690/7690 7691/7691 7687/7687
f 7690/7690 7687/7687 7686/7686
f 7691/7691 7416/7416 7415/7415
f 7691/7691 7415/7415 7687/7687
f 7691/7691 7690/7690 7692/7692
f 7691/7691 7692/7692 7693/7693
f 7691/7691 7693/7693 7694/7694
f 7416/7416 7691/7691 7694/7694
f 7416/7416 7694/7694 7417/7417
f 7690/7690 7686/7686 7683/7683
f 7690/7690 7683/7683 7695/7695
f 7690/7690 7695/7695 7696/7696
f 7690/7690 7696/7696 7692/7692
f 7678/7678 7689/7689 7663/7663
f 7678/7678 7663/7663 7664/7664
f 7689/7689 7422/7422 7425/7425
f 7689/7689 7425/7425 7663/7663
f 7683/7683 7685/7685 7697/7697
f 7683/7683 7697/7697 7695/7695
f 7698/7698 7699/7699 7700/7700
f 7698/7698 7700/7700 7701/7701
f 7698/7698 7701/7701 7702/7702
f 7698/7698 7702/7702 7703/7703
f 7698/7698 7703/7703 7704/7704
f 7705/7705 7698/7698 7704/7704
f 7705/7705 7704/7704 7706/7706
f 7705/7705 7706/7706 7707/7707
f 7708/7708 7698/7698 7705/7705
f 7708/7708 7705/7705 7709/7709
f 7710/7710 7699/7699 7698/7698
f 7710/7710 7698/7698 7708/7708
f 7711/7711 7708/7708 7709/7709
f 7711/7711 7709/7709 7712/7712
f 7713/7713 7710/7710 7708/7708
f 7713/7713 7708/7708 7711/7711
f 7713/7713 7711/7711 7714/7714
f 7713/7713 7714/7714 7715/7715
f 7713/7713 7715/7715 7716/7716
f 7713/7713 7716/7716 7717/7717
f 7714/7714 7711/7711 7712/7712
f 7714/7714 7712/7712 7718/7718
f 7718/7718 7712/7712 7719/7719
f 7718/7718 7719/7719 7720/7720
f 7712/7712 7709/7709 7721/7721
f 7712/7712 7721/7721 7719/7719
f 7720/7720 7719/7719 7722/7722
f 7720/7720 7722/7722 7723/7723
f 7719/7719 7721/7721 7724/7724
f 7719/7719 7724/7724 7722/7722
f 7709/7709 7705/7705 7725/7725
f 7709/7709 7725/7725 7721/7721
f 7721/7721 7725/7725 7726/7726
f 7721/7721 7726/7726 7724/7724
f 7722/7722 7724/7724 7727/7727
f 7722/7722 7727/7727 7728/7728
f 7724/7724 7726/7726 7729/7729
f 7724/7724 7729/7729 7727/7727
f 7729/7729 7726/7726 7730/7730
f 7729/7729 7730/7730 7731/7731
f 7729/7729 7731/7731 7732/7732
f 7726/7726 7725/7725 7733/7733
f 7726/7726 7733/7733 7734/7734
f 7726/7726 7734/7734 7730/7730
f 7727/7727 7729/7729 7735/7735
f 7727/7727 7735/7735 7736/7736
f 7735/7735 7729/7729 7732/7732
f 7735/7735 7732/7732 7737/7737
f 7735/7735 7737/7737 7738/7738
f 7668/7668 7739/7739 7740/7740
f 7668/7668 7740/7740 7741/7741
f 7668/7668 7741/7741 7670/7670
f 7735/7735 7738/7738 7742/7742
f 7735/7735 7742/7742 3783/3783
f 7735/7735 3783/3783 7743/7743
f 7739/7739 7744/7744 3792/3792
f 7739/7739 3792/3792 7740/7740
f 7739/7739 7745/7745 7746/7746
f 7739/7739 7746/7746 7747/7747
f 7739/7739 7747/7747 7744/7744
f 7668/7668 7666/7666 7745/7745
f 7668/7668 7745/7745 7739/7739
f 7746/7746 7660/7660 7748/7748
f 7746/7746 7748/7748 7747/7747
f 7660/7660 7655/7655 7656/7656
f 7660/7660 7656/7656 7748/7748
f 7745/7745 7659/7659 7660/7660
f 7745/7745 7660/7660 7746/7746
f 7666/7666 7661/7661 7659/7659
f 7666/7666 7659/7659 7745/7745
f 7736/7736 7735/7735 7743/7743
f 7736/7736 7743/7743 7749/7749
f 7750/7750 7736/7736 7749/7749
f 7750/7750 7749/7749 7751/7751
f 7752/7752 7750/7750 7751/7751
f 7752/7752 7751/7751 7753/7753
f 7754/7754 7728/7728 7750/7750
f 7754/7754 7750/7750 7752/7752
f 7728/7728 7727/7727 7736/7736
f 7728/7728 7736/7736 7750/7750
f 7723/7723 7722/7722 7728/7728
f 7723/7723 7728/7728 7754/7754
f 7755/7755 7754/7754 7752/7752
f 7755/7755 7752/7752 7756/7756
f 7757/7757 7723/7723 7754/7754
f 7757/7757 7754/7754 7755/7755
f 7758/7758 7720/7720 7723/7723
f 7758/7758 7723/7723 7757/7757
f 7757/7757 7755/7755 7759/7759
f 7757/7757 7759/7759 7760/7760
f 7758/7758 7757/7757 7760/7760
f 7758/7758 7760/7760 7761/7761
f 7758/7758 7761/7761 7762/7762
f 7763/7763 7758/7758 7762/7762
f 7763/7763 7762/7762 7764/7764
f 7765/7765 7763/7763 7764/7764
f 7765/7765 7764/7764 7766/7766
f 7765/7765 7766/7766 7767/7767
f 7765/7765 7767/7767 7768/7768
f 7765/7765 7768/7768 7769/7769
f 7765/7765 7714/7714 7718/7718
f 7765/7765 7718/7718 7763/7763
f 7714/7714 7765/7765 7769/7769
f 7714/7714 7769/7769 7770/7770
f 7714/7714 7770/7770 7715/7715
f 7771/7771 7772/7772 7773/7773
f 7771/7771 7773/7773 7774/7774
f 7771/7771 7774/7774 7775/7775
f 7775/7775 7776/7776 7777/7777
f 7775/7775 7777/7777 7778/7778
f 7775/7775 7778/7778 7779/7779
f 7775/7775 7779/7779 7780/7780
f 7775/7775 7780/7780 7781/7781
f 7775/7775 7781/7781 7771/7771
f 7357/7357 7782/7782 7783/7783
f 7357/7357 7783/7783 7784/7784
f 7357/7357 7784/7784 7785/7785
f 7357/7357 7785/7785 7358/7358
f 7710/7710 7713/7713 7717/7717
f 7710/7710 7717/7717 7786/7786
f 7710/7710 7786/7786 7787/7787
f 7699/7699 7710/7710 7787/7787
f 7699/7699 7787/7787 7700/7700
f 7788/7788 7789/7789 7790/7790
f 7788/7788 7790/7790 7791/7791
f 7788/7788 7791/7791 7792/7792
f 7788/7788 7792/7792 7793/7793
f 7788/7788 7793/7793 7794/7794
f 7788/7788 7794/7794 7795/7795
f 7788/7788 7795/7795 7796/7796
f 7788/7788 7796/7796 7797/7797
f 7788/7788 7797/7797 7798/7798
f 7788/7788 7799/7799 7800/7800
f 7788/7788 7800/7800 7801/7801
f 7788/7788 7801/7801 7789/7789
f 7799/7799 7788/7788 7798/7798
f 7799/7799 7798/7798 7802/7802
f 7799/7799 7802/7802 7803/7803
f 7804/7804 7805/7805 7806/7806
f 7804/7804 7806/7806 7807/7807
f 7804/7804 7807/7807 7808/7808
f 7804/7804 7808/7808 7809/7809
f 7804/7804 7809/7809 7810/7810
f 7804/7804 7810/7810 7811/7811
f 7811/7811 7812/7812 7813/7813
f 7811/7811 7813/7813 7814/7814
f 7811/7811 7814/7814 7815/7815
f 7811/7811 7815/7815 7804/7804
f 7799/7799 7803/7803 7816/7816
f 7799/7799 7816/7816 3554/3554
f 7799/7799 3554/3554 7817/7817
f 7813/7813 7818/7818 7819/7819
f 7813/7813 7819/7819 7820/7820
f 7813/7813 7820/7820 7814/7814
f 7821/7821 7822/7822 7823/7823
f 7821/7821 7823/7823 7824/7824
f 7821/7821 7824/7824 7825/7825
f 7821/7821 7825/7825 7826/7826
f 7799/7799 7817/7817 7827/7827
f 7799/7799 7827/7827 7828/7828
f 7799/7799 7828/7828 7829/7829
f 7799/7799 7829/7829 7800/7800
f 7821/7821 7830/7830 7831/7831
f 7821/7821 7831/7831 7832/7832
f 7821/7821 7832/7832 7822/7822
f 7833/7833 7834/7834 7835/7835
f 7833/7833 7835/7835 7836/7836
f 7833/7833 7836/7836 7837/7837
f 7833/7833 7837/7837 7838/7838
f 7833/7833 7838/7838 7839/7839
f 7833/7833 7839/7839 7840/7840
f 7833/7833 7840/7840 7841/7841
f 7833/7833 7841/7841 7842/7842
f 7833/7833 7842/7842 7843/7843
f 7833/7833 7843/7843 7844/7844
f 7833/7833 7844/7844 7845/7845
f 7833/7833 7845/7845 7846/7846
f 7833/7833 7846/7846 7847/7847
f 7833/7833 7847/7847 7848/7848
f 7849/7849 7850/7850 7851/7851
f 7849/7849 7851/7851 7852/7852
f 7849/7849 7853/7853 7854/7854
f 7849/7849 7854/7854 7313/7313
f 7849/7849 7313/7313 7338/7338
f 7849/7849 7338/7338 7855/7855
f 7849/7849 7855/7855 7850/7850
f 7849/7849 7852/7852 7856/7856
f 7849/7849 7856/7856 7857/7857
f 7849/7849 7857/7857 7853/7853
f 7858/7858 7859/7859 7860/7860
f 7858/7858 7860/7860 7861/7861
f 7858/7858 7861/7861 7862/7862
f 7858/7858 7862/7862 7863/7863
f 7858/7858 7863/7863 7864/7864
f 7858/7858 7864/7864 7865/7865
f 7865/7865 7866/7866 7867/7867
f 7865/7865 7867/7867 7868/7868
f 7865/7865 7868/7868 7858/7858
f 7869/7869 7870/7870 7871/7871
f 7869/7869 7871/7871 7872/7872
f 7869/7869 7872/7872 7873/7873
f 7869/7869 7873/7873 7874/7874
f 7869/7869 7874/7874 7875/7875
f 7869/7869 7875/7875 7876/7876
f 7869/7869 7876/7876 7877/7877
f 7869/7869 7877/7877 7878/7878
f 7869/7869 7878/7878 7879/7879
f 7869/7869 7879/7879 7880/7880
f 7869/7869 7880/7880 7881/7881
f 7869/7869 7881/7881 7882/7882
f 7869/7869 7882/7882 7883/7883
f 7883/7883 7884/7884 7885/7885
f 7883/7883 7885/7885 7886/7886
f 7883/7883 7886/7886 7887/7887
f 7883/7883 7887/7887 7888/7888
f 7883/7883 7888/7888 7889/7889
f 7883/7883 7889/7889 7890/7890
f 7883/7883 7890/7890 7891/7891
f 7883/7883 7891/7891 7892/7892
f 7883/7883 7892/7892 7893/7893
f 7883/7883 7893/7893 7894/7894
f 7883/7883 7894/7894 7869/7869
f 7895/7895 7896/7896 7897/7897
f 7895/7895 7897/7897 7898/7898
f 7895/7895 7898/7898 7899/7899
f 7895/7895 7899/7899 7900/7900
f 7901/7901 7895/7895 7900/7900
f 7901/7901 7900/7900 7902/7902
f 7903/7903 7904/7904 7905/7905
f 7903/7903 7905/7905 7906/7906
f 7903/7903 7906/7906 7907/7907
f 7903/7903 7907/7907 7908/7908
f 7903/7903 7908/7908 7909/7909
f 7903/7903 7909/7909 7910/7910
f 7903/7903 7910/7910 7911/7911
f 7903/7903 7911/7911 7912/7912
f 7903/7903 7912/7912 7913/7913
f 7903/7903 7913/7913 7914/7914
f 7915/7915 7901/7901 7902/7902
f 7915/7915 7902/7902 7916/7916
f 7917/7917 7915/7915 7916/7916
f 7917/7917 7916/7916 7918/7918
f 7919/7919 7917/7917 7918/7918
f 7919/7919 7918/7918 7920/7920
f 7921/7921 7919/7919 7920/7920
f 7921/7921 7920/7920 7922/7922
f 7923/7923 7924/7924 7921/7921
f 7923/7923 7921/7921 7922/7922
f 7923/7923 7922/7922 7925/7925
f 7923/7923 7925/7925 7926/7926
f 7887/7887 7927/7927 7928/7928
f 7887/7887 7928/7928 7929/7929
f 7887/7887 7929/7929 7930/7930
f 7887/7887 7930/7930 7931/7931
f 7887/7887 7931/7931 7888/7888
f 7932/7932 7933/7933 7887/7887
f 7932/7932 7887/7887 7886/7886
f 7932/7932 7886/7886 7934/7934
f 7932/7932 7934/7934 7935/7935
f 7887/7887 7933/7933 7936/7936
f 7887/7887 7936/7936 7937/7937
f 7887/7887 7937/7937 7927/7927
f 7938/7938 7939/7939 7940/7940
f 7938/7938 7940/7940 7941/7941
f 7938/7938 7941/7941 7942/7942
f 7938/7938 7942/7942 7943/7943
f 7938/7938 7943/7943 7944/7944
f 7938/7938 7944/7944 7945/7945
f 7941/7941 7946/7946 7947/7947
f 7941/7941 7947/7947 7942/7942
f 7948/7948 7949/7949 7950/7950
f 7948/7948 7950/7950 7951/7951
f 7948/7948 7951/7951 7911/7911
f 7946/7946 7952/7952 7953/7953
f 7946/7946 7953/7953 7954/7954
f 7946/7946 7954/7954 7955/7955
f 7946/7946 7955/7955 7947/7947
f 7910/7910 7956/7956 7957/7957
f 7910/7910 7957/7957 7958/7958
f 7910/7910 7958/7958 7959/7959
f 7910/7910 7959/7959 7948/7948
f 7910/7910 7948/7948 7911/7911
f 7953/7953 7960/7960 7961/7961
f 7953/7953 7961/7961 7962/7962
f 7953/7953 7962/7962 7963/7963
f 7953/7953 7963/7963 7954/7954
f 7957/7957 7964/7964 7965/7965
f 7957/7957 7965/7965 7966/7966
f 7957/7957 7966/7966 7958/7958
f 7967/7967 7968/7968 7969/7969
f 7967/7967 7969/7969 7970/7970
f 7967/7967 7970/7970 7971/7971
f 7972/7972 7973/7973 7974/7974
f 7972/7972 7974/7974 7975/7975
f 7972/7972 7975/7975 7976/7976
f 7972/7972 7976/7976 7977/7977
f 7929/7929 7978/7978 7979/7979
f 7929/7929 7979/7979 7980/7980
f 7929/7929 7980/7980 7930/7930
f 7981/7981 7982/7982 7983/7983
f 7981/7981 7983/7983 7984/7984
f 7981/7981 7984/7984 7985/7985
f 7986/7986 7987/7987 7981/7981
f 7986/7986 7981/7981 7985/7985
f 7986/7986 7985/7985 7988/7988
f 7986/7986 7988/7988 7989/7989
f 7986/7986 7989/7989 7990/7990
f 7991/7991 7992/7992 7993/7993
f 7991/7991 7993/7993 7994/7994
f 7991/7991 7994/7994 7995/7995
f 7991/7991 7995/7995 7996/7996
f 7997/7997 7998/7998 7999/7999
f 7999/7999 8000/8000 8001/8001
f 7999/7999 8001/8001 7285/7285
f 7999/7999 7285/7285 7288/7288
f 7999/7999 7288/7288 8002/8002
f 7999/7999 8002/8002 8003/8003
f 7999/7999 8003/8003 7997/7997
f 8004/8004 8005/8005 7986/7986
f 8004/8004 7986/7986 7990/7990
f 8004/8004 7990/7990 8006/8006
f 8007/8007 8008/8008 8009/8009
f 8007/8007 8009/8009 8010/8010
f 8007/8007 8010/8010 8011/8011
f 8007/8007 8011/8011 8012/8012
f 8009/8009 8013/8013 8014/8014
f 8009/8009 8014/8014 8015/8015
f 8009/8009 8015/8015 8016/8016
f 8009/8009 8016/8016 8010/8010
f 8017/8017 8018/8018 8019/8019
f 8017/8017 8019/8019 7967/7967
f 8017/8017 7967/7967 7971/7971
f 8017/8017 7971/7971 8020/8020
f 8017/8017 8020/8020 8021/8021
f 8014/8014 8022/8022 8023/8023
f 8014/8014 8023/8023 8015/8015
f 8024/8024 8017/8017 8021/8021
f 8024/8024 8021/8021 8025/8025
f 8024/8024 8025/8025 8026/8026
f 8027/8027 8028/8028 8029/8029
f 8027/8027 8029/8029 7262/7262
f 8027/8027 7262/7262 7265/7265
f 8027/8027 7265/7265 8030/8030
f 8027/8027 8030/8030 8031/8031
f 8027/8027 8031/8031 8032/8032
f 8033/8033 8034/8034 8035/8035
f 8033/8033 8035/8035 8036/8036
f 8033/8033 8036/8036 8024/8024
f 8033/8033 8024/8024 8026/8026
f 8033/8033 8026/8026 8037/8037
f 8033/8033 8037/8037 8038/8038
f 8033/8033 8038/8038 8039/8039
f 8040/8040 8041/8041 8007/8007
f 8040/8040 8007/8007 8012/8012
f 8040/8040 8012/8012 8042/8042
f 8040/8040 8042/8042 8043/8043
f 8044/8044 8040/8040 8043/8043
f 8044/8044 8043/8043 8045/8045
f 7862/7862 8046/8046 8047/8047
f 7862/7862 8047/8047 8004/8004
f 7862/7862 8004/8004 8006/8006
f 7862/7862 8006/8006 8048/8048
f 7862/7862 8048/8048 8049/8049
f 7862/7862 8049/8049 8050/8050
f 7862/7862 8050/8050 7863/7863
f 8051/8051 8052/8052 8044/8044
f 8051/8051 8044/8044 8045/8045
f 8051/8051 8045/8045 8053/8053
f 8051/8051 8053/8053 8054/8054
f 8055/8055 8051/8051 8054/8054
f 8055/8055 8054/8054 8056/8056
f 8057/8057 8058/8058 8033/8033
f 8057/8057 8033/8033 8039/8039
f 8057/8057 8039/8039 8059/8059
f 8057/8057 8059/8059 8060/8060
f 8057/8057 8060/8060 8061/8061
f 8057/8057 8061/8061 8062/8062
f 8063/8063 8055/8055 8056/8056
f 8063/8063 8056/8056 8064/8064
f 8065/8065 8066/8066 8063/8063
f 8065/8065 8063/8063 8064/8064
f 8065/8065 8064/8064 8067/8067
f 8065/8065 8067/8067 8068/8068
f 8062/8062 8069/8069 8070/8070
f 8062/8062 8070/8070 8071/8071
f 8062/8062 8071/8071 8057/8057
f 8072/8072 8073/8073 8074/8074
f 8072/8072 8074/8074 8075/8075
f 8072/8072 8075/8075 8076/8076
f 7914/7914 8077/8077 8078/8078
f 7914/7914 8078/8078 8079/8079
f 7914/7914 8079/8079 8080/8080
f 7914/7914 8080/8080 8081/8081
f 7914/7914 8081/8081 8082/8082
f 7914/7914 8082/8082 8083/8083
f 7914/7914 8083/8083 8084/8084
f 7914/7914 8084/8084 8085/8085
f 7914/7914 8085/8085 8086/8086
f 7914/7914 8086/8086 8087/8087
f 7914/7914 8087/8087 8088/8088
f 7914/7914 8088/8088 8089/8089
f 7914/7914 8089/8089 7903/7903
f 7010/7010 8090/8090 8091/8091
f 7010/7010 8091/8091 8092/8092
f 7010/7010 8092/8092 8093/8093
f 7010/7010 8093/8093 8094/8094
f 7010/7010 8094/8094 8095/8095
f 7010/7010 8095/8095 8096/8096
f 7010/7010 8096/8096 8097/8097
f 7010/7010 8097/8097 8098/8098
f 7010/7010 8098/8098 8099/8099
f 7010/7010 8099/8099 8100/8100
f 7010/7010 8100/8100 8101/8101
f 7010/7010 8101/8101 8102/8102
f 7010/7010 8102/8102 7007/7007
f 8068/8068 8103/8103 8104/8104
f 8068/8068 8104/8104 8065/8065
f 7897/7897 8105/8105 8106/8106
f 7897/7897 8106/8106 7898/7898
f 8107/8107 8108/8108 7912/7912
f 8107/8107 7912/7912 7911/7911
f 8107/8107 7911/7911 7951/7951
f 8107/8107 7951/7951 8109/8109
f 8076/8076 8110/8110 8111/8111
f 8076/8076 8111/8111 8112/8112
f 8076/8076 8112/8112 8113/8113
f 8076/8076 8113/8113 8072/8072
f 8111/8111 8114/8114 8115/8115
f 8111/8111 8115/8115 8116/8116
f 8111/8111 8116/8116 8112/8112
f 7176/7176 8117/8117 8118/8118
f 7176/7176 8118/8118 8119/8119
f 7176/7176 8119/8119 7177/7177
f 7160/7160 8120/8120 8121/8121
f 7160/7160 8121/8121 8122/8122
f 7160/7160 8122/8122 7161/7161
f 8032/8032 8123/8123 8027/8027
f 7996/7996 7266/7266 7273/7273
f 7996/7996 7273/7273 7991/7991
f 8124/8124 8125/8125 7923/7923
f 8124/8124 7923/7923 7926/7926
f 8124/8124 7926/7926 8126/8126
f 8124/8124 8126/8126 8127/8127
f 8127/8127 8128/8128 8129/8129
f 8127/8127 8129/8129 8124/8124
f 6606/6606 8130/8130 8107/8107
f 6606/6606 8107/8107 8109/8109
f 6606/6606 8109/8109 8131/8131
f 6606/6606 8131/8131 8132/8132
f 6606/6606 8132/8132 8133/8133
f 6606/6606 8133/8133 8134/8134
f 6606/6606 8134/8134 8135/8135
f 6606/6606 8135/8135 6607/6607
f 8136/8136 7938/7938 7945/7945
f 8136/8136 7945/7945 8137/8137
f 6580/6580 8138/8138 8139/8139
f 6580/6580 8139/8139 8140/8140
f 6580/6580 8140/8140 8141/8141
f 6580/6580 8141/8141 8142/8142
f 6580/6580 8142/8142 7932/7932
f 6580/6580 7932/7932 7935/7935
f 6580/6580 7935/7935 8143/8143
f 6580/6580 8143/8143 6581/6581
f 8144/8144 8136/8136 8137/8137
f 8144/8144 8137/8137 8145/8145
f 8146/8146 8144/8144 8145/8145
f 8146/8146 8145/8145 8147/8147
f 8148/8148 8146/8146 8147/8147
f 8148/8148 8147/8147 8149/8149
f 8150/8150 8151/8151 8148/8148
f 8150/8150 8148/8148 8149/8149
f 8150/8150 8149/8149 8152/8152
f 8150/8150 8152/8152 8153/8153
f 6996/6996 8154/8154 6938/6938
f 6996/6996 6938/6938 6943/6943
f 6996/6996 6943/6943 8155/8155
f 6996/6996 8155/8155 6997/6997
f 8156/8156 6592/6592 6597/6597
f 8156/8156 6597/6597 8157/8157
f 8158/8158 8156/8156 8157/8157
f 8158/8158 8157/8157 8159/8159
f 8160/8160 8158/8158 8159/8159
f 8160/8160 8159/8159 8161/8161
f 8161/8161 8162/8162 8163/8163
f 8161/8161 8163/8163 8160/8160
f 8164/8164 8165/8165 8166/8166
f 8164/8164 8166/8166 8167/8167
f 8164/8164 8167/8167 8168/8168
f 5034/5034 5033/5033 8169/8169
f 5034/5034 8169/8169 8170/8170
f 5035/5035 5034/5034 8170/8170
f 5035/5035 8170/8170 8171/8171
f 5036/5036 5035/5035 8171/8171
f 5036/5036 8171/8171 8172/8172
f 5037/5037 5036/5036 8172/8172
f 5037/5037 8172/8172 8173/8173
f 5038/5038 5037/5037 8173/8173
f 5038/5038 8173/8173 8174/8174
f 5039/5039 5038/5038 8174/8174
f 5039/5039 8174/8174 8175/8175
f 5040/5040 5039/5039 8175/8175
f 5040/5040 8175/8175 8176/8176
f 5041/5041 5040/5040 8176/8176
f 5041/5041 8176/8176 8177/8177
f 5042/5042 5041/5041 8177/8177
f 5042/5042 8177/8177 8178/8178
f 5043/5043 5042/5042 8178/8178
f 5043/5043 8178/8178 8179/8179
f 5044/5044 5043/5043 8179/8179
f 5044/5044 8179/8179 8180/8180
f 5044/5044 8180/8180 8181/8181
f 5044/5044 8181/8181 8182/8182
f 5044/5044 8182/8182 5045/5045
f 8183/8183 8150/8150 8153/8153
f 8183/8183 8153/8153 8184/8184
f 8185/8185 8186/8186 8183/8183
f 8185/8185 8183/8183 8184/8184
f 8185/8185 8184/8184 8187/8187
f 8185/8185 8187/8187 8188/8188
f 8189/8189 8190/8190 8185/8185
f 8189/8189 8185/8185 8188/8188
f 8189/8189 8188/8188 8191/8191
f 8189/8189 8191/8191 8192/8192
f 6670/6670 8189/8189 8192/8192
f 6670/6670 8192/8192 6665/6665
f 8193/8193 8194/8194 6569/6569
f 8193/8193 6569/6569 6572/6572
f 8193/8193 6572/6572 8195/8195
f 8193/8193 8195/8195 8196/8196
f 8197/8197 6566/6566 6568/6568
f 8197/8197 6568/6568 8198/8198
f 8197/8197 8198/8198 8199/8199
f 7821/7821 8197/8197 8199/8199
f 7821/7821 8199/8199 8200/8200
f 7821/7821 8200/8200 7830/7830
f 6566/6566 8197/8197 8201/8201
f 6566/6566 8201/8201 8202/8202
f 6566/6566 8202/8202 8203/8203
f 8197/8197 7821/7821 7826/7826
f 8197/8197 7826/7826 8204/8204
f 8197/8197 8204/8204 8201/8201
f 8205/8205 8206/8206 3548/3548
f 8205/8205 3548/3548 3553/3553
f 8205/8205 3553/3553 8207/8207
f 8205/8205 8207/8207 8208/8208
f 8209/8209 8210/8210 8205/8205
f 8209/8209 8205/8205 8208/8208
f 8209/8209 8208/8208 8211/8211
f 8209/8209 8211/8211 8212/8212
f 6540/6540 6566/6566 8203/8203
f 6540/6540 8203/8203 8213/8213
f 6540/6540 8213/8213 6541/6541
f 6501/6501 8214/8214 8209/8209
f 6501/6501 8209/8209 8212/8212
f 6501/6501 8212/8212 8215/8215
f 6501/6501 8215/8215 6495/6495
f 8216/8216 8217/8217 6481/6481
f 8216/8216 6481/6481 6484/6484
f 8216/8216 6484/6484 8218/8218
f 8216/8216 8218/8218 8219/8219
f 8220/8220 8221/8221 8216/8216
f 8220/8220 8216/8216 8219/8219
f 8220/8220 8219/8219 8222/8222
f 8220/8220 8222/8222 8223/8223
f 6480/6480 8224/8224 8225/8225
f 6480/6480 8225/8225 8226/8226
f 6480/6480 8226/8226 8227/8227
f 6480/6480 8227/8227 6474/6474
f 8225/8225 8228/8228 8229/8229
f 8225/8225 8229/8229 8230/8230
f 8225/8225 8230/8230 8231/8231
f 8225/8225 8231/8231 8226/8226
f 3545/3545 8232/8232 8220/8220
f 3545/3545 8220/8220 8223/8223
f 3545/3545 8223/8223 8233/8233
f 3545/3545 8233/8233 3546/3546
f 8229/8229 8234/8234 3528/3528
f 8229/8229 3528/3528 3533/3533
f 8229/8229 3533/3533 8235/8235
f 8229/8229 8235/8235 8230/8230
f 7848/7848 8236/8236 8193/8193
f 7848/7848 8193/8193 8196/8196
f 7848/7848 8196/8196 8237/8237
f 7848/7848 8237/8237 8238/8238
f 7848/7848 8238/8238 7833/7833
f 8239/8239 8240/8240 8241/8241
f 8239/8239 8241/8241 8242/8242
f 8239/8239 8242/8242 8243/8243
f 8239/8239 8243/8243 8244/8244
f 8239/8239 8244/8244 8245/8245
f 8244/8244 8246/8246 8247/8247
f 8244/8244 8247/8247 8248/8248
f 8244/8244 8248/8248 8245/8245
f 8249/8249 8250/8250 8251/8251
f 8249/8249 8251/8251 8239/8239
f 8249/8249 8239/8239 8245/8245
f 8248/8248 8252/8252 8249/8249
f 8248/8248 8249/8249 8245/8245
f 8253/8253 8254/8254 8255/8255
f 8253/8253 8255/8255 8256/8256
f 7763/7763 7718/7718 7720/7720
f 7763/7763 7720/7720 7758/7758
f 7755/7755 7756/7756 8257/8257
f 7755/7755 8257/8257 7759/7759
f 7756/7756 8258/8258 8259/8259
f 7756/7756 8259/8259 8257/8257
f 7756/7756 7752/7752 7753/7753
f 7756/7756 7753/7753 8258/8258
f 7725/7725 7705/7705 7707/7707
f 7725/7725 7707/7707 8260/8260
f 7725/7725 8260/8260 7733/7733
f 7274/7274 8261/8261 8262/8262
f 7274/7274 8262/8262 7275/7275
f 8261/8261 8263/8263 8264/8264
f 8261/8261 8264/8264 8262/8262
f 8263/8263 8265/8265 8266/8266
f 8263/8263 8266/8266 8264/8264
f 8265/8265 8267/8267 8268/8268
f 8265/8265 8268/8268 8269/8269
f 8265/8265 8269/8269 8270/8270
f 8265/8265 8270/8270 8266/8266
f 8268/8268 8271/8271 8272/8272
f 8268/8268 8272/8272 8269/8269
f 8271/8271 6691/6691 6694/6694
f 8271/8271 6694/6694 8272/8272
f 6906/6906 8164/8164 8168/8168
f 6906/6906 8168/8168 6907/6907
f 5052/5052 5048/5048 6523/6523
f 5052/5052 6523/6523 8273/8273
f 5052/5052 8273/8273 8274/8274
f 5052/5052 8274/8274 8275/8275
f 6514/6514 8276/8276 8277/8277
f 6514/6514 8277/8277 8278/8278
f 6514/6514 8278/8278 6515/6515
f 8277/8277 8279/8279 8280/8280
f 8277/8277 8280/8280 8281/8281
f 8277/8277 8281/8281 8282/8282
f 8277/8277 8282/8282 8278/8278
f 6507/6507 8283/8283 8284/8284
f 6507/6507 8284/8284 8285/8285
f 6507/6507 8285/8285 8286/8286
f 6507/6507 8286/8286 8287/8287
f 6507/6507 8287/8287 8288/8288
f 6507/6507 8288/8288 8289/8289
f 6507/6507 8289/8289 8290/8290
f 6507/6507 8290/8290 8291/8291
f 6507/6507 8291/8291 8292/8292
f 6507/6507 8292/8292 8293/8293
f 6507/6507 8293/8293 8294/8294
f 6507/6507 8294/8294 8295/8295
f 6507/6507 8295/8295 8296/8296
f 6507/6507 8296/8296 8297/8297
f 6507/6507 8297/8297 8298/8298
f 6507/6507 8298/8298 8299/8299
f 6507/6507 8299/8299 8300/8300
f 6507/6507 8300/8300 8301/8301
f 6507/6507 8301/8301 8302/8302
f 6507/6507 8302/8302 8303/8303
f 6507/6507 8303/8303 6508/6508
f 6507/6507 6506/6506 8304/8304
f 6507/6507 8304/8304 8283/8283
f 6506/6506 6505/6505 8305/8305
f 6506/6506 8305/8305 8304/8304
f 8283/8283 8304/8304 8306/8306
f 8283/8283 8306/8306 8307/8307
f 8283/8283 8307/8307 8308/8308
f 8304/8304 8305/8305 8309/8309
f 8304/8304 8309/8309 8310/8310
f 8304/8304 8310/8310 8311/8311
f 8304/8304 8311/8311 8312/8312
f 8304/8304 8312/8312 8313/8313
f 8304/8304 8313/8313 8314/8314
f 8304/8304 8314/8314 8315/8315
f 8304/8304 8315/8315 8306/8306
f 8316/8316 8317/8317 8318/8318
f 8316/8316 8318/8318 8319/8319
f 8320/8320 8321/8321 8322/8322
f 8320/8320 8322/8322 8323/8323
f 8324/8324 8325/8325 8326/8326
f 8324/8324 8326/8326 8327/8327
f 8328/8328 8329/8329 8330/8330
f 8331/8331 8332/8332 8333/8333
f 8331/8331 8333/8333 8334/8334
f 8331/8331 8334/8334 8335/8335
f 8331/8331 8335/8335 8336/8336
f 8331/8331 8336/8336 8337/8337
f 8331/8331 8337/8337 8338/8338
f 8331/8331 8338/8338 8339/8339
f 8331/8331 8339/8339 8340/8340
f 8331/8331 8340/8340 8341/8341
f 8342/8342 8343/8343 8344/8344
f 8342/8342 8344/8344 8345/8345
f 8342/8342 8345/8345 8346/8346
f 8342/8342 8346/8346 8347/8347
f 8342/8342 8347/8347 8348/8348
f 8342/8342 8348/8348 8349/8349
f 8342/8342 8349/8349 8332/8332
f 8350/8350 8351/8351 8352/8352
f 8350/8350 8352/8352 8353/8353
f 8350/8350 8353/8353 8327/8327
f 8350/8350 8327/8327 8326/8326
f 8350/8350 8326/8326 8354/8354
f 8355/8355 8356/8356 8350/8350
f 8355/8355 8350/8350 8354/8354
f 8355/8355 8354/8354 8357/8357
f 8358/8358 8359/8359 8360/8360
f 8358/8358 8360/8360 8361/8361
f 8358/8358 8361/8361 8362/8362
f 8363/8363 8358/8358 8362/8362
f 8363/8363 8362/8362 8364/8364
f 8365/8365 8363/8363 8364/8364
f 8365/8365 8364/8364 8366/8366
f 8284/8284 8283/8283 8308/8308
f 8284/8284 8308/8308 8367/8367
f 8284/8284 8367/8367 8368/8368
f 8284/8284 8368/8368 8369/8369
f 8284/8284 8369/8369 8370/8370
f 8284/8284 8370/8370 8371/8371
f 8366/8366 8372/8372 8373/8373
f 8366/8366 8373/8373 8374/8374
f 8366/8366 8374/8374 8365/8365
f 8360/8360 8375/8375 8376/8376
f 8360/8360 8376/8376 8377/8377
f 8360/8360 8377/8377 8378/8378
f 8360/8360 8378/8378 8379/8379
f 8360/8360 8379/8379 8380/8380
f 8360/8360 8380/8380 8361/8361
f 8285/8285 8284/8284 8371/8371
f 8285/8285 8371/8371 8381/8381
f 8285/8285 8381/8381 8382/8382
f 8285/8285 8382/8382 8383/8383
f 8378/8378 8384/8384 8385/8385
f 8378/8378 8385/8385 8379/8379
f 8386/8386 8387/8387 8388/8388
f 8386/8386 8388/8388 8389/8389
f 8386/8386 8389/8389 8390/8390
f 8386/8386 8390/8390 8391/8391
f 8389/8389 8392/8392 8393/8393
f 8389/8389 8393/8393 8390/8390
f 8392/8392 8355/8355 8357/8357
f 8392/8392 8357/8357 8393/8393
f 8391/8391 8394/8394 8395/8395
f 8391/8391 8395/8395 8396/8396
f 8391/8391 8396/8396 8397/8397
f 8391/8391 8397/8397 8398/8398
f 8391/8391 8398/8398 8399/8399
f 8391/8391 8399/8399 8400/8400
f 8391/8391 8400/8400 8401/8401
f 8391/8391 8401/8401 8402/8402
f 8391/8391 8402/8402 8403/8403
f 8391/8391 8403/8403 8404/8404
f 8391/8391 8404/8404 8386/8386
f 8384/8384 8405/8405 8406/8406
f 8384/8384 8406/8406 8407/8407
f 8384/8384 8407/8407 8408/8408
f 8384/8384 8408/8408 8385/8385
f 8406/8406 8409/8409 8410/8410
f 8406/8406 8410/8410 8411/8411
f 8406/8406 8411/8411 8407/8407
f 8409/8409 8412/8412 8413/8413
f 8409/8409 8413/8413 8414/8414
f 8409/8409 8414/8414 8415/8415
f 8409/8409 8415/8415 8416/8416
f 8409/8409 8416/8416 8417/8417
f 8409/8409 8417/8417 8418/8418
f 8409/8409 8418/8418 8419/8419
f 8409/8409 8419/8419 8420/8420
f 8409/8409 8420/8420 8421/8421
f 8409/8409 8421/8421 8422/8422
f 8409/8409 8422/8422 8410/8410
f 8287/8287 8286/8286 8423/8423
f 8287/8287 8423/8423 8424/8424
f 8287/8287 8424/8424 8425/8425
f 8286/8286 8285/8285 8383/8383
f 8286/8286 8383/8383 8426/8426
f 8286/8286 8426/8426 8423/8423
f 8288/8288 8287/8287 8425/8425
f 8288/8288 8425/8425 8427/8427
f 8289/8289 8288/8288 8427/8427
f 8289/8289 8427/8427 8428/8428
f 8290/8290 8289/8289 8428/8428
f 8290/8290 8428/8428 8429/8429
f 8291/8291 8290/8290 8429/8429
f 8291/8291 8429/8429 8430/8430
f 8292/8292 8291/8291 8430/8430
f 8292/8292 8430/8430 8431/8431
f 8293/8293 8292/8292 8431/8431
f 8293/8293 8431/8431 8432/8432
f 8294/8294 8293/8293 8432/8432
f 8294/8294 8432/8432 8433/8433
f 8295/8295 8294/8294 8433/8433
f 8295/8295 8433/8433 8434/8434
f 8296/8296 8295/8295 8434/8434
f 8296/8296 8434/8434 8435/8435
f 8297/8297 8296/8296 8435/8435
f 8297/8297 8435/8435 8436/8436
f 8297/8297 8436/8436 8437/8437
f 8297/8297 8437/8437 8438/8438
f 8297/8297 8438/8438 8439/8439
f 8298/8298 8297/8297 8439/8439
f 8298/8298 8439/8439 8440/8440
f 8298/8298 8440/8440 8441/8441
f 8298/8298 8441/8441 8442/8442
f 8443/8443 8444/8444 8445/8445
f 8443/8443 8445/8445 8446/8446
f 8443/8443 8446/8446 8447/8447
f 8448/8448 8443/8443 8447/8447
f 8448/8448 8447/8447 8449/8449
f 8444/8444 8450/8450 8451/8451
f 8444/8444 8451/8451 8445/8445
f 8450/8450 8452/8452 8453/8453
f 8450/8450 8453/8453 8454/8454
f 8450/8450 8454/8454 8455/8455
f 8450/8450 8455/8455 8451/8451
f 8452/8452 8456/8456 8457/8457
f 8452/8452 8457/8457 8458/8458
f 8452/8452 8458/8458 8459/8459
f 8452/8452 8459/8459 8453/8453
f 8460/8460 8461/8461 8462/8462
f 8460/8460 8462/8462 8463/8463
f 8460/8460 8463/8463 8464/8464
f 8460/8460 8464/8464 8465/8465
f 8460/8460 8465/8465 8466/8466
f 8460/8460 8466/8466 8467/8467
f 8460/8460 8467/8467 8468/8468
f 8460/8460 8468/8468 8469/8469
f 8460/8460 8469/8469 8470/8470
f 8460/8460 8470/8470 8471/8471
f 8460/8460 8471/8471 8472/8472
f 8460/8460 8472/8472 8473/8473
f 8460/8460 8473/8473 8474/8474
f 8460/8460 8474/8474 8475/8475
f 8460/8460 8475/8475 8476/8476
f 8460/8460 8476/8476 8477/8477
f 8460/8460 8477/8477 8478/8478
f 8460/8460 8478/8478 8479/8479
f 8460/8460 8479/8479 8480/8480
f 8460/8460 8480/8480 8481/8481
f 8460/8460 8481/8481 8482/8482
f 8460/8460 8482/8482 8483/8483
f 8460/8460 8483/8483 8484/8484
f 8460/8460 8484/8484 8485/8485
f 8460/8460 8485/8485 8486/8486
f 8460/8460 8486/8486 8487/8487
f 8460/8460 8487/8487 8488/8488
f 8460/8460 8488/8488 8489/8489
f 8490/8490 8491/8491 8492/8492
f 8490/8490 8492/8492 8493/8493
f 8493/8493 8494/8494 8495/8495
f 8493/8493 8495/8495 8490/8490
f 8494/8494 8496/8496 8497/8497
f 8494/8494 8497/8497 8495/8495
f 8332/8332 8498/8498 8499/8499
f 8332/8332 8499/8499 8500/8500
f 8332/8332 8500/8500 8501/8501
f 8332/8332 8501/8501 8502/8502
f 8332/8332 8502/8502 8503/8503
f 8332/8332 8503/8503 8504/8504
f 8332/8332 8504/8504 8505/8505
f 8332/8332 8505/8505 8506/8506
f 8332/8332 8506/8506 8507/8507
f 8332/8332 8507/8507 8508/8508
f 8332/8332 8508/8508 8509/8509
f 8332/8332 8509/8509 8510/8510
f 8332/8332 8510/8510 8511/8511
f 8332/8332 8511/8511 8512/8512
f 8332/8332 8512/8512 8513/8513
f 8332/8332 8513/8513 8514/8514
f 8332/8332 8514/8514 8515/8515
f 8332/8332 8515/8515 8516/8516
f 8332/8332 8516/8516 8517/8517
f 8332/8332 8517/8517 8518/8518
f 8332/8332 8518/8518 8519/8519
f 8332/8332 8519/8519 8520/8520
f 8332/8332 8520/8520 8521/8521
f 8332/8332 8521/8521 8522/8522
f 8332/8332 8522/8522 8523/8523
f 8332/8332 8523/8523 8524/8524
f 8332/8332 8524/8524 8525/8525
f 8332/8332 8525/8525 8526/8526
f 8496/8496 8527/8527 8528/8528
f 8496/8496 8528/8528 8497/8497
f 8527/8527 8529/8529 8530/8530
f 8527/8527 8530/8530 8528/8528
f 8529/8529 8531/8531 8532/8532
f 8529/8529 8532/8532 8530/8530
f 8531/8531 8533/8533 8534/8534
f 8531/8531 8534/8534 8532/8532
f 8533/8533 8535/8535 8536/8536
f 8533/8533 8536/8536 8534/8534
f 8535/8535 8537/8537 8538/8538
f 8535/8535 8538/8538 8536/8536
f 8537/8537 8539/8539 8540/8540
f 8537/8537 8540/8540 8538/8538
f 8539/8539 8541/8541 8542/8542
f 8539/8539 8542/8542 8540/8540
f 8541/8541 8543/8543 8544/8544
f 8541/8541 8544/8544 8542/8542
f 8545/8545 8546/8546 8547/8547
f 8545/8545 8547/8547 8548/8548
f 8545/8545 8548/8548 8549/8549
f 8545/8545 8549/8549 8550/8550
f 8545/8545 8550/8550 8551/8551
f 8545/8545 8551/8551 8552/8552
f 8545/8545 8552/8552 8553/8553
f 8545/8545 8553/8553 8554/8554
f 8545/8545 8554/8554 8555/8555
f 8545/8545 8555/8555 8556/8556
f 8545/8545 8556/8556 8557/8557
f 8545/8545 8557/8557 8558/8558
f 8559/8559 8560/8560 8561/8561
f 8559/8559 8561/8561 8562/8562
f 8562/8562 8563/8563 8564/8564
f 8562/8562 8564/8564 8559/8559
f 8565/8565 8566/8566 8567/8567
f 8565/8565 8567/8567 8568/8568
f 8565/8565 8568/8568 8569/8569
f 8565/8565 8569/8569 8570/8570
f 8565/8565 8570/8570 8571/8571
f 8565/8565 8571/8571 8572/8572
f 8565/8565 8572/8572 8573/8573
f 8565/8565 8573/8573 8574/8574
f 8565/8565 8574/8574 8575/8575
f 8565/8565 8575/8575 8576/8576
f 8565/8565 8576/8576 8577/8577
f 8565/8565 8577/8577 8578/8578
f 8563/8563 8579/8579 8580/8580
f 8563/8563 8580/8580 8564/8564
f 8579/8579 8581/8581 8582/8582
f 8579/8579 8582/8582 8580/8580
f 8581/8581 8583/8583 8584/8584
f 8581/8581 8584/8584 8582/8582
f 8583/8583 8585/8585 8586/8586
f 8583/8583 8586/8586 8584/8584
f 8585/8585 8587/8587 8588/8588
f 8585/8585 8588/8588 8586/8586
f 8587/8587 8589/8589 8590/8590
f 8587/8587 8590/8590 8588/8588
f 8589/8589 8591/8591 8592/8592
f 8589/8589 8592/8592 8590/8590
f 8591/8591 8593/8593 8594/8594
f 8591/8591 8594/8594 8592/8592
f 8593/8593 8595/8595 8596/8596
f 8593/8593 8596/8596 8594/8594
f 8597/8597 8598/8598 8599/8599
f 8597/8597 8599/8599 8600/8600
f 8601/8601 8602/8602 8603/8603
f 8601/8601 8603/8603 8604/8604
f 8601/8601 8604/8604 8605/8605
f 8601/8601 8605/8605 8606/8606
f 8601/8601 8606/8606 8607/8607
f 8608/8608 8609/8609 8610/8610
f 8608/8608 8610/8610 8611/8611
f 8608/8608 8611/8611 8612/8612
f 8608/8608 8612/8612 8613/8613
f 8614/8614 8615/8615 8513/8513
f 8614/8614 8513/8513 8616/8616
f 8614/8614 8616/8616 8617/8617
f 8614/8614 8617/8617 8618/8618
f 5126/5126 8608/8608 8613/8613
f 5126/5126 8613/8613 8619/8619
f 5126/5126 8619/8619 5127/5127
f 5123/5123 8620/8620 8621/8621
f 5123/5123 8621/8621 5119/5119
f 5116/5116 8622/8622 8623/8623
f 5116/5116 8623/8623 8624/8624
f 5116/5116 8624/8624 8625/8625
f 5116/5116 8625/8625 5117/5117
f 8626/8626 8627/8627 8628/8628
f 8626/8626 8628/8628 8629/8629
f 8630/8630 8631/8631 8632/8632
f 8630/8630 8632/8632 8633/8633
f 8630/8630 8633/8633 8634/8634
f 8630/8630 8634/8634 8635/8635
f 8630/8630 8635/8635 8636/8636
f 8637/8637 8626/8626 8629/8629
f 8637/8637 8629/8629 8638/8638
f 8638/8638 8639/8639 8640/8640
f 8638/8638 8640/8640 8637/8637
f 8641/8641 8642/8642 8643/8643
f 8641/8641 8643/8643 8644/8644
f 8641/8641 8644/8644 8645/8645
f 8340/8340 8646/8646 8647/8647
f 8340/8340 8647/8647 8648/8648
f 8340/8340 8648/8648 8649/8649
f 8340/8340 8649/8649 8650/8650
f 8340/8340 8650/8650 8651/8651
f 8340/8340 8651/8651 8652/8652
f 8340/8340 8652/8652 8653/8653
f 8340/8340 8653/8653 8654/8654
f 8340/8340 8654/8654 8341/8341
f 8655/8655 8656/8656 8641/8641
f 8655/8655 8641/8641 8645/8645
f 8655/8655 8645/8645 8657/8657
f 8655/8655 8657/8657 8658/8658
f 8654/8654 8659/8659 6470/6470
f 8654/8654 6470/6470 6469/6469
f 8654/8654 6469/6469 8341/8341
f 6489/6489 8660/8660 8655/8655
f 6489/6489 8655/8655 8658/8658
f 6489/6489 8658/8658 8661/8661
f 6489/6489 8661/8661 6485/6485
f 8305/8305 6505/6505 6511/6511
f 8305/8305 6511/6511 8662/8662
f 8305/8305 8662/8662 8663/8663
f 6468/6468 8664/8664 8331/8331
f 6468/6468 8331/8331 8341/8341
f 6468/6468 8341/8341 6469/6469
f 8665/8665 8666/8666 8667/8667
f 8665/8665 8667/8667 8668/8668
f 8665/8665 8668/8668 8669/8669
f 8665/8665 8669/8669 8670/8670
f 8671/8671 8665/8665 8670/8670
f 8671/8671 8670/8670 8672/8672
f 8673/8673 8671/8671 8672/8672
f 8673/8673 8672/8672 8674/8674
f 8305/8305 8663/8663 8675/8675
f 8305/8305 8675/8675 8676/8676
f 8305/8305 8676/8676 8677/8677
f 8305/8305 8677/8677 8678/8678
f 8305/8305 8678/8678 8679/8679
f 8305/8305 8679/8679 8680/8680
f 8305/8305 8680/8680 8681/8681
f 8305/8305 8681/8681 8309/8309
f 8682/8682 8673/8673 8674/8674
f 8682/8682 8674/8674 8683/8683
f 8684/8684 8682/8682 8683/8683
f 8684/8684 8683/8683 8685/8685
f 8685/8685 8686/8686 8687/8687
f 8685/8685 8687/8687 8684/8684
f 8667/8667 8688/8688 8689/8689
f 8667/8667 8689/8689 8668/8668
f 8688/8688 8690/8690 8691/8691
f 8688/8688 8691/8691 8689/8689
f 8690/8690 8692/8692 8693/8693
f 8690/8690 8693/8693 8691/8691
f 8692/8692 8320/8320 8323/8323
f 8692/8692 8323/8323 8693/8693
f 5136/5136 8694/8694 8614/8614
f 5136/5136 8614/8614 8618/8618
f 5136/5136 8618/8618 8695/8695
f 5136/5136 8695/8695 5137/5137
f 8696/8696 8697/8697 8698/8698
f 8696/8696 8698/8698 6359/6359
f 8696/8696 6359/6359 6357/6357
f 5179/5179 8699/8699 8696/8696
f 5179/5179 8696/8696 6357/6357
f 5179/5179 6357/6357 5180/5180
f 8698/8698 8700/8700 8701/8701
f 8698/8698 8701/8701 6408/6408
f 8698/8698 6408/6408 6359/6359
f 6407/6407 8702/8702 8703/8703
f 6407/6407 8703/8703 8704/8704
f 6407/6407 8704/8704 8705/8705
f 6407/6407 8705/8705 8706/8706
f 6407/6407 8706/8706 8707/8707
f 6407/6407 8707/8707 8708/8708
f 6407/6407 8708/8708 8709/8709
f 6407/6407 8709/8709 8710/8710
f 6407/6407 8710/8710 8711/8711
f 6407/6407 8711/8711 8712/8712
f 6407/6407 8712/8712 8713/8713
f 6407/6407 8713/8713 8714/8714
f 6407/6407 8714/8714 8715/8715
f 6407/6407 8715/8715 8716/8716
f 6407/6407 8716/8716 6378/6378
f 8301/8301 8717/8717 8718/8718
f 8301/8301 8718/8718 8302/8302
f 8301/8301 8300/8300 8719/8719
f 8301/8301 8719/8719 8717/8717
f 8300/8300 8299/8299 8720/8720
f 8300/8300 8720/8720 8721/8721
f 8300/8300 8721/8721 8719/8719
f 8299/8299 8298/8298 8442/8442
f 8299/8299 8442/8442 8720/8720
f 5068/5068 8722/8722 8723/8723
f 5068/5068 8723/8723 8724/8724
f 5068/5068 8724/8724 8725/8725
f 5068/5068 8725/8725 8726/8726
f 5068/5068 8726/8726 8727/8727
f 5068/5068 8727/8727 8728/8728
f 5068/5068 8728/8728 8729/8729
f 5068/5068 8729/8729 8730/8730
f 5068/5068 8730/8730 8731/8731
f 5068/5068 8731/8731 8732/8732
f 5068/5068 8732/8732 8733/8733
f 5068/5068 8733/8733 8734/8734
f 5068/5068 8734/8734 8735/8735
f 5068/5068 8735/8735 8736/8736
f 5068/5068 8736/8736 5063/5063
f 5052/5052 8275/8275 8737/8737
f 5052/5052 8737/8737 8738/8738
f 5052/5052 8738/8738 5056/5056
f 8739/8739 8448/8448 8449/8449
f 8739/8739 8449/8449 8740/8740
f 8412/8412 8739/8739 8740/8740
f 8412/8412 8740/8740 8413/8413
f 8741/8741 6352/6352 6351/6351
f 8741/8741 6351/6351 6354/6354
f 4947/4947 8741/8741 6354/6354
f 4947/4947 6354/6354 4942/4942
f 4806/4806 8742/8742 8741/8741
f 4806/4806 8741/8741 4947/4947
f 8742/8742 8743/8743 6352/6352
f 8742/8742 6352/6352 8741/8741
f 8744/8744 6348/6348 6352/6352
f 8744/8744 6352/6352 8743/8743
f 8745/8745 8746/8746 8743/8743
f 8745/8745 8743/8743 8742/8742
f 8747/8747 8748/8748 8744/8744
f 8747/8747 8744/8744 8743/8743
f 8747/8747 8743/8743 8746/8746
f 4026/4026 8747/8747 8746/8746
f 4026/4026 8746/8746 4020/4020
f 4021/4021 4020/4020 8746/8746
f 4021/4021 8746/8746 8745/8745
f 4748/4748 8745/8745 8742/8742
f 4748/4748 8742/8742 4806/4806
f 4736/4736 4021/4021 8745/8745
f 4736/4736 8745/8745 4748/4748
f 4019/4019 4018/4018 4021/4021
f 4019/4019 4021/4021 4736/4736
f 4946/4946 8749/8749 8750/8750
f 4946/4946 8750/8750 8751/8751
f 4946/4946 8751/8751 4796/4796
f 4946/4946 4796/4796 4806/4806
f 4946/4946 4806/4806 4947/4947
f 8752/8752 8753/8753 8754/8754
f 8752/8752 8754/8754 8755/8755
f 8752/8752 8755/8755 8756/8756
f 8752/8752 8756/8756 8757/8757
f 8754/8754 8758/8758 8759/8759
f 8754/8754 8759/8759 8755/8755
f 8758/8758 4972/4972 4975/4975
f 8758/8758 4975/4975 8759/8759
f 8760/8760 8752/8752 8757/8757
f 8760/8760 8757/8757 8761/8761
f 8762/8762 8760/8760 8761/8761
f 8762/8762 8761/8761 8763/8763
f 8764/8764 8762/8762 8763/8763
f 8764/8764 8763/8763 8765/8765
f 8766/8766 8764/8764 8765/8765
f 8766/8766 8765/8765 8767/8767
f 8768/8768 8766/8766 8767/8767
f 8768/8768 8767/8767 8769/8769
f 4795/4795 8768/8768 8769/8769
f 4795/4795 8769/8769 4792/4792
f 5536/5536 8770/8770 5542/5542
f 5536/5536 5542/5542 5537/5537
f 8771/8771 5405/5405 5408/5408
f 8771/8771 5408/5408 8772/8772
f 8773/8773 8771/8771 8772/8772
f 8773/8773 8772/8772 8774/8774
f 8775/8775 8773/8773 8774/8774
f 8775/8775 8774/8774 8776/8776
f 8777/8777 8775/8775 8776/8776
f 8777/8777 8776/8776 8778/8778
f 8779/8779 8777/8777 8778/8778
f 8779/8779 8778/8778 8780/8780
f 8781/8781 8779/8779 8780/8780
f 8781/8781 8780/8780 8782/8782
f 8783/8783 8781/8781 8782/8782
f 8783/8783 8782/8782 8784/8784
f 8784/8784 8785/8785 8786/8786
f 8784/8784 8786/8786 8783/8783
f 8787/8787 8788/8788 8789/8789
f 8787/8787 8789/8789 8790/8790
f 8791/8791 8787/8787 8790/8790
f 8791/8791 8790/8790 8792/8792
f 8793/8793 8791/8791 8792/8792
f 8793/8793 8792/8792 8794/8794
f 8795/8795 8793/8793 8794/8794
f 8795/8795 8794/8794 8796/8796
f 8797/8797 8795/8795 8796/8796
f 8797/8797 8796/8796 8798/8798
f 8799/8799 8797/8797 8798/8798
f 8799/8799 8798/8798 8800/8800
f 8801/8801 8799/8799 8800/8800
f 8801/8801 8800/8800 8802/8802
f 8803/8803 8801/8801 8802/8802
f 8803/8803 8802/8802 8804/8804
f 5360/5360 8803/8803 8804/8804
f 5360/5360 8804/8804 5357/5357
f 5310/5310 5338/5338 5341/5341
f 5310/5310 5341/5341 5311/5311
f 8805/8805 4486/4486 4491/4491
f 8805/8805 4491/4491 8806/8806
f 4169/4169 8805/8805 8806/8806
f 4169/4169 8806/8806 4166/4166
f 4436/4436 8807/8807 8808/8808
f 4436/4436 8808/8808 8809/8809
f 4436/4436 8809/8809 8810/8810
f 4436/4436 8810/8810 8811/8811
f 4436/4436 8811/8811 4430/4430
f 8812/8812 8813/8813 8814/8814
f 8812/8812 8814/8814 8815/8815
f 8816/8816 8817/8817 8818/8818
f 8816/8816 8818/8818 8819/8819
f 8820/8820 8821/8821 8822/8822
f 8820/8820 8822/8822 8823/8823
f 8824/8824 8825/8825 8826/8826
f 8824/8824 8826/8826 8827/8827
f 8824/8824 8827/8827 8828/8828
f 8829/8829 8830/8830 8831/8831
f 8829/8829 8831/8831 8832/8832
f 8819/8819 4219/4219 4222/4222
f 8819/8819 4222/4222 8816/8816
f 8833/8833 8834/8834 8835/8835
f 8833/8833 8835/8835 8836/8836
f 8833/8833 8836/8836 8837/8837

