# https://github.com/mikedh/trimesh
mtllib material.mtl

o _PROTECTIVE_SLEEVE_BLEG2_01_-_brep_1__077-mesh
usemtl material_0
v -0.00580000 0.00670000 -0.00000000
v -0.00560239 -0.00670000 -0.00150113
v -0.00560240 0.00670000 -0.00150113
v -0.00580000 -0.00670000 -0.00000000
v -0.00560240 0.00670000 0.00150113
v -0.00560237 -0.00670000 0.00150119
v -0.00502296 0.00670000 0.00289996
v 0.00560235 0.00670000 0.00150119
v 0.00502294 -0.00670000 0.00289996
v 0.00502294 0.00670000 0.00290002
v 0.00579998 0.00670000 0.00000000
v 0.00560238 -0.00670000 0.00150113
v 0.00410122 -0.00670000 0.00410123
v 0.00410122 0.00670000 0.00410123
v 0.00290002 -0.00670000 0.00502292
v 0.00289998 0.00670000 0.00502295
v 0.00150118 -0.00670000 0.00560236
v 0.00150115 0.00670000 0.00560236
v -0.00000001 -0.00670000 0.00579999
v -0.00000001 0.00670000 0.00579999
v -0.00150117 -0.00670000 0.00560236
v -0.00150120 0.00670000 0.00560236
v -0.00290000 -0.00670000 0.00502295
v -0.00290003 0.00670000 0.00502292
v -0.00410124 -0.00670000 0.00410123
v -0.00410124 0.00670000 0.00410123
v -0.00502296 -0.00670000 0.00290002
v 0.00502297 0.00670000 -0.00289993
v 0.00560238 -0.00670000 -0.00150107
v 0.00560238 0.00670000 -0.00150107
v 0.00410128 0.00670000 -0.00410117
v 0.00502297 -0.00670000 -0.00289993
v 0.00290005 0.00670000 -0.00502292
v 0.00410128 -0.00670000 -0.00410117
v 0.00150121 0.00670000 -0.00560236
v 0.00290005 -0.00670000 -0.00502292
v -0.00000001 0.00670000 -0.00579999
v 0.00150121 -0.00670000 -0.00560236
v 0.00579998 -0.00670000 0.00000000
v -0.00150117 0.00670000 -0.00560236
v -0.00000001 -0.00670000 -0.00579999
v -0.00290000 0.00670000 -0.00502295
v -0.00150117 -0.00670000 -0.00560236
v -0.00410124 0.00670000 -0.00410123
v -0.00290000 -0.00670000 -0.00502295
v -0.00502296 0.00670000 -0.00289999
v -0.00410123 -0.00670000 -0.00410123
v -0.00502296 -0.00670000 -0.00289999
v 0.01564801 -0.01500000 -0.00419289
v 0.01536966 -0.01500000 -0.00511993
v 0.01546033 -0.01500000 -0.00111843
v 0.01539960 -0.01500000 -0.01200002
v 0.01544900 -0.01500000 -0.01389019
v 0.01570767 -0.01496593 -0.01388210
v 0.01536966 -0.01500000 -0.00511993
v 0.01516501 -0.01550000 -0.00406353
v 0.01359659 -0.01550000 -0.00785006
v 0.01539960 -0.01500000 -0.01200002
v 0.01402960 -0.01500000 -0.00810003
v 0.01145514 -0.01500000 -0.01145516
v 0.01145514 -0.01500000 -0.01145516
v 0.01110156 -0.01550000 -0.01110159
v 0.00406351 -0.01550000 -0.01516503
v 0.00217410 -0.01550000 -0.00811379
v 0.00000000 -0.01550000 -0.00840002
v 0.01088303 -0.01500000 -0.01200002
v 0.00785004 -0.01550000 -0.01359661
v 0.00809995 -0.01500000 -0.01402966
v 0.00406351 -0.01550000 -0.01516503
v 0.00419284 -0.01500000 -0.01564803
v 0.00000000 -0.01550000 -0.01570003
v 0.00000000 -0.01500000 -0.01620004
v -0.00419284 -0.01500000 -0.01564803
v -0.00406351 -0.01550000 -0.01516503
v -0.00809994 -0.01500000 -0.01402969
v -0.00785004 -0.01550000 -0.01359661
v -0.00866287 -0.01500000 -0.02237228
v 0.00000000 -0.01500000 -0.01620004
v -0.00419284 -0.01500000 -0.01564803
v -0.01088303 -0.01500000 -0.01200002
v -0.01110156 -0.01550000 -0.01110159
v 0.01145514 -0.01500000 0.01145512
v 0.01402960 -0.01500000 0.00809999
v 0.01595547 -0.01500000 0.01406895
v -0.01421313 -0.01500000 -0.01621151
v -0.01421313 -0.01500000 -0.01200002
v -0.01520340 -0.01500000 -0.01200002
v -0.01151196 -0.01501695 -0.01931472
v -0.01442844 -0.01502447 -0.01643725
v -0.00896307 -0.01503426 -0.02258611
v -0.01132065 -0.01500000 -0.01913888
v -0.01170508 -0.01506935 -0.01949218
v -0.00908444 -0.01506813 -0.02267257
v -0.01188806 -0.01515443 -0.01966036
v -0.00947735 -0.01526793 -0.02295242
v -0.00926999 -0.01514409 -0.02280471
v -0.01452945 -0.01505322 -0.01654318
v -0.01463361 -0.01509506 -0.01665240
v -0.01206274 -0.01527254 -0.01982092
v -0.00955472 -0.01532637 -0.02300753
v -0.01238284 -0.01556596 -0.02004342
v -0.01235153 -0.01557184 -0.02008636
v -0.01222437 -0.01542093 -0.01996944
v -0.00981476 -0.01558577 -0.02319274
v -0.00980957 -0.01557944 -0.02318905
v -0.00092053 -0.01526793 -0.03553319
v -0.00947735 -0.01526793 -0.02295242
v -0.00955472 -0.01532637 -0.02300753
v -0.00126800 -0.01558578 -0.03575869
v -0.00981476 -0.01558577 -0.02319274
v -0.01001797 -0.01589003 -0.02333749
v -0.01007364 -0.01600000 -0.02337713
v -0.01001797 -0.01589003 -0.02333749
v -0.01007364 -0.01600000 -0.02337713
v -0.01011832 -0.01610172 -0.02340896
v -0.00899585 -0.01648236 -0.02524630
v -0.00153463 -0.01600002 -0.03593172
v 0.00628110 -0.01648241 -0.04894518
v 0.00645325 -0.01600002 -0.04884377
v 0.00672712 -0.01558578 -0.04868243
v 0.01369874 -0.01648241 -0.06218297
v 0.01387510 -0.01600002 -0.06208910
v 0.01415568 -0.01558578 -0.06193975
v 0.00622236 -0.01700000 -0.04897970
v 0.00903257 -0.01700000 -0.05383840
v -0.00170224 -0.01648241 -0.03604049
v -0.00175946 -0.01700000 -0.03607748
v 0.00102729 -0.01700000 -0.04044189
v 0.00628171 -0.02135381 -0.04908053
v 0.00903254 -0.02071747 -0.05383834
v 0.00622236 -0.01700000 -0.04897970
v -0.00110727 -0.02274715 -0.03708626
v -0.00011203 -0.02275015 -0.03864037
v -0.00175946 -0.01700000 -0.03607748
v -0.00887475 -0.01652513 -0.02543774
v -0.00756610 -0.01700000 -0.02741482
v -0.00315896 -0.02179968 -0.03401357
v -0.00756610 -0.01700000 -0.02741482
v -0.00773437 -0.01747209 -0.02728896
v -0.00773437 -0.01747209 -0.02728896
v -0.00887475 -0.01652513 -0.02543774
v -0.00908670 -0.01691280 -0.02538897
v -0.00773584 -0.01747517 -0.02728838
v -0.00800577 -0.01791876 -0.02724752
v -0.00348178 -0.02222983 -0.03386553
v -0.00338040 -0.02211343 -0.03389638
v -0.00936682 -0.01725784 -0.02539779
v -0.00970126 -0.01754314 -0.02546374
v -0.00836023 -0.01830249 -0.02729589
v -0.00365130 -0.02239894 -0.03383538
v -0.00800668 -0.01791997 -0.02724755
v -0.00383548 -0.02255437 -0.03382635
v -0.00836188 -0.01830396 -0.02729629
v -0.00423788 -0.02281613 -0.03387182
v -0.00396246 -0.02264749 -0.03383187
v -0.00396246 -0.02264749 -0.03383187
v -0.00301883 -0.02378917 -0.03552666
v -0.00269403 -0.02349281 -0.03544509
v -0.00365130 -0.02239894 -0.03383538
v -0.00242285 -0.02313782 -0.03542419
v -0.00164160 -0.02409866 -0.03724316
v -0.00198367 -0.02441737 -0.03741933
v -0.00137109 -0.02369562 -0.03712478
v -0.00056100 -0.02420479 -0.03912191
v -0.00029275 -0.02377835 -0.03889373
v -0.00092398 -0.02451999 -0.03939538
v -0.00237466 -0.02463133 -0.03764150
v -0.00338220 -0.02401262 -0.03566534
v -0.00092398 -0.02451999 -0.03939538
v 0.00533738 -0.02318338 -0.04988256
v 0.00567380 -0.02295384 -0.04965368
v -0.00056100 -0.02420479 -0.03912191
v 0.00594931 -0.02263696 -0.04944884
v 0.01196366 -0.02120905 -0.06009255
v 0.01168290 -0.02152565 -0.06028747
v 0.01134046 -0.02175559 -0.06050420
v 0.01760173 -0.01975424 -0.07093670
v 0.01731602 -0.02007056 -0.07112158
v 0.01696806 -0.02030090 -0.07132592
v 0.02272026 -0.01844229 -0.08205294
v 0.02233152 -0.01875774 -0.08227239
v 0.02667930 -0.01742014 -0.09121308
v 0.02256651 -0.01859032 -0.08214289
v 0.02233152 -0.01875774 -0.08227239
v 0.02285673 -0.01827428 -0.08196820
v 0.02272026 -0.01844229 -0.08205294
v 0.02673030 -0.01719127 -0.09050305
v 0.02301011 -0.01801909 -0.08186402
v 0.01780973 -0.01936894 -0.07078121
v 0.02306861 -0.01788980 -0.08181997
v 0.02301011 -0.01801909 -0.08186402
v 0.02676655 -0.01686897 -0.08993667
v 0.02317851 -0.01752432 -0.08172076
v 0.01792887 -0.01893541 -0.07066352
v 0.01216761 -0.02082297 -0.05992995
v 0.02321653 -0.01700000 -0.08163290
v 0.02319078 -0.01745737 -0.08170617
v 0.01643382 -0.01887985 -0.06757775
v 0.01228358 -0.02038835 -0.05980852
v 0.00903254 -0.02071747 -0.05383834
v 0.00626169 -0.02181442 -0.04915429
v 0.00614893 -0.02225009 -0.04927929
v 0.00102720 -0.02250923 -0.04044170
v -0.00013006 -0.02321185 -0.03871395
v -0.00014059 -0.02327875 -0.03872967
v 0.01230564 -0.01992883 -0.05973470
v 0.01643382 -0.01887985 -0.06757775
v 0.01363856 -0.01700000 -0.06221493
v -0.00029275 -0.02377835 -0.03889373
v -0.00023953 -0.02364858 -0.03884240
v -0.00118951 -0.02323496 -0.03707165
v -0.00013006 -0.02321185 -0.03871395
v -0.00110727 -0.02274715 -0.03708626
v -0.00221841 -0.02274071 -0.03546520
v -0.00209137 -0.02231998 -0.03556704
v -0.00315896 -0.02179968 -0.03401357
v -0.00338040 -0.02211343 -0.03389638
v 0.01795277 -0.01847698 -0.07058993
v 0.02047544 -0.01700000 -0.07575875
v 0.01643385 -0.01700000 -0.06757781
v 0.01363856 -0.01700000 -0.06221493
v 0.01643385 -0.01700000 -0.06757781
v 0.02053700 -0.01648241 -0.07572956
v 0.02321653 -0.01700000 -0.08163290
v 0.02671501 -0.01648241 -0.08939987
v 0.02071727 -0.01600002 -0.07564340
v 0.02650355 -0.01599995 -0.08839820
v 0.02662043 -0.01615773 -0.08887860
v 0.02319078 -0.01745737 -0.08170617
v 0.02317851 -0.01752432 -0.08172076
v 0.02671501 -0.01648241 -0.08939987
v 0.02678529 -0.01647192 -0.08955758
v 0.02682063 -0.01667331 -0.08982971
v 0.02681565 -0.01641977 -0.08959954
v 0.02678529 -0.01647192 -0.08955758
v 0.02681565 -0.01641977 -0.08959954
v 0.02668086 -0.01605685 -0.08892282
v 0.02650355 -0.01599995 -0.08839820
v 0.02652629 -0.01580269 -0.08817514
v 0.02607002 -0.01559665 -0.08662403
v 0.02605485 -0.01558569 -0.08656214
v 0.02644062 -0.01592691 -0.08813996
v 0.02620668 -0.01544670 -0.08664096
v 0.02607002 -0.01559665 -0.08662403
v 0.02630934 -0.01527658 -0.08666851
v 0.02659001 -0.01567175 -0.08821643
v 0.02672608 -0.01595383 -0.08897055
v 0.02663255 -0.01553438 -0.08826358
v 0.02637611 -0.01509111 -0.08670571
v 0.02611470 -0.01478738 -0.08511991
v 0.02607524 -0.01490152 -0.08510537
v 0.02602186 -0.01501123 -0.08509387
v 0.02595561 -0.01511398 -0.08508570
v 0.02572996 -0.01483473 -0.08350747
v 0.02564350 -0.01494853 -0.08350671
v 0.02579960 -0.01471002 -0.08351232
v 0.02585063 -0.01457835 -0.08352099
v 0.02614042 -0.01466731 -0.08513769
v 0.02588310 -0.01443909 -0.08353363
v 0.02558485 -0.01444432 -0.08191494
v 0.02552146 -0.01459181 -0.08191290
v 0.02562440 -0.01428740 -0.08192156
v 0.02531782 -0.01437715 -0.08030474
v 0.02524113 -0.01453921 -0.08031034
v 0.02536479 -0.01420363 -0.08030438
v 0.02498933 -0.01450000 -0.07870211
v 0.02495869 -0.01455026 -0.07870700
v 0.02508799 -0.01425882 -0.07868643
v 0.02512162 -0.01400000 -0.07868109
v 0.02538035 -0.01403314 -0.08030886
v 0.02563835 -0.01413264 -0.08193206
v 0.02746366 -0.01651441 -0.09341598
v 0.02665318 -0.01539033 -0.08831684
v 0.02677427 -0.01573662 -0.08907867
v 0.02589540 -0.01430128 -0.08354928
v 0.02615104 -0.01454817 -0.08515768
v 0.02640443 -0.01489488 -0.08675180
v 0.02665318 -0.01539033 -0.08831684
v 0.02675730 -0.01584756 -0.08902224
v 0.02677427 -0.01573662 -0.08907867
v 0.02687516 -0.01626296 -0.08973075
v 0.02686009 -0.01631604 -0.08968551
v 0.02687184 -0.01627632 -0.08971929
v 0.02686009 -0.01631604 -0.08968551
v 0.02688594 -0.01651021 -0.08989926
v 0.02690596 -0.01642558 -0.08993753
v 0.02690071 -0.01627979 -0.08987417
v 0.02687516 -0.01626296 -0.08973075
v 0.02695265 -0.01642635 -0.09020089
v 0.02693980 -0.01654007 -0.09016571
v 0.02691377 -0.01664946 -0.09013404
v 0.02684037 -0.01636804 -0.08964202
v 0.02685759 -0.01659251 -0.08986343
v 0.02687519 -0.01675496 -0.09010562
v 0.02682389 -0.01685687 -0.09008041
v 0.02697575 -0.01685312 -0.09066629
v 0.02691230 -0.01699600 -0.09065335
v 0.02682701 -0.01712843 -0.09064556
v 0.02673030 -0.01719127 -0.09050305
v 0.02676655 -0.01686897 -0.08993667
v 0.02667930 -0.01742014 -0.09121308
v 0.02667643 -0.01742885 -0.09125138
v 0.02682576 -0.01730457 -0.09123638
v 0.02694804 -0.01715411 -0.09122747
v 0.02698130 -0.01725533 -0.09181289
v 0.02682026 -0.01741429 -0.09183749
v 0.02681044 -0.01747348 -0.09244256
v 0.02661738 -0.01754709 -0.09201513
v 0.02221345 -0.01882106 -0.08233471
v 0.02187715 -0.01894090 -0.08250399
v 0.02661738 -0.01754709 -0.09201513
v 0.02654847 -0.01757341 -0.09285987
v 0.02666191 -0.01753685 -0.09307412
v 0.02669609 -0.01753204 -0.09246337
v 0.02679594 -0.01748921 -0.09304849
v 0.02692112 -0.01742270 -0.09302259
v 0.02691523 -0.01740106 -0.09242263
v 0.02703767 -0.01733658 -0.09299624
v 0.02714006 -0.01723402 -0.09297067
v 0.02701139 -0.01731398 -0.09240344
v 0.02709513 -0.01721513 -0.09238568
v 0.02710289 -0.01706334 -0.09179483
v 0.02716532 -0.01710599 -0.09236959
v 0.02722093 -0.01698805 -0.09235546
v 0.02717829 -0.01684885 -0.09178421
v 0.02703938 -0.01698334 -0.09122494
v 0.02709672 -0.01679791 -0.09122885
v 0.02701646 -0.01670180 -0.09068420
v 0.02711766 -0.01660396 -0.09123913
v 0.02703306 -0.01654404 -0.09070697
v 0.02720387 -0.01662381 -0.09178158
v 0.02726020 -0.01686581 -0.09234371
v 0.02728370 -0.01673816 -0.09233422
v 0.02737739 -0.01657610 -0.09287322
v 0.02736985 -0.01671321 -0.09288687
v 0.02734193 -0.01685399 -0.09290409
v 0.02729429 -0.01698857 -0.09292388
v 0.02722621 -0.01711720 -0.09294638
v 0.02742311 -0.01681609 -0.09346302
v 0.02736656 -0.01696207 -0.09349163
v 0.02733833 -0.01701602 -0.09350338
v 0.02918281 -0.01529472 -0.10445500
v 0.02736656 -0.01696207 -0.09349163
v 0.02908662 -0.01553644 -0.10450280
v 0.02728501 -0.01710014 -0.09352317
v 0.02893009 -0.01574306 -0.10455540
v 0.02728501 -0.01710014 -0.09352317
v 0.02718174 -0.01722272 -0.09355606
v 0.02705940 -0.01732645 -0.09358947
v 0.02705940 -0.01732645 -0.09358947
v 0.02872419 -0.01590013 -0.10460930
v 0.03047248 -0.01442055 -0.11560871
v 0.03067839 -0.01426347 -0.11555490
v 0.03083491 -0.01405685 -0.11550220
v 0.03222077 -0.01294096 -0.12660810
v 0.03242668 -0.01278389 -0.12655430
v 0.03258320 -0.01257727 -0.12650161
v 0.03267939 -0.01233556 -0.12645380
v 0.03093110 -0.01381514 -0.11545440
v 0.02921192 -0.01503482 -0.10441540
v 0.03096022 -0.01355524 -0.11541481
v 0.03270850 -0.01207565 -0.12641420
v 0.03442768 -0.01085597 -0.13745321
v 0.03445680 -0.01059607 -0.13741361
v 0.03433149 -0.01109769 -0.13750101
v 0.03617594 -0.00937639 -0.14845261
v 0.03620509 -0.00911648 -0.14841300
v 0.03792424 -0.00789680 -0.15945200
v 0.03795338 -0.00763690 -0.15941240
v 0.03970168 -0.00615732 -0.17041181
v 0.03967252 -0.00641722 -0.17045141
v 0.03782804 -0.00813852 -0.15949981
v 0.03607975 -0.00961810 -0.14850040
v 0.03592326 -0.00982472 -0.14855310
v 0.03767152 -0.00834514 -0.15955251
v 0.03957634 -0.00665893 -0.17049921
v 0.04132463 -0.00517935 -0.18149860
v 0.04142083 -0.00493764 -0.18145081
v 0.03941981 -0.00686555 -0.17055190
v 0.04307293 -0.00369977 -0.19249801
v 0.04316912 -0.00345805 -0.19245020
v 0.04116811 -0.00538597 -0.18155131
v 0.04096220 -0.00554304 -0.18160511
v 0.04291640 -0.00390639 -0.19255071
v 0.04246962 -0.00415999 -0.19265581
v 0.04271050 -0.00406346 -0.19260460
v 0.03921392 -0.00702263 -0.17060570
v 0.04072133 -0.00563957 -0.18165641
v 0.03871407 -0.00714839 -0.17070211
v 0.03897303 -0.00711915 -0.17065700
v 0.04221062 -0.00418922 -0.19270090
v 0.04046236 -0.00566881 -0.18170151
v 0.03722477 -0.00859874 -0.15965760
v 0.03746562 -0.00850221 -0.15960630
v 0.03696577 -0.00862798 -0.15970270
v 0.00622630 -0.01036018 -0.14682520
v 0.00874037 -0.00876329 -0.15869680
v 0.03521748 -0.01010756 -0.14870330
v 0.03547648 -0.01007832 -0.14865821
v 0.03521748 -0.01010756 -0.14870330
v 0.03372819 -0.01155791 -0.13765880
v 0.03346919 -0.01158714 -0.13770391
v 0.03197990 -0.01303749 -0.12665940
v 0.03172090 -0.01306673 -0.12670450
v 0.02997264 -0.01454631 -0.11570510
v 0.03023161 -0.01451707 -0.11566001
v 0.02822435 -0.01602589 -0.10470571
v 0.02848332 -0.01599666 -0.10466060
v 0.02692176 -0.01740820 -0.09362234
v 0.02677629 -0.01746489 -0.09365310
v 0.02662388 -0.01749742 -0.09368170
v 0.02677629 -0.01746489 -0.09365310
v 0.02692176 -0.01740820 -0.09362234
v 0.02652845 -0.01756366 -0.09309774
v 0.02662388 -0.01749742 -0.09368170
v 0.02652845 -0.01756366 -0.09309774
v 0.02654847 -0.01757341 -0.09285987
v 0.02139640 -0.01898215 -0.08272848
v 0.01616267 -0.02045912 -0.07174847
v 0.02181636 -0.01895410 -0.08253344
v 0.01657652 -0.02043282 -0.07153875
v 0.02187715 -0.01894090 -0.08250399
v 0.01095503 -0.02188640 -0.06073089
v 0.01054774 -0.02191098 -0.06095516
v 0.00455817 -0.02333595 -0.05036175
v 0.00495856 -0.02331308 -0.05012301
v -0.00179910 -0.02473230 -0.03998113
v -0.00140615 -0.02471112 -0.03972808
v -0.01640027 -0.02473230 -0.03998113
v -0.00255642 -0.02477997 -0.03838225
v -0.01669498 -0.02477997 -0.03838222
v -0.00134921 -0.02469875 -0.03969018
v -0.00255642 -0.02477997 -0.03838225
v -0.00134921 -0.02469875 -0.03969018
v -0.01669498 -0.02477997 -0.03838222
v -0.01669528 -0.02477985 -0.03838055
v -0.01691586 -0.02475705 -0.03842907
v -0.01661585 -0.02470194 -0.04002270
v -0.01664923 -0.02469273 -0.04002853
v -0.01413516 -0.02309584 -0.05190011
v -0.01137215 -0.02153850 -0.06372426
v -0.01162108 -0.02149893 -0.06377166
v -0.01681937 -0.02462511 -0.04005547
v -0.01436774 -0.02299368 -0.05193560
v -0.01185366 -0.02139678 -0.06380718
v -0.00910702 -0.01990204 -0.07564322
v -0.00933959 -0.01979987 -0.07567875
v -0.00885809 -0.01994161 -0.07559582
v -0.00682552 -0.01820297 -0.08755030
v -0.00659295 -0.01830513 -0.08751481
v -0.00634402 -0.01834470 -0.08746740
v -0.00407888 -0.01670824 -0.09938636
v -0.00382995 -0.01674779 -0.09933896
v -0.00131588 -0.01515089 -0.11121051
v -0.00156484 -0.01511133 -0.11125790
v 0.00119819 -0.01355399 -0.12308211
v 0.00094923 -0.01351442 -0.12312951
v 0.00346330 -0.01191753 -0.13500101
v 0.00371226 -0.01195709 -0.13495360
v 0.00071665 -0.01341226 -0.12316501
v -0.00179739 -0.01500917 -0.11129341
v 0.00323072 -0.01181537 -0.13503661
v 0.00597737 -0.01032062 -0.14687261
v 0.00622630 -0.01036018 -0.14682520
v 0.00574479 -0.01021846 -0.14690810
v 0.00825886 -0.00862157 -0.15877970
v 0.00849144 -0.00872373 -0.15874421
v 0.00874037 -0.00876329 -0.15869680
v 0.01125443 -0.00716638 -0.17056831
v 0.01100550 -0.00712682 -0.17061571
v 0.01376850 -0.00556949 -0.18243990
v 0.01351954 -0.00552992 -0.18248731
v 0.01077293 -0.00702466 -0.17065131
v 0.01328700 -0.00542775 -0.18252280
v 0.01603362 -0.00393301 -0.19435891
v 0.01628258 -0.00397258 -0.19431150
v 0.01580108 -0.00383086 -0.19439440
v 0.01854769 -0.00233612 -0.20623040
v 0.01831511 -0.00223395 -0.20626601
v 0.01879665 -0.00237567 -0.20618301
v 0.02131069 -0.00077878 -0.21805460
v 0.02106176 -0.00073921 -0.21810201
v 0.02361013 0.00084827 -0.22996761
v 0.02382476 0.00081813 -0.22992620
v 0.02458651 0.00230997 -0.24082751
v 0.02480996 0.00228581 -0.24083721
v 0.02357583 0.00085770 -0.22997350
v 0.02437462 0.00238291 -0.24081161
v 0.02298192 0.00376198 -0.25161550
v 0.02320180 0.00374405 -0.25167791
v 0.02277373 0.00383098 -0.25154940
v 0.02418517 0.00250060 -0.24079031
v 0.02258812 0.00394730 -0.25148321
v 0.02334325 0.00095986 -0.23000910
v 0.01868749 0.00518924 -0.26162101
v 0.01887975 0.00512413 -0.26173570
v 0.01851653 0.00530417 -0.26151130
v 0.02243462 0.00410483 -0.25142021
v 0.01837633 0.00546268 -0.26141261
v 0.02402715 0.00265714 -0.24076470
v 0.02390828 0.00284490 -0.24073611
v 0.02232119 0.00429543 -0.25136370
v 0.01827459 0.00565604 -0.26133061
v 0.02383452 0.00305490 -0.24070580
v 0.02225384 0.00450923 -0.25131661
v 0.01821682 0.00587360 -0.26126960
v 0.02263775 0.00451744 -0.24969840
v 0.01912713 0.00586128 -0.25947282
v 0.01912716 0.01134068 -0.25947282
v 0.01912713 0.00586128 -0.25947282
v 0.02223696 0.00473512 -0.25128181
v 0.02263775 0.00451744 -0.24969840
v 0.02381038 0.00327689 -0.24067530
v 0.02382888 0.01072685 -0.23938091
v 0.02382888 0.01134068 -0.23938091
v 0.02382888 0.01958243 -0.23938091
v 0.02375805 0.01956567 -0.24191252
v 0.02263778 0.01134068 -0.24969821
v 0.02263775 0.01951415 -0.24969840
v 0.02152202 0.01948801 -0.25364932
v 0.02263775 0.01951415 -0.24969840
v 0.02389376 0.02060141 -0.24192642
v 0.02164968 0.02052464 -0.25369801
v 0.01912713 0.01944946 -0.25947282
v 0.01640478 0.02045435 -0.26447322
v 0.01912713 0.01944946 -0.25947282
v 0.01629357 0.01941690 -0.26439320
v 0.01348168 0.01939177 -0.26819020
v 0.00852370 0.02039546 -0.27350132
v 0.01348168 0.01134068 -0.26819020
v 0.01348168 0.01939177 -0.26819020
v 0.00843645 0.01935732 -0.27339570
v 0.00599843 0.01934410 -0.27539192
v -0.00144456 0.02035207 -0.28015391
v 0.00599837 0.01134068 -0.27539201
v 0.00599843 0.01934410 -0.27539192
v -0.00150242 0.01931342 -0.28002962
v -0.00292897 0.01930899 -0.28069911
v -0.00150242 0.01931342 -0.28002962
v -0.00292909 0.01134068 -0.28069920
v -0.01283094 0.01928825 -0.28383263
v -0.01283094 0.01134068 -0.28383263
v -0.00179560 0.00850000 -0.28017222
v 0.00375145 0.00827085 -0.27699882
v -0.01283094 0.00850000 -0.28383263
v -0.00292906 0.00850000 -0.28069920
v -0.02757038 0.00850000 -0.28849690
v -0.01283094 0.01134068 -0.28383263
v -0.02129661 0.01927547 -0.28605312
v -0.00292906 0.00850000 -0.28069920
v -0.01283094 0.00850000 -0.28383263
v -0.01282444 0.00824118 -0.28386610
v -0.01283094 0.00850000 -0.28383263
v -0.02755613 0.00824118 -0.28852791
v -0.01282444 0.00824118 -0.28386610
v -0.00175242 0.00806511 -0.28026192
v -0.01280543 0.00800000 -0.28396422
v -0.01280543 0.00800000 -0.28396422
v -0.02751527 0.00799998 -0.28861913
v 0.00375261 0.00803473 -0.27703221
v -0.00178462 0.00827640 -0.28019502
v -0.00178080 0.00824120 -0.28020292
v -0.00179560 0.00850000 -0.28017222
v 0.00378560 0.00781091 -0.27711162
v 0.01193673 0.00707163 -0.27000801
v 0.00375261 0.00803473 -0.27703221
v 0.00599843 0.00804993 -0.27539192
v 0.00599843 0.00804993 -0.27539192
v 0.01193206 0.00730483 -0.26997242
v 0.01348171 0.00705980 -0.26819020
v 0.01348171 0.00705980 -0.26819020
v 0.01820681 0.00610332 -0.26123332
v 0.01198269 0.00685063 -0.27007982
v 0.01206737 0.00665472 -0.27018382
v 0.00384887 0.00761296 -0.27723262
v 0.01218602 0.00649535 -0.27031392
v 0.00393889 0.00745276 -0.27738850
v 0.00384887 0.00761296 -0.27723262
v -0.00170079 0.00787616 -0.28036900
v -0.00166847 0.00779289 -0.28043611
v 0.00378560 0.00781091 -0.27711162
v -0.00175242 0.00806511 -0.28026192
v -0.00173747 0.00800002 -0.28029292
v -0.00170079 0.00787616 -0.28036900
v -0.01277519 0.00779289 -0.28412022
v -0.00163233 0.00771845 -0.28051112
v -0.01273576 0.00763397 -0.28432350
v -0.02745027 0.00779288 -0.28876411
v -0.02736555 0.00763397 -0.28895302
v -0.01273576 0.00763397 -0.28432350
v -0.04077760 0.00799998 -0.29650331
v -0.04055570 0.00763397 -0.29679442
v -0.05189454 0.00799998 -0.30720201
v -0.04068125 0.00779288 -0.29662972
v -0.05161216 0.00763397 -0.30743492
v -0.02726689 0.00753407 -0.28917311
v -0.05142607 0.00753407 -0.30758843
v -0.04040949 0.00753407 -0.29698622
v -0.06013886 0.00779287 -0.32022292
v -0.05177192 0.00779288 -0.30730312
v -0.05973710 0.00753407 -0.32042183
v -0.06534181 0.00779287 -0.33470931
v -0.05995326 0.00763397 -0.32031481
v -0.06490532 0.00753407 -0.33481142
v -0.06138889 0.00750000 -0.32469472
v -0.05750407 0.00750000 -0.31680001
v -0.05270139 0.00750000 -0.30960802
v -0.05950511 0.00750000 -0.32053652
v -0.06138893 -0.00744001 -0.32469481
v -0.05750410 -0.00744000 -0.31680013
v -0.06413743 0.00750000 -0.33281432
v -0.06138889 0.00750000 -0.32469472
v -0.06413746 -0.00744001 -0.33281453
v -0.06138893 -0.02238001 -0.32469481
v -0.05750410 -0.02238001 -0.31680013
v -0.06585692 -0.00744001 -0.34152523
v -0.06413746 -0.02238001 -0.33281453
v -0.06465327 0.00750000 -0.33487023
v -0.06639998 -0.02238001 -0.35000002
v -0.06639998 -0.00744001 -0.35000002
v -0.06639998 0.00750000 -0.35000002
v -0.06585689 0.00750000 -0.34152492
v -0.06585759 0.00750000 -0.35846981
v -0.06585689 0.00750000 -0.35847533
v -0.06585692 -0.00744001 -0.35847494
v -0.06639998 -0.00744001 -0.35000002
v -0.06585692 -0.02238001 -0.35847494
v -0.06639998 -0.02238001 -0.35000002
v -0.06413746 -0.00744001 -0.36718563
v -0.06413872 0.00750000 -0.36718093
v -0.06585689 0.00750000 -0.35847533
v -0.06611430 0.00753407 -0.35850252
v -0.06438881 0.00753407 -0.36724752
v -0.06413740 0.00750000 -0.36718594
v -0.06163011 0.00753407 -0.37539931
v -0.06139078 0.00750000 -0.37530083
v -0.06138892 -0.00744001 -0.37530532
v -0.06138888 0.00750000 -0.37530541
v -0.05773056 0.00753407 -0.38332531
v -0.05750635 0.00750000 -0.38319613
v -0.05750409 -0.00744000 -0.38320003
v -0.06138892 -0.02238001 -0.37530532
v -0.06413746 -0.02238001 -0.36718563
v -0.05750409 -0.02238001 -0.38320003
v -0.06138892 -0.03732002 -0.37530532
v -0.06413746 -0.03732002 -0.36718563
v -0.06585692 -0.03732002 -0.35847494
v -0.06585692 -0.05226000 -0.35847494
v -0.06413745 -0.05226000 -0.36718563
v -0.06639998 -0.03732002 -0.35000002
v -0.06639998 -0.05226000 -0.35000002
v -0.06639998 -0.06720000 -0.35000002
v -0.06585688 -0.06720000 -0.35847533
v -0.06413739 -0.06720000 -0.36718594
v -0.02530534 -0.06720000 -0.28861113
v -0.04039209 -0.06720000 -0.40270153
v 0.06585694 -0.06720000 -0.35847532
v -0.06639998 -0.06720000 -0.35000002
v -0.06585692 -0.05226000 -0.34152523
v -0.06639998 -0.05226000 -0.35000002
v -0.06585689 -0.06720000 -0.34152483
v -0.06413746 -0.05226000 -0.33281453
v -0.06413740 -0.06720000 -0.33281423
v -0.06138893 -0.05226000 -0.32469481
v -0.06138888 -0.06720000 -0.32469472
v -0.05750410 -0.05226000 -0.31680013
v -0.06138893 -0.03732002 -0.32469481
v -0.05750410 -0.03732002 -0.31680013
v -0.06413746 -0.03732002 -0.33281453
v -0.05270139 -0.03732002 -0.30960802
v -0.05270139 -0.02238001 -0.30960802
v -0.05270139 -0.05226000 -0.30960802
v -0.04695188 -0.03732001 -0.30304811
v -0.04695188 -0.02238001 -0.30304811
v -0.04695188 -0.05226000 -0.30304811
v -0.04039204 -0.03732001 -0.29729863
v -0.04039204 -0.02238001 -0.29729863
v -0.04039204 -0.05225999 -0.29729863
v -0.03319993 -0.05225999 -0.29249602
v -0.03319993 -0.03732001 -0.29249602
v -0.03319993 -0.02238001 -0.29249602
v -0.04695188 -0.00744000 -0.30304811
v -0.04039204 -0.00744000 -0.29729863
v -0.03319993 -0.00744000 -0.29249602
v -0.02530525 -0.02238001 -0.28861113
v -0.02530525 -0.00744000 -0.28861113
v -0.02530525 -0.03732001 -0.28861113
v -0.01718553 -0.03732001 -0.28586250
v -0.01718553 -0.02238001 -0.28586250
v -0.01718553 -0.00744000 -0.28586250
v -0.01718553 0.00750000 -0.28586250
v -0.02716117 0.00750000 -0.28940932
v -0.01264057 0.00750000 -0.28481432
v -0.00847486 -0.00744000 -0.28414311
v -0.00847486 -0.02238001 -0.28414311
v -0.00847486 0.00750000 -0.28414311
v 0.00000002 -0.00744000 -0.28360002
v 0.00000014 0.00750000 -0.28360002
v 0.00000002 -0.02238001 -0.28360002
v 0.00847491 -0.00744000 -0.28414311
v 0.00847500 0.00750000 -0.28414311
v 0.00847491 -0.02238001 -0.28414311
v 0.00847491 -0.03732001 -0.28414311
v 0.00000002 -0.03732001 -0.28360002
v 0.00847491 -0.05225999 -0.28414311
v -0.00847486 -0.03732001 -0.28414311
v 0.00000002 -0.05225999 -0.28360002
v -0.00847486 -0.05225999 -0.28414311
v 0.00000002 -0.06720000 -0.28360002
v -0.00847517 -0.06720000 -0.28414320
v -0.01718553 -0.05225999 -0.28586250
v -0.01718580 -0.06720000 -0.28586272
v -0.02530525 -0.05225999 -0.28861113
v -0.02530534 -0.06720000 -0.28861113
v -0.03320008 -0.06720000 -0.29249602
v -0.04039210 -0.06720000 -0.29729863
v -0.04695188 -0.06720000 -0.30304811
v -0.05270136 -0.06720000 -0.30960802
v -0.05750400 -0.06720000 -0.31680001
v 0.00847521 -0.06720000 -0.28414320
v 0.01718558 -0.05225999 -0.28586250
v 0.01718557 -0.03732001 -0.28586250
v 0.02530529 -0.05225999 -0.28861113
v 0.02530529 -0.03732001 -0.28861113
v 0.01718584 -0.06720000 -0.28586271
v 0.01718557 -0.02238001 -0.28586250
v 0.02530529 -0.02238001 -0.28861113
v 0.03319998 -0.03732001 -0.29249601
v 0.03319998 -0.02238001 -0.29249601
v 0.03319998 -0.05225999 -0.29249601
v 0.01718557 -0.00744000 -0.28586250
v 0.02530529 -0.00744000 -0.28861113
v 0.03319998 -0.00744000 -0.29249601
v 0.04039208 -0.02238001 -0.29729863
v 0.04039208 -0.00744000 -0.29729863
v 0.04039209 -0.03732001 -0.29729863
v 0.04695193 -0.03732001 -0.30304811
v 0.04695193 -0.02238001 -0.30304811
v 0.04695193 -0.00744000 -0.30304811
v 0.04039226 0.00750000 -0.29729872
v 0.04695193 0.00750000 -0.30304820
v 0.03319997 0.00750000 -0.29249601
v 0.05270143 -0.00744000 -0.30960801
v 0.05270151 0.00750000 -0.30960801
v 0.05270144 -0.02238001 -0.30960801
v 0.05750415 -0.02238001 -0.31680012
v 0.05750415 -0.00744000 -0.31680012
v 0.05750412 0.00750000 -0.31680000
v 0.04288951 0.00750000 -0.28834751
v 0.04039226 0.00750000 -0.29729872
v 0.04695193 0.00750000 -0.30304820
v 0.06138894 0.00750000 -0.32469471
v 0.06138898 -0.00744000 -0.32469480
v 0.06413748 0.00750000 -0.33281431
v 0.06413751 -0.00744000 -0.33281453
v 0.06557688 0.00750000 -0.33957701
v 0.06585697 -0.00744000 -0.34152522
v 0.06557688 0.00750000 -0.33957701
v 0.06384833 0.00753408 -0.32705302
v 0.06359271 0.00750000 -0.32709361
v 0.06583249 0.00753408 -0.33953642
v 0.06585697 0.00750000 -0.34152522
v 0.06665885 0.00753408 -0.35000001
v 0.06640003 0.00750000 -0.35000001
v 0.06640003 -0.00744000 -0.35000001
v 0.06640003 0.00750000 -0.35000001
v 0.06585697 -0.00744000 -0.35847493
v 0.06585691 0.00750000 -0.35847532
v 0.06640003 0.00750000 -0.35000001
v 0.06611362 0.00753408 -0.35850822
v 0.06665885 0.00753408 -0.35000001
v 0.06690003 0.00763398 -0.35000001
v 0.06607065 0.00763398 -0.33949852
v 0.06690003 0.00763398 -0.35000001
v 0.06635285 0.00763398 -0.35853901
v 0.06462036 0.00763398 -0.36731541
v 0.06438739 0.00753408 -0.36725300
v 0.06585691 0.00750000 -0.35847532
v 0.06655826 0.00779288 -0.35856541
v 0.06710715 0.00779290 -0.35000001
v 0.06482041 0.00779288 -0.36736912
v 0.06671588 0.00799999 -0.35858571
v 0.06726605 0.00800000 -0.35000001
v 0.06497391 0.00799999 -0.36741020
v 0.06204245 0.00779288 -0.37557542
v 0.06218939 0.00799999 -0.37563600
v 0.06185098 0.00763398 -0.37549650
v 0.05811603 0.00779288 -0.38355443
v 0.05825366 0.00799999 -0.38363380
v 0.05793667 0.00763398 -0.38345082
v 0.06162799 0.00753408 -0.37540462
v 0.05772778 0.00753408 -0.38333021
v 0.05750406 0.00750000 -0.38320012
v 0.06138894 0.00750000 -0.37530540
v 0.06138867 0.00750000 -0.37530610
v 0.06138898 -0.00744000 -0.37530531
v 0.05750415 -0.00744000 -0.38320003
v 0.06413739 0.00750000 -0.36718611
v 0.06138894 0.00750000 -0.37530540
v 0.06413751 -0.00744000 -0.36718562
v 0.06138898 -0.02238001 -0.37530531
v 0.06413751 -0.02238001 -0.36718562
v 0.06138898 -0.03732001 -0.37530531
v 0.06585697 -0.02238001 -0.35847493
v 0.06413751 -0.03732001 -0.36718562
v 0.06640003 -0.02238001 -0.35000001
v 0.06640003 -0.00744000 -0.35000001
v 0.06640003 -0.03732001 -0.35000001
v 0.06640003 -0.05225999 -0.35000001
v 0.06585697 -0.03732001 -0.35847493
v 0.06413751 -0.05225999 -0.36718562
v 0.06640003 -0.03732001 -0.35000001
v 0.06585697 -0.05225999 -0.34152522
v 0.06640003 -0.05225999 -0.35000001
v 0.06640003 -0.02238001 -0.35000001
v 0.06585697 -0.03732001 -0.34152522
v 0.06640003 -0.06720000 -0.35000001
v 0.06585694 -0.06720000 -0.34152482
v 0.06640003 -0.06720000 -0.35000001
v 0.06585697 -0.05225999 -0.35847493
v 0.06585694 -0.06720000 -0.35847532
v 0.06413745 -0.06720000 -0.36718593
v 0.06138898 -0.05225999 -0.37530531
v 0.06138894 -0.06720000 -0.37530540
v 0.05750415 -0.05225999 -0.38320003
v 0.05750415 -0.03732001 -0.38320003
v 0.05750415 -0.02238001 -0.38320003
v 0.05270144 -0.03732001 -0.39039210
v 0.05270144 -0.02238001 -0.39039210
v 0.05270144 -0.05225999 -0.39039210
v 0.04695193 -0.03732001 -0.39695192
v 0.04695193 -0.02238001 -0.39695192
v 0.04695193 -0.05225999 -0.39695192
v 0.04039209 -0.05225999 -0.40270152
v 0.04039209 -0.03732001 -0.40270152
v 0.04039209 -0.02238001 -0.40270152
v 0.05270144 -0.00744000 -0.39039210
v 0.04695193 -0.00744000 -0.39695192
v 0.04039209 -0.00744000 -0.40270152
v 0.03319998 -0.02238001 -0.40750411
v 0.03319998 -0.00744000 -0.40750411
v 0.03319999 -0.03732001 -0.40750411
v 0.02530530 -0.03732001 -0.41138903
v 0.02530530 -0.02238001 -0.41138903
v 0.02530530 -0.00744000 -0.41138903
v 0.03319852 0.00750000 -0.40750502
v 0.04039084 0.00750000 -0.40270241
v 0.03320013 0.00750000 -0.40750411
v 0.03332776 0.00753407 -0.40772920
v 0.04054822 0.00753408 -0.40290791
v 0.04039215 0.00750000 -0.40270152
v 0.04713391 0.00753408 -0.39713591
v 0.04069491 0.00763397 -0.40309932
v 0.03344836 0.00763397 -0.40793813
v 0.04730447 0.00763397 -0.39730650
v 0.04082092 0.00779288 -0.40326372
v 0.03355191 0.00779288 -0.40811751
v 0.05309756 0.00763397 -0.39069722
v 0.05326196 0.00779288 -0.39082323
v 0.04745090 0.00779288 -0.39745293
v 0.05290616 0.00753408 -0.39055052
v 0.04756329 0.00799999 -0.39756532
v 0.05338809 0.00799999 -0.39091981
v 0.05346738 0.00824118 -0.39098061
v 0.04763391 0.00824118 -0.39763600
v 0.05834018 0.00824118 -0.38368382
v 0.04765903 0.00850000 -0.39765901
v 0.05349512 0.00850000 -0.39100050
v 0.05349438 0.00850000 -0.39100142
v 0.04765903 0.00850000 -0.39765901
v 0.04922037 0.01864655 -0.39604460
v 0.05836960 0.00850000 -0.38370100
v 0.05349512 0.00850000 -0.39100050
v 0.05477249 0.01868515 -0.38927772
v 0.05349518 0.01867532 -0.39100023
v 0.04913309 0.01960063 -0.39596870
v 0.05467502 0.01963966 -0.38921361
v 0.05837015 0.01871704 -0.38370003
v 0.05929602 0.01968250 -0.38179762
v 0.06231320 0.00850000 -0.37568721
v 0.05837008 0.00850000 -0.38370021
v 0.05940094 0.01872771 -0.38184813
v 0.06231357 0.01876328 -0.37568641
v 0.06291650 0.01972844 -0.37384562
v 0.05899304 0.02058395 -0.38164070
v 0.05439538 0.02054077 -0.38901851
v 0.06259534 0.02063025 -0.37372941
v 0.06514179 0.02067889 -0.36541740
v 0.06510346 0.01881050 -0.36744450
v 0.06547565 0.01977670 -0.36549092
v 0.06413742 0.02145442 -0.36718562
v 0.06138894 0.02140837 -0.37530531
v 0.06413745 0.02280534 -0.36718593
v 0.06413742 0.02145442 -0.36718562
v 0.06208679 0.02141821 -0.37354143
v 0.06138882 0.02275597 -0.37530571
v 0.06138894 0.02140837 -0.37530531
v 0.05851291 0.02137264 -0.38138801
v 0.05750412 0.02136168 -0.38320012
v 0.05750406 0.02270796 -0.38320012
v 0.05750412 0.02136168 -0.38320012
v 0.05395227 0.02132971 -0.38870561
v 0.05270148 0.02132034 -0.39039210
v 0.04888156 0.02050144 -0.39573891
v 0.04276092 0.01956609 -0.40194762
v 0.04254187 0.02046663 -0.40168703
v 0.04695193 0.02128224 -0.39695192
v 0.05270132 0.02266423 -0.39039232
v 0.05270148 0.02132034 -0.39039210
v 0.04848208 0.02129187 -0.39537001
v 0.04695190 0.02262434 -0.39695192
v 0.04695193 0.02128224 -0.39695192
v 0.04219446 0.02125647 -0.40126982
v 0.04039175 0.02258937 -0.40270183
v 0.00034902 0.02331361 -0.28360090
v 0.05959033 0.02308797 -0.32070912
v 0.04039175 0.02258937 -0.40270183
v 0.04039212 0.02124844 -0.40270152
v 0.03519543 0.02122858 -0.40630501
v 0.04039212 0.02124844 -0.40270152
v 0.03548636 0.02043691 -0.40676512
v 0.03320001 0.02122138 -0.40750411
v 0.02783093 0.02041280 -0.41088402
v 0.03319980 0.02256017 -0.40750432
v 0.03320001 0.02122138 -0.40750411
v 0.02760324 0.02120351 -0.41039070
v 0.02530533 0.02119772 -0.41138903
v 0.01970725 0.02039468 -0.41397811
v 0.02530511 0.02253655 -0.41138912
v 0.02530533 0.02119772 -0.41138903
v 0.01954556 0.02118686 -0.41345821
v 0.01718567 0.02118308 -0.41413762
v 0.01125061 0.02038290 -0.41599172
v 0.01130865 0.01948302 -0.41632662
v 0.01980887 0.01949472 -0.41430263
v 0.00847501 0.02117172 -0.41585701
v 0.00260443 0.02037763 -0.41689360
v 0.00261786 0.01947778 -0.41723333
v 0.01718561 0.02251984 -0.41413753
v 0.01718567 0.02118308 -0.41413762
v 0.01115842 0.02117435 -0.41545571
v 0.00847501 0.02250938 -0.41585701
v 0.00847501 0.02117172 -0.41585701
v 0.00258307 0.02116962 -0.41634981
v 0.00000003 0.02116985 -0.41640011
v -0.00608560 0.02037895 -0.41666713
v 0.00000003 0.02250607 -0.41640011
v 0.00000003 0.02116985 -0.41640011
v -0.00603568 0.02117091 -0.41612523
v -0.00847495 0.02117197 -0.41585702
v -0.01467307 0.02038686 -0.41531603
v -0.00611700 0.01947910 -0.41700551
v -0.00860257 0.01852878 -0.41684862
v -0.01474878 0.01948694 -0.41564742
v -0.00000006 0.01852562 -0.41740011
v -0.00000284 0.00850000 -0.41740011
v -0.00860281 0.00850000 -0.41684871
v -0.00612802 0.01852725 -0.41712063
v 0.00860025 0.00850000 -0.41684911
v 0.00000003 0.00850000 -0.41740011
v 0.00262259 0.01852585 -0.41734893
v 0.00860260 0.01852849 -0.41684862
v 0.01744238 0.00850000 -0.41510402
v 0.00860288 0.00850000 -0.41684871
v 0.01132913 0.01853069 -0.41644103
v 0.00860288 0.00850000 -0.41684871
v 0.01743326 0.00824118 -0.41507112
v 0.00859558 0.00824118 -0.41681533
v 0.01744467 0.00850000 -0.41510341
v 0.02567142 0.00824118 -0.41228292
v 0.02568451 0.00850000 -0.41231432
v 0.01744467 0.00850000 -0.41510341
v 0.01984442 0.01854178 -0.41441222
v 0.02568649 0.00850000 -0.41231352
v 0.03368130 0.00824118 -0.40834163
v 0.03369848 0.00850000 -0.40837111
v 0.02568649 0.00850000 -0.41231352
v 0.02802509 0.01855920 -0.41129732
v 0.02568643 0.01855348 -0.41231352
v 0.02797443 0.01951268 -0.41119231
v 0.01744440 0.01853796 -0.41510332
v 0.03370001 0.01857591 -0.40837023
v 0.03566922 0.01953661 -0.40705202
v 0.04100043 0.01860391 -0.40349501
v 0.04765906 0.01863731 -0.39765901
v 0.04765802 0.00850000 -0.39766011
v 0.04100046 0.00850000 -0.40349522
v 0.04283783 0.01861227 -0.40203532
v 0.04099911 0.00850000 -0.40349611
v 0.03370013 0.00850000 -0.40837010
v 0.03573297 0.01858293 -0.40714821
v 0.04100046 0.00850000 -0.40349522
v 0.04097836 0.00824118 -0.40346922
v 0.03370013 0.00850000 -0.40837010
v 0.04091757 0.00799999 -0.40338991
v 0.03363135 0.00799999 -0.40825511
v 0.02563333 0.00799999 -0.41219051
v 0.02557278 0.00779288 -0.41204363
v 0.02549387 0.00763397 -0.41185213
v 0.01740741 0.00799999 -0.41497472
v 0.01736627 0.00779288 -0.41482112
v 0.01731268 0.00763397 -0.41462111
v 0.01725027 0.00753407 -0.41438811
v 0.02540195 0.00753407 -0.41162911
v 0.01718585 0.00750000 -0.41413741
v 0.02530539 0.00750000 -0.41138903
v 0.02530344 0.00750000 -0.41138982
v 0.01718558 -0.00744000 -0.41413762
v 0.01718359 0.00750000 -0.41413802
v 0.00847492 -0.00744000 -0.41585701
v 0.00847522 0.00750000 -0.41585692
v 0.00850534 0.00753407 -0.41611403
v 0.00847263 0.00750000 -0.41585732
v 0.00000003 -0.00744000 -0.41640011
v 0.00000003 0.00750000 -0.41640011
v -0.00000281 0.00753407 -0.41665892
v -0.00000278 0.00750000 -0.41640011
v -0.00847485 -0.00744000 -0.41585702
v -0.00847516 0.00750000 -0.41585692
v -0.00851093 0.00753407 -0.41611333
v -0.00847818 0.00750000 -0.41585653
v -0.01718552 -0.00744000 -0.41413762
v -0.01718552 -0.02238001 -0.41413762
v -0.00847485 -0.02238001 -0.41585702
v 0.00000003 -0.02238001 -0.41640011
v -0.00847485 -0.03732001 -0.41585702
v -0.01718552 -0.03732001 -0.41413762
v -0.02530524 -0.02238001 -0.41138903
v -0.02530524 -0.00744000 -0.41138903
v -0.02530524 -0.03732001 -0.41138903
v -0.02530524 -0.05225999 -0.41138903
v -0.01718552 -0.05225999 -0.41413762
v -0.03319992 -0.03732001 -0.40750411
v -0.03319992 -0.02238001 -0.40750411
v -0.03319992 -0.05225999 -0.40750411
v -0.02530533 -0.06720000 -0.41138903
v -0.01718579 -0.06720000 -0.41413741
v -0.00847516 -0.06720000 -0.41585692
v -0.00847485 -0.05225999 -0.41585702
v 0.00000003 -0.06720000 -0.41640011
v 0.00000003 -0.05225999 -0.41640011
v 0.00847492 -0.05225999 -0.41585701
v 0.00847522 -0.06720000 -0.41585692
v 0.01718559 -0.05225999 -0.41413762
v 0.01718585 -0.06720000 -0.41413741
v 0.00847492 -0.03732001 -0.41585701
v 0.00000003 -0.03732001 -0.41640011
v 0.01718558 -0.03732001 -0.41413762
v 0.02530530 -0.05225999 -0.41138903
v 0.02530540 -0.06720000 -0.41138903
v 0.01718558 -0.02238001 -0.41413762
v 0.00847492 -0.02238001 -0.41585701
v 0.03319999 -0.05225999 -0.40750411
v 0.03320014 -0.06720000 -0.40750411
v 0.04039216 -0.06720000 -0.40270152
v 0.04695194 -0.06720000 -0.39695192
v 0.05270142 -0.06720000 -0.39039210
v 0.05750406 -0.06720000 -0.38320012
v -0.03320007 -0.06720000 -0.40750411
v -0.04039203 -0.05225999 -0.40270153
v -0.04039209 -0.06720000 -0.40270153
v -0.04695187 -0.05226000 -0.39695193
v -0.04039203 -0.03732001 -0.40270153
v -0.04695187 -0.03732001 -0.39695193
v -0.04039203 -0.02238001 -0.40270153
v -0.04695187 -0.02238001 -0.39695193
v -0.04039203 -0.00744000 -0.40270153
v -0.04695187 -0.00744000 -0.39695193
v -0.03319992 -0.00744000 -0.40750411
v -0.03320334 0.00750000 -0.40750222
v -0.02530859 0.00750000 -0.41138763
v -0.01718897 0.00750000 -0.41413662
v -0.02530533 0.00750000 -0.41138903
v -0.02540714 0.00753407 -0.41162691
v -0.01725568 0.00753407 -0.41438662
v -0.03320007 0.00750000 -0.40750411
v -0.03333261 0.00753407 -0.40772643
v -0.02549906 0.00763397 -0.41184994
v -0.03345322 0.00763397 -0.40793532
v -0.02557800 0.00779288 -0.41204143
v -0.01731812 0.00763397 -0.41461962
v -0.03355676 0.00779288 -0.40811462
v -0.00854172 0.00763397 -0.41635253
v -0.01737171 0.00779288 -0.41481972
v -0.00856815 0.00779288 -0.41655791
v -0.00000281 0.00763397 -0.41690001
v -0.00858844 0.00799999 -0.41671554
v -0.01741287 0.00799998 -0.41497323
v -0.00000281 0.00779288 -0.41710723
v -0.01743872 0.00824118 -0.41506972
v -0.00000284 0.00824118 -0.41736593
v -0.00860120 0.00824118 -0.41681463
v -0.01744461 0.00850000 -0.41510341
v -0.00860281 0.00850000 -0.41684871
v -0.00860587 0.00850000 -0.41684841
v -0.01744461 0.00850000 -0.41510341
v -0.01477548 0.01853481 -0.41576052
v 0.00000003 0.00850000 -0.41740011
v -0.01744785 0.00850000 -0.41510253
v -0.02568643 0.00850000 -0.41231353
v -0.02317346 0.01854849 -0.41329091
v -0.02568643 0.00850000 -0.41231353
v -0.02567667 0.00824118 -0.41228072
v -0.02568976 0.00850000 -0.41231212
v -0.03370007 0.00850000 -0.40837011
v -0.03118060 0.01856822 -0.40975362
v -0.02568634 0.01855393 -0.41231353
v -0.03112442 0.01952159 -0.40965182
v -0.02313193 0.01950118 -0.41318331
v -0.01744434 0.01853845 -0.41510332
v -0.02301325 0.02040122 -0.41286461
v -0.03096481 0.02042177 -0.40935143
v -0.03369989 0.01857602 -0.40837002
v -0.03859289 0.01954779 -0.40511632
v -0.03839511 0.02044818 -0.40483932
v -0.04100034 0.01860373 -0.40349523
v -0.04540918 0.01957938 -0.39964931
v -0.04517664 0.02048001 -0.39940054
v -0.03319992 0.02122066 -0.40750411
v -0.04039206 0.02124919 -0.40270153
v -0.04695187 0.02128160 -0.39695193
v -0.05119769 0.02051671 -0.39313042
v -0.05270142 0.02132097 -0.39039211
v -0.05635407 0.02055766 -0.38613174
v -0.05146103 0.01961578 -0.39334673
v -0.04765890 0.01863643 -0.39765911
v -0.05349487 0.01867368 -0.39100042
v -0.05664369 0.01965642 -0.38631182
v -0.06056101 0.02060219 -0.37852453
v -0.05836994 0.01871526 -0.38369991
v -0.06087192 0.01970059 -0.37866543
v -0.05349783 0.00850000 -0.39099691
v -0.05837002 0.00850000 -0.38370022
v -0.05674448 0.01869992 -0.38637063
v -0.05837241 0.00850000 -0.38369604
v -0.06231341 0.00850000 -0.37568652
v -0.06097925 0.01874445 -0.37871014
v -0.06231346 0.01876251 -0.37568642
v -0.06407329 0.01974756 -0.37053533
v -0.06231534 0.00850000 -0.37568191
v -0.06510332 0.00850000 -0.36744472
v -0.06418580 0.01879326 -0.37056551
v -0.06510338 0.01881160 -0.36744442
v -0.06619362 0.01979654 -0.36205892
v -0.06510466 0.00850000 -0.36743963
v -0.06684871 0.00850000 -0.35860293
v -0.06630964 0.01884261 -0.36207433
v -0.06684852 0.01886235 -0.35860253
v -0.06719890 0.01984668 -0.35337932
v -0.06731489 0.01889163 -0.35337932
v -0.06684852 0.01886235 -0.35860253
v -0.06684940 0.00850000 -0.35859743
v -0.06739954 0.01891029 -0.35000002
v -0.06706904 0.01989714 -0.34464281
v -0.06672797 0.02080029 -0.34467562
v -0.06685679 0.02074942 -0.35336764
v -0.06585628 0.02069888 -0.36200301
v -0.06718532 0.01894092 -0.34462771
v -0.06581038 0.01994710 -0.33599633
v -0.06547609 0.02085063 -0.33607293
v -0.06494804 0.02163570 -0.33619011
v -0.06639998 0.02155463 -0.35000002
v -0.06311765 0.02089960 -0.32770601
v -0.06472447 0.02164153 -0.33517763
v -0.06618999 0.02158481 -0.34472341
v -0.06494804 0.02163570 -0.33619011
v -0.06472438 0.02299999 -0.33517733
v -0.06261070 0.02168254 -0.32788991
v -0.05978150 0.02308557 -0.32110152
v -0.05978160 0.02172286 -0.32110161
v -0.05969679 0.02094637 -0.31971401
v -0.05482524 0.02177193 -0.31254143
v -0.05182084 0.02316229 -0.30848433
v -0.05482524 0.02177193 -0.31254143
v -0.05526768 0.02099014 -0.31223391
v -0.05182087 0.02179527 -0.30848433
v -0.04990724 0.02103020 -0.30538982
v -0.04124427 0.02322627 -0.29796291
v -0.04950791 0.02181178 -0.30575161
v -0.04335584 0.02184686 -0.29970861
v -0.04370506 0.02106584 -0.29929863
v -0.04124418 0.02185646 -0.29796282
v -0.03676524 0.02109648 -0.29406273
v -0.05016096 0.02012524 -0.30515752
v -0.04392707 0.02016060 -0.29903551
v -0.05024540 0.01916667 -0.30507622
v -0.04085929 0.01921631 -0.29639720
v -0.03695188 0.02019099 -0.29377312
v -0.05024540 0.01916667 -0.30507622
v -0.05199882 0.01915491 -0.30711782
v -0.05199790 0.00850000 -0.30711672
v -0.05199882 0.01915491 -0.30711782
v -0.05554893 0.02008551 -0.31203621
v -0.06010246 0.01908391 -0.31949672
v -0.06040208 0.01908049 -0.32009441
v -0.06040128 0.00850000 -0.32009282
v -0.06010246 0.01908391 -0.31949672
v -0.06000086 0.02004207 -0.31955422
v -0.06040208 0.01908049 -0.32009441
v -0.06343952 0.01999567 -0.32758681
v -0.06354850 0.01903807 -0.32754241
v -0.06562736 0.01899761 -0.33464412
v -0.06562697 0.00850000 -0.33464232
v -0.06562736 0.01899761 -0.33464412
v -0.06562733 0.00850000 -0.33464391
v -0.06718532 0.01894092 -0.34462771
v -0.06739998 0.00850000 -0.35000002
v -0.06562733 0.00850000 -0.33464391
v -0.06736591 0.00824116 -0.35000002
v -0.06559382 0.00824118 -0.33465023
v -0.06739998 0.00850000 -0.35000002
v -0.06681566 0.00824118 -0.35859283
v -0.06736591 0.00824116 -0.35000002
v -0.06684871 0.00850000 -0.35860293
v -0.06507184 0.00824118 -0.36743053
v -0.06497532 0.00799998 -0.36740462
v -0.06671657 0.00799998 -0.35858001
v -0.06726600 0.00799998 -0.35000002
v -0.06710709 0.00779289 -0.35000002
v -0.06655894 0.00779287 -0.35855971
v -0.06635353 0.00763397 -0.35853332
v -0.06689998 0.00763397 -0.35000002
v -0.06462178 0.00763397 -0.36731002
v -0.06482181 0.00779287 -0.36736361
v -0.06185309 0.00763397 -0.37549132
v -0.06219150 0.00799998 -0.37563073
v -0.05811881 0.00779288 -0.38354943
v -0.06204455 0.00779287 -0.37557021
v -0.05326538 0.00779288 -0.39081863
v -0.05793945 0.00763397 -0.38344591
v -0.05310098 0.00763397 -0.39069271
v -0.05825644 0.00799998 -0.38362893
v -0.05834300 0.00824118 -0.38367883
v -0.06228388 0.00824118 -0.37566872
v -0.05347083 0.00824118 -0.39097613
v -0.04756726 0.00799998 -0.39756133
v -0.05339151 0.00799998 -0.39091534
v -0.04745486 0.00779288 -0.39744894
v -0.05349506 0.00850000 -0.39100051
v -0.04763791 0.00824118 -0.39763192
v -0.05837002 0.00850000 -0.38370022
v -0.04766199 0.00850000 -0.39765603
v -0.05349506 0.00850000 -0.39100051
v -0.05155225 0.01866011 -0.39341772
v -0.04765897 0.00850000 -0.39765902
v -0.04098285 0.00824118 -0.40346572
v -0.04100363 0.00850000 -0.40349273
v -0.04765897 0.00850000 -0.39765902
v -0.04549084 0.01862486 -0.39973272
v -0.04100040 0.00850000 -0.40349523
v -0.03368619 0.00824118 -0.40833883
v -0.03370337 0.00850000 -0.40836822
v -0.04100040 0.00850000 -0.40349523
v -0.03866183 0.01859398 -0.40520891
v -0.03370007 0.00850000 -0.40837011
v -0.03363623 0.00799998 -0.40825222
v -0.04092209 0.00799998 -0.40338631
v -0.02563858 0.00799998 -0.41218831
v -0.04082538 0.00779288 -0.40326022
v -0.04069940 0.00763397 -0.40309591
v -0.04730841 0.00763397 -0.39730251
v -0.04713785 0.00753407 -0.39713192
v -0.04055267 0.00753407 -0.40290453
v -0.04695187 0.00750000 -0.39695193
v -0.04039209 0.00750000 -0.40270153
v -0.04039526 0.00750000 -0.40269903
v -0.04695483 0.00750000 -0.39694903
v -0.05270138 -0.00744000 -0.39039211
v -0.05270136 0.00750000 -0.39039211
v -0.05290955 0.00753407 -0.39054601
v -0.05270410 0.00750000 -0.39038863
v -0.05750400 0.00750000 -0.38320013
v -0.05270138 -0.02238001 -0.39039211
v -0.05750409 -0.03732002 -0.38320003
v -0.05270138 -0.03732002 -0.39039211
v -0.05270138 -0.05226000 -0.39039211
v -0.05750409 -0.05226000 -0.38320003
v -0.06138892 -0.05226000 -0.37530532
v -0.06138888 -0.06720000 -0.37530541
v -0.05750400 -0.06720000 -0.38320013
v -0.05270135 -0.06720000 -0.39039211
v -0.04695187 -0.06720000 -0.39695193
v -0.06510332 0.00850000 -0.36744472
v -0.06231341 0.00850000 -0.37568652
v -0.06665880 0.00753407 -0.35000002
v -0.06639998 0.00750000 -0.35000002
v -0.06585759 0.00750000 -0.35846981
v -0.06639998 0.00750000 -0.35000002
v -0.06585689 0.00750000 -0.34152492
v -0.06665880 0.00753407 -0.35000002
v -0.06514015 0.00763397 -0.33475652
v -0.06689998 0.00763397 -0.35000002
v -0.06710709 0.00779289 -0.35000002
v -0.06726600 0.00799998 -0.35000002
v -0.06549656 0.00799998 -0.33467302
v -0.06028126 0.00799998 -0.32015242
v -0.06037080 0.00824118 -0.32010802
v -0.05197160 0.00824118 -0.30713842
v -0.05199851 0.00850000 -0.30711751
v -0.06040183 0.00850000 -0.32009401
v -0.04083814 0.00824118 -0.29642381
v -0.04085941 0.00850000 -0.29639720
v -0.03701377 0.01923184 -0.29367311
v -0.04085929 0.01921631 -0.29639720
v -0.04085890 0.00850000 -0.29639681
v -0.02757038 0.00850000 -0.28849690
v -0.03701377 0.01923184 -0.29367311
v -0.02935444 0.02021593 -0.28945812
v -0.02757032 0.01926143 -0.28849712
v -0.02126112 0.02023494 -0.28616560
v -0.02115382 0.02114078 -0.28649330
v -0.02920625 0.02112160 -0.28976921
v -0.03647206 0.02187659 -0.29451351
v -0.02897230 0.02190221 -0.29025423
v -0.02858558 0.02190321 -0.29006822
v -0.01280598 0.02032721 -0.28396760
v -0.01448381 0.02193161 -0.28519902
v -0.02098545 0.02191994 -0.28700352
v -0.01274519 0.02115369 -0.28428621
v -0.00126963 0.02131964 -0.28051622
v -0.02129661 0.01927547 -0.28605312
v -0.01280979 0.02024777 -0.28394752
v -0.00954960 0.02212946 -0.28429033
v -0.01273045 0.02129504 -0.28436302
v -0.00098973 0.02214961 -0.28109163
v 0.00878603 0.02136256 -0.27380580
v 0.00920543 0.02219225 -0.27428810
v 0.01673659 0.02142081 -0.26469902
v 0.01726629 0.02225011 -0.26505500
v 0.02202813 0.02149031 -0.25382962
v 0.02263125 0.02231915 -0.25403491
v 0.02429265 0.02156625 -0.24195461
v 0.02492724 0.02239461 -0.24199520
v 0.02337246 0.02164319 -0.22990081
v 0.02298092 0.02067917 -0.22997791
v 0.02399434 0.02247110 -0.22977410
v 0.02084240 0.02173236 -0.21797581
v 0.02145913 0.02255347 -0.21785021
v 0.02337246 0.02164319 -0.22990081
v 0.02045418 0.02077641 -0.21805221
v 0.02382888 0.01958243 -0.23938091
v 0.02298092 0.02067917 -0.22997791
v 0.02032073 0.01975069 -0.21807340
v 0.01792550 0.02091940 -0.20612731
v 0.01830440 0.02185240 -0.20605271
v 0.01779522 0.01991831 -0.20614771
v 0.01526985 0.02013860 -0.19422291
v 0.01539509 0.02110143 -0.19420290
v 0.01575950 0.02199876 -0.19413120
v 0.01279020 -0.00457841 -0.18251380
v 0.01027613 -0.00617531 -0.17064220
v 0.01021919 0.02070204 -0.17037331
v 0.01274464 0.02040274 -0.18229871
v 0.01021919 0.02070204 -0.17037331
v 0.01286329 0.02131596 -0.18227911
v 0.01320893 0.02216705 -0.18221111
v 0.01033036 0.02155653 -0.17035570
v 0.01065376 0.02235289 -0.17029201
v 0.01375801 0.02289810 -0.18209920
v 0.01116755 0.02303693 -0.17018731
v 0.01633845 0.02276953 -0.19401331
v 0.01890632 0.02265379 -0.20593011
v 0.01447322 0.02345937 -0.18195121
v 0.01709252 0.02336130 -0.19385720
v 0.01969036 0.02326907 -0.20576782
v 0.01530586 0.02381265 -0.18177700
v 0.01797041 0.02373378 -0.19367350
v 0.02060314 0.02365636 -0.20557691
v 0.01891222 0.02386165 -0.19347411
v 0.01619929 0.02393393 -0.18158851
v 0.02226244 0.02318388 -0.21768391
v 0.02319765 0.02358069 -0.21748821
v 0.02158233 0.02378932 -0.20536930
v 0.02420098 0.02371692 -0.21727581
v 0.02574755 0.02350704 -0.22940911
v 0.02675966 0.02364444 -0.22919561
v 0.02671770 0.02342958 -0.24210182
v 0.02574755 0.02350704 -0.22940911
v 0.02775179 0.02356560 -0.24216052
v 0.02433443 0.02335330 -0.25460671
v 0.02531823 0.02348793 -0.25493411
v 0.01876327 0.02328348 -0.26605333
v 0.01962792 0.02341683 -0.26662712
v 0.01039147 0.02322498 -0.27564421
v 0.02341790 0.02295462 -0.25429991
v 0.01795760 0.02288550 -0.26551701
v 0.00034902 0.02331361 -0.28360090
v -0.00019776 0.02318187 -0.28271171
v 0.00975310 0.02282758 -0.27491533
v -0.00219633 0.02317635 -0.28363643
v -0.00062406 0.02278490 -0.28184062
v 0.00023797 0.02331331 -0.28360042
v -0.00219633 0.02317635 -0.28363643
v 0.00023797 0.02331331 -0.28360042
v -0.01448411 0.02330389 -0.28519902
v -0.02098545 0.02191994 -0.28700352
v -0.02858567 0.02327428 -0.29006831
v -0.03647206 0.02187659 -0.29451351
v -0.00523371 0.02277269 -0.28380662
v 0.02575432 0.02303014 -0.24204540
v 0.02399434 0.02247110 -0.22977410
v 0.02480440 0.02310683 -0.22960652
v 0.02480440 0.02310683 -0.22960652
v 0.01345170 0.02400617 -0.16970890
v 0.01261585 0.02389269 -0.16988581
v 0.01067848 0.02407837 -0.15783521
v 0.00990678 0.02397359 -0.15799871
v 0.01183677 0.02356210 -0.17004891
v 0.00918742 0.02366837 -0.15814921
v 0.00809517 0.02255190 -0.15837371
v 0.00856953 0.02318347 -0.15827711
v 0.00652952 0.02377696 -0.14625141
v 0.00553425 0.02275966 -0.14645600
v 0.00596650 0.02333514 -0.14636800
v 0.00526219 0.02208969 -0.14650951
v 0.00779655 0.02181661 -0.15843250
v 0.00516868 0.02137082 -0.14652451
v 0.00769389 0.02102766 -0.15844871
v 0.00264353 0.02172276 -0.13460061
v 0.00011836 0.02207469 -0.12267660
v 0.00272752 0.02236929 -0.13458671
v 0.00297221 0.02297183 -0.13453861
v 0.00019288 0.02264888 -0.12266391
v 0.00041020 0.02318399 -0.12262111
v 0.00336097 0.02348938 -0.13445940
v 0.00075541 0.02364362 -0.12255080
v 0.00386729 0.02388673 -0.13435461
v 0.00120509 0.02399651 -0.12245771
v -0.00145284 0.02410510 -0.11055990
v -0.00215072 0.02339175 -0.11070341
v -0.00184762 0.02379529 -0.11064171
v -0.00410217 0.02421137 -0.09866031
v -0.00470931 0.02359076 -0.09878512
v -0.00444561 0.02394183 -0.09873141
v -0.00099322 0.02430011 -0.11046380
v 0.00172859 0.02421863 -0.12234820
v -0.00370233 0.02438101 -0.09857667
v -0.00049990 0.02436705 -0.11036050
v -0.00327313 0.02443926 -0.09848681
v -0.00602072 0.02451149 -0.08660711
v -0.00639230 0.02446105 -0.08668551
v -0.00873364 0.02458377 -0.07472149
v -0.00905685 0.02453992 -0.07478898
v -0.00673864 0.02431410 -0.08675796
v -0.00703610 0.02408066 -0.08681955
v -0.00935794 0.02441217 -0.07485193
v -0.01168957 0.02461734 -0.06288564
v -0.00961654 0.02420923 -0.07490545
v -0.01195575 0.02450440 -0.06294135
v -0.00981509 0.02394490 -0.07494593
v -0.01235995 0.02409125 -0.06302441
v -0.01218442 0.02432497 -0.06298867
v -0.01452786 0.02458959 -0.05102523
v -0.01489795 0.02421130 -0.05110131
v -0.01473721 0.02442529 -0.05106857
v -0.01247043 0.02381917 -0.06304617
v -0.01499911 0.02396216 -0.05112121
v -0.01734519 0.02442450 -0.03915954
v -0.01746155 0.02423583 -0.03918304
v -0.01742792 0.02430063 -0.03917632
v -0.01780759 0.02406175 -0.03752172
v -0.01769333 0.02424983 -0.03745379
v -0.01727243 0.02450766 -0.03914465
v -0.01753769 0.02440479 -0.03738479
v -0.01719107 0.02458202 -0.03912786
v -0.01706989 0.02466660 -0.03910271
v -0.01734879 0.02451852 -0.03731832
v -0.01700650 0.02470096 -0.03908950
v -0.01428412 0.02469301 -0.05097424
v -0.01683411 0.02476665 -0.03905340
v -0.01713641 0.02458501 -0.03725786
v -0.01786682 0.02382602 -0.03572750
v -0.01767352 0.02392847 -0.03563543
v -0.01816080 0.02287338 -0.03424551
v -0.01796329 0.02295944 -0.03413155
v -0.01745520 0.02398390 -0.03556151
v -0.01722708 0.02398229 -0.03549511
v -0.01722440 0.02398961 -0.03550976
v -0.01691724 0.02459363 -0.03717629
v -0.01722440 0.02398961 -0.03550976
v -0.01722708 0.02398229 -0.03549511
v -0.00394122 0.02398297 -0.03549477
v -0.01348224 0.02300000 -0.03400002
v -0.00466684 0.02300000 -0.03400002
v -0.01895001 0.01863702 -0.02735931
v -0.01773926 0.02300232 -0.03404818
v -0.01918710 0.01861733 -0.02738241
v -0.01348224 0.01863702 -0.02735934
v -0.01750266 0.02300000 -0.03400002
v -0.01895001 0.01863702 -0.02735931
v -0.02057755 0.01592166 -0.01989208
v -0.01376865 0.01592165 -0.01989205
v -0.01348218 0.01603801 -0.02036819
v -0.02057755 0.01592166 -0.01989208
v -0.02080817 0.01590015 -0.01991705
v -0.02058328 0.01591545 -0.01986581
v -0.01680054 0.01510507 -0.01468075
v -0.01544467 0.01539693 -0.01719930
v -0.02229767 0.01500000 -0.01200002
v -0.02251669 0.01497461 -0.01204641
v -0.01564798 0.01500000 0.00419291
v -0.01620001 0.01500000 -0.00000002
v -0.02402493 0.01500000 0.00364585
v -0.02377277 0.01500000 -0.00503442
v -0.02229767 0.01500000 -0.01200002
v -0.02251669 0.01497461 -0.01204641
v -0.02255087 0.01496593 -0.01205364
v -0.02102063 0.01583379 -0.01997768
v -0.02272339 0.01490034 -0.01209017
v -0.02426193 0.01486603 -0.00513802
v -0.02402597 0.01496593 -0.00508804
v -0.02278680 0.01486603 -0.01210360
v -0.02120960 0.01572014 -0.02004452
v -0.02290808 0.01478146 -0.01212930
v -0.02446454 0.01470711 -0.00518093
v -0.02298941 0.01470711 -0.01214651
v -0.02136524 0.01556528 -0.02011401
v -0.02306220 0.01462390 -0.01216192
v -0.02462000 0.01450000 -0.00521386
v -0.02314490 0.01450000 -0.01217944
v -0.02147946 0.01537727 -0.02018258
v -0.02317850 0.01443509 -0.01218658
v -0.02471774 0.01425882 -0.00523455
v -0.02446454 0.01470711 -0.00518093
v -0.02515540 0.01450000 -0.00073077
v -0.02499655 0.01470711 -0.00072616
v -0.02471774 0.01425882 -0.00523455
v -0.02462000 0.01450000 -0.00521386
v -0.02528934 0.01400000 -0.00073474
v -0.02525528 0.01425882 -0.00073367
v -0.02325113 0.01422380 -0.01220196
v -0.02475107 0.01400000 -0.00524160
v -0.02324262 0.01425882 -0.01220013
v -0.02154614 0.01516589 -0.02024658
v -0.02327597 0.01400000 -0.01220721
v -0.02156159 0.01494218 -0.02030264
v -0.01986798 0.01813913 -0.02776595
v -0.01992856 0.01793953 -0.02787872
v -0.01993454 0.01772850 -0.02798562
v -0.01842920 0.02259444 -0.03453615
v -0.01848392 0.02241892 -0.03469482
v -0.01848096 0.02223358 -0.03484954
v -0.01819666 0.02330580 -0.03605694
v -0.01820270 0.02309485 -0.03616347
v -0.01787436 0.02385031 -0.03758498
v -0.01788995 0.02362672 -0.03764025
v -0.01753433 0.02402472 -0.03919717
v -0.01753433 0.02402472 -0.03919717
v -0.01752582 0.02405962 -0.03919558
v -0.01752582 0.02405962 -0.03919558
v -0.01503369 0.02369482 -0.05112774
v -0.01250815 0.02352721 -0.06305340
v -0.00994006 0.02363715 -0.07497049
v -0.00998281 0.02330693 -0.07497828
v -0.00740823 0.02342261 -0.08689435
v -0.00745761 0.02304277 -0.08690249
v -0.00487530 0.02318204 -0.09881778
v -0.00493215 0.02274347 -0.09882782
v -0.00726449 0.02377660 -0.08686606
v -0.00234148 0.02292197 -0.11074090
v -0.00240682 0.02241786 -0.11075251
v -0.01813602 0.02350549 -0.03594448
v -0.01842920 0.02259444 -0.03453615
v -0.01802399 0.02368228 -0.03583254
v -0.01848392 0.02241892 -0.03469482
v -0.01831937 0.02274916 -0.03438320
v -0.01831937 0.02274916 -0.03438320
v -0.01959882 0.01845952 -0.02754858
v -0.01816080 0.02287338 -0.03424551
v -0.01975598 0.01831584 -0.02765377
v -0.01940549 0.01856192 -0.02745638
v -0.01796329 0.02295944 -0.03413155
v -0.02501361 0.01400000 0.00379587
v -0.02488117 0.01450000 0.00377570
v -0.02380609 0.01450000 0.00816074
v -0.02497995 0.01425882 0.00379072
v -0.02390060 0.01425882 0.00819312
v -0.02365579 0.01470711 0.00810920
v -0.02472403 0.01470711 0.00375187
v -0.02478952 0.01486603 -0.00072015
v -0.02345987 0.01486603 0.00804203
v -0.02380609 0.01450000 0.00816074
v -0.01947788 0.01470711 0.02029670
v -0.02365579 0.01470711 0.00810920
v -0.02345987 0.01486603 0.00804203
v -0.01928198 0.01486603 0.02022956
v -0.01529999 0.01470711 0.03248420
v -0.01962821 0.01450000 0.02034824
v -0.01545032 0.01450000 0.03253574
v -0.02323172 0.01496593 0.00796384
v -0.01905383 0.01496593 0.02015135
v -0.01487595 0.01496593 0.03233884
v -0.01510410 0.01486603 0.03241706
v -0.02298688 0.01500000 0.00787992
v -0.01880899 0.01500000 0.02006742
v -0.01463110 0.01500000 0.03225492
v -0.02428082 0.01496593 0.00368461
v -0.02451929 0.01486603 0.00372080
v -0.02323172 0.01496593 0.00796384
v -0.02402493 0.01500000 0.00364585
v -0.02428977 0.01500000 -0.00070571
v -0.02402597 0.01496593 -0.00508804
v -0.02454843 0.01496593 -0.00071316
v -0.02426193 0.01486603 -0.00513802
v -0.01069806 0.01496593 0.04452634
v -0.01092621 0.01486603 0.04460456
v -0.01200949 0.01500000 0.03990253
v -0.01092621 0.01486603 0.04460456
v -0.00914954 0.01496593 0.04769709
v -0.01069806 0.01496593 0.04452634
v -0.01045322 0.01500000 0.04444242
v -0.00893281 0.01500000 0.04755564
v 0.00279025 0.01500000 0.04815253
v 0.00065490 0.01500000 0.04787141
v -0.00064777 0.01500000 0.05347382
v -0.00686979 0.01496593 0.05039051
v -0.00669443 0.01500000 0.05020014
v -0.00387522 0.01500000 0.05221397
v -0.00399842 0.01496593 0.05244160
v -0.00935151 0.01486603 0.04782896
v -0.00411326 0.01486603 0.05265366
v -0.00703318 0.01486603 0.05056791
v -0.00421186 0.01470711 0.05283579
v -0.00717350 0.01470711 0.05072025
v -0.00952491 0.01470711 0.04794215
v -0.00728116 0.01450000 0.05083713
v -0.00965800 0.01450000 0.04802903
v -0.00077054 0.01486603 0.05395853
v -0.00428751 0.01450000 0.05297556
v -0.00082139 0.01470711 0.05415928
v -0.00433509 0.01425882 0.05306342
v -0.00734885 0.01425882 0.05091062
v -0.00088495 0.01425882 0.05441019
v 0.00279025 0.01450000 0.05476856
v 0.00279025 0.01425882 0.05486848
v -0.00086042 0.01450000 0.05431333
v 0.00326947 0.01470711 0.05460184
v 0.00279025 0.01450000 0.05476856
v 0.00327465 0.01450000 0.05476066
v 0.00279025 0.01425882 0.05486848
v 0.00327792 0.01425882 0.05486051
v -0.00051304 0.01400000 0.05453431
v 0.00327902 0.01400000 0.05489457
v 0.00327792 0.01425882 0.05486051
v 0.00827636 0.01400000 0.05473163
v 0.00827526 0.01425882 0.05469758
v 0.00827200 0.01450000 0.05459775
v 0.01080014 0.01400000 0.05432233
v 0.01085208 0.01400000 0.05430677
v 0.01084219 0.01425882 0.05427415
v 0.00827526 0.01425882 0.05469758
v 0.01081320 0.01450000 0.05417854
v 0.00827200 0.01450000 0.05459775
v 0.01313760 0.01400000 0.05328647
v 0.01321207 0.01425882 0.05320075
v 0.01076709 0.01470711 0.05402647
v 0.00826681 0.01470711 0.05443891
v 0.01307541 0.01470711 0.05298093
v 0.00826007 0.01486603 0.05423191
v 0.01070700 0.01486603 0.05382825
v 0.00825222 0.01496593 0.05399085
v 0.01063702 0.01496593 0.05359745
v 0.01296606 0.01486603 0.05280506
v 0.01503448 0.01470711 0.05137360
v 0.01470734 0.01496593 0.05106711
v 0.01283874 0.01496593 0.05260023
v 0.01056195 0.01500000 0.05334977
v 0.01270212 0.01500000 0.05238041
v 0.01451846 0.01500000 0.05089017
v 0.01588724 0.01500000 0.04898063
v 0.01611548 0.01496593 0.04910264
v 0.01671515 0.01500000 0.04678188
v 0.01696716 0.01496593 0.04684061
v 0.01632816 0.01486603 0.04921635
v 0.01488336 0.01486603 0.05123200
v 0.01651080 0.01470711 0.04931400
v 0.01720206 0.01486603 0.04689542
v 0.01665097 0.01450000 0.04938895
v 0.01515048 0.01450000 0.05148228
v 0.01740375 0.01470711 0.04694248
v 0.01315933 0.01450000 0.05311591
v 0.01522339 0.01425882 0.05155058
v 0.01666467 0.01400000 0.04964243
v 0.01673904 0.01425882 0.04943604
v 0.01513599 0.01400000 0.05169178
v 0.01524826 0.01400000 0.05157386
v 0.01513599 0.00700000 0.05169178
v 0.01524826 0.00700000 0.05157386
v 0.01323007 0.01400000 0.05322968
v 0.01313760 0.00700000 0.05328647
v 0.01323007 0.00700000 0.05322968
v 0.01513599 0.00700000 0.05169178
v 0.01296609 0.00650000 0.05280506
v 0.01488336 0.00650000 0.05123203
v 0.01666467 0.00700000 0.04964243
v 0.01632816 0.00650000 0.04921638
v 0.01676910 0.01400000 0.04945213
v 0.01666467 0.00700000 0.04964243
v 0.01676910 0.00700000 0.04945213
v 0.01762375 0.00700000 0.04727245
v 0.01720206 0.00650000 0.04689545
v 0.00408435 0.00650000 0.04473218
v 0.00529025 0.00650000 0.04423267
v 0.00826007 0.00650000 0.05423191
v 0.01744550 0.00650000 0.04442741
v 0.01794522 0.00700000 0.04441111
v 0.01795053 0.00700000 0.04473694
v 0.01768900 0.00700000 0.04700907
v 0.01795053 0.01400000 0.04473694
v 0.01768900 0.01400000 0.04700907
v 0.01794522 0.01400000 0.04441111
v 0.01795053 0.00700000 0.04473694
v 0.01794522 0.00700000 0.04441111
v 0.01795053 0.01400000 0.04473694
v 0.01791116 0.01425882 0.04441224
v 0.01765582 0.01425882 0.04700129
v 0.01762375 0.01400000 0.04727245
v 0.01755853 0.01450000 0.04697858
v 0.01794522 0.01400000 0.04441111
v 0.01741602 0.01425882 0.02922486
v 0.01791116 0.01425882 0.04441224
v 0.01781131 0.01450000 0.04441547
v 0.01731616 0.01450000 0.02922810
v 0.01692090 0.01425882 0.01403748
v 0.01745007 0.01400000 0.02922373
v 0.01695496 0.01400000 0.01403635
v 0.01745007 0.01400000 0.02922373
v 0.01794522 0.00700000 0.04441111
v 0.01695496 0.01400000 0.01403635
v 0.01642575 0.01425880 -0.00114989
v 0.01636362 0.00700000 -0.00971276
v 0.01639362 0.00695036 -0.01170126
v 0.01644852 0.01400000 -0.01385955
v 0.01645981 0.01400000 -0.00115099
v 0.01641446 0.01425879 -0.01386031
v 0.01642575 0.01425880 -0.00114989
v 0.01632590 0.01449998 -0.00114663
v 0.01631461 0.01449998 -0.01386340
v 0.01632590 0.01449998 -0.00114663
v 0.01644852 0.01400000 -0.01385955
v 0.01720859 0.01425879 -0.02654617
v 0.01710913 0.01449998 -0.02655554
v 0.01870627 0.01449998 -0.03917202
v 0.01880493 0.01425880 -0.03915636
v 0.01724252 0.01400000 -0.02654318
v 0.01880493 0.01425880 -0.03915636
v 0.02080060 0.01450000 -0.05234872
v 0.01870627 0.01449998 -0.03917202
v 0.02093292 0.01400000 -0.05232769
v 0.02089926 0.01425882 -0.05233306
v 0.01883856 0.00000000 -0.03915099
v 0.01724252 0.01400000 -0.02654318
v 0.01724252 0.00000000 -0.02654314
v 0.02302729 0.01400000 -0.06550439
v 0.02510472 0.01418434 -0.07868377
v 0.02508799 0.01425882 -0.07868643
v 0.02299363 0.01425882 -0.06550973
v 0.02512162 0.01400000 -0.07868109
v 0.02538371 0.01420660 -0.08042114
v 0.02510472 0.01418434 -0.07868377
v 0.02539900 0.01403807 -0.08042608
v 0.02566191 0.01430420 -0.08215447
v 0.02508799 0.01425882 -0.07868643
v 0.02533741 0.01437898 -0.08042095
v 0.02562352 0.01445868 -0.08214691
v 0.02590812 0.01461612 -0.08386770
v 0.02593901 0.01448083 -0.08388153
v 0.02567549 0.01415256 -0.08216571
v 0.02619056 0.01486394 -0.08557907
v 0.02622444 0.01463704 -0.08561935
v 0.02646949 0.01523050 -0.08727218
v 0.02641154 0.01540057 -0.08723114
v 0.02585960 0.01474454 -0.08385766
v 0.02632289 0.01555881 -0.08719845
v 0.02610527 0.01507799 -0.08554959
v 0.02571116 0.01497856 -0.08384887
v 0.02579338 0.01486656 -0.08385128
v 0.02597309 0.01526825 -0.08553234
v 0.02547715 0.01474045 -0.08214527
v 0.02556187 0.01460440 -0.08214382
v 0.02526161 0.01454051 -0.08042593
v 0.02537214 0.01486139 -0.08215127
v 0.02515681 0.01468828 -0.08043612
v 0.02495890 0.01454990 -0.07870697
v 0.02483232 0.01470717 -0.07872708
v 0.02505006 0.01437373 -0.07869247
v 0.02495890 0.01454990 -0.07870697
v 0.02273802 0.01470711 -0.06555038
v 0.02289497 0.01450000 -0.06552542
v 0.02467680 0.01483543 -0.07875180
v 0.02253349 0.01486603 -0.06558288
v 0.02502751 0.01481464 -0.08045117
v 0.02467680 0.01483543 -0.07875180
v 0.02488044 0.01491402 -0.08047021
v 0.02450279 0.01492767 -0.07877944
v 0.02229530 0.01496593 -0.06562075
v 0.02450279 0.01492767 -0.07877944
v 0.02471849 0.01498549 -0.08049285
v 0.02431575 0.01498293 -0.07880918
v 0.02203968 0.01500000 -0.06566137
v 0.02455604 0.01502538 -0.08051693
v 0.02431575 0.01498293 -0.07880918
v 0.02511518 0.01504469 -0.08217593
v 0.02525120 0.01496295 -0.08216152
v 0.02482350 0.01506813 -0.08158599
v 0.02455604 0.01502538 -0.08051693
v 0.02196122 0.01506813 -0.07543011
v 0.02413404 0.01500000 -0.07883808
v 0.02497493 0.01510168 -0.08219317
v 0.02539018 0.01523173 -0.08386489
v 0.02152577 0.01526793 -0.07563769
v 0.01506830 0.01506813 -0.06174627
v 0.02242839 0.01500000 -0.07520733
v 0.01464230 0.01526793 -0.06197259
v 0.00758692 0.01506813 -0.04837551
v 0.01552528 0.01500000 -0.06150323
v 0.00717118 0.01526793 -0.04862017
v 0.01427649 0.01558577 -0.06216695
v 0.00681415 0.01558577 -0.04883025
v -0.00087378 0.01526793 -0.03560525
v -0.00046908 0.01506813 -0.03534273
v -0.00122131 0.01558577 -0.03583065
v -0.00148801 0.01600002 -0.03600362
v 0.00654023 0.01600002 -0.04899148
v 0.00636801 0.01648241 -0.04909280
v -0.00165564 0.01648241 -0.03611236
v 0.01381937 0.01648241 -0.06240984
v -0.00899585 0.01648236 -0.02524633
v -0.01011832 0.01610172 -0.02340896
v -0.01007364 0.01600000 -0.02337713
v -0.01001797 0.01589003 -0.02333749
v -0.01001797 0.01589003 -0.02333749
v -0.01007364 0.01600000 -0.02337713
v -0.01235153 0.01557184 -0.02008636
v -0.00899585 0.01648236 -0.02524633
v -0.00887476 0.01652513 -0.02543774
v -0.00908670 0.01691280 -0.02538897
v -0.01235153 0.01557184 -0.02008636
v -0.01030005 0.01634456 -0.02340862
v -0.01253516 0.01569478 -0.02009618
v -0.01238284 0.01556596 -0.02004342
v -0.01482892 0.01521005 -0.01685720
v -0.01206274 0.01527252 -0.01982092
v -0.00981476 0.01558577 -0.02319274
v -0.01222437 0.01542093 -0.01996944
v -0.00980957 0.01557944 -0.02318905
v -0.00955472 0.01532635 -0.02300753
v -0.01188806 0.01515442 -0.01966036
v -0.01463361 0.01509505 -0.01665240
v -0.00947736 0.01526793 -0.02295242
v -0.00926999 0.01514409 -0.02280471
v -0.00908444 0.01506813 -0.02267257
v -0.01170508 0.01506935 -0.01949218
v -0.00896307 0.01503426 -0.02258611
v -0.01421313 0.01500000 -0.01621151
v -0.01132065 0.01500000 -0.01913888
v -0.01151196 0.01501695 -0.01931472
v -0.00947736 0.01526793 -0.02295242
v -0.00926999 0.01514409 -0.02280471
v -0.00980957 0.01557944 -0.02318905
v -0.00955472 0.01532635 -0.02300753
v -0.00896307 0.01503426 -0.02258611
v -0.00866287 0.01500000 -0.02237228
v -0.00003494 0.01500000 -0.03506097
v 0.00803299 0.01500000 -0.04811303
v -0.01421313 0.01500000 -0.01621151
v -0.01452798 0.01505273 -0.01654165
v -0.01776306 0.01500000 -0.01200002
v -0.01463361 0.01509505 -0.01665240
v -0.01482892 0.01521005 -0.01685720
v -0.01644312 0.01505600 -0.01453381
v -0.01482892 0.01521005 -0.01685720
v -0.01269888 0.01580829 -0.02015933
v -0.01502933 0.01530081 -0.01696395
v -0.01513153 0.01533556 -0.01702017
v -0.01644312 0.01505600 -0.01453381
v -0.01286942 0.01590305 -0.02023113
v -0.01304575 0.01597867 -0.02031109
v -0.01502933 0.01530081 -0.01696395
v -0.01544467 0.01539693 -0.01719930
v -0.01680054 0.01510507 -0.01468075
v -0.01662122 0.01508972 -0.01460635
v -0.01523471 0.01536316 -0.01707806
v -0.01376865 0.01592165 -0.01989205
v -0.01102252 0.01690701 -0.02355462
v -0.01129819 0.01701692 -0.02364861
v -0.01322699 0.01603458 -0.02039886
v -0.01075986 0.01675559 -0.02348217
v -0.01061420 0.01664862 -0.02345037
v -0.00936682 0.01725783 -0.02539779
v -0.00970126 0.01754312 -0.02546374
v -0.01034656 0.01639732 -0.02341198
v -0.01051697 0.01656647 -0.02343310
v -0.00773437 0.01747209 -0.02728896
v -0.00800577 0.01791876 -0.02724752
v -0.00315851 0.02179892 -0.03401391
v -0.00319653 0.02186061 -0.03398723
v -0.00773437 0.01747209 -0.02728896
v -0.00171289 0.01700000 -0.03614928
v 0.00033496 0.01700000 -0.03934426
v -0.00057858 0.02280103 -0.03790957
v -0.00887476 0.01652513 -0.02543774
v -0.00756610 0.01700000 -0.02741482
v 0.00630918 0.01700000 -0.04912716
v 0.00033496 0.01700000 -0.03934426
v 0.00630918 0.01700000 -0.04912716
v 0.00774271 0.01700000 -0.05158602
v 0.00762314 0.02271959 -0.05137917
v 0.01375906 0.01700000 -0.06244158
v 0.00774271 0.01700000 -0.05158602
v 0.00774268 0.02271834 -0.05158599
v 0.01375906 0.01700000 -0.06244158
v 0.00756485 0.02323819 -0.05141607
v 0.01464487 0.02264255 -0.06411975
v 0.01515082 0.02315453 -0.06523843
v 0.00033493 0.02279234 -0.03934423
v 0.00762314 0.02271959 -0.05137917
v 0.00739252 0.02372131 -0.05151870
v -0.00080005 0.02379800 -0.03805739
v -0.00063479 0.02331970 -0.03794869
v -0.00170703 0.02357037 -0.03657827
v -0.00151764 0.02312698 -0.03655672
v -0.00080243 0.02380289 -0.03805892
v -0.00197836 0.02396164 -0.03666466
v -0.00107004 0.02421758 -0.03823278
v 0.00711753 0.02413593 -0.05168032
v -0.00141922 0.02453523 -0.03845824
v 0.00675864 0.02445364 -0.05188985
v -0.00141922 0.02453523 -0.03845824
v -0.00142352 0.02453818 -0.03846102
v -0.00231537 0.02427663 -0.03681084
v -0.00285269 0.02335297 -0.03517672
v -0.00258102 0.02300681 -0.03516985
v -0.00317584 0.02364398 -0.03524435
v -0.00182617 0.02473425 -0.03871996
v -0.00183209 0.02473612 -0.03872378
v -0.00269726 0.02449646 -0.03700774
v -0.00353570 0.02386621 -0.03536977
v -0.00310031 0.02460899 -0.03724267
v -0.00228525 0.02480113 -0.03895315
v -0.00391577 0.02400909 -0.03554745
v -0.00423788 0.02281613 -0.03387182
v -0.00396322 0.02264800 -0.03383193
v -0.00466684 0.02300000 -0.03400002
v -0.00430542 0.02285117 -0.03388689
v -0.00877460 0.01859740 -0.02743130
v -0.00877133 0.01859558 -0.02742999
v -0.00430542 0.02285117 -0.03388689
v -0.00396322 0.02264800 -0.03383193
v -0.00423788 0.02281613 -0.03387182
v -0.00836188 0.01830396 -0.02729629
v -0.00383548 0.02255435 -0.03382635
v -0.00365130 0.02239893 -0.03383538
v -0.00800668 0.01791997 -0.02724755
v -0.00365130 0.02239893 -0.03383538
v -0.00383548 0.02255435 -0.03382635
v -0.00836023 0.01830249 -0.02729589
v -0.00877133 0.01859558 -0.02742999
v -0.01007346 0.01775461 -0.02558352
v -0.01091324 0.01684996 -0.02352230
v -0.00941278 0.01863707 -0.02735940
v -0.01046494 0.01788188 -0.02575118
v -0.01129819 0.01701692 -0.02364861
v -0.01123584 0.01699612 -0.02362588
v -0.01046494 0.01788188 -0.02575118
v -0.00941278 0.01863707 -0.02735940
v -0.01157379 0.01708186 -0.02375900
v -0.00921066 0.01877931 -0.02763970
v -0.00466684 0.02300000 -0.03400002
v -0.01348224 0.02300000 -0.03400002
v -0.00337997 0.02211290 -0.03389654
v -0.00348178 0.02222983 -0.03386553
v -0.00800577 0.01791876 -0.02724752
v -0.00348178 0.02222983 -0.03386553
v -0.00337997 0.02211290 -0.03389654
v -0.00319653 0.02186061 -0.03398723
v -0.00315851 0.02179892 -0.03401391
v -0.00237356 0.02262129 -0.03522423
v -0.00224084 0.02221465 -0.03533779
v -0.00142068 0.02265880 -0.03660055
v -0.00057858 0.02280103 -0.03790957
v -0.01658975 0.02480113 -0.03895315
v -0.01691165 0.02460072 -0.03720656
v -0.00313208 0.02459358 -0.03717632
v -0.00183209 0.02473612 -0.03872378
v -0.00182617 0.02473425 -0.03871996
v 0.00634043 0.02465273 -0.05213299
v -0.00142352 0.02453818 -0.03846102
v 0.01432440 0.02436989 -0.06567553
v 0.01343655 0.02463596 -0.06613877
v 0.01389581 0.02456903 -0.06589959
v 0.01469223 0.02405217 -0.06548233
v 0.02082533 0.02448335 -0.07999157
v 0.02163948 0.02396643 -0.07961059
v 0.02679136 0.02403760 -0.09167663
v 0.02675898 0.02420850 -0.09225846
v 0.02126347 0.02428415 -0.07978704
v 0.02675154 0.02424046 -0.09239358
v 0.02671199 0.02437091 -0.09311944
v 0.02035554 0.02455040 -0.08021002
v 0.02667301 0.02444292 -0.09384869
v 0.02663484 0.02446303 -0.09457806
v 0.02681779 0.02444589 -0.09454888
v 0.02667301 0.02444292 -0.09384869
v 0.02683668 0.02440292 -0.09382392
v 0.02663484 0.02446303 -0.09457806
v 0.02681779 0.02444589 -0.09454888
v 0.02929997 0.02433487 -0.10985511
v 0.02903566 0.02436987 -0.10989780
v 0.03166426 0.02423843 -0.12518000
v 0.03137562 0.02427666 -0.12522680
v 0.03398988 0.02414015 -0.14051120
v 0.03366337 0.02418340 -0.14056371
v 0.03628330 0.02404034 -0.15584740
v 0.03590769 0.02409009 -0.15590760
v 0.03663334 0.02389378 -0.15579090
v 0.03429417 0.02401274 -0.14046201
v 0.03693385 0.02366042 -0.15574170
v 0.03193327 0.02412578 -0.12513660
v 0.03455543 0.02380985 -0.14041930
v 0.03234141 0.02371253 -0.12506920
v 0.03216425 0.02394640 -0.12509880
v 0.03475581 0.02354533 -0.14038581
v 0.03930207 0.02350064 -0.17106571
v 0.03895512 0.02377011 -0.17112250
v 0.03716435 0.02335614 -0.15570321
v 0.03730909 0.02300172 -0.15567811
v 0.03956822 0.02314934 -0.17102131
v 0.03488163 0.02323723 -0.14036391
v 0.03735819 0.02262137 -0.15566790
v 0.03973533 0.02274014 -0.17099221
v 0.03492442 0.02290656 -0.14035570
v 0.03245268 0.02344013 -0.12504990
v 0.03249055 0.02314777 -0.12504290
v 0.03002189 0.02360390 -0.10973590
v 0.02992002 0.02385332 -0.10975360
v 0.03005656 0.02333620 -0.10972940
v 0.02755116 0.02383699 -0.09442861
v 0.02762245 0.02346304 -0.09441500
v 0.02762245 0.02346304 -0.09441500
v 0.02750102 0.02362370 -0.09374253
v 0.02751600 0.02345483 -0.09374542
v 0.02739656 0.02357254 -0.09306808
v 0.02740977 0.02342072 -0.09307696
v 0.02735859 0.02372716 -0.09306301
v 0.02758900 0.02372202 -0.09442190
v 0.02745494 0.02379637 -0.09374450
v 0.02749046 0.02396332 -0.09443902
v 0.02746022 0.02401299 -0.09444416
v 0.02737937 0.02395793 -0.09375149
v 0.02729747 0.02387282 -0.09306222
v 0.02721504 0.02375276 -0.09237896
v 0.02726258 0.02362495 -0.09238690
v 0.02729280 0.02349011 -0.09239840
v 0.02715004 0.02387431 -0.09237458
v 0.02721330 0.02400882 -0.09306582
v 0.02727482 0.02410571 -0.09376351
v 0.02710890 0.02412978 -0.09307369
v 0.02706916 0.02398602 -0.09237390
v 0.02697496 0.02408489 -0.09237692
v 0.02695860 0.02388054 -0.09167947
v 0.02708580 0.02369222 -0.09169451
v 0.02686677 0.02417136 -0.09238363
v 0.02675898 0.02420850 -0.09225846
v 0.02698857 0.02423142 -0.09308551
v 0.02699879 0.02433142 -0.09380038
v 0.02685289 0.02431343 -0.09310116
v 0.02714567 0.02423206 -0.09378012
v 0.02675154 0.02424046 -0.09239358
v 0.02671199 0.02437091 -0.09311944
v 0.02669841 0.02440201 -0.09337185
v 0.02689061 0.02442915 -0.09453720
v 0.02712892 0.02432938 -0.09449871
v 0.02700492 0.02439052 -0.09451879
v 0.02733366 0.02417032 -0.09446520
v 0.02717866 0.02429829 -0.09449063
v 0.02975779 0.02406746 -0.10978070
v 0.02954631 0.02423172 -0.10981530
v 0.02746022 0.02401299 -0.09444416
v 0.02700492 0.02439052 -0.09451879
v 0.02681196 0.02389545 -0.09131042
v 0.02694029 0.02359558 -0.09100434
v 0.02702204 0.02344278 -0.09103640
v 0.02693098 0.02341258 -0.09068891
v 0.02699177 0.02328401 -0.09072900
v 0.02684925 0.02353412 -0.09065487
v 0.02683067 0.02373561 -0.09098046
v 0.02684925 0.02353412 -0.09065487
v 0.02683067 0.02373561 -0.09098046
v 0.02686711 0.02326970 -0.09034286
v 0.02692161 0.02317500 -0.09038769
v 0.02686711 0.02326970 -0.09034286
v 0.02685310 0.02348459 -0.09058737
v 0.02192768 0.02355190 -0.07947433
v 0.02687901 0.02300388 -0.09013446
v 0.02691420 0.02289815 -0.09016006
v 0.02696257 0.02307878 -0.09043551
v 0.02694032 0.02284035 -0.09021380
v 0.02707551 0.02327960 -0.09107601
v 0.02699104 0.02297987 -0.09048684
v 0.02695982 0.02278172 -0.09026943
v 0.02695332 0.02271820 -0.09022415
v 0.02693180 0.02267943 -0.09012963
v 0.02691127 0.02271103 -0.09007357
v 0.02694798 0.02264755 -0.09018695
v 0.02692918 0.02258669 -0.09010388
v 0.02694435 0.02257013 -0.09016175
v 0.02691032 0.02260312 -0.09004705
v 0.02688557 0.02274312 -0.09001742
v 0.02688056 0.02295641 -0.09010699
v 0.02688707 0.02261986 -0.08998989
v 0.02688749 0.02248621 -0.08997943
v 0.02690992 0.02248621 -0.09003713
v 0.02692817 0.01700000 -0.09009420
v 0.02694300 0.01700000 -0.09015240
v 0.02694300 0.02248621 -0.09015240
v 0.02688749 0.01700000 -0.08997943
v 0.02688749 0.02248621 -0.08997943
v 0.02216969 0.02255043 -0.07935592
v 0.02688557 0.02274312 -0.09001742
v 0.02688056 0.02295641 -0.09010699
v 0.02210838 0.02306889 -0.07938754
v 0.02103004 0.02256514 -0.07692468
v 0.01497412 0.02363760 -0.06533325
v 0.01521103 0.02263600 -0.06520397
v 0.01464487 0.01700000 -0.06411972
v 0.02062300 0.01700000 -0.07606790
v 0.02688749 0.01700000 -0.08997943
v 0.02103001 0.01700000 -0.07692459
v 0.02678941 0.01648239 -0.08957452
v 0.02068458 0.01648241 -0.07603872
v 0.02062300 0.01700000 -0.07606790
v 0.01464487 0.01700000 -0.06411972
v 0.01399582 0.01600002 -0.06231609
v 0.02659568 0.01612131 -0.08877674
v 0.02678138 0.01646207 -0.08954145
v 0.02678941 0.01648239 -0.08957452
v 0.02681892 0.01639591 -0.08959390
v 0.02685292 0.01652025 -0.08975933
v 0.02678138 0.01646207 -0.08954145
v 0.02665940 0.01601683 -0.08881958
v 0.02650419 0.01599994 -0.08840078
v 0.02670735 0.01590907 -0.08886654
v 0.02684791 0.01632979 -0.08964746
v 0.02674018 0.01579768 -0.08891778
v 0.02686921 0.01626256 -0.08970318
v 0.02687791 0.01646774 -0.08981427
v 0.02689677 0.01641455 -0.08987094
v 0.02675785 0.01568278 -0.08897541
v 0.02688291 0.01619302 -0.08976223
v 0.02690968 0.01635956 -0.08993057
v 0.02692024 0.01658788 -0.09001374
v 0.02690339 0.01662521 -0.08995626
v 0.02693244 0.01654933 -0.09007394
v 0.02693675 0.01678493 -0.09011444
v 0.02691355 0.01671201 -0.09001287
v 0.02694853 0.01676480 -0.09017514
v 0.02694136 0.01689110 -0.09014251
v 0.02695301 0.01688094 -0.09020327
v 0.02694300 0.01700000 -0.09015240
v 0.02692817 0.01700000 -0.09009420
v 0.02692640 0.01690094 -0.09008435
v 0.02690986 0.01700000 -0.09003695
v 0.02688749 0.01700000 -0.08997943
v 0.02690785 0.01691071 -0.09002719
v 0.02692140 0.01680438 -0.09005642
v 0.02688520 0.01692059 -0.08996987
v 0.02690217 0.01682367 -0.08999951
v 0.02687861 0.01684314 -0.08994268
v 0.02689332 0.01674040 -0.08995632
v 0.02686824 0.01676912 -0.08989984
v 0.02688182 0.01666217 -0.08990017
v 0.02685478 0.01669952 -0.08984429
v 0.02695497 0.02251994 -0.09021548
v 0.02695607 0.02255306 -0.09022238
v 0.02695997 0.02261458 -0.09024707
v 0.02696577 0.02267066 -0.09028363
v 0.02697288 0.02272101 -0.09032821
v 0.02698905 0.02280635 -0.09043006
v 0.02709919 0.02310848 -0.09112295
v 0.02700691 0.02287708 -0.09054235
v 0.02720005 0.02325829 -0.09175756
v 0.02716770 0.02348132 -0.09172094
v 0.02730418 0.02335725 -0.09241268
v 0.02692817 0.02248621 -0.09009420
v 0.02649488 0.01505209 -0.08732086
v 0.02605482 0.01558575 -0.08656198
v 0.02620497 0.01570145 -0.08717498
v 0.02086494 0.01600002 -0.07595275
v 0.02605482 0.01558575 -0.08656198
v 0.02580085 0.01542470 -0.08552828
v 0.02115187 0.01558577 -0.07581597
v 0.02547981 0.01526790 -0.08422708
v 0.02561546 0.01507748 -0.08385040
v 0.02547981 0.01526790 -0.08422708
v 0.02539018 0.01523173 -0.08386489
v 0.02550590 0.01516362 -0.08385592
v 0.03979212 0.02230098 -0.17098101
v 0.04216066 0.02245899 -0.18630640
v 0.04222596 0.02195419 -0.18629351
v 0.04458540 0.02216480 -0.20162061
v 0.04436660 0.02270053 -0.20165861
v 0.04196859 0.02292934 -0.18633971
v 0.04401818 0.02316049 -0.20171680
v 0.04166267 0.02333315 -0.18639080
v 0.04676345 0.02246733 -0.21697761
v 0.04637114 0.02298525 -0.21704311
v 0.04126387 0.02364287 -0.18645611
v 0.04356392 0.02351328 -0.20179111
v 0.04585964 0.02338249 -0.21712681
v 0.04303481 0.02373482 -0.20187661
v 0.04526384 0.02363196 -0.21722301
v 0.04079934 0.02383737 -0.18653121
v 0.04246700 0.02381001 -0.20196741
v 0.04462444 0.02371661 -0.21732500
v 0.04030088 0.02390338 -0.18661130
v 0.03811735 0.02399675 -0.17125760
v 0.03855097 0.02393932 -0.17118770
v 0.04749288 0.02352908 -0.23256951
v 0.04678188 0.02362323 -0.23268281
v 0.04972835 0.02342653 -0.24791491
v 0.04894802 0.02352985 -0.24803921
v 0.04815532 0.02325171 -0.23246250
v 0.05045537 0.02312210 -0.24779751
v 0.04872408 0.02281001 -0.23236941
v 0.05107958 0.02263735 -0.24769531
v 0.05276412 0.02299487 -0.26313111
v 0.05197670 0.02332459 -0.26325831
v 0.05344017 0.02246985 -0.26302052
v 0.04916030 0.02223413 -0.23229650
v 0.05155834 0.02200533 -0.24761541
v 0.05580840 0.02231009 -0.27834452
v 0.05508590 0.02287119 -0.27846272
v 0.05395870 0.02178532 -0.26293391
v 0.05428432 0.02098802 -0.26287730
v 0.05636257 0.02157852 -0.27825190
v 0.05185900 0.02126918 -0.24756310
v 0.05439476 0.02013236 -0.26285401
v 0.05671056 0.02072644 -0.27819142
v 0.05196096 0.02047914 -0.24754151
v 0.04952718 0.02084351 -0.23222941
v 0.04943425 0.02156337 -0.23224891
v 0.04709346 0.02121666 -0.21691750
v 0.04700985 0.02186409 -0.21693481
v 0.04465971 0.02158983 -0.20160561
v 0.05682869 0.01981197 -0.27816712
v 0.05913802 0.02049094 -0.29350562
v 0.05926248 0.01952678 -0.29347941
v 0.06156698 0.02028804 -0.30881962
v 0.06169634 0.01928557 -0.30879222
v 0.06399777 0.02012428 -0.32413362
v 0.06645066 0.01992719 -0.33944401
v 0.06643067 0.02000618 -0.33944761
v 0.06645066 0.01992719 -0.33944401
v 0.06737424 0.01892044 -0.34813511
v 0.06725717 0.01987692 -0.34814412
v 0.06740003 0.00850000 -0.35000001
v 0.06739942 0.01890978 -0.35000001
v 0.06737424 0.01892044 -0.34813511
v 0.06739942 0.01890978 -0.35000001
v 0.06693167 0.01982648 -0.35687571
v 0.06691501 0.02077991 -0.34815910
v 0.06659076 0.02072907 -0.35684620
v 0.06643067 0.02000618 -0.33944761
v 0.06684879 0.01886078 -0.35860270
v 0.06585700 0.02150629 -0.35847502
v 0.06640003 0.02155418 -0.35000001
v 0.06640003 0.02290985 -0.35000001
v 0.06640003 0.02155418 -0.35000001
v 0.06605139 0.02151590 -0.35679561
v 0.06640003 0.02290985 -0.35000001
v 0.06467520 0.02300128 -0.33496400
v 0.06557935 0.02161600 -0.33959272
v 0.06603647 0.02097136 -0.33951622
v 0.06611298 0.02083057 -0.33950312
v 0.06465783 0.02182964 -0.33488960
v 0.06298445 0.02190303 -0.32430552
v 0.06360690 0.02108135 -0.32420161
v 0.06133871 0.02289735 -0.32457322
v 0.06280050 0.02250694 -0.32843470
v 0.05959033 0.02308797 -0.32070912
v 0.05886346 0.02302548 -0.30926600
v 0.06115774 0.02293207 -0.32414082
v 0.05558544 0.02324985 -0.29408622
v 0.05787329 0.02315659 -0.30942362
v 0.05653780 0.02312375 -0.29393492
v 0.05978597 0.02263919 -0.30911701
v 0.06217294 0.02253326 -0.32443830
v 0.05742507 0.02275223 -0.29379161
v 0.06057799 0.02202409 -0.30898741
v 0.06118548 0.02122214 -0.30888600
v 0.05877112 0.02138933 -0.29356941
v 0.05818685 0.02216065 -0.29366691
v 0.06280050 0.02250694 -0.32843470
v 0.06611298 0.02083057 -0.33950312
v 0.05424437 0.02322356 -0.27859861
v 0.05113161 0.02343649 -0.26339332
v 0.05334114 0.02334316 -0.27874241
v 0.06133871 0.02289735 -0.32457322
v 0.06585691 0.02285831 -0.35847541
v 0.06585700 0.02150629 -0.35847502
v 0.06461380 0.02146564 -0.36529731
v 0.06704779 0.01887056 -0.35688182
v 0.06740003 0.00850000 -0.35000001
v 0.06684873 0.00850000 -0.35860301
v 0.06559067 0.01882150 -0.36551222
v 0.06510330 0.00850000 -0.36744490
v 0.06740003 0.00850000 -0.35000001
v 0.06681497 0.00824118 -0.35859840
v 0.06684873 0.00850000 -0.35860301
v 0.06507041 0.00824118 -0.36743602
v 0.06510330 0.00850000 -0.36744490
v 0.06740003 0.00850000 -0.35000001
v 0.06653082 0.00824118 -0.33942543
v 0.06736597 0.00824118 -0.35000001
v 0.06643216 0.00800000 -0.33944111
v 0.06736597 0.00824118 -0.35000001
v 0.06627521 0.00779290 -0.33946601
v 0.06726605 0.00800000 -0.35000001
v 0.06643216 0.00800000 -0.33944111
v 0.06429105 0.00779290 -0.32698262
v 0.06627521 0.00779290 -0.33946601
v 0.06653082 0.00824118 -0.33942543
v 0.06444799 0.00800000 -0.32695771
v 0.06607065 0.00763398 -0.33949852
v 0.06408651 0.00763398 -0.32701512
v 0.06710715 0.00779290 -0.35000001
v 0.06230688 0.00779290 -0.31449922
v 0.06246382 0.00800000 -0.31447431
v 0.06032271 0.00779289 -0.30201582
v 0.06047967 0.00800000 -0.30199092
v 0.06210235 0.00763398 -0.31453172
v 0.05988000 0.00753408 -0.30208622
v 0.06011819 0.00763398 -0.30204832
v 0.06186415 0.00753408 -0.31456962
v 0.05833856 0.00779289 -0.28953251
v 0.05789593 0.00753411 -0.28960282
v 0.05813408 0.00763402 -0.28956492
v 0.05962438 0.00750000 -0.30212681
v 0.06160855 0.00750000 -0.31461021
v 0.05789593 0.00753411 -0.28960282
v 0.05653740 0.00729732 -0.27956062
v 0.05629767 0.00719892 -0.27960481
v 0.05764023 0.00750000 -0.28964341
v 0.05604024 0.00716680 -0.27964701
v 0.04288979 0.00720813 -0.27961961
v 0.05604024 0.00716680 -0.27964701
v 0.05603631 0.00716516 -0.27962251
v 0.05603631 0.00716516 -0.27962251
v 0.05444863 0.00616786 -0.26969682
v 0.05444863 0.00616786 -0.26969682
v 0.05295934 0.00471752 -0.25865232
v 0.05270034 0.00468828 -0.25869740
v 0.02813939 0.00673424 -0.27390730
v 0.04288942 0.00633385 -0.27093080
v 0.01338927 0.00750000 -0.28234813
v 0.02813936 0.00750000 -0.28534401
v 0.02813936 0.00730835 -0.27961293
v 0.00430806 0.00727977 -0.27796281
v 0.01338918 0.00713365 -0.27687660
v -0.01264057 0.00750000 -0.28481432
v -0.00136152 0.00750000 -0.28107310
v -0.00145860 0.00752531 -0.28087163
v -0.00136152 0.00750000 -0.28107310
v 0.00430806 0.00727977 -0.27796281
v 0.00417595 0.00728168 -0.27776542
v 0.00417595 0.00728168 -0.27776542
v 0.01266933 0.00631375 -0.27078132
v 0.01249627 0.00632018 -0.27062181
v 0.01908266 0.00511225 -0.26184922
v 0.01233184 0.00638171 -0.27046290
v 0.00417544 0.00728180 -0.27776460
v 0.00404979 0.00734052 -0.27756910
v 0.00405019 0.00734023 -0.27756981
v -0.00155030 0.00759952 -0.28068132
v -0.00147386 0.00753407 -0.28083992
v 0.00393865 0.00745308 -0.27738823
v -0.00163233 0.00771845 -0.28051112
v -0.00157856 0.00763397 -0.28062272
v -0.00155030 0.00759952 -0.28068132
v -0.01268983 0.00753407 -0.28456032
v -0.01718553 0.00750000 -0.28586250
v -0.01268983 0.00753407 -0.28456032
v -0.03320002 0.00750000 -0.29249602
v -0.04025266 0.00750000 -0.29719213
v -0.04695191 0.00750000 -0.30304821
v -0.04039213 0.00750000 -0.29729872
v -0.04039213 0.00750000 -0.29729872
v -0.05122642 0.00750000 -0.30775301
v -0.05270139 -0.00744000 -0.30960802
v -0.05750407 0.00750000 -0.31680001
v -0.05270139 0.00750000 -0.30960802
v 0.05095208 0.00320870 -0.24769801
v 0.05121105 0.00323793 -0.24765290
v 0.04920378 0.00172911 -0.23669860
v 0.04946276 0.00175835 -0.23665351
v 0.04745549 0.00024953 -0.22569910
v 0.04771450 0.00027876 -0.22565401
v 0.04570720 -0.00123006 -0.21469971
v 0.04596621 -0.00120082 -0.21465461
v 0.04395891 -0.00270964 -0.20370031
v 0.04421791 -0.00268040 -0.20365520
v 0.04445879 -0.00258388 -0.20360401
v 0.04620708 -0.00110429 -0.21460340
v 0.04466469 -0.00242680 -0.20355010
v 0.04641298 -0.00094722 -0.21454951
v 0.04482122 -0.00222018 -0.20349750
v 0.04656948 -0.00074060 -0.21449691
v 0.04831777 0.00073899 -0.22549621
v 0.04795537 0.00037529 -0.22560271
v 0.04816124 0.00053237 -0.22554891
v 0.05006606 0.00221857 -0.23649561
v 0.04990953 0.00201195 -0.23654830
v 0.04841396 0.00098070 -0.22544851
v 0.05016225 0.00246028 -0.23644781
v 0.04666567 -0.00049888 -0.21444910
v 0.05191054 0.00393987 -0.24744721
v 0.05181435 0.00369815 -0.24749511
v 0.05019139 0.00272019 -0.23640821
v 0.05193966 0.00419977 -0.24740771
v 0.05365883 0.00541945 -0.25844669
v 0.05368795 0.00567935 -0.25840711
v 0.05543624 0.00715894 -0.26940650
v 0.05540712 0.00689913 -0.26944611
v 0.05702834 0.00816457 -0.27942332
v 0.05540712 0.00689913 -0.26944611
v 0.05699706 0.00790505 -0.27944651
v 0.05531096 0.00665738 -0.26949391
v 0.05356264 0.00517774 -0.25849452
v 0.05531096 0.00665738 -0.26949391
v 0.05515441 0.00645069 -0.26954661
v 0.05340612 0.00497110 -0.25854722
v 0.05515441 0.00645069 -0.26954661
v 0.05689962 0.00766303 -0.27947871
v 0.05320021 0.00481404 -0.25860102
v 0.05494841 0.00629358 -0.26960041
v 0.05674279 0.00745566 -0.27951762
v 0.05813408 0.00763402 -0.28956492
v 0.05849547 0.00799991 -0.28950752
v 0.05833856 0.00779289 -0.28953251
v 0.05849547 0.00799991 -0.28950752
v 0.06057833 0.00824118 -0.30197520
v 0.05859414 0.00824106 -0.28949180
v 0.05859414 0.00824106 -0.28949180
v 0.06061199 0.00850000 -0.30196980
v 0.05862784 0.00850000 -0.28948640
v 0.06259616 0.00850000 -0.31445320
v 0.06256250 0.00824118 -0.31445860
v 0.06458029 0.00850000 -0.32693663
v 0.06454666 0.00824118 -0.32694200
v 0.06656446 0.00850000 -0.33942002
v 0.05494841 0.00629358 -0.26960041
v 0.05470754 0.00619707 -0.26965171
v 0.05165783 0.00349152 -0.24754781
v 0.05145192 0.00333446 -0.24760160
v 0.04970363 0.00185488 -0.23660221
v 0.04844310 0.00124060 -0.22540881
v 0.04494652 -0.00171857 -0.20341010
v 0.04669481 -0.00023898 -0.21440951
v 0.04491741 -0.00197847 -0.20344961
v 0.04319823 -0.00319815 -0.19241060
v 0.04144994 -0.00467773 -0.18141120
v 0.06583249 0.00753408 -0.33953642
v 0.06231347 0.00850000 -0.37568651
v 0.06228174 0.00824118 -0.37567412
v 0.06302725 0.01877365 -0.37388173
v 0.06231347 0.00850000 -0.37568651
v 0.05837008 0.00850000 -0.38370021
v -0.01658112 0.02480098 -0.03900002
v -0.00228525 0.02480113 -0.03895315
v -0.00226300 0.02480098 -0.03900002
v -0.01658975 0.02480113 -0.03895315
v -0.01679996 0.02477536 -0.03904623
v -0.01658112 0.02480098 -0.03900002
v -0.01402243 0.02472850 -0.05091985
v -0.01140375 0.02465610 -0.06282639
v 0.02020093 0.01496593 -0.05244405
v 0.01994531 0.01500000 -0.05248467
v 0.01810657 0.01496593 -0.03926736
v 0.01810657 0.01496593 -0.03926736
v 0.01624695 0.01500000 -0.02663711
v 0.01650458 0.01496593 -0.02661266
v 0.02043912 0.01486603 -0.05240618
v 0.01674469 0.01486603 -0.02658999
v 0.01834476 0.01486603 -0.03922948
v 0.01594876 0.01486603 -0.01387469
v 0.01544900 0.01500000 -0.01389025
v 0.01695090 0.01470709 -0.02657049
v 0.01854932 0.01470711 -0.03919698
v 0.01854932 0.01470711 -0.03919698
v 0.01834476 0.01486603 -0.03922948
v 0.02064365 0.01470711 -0.05237368
v 0.02505006 0.01437373 -0.07869247
v 0.01596008 0.01486603 -0.00113473
v 0.01615576 0.01470709 -0.01386828
v 0.01616708 0.01470711 -0.00114147
v 0.01666220 0.01470711 0.01404591
v 0.01682105 0.01450000 0.01404075
v 0.01616708 0.01470711 -0.00114147
v 0.01645520 0.01486603 0.01405265
v 0.01571902 0.01496593 -0.00112685
v 0.01596008 0.01486603 -0.00113473
v 0.01570767 0.01496593 -0.01388210
v 0.01571902 0.01496593 -0.00112685
v 0.01695035 0.01486603 0.02924003
v 0.01715735 0.01470711 0.02923328
v 0.01621414 0.01496593 0.01406052
v 0.01744547 0.01486603 0.04442741
v 0.01670929 0.01496593 0.02924790
v 0.01720444 0.01496593 0.04443528
v 0.01765247 0.01470711 0.04442066
v 0.01765247 0.01470711 0.04442066
v 0.01781131 0.01450000 0.04441547
v 0.01720444 0.01496593 0.04443528
v 0.01744547 0.01486603 0.04442741
v 0.01694574 0.01500000 0.04444370
v 0.01679770 0.01500000 0.03990253
v 0.01645062 0.01500000 0.02925633
v 0.01595547 0.01500000 0.01406895
v 0.01563507 0.01500000 0.00424085
v 0.01563507 0.01500000 0.00424085
v 0.01516507 0.01550000 0.00406330
v 0.01359668 0.01550000 0.00784983
v 0.01620001 0.01500000 -0.00000002
v 0.01564804 0.01500000 0.00419264
v 0.01546033 0.01500000 -0.00111843
v 0.01564804 0.01500000 0.00419264
v 0.01570001 0.01550000 -0.00000002
v 0.01516516 0.01550000 -0.00406295
v 0.00811377 0.01550000 -0.00217413
v 0.00839999 0.01550000 -0.00000002
v 0.01145526 0.01500000 0.01145499
v 0.01110168 0.01550000 0.01110142
v 0.00785016 0.01550000 0.01359647
v 0.00810013 0.01500000 0.01402952
v 0.00406366 0.01550000 0.01516495
v 0.00419299 0.01500000 0.01564793
v 0.00000015 0.01500000 0.01619999
v 0.00000006 0.01550000 0.01569999
v -0.00419281 0.01500000 0.01564799
v -0.00406342 0.01550000 0.01516502
v -0.00809995 0.01500000 0.01402961
v -0.00784995 0.01550000 0.01359660
v -0.01145508 0.01500000 0.01145515
v -0.01110156 0.01550000 0.01110154
v -0.01402957 0.01500000 0.00810001
v -0.01359656 0.01550000 0.00785004
v -0.01516501 0.01550000 0.00406351
v -0.00811377 0.01550000 0.00217411
v -0.00839999 0.01550000 -0.00000002
v -0.01516501 0.01550000 0.00406351
v -0.01564798 0.01500000 0.00419291
v -0.01570001 0.01550000 -0.00000002
v -0.01564804 0.01500000 -0.00419277
v -0.01570001 0.01550000 -0.00000002
v -0.01516507 0.01550000 -0.00406338
v -0.01402966 0.01500000 -0.00809997
v -0.01359662 0.01550000 -0.00784997
v -0.01145514 0.01500000 -0.01145516
v -0.00784998 0.01550000 -0.01359664
v -0.01110156 0.01550000 -0.01110159
v -0.00406338 0.01550000 -0.01516509
v -0.00809995 0.01500000 -0.01402969
v 0.00000012 0.01550000 -0.01570003
v -0.00419275 0.01500000 -0.01564806
v 0.00406381 0.01550000 -0.01516497
v 0.00000031 0.01500000 -0.01620004
v -0.00000000 0.01620000 -0.00840002
v -0.00217410 0.01550000 -0.00811379
v -0.00217410 0.01620000 -0.00811379
v 0.00217410 0.01620000 -0.00811379
v -0.00000000 0.01550000 -0.00840002
v -0.00000000 0.01650000 -0.00810003
v -0.00217410 0.01620000 -0.00811379
v -0.00209647 0.01650000 -0.00782403
v 0.00217410 0.01620000 -0.00811379
v -0.00000000 0.01620000 -0.00840002
v -0.00000000 0.01650000 -0.00760003
v 0.00196713 0.01650000 -0.00734103
v 0.00209647 0.01650000 -0.00782403
v -0.00420001 0.01620000 -0.00727462
v -0.00405002 0.01650000 -0.00701482
v -0.00572757 0.01650000 -0.00572759
v -0.00593970 0.01620000 -0.00593972
v -0.00727460 0.01620000 -0.00420004
v -0.00701480 0.01650000 -0.00405004
v -0.00593970 0.01620000 -0.00593972
v -0.00727460 0.01550000 -0.00420004
v -0.00727460 0.01620000 -0.00420004
v -0.00420001 0.01620000 -0.00727462
v -0.00593970 0.01550000 -0.00593972
v -0.00811377 0.01550000 -0.00217413
v -0.00811377 0.01620000 -0.00217413
v -0.00782401 0.01650000 -0.00209649
v -0.00811377 0.01620000 -0.00217413
v -0.00839999 0.01550000 -0.00000002
v -0.00810001 0.01650000 -0.00000002
v -0.00811377 0.01620000 0.00217408
v -0.00839999 0.01550000 -0.00000002
v -0.00811377 0.01550000 0.00217411
v -0.00810001 0.01650000 -0.00000002
v -0.00811377 0.01620000 0.00217408
v -0.00782401 0.01650000 0.00209644
v -0.00727460 0.01620000 0.00419999
v -0.00727460 0.01550000 0.00420002
v -0.00593970 0.01620000 0.00593967
v -0.00419998 0.01550000 0.00727460
v -0.00593970 0.01550000 0.00593967
v -0.00593970 0.01620000 0.00593967
v -0.00405002 0.01650000 0.00701478
v -0.00572757 0.01650000 0.00572755
v -0.00727460 0.01620000 0.00419999
v -0.00701480 0.01650000 0.00404999
v -0.00000000 0.01650000 0.00759998
v -0.00196704 0.01650000 0.00734101
v -0.00209647 0.01650000 0.00782398
v -0.00419998 0.01620000 0.00727460
v -0.00209647 0.01650000 0.00782398
v -0.00217407 0.01620000 0.00811375
v -0.00000000 0.01650000 0.00809998
v -0.00000000 0.01550000 0.00839997
v -0.00217407 0.01620000 0.00811375
v -0.00217407 0.01550000 0.00811375
v -0.00419998 0.01620000 0.00727460
v 0.00217413 0.01620000 0.00811375
v -0.00000000 0.01620000 0.00839997
v 0.00217419 0.01550000 0.00811372
v 0.00420004 0.01620000 0.00727457
v 0.00217413 0.01620000 0.00811375
v 0.00405002 0.01650000 0.00701478
v 0.00209646 0.01650000 0.00782398
v -0.00000000 0.01620000 0.00839997
v 0.00420004 0.01620000 0.00727457
v 0.00572757 0.01650000 0.00572755
v 0.00593970 0.01620000 0.00593967
v 0.00701480 0.01650000 0.00405000
v 0.00593970 0.01550000 0.00593967
v 0.00727463 0.01620000 0.00419996
v 0.00593970 0.01620000 0.00593967
v 0.00420007 0.01550000 0.00727454
v 0.00727466 0.01550000 0.00419990
v 0.00811377 0.01620000 0.00217402
v 0.00811380 0.01550000 0.00217399
v 0.00839999 0.01620000 -0.00000002
v 0.00811377 0.01620000 0.00217402
v 0.00810001 0.01650000 -0.00000002
v 0.00782400 0.01650000 0.00209644
v 0.00727463 0.01620000 0.00419996
v 0.00810001 0.01650000 -0.00000002
v 0.00811377 0.01620000 -0.00217413
v 0.00782400 0.01650000 -0.00209649
v 0.00727460 0.01620000 -0.00420003
v 0.00701480 0.01650000 -0.00405004
v 0.00811377 0.01620000 -0.00217413
v 0.00727460 0.01550000 -0.00420003
v 0.00727460 0.01620000 -0.00420003
v 0.00839999 0.01620000 -0.00000002
v 0.00811377 0.01550000 -0.00217413
v 0.00593970 0.01550000 -0.00593972
v 0.00593970 0.01620000 -0.00593972
v 0.00572757 0.01650000 -0.00572759
v 0.00593970 0.01620000 -0.00593972
v 0.00420001 0.01550000 -0.00727462
v 0.00420001 0.01620000 -0.00727462
v 0.00420001 0.01620000 -0.00727462
v 0.00405002 0.01650000 -0.00701482
v 0.00209647 0.01650000 -0.00782403
v 0.00217410 0.01550000 -0.00811379
v 0.00734103 0.01650000 0.00196702
v 0.00729999 0.01620000 -0.00000002
v 0.00705124 0.01620000 0.00188938
v 0.00729999 0.01620000 -0.00000002
v 0.00734106 0.01650000 -0.00196697
v 0.00705127 0.01620000 -0.00188934
v 0.00658185 0.01650000 -0.00379995
v 0.00632202 0.01620000 -0.00364996
v 0.00537402 0.01650000 -0.00537405
v 0.00516187 0.01620000 -0.00516189
v 0.00365008 0.01620000 -0.00632195
v 0.00380008 0.01650000 -0.00658178
v 0.00196713 0.01650000 -0.00734103
v 0.00188946 0.01620000 -0.00705126
v -0.00000000 0.01650000 -0.00760003
v -0.00000000 0.01620000 -0.00730001
v -0.00196701 0.01650000 -0.00734106
v -0.00188937 0.01620000 -0.00705129
v -0.00379999 0.01650000 -0.00658184
v -0.00364999 0.01620000 -0.00632201
v -0.00537402 0.01650000 -0.00537405
v -0.00516187 0.01620000 -0.00516189
v -0.00632196 0.01620000 -0.00365005
v -0.00658179 0.01650000 -0.00380004
v -0.00705124 0.01620000 -0.00188943
v -0.00734103 0.01650000 -0.00196709
v -0.00760001 0.01650000 -0.00000002
v -0.00729999 0.01620000 -0.00000002
v -0.00734104 0.01650000 0.00196702
v -0.00705124 0.01620000 0.00188938
v -0.00729999 0.01620000 -0.00000002
v -0.00705124 0.00700000 -0.00188943
v -0.00705124 0.01620000 -0.00188943
v -0.00729999 0.00700000 -0.00000002
v -0.00705124 0.01620000 0.00188938
v -0.00705124 0.00700000 0.00188938
v -0.00632199 0.01620000 0.00365000
v -0.00632199 0.00700000 0.00365000
v -0.00658179 0.01650000 0.00379999
v -0.00632199 0.01620000 0.00365000
v -0.00516187 0.01620000 0.00516184
v -0.00516187 0.00700000 0.00516184
v -0.00516187 0.01620000 0.00516184
v -0.00537402 0.01650000 0.00537400
v -0.00365003 0.01620000 0.00632197
v -0.00365002 0.00700000 0.00632197
v -0.00380002 0.01650000 0.00658176
v -0.00365003 0.01620000 0.00632197
v -0.00188941 0.01620000 0.00705122
v -0.00196704 0.01650000 0.00734101
v -0.00188941 0.01620000 0.00705122
v -0.00188940 0.00700000 0.00705122
v -0.00000000 0.01620000 0.00729997
v -0.00000000 0.01650000 0.00759998
v -0.00000000 0.01620000 0.00729997
v -0.00000000 0.00700000 0.00729997
v 0.00188940 0.01620000 0.00705122
v 0.00188940 0.00700000 0.00705122
v 0.00196704 0.01650000 0.00734101
v 0.00188940 0.01620000 0.00705122
v -0.00528278 0.00700000 0.00304990
v -0.00589215 0.00700000 0.00157871
v -0.00705124 0.00700000 0.00188938
v 0.00632202 0.00700000 -0.00364996
v 0.00528275 0.00700000 -0.00305004
v 0.00589215 0.00700000 -0.00157885
v 0.00365002 0.01620000 0.00632197
v 0.00365002 0.00700000 0.00632197
v 0.00516186 0.01620000 0.00516184
v 0.00516186 0.00700000 0.00516184
v 0.00632199 0.01620000 0.00365000
v 0.00632199 0.00700000 0.00365000
v 0.00516186 0.01620000 0.00516184
v 0.00380002 0.01650000 0.00658176
v 0.00537402 0.01650000 0.00537400
v 0.00658179 0.01650000 0.00380000
v 0.00632199 0.01620000 0.00365000
v 0.00705124 0.01620000 0.00188938
v 0.00705124 0.00700000 0.00188938
v 0.00729999 0.01620000 -0.00000002
v 0.00729999 0.00700000 -0.00000002
v 0.00705127 0.01620000 -0.00188934
v 0.00705127 0.00700000 -0.00188934
v 0.00632202 0.01620000 -0.00364996
v 0.00632202 0.00700000 -0.00364996
v 0.00516187 0.01620000 -0.00516189
v 0.00516187 0.00700000 -0.00516189
v 0.00365008 0.01620000 -0.00632195
v 0.00365009 0.00700000 -0.00632195
v 0.00188946 0.01620000 -0.00705126
v 0.00188947 0.00700000 -0.00705126
v -0.00000000 0.01620000 -0.00730001
v 0.00000000 0.00700000 -0.00730001
v -0.00188937 0.01620000 -0.00705129
v -0.00188937 0.00700000 -0.00705129
v -0.00364999 0.01620000 -0.00632201
v -0.00364999 0.00700000 -0.00632201
v -0.00516187 0.01620000 -0.00516189
v -0.00516187 0.00700000 -0.00516189
v -0.00632196 0.01620000 -0.00365005
v -0.00632196 0.00700000 -0.00365005
v 0.00000000 0.00670000 -0.00580001
v 0.00157883 0.00700000 -0.00589217
v 0.00000000 0.00700000 -0.00610003
v -0.00150116 0.00670000 -0.00560238
v -0.00157883 0.00700000 -0.00589217
v -0.00289999 0.00670000 -0.00502297
v -0.00305002 0.00700000 -0.00528277
v -0.00410123 0.00670000 -0.00410125
v -0.00431335 0.00700000 -0.00431338
v -0.00528275 0.00700000 -0.00305004
v -0.00502295 0.00670000 -0.00290002
v -0.00589215 0.00700000 -0.00157885
v -0.00560239 0.00670000 -0.00150115
v -0.00610001 0.00700000 -0.00000002
v -0.00579999 0.00670000 -0.00000002
v -0.00589215 0.00700000 0.00157871
v -0.00560239 0.00670000 0.00150111
v -0.00528278 0.00700000 0.00304990
v -0.00502295 0.00670000 0.00289994
v -0.00560236 -0.00670000 0.00150117
v -0.00528275 -0.00700000 0.00304999
v -0.00589215 -0.00700000 0.00157880
v -0.00579999 -0.00670000 -0.00000002
v -0.00632202 -0.00700000 -0.00364996
v -0.00528274 -0.00700000 -0.00305004
v -0.00589215 -0.00700000 -0.00157885
v -0.00560239 -0.00670000 -0.00150115
v -0.00610001 -0.00700000 -0.00000002
v -0.00589215 -0.00700000 -0.00157885
v -0.00502295 -0.00670000 -0.00290002
v -0.00528274 -0.00700000 -0.00305004
v -0.00410123 -0.00670000 -0.00410125
v -0.00431335 -0.00700000 -0.00431338
v -0.00305002 -0.00700000 -0.00528277
v -0.00289999 -0.00670000 -0.00502297
v -0.00157883 -0.00700000 -0.00589217
v -0.00150116 -0.00670000 -0.00560238
v 0.00000000 -0.00700000 -0.00610003
v 0.00000000 -0.00670000 -0.00580001
v 0.00528278 -0.00700000 0.00304990
v 0.00589215 -0.00700000 0.00157871
v 0.00705124 -0.00700000 0.00188938
v 0.00157883 -0.00700000 -0.00589217
v 0.00150122 -0.00670000 -0.00560238
v 0.00305002 -0.00700000 -0.00528277
v 0.00290006 -0.00670000 -0.00502294
v 0.00431335 -0.00700000 -0.00431338
v 0.00410129 -0.00670000 -0.00410119
v 0.00528275 -0.00700000 -0.00305004
v 0.00502298 -0.00670000 -0.00289996
v 0.00589215 -0.00700000 -0.00157885
v 0.00560239 -0.00670000 -0.00150109
v 0.00610001 -0.00700000 -0.00000002
v 0.00579999 -0.00670000 -0.00000002
v 0.00589215 -0.00700000 0.00157871
v 0.00560239 -0.00670000 0.00150111
v 0.00528278 -0.00700000 0.00304990
v 0.00502295 -0.00670000 0.00289994
v 0.00589215 0.00700000 0.00157880
v 0.00579999 0.00670000 -0.00000002
v 0.00560236 0.00670000 0.00150117
v 0.00528274 0.00700000 0.00305000
v 0.00410123 0.00670000 0.00410120
v 0.00502295 0.00670000 0.00290000
v 0.00289999 0.00670000 0.00502293
v 0.00431335 0.00700000 0.00431333
v 0.00150116 0.00670000 0.00560233
v 0.00304999 0.00700000 0.00528275
v -0.00000000 0.00670000 0.00579997
v 0.00157877 0.00700000 0.00589213
v -0.00150119 0.00670000 0.00560233
v -0.00000000 0.00700000 0.00609998
v -0.00290002 0.00670000 0.00502290
v -0.00157886 0.00700000 0.00589210
v -0.00410123 0.00670000 0.00410120
v -0.00305005 0.00700000 0.00528269
v -0.00431335 0.00700000 0.00431333
v -0.00410123 -0.00670000 0.00410120
v -0.00502295 -0.00670000 0.00290000
v -0.00289999 -0.00670000 0.00502293
v -0.00431335 -0.00700000 0.00431333
v -0.00150116 -0.00670000 0.00560233
v -0.00304999 -0.00700000 0.00528275
v -0.00000000 -0.00670000 0.00579997
v -0.00157877 -0.00700000 0.00589213
v 0.00150119 -0.00670000 0.00560233
v -0.00000000 -0.00700000 0.00609998
v 0.00290002 -0.00670000 0.00502290
v 0.00157886 -0.00700000 0.00589210
v 0.00410123 -0.00670000 0.00410120
v 0.00305005 -0.00700000 0.00528269
v 0.00431335 -0.00700000 0.00431333
v 0.00188940 -0.00700000 0.00705122
v 0.00000000 -0.01620000 0.00729997
v -0.00000000 -0.00700000 0.00729997
v -0.00188940 -0.01620000 0.00705122
v -0.00188940 -0.00700000 0.00705122
v -0.00365002 -0.01620000 0.00632197
v -0.00365002 -0.00700000 0.00632197
v -0.00516187 -0.01620000 0.00516184
v -0.00516187 -0.00700000 0.00516184
v -0.00632199 -0.01620000 0.00365000
v -0.00632199 -0.00700000 0.00365000
v -0.00516187 -0.01620000 0.00516184
v -0.00380002 -0.01650000 0.00658176
v -0.00537402 -0.01650000 0.00537400
v -0.00658179 -0.01650000 0.00379999
v -0.00632199 -0.01620000 0.00365000
v 0.00000000 -0.01650000 0.00759998
v 0.00196704 -0.01650000 0.00734101
v 0.00209647 -0.01650000 0.00782398
v -0.00188940 -0.01620000 0.00705122
v -0.00365002 -0.01620000 0.00632197
v 0.00000000 -0.01620000 0.00729997
v -0.00196704 -0.01650000 0.00734101
v 0.00196704 -0.01650000 0.00734101
v 0.00000000 -0.01650000 0.00759998
v 0.00188940 -0.01620000 0.00705122
v 0.00380002 -0.01650000 0.00658176
v 0.00365002 -0.00700000 0.00632197
v 0.00188940 -0.01620000 0.00705122
v 0.00516187 -0.00700000 0.00516184
v 0.00365002 -0.01620000 0.00632197
v 0.00516187 -0.01620000 0.00516184
v 0.00365002 -0.01620000 0.00632197
v 0.00632199 -0.00700000 0.00365000
v 0.00516187 -0.01620000 0.00516184
v 0.00705124 -0.00700000 0.00188938
v 0.00632199 -0.01620000 0.00365000
v 0.00705124 -0.01620000 0.00188938
v 0.00658179 -0.01650000 0.00380000
v 0.00632199 -0.01620000 0.00365000
v 0.00537402 -0.01650000 0.00537400
v 0.00729999 -0.00700000 -0.00000002
v 0.00705124 -0.01620000 0.00188938
v 0.00729999 -0.01620000 -0.00000002
v 0.00734103 -0.01650000 0.00196702
v 0.00734104 -0.01650000 -0.00196706
v 0.00729999 -0.01620000 -0.00000002
v 0.00705124 -0.01620000 -0.00188943
v 0.00000000 -0.01650000 -0.00760003
v -0.00196704 -0.01650000 -0.00734106
v -0.00209646 -0.01650000 -0.00782403
v 0.00658179 -0.01650000 -0.00380004
v 0.00632196 -0.00700000 -0.00365005
v 0.00705124 -0.01620000 -0.00188943
v 0.00705124 -0.00700000 -0.00188943
v 0.00729999 -0.01620000 -0.00000002
v 0.00516187 -0.00700000 -0.00516189
v 0.00632196 -0.01620000 -0.00365005
v 0.00632196 -0.01620000 -0.00365005
v 0.00537402 -0.01650000 -0.00537405
v 0.00364999 -0.00700000 -0.00632201
v 0.00516187 -0.01620000 -0.00516189
v 0.00188937 -0.00700000 -0.00705129
v 0.00365000 -0.01620000 -0.00632201
v 0.00000000 -0.00700000 -0.00730001
v 0.00188938 -0.01620000 -0.00705129
v 0.00365000 -0.01620000 -0.00632201
v 0.00196704 -0.01650000 -0.00734106
v 0.00380002 -0.01650000 -0.00658181
v 0.00188938 -0.01620000 -0.00705129
v 0.00000000 -0.01650000 -0.00760003
v 0.00516187 -0.01620000 -0.00516189
v 0.00000000 -0.01620000 -0.00730001
v -0.00196704 -0.01650000 -0.00734106
v -0.00188943 -0.01620000 -0.00705126
v -0.00380002 -0.01650000 -0.00658181
v -0.00188946 -0.00700000 -0.00705126
v -0.00365005 -0.01620000 -0.00632198
v -0.00188943 -0.01620000 -0.00705126
v 0.00000000 -0.01620000 -0.00730001
v -0.00365008 -0.00700000 -0.00632195
v -0.00516186 -0.01620000 -0.00516189
v -0.00516186 -0.00700000 -0.00516189
v -0.00632199 -0.01620000 -0.00364999
v -0.00632202 -0.00700000 -0.00364996
v -0.00705127 -0.01620000 -0.00188937
v -0.00705127 -0.00700000 -0.00188934
v -0.00729999 -0.01620000 -0.00000002
v -0.00729999 -0.01620000 -0.00000002
v -0.00705124 -0.00700000 0.00188938
v -0.00705124 -0.01620000 0.00188938
v -0.00705124 -0.01620000 0.00188938
v -0.00734103 -0.01650000 0.00196702
v -0.00729999 -0.01620000 -0.00000002
v -0.00705127 -0.01620000 -0.00188937
v -0.00760001 -0.01650000 -0.00000002
v -0.00734103 -0.01650000 -0.00196706
v -0.00810001 -0.01650000 -0.00000002
v -0.00811377 -0.01620000 -0.00217413
v -0.00782400 -0.01650000 -0.00209649
v -0.00811377 -0.01620000 0.00217408
v -0.00810001 -0.01650000 -0.00000002
v -0.00782400 -0.01650000 0.00209644
v -0.00727460 -0.01620000 -0.00420004
v -0.00701480 -0.01650000 -0.00405004
v -0.00839999 -0.01620000 -0.00000002
v -0.00811377 -0.01550000 -0.00217413
v -0.00811377 -0.01620000 -0.00217413
v -0.00727460 -0.01550000 -0.00420004
v -0.00593970 -0.01550000 -0.00593972
v -0.00727460 -0.01620000 -0.00420004
v -0.00572757 -0.01650000 -0.00572759
v -0.00593970 -0.01620000 -0.00593972
v -0.00420001 -0.01550000 -0.00727462
v -0.00593970 -0.01620000 -0.00593972
v -0.00420001 -0.01620000 -0.00727462
v -0.00405002 -0.01650000 -0.00701482
v -0.00217410 -0.01550000 -0.00811379
v -0.00420001 -0.01620000 -0.00727462
v -0.00209646 -0.01650000 -0.00782403
v -0.00217410 -0.01620000 -0.00811379
v 0.00000000 -0.01550000 -0.00840002
v -0.00217410 -0.01620000 -0.00811379
v 0.00217410 -0.01550000 -0.00811379
v 0.00000000 -0.01620000 -0.00840002
v 0.00000000 -0.01650000 -0.00810003
v 0.00000000 -0.01620000 -0.00840002
v 0.00217410 -0.01620000 -0.00811379
v 0.00209647 -0.01650000 -0.00782403
v 0.00420001 -0.01620000 -0.00727462
v 0.00405002 -0.01650000 -0.00701482
v 0.00572757 -0.01650000 -0.00572759
v 0.00593970 -0.01620000 -0.00593972
v 0.00727460 -0.01620000 -0.00420003
v 0.00701480 -0.01650000 -0.00405004
v 0.00593970 -0.01550000 -0.00593972
v 0.00420001 -0.01620000 -0.00727462
v 0.00420001 -0.01550000 -0.00727462
v 0.00727460 -0.01550000 -0.00420003
v 0.00593970 -0.01620000 -0.00593972
v 0.00811377 -0.01550000 -0.00217413
v 0.00727460 -0.01620000 -0.00420003
v 0.00782401 -0.01650000 -0.00209649
v 0.00811377 -0.01620000 -0.00217413
v 0.00839999 -0.01550000 -0.00000002
v 0.00811377 -0.01620000 -0.00217413
v 0.00810001 -0.01650000 -0.00000002
v 0.00840000 -0.01620000 -0.00000002
v 0.00811377 -0.01550000 0.00217408
v 0.00811377 -0.01620000 0.00217408
v 0.00810001 -0.01650000 -0.00000002
v 0.00811377 -0.01620000 0.00217408
v 0.00782401 -0.01650000 0.00209644
v -0.00406351 -0.01550000 0.01516499
v -0.00217410 -0.01550000 0.00811375
v 0.00000000 -0.01550000 0.00839997
v 0.00727460 -0.01550000 0.00419999
v 0.00727460 -0.01620000 0.00419999
v 0.00593970 -0.01550000 0.00593967
v 0.00593970 -0.01620000 0.00593967
v 0.00727460 -0.01620000 0.00419999
v 0.00572757 -0.01650000 0.00572755
v 0.00701480 -0.01650000 0.00405000
v 0.00420001 -0.01620000 0.00727457
v 0.00593970 -0.01620000 0.00593967
v 0.00209647 -0.01650000 0.00782398
v 0.00405002 -0.01650000 0.00701478
v 0.00420001 -0.01620000 0.00727457
v 0.00217410 -0.01550000 0.00811375
v 0.00217410 -0.01620000 0.00811375
v 0.00420001 -0.01550000 0.00727457
v 0.00000000 -0.01550000 0.00839997
v 0.00000000 -0.01620000 0.00839997
v -0.00217410 -0.01550000 0.00811375
v -0.00217410 -0.01620000 0.00811375
v -0.00217410 -0.01620000 0.00811375
v 0.00000000 -0.01650000 0.00809998
v 0.00000000 -0.01620000 0.00839997
v 0.00217410 -0.01620000 0.00811375
v -0.00420001 -0.01620000 0.00727457
v -0.00209647 -0.01650000 0.00782398
v -0.00572757 -0.01650000 0.00572755
v -0.00405002 -0.01650000 0.00701478
v -0.00420001 -0.01620000 0.00727457
v -0.00593970 -0.01550000 0.00593967
v -0.00593970 -0.01620000 0.00593967
v -0.00420001 -0.01550000 0.00727457
v -0.00727460 -0.01550000 0.00419999
v -0.00727460 -0.01620000 0.00419999
v -0.00811377 -0.01550000 0.00217408
v -0.00811377 -0.01620000 0.00217408
v -0.00727460 -0.01620000 0.00419999
v -0.00701480 -0.01650000 0.00404999
v -0.00593970 -0.01620000 0.00593967
v -0.00839999 -0.01550000 -0.00000002
v -0.01564798 -0.01500000 0.00419288
v -0.01570001 -0.01550000 -0.00000002
v -0.01516501 -0.01550000 0.00406348
v -0.01570001 -0.01550000 -0.00000002
v -0.01564798 -0.01500000 -0.00419293
v -0.01516501 -0.01550000 -0.00406353
v -0.01402960 -0.01500000 -0.00810003
v -0.01145514 -0.01500000 -0.01145513
v -0.01359659 -0.01550000 -0.00785006
v -0.01402960 -0.01500000 0.00809998
v -0.01359659 -0.01550000 0.00785001
v -0.01145514 -0.01500000 0.01145512
v -0.01110156 -0.01550000 0.01110154
v -0.00785004 -0.01550000 0.01359657
v -0.00810001 -0.01500000 0.01402958
v -0.00406351 -0.01550000 0.01516499
v -0.00419290 -0.01500000 0.01564796
v -0.00000000 -0.01550000 0.01569999
v 0.00000003 -0.01500000 0.01619999
v 0.00419287 -0.01500000 0.01564799
v 0.00406351 -0.01550000 0.01516499
v 0.00810001 -0.01500000 0.01402958
v 0.00785004 -0.01550000 0.01359657
v 0.01145514 -0.01500000 0.01145512
v 0.01110156 -0.01550000 0.01110154
v 0.01359659 -0.01550000 0.00785002
v 0.01402960 -0.01500000 0.00809999
v 0.01563507 -0.01500000 0.00424085
v 0.01516501 -0.01550000 0.00406349
v 0.01570001 -0.01550000 -0.00000002
v 0.01564801 -0.01500000 0.00419285
v 0.01563507 -0.01500000 0.00424085
v 0.01571902 -0.01496593 -0.00112685
v 0.01621414 -0.01496593 0.01406052
v 0.01645062 -0.01500000 0.02925633
v 0.01670929 -0.01496593 0.02924790
v 0.01695035 -0.01486603 0.02924003
v 0.01645520 -0.01486603 0.01405265
v 0.01616708 -0.01470711 -0.00114147
v 0.01596008 -0.01486603 -0.00113473
v 0.01666220 -0.01470711 0.01404591
v 0.01715735 -0.01470711 0.02923328
v 0.01744550 -0.01486603 0.04442741
v 0.01765247 -0.01470711 0.04442066
v 0.01744550 -0.01486603 0.04442741
v 0.01765762 -0.01470711 0.04473694
v 0.01745053 -0.01486603 0.04473694
v 0.01720444 -0.01496593 0.04443528
v 0.01720935 -0.01496593 0.04473694
v 0.01695053 -0.01500000 0.04473694
v 0.01679770 -0.01500000 0.03990253
v 0.00492547 -0.01500000 0.04787144
v 0.00691525 -0.01500000 0.04704725
v 0.00824377 -0.01500000 0.05373218
v 0.01075912 -0.01500000 0.03776725
v 0.01004025 -0.01400000 0.03990253
v 0.00979321 -0.01400000 0.03802607
v 0.01004025 -0.01400000 0.03990253
v 0.01075916 -0.01500000 0.04203776
v 0.00979321 -0.01400000 0.04177897
v 0.00993500 -0.01500000 0.04402750
v 0.00906894 -0.01400000 0.04352753
v 0.00862390 -0.01500000 0.04573618
v 0.00791678 -0.01400000 0.04502906
v 0.00691525 -0.01500000 0.04704725
v 0.00641525 -0.01400000 0.04618122
v 0.00641528 -0.01250000 0.04618122
v 0.00791678 -0.01400000 0.04502906
v 0.00641525 -0.01400000 0.04618122
v 0.00906894 -0.01250000 0.04352756
v 0.00791678 -0.01250000 0.04502906
v 0.00279025 -0.01250000 0.04715253
v 0.00141849 -0.01250000 0.04502195
v 0.00279025 -0.01250000 0.04520255
v 0.00466672 -0.01250000 0.04690549
v 0.00466668 -0.01400000 0.04690549
v 0.00279025 -0.01250000 0.04715253
v 0.00279022 -0.01400000 0.04715253
v 0.00091378 -0.01250000 0.04690549
v 0.00091372 -0.01400000 0.04690546
v 0.00279022 -0.01400000 0.04715253
v 0.00492547 -0.01500000 0.04787144
v 0.00279013 -0.01500000 0.04815253
v 0.00091372 -0.01400000 0.04690546
v 0.00065481 -0.01500000 0.04787137
v -0.00083484 -0.01400000 0.04618116
v -0.00133493 -0.01500000 0.04704716
v -0.00233634 -0.01400000 0.04502900
v -0.00304355 -0.01500000 0.04573600
v -0.00348850 -0.01400000 0.04352744
v -0.00435459 -0.01500000 0.04402732
v -0.00421274 -0.01400000 0.04177888
v -0.00517871 -0.01500000 0.04203751
v -0.00348844 -0.01250000 0.04352756
v -0.00233634 -0.01400000 0.04502900
v -0.00348850 -0.01400000 0.04352744
v -0.00421271 -0.01250000 0.04177900
v -0.00421274 -0.01400000 0.04177888
v -0.00445975 -0.01250000 0.03990253
v -0.00445975 -0.01400000 0.03990253
v -0.00445975 -0.01250000 0.03990253
v -0.00421271 -0.01400000 0.03802613
v -0.00421271 -0.01250000 0.03802607
v 0.00279025 -0.01250000 0.03265253
v 0.00416198 -0.01250000 0.03478312
v 0.00279025 -0.01250000 0.03460255
v -0.00203940 -0.01220000 0.03860850
v -0.00250974 -0.01250000 0.03990253
v -0.00232917 -0.01250000 0.03853086
v -0.00232913 -0.01250000 0.04127430
v -0.00220975 -0.01220000 0.03990253
v -0.00203937 -0.01220000 0.04119666
v -0.00179969 -0.01250000 0.04255256
v -0.00153986 -0.00650000 0.04240256
v -0.00203937 -0.01220000 0.04119666
v -0.00203937 -0.00650000 0.04119666
v -0.00220975 -0.01220000 0.03990253
v -0.00074527 -0.00650000 0.04343809
v -0.00153986 -0.01220000 0.04240256
v -0.00153986 -0.01220000 0.04240256
v -0.00095740 -0.01250000 0.04365021
v 0.00149618 -0.00650000 0.04473218
v 0.00029028 -0.00650000 0.04423267
v -0.00386261 -0.00650000 0.05278623
v 0.00029025 -0.01220000 0.04423267
v -0.00074527 -0.01220000 0.04343809
v 0.00029028 -0.00650000 0.04423267
v 0.00149615 -0.01220000 0.04473215
v 0.00029025 -0.01220000 0.04423267
v 0.00141849 -0.01250000 0.04502195
v 0.00014026 -0.01250000 0.04449247
v -0.00074527 -0.01220000 0.04343809
v 0.00149615 -0.01220000 0.04473215
v 0.00279025 -0.01250000 0.04520255
v 0.00279025 -0.01220000 0.04490253
v 0.00416202 -0.01250000 0.04502195
v 0.00279025 -0.00650000 0.04490253
v 0.00408438 -0.01220000 0.04473215
v 0.00279025 -0.01220000 0.04490253
v 0.00149618 -0.00650000 0.04473218
v 0.00408441 -0.00650000 0.04473215
v 0.00529028 -0.01220000 0.04423264
v 0.00529031 -0.00650000 0.04423264
v 0.00632580 -0.01220000 0.04343809
v 0.00529028 -0.01220000 0.04423264
v 0.00653793 -0.01250000 0.04365021
v 0.00544027 -0.01250000 0.04449247
v 0.00408438 -0.01220000 0.04473215
v 0.00632580 -0.01220000 0.04343809
v 0.00738019 -0.01250000 0.04255256
v 0.00712039 -0.01220000 0.04240250
v 0.00790967 -0.01250000 0.04127430
v 0.00712042 -0.00650000 0.04240250
v 0.00761990 -0.01220000 0.04119663
v 0.00712039 -0.01220000 0.04240250
v 0.00632580 -0.00650000 0.04343809
v 0.00761990 -0.00650000 0.04119657
v 0.00779025 -0.01220000 0.03990253
v 0.00779025 -0.01220000 0.03990253
v 0.00761987 -0.00650000 0.03860840
v 0.00761987 -0.01220000 0.03860840
v -0.00385660 -0.00650000 0.02478989
v -0.00074527 -0.00650000 0.03636701
v 0.00029019 -0.00650000 0.03557246
v 0.00712036 -0.00650000 0.03740253
v 0.00761987 -0.01220000 0.03860840
v 0.00738019 -0.01250000 0.03725251
v 0.00790967 -0.01250000 0.03853077
v 0.00779025 -0.01220000 0.03990253
v 0.00632580 -0.00650000 0.03636701
v 0.00712036 -0.01220000 0.03740253
v 0.00632580 -0.01220000 0.03636701
v 0.00712036 -0.01220000 0.03740253
v 0.00529025 -0.01220000 0.03557239
v 0.00653793 -0.01250000 0.03615488
v 0.00408435 -0.01220000 0.03507291
v 0.00544025 -0.01250000 0.03531260
v 0.00408435 -0.00650000 0.03507291
v 0.00529025 -0.01220000 0.03557239
v 0.00529025 -0.00650000 0.03557239
v 0.00632580 -0.01220000 0.03636701
v 0.00279025 -0.00650000 0.03490253
v 0.00408435 -0.01220000 0.03507291
v 0.00149609 -0.00650000 0.03507291
v 0.00279025 -0.01220000 0.03490253
v 0.00279025 -0.01220000 0.03490253
v 0.00141846 -0.01250000 0.03478315
v 0.00279025 -0.01250000 0.03460255
v 0.00416198 -0.01250000 0.03478312
v 0.00149609 -0.01220000 0.03507291
v 0.00014020 -0.01250000 0.03531263
v 0.00029019 -0.01220000 0.03557246
v -0.00095740 -0.01250000 0.03615488
v -0.00074527 -0.00650000 0.03636701
v 0.00029019 -0.01220000 0.03557246
v 0.00029019 -0.00650000 0.03557246
v 0.00149609 -0.01220000 0.03507291
v -0.00153989 -0.00650000 0.03740259
v -0.00074527 -0.01220000 0.03636701
v -0.00203940 -0.00650000 0.03860850
v -0.00153989 -0.01220000 0.03740259
v -0.00179972 -0.01250000 0.03725260
v -0.00153989 -0.01220000 0.03740259
v -0.00074527 -0.01220000 0.03636701
v -0.00220975 -0.00650000 0.03990253
v -0.00203940 -0.01220000 0.03860850
v -0.01139917 -0.00700000 0.04476670
v -0.01092618 -0.00650000 0.04460456
v -0.01253806 -0.00650000 0.03990253
v -0.00929956 -0.00650000 0.04790793
v -0.01139917 -0.00700000 0.04476670
v -0.00971643 -0.00700000 0.04818400
v -0.01607694 -0.00350000 0.03112098
v -0.01607694 0.00350000 0.03112098
v -0.02393283 -0.00000000 0.00820417
v -0.01139917 -0.00700000 0.04476670
v -0.00971643 -0.01400000 0.04818400
v -0.00971643 -0.00700000 0.04818400
v -0.01136694 -0.01425882 0.04475565
v -0.01557706 -0.01400000 0.03257920
v -0.01554483 -0.01425882 0.03256815
v -0.01139917 -0.01400000 0.04476670
v -0.00968805 -0.01425882 0.04816517
v -0.00971643 -0.01400000 0.04818400
v -0.00722724 -0.01400000 0.05106721
v -0.00720447 -0.01425882 0.05104185
v -0.00722724 -0.01400000 0.05106721
v -0.00713776 -0.01450002 0.05096747
v -0.01136694 -0.01425882 0.04475565
v -0.00960474 -0.01450002 0.04810999
v -0.00947223 -0.01470712 0.04802225
v -0.00703162 -0.01470712 0.05084919
v -0.01127243 -0.01450000 0.04472324
v -0.01127243 -0.01450000 0.04472324
v -0.01545032 -0.01450000 0.03253574
v -0.01112210 -0.01470711 0.04467170
v -0.01529999 -0.01470711 0.03248420
v -0.01092618 -0.01486603 0.04460456
v -0.01112210 -0.01470711 0.04467170
v -0.01510410 -0.01486603 0.03241706
v -0.01092618 -0.01486603 0.04460456
v -0.01069803 -0.01496593 0.04452634
v -0.00929956 -0.01486603 0.04790790
v -0.01069803 -0.01496593 0.04452634
v -0.01487595 -0.01496593 0.03233884
v -0.01200949 -0.01500000 0.03990253
v -0.01045322 -0.01500000 0.04444242
v -0.00909845 -0.01496593 0.04777476
v -0.00888266 -0.01500000 0.04763190
v -0.00673224 -0.01496593 0.05051551
v -0.00689331 -0.01486603 0.05069504
v -0.00655939 -0.01500000 0.05032291
v -0.00375196 -0.01496593 0.05257191
v -0.00029282 -0.01500000 0.05355884
v -0.00363321 -0.01500000 0.05234196
v -0.00040290 -0.01486603 0.05404658
v -0.00034977 -0.01496593 0.05381129
v -0.00386261 -0.01486603 0.05278620
v -0.00395765 -0.01470712 0.05297022
v -0.00044849 -0.01470712 0.05424860
v 0.00326272 -0.01486603 0.05439484
v 0.00325488 -0.01496593 0.05415378
v 0.00326272 -0.01486603 0.05439484
v 0.00826681 -0.01470711 0.05443891
v 0.00326947 -0.01470711 0.05460184
v 0.00325488 -0.01496593 0.05415378
v 0.00826007 -0.01486603 0.05423191
v 0.00824377 -0.01500000 0.05373218
v 0.00825222 -0.01496593 0.05399085
v 0.00324643 -0.01500000 0.05389512
v 0.00825222 -0.01496593 0.05399085
v 0.01065756 -0.01486603 0.05384309
v 0.00826007 -0.01486603 0.05423191
v 0.01058884 -0.01496593 0.05361192
v 0.01275302 -0.01496593 0.05265284
v 0.01287814 -0.01486603 0.05285905
v 0.01051514 -0.01500000 0.05336384
v 0.01441733 -0.01500000 0.05099637
v 0.01261880 -0.01500000 0.05243159
v 0.01460330 -0.01496593 0.05117637
v 0.01477661 -0.01486603 0.05134412
v 0.01298556 -0.01470712 0.05303614
v 0.01492541 -0.01470712 0.05148817
v 0.01306799 -0.01450002 0.05317200
v 0.01503961 -0.01450002 0.05159871
v 0.01076187 -0.01450002 0.05419395
v 0.00827200 -0.01450000 0.05459775
v 0.01071658 -0.01470712 0.05404160
v 0.00826681 -0.01470711 0.05443891
v 0.00327465 -0.01450000 0.05476066
v 0.00827200 -0.01450000 0.05459775
v 0.00827527 -0.01425882 0.05469758
v 0.01079034 -0.01425882 0.05428971
v 0.00327792 -0.01425882 0.05486051
v 0.00827527 -0.01425882 0.05469758
v 0.00327465 -0.01450000 0.05476066
v -0.00050550 -0.01425882 0.05450107
v -0.00048349 -0.01450002 0.05440360
v 0.00326947 -0.01470711 0.05460184
v -0.00403055 -0.01450002 0.05311146
v 0.00327902 -0.01400000 0.05489457
v 0.00327792 -0.01425882 0.05486051
v -0.00051303 -0.01400000 0.05453431
v -0.00407639 -0.01425882 0.05320020
v -0.00409204 -0.01400000 0.05323048
v -0.00409204 -0.01400000 0.05323048
v -0.00722724 -0.00700000 0.05106721
v -0.00051303 -0.01400000 0.05453431
v -0.00409204 -0.00700000 0.05323048
v -0.00386261 -0.00650000 0.05278623
v -0.00051303 -0.00700000 0.05453431
v -0.00040293 -0.00650000 0.05404658
v -0.00689331 -0.00650000 0.05069504
v -0.00409204 -0.00700000 0.05323048
v 0.00326272 -0.00650000 0.05439484
v 0.00327902 -0.00700000 0.05489457
v 0.00826007 -0.00650000 0.05423191
v 0.00326272 -0.00650000 0.05439484
v 0.01065765 -0.00650000 0.05384309
v 0.00827636 -0.00700000 0.05473163
v 0.01080014 -0.00700000 0.05432236
v 0.01287823 -0.00650000 0.05285902
v 0.01313760 -0.00700000 0.05328647
v 0.01477670 -0.00650000 0.05134403
v 0.01513599 -0.00700000 0.05169178
v 0.01313760 -0.00700000 0.05328647
v 0.01513593 -0.01400000 0.05169181
v 0.01513599 -0.00700000 0.05169178
v 0.01080014 -0.00700000 0.05432236
v 0.01313754 -0.01400000 0.05328651
v 0.01666467 -0.00700000 0.04964243
v 0.01622897 -0.00650000 0.04939716
v 0.01666461 -0.01400000 0.04964252
v 0.01666467 -0.00700000 0.04964243
v 0.01513593 -0.01400000 0.05169181
v 0.01663489 -0.01425882 0.04962586
v 0.01666461 -0.01400000 0.04964252
v 0.01313754 -0.01400000 0.05328651
v 0.01511139 -0.01425882 0.05166816
v 0.01311981 -0.01425882 0.05325742
v 0.01654785 -0.01450002 0.04957685
v 0.01759073 -0.01425882 0.04726398
v 0.01762372 -0.01400000 0.04727256
v 0.01749411 -0.01450002 0.04723865
v 0.01640936 -0.01470712 0.04949891
v 0.01734036 -0.01470712 0.04719838
v 0.01791644 -0.01425882 0.04473694
v 0.01781656 -0.01450000 0.04473694
v 0.01765762 -0.01470711 0.04473694
v 0.01714005 -0.01486603 0.04714585
v 0.01745053 -0.01486603 0.04473694
v 0.01622888 -0.01486603 0.04939729
v 0.01720935 -0.01496593 0.04473694
v 0.01690674 -0.01496593 0.04708469
v 0.01601871 -0.01496593 0.04927897
v 0.01665637 -0.01500000 0.04701912
v 0.01579318 -0.01500000 0.04915205
v 0.01695053 -0.01500000 0.04473694
v 0.01765247 -0.01470711 0.04442066
v 0.01781656 -0.01450000 0.04473694
v 0.01791116 -0.01425882 0.04441224
v 0.01781131 -0.01450000 0.04441547
v 0.01781131 -0.01450000 0.04441547
v 0.01731616 -0.01450000 0.02922810
v 0.01741602 -0.01425882 0.02922486
v 0.01791116 -0.01425882 0.04441224
v 0.01794522 -0.01400000 0.04441111
v 0.01745007 -0.01400000 0.02922373
v 0.01795053 -0.01400000 0.04473694
v 0.01791644 -0.01425882 0.04473694
v 0.01794522 -0.00700000 0.04441111
v 0.01745007 -0.01400000 0.02922373
v 0.01695496 -0.01400000 0.01403635
v 0.01794522 -0.00700000 0.04441111
v 0.01795053 -0.01400000 0.04473694
v 0.01794522 -0.01400000 0.04441111
v 0.01729797 -0.00650000 0.03990253
v 0.01794522 -0.00700000 0.04441111
v 0.01645981 -0.00700000 -0.00115099
v 0.01744550 -0.00650000 0.04442741
v 0.01795053 -0.00700000 0.04473694
v 0.01794522 -0.00700000 0.04441111
v 0.01596008 -0.00650000 -0.00113473
v 0.01635336 -0.00700000 -0.00768313
v 0.01585336 -0.00650000 -0.00768313
v 0.01644852 -0.01400000 -0.01385955
v 0.01639362 -0.00695036 -0.01170126
v 0.01636362 -0.00700000 -0.00971276
v 0.01585336 -0.00650000 -0.00768313
v 0.01636362 -0.00700000 -0.00971276
v 0.01586365 -0.00650000 -0.00971783
v 0.01189041 -0.00639781 -0.00000170
v 0.01262875 -0.00650000 0.00023820
v 0.01586365 -0.00650000 -0.00971783
v 0.01592218 -0.00648692 -0.01080361
v 0.01636362 -0.00700000 -0.00971276
v 0.01639362 -0.00695036 -0.01170126
v 0.01644321 -0.00680412 -0.01368444
v 0.01610028 -0.00633209 -0.01364846
v 0.01604205 -0.00639781 -0.01277920
v 0.01545001 -0.00639781 -0.01095705
v 0.01597354 -0.00645746 -0.01168536
v 0.01604205 -0.00639781 -0.01277920
v 0.01610028 -0.00633209 -0.01364846
v 0.01624344 -0.00612225 -0.01560268
v 0.01476184 -0.00609813 -0.01118063
v 0.01644852 -0.00678653 -0.01385946
v 0.01624344 -0.00612225 -0.01560268
v 0.01659955 -0.00620332 -0.01761492
v 0.01640219 -0.00581714 -0.01754156
v 0.01625757 -0.00609814 -0.01578396
v 0.01724252 -0.01400000 -0.02654318
v 0.01689587 -0.00419871 -0.02242150
v 0.01688275 -0.00438374 -0.02224246
v 0.01645981 -0.01400000 -0.00115099
v 0.01641446 -0.01425879 -0.01386031
v 0.01644852 -0.01400000 -0.01385955
v 0.01720859 -0.01425879 -0.02654617
v 0.01724252 -0.01400000 -0.02654318
v 0.01710913 -0.01449998 -0.02655554
v 0.01631461 -0.01449998 -0.01386340
v 0.01642575 -0.01425880 -0.00114989
v 0.01870627 -0.01450000 -0.03917202
v 0.01880493 -0.01425880 -0.03915636
v 0.01880493 -0.01425880 -0.03915636
v 0.02080061 -0.01450000 -0.05234872
v 0.02089927 -0.01425882 -0.05233306
v 0.02093293 -0.01400000 -0.05232769
v 0.02302729 -0.01400000 -0.06550439
v 0.02299363 -0.01425882 -0.06550973
v 0.02510453 -0.01418526 -0.07868380
v 0.02289497 -0.01450000 -0.06552542
v 0.02504972 -0.01437462 -0.07869253
v 0.02495869 -0.01455026 -0.07870700
v 0.02273802 -0.01470711 -0.06555038
v 0.02064366 -0.01470711 -0.05237368
v 0.01854932 -0.01470711 -0.03919698
v 0.01870627 -0.01450000 -0.03917202
v 0.02253349 -0.01486603 -0.06558288
v 0.02043912 -0.01486603 -0.05240618
v 0.01810657 -0.01496593 -0.03926736
v 0.01834477 -0.01486603 -0.03922948
v 0.02020094 -0.01496593 -0.05244405
v 0.01810657 -0.01496593 -0.03926736
v 0.01674469 -0.01486603 -0.02658999
v 0.01650458 -0.01496593 -0.02661266
v 0.01854932 -0.01470711 -0.03919698
v 0.01834477 -0.01486603 -0.03922948
v 0.01594876 -0.01486603 -0.01387469
v 0.01695090 -0.01470711 -0.02657049
v 0.01615576 -0.01470711 -0.01386828
v 0.01616708 -0.01470711 -0.00114147
v 0.01632590 -0.01450000 -0.00114663
v 0.01596008 -0.01486603 -0.00113473
v 0.01632590 -0.01450000 -0.00114663
v 0.01692090 -0.01425882 0.01403748
v 0.01682105 -0.01450000 0.01404075
v 0.01695496 -0.01400000 0.01403635
v 0.01642575 -0.01425880 -0.00114989
v 0.01624692 -0.01500000 -0.02663708
v 0.01994532 -0.01500000 -0.05248467
v 0.02203968 -0.01500000 -0.06566137
v 0.02431691 -0.01498271 -0.07880899
v 0.02438966 -0.01496593 -0.07879742
v 0.02229530 -0.01496593 -0.06562075
v 0.02413404 -0.01500000 -0.07883808
v 0.02181303 -0.01506813 -0.07511968
v 0.02452775 -0.01502209 -0.08040405
v 0.02431691 -0.01498271 -0.07880899
v 0.02452775 -0.01502209 -0.08040405
v 0.02469264 -0.01498323 -0.08037945
v 0.02438966 -0.01496593 -0.07879742
v 0.02482350 -0.01506813 -0.08158605
v 0.02506306 -0.01503296 -0.08194952
v 0.02485624 -0.01491248 -0.08035629
v 0.02462785 -0.01486603 -0.07875958
v 0.02450395 -0.01492722 -0.07877926
v 0.02520253 -0.01495212 -0.08193399
v 0.02500459 -0.01481355 -0.08033676
v 0.02450395 -0.01492722 -0.07877926
v 0.02467741 -0.01483504 -0.07875170
v 0.02483238 -0.01470711 -0.07872708
v 0.02513520 -0.01468726 -0.08032113
v 0.02532652 -0.01485075 -0.08192260
v 0.02543437 -0.01472917 -0.08191546
v 0.02554313 -0.01504819 -0.08350994
v 0.02587809 -0.01520758 -0.08508097
v 0.02542829 -0.01513402 -0.08351727
v 0.02578810 -0.01529303 -0.08507971
v 0.02605485 -0.01558569 -0.08656214
v 0.02547972 -0.01526791 -0.08422668
v 0.02100404 -0.01558578 -0.07550631
v 0.02569090 -0.01536539 -0.08508190
v 0.02547972 -0.01526791 -0.08422668
v 0.01452137 -0.01526793 -0.06174514
v 0.02137779 -0.01526793 -0.07532769
v 0.00708402 -0.01526793 -0.04847216
v 0.00749967 -0.01506813 -0.04822732
v 0.01494718 -0.01506813 -0.06151848
v 0.02227998 -0.01500000 -0.07489639
v 0.01540397 -0.01500000 -0.06127511
v 0.00794559 -0.01500000 -0.04796456
v -0.00051587 -0.01506813 -0.03527059
v -0.00008181 -0.01500000 -0.03498870
v -0.00866287 -0.01500000 -0.02237228
v -0.00896307 -0.01503426 -0.02258611
v -0.00908444 -0.01506813 -0.02267257
v -0.00926999 -0.01514409 -0.02280471
v 0.02491877 -0.01508842 -0.08196786
v 0.02482350 -0.01506813 -0.08158605
v 0.02530671 -0.01520087 -0.08352807
v 0.02491877 -0.01508842 -0.08196786
v 0.01688278 0.00438333 -0.02224291
v 0.01689591 0.00419838 -0.02242178
v 0.01689478 -0.00350000 -0.02259951
v 0.01691785 -0.00350000 -0.02271652
v 0.01691785 0.00000000 -0.02271652
v 0.01691708 -0.00362903 -0.02270651
v 0.01689478 -0.00350000 -0.02259951
v 0.01689371 -0.00361061 -0.02258959
v 0.01691492 -0.00375417 -0.02267773
v 0.01689060 -0.00371786 -0.02256103
v 0.01690701 -0.00398991 -0.02257201
v 0.01687927 -0.00391980 -0.02245623
v 0.01689587 -0.00419871 -0.02242150
v 0.01686319 -0.00409891 -0.02230685
v 0.01688275 -0.00438374 -0.02224246
v 0.01684421 -0.00425748 -0.02212927
v 0.01684161 -0.00427650 -0.02210507
v 0.01689478 -0.00350000 -0.02259951
v 0.01333517 -0.00350000 -0.01164419
v 0.01684161 -0.00427650 -0.02210507
v 0.01669479 -0.00500006 -0.02068331
v 0.01675644 -0.00475005 -0.02129083
v 0.01682300 -0.00495840 -0.02139709
v 0.01675644 -0.00475005 -0.02129083
v 0.01669479 -0.00500006 -0.02068331
v 0.01657489 -0.00538780 -0.01945193
v 0.01371744 -0.00500005 -0.01151998
v 0.01648685 -0.00562138 -0.01850039
v 0.00987280 -0.00427647 -0.00065728
v 0.01343240 -0.00427647 -0.01161260
v 0.01015784 -0.00500005 -0.00056466
v 0.01417090 -0.00562137 -0.01137264
v 0.00631320 -0.00427644 0.01029804
v 0.00659824 -0.00500000 0.01039066
v 0.01061130 -0.00562137 -0.00041732
v 0.00705164 -0.00562132 0.01053800
v 0.00590894 -0.00499995 0.01185209
v 0.00631320 -0.00427644 0.01029804
v 0.00565619 -0.00427638 0.01169108
v 0.00631103 -0.00562131 0.01210825
v 0.00659824 -0.00500000 0.01039066
v 0.00487573 -0.00499995 0.01309440
v 0.00520090 -0.00562132 0.01344312
v 0.00683508 -0.00609808 0.01244212
v 0.00705164 -0.00562132 0.01053800
v 0.00562460 -0.00609807 0.01389750
v -0.00487961 -0.00609807 0.02369285
v 0.00520090 -0.00562132 0.01344312
v -0.00530338 -0.00562129 0.02323844
v -0.00562851 -0.00499994 0.02288975
v 0.00487573 -0.00499995 0.01309440
v -0.01505148 -0.00543002 0.03208890
v -0.01514212 -0.00499996 0.03176133
v -0.01490555 -0.00589139 0.03261640
v -0.01499872 -0.00562132 0.03227955
v -0.01499872 -0.00562132 0.03227955
v -0.01578549 -0.00575157 0.03197120
v -0.01558435 -0.00628966 0.03255793
v -0.01481189 -0.00609808 0.03295490
v -0.01535123 -0.00668239 0.03323798
v -0.01473633 -0.00622778 0.03322803
v -0.00438614 -0.00639778 0.02422202
v -0.01481189 -0.00609808 0.03295490
v -0.01459430 -0.00639778 0.03374134
v -0.01509747 -0.00691998 0.03397822
v -0.01436084 -0.00650000 0.03458524
v -0.01455218 -0.00643173 0.03389356
v -0.01459430 -0.00639778 0.03374134
v -0.01455218 -0.00643173 0.03389356
v -0.00385660 -0.00650000 0.02478989
v 0.00562460 -0.00609807 0.01389750
v 0.00664761 -0.00650000 0.01499454
v 0.00611807 -0.00639778 0.01442667
v 0.00611807 -0.00639778 0.01442667
v 0.00810016 -0.00650000 0.01324805
v 0.00744534 -0.00639778 0.01283088
v 0.00906915 -0.00650000 0.01119352
v 0.00833075 -0.00639780 0.01095359
v 0.00906915 -0.00650000 0.01119352
v 0.00764261 -0.00609810 0.01072999
v 0.00764261 -0.00609810 0.01072999
v 0.00833075 -0.00639780 0.01095359
v 0.01120224 -0.00609813 -0.00022530
v 0.01640219 -0.00581714 -0.01754156
v 0.01625757 -0.00609814 -0.01578396
v -0.01514212 -0.00499996 0.03176133
v -0.01594211 -0.00508484 0.03151426
v -0.01523224 -0.00427640 0.03143562
v -0.01604230 -0.00431957 0.03122202
v -0.01516516 -0.00485852 0.03167802
v -0.01523224 -0.00427640 0.03143562
v -0.01523788 -0.00420253 0.03141517
v -0.00583289 -0.00427638 0.02267057
v -0.01526297 -0.00350000 0.03132450
v 0.00460162 -0.00350000 0.01280048
v -0.00590259 -0.00350000 0.02259583
v 0.00467133 -0.00427640 0.01287522
v 0.00460162 -0.00350000 0.01280048
v 0.00467133 -0.00427640 0.01287522
v 0.00460162 0.00350000 0.01280048
v 0.00556998 -0.00350000 0.01163615
v 0.00556998 0.00350000 0.01163615
v -0.00590259 0.00350000 0.02259583
v -0.01526297 -0.00350000 0.03132450
v -0.00590259 -0.00350000 0.02259583
v 0.00565619 0.00427640 0.01169108
v -0.00590259 0.00350000 0.02259583
v 0.00467133 0.00427644 0.01287525
v -0.00583289 0.00427646 0.02267060
v -0.01523788 0.00420254 0.03141517
v -0.01526297 0.00350000 0.03132450
v -0.01607694 0.00350000 0.03112098
v -0.01523788 0.00420254 0.03141517
v -0.01604227 0.00431952 0.03122218
v -0.01607694 -0.00350000 0.03112098
v -0.01526297 0.00350000 0.03132450
v -0.01607694 0.00350000 0.03112098
v -0.01523224 0.00427647 0.03143562
v -0.01594214 0.00508485 0.03151423
v -0.00562848 0.00500000 0.02288978
v -0.01516516 0.00485852 0.03167802
v -0.01523224 0.00427647 0.03143562
v -0.01514209 0.00500000 0.03176139
v -0.01578546 0.00575154 0.03197123
v -0.00530335 0.00562132 0.02323844
v -0.01505148 0.00543002 0.03208890
v -0.01514209 0.00500000 0.03176139
v 0.00487573 0.00500000 0.01309443
v 0.00520090 0.00562132 0.01344312
v 0.00562463 0.00609808 0.01389753
v -0.00487961 0.00609807 0.02369285
v -0.01490555 0.00589139 0.03261640
v -0.01499872 0.00562132 0.03227955
v -0.01499872 0.00562132 0.03227955
v -0.01558435 0.00628967 0.03255790
v -0.01481189 0.00609810 0.03295493
v -0.01535123 0.00668236 0.03323798
v -0.00438614 0.00639778 0.02422202
v -0.01473633 0.00622778 0.03322803
v -0.01481189 0.00609810 0.03295493
v -0.01459430 0.00639778 0.03374134
v -0.01509750 0.00692012 0.03397816
v -0.00385660 0.00650000 0.02478989
v -0.01455218 0.00643173 0.03389356
v -0.01459430 0.00639778 0.03374134
v -0.01436084 0.00650000 0.03458524
v -0.01455218 0.00643173 0.03389356
v -0.01483380 0.00700000 0.03474738
v -0.01436084 0.00650000 0.03458524
v -0.01253806 0.00650000 0.03990253
v -0.00977015 0.01400000 0.04810230
v -0.01139917 0.00700000 0.04476670
v -0.00971644 0.00700000 0.04818400
v -0.01139917 0.00700000 0.04476670
v -0.00929956 0.00650000 0.04790793
v -0.00971644 0.00700000 0.04818400
v -0.00689332 0.00650000 0.05069504
v -0.00722724 0.00700000 0.05106721
v -0.00409205 0.00700000 0.05323048
v -0.00386261 0.00650000 0.05278623
v -0.00737192 0.01400000 0.05093568
v -0.00722724 0.00700000 0.05106721
v -0.00435132 0.01400000 0.05309336
v -0.00409205 0.00700000 0.05323048
v -0.00051304 0.00700000 0.05453431
v -0.00040293 0.00650000 0.05404658
v -0.00089335 0.01400000 0.05444321
v -0.00051304 0.00700000 0.05453431
v -0.00409205 0.01400000 0.05323048
v 0.00327902 0.00700000 0.05489457
v 0.00327902 0.01400000 0.05489457
v 0.00279025 0.01400000 0.05490253
v -0.00722724 0.01400000 0.05106721
v 0.00326272 0.00650000 0.05439484
v 0.00826007 0.00650000 0.05423191
v 0.00327902 0.00700000 0.05489457
v 0.00326272 0.00650000 0.05439484
v 0.01080014 0.00700000 0.05432233
v 0.00826007 0.00650000 0.05423191
v 0.01070703 0.00650000 0.05382825
v 0.01313760 0.00700000 0.05328647
v 0.01085208 0.01400000 0.05430677
v 0.01080014 0.00700000 0.05432233
v 0.01085208 0.00700000 0.05430677
v 0.00827636 0.01400000 0.05473163
v 0.01080014 0.01400000 0.05432233
v 0.00827636 0.00700000 0.05473163
v 0.00327902 0.01400000 0.05489457
v 0.00327902 0.00700000 0.05489457
v -0.00971647 0.01400000 0.04818397
v -0.00974164 0.01425882 0.04808366
v -0.01136694 0.01425882 0.04475565
v -0.01127243 0.01450000 0.04472324
v -0.01139917 0.01400000 0.04476670
v -0.01557706 0.01400000 0.03257920
v -0.01136694 0.01425882 0.04475565
v -0.01554483 0.01425882 0.03256815
v -0.01127243 0.01450000 0.04472324
v -0.01975494 0.01400000 0.02039170
v -0.01972272 0.01425882 0.02038062
v -0.01112210 0.01470711 0.04467170
v -0.02393283 0.01400000 0.00820417
v -0.02390060 0.01425882 0.00819312
v -0.02393283 -0.00000000 0.00820417
v -0.02501361 0.01400000 0.00379587
v -0.02501364 -0.00000000 0.00379581
v -0.02501361 -0.01400000 0.00379587
v -0.02528934 0.01400000 -0.00073474
v -0.02528934 -0.01400000 -0.00073474
v -0.02528934 -0.00000000 -0.00073467
v -0.02390060 -0.01425882 0.00819312
v -0.02501361 -0.01400000 0.00379587
v -0.02497995 -0.01425882 0.00379072
v -0.02525528 -0.01425882 -0.00073367
v -0.02488117 -0.01450000 0.00377570
v -0.02380612 -0.01450000 0.00816074
v -0.02393283 -0.01400000 0.00820417
v -0.01972272 -0.01425882 0.02038062
v -0.01975494 -0.01400000 0.02039170
v -0.02380612 -0.01450000 0.00816074
v -0.02390060 -0.01425882 0.00819312
v -0.01947788 -0.01470711 0.02029670
v -0.01962821 -0.01450000 0.02034824
v -0.02365579 -0.01470711 0.00810920
v -0.02472406 -0.01470711 0.00375187
v -0.02345987 -0.01486603 0.00804203
v -0.02365579 -0.01470711 0.00810920
v -0.02451929 -0.01486603 0.00372080
v -0.02345987 -0.01486603 0.00804203
v -0.01928198 -0.01486603 0.02022956
v -0.02323172 -0.01496593 0.00796384
v -0.01880899 -0.01500000 0.02006742
v -0.01905383 -0.01496593 0.02015135
v -0.02298688 -0.01500000 0.00787992
v -0.02428082 -0.01496593 0.00368461
v -0.02323172 -0.01496593 0.00796384
v -0.02402493 -0.01500000 0.00364585
v -0.02478955 -0.01486603 -0.00072015
v -0.02428977 -0.01500000 -0.00070571
v -0.02454846 -0.01496593 -0.00071316
v -0.02402597 -0.01496593 -0.00508804
v -0.02426193 -0.01486603 -0.00513802
v -0.02251669 -0.01497462 -0.01204641
v -0.02377277 -0.01500000 -0.00503442
v -0.02402597 -0.01496593 -0.00508804
v -0.01680872 -0.01510364 -0.01466238
v -0.02229767 -0.01500000 -0.01200002
v -0.02058328 -0.01591545 -0.01986581
v -0.02080817 -0.01590016 -0.01991705
v -0.02058328 -0.01591545 -0.01986581
v -0.02255087 -0.01496593 -0.01205364
v -0.02102063 -0.01583379 -0.01997768
v -0.01940549 -0.01856192 -0.02745638
v -0.01918710 -0.01861733 -0.02738241
v -0.02057755 -0.01592166 -0.01989208
v -0.01959882 -0.01845952 -0.02754858
v -0.02278680 -0.01486603 -0.01210360
v -0.02120960 -0.01572014 -0.02004452
v -0.02272339 -0.01490036 -0.01209017
v -0.02426193 -0.01486603 -0.00513802
v -0.02290808 -0.01478146 -0.01212930
v -0.02446454 -0.01470711 -0.00518093
v -0.02499655 -0.01470711 -0.00072616
v -0.02446454 -0.01470711 -0.00518093
v -0.02462000 -0.01450000 -0.00521386
v -0.02515543 -0.01450000 -0.00073077
v -0.02306220 -0.01462390 -0.01216192
v -0.02462000 -0.01450000 -0.00521386
v -0.02471774 -0.01425882 -0.00523455
v -0.02298941 -0.01470711 -0.01214651
v -0.02136524 -0.01556528 -0.02011401
v -0.02314490 -0.01450000 -0.01217944
v -0.02147946 -0.01537727 -0.02018258
v -0.02317850 -0.01443509 -0.01218658
v -0.02471774 -0.01425882 -0.00523455
v -0.02324262 -0.01425882 -0.01220013
v -0.02154614 -0.01516589 -0.02024658
v -0.02475107 -0.01400000 -0.00524160
v -0.02327597 -0.01400000 -0.01220721
v -0.02325113 -0.01422382 -0.01220196
v -0.02327597 -0.01400000 -0.01220721
v -0.02325113 -0.01422382 -0.01220196
v -0.02156159 -0.01494218 -0.02030264
v -0.01992856 -0.01793953 -0.02787872
v -0.01993454 -0.01772852 -0.02798562
v -0.01848392 -0.02241882 -0.03469491
v -0.01848096 -0.02223358 -0.03484954
v -0.01823154 -0.02322063 -0.03589178
v -0.01848392 -0.02241882 -0.03469491
v -0.01842926 -0.02259435 -0.03453625
v -0.01817166 -0.02341821 -0.03577386
v -0.01842926 -0.02259435 -0.03453625
v -0.01823654 -0.02301242 -0.03600368
v -0.01795020 -0.02375786 -0.03722570
v -0.01788489 -0.02396773 -0.03715105
v -0.01805985 -0.02359319 -0.03565694
v -0.01831940 -0.02274913 -0.03438323
v -0.01777109 -0.02415433 -0.03707290
v -0.01746530 -0.02440930 -0.03857140
v -0.01758102 -0.02421951 -0.03861001
v -0.01733951 -0.02399342 -0.04008065
v -0.01765176 -0.02400697 -0.03864074
v -0.01723868 -0.02422904 -0.04009099
v -0.01731055 -0.02456705 -0.03852688
v -0.01761496 -0.02430762 -0.03699541
v -0.01708267 -0.02443254 -0.04008532
v -0.01715530 -0.02435068 -0.04008968
v -0.01472461 -0.02263213 -0.05196255
v -0.01456860 -0.02283565 -0.05195691
v -0.01700186 -0.02450610 -0.04007812
v -0.01688181 -0.02459058 -0.04006405
v -0.01712436 -0.02468498 -0.03847866
v -0.01664923 -0.02469273 -0.04002853
v -0.01742490 -0.02441934 -0.03692281
v -0.01721115 -0.02448348 -0.03685897
v -0.01770844 -0.02383605 -0.03545306
v -0.01748941 -0.02389000 -0.03537783
v -0.01790237 -0.02373521 -0.03554790
v -0.01816074 -0.02287341 -0.03424547
v -0.01796317 -0.02295949 -0.03413149
v -0.01773914 -0.02300234 -0.03404815
v -0.01698523 -0.02449655 -0.03680733
v -0.01725824 -0.02389484 -0.03532604
v -0.01895001 -0.01863702 -0.02735931
v -0.01895624 -0.01862274 -0.02733080
v -0.01796317 -0.02295949 -0.03413149
v -0.01348224 -0.02300000 -0.03400002
v -0.01750266 -0.02300000 -0.03400002
v -0.01725824 -0.02389484 -0.03532604
v -0.01348224 -0.01863704 -0.02735934
v -0.01750266 -0.02300000 -0.03400002
v -0.01348224 -0.02300000 -0.03400002
v -0.01348218 -0.01603801 -0.02036819
v -0.01895624 -0.01862274 -0.02733080
v -0.01304575 -0.01597867 -0.02031109
v -0.01376865 -0.01592165 -0.01989205
v -0.01348218 -0.01603801 -0.02036819
v -0.01340823 -0.01606946 -0.02049203
v -0.01157379 -0.01708186 -0.02375900
v -0.01322699 -0.01603459 -0.02039886
v -0.01340823 -0.01606946 -0.02049203
v -0.01123584 -0.01699612 -0.02362588
v -0.01102252 -0.01690701 -0.02355462
v -0.01091324 -0.01684998 -0.02352230
v -0.01075986 -0.01675559 -0.02348217
v -0.01286942 -0.01590305 -0.02023113
v -0.01513153 -0.01533556 -0.01702017
v -0.01523471 -0.01536316 -0.01707806
v -0.01544467 -0.01539694 -0.01719930
v -0.01523471 -0.01536316 -0.01707806
v -0.01622394 -0.01510559 -0.01457632
v -0.01502933 -0.01530081 -0.01696395
v -0.01482892 -0.01521005 -0.01685720
v -0.01564105 -0.01505452 -0.01449914
v -0.01619367 -0.01500000 -0.01200002
v -0.01680872 -0.01510364 -0.01466238
v -0.01452945 -0.01505322 -0.01654318
v -0.01564105 -0.01505452 -0.01449914
v -0.01463361 -0.01509506 -0.01665240
v -0.01482892 -0.01521005 -0.01685720
v -0.01269888 -0.01580829 -0.02015933
v -0.01253516 -0.01569478 -0.02009618
v -0.01235153 -0.01557184 -0.02008636
v -0.01238284 -0.01556596 -0.02004342
v -0.01034656 -0.01639732 -0.02341198
v -0.01030005 -0.01634454 -0.02340862
v -0.01034656 -0.01639732 -0.02341198
v -0.00899585 -0.01648236 -0.02524630
v -0.01051697 -0.01656647 -0.02343310
v -0.01061420 -0.01664862 -0.02345037
v -0.01061420 -0.01664862 -0.02345037
v -0.01051697 -0.01656647 -0.02343310
v -0.01075986 -0.01675559 -0.02348217
v -0.01091324 -0.01684998 -0.02352230
v -0.01102252 -0.01690701 -0.02355462
v -0.01123584 -0.01699612 -0.02362588
v -0.01007346 -0.01775461 -0.02558352
v -0.00877133 -0.01859558 -0.02742999
v -0.01129819 -0.01701694 -0.02364861
v -0.01046494 -0.01788188 -0.02575118
v -0.00941278 -0.01863707 -0.02735940
v -0.00877460 -0.01859740 -0.02743130
v -0.00466684 -0.02300000 -0.03400002
v -0.00921066 -0.01877931 -0.02763970
v -0.00877460 -0.01859740 -0.02743130
v -0.00430444 -0.02285068 -0.03388665
v -0.00402288 -0.02389478 -0.03532595
v -0.00376715 -0.02415147 -0.03585519
v -0.00430444 -0.02285068 -0.03388665
v -0.00330868 -0.02449674 -0.03680794
v -0.00376715 -0.02415147 -0.03585519
v -0.00402288 -0.02389478 -0.03532595
v -0.01698523 -0.02449655 -0.03680733
v -0.00278866 -0.02472824 -0.03789474
v -0.00330868 -0.02449674 -0.03680794
v -0.01698511 -0.02449674 -0.03680794
v -0.01816074 -0.02287341 -0.03424547
v -0.01831940 -0.02274913 -0.03438323
v -0.01975598 -0.01831584 -0.02765377
v -0.01986798 -0.01813913 -0.02776595
v -0.01221053 -0.02103522 -0.06383410
v -0.01205457 -0.02123874 -0.06382845
v -0.00954049 -0.01964183 -0.07570002
v -0.00969650 -0.01943832 -0.07570569
v -0.00718243 -0.01784142 -0.08757724
v -0.00702642 -0.01804494 -0.08757159
v -0.01231140 -0.02079962 -0.06382378
v -0.00979733 -0.01920271 -0.07569535
v -0.00728326 -0.01760582 -0.08756692
v -0.00466836 -0.01624452 -0.09944883
v -0.00476919 -0.01600891 -0.09943847
v -0.00225512 -0.01441202 -0.11131000
v -0.00215429 -0.01464761 -0.11132040
v -0.00451235 -0.01644803 -0.09944314
v -0.00480825 -0.01575671 -0.09941282
v -0.00732232 -0.01735362 -0.08754126
v -0.00229418 -0.01415982 -0.11128441
v 0.00025892 -0.01281511 -0.12318161
v 0.00021989 -0.01256291 -0.12315590
v 0.00277299 -0.01121822 -0.13505321
v 0.00035978 -0.01305072 -0.12319201
v 0.00302983 -0.01165733 -0.13505781
v 0.00287385 -0.01145381 -0.13506351
v -0.00199828 -0.01485114 -0.11131470
v 0.00051579 -0.01325423 -0.12318631
v -0.00431145 -0.01660606 -0.09942187
v 0.00554390 -0.01006042 -0.14692940
v 0.00538792 -0.00985692 -0.14693511
v 0.00805797 -0.00846353 -0.15880100
v 0.00790196 -0.00826001 -0.15880660
v 0.00528706 -0.00962131 -0.14692470
v 0.00780113 -0.00802440 -0.15879630
v 0.01041603 -0.00666310 -0.17067821
v 0.01031520 -0.00642750 -0.17066790
v 0.01057203 -0.00686662 -0.17067251
v 0.01282926 -0.00483060 -0.18253941
v 0.01308610 -0.00526971 -0.18254411
v 0.01293010 -0.00506621 -0.18254981
v 0.01279020 -0.00457841 -0.18251380
v 0.01027613 -0.00617531 -0.17064220
v 0.00776207 -0.00777222 -0.15877061
v 0.00524800 -0.00936911 -0.14689910
v 0.00273393 -0.01096602 -0.13502750
v 0.01534331 -0.00323370 -0.19441100
v 0.01530428 -0.00298151 -0.19438531
v 0.01785738 -0.00163679 -0.20628260
v 0.01544417 -0.00346930 -0.19442141
v 0.01560018 -0.00367282 -0.19441570
v 0.01811425 -0.00207591 -0.20628721
v 0.01795824 -0.00187241 -0.20629290
v 0.02062829 -0.00047902 -0.21815881
v 0.02047231 -0.00027550 -0.21816451
v 0.02322359 0.00104398 -0.23002311
v 0.02082918 -0.00063705 -0.21813751
v 0.02306991 0.00119953 -0.23003471
v 0.02340633 0.00092497 -0.23000041
v 0.02314235 0.00111789 -0.23003040
v 0.02295229 0.00138458 -0.23003481
v 0.02037145 -0.00003990 -0.21815411
v 0.02287642 0.00159091 -0.23002300
v 0.02288552 0.00155701 -0.23002570
v 0.02033239 0.00021230 -0.21812841
v 0.01781835 -0.00138460 -0.20625691
v 0.02288552 0.00155701 -0.23002570
v 0.02382888 0.00309894 -0.23938091
v 0.02381038 0.00327689 -0.24067530
v 0.02382888 0.00309894 -0.23938091
v 0.02284646 0.01072685 -0.23000001
v 0.02382888 0.01072685 -0.23938091
v 0.02284646 0.01964452 -0.23000001
v 0.02382888 0.01958243 -0.23938091
v 0.02382888 0.01134068 -0.23938091
v 0.02298635 0.00132140 -0.23003600
v -0.00983639 -0.01895053 -0.07566970
v -0.01235045 -0.02054743 -0.06379812
v -0.01486450 -0.02214433 -0.05192657
v -0.01482547 -0.02239652 -0.05195221
v -0.01734860 -0.02395960 -0.04007802
v -0.01727277 -0.02416580 -0.04008968
v -0.01767358 -0.02378261 -0.03866198
v -0.01734860 -0.02395960 -0.04007802
v -0.01796353 -0.02353606 -0.03729278
v -0.02475107 -0.00000000 -0.00524160
v -0.02528934 -0.01400000 -0.00073474
v -0.00445975 -0.01400000 0.03990253
v -0.00517865 -0.01500000 0.03776737
v -0.00421271 -0.01400000 0.03802613
v -0.00435449 -0.01500000 0.03577762
v -0.00348844 -0.01400000 0.03627756
v -0.00348844 -0.01400000 0.03627756
v -0.00348844 -0.01250000 0.03627753
v -0.00304337 -0.01500000 0.03406892
v -0.00233628 -0.01400000 0.03477601
v -0.00233628 -0.01400000 0.03477601
v -0.00233628 -0.01250000 0.03477601
v -0.00083478 -0.01400000 0.03362388
v -0.00083475 -0.01250000 0.03362385
v 0.00091376 -0.01400000 0.03289960
v 0.00091379 -0.01250000 0.03289957
v -0.00133484 -0.01500000 0.03275788
v -0.00083478 -0.01400000 0.03362388
v 0.00065491 -0.01500000 0.03193369
v 0.00091376 -0.01400000 0.03289960
v 0.00279025 -0.01500000 0.03165254
v 0.00279025 -0.01400000 0.03265253
v 0.00279025 -0.01400000 0.03265253
v 0.00279025 -0.01250000 0.03265253
v 0.00466669 -0.01400000 0.03289957
v 0.00492551 -0.01500000 0.03193363
v 0.00466669 -0.01400000 0.03289957
v 0.00466672 -0.01250000 0.03289957
v 0.00641525 -0.01400000 0.03362385
v 0.00641528 -0.01250000 0.03362385
v 0.00791678 -0.01400000 0.03477601
v 0.00791678 -0.01250000 0.03477601
v 0.00691522 -0.01500000 0.03275782
v 0.00641525 -0.01400000 0.03362385
v 0.00791678 -0.01400000 0.03477601
v 0.00862390 -0.01500000 0.03406892
v 0.00993493 -0.01500000 0.03577750
v 0.00906894 -0.01400000 0.03627753
v 0.00906894 -0.01400000 0.03627753
v 0.00906894 -0.01250000 0.03627753
v 0.00979321 -0.01400000 0.03802607
v 0.00979321 -0.01250000 0.03802607
v 0.01004025 -0.01400000 0.03990253
v 0.01004025 -0.01250000 0.03990253
v 0.00979321 -0.01400000 0.04177897
v 0.00979321 -0.01250000 0.04177900
v 0.00906894 -0.01400000 0.04352753
v 0.00761990 -0.01220000 0.04119663
v 0.00809027 -0.01250000 0.03990253
v -0.01112210 0.01470711 0.04467170
v -0.00385660 0.00650000 0.02478989
v 0.00029025 0.00650000 0.03557242
v -0.00074527 0.00650000 0.03636701
v -0.00220975 0.01220000 0.03990253
v -0.00203937 0.00650000 0.03860844
v -0.00203937 0.01220000 0.03860844
v -0.00203940 0.00650000 0.04119657
v -0.00220975 0.01220000 0.03990253
v -0.00203937 0.01220000 0.04119663
v -0.00153989 0.00650000 0.04240250
v -0.00153989 0.01220000 0.04240250
v -0.00203937 0.01220000 0.04119663
v -0.00250974 0.01250000 0.03990253
v -0.00232914 0.01250000 0.04127430
v -0.00153989 0.01220000 0.04240250
v -0.00179969 0.01250000 0.04255256
v 0.00279025 0.01250000 0.04715253
v 0.00416201 0.01250000 0.04502195
v 0.00279025 0.01250000 0.04520255
v -0.00250974 0.01250000 0.03990253
v -0.00203937 0.01220000 0.03860844
v -0.00232914 0.01250000 0.03853077
v 0.00279025 0.01250000 0.03265253
v 0.00141851 0.01250000 0.03478312
v 0.00279025 0.01250000 0.03460255
v -0.00153986 0.01220000 0.03740253
v -0.00153986 0.00650000 0.03740253
v -0.00074527 0.00650000 0.03636701
v -0.00153986 0.01220000 0.03740253
v -0.00074527 0.01220000 0.03636701
v -0.00179966 0.01250000 0.03725251
v 0.00029025 0.00650000 0.03557242
v -0.00074527 0.01220000 0.03636701
v 0.00149615 0.00650000 0.03507291
v 0.00029025 0.01220000 0.03557239
v 0.00149615 0.01220000 0.03507291
v 0.00014029 0.01250000 0.03531260
v 0.00029025 0.01220000 0.03557239
v -0.00095740 0.01250000 0.03615488
v 0.00279025 0.00650000 0.03490253
v 0.00149615 0.01220000 0.03507291
v 0.00279025 0.01220000 0.03490253
v 0.00141851 0.01250000 0.03478312
v 0.00408438 0.01220000 0.03507291
v 0.00279025 0.01250000 0.03460255
v 0.00529028 0.01220000 0.03557242
v 0.00416208 0.01250000 0.03478315
v 0.00529025 0.00650000 0.03557242
v 0.00408438 0.01220000 0.03507291
v 0.00408438 0.00650000 0.03507291
v 0.00279025 0.01220000 0.03490253
v 0.00632580 0.00650000 0.03636701
v 0.00529028 0.01220000 0.03557242
v 0.00712039 0.00650000 0.03740253
v 0.00632580 0.01220000 0.03636701
v 0.00712039 0.01220000 0.03740256
v 0.00653793 0.01250000 0.03615488
v 0.00632580 0.01220000 0.03636701
v 0.00544031 0.01250000 0.03531263
v 0.00761990 0.01220000 0.03860847
v 0.00738022 0.01250000 0.03725260
v 0.00779025 0.01220000 0.03990253
v 0.00790966 0.01250000 0.03853086
v 0.00790966 0.01250000 0.04127430
v 0.00779025 0.01220000 0.03990253
v 0.00761987 0.01220000 0.04119666
v 0.00738018 0.01250000 0.04255256
v 0.00632580 0.01220000 0.04343809
v 0.00712039 0.01220000 0.04240256
v 0.00712036 0.00650000 0.04240256
v 0.00632580 0.01220000 0.04343809
v 0.00712039 0.01220000 0.04240256
v 0.00761987 0.00650000 0.04119666
v 0.00761987 0.01220000 0.04119666
v 0.00529025 0.00650000 0.04423267
v 0.00632580 0.00650000 0.04343809
v 0.00544027 0.01250000 0.04449247
v 0.00653793 0.01250000 0.04365021
v 0.00408435 0.01220000 0.04473215
v 0.00529025 0.01220000 0.04423267
v 0.00529025 0.01220000 0.04423267
v 0.00416201 0.01250000 0.04502195
v 0.00408435 0.00650000 0.04473218
v 0.00279025 0.01220000 0.04490253
v 0.00279025 0.00650000 0.04490253
v 0.00149612 0.01220000 0.04473215
v 0.00279025 0.01220000 0.04490253
v 0.00141848 0.01250000 0.04502195
v 0.00279025 0.01250000 0.04520255
v 0.00408435 0.01220000 0.04473215
v 0.00149612 0.01220000 0.04473215
v 0.00014025 0.01250000 0.04449247
v 0.00029022 0.01220000 0.04423264
v -0.00095740 0.01250000 0.04365021
v 0.00029019 0.00650000 0.04423264
v -0.00074527 0.01220000 0.04343809
v 0.00029022 0.01220000 0.04423264
v 0.00149609 0.00650000 0.04473215
v -0.00074527 0.00650000 0.04343809
v -0.00074527 0.01220000 0.04343809
v 0.00779025 0.01220000 0.03990253
v 0.00779025 0.00650000 0.03990253
v 0.00761990 0.01220000 0.03860847
v 0.00761987 0.00650000 0.03860844
v 0.01729797 0.00650000 0.03990253
v 0.01645981 0.00700000 -0.00115099
v 0.01794522 0.00700000 0.04441111
v 0.01596008 0.00650000 -0.00113473
v 0.01636362 0.00700000 -0.00971276
v 0.01645981 0.00700000 -0.00115099
v 0.01544989 0.00639778 -0.01095708
v 0.01592218 0.00648691 -0.01080383
v 0.01586365 0.00650000 -0.00971783
v 0.01595770 0.00646808 -0.01141952
v 0.01639362 0.00695036 -0.01170126
v 0.01594998 0.00647278 -0.01128841
v 0.01597354 0.00645744 -0.01168536
v 0.01604208 0.00639778 -0.01277962
v 0.01595770 0.00646808 -0.01141952
v 0.01594998 0.00647278 -0.01128841
v 0.01610028 0.00633209 -0.01364846
v 0.01604208 0.00639778 -0.01277962
v 0.01476178 0.00609807 -0.01118066
v 0.01189029 0.00639778 -0.00000176
v 0.01120218 0.00609807 -0.00022533
v 0.01061127 0.00562132 -0.00041735
v 0.01417087 0.00562132 -0.01137267
v 0.01640219 0.00581712 -0.01754159
v 0.01625760 0.00609807 -0.01578439
v 0.01651206 0.00655931 -0.01565786
v 0.01624344 0.00612225 -0.01560268
v 0.01625760 0.00609807 -0.01578439
v 0.01644852 0.00678653 -0.01385946
v 0.01610028 0.00633209 -0.01364846
v 0.01659955 0.00620331 -0.01761495
v 0.01640219 0.00581712 -0.01754159
v 0.01648688 0.00562134 -0.01850051
v 0.01670447 0.00570244 -0.01954247
v 0.01657489 0.00538779 -0.01945196
v 0.01669482 0.00500000 -0.02068346
v 0.01682300 0.00495837 -0.02139712
v 0.01675644 0.00475003 -0.02129086
v 0.01684161 0.00427646 -0.02210513
v 0.01688278 0.00438333 -0.02224291
v 0.01686322 0.00409860 -0.02230715
v 0.01689591 0.00419838 -0.02242178
v 0.01684424 0.00425714 -0.02212972
v 0.01684161 0.00427646 -0.02210513
v 0.01689478 0.00350000 -0.02259951
v 0.01687927 0.00391957 -0.02245641
v 0.01690704 0.00398950 -0.02257226
v 0.01689053 0.00371968 -0.02256036
v 0.01691489 0.00375632 -0.02267712
v 0.01689371 0.00361107 -0.02258950
v 0.01691708 0.00362959 -0.02270648
v 0.01689478 0.00350000 -0.02259951
v 0.01333517 -0.00350000 -0.01164419
v 0.01689478 0.00350000 -0.02259951
v 0.01333517 0.00350000 -0.01164419
v 0.00987280 0.00427646 -0.00065728
v 0.01333517 0.00350000 -0.01164419
v 0.01343240 0.00427646 -0.01161260
v 0.00631320 0.00427644 0.01029804
v 0.00977557 0.00350000 -0.00068887
v 0.00621597 -0.00350000 0.01026646
v 0.00621597 0.00350000 0.01026646
v 0.00631320 0.00427644 0.01029804
v 0.00590897 0.00499999 0.01185209
v 0.00659824 0.00500000 0.01039066
v 0.01015784 0.00500000 -0.00056466
v 0.00487573 0.00500000 0.01309443
v 0.00467133 0.00427644 0.01287525
v 0.00705164 0.00562132 0.01053800
v 0.00631107 0.00562134 0.01210828
v 0.00683511 0.00609810 0.01244212
v 0.00764258 0.00609808 0.01072999
v 0.00562463 0.00609808 0.01389753
v 0.00520090 0.00562132 0.01344312
v 0.00833072 0.00639778 0.01095359
v 0.00744540 0.00639780 0.01283091
v 0.00611810 0.00639778 0.01442670
v 0.00611810 0.00639778 0.01442670
v 0.00664761 0.00650000 0.01499454
v 0.00810016 0.00650000 0.01324805
v 0.00906915 0.00650000 0.01119352
v 0.01262875 0.00650000 0.00023820
v 0.00833072 0.00639778 0.01095359
v 0.00764258 0.00609808 0.01072999
v 0.00705164 0.00562132 0.01053800
v 0.00659824 0.00500000 0.01039066
v 0.01371744 0.00500000 -0.01151998
v 0.01675644 0.00475003 -0.02129086
v 0.01669482 0.00500000 -0.02068346
v 0.01657489 0.00538779 -0.01945196
v 0.01648688 0.00562134 -0.01850051
v 0.00977557 -0.00350000 -0.00068887
v 0.00712039 0.01220000 0.03740256
v 0.01004025 0.01250000 0.03990253
v 0.00979321 0.01400000 0.03802607
v 0.00979321 0.01250000 0.03802607
v 0.01004025 0.01400000 0.03990253
v 0.00979321 0.01250000 0.04177900
v 0.00979321 0.01400000 0.04177900
v 0.01104025 0.01500000 0.03990253
v 0.00979321 0.01400000 0.04177900
v 0.01075912 0.01500000 0.04203785
v 0.01004025 0.01400000 0.03990253
v 0.01075912 0.01500000 0.03776725
v 0.00979321 0.01400000 0.03802607
v 0.00906894 0.01400000 0.03627753
v 0.00993496 0.01500000 0.03577753
v 0.00906894 0.01400000 0.03627753
v 0.00906894 0.01250000 0.03627753
v 0.00862390 0.01500000 0.03406892
v 0.00791678 0.01400000 0.03477601
v 0.00791678 0.01400000 0.03477601
v 0.00791678 0.01250000 0.03477601
v 0.00641528 0.01400000 0.03362385
v 0.00641528 0.01250000 0.03362385
v 0.00466672 0.01400000 0.03289957
v 0.00466672 0.01250000 0.03289957
v 0.00691528 0.01500000 0.03275785
v 0.00641528 0.01400000 0.03362385
v 0.00492553 0.01500000 0.03193366
v 0.00466672 0.01400000 0.03289957
v 0.00279025 0.01400000 0.03265253
v 0.00279025 0.01500000 0.03165254
v 0.00279025 0.01400000 0.03265253
v 0.00279025 0.01250000 0.03265253
v 0.00065497 0.01500000 0.03193366
v 0.00091378 0.01400000 0.03289957
v 0.00091378 0.01400000 0.03289957
v 0.00091378 0.01250000 0.03289957
v -0.00083475 0.01400000 0.03362385
v -0.00133475 0.01500000 0.03275785
v -0.00083475 0.01400000 0.03362385
v -0.00083475 0.01250000 0.03362385
v -0.00233628 0.01400000 0.03477601
v -0.00304337 0.01500000 0.03406892
v -0.00233628 0.01400000 0.03477601
v -0.00233628 0.01250000 0.03477601
v -0.00348844 0.01400000 0.03627753
v -0.00348844 0.01250000 0.03627753
v -0.00421271 0.01400000 0.03802607
v -0.00421271 0.01250000 0.03802607
v -0.00445975 0.01400000 0.03990253
v -0.00348844 0.01400000 0.03627753
v -0.00517862 0.01500000 0.03776725
v -0.00421271 0.01400000 0.03802607
v -0.00445975 0.01400000 0.03990253
v -0.00445975 0.01250000 0.03990253
v -0.00421271 0.01400000 0.04177891
v -0.00421271 0.01250000 0.04177891
v -0.00445975 0.01400000 0.03990253
v -0.00517865 0.01500000 0.04203773
v -0.00421271 0.01400000 0.04177891
v -0.00348847 0.01400000 0.04352747
v -0.00435450 0.01500000 0.04402747
v -0.00233628 0.01400000 0.04502906
v -0.00304337 0.01500000 0.04573618
v -0.00348847 0.01400000 0.04352747
v -0.00348847 0.01250000 0.04352747
v -0.00233628 0.01400000 0.04502906
v -0.00233628 0.01250000 0.04502906
v -0.00133484 0.01500000 0.04704719
v -0.00083481 0.01400000 0.04618119
v -0.00083481 0.01400000 0.04618119
v -0.00083481 0.01250000 0.04618119
v 0.00091372 0.01400000 0.04690546
v 0.00091372 0.01250000 0.04690546
v 0.00065490 0.01500000 0.04787141
v 0.00091372 0.01400000 0.04690546
v 0.00279025 0.01400000 0.04715253
v 0.00279025 0.01250000 0.04715253
v 0.00466668 0.01400000 0.04690549
v 0.00466668 0.01250000 0.04690549
v 0.00279025 0.01400000 0.04715253
v 0.00279025 0.01500000 0.04815253
v 0.00466668 0.01400000 0.04690549
v 0.00492550 0.01500000 0.04787144
v 0.00641525 0.01400000 0.04618122
v 0.00641525 0.01250000 0.04618122
v 0.00691522 0.01500000 0.04704725
v 0.00641525 0.01400000 0.04618122
v 0.00862390 0.01500000 0.04573618
v 0.00791678 0.01400000 0.04502906
v 0.00993493 0.01500000 0.04402756
v 0.00906894 0.01400000 0.04352756
v 0.00791678 0.01400000 0.04502906
v 0.00791678 0.01250000 0.04502906
v 0.00906894 0.01400000 0.04352756
v 0.00906894 0.01250000 0.04352756
v -0.00435443 0.01500000 0.03577753
v -0.01523788 -0.00420253 0.03141517
v 0.01670447 -0.00570244 -0.01954244
v 0.01657489 -0.00538780 -0.01945193
v 0.01648685 -0.00562138 -0.01850039
v 0.01795053 -0.01400000 0.04473694
v 0.01762375 -0.00700000 0.04727245
v 0.01762372 -0.01400000 0.04727256
v 0.01762375 -0.00700000 0.04727245
v 0.01745053 -0.00650000 0.04473694
v 0.01714011 -0.00650000 0.04714568
v 0.01080011 -0.01400000 0.05432236
v 0.00827637 -0.01400000 0.05473163
v 0.00827636 -0.00700000 0.05473163
v 0.01080011 -0.01400000 0.05432236
v 0.00827637 -0.01400000 0.05473163
v 0.00327902 -0.00700000 0.05489457
v 0.00827637 -0.01400000 0.05473163
v 0.00827636 -0.00700000 0.05473163
v 0.00327902 -0.01400000 0.05489457
v -0.00051303 -0.00700000 0.05453431
v -0.00722724 -0.00700000 0.05106721
v -0.00233628 -0.01250000 0.04502906
v -0.00083484 -0.01400000 0.04618116
v -0.00083475 -0.01250000 0.04618122
v 0.00466668 -0.01400000 0.04690549
v 0.01564801 -0.01500000 -0.00419289
v 0.01570001 -0.01550000 -0.00000002
v 0.00217410 -0.01620000 -0.00811379
v -0.00632199 -0.01620000 -0.00364999
v -0.00658179 -0.01650000 -0.00380004
v -0.00516186 -0.01620000 -0.00516189
v -0.00537402 -0.01650000 -0.00537405
v -0.00365005 -0.01620000 -0.00632198
v 0.00560239 0.00670000 -0.00150109
v 0.00610001 0.00700000 -0.00000002
v 0.00589215 0.00700000 -0.00157885
v 0.00502298 0.00670000 -0.00289996
v 0.00528275 0.00700000 -0.00305004
v 0.00410129 0.00670000 -0.00410119
v 0.00431335 0.00700000 -0.00431338
v 0.00290006 0.00670000 -0.00502294
v 0.00305002 0.00700000 -0.00528277
v 0.00150122 0.00670000 -0.00560238
v 0.00365002 0.01620000 0.00632197
v -0.00420001 0.01550000 -0.00727462
v 0.00810034 0.01500000 -0.01402944
v 0.00419318 0.01500000 -0.01564794
v 0.00785034 0.01550000 -0.01359643
v 0.01145544 0.01500000 -0.01145483
v 0.01359683 0.01550000 -0.00784960
v 0.01110190 0.01550000 -0.01110128
v 0.01536966 0.01500000 -0.00511993
v 0.01516516 0.01550000 -0.00406295
v 0.01536966 0.01500000 -0.00511993
v 0.01570001 0.01550000 -0.00000002
v 0.01564816 0.01500000 -0.00419228
v 0.00824377 0.01500000 0.05373218
v 0.00824377 0.01500000 0.05373218
v 0.00325488 0.01496593 0.05415378
v 0.00825222 0.01496593 0.05399085
v 0.00324642 0.01500000 0.05389512
v 0.00279025 0.01496593 0.05416135
v 0.00325488 0.01496593 0.05415378
v 0.00826007 0.01486603 0.05423191
v 0.00326272 0.01486603 0.05439484
v 0.00326272 0.01486603 0.05439484
v 0.00279025 0.01486603 0.05440253
v 0.00279025 0.01486603 0.05440253
v -0.00071131 0.01496593 0.05372474
v 0.00279025 0.01500000 0.05390253
v 0.00279025 0.01496593 0.05416135
v -0.00064777 0.01500000 0.05347382
v 0.00279025 0.01470711 0.05460966
v 0.00279025 0.01470711 0.05460966
v 0.00826681 0.01470711 0.05443891
v 0.00326947 0.01470711 0.05460184
v 0.00327465 0.01450000 0.05476066
v 0.00229041 0.02429488 -0.12223021
v 0.00445677 0.02413686 -0.13423130
v 0.00508927 0.02422272 -0.13409780
v 0.00718495 0.02405507 -0.14611431
v 0.00788813 0.02415054 -0.14596551
v -0.06631578 0.02153594 -0.35334322
v -0.06639998 0.02290985 -0.35000002
v -0.06585686 0.02285831 -0.35847542
v -0.06413740 0.02280534 -0.36718594
v -0.06413737 0.02145451 -0.36718563
v -0.06532301 0.02148529 -0.36191073
v -0.06138877 0.02275597 -0.37530572
v -0.06138888 0.02140857 -0.37530532
v -0.06322883 0.02143717 -0.37027502
v -0.05750400 0.02270796 -0.38320013
v -0.05750406 0.02136136 -0.38320013
v -0.06006843 0.02139058 -0.37829742
v -0.06138888 0.02140857 -0.37530532
v -0.06374637 0.02064952 -0.37043603
v -0.06413737 0.02145451 -0.36718563
v -0.05750406 0.02136136 -0.38320013
v -0.06585695 0.02150598 -0.35847503
v -0.05270126 0.02266423 -0.39039233
v -0.05270142 0.02132097 -0.39039211
v -0.05589526 0.02134633 -0.38584243
v -0.04695184 0.02262434 -0.39695193
v -0.04695187 0.02128160 -0.39695193
v -0.05077969 0.02130693 -0.39278292
v -0.04039169 0.02258937 -0.40270183
v -0.04039206 0.02124919 -0.40270153
v -0.04480792 0.02126965 -0.39900222
v -0.03319974 0.02256017 -0.40750432
v -0.03319992 0.02122066 -0.40750411
v -0.03808060 0.02123970 -0.40439513
v -0.02530505 0.02253655 -0.41138912
v -0.02530524 0.02119830 -0.41138903
v -0.03071152 0.02121233 -0.40887081
v -0.02530524 0.02119830 -0.41138903
v -0.01718555 0.02251984 -0.41413753
v -0.01718558 0.02118259 -0.41413762
v -0.02282443 0.02119325 -0.41235381
v -0.01718558 0.02118259 -0.41413762
v -0.00847495 0.02250938 -0.41585702
v -0.00847495 0.02117197 -0.41585702
v -0.01455286 0.02117825 -0.41478573
v -0.00000281 0.00799999 -0.41726613
v 0.00858283 0.00799999 -0.41671621
v 0.00856253 0.00779288 -0.41655861
v 0.00853613 0.00763397 -0.41635323
v -0.01718579 0.00750000 -0.41413741
v 0.04695193 0.00750000 -0.39695192
v 0.05270141 0.00750000 -0.39039210
v 0.05270071 0.00750000 -0.39039311
v 0.05750360 0.00750000 -0.38320100
v 0.04695093 0.00750000 -0.39695293
v 0.06413751 -0.05225999 -0.33281453
v 0.06413745 -0.06720000 -0.33281422
v 0.06138898 -0.05225999 -0.32469480
v 0.06138894 -0.06720000 -0.32469471
v 0.06413751 -0.03732001 -0.33281453
v 0.06138898 -0.03732001 -0.32469480
v 0.06138898 -0.02238001 -0.32469480
v 0.06413751 -0.02238001 -0.33281453
v 0.06585697 -0.02238001 -0.34152522
v 0.05750415 -0.03732001 -0.31680012
v 0.05270144 -0.03732001 -0.30960801
v 0.05750415 -0.05225999 -0.31680012
v 0.05270144 -0.05225999 -0.30960801
v 0.05750406 -0.06720000 -0.31680000
v 0.05270141 -0.06720000 -0.30960801
v 0.04695193 -0.05225999 -0.30304811
v 0.04695193 -0.06720000 -0.30304811
v 0.04039215 -0.06720000 -0.29729863
v 0.04039209 -0.05225999 -0.29729863
v 0.03320013 -0.06720000 -0.29249601
v 0.02530539 -0.06720000 -0.28861113
v 0.01718560 0.00750000 -0.28586262
v 0.02530526 0.00750000 -0.28861113
v -0.06585692 -0.03732002 -0.34152523
v -0.06585692 -0.02238001 -0.34152523
v -0.06639998 -0.03732002 -0.35000002
v 0.03396906 -0.01146138 -0.13760750
v 0.03417497 -0.01130431 -0.13755370
v 0.03571736 -0.00998180 -0.14860691
v 0.02745558 -0.01666316 -0.09343728
v 0.02743452 -0.01677431 -0.09345556
v 0.02743452 -0.01677431 -0.09345556
v 0.02746366 -0.01651441 -0.09341598
v 0.02745558 -0.01666316 -0.09343728
v 0.02684037 -0.01636804 -0.08964202
v 0.02685084 -0.01634209 -0.08966363
v -0.00580000 -0.00670000 -0.00000000
v -0.00580000 0.00670000 -0.00000000
v 0.00579998 -0.00670000 0.00000000
v 0.00579998 0.00670000 0.00000000
v 0.01563507 -0.01500000 0.00424085
v 0.01564801 -0.01500000 0.00419285
v 0.01620001 -0.01500000 -0.00000002
v 0.01571902 -0.01496593 -0.00112685
v 0.01536966 -0.01500000 -0.00511993
v 0.01546033 -0.01500000 -0.00111843
v 0.01402960 -0.01500000 -0.00810003
v 0.01088303 -0.01500000 -0.01200002
v 0.01536966 -0.01500000 -0.00511993
v -0.00839999 -0.01550000 -0.00000002
v -0.01570001 -0.01550000 -0.00000002
v -0.01516501 -0.01550000 -0.00406353
v -0.01359659 -0.01550000 -0.00785006
v -0.00811377 -0.01550000 -0.00217413
v -0.01110156 -0.01550000 -0.01110159
v -0.00727460 -0.01550000 -0.00420004
v -0.00785004 -0.01550000 -0.01359661
v -0.00593970 -0.01550000 -0.00593972
v -0.00406351 -0.01550000 -0.01516503
v -0.00420001 -0.01550000 -0.00727462
v 0.00000000 -0.01550000 -0.01570003
v -0.00217410 -0.01550000 -0.00811379
v 0.00785004 -0.01550000 -0.01359661
v 0.00420001 -0.01550000 -0.00727462
v 0.01110156 -0.01550000 -0.01110159
v 0.00593970 -0.01550000 -0.00593972
v 0.01359659 -0.01550000 -0.00785006
v 0.00727460 -0.01550000 -0.00420003
v 0.01516501 -0.01550000 -0.00406353
v 0.00811377 -0.01550000 -0.00217413
v 0.01570001 -0.01550000 -0.00000002
v 0.00839999 -0.01550000 -0.00000002
v 0.02227998 -0.01500000 -0.07489639
v 0.02413404 -0.01500000 -0.07883808
v 0.02203968 -0.01500000 -0.06566137
v 0.01540397 -0.01500000 -0.06127511
v 0.01994532 -0.01500000 -0.05248467
v 0.00794559 -0.01500000 -0.04796456
v 0.01785095 -0.01500000 -0.03930797
v -0.00008181 -0.01500000 -0.03498870
v 0.01624692 -0.01500000 -0.02663708
v 0.01544900 -0.01500000 -0.01389019
v 0.01539960 -0.01500000 -0.01200002
v 0.01088303 -0.01500000 -0.01200002
v 0.00419284 -0.01500000 -0.01564803
v 0.00809995 -0.01500000 -0.01402966
v -0.01132065 -0.01500000 -0.01913888
v -0.01421313 -0.01500000 -0.01200002
v -0.01421313 -0.01500000 -0.01621151
v -0.01088303 -0.01500000 -0.01200002
v -0.00809994 -0.01500000 -0.01402969
v -0.00545975 -0.01500000 0.03990253
v -0.01200949 -0.01500000 0.03990253
v -0.00517865 -0.01500000 0.03776737
v -0.01463110 -0.01500000 0.03225492
v -0.01880899 -0.01500000 0.02006742
v -0.02298688 -0.01500000 0.00787992
v -0.01402960 -0.01500000 0.00809998
v -0.02402493 -0.01500000 0.00364585
v -0.01564798 -0.01500000 0.00419288
v -0.01145514 -0.01500000 0.01145512
v -0.00810001 -0.01500000 0.01402958
v -0.00419290 -0.01500000 0.01564796
v -0.00435449 -0.01500000 0.03577762
v -0.00304337 -0.01500000 0.03406892
v -0.02428977 -0.01500000 -0.00070571
v -0.01620001 -0.01500000 -0.00000002
v -0.02377277 -0.01500000 -0.00503442
v -0.02229767 -0.01500000 -0.01200002
v -0.01776306 -0.01500000 -0.01200002
v -0.01564798 -0.01500000 -0.00419293
v -0.01402960 -0.01500000 -0.00810003
v -0.00133484 -0.01500000 0.03275788
v -0.01619367 -0.01500000 -0.01200002
v -0.01520340 -0.01500000 -0.01200002
v -0.01421313 -0.01500000 -0.01200002
v -0.01088303 -0.01500000 -0.01200002
v -0.01145514 -0.01500000 -0.01145513
v 0.00065491 -0.01500000 0.03193369
v 0.00279025 -0.01500000 0.03165254
v 0.00000003 -0.01500000 0.01619999
v 0.00492551 -0.01500000 0.03193363
v 0.00419287 -0.01500000 0.01564799
v 0.00691522 -0.01500000 0.03275782
v 0.01645062 -0.01500000 0.02925633
v 0.00862390 -0.01500000 0.03406892
v 0.00993493 -0.01500000 0.03577750
v 0.01679770 -0.01500000 0.03990253
v 0.01104025 -0.01500000 0.03990253
v 0.01075912 -0.01500000 0.03776725
v 0.00810001 -0.01500000 0.01402958
v 0.01563507 -0.01500000 0.00424085
v -0.01442844 -0.01502447 -0.01643725
v -0.00866287 -0.01500000 -0.02237228
v -0.01482892 -0.01521005 -0.01685720
v -0.00980957 -0.01557944 -0.02318905
v -0.01011832 -0.01610172 -0.02340896
v 0.00903257 -0.01700000 -0.05383840
v 0.00102729 -0.01700000 -0.04044189
v 0.00102720 -0.02250923 -0.04044170
v -0.00756610 -0.01700000 -0.02741482
v -0.00299621 -0.02146715 -0.03418514
v -0.00209137 -0.02231998 -0.03556704
v -0.00773584 -0.01747517 -0.02728838
v -0.00319653 -0.02186063 -0.03398723
v -0.00299621 -0.02146715 -0.03418514
v -0.00756610 -0.01700000 -0.02741482
v -0.00800577 -0.01791876 -0.02724752
v -0.00836188 -0.01830396 -0.02729629
v -0.00800668 -0.01791997 -0.02724755
v -0.00836023 -0.01830249 -0.02729589
v -0.00877133 -0.01859558 -0.02742999
v -0.00383548 -0.02255437 -0.03382635
v -0.00348178 -0.02222983 -0.03386553
v -0.00070452 -0.02435336 -0.03923324
v -0.00043457 -0.02403621 -0.03901873
v -0.00103445 -0.02458250 -0.03947414
v -0.00070452 -0.02435336 -0.03923324
v -0.00103445 -0.02458250 -0.03947414
v -0.00043457 -0.02403621 -0.03901873
v 0.02256651 -0.01859032 -0.08214289
v 0.02285673 -0.01827428 -0.08196820
v 0.02221345 -0.01882106 -0.08233471
v 0.02662910 -0.01753182 -0.09186709
v 0.02667643 -0.01742885 -0.09125138
v 0.02672062 -0.01724818 -0.09064315
v 0.02306861 -0.01788980 -0.08181997
v 0.02675929 -0.01695516 -0.09005850
v 0.01795277 -0.01847698 -0.07058993
v 0.01230564 -0.01992883 -0.05973470
v 0.00628171 -0.02135381 -0.04908053
v -0.00011203 -0.02275015 -0.03864037
v -0.00023953 -0.02364858 -0.03884240
v -0.00014059 -0.02327875 -0.03872967
v -0.00011203 -0.02275015 -0.03864037
v -0.00299621 -0.02146715 -0.03418514
v -0.00319653 -0.02186063 -0.03398723
v 0.02321653 -0.01700000 -0.08163290
v 0.02047544 -0.01700000 -0.07575875
v 0.02678529 -0.01647192 -0.08955758
v 0.02677430 -0.01675333 -0.08979795
v 0.02678529 -0.01647192 -0.08955758
v 0.02321653 -0.01700000 -0.08163290
v 0.02677430 -0.01675333 -0.08979795
v 0.02662043 -0.01615773 -0.08887860
v 0.02682234 -0.01640682 -0.08961010
v 0.02644062 -0.01592691 -0.08813996
v 0.02504972 -0.01437462 -0.07869253
v 0.02510453 -0.01418526 -0.07868380
v 0.02695497 0.02251994 -0.09021548
v 0.02695457 0.02248621 -0.09021310
v 0.02695607 0.02255306 -0.09022238
v 0.02695457 0.01700000 -0.09021310
v 0.02720005 0.02325829 -0.09175756
v 0.02709919 0.02310848 -0.09112295
v 0.02696577 0.02267066 -0.09028363
v 0.02695997 0.02261458 -0.09024707
v 0.02698905 0.02280635 -0.09043006
v 0.02697288 0.02272101 -0.09032821
v 0.02700691 0.02287708 -0.09054235
v 0.02730418 0.02335725 -0.09241268
v 0.02751600 0.02345483 -0.09374542
v 0.02740977 0.02342072 -0.09307696
v 0.03005656 0.02333620 -0.10972940
v 0.02762245 0.02346304 -0.09441500
v 0.02694853 0.01676480 -0.09017514
v 0.03492442 0.02290656 -0.14035570
v 0.03249055 0.02314777 -0.12504290
v 0.03445680 -0.01059607 -0.13741361
v 0.03096022 -0.01355524 -0.11541481
v 0.03979212 0.02230098 -0.17098101
v 0.03735819 0.02262137 -0.15566790
v 0.03970168 -0.00615732 -0.17041181
v 0.03620509 -0.00911648 -0.14841300
v 0.03795338 -0.00763690 -0.15941240
v 0.04465971 0.02158983 -0.20160561
v 0.04222596 0.02195419 -0.18629351
v 0.04319823 -0.00319815 -0.19241060
v 0.04144994 -0.00467773 -0.18141120
v 0.04709346 0.02121666 -0.21691750
v 0.04669481 -0.00023898 -0.21440951
v 0.02695301 0.01688094 -0.09020327
v 0.04952718 0.02084351 -0.23222941
v 0.04844310 0.00124060 -0.22540881
v 0.05196096 0.02047914 -0.24754151
v 0.05019139 0.00272019 -0.23640821
v 0.02690968 0.01635956 -0.08993057
v 0.02921192 -0.01503482 -0.10441540
v 0.05439476 0.02013236 -0.26285401
v 0.05368795 0.00567935 -0.25840711
v 0.02693244 0.01654933 -0.09007394
v 0.05193966 0.00419977 -0.24740771
v 0.05682869 0.01981197 -0.27816712
v 0.05543624 0.00715894 -0.26940650
v 0.02688291 0.01619302 -0.08976223
v 0.05926248 0.01952678 -0.29347941
v 0.05862784 0.00850000 -0.28948640
v 0.02675785 0.01568278 -0.08897541
v 0.06169634 0.01928557 -0.30879222
v 0.06061199 0.00850000 -0.30196980
v 0.05702834 0.00816457 -0.27942332
v 0.02649488 0.01505209 -0.08732086
v 0.06656446 0.00850000 -0.33942002
v 0.06656446 0.01897029 -0.33942002
v 0.06458029 0.00850000 -0.32693663
v 0.06413034 0.01909714 -0.32410572
v 0.06259616 0.00850000 -0.31445320
v 0.02622444 0.01463704 -0.08561935
v 0.02640443 -0.01489488 -0.08675180
v 0.02595085 0.01434755 -0.08389810
v 0.02615104 -0.01454817 -0.08515768
v 0.02567549 0.01415256 -0.08216571
v 0.02589540 -0.01430128 -0.08354928
v 0.04494652 -0.00171857 -0.20341010
v 0.02539900 0.01403807 -0.08042608
v 0.02563835 -0.01413264 -0.08193206
v 0.02512162 0.01400000 -0.07868109
v 0.02538035 -0.01403314 -0.08030886
v 0.02302729 0.01400000 -0.06550439
v 0.02093292 0.01400000 -0.05232769
v 0.02093293 -0.01400000 -0.05232769
v 0.01883856 0.01400000 -0.03915099
v 0.01883856 0.00000000 -0.03915099
v 0.02512162 -0.01400000 -0.07868109
v 0.03270850 -0.01207565 -0.12641420
v 0.01883856 -0.01400000 -0.03915099
v 0.02302729 -0.01400000 -0.06550439
v 0.02737739 -0.01657610 -0.09287322
v 0.02729066 -0.01661357 -0.09232751
v 0.02711766 -0.01660396 -0.09123913
v 0.02720387 -0.01662381 -0.09178158
v 0.02695265 -0.01642635 -0.09020089
v 0.02703306 -0.01654404 -0.09070697
v 0.02688551 -0.01620790 -0.08977851
v 0.02690071 -0.01627979 -0.08987417
v 0.02691734 -0.01633772 -0.08997879
v 0.02688551 -0.01620790 -0.08977851
v 0.02687184 -0.01627632 -0.08971929
v 0.02691734 -0.01633772 -0.08997879
v 0.02688551 -0.01620790 -0.08977851
v 0.02685084 -0.01634209 -0.08966363
v 0.02682234 -0.01640682 -0.08961010
v 0.02675929 -0.01695516 -0.09005850
v 0.02672062 -0.01724818 -0.09064315
v 0.02662910 -0.01753182 -0.09186709
v 0.02657957 -0.01757376 -0.09248376
v 0.02657957 -0.01757376 -0.09248376
v 0.02729066 -0.01661357 -0.09232751
v 0.02742311 -0.01681609 -0.09346302
v 0.02733833 -0.01701602 -0.09350338
v 0.02718174 -0.01722272 -0.09355606
v 0.02697590 -0.01737972 -0.09360990
v 0.01266933 0.00631375 -0.27078132
v 0.00430806 0.00727977 -0.27796281
v 0.01338918 0.00713365 -0.27687660
v 0.02813939 0.00673424 -0.27390730
v 0.04288942 0.00633385 -0.27093080
v 0.02320180 0.00374405 -0.25167791
v 0.01908266 0.00511225 -0.26184922
v 0.05444863 0.00616786 -0.26969682
v 0.05270034 0.00468828 -0.25869740
v 0.05095208 0.00320870 -0.24769801
v 0.04920378 0.00172911 -0.23669860
v 0.02480996 0.00228581 -0.24083721
v 0.04745549 0.00024953 -0.22569910
v 0.02382476 0.00081813 -0.22992620
v 0.04570720 -0.00123006 -0.21469971
v 0.04395891 -0.00270964 -0.20370031
v 0.02131069 -0.00077878 -0.21805460
v 0.04221062 -0.00418922 -0.19270090
v 0.04046236 -0.00566881 -0.18170151
v 0.01628258 -0.00397258 -0.19431150
v 0.03871407 -0.00714839 -0.17070211
v 0.01376850 -0.00556949 -0.18243990
v 0.01879665 -0.00237567 -0.20618301
v 0.03696577 -0.00862798 -0.15970270
v 0.01125443 -0.00716638 -0.17056831
v 0.03346919 -0.01158714 -0.13770391
v 0.03172090 -0.01306673 -0.12670450
v 0.00371226 -0.01195709 -0.13495360
v 0.02997264 -0.01454631 -0.11570510
v 0.00119819 -0.01355399 -0.12308211
v 0.02822435 -0.01602589 -0.10470571
v -0.00131588 -0.01515089 -0.11121051
v 0.02647605 -0.01750548 -0.09370626
v -0.00382995 -0.01674779 -0.09933896
v 0.02139640 -0.01898215 -0.08272848
v 0.01616267 -0.02045912 -0.07174847
v -0.00634402 -0.01834470 -0.08746740
v 0.01054774 -0.02191098 -0.06095516
v -0.00885809 -0.01994161 -0.07559582
v 0.00455817 -0.02333595 -0.05036175
v -0.01137215 -0.02153850 -0.06372426
v -0.00179910 -0.02473230 -0.03998113
v -0.01388620 -0.02313541 -0.05185268
v -0.01640027 -0.02473230 -0.03998113
v 0.02673506 -0.01747624 -0.09366117
v 0.02647605 -0.01750548 -0.09370626
v 0.02673506 -0.01747624 -0.09366117
v 0.02697590 -0.01737972 -0.09360990
v 0.02647605 -0.01750548 -0.09370626
v 0.02181636 -0.01895410 -0.08253344
v 0.02647605 -0.01750548 -0.09370626
v 0.02139640 -0.01898215 -0.08272848
v -0.00278866 -0.02472824 -0.03789474
v -0.00179910 -0.02473230 -0.03998113
v -0.00140615 -0.02471112 -0.03972808
v -0.01661585 -0.02470194 -0.04002270
v -0.01640027 -0.02473230 -0.03998113
v -0.01388620 -0.02313541 -0.05185268
v -0.01688181 -0.02459058 -0.04006405
v 0.02357583 0.00085770 -0.22997350
v 0.02382476 0.00081813 -0.22992620
v 0.02361013 0.00084827 -0.22996761
v 0.02340633 0.00092497 -0.23000041
v 0.02322359 0.00104398 -0.23002311
v 0.02223696 0.00473512 -0.25128181
v 0.01820681 0.00610332 -0.26123332
v 0.02382888 0.00309894 -0.23938091
v 0.02152202 0.01948801 -0.25364932
v 0.02375805 0.01956567 -0.24191252
v 0.01629357 0.01941690 -0.26439320
v 0.00843645 0.01935732 -0.27339570
v -0.00292897 0.01930899 -0.28069911
v -0.01280598 0.02032721 -0.28396760
v -0.01280979 0.02024777 -0.28394752
v -0.01283094 0.01928825 -0.28383263
v -0.02757032 0.01926143 -0.28849712
v -0.01283094 0.01928825 -0.28383263
v -0.00178080 0.00824120 -0.28020292
v -0.00178462 0.00827640 -0.28019502
v -0.00179560 0.00850000 -0.28017222
v -0.00173747 0.00800002 -0.28029292
v 0.00375145 0.00827085 -0.27699882
v 0.01193206 0.00730483 -0.26997242
v 0.00375145 0.00827085 -0.27699882
v 0.00393865 0.00745308 -0.27738823
v -0.00166847 0.00779289 -0.28043611
v -0.00157856 0.00763397 -0.28062272
v -0.06465327 0.00750000 -0.33487023
v -0.06413743 0.00750000 -0.33281432
v -0.05950511 0.00750000 -0.32053652
v -0.05122642 0.00750000 -0.30775301
v -0.06639998 0.00750000 -0.35000002
v -0.06413740 0.00750000 -0.36718594
v -0.06413872 0.00750000 -0.36718093
v -0.06139078 0.00750000 -0.37530083
v -0.06138888 0.00750000 -0.37530541
v -0.05750635 0.00750000 -0.38319613
v -0.05750400 0.00750000 -0.38320013
v 0.06640003 -0.06720000 -0.35000001
v 0.06138894 -0.06720000 -0.32469471
v 0.06585694 -0.06720000 -0.34152482
v 0.06413745 -0.06720000 -0.33281422
v 0.05750406 -0.06720000 -0.31680000
v 0.05270141 -0.06720000 -0.30960801
v 0.04695193 -0.06720000 -0.30304811
v 0.04039215 -0.06720000 -0.29729863
v 0.03320013 -0.06720000 -0.29249601
v 0.00847521 -0.06720000 -0.28414320
v 0.02530539 -0.06720000 -0.28861113
v 0.01718584 -0.06720000 -0.28586271
v 0.00000002 -0.06720000 -0.28360002
v -0.00847517 -0.06720000 -0.28414320
v -0.01718580 -0.06720000 -0.28586272
v -0.03320008 -0.06720000 -0.29249602
v -0.05270136 -0.06720000 -0.30960802
v -0.04039210 -0.06720000 -0.29729863
v -0.04695188 -0.06720000 -0.30304811
v -0.05750400 -0.06720000 -0.31680001
v -0.06585689 -0.06720000 -0.34152483
v -0.06138888 -0.06720000 -0.32469472
v -0.06413740 -0.06720000 -0.33281423
v -0.06639998 -0.06720000 -0.35000002
v -0.06138888 -0.06720000 -0.37530541
v -0.06585688 -0.06720000 -0.35847533
v -0.06413739 -0.06720000 -0.36718594
v -0.05750400 -0.06720000 -0.38320013
v -0.05270135 -0.06720000 -0.39039211
v -0.04695187 -0.06720000 -0.39695193
v -0.03320007 -0.06720000 -0.40750411
v -0.00847516 -0.06720000 -0.41585692
v -0.02530533 -0.06720000 -0.41138903
v -0.01718579 -0.06720000 -0.41413741
v 0.00000003 -0.06720000 -0.41640011
v 0.00847522 -0.06720000 -0.41585692
v 0.01718585 -0.06720000 -0.41413741
v 0.02530540 -0.06720000 -0.41138903
v 0.03320014 -0.06720000 -0.40750411
v 0.05270142 -0.06720000 -0.39039210
v 0.04039216 -0.06720000 -0.40270152
v 0.04695194 -0.06720000 -0.39695192
v 0.05750406 -0.06720000 -0.38320012
v 0.06138894 -0.06720000 -0.37530540
v 0.06413745 -0.06720000 -0.36718593
v -0.02530543 0.00750000 -0.28861122
v -0.03320002 0.00750000 -0.29249602
v 0.05962438 0.00750000 -0.30212681
v 0.05764023 0.00750000 -0.28964341
v 0.02813936 0.00750000 -0.28534401
v 0.03319997 0.00750000 -0.29249601
v 0.01338927 0.00750000 -0.28234813
v 0.01718560 0.00750000 -0.28586262
v -0.00136152 0.00750000 -0.28107310
v -0.01264057 0.00750000 -0.28481432
v -0.00847486 0.00750000 -0.28414311
v 0.00000014 0.00750000 -0.28360002
v 0.02530526 0.00750000 -0.28861113
v 0.00847500 0.00750000 -0.28414311
v 0.06160855 0.00750000 -0.31461021
v 0.05270151 0.00750000 -0.30960801
v 0.06413748 0.00750000 -0.33281431
v 0.06557688 0.00750000 -0.33957701
v 0.06359271 0.00750000 -0.32709361
v 0.06138894 0.00750000 -0.32469471
v 0.05750412 0.00750000 -0.31680000
v 0.06585697 0.00750000 -0.34152522
v 0.06640003 0.00750000 -0.35000001
v 0.06413739 0.00750000 -0.36718611
v 0.06138867 0.00750000 -0.37530610
v 0.05750360 0.00750000 -0.38320100
v 0.05750406 0.00750000 -0.38320012
v 0.02530539 0.00750000 -0.41138903
v 0.03320013 0.00750000 -0.40750411
v 0.04039215 0.00750000 -0.40270152
v 0.04039084 0.00750000 -0.40270241
v 0.03319852 0.00750000 -0.40750502
v 0.04695093 0.00750000 -0.39695293
v 0.04765802 0.00850000 -0.39766011
v 0.05349438 0.00850000 -0.39100142
v 0.05836960 0.00850000 -0.38370100
v 0.04765906 0.01863731 -0.39765901
v 0.05349518 0.01867532 -0.39100023
v 0.05837015 0.01871704 -0.38370003
v 0.05477249 0.01868515 -0.38927772
v 0.04922037 0.01864655 -0.39604460
v 0.05940094 0.01872771 -0.38184813
v 0.06231357 0.01876328 -0.37568641
v 0.06302725 0.01877365 -0.37388173
v 0.06559067 0.01882150 -0.36551222
v 0.06208679 0.02141821 -0.37354143
v 0.06461380 0.02146564 -0.36529731
v 0.05851291 0.02137264 -0.38138801
v 0.05395227 0.02132971 -0.38870561
v 0.04848208 0.02129187 -0.39537001
v 0.04219446 0.02125647 -0.40126982
v -0.01658112 0.02480098 -0.03900002
v -0.00226300 0.02480098 -0.03900002
v -0.01402243 0.02472850 -0.05091985
v 0.00589197 0.02471954 -0.05239281
v 0.01343655 0.02463596 -0.06613877
v -0.01140375 0.02465610 -0.06282639
v 0.02035554 0.02455040 -0.08021002
v -0.00602072 0.02451149 -0.08660711
v -0.00873364 0.02458377 -0.07472149
v 0.02663484 0.02446303 -0.09457806
v -0.00327313 0.02443926 -0.09848681
v 0.02903566 0.02436987 -0.10989780
v -0.00049990 0.02436705 -0.11036050
v 0.03137562 0.02427666 -0.12522680
v 0.00229041 0.02429488 -0.12223021
v 0.03366337 0.02418340 -0.14056371
v 0.00508927 0.02422272 -0.13409780
v 0.00788813 0.02415054 -0.14596551
v 0.03590769 0.02409009 -0.15590760
v 0.01067848 0.02407837 -0.15783521
v 0.03811735 0.02399675 -0.17125760
v 0.01345170 0.02400617 -0.16970890
v 0.04030088 0.02390338 -0.18661130
v 0.01619929 0.02393393 -0.18158851
v 0.04246700 0.02381001 -0.20196741
v 0.01891222 0.02386165 -0.19347411
v 0.04462444 0.02371661 -0.21732500
v 0.02420098 0.02371692 -0.21727581
v 0.04678188 0.02362323 -0.23268281
v 0.02675966 0.02364444 -0.22919561
v 0.04894802 0.02352985 -0.24803921
v 0.02775179 0.02356560 -0.24216052
v 0.05113161 0.02343649 -0.26339332
v 0.02531823 0.02348793 -0.25493411
v 0.02158233 0.02378932 -0.20536930
v 0.05334114 0.02334316 -0.27874241
v 0.01962792 0.02341683 -0.26662712
v 0.05558544 0.02324985 -0.29408622
v 0.01107668 0.02335724 -0.27642491
v 0.05787329 0.02315659 -0.30942362
v 0.06467520 0.02300128 -0.33496400
v 0.06640003 0.02290985 -0.35000001
v 0.06585691 0.02285831 -0.35847541
v 0.06413745 0.02280534 -0.36718593
v 0.06138882 0.02275597 -0.37530571
v 0.05750406 0.02270796 -0.38320012
v 0.05270132 0.02266423 -0.39039232
v 0.04695190 0.02262434 -0.39695192
v 0.03319980 0.02256017 -0.40750432
v 0.02530511 0.02253655 -0.41138912
v 0.01718561 0.02251984 -0.41413753
v 0.00847501 0.02250938 -0.41585701
v 0.00000003 0.02250607 -0.41640011
v -0.00847495 0.02250938 -0.41585702
v -0.01718555 0.02251984 -0.41413753
v -0.02530505 0.02253655 -0.41138912
v -0.03319974 0.02256017 -0.40750432
v -0.05270126 0.02266423 -0.39039233
v -0.04039169 0.02258937 -0.40270183
v -0.04695184 0.02262434 -0.39695193
v -0.05750400 0.02270796 -0.38320013
v -0.06585686 0.02285831 -0.35847542
v -0.06138877 0.02275597 -0.37530572
v -0.06413740 0.02280534 -0.36718594
v -0.06639998 0.02290985 -0.35000002
v -0.06472438 0.02299999 -0.33517733
v -0.05978150 0.02308557 -0.32110152
v -0.05182084 0.02316229 -0.30848433
v -0.04124427 0.02322627 -0.29796291
v -0.02858567 0.02327428 -0.29006831
v -0.01448411 0.02330389 -0.28519902
v 0.03519543 0.02122858 -0.40630501
v 0.02760324 0.02120351 -0.41039070
v 0.01954556 0.02118686 -0.41345821
v 0.01115842 0.02117435 -0.41545571
v 0.00258307 0.02116962 -0.41634981
v -0.00603568 0.02117091 -0.41612523
v -0.01455286 0.02117825 -0.41478573
v -0.00612802 0.01852725 -0.41712063
v -0.01477548 0.01853481 -0.41576052
v 0.00262259 0.01852585 -0.41734893
v -0.00860257 0.01852878 -0.41684862
v -0.00000006 0.01852562 -0.41740011
v 0.00860260 0.01852849 -0.41684862
v 0.01132913 0.01853069 -0.41644103
v 0.01744440 0.01853796 -0.41510332
v 0.00860025 0.00850000 -0.41684911
v 0.01744238 0.00850000 -0.41510402
v 0.02568451 0.00850000 -0.41231432
v 0.02568643 0.01855348 -0.41231352
v 0.03369848 0.00850000 -0.40837111
v 0.03370001 0.01857591 -0.40837023
v 0.02802509 0.01855920 -0.41129732
v 0.01984442 0.01854178 -0.41441222
v 0.03573297 0.01858293 -0.40714821
v 0.04283783 0.01861227 -0.40203532
v 0.04100043 0.01860391 -0.40349501
v 0.04099911 0.00850000 -0.40349611
v 0.02530344 0.00750000 -0.41138982
v 0.01718359 0.00750000 -0.41413802
v 0.01718585 0.00750000 -0.41413741
v 0.00847522 0.00750000 -0.41585692
v 0.00847263 0.00750000 -0.41585732
v 0.00000003 0.00750000 -0.41640011
v -0.00000278 0.00750000 -0.41640011
v -0.00847516 0.00750000 -0.41585692
v -0.00847818 0.00750000 -0.41585653
v -0.01718579 0.00750000 -0.41413741
v -0.04039209 0.00750000 -0.40270153
v -0.03320007 0.00750000 -0.40750411
v -0.02530533 0.00750000 -0.41138903
v -0.01718897 0.00750000 -0.41413662
v -0.02530859 0.00750000 -0.41138763
v -0.03320334 0.00750000 -0.40750222
v -0.01744785 0.00850000 -0.41510253
v -0.00860587 0.00850000 -0.41684841
v -0.00000284 0.00850000 -0.41740011
v -0.01744434 0.01853845 -0.41510332
v -0.02568634 0.01855393 -0.41231353
v -0.02568976 0.00850000 -0.41231212
v -0.03369989 0.01857602 -0.40837002
v -0.02317346 0.01854849 -0.41329091
v -0.03118060 0.01856822 -0.40975362
v -0.03866183 0.01859398 -0.40520891
v -0.04549084 0.01862486 -0.39973272
v -0.03808060 0.02123970 -0.40439513
v -0.03071152 0.02121233 -0.40887081
v -0.04480792 0.02126965 -0.39900222
v -0.05077969 0.02130693 -0.39278292
v -0.05589526 0.02134633 -0.38584243
v -0.05155225 0.01866011 -0.39341772
v -0.05674448 0.01869992 -0.38637063
v -0.06097925 0.01874445 -0.37871014
v -0.05836994 0.01871526 -0.38369991
v -0.05349487 0.01867368 -0.39100042
v -0.06231346 0.01876251 -0.37568642
v -0.06418580 0.01879326 -0.37056551
v -0.06510338 0.01881160 -0.36744442
v -0.06630964 0.01884261 -0.36207433
v -0.06731489 0.01889163 -0.35337932
v -0.06739998 0.00850000 -0.35000002
v -0.06739954 0.01891029 -0.35000002
v -0.06592280 0.01899004 -0.33596651
v -0.06618999 0.02158481 -0.34472341
v -0.06631578 0.02153594 -0.35334322
v -0.06261070 0.02168254 -0.32788991
v -0.06472447 0.02164153 -0.33517763
v -0.06639998 0.02290985 -0.35000002
v -0.06639998 0.02155463 -0.35000002
v -0.05978160 0.02172286 -0.32110161
v -0.05921726 0.02172974 -0.31996212
v -0.05921726 0.02172974 -0.31996212
v -0.05182087 0.02179527 -0.30848433
v -0.04950791 0.02181178 -0.30575161
v -0.04335584 0.02184686 -0.29970861
v -0.04124418 0.02185646 -0.29796282
v -0.04400071 0.01920178 -0.29894432
v -0.05199851 0.00850000 -0.30711751
v -0.04085941 0.00850000 -0.29639720
v -0.04400071 0.01920178 -0.29894432
v -0.05564323 0.01912701 -0.31196593
v -0.06040183 0.00850000 -0.32009401
v -0.05564323 0.01912701 -0.31196593
v -0.06354850 0.01903807 -0.32754241
v -0.06592280 0.01899004 -0.33596651
v -0.06739954 0.01891029 -0.35000002
v -0.06562697 0.00850000 -0.33464232
v -0.06739998 0.00850000 -0.35000002
v -0.06684940 0.00850000 -0.35859743
v -0.06510466 0.00850000 -0.36743963
v -0.05349783 0.00850000 -0.39099691
v -0.04766199 0.00850000 -0.39765603
v -0.05837241 0.00850000 -0.38369604
v -0.04765890 0.01863643 -0.39765911
v -0.04100363 0.00850000 -0.40349273
v -0.04100034 0.01860373 -0.40349523
v -0.03370337 0.00850000 -0.40836822
v -0.04039526 0.00750000 -0.40269903
v -0.04695483 0.00750000 -0.39694903
v -0.04695187 0.00750000 -0.39695193
v -0.05270136 0.00750000 -0.39039211
v -0.05270410 0.00750000 -0.39038863
v -0.06231534 0.00850000 -0.37568191
v -0.05199790 0.00850000 -0.30711672
v -0.06040128 0.00850000 -0.32009282
v -0.04085890 0.00850000 -0.29639681
v -0.02940309 0.01925653 -0.28935191
v -0.02940309 0.01925653 -0.28935191
v -0.01274519 0.02115369 -0.28428621
v -0.01273045 0.02129504 -0.28436302
v -0.01264356 0.02193399 -0.28481493
v -0.01283094 0.01928825 -0.28383263
v -0.01264356 0.02193399 -0.28481493
v 0.02284646 0.01964452 -0.23000001
v -0.01993454 0.01772850 -0.02798562
v -0.01848096 0.02223358 -0.03484954
v -0.01486450 -0.02214433 -0.05192657
v -0.01820270 0.02309485 -0.03616347
v -0.01788995 0.02362672 -0.03764025
v -0.01848096 -0.02223358 -0.03484954
v -0.01737857 -0.02374123 -0.04005498
v -0.01767358 -0.02378261 -0.03866198
v -0.01755942 0.02380101 -0.03920113
v -0.01503369 0.02369482 -0.05112774
v -0.01250815 0.02352721 -0.06305340
v -0.01235045 -0.02054743 -0.06379812
v -0.00998281 0.02330693 -0.07497828
v -0.00983639 -0.01895053 -0.07566970
v -0.00745761 0.02304277 -0.08690249
v -0.00732232 -0.01735362 -0.08754126
v -0.00493215 0.02274347 -0.09882782
v -0.00480825 -0.01575671 -0.09941282
v -0.00240682 0.02241786 -0.11075251
v -0.00229418 -0.01415982 -0.11128441
v 0.00011836 0.02207469 -0.12267660
v 0.00021989 -0.01256291 -0.12315590
v 0.00264353 0.02172276 -0.13460061
v 0.00273393 -0.01096602 -0.13502750
v 0.00516868 0.02137082 -0.14652451
v 0.00524800 -0.00936911 -0.14689910
v -0.01993454 -0.01772852 -0.02798562
v 0.00769389 0.02102766 -0.15844871
v 0.00776207 -0.00777222 -0.15877061
v -0.02156159 0.01494218 -0.02030264
v -0.02475107 -0.00000000 -0.00524160
v -0.02475107 0.01400000 -0.00524160
v -0.02327597 0.01400000 -0.01220721
v -0.02327597 -0.01400000 -0.01220721
v -0.02475107 -0.01400000 -0.00524160
v -0.02156159 -0.01494218 -0.02030264
v -0.01796353 -0.02353606 -0.03729278
v -0.01823654 -0.02301242 -0.03600368
v 0.01274464 0.02040274 -0.18229871
v 0.01526985 0.02013860 -0.19422291
v 0.01530428 -0.00298151 -0.19438531
v 0.01779522 0.01991831 -0.20614771
v 0.01781835 -0.00138460 -0.20625691
v 0.02032073 0.01975069 -0.21807340
v 0.02033239 0.00021230 -0.21812841
v 0.02284646 0.01964452 -0.23000001
v 0.02284646 0.01072685 -0.23000001
v 0.02284646 0.00180921 -0.23000001
v 0.01107668 0.02335724 -0.27642491
v -0.01448381 0.02193161 -0.28519902
v -0.01264356 0.02193399 -0.28481493
v -0.00954960 0.02212946 -0.28429033
v -0.00523371 0.02277269 -0.28380662
v 0.00034902 0.02331361 -0.28360090
v -0.02858558 0.02190321 -0.29006822
v -0.02897230 0.02190221 -0.29025423
v -0.01742792 0.02430063 -0.03917632
v -0.01727243 0.02450766 -0.03914465
v -0.01734519 0.02442450 -0.03915954
v -0.01746155 0.02423583 -0.03918304
v -0.01719107 0.02458202 -0.03912786
v -0.01706989 0.02466660 -0.03910271
v -0.01700650 0.02470096 -0.03908950
v -0.01683411 0.02476665 -0.03905340
v -0.01773926 0.02300232 -0.03404818
v -0.01750266 0.02300000 -0.03400002
v -0.01691165 0.02460072 -0.03720656
v -0.01691724 0.02459363 -0.03717629
v -0.00391577 0.02400909 -0.03554745
v -0.01750266 0.02300000 -0.03400002
v -0.01895624 0.01862273 -0.02733080
v -0.01895624 0.01862273 -0.02733080
v -0.02058328 0.01591545 -0.01986581
v -0.01776306 0.01500000 -0.01200002
v -0.01200949 0.01500000 0.03990253
v -0.00545975 0.01500000 0.03990253
v -0.00517862 0.01500000 0.03776725
v -0.01463110 0.01500000 0.03225492
v -0.00435443 0.01500000 0.03577753
v -0.01880899 0.01500000 0.02006742
v -0.00419281 0.01500000 0.01564799
v -0.02298688 0.01500000 0.00787992
v -0.01402957 0.01500000 0.00810001
v -0.02377277 0.01500000 -0.00503442
v -0.02428977 0.01500000 -0.00070571
v -0.01776306 0.01500000 -0.01200002
v -0.02229767 0.01500000 -0.01200002
v -0.01132065 0.01500000 -0.01913888
v -0.01421313 0.01500000 -0.01621151
v -0.00809995 0.01500000 -0.01402969
v -0.01145514 0.01500000 -0.01145516
v -0.01564804 0.01500000 -0.00419277
v -0.01402966 0.01500000 -0.00809997
v -0.00304337 0.01500000 0.03406892
v -0.00133475 0.01500000 0.03275785
v 0.02203968 0.01500000 -0.06566137
v 0.02413404 0.01500000 -0.07883808
v 0.02242839 0.01500000 -0.07520733
v 0.01994531 0.01500000 -0.05248467
v 0.01552528 0.01500000 -0.06150323
v 0.01785095 0.01500000 -0.03930797
v 0.00803299 0.01500000 -0.04811303
v 0.01624695 0.01500000 -0.02663711
v -0.00003494 0.01500000 -0.03506097
v 0.01402988 0.01500000 -0.00809957
v 0.01536966 0.01500000 -0.00511993
v 0.01544900 0.01500000 -0.01389025
v 0.00810034 0.01500000 -0.01402944
v 0.00419318 0.01500000 -0.01564794
v -0.00866287 0.01500000 -0.02237228
v 0.00000031 0.01500000 -0.01620004
v 0.01145544 0.01500000 -0.01145483
v -0.00419275 0.01500000 -0.01564806
v -0.01145508 0.01500000 0.01145515
v 0.00065497 0.01500000 0.03193366
v -0.00809995 0.01500000 0.01402961
v 0.00279025 0.01500000 0.03165254
v 0.00000015 0.01500000 0.01619999
v 0.01075912 0.01500000 0.03776725
v 0.01104025 0.01500000 0.03990253
v 0.01679770 0.01500000 0.03990253
v 0.01645062 0.01500000 0.02925633
v 0.00993496 0.01500000 0.03577753
v 0.01595547 0.01500000 0.01406895
v 0.00810013 0.01500000 0.01402952
v 0.01563507 0.01500000 0.00424085
v 0.01402969 0.01500000 0.00809980
v 0.01145526 0.01500000 0.01145499
v 0.00862390 0.01500000 0.03406892
v 0.00691528 0.01500000 0.03275785
v 0.00419299 0.01500000 0.01564793
v 0.00492553 0.01500000 0.03193366
v -0.02255087 0.01496593 -0.01205364
v -0.02272339 0.01490034 -0.01209017
v -0.02278680 0.01486603 -0.01210360
v -0.02290808 0.01478146 -0.01212930
v -0.02298941 0.01470711 -0.01214651
v -0.02306220 0.01462390 -0.01216192
v -0.02314490 0.01450000 -0.01217944
v -0.02317850 0.01443509 -0.01218658
v -0.02324262 0.01425882 -0.01220013
v -0.02327597 0.01400000 -0.01220721
v -0.02325113 0.01422380 -0.01220196
v -0.01848096 0.02223358 -0.03484954
v -0.01755942 0.02380101 -0.03920113
v -0.01755942 0.02380101 -0.03920113
v -0.02393283 0.01400000 0.00820417
v -0.02377277 0.01500000 -0.00503442
v -0.01045322 0.01500000 0.04444242
v 0.01075912 0.01500000 0.04203785
v 0.01694574 0.01500000 0.04444370
v 0.00993493 0.01500000 0.04402756
v 0.01671515 0.01500000 0.04678188
v 0.01451846 0.01500000 0.05089017
v 0.01588724 0.01500000 0.04898063
v 0.00862390 0.01500000 0.04573618
v 0.01056195 0.01500000 0.05334977
v 0.01270212 0.01500000 0.05238041
v 0.00691522 0.01500000 0.04704725
v 0.00324642 0.01500000 0.05389512
v 0.00824377 0.01500000 0.05373218
v 0.00492550 0.01500000 0.04787144
v 0.00279025 0.01500000 0.05390253
v -0.00669443 0.01500000 0.05020014
v -0.00387522 0.01500000 0.05221397
v -0.00133484 0.01500000 0.04704719
v -0.00304337 0.01500000 0.04573618
v -0.01045322 0.01500000 0.04444242
v -0.00893281 0.01500000 0.04755564
v -0.00435450 0.01500000 0.04402747
v -0.00517865 0.01500000 0.04203773
v -0.00089335 0.01400000 0.05444321
v 0.00279025 0.01400000 0.05490253
v 0.00279025 0.01400000 0.05490253
v 0.00327902 0.01400000 0.05489457
v 0.01323007 0.01400000 0.05322968
v 0.01524826 0.01400000 0.05157386
v 0.01676910 0.01400000 0.04945213
v 0.01666467 0.01400000 0.04964243
v 0.01513599 0.01400000 0.05169178
v 0.01313760 0.01400000 0.05328647
v 0.01524826 0.00700000 0.05157386
v 0.01323007 0.00700000 0.05322968
v 0.01676910 0.00700000 0.04945213
v 0.01762375 0.00700000 0.04727245
v 0.01762375 0.01400000 0.04727245
v 0.01768900 0.00700000 0.04700907
v -0.01253806 0.00650000 0.03990253
v -0.00220975 0.00650000 0.03990253
v -0.01092618 0.00650000 0.04460456
v -0.00203940 0.00650000 0.04119657
v -0.00153989 0.00650000 0.04240250
v -0.00929956 0.00650000 0.04790793
v -0.00386261 0.00650000 0.05278623
v -0.00689332 0.00650000 0.05069504
v 0.00029019 0.00650000 0.04423264
v -0.00074527 0.00650000 0.04343809
v 0.00149609 0.00650000 0.04473215
v 0.00326272 0.00650000 0.05439484
v -0.00040293 0.00650000 0.05404658
v 0.00279025 0.00650000 0.04490253
v 0.01070703 0.00650000 0.05382825
v 0.01488336 0.00650000 0.05123203
v 0.01296609 0.00650000 0.05280506
v 0.00632580 0.00650000 0.04343809
v 0.01720206 0.00650000 0.04689545
v 0.01632816 0.00650000 0.04921638
v 0.00712036 0.00650000 0.04240256
v 0.01729797 0.00650000 0.03990253
v 0.01744550 0.00650000 0.04442741
v 0.00761987 0.00650000 0.04119666
v 0.00779025 0.00650000 0.03990253
v 0.01795053 0.00700000 0.04473694
v 0.01795053 0.01400000 0.04473694
v 0.01768900 0.01400000 0.04700907
v 0.01794522 0.01400000 0.04441111
v 0.01794522 0.01400000 0.04441111
v 0.01645981 0.00700000 -0.00115099
v 0.01645981 0.01400000 -0.00115099
v 0.01645981 0.01400000 -0.00115099
v 0.01644852 0.00678653 -0.01385946
v 0.01644321 0.00680411 -0.01368447
v 0.01645981 0.00700000 -0.00115099
v 0.01883856 0.01400000 -0.03915099
v 0.01883856 0.01400000 -0.03915099
v 0.02512162 0.01400000 -0.07868109
v 0.02595085 0.01434755 -0.08389810
v 0.02498933 0.01450000 -0.07870211
v 0.02498933 0.01450000 -0.07870211
v 0.02483232 0.01470717 -0.07872708
v 0.02462785 0.01486603 -0.07875958
v 0.02462785 0.01486603 -0.07875958
v 0.02438966 0.01496593 -0.07879742
v 0.02438966 0.01496593 -0.07879742
v 0.02413404 0.01500000 -0.07883808
v 0.02413404 0.01500000 -0.07883808
v 0.02497493 0.01510168 -0.08219317
v 0.02482350 0.01506813 -0.08158599
v -0.00981476 0.01558577 -0.02319274
v -0.01011832 0.01610172 -0.02340896
v -0.01030005 0.01634456 -0.02340862
v -0.01011832 0.01610172 -0.02340896
v -0.01238284 0.01556596 -0.02004342
v -0.01011832 0.01610172 -0.02340896
v -0.01442844 0.01502447 -0.01643725
v -0.00908444 0.01506813 -0.02267257
v -0.00866287 0.01500000 -0.02237228
v -0.01442844 0.01502447 -0.01643725
v -0.01776306 0.01500000 -0.01200002
v -0.01513153 0.01533556 -0.01702017
v -0.01523471 0.01536316 -0.01707806
v -0.01776306 0.01500000 -0.01200002
v -0.01340823 0.01606946 -0.02049203
v -0.01348218 0.01603801 -0.02036819
v -0.01544467 0.01539693 -0.01719930
v -0.01091324 0.01684996 -0.02352230
v -0.01123584 0.01699612 -0.02362588
v -0.01061420 0.01664862 -0.02345037
v -0.01075986 0.01675559 -0.02348217
v -0.01051697 0.01656647 -0.02343310
v -0.01034656 0.01639732 -0.02341198
v -0.00756610 0.01700000 -0.02741482
v -0.00773584 0.01747517 -0.02728838
v -0.00773584 0.01747517 -0.02728838
v -0.00756610 0.01700000 -0.02741482
v -0.00299621 0.02146715 -0.03418514
v 0.00033493 0.02279234 -0.03934423
v -0.00142068 0.02265880 -0.03660055
v -0.00224084 0.02221465 -0.03533779
v -0.00299621 0.02146715 -0.03418514
v -0.00756610 0.01700000 -0.02741482
v -0.00171289 0.01700000 -0.03614928
v 0.01464487 0.02264255 -0.06411975
v 0.00774268 0.02271834 -0.05158599
v 0.01521103 0.02263600 -0.06520397
v -0.00063479 0.02331970 -0.03794869
v -0.00063330 0.02331291 -0.03794768
v -0.00057858 0.02280103 -0.03790957
v -0.00080243 0.02380289 -0.03805892
v -0.00063330 0.02331291 -0.03794768
v -0.00080005 0.02379800 -0.03805739
v -0.00107004 0.02421758 -0.03823278
v -0.00226300 0.02480098 -0.03900002
v -0.00313208 0.02459358 -0.03717632
v -0.00394122 0.02398297 -0.03549477
v -0.00921066 0.01877931 -0.02763970
v -0.00836023 0.01830249 -0.02729589
v -0.00800668 0.01791997 -0.02724755
v -0.00836188 0.01830396 -0.02729629
v -0.00877460 0.01859740 -0.02743130
v -0.01102252 0.01690701 -0.02355462
v -0.00921066 0.01877931 -0.02763970
v -0.01157379 0.01708186 -0.02375900
v -0.01340823 0.01606946 -0.02049203
v -0.01157379 0.01708186 -0.02375900
v -0.00299621 0.02146715 -0.03418514
v -0.00310031 0.02460899 -0.03724267
v -0.00228525 0.02480113 -0.03895315
v 0.00589197 0.02471954 -0.05239281
v 0.02681196 0.02389545 -0.09131042
v 0.02669841 0.02440201 -0.09337185
v 0.02663484 0.02446303 -0.09457806
v 0.02689061 0.02442915 -0.09453720
v 0.02749046 0.02396332 -0.09443902
v 0.02758900 0.02372202 -0.09442190
v 0.02760566 0.02364749 -0.09441880
v 0.02760566 0.02364749 -0.09441880
v 0.02755116 0.02383699 -0.09442861
v 0.02679136 0.02403760 -0.09167663
v 0.02717866 0.02429829 -0.09449063
v 0.02712892 0.02432938 -0.09449871
v 0.02733366 0.02417032 -0.09446520
v 0.02685310 0.02348459 -0.09058737
v 0.02687901 0.02300388 -0.09013446
v 0.02690992 0.02248621 -0.09003713
v 0.02688749 0.02248621 -0.08997943
v 0.02690986 0.01700000 -0.09003695
v 0.02688749 0.01700000 -0.08997943
v 0.02692817 0.02248621 -0.09009420
v 0.02695457 0.01700000 -0.09021310
v 0.02695457 0.02248621 -0.09021310
v 0.02103004 0.02256514 -0.07692468
v 0.02103001 0.01700000 -0.07692459
v 0.02216969 0.02255043 -0.07935592
v 0.02688749 0.02248621 -0.08997943
v 0.02688707 0.02261986 -0.08998989
v 0.02682112 0.01657286 -0.08970536
v 0.02685478 0.01669952 -0.08984429
v 0.02686824 0.01676912 -0.08989984
v 0.02687861 0.01684314 -0.08994268
v 0.02688520 0.01692059 -0.08996987
v 0.02650419 0.01599994 -0.08840078
v 0.02682112 0.01657286 -0.08970536
v 0.02659568 0.01612131 -0.08877674
v 0.02620497 0.01570145 -0.08717498
v 0.02695457 0.01700000 -0.09021310
v 0.02694300 0.02248621 -0.09015240
v 0.02695457 0.02248621 -0.09021310
v 0.02580085 0.01542470 -0.08552828
v 0.06413034 0.01909714 -0.32410572
v 0.06656446 0.01897029 -0.33942002
v 0.06656446 0.01897029 -0.33942002
v 0.06656446 0.01897029 -0.33942002
v 0.06656446 0.00850000 -0.33942002
v 0.06704779 0.01887056 -0.35688182
v 0.06605139 0.02151590 -0.35679561
v 0.06637519 0.02156480 -0.34817970
v 0.06467520 0.02182367 -0.33496400
v 0.06637519 0.02156480 -0.34817970
v 0.06640003 0.02155418 -0.35000001
v 0.06557935 0.02161600 -0.33959272
v 0.06603647 0.02097136 -0.33951622
v 0.06557935 0.02161600 -0.33959272
v 0.06467520 0.02182367 -0.33496400
v 0.06465783 0.02182964 -0.33488960
v 0.05959033 0.02308797 -0.32070912
v 0.06115774 0.02293207 -0.32414082
v 0.06684879 0.01886078 -0.35860270
v 0.06739942 0.01890978 -0.35000001
v 0.06510346 0.01881050 -0.36744450
v 0.06656446 0.00850000 -0.33942002
v 0.04288951 0.00750000 -0.28834751
v 0.05764023 0.00750000 -0.28964341
v 0.05470754 0.00619707 -0.26965171
v 0.05444863 0.00616786 -0.26969682
v -0.00147386 0.00753407 -0.28083992
v 0.00417544 0.00728180 -0.27776460
v -0.00145860 0.00752531 -0.28087163
v 0.00430806 0.00727977 -0.27796281
v 0.00405019 0.00734023 -0.27756981
v 0.00404979 0.00734052 -0.27756910
v 0.00393889 0.00745276 -0.27738850
v -0.02716117 0.00750000 -0.28940932
v -0.02530543 0.00750000 -0.28861122
v -0.01264057 0.00750000 -0.28481432
v -0.04025266 0.00750000 -0.29719213
v -0.04695191 0.00750000 -0.30304821
v 0.05862784 0.00850000 -0.28948640
v 0.06231320 0.00850000 -0.37568721
v -0.01658975 0.02480113 -0.03895315
v -0.01679996 0.02477536 -0.03904623
v 0.01785095 0.01500000 -0.03930797
v 0.01785095 0.01500000 -0.03930797
v 0.01546033 0.01500000 -0.00111843
v 0.01402969 0.01500000 0.00809980
v 0.01563507 0.01500000 0.00424085
v 0.01536966 0.01500000 -0.00511993
v 0.01564816 0.01500000 -0.00419228
v 0.01620001 0.01500000 -0.00000002
v -0.00000000 0.01550000 0.00839997
v 0.00000006 0.01550000 0.01569999
v 0.00406366 0.01550000 0.01516495
v 0.00785016 0.01550000 0.01359647
v 0.00217419 0.01550000 0.00811372
v 0.01110168 0.01550000 0.01110142
v 0.00420007 0.01550000 0.00727454
v 0.01359668 0.01550000 0.00784983
v 0.00593970 0.01550000 0.00593967
v 0.01516507 0.01550000 0.00406330
v 0.00727466 0.01550000 0.00419990
v 0.01570001 0.01550000 -0.00000002
v 0.00811380 0.01550000 0.00217399
v 0.01359683 0.01550000 -0.00784960
v 0.00727460 0.01550000 -0.00420003
v 0.01110190 0.01550000 -0.01110128
v 0.00593970 0.01550000 -0.00593972
v 0.00785034 0.01550000 -0.01359643
v 0.00420001 0.01550000 -0.00727462
v 0.00406381 0.01550000 -0.01516497
v 0.00217410 0.01550000 -0.00811379
v 0.00000012 0.01550000 -0.01570003
v -0.00000000 0.01550000 -0.00840002
v -0.00406338 0.01550000 -0.01516509
v -0.00784998 0.01550000 -0.01359664
v -0.00217410 0.01550000 -0.00811379
v -0.01110156 0.01550000 -0.01110159
v -0.00420001 0.01550000 -0.00727462
v -0.01359662 0.01550000 -0.00784997
v -0.00593970 0.01550000 -0.00593972
v -0.01516507 0.01550000 -0.00406338
v -0.00727460 0.01550000 -0.00420004
v -0.01570001 0.01550000 -0.00000002
v -0.00811377 0.01550000 -0.00217413
v -0.01359656 0.01550000 0.00785004
v -0.00727460 0.01550000 0.00420002
v -0.01110156 0.01550000 0.01110154
v -0.00593970 0.01550000 0.00593967
v -0.00784995 0.01550000 0.01359660
v -0.00419998 0.01550000 0.00727460
v -0.00406342 0.01550000 0.01516502
v -0.00217407 0.01550000 0.00811375
v -0.01620001 0.01500000 -0.00000002
v -0.01620001 0.01500000 -0.00000002
v 0.00760001 0.01650000 -0.00000002
v 0.00810001 0.01650000 -0.00000002
v 0.00734106 0.01650000 -0.00196697
v 0.00782400 0.01650000 -0.00209649
v 0.00701480 0.01650000 -0.00405004
v 0.00658185 0.01650000 -0.00379995
v 0.00572757 0.01650000 -0.00572759
v 0.00537402 0.01650000 -0.00537405
v 0.00405002 0.01650000 -0.00701482
v 0.00380008 0.01650000 -0.00658178
v -0.00000000 0.01650000 -0.00810003
v -0.00209647 0.01650000 -0.00782403
v -0.00196701 0.01650000 -0.00734106
v -0.00405002 0.01650000 -0.00701482
v -0.00379999 0.01650000 -0.00658184
v -0.00572757 0.01650000 -0.00572759
v -0.00537402 0.01650000 -0.00537405
v -0.00701480 0.01650000 -0.00405004
v -0.00658179 0.01650000 -0.00380004
v -0.00782401 0.01650000 -0.00209649
v -0.00810001 0.01650000 -0.00000002
v -0.00760001 0.01650000 -0.00000002
v -0.00734103 0.01650000 -0.00196709
v -0.00840000 0.01620000 -0.00000002
v -0.00840000 0.01620000 -0.00000002
v -0.00840000 0.01620000 -0.00000002
v -0.00840000 0.01620000 -0.00000002
v -0.00734104 0.01650000 0.00196702
v -0.00782401 0.01650000 0.00209644
v -0.00701480 0.01650000 0.00404999
v -0.00658179 0.01650000 0.00379999
v -0.00572757 0.01650000 0.00572755
v -0.00405002 0.01650000 0.00701478
v -0.00380002 0.01650000 0.00658176
v -0.00000000 0.01650000 0.00809998
v 0.00209646 0.01650000 0.00782398
v 0.00405002 0.01650000 0.00701478
v 0.00380002 0.01650000 0.00658176
v 0.00572757 0.01650000 0.00572755
v 0.00701480 0.01650000 0.00405000
v 0.00658179 0.01650000 0.00380000
v 0.00782400 0.01650000 0.00209644
v 0.00734103 0.01650000 0.00196702
v -0.00537402 0.01650000 0.00537400
v 0.00537402 0.01650000 0.00537400
v 0.00196704 0.01650000 0.00734101
v 0.00839999 0.01550000 -0.00000002
v 0.00839999 0.01620000 -0.00000002
v 0.00839999 0.01620000 -0.00000002
v 0.00839999 0.01550000 -0.00000002
v 0.00760001 0.01650000 -0.00000002
v 0.00760001 0.01650000 -0.00000002
v -0.00729999 0.01620000 -0.00000002
v -0.00760001 0.01650000 -0.00000002
v -0.00729999 0.00700000 -0.00000002
v -0.00729999 0.01620000 -0.00000002
v -0.00000000 0.00700000 0.00729997
v -0.00000000 0.00700000 0.00609998
v -0.00188940 0.00700000 0.00705122
v -0.00157886 0.00700000 0.00589210
v -0.00305005 0.00700000 0.00528269
v -0.00365002 0.00700000 0.00632197
v -0.00632199 0.00700000 0.00365000
v -0.00516187 0.00700000 0.00516184
v -0.00431335 0.00700000 0.00431333
v -0.00729999 0.00700000 -0.00000002
v -0.00610001 0.00700000 -0.00000002
v -0.00632196 0.00700000 -0.00365005
v -0.00705124 0.00700000 -0.00188943
v -0.00589215 0.00700000 -0.00157885
v -0.00364999 0.00700000 -0.00632201
v -0.00516187 0.00700000 -0.00516189
v -0.00305002 0.00700000 -0.00528277
v -0.00431335 0.00700000 -0.00431338
v 0.00000000 0.00700000 -0.00730001
v -0.00188937 0.00700000 -0.00705129
v -0.00157883 0.00700000 -0.00589217
v 0.00000000 0.00700000 -0.00610003
v -0.00528275 0.00700000 -0.00305004
v 0.00157883 0.00700000 -0.00589217
v 0.00188947 0.00700000 -0.00705126
v 0.00305002 0.00700000 -0.00528277
v 0.00365009 0.00700000 -0.00632195
v 0.00516187 0.00700000 -0.00516189
v 0.00431335 0.00700000 -0.00431338
v 0.00729999 0.00700000 -0.00000002
v 0.00705127 0.00700000 -0.00188934
v 0.00610001 0.00700000 -0.00000002
v 0.00632199 0.00700000 0.00365000
v 0.00705124 0.00700000 0.00188938
v 0.00589215 0.00700000 0.00157880
v 0.00365002 0.00700000 0.00632197
v 0.00516186 0.00700000 0.00516184
v 0.00304999 0.00700000 0.00528275
v 0.00431335 0.00700000 0.00431333
v 0.00188940 0.00700000 0.00705122
v 0.00157877 0.00700000 0.00589213
v 0.00528274 0.00700000 0.00305000
v 0.00729999 0.00700000 -0.00000002
v 0.00729999 0.01620000 -0.00000002
v -0.00579999 0.00670000 -0.00000002
v -0.00610001 0.00700000 -0.00000002
v -0.00610001 -0.00700000 -0.00000002
v 0.00000000 -0.00700000 -0.00730001
v 0.00000000 -0.00700000 -0.00610003
v -0.00157883 -0.00700000 -0.00589217
v -0.00188946 -0.00700000 -0.00705126
v -0.00305002 -0.00700000 -0.00528277
v -0.00365008 -0.00700000 -0.00632195
v -0.00516186 -0.00700000 -0.00516189
v -0.00431335 -0.00700000 -0.00431338
v -0.00729999 -0.00700000 -0.00000002
v -0.00705127 -0.00700000 -0.00188934
v -0.00610001 -0.00700000 -0.00000002
v -0.00632199 -0.00700000 0.00365000
v -0.00705124 -0.00700000 0.00188938
v -0.00589215 -0.00700000 0.00157880
v -0.00365002 -0.00700000 0.00632197
v -0.00516187 -0.00700000 0.00516184
v -0.00304999 -0.00700000 0.00528275
v -0.00431335 -0.00700000 0.00431333
v -0.00000000 -0.00700000 0.00729997
v -0.00188940 -0.00700000 0.00705122
v -0.00157877 -0.00700000 0.00589213
v -0.00000000 -0.00700000 0.00609998
v -0.00528275 -0.00700000 0.00304999
v -0.00579999 -0.00670000 -0.00000002
v 0.00188940 -0.00700000 0.00705122
v 0.00157886 -0.00700000 0.00589210
v 0.00305005 -0.00700000 0.00528269
v 0.00365002 -0.00700000 0.00632197
v 0.00632199 -0.00700000 0.00365000
v 0.00516187 -0.00700000 0.00516184
v 0.00431335 -0.00700000 0.00431333
v 0.00729999 -0.00700000 -0.00000002
v 0.00610001 -0.00700000 -0.00000002
v 0.00632196 -0.00700000 -0.00365005
v 0.00705124 -0.00700000 -0.00188943
v 0.00589215 -0.00700000 -0.00157885
v 0.00364999 -0.00700000 -0.00632201
v 0.00516187 -0.00700000 -0.00516189
v 0.00305002 -0.00700000 -0.00528277
v 0.00431335 -0.00700000 -0.00431338
v 0.00188937 -0.00700000 -0.00705129
v 0.00157883 -0.00700000 -0.00589217
v 0.00528275 -0.00700000 -0.00305004
v 0.00579999 -0.00670000 -0.00000002
v 0.00610001 -0.00700000 -0.00000002
v 0.00610001 0.00700000 -0.00000002
v 0.00760001 -0.01650000 -0.00000002
v 0.00810001 -0.01650000 -0.00000002
v 0.00734103 -0.01650000 0.00196702
v 0.00782401 -0.01650000 0.00209644
v 0.00701480 -0.01650000 0.00405000
v 0.00658179 -0.01650000 0.00380000
v 0.00572757 -0.01650000 0.00572755
v 0.00405002 -0.01650000 0.00701478
v 0.00380002 -0.01650000 0.00658176
v 0.00000000 -0.01650000 0.00809998
v -0.00209647 -0.01650000 0.00782398
v -0.00405002 -0.01650000 0.00701478
v -0.00380002 -0.01650000 0.00658176
v -0.00572757 -0.01650000 0.00572755
v -0.00701480 -0.01650000 0.00404999
v -0.00658179 -0.01650000 0.00379999
v -0.00782400 -0.01650000 0.00209644
v -0.00810001 -0.01650000 -0.00000002
v -0.00734103 -0.01650000 0.00196702
v -0.00760001 -0.01650000 -0.00000002
v 0.00537402 -0.01650000 0.00537400
v -0.00537402 -0.01650000 0.00537400
v -0.00196704 -0.01650000 0.00734101
v 0.00729999 -0.01620000 -0.00000002
v 0.00760001 -0.01650000 -0.00000002
v 0.00760001 -0.01650000 -0.00000002
v -0.00734103 -0.01650000 -0.00196706
v -0.00782400 -0.01650000 -0.00209649
v -0.00701480 -0.01650000 -0.00405004
v -0.00658179 -0.01650000 -0.00380004
v -0.00572757 -0.01650000 -0.00572759
v -0.00405002 -0.01650000 -0.00701482
v -0.00380002 -0.01650000 -0.00658181
v 0.00000000 -0.01650000 -0.00810003
v 0.00209647 -0.01650000 -0.00782403
v 0.00405002 -0.01650000 -0.00701482
v 0.00380002 -0.01650000 -0.00658181
v 0.00572757 -0.01650000 -0.00572759
v 0.00701480 -0.01650000 -0.00405004
v 0.00658179 -0.01650000 -0.00380004
v 0.00782401 -0.01650000 -0.00209649
v 0.00734104 -0.01650000 -0.00196706
v -0.00537402 -0.01650000 -0.00537405
v 0.00537402 -0.01650000 -0.00537405
v 0.00196704 -0.01650000 -0.00734106
v 0.00729999 -0.00700000 -0.00000002
v -0.00729999 -0.00700000 -0.00000002
v -0.00729999 -0.00700000 -0.00000002
v -0.00760001 -0.01650000 -0.00000002
v -0.00729999 -0.01620000 -0.00000002
v -0.00839999 -0.01620000 -0.00000002
v -0.00839999 -0.01620000 -0.00000002
v -0.00839999 -0.01550000 -0.00000002
v 0.00840000 -0.01620000 -0.00000002
v 0.00840000 -0.01620000 -0.00000002
v 0.00839999 -0.01550000 -0.00000002
v 0.00840000 -0.01620000 -0.00000002
v 0.01516501 -0.01550000 0.00406349
v 0.01359659 -0.01550000 0.00785002
v 0.00811377 -0.01550000 0.00217408
v 0.01110156 -0.01550000 0.01110154
v 0.00727460 -0.01550000 0.00419999
v 0.00785004 -0.01550000 0.01359657
v 0.00593970 -0.01550000 0.00593967
v 0.00406351 -0.01550000 0.01516499
v 0.00420001 -0.01550000 0.00727457
v -0.00000000 -0.01550000 0.01569999
v 0.00217410 -0.01550000 0.00811375
v -0.00785004 -0.01550000 0.01359657
v -0.00420001 -0.01550000 0.00727457
v -0.01110156 -0.01550000 0.01110154
v -0.00593970 -0.01550000 0.00593967
v -0.01359659 -0.01550000 0.00785001
v -0.00727460 -0.01550000 0.00419999
v -0.01516501 -0.01550000 0.00406348
v -0.00811377 -0.01550000 0.00217408
v -0.00839999 -0.01620000 -0.00000002
v -0.01620001 -0.01500000 -0.00000002
v -0.01620001 -0.01500000 -0.00000002
v 0.01620001 -0.01500000 -0.00000002
v 0.01595547 -0.01500000 0.01406895
v 0.01546033 -0.01500000 -0.00111843
v 0.01720444 -0.01496593 0.04443528
v 0.01694574 -0.01500000 0.04444370
v 0.01694574 -0.01500000 0.04444370
v 0.01075916 -0.01500000 0.04203776
v 0.01694574 -0.01500000 0.04444370
v 0.01695053 -0.01500000 0.04473694
v 0.00993500 -0.01500000 0.04402750
v 0.01665637 -0.01500000 0.04701912
v 0.01579318 -0.01500000 0.04915205
v 0.01441733 -0.01500000 0.05099637
v 0.00862390 -0.01500000 0.04573618
v 0.01261880 -0.01500000 0.05243159
v 0.01051514 -0.01500000 0.05336384
v 0.00324643 -0.01500000 0.05389512
v 0.00279013 -0.01500000 0.04815253
v -0.00029282 -0.01500000 0.05355884
v -0.00363321 -0.01500000 0.05234196
v 0.00065481 -0.01500000 0.04787137
v -0.00655939 -0.01500000 0.05032291
v -0.00133493 -0.01500000 0.04704716
v -0.00888266 -0.01500000 0.04763190
v -0.00304355 -0.01500000 0.04573600
v -0.00435459 -0.01500000 0.04402732
v -0.01045322 -0.01500000 0.04444242
v -0.00517871 -0.01500000 0.04203751
v 0.01104025 -0.01500000 0.03990253
v 0.01104025 -0.01500000 0.03990253
v -0.00445975 -0.01250000 0.03990253
v -0.00250974 -0.01250000 0.03990253
v -0.00232913 -0.01250000 0.04127430
v -0.00421271 -0.01250000 0.04177900
v -0.00179969 -0.01250000 0.04255256
v -0.00348844 -0.01250000 0.04352756
v -0.00083475 -0.01250000 0.04618122
v -0.00233628 -0.01250000 0.04502906
v -0.00095740 -0.01250000 0.04365021
v 0.00091378 -0.01250000 0.04690549
v 0.00641528 -0.01250000 0.04618122
v 0.00466672 -0.01250000 0.04690549
v 0.00416202 -0.01250000 0.04502195
v 0.00906894 -0.01250000 0.04352756
v 0.00791678 -0.01250000 0.04502906
v 0.00738019 -0.01250000 0.04255256
v 0.00653793 -0.01250000 0.04365021
v 0.01004025 -0.01250000 0.03990253
v 0.00979321 -0.01250000 0.04177900
v 0.00790967 -0.01250000 0.04127430
v 0.00809027 -0.01250000 0.03990253
v 0.00014026 -0.01250000 0.04449247
v 0.00544027 -0.01250000 0.04449247
v -0.00445975 -0.01400000 0.03990253
v -0.00545975 -0.01500000 0.03990253
v -0.00445975 -0.01400000 0.03990253
v 0.00790967 -0.01250000 0.03853077
v 0.00979321 -0.01250000 0.03802607
v 0.00738019 -0.01250000 0.03725251
v 0.00906894 -0.01250000 0.03627753
v 0.00641528 -0.01250000 0.03362385
v 0.00791678 -0.01250000 0.03477601
v 0.00653793 -0.01250000 0.03615488
v 0.00466672 -0.01250000 0.03289957
v -0.00083475 -0.01250000 0.03362385
v 0.00091379 -0.01250000 0.03289957
v 0.00141846 -0.01250000 0.03478315
v -0.00348844 -0.01250000 0.03627753
v -0.00233628 -0.01250000 0.03477601
v -0.00179972 -0.01250000 0.03725260
v 0.00014020 -0.01250000 0.03531263
v -0.00095740 -0.01250000 0.03615488
v -0.00421271 -0.01250000 0.03802607
v -0.00232917 -0.01250000 0.03853086
v 0.00544025 -0.01250000 0.03531260
v -0.00220975 -0.01220000 0.03990253
v -0.00250974 -0.01250000 0.03990253
v -0.00220975 -0.00650000 0.03990253
v -0.00220975 -0.00650000 0.03990253
v -0.01253806 -0.00650000 0.03990253
v -0.01092618 -0.00650000 0.04460456
v -0.00929956 -0.00650000 0.04790793
v -0.00153986 -0.00650000 0.04240256
v -0.00689331 -0.00650000 0.05069504
v -0.00074527 -0.00650000 0.04343809
v -0.00203937 -0.00650000 0.04119666
v -0.00040293 -0.00650000 0.05404658
v 0.00279025 -0.00650000 0.04490253
v 0.00326272 -0.00650000 0.05439484
v 0.00826007 -0.00650000 0.05423191
v 0.00408441 -0.00650000 0.04473215
v 0.01065765 -0.00650000 0.05384309
v 0.00529031 -0.00650000 0.04423264
v 0.01287823 -0.00650000 0.05285902
v 0.00632580 -0.00650000 0.04343809
v 0.01477670 -0.00650000 0.05134403
v 0.01622897 -0.00650000 0.04939716
v 0.01714011 -0.00650000 0.04714568
v 0.00712042 -0.00650000 0.04240250
v 0.01745053 -0.00650000 0.04473694
v 0.01744550 -0.00650000 0.04442741
v 0.01729797 -0.00650000 0.03990253
v 0.00761990 -0.00650000 0.04119657
v 0.00779025 -0.00650000 0.03990253
v 0.00779025 -0.00650000 0.03990253
v 0.00779025 -0.00650000 0.03990253
v 0.00761987 -0.00650000 0.03860840
v 0.01596008 -0.00650000 -0.00113473
v 0.00906915 -0.00650000 0.01119352
v 0.00712036 -0.00650000 0.03740253
v 0.01585336 -0.00650000 -0.00768313
v 0.01586365 -0.00650000 -0.00971783
v 0.01262875 -0.00650000 0.00023820
v 0.00810016 -0.00650000 0.01324805
v 0.00632580 -0.00650000 0.03636701
v 0.00664761 -0.00650000 0.01499454
v 0.00529025 -0.00650000 0.03557239
v -0.01436084 -0.00650000 0.03458524
v -0.00153989 -0.00650000 0.03740259
v -0.00203940 -0.00650000 0.03860850
v 0.00408435 -0.00650000 0.03507291
v 0.00279025 -0.00650000 0.03490253
v 0.00149609 -0.00650000 0.03507291
v 0.00809027 -0.01250000 0.03990253
v -0.00220975 -0.01220000 0.03990253
v -0.01436084 -0.00650000 0.03458524
v -0.01483380 -0.00700000 0.03474738
v -0.01092618 -0.00650000 0.04460456
v -0.02393283 -0.01400000 0.00820417
v -0.01975494 -0.01400000 0.02039170
v -0.01557706 -0.01400000 0.03257920
v -0.01139917 -0.01400000 0.04476670
v -0.01483380 -0.00700000 0.03474738
v -0.01139917 -0.00700000 0.04476670
v -0.01578549 -0.00575157 0.03197120
v -0.01535123 -0.00668239 0.03323798
v -0.01509747 -0.00691998 0.03397822
v -0.01975494 0.01400000 0.02039170
v -0.02393283 0.01400000 0.00820417
v -0.01139917 0.01400000 0.04476670
v -0.01557706 0.01400000 0.03257920
v -0.01483380 0.00700000 0.03474738
v -0.01578546 0.00575154 0.03197123
v -0.01509750 0.00692012 0.03397816
v -0.01535123 0.00668236 0.03323798
v -0.01139917 0.00700000 0.04476670
v -0.01558435 0.00628967 0.03255790
v -0.01558435 -0.00628966 0.03255793
v -0.01594214 0.00508485 0.03151423
v -0.01604227 0.00431952 0.03122218
v -0.01594211 -0.00508484 0.03151426
v -0.01604230 -0.00431957 0.03122202
v -0.01139917 -0.01400000 0.04476670
v -0.01139917 -0.01400000 0.04476670
v -0.01463110 -0.01500000 0.03225492
v 0.00324643 -0.01500000 0.05389512
v 0.00327902 -0.00700000 0.05489457
v 0.00827636 -0.00700000 0.05473163
v 0.00826007 -0.00650000 0.05423191
v 0.01645981 -0.01400000 -0.00115099
v 0.01645981 -0.00700000 -0.00115099
v 0.01794522 -0.01400000 0.04441111
v 0.01795053 -0.00700000 0.04473694
v 0.01596008 -0.00650000 -0.00113473
v 0.01744550 -0.00650000 0.04442741
v 0.01745053 -0.00650000 0.04473694
v 0.01645981 -0.00700000 -0.00115099
v 0.01644852 -0.00678653 -0.01385946
v 0.01644321 -0.00680412 -0.01368444
v 0.01645981 -0.00700000 -0.00115099
v 0.01635336 -0.00700000 -0.00768313
v 0.01635336 -0.00700000 -0.00768313
v 0.01592218 -0.00648692 -0.01080361
v 0.01597354 -0.00645746 -0.01168536
v 0.01586365 -0.00650000 -0.00971783
v 0.01651202 -0.00655931 -0.01565783
v 0.01651202 -0.00655931 -0.01565783
v 0.01659955 -0.00620332 -0.01761492
v 0.01691492 -0.00375417 -0.02267773
v 0.01691785 0.00000000 -0.02271652
v 0.01691785 -0.00350000 -0.02271652
v 0.01691708 -0.00362903 -0.02270651
v 0.01670447 -0.00570244 -0.01954244
v 0.01682300 -0.00495840 -0.02139709
v 0.01690701 -0.00398991 -0.02257201
v 0.01883856 -0.01400000 -0.03915099
v 0.01883856 -0.01400000 -0.03915099
v 0.02508799 -0.01425882 -0.07868643
v 0.02498933 -0.01450000 -0.07870211
v 0.02483238 -0.01470711 -0.07872708
v 0.01785095 -0.01500000 -0.03930797
v 0.02413404 -0.01500000 -0.07883808
v 0.02413404 -0.01500000 -0.07883808
v 0.02467741 -0.01483504 -0.07875170
v 0.02462785 -0.01486603 -0.07875958
v 0.02569090 -0.01536539 -0.08508190
v 0.02530671 -0.01520087 -0.08352807
v 0.01691785 0.00350000 -0.02271652
v 0.01691489 0.00375632 -0.02267712
v 0.01691708 0.00362959 -0.02270648
v 0.01659955 0.00620331 -0.01761495
v 0.01651206 0.00655931 -0.01565786
v 0.01670447 0.00570244 -0.01954247
v 0.01690704 0.00398950 -0.02257226
v 0.01682300 0.00495837 -0.02139712
v 0.01691785 0.00350000 -0.02271652
v 0.01689478 0.00350000 -0.02259951
v 0.01691785 -0.00350000 -0.02271652
v 0.01684421 -0.00425748 -0.02212927
v 0.01686319 -0.00409891 -0.02230685
v 0.01687927 -0.00391980 -0.02245623
v 0.01689060 -0.00371786 -0.02256103
v 0.01689371 -0.00361061 -0.02258959
v -0.01490555 -0.00589139 0.03261640
v -0.01505148 -0.00543002 0.03208890
v -0.01473633 -0.00622778 0.03322803
v -0.01483380 -0.00700000 0.03474738
v -0.01436084 -0.00650000 0.03458524
v -0.01516516 -0.00485852 0.03167802
v 0.00460162 -0.00350000 0.01280048
v 0.00460162 0.00350000 0.01280048
v -0.01526297 0.00350000 0.03132450
v 0.00460162 0.00350000 0.01280048
v -0.01526297 -0.00350000 0.03132450
v -0.01516516 0.00485852 0.03167802
v -0.01505148 0.00543002 0.03208890
v -0.01490555 0.00589139 0.03261640
v -0.01473633 0.00622778 0.03322803
v -0.01436084 0.00650000 0.03458524
v -0.01092618 0.00650000 0.04460456
v -0.01139917 0.00700000 0.04476670
v -0.00971647 0.01400000 0.04818397
v -0.01139917 0.01400000 0.04476670
v -0.01092618 0.00650000 0.04460456
v -0.00722724 0.01400000 0.05106721
v -0.00409205 0.01400000 0.05323048
v -0.00051304 0.01400000 0.05453431
v -0.00435132 0.01400000 0.05309336
v -0.00737192 0.01400000 0.05093568
v 0.00327902 0.00700000 0.05489457
v 0.00827636 0.00700000 0.05473163
v 0.01085208 0.00700000 0.05430677
v 0.00827636 0.00700000 0.05473163
v 0.00827636 0.00700000 0.05473163
v 0.00827636 0.01400000 0.05473163
v -0.00977015 0.01400000 0.04810230
v -0.02393283 0.01400000 0.00820417
v -0.02393283 -0.01400000 0.00820417
v -0.02298688 -0.01500000 0.00787992
v -0.02255087 -0.01496593 -0.01205364
v -0.02057755 -0.01592166 -0.01989208
v -0.01376865 -0.01592165 -0.01989205
v -0.01544467 -0.01539694 -0.01719930
v -0.01776306 -0.01500000 -0.01200002
v -0.02251669 -0.01497462 -0.01204641
v -0.02272339 -0.01490036 -0.01209017
v -0.02290808 -0.01478146 -0.01212930
v -0.02278680 -0.01486603 -0.01210360
v -0.02298941 -0.01470711 -0.01214651
v -0.02314490 -0.01450000 -0.01217944
v -0.02306220 -0.01462390 -0.01216192
v -0.02317850 -0.01443509 -0.01218658
v -0.02324262 -0.01425882 -0.01220013
v -0.01848096 -0.02223358 -0.03484954
v -0.01727277 -0.02416580 -0.04008968
v -0.01715530 -0.02435068 -0.04008968
v -0.01700186 -0.02450610 -0.04007812
v -0.01708267 -0.02443254 -0.04008532
v -0.01723868 -0.02422904 -0.04009099
v -0.01681937 -0.02462511 -0.04005547
v -0.01750266 -0.02300000 -0.03400002
v -0.01773914 -0.02300234 -0.03404815
v -0.00466684 -0.02300000 -0.03400002
v -0.01895001 -0.01863702 -0.02735931
v -0.01544467 -0.01539694 -0.01719930
v -0.00941278 -0.01863707 -0.02735940
v -0.01046494 -0.01788188 -0.02575118
v -0.01157379 -0.01708186 -0.02375900
v -0.01129819 -0.01701694 -0.02364861
v -0.01502933 -0.01530081 -0.01696395
v -0.01513153 -0.01533556 -0.01702017
v -0.01776306 -0.01500000 -0.01200002
v -0.01619367 -0.01500000 -0.01200002
v -0.01482892 -0.01521005 -0.01685720
v -0.01011832 -0.01610172 -0.02340896
v -0.01011832 -0.01610172 -0.02340896
v -0.01030005 -0.01634454 -0.02340862
v -0.01157379 -0.01708186 -0.02375900
v -0.00921066 -0.01877931 -0.02763970
v -0.00921066 -0.01877931 -0.02763970
v -0.00466684 -0.02300000 -0.03400002
v -0.00423788 -0.02281613 -0.03387182
v -0.01698511 -0.02449674 -0.03680794
v -0.01669528 -0.02477985 -0.03838055
v 0.02314235 0.00111789 -0.23003040
v 0.02334325 0.00095986 -0.23000910
v 0.02298635 0.00132140 -0.23003600
v 0.02306991 0.00119953 -0.23003471
v 0.02284646 0.00180921 -0.23000001
v 0.02295229 0.00138458 -0.23003481
v 0.02287642 0.00159091 -0.23002300
v 0.02284646 0.00180921 -0.23000001
v 0.02284646 0.00180921 -0.23000001
v -0.01733951 -0.02399342 -0.04008065
v -0.01737857 -0.02374123 -0.04005498
v -0.01737857 -0.02374123 -0.04005498
v -0.02475107 -0.01400000 -0.00524160
v -0.02475107 -0.01400000 -0.00524160
v -0.02475107 0.01400000 -0.00524160
v -0.00545975 -0.01500000 0.03990253
v 0.01004025 -0.01250000 0.03990253
v 0.01004025 -0.01400000 0.03990253
v 0.00779025 -0.01220000 0.03990253
v 0.00761987 0.00650000 0.03860844
v 0.00712039 0.00650000 0.03740253
v 0.01262875 0.00650000 0.00023820
v 0.01586365 0.00650000 -0.00971783
v 0.01596008 0.00650000 -0.00113473
v 0.00906915 0.00650000 0.01119352
v 0.00632580 0.00650000 0.03636701
v 0.00664761 0.00650000 0.01499454
v 0.00810016 0.00650000 0.01324805
v 0.00529025 0.00650000 0.03557242
v 0.00408438 0.00650000 0.03507291
v 0.00279025 0.00650000 0.03490253
v 0.00149615 0.00650000 0.03507291
v -0.01436084 0.00650000 0.03458524
v -0.00153986 0.00650000 0.03740253
v -0.00203937 0.00650000 0.03860844
v -0.00220975 0.00650000 0.03990253
v -0.00220975 0.00650000 0.03990253
v -0.00220975 0.01220000 0.03990253
v 0.01004025 0.01250000 0.03990253
v 0.00809027 0.01250000 0.03990253
v 0.00790966 0.01250000 0.04127430
v 0.00979321 0.01250000 0.04177900
v 0.00738018 0.01250000 0.04255256
v 0.00906894 0.01250000 0.04352756
v 0.00641525 0.01250000 0.04618122
v 0.00791678 0.01250000 0.04502906
v 0.00653793 0.01250000 0.04365021
v 0.00466668 0.01250000 0.04690549
v -0.00083481 0.01250000 0.04618119
v 0.00091372 0.01250000 0.04690546
v 0.00014025 0.01250000 0.04449247
v -0.00348847 0.01250000 0.04352747
v -0.00233628 0.01250000 0.04502906
v -0.00179969 0.01250000 0.04255256
v -0.00095740 0.01250000 0.04365021
v -0.00445975 0.01250000 0.03990253
v -0.00421271 0.01250000 0.04177891
v -0.00250974 0.01250000 0.03990253
v -0.00232914 0.01250000 0.04127430
v 0.00141848 0.01250000 0.04502195
v 0.00544027 0.01250000 0.04449247
v -0.00220975 0.01220000 0.03990253
v -0.00232914 0.01250000 0.03853077
v -0.00421271 0.01250000 0.03802607
v -0.00179966 0.01250000 0.03725251
v -0.00348844 0.01250000 0.03627753
v -0.00083475 0.01250000 0.03362385
v -0.00233628 0.01250000 0.03477601
v -0.00095740 0.01250000 0.03615488
v 0.00091378 0.01250000 0.03289957
v 0.00641528 0.01250000 0.03362385
v 0.00466672 0.01250000 0.03289957
v 0.00416208 0.01250000 0.03478315
v 0.00906894 0.01250000 0.03627753
v 0.00791678 0.01250000 0.03477601
v 0.00653793 0.01250000 0.03615488
v 0.00738022 0.01250000 0.03725260
v 0.00979321 0.01250000 0.03802607
v 0.00790966 0.01250000 0.03853086
v 0.00014029 0.01250000 0.03531260
v 0.00544031 0.01250000 0.03531263
v 0.00809027 0.01250000 0.03990253
v 0.00809027 0.01250000 0.03990253
v 0.00779025 0.00650000 0.03990253
v 0.00779025 0.01220000 0.03990253
v 0.01744550 0.00650000 0.04442741
v 0.01596008 0.00650000 -0.00113473
v 0.01586365 0.00650000 -0.00971783
v 0.01596265 0.00646489 -0.01150344
v 0.01636362 0.00700000 -0.00971276
v 0.01592218 0.00648691 -0.01080383
v 0.01596054 0.00646628 -0.01146761
v 0.01586365 0.00650000 -0.00971783
v 0.01595959 0.00646687 -0.01145171
v 0.01644321 0.00680411 -0.01368447
v 0.01597354 0.00645744 -0.01168536
v 0.01596265 0.00646489 -0.01150344
v 0.01596054 0.00646628 -0.01146761
v 0.01595959 0.00646687 -0.01145171
v 0.01624344 0.00612225 -0.01560268
v 0.01684424 0.00425714 -0.02212972
v 0.01689371 0.00361107 -0.02258950
v 0.01689053 0.00371968 -0.02256036
v 0.01686322 0.00409860 -0.02230715
v 0.01687927 0.00391957 -0.02245641
v 0.01691785 0.00350000 -0.02271652
v 0.00977557 0.00350000 -0.00068887
v 0.00621597 0.00350000 0.01026646
v 0.00621597 -0.00350000 0.01026646
v 0.00977557 -0.00350000 -0.00068887
v 0.01689478 -0.00350000 -0.02259951
v 0.00906915 0.00650000 0.01119352
v 0.01004025 0.01400000 0.03990253
v 0.01004025 0.01250000 0.03990253
v 0.01004025 0.01400000 0.03990253
v 0.01104025 0.01500000 0.03990253
v -0.00445975 0.01250000 0.03990253
v -0.00545975 0.01500000 0.03990253
v -0.00445975 0.01400000 0.03990253
v -0.00545975 0.01500000 0.03990253
v -0.01526297 -0.00350000 0.03132450
v 0.01795053 -0.00700000 0.04473694
v 0.01795053 -0.00700000 0.04473694
v 0.01795053 -0.01400000 0.04473694
v 0.00827637 -0.01400000 0.05473163
v 0.00327902 -0.01400000 0.05489457
v 0.00327902 -0.00700000 0.05489457
v 0.01620001 -0.01500000 -0.00000002
v 0.00579999 0.00670000 -0.00000002
v 0.01402988 0.01500000 -0.00809957
v 0.01620001 0.01500000 -0.00000002
v 0.00279025 0.01500000 0.05390253
v -0.06585695 0.02150598 -0.35847503
v -0.06639998 0.02155463 -0.35000002
v -0.06322883 0.02143717 -0.37027502
v -0.06006843 0.02139058 -0.37829742
v -0.06532301 0.02148529 -0.36191073
v -0.02282443 0.02119325 -0.41235381
v 0.05270071 0.00750000 -0.39039311
v 0.04695193 0.00750000 -0.39695192
v 0.05270141 0.00750000 -0.39039210
vt 0.00000555 0.00000000
vt 0.08827829 1.00000000
vt 0.08827829 0.00000000
vt 1.00000000 1.00000000
vt 0.91172189 0.00000000
vt 0.91172189 1.00000000
vt 0.82945949 0.00000000
vt 0.08827805 0.00000000
vt 0.17054050 1.00000000
vt 0.17054050 0.00000000
vt 0.00000000 0.00000000
vt 0.08827805 1.00000000
vt 0.25000000 1.00000000
vt 0.25000000 0.00000000
vt 0.32945949 1.00000000
vt 0.32945949 0.00000000
vt 0.41172189 1.00000000
vt 0.41172189 0.00000000
vt 0.50000000 1.00000000
vt 0.50000000 0.00000000
vt 0.58827811 1.00000000
vt 0.58827811 0.00000000
vt 0.67054051 1.00000000
vt 0.67054051 0.00000000
vt 0.75000000 1.00000000
vt 0.75000000 0.00000000
vt 0.82945949 1.00000000
vt 0.82945800 0.00000000
vt 0.91172081 1.00000000
vt 0.91172081 0.00000000
vt 0.74999851 0.00000000
vt 0.82945800 1.00000000
vt 0.67053932 0.00000000
vt 0.74999851 1.00000000
vt 0.58827740 0.00000000
vt 0.67053932 1.00000000
vt 0.49999499 0.00000000
vt 0.58827740 1.00000000
vt 0.99998450 1.00000000
vt 0.41172171 0.00000000
vt 0.50000000 1.00000000
vt 0.32945940 0.00000000
vt 0.41172171 1.00000000
vt 0.25000000 0.00000000
vt 0.32945940 1.00000000
vt 0.17054060 0.00000000
vt 0.25000000 1.00000000
vt 0.17054060 1.00000000
vt 0.33521160 0.09903585
vt 0.00000000 0.00000000
vt 0.10920410 0.42747700
vt 0.28981659 0.00001637
vt 0.33992130 0.00001637
vt 0.33992130 0.17655650
vt 0.10745870 1.00000000
vt 0.08827805 0.00000000
vt 0.17054050 0.00000000
vt 0.00000000 0.00000000
vt 0.30332309 0.56685621
vt 0.87332940 0.07919585
vt 0.25000000 1.00000000
vt 0.25000000 0.00000000
vt 0.37059090 0.01703697
vt 0.43076199 0.24159940
vt 0.50000000 0.23248410
vt 0.26472181 1.00000000
vt 0.32945949 0.00000000
vt 0.32945949 1.00000000
vt 0.41172189 0.00000000
vt 0.41172189 1.00000000
vt 0.50000000 0.00000000
vt 0.50000000 1.00000000
vt 0.58827811 1.00000000
vt 0.58827811 0.00000000
vt 0.67054051 1.00000000
vt 0.67054051 0.00000000
vt 0.85526252 0.84481502
vt 0.62935662 0.93716151
vt 0.73869461 0.94542021
vt 0.73527819 1.00000000
vt 0.75000000 0.00000000
vt 0.13293470 0.35542470
vt 0.07065731 0.30458301
vt 0.02407050 0.39503339
vt 0.00000000 0.00000000
vt 1.00000000 0.00000000
vt 1.00000000 0.50000000
vt 0.49571040 0.17070711
vt 0.00000000 0.34141421
vt 1.00000000 0.17070711
vt 0.49571040 0.00000000
vt 0.49571040 0.34141421
vt 1.00000000 0.23812130
vt 0.49571040 0.50609350
vt 1.00000000 0.46005830
vt 1.00000000 0.34141421
vt 0.00000000 0.50232410
vt 0.00000000 0.67077261
vt 0.49571040 0.67077261
vt 1.00000000 0.50609350
vt 0.48918900 0.97931612
vt 0.49571040 0.97893512
vt 0.49571040 0.83538628
vt 1.00000000 0.67443073
vt 1.00000000 0.67077261
vt 0.80219531 0.65891761
vt 1.00000000 0.65891761
vt 1.00000000 0.62480283
vt 0.80219531 0.49999931
vt 1.00000000 0.49999931
vt 1.00000000 0.38067621
vt 1.00000000 0.88880032
vt 1.00000000 0.83538628
vt 1.00000000 0.34108120
vt 1.00000000 0.30545580
vt 0.97205341 0.17655680
vt 0.80219531 0.34108120
vt 0.60348952 0.17655680
vt 0.60348952 0.34108120
vt 0.60348952 0.49999931
vt 0.40368921 0.17655680
vt 0.40368921 0.34108120
vt 0.40368921 0.49999931
vt 0.60348952 0.00002318
vt 0.52971512 0.00000000
vt 0.80219531 0.17655680
vt 0.80219531 0.00002318
vt 0.73449212 0.00000000
vt 0.41202271 0.25120431
vt 0.50000000 0.36065769
vt 0.41014901 1.00000000
vt 0.18642139 0.01156890
vt 0.21598379 0.01105147
vt 0.16717429 1.00000000
vt 0.96910882 0.16221941
vt 0.93824410 0.00002318
vt 0.00000000 0.17473750
vt 1.00000000 0.00002399
vt 1.00000000 0.20511140
vt 0.00000000 0.20509240
vt 0.50152832 0.00001941
vt 0.50152832 0.20509240
vt 0.00000000 0.20642020
vt 1.00000000 0.40260369
vt 0.00000000 0.40316340
vt 0.00000000 0.33968100
vt 0.50152832 0.40258929
vt 0.50152832 0.59761268
vt 0.00000000 0.59678131
vt 0.00000000 0.50001198
vt 1.00000000 0.40316340
vt 0.00000000 0.59679091
vt 1.00000000 0.59762239
vt 0.00000000 0.79353082
vt 0.00000000 0.66034287
vt 1.00000000 0.66033483
vt 0.66538399 0.66033483
vt 0.66538399 0.50000000
vt 1.00000000 0.50000000
vt 0.66538399 0.33966520
vt 0.33197609 0.50000000
vt 0.33197609 0.66033483
vt 0.33197609 0.33966520
vt 0.00000000 0.50000000
vt 0.00000000 0.33966520
vt 0.00000000 0.66033483
vt 0.33197609 0.82528228
vt 0.66538399 0.82528228
vt 1.00000000 0.66033483
vt 0.74990678 0.70432281
vt 0.74990678 0.56748962
vt 1.00000000 0.50000000
vt 0.74990678 0.43251830
vt 0.49987671 0.43251830
vt 0.49987671 0.56748962
vt 0.49987671 0.70432281
vt 0.24990781 0.43251830
vt 0.24990781 0.56748962
vt 0.24990781 0.70432281
vt 0.00000000 0.50012249
vt 0.00000000 0.66034490
vt 0.82391298 0.50001740
vt 0.00000000 0.43266940
vt 0.00000000 0.33984050
vt 0.00000000 0.56760222
vt 0.00000000 0.50001740
vt 0.77545851 0.66019058
vt 0.00000000 0.33990359
vt 0.24990781 0.29568380
vt 0.00000000 0.70439762
vt 0.00000000 0.66019058
vt 0.73801732 0.82508558
vt 0.00000000 0.17496160
vt 0.24990781 0.15305050
vt 0.49987671 0.29568380
vt 0.00000000 0.00000000
vt 0.00000000 0.15305050
vt 0.31882191 0.00000500
vt 0.49987671 0.15305050
vt 0.63764077 0.00000610
vt 0.74990678 0.15305050
vt 0.74990678 0.29568380
vt 0.95646429 0.00000016
vt 1.00000000 0.15305050
vt 1.00000000 0.17471769
vt 0.60795701 0.49628019
vt 0.74987620 0.67669898
vt 0.65303659 1.00000000
vt 1.00000000 0.33966520
vt 0.00000000 0.29568380
vt 0.33197609 0.17471769
vt 0.00000000 0.15305050
vt 0.33197609 0.00000000
vt 0.66538399 0.17471769
vt 0.66538399 0.00000000
vt 1.00000000 0.17471769
vt 1.00000000 0.33966520
vt 0.80390918 0.74598062
vt 0.89607102 1.00000000
vt 0.74987620 1.00000000
vt 0.40368921 0.00002318
vt 0.32370070 0.00000000
vt 0.20258930 0.17655680
vt 0.11623170 0.00002318
vt 0.00231367 0.17655680
vt 0.20258930 0.34108120
vt 0.01576358 0.34108120
vt 0.00923437 0.28613621
vt 0.00000000 0.84699053
vt 0.00000000 0.82508558
vt 0.70033181 0.99999982
vt 1.00000000 0.99972332
vt 0.93588263 0.79530263
vt 1.00000000 0.79530263
vt 1.00000000 0.00005530
vt 1.00000000 0.20452140
vt 0.92695040 0.25440681
vt 0.87902367 0.00009120
vt 0.85390079 0.25440681
vt 0.03984373 0.49536601
vt 0.04068303 0.49999931
vt 0.85390079 0.00001754
vt 0.71083921 0.25440681
vt 0.71083921 0.00000086
vt 0.71083921 0.50000191
vt 0.85390079 0.50000191
vt 0.92695040 0.50000191
vt 0.85390079 0.74559611
vt 0.71083921 0.74559611
vt 0.56843930 0.74559611
vt 0.56843930 0.62279898
vt 0.56843930 0.50000191
vt 0.56843930 0.37720439
vt 0.42647499 0.50000191
vt 0.42647499 0.37720439
vt 0.42647499 0.62279898
vt 0.42647499 0.74559611
vt 0.56843930 0.87279803
vt 0.42647499 0.87279803
vt 0.28435400 0.74559611
vt 0.28435400 0.62279898
vt 0.28435400 0.87279803
vt 0.14216170 0.74559611
vt 0.14216170 0.62279898
vt 0.14216170 0.87279803
vt 0.00000000 0.65893787
vt 0.00000000 0.62279898
vt 0.00000000 0.82345361
vt 0.00000000 1.00000000
vt 0.14216170 1.00000000
vt 0.28435400 1.00000000
vt 0.81927878 0.00308675
vt 0.83626068 0.03111565
vt 0.83372360 0.02248132
vt 0.42647499 1.00000000
vt 0.56843930 1.00000000
vt 0.71083921 1.00000000
vt 0.85390079 1.00000000
vt 0.92695040 0.74559611
vt 0.92695040 1.00000000
vt 1.00000000 0.79527020
vt 1.00000000 0.59759670
vt 1.00000000 0.74559611
vt 1.00000000 0.40231439
vt 0.93588263 0.40231439
vt 0.93588263 0.20468470
vt 0.96801507 0.00000060
vt 1.00000000 0.20468470
vt 0.87176508 0.00000026
vt 0.87176508 0.20468470
vt 0.87176508 0.40231439
vt 1.00000000 0.59766692
vt 0.93588263 0.59766692
vt 0.87176508 0.59766692
vt 0.87176508 0.79530263
vt 0.73201227 0.40231439
vt 0.73201227 0.59766692
vt 0.73201227 0.79530263
vt 0.76526552 0.99973148
vt 0.90145499 0.99965382
vt 0.59701991 0.99954420
vt 0.58794278 0.99954653
vt 0.58794278 0.79530263
vt 0.58794278 0.59766692
vt 0.44188169 0.59766692
vt 0.44188169 0.79530263
vt 0.29463390 0.79530263
vt 0.40662840 0.99974149
vt 0.00000000 0.29587540
vt 0.00000000 0.17493430
vt 0.87975949 0.33984050
vt 0.20436069 0.99972731
vt 0.14708780 0.89765131
vt 0.29463390 0.89765131
vt 0.14708780 0.79530263
vt 0.14708780 0.69648480
vt 0.29463390 0.69648480
vt 0.14708780 0.59766692
vt 0.14708780 0.49999070
vt 0.29463390 0.59766692
vt 0.29463390 0.49999070
vt 0.44188169 0.40231439
vt 0.29463390 0.40231439
vt 0.29463390 0.30349961
vt 0.44188169 0.20468470
vt 0.58794278 0.40231439
vt 0.58794278 0.20468470
vt 0.73201227 0.20468470
vt 0.58794278 0.00000034
vt 0.73201227 0.00000033
vt 0.44188169 0.00011784
vt 0.29463390 0.20468470
vt 0.29463390 0.10234230
vt 0.14708780 0.00040570
vt 0.14708780 0.10234230
vt 0.14708780 0.20468470
vt 0.14708780 0.30349961
vt 0.14708780 0.40231439
vt 0.00000000 0.20468470
vt 0.00000000 0.30349961
vt 0.00000000 0.34119621
vt 0.17621490 0.06250000
vt 0.30269471 0.00000000
vt 0.34034741 0.06250000
vt 0.40142119 0.00000000
vt 0.49896339 0.06250000
vt 0.00000000 0.40231439
vt 0.00000000 0.49999070
vt 0.00000000 0.59766692
vt 0.59684718 0.00000000
vt 0.65780091 0.06250000
vt 0.65780091 0.12500000
vt 0.49896339 0.12500000
vt 0.34034741 0.12500000
vt 0.65780091 0.18750000
vt 0.49896339 0.18750000
vt 0.34034741 0.18750000
vt 0.17621490 0.18750000
vt 0.17621490 0.12500000
vt 0.00000000 0.06250000
vt 0.00000000 0.12500000
vt 0.00000000 0.18750000
vt 0.17621490 0.25000000
vt 0.00000000 0.25000000
vt 0.34034741 0.25000000
vt 0.17621490 0.31250000
vt 0.00000000 0.31250000
vt 0.17621490 0.37500000
vt 0.00000000 0.37500000
vt 0.00000000 0.43750000
vt 0.17621490 0.43750000
vt 0.34034741 0.37500000
vt 0.34034741 0.31250000
vt 0.49896339 0.31250000
vt 0.49896339 0.37500000
vt 0.34034741 0.43750000
vt 0.34034741 0.50000000
vt 0.17621490 0.50000000
vt 0.49896339 0.43750000
vt 0.34034741 0.56250000
vt 0.17621490 0.56250000
vt 0.49896339 0.50000000
vt 0.65780091 0.50000000
vt 0.49896339 0.56250000
vt 0.82263100 0.56250000
vt 0.65780091 0.56250000
vt 0.65780091 0.43750000
vt 0.82263100 0.50000000
vt 1.00000000 0.43750000
vt 0.82263100 0.43750000
vt 1.00000000 0.56250000
vt 1.00000000 0.50000000
vt 0.82263100 0.37500000
vt 0.65780091 0.37500000
vt 1.00000000 0.37500000
vt 0.44895920 0.31936380
vt 0.49884361 0.35484871
vt 0.45685101 0.72856110
vt 0.82263100 0.31250000
vt 1.00000000 0.31250000
vt 0.82263100 0.25000000
vt 1.00000000 0.25000000
vt 0.82263100 0.18750000
vt 1.00000000 0.18750000
vt 1.00000000 0.12500000
vt 0.82263100 0.12500000
vt 1.00000000 0.06250000
vt 0.82263100 0.06250000
vt 0.69583279 0.00000000
vt 0.79490411 0.00000000
vt 0.89760637 0.00000000
vt 0.00000000 0.79530263
vt 0.00000000 0.69648480
vt 0.14708780 0.99972558
vt 0.00000000 0.89765131
vt 0.95639509 0.12733629
vt 0.93944848 0.17493430
vt 0.00000000 0.00028209
vt 0.24990781 0.99993521
vt 0.00000000 0.84695327
vt 0.24990781 0.84695327
vt 0.00000000 0.82529801
vt 0.49987671 0.84695327
vt 0.49987671 0.99988490
vt 0.74990678 0.99993533
vt 0.74990678 0.84695327
vt 1.00000000 1.00000000
vt 1.00000000 0.84695327
vt 1.00000000 0.07019883
vt 0.73331511 0.95177442
vt 0.73331511 0.05143308
vt 0.00000000 0.82528228
vt 0.25383630 1.00000000
vt 1.00000000 0.82528228
vt 0.75001103 0.99999458
vt 0.74974769 0.99999458
vt 0.74974769 0.84702802
vt 0.84775341 1.00000000
vt 0.82461399 1.00000000
vt 0.82461399 0.93750000
vt 1.00000000 0.87500000
vt 0.82461399 0.87500000
vt 0.70556009 1.00000000
vt 0.66045249 0.93750000
vt 0.66045249 0.87500000
vt 0.82461399 0.81250000
vt 0.66045249 0.81250000
vt 1.00000000 0.81250000
vt 0.66045249 0.75000000
vt 0.82461399 0.75000000
vt 1.00000000 0.75000000
vt 0.82461399 0.68750000
vt 1.00000000 0.68750000
vt 1.00000000 0.62500000
vt 0.82461399 0.62500000
vt 1.00000000 0.56250000
vt 0.82461399 0.56250000
vt 0.82461399 0.50000000
vt 1.00000000 0.50000000
vt 0.66045249 0.56250000
vt 0.66045249 0.62500000
vt 0.66045249 0.50000000
vt 0.82461399 0.43750000
vt 1.00000000 0.43750000
vt 0.66045249 0.43750000
vt 0.66045249 0.37500000
vt 0.82461399 0.37500000
vt 1.00000000 0.37500000
vt 1.00000000 0.31250000
vt 0.82461399 0.31250000
vt 1.00000000 0.25000000
vt 0.82461399 0.25000000
vt 0.66045249 0.31250000
vt 0.66045249 0.25000000
vt 0.82461399 0.18750000
vt 1.00000000 0.18750000
vt 0.66045249 0.18750000
vt 0.82461399 0.12500000
vt 0.66045249 0.12500000
vt 1.00000000 0.12500000
vt 1.00000000 0.06250000
vt 0.82461399 0.06250000
vt 0.84838229 0.00000000
vt 1.00000000 0.00065649
vt 0.80047518 0.15291271
vt 0.80047518 0.00038758
vt 1.00000000 0.17672870
vt 0.80047518 0.29556599
vt 0.60087627 0.15291271
vt 0.60087627 0.00005364
vt 0.60087627 0.29556599
vt 0.80047518 0.43250000
vt 0.60087627 0.43250000
vt 1.00000000 0.34121850
vt 0.40101430 0.29556599
vt 0.40101430 0.15291271
vt 0.40101430 0.43250000
vt 0.60087627 0.56759101
vt 0.40101430 0.56759101
vt 0.80047518 0.56759101
vt 0.80047518 0.70451123
vt 0.60087627 0.70451123
vt 0.40101430 0.70451123
vt 0.80047518 0.84713531
vt 0.60087627 0.84713531
vt 0.40101430 0.84713531
vt 0.63120949 0.99995852
vt 0.43790990 0.99996042
vt 0.65295738 0.50000000
vt 0.65295738 0.83241868
vt 0.79382187 0.90073878
vt 0.82076699 0.91394538
vt 0.97688299 0.98920470
vt 1.00000000 0.53723907
vt 1.00000000 0.50000000
vt 1.00000000 0.00000000
vt 0.95501328 0.00101638
vt 0.82076699 0.50000000
vt 0.82076699 0.00414234
vt 0.75350040 0.00572860
vt 0.27618539 1.00000000
vt 0.16664770 0.82340068
vt 0.33330360 0.82340068
vt 0.42094800 1.00000000
vt 0.49996781 0.82340068
vt 0.65295738 0.00806665
vt 0.56428760 0.01004213
vt 0.56571031 1.00000000
vt 0.66663963 0.82340068
vt 0.49139431 0.50000000
vt 0.49139419 0.01156669
vt 0.38005751 0.01365667
vt 0.71047252 1.00000000
vt 0.83331758 0.82340068
vt 0.33160901 0.50000000
vt 0.33160901 0.01445806
vt 0.19423079 0.01632004
vt 0.85523552 1.00000000
vt 0.83331758 1.00000000
vt 0.16932669 0.50000000
vt 0.00000000 0.01784706
vt 0.00000000 0.50000000
vt 0.18909350 0.67233533
vt 0.28895769 0.68623739
vt 0.00000000 0.67233533
vt 0.16932669 0.67233533
vt 0.16932610 1.00000000
vt 0.00000000 0.73668689
vt 0.09687000 0.00118411
vt 0.89546871 1.00000000
vt 0.00000000 0.99997371
vt 0.00000000 0.82344258
vt 0.00000000 0.00000000
vt 0.16932669 0.17655580
vt 0.00000000 0.17655580
vt 1.00000000 0.70440161
vt 0.00000000 0.65891773
vt 0.00000000 0.34108010
vt 0.16932669 0.34108010
vt 1.00000000 0.84703708
vt 0.00000000 0.84703708
vt 0.00000000 0.82346141
vt 0.00000000 1.00000000
vt 0.00000000 0.70451123
vt 0.20074390 0.84713531
vt 0.00000000 0.84713531
vt 0.05130660 0.99996477
vt 0.33160901 0.69964111
vt 0.45513180 0.74484217
vt 0.24460950 0.99993920
vt 0.49139431 0.75970978
vt 0.62178028 0.81773400
vt 0.20074390 0.70451123
vt 0.20074390 0.56759101
vt 0.00000000 0.56759101
vt 0.20074390 0.43250000
vt 0.00000000 0.43250000
vt 1.00000000 0.56751782
vt 0.00000000 0.56751782
vt 0.00000000 0.50000000
vt 1.00000000 0.70440161
vt 0.00000000 0.70440161
vt 0.00000000 0.65892953
vt 1.00000000 0.56751782
vt 0.00000000 0.49999931
vt 1.00000000 0.43248230
vt 0.00000000 0.34108099
vt 0.16932669 0.49999881
vt 0.16932669 0.65891773
vt 0.00000000 0.65891773
vt 0.33160901 0.34108010
vt 0.33160901 0.65891773
vt 0.49139431 0.34108010
vt 0.33160901 0.49999881
vt 0.49139431 0.65891773
vt 0.16932669 0.82344282
vt 0.49139431 0.82344282
vt 0.33160901 0.82344282
vt 0.65295738 0.49999881
vt 0.49139431 0.49999881
vt 0.65295738 0.82344282
vt 0.82076699 0.49999881
vt 0.65295738 0.65891773
vt 0.82076699 0.82344282
vt 0.70228302 1.00000000
vt 0.60765719 1.00000000
vt 0.51625562 1.00000000
vt 0.84915012 0.00000000
vt 0.87059069 0.20000000
vt 0.82945949 0.20000000
vt 0.91172189 0.00000000
vt 0.87059069 0.00000000
vt 0.91172189 0.20000000
vt 0.87059069 0.40000001
vt 0.82945949 0.40000001
vt 0.95586097 0.20000000
vt 0.91172189 0.40000001
vt 0.92209232 0.00000000
vt 1.00000000 0.40000001
vt 1.00000000 0.20000000
vt 1.00000000 0.00000000
vt 0.95586097 0.00000000
vt 0.04411143 0.00000000
vt 0.04413902 0.00000000
vt 0.04413902 0.20000000
vt 0.00000000 0.20000000
vt 0.04413902 0.40000001
vt 0.00000000 0.40000001
vt 0.08827805 0.20000000
vt 0.08825290 0.00000000
vt 0.04413902 1.00000000
vt 0.04414010 0.82344282
vt 0.08828026 0.82344282
vt 0.08827805 1.00000000
vt 0.12941191 0.82344282
vt 0.12938580 0.00000000
vt 0.12940930 0.20000000
vt 0.12940930 1.00000000
vt 0.17054370 0.82344282
vt 0.17051880 0.00000000
vt 0.17054050 0.20000000
vt 0.12940930 0.40000001
vt 0.08827805 0.40000001
vt 0.17054050 0.40000001
vt 0.12940930 0.60000002
vt 0.08827805 0.60000002
vt 0.04413902 0.60000002
vt 0.04413902 0.80000001
vt 0.08827805 0.80000001
vt 0.00000000 0.60000002
vt 0.00000000 0.80000001
vt 0.00000000 1.00000000
vt 0.04413902 1.00000000
vt 0.08827805 1.00000000
vt 0.69055158 0.96226633
vt 0.80415720 0.10315190
vt 0.00408929 0.43618321
vt 1.00000000 1.00000000
vt 0.95586097 0.80000001
vt 1.00000000 0.80000001
vt 0.95586097 1.00000000
vt 0.91172189 0.80000001
vt 0.91172189 1.00000000
vt 0.87059069 0.80000001
vt 0.87059069 1.00000000
vt 0.82945949 0.80000001
vt 0.87059069 0.60000002
vt 0.82945949 0.60000002
vt 0.91172189 0.60000002
vt 0.78972977 0.60000002
vt 0.78972977 0.40000001
vt 0.78972977 0.80000001
vt 0.75000000 0.60000002
vt 0.75000000 0.40000001
vt 0.75000000 0.80000001
vt 0.71027023 0.60000002
vt 0.71027023 0.40000001
vt 0.71027023 0.80000001
vt 0.67054051 0.80000001
vt 0.67054051 0.60000002
vt 0.67054051 0.40000001
vt 0.75000000 0.20000000
vt 0.71027023 0.20000000
vt 0.67054051 0.20000000
vt 0.62940931 0.40000001
vt 0.62940931 0.20000000
vt 0.62940931 0.60000002
vt 0.58827811 0.60000002
vt 0.58827811 0.40000001
vt 0.58827811 0.20000000
vt 0.58827811 0.00000000
vt 0.63892931 0.00000000
vt 0.56532770 0.00000000
vt 0.54413903 0.20000000
vt 0.54413903 0.40000001
vt 0.54413903 0.00000000
vt 0.50000000 0.20000000
vt 0.50000000 0.00000000
vt 0.50000000 0.40000001
vt 0.45586091 0.20000000
vt 0.45586091 0.00000000
vt 0.45586091 0.40000001
vt 0.45586091 0.60000002
vt 0.50000000 0.60000002
vt 0.45586091 0.80000001
vt 0.54413903 0.60000002
vt 0.50000000 0.80000001
vt 0.54413903 0.80000001
vt 0.50000000 1.00000000
vt 0.54413903 1.00000000
vt 0.58827811 0.80000001
vt 0.58827811 1.00000000
vt 0.62940931 0.80000001
vt 0.62940931 1.00000000
vt 0.67054051 1.00000000
vt 0.71027023 1.00000000
vt 0.75000000 1.00000000
vt 0.78972977 1.00000000
vt 0.82945949 1.00000000
vt 0.45586091 1.00000000
vt 0.41172189 0.80000001
vt 0.41172189 0.60000002
vt 0.37059069 0.80000001
vt 0.37059069 0.60000002
vt 0.41172189 1.00000000
vt 0.41172189 0.40000001
vt 0.37059069 0.40000001
vt 0.32945949 0.60000002
vt 0.32945949 0.40000001
vt 0.32945949 0.80000001
vt 0.41172189 0.20000000
vt 0.37059069 0.20000000
vt 0.32945949 0.20000000
vt 0.28972971 0.40000001
vt 0.28972971 0.20000000
vt 0.28972971 0.60000002
vt 0.25000000 0.60000002
vt 0.25000000 0.40000001
vt 0.25000000 0.20000000
vt 0.28972971 0.00000000
vt 0.25000000 0.00000000
vt 0.32945949 0.00000000
vt 0.21027020 0.20000000
vt 0.21027020 0.00000000
vt 0.21027020 0.40000001
vt 0.17054050 0.40000001
vt 0.17054050 0.20000000
vt 0.17054050 0.00000000
vt 0.70994848 0.85205650
vt 0.67801589 0.70318007
vt 0.76188231 0.60755318
vt 0.12940930 0.00000000
vt 0.12940930 0.20000000
vt 0.08827805 0.00000000
vt 0.08827805 0.20000000
vt 0.05407559 0.00000000
vt 0.04413902 0.20000000
vt 1.00000000 1.00000000
vt 0.82344377 0.75000000
vt 1.00000000 0.75000000
vt 1.00000000 0.82344377
vt 0.81624752 1.00000000
vt 0.00000000 0.82344377
vt 0.00000000 0.00000000
vt 0.00000000 0.20000000
vt 1.00000000 0.00000000
vt 0.95586097 0.20000000
vt 0.95586097 0.00000000
vt 1.00000000 0.99998361
vt 0.95586121 0.82344282
vt 1.00000000 0.82344282
vt 0.00000000 0.65891898
vt 1.00000000 0.65891898
vt 1.00000000 0.65891773
vt 0.95586121 0.65891773
vt 0.91172230 0.65891773
vt 0.91172230 0.82344282
vt 0.95586121 0.99998361
vt 0.95586121 0.49999881
vt 1.00000000 0.49999180
vt 0.91172230 0.49999881
vt 0.95586121 0.34108010
vt 1.00000000 0.34108010
vt 0.91172230 0.34108010
vt 0.87059128 0.49999881
vt 0.87059128 0.34108010
vt 0.87059128 0.65891773
vt 0.82946032 0.49999881
vt 0.82946032 0.34108010
vt 0.82946032 0.65891773
vt 0.87059128 0.82344282
vt 0.82946032 0.82344282
vt 0.82945949 1.00000000
vt 0.87059069 1.00000000
vt 0.87058741 0.00000000
vt 0.87059069 0.20000000
vt 0.82945949 0.20000000
vt 0.91172189 0.00000000
vt 0.87059069 0.00000000
vt 0.91172189 0.20000000
vt 0.87059069 0.40000001
vt 0.91172189 0.40000001
vt 0.87059069 0.60000002
vt 0.95586097 0.40000001
vt 0.91172189 0.60000002
vt 1.00000000 0.40000001
vt 1.00000000 0.20000000
vt 1.00000000 0.60000002
vt 1.00000000 0.80000001
vt 0.95586097 0.60000002
vt 0.91172189 0.80000001
vt 0.00000000 0.60000002
vt 0.04413902 0.80000001
vt 0.00000000 0.80000001
vt 0.00000000 0.40000001
vt 0.04413902 0.60000002
vt 0.00000000 1.00000000
vt 0.04413902 1.00000000
vt 1.00000000 1.00000000
vt 0.95586097 0.80000001
vt 0.95586097 1.00000000
vt 0.91172189 1.00000000
vt 0.87059069 0.80000001
vt 0.87059069 1.00000000
vt 0.82945949 0.80000001
vt 0.82945949 0.60000002
vt 0.82945949 0.40000001
vt 0.78972977 0.60000002
vt 0.78972977 0.40000001
vt 0.78972977 0.80000001
vt 0.75000000 0.60000002
vt 0.75000000 0.40000001
vt 0.75000000 0.80000001
vt 0.71027023 0.80000001
vt 0.71027023 0.60000002
vt 0.71027023 0.40000001
vt 0.78972977 0.20000000
vt 0.75000000 0.20000000
vt 0.71027023 0.20000000
vt 0.67054051 0.40000001
vt 0.67054051 0.20000000
vt 0.67054051 0.60000002
vt 0.62940931 0.60000002
vt 0.62940931 0.40000001
vt 0.62940931 0.20000000
vt 0.67053181 0.00000000
vt 0.71026272 0.00000000
vt 0.67054051 1.00000000
vt 0.67054170 0.82344282
vt 0.71027142 0.82344282
vt 0.71027029 1.00000000
vt 0.75000107 0.82344282
vt 0.71027142 0.65891773
vt 0.67054170 0.65891773
vt 0.75000107 0.65891773
vt 0.71027142 0.49999881
vt 0.67054170 0.49999881
vt 0.78973073 0.65891773
vt 0.78973073 0.49999881
vt 0.75000107 0.49999881
vt 0.78973073 0.82344282
vt 0.75000107 0.34108010
vt 0.78973073 0.34108010
vt 0.78973073 0.17655580
vt 0.75000107 0.17655580
vt 0.82946032 0.17655580
vt 0.75000000 0.00000000
vt 0.78972971 0.00000000
vt 0.78972441 1.00000000
vt 0.75000000 1.00000000
vt 0.76005560 0.02533668
vt 0.82945508 1.00000000
vt 0.78972977 1.00000000
vt 0.79938358 0.02162826
vt 0.99928230 0.17346659
vt 0.64738208 0.19444101
vt 0.64738208 0.16666660
vt 0.99929798 0.14561200
vt 0.64738208 0.13889070
vt 0.87058741 1.00000000
vt 0.82945949 1.00000000
vt 0.83913392 0.01753997
vt 0.99914593 0.11726930
vt 0.64738208 0.11111480
vt 0.31774390 0.13889070
vt 0.31774390 0.16666660
vt 0.31774390 0.11111480
vt 0.31774390 0.08333706
vt 0.99911392 0.08965665
vt 0.64738208 0.08333706
vt 0.00325501 0.08960604
vt 0.00235122 0.11722170
vt 0.91172189 0.06004512
vt 0.91172189 0.83625489
vt 0.87958258 0.85705858
vt 0.87059069 0.08841645
vt 0.87059069 0.86271459
vt 0.83906919 0.88324678
vt 0.00229001 0.14556719
vt 0.82945949 0.11600010
vt 0.82945949 0.88954037
vt 0.79932511 0.90791053
vt 0.00171846 0.17342620
vt 0.31774390 0.19444101
vt 0.64738208 0.22221540
vt 0.31774390 0.22221540
vt 0.00135547 0.20152600
vt 0.78972977 0.14112569
vt 0.78972977 0.91328692
vt 0.76000381 0.92965519
vt 0.75000000 0.16404711
vt 0.75000000 0.93518198
vt 0.72076643 0.94999462
vt 0.03629738 0.80415767
vt 0.35187879 0.50262803
vt 0.25355300 0.94872212
vt 0.71027023 0.18413320
vt 0.71027023 0.95460159
vt 0.68128151 0.96602207
vt 0.00121886 0.22962490
vt 0.31774390 0.24998860
vt 0.00059680 0.25748360
vt 0.31774390 0.27776191
vt 0.67054051 0.20091251
vt 0.67054051 0.97015709
vt 0.64120817 0.98041987
vt 0.00086416 0.28582701
vt 0.31774390 0.30553439
vt 0.62940931 0.21448240
vt 0.62940931 0.98374391
vt 0.60018343 0.98998833
vt 0.00013580 0.31343779
vt 0.31774390 0.33330691
vt 0.64738208 0.33330691
vt 0.64738208 0.30553439
vt 0.00064268 0.34204111
vt 0.31774390 0.36107910
vt 0.64738208 0.36107910
vt 0.58827811 0.22408880
vt 0.58827811 0.99215913
vt 0.55781293 0.99717551
vt 0.54413903 0.23008969
vt 0.54413903 0.99868327
vt 0.51364899 0.99989402
vt 0.00005461 0.36939591
vt 0.31774390 0.38885131
vt 0.50000000 0.23199540
vt 0.50000000 0.99976373
vt 0.46839190 0.99915171
vt 0.00053510 0.39675081
vt 0.31774390 0.41662371
vt 0.64738208 0.38885131
vt 0.99878359 0.39674431
vt 0.64738208 0.41662371
vt 0.99878103 0.36939621
vt 0.49998501 1.00000000
vt 0.45586091 1.00000000
vt 0.46838450 0.03679531
vt 0.54412591 1.00000000
vt 0.50000000 1.00000000
vt 0.51365221 0.03692936
vt 0.99889392 0.34204769
vt 0.58826667 1.00000000
vt 0.54413903 1.00000000
vt 0.55782652 0.03646594
vt 0.54413903 0.00000000
vt 0.58827901 0.17655580
vt 0.54413950 0.17655580
vt 0.58827811 0.00000000
vt 0.62941039 0.17655580
vt 0.62939918 1.00000000
vt 0.58827811 1.00000000
vt 0.60020667 0.03539979
vt 0.62940931 0.00000000
vt 0.67054170 0.17655580
vt 0.67053181 1.00000000
vt 0.62940931 1.00000000
vt 0.64123970 0.03372561
vt 0.99925703 0.28584671
vt 0.64738208 0.27776191
vt 0.99908167 0.31345329
vt 0.99930000 0.25750941
vt 0.64738208 0.24998860
vt 0.99926060 0.22965620
vt 0.99924749 0.20156249
vt 0.74999362 1.00000000
vt 0.71027023 1.00000000
vt 0.72081268 0.02862775
vt 0.71026272 1.00000000
vt 0.67054051 1.00000000
vt 0.68132120 0.03144681
vt 0.71027029 0.00000000
vt 0.71027142 0.17655580
vt 0.67054051 0.00000000
vt 0.71027142 0.34108010
vt 0.67054170 0.34108010
vt 0.62941039 0.34108010
vt 0.62941039 0.49999881
vt 0.62941039 0.65891773
vt 0.58827901 0.34108010
vt 0.58827901 0.49999881
vt 0.58827901 0.65891773
vt 0.58827901 0.82344282
vt 0.62941039 0.82344282
vt 0.58827811 1.00000000
vt 0.62940931 1.00000000
vt 0.62939918 0.00000000
vt 0.58827811 0.20000000
vt 0.58826667 0.00000000
vt 0.54413903 0.20000000
vt 0.54413903 1.00000000
vt 0.54413950 0.82344282
vt 0.54412591 0.00000000
vt 0.50000000 0.20000000
vt 0.50000000 1.00000000
vt 0.50000000 0.82344282
vt 0.49998501 0.00000000
vt 0.45586091 0.20000000
vt 0.45586100 1.00000000
vt 0.45586181 0.82344282
vt 0.45584550 0.00000000
vt 0.41172189 0.20000000
vt 0.41172189 0.40000001
vt 0.45586091 0.40000001
vt 0.50000000 0.40000001
vt 0.45586091 0.60000002
vt 0.41172189 0.60000002
vt 0.37059069 0.40000001
vt 0.37059069 0.20000000
vt 0.37059069 0.60000002
vt 0.37059069 0.80000001
vt 0.41172189 0.80000001
vt 0.32945949 0.60000002
vt 0.32945949 0.40000001
vt 0.32945949 0.80000001
vt 0.37059069 1.00000000
vt 0.41172189 1.00000000
vt 0.45586091 1.00000000
vt 0.45586091 0.80000001
vt 0.50000000 1.00000000
vt 0.50000000 0.80000001
vt 0.54413903 0.80000001
vt 0.54413903 1.00000000
vt 0.58827811 0.80000001
vt 0.58827811 1.00000000
vt 0.54413903 0.60000002
vt 0.50000000 0.60000002
vt 0.58827811 0.60000002
vt 0.62940931 0.80000001
vt 0.62940931 1.00000000
vt 0.58827811 0.40000001
vt 0.54413903 0.40000001
vt 0.67054051 0.80000001
vt 0.67054051 1.00000000
vt 0.71027023 1.00000000
vt 0.75000000 1.00000000
vt 0.78972977 1.00000000
vt 0.82945949 1.00000000
vt 0.32945949 1.00000000
vt 0.28972971 0.80000001
vt 0.28972971 1.00000000
vt 0.25000000 0.80000001
vt 0.28972971 0.60000002
vt 0.25000000 0.60000002
vt 0.28972971 0.40000001
vt 0.25000000 0.40000001
vt 0.28972971 0.20000000
vt 0.25000000 0.20000000
vt 0.32945949 0.20000000
vt 0.32944220 0.00000000
vt 0.37057400 0.00000000
vt 0.41170591 0.00000000
vt 0.37059069 1.00000000
vt 0.37059289 0.82344282
vt 0.41172361 0.82344282
vt 0.32945949 1.00000000
vt 0.32946220 0.82344282
vt 0.37059289 0.65891773
vt 0.32946220 0.65891773
vt 0.37059289 0.49999881
vt 0.41172361 0.65891773
vt 0.32946220 0.49999881
vt 0.45586181 0.65891773
vt 0.41172361 0.49999881
vt 0.45586181 0.49999881
vt 0.50000000 0.65891773
vt 0.45586181 0.34108010
vt 0.41172361 0.34108010
vt 0.50000000 0.49999881
vt 0.41172361 0.17655580
vt 0.50000000 0.17655580
vt 0.45586181 0.17655580
vt 0.41172189 0.00000000
vt 0.45586100 0.00000000
vt 0.45584550 1.00000000
vt 0.41172189 1.00000000
vt 0.42498699 0.03606885
vt 0.50000000 0.00000000
vt 0.41170591 1.00000000
vt 0.37059069 1.00000000
vt 0.38319790 0.03475511
vt 0.37059069 0.00000000
vt 0.37059289 0.17655580
vt 0.37057400 1.00000000
vt 0.32945949 1.00000000
vt 0.34259140 0.03285890
vt 0.99908590 0.45294511
vt 0.64738208 0.47216889
vt 0.64738208 0.44439599
vt 0.99890041 0.42533839
vt 0.31774390 0.44439599
vt 0.31774390 0.47216889
vt 0.99926138 0.48128241
vt 0.64738208 0.49994189
vt 0.31774390 0.49994189
vt 0.99932802 0.50913513
vt 0.64738208 0.52771592
vt 0.31774390 0.52771592
vt 0.00091436 0.48130810
vt 0.00089147 0.50916678
vt 0.00163335 0.53726578
vt 0.31774390 0.55548990
vt 0.00144434 0.56536198
vt 0.31774390 0.58326530
vt 0.64738208 0.55548990
vt 0.99958652 0.53722882
vt 0.99990559 0.56532413
vt 0.64738208 0.58326530
vt 0.31774390 0.61104071
vt 0.99997407 0.59317988
vt 0.64738208 0.61104071
vt 0.21024980 1.00000000
vt 0.17054050 1.00000000
vt 0.18474160 0.02020895
vt 0.17051880 1.00000000
vt 0.12940930 1.00000000
vt 0.14472739 0.01593178
vt 0.99943292 0.62152219
vt 0.64738208 0.63881791
vt 0.12938580 1.00000000
vt 0.08827805 1.00000000
vt 0.10379400 0.01124358
vt 0.99869633 0.64913541
vt 0.64738208 0.66659498
vt 0.08825290 1.00000000
vt 0.04413902 1.00000000
vt 0.06155073 0.00650334
vt 0.99862868 0.67773843
vt 0.64738208 0.69437420
vt 0.01755493 0.00179344
vt 0.04413902 0.00460648
vt 0.04411143 1.00000000
vt 0.99910480 0.70509619
vt 0.64738208 0.72215331
vt 0.31774390 0.72215331
vt 0.31774390 0.69437420
vt 0.31774390 0.66659498
vt 0.99914950 0.72215331
vt 0.64738208 0.74993438
vt 0.31774390 0.74993438
vt 0.00438005 0.74993438
vt 0.00401706 0.70514798
vt 0.31774390 0.77771562
vt 0.00445563 0.75327277
vt 0.94483697 0.98284388
vt 0.85804230 0.95391703
vt 0.84783483 0.17830950
vt 0.77453130 0.92727971
vt 0.70525640 0.12964900
vt 0.00539011 0.80140489
vt 0.31774390 0.80549878
vt 0.61402518 0.87647003
vt 0.56802797 0.08603137
vt 0.00612462 0.83328211
vt 0.31774390 0.83328211
vt 0.00643414 0.84953892
vt 0.31774390 0.86106712
vt 0.43249720 0.04965877
vt 0.53555602 0.85381198
vt 0.00662494 0.88885212
vt 0.31774390 0.88885212
vt 0.00695205 0.89767432
vt 0.31774390 0.91663861
vt 0.64738208 0.86106712
vt 0.64738208 0.88885212
vt 0.99933141 0.86106712
vt 0.99932879 0.90168440
vt 0.64738208 0.91663861
vt 0.46363851 0.01126956
vt 0.49139279 0.01235944
vt 0.49139419 1.00000000
vt 0.99936062 0.85252881
vt 0.64738208 0.83328211
vt 0.64590371 0.01894080
vt 0.65295577 0.01925694
vt 0.65295732 1.00000000
vt 0.99943632 0.80549878
vt 0.64738208 0.80549878
vt 0.99943292 0.80337811
vt 0.64738208 0.77771562
vt 0.73951548 0.02318930
vt 0.82076579 0.02694082
vt 0.82076693 1.00000000
vt 0.99930781 0.75423253
vt 0.82076579 1.00000000
vt 0.93611968 0.03219568
vt 0.99997687 1.00000000
vt 0.82078463 0.00000000
vt 1.00000000 0.17655580
vt 0.82076699 0.17655580
vt 0.00003000 0.00000000
vt 0.04414010 0.17655580
vt 0.00003000 0.17655580
vt 0.04413902 0.00000000
vt 0.08828026 0.17655580
vt 0.08828026 0.34108010
vt 0.04414010 0.34108010
vt 0.00003000 0.34108010
vt 0.00003000 0.49999881
vt 0.04414010 0.49999881
vt 0.04414010 0.65891773
vt 0.00003000 0.65891773
vt 0.08828026 0.65891773
vt 0.08828026 0.49999881
vt 0.12941191 0.65891773
vt 0.12941191 0.34108010
vt 0.17054370 0.49999881
vt 0.12941191 0.49999881
vt 0.21027350 0.49999881
vt 0.17054370 0.65891773
vt 0.21027350 0.65891773
vt 0.17054370 0.34108010
vt 0.17054370 0.17655580
vt 0.12941191 0.17655580
vt 0.21027350 0.17655580
vt 0.25000331 0.34108010
vt 0.21027350 0.34108010
vt 0.25000331 0.49999881
vt 0.21027020 0.00000000
vt 0.25000331 0.17655580
vt 0.17054050 0.00000000
vt 0.24998081 1.00000000
vt 0.21027020 1.00000000
vt 0.22419810 0.02403235
vt 0.25000000 0.00000000
vt 0.28973281 0.17655580
vt 0.28971139 1.00000000
vt 0.25000000 1.00000000
vt 0.26343590 0.02741909
vt 0.28972971 0.00000000
vt 0.32946220 0.17655580
vt 0.32944220 1.00000000
vt 0.28972971 1.00000000
vt 0.30279231 0.03038555
vt 0.32945949 0.00000000
vt 0.32946220 0.34108010
vt 0.28973281 0.34108010
vt 0.37059289 0.34108010
vt 0.28973281 0.49999881
vt 0.28973281 0.65891773
vt 0.25000331 0.65891773
vt 0.25000331 0.82344282
vt 0.28973281 0.82344282
vt 0.25000000 1.00000000
vt 0.28972971 1.00000000
vt 0.28971139 0.00000000
vt 0.24998081 0.00000000
vt 0.21027020 0.20000000
vt 0.21027020 1.00000000
vt 0.21027350 0.82344282
vt 0.21024980 0.00000000
vt 0.17054050 1.00000000
vt 0.21027020 0.40000001
vt 0.17054050 0.60000002
vt 0.21027020 0.60000002
vt 0.21027020 0.80000001
vt 0.17054050 0.80000001
vt 0.12940930 0.80000001
vt 0.12940930 1.00000000
vt 0.17054050 1.00000000
vt 0.21027020 1.00000000
vt 0.25000000 1.00000000
vt 0.08827805 0.00000000
vt 0.12940930 0.00000000
vt 0.00003000 0.82344282
vt 0.00003000 0.99998361
vt 0.04414010 0.99998361
vt 1.00000000 0.99998361
vt 0.89845443 1.00000000
vt 1.00000000 0.82344282
vt 0.82076699 0.65891773
vt 1.00000000 0.65891773
vt 1.00000000 0.49999180
vt 1.00000000 0.34108010
vt 0.82076699 0.34108010
vt 0.65295738 0.34108010
vt 0.65295738 0.17655580
vt 0.49139431 0.17655580
vt 0.49140421 0.00000000
vt 0.65297079 0.00000000
vt 0.33160901 0.17655580
vt 0.33161560 0.00000000
vt 0.28270841 0.00522822
vt 0.33160800 0.00666791
vt 0.33160901 1.00000000
vt 0.16932669 0.00000000
vt 0.99934852 0.91663861
vt 0.64738208 0.94442511
vt 0.99935728 0.95084172
vt 0.64738208 0.97221249
vt 0.31774390 0.97221249
vt 0.31774390 0.94442511
vt 0.00710243 0.91663861
vt 0.00693649 0.94442511
vt 0.00698096 0.94581008
vt 0.61882550 1.00000000
vt 0.00719142 0.99394721
vt 0.00759077 0.97221249
vt 1.00000000 0.68365419
vt 0.83331758 0.65888709
vt 0.99933141 0.97221249
vt 0.64738208 1.00000000
vt 0.95742542 0.50000262
vt 1.00000000 0.65888709
vt 0.83331758 0.50000262
vt 0.66663963 0.65888709
vt 0.66663963 0.50000262
vt 0.49996781 0.65888709
vt 0.49996781 0.50000262
vt 0.33330360 0.65888709
vt 0.33330360 0.50000262
vt 0.16664770 0.65888709
vt 0.16664770 0.50000262
vt 0.00000000 0.65888709
vt 0.00000000 0.82340068
vt 0.50000000 0.00000000
vt 0.65893161 0.06250000
vt 0.50000000 0.06250000
vt 0.65893161 0.00000000
vt 0.82346028 0.06250000
vt 0.13142049 1.00000000
vt 0.82346028 0.00000000
vt 1.00000000 0.06250000
vt 0.82346028 0.12500000
vt 0.65893161 0.12500000
vt 1.00000000 0.12500000
vt 1.00000000 0.18750000
vt 0.82346028 0.18750000
vt 0.65893161 0.18750000
vt 0.78872311 0.40458080
vt 0.73590392 0.37108240
vt 0.73471051 0.93489188
vt 1.00000000 0.25000000
vt 1.00000000 0.31250000
vt 0.82346028 0.25000000
vt 0.65893161 0.25000000
vt 0.82346028 0.31250000
vt 0.65893161 0.31250000
vt 0.50000000 0.25000000
vt 0.50000000 0.31250000
vt 0.50000000 0.18750000
vt 0.50000000 0.12500000
vt 0.34106830 0.25000000
vt 0.34106830 0.18750000
vt 0.34106830 0.12500000
vt 0.17653970 0.25000000
vt 0.17653970 0.18750000
vt 0.17653970 0.12500000
vt 0.00000000 0.18750000
vt 0.00000000 0.25000000
vt 0.34106830 0.06250000
vt 0.17653970 0.06250000
vt 0.00000000 0.12500000
vt 0.00000000 0.06250000
vt 0.17653970 0.00000000
vt 0.00000000 0.00003514
vt 0.16664770 0.17660230
vt 0.00000000 0.17660230
vt 0.16664770 0.00000743
vt 0.33330360 0.17660230
vt 0.33330360 0.00000739
vt 0.49996781 0.17660230
vt 0.49996781 0.00003511
vt 0.66663963 0.17660230
vt 0.33330360 0.34111759
vt 0.49996781 0.34111759
vt 0.83204710 0.00000658
vt 0.83331758 0.17660230
vt 0.66663963 0.34111759
vt 0.86206698 0.17660230
vt 0.83331758 0.34111759
vt 0.83331758 0.00869882
vt 0.02684921 0.07804000
vt 0.00117624 0.00017672
vt 0.15243740 0.00553340
vt 0.21782300 0.79232317
vt 0.29518780 0.02236735
vt 0.37881461 0.81697011
vt 0.90010798 0.34111759
vt 0.16664770 0.34111759
vt 0.00000000 0.50000262
vt 0.00000000 0.34111759
vt 0.34106830 0.00000000
vt 0.00000000 0.31250000
vt 0.17653970 0.31250000
vt 0.00000000 0.37500000
vt 0.17653970 0.37500000
vt 0.34106830 0.31250000
vt 0.34106830 0.37500000
vt 0.65893161 0.37500000
vt 0.50000000 0.37500000
vt 0.34106830 0.43750000
vt 0.65893161 0.43750000
vt 0.50000000 0.43750000
vt 0.82346028 0.43750000
vt 0.82346028 0.37500000
vt 1.00000000 0.43750000
vt 1.00000000 0.37500000
vt 1.00000000 0.50000000
vt 1.00000000 0.56250000
vt 0.82346028 0.50000000
vt 0.65893161 0.50000000
vt 0.82346028 0.56250000
vt 0.65893161 0.56250000
vt 0.50000000 0.50000000
vt 0.50000000 0.56250000
vt 0.34106830 0.50000000
vt 0.34106830 0.56250000
vt 0.34106830 0.62500000
vt 0.65893161 0.62500000
vt 0.50000000 0.62500000
vt 0.34106830 0.68750000
vt 0.65893161 0.68750000
vt 0.50000000 0.68750000
vt 0.17653970 0.62500000
vt 0.17653970 0.56250000
vt 0.17653970 0.68750000
vt 0.00000000 0.62500000
vt 0.00000000 0.68750000
vt 0.00000000 0.75000000
vt 0.17653970 0.75000000
vt 0.00000000 0.81250000
vt 0.17653970 0.81250000
vt 0.34106830 0.75000000
vt 0.50000000 0.75000000
vt 0.34106830 0.81250000
vt 0.17653970 0.87500000
vt 0.50000000 0.81250000
vt 0.34106830 0.87500000
vt 0.65893161 0.81250000
vt 0.65893161 0.87500000
vt 0.50000000 0.87500000
vt 0.34106830 0.93750000
vt 0.65893161 0.93750000
vt 0.50000000 0.93750000
vt 0.82346028 0.87500000
vt 0.82346028 0.93750000
vt 0.56745273 1.00000000
vt 0.70423537 1.00000000
vt 0.00000000 0.34106830
vt 0.33335829 0.29576460
vt 0.33335829 0.43254730
vt 0.00000000 0.50000000
vt 0.33335829 0.56745273
vt 0.43254730 1.00000000
vt 0.00000000 0.65893161
vt 0.33335829 0.70423537
vt 0.29576460 1.00000000
vt 0.17653970 0.93750000
vt 0.00000000 0.82346028
vt 0.33335829 0.84686363
vt 0.66653782 0.56745273
vt 0.66653782 0.70423537
vt 1.00000000 0.56745273
vt 1.00000000 0.70423537
vt 0.66653782 0.84686363
vt 0.66955251 0.99998701
vt 0.66653782 0.99998730
vt 0.33908999 0.99999452
vt 0.67940778 0.01828527
vt 0.68234700 0.01810818
vt 0.68234700 0.89117908
vt 1.00000000 0.26419750
vt 1.00000000 0.84349549
vt 0.66666508 0.00000288
vt 1.00000000 0.15314330
vt 0.66533053 0.15314330
vt 0.68234700 0.50000000
vt 1.00000000 0.27196759
vt 0.68234700 0.18987410
vt 0.35247710 0.09756255
vt 0.35247710 0.48375341
vt 0.37331700 0.50000000
vt 0.33333451 0.00000676
vt 0.33220410 0.15314330
vt 0.35132700 0.09723776
vt 0.12203940 0.31179130
vt 0.23416460 0.38869360
vt 0.00000000 0.00000676
vt 0.00000000 0.15314330
vt 0.62551248 0.18125860
vt 0.59392560 0.16989800
vt 0.62139201 0.00885546
vt 1.00000000 0.00000000
vt 1.00000000 1.00000000
vt 0.84685332 1.00000000
vt 0.00000000 0.17655130
vt 0.33220410 0.29576981
vt 0.70421749 1.00000000
vt 0.65891898 0.00000000
vt 0.82344377 0.00000000
vt 0.00000000 0.34106529
vt 0.33220410 0.43254659
vt 0.56743169 1.00000000
vt 0.50000000 0.00000000
vt 0.00000000 0.49997380
vt 0.33220410 0.56744522
vt 0.43252420 1.00000000
vt 0.34108099 0.00000000
vt 0.00000000 0.65888232
vt 0.33220410 0.70422328
vt 0.29573709 1.00000000
vt 0.17655620 0.00000000
vt 0.00000000 0.49999881
vt 0.33535701 0.34108010
vt 0.33535701 0.49999881
vt 0.00000000 0.17655580
vt 0.00000000 0.34108010
vt 0.33535701 0.00000000
vt 0.33535701 0.17655580
vt 0.15309860 1.00000000
vt 0.00000000 0.00000000
vt 0.00000000 0.82339633
vt 0.33220410 0.84685242
vt 0.00000000 0.99994087
vt 0.33220410 0.99998641
vt 0.66533053 0.70422328
vt 0.66533053 0.84685242
vt 0.66533053 0.99998689
vt 1.00000000 0.70422328
vt 1.00000000 0.84685242
vt 1.00000000 0.00000000
vt 0.66653782 0.15313640
vt 0.66653782 0.00013976
vt 0.33335829 0.15313640
vt 0.33335829 0.00014202
vt 0.00000000 0.15313640
vt 0.84686363 1.00000000
vt 0.82346028 1.00000000
vt 0.00000000 0.17653970
vt 1.00000000 0.93750000
vt 1.00000000 0.87500000
vt 0.82346028 0.81250000
vt 1.00000000 0.81250000
vt 0.82346028 0.75000000
vt 1.00000000 0.75000000
vt 0.82346028 0.68750000
vt 1.00000000 0.68750000
vt 0.65893161 0.75000000
vt 0.82346028 0.62500000
vt 1.00000000 0.62500000
vt 0.66653782 0.29576460
vt 1.00000000 0.29576460
vt 0.66653782 0.43254730
vt 1.00000000 0.15313640
vt 1.00000000 0.43254730
vt 1.00000000 0.56744522
vt 0.66533053 0.43254659
vt 1.00000000 0.43254659
vt 0.66533053 0.56744522
vt 0.66533053 0.29576981
vt 1.00000000 0.29576981
vt 0.67717791 0.00000000
vt 0.67717791 0.34108010
vt 1.00000000 0.34108010
vt 0.67717791 0.17655580
vt 1.00000000 0.17655580
vt 1.00000000 0.49999180
vt 0.67717791 0.49999881
vt 0.33535701 0.65891773
vt 1.00000000 0.65891773
vt 0.34108099 1.00000000
vt 0.50000000 0.66666669
vt 0.50000000 1.00000000
vt 0.65891898 1.00000000
vt 0.65891898 0.66666669
vt 0.50000000 0.33333331
vt 0.34108099 0.66666669
vt 0.34108099 0.33333331
vt 0.82344377 1.00000000
vt 0.82344377 0.66666669
vt 0.82344377 0.33333331
vt 0.65891898 0.33333331
vt 1.00000000 1.00000000
vt 1.00000000 0.66666669
vt 1.00000000 0.33333331
vt 0.67717791 0.82344282
vt 0.67717791 0.65891773
vt 1.00000000 0.82344282
vt 0.67717791 0.99998361
vt 0.33535701 0.99998361
vt 0.00000000 0.82344282
vt 0.33535701 0.82344282
vt 0.00000000 0.65891773
vt 0.82344377 0.00000000
vt 0.65891898 0.00000000
vt 1.00000000 0.12416750
vt 0.00000000 0.65891898
vt 0.19773160 0.82344377
vt 0.00000000 0.82344377
vt 0.00000000 1.00000000
vt 0.19773160 1.00000000
vt 0.95668250 0.56073058
vt 0.95456457 0.51678431
vt 0.99677038 0.48997399
vt 0.39040610 0.82344377
vt 0.39040610 1.00000000
vt 0.58407003 1.00000000
vt 0.58407003 0.82344377
vt 0.19773160 0.65891898
vt 0.58407003 0.65891898
vt 0.39040610 0.65891898
vt 0.58407003 0.50000000
vt 0.39040610 0.50000000
vt 0.19773160 0.50000000
vt 0.39040610 0.34108099
vt 0.19773160 0.34108099
vt 0.78489578 0.65891898
vt 0.58407003 0.34108099
vt 0.78489578 0.50000000
vt 0.58407003 0.17655620
vt 0.39040610 0.17655620
vt 0.78489578 0.17655620
vt 1.00000000 0.34108099
vt 1.00000000 0.17655620
vt 0.78489578 0.34108099
vt 1.00000000 0.50000000
vt 0.00261408 0.34108099
vt 1.00000000 0.34108099
vt 0.00261408 0.17655620
vt 1.00000000 0.17655620
vt 0.80669141 0.00000000
vt 1.00000000 0.00000000
vt 0.17655620 1.00000000
vt 0.00000000 0.00000000
vt 0.17655620 0.00000000
vt 0.34108099 0.00000000
vt 0.17117301 0.00000000
vt 0.17465620 0.00000000
vt 0.17465620 0.17655580
vt 0.00000000 0.17655580
vt 0.17465620 0.34108010
vt 0.00000000 0.34108010
vt 0.33151689 0.00000000
vt 0.33815849 0.17655580
vt 0.17465620 0.49999881
vt 0.00000000 0.49999881
vt 0.33815849 0.49999881
vt 0.00000000 0.65891773
vt 0.17465620 0.65891773
vt 0.00000000 0.82344282
vt 0.17465620 0.82344282
vt 0.33815849 0.65891773
vt 0.49677941 0.49999881
vt 0.49677941 0.82344282
vt 0.33815849 0.82344282
vt 0.17465620 0.99998361
vt 0.33815849 0.99998361
vt 0.49677941 0.99998361
vt 0.65608221 0.99998361
vt 0.65608221 0.82344282
vt 0.82172823 0.99998361
vt 0.82172823 0.82344282
vt 0.65608221 0.65891773
vt 0.49677941 0.65891773
vt 0.65608221 0.49999881
vt 0.82172823 0.65891773
vt 0.65608221 0.34108010
vt 0.49677941 0.34108010
vt 0.82172823 0.49999881
vt 0.33815849 0.34108010
vt 0.49677941 0.17655580
vt 0.64271379 0.00000000
vt 0.65608221 0.17655580
vt 0.48695171 0.00000000
vt 0.49158171 0.00000000
vt 0.50165021 1.00000000
vt 0.49158171 1.00000000
vt 0.65391892 0.00000000
vt 0.66072333 1.00000000
vt 0.65391892 1.00000000
vt 0.48695171 1.00000000
vt 0.33815849 0.00000000
vt 0.49677941 0.00000000
vt 0.64271379 1.00000000
vt 0.65608221 0.00000000
vt 0.32854670 0.00000000
vt 0.34224209 1.00000000
vt 0.32854670 1.00000000
vt 0.80408370 1.00000000
vt 0.82172823 0.00000000
vt 0.57759249 0.84722912
vt 0.61535460 0.83945698
vt 0.70835263 0.99504268
vt 1.00000000 0.00000000
vt 1.00000000 1.00000000
vt 0.97710770 1.00000000
vt 0.15901980 1.00000000
vt 0.00002112 0.00000000
vt 0.15901980 0.00000000
vt 0.00000000 0.00000000
vt 1.00000000 1.00000000
vt 0.00000000 1.00000000
vt 0.97710770 0.00000000
vt 1.00000000 0.17655580
vt 0.82172823 0.17655580
vt 0.80408370 0.00000000
vt 0.82172823 0.34108010
vt 0.00000000 1.00000000
vt 0.17655620 0.66666669
vt 0.17655620 1.00000000
vt 0.34108099 1.00000000
vt 0.34108099 0.66666669
vt 0.17655620 0.33333331
vt 0.00000000 0.66666669
vt 0.33333331 1.00000000
vt 0.66666669 1.00000000
vt 1.00000000 0.00000000
vt 0.00000000 0.33333331
vt 0.17655620 0.00000000
vt 0.22470580 0.25000000
vt 0.27684981 0.25177291
vt 0.33344370 0.00000000
vt 1.00000000 0.99997371
vt 0.66007870 0.82344258
vt 1.00000000 0.82344258
vt 0.34108099 0.00000000
vt 0.66007870 0.65891773
vt 1.00000000 0.65891773
vt 0.66007870 0.99997371
vt 0.32627329 0.82344258
vt 0.32627329 0.65891773
vt 0.00000000 0.65891773
vt 0.00000000 0.82344258
vt 0.32627329 0.99997371
vt 0.17655620 1.00000000
vt 0.34108099 0.66666669
vt 0.34108099 1.00000000
vt 0.00000000 0.66666669
vt 0.17655620 0.66666669
vt 1.00000000 0.50000000
vt 0.66655427 0.00000000
vt 0.66655427 0.50000000
vt 0.00000000 0.33333331
vt 0.12659781 0.00000000
vt 0.17655620 0.00000000
vt 0.17655620 0.33333331
vt 1.00000000 0.99938017
vt 0.85878372 0.87296981
vt 1.00000000 0.87296981
vt 0.85878372 0.99935639
vt 0.71726698 0.87296981
vt 1.00000000 0.82308543
vt 0.85878372 0.74593961
vt 0.71726698 0.74593961
vt 0.57555318 0.74593961
vt 0.57555318 0.87296981
vt 0.71726698 0.99938011
vt 0.43382680 0.74593961
vt 0.43382680 0.99937981
vt 0.29251930 0.74593961
vt 0.29251930 0.50000763
vt 0.57555318 0.62297362
vt 0.29251930 0.25407189
vt 0.43382680 0.50000763
vt 0.57555318 0.37703970
vt 0.57555318 0.50000763
vt 0.43382680 0.25407189
vt 0.71726698 0.50000763
vt 0.71726698 0.62297362
vt 0.85878372 0.62297362
vt 0.71726698 0.37703970
vt 0.85878372 0.50000763
vt 1.00000000 0.62297362
vt 1.00000000 0.50000763
vt 1.00000000 0.74593961
vt 0.37696469 0.00000000
vt 0.50000000 0.33333331
vt 0.34108099 0.33333331
vt 0.62326318 0.00000000
vt 0.65891898 0.33333331
vt 0.85878372 0.37703970
vt 1.00000000 0.37703970
vt 0.85878372 0.25407189
vt 0.74641329 0.00000000
vt 0.82344377 0.33333331
vt 1.00000000 0.25407189
vt 0.85878372 0.12703590
vt 0.87363762 0.00000000
vt 1.00000000 0.33333331
vt 0.85878372 0.00085919
vt 1.00000000 0.12703590
vt 0.71726698 0.12703590
vt 0.71726698 0.25407189
vt 0.76859099 0.00085963
vt 0.87264538 0.89042437
vt 0.79738939 0.82344228
vt 0.85020018 0.99996680
vt 0.89510018 0.78586572
vt 0.91754019 0.68190551
vt 0.79738939 0.65891761
vt 0.59628117 0.82344228
vt 0.79738939 0.99996680
vt 0.59628117 0.65891761
vt 0.39648330 0.82344228
vt 0.59628117 0.99996680
vt 0.39648330 0.65891761
vt 0.59628117 0.49999931
vt 0.39648330 0.49999931
vt 0.19778810 0.65891761
vt 0.19778810 0.82344228
vt 0.19778810 0.49999931
vt 0.19778810 0.34108120
vt 0.39648330 0.34108120
vt 0.39648330 0.17655680
vt 0.19778810 0.17655680
vt 0.59628117 0.17655680
vt 0.02778714 0.17655680
vt 0.00000000 0.30545580
vt 0.00000000 0.34108120
vt 0.00000000 0.38067621
vt 1.00000000 0.16461369
vt 1.00000000 0.11119970
vt 0.49571040 0.02106511
vt 0.54919553 0.99998122
vt 0.50152832 0.99998093
vt 0.50152832 0.79490763
vt 0.49121970 0.99967271
vt 0.00000000 0.83273172
vt 0.49783030 0.83273172
vt 0.48918849 0.02068382
vt 0.00000000 0.00000000
vt 0.49571040 0.32922739
vt 1.00000000 0.32556930
vt 0.49571040 0.16461369
vt 1.00000000 0.32922739
vt 1.00000000 0.49390659
vt 0.49571040 0.49390659
vt 0.00000000 0.32922739
vt 1.00000000 0.53994173
vt 1.00000000 0.65858573
vt 1.00000000 0.76187873
vt 0.49571040 0.65858573
vt 1.00000000 0.82929289
vt 0.00000000 1.00000000
vt 0.49571040 1.00000000
vt 0.49571040 0.82929289
vt 0.00000000 0.65891761
vt 0.00000000 0.74688882
vt 0.00000000 0.50271648
vt 0.00000000 0.62480283
vt 0.00000000 0.87343872
vt 0.00000000 0.99996680
vt 0.19778810 0.99996680
vt 0.39648330 0.99996680
vt 0.00000000 0.00000000
vt 0.00000000 0.50000000
vt 1.00000000 0.50000000
vt 0.00000000 0.67077261
vt 0.00000000 1.00000000
vt 0.49429911 0.99344963
vt 1.00000000 0.99967301
vt 0.49783030 0.66546333
vt 0.00000000 0.66568100
vt 0.00000000 0.50000000
vt 0.50137538 1.00000000
vt 0.49783030 0.49999651
vt 0.49783030 0.33452970
vt 1.00000000 0.66546333
vt 0.00000000 0.00000000
vt 0.50137538 0.00000000
vt 0.50137538 0.50000000
vt 1.00000000 0.33452970
vt 0.58933932 0.00000233
vt 0.00000000 0.33452970
vt 0.00000000 0.16726480
vt 0.49783030 0.16726480
vt 0.00000000 0.49999651
vt 1.00000000 0.59741068
vt 0.50152832 0.59741068
vt 0.50152832 0.40238729
vt 1.00000000 0.79490763
vt 0.00000000 0.66546333
vt 0.00000000 0.79490763
vt 0.00000000 0.59741068
vt 1.00000000 0.17434581
vt 1.00000000 0.20643930
vt 0.00000000 0.20511140
vt 0.85288900 1.00000000
vt 0.79983407 1.00000000
vt 0.82360822 0.00034654
vt 0.03071492 0.16221960
vt 0.06140339 0.00002318
vt 0.39648330 0.00002318
vt 0.24711090 0.00000000
vt 0.63966918 1.00000000
vt 0.59991688 1.00000000
vt 0.60325271 0.01438093
vt 0.59628117 0.00002318
vt 0.43366030 0.00000000
vt 0.59991688 0.01459693
vt 0.42658401 1.00000000
vt 0.24999700 0.17659280
vt 0.48061091 0.00000000
vt 0.49999979 0.17659280
vt 0.02695953 0.00000000
vt 0.24999700 0.00000000
vt 0.24999700 0.34110919
vt 0.00000000 0.33937821
vt 1.00000000 0.17657690
vt 0.66938508 0.33934760
vt 0.66938508 0.17431021
vt 1.00000000 0.34107840
vt 0.66938508 0.49999481
vt 0.00000000 0.50000018
vt 0.24999700 0.50000018
vt 0.00000000 0.65889108
vt 0.24999700 0.65889108
vt 1.00000000 0.65883148
vt 1.00000000 0.66064310
vt 0.66938508 0.66064310
vt 0.33495551 0.49999481
vt 0.33495551 0.33934760
vt 0.33495551 0.66064310
vt 1.00000000 0.82333291
vt 1.00000000 0.82568371
vt 0.66938508 0.82568371
vt 0.33495551 0.82568371
vt 0.66938508 0.99991041
vt 0.99127531 0.99990958
vt 0.33495551 0.99996358
vt 0.00000000 0.79345411
vt 0.00000000 0.66064310
vt 0.00000000 0.99990958
vt 0.00000000 0.82568371
vt 0.00000000 0.79504579
vt 0.00000000 0.79353082
vt 1.00000000 0.82576263
vt 1.00000000 0.66071087
vt 1.00000000 0.79353082
vt 0.00000000 0.59762239
vt 0.00000000 0.59672731
vt 0.00000000 0.49999481
vt 0.00000000 0.40316340
vt 1.00000000 0.50001198
vt 1.00000000 0.59679091
vt 0.00000000 0.40321881
vt 0.00000000 0.20647410
vt 0.50152832 0.20495909
vt 1.00000000 0.40238729
vt 0.07659173 0.00000133
vt 0.50152832 0.00002169
vt 1.00000000 0.16731951
vt 1.00000000 0.20495909
vt 0.61014181 0.67113870
vt 0.68234700 0.73081911
vt 0.00000000 0.00000000
vt 0.69505727 0.74228013
vt 1.00000000 1.00000000
vt 1.00000000 0.50000000
vt 1.00000000 0.33939409
vt 1.00000000 0.40316340
vt 0.00000000 0.40260369
vt 0.00000000 0.40311271
vt 0.00000000 0.33934760
vt 0.00000000 0.20640150
vt 0.00000000 0.17431021
vt 0.33495551 0.17431021
vt 0.33495551 0.00025649
vt 0.66938508 0.00000031
vt 1.00000000 0.00000000
vt 0.00000000 0.05999058
vt 0.34659049 0.03883683
vt 0.35247710 0.94435138
vt 0.00000000 0.82575840
vt 0.00000000 0.82340741
vt 0.24999700 0.82340741
vt 0.00000000 0.66070282
vt 0.49999979 0.65889108
vt 0.49999979 0.99967211
vt 0.49999979 0.82340741
vt 0.49999979 0.50000018
vt 0.75000268 0.82340741
vt 0.75000268 0.50000018
vt 0.95834738 0.56511670
vt 0.96666241 0.65889108
vt 0.75000268 0.65889108
vt 0.96859628 0.67958373
vt 0.97900259 0.78688222
vt 0.75000268 0.99981129
vt 0.98948658 0.89235461
vt 1.00000000 0.99999982
vt 1.00000000 0.87287992
vt 0.85027051 0.99994689
vt 0.85027051 0.87287992
vt 0.00000000 0.00000000
vt 0.12714900 0.00000000
vt 0.17656860 0.06250000
vt 0.00000000 0.06250000
vt 0.17656860 0.12500000
vt 0.00000000 0.12500000
vt 0.17656860 0.18750000
vt 0.00000000 0.18750000
vt 0.17656860 0.25000000
vt 0.00000000 0.25000000
vt 0.34109059 0.25000000
vt 0.34109059 0.18750000
vt 0.50000000 0.25000000
vt 0.34109059 0.12500000
vt 0.50000000 0.18750000
vt 0.65890938 0.12500000
vt 0.50000000 0.12500000
vt 0.65890938 0.18750000
vt 0.50000000 0.31250000
vt 0.34109059 0.31250000
vt 0.65890938 0.25000000
vt 0.82343131 0.25000000
vt 0.65890938 0.31250000
vt 0.82343131 0.18750000
vt 1.00000000 0.25000000
vt 0.82343131 0.31250000
vt 1.00000000 0.18750000
vt 0.82343131 0.12500000
vt 1.00000000 0.12500000
vt 0.82343131 0.06250000
vt 0.65890938 0.06250000
vt 1.00000000 0.06250000
vt 0.74617052 0.00000000
vt 1.00000000 0.00000000
vt 1.00000000 0.00060584
vt 0.85027051 0.12713380
vt 0.85027051 0.00060583
vt 0.70026511 0.12713380
vt 0.70026511 0.00060583
vt 0.70026511 0.25426760
vt 1.00000000 0.17705780
vt 0.85027051 0.25426760
vt 1.00000000 0.34147099
vt 1.00000000 0.37714291
vt 0.85027051 0.37714291
vt 0.70026511 0.37714291
vt 0.55039853 0.37714291
vt 0.55039853 0.25426760
vt 0.55039853 0.12713380
vt 0.55039853 0.50001812
vt 0.70026511 0.50001812
vt 0.85027051 0.50001812
vt 0.70026511 0.62288898
vt 0.55039853 0.62288898
vt 0.55039853 0.74575990
vt 0.40161860 0.74575990
vt 0.40161860 0.50001812
vt 0.55039853 0.87287992
vt 0.52242351 0.99999201
vt 0.70026511 0.74575990
vt 0.85027051 0.74575990
vt 0.70026511 0.87287992
vt 0.85027051 0.62288898
vt 0.55039853 0.99998021
vt 0.70026511 0.99993020
vt 0.75224751 0.99994773
vt 1.00000000 0.82349300
vt 1.00000000 0.65907979
vt 1.00000000 0.74575990
vt 1.00000000 0.50001812
vt 0.37730530 0.00000000
vt 0.50000000 0.06250000
vt 0.34109059 0.06250000
vt 0.62321401 0.00000000
vt 0.25435320 0.00000000
vt 0.32520279 0.99982929
vt 0.25598159 0.74575990
vt 0.25598159 0.50001812
vt 0.18641600 0.74575990
vt 0.18641600 0.50001812
vt 0.18641600 0.99873281
vt 0.25598159 0.99999332
vt 0.94379902 0.35888961
vt 0.94842631 0.43446761
vt 0.11685030 0.99983829
vt 0.11685030 0.74575990
vt 0.93937480 0.26631051
vt 0.94284081 0.34110919
vt 0.75000268 0.34110919
vt 0.06595665 0.99988037
vt 0.05842512 0.74575990
vt 0.11685030 0.50001812
vt 0.05842512 0.50001812
vt 0.25598159 0.25426760
vt 0.11685030 0.25426760
vt 0.05842512 0.25426760
vt 0.04381883 0.25426760
vt 0.02921253 0.50001812
vt 0.02921253 0.74575990
vt 0.02921253 0.25426760
vt 0.01460623 0.50001812
vt 0.01460623 0.25426760
vt 0.01460623 0.74575990
vt 0.02921253 0.99948108
vt 0.05842512 0.99992043
vt 0.01460623 0.99941218
vt 0.00000000 0.99994493
vt 0.00000000 0.74575990
vt 0.50787151 1.00000000
vt 0.25981930 1.00000000
vt 0.25983259 0.00000000
vt 0.00000000 1.00000000
vt 0.00000000 0.05459785
vt 0.16262969 0.04352962
vt 0.93478513 0.08878964
vt 0.93604243 0.16067550
vt 0.75000268 0.17659280
vt 0.70743990 0.00000000
vt 0.49999979 0.34110919
vt 0.38300011 0.02878522
vt 0.40008309 1.00000000
vt 0.21342181 1.00000000
vt 1.00000000 0.00002318
vt 0.80993640 0.00000000
vt 0.99452132 0.17655680
vt 0.79738939 0.17655680
vt 0.79738939 0.00002318
vt 0.62121272 0.00000000
vt 0.59628117 0.34108120
vt 0.98373348 0.29867411
vt 0.99407381 0.18335250
vt 0.07144385 0.00067198
vt 0.07505929 0.25407189
vt 0.05629444 0.25407189
vt 0.07505929 0.00027144
vt 0.15011860 0.25407189
vt 0.18451810 0.00202471
vt 0.15011860 0.50000763
vt 0.07505929 0.50000763
vt 0.15011860 0.74593961
vt 0.07505929 0.74593961
vt 0.05629444 0.50000763
vt 0.05629444 0.74593961
vt 0.15011860 0.99938190
vt 0.07505929 0.99938101
vt 0.05629444 0.99937552
vt 0.03752964 0.74593961
vt 0.03752964 0.50000763
vt 0.03752964 0.99937057
vt 0.01876479 0.74593961
vt 0.02814722 0.50000763
vt 0.01876479 0.99992871
vt 0.00938237 0.74593961
vt 0.00938237 0.99984211
vt 0.00000000 0.74593961
vt 0.00000000 0.50000763
vt 0.00938237 0.50000763
vt 0.00000000 0.25407189
vt 0.00000000 0.00086061
vt 0.00938237 0.25407189
vt 0.01876479 0.50000763
vt 0.00938237 0.00136000
vt 0.01876479 0.25407189
vt 0.01876479 0.00192136
vt 0.02814722 0.25407189
vt 0.02814722 0.00121057
vt 0.03752964 0.25407189
vt 0.03752964 0.00087834
vt 0.00723779 0.00031895
vt 0.01460623 0.00002150
vt 0.02921253 0.00031909
vt 0.04381883 0.00053075
vt 0.05842512 0.00060814
vt 0.08764117 0.00060557
vt 0.25598159 0.00061606
vt 0.11685030 0.00060545
vt 0.40161860 0.00132525
vt 0.40161860 0.25426760
vt 0.55039853 0.00060583
vt 0.00000000 0.50001812
vt 0.29251930 0.99938363
vt 0.34528321 0.00090111
vt 0.96210557 0.45243409
vt 0.79738939 0.34108120
vt 0.95383871 0.49999931
vt 0.93991280 0.57346988
vt 0.79738939 0.49999931
vt 0.92240733 0.65891463
vt 0.57555318 0.25407189
vt 0.54476333 0.00084154
vt 0.57555318 0.00084073
vt 0.57555318 0.12703590
vt 1.00000000 0.31250000
vt 0.82343131 0.37500000
vt 1.00000000 0.37500000
vt 0.82343131 0.43750000
vt 0.65890938 0.43750000
vt 0.65890938 0.37500000
vt 0.50000000 0.43750000
vt 0.50000000 0.37500000
vt 0.65890938 0.50000000
vt 0.50000000 0.50000000
vt 0.34109059 0.37500000
vt 0.34109059 0.43750000
vt 0.34109059 0.50000000
vt 0.17656860 0.43750000
vt 0.17656860 0.50000000
vt 0.17656860 0.37500000
vt 0.00000000 0.43750000
vt 0.00000000 0.50000000
vt 0.00000000 0.37500000
vt 0.00000000 0.31250000
vt 0.17656860 0.31250000
vt 0.17656860 0.56250000
vt 0.00000000 0.56250000
vt 0.17656860 0.62500000
vt 0.00000000 0.62500000
vt 0.34109059 0.56250000
vt 0.34109059 0.62500000
vt 0.50000000 0.56250000
vt 0.50000000 0.62500000
vt 0.34109059 0.68750000
vt 0.17656860 0.68750000
vt 0.50000000 0.68750000
vt 0.65890938 0.56250000
vt 0.65890938 0.62500000
vt 0.50000000 0.75000000
vt 0.34109059 0.75000000
vt 0.65890938 0.68750000
vt 0.82343131 0.68750000
vt 0.65890938 0.75000000
vt 0.82343131 0.62500000
vt 1.00000000 0.68750000
vt 0.82343131 0.75000000
vt 1.00000000 0.62500000
vt 1.00000000 0.56250000
vt 0.82343131 0.56250000
vt 1.00000000 0.50000000
vt 0.82343131 0.50000000
vt 1.00000000 0.43750000
vt 1.00000000 0.75000000
vt 0.82343131 0.81250000
vt 1.00000000 0.81250000
vt 0.82343131 0.87500000
vt 1.00000000 0.87500000
vt 0.82343131 0.93750000
vt 0.83664942 1.00000000
vt 0.82343131 1.00000000
vt 0.64738208 0.00000000
vt 0.99930698 0.02777969
vt 0.64738208 0.02777969
vt 0.00018577 1.00000000
vt 0.00018576 0.00577986
vt 0.17992960 0.00476128
vt 0.99930590 0.03369528
vt 0.64738208 0.05555939
vt 0.31774390 0.02777969
vt 0.31774390 0.05555939
vt 0.61890489 0.00000000
vt 0.99922252 0.06105381
vt 0.00317752 0.06100195
vt 0.00421429 0.03364348
vt 1.00000000 0.00000000
vt 1.00000000 0.77893567
vt 0.96447569 0.80093312
vt 0.00000000 0.11612680
vt 0.51639831 0.05651497
vt 0.36008751 0.95969599
vt 0.26445749 0.00000000
vt 0.31774390 0.00000000
vt 0.50000000 0.98069048
vt 0.50000000 0.93750000
vt 0.65890938 0.93750000
vt 0.86715293 0.12427540
vt 0.73619229 0.37881559
vt 0.00000000 0.92100841
vt 0.17656860 0.87500000
vt 0.17656860 0.93566388
vt 0.00000000 0.81250000
vt 0.00000000 0.87500000
vt 0.17656860 0.81250000
vt 0.34109059 0.87500000
vt 0.34109059 0.93750000
vt 0.34109059 0.81250000
vt 0.50000000 0.87500000
vt 0.65890938 0.87500000
vt 0.65890938 0.81250000
vt 0.50000000 0.81250000
vt 0.34109059 0.95380610
vt 0.68364310 1.00000000
vt 0.17656860 0.75000000
vt 0.00000000 0.68750000
vt 0.00000000 0.75000000
vt 0.19551501 0.93750000
vt 0.95586097 0.02961051
vt 0.95586097 0.80645061
vt 0.92124641 0.82981068
vt 0.96455771 0.00381720
vt 1.00000000 1.00000000
vt 0.95586097 1.00000000
vt 0.92132193 0.00852924
vt 0.91172189 1.00000000
vt 1.00000000 0.00000000
vt 0.95586121 0.17655580
vt 0.95586121 0.00000000
vt 0.91172230 0.17655580
vt 0.91172230 0.00000000
vt 0.00000000 0.00000000
vt 1.00000000 0.17655620
vt 0.00000000 0.17655620
vt 1.00000000 0.34108099
vt 1.00000000 0.17655580
vt 1.00000000 0.50000000
vt 0.00000000 0.34108099
vt 0.34108099 1.00000000
vt 0.50000000 0.75000000
vt 0.50000000 1.00000000
vt 0.17655620 1.00000000
vt 0.34108099 0.75000000
vt 0.65891898 1.00000000
vt 0.65891898 0.75000000
vt 0.00000000 0.50000000
vt 0.50000000 0.50000000
vt 0.34108099 0.50000000
vt 0.50000000 0.25000000
vt 0.34108099 0.25000000
vt 0.65891898 0.50000000
vt 0.82344377 0.25000000
vt 0.65891898 0.25000000
vt 0.82344377 0.50000000
vt 0.50000000 0.00000000
vt 0.82344377 0.00000000
vt 0.65891898 0.00000000
vt 1.00000000 0.25000000
vt 1.00000000 0.50000000
vt 1.00000000 0.17669261
vt 0.49988621 0.34118101
vt 0.49988621 0.17669261
vt 1.00000000 0.00000000
vt 0.49988621 0.00009401
vt 0.50000000 0.75000000
vt 0.50122339 0.97288239
vt 0.50000000 0.97281599
vt 0.49866089 0.00009377
vt 0.00000000 0.94590688
vt 1.00000000 1.00000000
vt 0.82263100 0.93750000
vt 1.00000000 0.93750000
vt 0.00000000 0.50000000
vt 0.00000000 0.75000000
vt 1.00000000 0.25000009
vt 1.00000000 0.50000000
vt 0.50000000 0.50000000
vt 0.00000000 0.09609174
vt 0.00000000 0.25000009
vt 0.00000000 0.00001637
vt 1.00000000 0.00001637
vt 1.00000000 0.15296280
vt 0.00000000 0.00000000
vt 1.00000000 0.00000000
vt 1.00000000 0.15236560
vt 0.00000000 0.15291271
vt 0.20074390 0.00040684
vt 0.20074390 0.15291271
vt 0.40101430 0.00006887
vt 0.20074390 0.29556599
vt 0.00000000 0.15350950
vt 0.00000000 0.29604271
vt 1.00000000 0.29512131
vt 0.00000000 0.29559839
vt 0.00000000 0.17654771
vt 1.00000000 0.43248230
vt 0.00000000 0.43248230
vt 0.00000000 0.34107909
vt 1.00000000 0.29559839
vt 0.00000000 0.17655650
vt 0.05279922 1.00000000
vt 0.00000000 0.82344282
vt 0.24205071 1.00000000
vt 0.70946902 0.00000000
vt 0.42485401 1.00000000
vt 0.33345240 1.00000000
vt 0.71027023 0.00000000
vt 0.77892321 0.00000000
vt 0.78972977 0.20000000
vt 0.82945949 0.00000000
vt 0.78972977 0.00000000
vt 1.00000000 0.87500000
vt 0.82263100 0.87500000
vt 1.00000000 0.81250000
vt 0.82263100 0.81250000
vt 1.00000000 0.75000000
vt 0.82263100 0.75000000
vt 1.00000000 0.68750000
vt 0.82263100 0.68750000
vt 1.00000000 0.62500000
vt 0.82263100 0.62500000
vt 0.65780091 0.62500000
vt 0.65780091 0.68750000
vt 0.49896339 0.62500000
vt 0.49896339 0.68750000
vt 0.34034741 0.62500000
vt 0.34034741 0.68750000
vt 0.34034741 0.75000000
vt 0.65780091 0.75000000
vt 0.49896339 0.75000000
vt 0.34034741 0.81250000
vt 0.49896339 0.81250000
vt 0.17621490 0.75000000
vt 0.17621490 0.81250000
vt 0.17621490 0.68750000
vt 0.17621490 0.87500000
vt 0.34034741 0.87500000
vt 0.00000000 0.81250000
vt 0.00000000 0.87500000
vt 0.17621490 0.93750000
vt 0.00000000 0.93750000
vt 0.00000000 1.00000000
vt 0.17621490 1.00000000
vt 0.49988621 0.99967360
vt 0.00000000 0.82329673
vt 0.49988621 0.82329673
vt 0.34034741 1.00000000
vt 0.34034741 0.93750000
vt 0.00000000 0.65880162
vt 0.49896339 1.00000000
vt 0.49896339 0.93750000
vt 0.00000000 0.49999011
vt 0.49988621 0.65880162
vt 0.65780091 0.93750000
vt 0.65780091 1.00000000
vt 0.49988621 0.49999011
vt 1.00000000 0.34118101
vt 1.00000000 0.65880162
vt 1.00000000 0.49999011
vt 0.34108099 0.00000000
vt 0.17655620 0.25000000
vt 0.17655620 0.00000000
vt 1.00000000 0.82329673
vt 0.00000000 0.25000000
vt 1.00000000 1.00000000
vt 0.00000000 0.50000000
vt 0.17655620 0.50000000
vt 0.00000000 0.75000000
vt 0.17655620 0.75000000
vt 0.00000000 1.00000000
vt 0.00000000 0.34118101
vt 0.82263100 1.00000000
vt 0.49896339 0.87500000
vt 0.65780091 0.87500000
vt 0.65780091 0.81250000
vt 0.00000000 0.75000000
vt 0.00000000 0.62500000
vt 0.00000000 0.68750000
vt 0.17621490 0.62500000
vt 0.00000000 0.56250000
vt 0.00000000 0.50000000
vt 0.82344377 1.00000000
vt 0.87059069 0.00000000
vt 0.87059128 0.17655580
vt 0.87965381 0.01312631
vt 0.87059069 1.00000000
vt 0.82945949 0.00000000
vt 0.00000000 0.00060321
vt 1.00000000 0.99844807
vt 0.00000000 1.00000000
vt 0.00864112 1.00000000
vt 0.00000000 0.84686363
vt 0.00000000 1.00000000
vt 0.00000000 0.93750000
vt 0.00000000 0.87500000
vt 0.82344377 0.66666669
vt 1.00000000 0.66666669
vt 0.82344377 1.00000000
vt 0.00000000 0.17655650
vt 0.32627329 0.00001637
vt 0.32627329 0.17655650
vt 0.65891898 0.66666669
vt 0.32627329 0.34108099
vt 0.00000000 0.34108099
vt 0.66007870 0.34108099
vt 0.66007870 0.00001637
vt 0.32627329 0.49999931
vt 0.00000000 0.49999931
vt 0.50000000 1.00000000
vt 0.65891898 1.00000000
vt 0.50000000 0.66666669
vt 0.25381640 0.00000000
vt 1.00000000 0.34108099
vt 0.66007870 0.49999931
vt 1.00000000 0.49999499
vt 0.50000000 0.33333331
vt 0.34108099 0.33333331
vt 0.50000000 0.00000000
vt 0.65891898 0.33333331
vt 0.82344377 0.00000000
vt 0.65891898 0.00000000
vt 0.66007870 0.17655650
vt 1.00000000 0.17655650
vt 0.65891898 0.66666669
vt 0.50000000 0.66666669
vt 0.82344377 0.33333331
vt 0.65891898 1.00000000
vt 0.82344377 0.66666669
vt 0.82344377 1.00000000
vt 0.50000000 1.00000000
vt 1.00000000 0.49999180
vt 1.00000000 0.34108010
vt 1.00000000 0.82344282
vt 1.00000000 0.65891773
vt 1.00000000 0.99998361
vt 1.00000000 0.90033031
vt 1.00000000 0.66666669
vt 1.00000000 0.33333331
vt 1.00000000 0.11762530
vt 0.08927506 1.00000000
vt 0.08827847 0.00000000
vt 0.17054100 0.00000000
vt 0.00000000 0.54695398
vt 0.66473269 0.99485362
vt 0.89079589 0.42747700
vt 0.08827847 1.00000000
vt 0.00000518 0.00000000
vt 0.98296797 0.37060931
vt 0.75840062 0.43076199
vt 0.76751590 0.50000000
vt 0.25000051 1.00000000
vt 0.25000051 0.00000000
vt 0.32946000 0.00000000
vt 0.32946000 1.00000000
vt 0.41172221 0.00000000
vt 0.41172221 1.00000000
vt 0.50000000 1.00000000
vt 0.50000000 0.00000000
vt 0.58827817 1.00000000
vt 0.58827817 0.00000000
vt 0.67054069 1.00000000
vt 0.67054069 0.00000000
vt 0.75000018 1.00000000
vt 0.75000018 0.00000000
vt 0.82945961 1.00000000
vt 0.82945961 0.00000000
vt 0.01703709 0.62940967
vt 0.24159950 0.56923831
vt 0.23248410 0.50000000
vt 0.91172200 0.00000000
vt 0.91172200 1.00000000
vt 1.00000000 0.00000000
vt 0.08827829 1.00000000
vt 0.00000518 0.00000000
vt 0.08827829 0.00000000
vt 0.17054060 1.00000000
vt 0.17054060 0.00000000
vt 0.25000000 1.00000000
vt 0.32945940 0.00000000
vt 0.25000000 0.00000000
vt 0.41172171 0.00000000
vt 0.32945940 1.00000000
vt 0.50000000 0.00000000
vt 0.41172171 1.00000000
vt 0.58827740 0.00000000
vt 0.50000000 1.00000000
vt 0.50000000 0.00000000
vt 0.41172189 1.00000000
vt 0.41172189 0.00000000
vt 0.58827811 0.00000000
vt 0.50000000 1.00000000
vt 0.50000000 0.00000000
vt 0.41172189 1.00000000
vt 0.41172189 0.00000000
vt 0.58827811 1.00000000
vt 0.50000000 1.00000000
vt 0.50000000 0.03086417
vt 0.62142491 0.04685056
vt 0.62940907 0.01703697
vt 0.32945949 1.00000000
vt 0.32945949 0.00000000
vt 0.25000000 0.00000000
vt 0.25000000 1.00000000
vt 0.17054050 1.00000000
vt 0.17054050 0.00000000
vt 0.25000000 0.00000000
vt 0.17054050 1.00000000
vt 0.17054050 0.00000000
vt 0.32945949 0.00000000
vt 0.25000000 1.00000000
vt 0.08827805 1.00000000
vt 0.08827805 0.00000000
vt 0.08827805 0.00000000
vt 0.08827805 1.00000000
vt 0.00000000 1.00000000
vt 0.00000000 0.00000000
vt 0.91172200 0.00000000
vt 1.00000000 1.00000000
vt 0.91172200 1.00000000
vt 1.00000000 0.00000000
vt 0.91172189 1.00000000
vt 0.91172189 0.00000000
vt 0.82945973 0.00000000
vt 0.82945973 1.00000000
vt 0.75000018 0.00000000
vt 0.67054069 1.00000000
vt 0.75000018 1.00000000
vt 0.75000000 1.00000000
vt 0.67054051 0.00000000
vt 0.75000000 0.00000000
vt 0.82945949 1.00000000
vt 0.82945949 0.00000000
vt 0.50000000 0.96913582
vt 0.37857911 0.95315051
vt 0.37059090 0.98296303
vt 0.67054051 1.00000000
vt 0.58827811 0.00000000
vt 0.58827811 1.00000000
vt 0.50000000 0.00000000
vt 0.50000000 1.00000000
vt 0.58827817 0.00000000
vt 0.58827817 1.00000000
vt 0.67054069 0.00000000
vt 0.41172221 0.00000000
vt 0.50000000 0.00000000
vt 0.41172221 1.00000000
vt 0.32946000 0.00000000
vt 0.41172189 1.00000000
vt 0.32945949 0.00000000
vt 0.41172189 0.00000000
vt 0.50000000 1.00000000
vt 0.32945949 1.00000000
vt 0.25000000 0.00000000
vt 0.25000000 1.00000000
vt 0.17054050 0.00000000
vt 0.25000060 1.00000000
vt 0.17054109 0.00000000
vt 0.25000060 0.00000000
vt 0.32946000 1.00000000
vt 0.17054109 1.00000000
vt 0.08827847 0.00000000
vt 0.08827847 1.00000000
vt 0.00000538 0.00000000
vt 0.08827805 1.00000000
vt 0.00000000 0.00000000
vt 0.08827805 0.00000000
vt 0.17054050 1.00000000
vt 1.00000000 0.00000000
vt 0.91172189 1.00000000
vt 0.91172189 0.00000000
vt 0.82945949 1.00000000
vt 0.82945949 0.00000000
vt 0.91172189 0.00000000
vt 0.82945949 1.00000000
vt 0.82945949 0.00000000
vt 1.00000000 0.00000000
vt 0.91172189 1.00000000
vt 0.75000000 1.00000000
vt 0.75000000 0.00000000
vt 0.75000000 0.00000000
vt 0.75000000 1.00000000
vt 0.67054051 1.00000000
vt 0.67054051 0.00000000
vt 0.67054051 1.00000000
vt 0.67054051 0.00000000
vt 0.58827811 0.00000000
vt 0.58827811 1.00000000
vt 0.91172189 1.00000000
vt 1.00000000 0.00000000
vt 0.91172189 0.00000000
vt 0.00000538 0.00000000
vt 0.08827847 1.00000000
vt 0.08827847 0.00000000
vt 0.17054109 1.00000000
vt 0.17054109 0.00000000
vt 0.25000060 1.00000000
vt 0.25000060 0.00000000
vt 0.32946000 0.00000000
vt 0.32946000 1.00000000
vt 0.41172221 1.00000000
vt 0.41172221 0.00000000
vt 0.50000000 1.00000000
vt 0.50000000 0.00000000
vt 0.58827817 1.00000000
vt 0.58827817 0.00000000
vt 0.67054069 1.00000000
vt 0.67054069 0.00000000
vt 0.75000018 1.00000000
vt 0.75000018 0.00000000
vt 0.82945973 0.00000000
vt 0.82945973 1.00000000
vt 0.91172200 0.00000000
vt 0.91172200 1.00000000
vt 1.00000000 1.00000000
vt 0.00000000 0.00000000
vt 0.08827805 1.00000000
vt 0.08827805 0.00000000
vt 1.00000000 1.00000000
vt 0.91172200 0.00000000
vt 0.91172200 1.00000000
vt 0.00000000 0.00000000
vt 0.08827805 1.00000000
vt 0.08827805 0.00000000
vt 0.17054050 1.00000000
vt 0.17054050 0.00000000
vt 0.17054050 1.00000000
vt 0.17054050 0.00000000
vt 0.25000000 1.00000000
vt 0.25000000 0.00000000
vt 0.25000000 0.00000000
vt 0.25000000 1.00000000
vt 0.32945949 1.00000000
vt 0.32945949 0.00000000
vt 0.32945949 1.00000000
vt 0.32945949 0.00000000
vt 0.41172189 0.00000000
vt 0.41172189 1.00000000
vt 0.41172189 1.00000000
vt 0.41172189 0.00000000
vt 0.50000000 0.00000000
vt 0.50000000 1.00000000
vt 0.50000000 1.00000000
vt 0.50000000 0.00000000
vt 0.58827811 1.00000000
vt 0.58827811 0.00000000
vt 0.58827811 1.00000000
vt 0.58827811 0.00000000
vt 0.13816459 0.29110080
vt 0.09642660 0.39186931
vt 0.01703697 0.37059090
vt 0.93301612 0.74999422
vt 0.86183268 0.70890391
vt 0.90357190 0.60813642
vt 0.67054051 1.00000000
vt 0.67054051 0.00000000
vt 0.75000000 1.00000000
vt 0.75000000 0.00000000
vt 0.82945949 1.00000000
vt 0.82945949 0.00000000
vt 0.75000000 0.00000000
vt 0.67054051 1.00000000
vt 0.75000000 1.00000000
vt 0.82945949 1.00000000
vt 0.82945949 0.00000000
vt 0.91172189 1.00000000
vt 0.91172189 0.00000000
vt 1.00000000 1.00000000
vt 0.00000544 0.00000000
vt 0.08827847 1.00000000
vt 0.08827847 0.00000000
vt 0.17054109 1.00000000
vt 0.17054109 0.00000000
vt 0.25000060 1.00000000
vt 0.25000060 0.00000000
vt 0.32946000 1.00000000
vt 0.32946000 0.00000000
vt 0.41172221 1.00000000
vt 0.41172221 0.00000000
vt 0.50000000 1.00000000
vt 0.50000000 0.00000000
vt 0.58827817 1.00000000
vt 0.58827817 0.00000000
vt 0.67054069 1.00000000
vt 0.67054069 0.00000000
vt 0.75000018 1.00000000
vt 0.75000018 0.00000000
vt 0.82945973 1.00000000
vt 0.82945973 0.00000000
vt 0.50000000 0.00000000
vt 0.41172189 1.00000000
vt 0.50000000 1.00000000
vt 0.58827811 0.00000000
vt 0.58827811 1.00000000
vt 0.67054051 0.00000000
vt 0.67054051 1.00000000
vt 0.75000000 0.00000000
vt 0.75000000 1.00000000
vt 0.82945949 1.00000000
vt 0.82945949 0.00000000
vt 0.91172189 1.00000000
vt 0.91172189 0.00000000
vt 1.00000000 1.00000000
vt 0.00000547 0.00000000
vt 0.08827847 1.00000000
vt 0.08827847 0.00000000
vt 0.17054109 1.00000000
vt 0.17054109 0.00000000
vt 0.91172200 0.00000000
vt 0.82945973 1.00000000
vt 0.91172200 1.00000000
vt 1.00000000 0.00000000
vt 0.06698393 0.25000581
vt 0.13816731 0.29109609
vt 0.09642815 0.39186361
vt 0.08827805 0.00000000
vt 0.00000000 1.00000000
vt 0.08827805 1.00000000
vt 0.17054050 0.00000000
vt 0.17054050 1.00000000
vt 0.25000000 0.00000000
vt 0.25000000 1.00000000
vt 0.32945949 1.00000000
vt 0.32945949 0.00000000
vt 0.41172189 1.00000000
vt 0.41172189 0.00000000
vt 0.50000000 1.00000000
vt 0.50000000 0.00000000
vt 0.86183542 0.70889920
vt 0.90357339 0.60813069
vt 0.98296303 0.62940907
vt 0.58827811 1.00000000
vt 0.58827811 0.00000000
vt 0.67054051 1.00000000
vt 0.67054051 0.00000000
vt 0.75000000 1.00000000
vt 0.75000000 0.00000000
vt 0.82945949 1.00000000
vt 0.82945949 0.00000000
vt 0.91172189 1.00000000
vt 0.91172189 0.00000000
vt 1.00000000 1.00000000
vt 0.00000547 0.00000000
vt 0.08827847 1.00000000
vt 0.08827847 0.00000000
vt 0.17054109 1.00000000
vt 0.17054109 0.00000000
vt 0.91172200 1.00000000
vt 1.00000000 0.00000000
vt 0.91172200 0.00000000
vt 0.82945973 1.00000000
vt 0.75000018 0.00000000
vt 0.82945973 0.00000000
vt 0.67054069 0.00000000
vt 0.75000018 1.00000000
vt 0.58827817 0.00000000
vt 0.67054069 1.00000000
vt 0.50000000 0.00000000
vt 0.58827817 1.00000000
vt 0.41172221 0.00000000
vt 0.50000000 1.00000000
vt 0.32946000 0.00000000
vt 0.41172221 1.00000000
vt 0.25000060 0.00000000
vt 0.32946000 1.00000000
vt 0.25000060 1.00000000
vt 0.75000018 0.00000000
vt 0.82945973 0.00000000
vt 0.67054069 0.00000000
vt 0.75000018 1.00000000
vt 0.58827817 0.00000000
vt 0.67054069 1.00000000
vt 0.50000000 0.00000000
vt 0.58827817 1.00000000
vt 0.41172221 0.00000000
vt 0.50000000 1.00000000
vt 0.32946000 0.00000000
vt 0.41172221 1.00000000
vt 0.25000060 0.00000000
vt 0.32946000 1.00000000
vt 0.25000060 1.00000000
vt 0.41172189 0.00000000
vt 0.50000000 1.00000000
vt 0.50000000 0.00000000
vt 0.58827811 1.00000000
vt 0.58827811 0.00000000
vt 0.67054051 1.00000000
vt 0.67054051 0.00000000
vt 0.75000000 1.00000000
vt 0.75000000 0.00000000
vt 0.82945949 1.00000000
vt 0.82945949 0.00000000
vt 0.75000000 0.00000000
vt 0.67054051 1.00000000
vt 0.75000000 1.00000000
vt 0.82945949 1.00000000
vt 0.82945949 0.00000000
vt 0.50000000 0.96913582
vt 0.37857911 0.95315051
vt 0.37059090 0.98296303
vt 0.58827811 0.00000000
vt 0.67054051 0.00000000
vt 0.50000000 0.00000000
vt 0.58827811 1.00000000
vt 0.41172189 1.00000000
vt 0.50000000 1.00000000
vt 0.41172189 0.00000000
vt 0.32945949 1.00000000
vt 0.32945949 0.00000000
vt 0.41172189 1.00000000
vt 0.25000000 0.00000000
vt 0.32945949 1.00000000
vt 0.25000000 0.00000000
vt 0.32945949 0.00000000
vt 0.17054050 0.00000000
vt 0.25000000 1.00000000
vt 0.08827805 0.00000000
vt 0.17054050 1.00000000
vt 0.08827805 0.00000000
vt 0.17054050 1.00000000
vt 0.17054050 0.00000000
vt 0.25000000 1.00000000
vt 0.00000000 0.00000000
vt 0.08827805 1.00000000
vt 0.00000000 0.00000000
vt 0.08827805 1.00000000
vt 0.91172189 1.00000000
vt 1.00000000 0.00000000
vt 0.91172189 0.00000000
vt 0.50000000 0.03086417
vt 0.62142092 0.04684948
vt 0.62940907 0.01703697
vt 0.82945949 1.00000000
vt 0.82945973 0.00000000
vt 0.91172200 1.00000000
vt 0.91172200 0.00000000
vt 1.00000000 1.00000000
vt 0.75000018 0.00000000
vt 0.82945973 1.00000000
vt 0.82945949 0.00000000
vt 0.75000000 1.00000000
vt 0.67054069 0.00000000
vt 0.75000018 1.00000000
vt 0.58827817 0.00000000
vt 0.67054069 1.00000000
vt 0.50000000 0.00000000
vt 0.58827817 1.00000000
vt 0.67054051 0.00000000
vt 0.58827811 1.00000000
vt 0.67054051 1.00000000
vt 0.58827811 0.00000000
vt 0.50000000 1.00000000
vt 0.75000000 0.00000000
vt 0.50000000 0.00000000
vt 0.41172189 1.00000000
vt 0.41172189 0.00000000
vt 0.32945949 1.00000000
vt 0.41172221 0.00000000
vt 0.32946000 1.00000000
vt 0.41172221 1.00000000
vt 0.50000000 1.00000000
vt 0.32946000 0.00000000
vt 0.25000060 1.00000000
vt 0.25000060 0.00000000
vt 0.17054109 1.00000000
vt 0.17054109 0.00000000
vt 0.08827847 1.00000000
vt 0.08827847 0.00000000
vt 0.00000544 1.00000000
vt 1.00000000 1.00000000
vt 0.91172189 0.00000000
vt 0.91172189 1.00000000
vt 0.91172189 0.00000000
vt 0.91172189 1.00000000
vt 1.00000000 0.00000000
vt 0.08827805 0.00000000
vt 0.00000000 1.00000000
vt 0.08827805 1.00000000
vt 1.00000000 0.00000000
vt 0.91172189 1.00000000
vt 0.91172189 0.00000000
vt 0.08827805 1.00000000
vt 0.00000000 0.00000000
vt 0.08827805 0.00000000
vt 0.82945949 1.00000000
vt 0.82945949 0.00000000
vt 0.00000000 1.00000000
vt 0.08827805 0.00000000
vt 0.08827805 1.00000000
vt 0.17054050 0.00000000
vt 0.25000000 0.00000000
vt 0.17054050 1.00000000
vt 0.75000000 0.00000000
vt 0.75000000 1.00000000
vt 0.32945949 0.00000000
vt 0.25000000 1.00000000
vt 0.67054051 1.00000000
vt 0.67054051 0.00000000
vt 0.41172189 0.00000000
vt 0.32945949 1.00000000
vt 0.58827811 0.00000000
vt 0.58827811 1.00000000
vt 0.50000000 0.00000000
vt 0.41172189 1.00000000
vt 0.58827811 0.00000000
vt 0.50000000 1.00000000
vt 0.50000000 0.00000000
vt 0.50000000 1.00000000
vt 0.41172189 1.00000000
vt 0.41172189 0.00000000
vt 0.32945949 1.00000000
vt 0.32945949 0.00000000
vt 0.25000000 0.00000000
vt 0.25000000 1.00000000
vt 0.17054050 1.00000000
vt 0.17054050 0.00000000
vt 0.75000000 0.00000000
vt 0.67054051 1.00000000
vt 0.67054051 0.00000000
vt 0.82945949 0.00000000
vt 0.75000000 1.00000000
vt 0.91172189 0.00000000
vt 0.82945949 1.00000000
vt 0.08827805 0.00000000
vt 0.08827805 1.00000000
vt 1.00000000 0.00000000
vt 0.91172189 1.00000000
vt 0.00000000 0.00000000
vt 0.00000000 1.00000000
vt 0.08827805 0.00000000
vt 0.08827805 1.00000000
vt 1.00000000 0.00000000
vt 0.91172189 1.00000000
vt 0.91172189 0.00000000
vt 0.62940907 0.98296303
vt 0.56923801 0.75840062
vt 0.50000000 0.76751590
vt 0.17054050 0.00000000
vt 0.17054050 1.00000000
vt 0.25000000 0.00000000
vt 0.25000000 1.00000000
vt 0.82945949 1.00000000
vt 0.75000000 0.00000000
vt 0.82945949 0.00000000
vt 0.67054051 1.00000000
vt 0.75000000 1.00000000
vt 0.58827811 0.00000000
vt 0.67054051 0.00000000
vt 0.32945949 1.00000000
vt 0.41172189 0.00000000
vt 0.41172189 1.00000000
vt 0.32945949 0.00000000
vt 0.50000000 0.00000000
vt 0.50000000 1.00000000
vt 0.58827811 0.00000000
vt 0.58827811 1.00000000
vt 0.41172189 1.00000000
vt 0.50000000 0.00000000
vt 0.50000000 1.00000000
vt 0.58827811 1.00000000
vt 0.32945949 1.00000000
vt 0.41172189 0.00000000
vt 0.25000000 0.00000000
vt 0.32945949 0.00000000
vt 0.67054051 1.00000000
vt 0.75000000 0.00000000
vt 0.75000000 1.00000000
vt 0.67054051 0.00000000
vt 0.82945949 0.00000000
vt 0.82945949 1.00000000
vt 0.91172189 0.00000000
vt 0.91172189 1.00000000
vt 0.17054050 1.00000000
vt 0.17054050 0.00000000
vt 0.25000000 1.00000000
vt 1.00000000 0.00000000
vt 0.08827805 1.00000000
vt 0.00000000 0.00000000
vt 0.08827805 0.00000000
vt 1.00000000 0.00000000
vt 0.91172189 1.00000000
vt 0.91172189 0.00000000
vt 0.82945949 1.00000000
vt 0.75000000 1.00000000
vt 0.82945949 0.00000000
vt 0.17054050 1.00000000
vt 0.17054050 0.00000000
vt 0.25000000 1.00000000
vt 0.25000000 0.00000000
vt 0.32945949 0.00000000
vt 0.32945949 1.00000000
vt 0.41172189 0.00000000
vt 0.41172189 1.00000000
vt 0.50000000 0.00000000
vt 0.50000000 1.00000000
vt 0.58827811 1.00000000
vt 0.58827811 0.00000000
vt 0.67054051 1.00000000
vt 0.67054051 0.00000000
vt 0.75000000 1.00000000
vt 0.75000000 0.00000000
vt 0.82945949 0.00000000
vt 0.82945949 1.00000000
vt 0.91072971 1.00000000
vt 0.91172189 0.00000000
vt 1.00000000 0.00000000
vt 0.91172189 1.00000000
vt 1.00000000 0.88237470
vt 0.82344377 1.00000000
vt 0.82344377 0.66666669
vt 1.00000000 0.33333331
vt 0.82344377 0.33333331
vt 0.65891898 0.33333331
vt 0.65891898 0.66666669
vt 0.50000000 1.00000000
vt 0.65891898 1.00000000
vt 0.50000000 0.66666669
vt 0.50000000 0.33333331
vt 0.65891898 0.00000000
vt 0.50000000 0.00000000
vt 0.00000000 0.65891898
vt 1.00000000 0.50000000
vt 1.00000000 0.65891898
vt 0.00000000 0.82344377
vt 1.00000000 0.82344377
vt 1.00000000 1.00000000
vt 1.00000000 0.09966963
vt 0.29088941 0.90725583
vt 0.24275599 0.89476669
vt 0.21061780 0.99606568
vt 0.91172200 1.00000000
vt 1.00000000 0.00000000
vt 0.91172200 0.00000000
vt 0.00000535 0.00000000
vt 0.08827829 1.00000000
vt 0.08827829 0.00000000
vt 0.17054060 1.00000000
vt 0.17054060 0.00000000
vt 0.25000000 1.00000000
vt 0.25000000 0.00000000
vt 0.32945940 1.00000000
vt 0.32945940 0.00000000
vt 0.32945949 0.00000000
vt 0.25000000 1.00000000
vt 0.32945949 1.00000000
vt 0.17054050 0.00000000
vt 0.25000000 0.00000000
vt 0.50000000 0.00000000
vt 0.59460253 0.14693740
vt 0.50000000 0.13448280
vt 0.41172189 0.00000000
vt 0.41172189 1.00000000
vt 0.50000000 0.00000000
vt 0.50000000 1.00000000
vt 0.58827811 0.00000000
vt 0.58827811 1.00000000
vt 0.50000000 0.00000000
vt 0.41172171 1.00000000
vt 0.50000000 1.00000000
vt 0.58827740 0.00000000
vt 0.58827740 1.00000000
vt 0.67053932 0.00000000
vt 0.67053932 1.00000000
vt 0.74999851 0.00000000
vt 0.74999851 1.00000000
vt 0.82945800 0.00000000
vt 0.82945800 1.00000000
vt 0.91172087 0.00000000
vt 0.91172087 1.00000000
vt 0.82945949 0.00000000
vt 0.75000000 1.00000000
vt 0.82945949 1.00000000
vt 0.91172189 0.00000000
vt 0.91172189 1.00000000
vt 1.00000000 0.00000000
vt 0.99998462 0.00000000
vt 0.00000000 0.00000000
vt 0.08827805 1.00000000
vt 0.08827805 0.00000000
vt 0.50000000 1.00000000
vt 0.40539971 0.85306323
vt 0.50000000 0.86551732
vt 0.08827847 0.00000000
vt 0.00000555 1.00000000
vt 0.08827847 1.00000000
vt 0.91172189 1.00000000
vt 1.00000000 0.00000000
vt 0.91172189 0.00000000
vt 0.82945949 1.00000000
vt 0.82945973 0.00000000
vt 0.91172200 1.00000000
vt 0.91172200 0.00000000
vt 1.00000000 1.00000000
vt 0.75000018 0.00000000
vt 0.82945973 1.00000000
vt 0.82945949 0.00000000
vt 0.75000000 1.00000000
vt 0.49847069 0.84722912
vt 0.46056229 0.83945698
vt 0.33001471 0.97254813
vt 0.67054081 1.00000000
vt 0.75000018 1.00000000
vt 0.67054081 0.00000000
vt 0.58827817 1.00000000
vt 0.67054051 0.00000000
vt 0.58827811 1.00000000
vt 0.67054051 1.00000000
vt 0.75000000 0.00000000
vt 0.58827811 0.00000000
vt 0.50000000 1.00000000
vt 0.50000000 0.00000000
vt 0.41172189 1.00000000
vt 0.50000000 0.00000000
vt 0.41172221 1.00000000
vt 0.50000000 1.00000000
vt 0.58827817 0.00000000
vt 0.41172221 0.00000000
vt 0.32946000 1.00000000
vt 0.32946000 0.00000000
vt 0.25000060 1.00000000
vt 0.32945949 0.00000000
vt 0.25000000 1.00000000
vt 0.32945949 1.00000000
vt 0.41172189 0.00000000
vt 0.25000000 0.00000000
vt 0.17054050 1.00000000
vt 0.17054050 0.00000000
vt 0.08827805 1.00000000
vt 0.17054109 0.00000000
vt 0.08827847 1.00000000
vt 0.17054109 1.00000000
vt 0.25000060 0.00000000
vt 0.08827847 0.00000000
vt 0.00000564 1.00000000
vt 1.00000000 1.00000000
vt 0.91172200 0.00000000
vt 0.91172200 1.00000000
vt 0.33020371 0.53693187
vt 0.42800921 0.71706897
vt 0.46056020 0.70470572
vt 0.82945973 0.00000000
vt 0.91172200 0.00000000
vt 0.82945973 1.00000000
vt 0.91172200 1.00000000
vt 1.00000000 0.00000000
vt 0.75000018 0.00000000
vt 0.82945973 1.00000000
vt 0.75000018 0.00000000
vt 0.82945973 0.00000000
vt 0.67054069 0.00000000
vt 0.75000018 1.00000000
vt 0.58827817 0.00000000
vt 0.67054069 1.00000000
vt 0.58827817 0.00000000
vt 0.67054081 1.00000000
vt 0.67054081 0.00000000
vt 0.75000018 1.00000000
vt 0.50000000 0.00000000
vt 0.58827817 1.00000000
vt 0.41172221 0.00000000
vt 0.50000000 1.00000000
vt 0.50000000 0.00000000
vt 0.41172221 1.00000000
vt 0.50000000 1.00000000
vt 0.58827817 1.00000000
vt 0.41172221 0.00000000
vt 0.32946000 1.00000000
vt 0.32946000 0.00000000
vt 0.25000060 1.00000000
vt 0.25000060 0.00000000
vt 0.32946000 1.00000000
vt 0.32946000 0.00000000
vt 0.41172221 1.00000000
vt 0.17054109 0.00000000
vt 0.25000060 1.00000000
vt 0.08827847 0.00000000
vt 0.17054109 1.00000000
vt 0.17054109 1.00000000
vt 0.17054109 0.00000000
vt 0.25000060 0.00000000
vt 0.00000564 0.00000000
vt 0.08827847 1.00000000
vt 0.00000000 0.00000000
vt 0.00000000 1.00000000
vt 0.46929511 1.00000000
vt 0.80295539 0.00000000
vt 1.00000000 1.00000000
vt 0.80295539 1.00000000
vt 0.37321621 0.37500000
vt 0.37321621 0.62500000
vt 1.00000000 0.50000000
vt 1.00000000 0.00000000
vt 0.80295539 1.00000000
vt 0.80295539 0.00000000
vt 0.17655620 1.00000000
vt 0.00000000 0.66666669
vt 0.17655620 0.66666669
vt 1.00000000 0.00000000
vt 0.80295539 0.17655580
vt 0.80295539 0.00000000
vt 0.61092091 1.00000000
vt 0.61092091 0.17655580
vt 0.61092091 0.00000000
vt 0.61092091 0.34108010
vt 1.00000000 0.17655580
vt 0.80295539 0.34108010
vt 0.80295539 0.49999881
vt 0.61092091 0.49999881
vt 1.00000000 0.34108010
vt 0.34108099 1.00000000
vt 0.34108099 0.66666669
vt 0.50000000 1.00000000
vt 0.50000000 0.66666669
vt 1.00000000 0.65891773
vt 1.00000000 0.49999180
vt 0.65891898 0.66666669
vt 0.65891898 1.00000000
vt 1.00000000 0.82344282
vt 0.80295539 0.65891773
vt 0.82344377 1.00000000
vt 0.82344377 0.66666669
vt 1.00000000 0.87583238
vt 1.00000000 0.99998361
vt 0.80295539 0.82344282
vt 0.80295539 0.99998361
vt 0.61092091 0.82344282
vt 0.61092091 0.65891773
vt 0.61092091 0.99998361
vt 0.41755119 0.82344282
vt 0.21632190 0.99998361
vt 0.41755119 0.99998361
vt 0.21632190 0.65891773
vt 0.21632190 0.82344282
vt 0.41755119 0.65891773
vt 0.41755119 0.49999881
vt 0.21632190 0.49999881
vt 0.00000000 0.65891773
vt 0.00000000 0.82344282
vt 0.65891898 0.00000000
vt 0.50000000 1.00000000
vt 0.50000000 0.00000000
vt 0.82344377 0.00000000
vt 0.65891898 1.00000000
vt 1.00000000 1.00000000
vt 0.82344377 1.00000000
vt 0.00000000 0.99998361
vt 1.00000000 0.82344282
vt 0.82481980 0.65891773
vt 1.00000000 0.65891773
vt 0.82481980 0.82344282
vt 0.66072220 0.82344282
vt 0.66072220 0.65891773
vt 0.82481980 0.99998361
vt 0.50164872 0.99998361
vt 0.66072220 0.99998361
vt 0.50164872 0.82344282
vt 0.50164872 0.65891773
vt 0.66072220 0.49999881
vt 0.50164872 0.49999881
vt 0.66072220 0.34108010
vt 0.50164872 0.34108010
vt 0.82481980 0.34108010
vt 1.00000000 0.34108010
vt 0.82481980 0.49999881
vt 1.00000000 0.49999180
vt 0.34108099 0.00000000
vt 0.34108099 1.00000000
vt 1.00000000 0.17655580
vt 0.82481980 0.17655580
vt 0.17655620 0.00000000
vt 0.17655620 1.00000000
vt 0.00000000 0.34108010
vt 0.21632190 0.17655580
vt 0.21632190 0.34108010
vt 0.00000000 0.49999881
vt 0.41755119 0.34108010
vt 0.00000000 0.00000000
vt 0.00000000 0.17655580
vt 0.21632190 0.00000000
vt 0.41755119 0.17655580
vt 0.41755119 0.00000000
vt 0.41755119 1.00000000
vt 0.61092091 0.00000000
vt 0.21632190 1.00000000
vt 0.41755119 0.00000000
vt 0.41755119 0.00000000
vt 0.21632190 1.00000000
vt 0.21632190 0.00000000
vt 0.61092091 0.00000000
vt 0.41755119 1.00000000
vt 0.00000000 0.00000000
vt 1.00000000 0.00000000
vt 0.00000000 1.00000000
vt 1.00000000 1.00000000
vt 0.82482028 0.00000000
vt 1.00000000 1.00000000
vt 0.82482028 1.00000000
vt 0.66072333 0.00000000
vt 0.66072333 1.00000000
vt 0.50165021 0.00000000
vt 0.50165021 1.00000000
vt 0.66072333 0.00000000
vt 0.50165021 1.00000000
vt 0.50165021 0.00000000
vt 0.82482028 0.00000000
vt 0.66072333 1.00000000
vt 0.34224209 1.00000000
vt 0.34224209 0.00000000
vt 0.34224209 1.00000000
vt 0.34224209 0.00000000
vt 0.50164872 0.00000000
vt 0.34224051 0.17655580
vt 0.34224051 0.00000000
vt 0.66072220 0.00000000
vt 0.50164872 0.17655580
vt 0.66072220 0.17655580
vt 0.34224051 0.34108010
vt 0.17709380 0.17655580
vt 0.17709380 0.00000000
vt 0.17709380 0.34108010
vt 0.34224051 0.49999881
vt 0.17709380 0.49999881
vt 0.00000000 0.17655580
vt 0.00000000 0.34108010
vt 0.00000000 0.49999881
vt 0.17709380 0.65891773
vt 0.00000000 0.65891773
vt 0.34224051 0.65891773
vt 0.00000000 0.82344282
vt 0.17709380 0.82344282
vt 0.34224051 0.82344282
vt 0.17709380 0.99998361
vt 0.34224051 0.99998361
vt 0.00000000 0.99998361
vt 0.00000000 0.50000000
vt 1.00000000 0.34108099
vt 0.00000000 0.17655620
vt 0.00000000 0.34108099
vt 0.34108099 0.00000000
vt 0.34108099 0.33333331
vt 0.17655620 0.33333331
vt 0.17655620 0.00000000
vt 0.00000000 0.00000000
vt 0.00000000 0.33333331
vt 1.00000000 0.00000000
vt 1.00000000 0.17655620
vt 1.00000000 1.00000000
vt 0.66666669 0.00000000
vt 0.33333331 0.00000000
vt 0.00000000 0.00000000
vt 1.00000000 1.00000000
vt 0.00000000 1.00000000
vt 0.90068787 1.00000000
vt 1.00000000 0.00000000
vt 0.00000000 0.00000000
vt 0.00000000 0.00000000
vt 0.99910188 1.00000000
vt 0.00000000 1.00000000
vt 1.00000000 1.00000000
vt 0.00087415 0.00000000
vt 0.00087415 1.00000000
vt 0.33344370 1.00000000
vt 0.27684960 0.74822718
vt 0.22470580 0.75000000
vt 0.99720442 1.00000000
vt 0.00000000 0.00000000
vt 0.00000000 1.00000000
vt 0.82344192 0.66666669
vt 0.99996787 0.66666669
vt 0.99996787 0.36373860
vt 0.99986410 0.92168522
vt 0.00011183 1.00000000
vt 0.00010953 0.85789120
vt 0.00011425 0.71523488
vt 0.99987411 0.71523488
vt 0.99987602 0.77851021
vt 0.82344192 0.33333331
vt 0.88453382 0.30861300
vt 0.82344192 0.27789149
vt 0.77578181 0.25343999
vt 0.66895872 0.19838031
vt 0.65891641 0.33333331
vt 0.00011470 0.70260072
vt 0.99986118 0.57233548
vt 0.00011425 0.42954209
vt 0.99986368 0.42954209
vt 0.99985981 0.55903077
vt 0.66655427 1.00000000
vt 0.55814940 0.64995408
vt 0.55344510 0.65656197
vt 0.00000000 0.99997371
vt 0.33992130 0.82344258
vt 0.33992130 0.99997371
vt 0.67372668 0.82344258
vt 0.67372668 0.99997371
vt 0.67372668 0.65891773
vt 0.33992130 0.65891773
vt 0.00000000 0.82344258
vt 1.00000000 0.65891773
vt 1.00000000 0.82344258
vt 0.17655620 0.00000000
vt 0.34108099 0.33333331
vt 0.17655620 0.33333331
vt 0.00000000 0.33333331
vt 0.00000000 0.66666669
vt 0.17655620 0.66666669
vt 0.12720899 1.00000000
vt 0.34108099 0.66666669
vt 0.25441799 1.00000000
vt 0.37722191 1.00000000
vt 0.50000000 0.66666669
vt 0.50000000 0.33333331
vt 0.50000000 0.00000000
vt 0.34108099 0.00000000
vt 0.65891898 0.66666669
vt 0.65891898 0.33333331
vt 0.82344377 0.00000000
vt 0.65891898 0.00000000
vt 0.82344377 0.33333331
vt 1.00000000 0.17655650
vt 0.67372668 0.34108099
vt 0.67372668 0.17655650
vt 1.00000000 0.49999499
vt 1.00000000 0.34108099
vt 0.33992130 0.34108099
vt 0.67372668 0.49999931
vt 0.33992130 0.49999931
vt 0.00000000 0.49999931
vt 0.00000000 0.65891773
vt 0.00000000 0.34108099
vt 0.34108099 1.00000000
vt 0.17655620 0.66666669
vt 0.34108099 0.66666669
vt 0.00000000 0.66666669
vt 0.17655620 1.00000000
vt 0.67372668 0.00001637
vt 1.00000000 0.33333331
vt 1.00000000 0.66666669
vt 0.87284487 1.00000000
vt 0.82344377 1.00000000
vt 0.82344377 0.66666669
vt 0.14491899 0.99996680
vt 0.20258930 0.82344228
vt 0.12386470 0.89759439
vt 0.00000000 0.12720340
vt 0.14216170 0.00005442
vt 0.14216170 0.12720340
vt 0.00000000 0.17660169
vt 0.24961220 0.00005533
vt 0.28435400 0.12720340
vt 0.14216170 0.25440681
vt 0.00000000 0.34111750
vt 0.00000000 0.25440681
vt 0.28435400 0.25440681
vt 0.14216170 0.37720439
vt 0.74563438 1.00000000
vt 0.62283009 1.00000000
vt 0.00000000 0.50002772
vt 0.14216170 0.50000191
vt 0.28435400 0.37720439
vt 0.28435400 0.50000191
vt 0.42647499 0.25440681
vt 0.56843930 0.25440681
vt 0.42647499 0.12720340
vt 0.56843930 0.12720340
vt 0.70508212 0.00000000
vt 0.49021170 0.00005373
vt 0.20258930 0.49999931
vt 0.06073319 0.60356158
vt 0.07230246 0.65891761
vt 0.40368921 0.65891761
vt 0.20258930 0.65891761
vt 0.60348952 0.65891761
vt 0.60348952 0.82344228
vt 0.40368921 0.82344228
vt 0.20258930 0.99996680
vt 0.40368921 0.99996680
vt 0.60348952 0.99996680
vt 0.80219531 0.82344228
vt 0.80219531 0.99996680
vt 1.00000000 0.99996680
vt 1.00000000 0.87343872
vt 1.00000000 0.82344228
vt 1.00000000 0.74688882
vt 0.10279970 0.79980040
vt 0.10794660 0.82344228
vt 0.42647499 0.00004939
vt 0.28435400 0.00005574
vt 0.55345672 0.34345251
vt 0.55815709 0.35005790
vt 1.00000000 0.00000000
vt 1.00000000 1.00000000
vt 0.50000000 1.00000000
vt 0.00031753 0.00905216
vt 0.99985957 0.00000000
vt 0.99986118 0.00905216
vt 0.00003337 0.01810437
vt 0.99978697 0.01810437
vt 0.00009990 0.03621268
vt 0.99995631 0.03620874
vt 0.00008835 0.05431312
vt 0.99986923 0.05431312
vt 0.00013115 0.07241749
vt 0.99991888 0.07241749
vt 0.99990910 0.07474780
vt 0.00000000 0.00000000
vt 0.00000000 0.33333331
vt 0.17655540 0.01408267
vt 0.34107941 0.05452334
vt 0.28305259 0.03724622
vt 0.00006358 0.14483510
vt 0.99989748 0.14483510
vt 0.99986720 0.19322740
vt 0.43663400 0.08945977
vt 0.34107941 0.33333331
vt 0.49999759 0.11645930
vt 0.17655540 0.66666669
vt 0.17655540 0.33333331
vt 0.34107941 0.66666669
vt 0.49999759 0.33333331
vt 0.17655540 1.00000000
vt 0.34107941 1.00000000
vt 0.49999759 0.66666669
vt 0.49999759 1.00000000
vt 0.50696450 0.65891790
vt 0.00000000 0.82344282
vt 0.50696450 0.82344282
vt 0.50696450 0.49999931
vt 0.00000000 0.65891790
vt 1.00000000 0.65891790
vt 1.00000000 0.49999499
vt 0.50696450 0.34108090
vt 0.00000000 0.49999931
vt 1.00000000 0.34108090
vt 0.65892023 0.50000000
vt 0.50000161 0.00000000
vt 0.50000161 0.50000000
vt 0.34108281 0.50000000
vt 0.34108281 0.00000000
vt 0.44773200 0.95831633
vt 0.34108281 0.95284688
vt 0.58288831 0.96712410
vt 0.50000161 0.96149921
vt 0.99998820 0.50000000
vt 0.00012522 0.55509633
vt 0.00027728 0.41270241
vt 0.99996972 0.33333111
vt 0.00002554 0.27329639
vt 0.71722448 0.97733730
vt 0.82344443 0.50000000
vt 0.65892023 0.97277641
vt 0.99997753 0.16665950
vt 0.00034846 0.13607700
vt 0.99998820 0.00000000
vt 0.99998629 0.13607700
vt 0.82344443 0.98590779
vt 0.85471851 0.98844910
vt 1.00000000 0.50000000
vt 0.65892023 0.00000000
vt 1.00000000 0.00000000
vt 0.82344443 0.00000000
vt 1.00000000 0.17655639
vt 0.50696450 0.00001212
vt 0.50696450 0.17655639
vt 0.00000000 0.00001212
vt 0.00000000 0.17655639
vt 0.99996787 1.00000000
vt 0.00000000 0.34108090
vt 0.65891641 1.00000000
vt 0.82344192 1.00000000
vt 0.65891641 0.66666669
vt 0.55865461 0.14358450
vt 0.65891641 0.19326970
vt 0.99997753 0.66667801
vt 0.00012711 0.70082319
vt 0.99997938 0.83334887
vt 0.00014862 0.84952062
vt 0.30801091 0.95145512
vt 0.17655750 0.94740772
vt 0.16005020 0.94706649
vt 0.17655750 0.50000000
vt 0.00002212 0.94555241
vt 0.00002212 0.00000000
vt 0.00002212 0.50000000
vt 0.17655750 0.00000000
vt 1.00000000 0.99997789
vt 1.00000000 0.82344282
vt 1.00000000 0.00000000
vt 0.50696450 1.00000000
vt 0.50696450 0.00000000
vt 0.47120860 1.00000000
vt 0.00000000 0.00000000
vt 0.47120860 0.00000000
vt 0.50696450 0.17655671
vt 0.00000000 0.50000000
vt 0.17655620 1.00000000
vt 0.17655620 0.50000000
vt 0.16005249 0.05293387
vt 0.00000000 0.05444753
vt 0.00000236 0.00000000
vt 0.99997473 0.15047930
vt 0.00025385 0.15047930
vt 0.00000000 1.00000000
vt 1.00000000 0.00000000
vt 1.00000000 1.00000000
vt 0.99997300 0.16666751
vt 0.00009949 0.29917681
vt 0.34108099 0.50000000
vt 0.30801091 0.04854488
vt 0.17655620 0.05259227
vt 0.99998432 0.33333451
vt 0.00015463 0.44490370
vt 0.50000000 0.50000000
vt 0.44773191 0.04168367
vt 0.34108099 0.04715251
vt 0.34108099 1.00000000
vt 0.50000000 1.00000000
vt 0.65891898 1.00000000
vt 0.65891898 0.50000000
vt 0.58288890 0.03287589
vt 0.50000000 0.03850024
vt 0.99999392 0.50000000
vt 0.00025564 0.58729762
vt 0.99997473 0.66667551
vt 0.00004910 0.72670358
vt 0.82344377 0.50000000
vt 0.71722472 0.02266263
vt 0.65891898 0.02722311
vt 0.99998307 0.83334333
vt 0.00021255 0.86392301
vt 1.00000000 0.50000000
vt 0.85471880 0.01155084
vt 0.82344377 0.01409190
vt 0.99999392 1.00000000
vt 0.99999201 0.86392301
vt 0.00000000 1.00000000
vt 0.00000000 0.00000000
vt 0.53070492 0.00000000
vt 0.80790949 0.00000000
vt 1.00000000 1.00000000
vt 0.80295539 1.00000000
vt 0.00000000 1.00000000
vt 0.19704460 0.00000000
vt 0.19704460 1.00000000
vt 0.38907909 0.00000000
vt 0.38907909 1.00000000
vt 0.58244872 1.00000000
vt 0.58244872 0.00000000
vt 0.62073171 0.00000000
vt 0.61092091 1.00000000
vt 0.43259260 0.00000000
vt 0.41755119 1.00000000
vt 0.78367811 1.00000000
vt 0.78367811 0.00000000
vt 0.23749600 0.00000000
vt 0.21632190 1.00000000
vt 0.59955281 0.00000000
vt 0.00000000 1.00000000
vt 0.00000000 0.00000000
vt 0.02852827 0.00000000
vt 0.40050471 0.00000000
vt 1.00000000 0.00000000
vt 1.00000000 0.00000000
vt 0.00000000 1.00000000
vt 0.00000000 0.00000000
vt 0.17117301 1.00000000
vt 0.00000000 0.00000000
vt 0.17465620 0.00000000
vt 0.33151689 1.00000000
vt 0.82125181 0.00000000
vt 0.82482028 1.00000000
vt 0.82125181 1.00000000
vt 1.00000000 0.00000000
vt 0.82482028 0.00000000
vt 0.00000000 0.00000000
vt 1.00000000 1.00000000
vt 1.00000000 0.00000000
vt 0.20283090 0.00000000
vt 0.19773160 0.17655620
vt 0.00000000 0.17655620
vt 0.00000000 0.34108099
vt 0.00000000 0.00000000
vt 0.00000000 0.33333331
vt 0.17655620 0.00000000
vt 0.17655620 0.33333331
vt 0.34108099 0.00000000
vt 0.00000000 0.66666669
vt 0.17655620 0.66666669
vt 0.50000000 0.00000000
vt 0.00000000 1.00000000
vt 0.17655620 1.00000000
vt 0.00000000 0.50000000
vt 0.32282221 0.00000000
vt 0.32282221 0.50000000
vt 0.32282221 1.00000000
vt 0.66464311 0.00000000
vt 0.66464311 1.00000000
vt 0.66464311 0.50000000
vt 0.00000000 0.17655620
vt 0.32282221 0.00000000
vt 0.32282221 0.17655620
vt 0.66464311 0.17655620
vt 0.32282221 0.34108099
vt 0.00000000 0.34108099
vt 0.00000000 0.00000000
vt 0.17655620 0.33333331
vt 0.00000000 0.33333331
vt 0.34108099 0.00000000
vt 0.17655620 0.00000000
vt 0.50000000 0.33333331
vt 0.34108099 0.33333331
vt 0.00000000 0.50000000
vt 0.32282221 0.50000000
vt 0.65891898 0.00000000
vt 0.50000000 0.00000000
vt 0.32282221 0.65891898
vt 0.00000000 0.65891898
vt 0.65891898 0.33333331
vt 0.82344377 0.00000000
vt 1.00000000 0.33333331
vt 0.82344377 0.33333331
vt 1.00000000 0.00000000
vt 0.32282221 0.82344377
vt 0.00000000 0.82344377
vt 0.32282221 1.00000000
vt 0.66464311 0.65891898
vt 0.66464311 1.00000000
vt 0.66464311 0.82344377
vt 1.00000000 0.82344377
vt 1.00000000 0.65891898
vt 0.84685332 0.00000000
vt 1.00000000 1.00000000
vt 0.82344377 1.00000000
vt 0.87878573 0.31132701
vt 1.00000000 0.00000000
vt 0.64867312 0.09723776
vt 0.66779602 0.15314330
vt 0.66779602 0.00000676
vt 1.00000000 0.17655130
vt 0.66779602 0.29576981
vt 0.33466950 0.29576981
vt 0.33466950 0.15314330
vt 0.66666538 0.00000676
vt 0.33466950 0.43254659
vt 1.00000000 0.34106529
vt 0.66779602 0.43254659
vt 0.70421749 0.00000000
vt 0.65891898 1.00000000
vt 0.56743169 0.00000000
vt 0.50000000 1.00000000
vt 0.66464311 0.50000000
vt 1.00000000 0.50000000
vt 1.00000000 0.34108099
vt 0.66464311 0.34108099
vt 0.43252420 0.00000000
vt 0.34108099 1.00000000
vt 1.00000000 0.17655620
vt 1.00000000 0.49997380
vt 0.66779602 0.56744522
vt 1.00000000 0.65888232
vt 0.66779602 0.70422328
vt 0.29573709 0.00000000
vt 0.17655620 1.00000000
vt 1.00000000 0.82339633
vt 0.66779602 0.84685242
vt 0.00000000 1.00000000
vt 0.00000000 0.00000000
vt 0.15309860 0.00000000
vt 1.00000000 0.99994087
vt 1.00000000 0.84685242
vt 0.66779602 0.99998641
vt 0.33466950 0.84685242
vt 0.33466950 0.99998689
vt 0.00000000 0.84685242
vt 0.00000000 0.00000000
vt 0.25002480 0.15297200
vt 0.00000000 0.15297200
vt 0.00000000 0.70422328
vt 0.25002480 0.29560721
vt 0.00000000 0.29560721
vt 0.25002480 0.00034257
vt 0.49989980 0.15297200
vt 0.49989980 0.29560721
vt 0.25002480 0.43248570
vt 0.00000000 0.43248570
vt 0.49989980 0.43248570
vt 0.74974769 0.43248570
vt 0.74974769 0.29560721
vt 1.00000000 0.17619839
vt 0.74974769 0.15297200
vt 1.00000000 0.34080651
vt 0.74974769 0.56751430
vt 0.49989980 0.56751430
vt 1.00000000 0.50000000
vt 0.43386289 1.00000000
vt 0.34206769 0.93750000
vt 0.50140238 0.93750000
vt 0.56889027 1.00000000
vt 1.00000000 0.65919340
vt 0.74974769 0.70439279
vt 1.00000000 0.82380128
vt 0.49989980 0.70439279
vt 0.49989980 0.84702802
vt 0.25002480 0.70439279
vt 0.25002480 0.84702802
vt 0.25002480 0.56751430
vt 0.00000000 0.56751430
vt 0.00000000 0.70439279
vt 0.00000000 0.84702802
vt 0.49989980 1.00000000
vt 0.25002480 0.99996650
vt 0.33333489 0.00000288
vt 0.33466950 0.00000281
vt 0.00000000 0.29576981
vt 0.00000000 0.25601861
vt 0.00000000 0.00000000
vt 0.23504020 0.01556211
vt 0.31765300 0.50000000
vt 0.00000000 0.27196759
vt 0.00000000 0.50000000
vt 0.62668288 0.50000000
vt 0.31894249 0.18952200
vt 0.49783021 0.66547042
vt 0.58933932 0.99999768
vt 0.51671737 1.00000000
vt 0.62126529 0.50419772
vt 0.00000000 1.00000000
vt 0.49783021 0.83273518
vt 0.49783021 0.99999732
vt 0.00000000 0.79510909
vt 0.00000000 0.66547042
vt 0.00000000 0.59774661
vt 0.00000000 0.50000358
vt 0.49783021 0.50000358
vt 1.00000000 0.50016642
vt 1.00000000 0.66547042
vt 0.00000000 1.00000000
vt 0.00000000 0.66535902
vt 0.50566483 0.50000000
vt 0.00000000 0.33431530
vt 0.00000000 0.00000000
vt 0.50566483 0.00000000
vt 1.00000000 0.00000000
vt 0.50566483 1.00000000
vt 0.00000000 0.50000000
vt 0.50566471 1.00000000
vt 0.00000000 0.66871798
vt 1.00000000 0.00033277
vt 0.49783021 0.33453670
vt 0.49783021 0.16726831
vt 0.49121991 0.00033306
vt 0.49783021 0.00033293
vt 0.00000000 0.20535681
vt 0.00000000 0.16726831
vt 1.00000000 0.20509240
vt 0.54919612 0.00001907
vt 1.00000000 0.33431521
vt 1.00000000 0.40258929
vt 0.00000000 0.40278819
vt 0.00000000 0.33453670
vt 1.00000000 0.49983719
vt 1.00000000 0.59761268
vt 1.00000000 0.66535902
vt 1.00000000 0.79504091
vt 0.50152832 0.79504091
vt 0.00000000 0.79352582
vt 1.00000000 0.83267951
vt 0.50152832 0.99997830
vt 0.07659173 0.99999869
vt 0.00000000 0.79504091
vt 0.00000000 1.00000000
vt 0.30494270 0.74228013
vt 1.00000000 0.79504579
vt 0.00000000 0.82528651
vt 0.75677210 1.00000000
vt 0.66538399 1.00000000
vt 1.00000000 0.82528228
vt 0.50747669 1.00000000
vt 0.32290131 0.87467492
vt 0.23504020 0.85839111
vt 0.47739539 0.03294861
vt 0.65321797 0.93698502
vt 0.47749561 0.90387022
vt 0.50000000 1.00000000
vt 0.00000000 0.43254659
vt 0.00000000 0.56744522
vt 0.33466950 0.56744522
vt 0.33466950 0.70422328
vt 0.34206769 0.87500000
vt 0.50140238 0.87500000
vt 0.50140238 0.81250000
vt 0.34206769 0.81250000
vt 0.34206769 0.75000000
vt 0.50140238 0.75000000
vt 0.17701410 0.87500000
vt 0.17701410 0.81250000
vt 0.17701410 0.75000000
vt 0.34206769 0.68750000
vt 0.17701410 0.68750000
vt 0.17701410 0.62500000
vt 0.34206769 0.62500000
vt 0.50140238 0.68750000
vt 0.00000000 0.68750000
vt 0.00000000 0.75000000
vt 0.00000000 0.62500000
vt 0.17701410 0.56250000
vt 0.00000000 0.56250000
vt 0.17701410 0.50000000
vt 0.34206769 0.56250000
vt 0.50140238 0.50000000
vt 0.34206769 0.50000000
vt 0.50140238 0.62500000
vt 0.50140238 0.56250000
vt 0.66045249 0.68750000
vt 0.50140238 0.43750000
vt 0.34206769 0.43750000
vt 0.50140238 0.37500000
vt 0.34206769 0.37500000
vt 0.17701410 0.43750000
vt 0.17701410 0.37500000
vt 0.34206769 0.31250000
vt 0.17701410 0.31250000
vt 0.50140238 0.31250000
vt 0.17701410 0.25000000
vt 0.50140238 0.25000000
vt 0.34206769 0.25000000
vt 0.00000000 0.25000000
vt 0.00000000 0.31250000
vt 0.00000000 0.37500000
vt 0.00000000 0.43750000
vt 0.00000000 0.50000000
vt 0.17701410 0.18750000
vt 0.00000000 0.18750000
vt 0.17701410 0.12500000
vt 0.34206769 0.18750000
vt 0.50140238 0.18750000
vt 0.50140238 0.12500000
vt 0.34206769 0.12500000
vt 0.50140238 0.06250000
vt 0.34206769 0.06250000
vt 0.56922221 0.00000000
vt 0.66045249 0.06250000
vt 0.43403569 0.00000000
vt 0.70604467 0.00000000
vt 1.00000000 0.50029761
vt 0.29681030 0.00000000
vt 0.17701410 0.06250000
vt 0.15364151 0.00000000
vt 0.17701410 0.00000000
vt 0.00000000 0.06250000
vt 0.00000000 0.12500000
vt 1.00000000 0.82386678
vt 0.82451588 0.99993879
vt 0.80047518 0.99993950
vt 0.00000000 0.92768598
vt 1.00000000 0.50000000
vt 0.00000000 0.50000000
vt 1.00000000 0.00000000
vt 0.00000000 0.00348085
vt 0.00000000 0.46558350
vt 1.00000000 0.65937692
vt 0.00000000 0.81250000
vt 0.00000000 0.87500000
vt 0.00000000 0.93750000
vt 0.17701410 0.93750000
vt 0.15370050 1.00000000
vt 0.29677761 1.00000000
vt 0.74974769 0.00035366
vt 1.00000000 0.15297200
vt 0.49989980 0.00000000
vt 1.00000000 0.50000000
vt 0.66464311 0.00000000
vt 0.00000535 0.00000000
vt 0.08827847 1.00000000
vt 0.08827847 0.00000000
vt 0.17054109 1.00000000
vt 0.17054109 0.00000000
vt 0.17054050 1.00000000
vt 0.17054050 0.00000000
vt 0.25000060 1.00000000
vt 0.25000060 0.00000000
vt 0.25000000 1.00000000
vt 0.25000000 0.00000000
vt 0.32945949 1.00000000
vt 0.32945949 0.00000000
vt 0.41172189 1.00000000
vt 0.41172189 0.00000000
vt 0.32946000 1.00000000
vt 0.32946000 0.00000000
vt 0.41172221 1.00000000
vt 0.41172221 0.00000000
vt 0.50000000 1.00000000
vt 0.50000000 0.00000000
vt 0.50000000 1.00000000
vt 0.50000000 0.00000000
vt 0.58827817 0.00000000
vt 0.58827817 1.00000000
vt 0.58827811 1.00000000
vt 0.58827811 0.00000000
vt 0.67054051 1.00000000
vt 0.67054051 0.00000000
vt 0.75000000 1.00000000
vt 0.75000000 0.00000000
vt 0.67054069 1.00000000
vt 0.67054069 0.00000000
vt 0.75000018 0.00000000
vt 0.75000018 1.00000000
vt 0.82945973 1.00000000
vt 0.82945973 0.00000000
vt 0.82945949 1.00000000
vt 0.82945949 0.00000000
vt 0.91172189 1.00000000
vt 0.91172189 0.00000000
vt 1.00000000 1.00000000
vt 0.00000000 0.00000000
vt 0.08827805 1.00000000
vt 0.08827805 0.00000000
vt 0.17054050 1.00000000
vt 0.08827805 0.00000000
vt 0.00000000 1.00000000
vt 0.00000000 0.50000000
vt 0.32892999 0.53693187
vt 0.45878509 0.70470530
vt 0.42635831 0.71706897
vt 1.00000000 1.00000000
vt 0.91172189 0.00000000
vt 0.91172189 1.00000000
vt 0.08827847 0.00000000
vt 0.00000564 1.00000000
vt 0.08827847 1.00000000
vt 0.17054109 0.00000000
vt 0.17054109 1.00000000
vt 0.08827805 0.00000000
vt 0.00000000 1.00000000
vt 0.08827805 1.00000000
vt 0.17054050 0.00000000
vt 0.17054050 1.00000000
vt 0.50000000 1.00000000
vt 0.40539750 0.85306263
vt 0.50000000 0.86551732
vt 1.00000000 1.00000000
vt 0.91172200 0.00000000
vt 0.91172200 1.00000000
vt 0.50000000 0.00000000
vt 0.59460020 0.14693670
vt 0.50000000 0.13448280
vt 0.82945973 0.00000000
vt 0.82945949 0.00000000
vt 0.75000000 0.00000000
vt 0.82945949 1.00000000
vt 0.75000018 0.00000000
vt 0.82945973 1.00000000
vt 0.67054051 0.00000000
vt 0.75000000 1.00000000
vt 0.58827811 0.00000000
vt 0.67054051 1.00000000
vt 0.58827817 0.00000000
vt 0.67054069 1.00000000
vt 0.67054069 0.00000000
vt 0.75000018 1.00000000
vt 0.50000000 0.00000000
vt 0.58827811 1.00000000
vt 0.50000000 0.00000000
vt 0.58827817 1.00000000
vt 0.41172221 0.00000000
vt 0.50000000 1.00000000
vt 0.32946000 0.00000000
vt 0.41172221 1.00000000
vt 0.32945949 0.00000000
vt 0.41172189 1.00000000
vt 0.41172189 0.00000000
vt 0.50000000 1.00000000
vt 0.25000000 0.00000000
vt 0.32945949 1.00000000
vt 0.17054050 0.00000000
vt 0.25000000 1.00000000
vt 0.17054109 0.00000000
vt 0.25000060 1.00000000
vt 0.25000060 0.00000000
vt 0.32946000 1.00000000
vt 0.08827847 0.00000000
vt 0.17054109 1.00000000
vt 0.00000555 0.00000000
vt 0.08827847 1.00000000
vt 0.91172189 1.00000000
vt 1.00000000 0.00000000
vt 0.91172189 0.00000000
vt 0.82945949 1.00000000
vt 0.75000000 0.00000000
vt 0.82945949 0.00000000
vt 0.82945973 0.00000000
vt 0.75000018 1.00000000
vt 0.82945973 1.00000000
vt 0.91172200 0.00000000
vt 0.91172200 1.00000000
vt 0.67054081 0.00000000
vt 0.75000018 0.00000000
vt 0.67054051 1.00000000
vt 0.75000000 1.00000000
vt 0.58827817 1.00000000
vt 0.67054081 1.00000000
vt 0.67054051 0.00000000
vt 0.58827811 1.00000000
vt 0.58827817 0.00000000
vt 0.50000000 1.00000000
vt 0.50000000 0.00000000
vt 0.41172221 1.00000000
vt 0.50000000 0.00000000
vt 0.41172189 1.00000000
vt 0.50000000 1.00000000
vt 0.58827811 0.00000000
vt 0.41172189 0.00000000
vt 0.32945949 1.00000000
vt 0.32945949 0.00000000
vt 0.25000000 1.00000000
vt 0.32946000 0.00000000
vt 0.25000060 1.00000000
vt 0.32946000 1.00000000
vt 0.41172221 0.00000000
vt 0.25000060 0.00000000
vt 0.25000000 0.00000000
vt 1.00000000 1.00000000
vt 0.00000000 0.00000000
vt 0.08827805 1.00000000
vt 0.08827805 0.00000000
vt 0.09931206 0.00000000
vt 1.00000000 1.00000000
vt 0.00000000 1.00000000
vt 0.00000000 1.00000000
vt 1.00000000 0.00000000
vt 0.00000000 0.00000000
vt 0.82344377 0.66666669
vt 0.93514568 0.66666669
vt 1.00000000 0.63626140
vt 0.99966753 0.12282920
vt 0.00081657 0.14205660
vt 0.99966723 0.11335020
vt 0.99965751 0.14205660
vt 0.99968421 0.22131670
vt 0.89964229 0.68392611
vt 0.90714318 0.68024713
vt 0.77578378 0.74655890
vt 0.82344377 0.72212100
vt 0.65891898 0.66666669
vt 0.82344377 0.33333331
vt 0.65891898 0.33333331
vt 0.50000000 0.33333331
vt 0.50000000 0.66666669
vt 0.55869353 0.85639691
vt 0.65891898 0.80674201
vt 0.00078860 0.42664820
vt 0.99966937 0.42664820
vt 0.99966770 0.43990850
vt 0.00081941 0.29696581
vt 0.99968219 0.28437600
vt 0.00081849 0.56862831
vt 0.99966931 0.56862831
vt 0.99967963 0.63957942
vt 0.00081427 0.71077502
vt 0.99968028 0.71077502
vt 0.99967510 0.80514097
vt 0.00077758 0.85355288
vt 0.99970269 0.85355288
vt 0.99968219 0.92439741
vt 0.00081442 0.92677653
vt 0.99969047 0.94508243
vt 0.00078015 0.94508243
vt 0.17224079 0.98661911
vt 0.17655620 0.98591858
vt 0.00000000 1.00000000
vt 0.99966741 0.96338832
vt 0.00085265 0.96338832
vt 0.99991918 0.98169410
vt 0.00059825 0.98169410
vt 0.99978662 0.99084711
vt 0.00072141 0.99084711
vt 0.99966753 1.00000000
vt 0.66666669 0.00000000
vt 1.00000000 1.00000000
vt 0.66666669 1.00000000
vt 0.17655620 0.33333331
vt 0.00000000 0.66666669
vt 0.17655620 0.66666669
vt 0.17655620 0.00000000
vt 0.00000000 0.33333331
vt 0.00000000 1.00000000
vt 0.00000000 0.00002212
vt 0.00000000 0.17655671
vt 0.50696450 0.34108111
vt 0.00000000 0.34108111
vt 0.34108099 0.33333331
vt 1.00000000 0.34108111
vt 1.00000000 0.17655671
vt 0.00000000 0.49999931
vt 0.50696450 0.49999931
vt 0.50696450 0.65891761
vt 0.00000000 0.65891761
vt 1.00000000 0.65891761
vt 1.00000000 0.49999499
vt 0.00000000 0.82344240
vt 0.50696450 0.82344240
vt 1.00000000 0.82344240
vt 0.82344377 1.00000000
vt 1.00000000 1.00000000
vt 0.50696450 0.99996787
vt 0.00000000 0.99996787
vt 1.00000000 0.33333331
vt 0.82344377 0.00000000
vt 0.65891898 0.00000000
vt 0.50000000 0.00000000
vt 0.34108099 0.00000000
vt 0.34108099 0.66666669
vt 0.28307000 0.96274912
vt 0.34108099 0.94547999
vt 0.43663189 0.91054088
vt 0.50000000 0.88354611
vt 0.00000000 0.66666669
vt 0.17054050 1.00000000
vt 0.00000000 0.00000000
vt 0.08827805 1.00000000
vt 0.08827805 0.00000000
vt 1.00000000 1.00000000
vt 0.91172200 0.00000000
vt 0.91172200 1.00000000
vt 1.00000000 1.00000000
vt 0.91172200 0.00000000
vt 0.91172200 1.00000000
vt 0.00000000 0.00000000
vt 0.08827805 1.00000000
vt 0.08827805 0.00000000
vt 0.17054050 0.00000000
vt 0.17054050 1.00000000
vt 0.17054050 1.00000000
vt 0.17054050 0.00000000
vt 0.25000000 1.00000000
vt 0.25000000 0.00000000
vt 0.25000000 1.00000000
vt 0.25000000 0.00000000
vt 0.32945949 1.00000000
vt 0.32945949 0.00000000
vt 0.41172189 1.00000000
vt 0.41172189 0.00000000
vt 0.32945949 1.00000000
vt 0.32945949 0.00000000
vt 0.41172189 1.00000000
vt 0.41172189 0.00000000
vt 0.50000000 0.00000000
vt 0.50000000 1.00000000
vt 0.50000000 1.00000000
vt 0.50000000 0.00000000
vt 0.58827811 1.00000000
vt 0.58827811 0.00000000
vt 0.58827811 1.00000000
vt 0.58827811 0.00000000
vt 0.67054051 0.00000000
vt 0.67054051 1.00000000
vt 0.67054051 1.00000000
vt 0.67054051 0.00000000
vt 0.75000000 0.00000000
vt 0.75000000 1.00000000
vt 0.75000000 1.00000000
vt 0.75000000 0.00000000
vt 0.82945949 1.00000000
vt 0.82945949 0.00000000
vt 0.91172189 1.00000000
vt 0.91172189 0.00000000
vt 1.00000000 1.00000000
vt 0.82945949 0.00000000
vt 0.91172189 1.00000000
vt 0.91172189 0.00000000
vt 1.00000000 0.00000000
vt 0.00000544 0.00000000
vt 0.08827847 1.00000000
vt 0.08827847 0.00000000
vt 0.00000535 0.00000000
vt 0.08827847 1.00000000
vt 0.08827847 0.00000000
vt 0.17054109 0.00000000
vt 0.17054109 1.00000000
vt 0.25000060 0.00000000
vt 0.25000060 1.00000000
vt 0.17054109 1.00000000
vt 0.17054109 0.00000000
vt 0.25000060 1.00000000
vt 0.25000060 0.00000000
vt 0.32946000 1.00000000
vt 0.32946000 0.00000000
vt 0.32946000 1.00000000
vt 0.32946000 0.00000000
vt 0.41172221 1.00000000
vt 0.41172221 0.00000000
vt 0.41172221 1.00000000
vt 0.41172221 0.00000000
vt 0.50000000 1.00000000
vt 0.50000000 0.00000000
vt 0.58827817 1.00000000
vt 0.58827817 0.00000000
vt 0.50000000 0.00000000
vt 0.50000000 1.00000000
vt 0.58827817 0.00000000
vt 0.58827817 1.00000000
vt 0.67054069 1.00000000
vt 0.67054069 0.00000000
vt 0.67054069 1.00000000
vt 0.67054069 0.00000000
vt 0.75000018 1.00000000
vt 0.75000018 0.00000000
vt 0.82945973 1.00000000
vt 0.82945973 0.00000000
vt 0.75000018 1.00000000
vt 0.75000018 0.00000000
vt 0.82945973 1.00000000
vt 0.82945973 0.00000000
vt 0.82945949 1.00000000
vt 0.99998409 0.84952062
vt 0.00010081 0.28746849
vt 0.99986601 0.28746849
vt 0.99986428 0.35845539
vt 0.00002112 1.00000000
vt 0.17709510 0.00000000
vt 0.17709510 1.00000000
vt 0.17709510 1.00000000
vt 0.00002106 0.00000000
vt 0.17709510 0.00000000
vt 0.82481980 0.00000000
vt 1.00000000 0.00000000
vt 1.00000000 0.00000000
vt 0.82482028 1.00000000
vt 0.00000000 1.00000000
vt 1.00000000 1.00000000
vt 0.00000000 0.00000000
vt 0.00000000 1.00000000
vt 0.00000000 1.00000000
vt 0.21632190 0.00000000
vt 0.61092091 1.00000000
vt 0.75000000 0.00000000
vt 0.67054051 1.00000000
vt 0.67054051 0.00000000
vt 0.41172171 0.00000000
vt 0.08827805 1.00000000
vt 0.00000000 0.00000000
vt 0.58827811 1.00000000
vt 0.17054050 0.00000000
vt 0.17054050 1.00000000
vt 0.25000000 0.00000000
vt 0.25000000 1.00000000
vt 0.32945949 0.00000000
vt 0.08827805 0.00000000
vt 0.00000000 1.00000000
vt 0.08827805 1.00000000
vt 0.17054050 0.00000000
vt 0.17054050 1.00000000
vt 0.25000000 0.00000000
vt 0.25000000 1.00000000
vt 0.32945949 0.00000000
vt 0.32945949 1.00000000
vt 0.41172189 0.00000000
vt 0.67054051 0.00000000
vt 0.32945949 1.00000000
vt 0.67053932 1.00000000
vt 0.58827740 1.00000000
vt 0.67053932 0.00000000
vt 0.74999851 1.00000000
vt 0.82945812 0.00000000
vt 0.74999851 0.00000000
vt 0.89252841 1.00000000
vt 0.91172087 0.00000000
vt 0.89378053 0.00001637
vt 0.99998480 0.00000000
vt 0.91172087 1.00000000
vt 0.00000000 0.99998361
vt 1.00000000 0.00000000
vt 0.82344377 1.00000000
vt 0.82344377 0.00000000
vt 1.00000000 1.00000000
vt 0.00261408 0.82344377
vt 1.00000000 0.82344377
vt 0.65891898 0.00000000
vt 0.65891898 1.00000000
vt 1.00000000 0.65891898
vt 0.00261408 0.65891898
vt 1.00000000 0.65891898
vt 0.78489578 0.82344377
vt 1.00000000 1.00000000
vt 1.00000000 0.82344377
vt 0.78489578 1.00000000
vt 1.00000000 0.50000000
vt 0.00261408 0.50000000
vt 0.50000000 0.00000000
vt 0.50000000 1.00000000
vt 0.34108099 1.00000000
vt 0.00000000 0.56250000
vt 0.17653970 0.50000000
vt 0.00000000 0.50000000
vt 0.17653970 0.43750000
vt 0.00000000 0.43750000
vt 0.01762807 0.78941393
vt 0.00000000 0.00000000
vt 0.04413902 0.02961051
vt 0.08827805 0.06004512
vt 0.08827805 0.83620071
vt 0.06162947 0.81852031
vt 0.12940930 0.08841645
vt 0.12940930 0.86259550
vt 0.10386770 0.84616590
vt 0.17054050 0.11600010
vt 0.17054050 0.88972121
vt 0.14479581 0.87293810
vt 0.00226027 0.62156999
vt 0.31774390 0.63881791
vt 0.00321454 0.64918542
vt 0.00242728 0.59322470
vt 0.00332415 0.67778969
vt 0.21027020 0.14112569
vt 0.21027020 0.91293639
vt 0.18480439 0.89836282
vt 0.25000000 0.16404711
vt 0.25000000 0.93554759
vt 0.22425389 0.92100078
vt 0.28972971 0.18413320
vt 0.28972971 0.95417190
vt 0.26348561 0.94241732
vt 0.32945949 0.20091251
vt 0.32945949 0.97057033
vt 0.30283129 0.95962512
vt 0.37059069 0.21448240
vt 0.37059069 0.98341107
vt 0.34262621 0.97535682
vt 0.00061020 0.45296490
vt 0.41172189 0.22408880
vt 0.41172189 0.99244082
vt 0.38322401 0.98631728
vt 0.00036211 0.42535189
vt 0.45586091 0.23008969
vt 0.45586091 0.99854231
vt 0.42500430 0.99493670
vt 0.50000000 0.34108010
vt 0.54413950 0.34108010
vt 0.54413950 0.49999881
vt 0.54413950 0.65891773
vt 0.41172189 1.00000000
vt 0.75000000 1.00000000
vt 0.78972971 1.00000000
vt 0.78972441 0.00000000
vt 0.82945508 0.00000000
vt 0.74999362 0.00000000
vt 0.08827805 0.80000001
vt 0.08827805 1.00000000
vt 0.12940930 0.80000001
vt 0.12940930 1.00000000
vt 0.08827805 0.60000002
vt 0.12940930 0.60000002
vt 0.12940930 0.40000001
vt 0.08827805 0.40000001
vt 0.04413902 0.40000001
vt 0.17054050 0.60000002
vt 0.21027020 0.60000002
vt 0.17054050 0.80000001
vt 0.21027020 0.80000001
vt 0.17054050 1.00000000
vt 0.21027020 1.00000000
vt 0.25000000 0.80000001
vt 0.25000000 1.00000000
vt 0.28972971 1.00000000
vt 0.28972971 0.80000001
vt 0.32945949 1.00000000
vt 0.37059069 1.00000000
vt 0.41172189 0.00000000
vt 0.37059069 0.00000000
vt 0.95586097 0.60000002
vt 0.95586097 0.40000001
vt 1.00000000 0.60000002
vt 0.65780091 0.25000000
vt 0.49896339 0.25000000
vt 0.65780091 0.31250000
vt 0.10198250 0.00000000
vt 0.17621490 0.00000000
vt 0.00000000 0.17678130
vt 0.00000000 0.00000035
vt 0.00000000 0.10234230
vt 1.00000000 0.40220100
vt 1.00000000 0.50000191
vt 0.00000555 1.00000000
vt 1.00000000 0.00000000
vt 0.00000000 1.00000000
vt 0.99998450 0.00000000
vt 0.31962651 1.00000000
vt 0.33519951 0.99487603
vt 1.00000000 0.54695398
vt 0.00000000 0.17655650
vt 0.10621940 0.00001637
vt 0.00000000 0.00001637
vt 0.17054050 1.00000000
vt 1.00000000 0.00000000
vt 0.00663096 1.00000000
vt 0.76751590 0.50000000
vt 1.00000000 0.50000000
vt 0.98296303 0.37059090
vt 0.93301290 0.25000021
vt 0.75840062 0.43076199
vt 0.85355341 0.14644660
vt 0.73167568 0.36624220
vt 0.74999982 0.06698715
vt 0.68916231 0.31083769
vt 0.62940907 0.01703697
vt 0.63375783 0.26832429
vt 0.50000000 0.00000000
vt 0.56923801 0.24159940
vt 0.25000021 0.06698715
vt 0.36624220 0.26832429
vt 0.14644660 0.14644660
vt 0.31083769 0.31083769
vt 0.06698715 0.25000021
vt 0.26832429 0.36624220
vt 0.01703697 0.37059090
vt 0.24159940 0.43076199
vt 0.00000000 0.50000000
vt 0.23248410 0.50000000
vt 0.04834884 0.05897271
vt 0.00000000 0.00000000
vt 0.05461555 0.19714360
vt 0.22765739 0.26276770
vt 0.10923110 0.39428729
vt 0.42215541 0.46191519
vt 0.16384670 0.59143090
vt 0.63149112 0.65605527
vt 0.20567590 0.78100657
vt 0.22648430 0.97172302
vt 0.22777200 1.00000000
vt 0.34555379 1.00000000
vt 0.52001733 0.94542021
vt 0.41812930 0.96963352
vt 0.92457128 0.89319158
vt 1.00000000 1.00000000
vt 1.00000000 0.93698990
vt 0.91315848 1.00000000
vt 0.84058261 0.96963328
vt 0.54210901 0.78649980
vt 0.70054871 0.78649980
vt 0.53530961 0.75414521
vt 0.76396608 0.67061228
vt 0.86503011 0.48593029
vt 0.96609408 0.30124831
vt 0.74941599 0.30458301
vt 0.99120468 0.23708850
vt 0.78856510 0.24537671
vt 0.68713862 0.35542479
vt 0.60597712 0.39443699
vt 0.51146269 0.41896090
vt 0.51537311 0.72399348
vt 0.48365650 0.69810051
vt 0.99761081 0.17114660
vt 0.80191803 0.18184070
vt 0.98510498 0.10555230
vt 0.94942158 0.00000000
vt 0.83972859 0.00000000
vt 0.78856522 0.11830480
vt 0.74941599 0.05909830
vt 0.44232601 0.67823380
vt 0.80176449 0.00000000
vt 0.77780998 0.00000000
vt 0.75385541 0.00000000
vt 0.67329907 0.00000000
vt 0.68713838 0.00825644
vt 0.39419359 0.66574442
vt 0.34253979 0.66148430
vt 0.41003761 0.42732561
vt 0.29088891 0.66574389
vt 0.30861059 0.41896090
vt 0.24275610 0.67823291
vt 0.01209300 0.62517363
vt 0.20142300 0.69810051
vt 0.16970800 0.72399181
vt 0.00369698 0.78649980
vt 0.14297061 0.78649980
vt 0.14977071 0.75414342
vt 0.21409610 0.39443690
vt 0.03182137 0.24610411
vt 0.00000000 0.33932841
vt 1.00000000 0.00000000
vt 0.00000000 1.00000000
vt 1.00000000 0.50271648
vt 1.00000000 0.93686092
vt 0.50000000 1.00000000
vt 0.25012380 1.00000000
vt 0.25012380 0.05250144
vt 0.00000000 1.00000000
vt 0.13095421 0.23171011
vt 0.15742150 0.08503687
vt 1.00000000 0.20643930
vt 0.00000000 0.20643930
vt 0.00000000 0.00002399
vt 0.00000000 0.00000000
vt 0.00000000 0.40258929
vt 0.00000000 0.59761268
vt 0.00000000 0.40314910
vt 1.00000000 0.59679091
vt 1.00000000 0.79353082
vt 1.00000000 0.59678131
vt 1.00000000 0.40314910
vt 0.00000000 0.56748962
vt 0.00000000 0.43251830
vt 0.00000000 0.70432281
vt 1.00000000 0.56748962
vt 1.00000000 0.70432281
vt 1.00000000 0.43251830
vt 0.00000000 0.56748962
vt 0.00000000 0.43251830
vt 0.00000000 0.70432281
vt 0.86938423 0.36873209
vt 0.82655787 0.49206609
vt 0.78491980 0.62597883
vt 0.00000000 0.29568380
vt 0.74592221 0.78427732
vt 0.24990781 0.00000355
vt 0.49987671 0.00000732
vt 0.74990678 0.00000378
vt 1.00000000 0.00000000
vt 1.00000000 0.29568380
vt 0.00000000 0.17471769
vt 0.00000000 0.00000000
vt 1.00000000 0.00000000
vt 1.00000000 0.20642020
vt 1.00000000 1.00000000
vt 0.20258930 0.00002318
vt 0.00000000 0.18006350
vt 0.72916991 0.87772208
vt 0.71455872 1.00000000
vt 0.00000000 0.99999738
vt 0.93588263 0.99997789
vt 0.92695040 0.00002909
vt 1.00000000 0.25440681
vt 0.01927131 0.36725110
vt 0.00000000 0.74559611
vt 0.00000000 0.87279803
vt 0.82993758 0.97642690
vt 0.82994550 0.97558540
vt 0.82991463 0.97725260
vt 0.82994550 0.83878428
vt 0.82480192 0.99483782
vt 0.82691538 0.99110210
vt 0.82971072 0.98018467
vt 0.82983238 0.97878653
vt 0.82922298 0.98356837
vt 0.82956219 0.98144031
vt 0.82884902 0.98533231
vt 0.82262021 0.99730551
vt 0.81818181 0.99973881
vt 0.82040799 0.99888808
vt 0.76495171 0.99678051
vt 0.81595170 0.99994349
vt 0.83007193 0.83291972
vt 0.66295511 0.98606741
vt 0.71395278 0.99208212
vt 0.67275149 0.15066330
vt 0.74601507 0.07687503
vt 0.56096202 0.97096688
vt 0.61195821 0.97895592
vt 0.56285602 0.26134560
vt 0.63611960 0.18755729
vt 0.59948778 0.22445150
vt 0.45897099 0.95323408
vt 0.50996631 0.96231991
vt 0.48959231 0.33513391
vt 0.52622408 0.29823971
vt 0.40797591 0.94392902
vt 0.41632861 0.40892211
vt 0.82997823 0.83581543
vt 0.35698071 0.93462378
vt 0.37969679 0.44581619
vt 0.30598530 0.92553812
vt 0.34306490 0.48271039
vt 0.83088642 0.82281482
vt 0.78264701 0.03998088
vt 0.25498971 0.91689098
vt 0.26980129 0.55649859
vt 0.83040899 0.82754672
vt 0.30643311 0.51960450
vt 0.20399339 0.90890211
vt 0.23316941 0.59339273
vt 0.83144712 0.81866211
vt 0.15299650 0.90179062
vt 0.16629609 0.62683278
vt 0.83406752 0.80593890
vt 0.10199880 0.89577591
vt 0.12472210 0.62683278
vt 0.19980989 0.61846870
vt 0.83957767 0.79021257
vt 0.00000000 0.62683278
vt 0.00000000 0.88791448
vt 0.04157400 0.62683278
vt 0.05099999 0.89107740
vt 0.08314806 0.62683278
vt 0.84524441 0.77986282
vt 0.84147292 0.04347020
vt 0.85097671 0.77264422
vt 0.84678179 0.05211555
vt 0.85674608 0.76778197
vt 0.85213852 0.05827200
vt 0.45296040 0.37202799
vt 0.86253959 0.76492733
vt 0.85752428 0.06247681
vt 0.86835110 0.76397789
vt 0.86293012 0.06495827
vt 0.91223413 0.76397789
vt 0.95611697 0.76397789
vt 0.95611697 0.06578451
vt 1.00000000 0.76397789
vt 1.00000000 0.41488120
vt 0.86835110 0.06578451
vt 0.70938331 0.11376910
vt 1.00000000 0.06578451
vt 0.91223413 0.06578451
vt 0.82108641 0.00154823
vt 0.82290381 0.00061380
vt 0.82652849 0.00085362
vt 0.82472187 0.00035851
vt 0.82998621 0.00528264
vt 0.82830071 0.00234783
vt 0.83139300 0.01072961
vt 0.83107418 0.00893712
vt 0.83072591 0.00749236
vt 1.00000000 1.00000000
vt 1.00000000 0.25434789
vt 0.93588263 0.00000034
vt 1.00000000 0.00000035
vt 1.00000000 0.49986181
vt 1.00000000 0.74542832
vt 0.87176508 0.99983358
vt 0.73201227 0.99991792
vt 0.44188169 0.99975270
vt 0.29463390 0.99971831
vt 0.91277671 0.24878500
vt 0.29463390 0.00068305
vt 0.20405400 0.00000000
vt 0.34034741 0.00000000
vt 0.49896339 0.00000000
vt 0.65780091 0.00000000
vt 0.96982348 0.41030291
vt 1.00000000 0.29228851
vt 0.99543571 0.42046070
vt 0.98295879 0.62865633
vt 0.97045088 0.83685201
vt 0.88955051 0.55896521
vt 0.93229061 0.50082493
vt 0.96526599 1.00000000
vt 0.91904652 0.97532368
vt 0.87282687 0.95064747
vt 0.82660741 0.92597121
vt 0.84399760 0.58166361
vt 0.78038782 0.90129501
vt 0.79814982 0.56775802
vt 0.73416817 0.87661868
vt 0.68794870 0.85194242
vt 0.74826539 0.53227311
vt 0.64172918 0.82726622
vt 0.59550959 0.80258989
vt 0.64849669 0.46130329
vt 0.54929012 0.77791357
vt 0.59861231 0.42581850
vt 0.69838113 0.49678820
vt 0.50307047 0.75323743
vt 0.54872799 0.39033359
vt 0.41063139 0.70388478
vt 0.36441180 0.67920858
vt 0.39907491 0.28387901
vt 0.31819230 0.65453231
vt 0.34919050 0.24839410
vt 0.27197281 0.62985611
vt 0.29930621 0.21290921
vt 0.22575320 0.60517979
vt 0.24942181 0.17742430
vt 0.17962450 0.53348291
vt 0.13348649 0.45961091
vt 0.19953740 0.14193951
vt 0.08813291 0.38035899
vt 0.14965300 0.10645460
vt 0.04361933 0.29581910
vt 0.09976869 0.07096970
vt 0.00000000 0.20608880
vt 0.04988431 0.03548485
vt 0.00000000 0.00000000
vt 0.82263100 0.00000000
vt 1.00000000 0.00000000
vt 0.00000000 0.82294238
vt 0.00000000 0.65852720
vt 0.00000000 0.99972332
vt 0.00000000 0.15328521
vt 1.00000000 0.00028215
vt 0.00000000 1.00000000
vt 0.33197609 1.00000000
vt 0.00000000 1.00000000
vt 0.00000000 0.84695327
vt 1.00000000 0.84702802
vt 1.00000000 1.00000000
vt 1.00000000 0.93750000
vt 0.66045249 1.00000000
vt 0.82461399 0.00000000
vt 1.00000000 0.00000000
vt 1.00000000 0.15288770
vt 1.00000000 0.29556599
vt 1.00000000 0.43250000
vt 0.60087627 0.99995941
vt 0.40101430 0.99997640
vt 1.00000000 1.00000000
vt 0.33330360 1.00000000
vt 0.16664770 1.00000000
vt 0.49996781 1.00000000
vt 0.66663963 1.00000000
vt 0.16932669 0.01658880
vt 1.00000000 0.82340068
vt 1.00000000 0.83665520
vt 1.00000000 1.00000000
vt 0.16932610 0.00248587
vt 0.00000000 0.00000000
vt 1.00000000 0.82344258
vt 1.00000000 0.84703708
vt 1.00000000 0.99997371
vt 1.00000000 0.65891773
vt 1.00000000 1.00000000
vt 0.20074390 0.99996138
vt 0.00000000 0.99993879
vt 0.00000000 0.43282831
vt 1.00000000 0.49999499
vt 1.00000000 0.34108099
vt 0.82076699 0.99998361
vt 0.79690868 1.00000000
vt 0.65295738 0.99998361
vt 0.49139431 0.99998361
vt 0.00000000 0.00000000
vt 0.08827805 0.00000000
vt 0.08828026 0.99998361
vt 0.12941191 0.99998361
vt 0.12940930 0.00000000
vt 0.17054370 0.99998361
vt 0.17054050 0.00000000
vt 0.00000000 0.50000000
vt 0.03773373 0.69055158
vt 0.00408929 0.56381691
vt 0.01703697 0.62940907
vt 0.06698715 0.74999982
vt 0.10315190 0.80415720
vt 0.14644660 0.85355341
vt 0.19584280 0.89684808
vt 0.25000021 0.93301290
vt 0.43618321 0.99591070
vt 0.30944839 0.96226633
vt 0.37059090 0.98296303
vt 0.50000000 1.00000000
vt 0.56381691 0.99591070
vt 0.62940907 0.98296303
vt 0.74999982 0.93301290
vt 0.89684808 0.80415720
vt 0.80415720 0.89684808
vt 0.85355341 0.85355341
vt 0.93301290 0.74999982
vt 0.99591070 0.56381691
vt 0.96226633 0.69055158
vt 0.98296303 0.62940907
vt 1.00000000 0.50000000
vt 0.96226633 0.30944839
vt 0.99591070 0.43618321
vt 0.98296303 0.37059090
vt 0.93301290 0.25000021
vt 0.89684808 0.19584280
vt 0.85355341 0.14644660
vt 0.74999982 0.06698715
vt 0.56381691 0.00408929
vt 0.69055158 0.03773373
vt 0.62940907 0.01703697
vt 0.50000000 0.00000000
vt 0.43618321 0.00408929
vt 0.37059090 0.01703697
vt 0.30944839 0.03773373
vt 0.25000021 0.06698715
vt 0.10315190 0.19584280
vt 0.19584280 0.10315190
vt 0.14644660 0.14644660
vt 0.06698715 0.25000021
vt 0.03773373 0.30944839
vt 0.01703697 0.37059090
vt 0.62940931 0.00000000
vt 0.67054051 0.00000000
vt 0.92389840 0.62287652
vt 0.89853120 0.83050197
vt 0.52136618 0.90201050
vt 0.58606642 0.78305829
vt 0.33278379 0.95184070
vt 0.38132399 0.89338583
vt 0.14420110 0.97304541
vt 0.00000000 0.91082013
vt 0.05325615 0.92198378
vt 0.16160820 0.93101650
vt 0.48513401 0.84767151
vt 0.26995921 0.92198408
vt 0.94926560 0.41525099
vt 0.83538961 0.49844921
vt 0.98159808 0.11247510
vt 1.00000000 0.00000000
vt 0.97463280 0.20762549
vt 0.94645828 0.24752390
vt 0.89679098 0.37882960
vt 0.04413902 0.00000000
vt 0.00000000 1.00000000
vt 0.91172230 0.99998361
vt 0.87059128 0.99998361
vt 0.82946032 0.99998361
vt 0.82945949 0.00000000
vt 0.62940931 0.00000000
vt 0.67054051 0.00000000
vt 0.71027023 0.00000000
vt 0.71027142 0.99998361
vt 0.67054170 0.99998361
vt 0.75000107 0.99998361
vt 0.75000107 0.00000000
vt 0.78973073 0.00000000
vt 0.82946032 0.00000000
vt 0.75000000 0.02622199
vt 0.78972977 0.02257215
vt 0.82945949 0.01856487
vt 0.99929231 0.16666660
vt 0.99925268 0.19444101
vt 0.99926782 0.13889070
vt 0.87059069 0.01412367
vt 0.99912328 0.11111480
vt 0.99912971 0.08333706
vt 0.00263005 0.11111480
vt 0.00324595 0.08333706
vt 0.00220013 0.13889070
vt 0.00200003 0.16666660
vt 0.00122744 0.19444101
vt 0.00142759 0.22221540
vt 1.00000000 0.37514231
vt 1.00000000 0.48295921
vt 0.96841800 0.39440820
vt 0.96451300 0.54436707
vt 0.92809021 0.60117888
vt 0.93686968 0.41412681
vt 0.89080560 0.65327948
vt 0.87385511 0.45466331
vt 0.90535033 0.43423340
vt 0.85273439 0.70056349
vt 0.84237909 0.47535190
vt 0.81214291 0.71864140
vt 0.81091762 0.49623439
vt 0.77152592 0.73626131
vt 0.77946562 0.51724631
vt 0.73088682 0.75348872
vt 0.74801850 0.53832293
vt 0.71657151 0.55939943
vt 0.69022948 0.77038902
vt 0.68511951 0.58041131
vt 0.64955747 0.78702748
vt 0.65365797 0.60129392
vt 0.60887462 0.80346978
vt 0.62218201 0.62198251
vt 0.56818432 0.81978130
vt 0.59068668 0.64241242
vt 0.52749038 0.83602732
vt 0.52761912 0.68223751
vt 0.48679641 0.85227340
vt 0.49603710 0.70150352
vt 0.44610620 0.86858481
vt 0.46168441 0.70897430
vt 0.40542319 0.88502711
vt 0.42783770 0.69064921
vt 0.55916733 0.66251892
vt 0.36475131 0.90166563
vt 0.39685449 0.64780021
vt 0.32409391 0.91856593
vt 0.37089309 0.58340800
vt 0.28345490 0.93579328
vt 0.21578170 0.98701191
vt 0.17594060 1.00000000
vt 0.15348481 0.99591082
vt 0.13040420 0.98296320
vt 0.10888940 0.96226662
vt 0.08797055 0.93301320
vt 0.06891369 0.89684868
vt 0.05153185 0.85355347
vt 0.02357172 0.75000077
vt 0.01327794 0.69055271
vt 0.00599509 0.62941033
vt 0.00143897 0.56381828
vt 0.00000000 0.50000000
vt 0.00143897 0.43618169
vt 0.00599509 0.37058970
vt 0.01327794 0.30944720
vt 0.02357172 0.24999911
vt 0.06891369 0.10315130
vt 0.03629738 0.19584221
vt 0.05153185 0.14644650
vt 0.08797055 0.06698679
vt 0.15348481 0.00408924
vt 0.10888940 0.03773343
vt 0.13040420 0.01703679
vt 0.17594060 0.00000000
vt 0.21521559 0.01261693
vt 0.25251311 0.04983723
vt 0.28594521 0.10978230
vt 0.31382409 0.18942580
vt 0.33474261 0.28474739
vt 0.34764460 0.39093521
vt 0.00055756 0.24998860
vt 0.00093442 0.27776191
vt 0.00024705 0.30553439
vt 0.00053212 0.33330691
vt 0.00029679 0.36107910
vt 0.00030249 0.38885131
vt 0.00057664 0.41662371
vt 0.99877042 0.38885131
vt 0.99885470 0.41662371
vt 0.99880499 0.36107910
vt 0.45586091 0.03664875
vt 0.50000000 0.03695148
vt 0.54413903 0.03667634
vt 0.99894661 0.33330691
vt 0.58827811 0.03576534
vt 0.54413950 0.00000000
vt 0.58827901 0.00000000
vt 0.62941039 0.00000000
vt 0.62940931 0.03427582
vt 0.67054170 0.00000000
vt 0.67054051 0.03212064
vt 0.99928862 0.27776191
vt 0.99913752 0.30553439
vt 0.99928981 0.24998860
vt 0.99925292 0.22221540
vt 0.71027023 0.02943176
vt 0.71027142 0.00000000
vt 0.62941039 0.99998361
vt 0.58827901 0.99998361
vt 0.58827811 0.00000000
vt 0.54413903 0.00000000
vt 0.54413950 0.99998361
vt 0.50000000 0.00000000
vt 0.50000000 0.99998361
vt 0.45586091 0.00000000
vt 0.45586181 0.99998361
vt 0.41172189 0.00000000
vt 0.28972971 0.00000000
vt 0.32945949 0.00000000
vt 0.37059069 0.00000000
vt 0.41172361 0.99998361
vt 0.37059289 0.99998361
vt 0.32946220 0.99998361
vt 0.41172361 0.00000000
vt 0.45586181 0.00000000
vt 0.50000000 0.00000000
vt 0.41172189 0.03571957
vt 0.37059069 0.03423321
vt 0.37059289 0.00000000
vt 0.32945949 0.03211045
vt 0.99902427 0.44439599
vt 0.99921441 0.47216889
vt 0.99930590 0.49994189
vt 0.99947751 0.52771592
vt 0.00065061 0.49994189
vt 0.00101375 0.47216889
vt 0.00155634 0.52771592
vt 0.00137365 0.55548990
vt 0.00214720 0.58326530
vt 0.99980539 0.55548990
vt 0.99999958 0.58326530
vt 0.99972820 0.61104071
vt 0.17054050 0.01873517
vt 0.21027020 0.02272933
vt 0.12940930 0.01419609
vt 0.99888241 0.63881791
vt 0.08827805 0.00948173
vt 0.99858648 0.66659498
vt 0.99885428 0.69437420
vt 0.00000000 1.00000000
vt 0.00000000 0.00000000
vt 0.99930590 0.74993438
vt 0.00450236 0.72215331
vt 0.00352335 0.69437420
vt 0.00541162 0.77771562
vt 0.84783483 0.95060128
vt 0.99997997 0.22955060
vt 0.99997997 1.00000000
vt 0.70525640 0.90436143
vt 0.00534415 0.80549878
vt 0.69344389 0.90045542
vt 0.56802797 0.86319667
vt 0.00630194 0.86106712
vt 0.45737609 0.83386439
vt 0.43249720 0.82841092
vt 0.99931347 0.88885212
vt 0.49139279 1.00000000
vt 0.33160800 1.00000000
vt 0.37339509 0.00801420
vt 0.99942207 0.83328211
vt 0.65295577 1.00000000
vt 0.55422002 0.01494479
vt 0.99936372 0.77771562
vt 0.83592212 0.02764153
vt 0.99997687 0.03503316
vt 0.82076699 0.00000000
vt 1.00000000 0.00000000
vt 0.04414010 0.00000000
vt 0.08828026 0.00000000
vt 0.21027350 0.00000000
vt 0.25000331 0.00000000
vt 0.17054370 0.00000000
vt 0.25000000 0.02630716
vt 0.28973281 0.00000000
vt 0.28972971 0.02944898
vt 0.32946220 0.00000000
vt 0.28973281 0.99998361
vt 0.25000331 0.99998361
vt 0.25000000 0.00000000
vt 0.21027020 0.00000000
vt 0.21027350 0.99998361
vt 0.12941191 0.00000000
vt 0.49139419 0.00000000
vt 0.65295738 0.00000000
vt 0.33160901 0.00000000
vt 0.19080900 0.00293994
vt 0.99936152 0.94442511
vt 0.31774390 1.00000000
vt 0.26438349 1.00000000
vt 0.00713617 1.00000000
vt 0.99930590 1.00000000
vt 1.00000000 0.53948623
vt 0.00000000 1.00000000
vt 0.10119330 0.87251639
vt 0.13173220 0.96701938
vt 0.20771161 0.03609812
vt 0.13757820 0.98508632
vt 0.14414880 0.99624360
vt 0.13173220 0.03422588
vt 0.15489250 0.00259966
vt 0.14869469 0.00173169
vt 0.15109339 0.99989963
vt 0.20415400 0.99767250
vt 0.25721309 0.99415648
vt 0.26053089 0.06959652
vt 0.31027079 0.98953563
vt 0.31335020 0.10309490
vt 0.36332729 0.98399413
vt 0.36616930 0.13659340
vt 0.41638300 0.97771603
vt 0.41898859 0.17009179
vt 0.46943790 0.97088557
vt 0.47180781 0.20359020
vt 0.52249241 0.96368682
vt 0.52462697 0.23708870
vt 0.57554668 0.95630401
vt 0.57744622 0.27058709
vt 0.62860101 0.94892108
vt 0.63026547 0.30408561
vt 0.10119330 0.12872890
vt 0.68165553 0.94172239
vt 0.68308473 0.33758399
vt 0.06700974 0.81406671
vt 0.00000000 0.50062269
vt 0.00000000 0.79430258
vt 0.03099143 0.79430258
vt 0.03099143 0.20694271
vt 0.00000000 0.20694271
vt 0.06700974 0.18717860
vt 0.14260280 0.00690365
vt 0.13686730 0.01788812
vt 0.78776610 0.92861390
vt 0.84082258 0.92307228
vt 0.84154242 0.43807921
vt 0.89388031 0.91845149
vt 0.89436162 0.47157770
vt 0.94693941 0.91493541
vt 0.94718081 0.50507611
vt 1.00000000 0.91270828
vt 1.00000000 0.72564143
vt 1.00000000 0.53857452
vt 0.66663963 0.00000751
vt 0.15243740 0.78568941
vt 0.13389850 0.78432852
vt 0.10258720 0.67320549
vt 0.05841898 0.30752310
vt 0.00000000 0.00000891
vt 0.29518780 0.80183327
vt 0.29919240 0.80240178
vt 0.65893161 1.00000000
vt 0.50000000 1.00000000
vt 0.00000000 0.43254730
vt 0.00000000 0.29576460
vt 0.00000000 0.56745273
vt 0.34106830 1.00000000
vt 0.00000000 0.70423537
vt 0.17653970 1.00000000
vt 1.00000000 0.84686363
vt 1.00000000 1.00000000
vt 0.33335829 0.99999428
vt 0.35247710 0.03847026
vt 0.67177510 0.89285231
vt 1.00000000 0.00000000
vt 0.66533053 0.00000281
vt 0.68105751 0.18952200
vt 0.33220410 0.00000676
vt 0.00000000 0.25719759
vt 0.89453107 0.25614160
vt 0.89453107 0.39093989
vt 0.87844533 0.39672539
vt 0.83691782 0.20218700
vt 0.86345547 0.41368750
vt 0.74510342 0.11620310
vt 0.71180981 0.41701531
vt 0.65328902 0.03021925
vt 0.65494710 0.21456639
vt 0.55599892 0.01404505
vt 0.58860898 0.00340533
vt 0.50352371 0.13772930
vt 0.50352371 0.04440397
vt 0.44974309 0.27031821
vt 0.47179660 0.21078900
vt 0.48823330 0.33660311
vt 0.50762850 0.26755059
vt 0.56233990 0.18125761
vt 0.53290492 0.21456510
vt 0.85058361 0.44067040
vt 0.84070653 0.47583541
vt 0.09926646 0.95689678
vt 0.00000000 1.00000000
vt 0.02735185 0.96489698
vt 0.19853289 0.91379362
vt 0.13059120 0.82282692
vt 0.29779950 0.87069041
vt 0.23146680 0.66862923
vt 0.39325529 0.83767831
vt 0.32979509 0.50258511
vt 0.53290802 0.79205000
vt 0.55535477 0.81962341
vt 0.48928389 0.82125622
vt 0.48823509 0.67001557
vt 0.47604209 0.58960330
vt 0.42538440 0.32501739
vt 0.47188300 0.50331032
vt 0.50763100 0.73906642
vt 0.47604120 0.41701630
vt 0.68022299 0.26755160
vt 0.83449757 0.51678568
vt 0.69961792 0.33660319
vt 0.83237982 0.56073058
vt 0.71596807 0.50330693
vt 0.87844533 0.72473592
vt 0.89453107 0.73052132
vt 0.89453107 0.84901339
vt 0.81432801 0.84187013
vt 0.86345547 0.70777380
vt 0.69991410 0.83167982
vt 0.69961703 0.67001152
vt 0.62587410 0.82508552
vt 0.65494537 0.79204643
vt 0.68022168 0.73906231
vt 0.85058361 0.68079078
vt 0.84070653 0.64562589
vt 0.71180940 0.58959991
vt 0.83449757 0.60467547
vt 0.82344377 1.00000000
vt 0.00000000 0.29576981
vt 0.65891898 1.00000000
vt 0.00000000 0.43254659
vt 0.50000000 1.00000000
vt 0.00000000 0.56744522
vt 0.34108099 1.00000000
vt 0.00000000 0.70422328
vt 0.17655620 1.00000000
vt 0.00000000 1.00000000
vt 0.00000000 0.84685242
vt 1.00000000 0.99994087
vt 0.00000000 0.00000000
vt 1.00000000 1.00000000
vt 1.00000000 0.00000000
vt 0.00000000 0.99998361
vt 1.00000000 0.00000000
vt 0.91061711 0.72473580
vt 0.92874187 0.85206032
vt 0.92560691 0.70777351
vt 0.94635612 0.84731442
vt 0.97730643 0.80210543
vt 0.96292061 0.83027571
vt 0.93847883 0.68079078
vt 0.99583578 0.72067678
vt 0.98853308 0.76472330
vt 0.94835591 0.64562511
vt 0.99994397 0.57011920
vt 0.99871659 0.67296797
vt 0.95456481 0.60467452
vt 1.00000000 0.56073058
vt 0.97210801 0.36552891
vt 0.98727930 0.42355090
vt 0.94835538 0.47583389
vt 0.93847883 0.44067040
vt 0.92873228 0.28817090
vt 0.95218551 0.31946179
vt 0.92560607 0.41368651
vt 0.91061622 0.39672479
vt 0.78489578 0.00000000
vt 1.00000000 0.00000000
vt 0.00261408 0.00000000
vt 0.00000000 1.00000000
vt 0.33815849 0.00000000
vt 0.49677941 0.00000000
vt 0.65608221 0.00000000
vt 0.34224209 0.00000000
vt 0.50165021 0.00000000
vt 0.66072333 0.00000000
vt 0.49677941 1.00000000
vt 0.33815849 1.00000000
vt 0.65608221 1.00000000
vt 0.17709510 1.00000000
vt 0.17709510 0.00000000
vt 0.82172823 1.00000000
vt 0.05707854 0.77208108
vt 0.38049990 0.77208108
vt 0.10755230 0.84524328
vt 0.38583431 0.79221570
vt 0.40147531 0.81097960
vt 0.15848850 0.89664280
vt 0.32874170 0.97254813
vt 0.23383801 0.94001001
vt 0.45878369 0.83945638
vt 0.42635831 0.82709312
vt 0.49654561 0.84722883
vt 0.55186540 0.99757773
vt 0.43707979 0.99215889
vt 0.53707021 0.84987992
vt 0.78497559 0.98876202
vt 0.91575438 0.94836497
vt 0.85571659 0.97284120
vt 0.64778221 0.82709312
vt 0.98836261 0.88088870
vt 0.96099752 0.91700178
vt 0.67266399 0.81098062
vt 0.99136537 0.77208108
vt 0.99598491 0.84248692
vt 0.68830562 0.79221690
vt 0.69364059 0.77208108
vt 0.00002112 1.00000000
vt 1.00000000 0.00000000
vt 0.82172823 0.00000000
vt 1.00000000 0.00000000
vt 1.00000000 1.00000000
vt 0.00000000 0.00000000
vt 0.00000000 1.00000000
vt 0.00000000 0.00000000
vt 0.33344370 0.25762421
vt 0.32885441 0.25699589
vt 0.00000000 0.25000000
vt 0.00000000 0.99997371
vt 1.00000000 0.00000000
vt 0.00000000 0.00000000
vt 0.57555318 0.99938172
vt 1.00000000 0.65880418
vt 0.34108099 0.00000000
vt 0.50000000 0.00000000
vt 0.65891898 0.00000000
vt 1.00000000 0.34143671
vt 0.82344377 0.00000000
vt 1.00000000 0.17715541
vt 1.00000000 0.00000000
vt 1.00000000 0.00086061
vt 0.71726698 0.00086332
vt 0.88696122 0.82344228
vt 0.00000000 0.49999931
vt 1.00000000 0.06313908
vt 1.00000000 0.83300412
vt 1.00000000 1.00000000
vt 0.49783030 0.99967289
vt 0.00000000 0.99967301
vt 0.00000000 0.65858573
vt 0.00000000 0.82344228
vt 1.00000000 1.00000000
vt 0.00000000 0.34141600
vt 1.00000000 0.98238760
vt 1.00000000 0.49983650
vt 0.00000000 0.33463910
vt 1.00000000 0.00000000
vt 0.49783030 0.00000270
vt 0.51671737 0.00000000
vt 1.00000000 0.00000000
vt 0.00000000 0.40225571
vt 0.00000000 0.20489199
vt 0.00000000 0.59721518
vt 1.00000000 0.50015998
vt 1.00000000 0.66568100
vt 0.00000000 0.79464769
vt 0.00000000 1.00000000
vt 0.00000000 0.79357982
vt 0.00000000 0.20643930
vt 0.00000000 0.00002399
vt 1.00000000 0.00002399
vt 0.79983407 0.00184142
vt 0.84536892 0.02485585
vt 0.86642373 0.10139450
vt 0.88569647 0.23020419
vt 1.00000000 1.00000000
vt 0.19778810 0.00002318
vt 0.40008309 0.02765613
vt 0.25378320 0.00000000
vt 0.49999979 0.00000000
vt 0.00000000 0.17659280
vt 0.00000000 0.17432600
vt 0.00000000 0.00000000
vt 0.00000000 0.34110919
vt 1.00000000 0.17431021
vt 1.00000000 0.33934760
vt 1.00000000 0.49999481
vt 1.00000000 0.99990958
vt 0.65674150 0.99991041
vt 0.32408419 0.99996942
vt 0.00000000 1.00000000
vt 0.00000000 0.59679091
vt 0.00000000 0.59685087
vt 0.00000000 0.40238729
vt 0.00000000 0.20495909
vt 1.00000000 0.33463910
vt 0.00000000 0.00000000
vt 1.00000000 0.00000000
vt 0.37873471 0.50419772
vt 0.52193141 0.60824537
vt 0.00000000 0.00000000
vt 0.33956960 0.94643968
vt 0.00000000 1.00000000
vt 0.24999700 0.99981719
vt 0.95312440 0.50000018
vt 0.98262829 0.82340741
vt 1.00000000 0.99994493
vt 0.17656860 0.00000000
vt 0.65890938 0.00000000
vt 0.82343131 0.00000000
vt 0.87338841 0.00000000
vt 1.00000000 0.12713380
vt 1.00000000 0.25426760
vt 0.40161860 0.99996507
vt 1.00000000 0.62288898
vt 0.34109059 0.00000000
vt 0.50000000 0.00000000
vt 0.17167480 0.99878031
vt 0.93642932 0.17659280
vt 0.75157911 0.00000000
vt 1.00000000 0.00000000
vt 0.75233263 1.00000000
vt 1.00000000 1.00000000
vt 0.50787151 0.00000000
vt 0.00000000 1.00000000
vt 0.00000000 0.00000000
vt 0.20016579 0.04099696
vt 0.20016579 1.00000000
vt 0.75000268 0.00000000
vt 0.93426532 0.00000000
vt 0.93440372 0.04661941
vt 0.99629152 0.14623550
vt 0.99817151 0.10359650
vt 0.99892318 0.07998102
vt 0.99950278 0.05465257
vt 0.99987108 0.02785497
vt 0.97865450 0.34108120
vt 0.05629444 0.00160569
vt 0.15011860 0.00076063
vt 0.29251930 0.00080806
vt 0.00000000 0.99938017
vt 0.00000000 0.25426760
vt 0.00000000 0.00060584
vt 0.43382680 0.00085190
vt 1.00000000 0.93750000
vt 1.00000000 1.00000000
vt 0.99930590 0.00000000
vt 1.00000000 0.00000000
vt 1.00000000 1.00000000
vt 0.99924791 0.05555939
vt 0.00333720 0.05555939
vt 0.00431824 0.02777969
vt 0.51639831 0.82425851
vt 0.06428563 0.99307197
vt 0.00000000 1.00000000
vt 0.00417513 0.00000000
vt 0.65890938 1.00000000
vt 0.53809559 1.00000000
vt 0.50119650 0.98099798
vt 0.51890677 0.82040519
vt 1.00000000 0.00000000
vt 0.88190770 0.10163950
vt 0.95586097 0.00475639
vt 1.00000000 0.00005073
vt 0.91172189 0.00958669
vt 1.00000000 0.00000000
vt 1.00000000 0.75000000
vt 1.00000000 1.00000000
vt 0.00000000 0.17669261
vt 0.00000000 0.00000000
vt 1.00000000 0.17655650
vt 1.00000000 0.15296280
vt 0.00000000 0.15296280
vt 0.00000000 0.00065649
vt 0.00000000 0.29556599
vt 1.00000000 0.29559839
vt 1.00000000 0.43215370
vt 0.16932669 0.99998361
vt 0.14742491 1.00000000
vt 0.00000000 0.99998361
vt 0.33160901 0.99998361
vt 0.75000000 0.00000000
vt 0.00000000 0.00000000
vt 0.87059128 0.00000000
vt 1.00000000 0.00000000
vt 0.15313640 1.00000000
vt 1.00000000 1.00000000
vt 0.00000000 0.00001637
vt 1.00000000 0.00000000
vt 0.17054100 1.00000000
vt 0.68037361 1.00000000
vt 1.00000000 0.00000000
vt 0.66459578 0.09909963
vt 0.00000518 1.00000000
vt 0.50000000 0.76751590
vt 0.50000000 1.00000000
vt 0.62941331 0.98296189
vt 0.75000399 0.93301040
vt 0.56924027 0.75840002
vt 0.85355729 0.85354948
vt 0.63376021 0.73167431
vt 0.93301588 0.74999452
vt 0.68916231 0.68916231
vt 0.98296481 0.62940258
vt 0.73167741 0.63375491
vt 1.00000000 0.50000000
vt 0.75840157 0.56923437
vt 0.93302119 0.25001469
vt 0.73167568 0.36624220
vt 0.85356349 0.14645670
vt 0.68916231 0.31083769
vt 0.75001001 0.06699305
vt 0.63375783 0.26832429
vt 0.62941831 0.01703941
vt 0.56923801 0.24159940
vt 0.50000000 0.00000000
vt 0.50000000 0.23248410
vt 0.37059531 0.01703572
vt 0.25000221 0.06698596
vt 0.43076199 0.24159940
vt 0.14644660 0.14644660
vt 0.36624220 0.26832429
vt 0.06698584 0.25000250
vt 0.31083769 0.31083769
vt 0.01703566 0.37059560
vt 0.26832429 0.36624220
vt 0.00000000 0.50000000
vt 0.24159940 0.43076199
vt 0.06698775 0.75000077
vt 0.26832470 0.63375843
vt 0.14644660 0.85355341
vt 0.31083769 0.68916231
vt 0.25000241 0.93301409
vt 0.36624339 0.73167628
vt 0.37059379 0.98296380
vt 0.43076360 0.75840098
vt 1.00000000 1.00000000
vt 0.00000518 1.00000000
vt 0.96913582 0.50000000
vt 1.00000000 0.50000000
vt 0.95315218 0.37858540
vt 0.98296303 0.37059090
vt 0.93301290 0.25000021
vt 0.90628672 0.26543751
vt 0.85355341 0.14644660
vt 0.83172911 0.16827080
vt 0.74999982 0.06698715
vt 0.73457181 0.09371870
vt 0.50000000 0.00000000
vt 0.37059090 0.01703697
vt 0.37858200 0.04684871
vt 0.25000021 0.06698715
vt 0.26543441 0.09371513
vt 0.14644660 0.14644660
vt 0.16827080 0.16827080
vt 0.06698715 0.25000021
vt 0.09371691 0.26543131
vt 0.01703697 0.37059090
vt 0.00000000 0.50000000
vt 0.03086417 0.50000000
vt 0.04684966 0.37857851
vt 0.00000000 0.00000000
vt 0.00000000 1.00000000
vt 1.00000000 0.00000000
vt 1.00000000 1.00000000
vt 0.04684948 0.62142092
vt 0.01703697 0.62940907
vt 0.06698715 0.74999982
vt 0.09371632 0.73456770
vt 0.14644660 0.85355341
vt 0.25000021 0.93301290
vt 0.26543230 0.90628368
vt 0.50000000 1.00000000
vt 0.62940907 0.98296303
vt 0.74999982 0.93301290
vt 0.73456770 0.90628368
vt 0.85355341 0.85355341
vt 0.93301290 0.74999982
vt 0.90628368 0.73456770
vt 0.98296303 0.62940907
vt 0.95315051 0.62142092
vt 0.16827080 0.83172911
vt 0.83172911 0.83172911
vt 0.62142092 0.95315051
vt 0.00000538 1.00000000
vt 0.00000000 1.00000000
vt 1.00000000 1.00000000
vt 1.00000000 1.00000000
vt 1.00000000 1.00000000
vt 0.00000538 1.00000000
vt 1.00000000 0.00000000
vt 0.00000000 1.00000000
vt 1.00000000 0.00000000
vt 0.00000000 1.00000000
vt 0.50000000 0.00000000
vt 0.50000000 0.08219176
vt 0.37059090 0.01703697
vt 0.39186001 0.09642910
vt 0.29109231 0.13816950
vt 0.25000021 0.06698715
vt 0.06698715 0.25000021
vt 0.14644660 0.14644660
vt 0.20456490 0.20456490
vt 0.00000000 0.50000000
vt 0.08219176 0.50000000
vt 0.06698775 0.75000077
vt 0.01703715 0.62940967
vt 0.09642815 0.60813642
vt 0.25000250 0.93301421
vt 0.14644660 0.85355341
vt 0.29109609 0.86183268
vt 0.20456490 0.79543501
vt 0.50000000 1.00000000
vt 0.37059399 0.98296392
vt 0.39186361 0.90357190
vt 0.50000000 0.91780818
vt 0.13816731 0.70890391
vt 0.60813642 0.90357190
vt 0.62941349 0.98296177
vt 0.70890391 0.86183268
vt 0.75000417 0.93301028
vt 0.85355341 0.85355341
vt 0.79543501 0.79543501
vt 1.00000000 0.50000000
vt 0.98296481 0.62940228
vt 0.91780818 0.50000000
vt 0.93301290 0.25000021
vt 0.98296303 0.37059090
vt 0.90357172 0.39186311
vt 0.74999982 0.06698715
vt 0.85355341 0.14644660
vt 0.70890200 0.13816629
vt 0.79543501 0.20456490
vt 0.62940907 0.01703697
vt 0.60813379 0.09642744
vt 0.86183220 0.29109511
vt 1.00000000 0.00000000
vt 0.00000544 1.00000000
vt 1.00000000 0.00000000
vt 0.00000547 1.00000000
vt 1.00000000 1.00000000
vt 0.50000000 0.00000000
vt 0.50000000 0.08219176
vt 0.39186361 0.09642815
vt 0.37058651 0.01703810
vt 0.29109609 0.13816731
vt 0.24999580 0.06698971
vt 0.14644660 0.14644660
vt 0.20456490 0.20456490
vt 0.00000000 0.50000000
vt 0.01703512 0.37059769
vt 0.08219176 0.50000000
vt 0.06698715 0.74999982
vt 0.01703697 0.62940907
vt 0.09642827 0.60813689
vt 0.25000021 0.93301290
vt 0.14644660 0.85355341
vt 0.29109791 0.86183381
vt 0.20456490 0.79543501
vt 0.50000000 1.00000000
vt 0.37059090 0.98296303
vt 0.39186621 0.90357262
vt 0.50000000 0.91780818
vt 0.13816790 0.70890480
vt 0.00000000 0.00000000
vt 0.62940907 0.98296303
vt 0.60814011 0.90357077
vt 0.70890760 0.86183047
vt 0.74999982 0.93301290
vt 0.93301290 0.74999982
vt 0.85355341 0.85355341
vt 0.79543501 0.79543501
vt 1.00000000 0.50000000
vt 0.91780818 0.50000000
vt 0.93301219 0.24999911
vt 0.98296291 0.37059021
vt 0.90357190 0.39186361
vt 0.74999750 0.06698584
vt 0.85355341 0.14644660
vt 0.70890391 0.13816731
vt 0.79543501 0.20456490
vt 0.62940598 0.01703613
vt 0.60813642 0.09642815
vt 0.86183268 0.29109609
vt 1.00000000 0.00000000
vt 0.00000547 1.00000000
vt 1.00000000 1.00000000
vt 0.03086417 0.50000000
vt 0.00000000 0.50000000
vt 0.04684948 0.62142092
vt 0.01703697 0.62940907
vt 0.06698715 0.74999982
vt 0.09371632 0.73456770
vt 0.14644660 0.85355341
vt 0.25000021 0.93301290
vt 0.26543230 0.90628368
vt 0.50000000 1.00000000
vt 0.62940907 0.98296303
vt 0.74999982 0.93301290
vt 0.73456770 0.90628368
vt 0.85355341 0.85355341
vt 0.93301290 0.74999982
vt 0.90628368 0.73456770
vt 0.98296303 0.62940907
vt 1.00000000 0.50000000
vt 0.95315051 0.62142092
vt 0.96913582 0.50000000
vt 0.16827080 0.83172911
vt 0.83172911 0.83172911
vt 0.62142092 0.95315051
vt 0.00000000 1.00000000
vt 0.00000000 1.00000000
vt 1.00000000 1.00000000
vt 0.95315051 0.37857911
vt 0.98296303 0.37059090
vt 0.93301290 0.25000021
vt 0.90628368 0.26543230
vt 0.85355341 0.14644660
vt 0.74999982 0.06698715
vt 0.73456770 0.09371632
vt 0.50000000 0.00000000
vt 0.37059090 0.01703697
vt 0.25000021 0.06698715
vt 0.26543230 0.09371632
vt 0.14644660 0.14644660
vt 0.06698715 0.25000021
vt 0.09371632 0.26543230
vt 0.01703697 0.37059090
vt 0.04684948 0.37857911
vt 0.83172911 0.16827080
vt 0.16827080 0.16827080
vt 0.37857911 0.04684948
vt 1.00000000 0.00000000
vt 0.00000544 0.00000000
vt 1.00000000 0.00000000
vt 1.00000000 1.00000000
vt 0.00000000 0.00000000
vt 1.00000000 1.00000000
vt 0.00000000 1.00000000
vt 0.00000000 0.00000000
vt 1.00000000 1.00000000
vt 0.00000000 1.00000000
vt 0.00000000 0.00000000
vt 1.00000000 1.00000000
vt 0.01703697 0.62940907
vt 0.06698715 0.74999982
vt 0.24159940 0.56923801
vt 0.14644660 0.85355341
vt 0.26832429 0.63375783
vt 0.25000021 0.93301290
vt 0.31083769 0.68916231
vt 0.37059090 0.98296303
vt 0.36624220 0.73167568
vt 0.50000000 1.00000000
vt 0.43076199 0.75840062
vt 0.74999982 0.93301290
vt 0.63375783 0.73167568
vt 0.85355341 0.85355341
vt 0.68916231 0.68916231
vt 0.93301290 0.74999982
vt 0.73167568 0.63375783
vt 0.98296303 0.62940907
vt 0.75840062 0.56923801
vt 1.00000000 1.00000000
vt 0.00000000 1.00000000
vt 1.00000000 1.00000000
vt 1.00000000 1.00000000
vt 1.00000000 0.66666669
vt 1.00000000 1.00000000
vt 0.82344377 0.00000000
vt 0.00000000 1.00000000
vt 1.00000000 0.00000000
vt 0.14977020 0.81885481
vt 0.00011561 0.85531378
vt 0.00000000 0.85975772
vt 0.16970719 0.84900689
vt 0.00711530 0.89433932
vt 0.02799636 0.92666078
vt 0.06127828 0.95460910
vt 0.20142300 0.87489909
vt 0.10478550 0.97635740
vt 0.15567420 0.99048412
vt 0.33150461 0.99853462
vt 0.34254259 0.91151518
vt 0.41711909 0.99343920
vt 0.49792460 0.97499913
vt 0.39419559 0.90725487
vt 0.56871003 0.94440353
vt 0.44232839 0.89476490
vt 0.62491047 0.90362543
vt 0.48366061 0.87489653
vt 0.51537520 0.84900379
vt 0.66290212 0.85529429
vt 0.53531092 0.81885141
vt 1.00000000 1.00000000
vt 0.00000535 1.00000000
vt 1.00000000 0.50000000
vt 0.86551732 0.50000000
vt 0.85306263 0.40539750
vt 0.98296303 0.37059090
vt 0.81654727 0.31724161
vt 0.93301290 0.25000021
vt 0.74999982 0.06698715
vt 0.85355341 0.14644660
vt 0.75845981 0.24154030
vt 0.62940907 0.01703697
vt 0.25000021 0.06698715
vt 0.37059090 0.01703697
vt 0.40539750 0.14693740
vt 0.06698715 0.25000021
vt 0.14644660 0.14644660
vt 0.18345261 0.31724161
vt 0.24154030 0.24154030
vt 0.00000000 0.50000000
vt 0.01703697 0.37059090
vt 0.14693740 0.40539750
vt 0.13448280 0.50000000
vt 0.68275851 0.18345261
vt 0.31724161 0.18345261
vt 1.00000000 1.00000000
vt 0.99998462 1.00000000
vt 0.00000000 1.00000000
vt 0.14693750 0.59460300
vt 0.01703697 0.62940907
vt 0.18345310 0.68275928
vt 0.06698715 0.74999982
vt 0.25000021 0.93301290
vt 0.14644660 0.85355341
vt 0.24154030 0.75845981
vt 0.37059090 0.98296303
vt 0.74999982 0.93301290
vt 0.62940907 0.98296303
vt 0.59460580 0.85306168
vt 0.93301290 0.74999982
vt 0.85355341 0.85355341
vt 0.81654972 0.68275428
vt 0.68276173 0.81654543
vt 0.75845981 0.75845981
vt 0.98296303 0.62940907
vt 0.85306400 0.59459752
vt 0.31724319 0.81654829
vt 0.00000555 0.00000000
vt 1.00000000 1.00000000
vt 1.00000000 0.00000000
vt 0.38197321 0.77208108
vt 0.05729955 0.77208108
vt 0.10796880 0.84524328
vt 0.15910220 0.89664280
vt 0.40303111 0.81098062
vt 0.23474340 0.94001001
vt 0.42800921 0.82709312
vt 0.38732889 0.79221690
vt 0.43877220 0.99215889
vt 0.53914982 0.84987992
vt 0.55400223 0.99757773
vt 0.71109539 0.99504268
vt 0.57983142 0.84722883
vt 0.78646290 0.98899269
vt 0.61773950 0.83945638
vt 0.85626811 0.97368079
vt 0.65029043 0.82709312
vt 0.91594750 0.95010781
vt 0.96160018 0.91981483
vt 0.99024171 0.88478178
vt 0.67526990 0.81097960
vt 1.00000000 0.84730351
vt 0.99984139 0.84248692
vt 0.99520409 0.77208108
vt 0.69097137 0.79221570
vt 0.69632638 0.77208108
vt 0.00000564 0.00000000
vt 1.00000000 0.00000000
vt 0.69097072 0.75194520
vt 0.95314711 0.13355130
vt 0.73652858 0.32537559
vt 0.67526859 0.73318148
vt 0.94979250 0.03165978
vt 0.95011622 0.00000000
vt 0.84842581 0.15491331
vt 0.70606828 0.35734370
vt 0.65029043 0.71706897
vt 0.66040730 0.38451871
vt 0.61773729 0.70470512
vt 0.00000000 0.68934518
vt 0.40302980 0.73318261
vt 0.38732821 0.75194639
vt 0.57982898 0.69693297
vt 0.53914982 0.69428229
vt 0.49846819 0.69693339
vt 1.00000000 1.00000000
vt 0.00000564 1.00000000
vt 1.00000000 1.00000000
vt 1.00000000 0.00000000
vt 1.00000000 0.00000000
vt 1.00000000 0.00000000
vt 0.66666669 0.00000000
vt 0.33333331 0.00000000
vt 0.00000000 0.00000000
vt 0.27403250 0.25000000
vt 0.00000000 0.25000000
vt 0.34996191 0.29458681
vt 0.31531510 0.26134351
vt 0.29506901 0.25285780
vt 0.66666669 1.00000000
vt 1.00000000 1.00000000
vt 0.00000000 1.00000000
vt 0.33333331 1.00000000
vt 0.27403250 0.75000000
vt 0.34996131 0.70541221
vt 0.29507071 0.74714720
vt 0.31531489 0.73865551
vt 0.00000000 0.75000000
vt 0.33391550 0.72463131
vt 0.33391511 0.27536950
vt 0.36246040 0.68160212
vt 0.37044850 0.65426862
vt 0.36245951 0.31839871
vt 0.37045240 0.34572980
vt 1.00000000 1.00000000
vt 0.00000000 1.00000000
vt 1.00000000 0.66666669
vt 1.00000000 0.00000000
vt 0.00000000 1.00000000
vt 0.00000000 0.00000000
vt 1.00000000 0.00000000
vt 0.00000000 0.00000000
vt 0.00000000 1.00000000
vt 1.00000000 0.00000000
vt 1.00000000 0.00000000
vt 0.00000000 1.00000000
vt 1.00000000 1.00000000
vt 0.99910188 0.00000000
vt 1.00000000 0.00000000
vt 0.33344370 0.74237609
vt 0.32885399 0.74300408
vt 0.00000000 0.75000000
vt 0.17147380 0.75000000
vt 0.99720442 0.00000000
vt 0.93511713 0.33333331
vt 0.99984878 0.85789120
vt 0.99985957 1.00000000
vt 0.00008340 0.57233548
vt 0.38060829 0.73426121
vt 0.43194911 0.72154731
vt 0.56488299 0.63407749
vt 0.56590241 0.50000000
vt 0.56590241 0.62500000
vt 0.56563908 0.62960732
vt 0.48253569 0.70365870
vt 0.53123617 0.67708558
vt 0.56210452 0.64249700
vt 1.00000000 0.99997371
vt 0.00000000 0.00000000
vt 0.17655620 1.00000000
vt 0.34108099 1.00000000
vt 0.50000000 1.00000000
vt 1.00000000 0.00001637
vt 1.00000000 1.00000000
vt 0.00000000 0.00005530
vt 0.00000000 0.37720439
vt 0.65891898 1.00000000
vt 0.56843930 0.00008846
vt 0.08174335 0.70305049
vt 0.56590241 0.37500000
vt 0.56486630 0.36584571
vt 0.56563789 0.37037161
vt 0.43195030 0.27845299
vt 0.38060889 0.26573899
vt 0.48253629 0.29634169
vt 0.56211090 0.35751790
vt 0.53123689 0.32291499
vt 0.00000000 1.00000000
vt 0.00000000 0.00000000
vt 0.00011183 0.00000000
vt 0.17231540 0.01339310
vt 0.13687760 0.00833660
vt 0.09662193 0.00408208
vt 0.05065536 0.00109631
vt 0.02588021 0.00028247
vt 0.99997503 0.41270241
vt 0.99997342 0.55509633
vt 0.99997932 0.27329639
vt 0.00000207 0.00000000
vt 1.00000000 1.00000000
vt 0.99997658 0.70082319
vt 1.00000000 0.00000000
vt 1.00000000 1.00000000
vt 0.00000000 1.00000000
vt 0.00000000 1.00000000
vt 0.00000000 0.00000000
vt 0.99998182 0.29917681
vt 0.99997938 0.44490370
vt 0.99998200 0.58729762
vt 0.99998611 0.72670358
vt 1.00000000 0.00000000
vt 1.00000000 0.00000000
vt 1.00000000 1.00000000
vt 0.80295539 0.00000000
vt 1.00000000 0.00000000
vt 0.00000000 0.00000000
vt 0.61092091 0.00000000
vt 0.41755119 0.00000000
vt 0.21632190 0.00000000
vt 0.58407003 0.00000000
vt 0.39040610 0.00000000
vt 1.00000000 1.00000000
vt 1.00000000 1.00000000
vt 0.17465620 1.00000000
vt 0.00000000 1.00000000
vt 1.00000000 1.00000000
vt 0.00000000 1.00000000
vt 0.19773160 0.00000000
vt 0.00000000 0.00000000
vt 0.00000000 1.00000000
vt 0.00000000 1.00000000
vt 0.82344377 0.00000000
vt 0.64752293 0.09756255
vt 0.64752293 0.48375341
vt 0.76583540 0.38869360
vt 1.00000000 0.25719759
vt 1.00000000 0.15314330
vt 1.00000000 0.29576981
vt 1.00000000 0.43254659
vt 0.65891898 0.00000000
vt 0.50000000 0.00000000
vt 0.34108099 0.00000000
vt 1.00000000 0.56744522
vt 1.00000000 0.70422328
vt 0.17655620 0.00000000
vt 0.00000000 0.99994087
vt 1.00000000 0.29560721
vt 1.00000000 0.43248570
vt 1.00000000 0.56751430
vt 0.50140238 1.00000000
vt 0.34206769 1.00000000
vt 1.00000000 0.70439279
vt 0.00000000 1.00000000
vt 0.00000000 0.15314330
vt 0.00000000 0.81738311
vt 0.31765300 0.18987410
vt 1.00000000 1.00000000
vt 0.31765300 0.73081911
vt 0.38985819 0.67113870
vt 0.47806859 0.60824537
vt 0.00000000 0.83273518
vt 1.00000000 0.33453670
vt 0.00000000 0.50000000
vt 1.00000000 1.00000000
vt 1.00000000 1.00000000
vt 0.00000000 1.00000000
vt 0.00000000 0.00033277
vt 1.00000000 0.00000000
vt 1.00000000 0.16699120
vt 1.00000000 1.00000000
vt 0.00000000 1.00000000
vt 1.00000000 1.00000000
vt 1.00000000 1.00000000
vt 1.00000000 0.79352582
vt 0.47749481 0.03295588
vt 0.73303467 0.05141335
vt 0.50140238 0.00000000
vt 0.66045249 0.00000000
vt 0.34206769 0.00000000
vt 1.00000000 0.56759101
vt 0.00000000 0.00000000
vt 1.00000000 0.70451123
vt 1.00000000 0.84713531
vt 1.00000000 0.99993879
vt 1.00000000 1.00000000
vt 0.17701410 1.00000000
vt 0.00000000 1.00000000
vt 1.00000000 0.00000000
vt 1.00000000 1.00000000
vt 1.00000000 0.00000000
vt 1.00000000 0.00000000
vt 0.00000535 1.00000000
vt 1.00000000 0.00000000
vt 0.00000000 1.00000000
vt 0.00000000 0.00000000
vt 0.68830562 0.75194532
vt 0.67266423 0.73318172
vt 0.84515327 0.15491331
vt 0.94645149 0.00000000
vt 0.94947058 0.13355130
vt 0.73368782 0.32537559
vt 0.64778221 0.71706897
vt 0.65785998 0.38451871
vt 0.70334482 0.35734370
vt 0.61535531 0.70470530
vt 0.57759351 0.69693321
vt 0.53707021 0.69428229
vt 0.49654689 0.69693321
vt 0.00000000 0.68934518
vt 0.40147629 0.73318172
vt 0.38583490 0.75194532
vt 1.00000000 0.00000000
vt 0.00000564 0.00000000
vt 0.00000000 0.00000000
vt 0.00000000 0.50000000
vt 0.13448280 0.50000000
vt 0.14693740 0.59460253
vt 0.01703715 0.62940967
vt 0.18345261 0.68275851
vt 0.06698775 0.75000077
vt 0.25000250 0.93301421
vt 0.14644660 0.85355341
vt 0.24154030 0.75845981
vt 0.37059399 0.98296392
vt 0.75000417 0.93301028
vt 0.62941349 0.98296177
vt 0.68275851 0.81654727
vt 0.93301612 0.74999422
vt 0.85355341 0.85355341
vt 0.81654727 0.68275851
vt 0.75845981 0.75845981
vt 1.00000000 0.50000000
vt 0.98296481 0.62940228
vt 0.86551732 0.50000000
vt 0.85306263 0.59460253
vt 0.59460253 0.85306263
vt 0.31724161 0.81654727
vt 1.00000000 0.00000000
vt 0.85306251 0.40539700
vt 0.98296303 0.37059090
vt 0.81654692 0.31724069
vt 0.93301290 0.25000021
vt 0.74999982 0.06698715
vt 0.85355341 0.14644660
vt 0.75845981 0.24154030
vt 0.62940907 0.01703697
vt 0.25000021 0.06698715
vt 0.37059090 0.01703697
vt 0.40539420 0.14693820
vt 0.06698715 0.25000021
vt 0.14644660 0.14644660
vt 0.24154030 0.24154030
vt 0.18345021 0.31724569
vt 0.01703697 0.37059090
vt 0.14693600 0.40540260
vt 0.68275678 0.18345170
vt 0.31723830 0.18345450
vt 0.00000555 1.00000000
vt 1.00000000 1.00000000
vt 1.00000000 0.00000000
vt 0.00000000 1.00000000
vt 0.00000000 0.00000000
vt 1.00000000 0.00000000
vt 1.00000000 1.00000000
vt 0.99966651 0.12889770
vt 0.00081717 0.00000000
vt 0.99967182 0.07833564
vt 0.99966741 0.12630680
vt 0.99966753 0.00000000
vt 0.99966753 0.12515549
vt 0.00081834 0.28437600
vt 0.88453341 0.69138730
vt 0.89486217 0.68627942
vt 0.89688683 0.68528181
vt 0.89778662 0.68483877
vt 0.66893131 0.80163360
vt 0.99967951 0.92677653
vt 0.02599018 0.99971479
vt 0.05107182 0.99888420
vt 0.13680680 0.99167222
vt 0.09657120 0.99592280
vt 0.00081717 1.00000000
vt 0.33333331 1.00000000
vt 0.00000000 1.00000000
vt 0.00000000 0.00000000
vt 0.33333331 0.00000000
vt 1.00000000 0.00000000
vt 1.00000000 0.00000000
vt 0.00000000 1.00000000
vt 1.00000000 0.00000000
vt 1.00000000 0.00000000
vt 0.00000000 1.00000000
vt 1.00000000 0.00000000
vt 1.00000000 1.00000000
vt 0.00000544 1.00000000
vt 0.00000535 1.00000000
vt 0.99998820 1.00000000
vt 0.00002112 0.00000000
vt 0.00002106 1.00000000
vt 0.00000000 0.00000000
vt 1.00000000 1.00000000
vt 1.00000000 0.00000000
vt 0.00000000 0.00000000
vt 0.00000000 1.00000000
vt 0.00000000 0.00000000
vt 0.82945812 1.00000000
vt 0.99998480 1.00000000
vt 0.00261408 1.00000000
vt 0.04413902 0.80662769
vt 0.00000000 0.77867442
vt 0.00280470 0.63881791
vt 0.00237048 0.61104071
vt 0.00345701 0.66659498
vt 0.00029063 0.44439599
vt 0.78973073 0.99998361
vt 0.75000000 0.00000000
vt 0.78972977 0.00000000
f 1/1 2/2 3/3
f 4/4 5/5 6/6
f 7/7 6/6 5/5
f 8/8 9/9 10/10
f 11/11 12/12 8/8
f 10/10 13/13 14/14
f 14/14 15/15 16/16
f 16/16 17/17 18/18
f 18/18 19/19 20/20
f 20/20 21/21 22/22
f 22/22 23/23 24/24
f 24/24 25/25 26/26
f 26/26 27/27 7/7
f 28/28 29/29 30/30
f 31/31 32/32 28/28
f 33/33 34/34 31/31
f 35/35 36/36 33/33
f 37/37 38/38 35/35
f 39/39 30/30 29/29
f 40/40 41/41 37/37
f 42/42 43/43 40/40
f 44/44 45/45 42/42
f 46/46 47/47 44/44
f 3/3 48/48 46/46
f 49/49 50/50 51/51
f 52/52 53/53 54/54
f 55/55 56/56 57/57
f 58/58 59/59 60/60
f 61/61 57/57 62/62
f 63/63 64/64 65/65
f 66/66 62/62 67/67
f 68/68 69/69 70/70
f 70/70 71/71 72/72
f 73/73 71/71 74/74
f 75/75 74/74 76/76
f 77/77 78/78 79/79
f 80/80 76/76 81/81
f 82/82 83/83 84/84
f 85/85 86/86 87/87
f 88/88 85/85 89/89
f 90/90 91/91 88/88
f 92/92 93/93 90/90
f 94/94 95/95 96/96
f 97/97 98/98 92/92
f 99/99 100/100 94/94
f 101/101 102/102 103/103
f 103/103 104/104 105/105
f 106/106 107/107 108/108
f 109/109 110/110 111/111
f 102/102 112/112 113/113
f 114/114 115/115 116/116
f 117/117 118/118 119/119
f 120/120 117/117 119/119
f 119/119 121/121 122/122
f 123/123 119/119 122/122
f 118/118 124/124 125/125
f 126/126 127/127 128/128
f 129/129 130/130 131/131
f 132/132 133/133 134/134
f 135/135 136/136 126/126
f 137/137 138/138 139/139
f 140/140 141/141 142/142
f 143/143 140/140 142/142
f 144/144 145/145 146/146
f 147/147 148/148 149/149
f 150/150 151/151 152/152
f 153/153 154/154 155/155
f 156/156 157/157 158/158
f 159/159 158/158 160/160
f 161/161 157/157 162/162
f 163/163 158/158 161/161
f 164/164 161/161 162/162
f 165/165 163/163 161/161
f 166/166 162/162 167/167
f 162/162 168/168 167/167
f 169/169 170/170 171/171
f 172/172 171/171 173/173
f 174/174 171/171 175/175
f 175/175 170/170 176/176
f 177/177 175/175 178/178
f 178/178 176/176 179/179
f 180/180 177/177 178/178
f 181/181 178/178 179/179
f 182/182 183/183 184/184
f 185/185 186/186 187/187
f 188/188 189/189 177/177
f 190/190 191/191 192/192
f 193/193 194/194 189/189
f 189/189 174/174 177/177
f 194/194 195/195 189/189
f 196/196 194/194 197/197
f 198/198 199/199 194/194
f 200/200 201/201 199/199
f 199/199 202/202 195/195
f 203/203 204/204 201/201
f 205/205 202/202 201/201
f 206/206 207/207 208/208
f 195/195 173/173 174/174
f 209/209 173/173 202/202
f 210/210 211/211 163/163
f 212/212 213/213 211/211
f 211/211 160/160 163/163
f 213/213 214/214 211/211
f 215/215 216/216 214/214
f 217/217 160/160 214/214
f 218/218 219/219 220/220
f 121/121 221/221 222/222
f 223/223 224/224 225/225
f 122/122 223/223 226/226
f 227/227 225/225 228/228
f 229/229 230/230 231/231
f 232/232 233/233 234/234
f 235/235 236/236 237/237
f 238/238 237/237 239/239
f 226/226 240/240 241/241
f 242/242 243/243 244/244
f 239/239 245/245 243/243
f 237/237 246/246 239/239
f 247/247 248/248 246/246
f 246/246 249/249 245/245
f 245/245 250/250 251/251
f 243/243 252/252 253/253
f 253/253 254/254 255/255
f 252/252 256/256 254/254
f 251/251 257/257 256/256
f 258/258 250/250 249/249
f 250/250 259/259 257/257
f 256/256 260/260 261/261
f 257/257 262/262 260/260
f 261/261 263/263 264/264
f 260/260 265/265 263/263
f 266/266 267/267 264/264
f 268/268 263/263 265/265
f 269/269 265/265 270/270
f 270/270 262/262 271/271
f 272/272 273/273 274/274
f 271/271 259/259 275/275
f 275/275 258/258 276/276
f 277/277 248/248 278/278
f 278/278 279/279 280/280
f 281/281 280/280 279/279
f 282/282 283/283 279/279
f 284/284 285/285 286/286
f 287/287 288/288 286/286
f 289/289 286/286 290/290
f 290/290 285/285 291/291
f 292/292 293/293 285/285
f 291/291 293/293 294/294
f 234/234 233/233 293/293
f 294/294 233/233 295/295
f 296/296 294/294 297/297
f 297/297 295/295 298/298
f 299/299 298/298 295/295
f 300/300 295/295 233/233
f 301/301 302/302 303/303
f 304/304 298/298 303/303
f 305/305 303/303 306/306
f 302/302 306/306 303/303
f 307/307 306/306 308/308
f 309/309 310/310 311/311
f 312/312 313/313 314/314
f 315/315 314/314 313/313
f 316/316 307/307 315/315
f 306/306 307/307 317/317
f 318/318 317/317 316/316
f 319/319 320/320 318/318
f 305/305 320/320 321/321
f 322/322 304/304 305/305
f 322/322 323/323 324/324
f 325/325 326/326 322/322
f 327/327 296/296 326/326
f 326/326 297/297 304/304
f 328/328 291/291 296/296
f 329/329 328/328 327/327
f 330/330 290/290 328/328
f 331/331 327/327 325/325
f 325/325 332/332 333/333
f 334/334 333/333 335/335
f 335/335 332/332 336/336
f 336/336 324/324 337/337
f 337/337 323/323 338/338
f 339/339 337/337 340/340
f 341/341 337/337 338/338
f 342/342 343/343 344/344
f 345/345 346/346 344/344
f 347/347 319/319 348/348
f 348/348 318/318 349/349
f 350/350 351/351 346/346
f 346/346 352/352 353/353
f 346/346 354/354 344/344
f 353/353 355/355 356/356
f 353/353 357/357 354/354
f 354/354 358/358 359/359
f 344/344 359/359 342/342
f 360/360 359/359 361/361
f 361/361 358/358 362/362
f 357/357 363/363 358/358
f 362/362 363/363 364/364
f 365/365 366/366 363/363
f 364/364 366/366 367/367
f 367/367 368/368 369/369
f 370/370 368/368 371/371
f 372/372 371/371 368/368
f 373/373 368/368 366/366
f 374/374 372/372 373/373
f 375/375 376/376 372/372
f 371/371 377/377 378/378
f 379/379 377/377 376/376
f 378/378 380/380 381/381
f 382/382 380/380 377/377
f 383/383 384/384 382/382
f 379/379 383/383 382/382
f 383/383 385/385 386/386
f 387/387 388/388 383/383
f 389/389 388/388 390/390
f 391/391 388/388 392/392
f 393/393 387/387 394/394
f 389/389 393/393 395/395
f 396/396 397/397 398/398
f 395/395 399/399 400/400
f 400/400 401/401 402/402
f 402/402 403/403 404/404
f 405/405 403/403 406/406
f 407/407 406/406 408/408
f 352/352 403/403 355/355
f 351/351 406/406 352/352
f 409/409 410/410 408/408
f 411/411 407/407 408/408
f 412/412 315/315 313/313
f 413/413 315/315 412/412
f 349/349 318/318 316/316
f 414/414 415/415 313/313
f 416/416 417/417 418/418
f 419/419 420/420 421/421
f 422/422 179/179 421/421
f 179/179 423/423 421/421
f 424/424 421/421 423/423
f 425/425 423/423 426/426
f 176/176 426/426 423/423
f 427/427 426/426 428/428
f 429/429 430/430 431/431
f 432/432 167/167 433/433
f 434/434 426/426 170/170
f 435/435 436/436 437/437
f 438/438 439/439 440/440
f 441/441 440/440 442/442
f 443/443 444/444 440/440
f 445/445 440/440 444/444
f 446/446 445/445 447/447
f 441/441 446/446 448/448
f 449/449 446/446 447/447
f 448/448 450/450 451/451
f 451/451 452/452 453/453
f 454/454 452/452 455/455
f 456/456 455/455 457/457
f 456/456 458/458 459/459
f 460/460 455/455 461/461
f 458/458 460/460 462/462
f 459/459 463/463 464/464
f 465/465 458/458 462/462
f 466/466 463/463 465/465
f 464/464 467/467 468/468
f 469/469 467/467 470/470
f 471/471 470/470 472/472
f 470/470 466/466 473/473
f 474/474 470/470 473/473
f 471/471 475/475 476/476
f 477/477 472/472 474/474
f 478/478 477/477 479/479
f 476/476 478/478 480/480
f 481/481 478/478 482/482
f 483/483 481/481 482/482
f 484/484 485/485 486/486
f 487/487 488/488 485/485
f 486/486 489/489 490/490
f 485/485 491/491 489/489
f 491/491 492/492 493/493
f 494/494 492/492 488/488
f 489/489 495/495 496/496
f 495/495 493/493 497/497
f 497/497 498/498 499/499
f 493/493 500/500 498/498
f 498/498 501/501 502/502
f 499/499 502/502 503/503
f 502/502 504/504 505/505
f 503/503 505/505 506/506
f 507/507 505/505 504/504
f 508/508 506/506 505/505
f 509/509 510/510 511/511
f 512/512 513/513 514/514
f 515/515 516/516 517/517
f 518/518 519/519 520/520
f 521/521 522/522 523/523
f 524/524 523/523 525/525
f 509/509 526/526 527/527
f 528/528 525/525 529/529
f 530/530 531/531 532/532
f 533/533 529/529 534/534
f 535/535 536/536 537/537
f 538/538 539/539 534/534
f 540/540 541/541 542/542
f 540/540 543/543 544/544
f 540/540 545/545 546/546
f 547/547 548/548 549/549
f 550/550 551/551 552/552
f 553/553 554/554 555/555
f 556/556 552/552 557/557
f 558/558 554/554 559/559
f 560/560 561/561 562/562
f 560/560 563/563 561/561
f 564/564 565/565 566/566
f 567/567 566/566 565/565
f 535/535 568/568 569/569
f 570/570 565/565 506/506
f 530/530 571/571 572/572
f 573/573 506/506 565/565
f 574/574 503/503 573/573
f 575/575 573/573 564/564
f 576/576 499/499 574/574
f 577/577 576/576 574/574
f 578/578 579/579 580/580
f 581/581 582/582 583/583
f 584/584 557/557 585/585
f 586/586 585/585 587/587
f 585/585 559/559 588/588
f 585/585 589/589 590/590
f 591/591 588/588 559/559
f 588/588 592/592 589/589
f 593/593 594/594 591/591
f 594/594 595/595 592/592
f 592/592 596/596 589/589
f 592/592 597/597 598/598
f 599/599 595/595 600/600
f 595/595 601/601 597/597
f 602/602 603/603 599/599
f 603/603 604/604 601/601
f 605/605 601/601 604/604
f 606/606 607/607 597/597
f 608/608 609/609 610/610
f 611/611 609/609 612/612
f 613/613 614/614 609/609
f 609/609 615/615 610/610
f 616/616 617/617 613/613
f 618/618 616/616 613/613
f 619/619 616/616 620/620
f 621/621 616/616 622/622
f 623/623 624/624 625/625
f 626/626 627/627 628/628
f 629/629 627/627 625/625
f 630/630 629/629 625/625
f 631/631 632/632 633/633
f 634/634 633/633 635/635
f 636/636 637/637 629/629
f 638/638 635/635 639/639
f 640/640 641/641 637/637
f 641/641 642/642 637/637
f 637/637 643/643 629/629
f 644/644 645/645 642/642
f 642/642 646/646 643/643
f 643/643 647/647 627/627
f 646/646 648/648 647/647
f 645/645 649/649 646/646
f 628/628 647/647 650/650
f 650/650 648/648 651/651
f 652/652 648/648 653/653
f 653/653 649/649 654/654
f 655/655 656/656 657/657
f 658/658 659/659 660/660
f 661/661 662/662 659/659
f 663/663 664/664 662/662
f 665/665 666/666 664/664
f 667/667 666/666 668/668
f 669/669 664/664 667/667
f 617/617 667/667 614/614
f 614/614 668/668 615/615
f 615/615 670/670 671/671
f 668/668 672/672 670/670
f 671/671 673/673 674/674
f 670/670 675/675 673/673
f 674/674 676/676 677/677
f 673/673 678/678 676/676
f 676/676 679/679 680/680
f 677/677 680/680 681/681
f 682/682 677/677 683/683
f 683/683 681/681 684/684
f 684/684 685/685 686/686
f 681/681 687/687 685/685
f 685/685 688/688 689/689
f 686/686 689/689 690/690
f 691/691 686/686 690/690
f 692/692 684/684 686/686
f 693/693 690/690 694/694
f 690/690 695/695 694/694
f 696/696 697/697 698/698
f 694/694 699/699 697/697
f 698/698 700/700 701/701
f 697/697 702/702 700/700
f 699/699 703/703 702/702
f 695/695 704/704 699/699
f 704/704 705/705 703/703
f 706/706 707/707 704/704
f 689/689 706/706 695/695
f 688/688 708/708 706/706
f 709/709 708/708 710/710
f 710/710 711/711 712/712
f 712/712 713/713 714/714
f 714/714 679/679 715/715
f 715/715 678/678 716/716
f 680/680 713/713 687/687
f 716/716 675/675 717/717
f 718/718 675/675 672/672
f 719/719 672/672 666/666
f 687/687 711/711 688/688
f 709/709 705/705 707/707
f 720/720 721/721 705/705
f 703/703 721/721 722/722
f 722/722 723/723 724/724
f 725/725 723/723 721/721
f 702/702 722/722 726/726
f 726/726 724/724 727/727
f 727/727 728/728 729/729
f 724/724 730/730 728/728
f 731/731 727/727 732/732
f 732/732 729/729 733/733
f 733/733 734/734 735/735
f 729/729 736/736 734/734
f 734/734 737/737 738/738
f 735/735 738/738 739/739
f 740/740 739/739 741/741
f 742/742 735/735 740/740
f 741/741 743/743 744/744
f 739/739 745/745 743/743
f 743/743 746/746 747/747
f 744/744 747/747 748/748
f 749/749 750/750 751/751
f 752/752 747/747 753/753
f 754/754 753/753 755/755
f 756/756 755/755 757/757
f 758/758 759/759 760/760
f 761/761 762/762 763/763
f 764/764 757/757 765/765
f 766/766 767/767 768/768
f 769/769 770/770 771/771
f 761/761 772/772 773/773
f 774/774 770/770 775/775
f 776/776 770/770 777/777
f 778/778 777/777 770/770
f 774/774 779/779 780/780
f 779/779 776/776 781/781
f 780/780 782/782 783/783
f 784/784 779/779 781/781
f 784/784 785/785 786/786
f 781/781 787/787 785/785
f 786/786 788/788 789/789
f 788/788 787/787 790/790
f 790/790 791/791 792/792
f 787/787 777/777 791/791
f 793/793 792/792 791/791
f 794/794 791/791 777/777
f 795/795 796/796 797/797
f 798/798 796/796 799/799
f 768/768 800/800 798/798
f 800/800 801/801 796/796
f 767/767 802/802 800/800
f 802/802 803/803 801/801
f 804/804 805/805 802/802
f 806/806 767/767 807/807
f 808/808 804/804 806/806
f 809/809 810/810 808/808
f 810/810 811/811 805/805
f 812/812 813/813 814/814
f 815/815 816/816 812/812
f 817/817 813/813 818/818
f 819/819 820/820 809/809
f 821/821 811/811 820/820
f 822/822 823/823 811/811
f 805/805 823/823 803/803
f 824/824 825/825 823/823
f 803/803 825/825 826/826
f 801/801 826/826 827/827
f 827/827 828/828 829/829
f 826/826 830/830 828/828
f 829/829 831/831 832/832
f 828/828 833/833 831/831
f 831/831 834/834 835/835
f 832/832 835/835 836/836
f 837/837 832/832 838/838
f 838/838 836/836 839/839
f 839/839 840/840 841/841
f 836/836 842/842 840/840
f 840/840 843/843 844/844
f 841/841 844/844 845/845
f 846/846 841/841 845/845
f 847/847 839/839 841/841
f 848/848 849/849 850/850
f 851/851 850/850 852/852
f 853/853 849/849 854/854
f 855/855 850/850 853/853
f 856/856 855/855 853/853
f 857/857 853/853 854/854
f 858/858 852/852 855/855
f 859/859 855/855 860/860
f 790/790 861/861 858/858
f 859/859 790/790 858/858
f 862/862 859/859 860/860
f 863/863 788/788 859/859
f 864/864 862/862 865/865
f 866/866 863/863 864/864
f 867/867 864/864 865/865
f 868/868 866/866 864/864
f 869/869 870/870 871/871
f 872/872 873/873 874/874
f 875/875 876/876 877/877
f 878/878 877/877 879/879
f 880/880 881/881 882/882
f 883/883 879/879 884/884
f 885/885 877/877 886/886
f 887/887 879/879 885/885
f 888/888 884/884 887/887
f 889/889 884/884 890/890
f 891/891 888/888 887/887
f 892/892 887/887 885/885
f 893/893 894/894 895/895
f 896/896 897/897 898/898
f 899/899 885/885 886/886
f 900/900 901/901 902/902
f 903/903 886/886 904/904
f 886/886 876/876 904/904
f 904/904 905/905 906/906
f 907/907 904/904 906/906
f 908/908 909/909 910/910
f 911/911 912/912 913/913
f 914/914 915/915 916/916
f 917/917 918/918 919/919
f 920/920 906/906 921/921
f 922/922 921/921 923/923
f 924/924 925/925 926/926
f 927/927 923/923 928/928
f 929/929 930/930 931/931
f 932/932 928/928 933/933
f 928/928 934/934 933/933
f 923/923 935/935 928/928
f 936/936 933/933 937/937
f 933/933 938/938 937/937
f 939/939 940/940 941/941
f 942/942 943/943 944/944
f 945/945 937/937 946/946
f 947/947 948/948 949/949
f 950/950 946/946 951/951
f 938/938 946/946 937/937
f 952/952 951/951 946/946
f 953/953 954/954 952/952
f 955/955 952/952 938/938
f 956/956 957/957 958/958
f 959/959 960/960 961/961
f 962/962 938/938 934/934
f 963/963 964/964 965/965
f 966/966 967/967 968/968
f 969/969 970/970 967/967
f 971/971 972/972 973/973
f 974/974 975/975 970/970
f 976/976 977/977 978/978
f 979/979 935/935 980/980
f 981/981 934/934 935/935
f 982/982 980/980 983/983
f 921/921 980/980 923/923
f 984/984 983/983 905/905
f 906/906 983/983 921/921
f 985/985 905/905 876/876
f 986/986 987/987 988/988
f 989/989 990/990 991/991
f 992/992 865/865 993/993
f 994/994 993/993 975/975
f 975/975 995/995 996/996
f 865/865 995/995 993/993
f 995/995 857/857 996/996
f 862/862 856/856 995/995
f 970/970 996/996 997/997
f 996/996 998/998 997/997
f 857/857 999/999 998/998
f 1000/1000 998/998 1001/1001
f 998/998 1002/1002 1001/1001
f 999/999 1003/1003 1002/1002
f 999/999 849/849 1004/1004
f 1005/1005 1003/1003 1004/1004
f 1006/1006 1004/1004 849/849
f 1007/1007 845/845 1008/1008
f 1009/1009 1008/1008 1010/1010
f 1011/1011 1012/1012 1003/1003
f 1013/1013 1010/1010 1014/1014
f 1015/1015 1016/1016 1012/1012
f 1017/1017 1014/1014 1018/1018
f 1019/1019 1020/1020 1016/1016
f 1021/1021 1018/1018 1022/1022
f 1018/1018 1023/1023 1022/1022
f 1014/1014 1024/1024 1018/1018
f 1025/1025 1026/1026 1024/1024
f 1024/1024 1027/1027 1023/1023
f 1022/1022 1028/1028 1029/1029
f 1023/1023 1030/1030 1028/1028
f 1027/1027 1031/1031 1030/1030
f 1026/1026 1032/1032 1027/1027
f 1028/1028 1033/1033 1034/1034
f 1030/1030 1035/1035 1033/1033
f 1036/1036 1035/1035 1031/1031
f 1037/1037 1031/1031 1032/1032
f 1038/1038 1032/1032 1039/1039
f 1040/1040 1039/1039 1041/1041
f 1040/1040 1042/1042 1043/1043
f 1043/1043 1044/1044 1045/1045
f 1046/1046 1041/1041 1047/1047
f 1048/1048 1042/1042 1046/1046
f 1045/1045 1049/1049 1050/1050
f 843/843 1044/1044 1048/1048
f 844/844 1048/1048 1051/1051
f 1051/1051 1046/1046 1052/1052
f 1008/1008 1052/1052 1010/1010
f 845/845 1051/1051 1008/1008
f 1052/1052 1047/1047 1025/1025
f 1010/1010 1025/1025 1014/1014
f 842/842 1049/1049 843/843
f 1050/1050 1053/1053 1054/1054
f 1054/1054 834/834 1055/1055
f 1055/1055 833/833 1056/1056
f 835/835 1053/1053 842/842
f 1057/1057 833/833 830/830
f 1058/1058 830/830 825/825
f 1047/1047 1039/1039 1026/1026
f 1059/1059 1060/1060 1035/1035
f 1061/1061 1062/1062 1060/1060
f 1063/1063 1062/1062 1064/1064
f 1033/1033 1060/1060 1063/1063
f 1065/1065 1064/1064 1066/1066
f 1034/1034 1063/1063 1065/1065
f 1067/1067 1066/1066 1068/1068
f 1069/1069 1065/1065 1067/1067
f 1029/1029 1034/1034 1069/1069
f 1070/1070 1069/1069 1067/1067
f 1071/1071 1029/1029 1069/1069
f 1072/1072 1022/1022 1029/1029
f 1073/1073 1074/1074 1075/1075
f 1076/1076 1077/1077 1074/1074
f 1078/1078 1077/1077 1079/1079
f 1078/1078 1075/1075 1074/1074
f 1080/1080 1081/1081 1078/1078
f 1080/1080 1079/1079 1082/1082
f 1083/1083 1075/1075 1081/1081
f 1084/1084 1083/1083 1081/1081
f 1085/1085 1086/1086 1083/1083
f 1083/1083 1016/1016 1020/1020
f 1087/1087 1084/1084 1088/1088
f 1087/1087 1089/1089 1085/1085
f 1090/1090 1087/1087 1088/1088
f 1091/1091 1087/1087 1092/1092
f 1093/1093 1092/1092 1090/1090
f 1094/1094 1091/1091 1092/1092
f 1095/1095 1096/1096 1097/1097
f 1098/1098 968/968 1091/1091
f 1099/1099 1100/1100 1101/1101
f 1102/1102 1090/1090 1103/1103
f 1104/1104 1105/1105 1106/1106
f 1107/1107 1108/1108 1109/1109
f 1110/1110 1109/1109 954/954
f 954/954 1111/1111 951/951
f 1109/1109 1112/1112 1111/1111
f 1113/1113 1114/1114 1108/1108
f 1108/1108 1115/1115 1112/1112
f 1116/1116 1117/1117 1114/1114
f 1114/1114 1118/1118 1115/1115
f 1119/1119 1112/1112 1115/1115
f 1120/1120 1115/1115 1118/1118
f 1121/1121 1118/1118 1122/1122
f 1117/1117 1122/1122 1118/1118
f 1123/1123 1122/1122 1124/1124
f 1125/1125 1124/1124 1122/1122
f 1126/1126 1125/1125 1117/1117
f 1127/1127 1128/1128 1125/1125
f 1128/1128 1129/1129 1124/1124
f 1130/1130 1131/1131 1128/1128
f 1132/1132 1133/1133 1134/1134
f 1135/1135 1136/1136 1137/1137
f 1138/1138 1139/1139 1131/1131
f 1140/1140 1141/1141 1142/1142
f 1143/1143 1144/1144 1139/1139
f 1145/1145 1146/1146 1147/1147
f 1148/1148 1149/1149 1144/1144
f 1150/1150 1151/1151 1152/1152
f 1153/1153 1154/1154 1149/1149
f 1149/1149 1155/1155 1156/1156
f 1144/1144 1156/1156 1157/1157
f 1158/1158 1159/1159 1154/1154
f 1154/1154 1160/1160 1155/1155
f 1161/1161 1155/1155 1160/1160
f 1162/1162 1156/1156 1155/1155
f 1159/1159 1163/1163 1160/1160
f 1164/1164 1160/1160 1163/1163
f 1165/1165 1166/1166 1167/1167
f 1168/1168 1169/1169 1167/1167
f 1170/1170 1163/1163 1171/1171
f 1169/1169 1172/1172 1173/1173
f 1174/1174 1171/1171 1175/1175
f 1176/1176 1175/1175 1177/1177
f 1178/1178 1173/1173 1179/1179
f 1180/1180 1177/1177 1181/1181
f 1182/1182 1181/1181 1183/1183
f 1184/1184 1181/1181 1177/1177
f 1185/1185 1183/1183 1181/1181
f 1186/1186 1185/1185 1184/1184
f 1187/1187 1188/1188 1185/1185
f 1189/1189 1190/1190 1191/1191
f 1192/1192 1184/1184 1193/1193
f 1194/1194 1195/1195 1196/1196
f 1197/1197 1193/1193 1198/1198
f 1199/1199 1198/1198 1200/1200
f 1201/1201 1202/1202 1203/1203
f 1204/1204 1200/1200 1159/1159
f 1205/1205 1206/1206 1207/1207
f 1208/1208 1209/1209 1210/1210
f 1211/1211 1212/1212 1213/1213
f 1214/1214 1215/1215 1212/1212
f 1212/1212 1216/1216 1217/1217
f 1213/1213 1217/1217 1218/1218
f 1219/1219 1217/1217 1220/1220
f 1216/1216 1220/1220 1217/1217
f 1219/1219 1221/1221 1222/1222
f 1220/1220 1223/1223 1221/1221
f 1224/1224 1225/1225 1223/1223
f 1226/1226 1224/1224 1216/1216
f 1221/1221 633/633 632/632
f 1223/1223 635/635 633/633
f 1227/1227 1225/1225 1228/1228
f 1225/1225 639/639 635/635
f 1229/1229 1230/1230 1227/1227
f 1231/1231 639/639 1230/1230
f 1226/1226 1227/1227 1228/1228
f 1232/1232 1229/1229 1227/1227
f 1233/1233 1226/1226 1234/1234
f 1235/1235 1232/1232 1233/1233
f 1235/1235 1236/1236 1237/1237
f 1237/1237 1238/1238 1229/1229
f 1239/1239 1240/1240 1235/1235
f 1241/1241 1235/1235 1233/1233
f 1242/1242 1243/1243 1244/1244
f 1245/1245 1246/1246 1240/1240
f 1247/1247 1248/1248 1249/1249
f 1250/1250 1251/1251 1246/1246
f 1252/1252 1253/1253 1254/1254
f 1255/1255 1103/1103 1251/1251
f 1246/1246 1256/1256 1257/1257
f 1251/1251 1258/1258 1256/1256
f 1256/1256 1259/1259 1257/1257
f 1258/1258 1082/1082 1256/1256
f 1259/1259 1079/1079 1260/1260
f 1257/1257 1238/1238 1236/1236
f 1238/1238 1260/1260 1261/1261
f 1260/1260 1262/1262 1261/1261
f 1079/1079 1263/1263 1260/1260
f 1264/1264 1262/1262 1263/1263
f 1265/1265 1263/1263 1077/1077
f 1266/1266 1067/1067 1068/1068
f 1267/1267 1068/1068 1268/1268
f 1269/1269 1270/1270 1262/1262
f 1271/1271 1268/1268 641/641
f 1272/1272 639/639 1270/1270
f 1261/1261 1270/1270 1231/1231
f 1068/1068 1273/1273 1268/1268
f 1268/1268 644/644 641/641
f 1273/1273 1274/1274 644/644
f 1066/1066 1275/1275 1273/1273
f 1064/1064 1276/1276 1275/1275
f 1275/1275 1277/1277 1274/1274
f 1274/1274 1278/1278 645/645
f 1279/1279 1277/1277 1280/1280
f 1280/1280 1276/1276 1281/1281
f 1281/1281 1062/1062 1282/1282
f 654/654 1278/1278 1279/1279
f 1238/1238 1231/1231 1229/1229
f 1103/1103 1088/1088 1258/1258
f 1088/1088 1080/1080 1258/1258
f 1240/1240 1257/1257 1236/1236
f 1234/1234 1216/1216 1215/1215
f 1283/1283 1234/1234 1215/1215
f 1284/1284 1233/1233 1234/1234
f 1285/1285 1221/1221 632/632
f 1286/1286 632/632 1287/1287
f 1288/1288 1289/1289 604/604
f 1290/1290 1291/1291 1292/1292
f 1292/1292 602/602 1293/1293
f 1294/1294 602/602 1295/1295
f 1295/1295 599/599 1296/1296
f 1209/1209 1295/1295 1210/1210
f 1210/1210 1296/1296 1297/1297
f 1296/1296 600/600 593/593
f 1297/1297 593/593 1298/1298
f 1299/1299 1297/1297 1298/1298
f 1300/1300 1210/1210 1297/1297
f 1298/1298 591/591 1301/1301
f 1302/1302 1298/1298 1301/1301
f 1303/1303 1304/1304 1305/1305
f 1306/1306 1301/1301 554/554
f 1301/1301 559/559 554/554
f 1200/1200 1171/1171 1163/1163
f 1198/1198 1175/1175 1171/1171
f 1193/1193 1177/1177 1175/1175
f 1307/1307 1308/1308 1188/1188
f 1309/1309 1310/1310 1308/1308
f 1308/1308 1311/1311 1312/1312
f 1188/1188 1312/1312 1183/1183
f 1313/1313 1312/1312 1314/1314
f 1315/1315 1312/1312 1311/1311
f 1316/1316 1311/1311 1310/1310
f 1317/1317 1318/1318 1311/1311
f 1319/1319 534/534 1320/1320
f 1321/1321 1322/1322 1310/1310
f 1320/1320 1323/1323 1324/1324
f 1325/1325 1326/1326 1327/1327
f 1320/1320 529/529 1326/1326
f 1327/1327 1328/1328 1329/1329
f 1326/1326 525/525 1328/1328
f 1329/1329 1330/1330 1331/1331
f 1328/1328 523/523 1330/1330
f 1331/1331 1332/1332 1333/1333
f 1330/1330 522/522 1332/1332
f 1334/1334 1333/1333 1332/1332
f 1335/1335 1332/1332 522/522
f 1336/1336 1337/1337 1338/1338
f 1339/1339 1340/1340 1337/1337
f 1341/1341 1335/1335 522/522
f 1342/1342 1343/1343 1340/1340
f 1337/1337 1344/1344 1345/1345
f 1346/1346 1340/1340 1343/1343
f 1347/1347 1344/1344 1346/1346
f 1345/1345 1348/1348 1349/1349
f 1350/1350 1351/1351 1352/1352
f 1353/1353 1348/1348 1347/1347
f 1354/1354 1355/1355 1353/1353
f 1356/1356 1357/1357 1358/1358
f 1349/1349 1355/1355 1356/1356
f 1359/1359 1358/1358 1360/1360
f 1361/1361 1356/1356 1359/1359
f 1362/1362 1349/1349 1361/1361
f 1361/1361 1363/1363 1364/1364
f 1362/1362 1364/1364 1365/1365
f 1364/1364 1366/1366 1367/1367
f 1365/1365 1367/1367 1368/1368
f 1369/1369 1368/1368 1367/1367
f 1370/1370 1367/1367 1366/1366
f 1371/1371 1368/1368 1372/1372
f 1373/1373 1372/1372 1368/1368
f 1374/1374 1375/1375 1372/1372
f 1376/1376 1377/1377 1378/1378
f 1379/1379 1380/1380 1377/1377
f 1381/1381 1382/1382 1380/1380
f 1383/1383 1384/1384 1382/1382
f 1382/1382 1385/1385 1380/1380
f 1384/1384 1386/1386 1382/1382
f 1387/1387 1388/1388 1384/1384
f 1388/1388 1389/1389 1384/1384
f 1390/1390 1391/1391 1388/1388
f 1392/1392 1390/1390 1388/1388
f 1393/1393 1394/1394 1395/1395
f 1396/1396 1395/1395 1397/1397
f 1397/1397 1178/1178 1398/1398
f 1399/1399 1325/1325 1391/1391
f 1391/1391 1327/1327 1389/1389
f 1389/1389 1329/1329 1386/1386
f 1386/1386 1331/1331 1385/1385
f 1380/1380 1400/1400 1377/1377
f 1385/1385 1333/1333 1400/1400
f 1401/1401 1400/1400 1333/1333
f 1402/1402 1377/1377 1400/1400
f 1336/1336 1371/1371 1403/1403
f 1403/1403 1372/1372 1375/1375
f 1338/1338 1365/1365 1371/1371
f 1338/1338 1345/1345 1362/1362
f 1404/1404 1366/1366 1405/1405
f 1363/1363 1405/1405 1366/1366
f 1406/1406 1405/1405 1407/1407
f 1408/1408 1407/1407 1405/1405
f 1359/1359 1408/1408 1363/1363
f 1360/1360 1409/1409 1408/1408
f 1360/1360 1410/1410 1411/1411
f 1411/1411 1412/1412 1409/1409
f 1411/1411 1413/1413 1414/1414
f 1410/1410 1415/1415 1413/1413
f 1358/1358 1416/1416 1410/1410
f 1417/1417 1416/1416 1418/1418
f 1418/1418 1357/1357 1354/1354
f 1419/1419 1415/1415 1417/1417
f 1420/1420 1421/1421 1419/1419
f 1422/1422 1423/1423 1424/1424
f 1413/1413 1421/1421 1422/1422
f 1425/1425 1424/1424 1426/1426
f 1414/1414 1422/1422 1425/1425
f 1414/1414 1427/1427 1412/1412
f 1425/1425 1428/1428 1427/1427
f 1426/1426 1429/1429 1428/1428
f 1426/1426 1430/1430 1431/1431
f 1431/1431 1432/1432 1429/1429
f 1431/1431 1433/1433 1434/1434
f 1428/1428 1435/1435 1436/1436
f 1429/1429 1437/1437 1435/1435
f 1438/1438 1436/1436 1435/1435
f 1439/1439 1435/1435 1437/1437
f 1440/1440 1437/1437 1441/1441
f 1442/1442 1441/1441 1443/1443
f 1444/1444 1443/1443 1441/1441
f 1432/1432 1441/1441 1437/1437
f 1434/1434 1444/1444 1432/1432
f 1445/1445 1446/1446 1444/1444
f 1446/1446 1447/1447 1443/1443
f 1448/1448 1449/1449 1446/1446
f 1445/1445 1450/1450 1448/1448
f 1448/1448 1451/1451 1452/1452
f 1452/1452 1453/1453 1449/1449
f 1452/1452 1454/1454 1455/1455
f 1450/1450 1456/1456 1451/1451
f 1451/1451 1457/1457 1454/1454
f 1458/1458 1455/1455 1454/1454
f 1459/1459 1454/1454 1457/1457
f 1460/1460 1461/1461 1462/1462
f 1463/1463 1462/1462 1464/1464
f 1465/1465 1453/1453 1455/1455
f 1466/1466 1464/1464 1467/1467
f 1468/1468 1469/1469 1453/1453
f 1470/1470 1467/1467 1471/1471
f 1472/1472 1467/1467 1464/1464
f 1473/1473 1471/1471 1467/1467
f 1474/1474 1473/1473 1472/1472
f 1475/1475 1476/1476 1473/1473
f 1477/1477 1478/1478 1476/1476
f 1479/1479 1471/1471 1476/1476
f 1480/1480 1481/1481 1482/1482
f 1483/1483 1484/1484 1482/1482
f 1485/1485 1486/1486 1487/1487
f 1488/1488 1489/1489 1490/1490
f 1491/1491 1492/1492 1493/1493
f 1494/1494 1487/1487 1495/1495
f 1496/1496 1497/1497 1498/1498
f 1499/1499 1495/1495 1500/1500
f 1501/1501 1502/1502 1503/1503
f 1504/1504 1505/1505 1506/1506
f 1507/1507 1495/1495 1508/1508
f 1509/1509 1510/1510 1511/1511
f 1512/1512 1508/1508 1513/1513
f 1514/1514 1515/1515 1510/1510
f 1516/1516 1513/1513 1517/1517
f 1518/1518 1519/1519 1515/1515
f 1520/1520 1517/1517 1521/1521
f 1522/1522 1523/1523 1519/1519
f 1524/1524 1525/1525 1526/1526
f 1527/1527 1525/1525 1528/1528
f 1527/1527 1529/1529 1530/1530
f 1531/1531 1532/1532 1523/1523
f 1533/1533 1521/1521 1534/1534
f 1535/1535 1534/1534 1536/1536
f 1537/1537 1534/1534 1521/1521
f 1536/1536 1538/1538 1539/1539
f 1540/1540 1538/1538 1537/1537
f 1541/1541 1539/1539 1538/1538
f 1542/1542 1543/1543 1544/1544
f 1544/1544 1545/1545 1546/1546
f 1547/1547 1546/1546 1545/1545
f 1548/1548 1549/1549 1457/1457
f 1550/1550 1545/1545 1461/1461
f 1551/1551 1456/1456 1552/1552
f 1552/1552 1553/1553 1554/1554
f 1554/1554 1555/1555 1556/1556
f 1556/1556 1557/1557 1558/1558
f 1559/1559 1553/1553 1450/1450
f 1433/1433 1555/1555 1559/1559
f 1434/1434 1559/1559 1445/1445
f 1430/1430 1557/1557 1433/1433
f 1558/1558 1560/1560 1561/1561
f 1424/1424 1560/1560 1430/1430
f 1561/1561 1423/1423 1420/1420
f 1543/1543 1461/1461 1545/1545
f 1562/1562 1462/1462 1461/1461
f 1563/1563 1564/1564 1562/1562
f 1565/1565 1562/1562 1543/1543
f 1564/1564 1464/1464 1462/1462
f 1566/1566 1472/1472 1564/1564
f 1567/1567 1568/1568 1569/1569
f 1540/1540 1570/1570 1567/1567
f 1513/1513 1570/1570 1517/1517
f 1517/1517 1537/1537 1521/1521
f 1569/1569 1571/1571 1572/1572
f 1508/1508 1568/1568 1513/1513
f 1572/1572 1487/1487 1486/1486
f 1495/1495 1571/1571 1508/1508
f 1573/1573 1530/1530 1529/1529
f 1530/1530 1574/1574 1525/1525
f 1575/1575 1576/1576 1577/1577
f 1573/1573 1577/1577 1576/1576
f 1578/1578 1574/1574 1575/1575
f 1574/1574 1526/1526 1525/1525
f 1579/1579 1580/1580 1526/1526
f 1581/1581 1579/1579 1578/1578
f 1582/1582 1583/1583 1584/1584
f 1585/1585 1583/1583 1586/1586
f 1587/1587 1586/1586 1583/1583
f 1587/1587 1588/1588 1589/1589
f 1590/1590 1586/1586 1591/1591
f 1592/1592 1586/1586 1593/1593
f 1594/1594 1591/1591 1595/1595
f 1595/1595 1592/1592 1596/1596
f 1581/1581 1597/1597 1598/1598
f 1599/1599 1600/1600 1597/1597
f 1601/1601 1597/1597 1600/1600
f 1601/1601 1602/1602 1603/1603
f 1602/1602 1580/1580 1603/1603
f 1580/1580 1597/1597 1603/1603
f 1524/1524 1580/1580 1604/1604
f 1605/1605 1593/1593 1606/1606
f 1607/1607 1596/1596 1592/1592
f 1608/1608 1609/1609 1610/1610
f 1611/1611 1609/1609 1612/1612
f 1613/1613 1614/1614 1615/1615
f 1612/1612 1616/1616 1617/1617
f 1618/1618 1616/1616 1619/1619
f 1620/1620 1616/1616 1609/1609
f 1621/1621 1616/1616 1622/1622
f 1623/1623 1622/1622 1624/1624
f 1624/1624 1620/1620 1625/1625
f 1626/1626 1623/1623 1624/1624
f 1626/1626 1625/1625 1627/1627
f 1623/1623 1628/1628 1621/1621
f 1629/1629 1630/1630 1623/1623
f 1631/1631 1626/1626 1632/1632
f 1633/1633 1629/1629 1631/1631
f 1634/1634 1633/1633 1635/1635
f 1634/1634 1630/1630 1636/1636
f 1637/1637 1638/1638 1639/1639
f 1639/1639 1640/1640 1641/1641
f 1642/1642 1635/1635 1633/1633
f 1640/1640 1643/1643 1641/1641
f 1644/1644 1645/1645 1646/1646
f 1647/1647 1644/1644 1646/1646
f 1648/1648 1649/1649 1650/1650
f 1651/1651 1652/1652 1653/1653
f 1654/1654 1655/1655 1650/1650
f 1655/1655 1652/1652 1650/1650
f 1653/1653 1656/1656 1657/1657
f 1652/1652 1658/1658 1656/1656
f 1659/1659 1656/1656 1660/1660
f 1658/1658 1660/1660 1656/1656
f 1661/1661 1660/1660 1662/1662
f 1663/1663 1662/1662 1660/1660
f 1664/1664 1663/1663 1658/1658
f 1663/1663 1665/1665 1666/1666
f 1667/1667 1666/1666 1668/1668
f 1668/1668 1665/1665 1669/1669
f 1670/1670 1665/1665 1671/1671
f 1672/1672 1671/1671 1673/1673
f 1674/1674 1673/1673 1671/1671
f 1675/1675 1671/1671 1665/1665
f 1676/1676 1677/1677 1674/1674
f 1676/1676 1675/1675 1664/1664
f 1678/1678 1664/1664 1679/1679
f 1678/1678 1680/1680 1676/1676
f 1681/1681 1664/1664 1658/1658
f 1682/1682 1681/1681 1655/1655
f 1682/1682 1678/1678 1679/1679
f 1683/1683 1684/1684 1682/1682
f 1685/1685 1682/1682 1655/1655
f 1686/1686 1687/1687 1688/1688
f 1689/1689 1690/1690 1691/1691
f 1692/1692 1693/1693 1694/1694
f 1695/1695 1694/1694 1696/1696
f 1697/1697 1698/1698 1699/1699
f 1700/1700 1696/1696 1701/1701
f 1702/1702 1703/1703 1704/1704
f 1705/1705 1706/1706 1707/1707
f 1708/1708 1709/1709 1710/1710
f 1711/1711 1712/1712 1713/1713
f 1714/1714 1715/1715 1716/1716
f 1717/1717 1716/1716 1684/1684
f 1684/1684 1718/1718 1678/1678
f 1715/1715 1718/1718 1716/1716
f 1719/1719 1720/1720 1721/1721
f 1722/1722 1720/1720 1723/1723
f 1724/1724 1723/1723 1720/1720
f 1725/1725 1724/1724 1720/1720
f 1726/1726 1727/1727 1728/1728
f 1729/1729 1730/1730 1724/1724
f 1731/1731 1732/1732 1733/1733
f 1734/1734 1735/1735 1736/1736
f 1737/1737 1724/1724 1730/1730
f 1736/1736 1738/1738 1739/1739
f 1740/1740 1741/1741 1735/1735
f 1742/1742 1735/1735 1741/1741
f 1743/1743 1741/1741 1744/1744
f 1745/1745 1744/1744 1741/1741
f 1746/1746 1747/1747 1748/1748
f 1746/1746 1749/1749 1750/1750
f 1751/1751 1752/1752 1753/1753
f 1754/1754 1750/1750 1749/1749
f 1755/1755 1756/1756 1757/1757
f 1758/1758 1759/1759 1760/1760
f 1761/1761 1762/1762 1759/1759
f 1763/1763 1759/1759 1764/1764
f 1765/1765 1759/1759 1762/1762
f 1766/1766 1762/1762 1767/1767
f 1768/1768 1767/1767 1762/1762
f 1769/1769 1766/1766 1767/1767
f 1770/1770 1771/1771 1769/1769
f 1772/1772 1769/1769 1771/1771
f 1773/1773 1766/1766 1769/1769
f 1774/1774 1775/1775 1772/1772
f 1776/1776 1777/1777 1778/1778
f 1776/1776 1779/1779 1777/1777
f 1777/1777 1780/1780 1773/1773
f 1779/1779 1781/1781 1780/1780
f 1782/1782 1783/1783 1779/1779
f 1773/1773 1765/1765 1766/1766
f 1780/1780 1764/1764 1765/1765
f 1784/1784 1783/1783 1785/1785
f 1786/1786 1764/1764 1781/1781
f 1787/1787 1788/1788 1789/1789
f 1790/1790 1791/1791 1788/1788
f 1785/1785 1792/1792 1793/1793
f 1793/1793 1792/1792 1794/1794
f 1795/1795 1796/1796 1791/1791
f 1797/1797 1794/1794 1798/1798
f 1799/1799 1800/1800 1796/1796
f 1801/1801 1802/1802 1798/1798
f 1803/1803 1794/1794 1804/1804
f 1805/1805 1798/1798 1803/1803
f 1806/1806 1807/1807 1808/1808
f 1809/1809 1810/1810 1811/1811
f 1812/1812 1813/1813 1807/1807
f 1812/1812 1811/1811 1814/1814
f 1815/1815 1816/1816 1812/1812
f 1815/1815 1814/1814 1817/1817
f 1811/1811 1818/1818 1814/1814
f 1817/1817 1818/1818 1819/1819
f 1815/1815 1820/1820 1821/1821
f 1820/1820 1819/1819 1822/1822
f 1819/1819 1823/1823 1822/1822
f 1818/1818 1824/1824 1819/1819
f 1823/1823 1825/1825 1826/1826
f 1824/1824 1827/1827 1825/1825
f 1828/1828 1829/1829 1830/1830
f 1823/1823 1830/1830 1831/1831
f 1832/1832 1833/1833 1834/1834
f 1835/1835 1836/1836 1837/1837
f 1838/1838 1839/1839 1840/1840
f 1841/1841 1842/1842 1843/1843
f 1844/1844 1845/1845 1846/1846
f 1843/1843 1847/1847 1846/1846
f 1848/1848 1843/1843 1849/1849
f 1850/1850 1848/1848 1851/1851
f 1852/1852 1853/1853 1854/1854
f 1855/1855 1856/1856 1857/1857
f 1820/1820 1858/1858 1859/1859
f 1822/1822 1860/1860 1861/1861
f 1862/1862 1863/1863 1864/1864
f 1821/1821 1865/1865 1815/1815
f 1856/1856 1854/1854 1857/1857
f 1866/1866 1867/1867 1868/1868
f 1869/1869 1870/1870 1871/1871
f 1872/1872 1840/1840 1873/1873
f 1874/1874 1875/1875 1876/1876
f 1877/1877 1878/1878 1879/1879
f 1880/1880 1881/1881 1882/1882
f 1881/1881 1876/1876 1882/1882
f 1883/1883 1878/1878 1884/1884
f 1885/1885 1878/1878 1877/1877
f 1886/1886 1887/1887 1878/1878
f 1888/1888 1877/1877 1873/1873
f 1889/1889 1890/1890 1891/1891
f 1892/1892 1837/1837 1890/1890
f 1893/1893 1873/1873 1840/1840
f 1836/1836 1894/1894 1837/1837
f 1895/1895 1890/1890 1837/1837
f 1896/1896 1897/1897 1898/1898
f 1899/1899 1900/1900 1901/1901
f 1902/1902 1826/1826 1903/1903
f 1825/1825 1904/1904 1905/1905
f 1906/1906 1907/1907 1908/1908
f 1827/1827 1909/1909 1910/1910
f 1911/1911 1907/1907 1912/1912
f 1913/1913 1914/1914 1915/1915
f 1916/1916 1917/1917 1913/1913
f 1915/1915 1918/1918 1913/1913
f 1919/1919 1913/1913 1918/1918
f 1920/1920 1921/1921 1922/1922
f 1923/1923 1924/1924 1921/1921
f 1925/1925 1918/1918 1926/1926
f 1927/1927 1926/1926 1928/1928
f 1929/1929 1930/1930 1931/1931
f 1921/1921 1932/1932 1933/1933
f 1924/1924 1934/1934 1932/1932
f 1935/1935 1936/1936 1937/1937
f 1931/1931 1938/1938 1934/1934
f 1939/1939 1936/1936 1940/1940
f 1941/1941 1938/1938 1937/1937
f 1942/1942 1943/1943 1934/1934
f 1944/1944 1945/1945 1938/1938
f 1946/1946 1947/1947 1948/1948
f 1949/1949 1950/1950 1951/1951
f 1952/1952 1953/1953 1932/1932
f 1954/1954 1955/1955 1956/1956
f 1957/1957 1891/1891 1890/1890
f 1958/1958 1959/1959 1891/1891
f 1960/1960 1891/1891 1959/1959
f 1961/1961 1962/1962 1959/1959
f 1963/1963 1964/1964 1959/1959
f 1965/1965 1966/1966 1488/1488
f 1967/1967 1887/1887 1886/1886
f 1968/1968 1969/1969 1970/1970
f 1971/1971 1972/1972 1973/1973
f 1974/1974 1975/1975 1933/1933
f 1976/1976 1977/1977 1978/1978
f 1977/1977 1979/1979 1978/1978
f 1980/1980 1978/1978 1979/1979
f 1922/1922 1933/1933 1978/1978
f 1981/1981 1922/1922 1980/1980
f 1982/1982 1983/1983 1984/1984
f 1985/1985 1986/1986 1987/1987
f 1988/1988 1928/1928 1987/1987
f 1989/1989 1987/1987 1928/1928
f 1990/1990 1987/1987 1991/1991
f 1992/1992 1928/1928 1926/1926
f 1989/1989 1993/1993 1991/1991
f 1994/1994 1989/1989 1992/1992
f 1995/1995 1996/1996 1997/1997
f 1998/1998 1999/1999 1993/1993
f 2000/2000 1991/1991 1993/1993
f 2001/2001 2002/2002 2000/2000
f 2003/2003 2004/2004 2005/2005
f 2006/2006 2007/2007 2008/2008
f 2009/2009 2010/2010 2011/2011
f 2011/2011 2012/2012 2013/2013
f 2013/2013 2014/2014 2015/2015
f 2012/2012 2016/2016 2014/2014
f 2010/2010 2017/2017 2012/2012
f 2017/2017 2018/2018 2016/2016
f 2019/2019 2020/2020 2017/2017
f 2021/2021 2020/2020 2022/2022
f 2023/2023 2018/2018 2020/2020
f 2016/2016 2024/2024 2025/2025
f 2026/2026 2024/2024 2018/2018
f 2027/2027 2028/2028 2026/2026
f 2029/2029 2026/2026 2023/2023
f 2030/2030 2031/2031 2027/2027
f 2032/2032 2027/2027 2029/2029
f 2033/2033 2023/2023 2021/2021
f 2034/2034 2029/2029 2033/2033
f 2035/2035 2021/2021 2036/2036
f 2037/2037 2033/2033 2035/2035
f 2038/2038 2035/2035 2036/2036
f 2039/2039 2037/2037 2035/2035
f 2040/2040 2041/2041 2042/2042
f 2042/2042 2043/2043 2044/2044
f 2041/2041 2045/2045 2043/2043
f 2046/2046 2047/2047 2041/2041
f 2048/2048 2049/2049 2050/2050
f 2047/2047 2051/2051 2045/2045
f 2045/2045 2052/2052 2053/2053
f 2043/2043 2053/2053 2054/2054
f 2051/2051 2055/2055 2052/2052
f 2050/2050 2056/2056 2051/2051
f 2057/2057 2058/2058 2056/2056
f 2056/2056 2059/2059 2055/2055
f 2059/2059 2060/2060 2061/2061
f 2052/2052 2055/2055 2062/2062
f 2058/2058 2060/2060 2059/2059
f 2060/2060 2063/2063 2064/2064
f 2065/2065 2063/2063 2060/2060
f 2066/2066 2067/2067 2065/2065
f 2068/2068 2065/2065 2058/2058
f 2069/2069 2067/2067 2070/2070
f 2071/2071 2067/2067 2005/2005
f 2072/2072 2003/2003 2005/2005
f 2073/2073 2074/2074 2066/2066
f 2075/2075 2068/2068 2057/2057
f 2076/2076 2077/2077 2078/2078
f 2049/2049 2057/2057 2050/2050
f 2079/2079 2036/2036 2077/2077
f 2078/2078 2022/2022 2019/2019
f 2036/2036 2022/2022 2077/2077
f 2080/2080 2078/2078 2008/2008
f 2008/2008 2019/2019 2010/2010
f 2081/2081 2082/2082 2061/2061
f 2062/2062 2082/2082 2083/2083
f 2083/2083 2084/2084 2085/2085
f 2086/2086 2082/2082 2087/2087
f 2088/2088 2089/2089 1994/1994
f 2090/2090 2091/2091 2084/2084
f 2092/2092 2093/2093 2094/2094
f 2095/2095 2096/2096 2091/2091
f 2085/2085 2091/2091 2097/2097
f 2097/2097 2096/2096 2098/2098
f 2099/2099 2083/2083 2085/2085
f 2100/2100 2098/2098 2101/2101
f 2102/2102 2098/2098 2103/2103
f 2098/2098 2104/2104 2103/2103
f 2105/2105 2106/2106 2107/2107
f 2103/2103 2108/2108 2106/2106
f 2109/2109 2096/2096 2110/2110
f 2111/2111 2104/2104 2109/2109
f 2112/2112 2108/2108 2111/2111
f 2113/2113 2106/2106 2108/2108
f 2114/2114 2115/2115 2116/2116
f 2117/2117 2118/2118 2119/2119
f 2120/2120 2121/2121 2122/2122
f 2123/2123 2122/2122 1915/1915
f 2122/2122 2124/2124 1915/1915
f 2125/2125 2126/2126 2127/2127
f 2128/2128 2129/2129 2130/2130
f 2131/2131 2132/2132 2133/2133
f 2134/2134 2131/2131 1827/1827
f 2135/2135 2136/2136 2130/2130
f 2137/2137 2138/2138 2139/2139
f 2140/2140 2141/2141 2138/2138
f 2142/2142 1774/1774 2141/2141
f 2141/2141 1772/1772 2143/2143
f 2138/2138 2143/2143 2144/2144
f 2143/2143 1771/1771 2145/2145
f 2144/2144 2145/2145 2146/2146
f 2139/2139 2144/2144 2147/2147
f 2147/2147 2146/2146 2148/2148
f 2149/2149 2146/2146 2145/2145
f 2150/2150 2148/2148 2146/2146
f 2151/2151 2152/2152 2148/2148
f 2153/2153 2148/2148 2152/2152
f 2154/2154 2155/2155 2152/2152
f 2156/2156 2152/2152 2155/2155
f 2157/2157 2158/2158 2155/2155
f 2159/2159 2160/2160 2158/2158
f 2161/2161 2158/2158 2160/2160
f 2162/2162 2155/2155 2158/2158
f 2163/2163 2162/2162 2161/2161
f 2164/2164 2165/2165 2163/2163
f 2165/2165 2166/2166 2162/2162
f 2167/2167 2168/2168 2165/2165
f 2169/2169 2170/2170 2168/2168
f 2171/2171 2172/2172 2170/2170
f 2170/2170 2153/2153 2156/2156
f 2168/2168 2156/2156 2166/2166
f 2172/2172 2147/2147 2153/2153
f 2173/2173 2139/2139 2172/2172
f 2174/2174 2175/2175 2107/2107
f 2176/2176 2107/2107 2175/2175
f 2177/2177 2105/2105 2176/2176
f 2178/2178 2102/2102 2177/2177
f 2179/2179 2100/2100 2101/2101
f 2180/2180 2100/2100 2181/2181
f 2182/2182 2099/2099 2180/2180
f 2183/2183 2083/2083 2099/2099
f 2054/2054 2053/2053 2183/2183
f 2044/2044 2054/2054 2184/2184
f 2185/2185 2107/2107 2106/2106
f 2186/2186 2145/2145 1771/1771
f 2187/2187 1778/1778 1774/1774
f 2188/2188 2189/2189 2190/2190
f 2191/2191 2192/2192 2193/2193
f 2194/2194 1778/1778 2195/2195
f 2196/2196 1803/1803 2197/2197
f 2197/2197 1804/1804 2194/2194
f 2194/2194 1782/1782 1776/1776
f 1804/1804 1792/1792 1782/1782
f 2192/2192 2134/2134 1818/1818
f 2124/2124 1994/1994 1992/1992
f 2124/2124 1926/1926 1918/1918
f 2198/2198 2199/2199 2031/2031
f 2200/2200 2201/2201 2199/2199
f 2199/2199 2202/2202 2203/2203
f 2031/2031 2203/2203 2028/2028
f 2203/2203 2204/2204 2205/2205
f 2028/2028 2205/2205 2024/2024
f 2201/2201 2206/2206 2202/2202
f 2202/2202 2207/2207 2204/2204
f 2208/2208 2204/2204 2209/2209
f 2209/2209 2207/2207 2210/2210
f 2211/2211 2210/2210 2212/2212
f 2213/2213 2209/2209 2211/2211
f 2214/2214 2212/2212 2215/2215
f 2216/2216 2211/2211 2214/2214
f 2217/2217 2213/2213 2216/2216
f 2015/2015 2218/2218 2217/2217
f 2014/2014 2025/2025 2218/2218
f 2218/2218 2208/2208 2213/2213
f 2025/2025 2205/2205 2208/2208
f 2215/2215 2219/2219 2220/2220
f 2220/2220 2221/2221 2222/2222
f 2212/2212 2223/2223 2219/2219
f 2219/2219 2224/2224 2221/2221
f 2210/2210 2225/2225 2223/2223
f 2223/2223 2226/2226 2224/2224
f 2221/2221 2227/2227 2228/2228
f 2224/2224 2229/2229 2227/2227
f 2230/2230 2226/2226 2225/2225
f 2231/2231 2229/2229 2226/2226
f 2227/2227 2232/2232 2233/2233
f 2234/2234 2232/2232 2229/2229
f 2235/2235 2236/2236 2234/2234
f 2237/2237 2234/2234 2231/2231
f 2238/2238 2239/2239 2235/2235
f 2240/2240 2235/2235 2237/2237
f 2241/2241 2237/2237 2242/2242
f 2243/2243 2242/2242 2244/2244
f 2245/2245 2244/2244 2201/2201
f 2244/2244 2230/2230 2206/2206
f 2242/2242 2231/2231 2230/2230
f 2206/2206 2225/2225 2207/2207
f 2246/2246 2247/2247 2239/2239
f 2248/2248 2249/2249 2247/2247
f 2250/2250 2251/2251 2249/2249
f 2252/2252 2253/2253 2251/2251
f 2254/2254 2255/2255 2256/2256
f 2257/2257 2258/2258 2259/2259
f 2260/2260 2261/2261 2256/2256
f 2262/2262 2261/2261 2263/2263
f 2264/2264 2256/2256 2262/2262
f 2265/2265 890/890 2261/2261
f 2263/2263 890/890 888/888
f 2266/2266 2263/2263 888/888
f 2267/2267 2262/2262 2263/2263
f 2268/2268 2269/2269 2270/2270
f 2271/2271 2272/2272 2273/2273
f 2274/2274 2275/2275 2262/2262
f 2276/2276 2277/2277 2278/2278
f 2272/2272 2279/2279 2280/2280
f 2281/2281 2282/2282 2283/2283
f 2284/2284 2282/2282 2285/2285
f 2286/2286 2287/2287 2282/2282
f 2283/2283 2287/2287 2288/2288
f 2287/2287 2277/2277 2288/2288
f 2289/2289 2290/2290 2287/2287
f 2291/2291 2277/2277 2290/2290
f 2292/2292 2290/2290 2293/2293
f 2294/2294 2277/2277 2276/2276
f 2295/2295 2278/2278 2251/2251
f 2249/2249 2278/2278 2291/2291
f 2233/2233 2293/2293 2289/2289
f 2236/2236 2293/2293 2232/2232
f 2239/2239 2292/2292 2236/2236
f 2247/2247 2291/2291 2292/2292
f 2296/2296 2289/2289 2286/2286
f 2228/2228 2233/2233 2296/2296
f 2297/2297 2296/2296 2298/2298
f 2298/2298 2286/2286 2284/2284
f 2222/2222 2228/2228 2297/2297
f 2294/2294 2299/2299 2288/2288
f 2300/2300 2301/2301 2302/2302
f 2303/2303 2304/2304 2305/2305
f 2306/2306 2305/2305 2307/2307
f 2308/2308 2309/2309 2310/2310
f 2310/2310 2311/2311 2312/2312
f 2313/2313 2314/2314 2315/2315
f 2316/2316 2315/2315 2314/2314
f 2317/2317 782/782 2309/2309
f 2318/2318 2319/2319 2316/2316
f 2320/2320 2321/2321 2322/2322
f 2323/2323 2324/2324 2320/2320
f 2325/2325 2321/2321 2326/2326
f 2318/2318 772/772 2327/2327
f 2328/2328 2324/2324 2329/2329
f 2328/2328 2326/2326 2321/2321
f 2330/2330 2329/2329 2331/2331
f 2330/2330 2332/2332 2328/2328
f 2333/2333 2332/2332 2334/2334
f 2335/2335 2326/2326 2332/2332
f 2336/2336 2334/2334 2330/2330
f 2337/2337 2334/2334 2338/2338
f 2337/2337 2339/2339 2333/2333
f 2340/2340 2333/2333 2339/2339
f 2341/2341 2342/2342 2343/2343
f 2344/2344 2343/2343 2345/2345
f 2346/2346 2347/2347 2348/2348
f 2349/2349 2345/2345 2343/2343
f 2350/2350 2346/2346 2348/2348
f 2351/2351 2352/2352 2353/2353
f 2354/2354 2346/2346 2355/2355
f 2356/2356 2357/2357 2358/2358
f 2357/2357 2346/2346 2358/2358
f 2359/2359 2356/2356 2360/2360
f 2361/2361 2362/2362 2363/2363
f 2364/2364 2365/2365 2366/2366
f 2367/2367 2368/2368 2369/2369
f 2370/2370 2369/2369 2368/2368
f 496/496 2371/2371 2369/2369
f 2372/2372 2369/2369 2371/2371
f 490/490 496/496 2370/2370
f 2373/2373 2371/2371 576/576
f 2371/2371 497/497 576/576
f 2374/2374 2375/2375 2376/2376
f 2377/2377 2378/2378 2379/2379
f 2380/2380 587/587 2381/2381
f 2382/2382 2383/2383 596/596
f 590/590 596/596 2383/2383
f 2384/2384 596/596 598/598
f 2385/2385 683/683 684/684
f 2386/2386 2387/2387 598/598
f 2388/2388 682/682 683/683
f 2389/2389 2390/2390 682/682
f 2391/2391 2390/2390 2392/2392
f 610/610 671/671 2390/2390
f 2390/2390 674/674 682/682
f 2393/2393 2352/2352 2394/2394
f 2395/2395 2394/2394 2396/2396
f 2397/2397 2396/2396 2398/2398
f 2399/2399 2398/2398 2400/2400
f 2401/2401 2400/2400 2402/2402
f 2401/2401 385/385 391/391
f 2403/2403 2400/2400 2404/2404
f 386/386 2402/2402 2403/2403
f 386/386 2405/2405 384/384
f 2403/2403 2406/2406 2405/2405
f 380/380 2405/2405 2407/2407
f 2407/2407 2406/2406 2408/2408
f 2406/2406 2409/2409 2408/2408
f 2406/2406 2410/2410 2411/2411
f 2411/2411 2412/2412 2409/2409
f 2410/2410 2413/2413 2411/2411
f 2414/2414 2412/2412 2415/2415
f 2416/2416 2409/2409 2414/2414
f 2412/2412 2417/2417 2415/2415
f 2413/2413 2418/2418 2412/2412
f 2419/2419 2414/2414 2415/2415
f 2419/2419 2417/2417 2420/2420
f 2420/2420 2421/2421 2422/2422
f 2423/2423 2421/2421 2424/2424
f 2425/2425 2426/2426 2427/2427
f 2428/2428 2421/2421 2429/2429
f 2430/2430 2427/2427 2426/2426
f 2431/2431 2429/2429 2432/2432
f 2433/2433 2434/2434 2430/2430
f 2431/2431 2435/2435 2436/2436
f 2433/2433 2342/2342 2437/2437
f 2438/2438 2437/2437 2342/2342
f 2439/2439 2437/2437 2440/2440
f 2336/2336 2331/2331 2441/2441
f 2441/2441 2442/2442 2443/2443
f 2444/2444 2434/2434 2439/2439
f 2445/2445 2443/2443 2442/2442
f 2446/2446 2427/2427 2444/2444
f 2447/2447 2442/2442 2448/2448
f 2449/2449 2448/2448 2450/2450
f 2331/2331 2448/2448 2442/2442
f 2329/2329 2450/2450 2448/2448
f 2451/2451 2450/2450 2323/2323
f 2452/2452 2343/2343 2342/2342
f 2436/2436 2352/2352 2453/2453
f 2454/2454 2435/2435 2432/2432
f 2455/2455 2352/2352 2435/2435
f 2456/2456 2454/2454 2413/2413
f 2456/2456 2394/2394 2455/2455
f 2398/2398 2456/2456 2410/2410
f 2418/2418 2432/2432 2429/2429
f 2418/2418 2421/2421 2417/2417
f 2457/2457 2416/2416 2414/2414
f 2458/2458 2416/2416 2459/2459
f 2407/2407 2416/2416 2460/2460
f 2461/2461 2460/2460 2458/2458
f 380/380 2460/2460 381/381
f 2461/2461 378/378 381/381
f 2462/2462 371/371 378/378
f 2404/2404 2398/2398 2410/2410
f 760/760 2335/2335 2340/2340
f 2325/2325 759/759 2463/2463
f 2464/2464 2311/2311 2465/2465
f 2466/2466 2307/2307 2467/2467
f 2468/2468 2465/2465 866/866
f 866/866 786/786 789/789
f 2465/2465 784/784 786/786
f 2311/2311 782/782 784/784
f 2469/2469 2470/2470 2471/2471
f 2472/2472 2473/2473 1471/1471
f 2474/2474 2475/2475 1469/1469
f 2475/2475 1447/1447 1469/1469
f 1449/1449 1469/1469 1447/1447
f 2476/2476 1443/1443 1447/1447
f 1800/1800 2477/2477 1796/1796
f 2478/2478 2479/2479 2477/2477
f 2480/2480 2481/2481 2482/2482
f 2479/2479 2483/2483 2477/2477
f 2480/2480 2484/2484 2485/2485
f 2482/2482 2486/2486 2484/2484
f 2487/2487 2482/2482 2481/2481
f 2486/2486 2488/2488 2484/2484
f 2489/2489 2484/2484 2488/2488
f 2488/2488 1738/1738 1742/1742
f 1743/1743 2488/2488 1742/1742
f 2490/2490 2483/2483 2491/2491
f 2490/2490 1747/1747 2492/2492
f 1791/1791 2492/2492 1788/1788
f 1789/1789 2492/2492 1747/1747
f 1791/1791 2477/2477 2483/2483
f 1789/1789 1750/1750 1757/1757
f 2493/2493 1789/1789 1757/1757
f 2494/2494 2495/2495 2486/2486
f 2496/2496 1738/1738 2495/2495
f 1737/1737 2497/2497 2498/2498
f 2499/2499 2500/2500 2497/2497
f 2501/2501 2500/2500 2502/2502
f 2494/2494 2503/2503 2504/2504
f 2497/2497 2505/2505 2506/2506
f 2507/2507 2505/2505 2500/2500
f 2508/2508 2509/2509 2510/2510
f 2508/2508 2506/2506 2505/2505
f 1722/1722 2506/2506 2511/2511
f 2498/2498 2506/2506 1723/1723
f 2512/2512 1677/1677 1680/1680
f 2512/2512 1718/1718 2513/2513
f 2514/2514 1677/1677 2515/2515
f 2516/2516 1673/1673 2514/2514
f 2517/2517 2510/2510 2509/2509
f 2518/2518 2507/2507 2519/2519
f 2520/2520 2519/2519 2507/2507
f 2521/2521 2522/2522 2523/2523
f 2524/2524 2525/2525 2526/2526
f 2527/2527 2528/2528 2522/2522
f 2529/2529 2530/2530 2531/2531
f 2532/2532 2523/2523 2533/2533
f 2532/2532 2534/2534 2535/2535
f 2535/2535 2536/2536 2537/2537
f 2538/2538 2536/2536 2539/2539
f 2540/2540 2539/2539 2541/2541
f 2542/2542 2541/2541 2543/2543
f 2544/2544 2543/2543 2545/2545
f 2546/2546 2545/2545 2547/2547
f 2548/2548 2549/2549 2550/2550
f 2546/2546 2551/2551 2552/2552
f 2553/2553 2552/2552 2551/2551
f 2554/2554 2555/2555 2556/2556
f 2556/2556 2557/2557 2554/2554
f 2558/2558 2559/2559 2557/2557
f 2560/2560 2559/2559 2561/2561
f 2562/2562 2563/2563 2560/2560
f 2564/2564 2565/2565 2562/2562
f 2566/2566 2567/2567 2564/2564
f 2568/2568 2569/2569 2570/2570
f 2571/2571 2572/2572 2568/2568
f 2573/2573 2574/2574 2575/2575
f 2573/2573 2576/2576 2577/2577
f 2578/2578 2579/2579 2580/2580
f 2575/2575 2581/2581 2582/2582
f 2583/2583 2581/2581 2584/2584
f 2583/2583 2585/2585 2586/2586
f 2587/2587 2588/2588 2589/2589
f 2590/2590 2591/2591 2587/2587
f 2589/2589 2592/2592 2593/2593
f 2594/2594 2585/2585 2595/2595
f 2596/2596 2593/2593 2592/2592
f 2595/2595 2597/2597 2594/2594
f 2598/2598 2599/2599 2600/2600
f 2601/2601 2602/2602 2603/2603
f 2600/2600 2604/2604 2598/2598
f 2605/2605 2606/2606 2604/2604
f 2607/2607 2606/2606 2608/2608
f 2609/2609 2610/2610 2611/2611
f 2612/2612 2611/2611 2613/2613
f 2614/2614 2615/2615 2616/2616
f 2617/2617 2618/2618 2610/2610
f 2619/2619 2620/2620 2618/2618
f 2621/2621 2622/2622 2623/2623
f 2623/2623 2624/2624 2607/2607
f 2621/2621 2625/2625 2626/2626
f 2627/2627 2628/2628 2625/2625
f 2629/2629 2630/2630 2631/2631
f 2632/2632 2631/2631 2620/2620
f 2633/2633 2634/2634 2630/2630
f 2635/2635 2636/2636 2634/2634
f 2637/2637 2638/2638 2639/2639
f 2640/2640 2639/2639 2628/2628
f 2641/2641 2642/2642 2638/2638
f 2643/2643 2644/2644 2642/2642
f 2645/2645 2646/2646 2647/2647
f 2648/2648 2647/2647 2636/2636
f 2649/2649 2650/2650 2651/2651
f 2651/2651 2652/2652 2653/2653
f 2654/2654 2655/2655 2656/2656
f 2657/2657 2658/2658 2654/2654
f 2656/2656 2659/2659 2660/2660
f 2661/2661 2652/2652 2662/2662
f 2660/2660 2663/2663 2664/2664
f 2661/2661 2665/2665 2666/2666
f 2667/2667 2665/2665 2576/2576
f 2664/2664 2668/2668 2571/2571
f 2669/2669 2670/2670 2671/2671
f 2672/2672 2673/2673 2674/2674
f 2674/2674 2675/2675 2676/2676
f 2676/2676 2677/2677 2678/2678
f 2679/2679 2677/2677 2680/2680
f 2679/2679 2681/2681 2682/2682
f 2682/2682 2683/2683 2684/2684
f 2684/2684 2685/2685 2686/2686
f 2686/2686 2687/2687 2688/2688
f 2688/2688 2689/2689 2690/2690
f 2691/2691 2689/2689 2692/2692
f 2693/2693 2692/2692 2694/2694
f 2695/2695 2693/2693 2694/2694
f 2696/2696 2697/2697 2698/2698
f 2699/2699 2700/2700 2701/2701
f 2702/2702 2703/2703 2704/2704
f 2704/2704 2705/2705 2706/2706
f 2698/2698 2707/2707 2708/2708
f 2706/2706 2709/2709 2710/2710
f 2711/2711 2707/2707 2712/2712
f 2710/2710 2713/2713 2714/2714
f 2711/2711 2715/2715 2716/2716
f 2717/2717 2715/2715 2718/2718
f 2714/2714 2719/2719 2720/2720
f 2721/2721 2718/2718 2722/2722
f 2720/2720 2723/2723 2724/2724
f 2724/2724 2725/2725 2726/2726
f 2721/2721 2727/2727 2728/2728
f 2729/2729 2730/2730 2731/2731
f 2732/2732 2733/2733 2734/2734
f 2726/2726 2735/2735 2736/2736
f 2736/2736 2737/2737 2738/2738
f 2738/2738 2739/2739 2740/2740
f 2741/2741 2742/2742 2743/2743
f 2741/2741 2744/2744 2745/2745
f 2671/2671 2744/2744 2669/2669
f 2740/2740 2746/2746 2747/2747
f 2748/2748 2747/2747 2746/2746
f 2749/2749 2750/2750 2751/2751
f 2751/2751 2752/2752 2753/2753
f 2753/2753 2754/2754 2755/2755
f 2755/2755 2756/2756 2757/2757
f 2757/2757 2758/2758 2759/2759
f 2759/2759 2760/2760 2761/2761
f 2761/2761 2762/2762 2763/2763
f 2763/2763 2764/2764 2765/2765
f 2765/2765 2766/2766 2767/2767
f 2767/2767 2768/2768 2769/2769
f 2769/2769 2701/2701 2700/2700
f 2770/2770 2771/2771 2772/2772
f 2773/2773 2772/2772 2774/2774
f 2775/2775 2774/2774 2776/2776
f 2777/2777 2776/2776 2778/2778
f 2777/2777 2779/2779 2780/2780
f 2780/2780 2781/2781 2782/2782
f 2783/2783 2782/2782 2781/2781
f 2784/2784 2785/2785 2786/2786
f 2786/2786 2787/2787 2788/2788
f 2789/2789 2790/2790 2791/2791
f 2791/2791 2792/2792 2789/2789
f 2793/2793 2794/2794 2795/2795
f 2796/2796 2797/2797 2798/2798
f 2799/2799 2798/2798 2800/2800
f 2801/2801 2800/2800 2802/2802
f 2801/2801 2803/2803 2804/2804
f 2804/2804 2805/2805 2806/2806
f 2806/2806 2807/2807 2808/2808
f 2809/2809 2810/2810 2811/2811
f 2808/2808 2812/2812 2813/2813
f 2813/2813 2814/2814 2815/2815
f 2815/2815 2816/2816 2817/2817
f 2817/2817 2818/2818 2819/2819
f 2819/2819 2820/2820 2821/2821
f 2822/2822 2821/2821 2820/2820
f 2823/2823 2824/2824 2825/2825
f 2825/2825 2826/2826 2827/2827
f 2828/2828 2829/2829 2830/2830
f 2830/2830 2831/2831 2828/2828
f 2832/2832 2831/2831 2833/2833
f 2834/2834 2835/2835 2832/2832
f 2836/2836 2837/2837 2834/2834
f 2838/2838 2839/2839 2836/2836
f 2840/2840 2841/2841 2838/2838
f 2842/2842 2843/2843 2840/2840
f 2844/2844 2845/2845 2842/2842
f 2788/2788 2846/2846 2844/2844
f 2847/2847 2790/2790 2848/2848
f 2849/2849 2850/2850 2847/2847
f 2851/2851 2852/2852 2849/2849
f 2853/2853 2854/2854 2851/2851
f 2855/2855 2856/2856 2853/2853
f 2857/2857 2858/2858 2855/2855
f 2859/2859 2860/2860 2857/2857
f 2827/2827 2861/2861 2859/2859
f 2862/2862 2863/2863 2864/2864
f 2864/2864 2865/2865 2866/2866
f 2866/2866 2867/2867 2868/2868
f 2868/2868 2869/2869 2870/2870
f 2870/2870 2871/2871 2872/2872
f 2873/2873 2874/2874 2875/2875
f 2873/2873 2876/2876 2877/2877
f 2878/2878 2879/2879 2880/2880
f 2881/2881 2874/2874 2882/2882
f 2883/2883 2884/2884 2881/2881
f 2883/2883 2885/2885 2886/2886
f 2887/2887 2888/2888 2885/2885
f 2889/2889 2890/2890 2862/2862
f 2891/2891 2892/2892 2889/2889
f 2893/2893 2888/2888 2894/2894
f 2895/2895 2896/2896 2891/2891
f 2897/2897 2898/2898 2895/2895
f 2899/2899 2900/2900 2901/2901
f 2893/2893 2900/2900 2902/2902
f 2903/2903 2904/2904 2897/2897
f 2905/2905 2906/2906 2899/2899
f 2907/2907 2908/2908 2909/2909
f 2910/2910 2911/2911 2912/2912
f 2909/2909 2913/2913 2907/2907
f 2914/2914 2915/2915 2916/2916
f 2917/2917 2916/2916 2915/2915
f 2918/2918 2919/2919 2914/2914
f 2920/2920 2921/2921 2913/2913
f 2922/2922 2923/2923 2918/2918
f 2924/2924 2925/2925 2922/2922
f 2926/2926 2927/2927 2924/2924
f 2928/2928 2929/2929 2930/2930
f 2931/2931 2932/2932 2929/2929
f 2933/2933 2930/2930 2921/2921
f 2934/2934 2935/2935 2932/2932
f 2936/2936 2937/2937 2935/2935
f 2938/2938 2939/2939 2940/2940
f 2926/2926 2940/2940 2941/2941
f 2942/2942 2943/2943 2939/2939
f 2944/2944 2945/2945 2943/2943
f 2946/2946 2947/2947 2945/2945
f 2948/2948 2949/2949 2947/2947
f 2950/2950 2951/2951 2952/2952
f 2872/2872 2952/2952 2951/2951
f 2953/2953 2876/2876 2954/2954
f 2954/2954 2955/2955 2953/2953
f 2956/2956 2957/2957 2958/2958
f 2959/2959 2960/2960 2961/2961
f 2962/2962 2963/2963 2964/2964
f 2961/2961 2965/2965 2966/2966
f 2967/2967 2968/2968 2969/2969
f 2970/2970 2969/2969 2968/2968
f 2971/2971 2972/2972 2970/2970
f 2973/2973 2965/2965 2974/2974
f 2975/2975 2976/2976 2971/2971
f 2973/2973 2977/2977 2978/2978
f 2979/2979 2980/2980 2975/2975
f 2981/2981 2977/2977 2982/2982
f 2983/2983 2984/2984 2979/2979
f 2985/2985 2986/2986 2983/2983
f 2987/2987 2982/2982 2988/2988
f 2987/2987 2989/2989 2990/2990
f 2990/2990 2991/2991 2992/2992
f 2993/2993 2991/2991 2994/2994
f 2993/2993 2995/2995 2996/2996
f 2997/2997 2998/2998 2999/2999
f 3000/3000 3001/3001 2997/2997
f 3002/3002 3003/3003 3000/3000
f 3004/3004 2995/2995 3005/3005
f 3006/3006 3007/3007 3002/3002
f 3005/3005 3008/3008 3004/3004
f 3009/3009 3010/3010 3011/3011
f 3012/3012 3013/3013 3014/3014
f 3015/3015 3016/3016 3017/3017
f 3011/3011 3018/3018 3019/3019
f 3019/3019 3020/3020 3021/3021
f 3022/3022 3023/3023 3024/3024
f 3022/3022 3014/3014 3013/3013
f 3025/3025 3023/3023 3026/3026
f 3025/3025 3027/3027 3028/3028
f 3029/3029 3030/3030 3031/3031
f 3021/3021 3032/3032 3029/3029
f 3031/3031 3033/3033 3034/3034
f 3034/3034 3035/3035 3036/3036
f 3037/3037 3038/3038 3039/3039
f 3040/3040 3038/3038 3027/3027
f 3041/3041 3042/3042 3037/3037
f 3041/3041 3043/3043 3044/3044
f 3045/3045 3046/3046 3047/3047
f 3036/3036 3048/3048 3045/3045
f 3047/3047 3049/3049 3050/3050
f 3050/3050 3051/3051 3052/3052
f 3053/3053 2964/2964 3054/3054
f 3053/3053 3043/3043 3055/3055
f 3056/3056 3052/3052 3051/3051
f 3057/3057 3058/3058 3059/3059
f 3060/3060 3061/3061 3062/3062
f 3063/3063 3062/3062 3061/3061
f 3064/3064 3065/3065 3063/3063
f 3066/3066 3059/3059 3067/3067
f 3068/3068 3067/3067 3069/3069
f 3068/3068 3070/3070 3071/3071
f 3071/3071 3072/3072 3073/3073
f 3073/3073 3074/3074 3075/3075
f 3076/3076 3074/3074 3077/3077
f 3078/3078 3077/3077 3079/3079
f 3080/3080 3079/3079 3081/3081
f 3080/3080 3082/3082 3083/3083
f 3084/3084 3082/3082 3085/3085
f 3086/3086 3087/3087 3085/3085
f 3088/3088 3089/3089 3090/3090
f 3091/3091 3090/3090 3092/3092
f 3093/3093 3090/3090 3094/3094
f 3089/3089 3094/3094 3090/3090
f 3095/3095 3094/3094 3096/3096
f 3093/3093 3097/3097 3098/3098
f 3099/3099 3098/3098 3100/3100
f 3099/3099 3092/3092 3093/3093
f 3101/3101 3102/3102 3103/3103
f 3104/3104 3103/3103 3105/3105
f 3106/3106 3104/3104 3105/3105
f 3107/3107 3091/3091 3092/3092
f 3108/3108 3109/3109 3110/3110
f 3111/3111 3112/3112 3113/3113
f 3114/3114 3115/3115 3116/3116
f 3116/3116 3117/3117 3118/3118
f 3118/3118 3119/3119 3120/3120
f 3120/3120 3121/3121 3122/3122
f 3123/3123 3124/3124 3125/3125
f 3126/3126 3124/3124 3127/3127
f 3128/3128 3129/3129 3130/3130
f 3131/3131 3125/3125 3132/3132
f 3133/3133 3132/3132 3134/3134
f 3135/3135 3134/3134 3136/3136
f 3137/3137 3138/3138 3139/3139
f 3140/3140 3139/3139 3141/3141
f 3142/3142 3141/3141 3143/3143
f 3144/3144 3143/3143 3145/3145
f 3146/3146 3145/3145 3147/3147
f 3148/3148 3147/3147 3149/3149
f 3150/3150 3151/3151 3152/3152
f 3153/3153 3152/3152 3154/3154
f 3154/3154 3155/3155 3153/3153
f 3149/3149 3156/3156 3148/3148
f 3157/3157 3158/3158 3159/3159
f 3160/3160 3161/3161 3162/3162
f 3163/3163 3164/3164 3165/3165
f 3166/3166 3167/3167 3168/3168
f 3168/3168 3169/3169 3166/3166
f 3170/3170 3171/3171 3172/3172
f 3173/3173 3172/3172 3171/3171
f 3174/3174 3175/3175 3170/3170
f 3176/3176 3177/3177 3169/3169
f 3178/3178 3179/3179 3180/3180
f 3174/3174 3181/3181 3182/3182
f 3183/3183 3184/3184 3181/3181
f 3185/3185 3186/3186 3187/3187
f 3188/3188 3187/3187 3177/3177
f 3189/3189 3190/3190 3186/3186
f 3191/3191 3192/3192 3190/3190
f 3193/3193 3194/3194 3195/3195
f 3196/3196 3195/3195 3184/3184
f 3197/3197 3198/3198 3194/3194
f 3199/3199 3200/3200 3198/3198
f 3201/3201 3202/3202 3203/3203
f 3204/3204 3203/3203 3192/3192
f 3205/3205 3206/3206 3202/3202
f 3207/3207 3208/3208 3206/3206
f 3209/3209 3210/3210 3211/3211
f 3212/3212 3211/3211 3200/3200
f 3213/3213 3214/3214 3210/3210
f 3215/3215 3216/3216 3217/3217
f 3218/3218 3219/3219 3220/3220
f 3221/3221 3217/3217 3216/3216
f 3222/3222 3223/3223 3224/3224
f 3224/3224 3225/3225 3222/3222
f 3226/3226 3227/3227 3221/3221
f 3228/3228 3223/3223 3229/3229
f 3230/3230 3231/3231 3228/3228
f 3232/3232 3233/3233 3230/3230
f 3234/3234 3235/3235 3236/3236
f 3236/3236 3237/3237 3226/3226
f 3238/3238 3239/3239 3234/3234
f 3240/3240 3241/3241 3238/3238
f 3242/3242 3243/3243 3244/3244
f 3242/3242 3245/3245 3232/3232
f 3246/3246 3247/3247 3243/3243
f 3248/3248 3249/3249 3247/3247
f 3250/3250 3251/3251 3252/3252
f 3252/3252 3253/3253 3240/3240
f 3254/3254 3255/3255 3250/3250
f 3256/3256 3257/3257 3254/3254
f 3163/3163 3258/3258 3259/3259
f 3259/3259 3249/3249 3260/3260
f 3261/3261 3262/3262 3256/3256
f 3263/3263 3264/3264 3265/3265
f 3266/3266 3267/3267 3268/3268
f 3269/3269 3270/3270 3271/3271
f 3272/3272 3273/3273 3274/3274
f 3275/3275 3276/3276 3277/3277
f 3278/3278 3279/3279 3280/3280
f 3281/3281 3274/3274 3273/3273
f 3280/3280 3282/3282 3283/3283
f 3279/3279 3284/3284 3282/3282
f 3285/3285 3286/3286 3279/3279
f 3284/3284 3287/3287 3288/3288
f 3289/3289 3287/3287 3286/3286
f 3290/3290 3277/3277 3291/3291
f 3292/3292 3291/3291 3293/3293
f 3294/3294 3287/3287 3295/3295
f 3292/3292 3296/3296 3297/3297
f 3298/3298 3299/3299 3294/3294
f 3300/3300 3296/3296 3301/3301
f 3302/3302 3300/3300 3301/3301
f 3303/3303 3304/3304 3298/3298
f 3305/3305 3306/3306 3304/3304
f 3307/3307 3304/3304 3306/3306
f 3308/3308 3309/3309 3306/3306
f 3310/3310 3309/3309 3311/3311
f 3312/3312 3309/3309 3313/3313
f 3307/3307 3309/3309 3314/3314
f 3315/3315 3312/3312 3316/3316
f 3315/3315 3307/3307 3314/3314
f 3317/3317 3316/3316 3312/3312
f 3317/3317 3313/3313 3318/3318
f 3319/3319 3320/3320 3321/3321
f 3322/3322 3323/3323 3319/3319
f 3322/3322 3324/3324 3325/3325
f 3326/3326 3313/3313 3310/3310
f 3327/3327 3328/3328 3329/3329
f 3324/3324 3330/3330 3327/3327
f 3328/3328 3331/3331 3332/3332
f 3333/3333 3331/3331 3330/3330
f 3334/3334 3331/3331 3335/3335
f 3332/3332 3336/3336 3337/3337
f 3338/3338 3328/3328 3332/3332
f 3339/3339 3332/3332 3337/3337
f 3340/3340 3339/3339 3341/3341
f 3342/3342 3338/3338 3340/3340
f 3343/3343 3344/3344 3342/3342
f 3329/3329 3344/3344 3345/3345
f 3346/3346 3320/3320 3347/3347
f 3348/3348 3342/3342 3349/3349
f 3350/3350 3347/3347 3351/3351
f 3352/3352 3353/3353 3354/3354
f 3355/3355 3354/3354 3316/3316
f 3353/3353 3356/3356 3354/3354
f 3356/3356 3316/3316 3354/3354
f 3357/3357 3353/3353 3358/3358
f 3359/3359 3360/3360 3353/3353
f 3361/3361 3282/3282 3360/3360
f 3282/3282 3356/3356 3360/3360
f 3362/3362 3363/3363 3281/3281
f 3364/3364 3365/3365 3362/3362
f 3366/3366 3367/3367 3368/3368
f 3369/3369 3370/3370 3366/3366
f 3367/3367 3371/3371 3368/3368
f 3372/3372 3373/3373 3374/3374
f 3375/3375 3376/3376 3377/3377
f 3378/3378 3377/3377 3379/3379
f 3380/3380 3379/3379 3381/3381
f 3382/3382 3383/3383 3384/3384
f 3385/3385 3386/3386 3382/3382
f 3380/3380 3387/3387 3388/3388
f 3384/3384 3389/3389 3390/3390
f 3391/3391 3392/3392 3393/3393
f 3394/3394 3395/3395 3391/3391
f 3396/3396 3341/3341 3395/3395
f 3395/3395 3397/3397 3392/3392
f 3393/3393 3398/3398 3399/3399
f 3398/3398 3397/3397 3400/3400
f 3341/3341 3401/3401 3397/3397
f 3397/3397 3402/3402 3400/3400
f 3403/3403 3400/3400 3404/3404
f 3405/3405 3400/3400 3402/3402
f 3405/3405 3406/3406 3407/3407
f 3402/3402 3408/3408 3406/3406
f 3409/3409 3406/3406 3410/3410
f 3408/3408 3410/3410 3406/3406
f 3408/3408 3336/3336 3411/3411
f 3401/3401 3337/3337 3408/3408
f 3412/3412 3411/3411 3413/3413
f 3413/3413 3336/3336 3334/3334
f 3414/3414 3410/3410 3412/3412
f 3415/3415 3416/3416 3102/3102
f 3417/3417 3416/3416 3418/3418
f 3419/3419 3098/3098 3420/3420
f 3419/3419 3421/3421 3422/3422
f 3423/3423 3421/3421 3424/3424
f 3417/3417 3425/3425 3426/3426
f 3427/3427 3428/3428 3429/3429
f 3430/3430 3431/3431 3432/3432
f 3433/3433 3434/3434 3435/3435
f 3436/3436 3437/3437 3438/3438
f 3439/3439 3440/3440 3441/3441
f 3442/3442 3443/3443 3444/3444
f 3445/3445 3446/3446 3447/3447
f 3448/3448 3449/3449 3450/3450
f 3451/3451 3452/3452 3453/3453
f 3454/3454 3455/3455 3456/3456
f 3457/3457 3458/3458 3459/3459
f 3460/3460 3461/3461 3462/3462
f 3463/3463 3464/3464 3455/3455
f 3465/3465 3466/3466 3467/3467
f 3468/3468 3469/3469 3470/3470
f 3471/3471 3472/3472 3473/3473
f 3473/3473 3474/3474 3475/3475
f 3476/3476 3472/3472 3477/3477
f 3478/3478 3477/3477 3472/3472
f 3479/3479 3474/3474 3476/3476
f 3480/3480 3475/3475 3474/3474
f 3481/3481 3482/3482 3483/3483
f 3484/3484 3481/3481 3483/3483
f 3468/3468 1751/1751 1753/1753
f 3485/3485 3483/3483 3486/3486
f 3487/3487 3485/3485 3486/3486
f 3483/3483 3488/3488 3486/3486
f 3489/3489 3486/3486 3488/3488
f 3490/3490 3488/3488 3491/3491
f 3492/3492 3488/3488 3482/3482
f 3493/3493 3482/3482 3494/3494
f 3492/3492 3495/3495 3491/3491
f 3493/3493 3496/3496 3492/3492
f 3497/3497 3496/3496 3498/3498
f 3499/3499 3495/3495 3496/3496
f 3500/3500 3501/3501 3502/3502
f 3503/3503 3501/3501 3504/3504
f 3502/3502 3505/3505 54/54
f 3505/3505 3506/3506 3507/3507
f 3506/3506 3477/3477 3507/3507
f 3479/3479 3506/3506 3503/3503
f 3508/3508 3477/3477 3509/3509
f 3510/3510 3507/3507 3508/3508
f 3511/3511 3097/3097 3095/3095
f 3511/3511 3512/3512 3513/3513
f 3098/3098 3513/3513 3420/3420
f 3420/3420 3512/3512 3421/3421
f 3424/3424 3512/3512 3514/3514
f 3515/3515 3514/3514 3512/3512
f 3510/3510 54/54 3505/3505
f 53/53 3502/3502 54/54
f 3516/3516 3500/3500 3502/3502
f 3497/3497 3517/3517 3499/3499
f 3518/3518 3499/3499 3517/3517
f 3519/3519 3520/3520 3521/3521
f 3522/3522 3523/3523 3524/3524
f 3525/3525 3526/3526 3527/3527
f 3528/3528 3525/3525 3527/3527
f 3529/3529 3530/3530 3527/3527
f 3530/3530 3531/3531 3527/3527
f 3532/3532 3533/3533 3531/3531
f 3534/3534 3535/3535 3531/3531
f 3536/3536 3495/3495 3521/3521
f 3537/3537 3491/3491 3495/3495
f 3538/3538 3535/3535 3539/3539
f 267/267 3539/3539 264/264
f 3540/3540 3539/3539 3535/3535
f 3541/3541 264/264 3539/3539
f 255/255 3541/3541 3540/3540
f 254/254 261/261 3541/3541
f 3542/3542 3540/3540 3534/3534
f 3543/3543 255/255 3542/3542
f 3544/3544 3534/3534 3530/3530
f 3545/3545 3542/3542 3544/3544
f 3543/3543 3545/3545 3546/3546
f 3547/3547 3545/3545 3544/3544
f 3548/3548 3549/3549 3550/3550
f 3551/3551 3548/3548 3552/3552
f 3548/3548 122/122 226/226
f 3553/3553 123/123 3551/3551
f 3523/3523 3551/3551 3552/3552
f 3554/3554 3551/3551 3555/3555
f 3555/3555 3556/3556 3557/3557
f 3554/3554 3557/3557 3558/3558
f 3559/3559 3558/3558 3560/3560
f 3560/3560 3561/3561 3562/3562
f 3559/3559 3553/3553 3554/3554
f 3559/3559 3563/3563 3564/3564
f 3553/3553 109/109 120/120
f 3565/3565 3566/3566 3552/3552
f 3567/3567 3530/3530 3568/3568
f 1752/1752 3569/3569 3570/3570
f 3571/3571 3572/3572 3573/3573
f 3574/3574 3575/3575 3576/3576
f 3577/3577 3576/3576 3578/3578
f 3579/3579 3578/3578 3580/3580
f 3581/3581 3580/3580 3582/3582
f 3583/3583 3582/3582 3584/3584
f 3583/3583 3584/3584 3585/3585
f 3586/3586 3587/3587 3588/3588
f 3588/3588 3589/3589 3590/3590
f 3591/3591 3592/3592 3593/3593
f 3594/3594 3595/3595 3596/3596
f 3597/3597 3595/3595 3598/3598
f 3599/3599 3600/3600 3595/3595
f 3599/3599 3601/3601 3602/3602
f 3603/3603 3602/3602 3604/3604
f 3605/3605 3606/3606 3607/3607
f 3608/3608 3609/3609 3605/3605
f 3607/3607 3610/3610 3605/3605
f 3608/3608 3610/3610 3611/3611
f 3612/3612 3613/3613 3608/3608
f 3612/3612 3611/3611 3614/3614
f 3615/3615 3616/3616 3617/3617
f 3618/3618 3616/3616 3619/3619
f 3620/3620 3617/3617 3621/3621
f 3622/3622 3615/3615 3623/3623
f 3624/3624 3625/3625 3626/3626
f 3627/3627 3626/3626 3628/3628
f 3629/3629 3630/3630 3631/3631
f 3632/3632 3628/3628 3633/3633
f 3633/3633 3634/3634 3635/3635
f 3636/3636 3637/3637 3638/3638
f 3630/3630 3639/3639 3615/3615
f 3630/3630 3640/3640 3641/3641
f 3642/3642 3643/3643 3644/3644
f 3644/3644 3645/3645 3646/3646
f 3448/3448 3647/3647 3449/3449
f 3644/3644 3648/3648 3612/3612
f 3448/3448 3649/3649 3650/3650
f 3448/3448 3462/3462 3651/3651
f 3603/3603 3462/3462 3600/3600
f 3603/3603 3649/3649 3651/3651
f 3652/3652 3600/3600 3653/3653
f 3612/3612 3642/3642 3644/3644
f 3654/3654 3655/3655 3625/3625
f 3656/3656 3657/3657 3655/3655
f 3658/3658 3618/3618 3659/3659
f 3660/3660 3661/3661 3662/3662
f 3661/3661 3663/3663 3664/3664
f 3618/3618 3665/3665 3661/3661
f 3607/3607 3666/3666 3667/3667
f 3668/3668 3669/3669 3670/3670
f 3671/3671 3672/3672 3673/3673
f 3674/3674 3668/3668 3670/3670
f 3675/3675 3676/3676 3677/3677
f 3678/3678 3679/3679 3677/3677
f 3680/3680 3681/3681 3682/3682
f 3683/3683 3684/3684 3685/3685
f 3686/3686 3687/3687 3682/3682
f 3688/3688 3689/3689 3690/3690
f 3691/3691 3692/3692 3687/3687
f 3693/3693 3694/3694 3695/3695
f 3688/3688 3676/3676 3696/3696
f 3693/3693 3696/3696 3697/3697
f 3693/3693 3698/3698 3699/3699
f 3699/3699 3700/3700 3701/3701
f 3702/3702 3703/3703 3692/3692
f 3704/3704 3705/3705 3703/3703
f 3706/3706 3707/3707 3708/3708
f 3709/3709 3710/3710 3705/3705
f 3711/3711 3712/3712 3713/3713
f 3714/3714 3710/3710 3715/3715
f 3716/3716 3717/3717 3718/3718
f 3719/3719 3720/3720 3721/3721
f 3722/3722 3723/3723 3724/3724
f 3724/3724 3725/3725 3726/3726
f 3727/3727 3725/3725 3728/3728
f 3729/3729 3721/3721 3730/3730
f 3731/3731 3730/3730 3732/3732
f 3733/3733 3728/3728 3734/3734
f 3735/3735 3732/3732 3736/3736
f 3737/3737 1633/1633 1631/1631
f 3738/3738 3739/3739 3740/3740
f 3741/3741 1631/1631 1632/1632
f 3742/3742 3733/3733 3734/3734
f 3743/3743 3744/3744 3745/3745
f 3746/3746 3747/3747 3748/3748
f 3749/3749 3748/3748 1693/1693
f 3750/3750 3751/3751 3752/3752
f 3753/3753 3751/3751 3754/3754
f 3755/3755 3756/3756 3757/3757
f 3758/3758 1632/1632 3759/3759
f 3759/3759 1626/1626 1627/1627
f 3760/3760 1627/1627 3761/3761
f 3762/3762 3759/3759 3760/3760
f 3763/3763 3764/3764 3765/3765
f 3766/3766 3765/3765 3764/3764
f 3767/3767 3765/3765 3768/3768
f 3765/3765 1588/1588 3768/3768
f 3769/3769 1589/1589 3766/3766
f 3770/3770 3768/3768 3771/3771
f 1582/1582 3768/3768 1588/1588
f 3772/3772 3773/3773 3774/3774
f 3775/3775 3772/3772 3774/3774
f 3776/3776 3774/3774 3773/3773
f 3777/3777 3774/3774 3778/3778
f 3779/3779 3780/3780 3781/3781
f 3780/3780 3782/3782 3781/3781
f 3782/3782 3783/3783 3781/3781
f 3784/3784 3781/3781 3783/3783
f 3785/3785 3786/3786 3787/3787
f 3788/3788 3786/3786 3789/3789
f 3788/3788 3790/3790 3791/3791
f 3792/3792 3783/3783 3793/3793
f 3794/3794 3790/3790 3795/3795
f 3792/3792 3796/3796 3797/3797
f 3791/3791 3293/3293 3291/3291
f 3798/3798 3293/3293 3790/3790
f 3798/3798 3301/3301 3296/3296
f 3799/3799 3798/3798 3794/3794
f 3800/3800 3301/3301 3801/3801
f 3802/3802 3801/3801 3799/3799
f 3797/3797 3803/3803 3804/3804
f 3805/3805 3804/3804 3803/3803
f 3806/3806 3803/3803 3796/3796
f 3807/3807 3803/3803 3808/3808
f 3809/3809 3806/3806 3810/3810
f 3809/3809 3807/3807 3808/3808
f 3811/3811 3812/3812 3813/3813
f 3814/3814 3815/3815 3816/3816
f 3815/3815 3817/3817 3818/3818
f 3819/3819 3820/3820 3817/3817
f 3817/3817 3821/3821 3822/3822
f 3823/3823 3817/3817 3822/3822
f 3820/3820 3824/3824 3821/3821
f 3825/3825 3826/3826 3820/3820
f 3827/3827 3813/3813 3828/3828
f 3829/3829 3828/3828 3830/3830
f 3810/3810 3831/3831 3832/3832
f 3833/3833 3831/3831 3834/3834
f 3835/3835 3830/3830 3836/3836
f 3783/3783 3831/3831 3793/3793
f 3793/3793 3806/3806 3796/3796
f 3837/3837 3834/3834 3782/3782
f 3838/3838 3839/3839 3826/3826
f 3840/3840 3841/3841 3839/3839
f 3842/3842 3836/3836 3843/3843
f 3844/3844 3845/3845 3841/3841
f 3846/3846 3847/3847 3848/3848
f 3849/3849 3845/3845 3850/3850
f 3851/3851 3852/3852 3845/3845
f 3853/3853 3854/3854 3852/3852
f 3855/3855 3856/3856 3857/3857
f 3858/3858 3852/3852 3854/3854
f 3857/3857 3859/3859 3860/3860
f 3861/3861 3862/3862 3856/3856
f 3856/3856 3863/3863 3859/3859
f 3860/3860 3864/3864 3865/3865
f 3859/3859 3866/3866 3864/3864
f 3863/3863 3867/3867 3866/3866
f 3862/3862 3868/3868 3863/3863
f 3869/3869 3868/3868 3870/3870
f 3871/3871 3867/3867 3868/3868
f 3866/3866 3872/3872 3873/3873
f 3874/3874 3872/3872 3867/3867
f 3875/3875 3876/3876 3877/3877
f 3878/3878 3877/3877 444/444
f 3879/3879 3880/3880 3872/3872
f 3881/3881 437/437 3880/3880
f 3873/3873 3880/3880 3882/3882
f 3882/3882 437/437 3883/3883
f 3884/3884 3883/3883 3885/3885
f 3886/3886 3882/3882 3884/3884
f 3887/3887 3884/3884 3888/3888
f 3888/3888 3885/3885 3889/3889
f 3890/3890 3885/3885 3883/3883
f 3891/3891 3889/3889 3885/3885
f 3892/3892 3893/3893 3822/3822
f 3894/3894 3822/3822 3821/3821
f 3895/3895 3896/3896 3897/3897
f 3898/3898 3899/3899 3900/3900
f 3898/3898 3901/3901 3902/3902
f 3903/3903 3904/3904 3905/3905
f 3906/3906 3901/3901 3898/3898
f 3907/3907 3908/3908 3909/3909
f 3910/3910 3911/3911 3903/3903
f 3912/3912 3913/3913 3914/3914
f 3915/3915 3916/3916 3903/3903
f 3917/3917 3918/3918 3919/3919
f 3920/3920 3921/3921 3922/3922
f 3923/3923 3924/3924 3919/3919
f 3925/3925 3926/3926 3927/3927
f 3928/3928 3929/3929 3930/3930
f 3931/3931 3932/3932 3930/3930
f 3933/3933 3934/3934 3930/3930
f 3935/3935 142/142 3936/3936
f 3937/3937 3938/3938 147/147
f 3939/3939 3940/3940 3929/3929
f 3941/3941 3942/3942 148/148
f 3943/3943 3944/3944 3945/3945
f 3946/3946 148/148 3945/3945
f 3947/3947 3948/3948 3945/3945
f 3949/3949 3950/3950 3945/3945
f 3900/3900 3951/3951 3952/3952
f 3953/3953 3951/3951 3954/3954
f 3955/3955 3956/3956 168/168
f 3957/3957 168/168 157/157
f 3958/3958 167/167 168/168
f 3959/3959 3960/3960 3961/3961
f 3962/3962 3963/3963 431/431
f 3964/3964 3890/3890 3883/3883
f 3865/3865 3886/3886 3887/3887
f 3864/3864 3873/3873 3886/3886
f 3965/3965 3821/3821 3824/3824
f 3966/3966 3824/3824 3967/3967
f 3826/3826 3967/3967 3824/3824
f 3839/3839 3968/3968 3967/3967
f 3858/3858 3967/3967 3968/3968
f 3968/3968 3845/3845 3852/3852
f 3969/3969 3877/3877 3876/3876
f 445/445 3877/3877 3970/3970
f 3971/3971 3969/3969 3972/3972
f 3971/3971 445/445 3970/3970
f 3973/3973 3971/3971 3972/3972
f 3974/3974 447/447 3971/3971
f 3972/3972 3975/3975 3976/3976
f 3973/3973 3976/3976 3977/3977
f 3978/3978 3977/3977 3979/3979
f 3978/3978 3974/3974 3973/3973
f 3980/3980 3978/3978 3979/3979
f 3981/3981 3982/3982 3978/3978
f 3983/3983 3977/3977 3984/3984
f 3983/3983 3980/3980 3979/3979
f 3985/3985 3986/3986 3980/3980
f 3986/3986 3981/3981 3980/3980
f 3987/3987 3988/3988 3986/3986
f 3988/3988 3989/3989 3986/3986
f 3990/3990 3989/3989 3991/3991
f 3989/3989 3992/3992 3981/3981
f 3990/3990 460/460 3993/3993
f 460/460 3992/3992 3993/3993
f 3992/3992 3994/3994 3982/3982
f 455/455 3994/3994 461/461
f 3994/3994 3974/3974 3982/3982
f 3994/3994 450/450 449/449
f 465/465 3990/3990 3995/3995
f 3995/3995 3991/3991 3996/3996
f 3997/3997 465/465 3995/3995
f 3997/3997 3996/3996 3998/3998
f 3998/3998 3999/3999 4000/4000
f 3996/3996 3988/3988 3999/3999
f 4001/4001 4000/4000 4002/4002
f 4003/4003 3998/3998 4001/4001
f 4004/4004 4001/4001 4002/4002
f 4005/4005 4001/4001 4006/4006
f 4007/4007 4002/4002 4008/4008
f 4008/4008 4000/4000 4009/4009
f 4009/4009 3999/3999 4010/4010
f 4011/4011 3999/3999 3988/3988
f 4007/4007 4012/4012 4004/4004
f 4013/4013 4014/4014 4012/4012
f 4012/4012 4006/4006 4004/4004
f 4014/4014 4015/4015 4012/4012
f 4016/4016 4006/4006 4015/4015
f 4017/4017 4015/4015 4018/4018
f 4017/4017 477/477 4016/4016
f 477/477 4005/4005 4016/4016
f 4019/4019 4018/4018 4020/4020
f 4019/4019 479/479 4017/4017
f 4021/4021 4022/4022 4019/4019
f 4023/4023 4019/4019 4020/4020
f 4022/4022 478/478 479/479
f 4024/4024 482/482 4022/4022
f 4025/4025 500/500 492/492
f 4026/4026 4020/4020 4027/4027
f 4020/4020 4014/4014 4027/4027
f 4028/4028 4029/4029 4027/4027
f 4030/4030 4014/4014 4031/4031
f 4032/4032 504/504 501/501
f 4033/4033 4034/4034 504/504
f 4035/4035 4036/4036 4037/4037
f 4038/4038 4039/4039 4040/4040
f 4041/4041 501/501 500/500
f 4005/4005 473/473 4003/4003
f 4003/4003 466/466 3997/3997
f 4042/4042 3977/3977 3976/3976
f 4043/4043 3976/3976 3975/3975
f 4044/4044 3975/3975 4045/4045
f 3969/3969 4045/4045 3975/3975
f 4046/4046 4044/4044 4045/4045
f 4047/4047 4045/4045 3876/3876
f 4048/4048 4049/4049 3870/3870
f 4050/4050 3870/3870 3862/3862
f 4051/4051 3777/3777 3778/3778
f 4052/4052 3837/3837 3782/3782
f 3776/3776 4051/4051 3778/3778
f 4053/4053 4054/4054 4055/4055
f 4055/4055 4056/4056 4057/4057
f 3159/3159 4058/4058 4059/4059
f 4057/4057 4060/4060 4061/4061
f 4059/4059 4062/4062 4063/4063
f 4063/4063 4064/4064 4065/4065
f 4065/4065 4066/4066 4067/4067
f 4061/4061 4068/4068 4069/4069
f 4069/4069 4070/4070 4071/4071
f 4071/4071 4072/4072 4073/4073
f 4067/4067 4074/4074 4075/4075
f 4076/4076 4072/4072 4077/4077
f 4075/4075 4078/4078 4079/4079
f 4079/4079 4080/4080 4081/4081
f 4081/4081 4082/4082 4083/4083
f 4076/4076 4084/4084 4085/4085
f 4086/4086 4084/4084 4087/4087
f 4086/4086 4088/4088 4089/4089
f 4083/4083 4090/4090 4091/4091
f 4089/4089 3111/3111 3113/3113
f 4091/4091 4092/4092 4093/4093
f 4094/4094 4093/4093 4092/4092
f 4095/4095 4096/4096 4097/4097
f 4097/4097 4098/4098 3126/3126
f 4099/4099 4100/4100 3208/3208
f 3791/3791 3277/3277 3786/3786
f 3787/3787 3277/3277 3276/3276
f 3761/3761 1625/1625 4101/4101
f 3769/3769 1593/1593 1587/1587
f 1608/1608 1625/1625 1620/1620
f 4102/4102 4103/4103 4104/4104
f 4105/4105 4106/4106 4107/4107
f 4108/4108 4109/4109 4110/4110
f 4111/4111 4110/4110 4112/4112
f 4113/4113 4114/4114 4115/4115
f 4116/4116 4115/4115 4117/4117
f 4118/4118 4119/4119 4120/4120
f 4121/4121 4122/4122 4123/4123
f 4124/4124 4125/4125 4126/4126
f 4127/4127 4123/4123 4122/4122
f 4128/4128 4107/4107 4106/4106
f 4129/4129 4130/4130 4128/4128
f 4131/4131 4132/4132 4127/4127
f 4133/4133 4134/4134 4129/4129
f 4135/4135 4136/4136 4133/4133
f 4137/4137 4138/4138 4139/4139
f 4139/4139 4140/4140 4131/4131
f 4141/4141 4142/4142 4135/4135
f 4143/4143 4144/4144 4137/4137
f 4145/4145 4146/4146 4143/4143
f 4147/4147 4148/4148 4145/4145
f 4149/4149 4150/4150 4151/4151
f 4151/4151 4152/4152 4141/4141
f 4153/4153 4154/4154 4149/4149
f 4155/4155 4156/4156 4153/4153
f 4157/4157 4158/4158 4159/4159
f 4159/4159 4160/4160 4147/4147
f 4161/4161 4162/4162 4157/4157
f 4163/4163 4164/4164 4161/4161
f 4165/4165 4166/4166 4167/4167
f 4167/4167 4168/4168 4165/4165
f 4169/4169 4168/4168 4170/4170
f 4171/4171 4172/4172 4173/4173
f 4174/4174 4173/4173 4175/4175
f 4176/4176 4172/4172 4177/4177
f 4169/4169 4178/4178 4179/4179
f 4176/4176 4180/4180 4181/4181
f 4182/4182 4183/4183 4178/4178
f 4184/4184 4185/4185 4180/4180
f 4186/4186 4187/4187 4185/4185
f 4188/4188 4189/4189 4190/4190
f 4191/4191 4190/4190 4183/4183
f 4192/4192 4193/4193 4189/4189
f 4194/4194 4195/4195 4193/4193
f 4196/4196 4197/4197 4198/4198
f 4199/4199 4198/4198 4187/4187
f 4111/4111 4197/4197 4200/4200
f 4201/4201 4117/4117 4195/4195
f 4202/4202 4174/4174 4175/4175
f 4203/4203 4204/4204 4205/4205
f 4206/4206 4207/4207 4208/4208
f 4209/4209 4210/4210 4211/4211
f 4212/4212 4213/4213 4214/4214
f 4215/4215 4216/4216 4217/4217
f 4216/4216 4218/4218 4219/4219
f 4220/4220 4221/4221 4212/4212
f 4222/4222 4223/4223 4224/4224
f 4224/4224 4225/4225 4226/4226
f 4224/4224 4227/4227 4228/4228
f 4228/4228 4229/4229 4230/4230
f 4231/4231 4232/4232 4233/4233
f 4234/4234 4235/4235 4232/4232
f 4236/4236 4237/4237 4238/4238
f 4239/4239 4240/4240 4241/4241
f 4242/4242 4243/4243 4244/4244
f 4245/4245 4246/4246 4247/4247
f 4248/4248 4249/4249 4250/4250
f 4247/4247 4251/4251 4252/4252
f 4252/4252 4253/4253 4254/4254
f 4254/4254 4255/4255 4256/4256
f 4257/4257 4256/4256 4255/4255
f 4258/4258 4259/4259 4260/4260
f 4261/4261 4262/4262 4263/4263
f 4264/4264 4265/4265 4261/4261
f 4266/4266 3670/3670 3669/3669
f 3674/3674 4267/4267 4268/4268
f 4269/4269 4268/4268 4270/4270
f 4271/4271 4264/4264 4261/4261
f 3674/3674 4272/4272 4273/4273
f 4269/4269 4274/4274 4275/4275
f 4275/4275 4272/4272 4269/4269
f 4276/4276 4274/4274 4277/4277
f 4275/4275 4278/4278 4279/4279
f 4276/4276 4280/4280 4281/4281
f 4276/4276 4282/4282 4278/4278
f 3706/3706 3698/3698 4283/4283
f 3706/3706 4284/4284 3711/3711
f 4285/4285 4282/4282 4281/4281
f 4281/4281 4286/4286 4285/4285
f 4287/4287 4288/4288 4225/4225
f 4225/4225 4289/4289 4226/4226
f 4227/4227 4289/4289 4290/4290
f 4271/4271 4290/4290 4291/4291
f 4292/4292 4227/4227 4271/4271
f 4292/4292 4261/4261 4263/4263
f 4249/4249 4293/4293 4294/4294
f 4292/4292 4295/4295 4296/4296
f 4297/4297 3601/3601 3597/3597
f 3607/3607 4266/4266 3669/3669
f 3597/3597 3587/3587 4297/4297
f 4205/4205 4298/4298 4155/4155
f 4299/4299 4300/4300 4301/4301
f 4302/4302 4303/4303 4304/4304
f 4305/4305 4306/4306 4307/4307
f 4308/4308 4309/4309 4310/4310
f 4311/4311 4309/4309 4312/4312
f 4301/4301 4313/4313 4314/4314
f 4311/4311 4315/4315 4316/4316
f 4314/4314 4317/4317 4318/4318
f 4318/4318 4319/4319 4320/4320
f 4320/4320 4321/4321 4322/4322
f 4316/4316 4323/4323 4324/4324
f 4324/4324 4325/4325 4326/4326
f 4327/4327 4325/4325 4328/4328
f 4322/4322 4329/4329 4330/4330
f 4327/4327 4331/4331 4332/4332
f 4330/4330 4333/4333 4334/4334
f 4335/4335 4331/4331 4336/4336
f 4334/4334 4337/4337 4338/4338
f 4339/4339 4336/4336 4340/4340
f 4338/4338 4341/4341 4342/4342
f 4342/4342 4343/4343 4344/4344
f 4344/4344 4345/4345 4346/4346
f 4347/4347 4346/4346 4345/4345
f 4348/4348 4349/4349 4350/4350
f 4349/4349 4351/4351 4350/4350
f 4352/4352 4353/4353 4354/4354
f 4355/4355 4356/4356 4357/4357
f 4358/4358 4356/4356 4359/4359
f 4360/4360 4359/4359 4361/4361
f 4354/4354 4362/4362 4363/4363
f 4363/4363 4364/4364 4365/4365
f 4360/4360 4366/4366 4367/4367
f 4365/4365 4368/4368 4369/4369
f 4369/4369 4370/4370 4371/4371
f 4367/4367 4372/4372 4373/4373
f 4371/4371 4374/4374 4375/4375
f 4375/4375 4376/4376 4377/4377
f 4378/4378 4372/4372 4379/4379
f 4380/4380 4379/4379 4381/4381
f 4377/4377 4382/4382 4383/4383
f 4380/4380 4384/4384 4385/4385
f 4385/4385 4386/4386 4387/4387
f 4387/4387 4388/4388 4389/4389
f 4383/4383 4390/4390 4391/4391
f 4391/4391 4392/4392 4393/4393
f 4393/4393 4304/4304 4303/4303
f 4389/4389 4307/4307 4306/4306
f 4339/4339 4394/4394 4348/4348
f 4395/4395 3683/3683 3657/3657
f 4396/4396 4397/4397 4398/4398
f 4399/4399 4400/4400 4401/4401
f 4402/4402 4403/4403 4404/4404
f 3390/3390 4401/4401 4400/4400
f 3388/3388 4402/4402 4404/4404
f 3403/3403 3399/3399 3398/3398
f 4405/4405 3396/3396 3394/3394
f 3349/3349 3340/3340 3396/3396
f 4406/4406 3349/3349 4405/4405
f 4407/4407 4408/4408 3385/3385
f 4409/4409 3350/3350 3351/3351
f 4410/4410 4411/4411 4412/4412
f 4413/4413 4414/4414 3364/3364
f 3369/3369 3268/3268 4415/4415
f 3284/3284 3315/3315 3356/3356
f 3287/3287 3307/3307 3288/3288
f 4416/4416 4417/4417 3151/3151
f 4418/4418 3136/3136 4417/4417
f 4419/4419 3121/3121 3138/3138
f 4420/4420 4421/4421 56/56
f 2999/2999 4422/4422 2985/2985
f 4423/4423 2958/2958 4424/4424
f 4425/4425 4424/4424 4426/4426
f 4427/4427 4426/4426 2937/2937
f 4428/4428 4429/4429 4430/4430
f 4431/4431 4430/4430 4432/4432
f 4433/4433 4432/4432 4434/4434
f 4435/4435 4434/4434 4436/4436
f 4437/4437 4436/4436 2771/2771
f 2728/2728 2742/2742 4438/4438
f 2612/2612 2603/2603 2602/2602
f 2570/2570 4439/4439 2590/2590
f 2566/2566 4440/4440 4441/4441
f 4442/4442 4443/4443 4440/4440
f 4444/4444 4443/4443 4445/4445
f 4446/4446 4444/4444 4447/4447
f 4448/4448 2504/2504 2503/2503
f 4449/4449 4450/4450 4447/4447
f 4451/4451 1662/1662 1667/1667
f 4452/4452 4453/4453 4454/4454
f 4455/4455 4456/4456 4457/4457
f 4458/4458 4453/4453 4459/4459
f 4460/4460 4456/4456 4461/4461
f 4462/4462 4463/4463 1628/1628
f 4464/4464 4463/4463 4465/4465
f 1628/1628 1619/1619 1621/1621
f 4466/4466 1619/1619 4463/4463
f 4462/4462 1630/1630 4467/4467
f 1637/1637 4461/4461 4468/4468
f 4469/4469 4459/4459 4470/4470
f 4469/4469 4471/4471 1647/1647
f 4472/4472 4473/4473 1436/1436
f 4474/4474 4475/4475 4473/4473
f 1427/1427 1436/1436 4473/4473
f 1412/1412 4473/4473 4475/4475
f 4476/4476 1407/1407 4475/4475
f 1409/1409 4475/4475 1407/1407
f 4477/4477 4478/4478 4479/4479
f 4480/4480 4481/4481 4482/4482
f 4483/4483 4484/4484 4485/4485
f 4486/4486 4487/4487 4488/4488
f 4489/4489 1129/1129 4490/4490
f 4491/4491 4490/4490 1157/1157
f 1139/1139 1157/1157 4490/4490
f 1131/1131 4490/4490 1129/1129
f 4492/4492 1124/1124 1129/1129
f 4493/4493 1157/1157 1156/1156
f 4494/4494 4495/4495 4496/4496
f 4497/4497 4498/4498 4499/4499
f 4500/4500 4501/4501 4502/4502
f 4503/4503 4504/4504 4505/4505
f 4506/4506 4507/4507 4508/4508
f 4509/4509 1111/1111 1112/1112
f 4510/4510 4511/4511 4512/4512
f 4513/4513 951/951 1111/1111
f 4514/4514 4515/4515 4516/4516
f 968/968 4517/4517 1091/1091
f 967/967 4518/4518 968/968
f 4518/4518 1001/1001 4519/4519
f 4517/4517 4519/4519 1089/1089
f 4519/4519 1086/1086 1089/1089
f 1001/1001 4520/4520 4519/4519
f 1086/1086 1012/1012 1016/1016
f 4520/4520 1003/1003 1012/1012
f 970/970 1000/1000 967/967
f 4521/4521 1075/1075 1020/1020
f 4522/4522 852/852 861/861
f 4523/4523 861/861 792/792
f 4524/4524 837/837 838/838
f 4525/4525 797/797 837/837
f 797/797 829/829 837/837
f 796/796 827/827 797/797
f 4526/4526 838/838 839/839
f 818/818 4527/4527 4528/4528
f 4528/4528 4529/4529 4530/4530
f 4531/4531 813/813 816/816
f 4532/4532 4527/4527 4531/4531
f 4533/4533 4531/4531 4534/4534
f 4534/4534 816/816 4535/4535
f 746/746 4532/4532 4533/4533
f 4536/4536 4529/4529 4532/4532
f 745/745 4536/4536 746/746
f 4537/4537 4538/4538 4536/4536
f 738/738 4537/4537 745/745
f 737/737 4539/4539 4537/4537
f 4540/4540 4539/4539 4541/4541
f 4541/4541 4542/4542 4543/4543
f 4544/4544 4542/4542 4545/4545
f 736/736 4542/4542 737/737
f 4546/4546 4545/4545 730/730
f 4547/4547 730/730 723/723
f 728/728 4545/4545 736/736
f 4530/4530 4538/4538 4540/4540
f 747/747 4533/4533 753/753
f 753/753 4534/4534 755/755
f 755/755 4535/4535 757/757
f 765/765 4535/4535 815/815
f 742/742 732/732 733/733
f 4548/4548 732/732 4549/4549
f 701/701 731/731 4548/4548
f 700/700 726/726 731/731
f 4550/4550 662/662 669/669
f 4551/4551 669/669 617/617
f 660/660 4550/4550 4552/4552
f 4552/4552 4551/4551 619/619
f 355/355 401/401 4553/4553
f 355/355 4554/4554 356/356
f 4553/4553 399/399 4555/4555
f 4553/4553 374/374 4554/4554
f 356/356 365/365 357/357
f 4554/4554 373/373 365/365
f 4555/4555 375/375 374/374
f 399/399 394/394 4555/4555
f 375/375 387/387 379/379
f 4556/4556 4557/4557 342/342
f 4558/4558 335/335 336/336
f 4559/4559 335/335 4560/4560
f 338/338 321/321 319/319
f 4561/4561 4562/4562 247/247
f 1/1 4563/4563 2/2
f 4/4 4564/4564 5/5
f 7/7 27/27 6/6
f 8/8 12/12 9/9
f 11/11 4565/4565 12/12
f 10/10 9/9 13/13
f 14/14 13/13 15/15
f 16/16 15/15 17/17
f 18/18 17/17 19/19
f 20/20 19/19 21/21
f 22/22 21/21 23/23
f 24/24 23/23 25/25
f 26/26 25/25 27/27
f 28/28 32/32 29/29
f 31/31 34/34 32/32
f 33/33 36/36 34/34
f 35/35 38/38 36/36
f 37/37 41/41 38/38
f 39/39 4566/4566 30/30
f 40/40 43/43 41/41
f 42/42 45/45 43/43
f 44/44 47/47 45/45
f 46/46 48/48 47/47
f 3/3 2/2 48/48
f 51/51 4567/4567 4568/4568
f 4568/4568 4569/4569 51/51
f 4569/4569 49/49 51/51
f 54/54 4570/4570 4571/4571
f 4570/4570 4572/4572 4571/4571
f 4571/4571 52/52 54/54
f 57/57 4573/4573 55/55
f 55/55 4420/4420 56/56
f 60/60 4574/4574 58/58
f 58/58 4575/4575 59/59
f 61/61 4573/4573 57/57
f 4576/4576 4577/4577 4578/4578
f 4578/4578 4579/4579 4580/4580
f 4579/4579 4581/4581 4582/4582
f 4580/4580 4579/4579 4582/4582
f 4581/4581 4583/4583 4584/4584
f 4583/4583 4585/4585 4586/4586
f 4584/4584 4583/4583 4586/4586
f 4585/4585 4587/4587 4588/4588
f 4587/4587 63/63 65/65
f 4588/4588 4587/4587 65/65
f 63/63 4589/4589 4590/4590
f 4589/4589 4591/4591 4592/4592
f 4591/4591 4593/4593 4594/4594
f 4593/4593 4595/4595 4596/4596
f 4595/4595 4597/4597 4598/4598
f 4595/4595 4598/4598 4596/4596
f 4589/4589 4592/4592 4590/4590
f 4593/4593 4596/4596 4594/4594
f 4576/4576 4578/4578 4580/4580
f 4591/4591 4594/4594 4592/4592
f 4584/4584 4582/4582 4581/4581
f 4586/4586 4585/4585 4588/4588
f 63/63 4590/4590 64/64
f 67/67 68/68 66/66
f 66/66 61/61 62/62
f 68/68 67/67 69/69
f 70/70 69/69 71/71
f 73/73 72/72 71/71
f 75/75 73/73 74/74
f 4599/4599 4600/4600 4601/4601
f 4599/4599 4601/4601 4602/4602
f 4601/4601 4603/4603 4602/4602
f 4602/4602 4603/4603 4604/4604
f 4603/4603 4605/4605 4604/4604
f 4604/4604 4605/4605 4606/4606
f 4605/4605 4607/4607 4606/4606
f 4608/4608 4609/4609 4610/4610
f 4606/4606 4607/4607 4611/4611
f 4607/4607 4608/4608 4612/4612
f 4611/4611 4607/4607 4612/4612
f 77/77 4606/4606 78/78
f 4608/4608 4610/4610 4612/4612
f 4613/4613 77/77 79/79
f 4606/4606 4611/4611 78/78
f 4614/4614 4615/4615 4616/4616
f 4615/4615 4613/4613 4617/4617
f 4617/4617 4616/4616 4615/4615
f 79/79 4617/4617 4613/4613
f 81/81 3064/3064 80/80
f 80/80 75/75 76/76
f 4618/4618 4619/4619 4620/4620
f 4619/4619 4621/4621 4620/4620
f 4622/4622 4623/4623 4624/4624
f 4623/4623 4625/4625 4626/4626
f 4622/4622 4627/4627 4628/4628
f 4621/4621 4622/4622 4629/4629
f 4620/4620 4621/4621 4630/4630
f 4630/4630 4621/4621 4631/4631
f 4627/4627 4622/4622 4624/4624
f 4625/4625 4632/4632 4633/4633
f 4632/4632 4634/4634 4633/4633
f 4634/4634 4635/4635 4636/4636
f 4634/4634 4636/4636 4637/4637
f 4637/4637 4636/4636 4638/4638
f 4631/4631 4621/4621 4639/4639
f 4636/4636 4640/4640 4638/4638
f 4640/4640 4641/4641 4638/4638
f 4639/4639 4621/4621 4629/4629
f 4629/4629 4622/4622 4628/4628
f 4641/4641 4642/4642 4638/4638
f 4642/4642 4643/4643 4644/4644
f 4642/4642 4644/4644 4638/4638
f 4645/4645 4639/4639 4629/4629
f 4646/4646 4645/4645 4647/4647
f 4624/4624 4623/4623 4626/4626
f 4634/4634 4637/4637 4633/4633
f 4648/4648 4646/4646 4649/4649
f 4650/4650 4648/4648 4651/4651
f 4633/4633 4626/4626 4625/4625
f 4652/4652 4650/4650 4651/4651
f 4645/4645 4629/4629 4647/4647
f 4646/4646 4647/4647 4649/4649
f 4648/4648 4649/4649 4651/4651
f 4653/4653 4652/4652 4651/4651
f 4654/4654 4655/4655 4656/4656
f 4656/4656 4653/4653 4654/4654
f 4653/4653 4651/4651 4654/4654
f 4649/4649 4657/4657 4651/4651
f 83/83 4658/4658 84/84
f 84/84 4651/4651 4657/4657
f 4657/4657 82/82 84/84
f 87/87 3925/3925 4659/4659
f 4659/4659 85/85 87/87
f 89/89 92/92 88/88
f 88/88 91/91 85/85
f 90/90 4660/4660 91/91
f 90/90 88/88 92/92
f 92/92 96/96 93/93
f 96/96 92/92 94/94
f 94/94 100/100 95/95
f 98/98 99/99 94/94
f 94/94 92/92 98/98
f 92/92 89/89 97/97
f 99/99 105/105 100/100
f 103/103 99/99 101/101
f 99/99 98/98 4661/4661
f 101/101 99/99 4661/4661
f 105/105 99/99 103/103
f 103/103 113/113 104/104
f 110/110 109/109 4662/4662
f 109/109 106/106 108/108
f 4662/4662 109/109 108/108
f 114/114 117/117 111/111
f 117/117 109/109 111/111
f 113/113 103/103 102/102
f 102/102 4663/4663 112/112
f 116/116 126/126 117/117
f 117/117 114/114 116/116
f 117/117 126/126 118/118
f 120/120 109/109 117/117
f 119/119 118/118 121/121
f 123/123 120/120 119/119
f 221/221 121/121 125/125
f 121/121 118/118 125/125
f 124/124 118/118 128/128
f 118/118 126/126 128/128
f 130/130 4664/4664 131/131
f 131/131 4665/4665 129/129
f 4665/4665 4666/4666 129/129
f 4666/4666 4665/4665 133/133
f 4665/4665 134/134 133/133
f 134/134 4667/4667 4668/4668
f 4668/4668 4669/4669 134/134
f 4669/4669 132/132 134/134
f 127/127 126/126 136/136
f 126/126 116/116 135/135
f 4670/4670 4671/4671 139/139
f 4671/4671 137/137 139/139
f 137/137 4672/4672 138/138
f 140/140 4673/4673 141/141
f 147/147 4674/4674 142/142
f 4674/4674 143/143 142/142
f 4671/4671 4670/4670 146/146
f 4670/4670 144/144 146/146
f 144/144 151/151 145/145
f 148/148 4675/4675 149/149
f 149/149 4676/4676 147/147
f 4676/4676 4674/4674 147/147
f 145/145 151/151 150/150
f 151/151 4677/4677 152/152
f 152/152 4677/4677 155/155
f 4677/4677 153/153 155/155
f 153/153 4678/4678 154/154
f 158/158 159/159 4679/4679
f 4679/4679 156/156 158/158
f 160/160 217/217 4680/4680
f 4680/4680 159/159 160/160
f 161/161 158/158 157/157
f 163/163 160/160 158/158
f 162/162 166/166 4681/4681
f 4681/4681 164/164 162/162
f 161/161 164/164 4682/4682
f 4682/4682 165/165 161/161
f 167/167 432/432 4683/4683
f 4683/4683 166/166 167/167
f 162/162 157/157 168/168
f 171/171 4684/4684 169/169
f 169/169 4685/4685 170/170
f 173/173 4686/4686 172/172
f 172/172 4684/4684 171/171
f 174/174 173/173 171/171
f 175/175 171/171 170/170
f 177/177 174/174 175/175
f 178/178 175/175 176/176
f 178/178 4687/4687 180/180
f 180/180 4688/4688 177/177
f 179/179 4689/4689 181/181
f 181/181 4687/4687 178/178
f 184/184 311/311 4690/4690
f 4691/4691 182/182 184/184
f 182/182 186/186 183/183
f 184/184 4690/4690 4691/4691
f 186/186 182/182 4692/4692
f 4692/4692 187/187 186/186
f 187/187 191/191 185/185
f 177/177 4688/4688 188/188
f 188/188 4693/4693 189/189
f 191/191 187/187 4694/4694
f 4694/4694 192/192 191/191
f 192/192 230/230 190/190
f 189/189 4693/4693 193/193
f 193/193 197/197 194/194
f 189/189 195/195 174/174
f 194/194 199/199 195/195
f 196/196 4695/4695 194/194
f 194/194 4695/4695 198/198
f 198/198 4696/4696 199/199
f 199/199 4696/4696 200/200
f 200/200 4697/4697 201/201
f 199/199 201/201 202/202
f 201/201 4697/4697 203/203
f 203/203 4698/4698 204/204
f 201/201 204/204 205/205
f 205/205 4699/4699 202/202
f 207/207 220/220 208/208
f 208/208 4664/4664 206/206
f 4664/4664 130/130 206/206
f 195/195 202/202 173/173
f 202/202 4699/4699 209/209
f 209/209 4686/4686 173/173
f 163/163 165/165 210/210
f 210/210 4700/4700 211/211
f 211/211 4700/4700 212/212
f 212/212 4701/4701 213/213
f 211/211 214/214 160/160
f 213/213 215/215 214/214
f 215/215 4702/4702 216/216
f 214/214 216/216 4703/4703
f 4703/4703 217/217 214/214
f 220/220 207/207 218/218
f 218/218 4704/4704 219/219
f 4705/4705 223/223 222/222
f 223/223 121/121 222/222
f 223/223 4705/4705 224/224
f 122/122 121/121 223/223
f 227/227 226/226 223/223
f 223/223 225/225 227/227
f 225/225 4706/4706 228/228
f 230/230 192/192 231/231
f 192/192 4707/4707 231/231
f 4707/4707 4708/4708 231/231
f 231/231 4709/4709 229/229
f 232/232 4710/4710 233/233
f 237/237 4711/4711 235/235
f 236/236 4712/4712 237/237
f 239/239 242/242 238/238
f 238/238 4711/4711 237/237
f 241/241 3548/3548 226/226
f 226/226 227/227 240/240
f 227/227 4713/4713 240/240
f 242/242 239/239 243/243
f 239/239 246/246 245/245
f 237/237 247/247 246/246
f 247/247 279/279 248/248
f 246/246 248/248 249/249
f 251/251 252/252 245/245
f 245/245 249/249 250/250
f 253/253 3543/3543 243/243
f 243/243 245/245 252/252
f 253/253 252/252 254/254
f 252/252 251/251 256/256
f 251/251 250/250 257/257
f 249/249 277/277 258/258
f 277/277 276/276 258/258
f 250/250 258/258 259/259
f 256/256 257/257 260/260
f 257/257 259/259 262/262
f 261/261 260/260 263/263
f 260/260 262/262 265/265
f 263/263 4714/4714 264/264
f 4714/4714 266/266 264/264
f 265/265 4715/4715 268/268
f 268/268 4714/4714 263/263
f 269/269 4715/4715 265/265
f 270/270 265/265 262/262
f 4716/4716 4717/4717 4718/4718
f 4717/4717 4719/4719 4720/4720
f 4717/4717 4720/4720 4721/4721
f 4722/4722 4723/4723 4717/4717
f 4723/4723 4718/4718 4717/4717
f 4724/4724 4725/4725 4717/4717
f 4725/4725 4722/4722 4717/4717
f 4721/4721 4726/4726 4717/4717
f 4726/4726 4724/4724 4717/4717
f 4727/4727 4720/4720 4719/4719
f 4728/4728 4729/4729 4719/4719
f 4729/4729 4727/4727 4719/4719
f 4730/4730 4731/4731 4732/4732
f 4731/4731 4728/4728 4719/4719
f 4733/4733 4734/4734 4735/4735
f 4734/4734 4730/4730 4736/4736
f 4737/4737 4738/4738 4739/4739
f 4738/4738 4733/4733 4740/4740
f 4738/4738 4740/4740 4741/4741
f 4742/4742 4743/4743 4744/4744
f 4743/4743 4737/4737 4745/4745
f 4739/4739 4738/4738 4741/4741
f 4746/4746 4742/4742 4747/4747
f 4733/4733 4735/4735 4740/4740
f 4731/4731 4719/4719 4748/4748
f 4737/4737 4739/4739 4745/4745
f 4749/4749 4746/4746 4750/4750
f 4731/4731 4748/4748 4732/4732
f 4751/4751 4749/4749 4752/4752
f 4730/4730 4753/4753 4754/4754
f 4755/4755 4751/4751 4756/4756
f 4753/4753 4730/4730 4757/4757
f 4730/4730 4732/4732 4757/4757
f 4751/4751 4752/4752 4758/4758
f 4751/4751 4758/4758 4756/4756
f 4759/4759 4755/4755 4760/4760
f 4755/4755 4756/4756 4760/4760
f 4753/4753 4761/4761 4754/4754
f 4762/4762 4759/4759 4763/4763
f 4761/4761 4764/4764 4754/4754
f 4752/4752 4749/4749 4750/4750
f 4765/4765 4762/4762 4766/4766
f 4759/4759 4760/4760 4767/4767
f 4764/4764 4768/4768 273/273
f 4769/4769 4770/4770 4771/4771
f 4770/4770 4772/4772 4771/4771
f 4772/4772 4765/4765 4773/4773
f 4759/4759 4767/4767 4763/4763
f 4768/4768 4774/4774 4775/4775
f 4766/4766 4773/4773 4765/4765
f 4773/4773 4771/4771 4772/4772
f 4750/4750 4746/4746 4747/4747
f 4774/4774 4776/4776 4777/4777
f 4776/4776 4778/4778 4779/4779
f 4763/4763 4766/4766 4762/4762
f 4747/4747 4742/4742 4780/4780
f 4778/4778 4781/4781 4782/4782
f 4780/4780 4742/4742 4744/4744
f 4781/4781 4783/4783 4784/4784
f 4744/4744 4743/4743 4745/4745
f 4785/4785 4786/4786 4787/4787
f 4786/4786 4788/4788 4789/4789
f 4783/4783 4785/4785 4790/4790
f 4734/4734 4791/4791 4735/4735
f 4734/4734 4736/4736 4791/4791
f 4786/4786 4789/4789 4787/4787
f 4789/4789 4792/4792 4787/4787
f 4787/4787 4793/4793 4785/4785
f 4730/4730 4754/4754 4736/4736
f 4764/4764 272/272 4754/4754
f 4793/4793 4790/4790 4785/4785
f 4790/4790 4784/4784 4783/4783
f 272/272 4764/4764 273/273
f 4768/4768 4775/4775 273/273
f 4784/4784 4782/4782 4781/4781
f 4774/4774 4777/4777 4775/4775
f 4782/4782 4779/4779 4778/4778
f 4779/4779 4777/4777 4776/4776
f 4794/4794 272/272 274/274
f 4795/4795 4794/4794 274/274
f 4796/4796 4797/4797 274/274
f 4797/4797 4795/4795 274/274
f 4798/4798 4799/4799 4800/4800
f 4799/4799 4796/4796 4800/4800
f 4801/4801 4802/4802 4800/4800
f 4802/4802 4798/4798 4800/4800
f 4800/4800 4796/4796 274/274
f 271/271 262/262 259/259
f 275/275 259/259 258/258
f 277/277 249/249 248/248
f 278/278 248/248 279/279
f 279/279 283/283 281/281
f 281/281 4803/4803 280/280
f 247/247 4562/4562 279/279
f 4562/4562 282/282 279/279
f 286/286 288/288 4804/4804
f 4804/4804 284/284 286/286
f 286/286 4805/4805 287/287
f 287/287 4806/4806 288/288
f 289/289 4805/4805 286/286
f 290/290 286/286 285/285
f 285/285 284/284 4807/4807
f 4807/4807 292/292 285/285
f 291/291 285/285 293/293
f 293/293 292/292 4808/4808
f 4808/4808 234/234 293/293
f 294/294 293/293 233/233
f 296/296 291/291 294/294
f 297/297 294/294 295/295
f 295/295 4809/4809 299/299
f 299/299 4810/4810 298/298
f 233/233 4710/4710 300/300
f 300/300 4809/4809 295/295
f 298/298 4810/4810 303/303
f 4810/4810 301/301 303/303
f 304/304 297/297 298/298
f 305/305 304/304 303/303
f 302/302 4811/4811 306/306
f 306/306 4811/4811 308/308
f 308/308 4812/4812 314/314
f 314/314 307/307 308/308
f 310/310 417/417 4813/4813
f 4813/4813 311/311 310/310
f 311/311 184/184 309/309
f 314/314 4812/4812 312/312
f 312/312 414/414 313/313
f 315/315 307/307 314/314
f 316/316 317/317 307/307
f 317/317 320/320 306/306
f 320/320 305/305 306/306
f 318/318 320/320 317/317
f 319/319 321/321 320/320
f 321/321 323/323 305/305
f 323/323 322/322 305/305
f 322/322 326/326 304/304
f 324/324 332/332 325/325
f 325/325 322/322 324/324
f 325/325 327/327 326/326
f 327/327 328/328 296/296
f 326/326 296/296 297/297
f 328/328 290/290 291/291
f 329/329 330/330 328/328
f 330/330 289/289 290/290
f 331/331 329/329 327/327
f 333/333 4814/4814 331/331
f 331/331 325/325 333/333
f 334/334 4814/4814 333/333
f 335/335 333/333 332/332
f 336/336 332/332 324/324
f 337/337 324/324 323/323
f 339/339 336/336 337/337
f 338/338 347/347 341/341
f 341/341 340/340 337/337
f 342/342 4557/4557 4815/4815
f 4815/4815 343/343 342/342
f 343/343 4816/4816 344/344
f 344/344 4816/4816 345/345
f 345/345 4817/4817 346/346
f 347/347 338/338 319/319
f 348/348 319/319 318/318
f 346/346 4817/4817 350/350
f 350/350 4818/4818 351/351
f 346/346 351/351 352/352
f 346/346 353/353 354/354
f 353/353 352/352 355/355
f 353/353 356/356 357/357
f 354/354 357/357 358/358
f 344/344 354/354 359/359
f 360/360 342/342 359/359
f 361/361 359/359 358/358
f 357/357 365/365 363/363
f 362/362 358/358 363/363
f 365/365 373/373 366/366
f 364/364 363/363 366/366
f 367/367 366/366 368/368
f 370/370 369/369 368/368
f 372/372 376/376 371/371
f 373/373 372/372 368/368
f 374/374 375/375 372/372
f 375/375 379/379 376/376
f 371/371 376/376 377/377
f 379/379 382/382 377/377
f 378/378 377/377 380/380
f 382/382 384/384 380/380
f 383/383 386/386 384/384
f 379/379 387/387 383/383
f 383/383 388/388 385/385
f 387/387 390/390 388/388
f 389/389 392/392 388/388
f 391/391 385/385 388/388
f 393/393 390/390 387/387
f 389/389 390/390 393/393
f 4819/4819 4820/4820 4821/4821
f 4821/4821 4822/4822 4819/4819
f 4822/4822 4823/4823 4824/4824
f 4819/4819 4822/4822 4825/4825
f 4823/4823 4826/4826 4827/4827
f 4827/4827 4828/4828 4824/4824
f 4828/4828 4829/4829 4830/4830
f 4829/4829 4831/4831 4832/4832
f 4831/4831 4833/4833 4832/4832
f 4833/4833 4834/4834 4835/4835
f 4832/4832 4833/4833 4835/4835
f 4823/4823 4827/4827 4824/4824
f 4828/4828 4830/4830 4824/4824
f 4825/4825 4822/4822 4824/4824
f 4836/4836 4837/4837 4838/4838
f 4837/4837 4839/4839 4840/4840
f 4829/4829 4832/4832 4830/4830
f 4834/4834 4836/4836 4841/4841
f 4834/4834 4841/4841 4835/4835
f 4837/4837 4840/4840 4838/4838
f 4841/4841 4836/4836 4838/4838
f 4839/4839 4842/4842 4843/4843
f 4842/4842 398/398 397/397
f 4843/4843 4842/4842 397/397
f 398/398 4844/4844 396/396
f 4844/4844 4845/4845 4846/4846
f 4845/4845 4847/4847 4848/4848
f 4847/4847 4849/4849 4850/4850
f 4849/4849 4851/4851 4852/4852
f 4851/4851 4853/4853 4852/4852
f 4849/4849 4852/4852 4850/4850
f 4853/4853 4854/4854 4855/4855
f 4854/4854 4856/4856 4857/4857
f 4856/4856 4858/4858 4859/4859
f 4858/4858 4860/4860 4861/4861
f 4860/4860 4862/4862 4861/4861
f 4861/4861 4859/4859 4858/4858
f 4859/4859 4857/4857 4856/4856
f 4857/4857 4855/4855 4854/4854
f 4855/4855 4852/4852 4853/4853
f 4850/4850 4848/4848 4847/4847
f 4848/4848 4846/4846 4845/4845
f 4844/4844 4846/4846 396/396
f 4839/4839 4843/4843 4840/4840
f 395/395 393/393 399/399
f 400/400 399/399 401/401
f 402/402 401/401 403/403
f 405/405 404/404 403/403
f 407/407 405/405 406/406
f 352/352 406/406 403/403
f 351/351 408/408 406/406
f 351/351 4818/4818 409/409
f 410/410 4863/4863 408/408
f 351/351 409/409 408/408
f 408/408 4863/4863 411/411
f 411/411 4864/4864 407/407
f 313/313 415/415 4865/4865
f 4865/4865 412/412 313/313
f 413/413 316/316 315/315
f 316/316 413/413 4866/4866
f 4866/4866 349/349 316/316
f 414/414 4867/4867 415/415
f 417/417 310/310 4868/4868
f 4868/4868 418/418 417/417
f 418/418 4869/4869 416/416
f 419/419 4870/4870 420/420
f 421/421 420/420 422/422
f 422/422 4689/4689 179/179
f 179/179 176/176 423/423
f 424/424 419/419 421/421
f 425/425 424/424 423/423
f 176/176 170/170 426/426
f 427/427 425/425 426/426
f 429/429 427/427 430/430
f 167/167 4871/4871 433/433
f 433/433 4872/4872 4873/4873
f 4873/4873 432/432 433/433
f 170/170 4685/4685 434/434
f 434/434 428/428 426/426
f 437/437 4874/4874 4875/4875
f 4875/4875 435/435 437/437
f 440/440 4876/4876 438/438
f 4876/4876 4875/4875 438/438
f 441/441 4876/4876 440/440
f 440/440 439/439 443/443
f 443/443 4877/4877 444/444
f 445/445 442/442 440/440
f 446/446 442/442 445/445
f 441/441 442/442 446/446
f 449/449 450/450 446/446
f 448/448 446/446 450/450
f 451/451 450/450 452/452
f 454/454 453/453 452/452
f 456/456 454/454 455/455
f 456/456 457/457 458/458
f 460/460 457/457 455/455
f 458/458 457/457 460/460
f 459/459 458/458 463/463
f 465/465 463/463 458/458
f 466/466 467/467 463/463
f 464/464 463/463 467/467
f 469/469 468/468 467/467
f 471/471 469/469 470/470
f 470/470 467/467 466/466
f 474/474 472/472 470/470
f 471/471 472/472 475/475
f 477/477 475/475 472/472
f 478/478 475/475 477/477
f 476/476 475/475 478/478
f 481/481 480/480 478/478
f 482/482 4878/4878 483/483
f 483/483 4879/4879 481/481
f 484/484 4880/4880 485/485
f 485/485 4880/4880 487/487
f 487/487 4881/4881 488/488
f 486/486 485/485 489/489
f 485/485 488/488 491/491
f 491/491 488/488 492/492
f 488/488 4881/4881 494/494
f 494/494 4882/4882 492/492
f 489/489 491/491 495/495
f 495/495 491/491 493/493
f 497/497 493/493 498/498
f 493/493 492/492 500/500
f 498/498 500/500 501/501
f 499/499 498/498 502/502
f 502/502 501/501 504/504
f 503/503 502/502 505/505
f 504/504 4034/4034 507/507
f 507/507 4883/4883 505/505
f 505/505 4883/4883 508/508
f 508/508 4884/4884 506/506
f 512/512 518/518 511/511
f 518/518 509/509 511/511
f 515/515 518/518 514/514
f 518/518 512/512 514/514
f 513/513 4885/4885 514/514
f 519/519 518/518 517/517
f 518/518 515/515 517/517
f 526/526 509/509 520/520
f 509/509 518/518 520/520
f 523/523 4886/4886 521/521
f 521/521 4887/4887 522/522
f 525/525 4888/4888 524/524
f 524/524 4886/4886 523/523
f 531/531 530/530 527/527
f 530/530 509/509 527/527
f 529/529 4889/4889 528/528
f 528/528 4888/4888 525/525
f 536/536 535/535 532/532
f 535/535 530/530 532/532
f 534/534 539/539 533/533
f 533/533 4889/4889 529/529
f 4890/4890 540/540 537/537
f 540/540 535/535 537/537
f 534/534 4891/4891 538/538
f 4891/4891 4892/4892 538/538
f 4892/4892 4893/4893 538/538
f 540/540 4890/4890 541/541
f 568/568 535/535 544/544
f 535/535 540/540 544/544
f 540/540 546/546 543/543
f 540/540 542/542 545/545
f 4894/4894 547/547 549/549
f 547/547 551/551 548/548
f 548/548 4895/4895 549/549
f 552/552 4896/4896 550/550
f 4896/4896 4897/4897 550/550
f 4897/4897 4898/4898 550/550
f 553/553 1306/1306 554/554
f 557/557 4899/4899 556/556
f 556/556 4896/4896 552/552
f 558/558 555/555 554/554
f 582/582 581/581 562/562
f 581/581 560/560 562/562
f 560/560 4900/4900 563/563
f 564/564 573/573 565/565
f 565/565 4901/4901 567/567
f 567/567 4902/4902 566/566
f 571/571 530/530 569/569
f 530/530 535/535 569/569
f 506/506 4884/4884 570/570
f 570/570 4901/4901 565/565
f 510/510 509/509 572/572
f 509/509 530/530 572/572
f 573/573 503/503 506/506
f 574/574 499/499 503/503
f 575/575 574/574 573/573
f 576/576 497/497 499/499
f 574/574 575/575 4903/4903
f 4903/4903 577/577 574/574
f 2378/2378 2377/2377 580/580
f 2377/2377 578/578 580/580
f 579/579 578/578 583/583
f 578/578 581/581 583/583
f 585/585 4904/4904 584/584
f 584/584 4899/4899 557/557
f 587/587 4905/4905 586/586
f 586/586 4904/4904 585/585
f 585/585 558/558 559/559
f 585/585 588/588 589/589
f 591/591 594/594 588/588
f 588/588 594/594 592/592
f 593/593 600/600 594/594
f 594/594 600/600 595/595
f 592/592 598/598 596/596
f 592/592 595/595 597/597
f 599/599 603/603 595/595
f 595/595 603/603 601/601
f 602/602 1291/1291 603/603
f 603/603 1291/1291 604/604
f 604/604 4906/4906 4907/4907
f 605/605 4908/4908 601/601
f 604/604 4907/4907 605/605
f 601/601 4908/4908 606/606
f 607/607 4909/4909 597/597
f 597/597 601/601 606/606
f 610/610 2391/2391 608/608
f 608/608 612/612 609/609
f 611/611 613/613 609/609
f 613/613 617/617 614/614
f 609/609 614/614 615/615
f 616/616 4551/4551 617/617
f 613/613 611/611 618/618
f 618/618 622/622 616/616
f 619/619 4551/4551 616/616
f 621/621 620/620 616/616
f 625/625 626/626 4910/4910
f 4910/4910 623/623 625/625
f 626/626 625/625 627/627
f 629/629 643/643 627/627
f 625/625 624/624 630/630
f 630/630 4911/4911 629/629
f 633/633 4912/4912 631/631
f 631/631 1287/1287 632/632
f 635/635 4913/4913 634/634
f 634/634 4912/4912 633/633
f 629/629 4911/4911 636/636
f 636/636 4914/4914 637/637
f 639/639 4915/4915 638/638
f 638/638 4913/4913 635/635
f 637/637 4914/4914 640/640
f 640/640 4916/4916 641/641
f 641/641 644/644 642/642
f 637/637 642/642 643/643
f 644/644 1274/1274 645/645
f 642/642 645/645 646/646
f 643/643 646/646 647/647
f 646/646 649/649 648/648
f 645/645 1278/1278 649/649
f 628/628 627/627 647/647
f 650/650 647/647 648/648
f 652/652 651/651 648/648
f 653/653 648/648 649/649
f 657/657 4917/4917 4918/4918
f 4917/4917 4919/4919 4918/4918
f 4919/4919 4920/4920 4918/4918
f 4918/4918 4921/4921 4922/4922
f 4922/4922 4923/4923 4924/4924
f 4924/4924 4925/4925 4926/4926
f 4925/4925 4927/4927 4926/4926
f 4927/4927 4928/4928 4926/4926
f 4926/4926 4929/4929 4930/4930
f 4930/4930 4931/4931 4926/4926
f 4931/4931 655/655 4926/4926
f 655/655 4932/4932 4933/4933
f 4932/4932 4934/4934 4933/4933
f 4934/4934 4935/4935 4933/4933
f 4933/4933 4936/4936 4937/4937
f 4936/4936 4938/4938 4937/4937
f 4938/4938 4939/4939 4937/4937
f 4937/4937 4940/4940 4941/4941
f 4940/4940 4942/4942 4941/4941
f 4942/4942 4943/4943 4941/4941
f 4941/4941 4944/4944 4945/4945
f 4945/4945 4946/4946 656/656
f 656/656 4947/4947 4948/4948
f 4947/4947 4949/4949 4948/4948
f 4949/4949 4950/4950 4948/4948
f 4948/4948 4951/4951 4952/4952
f 4952/4952 4953/4953 4948/4948
f 4953/4953 4954/4954 4948/4948
f 4954/4954 4955/4955 4956/4956
f 4955/4955 4957/4957 4956/4956
f 4957/4957 4958/4958 4956/4956
f 4956/4956 4959/4959 657/657
f 4959/4959 4960/4960 657/657
f 4960/4960 4961/4961 657/657
f 4918/4918 4922/4922 657/657
f 4922/4922 4924/4924 657/657
f 4941/4941 4945/4945 4937/4937
f 4945/4945 656/656 4937/4937
f 4924/4924 4926/4926 657/657
f 4926/4926 655/655 657/657
f 655/655 4933/4933 656/656
f 4933/4933 4937/4937 656/656
f 656/656 4948/4948 657/657
f 4948/4948 4954/4954 657/657
f 4954/4954 4956/4956 657/657
f 658/658 661/661 659/659
f 661/661 663/663 662/662
f 663/663 665/665 664/664
f 665/665 719/719 666/666
f 667/667 664/664 666/666
f 669/669 662/662 664/664
f 617/617 669/669 667/667
f 614/614 667/667 668/668
f 615/615 668/668 670/670
f 668/668 666/666 672/672
f 671/671 670/670 673/673
f 670/670 672/672 675/675
f 674/674 673/673 676/676
f 673/673 675/675 678/678
f 676/676 678/678 679/679
f 677/677 676/676 680/680
f 682/682 674/674 677/677
f 683/683 677/677 681/681
f 684/684 681/681 685/685
f 681/681 680/680 687/687
f 685/685 687/687 688/688
f 686/686 685/685 689/689
f 691/691 4962/4962 686/686
f 686/686 4962/4962 692/692
f 692/692 4963/4963 684/684
f 694/694 696/696 693/693
f 693/693 691/691 690/690
f 690/690 689/689 695/695
f 696/696 694/694 697/697
f 694/694 695/695 699/699
f 698/698 697/697 700/700
f 697/697 699/699 702/702
f 699/699 704/704 703/703
f 695/695 706/706 704/704
f 704/704 707/707 705/705
f 706/706 708/708 707/707
f 689/689 688/688 706/706
f 688/688 711/711 708/708
f 709/709 707/707 708/708
f 710/710 708/708 711/711
f 712/712 711/711 713/713
f 714/714 713/713 679/679
f 715/715 679/679 678/678
f 680/680 679/679 713/713
f 716/716 678/678 675/675
f 718/718 717/717 675/675
f 719/719 718/718 672/672
f 687/687 713/713 711/711
f 709/709 720/720 705/705
f 720/720 725/725 721/721
f 703/703 705/705 721/721
f 722/722 721/721 723/723
f 725/725 4547/4547 723/723
f 702/702 703/703 722/722
f 726/726 722/722 724/724
f 727/727 724/724 728/728
f 724/724 723/723 730/730
f 731/731 726/726 727/727
f 732/732 727/727 729/729
f 733/733 729/729 734/734
f 729/729 728/728 736/736
f 734/734 736/736 737/737
f 735/735 734/734 738/738
f 740/740 735/735 739/739
f 742/742 733/733 735/735
f 741/741 739/739 743/743
f 739/739 738/738 745/745
f 743/743 745/745 746/746
f 744/744 743/743 747/747
f 4964/4964 4965/4965 751/751
f 4965/4965 749/749 751/751
f 749/749 4966/4966 4967/4967
f 4966/4966 4968/4968 4969/4969
f 4970/4970 4971/4971 4972/4972
f 4970/4970 4972/4972 4973/4973
f 4966/4966 4969/4969 4974/4974
f 4968/4968 4970/4970 4975/4975
f 4969/4969 4968/4968 4975/4975
f 4976/4976 4964/4964 4977/4977
f 4977/4977 4964/4964 751/751
f 4978/4978 4979/4979 4980/4980
f 4980/4980 4976/4976 4981/4981
f 4982/4982 4976/4976 4977/4977
f 4970/4970 4973/4973 4975/4975
f 4981/4981 4978/4978 4980/4980
f 4982/4982 4981/4981 4976/4976
f 4966/4966 4974/4974 4967/4967
f 749/749 4967/4967 750/750
f 752/752 748/748 747/747
f 754/754 752/752 753/753
f 757/757 4983/4983 756/756
f 756/756 754/754 755/755
f 758/758 2463/2463 759/759
f 761/761 758/758 762/762
f 762/762 4984/4984 763/763
f 764/764 4983/4983 757/757
f 766/766 807/807 767/767
f 769/769 778/778 770/770
f 761/761 763/763 772/772
f 774/774 771/771 770/770
f 776/776 775/775 770/770
f 778/778 4985/4985 777/777
f 774/774 775/775 779/779
f 779/779 775/775 776/776
f 780/780 779/779 782/782
f 784/784 782/782 779/779
f 784/784 781/781 785/785
f 781/781 776/776 787/787
f 786/786 785/785 788/788
f 788/788 785/785 787/787
f 790/790 787/787 791/791
f 787/787 776/776 777/777
f 791/791 4986/4986 793/793
f 793/793 4987/4987 792/792
f 777/777 4985/4985 794/794
f 794/794 4986/4986 791/791
f 797/797 4988/4988 795/795
f 795/795 799/799 796/796
f 798/798 800/800 796/796
f 768/768 767/767 800/800
f 800/800 802/802 801/801
f 767/767 804/804 802/802
f 802/802 805/805 803/803
f 804/804 810/810 805/805
f 806/806 804/804 767/767
f 808/808 810/810 804/804
f 809/809 820/820 810/810
f 810/810 820/820 811/811
f 812/812 816/816 813/813
f 815/815 4535/4535 816/816
f 817/817 814/814 813/813
f 819/819 821/821 820/820
f 821/821 822/822 811/811
f 822/822 824/824 823/823
f 805/805 811/811 823/823
f 824/824 1058/1058 825/825
f 803/803 823/823 825/825
f 801/801 803/803 826/826
f 827/827 826/826 828/828
f 826/826 825/825 830/830
f 829/829 828/828 831/831
f 828/828 830/830 833/833
f 831/831 833/833 834/834
f 832/832 831/831 835/835
f 837/837 829/829 832/832
f 838/838 832/832 836/836
f 839/839 836/836 840/840
f 836/836 835/835 842/842
f 840/840 842/842 843/843
f 841/841 840/840 844/844
f 845/845 4989/4989 846/846
f 846/846 4990/4990 841/841
f 841/841 4990/4990 847/847
f 847/847 4991/4991 839/839
f 850/850 4992/4992 848/848
f 848/848 4993/4993 849/849
f 852/852 4994/4994 851/851
f 851/851 4992/4992 850/850
f 853/853 850/850 849/849
f 855/855 852/852 850/850
f 856/856 860/860 855/855
f 857/857 856/856 853/853
f 858/858 861/861 852/852
f 859/859 858/858 855/855
f 790/790 792/792 861/861
f 859/859 788/788 790/790
f 862/862 863/863 859/859
f 863/863 789/789 788/788
f 864/864 863/863 862/862
f 866/866 789/789 863/863
f 865/865 4995/4995 867/867
f 867/867 4996/4996 864/864
f 864/864 4996/4996 868/868
f 868/868 4997/4997 866/866
f 870/870 4998/4998 871/871
f 871/871 4999/4999 869/869
f 4999/4999 873/873 869/869
f 873/873 4999/4999 874/874
f 874/874 5000/5000 872/872
f 5000/5000 881/881 872/872
f 877/877 5001/5001 875/875
f 875/875 5002/5002 876/876
f 879/879 5003/5003 878/878
f 878/878 5001/5001 877/877
f 881/881 5000/5000 882/882
f 882/882 5004/5004 2467/2467
f 2467/2467 880/880 882/882
f 884/884 5005/5005 883/883
f 883/883 5003/5003 879/879
f 885/885 879/879 877/877
f 887/887 884/884 879/879
f 888/888 890/890 884/884
f 890/890 5006/5006 889/889
f 889/889 5005/5005 884/884
f 887/887 5007/5007 891/891
f 891/891 5008/5008 888/888
f 885/885 5009/5009 892/892
f 892/892 5007/5007 887/887
f 897/897 896/896 895/895
f 896/896 893/893 895/895
f 901/901 900/900 898/898
f 900/900 896/896 898/898
f 886/886 5010/5010 899/899
f 899/899 5009/5009 885/885
f 909/909 908/908 902/902
f 908/908 900/900 902/902
f 904/904 5011/5011 903/903
f 903/903 5010/5010 886/886
f 886/886 877/877 876/876
f 904/904 876/876 905/905
f 906/906 5012/5012 907/907
f 907/907 5011/5011 904/904
f 912/912 911/911 910/910
f 911/911 908/908 910/910
f 918/918 917/917 913/913
f 917/917 911/911 913/913
f 5013/5013 5014/5014 5015/5015
f 5014/5014 5016/5016 5015/5015
f 5016/5016 5017/5017 5018/5018
f 5017/5017 5019/5019 5020/5020
f 5021/5021 5017/5017 5020/5020
f 5019/5019 5022/5022 5023/5023
f 5022/5022 5024/5024 5025/5025
f 5023/5023 5022/5022 5025/5025
f 5024/5024 5026/5026 5027/5027
f 5026/5026 5028/5028 5029/5029
f 5029/5029 5028/5028 5030/5030
f 5028/5028 5031/5031 5032/5032
f 5031/5031 5033/5033 5034/5034
f 5032/5032 5031/5031 5034/5034
f 5033/5033 5035/5035 5036/5036
f 5035/5035 5037/5037 5038/5038
f 5037/5037 5039/5039 5040/5040
f 5039/5039 5041/5041 5042/5042
f 5036/5036 5035/5035 5038/5038
f 5034/5034 5033/5033 5036/5036
f 5017/5017 5021/5021 5018/5018
f 5018/5018 5015/5015 5016/5016
f 5023/5023 5020/5020 5019/5019
f 5027/5027 5025/5025 5024/5024
f 5029/5029 5027/5027 5026/5026
f 5028/5028 5032/5032 5030/5030
f 5041/5041 5043/5043 5044/5044
f 5043/5043 5045/5045 5046/5046
f 5038/5038 5037/5037 5047/5047
f 5047/5047 5037/5037 5040/5040
f 5045/5045 5048/5048 5049/5049
f 5040/5040 5039/5039 5042/5042
f 5048/5048 5050/5050 5051/5051
f 5042/5042 5041/5041 5044/5044
f 5050/5050 5052/5052 5051/5051
f 5044/5044 5043/5043 5046/5046
f 916/916 5053/5053 5054/5054
f 5052/5052 916/916 915/915
f 5046/5046 5045/5045 5049/5049
f 916/916 5054/5054 5055/5055
f 5055/5055 5056/5056 5057/5057
f 5057/5057 5058/5058 914/914
f 5058/5058 5059/5059 914/914
f 5059/5059 5060/5060 914/914
f 914/914 5061/5061 5062/5062
f 5062/5062 5063/5063 914/914
f 5063/5063 5064/5064 914/914
f 5064/5064 5065/5065 5066/5066
f 5066/5066 5067/5067 5064/5064
f 5067/5067 5068/5068 5064/5064
f 5068/5068 5069/5069 5070/5070
f 5069/5069 5071/5071 5070/5070
f 5071/5071 5072/5072 5070/5070
f 5070/5070 5073/5073 5074/5074
f 5073/5073 5075/5075 5074/5074
f 5075/5075 5076/5076 5074/5074
f 5074/5074 5077/5077 5078/5078
f 5078/5078 5079/5079 5080/5080
f 5080/5080 5081/5081 915/915
f 5081/5081 5082/5082 915/915
f 5082/5082 5083/5083 915/915
f 5074/5074 5078/5078 915/915
f 5078/5078 5080/5080 915/915
f 916/916 5055/5055 914/914
f 5055/5055 5057/5057 914/914
f 5049/5049 5048/5048 5051/5051
f 914/914 5064/5064 5068/5068
f 5068/5068 5070/5070 914/914
f 5070/5070 5074/5074 914/914
f 5074/5074 915/915 914/914
f 915/915 5051/5051 5052/5052
f 925/925 924/924 919/919
f 924/924 917/917 919/919
f 921/921 5084/5084 920/920
f 920/920 5012/5012 906/906
f 923/923 5085/5085 922/922
f 922/922 5084/5084 921/921
f 930/930 929/929 926/926
f 929/929 924/924 926/926
f 928/928 5086/5086 927/927
f 927/927 5085/5085 923/923
f 940/940 939/939 931/931
f 939/939 929/929 931/931
f 933/933 5087/5087 932/932
f 932/932 5086/5086 928/928
f 928/928 935/935 934/934
f 923/923 980/980 935/935
f 937/937 5088/5088 936/936
f 936/936 5087/5087 933/933
f 933/933 934/934 938/938
f 943/943 942/942 941/941
f 942/942 939/939 941/941
f 948/948 947/947 944/944
f 947/947 942/942 944/944
f 946/946 5089/5089 945/945
f 945/945 5088/5088 937/937
f 4515/4515 4514/4514 949/949
f 4514/4514 947/947 949/949
f 951/951 5090/5090 950/950
f 950/950 5089/5089 946/946
f 938/938 952/952 946/946
f 952/952 954/954 951/951
f 952/952 5091/5091 953/953
f 953/953 5092/5092 954/954
f 938/938 5093/5093 955/955
f 955/955 5091/5091 952/952
f 957/957 5094/5094 958/958
f 958/958 5095/5095 956/956
f 5095/5095 960/960 956/956
f 960/960 5095/5095 961/961
f 961/961 5096/5096 959/959
f 5096/5096 964/964 959/959
f 934/934 5097/5097 962/962
f 962/962 5093/5093 938/938
f 964/964 5096/5096 965/965
f 965/965 5098/5098 963/963
f 5098/5098 972/972 963/963
f 968/968 5099/5099 966/966
f 966/966 5100/5100 967/967
f 967/967 5100/5100 969/969
f 969/969 5101/5101 970/970
f 972/972 5098/5098 973/973
f 973/973 5102/5102 971/971
f 5102/5102 977/977 971/971
f 970/970 5101/5101 974/974
f 974/974 5103/5103 975/975
f 977/977 5102/5102 978/978
f 978/978 5104/5104 976/976
f 5104/5104 990/990 976/976
f 980/980 5105/5105 979/979
f 979/979 5106/5106 935/935
f 935/935 5106/5106 981/981
f 981/981 5097/5097 934/934
f 983/983 5107/5107 982/982
f 982/982 5105/5105 980/980
f 921/921 983/983 980/980
f 905/905 5108/5108 984/984
f 984/984 5107/5107 983/983
f 906/906 905/905 983/983
f 876/876 5002/5002 985/985
f 985/985 5108/5108 905/905
f 987/987 5109/5109 988/988
f 988/988 4998/4998 986/986
f 4998/4998 870/870 986/986
f 990/990 5104/5104 991/991
f 991/991 5109/5109 989/989
f 5109/5109 987/987 989/989
f 993/993 5110/5110 992/992
f 992/992 4995/4995 865/865
f 975/975 5103/5103 994/994
f 994/994 5110/5110 993/993
f 975/975 993/993 995/995
f 865/865 862/862 995/995
f 995/995 856/856 857/857
f 862/862 860/860 856/856
f 970/970 975/975 996/996
f 996/996 857/857 998/998
f 857/857 854/854 999/999
f 1000/1000 997/997 998/998
f 998/998 999/999 1002/1002
f 999/999 1004/1004 1003/1003
f 999/999 854/854 849/849
f 1004/1004 5111/5111 1005/1005
f 1005/1005 5112/5112 1003/1003
f 849/849 4993/4993 1006/1006
f 1006/1006 5111/5111 1004/1004
f 1008/1008 5113/5113 1007/1007
f 1007/1007 4989/4989 845/845
f 1010/1010 5114/5114 1009/1009
f 1009/1009 5113/5113 1008/1008
f 1003/1003 5112/5112 1011/1011
f 1011/1011 5115/5115 1012/1012
f 1014/1014 5116/5116 1013/1013
f 1013/1013 5114/5114 1010/1010
f 1012/1012 5115/5115 1015/1015
f 1015/1015 5117/5117 1016/1016
f 1018/1018 5118/5118 1017/1017
f 1017/1017 5116/5116 1014/1014
f 1016/1016 5117/5117 1019/1019
f 1019/1019 5119/5119 1020/1020
f 1022/1022 5120/5120 1021/1021
f 1021/1021 5118/5118 1018/1018
f 1018/1018 1024/1024 1023/1023
f 1014/1014 1025/1025 1024/1024
f 1025/1025 1047/1047 1026/1026
f 1024/1024 1026/1026 1027/1027
f 1022/1022 1023/1023 1028/1028
f 1023/1023 1027/1027 1030/1030
f 1027/1027 1032/1032 1031/1031
f 1026/1026 1039/1039 1032/1032
f 1028/1028 1030/1030 1033/1033
f 1030/1030 1031/1031 1035/1035
f 1036/1036 1059/1059 1035/1035
f 1037/1037 1036/1036 1031/1031
f 1038/1038 1037/1037 1032/1032
f 1040/1040 1038/1038 1039/1039
f 1040/1040 1041/1041 1042/1042
f 1043/1043 1042/1042 1044/1044
f 1046/1046 1042/1042 1041/1041
f 1048/1048 1044/1044 1042/1042
f 1045/1045 1044/1044 1049/1049
f 843/843 1049/1049 1044/1044
f 844/844 843/843 1048/1048
f 1051/1051 1048/1048 1046/1046
f 1008/1008 1051/1051 1052/1052
f 845/845 844/844 1051/1051
f 1052/1052 1046/1046 1047/1047
f 1010/1010 1052/1052 1025/1025
f 842/842 1053/1053 1049/1049
f 1050/1050 1049/1049 1053/1053
f 1054/1054 1053/1053 834/834
f 1055/1055 834/834 833/833
f 835/835 834/834 1053/1053
f 1057/1057 1056/1056 833/833
f 1058/1058 1057/1057 830/830
f 1047/1047 1041/1041 1039/1039
f 1059/1059 1061/1061 1060/1060
f 1061/1061 1282/1282 1062/1062
f 1063/1063 1060/1060 1062/1062
f 1033/1033 1035/1035 1060/1060
f 1065/1065 1063/1063 1064/1064
f 1034/1034 1033/1033 1063/1063
f 1067/1067 1065/1065 1066/1066
f 1069/1069 1034/1034 1065/1065
f 1029/1029 1028/1028 1034/1034
f 1067/1067 5121/5121 1070/1070
f 1070/1070 5122/5122 1069/1069
f 1069/1069 5122/5122 1071/1071
f 1071/1071 5123/5123 1029/1029
f 1029/1029 5123/5123 1072/1072
f 1072/1072 5120/5120 1022/1022
f 1075/1075 5124/5124 1073/1073
f 1073/1073 5125/5125 1074/1074
f 1074/1074 5125/5125 1076/1076
f 1076/1076 5126/5126 1077/1077
f 1078/1078 1074/1074 1077/1077
f 1078/1078 1081/1081 1075/1075
f 1080/1080 1084/1084 1081/1081
f 1080/1080 1078/1078 1079/1079
f 1083/1083 1020/1020 1075/1075
f 1084/1084 1085/1085 1083/1083
f 1085/1085 1089/1089 1086/1086
f 1083/1083 1086/1086 1016/1016
f 1087/1087 1085/1085 1084/1084
f 1087/1087 4517/4517 1089/1089
f 1090/1090 1092/1092 1087/1087
f 1091/1091 4517/4517 1087/1087
f 1090/1090 5127/5127 1093/1093
f 1093/1093 5128/5128 1092/1092
f 1092/1092 5128/5128 1094/1094
f 1094/1094 5129/5129 1091/1091
f 1096/1096 5130/5130 1097/1097
f 1097/1097 5094/5094 1095/1095
f 5094/5094 957/957 1095/1095
f 1091/1091 5129/5129 1098/1098
f 1098/1098 5099/5099 968/968
f 1100/1100 5131/5131 1101/1101
f 1101/1101 5130/5130 1099/1099
f 5130/5130 1096/1096 1099/1099
f 1103/1103 5132/5132 1102/1102
f 1102/1102 5127/5127 1090/1090
f 1105/1105 5133/5133 1106/1106
f 1106/1106 5131/5131 1104/1104
f 5131/5131 1100/1100 1104/1104
f 1109/1109 5134/5134 1107/1107
f 1107/1107 5135/5135 1108/1108
f 954/954 5092/5092 1110/1110
f 1110/1110 5134/5134 1109/1109
f 954/954 1109/1109 1111/1111
f 1109/1109 1108/1108 1112/1112
f 1108/1108 5135/5135 1113/1113
f 1113/1113 5136/5136 1114/1114
f 1108/1108 1114/1114 1115/1115
f 1114/1114 5136/5136 1116/1116
f 1116/1116 5137/5137 1117/1117
f 1114/1114 1117/1117 1118/1118
f 1115/1115 5138/5138 1119/1119
f 1119/1119 5139/5139 1112/1112
f 1118/1118 5140/5140 1120/1120
f 1120/1120 5138/5138 1115/1115
f 1122/1122 5141/5141 1121/1121
f 1121/1121 5140/5140 1118/1118
f 1117/1117 1125/1125 1122/1122
f 1124/1124 5142/5142 1123/1123
f 1123/1123 5141/5141 1122/1122
f 1125/1125 1128/1128 1124/1124
f 1117/1117 5137/5137 1126/1126
f 1126/1126 5143/5143 1125/1125
f 1125/1125 5143/5143 1127/1127
f 1127/1127 5144/5144 1128/1128
f 1128/1128 1131/1131 1129/1129
f 1128/1128 5144/5144 1130/1130
f 1130/1130 5145/5145 1131/1131
f 1133/1133 5146/5146 1134/1134
f 1134/1134 5147/5147 1132/1132
f 5147/5147 1243/1243 1132/1132
f 1136/1136 5148/5148 1137/1137
f 1137/1137 5146/5146 1135/1135
f 5146/5146 1133/1133 1135/1135
f 1131/1131 5145/5145 1138/1138
f 1138/1138 5149/5149 1139/1139
f 1141/1141 5150/5150 1142/1142
f 1142/1142 5148/5148 1140/1140
f 5148/5148 1136/1136 1140/1140
f 1139/1139 5149/5149 1143/1143
f 1143/1143 5151/5151 1144/1144
f 1146/1146 1151/1151 1147/1147
f 1147/1147 5150/5150 1145/1145
f 5150/5150 1141/1141 1145/1145
f 1144/1144 5151/5151 1148/1148
f 1148/1148 5152/5152 1149/1149
f 1151/1151 1146/1146 1152/1152
f 1152/1152 5153/5153 1150/1150
f 5153/5153 5154/5154 1150/1150
f 1149/1149 5152/5152 1153/1153
f 1153/1153 1158/1158 1154/1154
f 1149/1149 1154/1154 1155/1155
f 1144/1144 1149/1149 1156/1156
f 1158/1158 5155/5155 1159/1159
f 1154/1154 1159/1159 1160/1160
f 1161/1161 5156/5156 1155/1155
f 1155/1155 5156/5156 1162/1162
f 1162/1162 5157/5157 1156/1156
f 1159/1159 1200/1200 1163/1163
f 1163/1163 5158/5158 1164/1164
f 1164/1164 1161/1161 1160/1160
f 5159/5159 1167/1167 1166/1166
f 1167/1167 5160/5160 1165/1165
f 5160/5160 5161/5161 1165/1165
f 1167/1167 5159/5159 1168/1168
f 1168/1168 5162/5162 1169/1169
f 1171/1171 5163/5163 1170/1170
f 1170/1170 5158/5158 1163/1163
f 1169/1169 5162/5162 5164/5164
f 5164/5164 1172/1172 1169/1169
f 1172/1172 5165/5165 1173/1173
f 1174/1174 5163/5163 1171/1171
f 1177/1177 5166/5166 1176/1176
f 1176/1176 1174/1174 1175/1175
f 1173/1173 5165/5165 1179/1179
f 1179/1179 5167/5167 1178/1178
f 5167/5167 5168/5168 1178/1178
f 1180/1180 5166/5166 1177/1177
f 1183/1183 1313/1313 1182/1182
f 1182/1182 1180/1180 1181/1181
f 1184/1184 1185/1185 1181/1181
f 1185/1185 1188/1188 1183/1183
f 1186/1186 5169/5169 1185/1185
f 1185/1185 5169/5169 1187/1187
f 1187/1187 1307/1307 1188/1188
f 1190/1190 5170/5170 1191/1191
f 1191/1191 5171/5171 5172/5172
f 5171/5171 1304/1304 5172/5172
f 5172/5172 1189/1189 1191/1191
f 1193/1193 5173/5173 1192/1192
f 1192/1192 1186/1186 1184/1184
f 1195/1195 5174/5174 1196/1196
f 1196/1196 5170/5170 5175/5175
f 5170/5170 1190/1190 5175/5175
f 5175/5175 1194/1194 1196/1196
f 1197/1197 5173/5173 1193/1193
f 1200/1200 5176/5176 1199/1199
f 1199/1199 1197/1197 1198/1198
f 1202/1202 1205/1205 1203/1203
f 1203/1203 5174/5174 1201/1201
f 5174/5174 1195/1195 1201/1201
f 1159/1159 5155/5155 1204/1204
f 1204/1204 5176/5176 1200/1200
f 1205/1205 1202/1202 5177/5177
f 5177/5177 1206/1206 1205/1205
f 1206/1206 5178/5178 1207/1207
f 1210/1210 5179/5179 1208/1208
f 1208/1208 5180/5180 1209/1209
f 1211/1211 5181/5181 1212/1212
f 1212/1212 5181/5181 1214/1214
f 1214/1214 5182/5182 1215/1215
f 1212/1212 1215/1215 1216/1216
f 1213/1213 1212/1212 1217/1217
f 1219/1219 1218/1218 1217/1217
f 1216/1216 1224/1224 1220/1220
f 1219/1219 1220/1220 1221/1221
f 1220/1220 1224/1224 1223/1223
f 1224/1224 1228/1228 1225/1225
f 1226/1226 1228/1228 1224/1224
f 1221/1221 1223/1223 633/633
f 1223/1223 1225/1225 635/635
f 1227/1227 1230/1230 1225/1225
f 1225/1225 1230/1230 639/639
f 1229/1229 1231/1231 1230/1230
f 1231/1231 1270/1270 639/639
f 1226/1226 1232/1232 1227/1227
f 1232/1232 1237/1237 1229/1229
f 1233/1233 1232/1232 1226/1226
f 1235/1235 1237/1237 1232/1232
f 1235/1235 1240/1240 1236/1236
f 1237/1237 1236/1236 1238/1238
f 1235/1235 5183/5183 1239/1239
f 1239/1239 5184/5184 1240/1240
f 1233/1233 5185/5185 1241/1241
f 1241/1241 5183/5183 1235/1235
f 1243/1243 5147/5147 1244/1244
f 1244/1244 5186/5186 1242/1242
f 5186/5186 1248/1248 1242/1242
f 1240/1240 5184/5184 1245/1245
f 1245/1245 5187/5187 1246/1246
f 1248/1248 5186/5186 1249/1249
f 1249/1249 5188/5188 1247/1247
f 5188/5188 1253/1253 1247/1247
f 1246/1246 5187/5187 1250/1250
f 1250/1250 5189/5189 1251/1251
f 1253/1253 5188/5188 1254/1254
f 1254/1254 5133/5133 1252/1252
f 5133/5133 1105/1105 1252/1252
f 1251/1251 5189/5189 1255/1255
f 1255/1255 5132/5132 1103/1103
f 1246/1246 1251/1251 1256/1256
f 1251/1251 1103/1103 1258/1258
f 1256/1256 1082/1082 1259/1259
f 1258/1258 1080/1080 1082/1082
f 1259/1259 1082/1082 1079/1079
f 1257/1257 1259/1259 1238/1238
f 1238/1238 1259/1259 1260/1260
f 1260/1260 1263/1263 1262/1262
f 1079/1079 1077/1077 1263/1263
f 1263/1263 5190/5190 1264/1264
f 1264/1264 5191/5191 1262/1262
f 1077/1077 5126/5126 1265/1265
f 1265/1265 5190/5190 1263/1263
f 1068/1068 5192/5192 1266/1266
f 1266/1266 5121/5121 1067/1067
f 1268/1268 5193/5193 1267/1267
f 1267/1267 5192/5192 1068/1068
f 1262/1262 5191/5191 1269/1269
f 1269/1269 5194/5194 1270/1270
f 641/641 4916/4916 1271/1271
f 1271/1271 5193/5193 1268/1268
f 1270/1270 5194/5194 1272/1272
f 1272/1272 4915/4915 639/639
f 1261/1261 1262/1262 1270/1270
f 1068/1068 1066/1066 1273/1273
f 1268/1268 1273/1273 644/644
f 1273/1273 1275/1275 1274/1274
f 1066/1066 1064/1064 1275/1275
f 1064/1064 1062/1062 1276/1276
f 1275/1275 1276/1276 1277/1277
f 1274/1274 1277/1277 1278/1278
f 1279/1279 1278/1278 1277/1277
f 1280/1280 1277/1277 1276/1276
f 1281/1281 1276/1276 1062/1062
f 654/654 649/649 1278/1278
f 1238/1238 1261/1261 1231/1231
f 1103/1103 1090/1090 1088/1088
f 1088/1088 1084/1084 1080/1080
f 1240/1240 1246/1246 1257/1257
f 1234/1234 1226/1226 1216/1216
f 1215/1215 5182/5182 1283/1283
f 1283/1283 5195/5195 1234/1234
f 1234/1234 5195/5195 1284/1284
f 1284/1284 5185/5185 1233/1233
f 1285/1285 1222/1222 1221/1221
f 1286/1286 1285/1285 632/632
f 604/604 1290/1290 1288/1288
f 1289/1289 4906/4906 604/604
f 1290/1290 604/604 1291/1291
f 1292/1292 1291/1291 602/602
f 1294/1294 1293/1293 602/602
f 1295/1295 602/602 599/599
f 1209/1209 1294/1294 1295/1295
f 1210/1210 1295/1295 1296/1296
f 1296/1296 599/599 600/600
f 1297/1297 1296/1296 593/593
f 1298/1298 5196/5196 1299/1299
f 1299/1299 5197/5197 1297/1297
f 1297/1297 5197/5197 1300/1300
f 1300/1300 5179/5179 1210/1210
f 1298/1298 593/593 591/591
f 1301/1301 5198/5198 1302/1302
f 1302/1302 5196/5196 1298/1298
f 1304/1304 5171/5171 1305/1305
f 1305/1305 547/547 1303/1303
f 547/547 4894/4894 5199/5199
f 1303/1303 547/547 5199/5199
f 1306/1306 5198/5198 1301/1301
f 1301/1301 591/591 559/559
f 1200/1200 1198/1198 1171/1171
f 1198/1198 1193/1193 1175/1175
f 1193/1193 1184/1184 1177/1177
f 1307/1307 5200/5200 1308/1308
f 1308/1308 5200/5200 1309/1309
f 1309/1309 1321/1321 1310/1310
f 1308/1308 1310/1310 1311/1311
f 1188/1188 1308/1308 1312/1312
f 1313/1313 1183/1183 1312/1312
f 1311/1311 1318/1318 1315/1315
f 1315/1315 1314/1314 1312/1312
f 1310/1310 1322/1322 1316/1316
f 1316/1316 5201/5201 1311/1311
f 1311/1311 5201/5201 1317/1317
f 5201/5201 5202/5202 1317/1317
f 5202/5202 5203/5203 1317/1317
f 1320/1320 1324/1324 1319/1319
f 1319/1319 4891/4891 534/534
f 1321/1321 5204/5204 1322/1322
f 1325/1325 1323/1323 1320/1320
f 1323/1323 5205/5205 1324/1324
f 1325/1325 1320/1320 1326/1326
f 1320/1320 534/534 529/529
f 1327/1327 1326/1326 1328/1328
f 1326/1326 529/529 525/525
f 1329/1329 1328/1328 1330/1330
f 1328/1328 525/525 523/523
f 1331/1331 1330/1330 1332/1332
f 1330/1330 523/523 522/522
f 1334/1334 1401/1401 1333/1333
f 1335/1335 1334/1334 1332/1332
f 1336/1336 1339/1339 1337/1337
f 1339/1339 1342/1342 1340/1340
f 522/522 4887/4887 1341/1341
f 1341/1341 5206/5206 1335/1335
f 1342/1342 4038/4038 1343/1343
f 1337/1337 1340/1340 1344/1344
f 1346/1346 1344/1344 1340/1340
f 1347/1347 1348/1348 1344/1344
f 1345/1345 1344/1344 1348/1348
f 5207/5207 5208/5208 5209/5209
f 5208/5208 5210/5210 5211/5211
f 5212/5212 5213/5213 5214/5214
f 5211/5211 5215/5215 5208/5208
f 5215/5215 5216/5216 5209/5209
f 5216/5216 5217/5217 5218/5218
f 5209/5209 5208/5208 5215/5215
f 5217/5217 5219/5219 5220/5220
f 5219/5219 5221/5221 5222/5222
f 5221/5221 5223/5223 5224/5224
f 5223/5223 5225/5225 5226/5226
f 5224/5224 5223/5223 5226/5226
f 5225/5225 5227/5227 5228/5228
f 5227/5227 5229/5229 5230/5230
f 5228/5228 5227/5227 5230/5230
f 5229/5229 5231/5231 5232/5232
f 5219/5219 5222/5222 5220/5220
f 5209/5209 5212/5212 5233/5233
f 5213/5213 5212/5212 5209/5209
f 5221/5221 5224/5224 5222/5222
f 5225/5225 5228/5228 5226/5226
f 5231/5231 5234/5234 5235/5235
f 5236/5236 5207/5207 5233/5233
f 5207/5207 5209/5209 5233/5233
f 5237/5237 5238/5238 5239/5239
f 5230/5230 5229/5229 5232/5232
f 5237/5237 5239/5239 5236/5236
f 5240/5240 5241/5241 5237/5237
f 5242/5242 5240/5240 5237/5237
f 5237/5237 5236/5236 5242/5242
f 5234/5234 1352/1352 1351/1351
f 5233/5233 5242/5242 5236/5236
f 5243/5243 5244/5244 5212/5212
f 5232/5232 5231/5231 5235/5235
f 1352/1352 5245/5245 1350/1350
f 5245/5245 5246/5246 5247/5247
f 5235/5235 5234/5234 1351/1351
f 5243/5243 5212/5212 5214/5214
f 5218/5218 5209/5209 5216/5216
f 5220/5220 5218/5218 5217/5217
f 5246/5246 5248/5248 5249/5249
f 1350/1350 5245/5245 5247/5247
f 5248/5248 5250/5250 5251/5251
f 5246/5246 5249/5249 5247/5247
f 5250/5250 5252/5252 5253/5253
f 5253/5253 5254/5254 5251/5251
f 5253/5253 5251/5251 5250/5250
f 5251/5251 5249/5249 5248/5248
f 1353/1353 1355/1355 1348/1348
f 1354/1354 1357/1357 1355/1355
f 1356/1356 1355/1355 1357/1357
f 1349/1349 1348/1348 1355/1355
f 1359/1359 1356/1356 1358/1358
f 1361/1361 1349/1349 1356/1356
f 1362/1362 1345/1345 1349/1349
f 1361/1361 1359/1359 1363/1363
f 1362/1362 1361/1361 1364/1364
f 1364/1364 1363/1363 1366/1366
f 1365/1365 1364/1364 1367/1367
f 1369/1369 1373/1373 1368/1368
f 1370/1370 1369/1369 1367/1367
f 1371/1371 1365/1365 1368/1368
f 1373/1373 1374/1374 1372/1372
f 1374/1374 1376/1376 1375/1375
f 1376/1376 1379/1379 1377/1377
f 1379/1379 1381/1381 1380/1380
f 1381/1381 1383/1383 1382/1382
f 1383/1383 5255/5255 1384/1384
f 1382/1382 1386/1386 1385/1385
f 1384/1384 1389/1389 1386/1386
f 1384/1384 5255/5255 1387/1387
f 1387/1387 1392/1392 1388/1388
f 1388/1388 1391/1391 1389/1389
f 1390/1390 1399/1399 1391/1391
f 1395/1395 5256/5256 5257/5257
f 5257/5257 5258/5258 1395/1395
f 5258/5258 5259/5259 1395/1395
f 5259/5259 1393/1393 1395/1395
f 1394/1394 5260/5260 1395/1395
f 1397/1397 5261/5261 1396/1396
f 1396/1396 5256/5256 1395/1395
f 1178/1178 5168/5168 1398/1398
f 1398/1398 5262/5262 1397/1397
f 5262/5262 5261/5261 1397/1397
f 1399/1399 1323/1323 1325/1325
f 1391/1391 1325/1325 1327/1327
f 1389/1389 1327/1327 1329/1329
f 1386/1386 1329/1329 1331/1331
f 1380/1380 1385/1385 1400/1400
f 1385/1385 1331/1331 1333/1333
f 1401/1401 1402/1402 1400/1400
f 1402/1402 1378/1378 1377/1377
f 1336/1336 1338/1338 1371/1371
f 1403/1403 1371/1371 1372/1372
f 1338/1338 1362/1362 1365/1365
f 1338/1338 1337/1337 1345/1345
f 1404/1404 1370/1370 1366/1366
f 1363/1363 1408/1408 1405/1405
f 1406/1406 1404/1404 1405/1405
f 1408/1408 1409/1409 1407/1407
f 1359/1359 1360/1360 1408/1408
f 1360/1360 1411/1411 1409/1409
f 1360/1360 1358/1358 1410/1410
f 1411/1411 1414/1414 1412/1412
f 1411/1411 1410/1410 1413/1413
f 1410/1410 1416/1416 1415/1415
f 1358/1358 1357/1357 1416/1416
f 1417/1417 1415/1415 1416/1416
f 1418/1418 1416/1416 1357/1357
f 1419/1419 1421/1421 1415/1415
f 1420/1420 1423/1423 1421/1421
f 1422/1422 1421/1421 1423/1423
f 1413/1413 1415/1415 1421/1421
f 1425/1425 1422/1422 1424/1424
f 1414/1414 1413/1413 1422/1422
f 1414/1414 1425/1425 1427/1427
f 1425/1425 1426/1426 1428/1428
f 1426/1426 1431/1431 1429/1429
f 1426/1426 1424/1424 1430/1430
f 1431/1431 1434/1434 1432/1432
f 1431/1431 1430/1430 1433/1433
f 1428/1428 1429/1429 1435/1435
f 1429/1429 1432/1432 1437/1437
f 1438/1438 4472/4472 1436/1436
f 1439/1439 1438/1438 1435/1435
f 1440/1440 1439/1439 1437/1437
f 1442/1442 1440/1440 1441/1441
f 1444/1444 1446/1446 1443/1443
f 1432/1432 1444/1444 1441/1441
f 1434/1434 1445/1445 1444/1444
f 1445/1445 1448/1448 1446/1446
f 1446/1446 1449/1449 1447/1447
f 1448/1448 1452/1452 1449/1449
f 1445/1445 1559/1559 1450/1450
f 1448/1448 1450/1450 1451/1451
f 1452/1452 1455/1455 1453/1453
f 1452/1452 1451/1451 1454/1454
f 1450/1450 1553/1553 1456/1456
f 1451/1451 1456/1456 1457/1457
f 1454/1454 5263/5263 1458/1458
f 1458/1458 5264/5264 1455/1455
f 1457/1457 1549/1549 1459/1459
f 1459/1459 5263/5263 1454/1454
f 1462/1462 5265/5265 1460/1460
f 1460/1460 5266/5266 1461/1461
f 1464/1464 5267/5267 1463/1463
f 1463/1463 5265/5265 1462/1462
f 1455/1455 5264/5264 1465/1465
f 1465/1465 5268/5268 1453/1453
f 1467/1467 5269/5269 1466/1466
f 1466/1466 5267/5267 1464/1464
f 1453/1453 5268/5268 1468/1468
f 1468/1468 5270/5270 1469/1469
f 1471/1471 2473/2473 1470/1470
f 1470/1470 5269/5269 1467/1467
f 1472/1472 1473/1473 1467/1467
f 1473/1473 1476/1476 1471/1471
f 1474/1474 1475/1475 1473/1473
f 1475/1475 5271/5271 1476/1476
f 1476/1476 5271/5271 1477/1477
f 5271/5271 5272/5272 1477/1477
f 1476/1476 1478/1478 1479/1479
f 1479/1479 5273/5273 1471/1471
f 1984/1984 5274/5274 5275/5275
f 5274/5274 1480/1480 1482/1482
f 5275/5275 5274/5274 1482/1482
f 1482/1482 1481/1481 1483/1483
f 1481/1481 5276/5276 1483/1483
f 1487/1487 5277/5277 1485/1485
f 1485/1485 5276/5276 1486/1486
f 1488/1488 1970/1970 1489/1489
f 1493/1493 1488/1488 5278/5278
f 1488/1488 1490/1490 5278/5278
f 5278/5278 1491/1491 1493/1493
f 1495/1495 5279/5279 1494/1494
f 1494/1494 5277/5277 1487/1487
f 1492/1492 1491/1491 1498/1498
f 1491/1491 1496/1496 1498/1498
f 1496/1496 1499/1499 1497/1497
f 1499/1499 5280/5280 1497/1497
f 1499/1499 5279/5279 1495/1495
f 5281/5281 5282/5282 5283/5283
f 5281/5281 5283/5283 5284/5284
f 5283/5283 5285/5285 5284/5284
f 5286/5286 5284/5284 5287/5287
f 1503/1503 5288/5288 1501/1501
f 5288/5288 5286/5286 5289/5289
f 5290/5290 5291/5291 1502/1502
f 5291/5291 1503/1503 1502/1502
f 5292/5292 5293/5293 5290/5290
f 5294/5294 5295/5295 5296/5296
f 5295/5295 5292/5292 5297/5297
f 5295/5295 5297/5297 5296/5296
f 5292/5292 5290/5290 5298/5298
f 5297/5297 5292/5292 5299/5299
f 5288/5288 5289/5289 1501/1501
f 5284/5284 5285/5285 5300/5300
f 5284/5284 5300/5300 5301/5301
f 5302/5302 5303/5303 5304/5304
f 5305/5305 5302/5302 5306/5306
f 5302/5302 5304/5304 5306/5306
f 5307/5307 5305/5305 5308/5308
f 5305/5305 5306/5306 5308/5308
f 5309/5309 5307/5307 5310/5310
f 5307/5307 5308/5308 5310/5310
f 5311/5311 5312/5312 5313/5313
f 5313/5313 5309/5309 5314/5314
f 5309/5309 5310/5310 5315/5315
f 5309/5309 5315/5315 5314/5314
f 5310/5310 5316/5316 5317/5317
f 5315/5315 5310/5310 5317/5317
f 5318/5318 5311/5311 5313/5313
f 5314/5314 5318/5318 5313/5313
f 5316/5316 5294/5294 5319/5319
f 5284/5284 5301/5301 5287/5287
f 5289/5289 5286/5286 5320/5320
f 5317/5317 5316/5316 5319/5319
f 5301/5301 5321/5321 5287/5287
f 5320/5320 5286/5286 5322/5322
f 5321/5321 5323/5323 5324/5324
f 5322/5322 5286/5286 5287/5287
f 5325/5325 5326/5326 5327/5327
f 5327/5327 5328/5328 5329/5329
f 5328/5328 5330/5330 5331/5331
f 5327/5327 5329/5329 5325/5325
f 5330/5330 5332/5332 5333/5333
f 5330/5330 5333/5333 5334/5334
f 5329/5329 5328/5328 5335/5335
f 5335/5335 5328/5328 5336/5336
f 5330/5330 5334/5334 5331/5331
f 5331/5331 5337/5337 5328/5328
f 5336/5336 5328/5328 5338/5338
f 5328/5328 5337/5337 5338/5338
f 5338/5338 5337/5337 5323/5323
f 5337/5337 5324/5324 5323/5323
f 5296/5296 5319/5319 5294/5294
f 5324/5324 5287/5287 5321/5321
f 5299/5299 5292/5292 5298/5298
f 1502/1502 5298/5298 5290/5290
f 5339/5339 1511/1511 1506/1506
f 1511/1511 1504/1504 1506/1506
f 1508/1508 5340/5340 1507/1507
f 1507/1507 1500/1500 1495/1495
f 1511/1511 5339/5339 1509/1509
f 1509/1509 5341/5341 1510/1510
f 1513/1513 5342/5342 1512/1512
f 1512/1512 5340/5340 1508/1508
f 1510/1510 5341/5341 1514/1514
f 1514/1514 5343/5343 1515/1515
f 1517/1517 5344/5344 1516/1516
f 1516/1516 5342/5342 1513/1513
f 1515/1515 5343/5343 1518/1518
f 1518/1518 5345/5345 1519/1519
f 1521/1521 5346/5346 1520/1520
f 1520/1520 5344/5344 1517/1517
f 1519/1519 5345/5345 1522/1522
f 1522/1522 5347/5347 1523/1523
f 1524/1524 1528/1528 1525/1525
f 1527/1527 1530/1530 1525/1525
f 1527/1527 1532/1532 1529/1529
f 1523/1523 5347/5347 1531/1531
f 1531/1531 5348/5348 1532/1532
f 1534/1534 5349/5349 1533/1533
f 1533/1533 5346/5346 1521/1521
f 1535/1535 5349/5349 1534/1534
f 1537/1537 1538/1538 1534/1534
f 1536/1536 1534/1534 1538/1538
f 1540/1540 1541/1541 1538/1538
f 1541/1541 5350/5350 1539/1539
f 1542/1542 1565/1565 1543/1543
f 1544/1544 1543/1543 1545/1545
f 1547/1547 5351/5351 1546/1546
f 1457/1457 1551/1551 5352/5352
f 5352/5352 1548/1548 1457/1457
f 1461/1461 5266/5266 1550/1550
f 1550/1550 1547/1547 1545/1545
f 1551/1551 1457/1457 1456/1456
f 1552/1552 1456/1456 1553/1553
f 1554/1554 1553/1553 1555/1555
f 1556/1556 1555/1555 1557/1557
f 1559/1559 1555/1555 1553/1553
f 1433/1433 1557/1557 1555/1555
f 1434/1434 1433/1433 1559/1559
f 1430/1430 1560/1560 1557/1557
f 1558/1558 1557/1557 1560/1560
f 1424/1424 1423/1423 1560/1560
f 1561/1561 1560/1560 1423/1423
f 1543/1543 1562/1562 1461/1461
f 1562/1562 1564/1564 1462/1462
f 1563/1563 1566/1566 1564/1564
f 1565/1565 1563/1563 1562/1562
f 1564/1564 1472/1472 1464/1464
f 1566/1566 1474/1474 1472/1472
f 1567/1567 1570/1570 1568/1568
f 1540/1540 1537/1537 1570/1570
f 1513/1513 1568/1568 1570/1570
f 1517/1517 1570/1570 1537/1537
f 1569/1569 1568/1568 1571/1571
f 1508/1508 1571/1571 1568/1568
f 1572/1572 1571/1571 1487/1487
f 1495/1495 1487/1487 1571/1571
f 1573/1573 1576/1576 1530/1530
f 1530/1530 1576/1576 1574/1574
f 1575/1575 1574/1574 1576/1576
f 1573/1573 5353/5353 1577/1577
f 1578/1578 1579/1579 1574/1574
f 1574/1574 1579/1579 1526/1526
f 1579/1579 1598/1598 1580/1580
f 1581/1581 1598/1598 1579/1579
f 1582/1582 1588/1588 1583/1583
f 1585/1585 1584/1584 1583/1583
f 1587/1587 1593/1593 1586/1586
f 1587/1587 1583/1583 1588/1588
f 1590/1590 1585/1585 1586/1586
f 1592/1592 1591/1591 1586/1586
f 1594/1594 1590/1590 1591/1591
f 1595/1595 1591/1591 1592/1592
f 1581/1581 1599/1599 1597/1597
f 1599/1599 1594/1594 1600/1600
f 1601/1601 1603/1603 1597/1597
f 1601/1601 5354/5354 1602/1602
f 1602/1602 1604/1604 1580/1580
f 1580/1580 1598/1598 1597/1597
f 1524/1524 1526/1526 1580/1580
f 1605/1605 1592/1592 1593/1593
f 1592/1592 1605/1605 1607/1607
f 1605/1605 5355/5355 1607/1607
f 1608/1608 1620/1620 1609/1609
f 1611/1611 1610/1610 1609/1609
f 5327/5327 5326/5326 5356/5356
f 5327/5327 5356/5356 5357/5357
f 5356/5356 5358/5358 5357/5357
f 5359/5359 5357/5357 5358/5358
f 5360/5360 5361/5361 5362/5362
f 5361/5361 5359/5359 5358/5358
f 5362/5362 5361/5361 5358/5358
f 5363/5363 5364/5364 5365/5365
f 5364/5364 5360/5360 5362/5362
f 5366/5366 5367/5367 5368/5368
f 5367/5367 5363/5363 5365/5365
f 1615/1615 5369/5369 1613/1613
f 5369/5369 5366/5366 1613/1613
f 5370/5370 5371/5371 5372/5372
f 5371/5371 1615/1615 1614/1614
f 5370/5370 5372/5372 5373/5373
f 5374/5374 5375/5375 5376/5376
f 5375/5375 5370/5370 5373/5373
f 5374/5374 5376/5376 5377/5377
f 5282/5282 5281/5281 5374/5374
f 5377/5377 5282/5282 5374/5374
f 5364/5364 5362/5362 5365/5365
f 5367/5367 5365/5365 5368/5368
f 5376/5376 5375/5375 5373/5373
f 5372/5372 5371/5371 1614/1614
f 5366/5366 5368/5368 1613/1613
f 1612/1612 1609/1609 1616/1616
f 1618/1618 1617/1617 1616/1616
f 1620/1620 1622/1622 1616/1616
f 1621/1621 1619/1619 1616/1616
f 1623/1623 1621/1621 1622/1622
f 1624/1624 1622/1622 1620/1620
f 1626/1626 1629/1629 1623/1623
f 1626/1626 1624/1624 1625/1625
f 1623/1623 1630/1630 1628/1628
f 1629/1629 1636/1636 1630/1630
f 1631/1631 1629/1629 1626/1626
f 1633/1633 1636/1636 1629/1629
f 1634/1634 1636/1636 1633/1633
f 1634/1634 4467/4467 1630/1630
f 1637/1637 4468/4468 1638/1638
f 1639/1639 1638/1638 1640/1640
f 1633/1633 5378/5378 1642/1642
f 1642/1642 5379/5379 1635/1635
f 1640/1640 5380/5380 1643/1643
f 1644/1644 5381/5381 1645/1645
f 1647/1647 4471/4471 1644/1644
f 1650/1650 1651/1651 1648/1648
f 1651/1651 1645/1645 1648/1648
f 1651/1651 1650/1650 1652/1652
f 1650/1650 1649/1649 1654/1654
f 1654/1654 5382/5382 1655/1655
f 1655/1655 1681/1681 1652/1652
f 1653/1653 1652/1652 1656/1656
f 1652/1652 1681/1681 1658/1658
f 1659/1659 1657/1657 1656/1656
f 1658/1658 1663/1663 1660/1660
f 1661/1661 1659/1659 1660/1660
f 1663/1663 1666/1666 1662/1662
f 1664/1664 1675/1675 1663/1663
f 1663/1663 1675/1675 1665/1665
f 1667/1667 1662/1662 1666/1666
f 1668/1668 1666/1666 1665/1665
f 1670/1670 1669/1669 1665/1665
f 1672/1672 1670/1670 1671/1671
f 1674/1674 1677/1677 1673/1673
f 1675/1675 1674/1674 1671/1671
f 1676/1676 1680/1680 1677/1677
f 1676/1676 1674/1674 1675/1675
f 1678/1678 1676/1676 1664/1664
f 1678/1678 1718/1718 1680/1680
f 1681/1681 1679/1679 1664/1664
f 1682/1682 1679/1679 1681/1681
f 1682/1682 1684/1684 1678/1678
f 1682/1682 5383/5383 1683/1683
f 1683/1683 5384/5384 1684/1684
f 1655/1655 5382/5382 1685/1685
f 1685/1685 5383/5383 1682/1682
f 1698/1698 5385/5385 1688/1688
f 5385/5385 1686/1686 1688/1688
f 1686/1686 5386/5386 1687/1687
f 1687/1687 5386/5386 1689/1689
f 1689/1689 5387/5387 1690/1690
f 1691/1691 1687/1687 1689/1689
f 1694/1694 5388/5388 1692/1692
f 1692/1692 5389/5389 1693/1693
f 1696/1696 5390/5390 1695/1695
f 1695/1695 5388/5388 1694/1694
f 5391/5391 5392/5392 1697/1697
f 1697/1697 5385/5385 1698/1698
f 1699/1699 5391/5391 1697/1697
f 1701/1701 5393/5393 1700/1700
f 1700/1700 5390/5390 1696/1696
f 5394/5394 5395/5395 5396/5396
f 5395/5395 5397/5397 5396/5396
f 5397/5397 5398/5398 5396/5396
f 5399/5399 5396/5396 5398/5398
f 5400/5400 5401/5401 5402/5402
f 5401/5401 5399/5399 5403/5403
f 5400/5400 5402/5402 5404/5404
f 5405/5405 5406/5406 5407/5407
f 5406/5406 5400/5400 5404/5404
f 5408/5408 1704/1704 1703/1703
f 1704/1704 5405/5405 1702/1702
f 5409/5409 5410/5410 5411/5411
f 5410/5410 5408/5408 5411/5411
f 5411/5411 5408/5408 1703/1703
f 5412/5412 5413/5413 5414/5414
f 5413/5413 5409/5409 5411/5411
f 5414/5414 5413/5413 5411/5411
f 5415/5415 5416/5416 5417/5417
f 5416/5416 5412/5412 5414/5414
f 5417/5417 5418/5418 5415/5415
f 5414/5414 5417/5417 5416/5416
f 5405/5405 5407/5407 1702/1702
f 5406/5406 5404/5404 5407/5407
f 5399/5399 5398/5398 5403/5403
f 5403/5403 5402/5402 5401/5401
f 5393/5393 1701/1701 1707/1707
f 1701/1701 1705/1705 1707/1707
f 5392/5392 5391/5391 1708/1708
f 1708/1708 5419/5419 1709/1709
f 1710/1710 5392/5392 1708/1708
f 1711/1711 5420/5420 1712/1712
f 1716/1716 5421/5421 1714/1714
f 1714/1714 5422/5422 1715/1715
f 1684/1684 5384/5384 1717/1717
f 1717/1717 5421/5421 1716/1716
f 1684/1684 1716/1716 1718/1718
f 1715/1715 2513/2513 1718/1718
f 1719/1719 1725/1725 1720/1720
f 1722/1722 1721/1721 1720/1720
f 1724/1724 2498/2498 1723/1723
f 1725/1725 1729/1729 1724/1724
f 5423/5423 1728/1728 1727/1727
f 1728/1728 5424/5424 1726/1726
f 5424/5424 5425/5425 1726/1726
f 1729/1729 5426/5426 1730/1730
f 5427/5427 1733/1733 5428/5428
f 1733/1733 5426/5426 1731/1731
f 5428/5428 1733/1733 1732/1732
f 5426/5426 5429/5429 1731/1731
f 1734/1734 1740/1740 1735/1735
f 1737/1737 2498/2498 1724/1724
f 1736/1736 1735/1735 1738/1738
f 1740/1740 1745/1745 1741/1741
f 1742/1742 1738/1738 1735/1735
f 1743/1743 1742/1742 1741/1741
f 1745/1745 5430/5430 1744/1744
f 1746/1746 1750/1750 1747/1747
f 1746/1746 5430/5430 1749/1749
f 1751/1751 5431/5431 1752/1752
f 1754/1754 1757/1757 1750/1750
f 1757/1757 1754/1754 1755/1755
f 1754/1754 5432/5432 1755/1755
f 1758/1758 1761/1761 1759/1759
f 1761/1761 1768/1768 1762/1762
f 1764/1764 1786/1786 1763/1763
f 1763/1763 1760/1760 1759/1759
f 1765/1765 1764/1764 1759/1759
f 1766/1766 1765/1765 1762/1762
f 1768/1768 5433/5433 1767/1767
f 1767/1767 5433/5433 1770/1770
f 1770/1770 1769/1769 1767/1767
f 1770/1770 2186/2186 1771/1771
f 1772/1772 1775/1775 1769/1769
f 1769/1769 1775/1775 1773/1773
f 1775/1775 1777/1777 1773/1773
f 1774/1774 1778/1778 1775/1775
f 1775/1775 1778/1778 1777/1777
f 1778/1778 2194/2194 1776/1776
f 1776/1776 1782/1782 1779/1779
f 1777/1777 1779/1779 1780/1780
f 1779/1779 1783/1783 1781/1781
f 1782/1782 1792/1792 1783/1783
f 1773/1773 1780/1780 1765/1765
f 1780/1780 1781/1781 1764/1764
f 1784/1784 1781/1781 1783/1783
f 1781/1781 1784/1784 5434/5434
f 5434/5434 1786/1786 1781/1781
f 1789/1789 5435/5435 1787/1787
f 1787/1787 5436/5436 1788/1788
f 1788/1788 5436/5436 1790/1790
f 1790/1790 5437/5437 1791/1791
f 1785/1785 1783/1783 1792/1792
f 1794/1794 1797/1797 5438/5438
f 5438/5438 1793/1793 1794/1794
f 1791/1791 5437/5437 1795/1795
f 1795/1795 5439/5439 1796/1796
f 1798/1798 1802/1802 5440/5440
f 5440/5440 1797/1797 1798/1798
f 1796/1796 5439/5439 1799/1799
f 1799/1799 5441/5441 1800/1800
f 1801/1801 5442/5442 1802/1802
f 1803/1803 1798/1798 1794/1794
f 1803/1803 5443/5443 1805/1805
f 1805/1805 1801/1801 1798/1798
f 5444/5444 1807/1807 1806/1806
f 1807/1807 1813/1813 1808/1808
f 2193/2193 1811/1811 1810/1810
f 1811/1811 1807/1807 5444/5444
f 1809/1809 1811/1811 5444/5444
f 1812/1812 1816/1816 1813/1813
f 1812/1812 1807/1807 1811/1811
f 1815/1815 1865/1865 1816/1816
f 1815/1815 1812/1812 1814/1814
f 1811/1811 2192/2192 1818/1818
f 1817/1817 1814/1814 1818/1818
f 1815/1815 1817/1817 1820/1820
f 1820/1820 1817/1817 1819/1819
f 1819/1819 1824/1824 1823/1823
f 1818/1818 2134/2134 1824/1824
f 1823/1823 1824/1824 1825/1825
f 1824/1824 2134/2134 1827/1827
f 1830/1830 1823/1823 1828/1828
f 1823/1823 1826/1826 1828/1828
f 5445/5445 1822/1822 1831/1831
f 1822/1822 1823/1823 1831/1831
f 1834/1834 1845/1845 1832/1832
f 1833/1833 5446/5446 1834/1834
f 1837/1837 1892/1892 1835/1835
f 1892/1892 5447/5447 1835/1835
f 5447/5447 5448/5448 1835/1835
f 1840/1840 5449/5449 1838/1838
f 1838/1838 5450/5450 1839/1839
f 1849/1849 1843/1843 1842/1842
f 1843/1843 1845/1845 1841/1841
f 1845/1845 1834/1834 1841/1841
f 1832/1832 1845/1845 1844/1844
f 1845/1845 1843/1843 1846/1846
f 1843/1843 1848/1848 1847/1847
f 5451/5451 1853/1853 1867/1867
f 1853/1853 1848/1848 1849/1849
f 1867/1867 1853/1853 1849/1849
f 1847/1847 1848/1848 1850/1850
f 1848/1848 1853/1853 1851/1851
f 1851/1851 1853/1853 1852/1852
f 1853/1853 1857/1857 1854/1854
f 1857/1857 1853/1853 5451/5451
f 5451/5451 1855/1855 1857/1857
f 5452/5452 1821/1821 1859/1859
f 1821/1821 1820/1820 1859/1859
f 1858/1858 1820/1820 1861/1861
f 1820/1820 1822/1822 1861/1861
f 1822/1822 5445/5445 1860/1860
f 1864/1864 1821/1821 1862/1862
f 1821/1821 5452/5452 1862/1862
f 1821/1821 1864/1864 1865/1865
f 1856/1856 5453/5453 1854/1854
f 1866/1866 5454/5454 1867/1867
f 5455/5455 1867/1867 1871/1871
f 1867/1867 1869/1869 1871/1871
f 1873/1873 1879/1879 1872/1872
f 1872/1872 5449/5449 1840/1840
f 1882/1882 1876/1876 1875/1875
f 1876/1876 1870/1870 1874/1874
f 1878/1878 1883/1883 5456/5456
f 5456/5456 1879/1879 1878/1878
f 1879/1879 1873/1873 1877/1877
f 1882/1882 1875/1875 5457/5457
f 5457/5457 1880/1880 1882/1882
f 1881/1881 5458/5458 1876/1876
f 1887/1887 5459/5459 5460/5460
f 1884/1884 5461/5461 1883/1883
f 1887/1887 5460/5460 1878/1878
f 5460/5460 1884/1884 1878/1878
f 1877/1877 1888/1888 5462/5462
f 5462/5462 1885/1885 1877/1877
f 1878/1878 1885/1885 5463/5463
f 5463/5463 1886/1886 1878/1878
f 1873/1873 1893/1893 5464/5464
f 5464/5464 1888/1888 1873/1873
f 1891/1891 1960/1960 5465/5465
f 5465/5465 1889/1889 1891/1891
f 1890/1890 1889/1889 5466/5466
f 5466/5466 1892/1892 1890/1890
f 1840/1840 1839/1839 5467/5467
f 5467/5467 1893/1893 1840/1840
f 1836/1836 5468/5468 1894/1894
f 1837/1837 1894/1894 5469/5469
f 5469/5469 1895/1895 1837/1837
f 1897/1897 5470/5470 1898/1898
f 1898/1898 5471/5471 1896/1896
f 5471/5471 5472/5472 1896/1896
f 1900/1900 5473/5473 1901/1901
f 1901/1901 5474/5474 1899/1899
f 5474/5474 5475/5475 1899/1899
f 5475/5475 5476/5476 1899/1899
f 5476/5476 5477/5477 1899/1899
f 1828/1828 1826/1826 1902/1902
f 1826/1826 5478/5478 1903/1903
f 5478/5478 1826/1826 1905/1905
f 1826/1826 1825/1825 1905/1905
f 1907/1907 1911/1911 1908/1908
f 1908/1908 5473/5473 1906/1906
f 5473/5473 1900/1900 1906/1906
f 1904/1904 1825/1825 1910/1910
f 1825/1825 1827/1827 1910/1910
f 2126/2126 5479/5479 1912/1912
f 5479/5479 1911/1911 1912/1912
f 1913/1913 1917/1917 5480/5480
f 5480/5480 1914/1914 1913/1913
f 1914/1914 5481/5481 1915/1915
f 1913/1913 5482/5482 1916/1916
f 5482/5482 5483/5483 1916/1916
f 5483/5483 5484/5484 1916/1916
f 1915/1915 2124/2124 1918/1918
f 1918/1918 5485/5485 1919/1919
f 1919/1919 5482/5482 1913/1913
f 1922/1922 5486/5486 1920/1920
f 1920/1920 5487/5487 1921/1921
f 1921/1921 5487/5487 1923/1923
f 1923/1923 5488/5488 1924/1924
f 1925/1925 5485/5485 1918/1918
f 1927/1927 1925/1925 1926/1926
f 1924/1924 5488/5488 1931/1931
f 5488/5488 1929/1929 1931/1931
f 1921/1921 1924/1924 1932/1932
f 1924/1924 1931/1931 1934/1934
f 1931/1931 1930/1930 1937/1937
f 1930/1930 1935/1935 1937/1937
f 1931/1931 1937/1937 1938/1938
f 1937/1937 1936/1936 1939/1939
f 1936/1936 5489/5489 1940/1940
f 1937/1937 1939/1939 5490/5490
f 5490/5490 1941/1941 1937/1937
f 1938/1938 1945/1945 1934/1934
f 1945/1945 1942/1942 1934/1934
f 1938/1938 1941/1941 5491/5491
f 5491/5491 1944/1944 1938/1938
f 1947/1947 1950/1950 1948/1948
f 1948/1948 1969/1969 1946/1946
f 1969/1969 5492/5492 1946/1946
f 1950/1950 1947/1947 1951/1951
f 1951/1951 5493/5493 1949/1949
f 5493/5493 1956/1956 1949/1949
f 1934/1934 1943/1943 1932/1932
f 1943/1943 1952/1952 1932/1932
f 1956/1956 5493/5493 1954/1954
f 1954/1954 1972/1972 1955/1955
f 1890/1890 1895/1895 5494/5494
f 1957/1957 5495/5495 1891/1891
f 1890/1890 5494/5494 1957/1957
f 1891/1891 5495/5495 1958/1958
f 1958/1958 5496/5496 1959/1959
f 1959/1959 1964/1964 5497/5497
f 5497/5497 1960/1960 1959/1959
f 1959/1959 5496/5496 1961/1961
f 5496/5496 5498/5498 1961/1961
f 1959/1959 1962/1962 1963/1963
f 1962/1962 5499/5499 1963/1963
f 1488/1488 1493/1493 5500/5500
f 5500/5500 5501/5501 1488/1488
f 5501/5501 1965/1965 1488/1488
f 1967/1967 5459/5459 1887/1887
f 1970/1970 1488/1488 1968/1968
f 1488/1488 1966/1966 1968/1968
f 1972/1972 1954/1954 1973/1973
f 1973/1973 5470/5470 1971/1971
f 5470/5470 1897/1897 1971/1971
f 1932/1932 1953/1953 1933/1933
f 1953/1953 1974/1974 1933/1933
f 1933/1933 1975/1975 1978/1978
f 1975/1975 1976/1976 1978/1978
f 1977/1977 5502/5502 1979/1979
f 1980/1980 1922/1922 1978/1978
f 1922/1922 1921/1921 1933/1933
f 1981/1981 5486/5486 1922/1922
f 5274/5274 1984/1984 1983/1983
f 1984/1984 5503/5503 1982/1982
f 5503/5503 5504/5504 1982/1982
f 1987/1987 5505/5505 1985/1985
f 5505/5505 2471/2471 1985/1985
f 1987/1987 1986/1986 1988/1988
f 1988/1988 1927/1927 1928/1928
f 1989/1989 1991/1991 1987/1987
f 1990/1990 5505/5505 1987/1987
f 1992/1992 1989/1989 1928/1928
f 1989/1989 1997/1997 1993/1993
f 1994/1994 1997/1997 1989/1989
f 1994/1994 5506/5506 1997/1997
f 5506/5506 1995/1995 1997/1997
f 1997/1997 1996/1996 1993/1993
f 1996/1996 1998/1998 1993/1993
f 1999/1999 5507/5507 1993/1993
f 2000/2000 1990/1990 1991/1991
f 1993/1993 5507/5507 2000/2000
f 5507/5507 2001/2001 2000/2000
f 2003/2003 5508/5508 2004/2004
f 2008/2008 2009/2009 2006/2006
f 2007/2007 5509/5509 2008/2008
f 2009/2009 2008/2008 2010/2010
f 2011/2011 2010/2010 2012/2012
f 2013/2013 2012/2012 2014/2014
f 2012/2012 2017/2017 2016/2016
f 2010/2010 2019/2019 2017/2017
f 2017/2017 2020/2020 2018/2018
f 2019/2019 2022/2022 2020/2020
f 2021/2021 2023/2023 2020/2020
f 2023/2023 2026/2026 2018/2018
f 2016/2016 2018/2018 2024/2024
f 2026/2026 2028/2028 2024/2024
f 2027/2027 2031/2031 2028/2028
f 2029/2029 2027/2027 2026/2026
f 2030/2030 2198/2198 2031/2031
f 2032/2032 2030/2030 2027/2027
f 2033/2033 2029/2029 2023/2023
f 2034/2034 2032/2032 2029/2029
f 2035/2035 2033/2033 2021/2021
f 2037/2037 2034/2034 2033/2033
f 2036/2036 5510/5510 2038/2038
f 2038/2038 5511/5511 2035/2035
f 2035/2035 5511/5511 5512/5512
f 5512/5512 2039/2039 2035/2035
f 2040/2040 5513/5513 2041/2041
f 2042/2042 2041/2041 2043/2043
f 2041/2041 2047/2047 2045/2045
f 2041/2041 5513/5513 2046/2046
f 2046/2046 5514/5514 2047/2047
f 2047/2047 5514/5514 2050/2050
f 5514/5514 2048/2048 2050/2050
f 2047/2047 2050/2050 2051/2051
f 2045/2045 2051/2051 2052/2052
f 2043/2043 2045/2045 2053/2053
f 2051/2051 2056/2056 2055/2055
f 2050/2050 2057/2057 2056/2056
f 2057/2057 2068/2068 2058/2058
f 2056/2056 2058/2058 2059/2059
f 2061/2061 2062/2062 2055/2055
f 2055/2055 2059/2059 2061/2061
f 2062/2062 2183/2183 2052/2052
f 2183/2183 2053/2053 2052/2052
f 2058/2058 2065/2065 2060/2060
f 2063/2063 2069/2069 2064/2064
f 2064/2064 5515/5515 2061/2061
f 2061/2061 2060/2060 2064/2064
f 2065/2065 2067/2067 2063/2063
f 2066/2066 2005/2005 2067/2067
f 2068/2068 2066/2066 2065/2065
f 2069/2069 2063/2063 2067/2067
f 2005/2005 2004/2004 2071/2071
f 2071/2071 2070/2070 2067/2067
f 2066/2066 2074/2074 2005/2005
f 2074/2074 2072/2072 2005/2005
f 2068/2068 5516/5516 2066/2066
f 5516/5516 2073/2073 2066/2066
f 2075/2075 5516/5516 2068/2068
f 2078/2078 5517/5517 2076/2076
f 2076/2076 5518/5518 2077/2077
f 2049/2049 2075/2075 2057/2057
f 2077/2077 5518/5518 2079/2079
f 2079/2079 5510/5510 2036/2036
f 2078/2078 2077/2077 2022/2022
f 2036/2036 2021/2021 2022/2022
f 2008/2008 5509/5509 2080/2080
f 2080/2080 5517/5517 2078/2078
f 2008/2008 2078/2078 2019/2019
f 2061/2061 5515/5515 2081/2081
f 2081/2081 2087/2087 2082/2082
f 2062/2062 2061/2061 2082/2082
f 2083/2083 2082/2082 2084/2084
f 2086/2086 2084/2084 2082/2082
f 2094/2094 2093/2093 1994/1994
f 2093/2093 2088/2088 1994/1994
f 2089/2089 5506/5506 1994/1994
f 2084/2084 2086/2086 5519/5519
f 5519/5519 2090/2090 2084/2084
f 2122/2122 5520/5520 2094/2094
f 5520/5520 2092/2092 2094/2094
f 2091/2091 2090/2090 2095/2095
f 2095/2095 2110/2110 2096/2096
f 2085/2085 2084/2084 2091/2091
f 2097/2097 2091/2091 2096/2096
f 2097/2097 2100/2100 2085/2085
f 2100/2100 2099/2099 2085/2085
f 2100/2100 2097/2097 2098/2098
f 2103/2103 2105/2105 2102/2102
f 2102/2102 2101/2101 2098/2098
f 2098/2098 2096/2096 2104/2104
f 2105/2105 2103/2103 2106/2106
f 2103/2103 2104/2104 2108/2108
f 2109/2109 2104/2104 2096/2096
f 2111/2111 2108/2108 2104/2104
f 2112/2112 2113/2113 2108/2108
f 2113/2113 2185/2185 2106/2106
f 5521/5521 5522/5522 5523/5523
f 5522/5522 5524/5524 5523/5523
f 5525/5525 5521/5521 2114/2114
f 5521/5521 5523/5523 2114/2114
f 5526/5526 5527/5527 2116/2116
f 2116/2116 5525/5525 2114/2114
f 2115/2115 5526/5526 2116/2116
f 5528/5528 5529/5529 2119/2119
f 5529/5529 2117/2117 2119/2119
f 2122/2122 5530/5530 5531/5531
f 2122/2122 5531/5531 5532/5532
f 2121/2121 5520/5520 2122/2122
f 2122/2122 5532/5532 2120/2120
f 1915/1915 5481/5481 2123/2123
f 2123/2123 5530/5530 2122/2122
f 2122/2122 2094/2094 2124/2124
f 5529/5529 5528/5528 2127/2127
f 5528/5528 2125/2125 2127/2127
f 2125/2125 5479/5479 2126/2126
f 2132/2132 2131/2131 2129/2129
f 2131/2131 2130/2130 2129/2129
f 2130/2130 5533/5533 2128/2128
f 5533/5533 5534/5534 2128/2128
f 5534/5534 5535/5535 2128/2128
f 5535/5535 5536/5536 2128/2128
f 5536/5536 5537/5537 2128/2128
f 1909/1909 1827/1827 2133/2133
f 1827/1827 2131/2131 2133/2133
f 2134/2134 2189/2189 2131/2131
f 2130/2130 2131/2131 5538/5538
f 2131/2131 2189/2189 5538/5538
f 2130/2130 5538/5538 2135/2135
f 2139/2139 5539/5539 2137/2137
f 2137/2137 2140/2140 2138/2138
f 2140/2140 5540/5540 2141/2141
f 2141/2141 5540/5540 2142/2142
f 2142/2142 5541/5541 1774/1774
f 2141/2141 1774/1774 1772/1772
f 2138/2138 2141/2141 2143/2143
f 2143/2143 1772/1772 1771/1771
f 2144/2144 2143/2143 2145/2145
f 2139/2139 2138/2138 2144/2144
f 2147/2147 2144/2144 2146/2146
f 2149/2149 2150/2150 2146/2146
f 2150/2150 2151/2151 2148/2148
f 2151/2151 2154/2154 2152/2152
f 2153/2153 2147/2147 2148/2148
f 2154/2154 2157/2157 2155/2155
f 2155/2155 2166/2166 2156/2156
f 2156/2156 2153/2153 2152/2152
f 2157/2157 2159/2159 2158/2158
f 2159/2159 5542/5542 2160/2160
f 2161/2161 2162/2162 2158/2158
f 2162/2162 2166/2166 2155/2155
f 2163/2163 2165/2165 2162/2162
f 2164/2164 2167/2167 2165/2165
f 2165/2165 2168/2168 2166/2166
f 2167/2167 2169/2169 2168/2168
f 2169/2169 2171/2171 2170/2170
f 2171/2171 2173/2173 2172/2172
f 2170/2170 2172/2172 2153/2153
f 2168/2168 2170/2170 2156/2156
f 2172/2172 2139/2139 2147/2147
f 2173/2173 5539/5539 2139/2139
f 2107/2107 5543/5543 2174/2174
f 5543/5543 5544/5544 2174/2174
f 2176/2176 2105/2105 2107/2107
f 2177/2177 2102/2102 2105/2105
f 2178/2178 2101/2101 2102/2102
f 2101/2101 2178/2178 2179/2179
f 2179/2179 2181/2181 2100/2100
f 2180/2180 2099/2099 2100/2100
f 2182/2182 2183/2183 2099/2099
f 2183/2183 2062/2062 2083/2083
f 2183/2183 2182/2182 2054/2054
f 2182/2182 2184/2184 2054/2054
f 2044/2044 2043/2043 2054/2054
f 2185/2185 5543/5543 2107/2107
f 2186/2186 2149/2149 2145/2145
f 1774/1774 5541/5541 2187/2187
f 2187/2187 5545/5545 1778/1778
f 5538/5538 2189/2189 2188/2188
f 2189/2189 2192/2192 2190/2190
f 2190/2190 2192/2192 2191/2191
f 2192/2192 1811/1811 2193/2193
f 1778/1778 5545/5545 2195/2195
f 2195/2195 2196/2196 2197/2197
f 2197/2197 2194/2194 2195/2195
f 2196/2196 5443/5443 1803/1803
f 2197/2197 1803/1803 1804/1804
f 2194/2194 1804/1804 1782/1782
f 1804/1804 1794/1794 1792/1792
f 2192/2192 2189/2189 2134/2134
f 2124/2124 2094/2094 1994/1994
f 2124/2124 1992/1992 1926/1926
f 2198/2198 2200/2200 2199/2199
f 2200/2200 2245/2245 2201/2201
f 2199/2199 2201/2201 2202/2202
f 2031/2031 2199/2199 2203/2203
f 2203/2203 2202/2202 2204/2204
f 2028/2028 2203/2203 2205/2205
f 2201/2201 2244/2244 2206/2206
f 2202/2202 2206/2206 2207/2207
f 2208/2208 2205/2205 2204/2204
f 2209/2209 2204/2204 2207/2207
f 2211/2211 2209/2209 2210/2210
f 2213/2213 2208/2208 2209/2209
f 2214/2214 2211/2211 2212/2212
f 2216/2216 2213/2213 2211/2211
f 2217/2217 2218/2218 2213/2213
f 2015/2015 2014/2014 2218/2218
f 2014/2014 2016/2016 2025/2025
f 2218/2218 2025/2025 2208/2208
f 2025/2025 2024/2024 2205/2205
f 2215/2215 2212/2212 2219/2219
f 2220/2220 2219/2219 2221/2221
f 2212/2212 2210/2210 2223/2223
f 2219/2219 2223/2223 2224/2224
f 2210/2210 2207/2207 2225/2225
f 2223/2223 2225/2225 2226/2226
f 2221/2221 2224/2224 2227/2227
f 2224/2224 2226/2226 2229/2229
f 2230/2230 2231/2231 2226/2226
f 2231/2231 2234/2234 2229/2229
f 2227/2227 2229/2229 2232/2232
f 2234/2234 2236/2236 2232/2232
f 2235/2235 2239/2239 2236/2236
f 2237/2237 2235/2235 2234/2234
f 2238/2238 2246/2246 2239/2239
f 2240/2240 2238/2238 2235/2235
f 2241/2241 2240/2240 2237/2237
f 2243/2243 2241/2241 2242/2242
f 2245/2245 2243/2243 2244/2244
f 2244/2244 2242/2242 2230/2230
f 2242/2242 2237/2237 2231/2231
f 2206/2206 2230/2230 2225/2225
f 2246/2246 2248/2248 2247/2247
f 2248/2248 2250/2250 2249/2249
f 2250/2250 5546/5546 2251/2251
f 2251/2251 5546/5546 2252/2252
f 5546/5546 5547/5547 2252/2252
f 2254/2254 5548/5548 2255/2255
f 5549/5549 5550/5550 2259/2259
f 5550/5550 2257/2257 2259/2259
f 2256/2256 2255/2255 2260/2260
f 2260/2260 5551/5551 2261/2261
f 2262/2262 2256/2256 2261/2261
f 2262/2262 2275/2275 2264/2264
f 2264/2264 2254/2254 2256/2256
f 2261/2261 5551/5551 2265/2265
f 2265/2265 5006/5006 890/890
f 2263/2263 2261/2261 890/890
f 888/888 5008/5008 2266/2266
f 2266/2266 5552/5552 2263/2263
f 2263/2263 5552/5552 2267/2267
f 2267/2267 5553/5553 2262/2262
f 2301/2301 2300/2300 2270/2270
f 2300/2300 2268/2268 2270/2270
f 2272/2272 5554/5554 2273/2273
f 2273/2273 5555/5555 2271/2271
f 5555/5555 5556/5556 2271/2271
f 2262/2262 5553/5553 2274/2274
f 5553/5553 5557/5557 2274/2274
f 2278/2278 5558/5558 2276/2276
f 5558/5558 5559/5559 5560/5560
f 5560/5560 2276/2276 5558/5558
f 5554/5554 2272/2272 5561/5561
f 2272/2272 5562/5562 5563/5563
f 2272/2272 5563/5563 2279/2279
f 2280/2280 5561/5561 2272/2272
f 2281/2281 2285/2285 2282/2282
f 2284/2284 2286/2286 2282/2282
f 2286/2286 2289/2289 2287/2287
f 2288/2288 2299/2299 2283/2283
f 2283/2283 2282/2282 2287/2287
f 2287/2287 2290/2290 2277/2277
f 2289/2289 2293/2293 2290/2290
f 2291/2291 2278/2278 2277/2277
f 2292/2292 2291/2291 2290/2290
f 2294/2294 2288/2288 2277/2277
f 2251/2251 2253/2253 2295/2295
f 2295/2295 5558/5558 2278/2278
f 2249/2249 2251/2251 2278/2278
f 2233/2233 2232/2232 2293/2293
f 2236/2236 2292/2292 2293/2293
f 2239/2239 2247/2247 2292/2292
f 2247/2247 2249/2249 2291/2291
f 2296/2296 2233/2233 2289/2289
f 2228/2228 2227/2227 2233/2233
f 2297/2297 2228/2228 2296/2296
f 2298/2298 2296/2296 2286/2286
f 2222/2222 2221/2221 2228/2228
f 894/894 893/893 2302/2302
f 893/893 2300/2300 2302/2302
f 2305/2305 5564/5564 2303/2303
f 2303/2303 5565/5565 2304/2304
f 2307/2307 5566/5566 2306/2306
f 2306/2306 5564/5564 2305/2305
f 2308/2308 2317/2317 2309/2309
f 2310/2310 2309/2309 2311/2311
f 2313/2313 5567/5567 2314/2314
f 2316/2316 2319/2319 2315/2315
f 2317/2317 783/783 782/782
f 2318/2318 2327/2327 2319/2319
f 2320/2320 2324/2324 2321/2321
f 2323/2323 2450/2450 2324/2324
f 2325/2325 2322/2322 2321/2321
f 2318/2318 773/773 772/772
f 2328/2328 2321/2321 2324/2324
f 2328/2328 2332/2332 2326/2326
f 2330/2330 2328/2328 2329/2329
f 2330/2330 2334/2334 2332/2332
f 2333/2333 2335/2335 2332/2332
f 2335/2335 759/759 2326/2326
f 2336/2336 2338/2338 2334/2334
f 2337/2337 2333/2333 2334/2334
f 2337/2337 2344/2344 2339/2339
f 2340/2340 2335/2335 2333/2333
f 2341/2341 2438/2438 2342/2342
f 2344/2344 2341/2341 2343/2343
f 2346/2346 5568/5568 2347/2347
f 5568/5568 5569/5569 2347/2347
f 2343/2343 5570/5570 2349/2349
f 5570/5570 5571/5571 2349/2349
f 2350/2350 2355/2355 2346/2346
f 2351/2351 2453/2453 2352/2352
f 2354/2354 2358/2358 2346/2346
f 2358/2358 2354/2354 2360/2360
f 2360/2360 2356/2356 2358/2358
f 2357/2357 5568/5568 2346/2346
f 2359/2359 2362/2362 2356/2356
f 5572/5572 2381/2381 2363/2363
f 2381/2381 2361/2361 2363/2363
f 5573/5573 5574/5574 2366/2366
f 5574/5574 2364/2364 2366/2366
f 2367/2367 5575/5575 2368/2368
f 2370/2370 496/496 2369/2369
f 496/496 495/495 2371/2371
f 2371/2371 5576/5576 2372/2372
f 2372/2372 2367/2367 2369/2369
f 490/490 489/489 496/496
f 576/576 577/577 2373/2373
f 2373/2373 5576/5576 2371/2371
f 2371/2371 495/495 497/497
f 5574/5574 5573/5573 2376/2376
f 5573/5573 2374/2374 2376/2376
f 2374/2374 5577/5577 2375/2375
f 2375/2375 5577/5577 2379/2379
f 5577/5577 5578/5578 2379/2379
f 5578/5578 2377/2377 2379/2379
f 2381/2381 5572/5572 2380/2380
f 2380/2380 4905/4905 587/587
f 596/596 5579/5579 5580/5580
f 2382/2382 5581/5581 2383/2383
f 596/596 5580/5580 2382/2382
f 590/590 589/589 596/596
f 598/598 5582/5582 2384/2384
f 2384/2384 5579/5579 596/596
f 684/684 4963/4963 2385/2385
f 2385/2385 2388/2388 683/683
f 597/597 4909/4909 2386/2386
f 2387/2387 5582/5582 598/598
f 598/598 597/597 2386/2386
f 2388/2388 5583/5583 682/682
f 682/682 5583/5583 2389/2389
f 2389/2389 2392/2392 2390/2390
f 2391/2391 610/610 2390/2390
f 610/610 615/615 671/671
f 2390/2390 671/671 674/674
f 2393/2393 2353/2353 2352/2352
f 2395/2395 2393/2393 2394/2394
f 2397/2397 2395/2395 2396/2396
f 2399/2399 2397/2397 2398/2398
f 2401/2401 2399/2399 2400/2400
f 2401/2401 2402/2402 385/385
f 2403/2403 2402/2402 2400/2400
f 386/386 385/385 2402/2402
f 386/386 2403/2403 2405/2405
f 2403/2403 2404/2404 2406/2406
f 380/380 384/384 2405/2405
f 2407/2407 2405/2405 2406/2406
f 2406/2406 2411/2411 2409/2409
f 2406/2406 2404/2404 2410/2410
f 2411/2411 2413/2413 2412/2412
f 2410/2410 2456/2456 2413/2413
f 2414/2414 2409/2409 2412/2412
f 2416/2416 2408/2408 2409/2409
f 2412/2412 2418/2418 2417/2417
f 2413/2413 2454/2454 2418/2418
f 2419/2419 2457/2457 2414/2414
f 2419/2419 2415/2415 2417/2417
f 2420/2420 2417/2417 2421/2421
f 2423/2423 2422/2422 2421/2421
f 2425/2425 2423/2423 2426/2426
f 2428/2428 2424/2424 2421/2421
f 2430/2430 2434/2434 2427/2427
f 2431/2431 2428/2428 2429/2429
f 2433/2433 2437/2437 2434/2434
f 2431/2431 2432/2432 2435/2435
f 2433/2433 2452/2452 2342/2342
f 2438/2438 2440/2440 2437/2437
f 2439/2439 2434/2434 2437/2437
f 2336/2336 2330/2330 2331/2331
f 2441/2441 2331/2331 2442/2442
f 2444/2444 2427/2427 2434/2434
f 2445/2445 5584/5584 2443/2443
f 2446/2446 2425/2425 2427/2427
f 2447/2447 2445/2445 2442/2442
f 2449/2449 2447/2447 2448/2448
f 2331/2331 2329/2329 2448/2448
f 2329/2329 2324/2324 2450/2450
f 2451/2451 2449/2449 2450/2450
f 2452/2452 5570/5570 2343/2343
f 2436/2436 2435/2435 2352/2352
f 2454/2454 2455/2455 2435/2435
f 2455/2455 2394/2394 2352/2352
f 2456/2456 2455/2455 2454/2454
f 2456/2456 2396/2396 2394/2394
f 2398/2398 2396/2396 2456/2456
f 2418/2418 2454/2454 2432/2432
f 2418/2418 2429/2429 2421/2421
f 2457/2457 2459/2459 2416/2416
f 2458/2458 2460/2460 2416/2416
f 2407/2407 2408/2408 2416/2416
f 2461/2461 381/381 2460/2460
f 380/380 2407/2407 2460/2460
f 2461/2461 2462/2462 378/378
f 2462/2462 370/370 371/371
f 2404/2404 2400/2400 2398/2398
f 760/760 759/759 2335/2335
f 2325/2325 2326/2326 759/759
f 2465/2465 5585/5585 2464/2464
f 2464/2464 2312/2312 2311/2311
f 2467/2467 5004/5004 2466/2466
f 2466/2466 5566/5566 2307/2307
f 866/866 4997/4997 2468/2468
f 2468/2468 5585/5585 2465/2465
f 866/866 2465/2465 786/786
f 2465/2465 2311/2311 784/784
f 2311/2311 2309/2309 782/782
f 2469/2469 5586/5586 2470/2470
f 1471/1471 5273/5273 2472/2472
f 2472/2472 2474/2474 2473/2473
f 1469/1469 5270/5270 5587/5587
f 5587/5587 2474/2474 1469/1469
f 2475/2475 2476/2476 1447/1447
f 1449/1449 1453/1453 1469/1469
f 2476/2476 1442/1442 1443/1443
f 1800/1800 2478/2478 2477/2477
f 2478/2478 5588/5588 2479/2479
f 2480/2480 5589/5589 2481/2481
f 2479/2479 2491/2491 2483/2483
f 2480/2480 2482/2482 2484/2484
f 2482/2482 2503/2503 2486/2486
f 2487/2487 2503/2503 2482/2482
f 2486/2486 2495/2495 2488/2488
f 2489/2489 2485/2485 2484/2484
f 2488/2488 2495/2495 1738/1738
f 1743/1743 2489/2489 2488/2488
f 2490/2490 2492/2492 2483/2483
f 2490/2490 1748/1748 1747/1747
f 1791/1791 2483/2483 2492/2492
f 1789/1789 1788/1788 2492/2492
f 1791/1791 1796/1796 2477/2477
f 1789/1789 1747/1747 1750/1750
f 1757/1757 1756/1756 2493/2493
f 2493/2493 5435/5435 1789/1789
f 2494/2494 2496/2496 2495/2495
f 2496/2496 1739/1739 1738/1738
f 1737/1737 2499/2499 2497/2497
f 2499/2499 2502/2502 2500/2500
f 2501/2501 2507/2507 2500/2500
f 2494/2494 2486/2486 2503/2503
f 2497/2497 2500/2500 2505/2505
f 2507/2507 2509/2509 2505/2505
f 2508/2508 2505/2505 2509/2509
f 2508/2508 2511/2511 2506/2506
f 1722/1722 1723/1723 2506/2506
f 2498/2498 2497/2497 2506/2506
f 2512/2512 2515/2515 1677/1677
f 2512/2512 1680/1680 1718/1718
f 2514/2514 1673/1673 1677/1677
f 2516/2516 1672/1672 1673/1673
f 2509/2509 2518/2518 2517/2517
f 2517/2517 2516/2516 2510/2510
f 2518/2518 2509/2509 2507/2507
f 2507/2507 2501/2501 2520/2520
f 2501/2501 5590/5590 2520/2520
f 2523/2523 5591/5591 2521/2521
f 2521/2521 2527/2527 2522/2522
f 5592/5592 2526/2526 2525/2525
f 2526/2526 5593/5593 5594/5594
f 2524/2524 2526/2526 5594/5594
f 2527/2527 5595/5595 2528/2528
f 5596/5596 5597/5597 5598/5598
f 5598/5598 5599/5599 5600/5600
f 5599/5599 5601/5601 5602/5602
f 5600/5600 5599/5599 5602/5602
f 5601/5601 5603/5603 5604/5604
f 5603/5603 5605/5605 5606/5606
f 5604/5604 5603/5603 5606/5606
f 5605/5605 5607/5607 5608/5608
f 5607/5607 2529/2529 2531/2531
f 5608/5608 5607/5607 2531/2531
f 2529/2529 5609/5609 5610/5610
f 5609/5609 5611/5611 5612/5612
f 5611/5611 5613/5613 5614/5614
f 5613/5613 5615/5615 5616/5616
f 5615/5615 5617/5617 5616/5616
f 5617/5617 5618/5618 5616/5616
f 5609/5609 5612/5612 5610/5610
f 5613/5613 5616/5616 5614/5614
f 5596/5596 5598/5598 5600/5600
f 5611/5611 5614/5614 5612/5612
f 5604/5604 5602/5602 5601/5601
f 5606/5606 5605/5605 5608/5608
f 2529/2529 5610/5610 2530/2530
f 2532/2532 5591/5591 2523/2523
f 2532/2532 2533/2533 2534/2534
f 2535/2535 2534/2534 2536/2536
f 2538/2538 2537/2537 2536/2536
f 2540/2540 2538/2538 2539/2539
f 2542/2542 2540/2540 2541/2541
f 2544/2544 2542/2542 2543/2543
f 2546/2546 2544/2544 2545/2545
f 5618/5618 5617/5617 5619/5619
f 5619/5619 5620/5620 5621/5621
f 5620/5620 5622/5622 5623/5623
f 5621/5621 5620/5620 5623/5623
f 5622/5622 5624/5624 5625/5625
f 5624/5624 5626/5626 5627/5627
f 5625/5625 5624/5624 5627/5627
f 5626/5626 5628/5628 5629/5629
f 5628/5628 2548/2548 2550/2550
f 5629/5629 5628/5628 2550/2550
f 2548/2548 5630/5630 5631/5631
f 5630/5630 5632/5632 5633/5633
f 5632/5632 5634/5634 5635/5635
f 5634/5634 5636/5636 5637/5637
f 5636/5636 5597/5597 5596/5596
f 5636/5636 5596/5596 5637/5637
f 5630/5630 5633/5633 5631/5631
f 5634/5634 5637/5637 5635/5635
f 5618/5618 5619/5619 5621/5621
f 5632/5632 5635/5635 5633/5633
f 5625/5625 5623/5623 5622/5622
f 5627/5627 5626/5626 5629/5629
f 2548/2548 5631/5631 2549/2549
f 2546/2546 2547/2547 2551/2551
f 2553/2553 5638/5638 2552/2552
f 2554/2554 5639/5639 2555/2555
f 2556/2556 2558/2558 2557/2557
f 2558/2558 2561/2561 2559/2559
f 2560/2560 2563/2563 2559/2559
f 2562/2562 2565/2565 2563/2563
f 2564/2564 2567/2567 2565/2565
f 2566/2566 4441/4441 2567/2567
f 2568/2568 2572/2572 2569/2569
f 2571/2571 2668/2668 2572/2572
f 2573/2573 2577/2577 2574/2574
f 2573/2573 2667/2667 2576/2576
f 5640/5640 5641/5641 5642/5642
f 5641/5641 5643/5643 5642/5642
f 5643/5643 5644/5644 5645/5645
f 5644/5644 5646/5646 5647/5647
f 5645/5645 5644/5644 5647/5647
f 5646/5646 5648/5648 5649/5649
f 5648/5648 2580/2580 2579/2579
f 5649/5649 5648/5648 2579/2579
f 2580/2580 5650/5650 2578/2578
f 5650/5650 5651/5651 5652/5652
f 2578/2578 5650/5650 5652/5652
f 5651/5651 5653/5653 5654/5654
f 5653/5653 5655/5655 5656/5656
f 5654/5654 5653/5653 5656/5656
f 5655/5655 5657/5657 5658/5658
f 5657/5657 5659/5659 5658/5658
f 5659/5659 5660/5660 5661/5661
f 5659/5659 5661/5661 5662/5662
f 5645/5645 5642/5642 5643/5643
f 5659/5659 5662/5662 5658/5658
f 5655/5655 5658/5658 5656/5656
f 5649/5649 5647/5647 5646/5646
f 5651/5651 5654/5654 5652/5652
f 2575/2575 2574/2574 2581/2581
f 2583/2583 2582/2582 2581/2581
f 2583/2583 2584/2584 2585/2585
f 2587/2587 2591/2591 2588/2588
f 2590/2590 4439/4439 2591/2591
f 2589/2589 2588/2588 2592/2592
f 2594/2594 2586/2586 2585/2585
f 2596/2596 5663/5663 2593/2593
f 2595/2595 5664/5664 2597/2597
f 2598/2598 5665/5665 2599/2599
f 2601/2601 5666/5666 2602/2602
f 2600/2600 2605/2605 2604/2604
f 2605/2605 2608/2608 2606/2606
f 2607/2607 2624/2624 2606/2606
f 2609/2609 2617/2617 2610/2610
f 2612/2612 2609/2609 2611/2611
f 5661/5661 5660/5660 5667/5667
f 5660/5660 5668/5668 5667/5667
f 5668/5668 5669/5669 5670/5670
f 5669/5669 5671/5671 5670/5670
f 5671/5671 5672/5672 5673/5673
f 5672/5672 2616/2616 5673/5673
f 2616/2616 5674/5674 2614/2614
f 5674/5674 5675/5675 2614/2614
f 5675/5675 5676/5676 5677/5677
f 5676/5676 5678/5678 5677/5677
f 5678/5678 5679/5679 5680/5680
f 5679/5679 5681/5681 5680/5680
f 5681/5681 5641/5641 5682/5682
f 5641/5641 5640/5640 5682/5682
f 5670/5670 5667/5667 5668/5668
f 5681/5681 5682/5682 5680/5680
f 5683/5683 5670/5670 5671/5671
f 5678/5678 5680/5680 5684/5684
f 5678/5678 5684/5684 5677/5677
f 5673/5673 5683/5683 5671/5671
f 5675/5675 5677/5677 5685/5685
f 2615/2615 5673/5673 2616/2616
f 5675/5675 5685/5685 2614/2614
f 2617/2617 2619/2619 2618/2618
f 2619/2619 2632/2632 2620/2620
f 2621/2621 2626/2626 2622/2622
f 2623/2623 2622/2622 2624/2624
f 2621/2621 2627/2627 2625/2625
f 2627/2627 2640/2640 2628/2628
f 2629/2629 2633/2633 2630/2630
f 2632/2632 2629/2629 2631/2631
f 2633/2633 2635/2635 2634/2634
f 2635/2635 2648/2648 2636/2636
f 2637/2637 2641/2641 2638/2638
f 2640/2640 2637/2637 2639/2639
f 2641/2641 2643/2643 2642/2642
f 2643/2643 5686/5686 2644/2644
f 2645/2645 5687/5687 2646/2646
f 2648/2648 2645/2645 2647/2647
f 2649/2649 5688/5688 2650/2650
f 2651/2651 2650/2650 2652/2652
f 2654/2654 2658/2658 2655/2655
f 2657/2657 5689/5689 2658/2658
f 2656/2656 2655/2655 2659/2659
f 2661/2661 2653/2653 2652/2652
f 2660/2660 2659/2659 2663/2663
f 2661/2661 2662/2662 2665/2665
f 2667/2667 2666/2666 2665/2665
f 2664/2664 2663/2663 2668/2668
f 2669/2669 5690/5690 2670/2670
f 2672/2672 5691/5691 2673/2673
f 2674/2674 2673/2673 2675/2675
f 2676/2676 2675/2675 2677/2677
f 2679/2679 2678/2678 2677/2677
f 2679/2679 2680/2680 2681/2681
f 2682/2682 2681/2681 2683/2683
f 2684/2684 2683/2683 2685/2685
f 2686/2686 2685/2685 2687/2687
f 2688/2688 2687/2687 2689/2689
f 2691/2691 2690/2690 2689/2689
f 2693/2693 2691/2691 2692/2692
f 2695/2695 5692/5692 2693/2693
f 2696/2696 5693/5693 2697/2697
f 2699/2699 5694/5694 2700/2700
f 2702/2702 5695/5695 2703/2703
f 2704/2704 2703/2703 2705/2705
f 2698/2698 2697/2697 2707/2707
f 2706/2706 2705/2705 2709/2709
f 2711/2711 2708/2708 2707/2707
f 2710/2710 2709/2709 2713/2713
f 2711/2711 2712/2712 2715/2715
f 2717/2717 2716/2716 2715/2715
f 2714/2714 2713/2713 2719/2719
f 2721/2721 2717/2717 2718/2718
f 2720/2720 2719/2719 2723/2723
f 2724/2724 2723/2723 2725/2725
f 2721/2721 2722/2722 2727/2727
f 5696/5696 5697/5697 5698/5698
f 5697/5697 5699/5699 5698/5698
f 5699/5699 5700/5700 5701/5701
f 5698/5698 5699/5699 5701/5701
f 5702/5702 5703/5703 5704/5704
f 5703/5703 5701/5701 5700/5700
f 5705/5705 2731/2731 2730/2730
f 2731/2731 5702/5702 2729/2729
f 5705/5705 2730/2730 5706/5706
f 5707/5707 5708/5708 5709/5709
f 5708/5708 5705/5705 5706/5706
f 5710/5710 5711/5711 5712/5712
f 5711/5711 5707/5707 5713/5713
f 5712/5712 5711/5711 5713/5713
f 5714/5714 5715/5715 5716/5716
f 5715/5715 5710/5710 5716/5716
f 5716/5716 5710/5710 5712/5712
f 5716/5716 5717/5717 5714/5714
f 5708/5708 5706/5706 5709/5709
f 5703/5703 5700/5700 5704/5704
f 5702/5702 5704/5704 2729/2729
f 5718/5718 5713/5713 5707/5707
f 5709/5709 5718/5718 5707/5707
f 5714/5714 5717/5717 5719/5719
f 5714/5714 5719/5719 5720/5720
f 5719/5719 5721/5721 5720/5720
f 5722/5722 5720/5720 5721/5721
f 2732/2732 5723/5723 2733/2733
f 5723/5723 5722/5722 5724/5724
f 5724/5724 5722/5722 5721/5721
f 5725/5725 5726/5726 5727/5727
f 5726/5726 2732/2732 2734/2734
f 5727/5727 5726/5726 2734/2734
f 5728/5728 5729/5729 5730/5730
f 5729/5729 5725/5725 5727/5727
f 5731/5731 5732/5732 5733/5733
f 5732/5732 5728/5728 5734/5734
f 5733/5733 5732/5732 5734/5734
f 5696/5696 5735/5735 5736/5736
f 5735/5735 5731/5731 5733/5733
f 5736/5736 5697/5697 5696/5696
f 5733/5733 5736/5736 5735/5735
f 5729/5729 5727/5727 5730/5730
f 5723/5723 5724/5724 2733/2733
f 5737/5737 5734/5734 5728/5728
f 5730/5730 5737/5737 5728/5728
f 2726/2726 2725/2725 2735/2735
f 2736/2736 2735/2735 2737/2737
f 2738/2738 2737/2737 2739/2739
f 2741/2741 4438/4438 2742/2742
f 2741/2741 2743/2743 2744/2744
f 2671/2671 2745/2745 2744/2744
f 2740/2740 2739/2739 2746/2746
f 2748/2748 5738/5738 2747/2747
f 2749/2749 5739/5739 2750/2750
f 2751/2751 2750/2750 2752/2752
f 2753/2753 2752/2752 2754/2754
f 2755/2755 2754/2754 2756/2756
f 2757/2757 2756/2756 2758/2758
f 2759/2759 2758/2758 2760/2760
f 2761/2761 2760/2760 2762/2762
f 2763/2763 2762/2762 2764/2764
f 2765/2765 2764/2764 2766/2766
f 2767/2767 2766/2766 2768/2768
f 2769/2769 2768/2768 2701/2701
f 2770/2770 4437/4437 2771/2771
f 2773/2773 2770/2770 2772/2772
f 2775/2775 2773/2773 2774/2774
f 2777/2777 2775/2775 2776/2776
f 2777/2777 2778/2778 2779/2779
f 2780/2780 2779/2779 2781/2781
f 2783/2783 5740/5740 2782/2782
f 2784/2784 5741/5741 2785/2785
f 2786/2786 2785/2785 2787/2787
f 2789/2789 2848/2848 2790/2790
f 2791/2791 5742/5742 2792/2792
f 5743/5743 5744/5744 5745/5745
f 5743/5743 5745/5745 5746/5746
f 5745/5745 5747/5747 5746/5746
f 5748/5748 5746/5746 5747/5747
f 2793/2793 5749/5749 2794/2794
f 5749/5749 5748/5748 5750/5750
f 5750/5750 5748/5748 5747/5747
f 5751/5751 5752/5752 5753/5753
f 5752/5752 2793/2793 2795/2795
f 5753/5753 5752/5752 2795/2795
f 5754/5754 5755/5755 5756/5756
f 5755/5755 5751/5751 5753/5753
f 5757/5757 5758/5758 5759/5759
f 5758/5758 5754/5754 5760/5760
f 5759/5759 5758/5758 5760/5760
f 5761/5761 5762/5762 5763/5763
f 5762/5762 5757/5757 5759/5759
f 5763/5763 5764/5764 5761/5761
f 5759/5759 5763/5763 5762/5762
f 5755/5755 5753/5753 5756/5756
f 5749/5749 5750/5750 2794/2794
f 5765/5765 5760/5760 5754/5754
f 5756/5756 5765/5765 5754/5754
f 2796/2796 5766/5766 2797/2797
f 2799/2799 2796/2796 2798/2798
f 2801/2801 2799/2799 2800/2800
f 2801/2801 2802/2802 2803/2803
f 2804/2804 2803/2803 2805/2805
f 2806/2806 2805/2805 2807/2807
f 5761/5761 5764/5764 5767/5767
f 5764/5764 5768/5768 5767/5767
f 5768/5768 5769/5769 5770/5770
f 5767/5767 5768/5768 5770/5770
f 5771/5771 5772/5772 5773/5773
f 5772/5772 5770/5770 5769/5769
f 5774/5774 2811/2811 2810/2810
f 2811/2811 5771/5771 2809/2809
f 5774/5774 2810/2810 5775/5775
f 5776/5776 5777/5777 5778/5778
f 5777/5777 5774/5774 5775/5775
f 5779/5779 5780/5780 5781/5781
f 5780/5780 5776/5776 5782/5782
f 5781/5781 5780/5780 5782/5782
f 5743/5743 5783/5783 5784/5784
f 5783/5783 5779/5779 5784/5784
f 5784/5784 5779/5779 5781/5781
f 5784/5784 5744/5744 5743/5743
f 5777/5777 5775/5775 5778/5778
f 5772/5772 5769/5769 5773/5773
f 5771/5771 5773/5773 2809/2809
f 5785/5785 5782/5782 5776/5776
f 5778/5778 5785/5785 5776/5776
f 2808/2808 2807/2807 2812/2812
f 2813/2813 2812/2812 2814/2814
f 2815/2815 2814/2814 2816/2816
f 2817/2817 2816/2816 2818/2818
f 2819/2819 2818/2818 2820/2820
f 2822/2822 5786/5786 2821/2821
f 2823/2823 5787/5787 2824/2824
f 2825/2825 2824/2824 2826/2826
f 2828/2828 5788/5788 2829/2829
f 2830/2830 2833/2833 2831/2831
f 2832/2832 2835/2835 2831/2831
f 2834/2834 2837/2837 2835/2835
f 2836/2836 2839/2839 2837/2837
f 2838/2838 2841/2841 2839/2839
f 2840/2840 2843/2843 2841/2841
f 2842/2842 2845/2845 2843/2843
f 2844/2844 2846/2846 2845/2845
f 2788/2788 2787/2787 2846/2846
f 2847/2847 2850/2850 2790/2790
f 2849/2849 2852/2852 2850/2850
f 2851/2851 2854/2854 2852/2852
f 2853/2853 2856/2856 2854/2854
f 2855/2855 2858/2858 2856/2856
f 2857/2857 2860/2860 2858/2858
f 2859/2859 2861/2861 2860/2860
f 2827/2827 2826/2826 2861/2861
f 2862/2862 2890/2890 2863/2863
f 2864/2864 2863/2863 2865/2865
f 2866/2866 2865/2865 2867/2867
f 2868/2868 2867/2867 2869/2869
f 2870/2870 2869/2869 2871/2871
f 2873/2873 2882/2882 2874/2874
f 2873/2873 2875/2875 2876/2876
f 5789/5789 5790/5790 5791/5791
f 5790/5790 5792/5792 5791/5791
f 5792/5792 5793/5793 5794/5794
f 5793/5793 5795/5795 5794/5794
f 5795/5795 5796/5796 5797/5797
f 5796/5796 2880/2880 5797/5797
f 2880/2880 5798/5798 2878/2878
f 5798/5798 5799/5799 2878/2878
f 5799/5799 5800/5800 5801/5801
f 5800/5800 5802/5802 5801/5801
f 5802/5802 5803/5803 5804/5804
f 5803/5803 5805/5805 5804/5804
f 5805/5805 5806/5806 5807/5807
f 5806/5806 5808/5808 5807/5807
f 5794/5794 5791/5791 5792/5792
f 5805/5805 5807/5807 5804/5804
f 5809/5809 5794/5794 5795/5795
f 5802/5802 5804/5804 5810/5810
f 5802/5802 5810/5810 5801/5801
f 5797/5797 5809/5809 5795/5795
f 5799/5799 5801/5801 5811/5811
f 2879/2879 5797/5797 2880/2880
f 5799/5799 5811/5811 2878/2878
f 2881/2881 2884/2884 2874/2874
f 2883/2883 2886/2886 2884/2884
f 2883/2883 2887/2887 2885/2885
f 2887/2887 2894/2894 2888/2888
f 2889/2889 2892/2892 2890/2890
f 2891/2891 2896/2896 2892/2892
f 2893/2893 2902/2902 2888/2888
f 2895/2895 2898/2898 2896/2896
f 2897/2897 2904/2904 2898/2898
f 2899/2899 2906/2906 2900/2900
f 2893/2893 2901/2901 2900/2900
f 2903/2903 5812/5812 2904/2904
f 2905/2905 5813/5813 2906/2906
f 2907/2907 5814/5814 2908/2908
f 5808/5808 5806/5806 5815/5815
f 5806/5806 5816/5816 5815/5815
f 5816/5816 5817/5817 5818/5818
f 5817/5817 5819/5819 5818/5818
f 5819/5819 5820/5820 5821/5821
f 5820/5820 2912/2912 5821/5821
f 2912/2912 5822/5822 2910/2910
f 5822/5822 5823/5823 2910/2910
f 5823/5823 5824/5824 5825/5825
f 5824/5824 5826/5826 5825/5825
f 5826/5826 5827/5827 5828/5828
f 5827/5827 5829/5829 5828/5828
f 5829/5829 5790/5790 5830/5830
f 5790/5790 5789/5789 5830/5830
f 5818/5818 5815/5815 5816/5816
f 5829/5829 5830/5830 5828/5828
f 5831/5831 5818/5818 5819/5819
f 5826/5826 5828/5828 5832/5832
f 5826/5826 5832/5832 5825/5825
f 5821/5821 5831/5831 5819/5819
f 5823/5823 5825/5825 5833/5833
f 2911/2911 5821/5821 2912/2912
f 5823/5823 5833/5833 2910/2910
f 2909/2909 2920/2920 2913/2913
f 2914/2914 2919/2919 2915/2915
f 2917/2917 5834/5834 2916/2916
f 2918/2918 2923/2923 2919/2919
f 2920/2920 2933/2933 2921/2921
f 2922/2922 2925/2925 2923/2923
f 2924/2924 2927/2927 2925/2925
f 2926/2926 2941/2941 2927/2927
f 2928/2928 2931/2931 2929/2929
f 2931/2931 2934/2934 2932/2932
f 2933/2933 2928/2928 2930/2930
f 2934/2934 2936/2936 2935/2935
f 2936/2936 4427/4427 2937/2937
f 2938/2938 2942/2942 2939/2939
f 2926/2926 2938/2938 2940/2940
f 2942/2942 2944/2944 2943/2943
f 2944/2944 2946/2946 2945/2945
f 2946/2946 2948/2948 2947/2947
f 2948/2948 5835/5835 2949/2949
f 2950/2950 5836/5836 2951/2951
f 2872/2872 2871/2871 2952/2952
f 2953/2953 2877/2877 2876/2876
f 2954/2954 5837/5837 2955/2955
f 2956/2956 5838/5838 2957/2957
f 2959/2959 5839/5839 2960/2960
f 2962/2962 5840/5840 2963/2963
f 2961/2961 2960/2960 2965/2965
f 2967/2967 5841/5841 2968/2968
f 2970/2970 2972/2972 2969/2969
f 2971/2971 2976/2976 2972/2972
f 2973/2973 2966/2966 2965/2965
f 2975/2975 2980/2980 2976/2976
f 2973/2973 2974/2974 2977/2977
f 2979/2979 2984/2984 2980/2980
f 2981/2981 2978/2978 2977/2977
f 2983/2983 2986/2986 2984/2984
f 2985/2985 4422/4422 2986/2986
f 2987/2987 2981/2981 2982/2982
f 2987/2987 2988/2988 2989/2989
f 2990/2990 2989/2989 2991/2991
f 2993/2993 2992/2992 2991/2991
f 2993/2993 2994/2994 2995/2995
f 2997/2997 3001/3001 2998/2998
f 3000/3000 3003/3003 3001/3001
f 3002/3002 3007/3007 3003/3003
f 3004/3004 2996/2996 2995/2995
f 3006/3006 5842/5842 3007/3007
f 3005/3005 5843/5843 3008/3008
f 3009/3009 5844/5844 3010/3010
f 3012/3012 5845/5845 3013/3013
f 4598/4598 4597/4597 5846/5846
f 5846/5846 5847/5847 5848/5848
f 5847/5847 5849/5849 5850/5850
f 5848/5848 5847/5847 5850/5850
f 5849/5849 5851/5851 5852/5852
f 5851/5851 5853/5853 5854/5854
f 5852/5852 5851/5851 5854/5854
f 5853/5853 5855/5855 5856/5856
f 5855/5855 3015/3015 3017/3017
f 5856/5856 5855/5855 3017/3017
f 3015/3015 5857/5857 5858/5858
f 5857/5857 5859/5859 5860/5860
f 5859/5859 5861/5861 5862/5862
f 5861/5861 5863/5863 5864/5864
f 5863/5863 4577/4577 4576/4576
f 5863/5863 4576/4576 5864/5864
f 5857/5857 5860/5860 5858/5858
f 5861/5861 5864/5864 5862/5862
f 4598/4598 5846/5846 5848/5848
f 5859/5859 5862/5862 5860/5860
f 5852/5852 5850/5850 5849/5849
f 5854/5854 5853/5853 5856/5856
f 3015/3015 5858/5858 3016/3016
f 3011/3011 3010/3010 3018/3018
f 3019/3019 3018/3018 3020/3020
f 3022/3022 3026/3026 3023/3023
f 3022/3022 3024/3024 3014/3014
f 3025/3025 3028/3028 3023/3023
f 3025/3025 3040/3040 3027/3027
f 3029/3029 3032/3032 3030/3030
f 3021/3021 3020/3020 3032/3032
f 3031/3031 3030/3030 3033/3033
f 3034/3034 3033/3033 3035/3035
f 3037/3037 3042/3042 3038/3038
f 3040/3040 3039/3039 3038/3038
f 3041/3041 3044/3044 3042/3042
f 3041/3041 3055/3055 3043/3043
f 3045/3045 3048/3048 3046/3046
f 3036/3036 3035/3035 3048/3048
f 3047/3047 3046/3046 3049/3049
f 3050/3050 3049/3049 3051/3051
f 3053/3053 2962/2962 2964/2964
f 3053/3053 3054/3054 3043/3043
f 3056/3056 5865/5865 3052/3052
f 3057/3057 5866/5866 3058/3058
f 3060/3060 5867/5867 3061/3061
f 3063/3063 3065/3065 3062/3062
f 3064/3064 81/81 3065/3065
f 3066/3066 3057/3057 3059/3059
f 3068/3068 3066/3066 3067/3067
f 3068/3068 3069/3069 3070/3070
f 3071/3071 3070/3070 3072/3072
f 3073/3073 3072/3072 3074/3074
f 3076/3076 3075/3075 3074/3074
f 3078/3078 3076/3076 3077/3077
f 3080/3080 3078/3078 3079/3079
f 3080/3080 3081/3081 3082/3082
f 3085/3085 3087/3087 3084/3084
f 3084/3084 3083/3083 3082/3082
f 3086/3086 5868/5868 3087/3087
f 3090/3090 5869/5869 3088/3088
f 3088/3088 5870/5870 3089/3089
f 3091/3091 5869/5869 3090/3090
f 3093/3093 3092/3092 3090/3090
f 3089/3089 3096/3096 3094/3094
f 3095/3095 3097/3097 3094/3094
f 3093/3093 3094/3094 3097/3097
f 3099/3099 3093/3093 3098/3098
f 3099/3099 5871/5871 3092/3092
f 3101/3101 3415/3415 3102/3102
f 3104/3104 3101/3101 3103/3103
f 3106/3106 5872/5872 3104/3104
f 3092/3092 5871/5871 3107/3107
f 5871/5871 5873/5873 3107/3107
f 4655/4655 4654/4654 5874/5874
f 4654/4654 5875/5875 5874/5874
f 5875/5875 5876/5876 5877/5877
f 5876/5876 5878/5878 5877/5877
f 5878/5878 5879/5879 5877/5877
f 5879/5879 5880/5880 5881/5881
f 5880/5880 5882/5882 5881/5881
f 5882/5882 5883/5883 3109/3109
f 5883/5883 3110/3110 3109/3109
f 3110/3110 5884/5884 3108/3108
f 3108/3108 5884/5884 5885/5885
f 5884/5884 5886/5886 5885/5885
f 5886/5886 5887/5887 5888/5888
f 5885/5885 5886/5886 5888/5888
f 5887/5887 5889/5889 5890/5890
f 5889/5889 5891/5891 5892/5892
f 5892/5892 5891/5891 5893/5893
f 5891/5891 5894/5894 5893/5893
f 5894/5894 4619/4619 4618/4618
f 5893/5893 5894/5894 5895/5895
f 4618/4618 5895/5895 5894/5894
f 5879/5879 5881/5881 5877/5877
f 5882/5882 3109/3109 5881/5881
f 5874/5874 5875/5875 5877/5877
f 5889/5889 5892/5892 5890/5890
f 5887/5887 5890/5890 5888/5888
f 3111/3111 5896/5896 3112/3112
f 3114/3114 5897/5897 3115/3115
f 3116/3116 3115/3115 3117/3117
f 3118/3118 3117/3117 3119/3119
f 3120/3120 3119/3119 3121/3121
f 3123/3123 3127/3127 3124/3124
f 3126/3126 4098/4098 3124/3124
f 5898/5898 5899/5899 5900/5900
f 5898/5898 5900/5900 5901/5901
f 5900/5900 5902/5902 5901/5901
f 5903/5903 5901/5901 5902/5902
f 5904/5904 5905/5905 5906/5906
f 5905/5905 5903/5903 5906/5906
f 3128/3128 5907/5907 3129/3129
f 5907/5907 5904/5904 3129/3129
f 5908/5908 5909/5909 5910/5910
f 5909/5909 3128/3128 3130/3130
f 5911/5911 5912/5912 5913/5913
f 5912/5912 5908/5908 5914/5914
f 5913/5913 5912/5912 5914/5914
f 5915/5915 5916/5916 5917/5917
f 5916/5916 5911/5911 5913/5913
f 5917/5917 5918/5918 5915/5915
f 5913/5913 5917/5917 5916/5916
f 5909/5909 3130/3130 5910/5910
f 5906/5906 5903/5903 5902/5902
f 5904/5904 5906/5906 5919/5919
f 5904/5904 5919/5919 3129/3129
f 5920/5920 5914/5914 5908/5908
f 5910/5910 5920/5920 5908/5908
f 3131/3131 3123/3123 3125/3125
f 3133/3133 3131/3131 3132/3132
f 3135/3135 3133/3133 3134/3134
f 3137/3137 4419/4419 3138/3138
f 3140/3140 3137/3137 3139/3139
f 3142/3142 3140/3140 3141/3141
f 3144/3144 3142/3142 3143/3143
f 3146/3146 3144/3144 3145/3145
f 3148/3148 3146/3146 3147/3147
f 3150/3150 4416/4416 3151/3151
f 3153/3153 3150/3150 3152/3152
f 3154/3154 5921/5921 3155/3155
f 3149/3149 5922/5922 3156/3156
f 3157/3157 5923/5923 3158/3158
f 5915/5915 5918/5918 5924/5924
f 5915/5915 5924/5924 5925/5925
f 5924/5924 5926/5926 5925/5925
f 5927/5927 5925/5925 5926/5926
f 5928/5928 5929/5929 5930/5930
f 5929/5929 5927/5927 5930/5930
f 3160/3160 5931/5931 3161/3161
f 5931/5931 5928/5928 3161/3161
f 5932/5932 5933/5933 5934/5934
f 5933/5933 3160/3160 3162/3162
f 5935/5935 5936/5936 5937/5937
f 5936/5936 5932/5932 5938/5938
f 5937/5937 5936/5936 5939/5939
f 5898/5898 5940/5940 5941/5941
f 5940/5940 5935/5935 5937/5937
f 5941/5941 5899/5899 5898/5898
f 5937/5937 5941/5941 5940/5940
f 5933/5933 3162/3162 5934/5934
f 5930/5930 5927/5927 5926/5926
f 5939/5939 5936/5936 5938/5938
f 5928/5928 5930/5930 5942/5942
f 5928/5928 5942/5942 3161/3161
f 5934/5934 5938/5938 5932/5932
f 3163/3163 5943/5943 3164/3164
f 3166/3166 5944/5944 3167/3167
f 3168/3168 3176/3176 3169/3169
f 3170/3170 3175/3175 3171/3171
f 3173/3173 5945/5945 3172/3172
f 3174/3174 3182/3182 3175/3175
f 3176/3176 3188/3188 3177/3177
f 5946/5946 5947/5947 5948/5948
f 5948/5948 5949/5949 5950/5950
f 5949/5949 5951/5951 5952/5952
f 5948/5948 5953/5953 5946/5946
f 5951/5951 3180/3180 3179/3179
f 3180/3180 5954/5954 3178/3178
f 3178/3178 5954/5954 5955/5955
f 5954/5954 5956/5956 5955/5955
f 5956/5956 5957/5957 5958/5958
f 5957/5957 5959/5959 5960/5960
f 5959/5959 5961/5961 5962/5962
f 5960/5960 5959/5959 5962/5962
f 5961/5961 5963/5963 5962/5962
f 5963/5963 5964/5964 5962/5962
f 5964/5964 5965/5965 5966/5966
f 5965/5965 5967/5967 5966/5966
f 5967/5967 5968/5968 5966/5966
f 5968/5968 5969/5969 5970/5970
f 5969/5969 5971/5971 5970/5970
f 5970/5970 5966/5966 5968/5968
f 5957/5957 5960/5960 5958/5958
f 5956/5956 5958/5958 5955/5955
f 5953/5953 5948/5948 5950/5950
f 5950/5950 5949/5949 5952/5952
f 5964/5964 5966/5966 5962/5962
f 3179/3179 5952/5952 5951/5951
f 3174/3174 3183/3183 3181/3181
f 3183/3183 3196/3196 3184/3184
f 3185/3185 3189/3189 3186/3186
f 3188/3188 3185/3185 3187/3187
f 3189/3189 3191/3191 3190/3190
f 3191/3191 3204/3204 3192/3192
f 3193/3193 3197/3197 3194/3194
f 3196/3196 3193/3193 3195/3195
f 3197/3197 3199/3199 3198/3198
f 3199/3199 3212/3212 3200/3200
f 3201/3201 3205/3205 3202/3202
f 3204/3204 3201/3201 3203/3203
f 3205/3205 3207/3207 3206/3206
f 3207/3207 4099/4099 3208/3208
f 3209/3209 3213/3213 3210/3210
f 3212/3212 3209/3209 3211/3211
f 3213/3213 5972/5972 3214/3214
f 3215/3215 5973/5973 3216/3216
f 5971/5971 5969/5969 5974/5974
f 5969/5969 5975/5975 5976/5976
f 5974/5974 5969/5969 5977/5977
f 5978/5978 5979/5979 5980/5980
f 5975/5975 5978/5978 5980/5980
f 5969/5969 5976/5976 5981/5981
f 5980/5980 5976/5976 5975/5975
f 5977/5977 5969/5969 5982/5982
f 5969/5969 5981/5981 5983/5983
f 5982/5982 5969/5969 5983/5983
f 5984/5984 5982/5982 5983/5983
f 3218/3218 5985/5985 3219/3219
f 5985/5985 5947/5947 5986/5986
f 5987/5987 5947/5947 5946/5946
f 5984/5984 5983/5983 5988/5988
f 5983/5983 3218/3218 5988/5988
f 5947/5947 5987/5987 5986/5986
f 5989/5989 5988/5988 3218/3218
f 5990/5990 5989/5989 3218/3218
f 5985/5985 5986/5986 3219/3219
f 3220/3220 5990/5990 3218/3218
f 3221/3221 3227/3227 3217/3217
f 3222/3222 3229/3229 3223/3223
f 3224/3224 5991/5991 3225/3225
f 3226/3226 3237/3237 3227/3227
f 3228/3228 3231/3231 3223/3223
f 3230/3230 3233/3233 3231/3231
f 3232/3232 3245/3245 3233/3233
f 3234/3234 3239/3239 3235/3235
f 3236/3236 3235/3235 3237/3237
f 3238/3238 3241/3241 3239/3239
f 3240/3240 3253/3253 3241/3241
f 3242/3242 3246/3246 3243/3243
f 3242/3242 3244/3244 3245/3245
f 3246/3246 3248/3248 3247/3247
f 3248/3248 3260/3260 3249/3249
f 3250/3250 3255/3255 3251/3251
f 3252/3252 3251/3251 3253/3253
f 3254/3254 3257/3257 3255/3255
f 3256/3256 3262/3262 3257/3257
f 3163/3163 3165/3165 3258/3258
f 3259/3259 3258/3258 3249/3249
f 3261/3261 5992/5992 3262/3262
f 5993/5993 5994/5994 3265/3265
f 5994/5994 3263/3263 3265/3265
f 3266/3266 5995/5995 3267/3267
f 3271/3271 5996/5996 5997/5997
f 5998/5998 5999/5999 6000/6000
f 5999/5999 6001/6001 6000/6000
f 3271/3271 5997/5997 3269/3269
f 5997/5997 5998/5998 6002/6002
f 6003/6003 5998/5998 6004/6004
f 6005/6005 6006/6006 3271/3271
f 6007/6007 6008/6008 6009/6009
f 6008/6008 6005/6005 6010/6010
f 6011/6011 6008/6008 6012/6012
f 6009/6009 6013/6013 6007/6007
f 6011/6011 6009/6009 6008/6008
f 6005/6005 3271/3271 3270/3270
f 5998/5998 6000/6000 6004/6004
f 6012/6012 6008/6008 6014/6014
f 6014/6014 6008/6008 6010/6010
f 5998/5998 6003/6003 6015/6015
f 5998/5998 6015/6015 6002/6002
f 6010/6010 6005/6005 6016/6016
f 6016/6016 6005/6005 6017/6017
f 5997/5997 6002/6002 6018/6018
f 6017/6017 6005/6005 3270/3270
f 5997/5997 6018/6018 6019/6019
f 5997/5997 6019/6019 3269/3269
f 3272/3272 6020/6020 3273/3273
f 3275/3275 6021/6021 3276/3276
f 3278/3278 3285/3285 3279/3279
f 3281/3281 3363/3363 3274/3274
f 3280/3280 3279/3279 3282/3282
f 3279/3279 3286/3286 3284/3284
f 3285/3285 3289/3289 3286/3286
f 3284/3284 3286/3286 3287/3287
f 3289/3289 3295/3295 3287/3287
f 3290/3290 3275/3275 3277/3277
f 3292/3292 3290/3290 3291/3291
f 3294/3294 3299/3299 3287/3287
f 3292/3292 3293/3293 3296/3296
f 3298/3298 3304/3304 3299/3299
f 3300/3300 3297/3297 3296/3296
f 3301/3301 6022/6022 3302/3302
f 3302/3302 3303/3303 3300/3300
f 3303/3303 3305/3305 3304/3304
f 3305/3305 3308/3308 3306/3306
f 3307/3307 3299/3299 3304/3304
f 3308/3308 3311/3311 3309/3309
f 3310/3310 3313/3313 3309/3309
f 3312/3312 3314/3314 3309/3309
f 3307/3307 3306/3306 3309/3309
f 3315/3315 3314/3314 3312/3312
f 3315/3315 3288/3288 3307/3307
f 3317/3317 3355/3355 3316/3316
f 3317/3317 3312/3312 3313/3313
f 3319/3319 3323/3323 3320/3320
f 3322/3322 3325/3325 3323/3323
f 3322/3322 6023/6023 3324/3324
f 3326/3326 3318/3318 3313/3313
f 3327/3327 3330/3330 3328/3328
f 3324/3324 3333/3333 3330/3330
f 3328/3328 3330/3330 3331/3331
f 3333/3333 3335/3335 3331/3331
f 3334/3334 3336/3336 3331/3331
f 3332/3332 3331/3331 3336/3336
f 3338/3338 3344/3344 3328/3328
f 3339/3339 3338/3338 3332/3332
f 3340/3340 3338/3338 3339/3339
f 3342/3342 3344/3344 3338/3338
f 3343/3343 3345/3345 3344/3344
f 3329/3329 3328/3328 3344/3344
f 3346/3346 3321/3321 3320/3320
f 3348/3348 3343/3343 3342/3342
f 3350/3350 3346/3346 3347/3347
f 3352/3352 3358/3358 3353/3353
f 3355/3355 3352/3352 3354/3354
f 3353/3353 3360/3360 3356/3356
f 3356/3356 3315/3315 3316/3316
f 3357/3357 3359/3359 3353/3353
f 3359/3359 3361/3361 3360/3360
f 3361/3361 3283/3283 3282/3282
f 3282/3282 3284/3284 3356/3356
f 3362/3362 3365/3365 3363/3363
f 3364/3364 4414/4414 3365/3365
f 3366/3366 3370/3370 3367/3367
f 3369/3369 4415/4415 3370/3370
f 3367/3367 6024/6024 3371/3371
f 3372/3372 6025/6025 3373/3373
f 3375/3375 6026/6026 3376/3376
f 3378/3378 3375/3375 3377/3377
f 3380/3380 3378/3378 3379/3379
f 3382/3382 3386/3386 3383/3383
f 3385/3385 4408/4408 3386/3386
f 3380/3380 3381/3381 3387/3387
f 3384/3384 3383/3383 3389/3389
f 3391/3391 3395/3395 3392/3392
f 3394/3394 3396/3396 3395/3395
f 3396/3396 3340/3340 3341/3341
f 3395/3395 3341/3341 3397/3397
f 3393/3393 3392/3392 3398/3398
f 3398/3398 3392/3392 3397/3397
f 3341/3341 3339/3339 3401/3401
f 3397/3397 3401/3401 3402/3402
f 3403/3403 3398/3398 3400/3400
f 3405/3405 3404/3404 3400/3400
f 3405/3405 3402/3402 3406/3406
f 3402/3402 3401/3401 3408/3408
f 3409/3409 3407/3407 3406/3406
f 3408/3408 3411/3411 3410/3410
f 3408/3408 3337/3337 3336/3336
f 3401/3401 3339/3339 3337/3337
f 3412/3412 3410/3410 3411/3411
f 3413/3413 3411/3411 3336/3336
f 3414/3414 3409/3409 3410/3410
f 3415/3415 3418/3418 3416/3416
f 3417/3417 3426/3426 3416/3416
f 3419/3419 3100/3100 3098/3098
f 3419/3419 3420/3420 3421/3421
f 3423/3423 3422/3422 3421/3421
f 3417/3417 3423/3423 3425/3425
f 6027/6027 6028/6028 3429/3429
f 6028/6028 3427/3427 3429/3429
f 3427/3427 6029/6029 3428/3428
f 3430/3430 6030/6030 3431/3431
f 3435/3435 6031/6031 3433/3433
f 3433/3433 6032/6032 3434/3434
f 3436/3436 6033/6033 3437/3437
f 3439/3439 6034/6034 3440/3440
f 3442/3442 6035/6035 6036/6036
f 3442/3442 6036/6036 3443/3443
f 6037/6037 3471/3471 6038/6038
f 3471/3471 3442/3442 6038/6038
f 6038/6038 3442/3442 3444/3444
f 3445/3445 6039/6039 3446/3446
f 6040/6040 3457/3457 3450/3450
f 3457/3457 3448/3448 3450/3450
f 3453/3453 6041/6041 3451/3451
f 3451/3451 6042/6042 3452/3452
f 6041/6041 3453/3453 3456/3456
f 3453/3453 3454/3454 3456/3456
f 3457/3457 6040/6040 3458/3458
f 3653/3653 3462/3462 3461/3461
f 3462/3462 3457/3457 3459/3459
f 3460/3460 3462/3462 3459/3459
f 3455/3455 3454/3454 3463/3463
f 3463/3463 6043/6043 3464/3464
f 3464/3464 6043/6043 3467/3467
f 6043/6043 3465/3465 3467/3467
f 6035/6035 3442/3442 6044/6044
f 3442/3442 3468/3468 6045/6045
f 6044/6044 3442/3442 6045/6045
f 3468/3468 1753/1753 6046/6046
f 1753/1753 6047/6047 6048/6048
f 1753/1753 6048/6048 6049/6049
f 1753/1753 6049/6049 6046/6046
f 6050/6050 6045/6045 3468/3468
f 6051/6051 6050/6050 3468/3468
f 3468/3468 6046/6046 6052/6052
f 3468/3468 6052/6052 3469/3469
f 3470/3470 6051/6051 3468/3468
f 3471/3471 3478/3478 3472/3472
f 3473/3473 3472/3472 3474/3474
f 3476/3476 3474/3474 3472/3472
f 3478/3478 3509/3509 3477/3477
f 3479/3479 3480/3480 3474/3474
f 3480/3480 6053/6053 3475/3475
f 3481/3481 3494/3494 3482/3482
f 3484/3484 6054/6054 3481/3481
f 3468/3468 6053/6053 1751/1751
f 3485/3485 3484/3484 3483/3483
f 3486/3486 6055/6055 3487/3487
f 3487/3487 269/269 3485/3485
f 3483/3483 3482/3482 3488/3488
f 3488/3488 6056/6056 3489/3489
f 3489/3489 6055/6055 3486/3486
f 3491/3491 6057/6057 3490/3490
f 3490/3490 6056/6056 3488/3488
f 3492/3492 3491/3491 3488/3488
f 3493/3493 3492/3492 3482/3482
f 3492/3492 3496/3496 3495/3495
f 3493/3493 3498/3498 3496/3496
f 3497/3497 3499/3499 3496/3496
f 3499/3499 3521/3521 3495/3495
f 3500/3500 3504/3504 3501/3501
f 3503/3503 3506/3506 3501/3501
f 3502/3502 3501/3501 3505/3505
f 3505/3505 3501/3501 3506/3506
f 3506/3506 3476/3476 3477/3477
f 3479/3479 3476/3476 3506/3506
f 3508/3508 3507/3507 3477/3477
f 3510/3510 3505/3505 3507/3507
f 3511/3511 3513/3513 3097/3097
f 3511/3511 3515/3515 3512/3512
f 3098/3098 3097/3097 3513/3513
f 3420/3420 3513/3513 3512/3512
f 3424/3424 3421/3421 3512/3512
f 3515/3515 3471/3471 3514/3514
f 3510/3510 4570/4570 54/54
f 53/53 3516/3516 3502/3502
f 3516/3516 6058/6058 3500/3500
f 3497/3497 6058/6058 3517/3517
f 3518/3518 3521/3521 3499/3499
f 3521/3521 3518/3518 3519/3519
f 3518/3518 6059/6059 3519/3519
f 3556/3556 3523/3523 3522/3522
f 3523/3523 3566/3566 3524/3524
f 3525/3525 6060/6060 3526/3526
f 3531/3531 3533/3533 3527/3527
f 3533/3533 3528/3528 3527/3527
f 3527/3527 3526/3526 3529/3529
f 3529/3529 3568/3568 3530/3530
f 3530/3530 3534/3534 3531/3531
f 3535/3535 6061/6061 3531/3531
f 6061/6061 3532/3532 3531/3531
f 3534/3534 3540/3540 3535/3535
f 3521/3521 3520/3520 3536/3536
f 3536/3536 6062/6062 3495/3495
f 3495/3495 6062/6062 3537/3537
f 3537/3537 6057/6057 3491/3491
f 3538/3538 6061/6061 3535/3535
f 267/267 3538/3538 3539/3539
f 3540/3540 3541/3541 3539/3539
f 3541/3541 261/261 264/264
f 255/255 254/254 3541/3541
f 254/254 256/256 261/261
f 3542/3542 255/255 3540/3540
f 3543/3543 253/253 255/255
f 3544/3544 3542/3542 3534/3534
f 3545/3545 3543/3543 3542/3542
f 3545/3545 6063/6063 3546/3546
f 3546/3546 244/244 243/243
f 243/243 3543/3543 3546/3546
f 3544/3544 3567/3567 3547/3547
f 3547/3547 6063/6063 3545/3545
f 3550/3550 3552/3552 3548/3548
f 3548/3548 241/241 3549/3549
f 3551/3551 123/123 3548/3548
f 3548/3548 123/123 122/122
f 3553/3553 120/120 123/123
f 3523/3523 3555/3555 3551/3551
f 3554/3554 3553/3553 3551/3551
f 3555/3555 3523/3523 3556/3556
f 3554/3554 3555/3555 3557/3557
f 3559/3559 3554/3554 3558/3558
f 3563/3563 3559/3559 3562/3562
f 3559/3559 3560/3560 3562/3562
f 3559/3559 106/106 3553/3553
f 107/107 106/106 3564/3564
f 106/106 3559/3559 3564/3564
f 3553/3553 106/106 109/109
f 3566/3566 3523/3523 3552/3552
f 3552/3552 3550/3550 6064/6064
f 6064/6064 3565/3565 3552/3552
f 3567/3567 3544/3544 3530/3530
f 6047/6047 1753/1753 6065/6065
f 1753/1753 1752/1752 6066/6066
f 6065/6065 1753/1753 6067/6067
f 1752/1752 1733/1733 6068/6068
f 1733/1733 5427/5427 6069/6069
f 1733/1733 6069/6069 6068/6068
f 6067/6067 1753/1753 6066/6066
f 1752/1752 6068/6068 6070/6070
f 6071/6071 6066/6066 1752/1752
f 1752/1752 6070/6070 6072/6072
f 1752/1752 6072/6072 3569/3569
f 3570/3570 6071/6071 1752/1752
f 6073/6073 6074/6074 3573/3573
f 6074/6074 3571/3571 3573/3573
f 3574/3574 6075/6075 3575/3575
f 3577/3577 3574/3574 3576/3576
f 3579/3579 3577/3577 3578/3578
f 3581/3581 3579/3579 3580/3580
f 3583/3583 3581/3581 3582/3582
f 3592/3592 3591/3591 3585/3585
f 3591/3591 3583/3583 3585/3585
f 3587/3587 3598/3598 3588/3588
f 3588/3588 6076/6076 3586/3586
f 6076/6076 6077/6077 3586/3586
f 6077/6077 6078/6078 3586/3586
f 6078/6078 6079/6079 3586/3586
f 6079/6079 6080/6080 3586/3586
f 3588/3588 3598/3598 3589/3589
f 3598/3598 3595/3595 3589/3589
f 4397/4397 4396/4396 3593/3593
f 4396/4396 3591/3591 3593/3593
f 3589/3589 3595/3595 3594/3594
f 3595/3595 3600/3600 3596/3596
f 3597/3597 3599/3599 3595/3595
f 3599/3599 3603/3603 3600/3600
f 3599/3599 3597/3597 3601/3601
f 3603/3603 3599/3599 3602/3602
f 3605/3605 3609/3609 3606/3606
f 3608/3608 3613/3613 3609/3609
f 3607/3607 3667/3667 3610/3610
f 3608/3608 3605/3605 3610/3610
f 3612/3612 3648/3648 3613/3613
f 3612/3612 3608/3608 3611/3611
f 3615/3615 3639/3639 3616/3616
f 3618/3618 3617/3617 3616/3616
f 3623/3623 3617/3617 3620/3620
f 3617/3617 3618/3618 3621/3621
f 3631/3631 3615/3615 3622/3622
f 3615/3615 3617/3617 3623/3623
f 3626/3626 6081/6081 3624/3624
f 3624/3624 6082/6082 3625/3625
f 3628/3628 6083/6083 3627/3627
f 3627/3627 6081/6081 3626/3626
f 3636/3636 3630/3630 3629/3629
f 3630/3630 3615/3615 3631/3631
f 3633/3633 3635/3635 3632/3632
f 3632/3632 6083/6083 3628/3628
f 3633/3633 6084/6084 3634/3634
f 3638/3638 3630/3630 3636/3636
f 3637/3637 6085/6085 3638/3638
f 3630/3630 3641/3641 3639/3639
f 3630/3630 3638/3638 3640/3640
f 3642/3642 3640/3640 3643/3643
f 3644/3644 3643/3643 3645/3645
f 3448/3448 3650/3650 3647/3647
f 3644/3644 3646/3646 3648/3648
f 3448/3448 3651/3651 3649/3649
f 3448/3448 3457/3457 3462/3462
f 3603/3603 3651/3651 3462/3462
f 3603/3603 3604/3604 3649/3649
f 3596/3596 3600/3600 3652/3652
f 3600/3600 3462/3462 3653/3653
f 3612/3612 3614/3614 3642/3642
f 3625/3625 6082/6082 3654/3654
f 3654/3654 6086/6086 3655/3655
f 3655/3655 6086/6086 3656/3656
f 3656/3656 4395/4395 3657/3657
f 3621/3621 3618/3618 3658/3658
f 3618/3618 3661/3661 3659/3659
f 3659/3659 3661/3661 3660/3660
f 3661/3661 3664/3664 3662/3662
f 3661/3661 3665/3665 3663/3663
f 3618/3618 3619/3619 3665/3665
f 3607/3607 3669/3669 3666/3666
f 3668/3668 3666/3666 3669/3669
f 3673/3673 6087/6087 6088/6088
f 3671/3671 6089/6089 3672/3672
f 3673/3673 6088/6088 3671/3671
f 3674/3674 4273/4273 3668/3668
f 3675/3675 6090/6090 3676/3676
f 3675/3675 3677/3677 3679/3679
f 3677/3677 3690/3690 3678/3678
f 3680/3680 3684/3684 3681/3681
f 3683/3683 6091/6091 3684/3684
f 3682/3682 3681/3681 3686/3686
f 3686/3686 6092/6092 3687/3687
f 3690/3690 3677/3677 3688/3688
f 3688/3688 3695/3695 3689/3689
f 3687/3687 6092/6092 3691/3691
f 3691/3691 6093/6093 3692/3692
f 3695/3695 3688/3688 3693/3693
f 3693/3693 3701/3701 3694/3694
f 3688/3688 3677/3677 3676/3676
f 3693/3693 3688/3688 3696/3696
f 3693/3693 3697/3697 3698/3698
f 3701/3701 3693/3693 3699/3699
f 3699/3699 3708/3708 3700/3700
f 3692/3692 6093/6093 3702/3702
f 3702/3702 6094/6094 3703/3703
f 3703/3703 6094/6094 3704/3704
f 3704/3704 6095/6095 3705/3705
f 3708/3708 3699/3699 3706/3706
f 3706/3706 3713/3713 3707/3707
f 3705/3705 6095/6095 3709/3709
f 3709/3709 3715/3715 3710/3710
f 3713/3713 3706/3706 3711/3711
f 3711/3711 6096/6096 3712/3712
f 3714/3714 3716/3716 3710/3710
f 6097/6097 6098/6098 3718/3718
f 6098/6098 3716/3716 3718/3718
f 3721/3721 6099/6099 3719/3719
f 3719/3719 6100/6100 3720/3720
f 3722/3722 6101/6101 3723/3723
f 3724/3724 3723/3723 3725/3725
f 3727/3727 3726/3726 3725/3725
f 3730/3730 6102/6102 3729/3729
f 3729/3729 6099/6099 3721/3721
f 3732/3732 6103/6103 3731/3731
f 3731/3731 6102/6102 3730/3730
f 3733/3733 3727/3727 3728/3728
f 3736/3736 6104/6104 3735/3735
f 3735/3735 6103/6103 3732/3732
f 1631/1631 6105/6105 3737/3737
f 3737/3737 5378/5378 1633/1633
f 6104/6104 3736/3736 3740/3740
f 3736/3736 3738/3738 3740/3740
f 1632/1632 6106/6106 3741/3741
f 3741/3741 6105/6105 1631/1631
f 3742/3742 6107/6107 3733/3733
f 3743/3743 6108/6108 3744/3744
f 3748/3748 6109/6109 3746/3746
f 3746/3746 6110/6110 3747/3747
f 1693/1693 5389/5389 3749/3749
f 3749/3749 6109/6109 3748/3748
f 1690/1690 5387/5387 3750/3750
f 3750/3750 3754/3754 3751/3751
f 3752/3752 1690/1690 3750/3750
f 3753/3753 6111/6111 3751/3751
f 3755/3755 6112/6112 3756/3756
f 3759/3759 6113/6113 3758/3758
f 3758/3758 6106/6106 1632/1632
f 3759/3759 1632/1632 1626/1626
f 3760/3760 3759/3759 1627/1627
f 3762/3762 6113/6113 3759/3759
f 3763/3763 3762/3762 3764/3764
f 3766/3766 1589/1589 3765/3765
f 3767/3767 3763/3763 3765/3765
f 3765/3765 1589/1589 1588/1588
f 3769/3769 1587/1587 1589/1589
f 3770/3770 3767/3767 3768/3768
f 1582/1582 3771/3771 3768/3768
f 3772/3772 6114/6114 3773/3773
f 3775/3775 6115/6115 3772/3772
f 3776/3776 3778/3778 3774/3774
f 3777/3777 3775/3775 3774/3774
f 3779/3779 3785/3785 3780/3780
f 3780/3780 4052/4052 3782/3782
f 3782/3782 3834/3834 3783/3783
f 3784/3784 3779/3779 3781/3781
f 3785/3785 3789/3789 3786/3786
f 3788/3788 3791/3791 3786/3786
f 3788/3788 3795/3795 3790/3790
f 3792/3792 3784/3784 3783/3783
f 3794/3794 3798/3798 3790/3790
f 3792/3792 3793/3793 3796/3796
f 3791/3791 3790/3790 3293/3293
f 3798/3798 3296/3296 3293/3293
f 3798/3798 3801/3801 3301/3301
f 3799/3799 3801/3801 3798/3798
f 3800/3800 6022/6022 3301/3301
f 3802/3802 3800/3800 3801/3801
f 3797/3797 3796/3796 3803/3803
f 3805/3805 6116/6116 3804/3804
f 3806/3806 3808/3808 3803/3803
f 3807/3807 3805/3805 3803/3803
f 3809/3809 3808/3808 3806/3806
f 3809/3809 3812/3812 3807/3807
f 3813/3813 6117/6117 3811/3811
f 3811/3811 3815/3815 3812/3812
f 6118/6118 6119/6119 6120/6120
f 3814/3814 6121/6121 3815/3815
f 6118/6118 6120/6120 3816/3816
f 6120/6120 3814/3814 3816/3816
f 3815/3815 6122/6122 3817/3817
f 3817/3817 6122/6122 3819/3819
f 3819/3819 6123/6123 3820/3820
f 3817/3817 3820/3820 3821/3821
f 3822/3822 3893/3893 3823/3823
f 3823/3823 3818/3818 3817/3817
f 3820/3820 3826/3826 3824/3824
f 3820/3820 6123/6123 3825/3825
f 3825/3825 6124/6124 3826/3826
f 3828/3828 6125/6125 3827/3827
f 3827/3827 6117/6117 3813/3813
f 3830/3830 6126/6126 3829/3829
f 3829/3829 6125/6125 3828/3828
f 3810/3810 3806/3806 3831/3831
f 3833/3833 3832/3832 3831/3831
f 3836/3836 6127/6127 3835/3835
f 3835/3835 6126/6126 3830/3830
f 3783/3783 3834/3834 3831/3831
f 3793/3793 3831/3831 3806/3806
f 3837/3837 3833/3833 3834/3834
f 3826/3826 6124/6124 3838/3838
f 3838/3838 6128/6128 3839/3839
f 3839/3839 6128/6128 3840/3840
f 3840/3840 6129/6129 3841/3841
f 3843/3843 6130/6130 3842/3842
f 3842/3842 6127/6127 3836/3836
f 3841/3841 6129/6129 3844/3844
f 3844/3844 3850/3850 3845/3845
f 6130/6130 3843/3843 3848/3848
f 3843/3843 3846/3846 3848/3848
f 3849/3849 3851/3851 3845/3845
f 3851/3851 3853/3853 3852/3852
f 3853/3853 6131/6131 3854/3854
f 3855/3855 3861/3861 3856/3856
f 3858/3858 3968/3968 3852/3852
f 3857/3857 3856/3856 3859/3859
f 3861/3861 4050/4050 3862/3862
f 3856/3856 3862/3862 3863/3863
f 3860/3860 3859/3859 3864/3864
f 3859/3859 3863/3863 3866/3866
f 3863/3863 3868/3868 3867/3867
f 3862/3862 3870/3870 3868/3868
f 3870/3870 4049/4049 3869/3869
f 3869/3869 6132/6132 3868/3868
f 3868/3868 6132/6132 3871/3871
f 3871/3871 6133/6133 3867/3867
f 3866/3866 3867/3867 3872/3872
f 3867/3867 6133/6133 3874/3874
f 3874/3874 6134/6134 3872/3872
f 3877/3877 6135/6135 3875/3875
f 3875/3875 6136/6136 3876/3876
f 444/444 4877/4877 3878/3878
f 3878/3878 6135/6135 3877/3877
f 3872/3872 6134/6134 3879/3879
f 3879/3879 6137/6137 3880/3880
f 3880/3880 6137/6137 3881/3881
f 3881/3881 4874/4874 437/437
f 3873/3873 3872/3872 3880/3880
f 3882/3882 3880/3880 437/437
f 3884/3884 3882/3882 3883/3883
f 3886/3886 3873/3873 3882/3882
f 3887/3887 3886/3886 3884/3884
f 3888/3888 3884/3884 3885/3885
f 3890/3890 3891/3891 3885/3885
f 3891/3891 6138/6138 3889/3889
f 3822/3822 6139/6139 3892/3892
f 6139/6139 3896/3896 3892/3892
f 3894/3894 6139/6139 3822/3822
f 3897/3897 3960/3960 3895/3895
f 3960/3960 6140/6140 3895/3895
f 3898/3898 6141/6141 3899/3899
f 6119/6119 6118/6118 3901/3901
f 6118/6118 3902/3902 3901/3901
f 3902/3902 6141/6141 3898/3898
f 3903/3903 3916/3916 3904/3904
f 3916/3916 6142/6142 3904/3904
f 3905/3905 3909/3909 3908/3908
f 3908/3908 3903/3903 3905/3905
f 3898/3898 6143/6143 6144/6144
f 6144/6144 6145/6145 3898/3898
f 6145/6145 3906/3906 3898/3898
f 3907/3907 6146/6146 3908/3908
f 3908/3908 6146/6146 3903/3903
f 6146/6146 3910/3910 3903/3903
f 3903/3903 3911/3911 3914/3914
f 3911/3911 3912/3912 3914/3914
f 3929/3929 6147/6147 3914/3914
f 6147/6147 3915/3915 3903/3903
f 3914/3914 6147/6147 3903/3903
f 3919/3919 3924/3924 3917/3917
f 3918/3918 6148/6148 3919/3919
f 3919/3919 6148/6148 3922/3922
f 6148/6148 3920/3920 3922/3922
f 3919/3919 3922/3922 3923/3923
f 3923/3923 6149/6149 3924/3924
f 3925/3925 87/87 3926/3926
f 87/87 6150/6150 3926/3926
f 3926/3926 6151/6151 3927/3927
f 3930/3930 3932/3932 3928/3928
f 3928/3928 6147/6147 3929/3929
f 3930/3930 3934/3934 3931/3931
f 3934/3934 6152/6152 3931/3931
f 3929/3929 3940/3940 3930/3930
f 3940/3940 3933/3933 3930/3930
f 142/142 141/141 3936/3936
f 3936/3936 6153/6153 6154/6154
f 6154/6154 3935/3935 3936/3936
f 142/142 3935/3935 147/147
f 3935/3935 3937/3937 147/147
f 3914/3914 3913/3913 3929/3929
f 3913/3913 3939/3939 3929/3929
f 147/147 3938/3938 148/148
f 3938/3938 3941/3941 148/148
f 148/148 3942/3942 3945/3945
f 3942/3942 3943/3943 3945/3945
f 3945/3945 3950/3950 3946/3946
f 3946/3946 4675/4675 148/148
f 3945/3945 3944/3944 3947/3947
f 3947/3947 6155/6155 3948/3948
f 3945/3945 3948/3948 3949/3949
f 3949/3949 6156/6156 3950/3950
f 6143/6143 3898/3898 3952/3952
f 3898/3898 3900/3900 3952/3952
f 154/154 4678/4678 3954/3954
f 4678/4678 3953/3953 3954/3954
f 3953/3953 6157/6157 3951/3951
f 168/168 3957/3957 3955/3955
f 3957/3957 6158/6158 3955/3955
f 157/157 156/156 6159/6159
f 6159/6159 3957/3957 157/157
f 168/168 3956/3956 3958/3958
f 3958/3958 4871/4871 167/167
f 3960/3960 3897/3897 3961/3961
f 3961/3961 6160/6160 3959/3959
f 6160/6160 3963/3963 3959/3959
f 3963/3963 6160/6160 6161/6161
f 6161/6161 431/431 3963/3963
f 431/431 430/430 3962/3962
f 437/437 436/436 3883/3883
f 436/436 3964/3964 3883/3883
f 3865/3865 3864/3864 3886/3886
f 3864/3864 3866/3866 3873/3873
f 3965/3965 3894/3894 3821/3821
f 3966/3966 3965/3965 3824/3824
f 3826/3826 3839/3839 3967/3967
f 3839/3839 3841/3841 3968/3968
f 3858/3858 3966/3966 3967/3967
f 3968/3968 3841/3841 3845/3845
f 3969/3969 3970/3970 3877/3877
f 445/445 444/444 3877/3877
f 3971/3971 3970/3970 3969/3969
f 3971/3971 447/447 445/445
f 3973/3973 3974/3974 3971/3971
f 3974/3974 449/449 447/447
f 3972/3972 3969/3969 3975/3975
f 3973/3973 3972/3972 3976/3976
f 3978/3978 3973/3973 3977/3977
f 3978/3978 3982/3982 3974/3974
f 3980/3980 3981/3981 3978/3978
f 3981/3981 3992/3992 3982/3982
f 3983/3983 3979/3979 3977/3977
f 3983/3983 3985/3985 3980/3980
f 3985/3985 3987/3987 3986/3986
f 3986/3986 3989/3989 3981/3981
f 3987/3987 4011/4011 3988/3988
f 3988/3988 3991/3991 3989/3989
f 3990/3990 3993/3993 3989/3989
f 3989/3989 3993/3993 3992/3992
f 3990/3990 462/462 460/460
f 460/460 461/461 3992/3992
f 3992/3992 461/461 3994/3994
f 455/455 452/452 3994/3994
f 3994/3994 449/449 3974/3974
f 3994/3994 452/452 450/450
f 465/465 462/462 3990/3990
f 3995/3995 3990/3990 3991/3991
f 3997/3997 466/466 465/465
f 3997/3997 3995/3995 3996/3996
f 3998/3998 3996/3996 3999/3999
f 3996/3996 3991/3991 3988/3988
f 4001/4001 3998/3998 4000/4000
f 4003/4003 3997/3997 3998/3998
f 4004/4004 4006/4006 4001/4001
f 4005/4005 4003/4003 4001/4001
f 4007/4007 4004/4004 4002/4002
f 4008/4008 4002/4002 4000/4000
f 4009/4009 4000/4000 3999/3999
f 4011/4011 4010/4010 3999/3999
f 4007/4007 4013/4013 4012/4012
f 4013/4013 4031/4031 4014/4014
f 4012/4012 4015/4015 4006/4006
f 4014/4014 4018/4018 4015/4015
f 4016/4016 4005/4005 4006/4006
f 4017/4017 4016/4016 4015/4015
f 4017/4017 479/479 477/477
f 477/477 474/474 4005/4005
f 4019/4019 4017/4017 4018/4018
f 4019/4019 4022/4022 479/479
f 4019/4019 6162/6162 4021/4021
f 4021/4021 6163/6163 4022/4022
f 4020/4020 6164/6164 4023/4023
f 4023/4023 6162/6162 4019/4019
f 4022/4022 482/482 478/478
f 4022/4022 6163/6163 4024/4024
f 4024/4024 4878/4878 482/482
f 492/492 4882/4882 4025/4025
f 4025/4025 6165/6165 500/500
f 4027/4027 4029/4029 4026/4026
f 4026/4026 6164/6164 4020/4020
f 4020/4020 4018/4018 4014/4014
f 4027/4027 4030/4030 6166/6166
f 6166/6166 4028/4028 4027/4027
f 4030/4030 4027/4027 4014/4014
f 501/501 6167/6167 4032/4032
f 4032/4032 6168/6168 504/504
f 504/504 6168/6168 4033/4033
f 6168/6168 6169/6169 4033/4033
f 4035/4035 6170/6170 4036/4036
f 4037/4037 4036/4036 4040/4040
f 4036/4036 4038/4038 4040/4040
f 500/500 6165/6165 4041/4041
f 4041/4041 6167/6167 501/501
f 4005/4005 474/474 473/473
f 4003/4003 473/473 466/466
f 4042/4042 3984/3984 3977/3977
f 4043/4043 4042/4042 3976/3976
f 4044/4044 4043/4043 3975/3975
f 3969/3969 3876/3876 4045/4045
f 4045/4045 6171/6171 4046/4046
f 4046/4046 6172/6172 4044/4044
f 3876/3876 6136/6136 4047/4047
f 4047/4047 6171/6171 4045/4045
f 4048/4048 6173/6173 4049/4049
f 4050/4050 4048/4048 3870/3870
f 4051/4051 6174/6174 3777/3777
f 4052/4052 6175/6175 3837/3837
f 3776/3776 6176/6176 4051/4051
f 4053/4053 6177/6177 4054/4054
f 4055/4055 4054/4054 4056/4056
f 3159/3159 3158/3158 4058/4058
f 4057/4057 4056/4056 4060/4060
f 4059/4059 4058/4058 4062/4062
f 4063/4063 4062/4062 4064/4064
f 4065/4065 4064/4064 4066/4066
f 4061/4061 4060/4060 4068/4068
f 4069/4069 4068/4068 4070/4070
f 4071/4071 4070/4070 4072/4072
f 4067/4067 4066/4066 4074/4074
f 4076/4076 4073/4073 4072/4072
f 4075/4075 4074/4074 4078/4078
f 4079/4079 4078/4078 4080/4080
f 4081/4081 4080/4080 4082/4082
f 4076/4076 4077/4077 4084/4084
f 4086/4086 4085/4085 4084/4084
f 4086/4086 4087/4087 4088/4088
f 4083/4083 4082/4082 4090/4090
f 4089/4089 4088/4088 3111/3111
f 4091/4091 4090/4090 4092/4092
f 4094/4094 6178/6178 4093/4093
f 4095/4095 6179/6179 4096/4096
f 4097/4097 4096/4096 4098/4098
f 4099/4099 6180/6180 4100/4100
f 3791/3791 3291/3291 3277/3277
f 3787/3787 3786/3786 3277/3277
f 3761/3761 1627/1627 1625/1625
f 3769/3769 1606/1606 1593/1593
f 1608/1608 4101/4101 1625/1625
f 5415/5415 5418/5418 6181/6181
f 5415/5415 6181/6181 6182/6182
f 6183/6183 6184/6184 6185/6185
f 6185/6185 5415/5415 6186/6186
f 5415/5415 6182/6182 6187/6187
f 5415/5415 6187/6187 6188/6188
f 6189/6189 5415/5415 6188/6188
f 6186/6186 6183/6183 6185/6185
f 6189/6189 6186/6186 5415/5415
f 6187/6187 6190/6190 6188/6188
f 6190/6190 6191/6191 6188/6188
f 6191/6191 6192/6192 4102/4102
f 6188/6188 6191/6191 4102/4102
f 6192/6192 6193/6193 4102/4102
f 5394/5394 6194/6194 6195/6195
f 6194/6194 4102/4102 4104/4104
f 5394/5394 6196/6196 5395/5395
f 4102/4102 6193/6193 4103/4103
f 6196/6196 5394/5394 6195/6195
f 6195/6195 6194/6194 4104/4104
f 4105/4105 6197/6197 4106/4106
f 4108/4108 6198/6198 4109/4109
f 4111/4111 4108/4108 4110/4110
f 4113/4113 6199/6199 4114/4114
f 4116/4116 4113/4113 4115/4115
f 6200/6200 6201/6201 6202/6202
f 6200/6200 6202/6202 6203/6203
f 6202/6202 6204/6204 6203/6203
f 6205/6205 6203/6203 6204/6204
f 6206/6206 6207/6207 6208/6208
f 6207/6207 6205/6205 6208/6208
f 4118/4118 6209/6209 4119/4119
f 6209/6209 6206/6206 4119/4119
f 6210/6210 6211/6211 6212/6212
f 6211/6211 4118/4118 4120/4120
f 6213/6213 6214/6214 6215/6215
f 6214/6214 6210/6210 6216/6216
f 6215/6215 6214/6214 6216/6216
f 6217/6217 6218/6218 6219/6219
f 6218/6218 6213/6213 6220/6220
f 6220/6220 6213/6213 6215/6215
f 6220/6220 6219/6219 6218/6218
f 6211/6211 4120/4120 6221/6221
f 6208/6208 6205/6205 6204/6204
f 6206/6206 6208/6208 6222/6222
f 6206/6206 6222/6222 4119/4119
f 6212/6212 6216/6216 6210/6210
f 6221/6221 6212/6212 6211/6211
f 4121/4121 6223/6223 4122/4122
f 6217/6217 6219/6219 6224/6224
f 6217/6217 6224/6224 6225/6225
f 6224/6224 6226/6226 6225/6225
f 6227/6227 6225/6225 6226/6226
f 6228/6228 6229/6229 6230/6230
f 6229/6229 6227/6227 6230/6230
f 4124/4124 6231/6231 4125/4125
f 6231/6231 6228/6228 4125/4125
f 6232/6232 6233/6233 6234/6234
f 6233/6233 4124/4124 4126/4126
f 6235/6235 6236/6236 6237/6237
f 6236/6236 6232/6232 6237/6237
f 6235/6235 6237/6237 6238/6238
f 6200/6200 6239/6239 6240/6240
f 6239/6239 6235/6235 6238/6238
f 6240/6240 6201/6201 6200/6200
f 6238/6238 6240/6240 6239/6239
f 6233/6233 4126/4126 6234/6234
f 6230/6230 6227/6227 6226/6226
f 6228/6228 6230/6230 6241/6241
f 6228/6228 6241/6241 4125/4125
f 6242/6242 6237/6237 6232/6232
f 6234/6234 6242/6242 6232/6232
f 4127/4127 4132/4132 4123/4123
f 4128/4128 4130/4130 4107/4107
f 4129/4129 4134/4134 4130/4130
f 4131/4131 4140/4140 4132/4132
f 4133/4133 4136/4136 4134/4134
f 4135/4135 4142/4142 4136/4136
f 4137/4137 4144/4144 4138/4138
f 4139/4139 4138/4138 4140/4140
f 4141/4141 4152/4152 4142/4142
f 4143/4143 4146/4146 4144/4144
f 4145/4145 4148/4148 4146/4146
f 4147/4147 4160/4160 4148/4148
f 4149/4149 4154/4154 4150/4150
f 4151/4151 4150/4150 4152/4152
f 4153/4153 4156/4156 4154/4154
f 4155/4155 4298/4298 4156/4156
f 4157/4157 4162/4162 4158/4158
f 4159/4159 4158/4158 4160/4160
f 4161/4161 4164/4164 4162/4162
f 4163/4163 6243/6243 4164/4164
f 4165/4165 6244/6244 4166/4166
f 4167/4167 4170/4170 4168/4168
f 4169/4169 4179/4179 4168/4168
f 4171/4171 4177/4177 4172/4172
f 4174/4174 4171/4171 4173/4173
f 4176/4176 4181/4181 4172/4172
f 4169/4169 4182/4182 4178/4178
f 4176/4176 4184/4184 4180/4180
f 4182/4182 4191/4191 4183/4183
f 4184/4184 4186/4186 4185/4185
f 4186/4186 4199/4199 4187/4187
f 4188/4188 4192/4192 4189/4189
f 4191/4191 4188/4188 4190/4190
f 4192/4192 4194/4194 4193/4193
f 4194/4194 4201/4201 4195/4195
f 4196/4196 4200/4200 4197/4197
f 4199/4199 4196/4196 4198/4198
f 4111/4111 4112/4112 4197/4197
f 4201/4201 4116/4116 4117/4117
f 4202/4202 6245/6245 4174/4174
f 4203/4203 6246/6246 4204/4204
f 4208/4208 6247/6247 4206/4206
f 4206/4206 6248/6248 4207/4207
f 4209/4209 6249/6249 4210/4210
f 4287/4287 4225/4225 4214/4214
f 4225/4225 4212/4212 4214/4214
f 4218/4218 4216/4216 6250/6250
f 4216/4216 6251/6251 6252/6252
f 6250/6250 4216/4216 6253/6253
f 6251/6251 6254/6254 6252/6252
f 6252/6252 4217/4217 4216/4216
f 6253/6253 4216/4216 6255/6255
f 4215/4215 6255/6255 4216/4216
f 4235/4235 6256/6256 4219/4219
f 6256/6256 4216/4216 4219/4219
f 4212/4212 4223/4223 6257/6257
f 6258/6258 6259/6259 4212/4212
f 6259/6259 6260/6260 4212/4212
f 4212/4212 6257/6257 6258/6258
f 4221/4221 4213/4213 4212/4212
f 6260/6260 4220/4220 4212/4212
f 4223/4223 4212/4212 4224/4224
f 4224/4224 4230/4230 6261/6261
f 6261/6261 4222/4222 4224/4224
f 4224/4224 4212/4212 4225/4225
f 4224/4224 4226/4226 4227/4227
f 4230/4230 4224/4224 4228/4228
f 4228/4228 4296/4296 4229/4229
f 4237/4237 4236/4236 4233/4233
f 4236/4236 4231/4231 4233/4233
f 4232/4232 4231/4231 4234/4234
f 4234/4234 6256/6256 4235/4235
f 4240/4240 4239/4239 4238/4238
f 4239/4239 4236/4236 4238/4238
f 4243/4243 4242/4242 4241/4241
f 4242/4242 4239/4239 4241/4241
f 6262/6262 4245/4245 4244/4244
f 4245/4245 4242/4242 4244/4244
f 4245/4245 6262/6262 4246/4246
f 4249/4249 4263/4263 4262/4262
f 4262/4262 4250/4250 4249/4249
f 4250/4250 6263/6263 6264/6264
f 4248/4248 4250/4250 6265/6265
f 6264/6264 6266/6266 4250/4250
f 6266/6266 6265/6265 4250/4250
f 4247/4247 4246/4246 4251/4251
f 4252/4252 4251/4251 4253/4253
f 4254/4254 4253/4253 4255/4255
f 4257/4257 6267/6267 4256/4256
f 6268/6268 6269/6269 6270/6270
f 6270/6270 6271/6271 6268/6268
f 6271/6271 4258/4258 4260/4260
f 4258/4258 6272/6272 4259/4259
f 4260/4260 6268/6268 6271/6271
f 4261/4261 4265/4265 4262/4262
f 4264/4264 4267/4267 4265/4265
f 4266/4266 4267/4267 3670/3670
f 3674/3674 3670/3670 4267/4267
f 4269/4269 3674/3674 4268/4268
f 4271/4271 4291/4291 4264/4264
f 3674/3674 4269/4269 4272/4272
f 4269/4269 4270/4270 4274/4274
f 4275/4275 4279/4279 4272/4272
f 4276/4276 4275/4275 4274/4274
f 4275/4275 4276/4276 4278/4278
f 4276/4276 4277/4277 4280/4280
f 4276/4276 4281/4281 4282/4282
f 3706/3706 3699/3699 3698/3698
f 3706/3706 4283/4283 4284/4284
f 4285/4285 4284/4284 4282/4282
f 4281/4281 4280/4280 4286/4286
f 4287/4287 6273/6273 4288/4288
f 4225/4225 4288/4288 4289/4289
f 4227/4227 4226/4226 4289/4289
f 4271/4271 4227/4227 4290/4290
f 4292/4292 4228/4228 4227/4227
f 4292/4292 4271/4271 4261/4261
f 4294/4294 4292/4292 4263/4263
f 4263/4263 4249/4249 4294/4294
f 4296/4296 4228/4228 4292/4292
f 4292/4292 4294/4294 4295/4295
f 4297/4297 4266/4266 3601/3601
f 3607/3607 3606/3606 4266/4266
f 3597/3597 3598/3598 3587/3587
f 4205/4205 4204/4204 4298/4298
f 4299/4299 6274/6274 4300/4300
f 4302/4302 6275/6275 4303/4303
f 4305/4305 6276/6276 4306/4306
f 4308/4308 6277/6277 4309/4309
f 4311/4311 4310/4310 4309/4309
f 4301/4301 4300/4300 4313/4313
f 4311/4311 4312/4312 4315/4315
f 4314/4314 4313/4313 4317/4317
f 4318/4318 4317/4317 4319/4319
f 4320/4320 4319/4319 4321/4321
f 4316/4316 4315/4315 4323/4323
f 4324/4324 4323/4323 4325/4325
f 4327/4327 4326/4326 4325/4325
f 4322/4322 4321/4321 4329/4329
f 4327/4327 4328/4328 4331/4331
f 4330/4330 4329/4329 4333/4333
f 4335/4335 4332/4332 4331/4331
f 4334/4334 4333/4333 4337/4337
f 4339/4339 4335/4335 4336/4336
f 4338/4338 4337/4337 4341/4341
f 4342/4342 4341/4341 4343/4343
f 4344/4344 4343/4343 4345/4345
f 4347/4347 6278/6278 4346/4346
f 4348/4348 4394/4394 4349/4349
f 4349/4349 6279/6279 4351/4351
f 4352/4352 6280/6280 4353/4353
f 4355/4355 6281/6281 4356/4356
f 4358/4358 4357/4357 4356/4356
f 4360/4360 4358/4358 4359/4359
f 4354/4354 4353/4353 4362/4362
f 4363/4363 4362/4362 4364/4364
f 4360/4360 4361/4361 4366/4366
f 4365/4365 4364/4364 4368/4368
f 4369/4369 4368/4368 4370/4370
f 4367/4367 4366/4366 4372/4372
f 4371/4371 4370/4370 4374/4374
f 4375/4375 4374/4374 4376/4376
f 4378/4378 4373/4373 4372/4372
f 4380/4380 4378/4378 4379/4379
f 4377/4377 4376/4376 4382/4382
f 4380/4380 4381/4381 4384/4384
f 4385/4385 4384/4384 4386/4386
f 4387/4387 4386/4386 4388/4388
f 4383/4383 4382/4382 4390/4390
f 4391/4391 4390/4390 4392/4392
f 4393/4393 4392/4392 4304/4304
f 4389/4389 4388/4388 4307/4307
f 4339/4339 4340/4340 4394/4394
f 4395/4395 6282/6282 3683/3683
f 3466/3466 3465/3465 4398/4398
f 3465/3465 4396/4396 4398/4398
f 4399/4399 6283/6283 4400/4400
f 4402/4402 6284/6284 4403/4403
f 3390/3390 3389/3389 4401/4401
f 3388/3388 3387/3387 4402/4402
f 3403/3403 6285/6285 3399/3399
f 4405/4405 3349/3349 3396/3396
f 3349/3349 3342/3342 3340/3340
f 4406/4406 3348/3348 3349/3349
f 4407/4407 6286/6286 4408/4408
f 4409/4409 3357/3357 3350/3350
f 4410/4410 6287/6287 4411/4411
f 4413/4413 6288/6288 4414/4414
f 3369/3369 3266/3266 3268/3268
f 3284/3284 3288/3288 3315/3315
f 3287/3287 3299/3299 3307/3307
f 4416/4416 4418/4418 4417/4417
f 4418/4418 3135/3135 3136/3136
f 4419/4419 3122/3122 3121/3121
f 4420/4420 6289/6289 4421/4421
f 2999/2999 2998/2998 4422/4422
f 4423/4423 2956/2956 2958/2958
f 4425/4425 4423/4423 4424/4424
f 4427/4427 4425/4425 4426/4426
f 4428/4428 6290/6290 4429/4429
f 4431/4431 4428/4428 4430/4430
f 4433/4433 4431/4431 4432/4432
f 4435/4435 4433/4433 4434/4434
f 4437/4437 4435/4435 4436/4436
f 2728/2728 2727/2727 2742/2742
f 2612/2612 2613/2613 2603/2603
f 2570/2570 2569/2569 4439/4439
f 2566/2566 4442/4442 4440/4440
f 4442/4442 4445/4445 4443/4443
f 4444/4444 6291/6291 4443/4443
f 4447/4447 4450/4450 4446/4446
f 4446/4446 6291/6291 4444/4444
f 2503/2503 2487/2487 4448/4448
f 4448/4448 5590/5590 2504/2504
f 4449/4449 6292/6292 4450/4450
f 4451/4451 1661/1661 1662/1662
f 4452/4452 4455/4455 4453/4453
f 4455/4455 6293/6293 4456/4456
f 4458/4458 4454/4454 4453/4453
f 4460/4460 4457/4457 4456/4456
f 4462/4462 4465/4465 4463/4463
f 4464/4464 4466/4466 4463/4463
f 1628/1628 4463/4463 1619/1619
f 4466/4466 1618/1618 1619/1619
f 4462/4462 1628/1628 1630/1630
f 1637/1637 4460/4460 4461/4461
f 4469/4469 4458/4458 4459/4459
f 4469/4469 4470/4470 4471/4471
f 4472/4472 4474/4474 4473/4473
f 4474/4474 4476/4476 4475/4475
f 1427/1427 1428/1428 1436/1436
f 1412/1412 1427/1427 4473/4473
f 4476/4476 1406/1406 1407/1407
f 1409/1409 1412/1412 4475/4475
f 4479/4479 6294/6294 4477/4477
f 4477/4477 6295/6295 4478/4478
f 6294/6294 4479/4479 4482/4482
f 4479/4479 4480/4480 4482/4482
f 4481/4481 4480/4480 4485/4485
f 4480/4480 4483/4483 4485/4485
f 4484/4484 4483/4483 4488/4488
f 4483/4483 4486/4486 4488/4488
f 4490/4490 6296/6296 4489/4489
f 4489/4489 6297/6297 1129/1129
f 1157/1157 6298/6298 4491/4491
f 4491/4491 6296/6296 4490/4490
f 1139/1139 1144/1144 1157/1157
f 1131/1131 1139/1139 4490/4490
f 1129/1129 6297/6297 4492/4492
f 4492/4492 5142/5142 1124/1124
f 1156/1156 5157/5157 4493/4493
f 4493/4493 6298/6298 1157/1157
f 4487/4487 4486/4486 4496/4496
f 4486/4486 4494/4494 4496/4496
f 4495/4495 4494/4494 4499/4499
f 4494/4494 4497/4497 4499/4499
f 4498/4498 4497/4497 4502/4502
f 4497/4497 4500/4500 4502/4502
f 4501/4501 4500/4500 4505/4505
f 4500/4500 4503/4503 4505/4505
f 4504/4504 4503/4503 4508/4508
f 4503/4503 4506/4506 4508/4508
f 1112/1112 5139/5139 4509/4509
f 4509/4509 6299/6299 1111/1111
f 4507/4507 4506/4506 4512/4512
f 4506/4506 4510/4510 4512/4512
f 1111/1111 6299/6299 4513/4513
f 4513/4513 5090/5090 951/951
f 4511/4511 4510/4510 4516/4516
f 4510/4510 4514/4514 4516/4516
f 968/968 4518/4518 4517/4517
f 967/967 1000/1000 4518/4518
f 4518/4518 1000/1000 1001/1001
f 4517/4517 4518/4518 4519/4519
f 4519/4519 4520/4520 1086/1086
f 1001/1001 1002/1002 4520/4520
f 1086/1086 4520/4520 1012/1012
f 4520/4520 1002/1002 1003/1003
f 970/970 997/997 1000/1000
f 1020/1020 5119/5119 4521/4521
f 4521/4521 5124/5124 1075/1075
f 861/861 6300/6300 4522/4522
f 4522/4522 4994/4994 852/852
f 792/792 4987/4987 4523/4523
f 4523/4523 6300/6300 861/861
f 838/838 6301/6301 4524/4524
f 4524/4524 6302/6302 837/837
f 837/837 6302/6302 4525/4525
f 4525/4525 4988/4988 797/797
f 797/797 827/827 829/829
f 796/796 801/801 827/827
f 839/839 4991/4991 4526/4526
f 4526/4526 6301/6301 838/838
f 818/818 813/813 4527/4527
f 4528/4528 4527/4527 4529/4529
f 4531/4531 4527/4527 813/813
f 4532/4532 4529/4529 4527/4527
f 4533/4533 4532/4532 4531/4531
f 4534/4534 4531/4531 816/816
f 746/746 4536/4536 4532/4532
f 4536/4536 4538/4538 4529/4529
f 745/745 4537/4537 4536/4536
f 4537/4537 4539/4539 4538/4538
f 738/738 737/737 4537/4537
f 737/737 4542/4542 4539/4539
f 4540/4540 4538/4538 4539/4539
f 4541/4541 4539/4539 4542/4542
f 4544/4544 4543/4543 4542/4542
f 736/736 4545/4545 4542/4542
f 4546/4546 4544/4544 4545/4545
f 4547/4547 4546/4546 730/730
f 728/728 730/730 4545/4545
f 4530/4530 4529/4529 4538/4538
f 747/747 746/746 4533/4533
f 753/753 4533/4533 4534/4534
f 755/755 4534/4534 4535/4535
f 765/765 757/757 4535/4535
f 742/742 4549/4549 732/732
f 4548/4548 731/731 732/732
f 701/701 700/700 731/731
f 700/700 702/702 726/726
f 4550/4550 659/659 662/662
f 4551/4551 4550/4550 669/669
f 660/660 659/659 4550/4550
f 4552/4552 4550/4550 4551/4551
f 355/355 403/403 401/401
f 355/355 4553/4553 4554/4554
f 4553/4553 401/401 399/399
f 4553/4553 4555/4555 374/374
f 356/356 4554/4554 365/365
f 4554/4554 374/374 373/373
f 4555/4555 394/394 375/375
f 399/399 393/393 394/394
f 375/375 394/394 387/387
f 342/342 360/360 4556/4556
f 360/360 4559/4559 4556/4556
f 336/336 339/339 4558/4558
f 4558/4558 4560/4560 335/335
f 4559/4559 334/334 335/335
f 338/338 323/323 321/321
f 237/237 4712/4712 247/247
f 4712/4712 4561/4561 247/247

