# https://github.com/mikedh/trimesh
mtllib material.mtl

o object23_022-mesh
usemtl material_0
v 0.08999997 0.01808595 -0.05056297
v 0.08999997 0.00310796 -0.05360996
v 0.07899999 0.00310796 -0.05360996
v 0.07899999 0.01808595 -0.05056297
v 0.08999997 0.00310796 -0.05360996
v 0.08999997 0.01808595 -0.05056297
v 0.08999997 0.03159796 -0.04341900
v 0.08999997 0.04255098 -0.03275799
v 0.08999997 0.05005598 -0.01944297
v 0.08999997 0.05350697 -0.00455296
v 0.08999997 0.05262196 0.01070594
v 0.08999997 0.04747396 0.02509796
v 0.08999997 0.03847998 0.03745597
v 0.08999997 0.02636897 0.04677999
v 0.08999997 0.01212197 0.05231398
v 0.08999997 -0.00310796 0.05360996
v 0.08999997 -0.01808595 0.05056297
v 0.08999997 -0.03159796 0.04341900
v 0.08999997 -0.04255098 0.03275799
v 0.08999997 -0.05005598 0.01944297
v 0.08999997 -0.05350697 0.00455296
v 0.08999997 -0.05262196 -0.01070594
v 0.08999997 -0.04747396 -0.02509796
v 0.08999997 -0.03847998 -0.03745597
v 0.08999997 -0.02636897 -0.04677999
v 0.08999997 -0.01212197 -0.05231398
v 0.07899999 -0.01212197 -0.05231398
v 0.07899999 0.00310796 -0.05360996
v 0.08999997 0.00310796 -0.05360996
v 0.08999997 -0.01212197 -0.05231398
v 0.07049995 -0.01212197 -0.05231398
v 0.07049995 0.00310796 -0.05360996
v 0.07049995 0.00310796 -0.05360996
v 0.07049995 0.01808595 -0.05056297
v 0.07899999 0.03159796 -0.04341900
v 0.08999997 0.03159796 -0.04341900
v 0.07049995 0.03159796 -0.04341900
v 0.07899999 0.04255098 -0.03275799
v 0.08999997 0.04255098 -0.03275799
v 0.07049995 0.04255098 -0.03275799
v 0.06849998 0.01774895 -0.04962098
v 0.06849998 0.03100997 -0.04261100
v 0.07049995 0.03159796 -0.04341900
v 0.07049995 0.01808595 -0.05056297
v 0.06849998 0.04175895 -0.03214800
v 0.07049995 0.04255098 -0.03275799
v 0.07899999 0.05005598 -0.01944297
v 0.07049995 0.05005598 -0.01944297
v 0.06849998 0.04912400 -0.01908099
v 0.07049995 0.05005598 -0.01944297
v 0.06849998 -0.00304997 0.05261194
v 0.06849998 0.01189595 0.05133998
v 0.06849998 0.02587795 0.04590898
v 0.06849998 0.03776395 0.03675794
v 0.06849998 0.04658997 0.02462995
v 0.06849998 0.05164200 0.01050698
v 0.06849998 0.05250996 -0.00446898
v 0.06849998 0.04912400 -0.01908099
v 0.06849998 0.04175895 -0.03214800
v 0.06849998 0.03100997 -0.04261100
v 0.06849998 0.01774895 -0.04962098
v 0.06849998 0.00304997 -0.05261194
v 0.06849998 -0.01189595 -0.05133998
v 0.06849998 -0.02587795 -0.04590898
v 0.06849998 -0.03776395 -0.03675895
v 0.06849998 -0.04658997 -0.02462995
v 0.06849998 -0.05164200 -0.01050698
v 0.06849998 -0.05250996 0.00446898
v 0.06849998 -0.04912400 0.01908099
v 0.06849998 -0.04175895 0.03214800
v 0.06849998 -0.03100997 0.04261100
v 0.06849998 -0.01774895 0.04962098
v 0.06849998 0.05250996 -0.00446898
v 0.07049995 0.05350697 -0.00455296
v 0.06849998 0.05164200 0.01050698
v 0.07049995 0.05262196 0.01070594
v 0.06849998 0.04658997 0.02462995
v 0.07049995 0.04747396 0.02509796
v 0.06849998 0.03776395 0.03675794
v 0.07049995 0.03847998 0.03745597
v 0.06849998 0.02587795 0.04590898
v 0.07049995 0.02636897 0.04677999
v 0.06849998 0.01189595 0.05133998
v 0.07049995 0.01212197 0.05231398
v 0.07899999 0.01212197 0.05231398
v 0.07899999 0.02636897 0.04677999
v 0.07049995 0.02636897 0.04677999
v 0.07049995 0.01212197 0.05231398
v 0.07899999 0.03847998 0.03745597
v 0.07049995 0.03847998 0.03745597
v 0.06849998 -0.00304997 0.05261194
v 0.07049995 -0.00310796 0.05360996
v 0.07899999 -0.00310796 0.05360996
v 0.07049995 -0.00310796 0.05360996
v 0.08999997 -0.00310796 0.05360996
v 0.08999997 0.01212197 0.05231398
v 0.08999997 0.02636897 0.04677999
v 0.07899999 -0.01808595 0.05056297
v 0.08999997 -0.01808595 0.05056297
v 0.07899999 -0.03159796 0.04341900
v 0.08999997 -0.03159796 0.04341900
v 0.07049995 -0.01808595 0.05056297
v 0.07049995 -0.03159796 0.04341900
v 0.07899999 -0.04255098 0.03275799
v 0.08999997 -0.04255098 0.03275799
v 0.07049995 -0.04255098 0.03275799
v 0.07899999 -0.05005598 0.01944297
v 0.08999997 -0.05005598 0.01944297
v 0.07049995 -0.05005598 0.01944297
v 0.07899999 -0.05350697 0.00455296
v 0.08999997 -0.05350697 0.00455296
v 0.07899999 -0.05262196 -0.01070594
v 0.08999997 -0.05262196 -0.01070594
v 0.07049995 -0.05350697 0.00455296
v 0.07049995 -0.05262196 -0.01070594
v 0.06849998 -0.04912400 0.01908099
v 0.06849998 -0.05250996 0.00446898
v 0.07049995 -0.05350697 0.00455296
v 0.07049995 -0.05005598 0.01944297
v 0.06849998 -0.05164200 -0.01050698
v 0.07049995 -0.05262196 -0.01070594
v 0.06849998 -0.04175895 0.03214800
v 0.07049995 -0.04255098 0.03275799
v 0.06849998 -0.03100997 0.04261100
v 0.07049995 -0.03159796 0.04341900
v 0.06849998 -0.01774895 0.04962098
v 0.07049995 -0.01808595 0.05056297
v 0.07049995 -0.00310796 0.05360996
v 0.06849998 -0.00304997 0.05261194
v 0.06849998 -0.04658997 -0.02462995
v 0.07049995 -0.04747396 -0.02509796
v 0.07899999 -0.04747396 -0.02509796
v 0.07049995 -0.04747396 -0.02509796
v 0.06849998 -0.03776395 -0.03675895
v 0.07049995 -0.03847998 -0.03745597
v 0.06849998 -0.02587795 -0.04590898
v 0.07049995 -0.02636897 -0.04677999
v 0.07899999 -0.02636897 -0.04677999
v 0.07899999 -0.03847998 -0.03745597
v 0.07049995 -0.03847998 -0.03745597
v 0.07049995 -0.02636897 -0.04677999
v 0.06849998 -0.01189595 -0.05133998
v 0.07049995 -0.01212197 -0.05231398
v 0.08999997 -0.02636897 -0.04677999
v 0.08999997 -0.03847998 -0.03745597
v 0.08999997 -0.04747396 -0.02509796
v 0.06849998 0.00304997 -0.05261194
v 0.07049995 0.00310796 -0.05360996
v 0.08999997 0.03847998 0.03745597
v 0.07899999 0.04747396 0.02509796
v 0.08999997 0.04747396 0.02509796
v 0.07899999 0.05262196 0.01070594
v 0.08999997 0.05262196 0.01070594
v 0.07899999 0.05350697 -0.00455296
v 0.08999997 0.05350697 -0.00455296
v 0.07049995 0.05262196 0.01070594
v 0.07049995 0.04747396 0.02509796
v 0.07049995 0.05350697 -0.00455296
v 0.08999997 0.05005598 -0.01944297
v 0.06799995 -0.05228495 -0.01023900
v 0.06799995 -0.05180597 -0.01118600
v 0.06849998 -0.05131697 -0.01107996
v 0.06849998 -0.05190998 -0.00990796
v 0.06849998 -0.05131697 -0.01107996
v 0.06849998 -0.04646295 -0.02444297
v 0.06849998 -0.03820097 -0.03601294
v 0.06849998 -0.02713799 -0.04494196
v 0.06849998 -0.01408499 -0.05057495
v 0.06849998 -0.00000000 -0.05249994
v 0.06849998 0.01408499 -0.05057495
v 0.06849998 0.02713799 -0.04494196
v 0.06849998 0.03820097 -0.03601294
v 0.06849998 0.04646295 -0.02444297
v 0.06849998 0.05131697 -0.01107996
v 0.06849998 0.05230599 -0.00000000
v 0.06849998 0.05131697 0.01107996
v 0.06849998 0.04646295 0.02444297
v 0.06849998 0.03820097 0.03601294
v 0.06849998 0.02713799 0.04494196
v 0.06849998 0.01408499 0.05057495
v 0.06849998 0.00000000 0.05249994
v 0.06849998 -0.01408499 0.05057495
v 0.06849998 -0.02713799 0.04494196
v 0.06849998 -0.03820097 0.03601294
v 0.06849998 -0.04646295 0.02444297
v 0.06849998 -0.05131697 0.01107996
v 0.06849998 -0.05190998 0.00990796
v 0.06849998 -0.05300098 0.00917495
v 0.06849998 -0.05430996 0.00906897
v 0.06849998 -0.06063395 0.01018399
v 0.06849998 -0.06115800 0.01013594
v 0.06849998 -0.06158494 0.00982899
v 0.06849998 -0.06179696 0.00934899
v 0.06849998 -0.06250000 0.00000000
v 0.06849998 -0.06179696 -0.00934898
v 0.06849998 -0.06158494 -0.00982898
v 0.06849998 -0.06115800 -0.01013594
v 0.06849998 -0.06063395 -0.01018399
v 0.06849998 -0.05430996 -0.00906896
v 0.06849998 -0.05300098 -0.00917494
v 0.06849998 -0.05190998 -0.00990796
v 0.06849998 -0.04646295 -0.02444297
v 0.06849998 -0.05131697 -0.01107996
v 0.06799995 -0.05180597 -0.01118600
v 0.06799995 -0.04690498 -0.02467596
v 0.05762898 -0.05228495 -0.01023900
v 0.05762898 -0.05180597 -0.01118600
v 0.06799995 -0.05180597 -0.01118600
v 0.06799995 -0.05228495 -0.01023900
v 0.06799995 -0.04690498 -0.02467596
v 0.06799995 -0.05180597 -0.01118600
v 0.05762898 -0.05180597 -0.01118600
v 0.05762898 -0.04702699 -0.02444297
v 0.05762898 -0.04690498 -0.02467596
v 0.06849998 -0.03820097 -0.03601294
v 0.06799995 -0.03856498 -0.03635597
v 0.06799995 -0.03856498 -0.03635597
v 0.06799995 -0.03856498 -0.03635597
v 0.05762898 -0.03892397 -0.03597098
v 0.05762898 -0.03856498 -0.03635597
v 0.06849998 -0.02713799 -0.04494196
v 0.06799995 -0.02739697 -0.04536998
v 0.06799995 -0.02739596 -0.04536998
v 0.06799995 -0.02739697 -0.04536998
v 0.05762898 -0.02806895 -0.04495698
v 0.05762898 -0.02799999 -0.04499995
v 0.06549996 -0.02799999 -0.04499995
v 0.06549996 -0.02739596 -0.04536998
v 0.06849998 -0.01408499 -0.05057495
v 0.06799995 -0.02739596 -0.04536998
v 0.06799995 -0.01421898 -0.05105698
v 0.06799995 -0.01421797 -0.05105698
v 0.06799995 -0.01421898 -0.05105698
v 0.06549996 -0.02714300 -0.04552197
v 0.06549996 -0.02627497 -0.04602897
v 0.06549996 -0.02480596 -0.04683697
v 0.06549996 -0.02300000 -0.04774898
v 0.06549996 -0.01421797 -0.05105698
v 0.06549996 -0.02714300 -0.04552197
v 0.06549996 -0.02739596 -0.04536998
v 0.06549996 -0.02799999 -0.04499995
v 0.05762898 -0.02799999 -0.04499995
v 0.05744498 -0.02695697 -0.04565799
v 0.06549996 -0.02627497 -0.04602897
v 0.05713397 -0.02640700 -0.04602700
v 0.05658799 -0.02577596 -0.04647397
v 0.06549996 -0.02480596 -0.04683697
v 0.05589199 -0.02517598 -0.04692196
v 0.05437296 -0.02420598 -0.04769498
v 0.05385094 -0.02394199 -0.04791897
v 0.05702698 -0.02640897 -0.04591995
v 0.05614799 -0.02547800 -0.04660600
v 0.05580896 -0.02520400 -0.04681599
v 0.05589199 -0.02517598 -0.04692196
v 0.05658799 -0.02577596 -0.04647397
v 0.05713397 -0.02640700 -0.04602700
v 0.05487298 -0.02457100 -0.04731994
v 0.05430299 -0.02424800 -0.04758900
v 0.05437296 -0.02420598 -0.04769498
v 0.05345100 -0.02383595 -0.04794698
v 0.05262696 -0.02351397 -0.04824697
v 0.05268198 -0.02345997 -0.04835695
v 0.05385094 -0.02394199 -0.04791897
v 0.05268198 -0.02345997 -0.04835695
v 0.05242794 -0.02337396 -0.04843997
v 0.05217099 -0.02329498 -0.04851996
v 0.05190998 -0.02322196 -0.04859697
v 0.05164694 -0.02315497 -0.04866999
v 0.05138099 -0.02309596 -0.04873800
v 0.05111294 -0.02304399 -0.04880297
v 0.05097800 -0.02302098 -0.04883396
v 0.05090999 -0.02300995 -0.04884898
v 0.05087596 -0.02300494 -0.04885697
v 0.05085897 -0.02300298 -0.04885995
v 0.05085098 -0.02300095 -0.04886198
v 0.05084598 -0.02300095 -0.04886299
v 0.05084395 -0.02300000 -0.04886394
v 0.05084300 -0.02300000 -0.04886394
v 0.05084300 -0.02300000 -0.04886394
v 0.05084198 -0.02300000 -0.04886394
v 0.05084198 -0.02300000 -0.04886394
v 0.05223995 -0.02300000 -0.04866600
v 0.06549996 -0.02300000 -0.04774898
v 0.05190700 -0.02329498 -0.04847300
v 0.05080598 -0.02307200 -0.04874795
v 0.05080598 -0.02307200 -0.04874795
v 0.05084198 -0.02300000 -0.04886394
v 0.05084198 -0.02300000 -0.04886394
v 0.05084198 -0.02300000 -0.04886394
v 0.05084198 -0.02300000 -0.04886394
v 0.05084300 -0.02300000 -0.04886394
v 0.05084300 -0.02300000 -0.04886394
v 0.05084395 -0.02300000 -0.04886394
v 0.05084598 -0.02300095 -0.04886299
v 0.05085098 -0.02300095 -0.04886198
v 0.05085897 -0.02300298 -0.04885995
v 0.05087596 -0.02300494 -0.04885697
v 0.05090999 -0.02300995 -0.04884898
v 0.05097800 -0.02302098 -0.04883396
v 0.05111294 -0.02304399 -0.04880297
v 0.05138099 -0.02309596 -0.04873800
v 0.05164694 -0.02315497 -0.04866999
v 0.05190998 -0.02322196 -0.04859697
v 0.05217099 -0.02329498 -0.04851996
v 0.05242794 -0.02337396 -0.04843997
v 0.05345499 -0.02383697 -0.04636299
v 0.05283099 -0.02358597 -0.04659599
v 0.05190998 -0.02329498 -0.04688698
v 0.05190700 -0.02329498 -0.04847300
v 0.05262696 -0.02351397 -0.04824697
v 0.05345100 -0.02383595 -0.04794698
v 0.05104595 -0.02310997 -0.04709994
v 0.05026096 -0.02300000 -0.04726797
v 0.05026096 -0.02300000 -0.04886597
v 0.05080598 -0.02307200 -0.04874795
v 0.05029499 -0.02292698 -0.04898196
v 0.05084198 -0.02300000 -0.04886394
v 0.05080598 -0.02307200 -0.04874795
v 0.05080598 -0.02307200 -0.04874795
v 0.05026096 -0.02300000 -0.04886597
v 0.03019899 -0.01921999 -0.05525696
v 0.03196895 -0.01963698 -0.05455195
v 0.05026096 -0.02300000 -0.04886597
v 0.05026096 -0.02300000 -0.04726797
v 0.03019899 -0.01921999 -0.05366796
v 0.03203397 -0.01955199 -0.05466896
v 0.03923296 -0.02111095 -0.05204296
v 0.05029499 -0.02292698 -0.04898196
v 0.05026096 -0.02300000 -0.04886597
v 0.03196895 -0.01963698 -0.05455195
v 0.05104798 -0.02300000 -0.04702299
v 0.05025899 -0.02288997 -0.04719299
v 0.05026096 -0.02300000 -0.04726797
v 0.05104595 -0.02310997 -0.04709994
v 0.05026096 -0.02300000 -0.04726797
v 0.05025899 -0.02288997 -0.04719299
v 0.04318195 -0.02182799 -0.04899495
v 0.02423298 -0.01763898 -0.05611097
v 0.02355200 -0.01746296 -0.05641096
v 0.02349799 -0.01744896 -0.05643498
v 0.02350795 -0.01754099 -0.05651098
v 0.03019899 -0.01921999 -0.05366796
v 0.02350795 -0.01754099 -0.05651098
v 0.01950895 -0.01647895 -0.05814999
v 0.01541399 -0.01536196 -0.05949097
v 0.01119196 -0.01419198 -0.05990099
v 0.01119196 -0.01419198 -0.06134796
v 0.01211297 -0.01444798 -0.06210798
v 0.01336097 -0.01479399 -0.06241500
v 0.01461797 -0.01514196 -0.06214195
v 0.01950895 -0.01647895 -0.05814999
v 0.02350795 -0.01754099 -0.05651098
v 0.02349799 -0.01744896 -0.05643498
v 0.01949799 -0.01641500 -0.05807596
v 0.01541399 -0.01536196 -0.05949097
v 0.01811397 -0.01604998 -0.05857998
v 0.01540696 -0.01532799 -0.05942898
v 0.01394599 -0.01493495 -0.05977499
v 0.01138097 -0.01423895 -0.05992197
v 0.01118600 -0.01418596 -0.05987000
v 0.01119196 -0.01419198 -0.05990099
v 0.01394599 -0.01493495 -0.05977499
v 0.01540696 -0.01532799 -0.05942898
v 0.01811397 -0.01604998 -0.05857998
v 0.02846598 -0.01623195 -0.05447900
v 0.02826398 -0.01507699 -0.05391699
v 0.01138097 -0.01423895 -0.05992197
v 0.02791595 -0.01428395 -0.05294799
v 0.02748495 -0.01399999 -0.05175000
v 0.01099997 -0.01399999 -0.05879998
v 0.01118600 -0.01418596 -0.05987000
v 0.01049995 -0.01349997 -0.05498397
v 0.01049995 -0.01349997 -0.05963695
v 0.01059299 -0.01359295 -0.06037199
v 0.01085299 -0.01385295 -0.06102299
v 0.01105594 -0.01405596 -0.06133598
v 0.01119196 -0.01419198 -0.06134796
v 0.01119196 -0.01419198 -0.05990099
v 0.01118600 -0.01418596 -0.05987000
v 0.01099997 -0.01399999 -0.05879998
v 0.01099997 -0.01399999 -0.05498397
v 0.06349998 -0.01399999 -0.04513496
v 0.06349998 -0.01399999 -0.02256798
v 0.06349998 -0.01399999 0.00000000
v 0.05449998 -0.01399999 0.00000000
v 0.05248999 -0.01399999 -0.01459795
v 0.04660797 -0.01399999 -0.02810800
v 0.03729295 -0.01399999 -0.03952598
v 0.02523797 -0.01399999 -0.04799997
v 0.01292496 -0.01399999 -0.05255097
v 0.01193100 -0.01399999 -0.05303800
v 0.01124495 -0.01399999 -0.05390495
v 0.01099997 -0.01399999 -0.05498397
v 0.01099997 -0.01399999 -0.05879998
v 0.02748495 -0.01399999 -0.05175000
v 0.04511696 -0.01399999 -0.04676795
v 0.04511696 -0.01399999 -0.04676795
v 0.04537194 -0.01430398 -0.04805898
v 0.06347495 -0.01432895 -0.04649996
v 0.06349998 -0.01399999 -0.04513496
v 0.06449997 -0.01426798 -0.02256798
v 0.06349998 -0.01399999 -0.02256798
v 0.06349998 -0.01399999 -0.04513496
v 0.06449997 -0.01426798 -0.04513597
v 0.06450098 -0.01426798 -0.04513597
v 0.06449997 -0.01426798 -0.04513597
v 0.06349998 -0.01399999 -0.04513496
v 0.06347495 -0.01432895 -0.04649996
v 0.06347495 -0.01433598 -0.04651498
v 0.06448596 -0.01456695 -0.04639595
v 0.06345498 -0.01525998 -0.04757899
v 0.06347495 -0.01433598 -0.04651498
v 0.04557496 -0.01515799 -0.04909199
v 0.06345498 -0.01525998 -0.04757899
v 0.06345498 -0.01526498 -0.04758298
v 0.06447398 -0.01541095 -0.04737699
v 0.06522500 -0.01583600 -0.04677796
v 0.06522798 -0.01521694 -0.04605895
v 0.06523197 -0.01499897 -0.04513597
v 0.06523197 -0.01499998 -0.02256798
v 0.06450098 -0.01426798 -0.04513597
v 0.06523197 -0.01499897 -0.04513597
v 0.06523197 -0.01499998 -0.04513597
v 0.06549996 -0.01611196 -0.04559600
v 0.06549996 -0.01599997 -0.04513597
v 0.06523197 -0.01499998 -0.04513597
v 0.06549996 -0.01599997 -0.04513597
v 0.06549996 -0.01599997 -0.02256798
v 0.06549996 -0.01599997 0.00000000
v 0.06523197 -0.01499998 0.00000000
v 0.06449997 -0.01426798 0.00000000
v 0.06349998 -0.01399999 0.00000000
v 0.06349998 -0.01399999 0.02256798
v 0.06449997 -0.01426798 0.02256798
v 0.06523197 -0.01499998 0.02256798
v 0.06523197 -0.01499998 0.04513597
v 0.06523197 -0.01499897 0.04513597
v 0.06450098 -0.01426798 0.04513597
v 0.06449997 -0.01426798 0.04513597
v 0.06349998 -0.01399999 0.04513496
v 0.01099997 -0.01399999 0.05879998
v 0.01099997 -0.01399999 0.05498397
v 0.01124495 -0.01399999 0.05390495
v 0.01193100 -0.01399999 0.05303800
v 0.01292496 -0.01399999 0.05255097
v 0.02523797 -0.01399999 0.04799997
v 0.03729295 -0.01399999 0.03952598
v 0.04660797 -0.01399999 0.02810800
v 0.05248999 -0.01399999 0.01459795
v 0.06349998 -0.01399999 0.02256798
v 0.06349998 -0.01399999 0.04513496
v 0.04511696 -0.01399999 0.04676795
v 0.02748495 -0.01399999 0.05175000
v 0.06448596 -0.01456695 0.04639595
v 0.06347495 -0.01433598 0.04651498
v 0.06347495 -0.01432895 0.04649996
v 0.06349998 -0.01399999 0.04513496
v 0.06449997 -0.01426798 0.04513597
v 0.06450098 -0.01426798 0.04513597
v 0.04537194 -0.01430398 0.04805898
v 0.04511696 -0.01399999 0.04676795
v 0.06349998 -0.01399999 0.04513496
v 0.06347495 -0.01432895 0.04649996
v 0.02791595 -0.01428395 0.05294799
v 0.02748495 -0.01399999 0.05175000
v 0.04557496 -0.01515799 0.04909199
v 0.06347495 -0.01433598 0.04651498
v 0.06345498 -0.01525998 0.04757899
v 0.02826398 -0.01507699 0.05391699
v 0.01394599 -0.01493495 0.05977499
v 0.01138097 -0.01423895 0.05992197
v 0.01118600 -0.01418596 0.05987095
v 0.01099997 -0.01399999 0.05879998
v 0.01541399 -0.01536196 0.05949097
v 0.01119196 -0.01419198 0.05990099
v 0.01118600 -0.01418596 0.05987095
v 0.01138097 -0.01423895 0.05992197
v 0.01394599 -0.01493495 0.05977499
v 0.01540696 -0.01532799 0.05942898
v 0.01099997 -0.01399999 0.05498397
v 0.01099997 -0.01399999 0.05879998
v 0.01118600 -0.01418596 0.05987095
v 0.01119196 -0.01419198 0.05990099
v 0.01119196 -0.01419197 0.06134796
v 0.01105594 -0.01405596 0.06133598
v 0.01085299 -0.01385295 0.06102395
v 0.01059299 -0.01359295 0.06037199
v 0.01049995 -0.01349997 0.05963695
v 0.01049995 -0.01349997 0.05498397
v 0.03019899 -0.01921999 0.05525696
v 0.01461797 -0.01514196 0.06214195
v 0.01336097 -0.01479399 0.06241500
v 0.01211297 -0.01444797 0.06210798
v 0.01119196 -0.01419197 0.06134796
v 0.01119196 -0.01419198 0.05990099
v 0.01541399 -0.01536196 0.05949097
v 0.01950895 -0.01647895 0.05815094
v 0.02350795 -0.01754099 0.05651098
v 0.03019899 -0.01921999 0.05366796
v 0.01208698 -0.01433395 0.06222200
v 0.01184594 -0.01426898 0.06208294
v 0.01105594 -0.01405596 0.06133598
v 0.01119196 -0.01419197 0.06134796
v 0.01211297 -0.01444797 0.06210798
v 0.01171696 0.00000000 0.06257599
v 0.01082295 0.00000000 0.06151700
v 0.01085299 -0.01385295 0.06102395
v 0.01105594 -0.01405596 0.06133598
v 0.01184594 -0.01426898 0.06208294
v 0.01299196 0.00000000 0.06312096
v 0.01208698 -0.01433395 0.06222200
v 0.01324599 -0.01464295 0.06253796
v 0.01339095 -0.01468098 0.06254398
v 0.01324599 -0.01464295 0.06253796
v 0.01336097 -0.01479399 0.06241500
v 0.01339095 -0.01468098 0.06254398
v 0.01405894 -0.01485794 0.06247699
v 0.01437598 -0.01494199 0.06239098
v 0.01457297 -0.01499396 0.06231695
v 0.01458299 -0.01499694 0.06231296
v 0.01458597 -0.01499694 0.06231194
v 0.01458597 -0.01499694 0.06231194
v 0.01458698 -0.01499694 0.06231194
v 0.01458698 -0.01499694 0.06231194
v 0.01458597 -0.01499694 0.06231194
v 0.01458698 -0.01499795 0.06231194
v 0.01462996 -0.01500898 0.06229394
v 0.01470398 -0.01502798 0.06225997
v 0.01445996 -0.00752794 0.06286096
v 0.01437997 0.00000000 0.06303197
v 0.01461797 -0.01514196 0.06214195
v 0.01470398 -0.01502798 0.06225997
v 0.01462996 -0.01500898 0.06229394
v 0.01458698 -0.01499795 0.06231194
v 0.01458597 -0.01499694 0.06231194
v 0.01458597 -0.01499694 0.06231194
v 0.01458698 -0.01499694 0.06231194
v 0.01458698 -0.01499694 0.06231194
v 0.01458299 -0.01499694 0.06231296
v 0.01457297 -0.01499396 0.06231695
v 0.01437598 -0.01494199 0.06239098
v 0.01405894 -0.01485794 0.06247699
v 0.03203397 -0.01955199 0.05466896
v 0.01470398 -0.01502798 0.06225997
v 0.01461797 -0.01514196 0.06214195
v 0.03019899 -0.01921999 0.05525696
v 0.03196895 -0.01963698 0.05455195
v 0.05026096 -0.02300000 0.04726797
v 0.05026096 -0.02300000 0.04886597
v 0.03196895 -0.01963698 0.05455195
v 0.05026096 -0.02300000 0.04886597
v 0.05029499 -0.02292698 0.04898196
v 0.03923296 -0.02111095 0.05204296
v 0.03943699 -0.01045697 0.05518597
v 0.01445996 -0.00752794 0.06286096
v 0.01470398 -0.01502798 0.06225997
v 0.03203397 -0.01955199 0.05466896
v 0.03923296 -0.02111095 0.05204296
v 0.05240696 -0.01143294 0.05263096
v 0.05029499 -0.02292698 0.04898196
v 0.05084198 -0.02300000 0.04886394
v 0.05223995 -0.02300000 0.04866600
v 0.06549996 -0.01179897 0.05166995
v 0.06549996 0.00000000 0.05299997
v 0.03949195 0.00000000 0.05614399
v 0.01437997 0.00000000 0.06303197
v 0.01445996 0.00752795 0.06286096
v 0.03943699 0.01045697 0.05518597
v 0.01445996 0.00752795 0.06286096
v 0.01470398 0.01502799 0.06225997
v 0.01462996 0.01500899 0.06229394
v 0.01458698 0.01499795 0.06231194
v 0.01458597 0.01499694 0.06231194
v 0.01458597 0.01499694 0.06231194
v 0.01458698 0.01499694 0.06231194
v 0.01458698 0.01499694 0.06231194
v 0.01458597 0.01499694 0.06231194
v 0.01458299 0.01499694 0.06231296
v 0.01457297 0.01499396 0.06231695
v 0.01437598 0.01494200 0.06239098
v 0.01405894 0.01485795 0.06247699
v 0.01339095 0.01468098 0.06254398
v 0.01324599 0.01464295 0.06253796
v 0.03923296 0.02111095 0.05204296
v 0.03203397 0.01955199 0.05466896
v 0.01470398 0.01502799 0.06225997
v 0.03196895 0.01963698 0.05455195
v 0.03019899 0.01921999 0.05525696
v 0.01461797 0.01514196 0.06214195
v 0.01470398 0.01502799 0.06225997
v 0.03203397 0.01955199 0.05466896
v 0.01339095 0.01468098 0.06254398
v 0.01405894 0.01485795 0.06247699
v 0.01437598 0.01494200 0.06239098
v 0.01457297 0.01499396 0.06231695
v 0.01458299 0.01499694 0.06231296
v 0.01458597 0.01499694 0.06231194
v 0.01458597 0.01499694 0.06231194
v 0.01458698 0.01499694 0.06231194
v 0.01458698 0.01499694 0.06231194
v 0.01458597 0.01499694 0.06231194
v 0.01458698 0.01499795 0.06231194
v 0.01462996 0.01500899 0.06229394
v 0.01461797 0.01514196 0.06214195
v 0.01336097 0.01479399 0.06241500
v 0.03923296 0.02111095 0.05204296
v 0.05029499 0.02292698 0.04898196
v 0.05026096 0.02300000 0.04886597
v 0.05223995 0.02300000 0.04866600
v 0.05084198 0.02300000 0.04886394
v 0.05029499 0.02292698 0.04898196
v 0.05240696 0.01143294 0.05263096
v 0.05029499 0.02292698 0.04898196
v 0.05084198 0.02300000 0.04886394
v 0.05080598 0.02307295 0.04874795
v 0.05080598 0.02307295 0.04874795
v 0.05026096 0.02300000 0.04886597
v 0.05370295 0.02387297 0.04797995
v 0.05331695 0.02370399 0.04812997
v 0.05292296 0.02354699 0.04827398
v 0.05252200 0.02340495 0.04840999
v 0.05211198 0.02327799 0.04853796
v 0.05169498 0.02316695 0.04865700
v 0.05127197 0.02307397 0.04876500
v 0.05105799 0.02303397 0.04881596
v 0.05094999 0.02301698 0.04883998
v 0.05089598 0.02300798 0.04885196
v 0.05086898 0.02300399 0.04885798
v 0.05085599 0.02300196 0.04886096
v 0.05084896 0.02300095 0.04886299
v 0.05084496 0.02300095 0.04886299
v 0.05084395 0.02300000 0.04886394
v 0.05084300 0.02300000 0.04886394
v 0.05084198 0.02300000 0.04886394
v 0.05084198 0.02300000 0.04886394
v 0.05084198 0.02300000 0.04886394
v 0.05223995 0.02300000 0.04866600
v 0.06549996 0.02300000 0.04774898
v 0.06549996 0.02473294 0.04687500
v 0.05405896 0.02412199 0.04769599
v 0.05381298 0.02400100 0.04780000
v 0.05080598 0.02307295 0.04874795
v 0.05080598 0.02307295 0.04874795
v 0.05084198 0.02300000 0.04886394
v 0.05084198 0.02300000 0.04886394
v 0.05084198 0.02300000 0.04886394
v 0.05084198 0.02300000 0.04886394
v 0.05084198 0.02300000 0.04886394
v 0.05084300 0.02300000 0.04886394
v 0.05084395 0.02300000 0.04886394
v 0.05084496 0.02300095 0.04886299
v 0.05084896 0.02300095 0.04886299
v 0.05085599 0.02300196 0.04886096
v 0.05086898 0.02300399 0.04885798
v 0.05089598 0.02300798 0.04885196
v 0.05094999 0.02301698 0.04883998
v 0.05105799 0.02303397 0.04881596
v 0.05127197 0.02307397 0.04876500
v 0.05169498 0.02316695 0.04865700
v 0.05211198 0.02327799 0.04853796
v 0.05252200 0.02340495 0.04840999
v 0.05292296 0.02354699 0.04827398
v 0.05331695 0.02370399 0.04812997
v 0.05370295 0.02387297 0.04797995
v 0.05412697 0.02407795 0.04780298
v 0.05381798 0.02400195 0.04621499
v 0.05104595 0.02310997 0.04709994
v 0.05026096 0.02300000 0.04726797
v 0.05026096 0.02300000 0.04886597
v 0.05080598 0.02307295 0.04874795
v 0.05381298 0.02400100 0.04780000
v 0.05405896 0.02412199 0.04769599
v 0.05669397 0.02599996 0.04621595
v 0.05669397 0.02599996 0.04459297
v 0.05422896 0.02420699 0.04603499
v 0.05426096 0.02408695 0.04596698
v 0.05385595 0.02388495 0.04614299
v 0.05250895 0.02334797 0.04663997
v 0.05178099 0.02314496 0.04685097
v 0.05177700 0.02314394 0.04685199
v 0.05177599 0.02314299 0.04685199
v 0.05177599 0.02314299 0.04685199
v 0.05177599 0.02314394 0.04685199
v 0.05177599 0.02314394 0.04685199
v 0.05177098 0.02314198 0.04685294
v 0.05174499 0.02313596 0.04685997
v 0.05169796 0.02312499 0.04687196
v 0.05160796 0.02310597 0.04689395
v 0.05142098 0.02306699 0.04693895
v 0.05104798 0.02300000 0.04702299
v 0.05104595 0.02310997 0.04709994
v 0.05381798 0.02400195 0.04621499
v 0.05422896 0.02420699 0.04603499
v 0.05669397 0.02599996 0.04459297
v 0.05684697 0.02599996 0.04444897
v 0.05567497 0.02495497 0.04524999
v 0.05528795 0.02468699 0.04546499
v 0.05526596 0.02467298 0.04547697
v 0.05526000 0.02466899 0.04547995
v 0.05526000 0.02466899 0.04547995
v 0.05525898 0.02466899 0.04548096
v 0.05525296 0.02466499 0.04548394
v 0.05523997 0.02465599 0.04549098
v 0.05513995 0.02459198 0.04554295
v 0.05495798 0.02447897 0.04563599
v 0.05669397 0.02599996 0.04621595
v 0.05680400 0.02599996 0.04631298
v 0.06549996 0.02599996 0.04618400
v 0.06549996 0.02599996 0.04198998
v 0.06523400 0.02599996 0.04316794
v 0.06450796 0.02599996 0.04402697
v 0.06403595 0.02599996 0.04426097
v 0.06351697 0.02599996 0.04434597
v 0.05684697 0.02599996 0.04444897
v 0.05669397 0.02599996 0.04459297
v 0.05385595 0.02388495 0.04614299
v 0.05426096 0.02408695 0.04596698
v 0.05495798 0.02447897 0.04563599
v 0.05513995 0.02459198 0.04554295
v 0.05523997 0.02465599 0.04549098
v 0.05525296 0.02466499 0.04548394
v 0.05525898 0.02466899 0.04548096
v 0.05526000 0.02466899 0.04547995
v 0.05526000 0.02466899 0.04547995
v 0.05526596 0.02467298 0.04547697
v 0.05528795 0.02468699 0.04546499
v 0.05567497 0.02495497 0.04524999
v 0.05684697 0.02599996 0.04444897
v 0.06351697 0.02599996 0.04434597
v 0.06353497 0.02467000 0.04511696
v 0.06451195 0.02288496 0.04569995
v 0.06352198 0.02300000 0.04594999
v 0.06353497 0.02467000 0.04511696
v 0.06351697 0.02599996 0.04434597
v 0.06403595 0.02599996 0.04426097
v 0.06450796 0.02599996 0.04402697
v 0.06523597 0.02257800 0.04503697
v 0.06523495 0.02257800 0.04503697
v 0.06451296 0.02288395 0.04569995
v 0.06523400 0.02599996 0.04316794
v 0.06446897 0.01789897 0.04773396
v 0.06344795 0.01798099 0.04796999
v 0.06352198 0.02300000 0.04594999
v 0.06451195 0.02288496 0.04569995
v 0.06451296 0.02288395 0.04569995
v 0.06523495 0.02257800 0.04503697
v 0.06522399 0.01765894 0.04703998
v 0.06446999 0.01789897 0.04773396
v 0.06523597 0.02257800 0.04503697
v 0.06549996 0.02216196 0.04413396
v 0.06549996 0.01732695 0.04608094
v 0.06549996 0.02599996 0.04198998
v 0.06549996 0.02216196 0.04413396
v 0.06549996 0.02599996 -0.04198998
v 0.06549996 0.02216196 -0.04413396
v 0.06549996 0.01732695 -0.04608094
v 0.06549996 0.01685899 -0.04612594
v 0.06549996 0.01642197 -0.04595196
v 0.06549996 0.01611196 -0.04559600
v 0.06549996 0.01599997 -0.04513597
v 0.06549996 0.01599997 -0.02256798
v 0.06549996 0.01599997 -0.00000000
v 0.06549996 0.01599997 0.02256798
v 0.06549996 0.01599997 0.04513597
v 0.06549996 0.01611196 0.04559600
v 0.06549996 0.01642197 0.04595196
v 0.06549996 0.01685899 0.04612594
v 0.06549996 0.01732695 0.04608094
v 0.06549996 0.02216196 0.04413396
v 0.06549996 0.02599996 0.04198998
v 0.06549996 0.02599996 0.04618400
v 0.06549996 0.02739596 0.04536998
v 0.06549996 0.03856498 0.03635597
v 0.06549996 0.04690498 0.02467596
v 0.06549996 0.05180597 0.01118600
v 0.06549996 0.05280297 -0.00000000
v 0.06549996 0.05180597 -0.01118600
v 0.06549996 0.04690498 -0.02467495
v 0.06549996 0.03856498 -0.03635495
v 0.06549996 0.02739697 -0.04536998
v 0.06549996 0.02599996 -0.04618400
v 0.06549996 0.02599996 0.04618400
v 0.05680400 0.02599996 0.04631298
v 0.05412697 0.02407795 0.04780298
v 0.06799995 0.01421797 0.05105698
v 0.06799995 0.01421898 0.05105698
v 0.06799995 0.02739596 0.04536998
v 0.06549996 0.02739596 0.04536998
v 0.06549996 0.02599996 0.04618400
v 0.06549996 0.02473294 0.04687500
v 0.06549996 0.02300000 0.04774898
v 0.06549996 0.01421797 0.05105698
v 0.06549996 0.03856498 0.03635597
v 0.06799995 0.02739697 0.04536998
v 0.06799995 0.03856498 0.03635597
v 0.06849998 0.01408499 0.05057495
v 0.06849998 0.02713799 0.04494196
v 0.06799995 0.02739697 0.04536998
v 0.06799995 0.02739596 0.04536998
v 0.06799995 0.01421898 0.05105698
v 0.06799995 0.01421797 0.05105698
v 0.06799995 0.00000000 0.05299997
v 0.06849998 0.00000000 0.05249994
v 0.06849998 0.03820097 0.03601294
v 0.06799995 0.03856498 0.03635597
v 0.06849998 0.04646295 0.02444297
v 0.06799995 0.04690498 0.02467596
v 0.06549996 0.04690498 0.02467596
v 0.06799995 0.04690498 0.02467596
v 0.06799995 0.05180597 0.01118600
v 0.06549996 0.05180597 0.01118600
v 0.06849998 0.05131697 0.01107996
v 0.06799995 0.05180597 0.01118600
v 0.06549996 0.05280297 -0.00000000
v 0.06549996 0.05180597 0.01118600
v 0.06799995 0.05180597 0.01118600
v 0.06799995 0.05280494 -0.00000000
v 0.06799995 0.05180597 -0.01118600
v 0.06549996 0.05180597 -0.01118600
v 0.06549996 0.04690498 -0.02467495
v 0.06549996 0.05180597 -0.01118600
v 0.06799995 0.05180597 -0.01118600
v 0.06799995 0.04690498 -0.02467596
v 0.06799995 0.03856498 -0.03635597
v 0.06549996 0.03856498 -0.03635495
v 0.06799995 0.02739697 -0.04536998
v 0.06549996 0.02739697 -0.04536998
v 0.06549996 0.01421999 -0.05105596
v 0.06549996 0.02300000 -0.04774898
v 0.06549996 0.02473294 -0.04687500
v 0.06549996 0.02599996 -0.04618400
v 0.06799995 0.01421999 -0.05105698
v 0.06799995 0.02739697 -0.04536998
v 0.06799995 0.03856498 -0.03635597
v 0.06849998 0.03820097 -0.03601294
v 0.06849998 0.02713799 -0.04494196
v 0.06799995 0.01421898 -0.05105698
v 0.06799995 0.01421999 -0.05105698
v 0.06849998 0.01408499 -0.05057495
v 0.06799995 0.01421898 -0.05105698
v 0.06799995 -0.00000000 -0.05299997
v 0.06549996 -0.00000000 -0.05299997
v 0.06549996 0.01179897 -0.05166995
v 0.06849998 -0.00000000 -0.05249994
v 0.06799995 -0.00000000 -0.05299997
v 0.06799995 -0.01421797 -0.05105698
v 0.06549996 -0.01179897 -0.05166995
v 0.06549996 -0.00000000 -0.05299997
v 0.03943699 0.01045697 -0.05518597
v 0.05240696 0.01143294 -0.05263096
v 0.06549996 0.01179897 -0.05166995
v 0.06549996 -0.00000000 -0.05299997
v 0.03949195 -0.00000000 -0.05614399
v 0.06549996 -0.01179897 -0.05166995
v 0.05240696 -0.01143294 -0.05263096
v 0.03943699 -0.01045697 -0.05518597
v 0.06549996 -0.01421797 -0.05105698
v 0.06549996 -0.02300000 -0.04774898
v 0.05223995 -0.02300000 -0.04866600
v 0.05084198 -0.02300000 -0.04886394
v 0.05029499 -0.02292698 -0.04898196
v 0.03923296 -0.02111095 -0.05204296
v 0.03203397 -0.01955199 -0.05466896
v 0.01470398 -0.01502799 -0.06225997
v 0.01445996 -0.00752795 -0.06286096
v 0.01437997 -0.00000000 -0.06303197
v 0.01299196 -0.00000000 -0.06312096
v 0.01437997 -0.00000000 -0.06303197
v 0.01445996 -0.00752795 -0.06286096
v 0.01470398 -0.01502799 -0.06225997
v 0.01462996 -0.01500899 -0.06229394
v 0.01458698 -0.01499795 -0.06231194
v 0.01458597 -0.01499694 -0.06231194
v 0.01458597 -0.01499694 -0.06231194
v 0.01458698 -0.01499694 -0.06231194
v 0.01458698 -0.01499694 -0.06231194
v 0.01458597 -0.01499694 -0.06231194
v 0.01458299 -0.01499694 -0.06231296
v 0.01457297 -0.01499396 -0.06231695
v 0.01437598 -0.01494200 -0.06239098
v 0.01405894 -0.01485795 -0.06247699
v 0.01339095 -0.01468098 -0.06254398
v 0.01324599 -0.01464295 -0.06253796
v 0.01339095 -0.01468098 -0.06254398
v 0.01405894 -0.01485795 -0.06247699
v 0.01437598 -0.01494200 -0.06239098
v 0.01457297 -0.01499396 -0.06231695
v 0.01458299 -0.01499694 -0.06231296
v 0.01458597 -0.01499694 -0.06231194
v 0.01458597 -0.01499694 -0.06231194
v 0.01458698 -0.01499694 -0.06231194
v 0.01458698 -0.01499694 -0.06231194
v 0.01458597 -0.01499694 -0.06231194
v 0.01458698 -0.01499795 -0.06231194
v 0.01462996 -0.01500899 -0.06229394
v 0.01470398 -0.01502799 -0.06225997
v 0.01461797 -0.01514196 -0.06214195
v 0.01336097 -0.01479399 -0.06241500
v 0.03019899 -0.01921999 -0.05525696
v 0.01461797 -0.01514196 -0.06214195
v 0.01470398 -0.01502799 -0.06225997
v 0.01211297 -0.01444798 -0.06210798
v 0.01208698 -0.01433396 -0.06222200
v 0.01324599 -0.01464295 -0.06253796
v 0.01208698 -0.01433396 -0.06222200
v 0.01184594 -0.01426899 -0.06208294
v 0.01171696 -0.00000000 -0.06257599
v 0.01119196 -0.01419198 -0.06134796
v 0.01105594 -0.01405596 -0.06133598
v 0.01184594 -0.01426899 -0.06208294
v 0.01105594 -0.01405596 -0.06133598
v 0.01085299 -0.01385295 -0.06102299
v 0.01082295 -0.00000000 -0.06151700
v 0.01184594 0.01426898 -0.06208294
v 0.01208698 0.01433395 -0.06222200
v 0.01324599 0.01464295 -0.06253796
v 0.01085299 0.01385295 -0.06102299
v 0.01105594 0.01405596 -0.06133598
v 0.01049995 -0.00000000 -0.06016397
v 0.01049995 0.01349997 -0.05963695
v 0.01059299 0.01359295 -0.06037199
v 0.01059299 -0.01359295 -0.06037199
v 0.01049995 -0.01349997 -0.05963695
v 0.01049995 -0.01349997 -0.05498397
v 0.01049995 -0.00000000 -0.05498397
v 0.01049995 -0.00000000 -0.06016397
v 0.01049995 -0.01349997 -0.05963695
v 0.01079398 -0.01349997 -0.05368900
v 0.01071798 -0.01349997 -0.05385994
v 0.01049995 -0.01349997 -0.05498397
v 0.01099997 -0.01399999 -0.05498397
v 0.01124495 -0.01399999 -0.05390495
v 0.01071798 -0.00000000 -0.05385994
v 0.01071798 -0.01349997 -0.05385994
v 0.01079398 -0.01349997 -0.05368900
v 0.01134198 -0.01349997 -0.05289995
v 0.01134198 -0.00000000 -0.05289995
v 0.01134198 0.01349997 -0.05289995
v 0.01079398 0.01349997 -0.05368900
v 0.01071798 0.01349997 -0.05385994
v 0.01049995 0.01349997 -0.05498397
v 0.01124495 0.01399999 -0.05390495
v 0.01099997 0.01399999 -0.05498397
v 0.01049995 0.01349997 -0.05498397
v 0.01071798 0.01349997 -0.05385994
v 0.01079398 0.01349997 -0.05368900
v 0.01099997 0.01399999 -0.05498397
v 0.01099997 0.01399999 -0.05879998
v 0.01118600 0.01418596 -0.05987000
v 0.01119196 0.01419198 -0.05990099
v 0.01119196 0.01419197 -0.06134796
v 0.01105594 0.01405596 -0.06133598
v 0.01085299 0.01385295 -0.06102299
v 0.01059299 0.01359295 -0.06037199
v 0.01049995 0.01349997 -0.05963695
v 0.01049995 0.01349997 -0.05498397
v 0.01049995 0.01349997 -0.05963695
v 0.01099997 0.01399999 -0.05879998
v 0.01099997 0.01399999 -0.05498397
v 0.01124495 0.01399999 -0.05390495
v 0.01193100 0.01399999 -0.05303800
v 0.01292496 0.01399999 -0.05255097
v 0.02523797 0.01399999 -0.04799997
v 0.03729295 0.01399999 -0.03952598
v 0.04660797 0.01399999 -0.02810800
v 0.05248999 0.01399999 -0.01459795
v 0.05449998 0.01399999 -0.00000000
v 0.06349998 0.01399999 -0.00000000
v 0.06349998 0.01399999 -0.02256798
v 0.06349998 0.01399999 -0.04513496
v 0.04511696 0.01399999 -0.04676795
v 0.02748495 0.01399999 -0.05175000
v 0.02791595 0.01428395 -0.05294799
v 0.01138097 0.01423895 -0.05992197
v 0.01118600 0.01418596 -0.05987000
v 0.01099997 0.01399999 -0.05879998
v 0.02748495 0.01399999 -0.05175000
v 0.01541399 0.01536196 -0.05949097
v 0.01119196 0.01419198 -0.05990099
v 0.01118600 0.01418596 -0.05987000
v 0.01138097 0.01423895 -0.05992197
v 0.01394599 0.01493495 -0.05977499
v 0.01540696 0.01532799 -0.05942898
v 0.02826398 0.01507699 -0.05391699
v 0.01394599 0.01493495 -0.05977499
v 0.02846598 0.01623195 -0.05447900
v 0.01811397 0.01604997 -0.05857998
v 0.01540696 0.01532799 -0.05942898
v 0.01811397 0.01604997 -0.05857998
v 0.01949799 0.01641499 -0.05807596
v 0.01950895 0.01647895 -0.05814999
v 0.02848297 0.01753598 -0.05452799
v 0.02398097 0.01745897 -0.05624097
v 0.02378499 0.01741099 -0.05632698
v 0.02358198 0.01745098 -0.05640095
v 0.02349799 0.01744896 -0.05643498
v 0.01949799 0.01641499 -0.05807596
v 0.04568499 0.01638799 -0.04964995
v 0.04567998 0.01773798 -0.04962199
v 0.04317396 0.01770997 -0.05015695
v 0.04557496 0.01515799 -0.04909199
v 0.04318195 0.02182799 -0.04899495
v 0.02423298 0.01763898 -0.05611097
v 0.02398097 0.01745897 -0.05624097
v 0.02848297 0.01753598 -0.05452799
v 0.04317396 0.01770997 -0.05015695
v 0.04567998 0.01773798 -0.04962199
v 0.06344795 0.01798099 -0.04796999
v 0.06352198 0.02300000 -0.04594999
v 0.05104798 0.02300000 -0.04702299
v 0.05025899 0.02288997 -0.04719299
v 0.06344598 0.01658296 -0.04810595
v 0.06344795 0.01798099 -0.04796999
v 0.06446796 0.01661199 -0.04785895
v 0.06446999 0.01789897 -0.04773396
v 0.06446897 0.01789897 -0.04773396
v 0.06344795 0.01798099 -0.04796999
v 0.06344598 0.01658296 -0.04810595
v 0.06344598 0.01657599 -0.04810500
v 0.06451296 0.02288395 -0.04569995
v 0.06451195 0.02288496 -0.04569995
v 0.06352198 0.02300000 -0.04594999
v 0.06344795 0.01798099 -0.04796999
v 0.06446897 0.01789897 -0.04773396
v 0.06450796 0.02599996 -0.04402697
v 0.06403595 0.02599996 -0.04426097
v 0.06351697 0.02599996 -0.04434597
v 0.06353497 0.02467000 -0.04511696
v 0.06352198 0.02300000 -0.04594999
v 0.06451195 0.02288496 -0.04569995
v 0.05385500 0.02388495 -0.04614299
v 0.05250895 0.02334797 -0.04663997
v 0.05178099 0.02314496 -0.04684996
v 0.05177700 0.02314394 -0.04685097
v 0.05177599 0.02314299 -0.04685199
v 0.05177599 0.02314299 -0.04685199
v 0.05177599 0.02314394 -0.04685199
v 0.05177599 0.02314394 -0.04685199
v 0.05177098 0.02314198 -0.04685294
v 0.05174499 0.02313596 -0.04685997
v 0.05169796 0.02312499 -0.04687196
v 0.05160796 0.02310597 -0.04689395
v 0.05142098 0.02306699 -0.04693895
v 0.05104798 0.02300000 -0.04702299
v 0.06352198 0.02300000 -0.04594999
v 0.06353497 0.02467000 -0.04511696
v 0.05422896 0.02420699 -0.04603499
v 0.05381798 0.02400195 -0.04621499
v 0.05104595 0.02310997 -0.04709994
v 0.05104798 0.02300000 -0.04702299
v 0.05142098 0.02306699 -0.04693895
v 0.05160796 0.02310597 -0.04689395
v 0.05169796 0.02312499 -0.04687196
v 0.05174499 0.02313596 -0.04685997
v 0.05177098 0.02314198 -0.04685294
v 0.05177599 0.02314299 -0.04685199
v 0.05177599 0.02314394 -0.04685199
v 0.05177599 0.02314394 -0.04685199
v 0.05177599 0.02314299 -0.04685199
v 0.05177700 0.02314394 -0.04685097
v 0.05178099 0.02314496 -0.04684996
v 0.05250895 0.02334797 -0.04663997
v 0.05385500 0.02388495 -0.04614299
v 0.05426096 0.02408695 -0.04596698
v 0.05104595 0.02310997 -0.04709994
v 0.05026096 0.02300000 -0.04726797
v 0.05025899 0.02288997 -0.04719299
v 0.05104798 0.02300000 -0.04702299
v 0.06351697 0.02599996 -0.04434597
v 0.05684697 0.02599996 -0.04444897
v 0.05567497 0.02495497 -0.04524999
v 0.05528795 0.02468699 -0.04546499
v 0.05526596 0.02467298 -0.04547697
v 0.05526000 0.02466899 -0.04547995
v 0.05526000 0.02466899 -0.04547995
v 0.05525898 0.02466899 -0.04547995
v 0.05525296 0.02466499 -0.04548394
v 0.05523997 0.02465599 -0.04549098
v 0.05513995 0.02459198 -0.04554295
v 0.05495798 0.02447897 -0.04563599
v 0.05426096 0.02408695 -0.04596698
v 0.05495798 0.02447897 -0.04563599
v 0.05513995 0.02459198 -0.04554295
v 0.05523997 0.02465599 -0.04549098
v 0.05525296 0.02466499 -0.04548394
v 0.05525898 0.02466899 -0.04547995
v 0.05526000 0.02466899 -0.04547995
v 0.05526000 0.02466899 -0.04547995
v 0.05526000 0.02466899 -0.04547995
v 0.05526596 0.02467298 -0.04547697
v 0.05528795 0.02468699 -0.04546499
v 0.05567497 0.02495497 -0.04524999
v 0.05684697 0.02599996 -0.04444897
v 0.05669397 0.02599996 -0.04459297
v 0.06549996 0.02599996 -0.04618400
v 0.05680400 0.02599996 -0.04631298
v 0.05669397 0.02599996 -0.04621595
v 0.05669397 0.02599996 -0.04459297
v 0.05684697 0.02599996 -0.04444897
v 0.06351697 0.02599996 -0.04434597
v 0.06403595 0.02599996 -0.04426097
v 0.06450796 0.02599996 -0.04402697
v 0.06523400 0.02599996 -0.04316794
v 0.06549996 0.02599996 -0.04198998
v 0.06523400 0.02599996 -0.04316794
v 0.06451296 0.02288395 -0.04569995
v 0.06523495 0.02257800 -0.04503697
v 0.06523597 0.02257800 -0.04503595
v 0.06549996 0.02216196 -0.04413396
v 0.06549996 0.02599996 -0.04198998
v 0.06522399 0.01765894 -0.04703998
v 0.06549996 0.01732695 -0.04608094
v 0.06549996 0.02216196 -0.04413396
v 0.06523597 0.02257800 -0.04503595
v 0.06523495 0.02257800 -0.04503697
v 0.06522297 0.01671499 -0.04713100
v 0.06549996 0.01685899 -0.04612594
v 0.06549996 0.01732695 -0.04608094
v 0.06522399 0.01765894 -0.04703998
v 0.06522500 0.01583600 -0.04677796
v 0.06549996 0.01642197 -0.04595196
v 0.06447398 0.01541095 -0.04737699
v 0.06345498 0.01526498 -0.04758298
v 0.06448596 0.01456695 -0.04639595
v 0.06522798 0.01521694 -0.04605895
v 0.06345498 0.01525998 -0.04757899
v 0.06347495 0.01433598 -0.04651498
v 0.06345498 0.01525998 -0.04757899
v 0.06345498 0.01526498 -0.04758298
v 0.06344598 0.01657599 -0.04810500
v 0.04537194 0.01430398 -0.04805898
v 0.06347495 0.01432895 -0.04649996
v 0.06347495 0.01433598 -0.04651498
v 0.06347495 0.01432895 -0.04649996
v 0.06349998 0.01399999 -0.04513496
v 0.06449997 0.01426798 -0.04513597
v 0.06450098 0.01426798 -0.04513597
v 0.04511696 0.01399999 -0.04676795
v 0.06349998 0.01399999 -0.04513496
v 0.06449997 0.01426798 -0.04513597
v 0.06349998 0.01399999 -0.04513496
v 0.06349998 0.01399999 -0.02256798
v 0.06449997 0.01426798 -0.02256798
v 0.06349998 0.01399999 -0.00000000
v 0.06449997 0.01426798 -0.00000000
v 0.06449997 0.01426798 0.02256798
v 0.06349998 0.01399999 0.02256798
v 0.06349998 0.01399999 0.04513496
v 0.06349998 0.01399999 0.02256798
v 0.05248999 0.01399999 0.01459795
v 0.04660797 0.01399999 0.02810800
v 0.03729295 0.01399999 0.03952598
v 0.02523797 0.01399999 0.04799997
v 0.01292496 0.01399999 0.05255097
v 0.01193100 0.01399999 0.05303800
v 0.01124495 0.01399999 0.05390495
v 0.01099997 0.01399999 0.05498397
v 0.01099997 0.01399999 0.05879998
v 0.02748495 0.01399999 0.05175000
v 0.04511696 0.01399999 0.04676795
v 0.05248999 -0.01399999 -0.01459795
v 0.05449998 -0.01399999 0.00000000
v 0.05449998 0.01399999 -0.00000000
v 0.05248999 0.01399999 -0.01459795
v 0.05248999 0.01399999 0.01459795
v 0.05248999 -0.01399999 0.01459795
v 0.04660797 -0.01399999 0.02810800
v 0.04660797 0.01399999 0.02810800
v 0.03729295 -0.01399999 0.03952598
v 0.03729295 0.01399999 0.03952598
v 0.02523797 -0.01399999 0.04799997
v 0.02523797 0.01399999 0.04799997
v 0.01292496 -0.01399999 0.05255097
v 0.01175194 -0.01371395 0.05281496
v 0.01134198 -0.01349997 0.05289995
v 0.01134198 0.00000000 0.05289995
v 0.01134198 0.01349997 0.05289995
v 0.01175194 0.01371395 0.05281496
v 0.01292496 0.01399999 0.05255097
v 0.01193100 0.01399999 0.05303800
v 0.01292496 0.01399999 0.05255097
v 0.01175194 0.01371395 0.05281496
v 0.01134198 0.01349997 0.05289995
v 0.01079398 0.01349997 0.05368995
v 0.01124495 0.01399999 0.05390495
v 0.01071798 0.01349997 0.05386096
v 0.01049995 0.01349997 0.05498397
v 0.01099997 0.01399999 0.05498397
v 0.01049995 0.01349997 0.05498397
v 0.01049995 0.01349997 0.05963695
v 0.01059299 0.01359295 0.06037199
v 0.01085299 0.01385295 0.06102395
v 0.01105594 0.01405596 0.06133598
v 0.01119196 0.01419198 0.06134796
v 0.01119196 0.01419198 0.05990099
v 0.01118600 0.01418596 0.05987095
v 0.01099997 0.01399999 0.05879998
v 0.01099997 0.01399999 0.05498397
v 0.02748495 0.01399999 0.05175000
v 0.01099997 0.01399999 0.05879998
v 0.01118600 0.01418596 0.05987095
v 0.01138097 0.01423895 0.05992197
v 0.02791595 0.01428395 0.05294799
v 0.01540696 0.01532799 0.05942898
v 0.01394599 0.01493495 0.05977499
v 0.01138097 0.01423895 0.05992197
v 0.01118600 0.01418596 0.05987095
v 0.01119196 0.01419198 0.05990099
v 0.01541399 0.01536196 0.05949097
v 0.01394599 0.01493495 0.05977499
v 0.02826398 0.01507699 0.05391699
v 0.01540696 0.01532799 0.05942898
v 0.01811397 0.01604998 0.05857998
v 0.02846598 0.01623195 0.05447900
v 0.04568499 0.01638799 0.04964995
v 0.04557496 0.01515799 0.04909199
v 0.04537194 0.01430398 0.04805898
v 0.06344598 0.01658296 0.04810595
v 0.06344598 0.01657599 0.04810500
v 0.06345498 0.01526498 0.04758298
v 0.06345498 0.01525998 0.04757899
v 0.06347495 0.01433598 0.04651498
v 0.06347495 0.01432895 0.04649996
v 0.06347495 0.01433598 0.04651498
v 0.06345498 0.01525998 0.04757899
v 0.06345498 0.01526498 0.04758298
v 0.06447398 0.01541095 0.04737699
v 0.06448596 0.01456695 0.04639595
v 0.06450098 0.01426798 0.04513597
v 0.06449997 0.01426798 0.04513597
v 0.06349998 0.01399999 0.04513496
v 0.06347495 0.01432895 0.04649996
v 0.06349998 0.01399999 0.04513496
v 0.04511696 0.01399999 0.04676795
v 0.06349998 0.01399999 0.04513496
v 0.06449997 0.01426798 0.04513597
v 0.06523197 0.01499998 0.02256798
v 0.06450098 0.01426798 0.04513597
v 0.06523197 0.01499897 0.04513597
v 0.06523197 0.01499998 0.04513597
v 0.06523197 0.01499998 -0.00000000
v 0.06549996 0.01599997 0.04513597
v 0.06549996 0.01599997 0.02256798
v 0.06549996 0.01599997 -0.00000000
v 0.06549996 0.01599997 -0.02256798
v 0.06523197 0.01499998 -0.02256798
v 0.06549996 0.01599997 -0.04513597
v 0.06523197 0.01499998 -0.04513597
v 0.06523197 0.01499897 -0.04513597
v 0.06523197 0.01499998 -0.04513597
v 0.06549996 0.01599997 -0.04513597
v 0.06549996 0.01611196 -0.04559600
v 0.06523197 0.01499897 -0.04513597
v 0.06450098 0.01426798 -0.04513597
v 0.06549996 0.01611196 0.04559600
v 0.06549996 0.01599997 0.04513597
v 0.06523197 0.01499998 0.04513597
v 0.06523197 0.01499897 0.04513597
v 0.06522798 0.01521694 0.04605895
v 0.06549996 0.01642197 0.04595196
v 0.06522500 0.01583600 0.04677796
v 0.06549996 0.01685899 0.04612594
v 0.06522297 0.01671499 0.04713100
v 0.06522399 0.01765894 0.04703998
v 0.06549996 0.01732695 0.04608094
v 0.06446796 0.01661199 0.04785895
v 0.06446999 0.01789897 0.04773396
v 0.06344598 0.01657599 0.04810500
v 0.06344598 0.01658296 0.04810595
v 0.06344795 0.01798099 0.04796999
v 0.06446897 0.01789897 0.04773396
v 0.04567998 0.01773798 0.04962199
v 0.06344795 0.01798099 0.04796999
v 0.04318195 0.02182799 0.04899495
v 0.05025899 0.02288997 0.04719299
v 0.05104798 0.02300000 0.04702299
v 0.06352198 0.02300000 0.04594999
v 0.06344795 0.01798099 0.04796999
v 0.04567998 0.01773798 0.04962199
v 0.04317396 0.01770997 0.05015695
v 0.02848297 0.01753598 0.05452799
v 0.04317396 0.01770997 0.05015695
v 0.02848297 0.01753598 0.05452799
v 0.02398097 0.01745897 0.05624097
v 0.02423298 0.01763898 0.05611097
v 0.01949799 0.01641500 0.05807596
v 0.02349799 0.01744896 0.05643498
v 0.02358198 0.01745099 0.05640095
v 0.02378499 0.01741099 0.05632698
v 0.02398097 0.01745897 0.05624097
v 0.02423298 0.01763898 0.05611097
v 0.02398097 0.01745897 0.05624097
v 0.02378499 0.01741099 0.05632698
v 0.02358198 0.01745099 0.05640095
v 0.02355200 0.01746296 0.05641096
v 0.05026096 0.02300000 0.04726797
v 0.05025899 0.02288997 0.04719299
v 0.04318195 0.02182799 0.04899495
v 0.02423298 0.01763898 0.05611097
v 0.02355200 0.01746296 0.05641096
v 0.02349799 0.01744896 0.05643498
v 0.02350795 0.01754099 0.05651098
v 0.03019899 0.01921999 0.05366796
v 0.02349799 0.01744896 0.05643498
v 0.02355200 0.01746296 0.05641096
v 0.02358198 0.01745099 0.05640095
v 0.01950895 0.01647895 0.05815094
v 0.02350795 0.01754099 0.05651098
v 0.02349799 0.01744896 0.05643498
v 0.01949799 0.01641500 0.05807596
v 0.03019899 0.01921999 0.05366796
v 0.02350795 0.01754099 0.05651098
v 0.01950895 0.01647895 0.05815094
v 0.01541399 0.01536196 0.05949097
v 0.01119196 0.01419198 0.05990099
v 0.01119196 0.01419198 0.06134796
v 0.01211297 0.01444798 0.06210798
v 0.01336097 0.01479399 0.06241500
v 0.01461797 0.01514196 0.06214195
v 0.03019899 0.01921999 0.05525696
v 0.01811397 0.01604998 0.05857998
v 0.03196895 0.01963698 0.05455195
v 0.05026096 0.02300000 0.04886597
v 0.05026096 0.02300000 0.04726797
v 0.05104798 0.02300000 0.04702299
v 0.05025899 0.02288997 0.04719299
v 0.05026096 0.02300000 0.04726797
v 0.05104595 0.02310997 0.04709994
v 0.06352198 0.02300000 0.04594999
v 0.05104798 0.02300000 0.04702299
v 0.05142098 0.02306699 0.04693895
v 0.05160796 0.02310597 0.04689395
v 0.05169796 0.02312499 0.04687196
v 0.05174499 0.02313596 0.04685997
v 0.05177098 0.02314198 0.04685294
v 0.05177599 0.02314299 0.04685199
v 0.05177599 0.02314394 0.04685199
v 0.05177599 0.02314394 0.04685199
v 0.05177599 0.02314299 0.04685199
v 0.05177700 0.02314394 0.04685199
v 0.05178099 0.02314496 0.04685097
v 0.05250895 0.02334797 0.04663997
v 0.01211297 0.01444798 0.06210798
v 0.01119196 0.01419198 0.06134796
v 0.01105594 0.01405596 0.06133598
v 0.01184594 0.01426899 0.06208294
v 0.01208698 0.01433396 0.06222200
v 0.01184594 0.01426899 0.06208294
v 0.01105594 0.01405596 0.06133598
v 0.01085299 0.01385295 0.06102395
v 0.01059299 0.01359295 0.06037199
v 0.01049995 0.01349997 0.05963695
v 0.01049995 0.00000000 0.06016397
v 0.01049995 -0.01349997 0.05963695
v 0.01059299 -0.01359295 0.06037199
v 0.01049995 -0.01349997 0.05963695
v 0.01049995 0.00000000 0.06016397
v 0.01049995 0.00000000 0.05498397
v 0.01049995 -0.01349997 0.05498397
v 0.01049995 0.01349997 0.05498397
v 0.01049995 0.01349997 0.05963695
v 0.01071798 -0.01349997 0.05386096
v 0.01071798 0.00000000 0.05386096
v 0.01071798 0.01349997 0.05386096
v 0.01134198 0.00000000 0.05289995
v 0.01134198 -0.01349997 0.05289995
v 0.01079398 -0.01349997 0.05368995
v 0.01079398 0.01349997 0.05368995
v 0.01134198 0.01349997 0.05289995
v 0.01193100 -0.01399999 0.05303800
v 0.01124495 -0.01399999 0.05390495
v 0.01079398 -0.01349997 0.05368995
v 0.01134198 -0.01349997 0.05289995
v 0.01175194 -0.01371395 0.05281496
v 0.01099997 -0.01399999 0.05498397
v 0.01049995 -0.01349997 0.05498397
v 0.01071798 -0.01349997 0.05386096
v 0.01292496 -0.01399999 0.05255097
v 0.01208698 0.01433396 0.06222200
v 0.01324599 0.01464295 0.06253796
v 0.04660797 0.01399999 -0.02810800
v 0.04660797 -0.01399999 -0.02810800
v 0.03729295 0.01399999 -0.03952598
v 0.03729295 -0.01399999 -0.03952598
v 0.02523797 0.01399999 -0.04799997
v 0.02523797 -0.01399999 -0.04799997
v 0.01292496 0.01399999 -0.05255097
v 0.01175194 0.01371395 -0.05281496
v 0.01134198 0.01349997 -0.05289995
v 0.01134198 -0.00000000 -0.05289995
v 0.01134198 -0.01349997 -0.05289995
v 0.01175194 -0.01371395 -0.05281496
v 0.01292496 -0.01399999 -0.05255097
v 0.01193100 -0.01399999 -0.05303800
v 0.01292496 -0.01399999 -0.05255097
v 0.01175194 -0.01371395 -0.05281496
v 0.01134198 -0.01349997 -0.05289995
v 0.01175194 0.01371395 -0.05281496
v 0.01292496 0.01399999 -0.05255097
v 0.01193100 0.01399999 -0.05303800
v 0.01134198 0.01349997 -0.05289995
v 0.06446999 0.01789897 -0.04773396
v 0.05381798 0.02400195 -0.04621499
v 0.05422896 0.02420699 -0.04603499
v 0.05669397 0.02599996 -0.04459297
v 0.05669397 0.02599996 -0.04621595
v 0.05405896 0.02412199 -0.04769599
v 0.05381298 0.02400100 -0.04780000
v 0.05405896 0.02412199 -0.04769599
v 0.05669397 0.02599996 -0.04621595
v 0.05680400 0.02599996 -0.04631298
v 0.05412697 0.02407795 -0.04780298
v 0.05370295 0.02387297 -0.04797995
v 0.05331695 0.02370399 -0.04812997
v 0.05292296 0.02354699 -0.04827398
v 0.05252200 0.02340495 -0.04840999
v 0.05211198 0.02327799 -0.04853796
v 0.05169498 0.02316695 -0.04865700
v 0.05127197 0.02307397 -0.04876500
v 0.05105799 0.02303397 -0.04881596
v 0.05094999 0.02301698 -0.04883998
v 0.05089598 0.02300798 -0.04885196
v 0.05086898 0.02300399 -0.04885798
v 0.05085599 0.02300196 -0.04886096
v 0.05084896 0.02300095 -0.04886299
v 0.05084496 0.02300095 -0.04886299
v 0.05084395 0.02300000 -0.04886394
v 0.05084300 0.02300000 -0.04886394
v 0.05084198 0.02300000 -0.04886394
v 0.05084198 0.02300000 -0.04886394
v 0.05084198 0.02300000 -0.04886394
v 0.05084198 0.02300000 -0.04886394
v 0.05080598 0.02307295 -0.04874795
v 0.05080598 0.02307295 -0.04874795
v 0.05381298 0.02400100 -0.04780000
v 0.05080598 0.02307295 -0.04874795
v 0.05026096 0.02300000 -0.04886597
v 0.05026096 0.02300000 -0.04726797
v 0.05104595 0.02310997 -0.04709994
v 0.05026096 0.02300000 -0.04886597
v 0.05080598 0.02307295 -0.04874795
v 0.05080598 0.02307295 -0.04874795
v 0.05084198 0.02300000 -0.04886394
v 0.05029499 0.02292698 -0.04898196
v 0.03019899 0.01921999 -0.05366796
v 0.05026096 0.02300000 -0.04726797
v 0.05026096 0.02300000 -0.04886597
v 0.03196895 0.01963698 -0.05455195
v 0.03019899 0.01921999 -0.05525696
v 0.03196895 0.01963698 -0.05455195
v 0.05026096 0.02300000 -0.04886597
v 0.05029499 0.02292698 -0.04898196
v 0.03923296 0.02111095 -0.05204296
v 0.03203397 0.01955199 -0.05466896
v 0.02350795 0.01754099 -0.05651098
v 0.02349799 0.01744896 -0.05643498
v 0.02355200 0.01746296 -0.05641096
v 0.02423298 0.01763898 -0.05611097
v 0.04318195 0.02182799 -0.04899495
v 0.05025899 0.02288997 -0.04719299
v 0.05026096 0.02300000 -0.04726797
v 0.03019899 0.01921999 -0.05366796
v 0.01461797 0.01514196 -0.06214195
v 0.01336097 0.01479399 -0.06241500
v 0.01211297 0.01444797 -0.06210798
v 0.01119196 0.01419197 -0.06134796
v 0.01119196 0.01419198 -0.05990099
v 0.01541399 0.01536196 -0.05949097
v 0.01950895 0.01647895 -0.05814999
v 0.02350795 0.01754099 -0.05651098
v 0.02349799 0.01744896 -0.05643498
v 0.02350795 0.01754099 -0.05651098
v 0.02358198 0.01745098 -0.05640095
v 0.02355200 0.01746296 -0.05641096
v 0.02349799 0.01744896 -0.05643498
v 0.02355200 0.01746296 -0.05641096
v 0.02358198 0.01745098 -0.05640095
v 0.02378499 0.01741099 -0.05632698
v 0.02398097 0.01745897 -0.05624097
v 0.02423298 0.01763898 -0.05611097
v 0.01470398 0.01502798 -0.06225997
v 0.01461797 0.01514196 -0.06214195
v 0.03019899 0.01921999 -0.05525696
v 0.01336097 0.01479399 -0.06241500
v 0.01461797 0.01514196 -0.06214195
v 0.01470398 0.01502798 -0.06225997
v 0.01462996 0.01500898 -0.06229394
v 0.01458698 0.01499795 -0.06231194
v 0.01458597 0.01499694 -0.06231194
v 0.01458597 0.01499694 -0.06231194
v 0.01458698 0.01499694 -0.06231194
v 0.01458698 0.01499694 -0.06231194
v 0.01458299 0.01499694 -0.06231296
v 0.01457297 0.01499396 -0.06231695
v 0.01437598 0.01494199 -0.06239098
v 0.01405894 0.01485794 -0.06247699
v 0.01339095 0.01468098 -0.06254398
v 0.01324599 0.01464295 -0.06253796
v 0.01208698 0.01433395 -0.06222200
v 0.01211297 0.01444797 -0.06210798
v 0.01184594 0.01426898 -0.06208294
v 0.01105594 0.01405596 -0.06133598
v 0.01119196 0.01419197 -0.06134796
v 0.01339095 0.01468098 -0.06254398
v 0.01405894 0.01485794 -0.06247699
v 0.01437598 0.01494199 -0.06239098
v 0.01457297 0.01499396 -0.06231695
v 0.01458299 0.01499694 -0.06231296
v 0.01458597 0.01499694 -0.06231194
v 0.01458597 0.01499694 -0.06231194
v 0.01458698 0.01499694 -0.06231194
v 0.01458698 0.01499694 -0.06231194
v 0.01458597 0.01499694 -0.06231194
v 0.01458698 0.01499795 -0.06231194
v 0.01462996 0.01500898 -0.06229394
v 0.01470398 0.01502798 -0.06225997
v 0.01445996 0.00752794 -0.06286096
v 0.01445996 0.00752794 -0.06286096
v 0.01470398 0.01502798 -0.06225997
v 0.03203397 0.01955199 -0.05466896
v 0.03923296 0.02111095 -0.05204296
v 0.05029499 0.02292698 -0.04898196
v 0.05084198 0.02300000 -0.04886394
v 0.05223995 0.02300000 -0.04866600
v 0.06549996 0.02300000 -0.04774898
v 0.06549996 0.01421999 -0.05105596
v 0.06549996 0.02473294 -0.04687500
v 0.06549996 0.02300000 -0.04774898
v 0.05223995 0.02300000 -0.04866600
v 0.05084198 0.02300000 -0.04886394
v 0.05084198 0.02300000 -0.04886394
v 0.05084198 0.02300000 -0.04886394
v 0.05084198 0.02300000 -0.04886394
v 0.05084300 0.02300000 -0.04886394
v 0.05084395 0.02300000 -0.04886394
v 0.05084496 0.02300095 -0.04886299
v 0.05084896 0.02300095 -0.04886299
v 0.05085599 0.02300196 -0.04886096
v 0.05086898 0.02300399 -0.04885798
v 0.05089598 0.02300798 -0.04885196
v 0.05094999 0.02301698 -0.04883998
v 0.05105799 0.02303397 -0.04881596
v 0.05127197 0.02307397 -0.04876500
v 0.05169498 0.02316695 -0.04865700
v 0.05211198 0.02327799 -0.04853796
v 0.05252200 0.02340495 -0.04840999
v 0.05292296 0.02354699 -0.04827398
v 0.05331695 0.02370399 -0.04812997
v 0.05370295 0.02387297 -0.04797995
v 0.05412697 0.02407795 -0.04780298
v 0.05680400 0.02599996 -0.04631298
v 0.06549996 0.02599996 -0.04618400
v 0.06799995 0.04690498 -0.02467596
v 0.06849998 0.04646295 -0.02444297
v 0.06799995 0.05180597 -0.01118600
v 0.06849998 0.05131697 -0.01107996
v 0.06849998 0.05230599 -0.00000000
v 0.06799995 0.05280494 -0.00000000
v 0.06799995 0.05180597 0.01118600
v 0.06849998 0.05131697 0.01107996
v 0.06849998 -0.01408499 0.05057495
v 0.06799995 -0.01421898 0.05105698
v 0.06799995 -0.01421999 0.05105698
v 0.06799995 -0.01421898 0.05105698
v 0.06799995 0.00000000 0.05299997
v 0.06549996 0.00000000 0.05299997
v 0.06549996 -0.01179897 0.05166995
v 0.06549996 -0.01421999 0.05105698
v 0.06549996 0.01179897 0.05166995
v 0.06549996 0.00000000 0.05299997
v 0.06799995 -0.01421999 0.05105698
v 0.06799995 -0.02739697 0.04536998
v 0.06849998 -0.02713799 0.04494196
v 0.06549996 -0.02300000 0.04774898
v 0.06549996 -0.02480596 0.04683697
v 0.06549996 -0.02627497 0.04602897
v 0.06549996 -0.02714300 0.04552197
v 0.06549996 -0.02739697 0.04536998
v 0.06799995 -0.02739697 0.04536998
v 0.06799995 -0.03856498 0.03635597
v 0.06849998 -0.03820097 0.03601294
v 0.06549996 -0.02799999 0.04499995
v 0.05762898 -0.02799999 0.04499995
v 0.05762898 -0.02806895 0.04495698
v 0.05762898 -0.03856498 0.03635495
v 0.06799995 -0.03856498 0.03635597
v 0.06799995 -0.04690498 0.02467596
v 0.06849998 -0.04646295 0.02444297
v 0.05762898 -0.03892397 0.03597098
v 0.05762898 -0.04690498 0.02467495
v 0.06799995 -0.04690498 0.02467596
v 0.05762898 -0.03892397 0.03597098
v 0.05762898 -0.03856498 0.03635495
v 0.05762898 -0.02806895 0.04495698
v 0.05750000 -0.02799999 0.04484796
v 0.05750000 -0.03882896 0.03588396
v 0.05762898 -0.04702699 0.02444297
v 0.05762898 -0.04690498 0.02467495
v 0.05750000 -0.04691195 0.02438294
v 0.05762898 -0.04702699 0.02444297
v 0.05762898 -0.05180597 0.01118600
v 0.06799995 -0.05180597 0.01118600
v 0.05750000 -0.05167996 0.01115900
v 0.05762898 -0.05180597 0.01118600
v 0.05762898 -0.05228495 0.01023900
v 0.05762898 -0.05180597 0.01118600
v 0.05750000 -0.05167996 0.01115900
v 0.05750000 -0.05218797 0.01015299
v 0.06799995 -0.05228495 0.01023900
v 0.06799995 -0.05180597 0.01118600
v 0.05762898 -0.05180597 0.01118600
v 0.05762898 -0.05228495 0.01023900
v 0.05762898 -0.05316597 0.00964696
v 0.05750000 -0.05312299 0.00952501
v 0.05762898 -0.05316597 0.00964696
v 0.06799995 -0.05316597 0.00964696
v 0.06799995 -0.05228495 0.01023900
v 0.06799995 -0.05316597 0.00964696
v 0.06849998 -0.05300098 0.00917495
v 0.06849998 -0.05190998 0.00990796
v 0.06849998 -0.05131697 0.01107996
v 0.06799995 -0.05180597 0.01118600
v 0.06799995 -0.05180597 0.01118600
v 0.06849998 -0.05131697 0.01107996
v 0.06799995 -0.05422300 0.00956095
v 0.06849998 -0.05430996 0.00906897
v 0.06849998 -0.06063395 0.01018399
v 0.06849998 -0.05430996 0.00906897
v 0.06799995 -0.05422300 0.00956095
v 0.06799995 -0.06054794 0.01067596
v 0.06849998 -0.06115800 0.01013594
v 0.06849998 -0.06063395 0.01018399
v 0.06799995 -0.06054794 0.01067596
v 0.06799995 -0.06133300 0.01060396
v 0.06799995 -0.06197297 0.01014399
v 0.06849998 -0.06158494 0.00982899
v 0.06799995 -0.06229096 0.00942296
v 0.06849998 -0.06179696 0.00934899
v 0.06799995 -0.06229096 0.00942296
v 0.06799995 -0.06299996 0.00000000
v 0.06849998 -0.06250000 0.00000000
v 0.06849998 -0.06179696 0.00934899
v 0.06849998 -0.06179696 -0.00934898
v 0.06799995 -0.06229096 -0.00942295
v 0.06849998 -0.06158494 -0.00982898
v 0.06849998 -0.06179696 -0.00934898
v 0.06799995 -0.06229096 -0.00942295
v 0.06799995 -0.06197297 -0.01014399
v 0.06799995 -0.06197297 -0.01014399
v 0.06799995 -0.06229096 -0.00942295
v 0.05762898 -0.06229096 -0.00942295
v 0.05762898 -0.06197297 -0.01014399
v 0.06799995 -0.06229096 -0.00942295
v 0.06799995 -0.06299996 0.00000000
v 0.05762898 -0.06299996 0.00000000
v 0.05762898 -0.06229096 -0.00942295
v 0.05762898 -0.06197297 -0.01014399
v 0.05762898 -0.06229096 -0.00942295
v 0.05750000 -0.06216299 -0.00940394
v 0.05750000 -0.06187200 -0.01006299
v 0.05762898 -0.06229096 -0.00942295
v 0.05762898 -0.06299996 0.00000000
v 0.05750000 -0.06287097 0.00000000
v 0.05750000 -0.06216299 -0.00940394
v 0.06799995 -0.06133300 -0.01060396
v 0.05762898 -0.06133300 -0.01060396
v 0.05750000 -0.06128698 -0.01048296
v 0.05762898 -0.06133300 -0.01060396
v 0.05750000 -0.02799999 -0.04318398
v 0.05750000 -0.02799999 -0.04484796
v 0.05750000 -0.03882896 -0.03588396
v 0.05750000 -0.04691195 -0.02438294
v 0.05750000 -0.05167996 -0.01115900
v 0.05750000 -0.05218797 -0.01015299
v 0.05750000 -0.05312299 -0.00952500
v 0.05750000 -0.05424594 -0.00943398
v 0.05750000 -0.06057000 -0.01054894
v 0.05750000 -0.06128698 -0.01048296
v 0.05750000 -0.06187200 -0.01006299
v 0.05750000 -0.06216299 -0.00940394
v 0.05750000 -0.06287097 0.00000000
v 0.05750000 -0.05146700 0.00000000
v 0.05750000 -0.04988396 -0.01266497
v 0.05750000 -0.04523396 -0.02454996
v 0.05750000 -0.03780198 -0.03492599
v 0.05750000 -0.02804499 -0.04315495
v 0.05750000 -0.06057000 -0.01054894
v 0.05762898 -0.06054794 -0.01067596
v 0.05762898 -0.05422300 -0.00956094
v 0.05750000 -0.05424594 -0.00943398
v 0.05762898 -0.06054794 -0.01067596
v 0.05762898 -0.05422300 -0.00956094
v 0.06799995 -0.05422300 -0.00956094
v 0.06799995 -0.06054794 -0.01067596
v 0.05762898 -0.06054794 -0.01067596
v 0.06799995 -0.06054794 -0.01067596
v 0.06799995 -0.06054794 -0.01067596
v 0.06799995 -0.05422300 -0.00956094
v 0.06849998 -0.05430996 -0.00906896
v 0.06849998 -0.06063395 -0.01018399
v 0.06799995 -0.06133300 -0.01060396
v 0.06799995 -0.06054794 -0.01067596
v 0.06849998 -0.06063395 -0.01018399
v 0.06849998 -0.06115800 -0.01013594
v 0.06799995 -0.05316597 -0.00964695
v 0.06799995 -0.05422300 -0.00956094
v 0.05762898 -0.05422300 -0.00956094
v 0.05762898 -0.05316597 -0.00964695
v 0.06849998 -0.05300098 -0.00917494
v 0.06849998 -0.05430996 -0.00906896
v 0.06799995 -0.05422300 -0.00956094
v 0.06799995 -0.05316597 -0.00964695
v 0.05750000 -0.05312299 -0.00952500
v 0.05750000 -0.05218797 -0.01015299
v 0.05762898 -0.05228495 -0.01023900
v 0.05762898 -0.05316597 -0.00964695
v 0.05762898 -0.05422300 -0.00956094
v 0.05750000 -0.05424594 -0.00943398
v 0.05750000 -0.05167996 -0.01115900
v 0.05762898 -0.05180597 -0.01118600
v 0.05762898 -0.04702699 -0.02444297
v 0.05762898 -0.05180597 -0.01118600
v 0.05750000 -0.05167996 -0.01115900
v 0.05750000 -0.04691195 -0.02438294
v 0.05750000 -0.03882896 -0.03588396
v 0.05762898 -0.03892397 -0.03597098
v 0.05762898 -0.04690498 -0.02467596
v 0.05750000 -0.02799999 -0.04484796
v 0.05762898 -0.02806895 -0.04495698
v 0.05762898 -0.03856498 -0.03635597
v 0.05715399 -0.02660298 -0.04578197
v 0.05750000 -0.02793198 -0.04488998
v 0.05750000 -0.02799999 -0.04484796
v 0.05750000 -0.02799999 -0.04318398
v 0.05715495 -0.02660399 -0.04414600
v 0.05762898 -0.02799999 -0.04499995
v 0.05762898 -0.02806895 -0.04495698
v 0.05750000 -0.02793198 -0.04488998
v 0.05708497 -0.02649396 -0.04422599
v 0.05715495 -0.02660399 -0.04414600
v 0.05750000 -0.02799999 -0.04318398
v 0.05758297 -0.02795499 -0.04311394
v 0.05743795 -0.02695095 -0.04377496
v 0.05715298 -0.02639997 -0.04415899
v 0.05750000 -0.02799999 -0.04318398
v 0.05750000 -0.02804499 -0.04315495
v 0.05758297 -0.02799999 -0.04308497
v 0.05758297 -0.02795499 -0.04311394
v 0.05758297 -0.03774100 -0.03486996
v 0.05758297 -0.02799999 -0.04308497
v 0.05750000 -0.02804499 -0.04315495
v 0.05750000 -0.03780198 -0.03492599
v 0.05758297 -0.04516094 -0.02451097
v 0.05750000 -0.04523396 -0.02454996
v 0.06349998 -0.04516094 -0.02451097
v 0.06349998 -0.03774100 -0.03486996
v 0.05758297 -0.03774100 -0.03486996
v 0.05758297 -0.04516094 -0.02451097
v 0.06349998 -0.02799999 -0.04308497
v 0.05758297 -0.02799999 -0.04308497
v 0.05758297 -0.04980397 -0.01264399
v 0.05750000 -0.04988396 -0.01266497
v 0.06349998 -0.04980397 -0.01264399
v 0.05758297 -0.04980397 -0.01264399
v 0.06349998 -0.03774100 -0.03486996
v 0.06349998 -0.04516094 -0.02451097
v 0.06449997 -0.04492598 -0.02438294
v 0.06449997 -0.03754395 -0.03468799
v 0.06349998 -0.04980397 -0.01264399
v 0.06449997 -0.04954499 -0.01257795
v 0.06349998 -0.05138397 0.00000000
v 0.06449997 -0.05111598 0.00000000
v 0.05758297 -0.05138397 0.00000000
v 0.06349998 -0.05138397 0.00000000
v 0.06449997 -0.04954499 0.01257795
v 0.06349998 -0.04980397 0.01264399
v 0.06349998 -0.04980397 0.01264399
v 0.05758297 -0.04980397 0.01264399
v 0.06449997 -0.04492598 0.02438294
v 0.06349998 -0.04516094 0.02451097
v 0.05758297 -0.04516094 0.02451097
v 0.06349998 -0.04516094 0.02451097
v 0.05758297 -0.04980397 0.01264399
v 0.05758297 -0.05138397 0.00000000
v 0.05750000 -0.05146700 0.00000000
v 0.05750000 -0.04988396 0.01266497
v 0.05750000 -0.04523396 0.02455097
v 0.05758297 -0.04516094 0.02451097
v 0.05750000 -0.03780198 0.03492599
v 0.05758297 -0.03774100 0.03486996
v 0.05758297 -0.03774100 0.03486996
v 0.06349998 -0.03774100 0.03486996
v 0.05750000 -0.02804499 0.04315495
v 0.05758297 -0.02799999 0.04308497
v 0.05758297 -0.02799999 0.04308497
v 0.06349998 -0.02799999 0.04308497
v 0.06449997 -0.03754395 0.03468894
v 0.06349998 -0.03774100 0.03486996
v 0.06349998 -0.02799999 0.04308497
v 0.06449997 -0.02785396 0.04286098
v 0.06523197 -0.03700697 0.03419196
v 0.06523197 -0.04428195 0.02403396
v 0.06523197 -0.02745497 0.04224699
v 0.06449997 -0.02785396 0.04286098
v 0.06350195 -0.02710598 0.04365795
v 0.06351399 -0.02619898 0.04422396
v 0.06353396 -0.02476894 0.04506295
v 0.06352198 -0.02300000 0.04594999
v 0.06451296 -0.02288496 0.04569995
v 0.06523197 -0.02745497 0.04224699
v 0.06451296 -0.02288395 0.04569995
v 0.06523495 -0.02257800 0.04503697
v 0.06523597 -0.02257800 0.04503697
v 0.06549996 -0.02216196 0.04413396
v 0.06549996 -0.02690994 0.04140800
v 0.06549996 -0.02690994 0.04140800
v 0.06549996 -0.03627198 0.03351294
v 0.06522399 -0.01765894 0.04703998
v 0.06549996 -0.01732695 0.04608094
v 0.06549996 -0.02216196 0.04413396
v 0.06523597 -0.02257800 0.04503697
v 0.06523495 -0.02257800 0.04503697
v 0.06446897 -0.01789897 0.04773396
v 0.06446999 -0.01789897 0.04773396
v 0.06451296 -0.02288395 0.04569995
v 0.06522297 -0.01671499 0.04713100
v 0.06549996 -0.01685899 0.04612594
v 0.06549996 -0.01732695 0.04608094
v 0.06522399 -0.01765894 0.04703998
v 0.06446796 -0.01661199 0.04785895
v 0.06446999 -0.01789897 0.04773396
v 0.06522500 -0.01583600 0.04677796
v 0.06549996 -0.01642197 0.04595196
v 0.06447398 -0.01541095 0.04737699
v 0.06446897 -0.01789897 0.04773396
v 0.06344795 -0.01798099 0.04796999
v 0.06344598 -0.01658296 0.04810595
v 0.06344598 -0.01657599 0.04810500
v 0.06345498 -0.01526498 0.04758298
v 0.06345498 -0.01525998 0.04757899
v 0.06522798 -0.01521694 0.04605895
v 0.06523197 -0.01499897 0.04513597
v 0.06523197 -0.01499998 0.04513597
v 0.06549996 -0.01599997 0.04513597
v 0.06549996 -0.01611196 0.04559600
v 0.06549996 -0.01599997 0.02256798
v 0.06549996 -0.01599997 0.04513597
v 0.06549996 -0.01599997 0.04513597
v 0.06549996 -0.01599997 0.02256798
v 0.06549996 -0.04938399 0.00000000
v 0.06549996 -0.04786598 0.01215195
v 0.06549996 -0.04340398 0.02355694
v 0.06549996 -0.03627198 0.03351294
v 0.06549996 -0.02690994 0.04140800
v 0.06549996 -0.02216196 0.04413396
v 0.06549996 -0.01732695 0.04608094
v 0.06549996 -0.01685899 0.04612594
v 0.06549996 -0.01642197 0.04595196
v 0.06549996 -0.01611196 0.04559600
v 0.06549996 -0.01732695 -0.04608094
v 0.06549996 -0.02216196 -0.04413396
v 0.06549996 -0.02690994 -0.04140800
v 0.06549996 -0.03627198 -0.03351294
v 0.06549996 -0.04340398 -0.02355694
v 0.06549996 -0.04786598 -0.01215195
v 0.06549996 -0.01599997 -0.02256798
v 0.06549996 -0.01599997 -0.04513597
v 0.06549996 -0.01611196 -0.04559600
v 0.06549996 -0.01642197 -0.04595196
v 0.06549996 -0.01685899 -0.04612594
v 0.06523197 -0.05038398 0.00000000
v 0.06549996 -0.04938399 0.00000000
v 0.06549996 -0.04786598 -0.01215195
v 0.06523197 -0.04883497 -0.01239800
v 0.06523197 -0.04883497 0.01239800
v 0.06549996 -0.04786598 0.01215195
v 0.06549996 -0.04340398 0.02355694
v 0.06549996 -0.04340398 -0.02355694
v 0.06523197 -0.04428195 -0.02403396
v 0.06549996 -0.03627198 -0.03351294
v 0.06523197 -0.03700697 -0.03419196
v 0.06549996 -0.02690994 -0.04140800
v 0.06523197 -0.02745497 -0.04224699
v 0.06449997 -0.02785396 -0.04286098
v 0.06349998 -0.02799999 -0.04308497
v 0.06451296 -0.02288496 -0.04569995
v 0.06352198 -0.02300000 -0.04594999
v 0.06353396 -0.02476894 -0.04506295
v 0.06351399 -0.02619898 -0.04422396
v 0.06350195 -0.02710598 -0.04365700
v 0.06449997 -0.02785396 -0.04286098
v 0.06523597 -0.02257800 -0.04503697
v 0.06523495 -0.02257800 -0.04503697
v 0.06451296 -0.02288395 -0.04569995
v 0.06523197 -0.02745497 -0.04224699
v 0.06446897 -0.01789897 -0.04773396
v 0.06344795 -0.01798099 -0.04796999
v 0.06352198 -0.02300000 -0.04594999
v 0.06451296 -0.02288496 -0.04569995
v 0.06451296 -0.02288395 -0.04569995
v 0.06523495 -0.02257800 -0.04503697
v 0.06522399 -0.01765894 -0.04703998
v 0.06446999 -0.01789897 -0.04773396
v 0.06344598 -0.01657599 -0.04810500
v 0.06344598 -0.01658296 -0.04810595
v 0.06344795 -0.01798099 -0.04796999
v 0.06446897 -0.01789897 -0.04773396
v 0.06446999 -0.01789897 -0.04773396
v 0.06446796 -0.01661199 -0.04785895
v 0.04567998 -0.01773798 -0.04962199
v 0.06344795 -0.01798099 -0.04796999
v 0.06344598 -0.01658296 -0.04810595
v 0.04568499 -0.01638799 -0.04964995
v 0.04318195 -0.02182799 -0.04899495
v 0.05025899 -0.02288997 -0.04719299
v 0.05104798 -0.02300000 -0.04702299
v 0.06352198 -0.02300000 -0.04594999
v 0.06344795 -0.01798099 -0.04796999
v 0.04567998 -0.01773798 -0.04962199
v 0.04317396 -0.01770997 -0.05015695
v 0.06344598 -0.01657599 -0.04810500
v 0.06345498 -0.01526498 -0.04758298
v 0.02848297 -0.01753598 -0.05452799
v 0.04317396 -0.01770997 -0.05015695
v 0.01949799 -0.01641500 -0.05807596
v 0.02349799 -0.01744896 -0.05643498
v 0.02358198 -0.01745099 -0.05640095
v 0.02378499 -0.01741099 -0.05632698
v 0.02398097 -0.01745897 -0.05624097
v 0.02848297 -0.01753598 -0.05452799
v 0.02398097 -0.01745897 -0.05624097
v 0.02423298 -0.01763898 -0.05611097
v 0.02423298 -0.01763898 -0.05611097
v 0.02398097 -0.01745897 -0.05624097
v 0.02378499 -0.01741099 -0.05632698
v 0.02358198 -0.01745099 -0.05640095
v 0.02355200 -0.01746296 -0.05641096
v 0.02349799 -0.01744896 -0.05643498
v 0.02355200 -0.01746296 -0.05641096
v 0.02358198 -0.01745099 -0.05640095
v 0.06522297 -0.01671499 -0.04713100
v 0.06522399 -0.01765894 -0.04703998
v 0.06549996 -0.01732695 -0.04608094
v 0.06549996 -0.01685899 -0.04612594
v 0.06549996 -0.01642197 -0.04595196
v 0.06523597 -0.02257800 -0.04503697
v 0.06549996 -0.02216196 -0.04413396
v 0.06549996 -0.01732695 -0.04608094
v 0.06549996 -0.02690994 -0.04140800
v 0.06549996 -0.02216196 -0.04413396
v 0.06353396 -0.02476894 -0.04506295
v 0.06352198 -0.02300000 -0.04594999
v 0.05104798 -0.02300000 -0.04702299
v 0.05151396 -0.02308595 -0.04691696
v 0.05174297 -0.02313596 -0.04685997
v 0.05177497 -0.02314299 -0.04685199
v 0.05177599 -0.02314299 -0.04685199
v 0.05177599 -0.02314299 -0.04685199
v 0.05177599 -0.02314299 -0.04685199
v 0.05177599 -0.02314394 -0.04685199
v 0.05177700 -0.02314394 -0.04685199
v 0.05177897 -0.02314394 -0.04685097
v 0.05178499 -0.02314597 -0.04684895
v 0.05183196 -0.02315700 -0.04683697
v 0.05197697 -0.02319300 -0.04679799
v 0.05285096 -0.02346497 -0.04652595
v 0.05405497 -0.02398198 -0.04605799
v 0.05285096 -0.02346497 -0.04652595
v 0.05197697 -0.02319300 -0.04679799
v 0.05183196 -0.02315700 -0.04683697
v 0.05178499 -0.02314597 -0.04684895
v 0.05177897 -0.02314394 -0.04685097
v 0.05177700 -0.02314394 -0.04685199
v 0.05177599 -0.02314394 -0.04685199
v 0.05177599 -0.02314299 -0.04685199
v 0.05177599 -0.02314299 -0.04685199
v 0.05177497 -0.02314299 -0.04685199
v 0.05174297 -0.02313596 -0.04685997
v 0.05151396 -0.02308595 -0.04691696
v 0.05104798 -0.02300000 -0.04702299
v 0.05104595 -0.02310997 -0.04709994
v 0.05190998 -0.02329498 -0.04688698
v 0.05283099 -0.02358597 -0.04659599
v 0.05345499 -0.02383697 -0.04636299
v 0.05446296 -0.02433300 -0.04592698
v 0.05449795 -0.02421295 -0.04585897
v 0.05405497 -0.02398198 -0.04605799
v 0.06351399 -0.02619898 -0.04422396
v 0.05449795 -0.02421295 -0.04585897
v 0.05526000 -0.02466899 -0.04547995
v 0.05526000 -0.02466899 -0.04547995
v 0.05526000 -0.02466899 -0.04547995
v 0.05526095 -0.02467000 -0.04547995
v 0.05526196 -0.02467000 -0.04547899
v 0.05526494 -0.02467197 -0.04547798
v 0.05527395 -0.02467799 -0.04547297
v 0.05530297 -0.02469795 -0.04545700
v 0.05540597 -0.02476596 -0.04540097
v 0.05563396 -0.02492499 -0.04527395
v 0.05597096 -0.02517795 -0.04507297
v 0.05662995 -0.02576500 -0.04462295
v 0.05487698 -0.02457195 -0.04572498
v 0.05592298 -0.02529197 -0.04513996
v 0.05597096 -0.02517795 -0.04507297
v 0.05563396 -0.02492499 -0.04527395
v 0.05540597 -0.02476596 -0.04540097
v 0.05530297 -0.02469795 -0.04545700
v 0.05527395 -0.02467799 -0.04547297
v 0.05526494 -0.02467197 -0.04547798
v 0.05526196 -0.02467000 -0.04547899
v 0.05526095 -0.02467000 -0.04547995
v 0.05526000 -0.02466899 -0.04547995
v 0.05526000 -0.02466899 -0.04547995
v 0.05614995 -0.02547895 -0.04499298
v 0.05662995 -0.02576500 -0.04462295
v 0.06350195 -0.02710598 -0.04365700
v 0.05715298 -0.02639997 -0.04415899
v 0.05743795 -0.02695095 -0.04377496
v 0.05758297 -0.02795499 -0.04311394
v 0.05758297 -0.02799999 -0.04308497
v 0.06349998 -0.02799999 -0.04308497
v 0.05708497 -0.02649396 -0.04422599
v 0.05614995 -0.02547895 -0.04499298
v 0.05614799 -0.02547800 -0.04660600
v 0.05702698 -0.02640897 -0.04591995
v 0.05592298 -0.02529197 -0.04513996
v 0.05487698 -0.02457195 -0.04572498
v 0.05487298 -0.02457100 -0.04731994
v 0.05580896 -0.02520400 -0.04681599
v 0.05744498 -0.02695697 -0.04565799
v 0.05762898 -0.02799999 -0.04499995
v 0.05750000 -0.02793198 -0.04488998
v 0.05715399 -0.02660298 -0.04578197
v 0.05446296 -0.02433300 -0.04592698
v 0.05430299 -0.02424800 -0.04758900
v 0.04568499 -0.01638799 0.04964995
v 0.06345498 -0.01526498 0.04758298
v 0.06344598 -0.01657599 0.04810500
v 0.06344598 -0.01658296 0.04810595
v 0.06344795 -0.01798099 0.04796999
v 0.04567998 -0.01773798 0.04962199
v 0.04317396 -0.01770997 0.05015695
v 0.04567998 -0.01773798 0.04962199
v 0.06344795 -0.01798099 0.04796999
v 0.06352198 -0.02300000 0.04594999
v 0.05104798 -0.02300000 0.04702299
v 0.05025899 -0.02288997 0.04719299
v 0.04318195 -0.02182799 0.04899495
v 0.06451296 -0.02288496 0.04569995
v 0.06352198 -0.02300000 0.04594999
v 0.06344795 -0.01798099 0.04796999
v 0.05405497 -0.02398198 0.04605799
v 0.05285096 -0.02346497 0.04652595
v 0.05197697 -0.02319300 0.04679799
v 0.05183196 -0.02315700 0.04683697
v 0.05178499 -0.02314597 0.04684895
v 0.05177897 -0.02314394 0.04685097
v 0.05177700 -0.02314394 0.04685199
v 0.05177599 -0.02314394 0.04685199
v 0.05177599 -0.02314299 0.04685199
v 0.05177599 -0.02314299 0.04685199
v 0.05177497 -0.02314299 0.04685199
v 0.05174297 -0.02313596 0.04685997
v 0.05151396 -0.02308595 0.04691696
v 0.05104798 -0.02300000 0.04702299
v 0.06352198 -0.02300000 0.04594999
v 0.06353396 -0.02476894 0.04506295
v 0.05104595 -0.02310997 0.04709994
v 0.05026096 -0.02300000 0.04726797
v 0.05025899 -0.02288997 0.04719299
v 0.05104798 -0.02300000 0.04702299
v 0.05283099 -0.02358597 0.04659599
v 0.05190998 -0.02329498 0.04688698
v 0.05104595 -0.02310997 0.04709994
v 0.05104798 -0.02300000 0.04702299
v 0.05151396 -0.02308595 0.04691696
v 0.05174297 -0.02313596 0.04685997
v 0.05177497 -0.02314299 0.04685199
v 0.05177599 -0.02314299 0.04685199
v 0.05177599 -0.02314299 0.04685199
v 0.05177599 -0.02314299 0.04685199
v 0.05177599 -0.02314394 0.04685199
v 0.05177700 -0.02314394 0.04685199
v 0.05177897 -0.02314394 0.04685097
v 0.05178499 -0.02314597 0.04684895
v 0.05183196 -0.02315700 0.04683697
v 0.05197697 -0.02319300 0.04679799
v 0.05285096 -0.02346497 0.04652595
v 0.02350795 -0.01754099 0.05651098
v 0.02349799 -0.01744896 0.05643498
v 0.02355200 -0.01746296 0.05641096
v 0.02423298 -0.01763898 0.05611097
v 0.04318195 -0.02182799 0.04899495
v 0.05025899 -0.02288997 0.04719299
v 0.05026096 -0.02300000 0.04726797
v 0.03019899 -0.01921999 0.05366796
v 0.02423298 -0.01763898 0.05611097
v 0.02398097 -0.01745897 0.05624097
v 0.02848297 -0.01753598 0.05452799
v 0.02355200 -0.01746296 0.05641096
v 0.02358198 -0.01745098 0.05640095
v 0.02378499 -0.01741099 0.05632698
v 0.02398097 -0.01745897 0.05624097
v 0.02423298 -0.01763898 0.05611097
v 0.02358198 -0.01745098 0.05640095
v 0.02355200 -0.01746296 0.05641096
v 0.02349799 -0.01744896 0.05643498
v 0.02846598 -0.01623195 0.05447900
v 0.02848297 -0.01753598 0.05452799
v 0.02398097 -0.01745897 0.05624097
v 0.02378499 -0.01741099 0.05632698
v 0.02358198 -0.01745098 0.05640095
v 0.02349799 -0.01744896 0.05643498
v 0.01949799 -0.01641499 0.05807596
v 0.01811397 -0.01604997 0.05857998
v 0.01949799 -0.01641499 0.05807596
v 0.02349799 -0.01744896 0.05643498
v 0.02350795 -0.01754099 0.05651098
v 0.01950895 -0.01647895 0.05815094
v 0.01811397 -0.01604997 0.05857998
v 0.01540696 -0.01532799 0.05942898
v 0.04317396 -0.01770997 0.05015695
v 0.05190700 -0.02329498 0.04847300
v 0.05080598 -0.02307200 0.04874795
v 0.05026096 -0.02300000 0.04886597
v 0.05026096 -0.02300000 0.04726797
v 0.05104595 -0.02310997 0.04709994
v 0.05190998 -0.02329498 0.04688698
v 0.05405497 -0.02398198 0.04605799
v 0.05449795 -0.02421295 0.04585897
v 0.05446296 -0.02433300 0.04592698
v 0.05345499 -0.02383697 0.04636299
v 0.05662995 -0.02576500 0.04462295
v 0.05597096 -0.02517795 0.04507297
v 0.05563396 -0.02492499 0.04527395
v 0.05540597 -0.02476596 0.04540097
v 0.05530297 -0.02469795 0.04545700
v 0.05527395 -0.02467799 0.04547297
v 0.05526494 -0.02467197 0.04547798
v 0.05526196 -0.02467000 0.04547899
v 0.05526095 -0.02467000 0.04547995
v 0.05526000 -0.02466899 0.04547995
v 0.05526000 -0.02466899 0.04547995
v 0.05449795 -0.02421295 0.04585897
v 0.06351399 -0.02619898 0.04422396
v 0.05526000 -0.02466899 0.04547995
v 0.05526000 -0.02466899 0.04547995
v 0.05526000 -0.02466899 0.04547995
v 0.05526095 -0.02467000 0.04547995
v 0.05526196 -0.02467000 0.04547899
v 0.05526494 -0.02467197 0.04547798
v 0.05527395 -0.02467799 0.04547297
v 0.05530297 -0.02469795 0.04545700
v 0.05540597 -0.02476596 0.04540097
v 0.05563396 -0.02492499 0.04527395
v 0.05597096 -0.02517795 0.04507297
v 0.05592298 -0.02529197 0.04513996
v 0.05487698 -0.02457195 0.04572498
v 0.05662995 -0.02576500 0.04462295
v 0.05715298 -0.02639997 0.04415899
v 0.05708497 -0.02649396 0.04422599
v 0.05614995 -0.02547895 0.04499298
v 0.05743795 -0.02695095 0.04377496
v 0.05715298 -0.02639997 0.04415899
v 0.06350195 -0.02710598 0.04365795
v 0.06349998 -0.02799999 0.04308497
v 0.05758297 -0.02799999 0.04308497
v 0.05758297 -0.02795499 0.04311394
v 0.05743795 -0.02695095 0.04377496
v 0.05758297 -0.02795499 0.04311394
v 0.05750000 -0.02799999 0.04318398
v 0.05715495 -0.02660399 0.04414600
v 0.05758297 -0.02795499 0.04311394
v 0.05758297 -0.02799999 0.04308497
v 0.05750000 -0.02804499 0.04315495
v 0.05750000 -0.02799999 0.04318398
v 0.05715495 -0.02660399 0.04414600
v 0.05750000 -0.02799999 0.04318398
v 0.05750000 -0.02799999 0.04484796
v 0.05750000 -0.02793198 0.04488998
v 0.05715399 -0.02660298 0.04578197
v 0.05750000 -0.02804499 0.04315495
v 0.05750000 -0.03780198 0.03492599
v 0.05750000 -0.04523396 0.02455097
v 0.05750000 -0.04988396 0.01266497
v 0.05750000 -0.06216299 0.00940395
v 0.05750000 -0.06187200 0.01006299
v 0.05750000 -0.06128698 0.01048297
v 0.05750000 -0.06057000 0.01054894
v 0.05750000 -0.05424594 0.00943399
v 0.05750000 -0.05312299 0.00952501
v 0.05750000 -0.05218797 0.01015299
v 0.05750000 -0.05167996 0.01115900
v 0.05750000 -0.04691195 0.02438294
v 0.05750000 -0.03882896 0.03588396
v 0.05750000 -0.02799999 0.04484796
v 0.05750000 -0.02799999 0.04318398
v 0.05750000 -0.02793198 0.04488998
v 0.05762898 -0.02806895 0.04495698
v 0.05762898 -0.02799999 0.04499995
v 0.05702698 -0.02640897 0.04591995
v 0.05715399 -0.02660298 0.04578197
v 0.05750000 -0.02793198 0.04488998
v 0.05762898 -0.02799999 0.04499995
v 0.05744498 -0.02695697 0.04565799
v 0.05713397 -0.02640700 0.04602700
v 0.05702698 -0.02640897 0.04591995
v 0.05614799 -0.02547800 0.04660600
v 0.05614995 -0.02547895 0.04499298
v 0.05708497 -0.02649396 0.04422599
v 0.05658894 -0.02577596 0.04647397
v 0.05589199 -0.02517598 0.04692196
v 0.05580896 -0.02520400 0.04681599
v 0.05614799 -0.02547800 0.04660600
v 0.05580896 -0.02520400 0.04681599
v 0.05487298 -0.02457100 0.04731994
v 0.05487698 -0.02457195 0.04572498
v 0.05592298 -0.02529197 0.04513996
v 0.05437296 -0.02420598 0.04769599
v 0.05430299 -0.02424800 0.04758900
v 0.05487298 -0.02457100 0.04731994
v 0.05430299 -0.02424800 0.04758900
v 0.05345100 -0.02383595 0.04794698
v 0.05345499 -0.02383697 0.04636299
v 0.05446296 -0.02433300 0.04592698
v 0.05385094 -0.02394199 0.04791897
v 0.05268299 -0.02345997 0.04835695
v 0.05262696 -0.02351397 0.04824697
v 0.05345100 -0.02383595 0.04794698
v 0.05262696 -0.02351397 0.04824697
v 0.05283099 -0.02358597 0.04659599
v 0.05242794 -0.02337396 0.04843997
v 0.05217099 -0.02329498 0.04851996
v 0.05190998 -0.02322196 0.04859697
v 0.05164694 -0.02315497 0.04866999
v 0.05138099 -0.02309596 0.04873800
v 0.05111294 -0.02304399 0.04880297
v 0.05097800 -0.02302098 0.04883396
v 0.05090999 -0.02300995 0.04884898
v 0.05087596 -0.02300494 0.04885697
v 0.05085897 -0.02300298 0.04885995
v 0.05085098 -0.02300095 0.04886198
v 0.05084598 -0.02300095 0.04886299
v 0.05084395 -0.02300000 0.04886394
v 0.05084300 -0.02300000 0.04886394
v 0.05084300 -0.02300000 0.04886394
v 0.05084198 -0.02300000 0.04886394
v 0.05084198 -0.02300000 0.04886394
v 0.05084198 -0.02300000 0.04886394
v 0.05084198 -0.02300000 0.04886394
v 0.05080598 -0.02307200 0.04874795
v 0.05080598 -0.02307200 0.04874795
v 0.05190700 -0.02329498 0.04847300
v 0.05026096 -0.02300000 0.04886597
v 0.05080598 -0.02307200 0.04874795
v 0.05080598 -0.02307200 0.04874795
v 0.05084198 -0.02300000 0.04886394
v 0.05029499 -0.02292698 0.04898196
v 0.06549996 -0.02480596 0.04683697
v 0.06549996 -0.02300000 0.04774898
v 0.05223995 -0.02300000 0.04866600
v 0.05084198 -0.02300000 0.04886394
v 0.05084198 -0.02300000 0.04886394
v 0.05084198 -0.02300000 0.04886394
v 0.05084300 -0.02300000 0.04886394
v 0.05084300 -0.02300000 0.04886394
v 0.05084395 -0.02300000 0.04886394
v 0.05084598 -0.02300095 0.04886299
v 0.05085098 -0.02300095 0.04886198
v 0.05085897 -0.02300298 0.04885995
v 0.05087596 -0.02300494 0.04885697
v 0.05090999 -0.02300995 0.04884898
v 0.05097800 -0.02302098 0.04883396
v 0.05111294 -0.02304399 0.04880297
v 0.05138099 -0.02309596 0.04873800
v 0.05164694 -0.02315497 0.04866999
v 0.05190998 -0.02322196 0.04859697
v 0.05217099 -0.02329498 0.04851996
v 0.05242794 -0.02337396 0.04843997
v 0.05268299 -0.02345997 0.04835695
v 0.05385094 -0.02394199 0.04791897
v 0.06549996 -0.02300000 0.04774898
v 0.06549996 -0.01421999 0.05105698
v 0.05437296 -0.02420598 0.04769599
v 0.05589199 -0.02517598 0.04692196
v 0.05658894 -0.02577596 0.04647397
v 0.06549996 -0.02627497 0.04602897
v 0.05713397 -0.02640700 0.04602700
v 0.05744498 -0.02695697 0.04565799
v 0.06549996 -0.02714300 0.04552197
v 0.05762898 -0.02799999 0.04499995
v 0.06549996 -0.02799999 0.04499995
v 0.06549996 -0.02739697 0.04536998
v 0.05750000 -0.06216299 0.00940395
v 0.05762898 -0.06229096 0.00942296
v 0.05750000 -0.06187200 0.01006299
v 0.05750000 -0.06216299 0.00940395
v 0.05762898 -0.06229096 0.00942296
v 0.05762898 -0.06197297 0.01014399
v 0.05762898 -0.06197297 0.01014399
v 0.05762898 -0.06229096 0.00942296
v 0.06799995 -0.06229096 0.00942296
v 0.06799995 -0.06197297 0.01014399
v 0.05762898 -0.06229096 0.00942296
v 0.06799995 -0.06229096 0.00942296
v 0.05762898 -0.06133300 0.01060396
v 0.06799995 -0.06133300 0.01060396
v 0.05762898 -0.06133300 0.01060396
v 0.05750000 -0.06128698 0.01048297
v 0.05762898 -0.06054794 0.01067596
v 0.05750000 -0.06057000 0.01054894
v 0.06799995 -0.06054794 0.01067596
v 0.05762898 -0.06054794 0.01067596
v 0.06799995 -0.06054794 0.01067596
v 0.06799995 -0.05422300 0.00956095
v 0.05762898 -0.05422300 0.00956095
v 0.05762898 -0.06054794 0.01067596
v 0.05750000 -0.05424594 0.00943399
v 0.05762898 -0.05422300 0.00956095
v 0.05750000 -0.05424594 0.00943399
v 0.05762898 -0.05422300 0.00956095
v 0.05762898 -0.05422300 0.00956095
v 0.06799995 -0.05422300 0.00956095
v 0.06549996 0.01179897 0.05166995
v 0.06549996 0.01421797 0.05105698
v 0.06549996 0.02300000 0.04774898
v 0.05680400 0.02599996 0.04631298
v 0.05669397 0.02599996 0.04621595
v -0.05149996 0.02139997 -0.00000000
v -0.04939395 0.02139997 -0.01464998
v -0.04324495 0.02139997 -0.02811294
v -0.03355300 0.02139997 -0.03929895
v -0.02110195 0.02139997 -0.04730099
v -0.00690097 0.02139997 -0.05147099
v 0.00790095 0.02139997 -0.05147099
v 0.02210199 0.02139997 -0.04730099
v 0.03455299 0.02139997 -0.03929895
v 0.04424500 0.02139997 -0.02811294
v 0.05039399 0.02139997 -0.01464998
v 0.05249994 0.02139997 -0.00000000
v 0.05299997 0.02139997 -0.00000000
v 0.05087298 0.02139997 -0.01479095
v 0.04466599 0.02139997 -0.02838397
v 0.03487998 0.02139997 -0.03967696
v 0.02230900 0.02139997 -0.04775595
v 0.00797194 0.02139997 -0.05196595
v -0.00697195 0.02139997 -0.05196595
v -0.02130895 0.02139997 -0.04775595
v -0.03387999 0.02139997 -0.03967696
v -0.04366600 0.02139997 -0.02838397
v -0.04987299 0.02139997 -0.01479095
v -0.05199998 0.02139997 -0.00000000
v 0.04466599 0.02139997 -0.02838397
v 0.05087298 0.02139997 -0.01479095
v 0.05231297 0.01989996 -0.01521396
v 0.05215996 0.01989996 -0.01572495
v 0.04592800 0.01989996 -0.02919495
v 0.05299997 0.02139997 -0.00000000
v 0.05449998 0.01989996 -0.00000000
v 0.05039399 0.02139997 0.01464998
v 0.04424500 0.02139997 0.02811294
v 0.03455299 0.02139997 0.03929895
v 0.02210199 0.02139997 0.04730099
v 0.00790095 0.02139997 0.05147099
v -0.00690097 0.02139997 0.05147099
v -0.02110195 0.02139997 0.04730099
v -0.03355300 0.02139997 0.03929895
v -0.04324495 0.02139997 0.02811294
v -0.04939395 0.02139997 0.01464998
v -0.04987299 0.02139997 0.01479095
v -0.04366600 0.02139997 0.02838397
v -0.03387999 0.02139997 0.03967696
v -0.02130895 0.02139997 0.04775595
v -0.00697195 0.02139997 0.05196595
v 0.00797194 0.02139997 0.05196595
v 0.02230900 0.02139997 0.04775595
v 0.03487998 0.02139997 0.03967696
v 0.04466599 0.02139997 0.02838397
v 0.05087298 0.02139997 0.01479095
v 0.05231297 0.01989996 0.01521396
v 0.05449998 0.01989996 -0.00000000
v 0.05299997 0.02139997 -0.00000000
v 0.05087298 0.02139997 0.01479095
v 0.04466599 0.02139997 0.02838397
v 0.04592800 0.01989996 0.02919495
v 0.05215996 0.01989996 0.01572495
v 0.05215996 0.00537598 0.01572495
v 0.05439895 0.00537598 0.00330198
v 0.05439895 -0.00149995 0.00330198
v 0.05449998 -0.00149995 0.00000000
v 0.05449998 0.01989996 -0.00000000
v 0.05231297 0.01989996 0.01521396
v 0.05215996 0.01989996 0.01572495
v 0.04534095 0.00537598 0.03008699
v 0.04592800 0.01989996 0.02919495
v 0.04534095 0.01989996 0.03008699
v 0.03487998 0.02139997 0.03967696
v 0.03586298 0.01989996 0.04080998
v 0.04534095 0.01989996 0.03008699
v 0.03463596 0.00537598 0.04184198
v 0.03586298 0.01989996 0.04080998
v 0.03463596 0.01989996 0.04184198
v 0.02230900 0.02139997 0.04775595
v 0.02293199 0.01989996 0.04911994
v 0.03463596 0.01989996 0.04184198
v 0.02097195 0.00537598 0.04996895
v 0.02293199 0.01989996 0.04911994
v 0.02097195 0.01989996 0.04996895
v 0.00797194 0.02139997 0.05196595
v 0.00818497 0.01989996 0.05344998
v 0.02097195 0.01989996 0.04996895
v 0.00553298 0.00537598 0.05376499
v 0.00818497 0.01989996 0.05344998
v 0.00553298 0.01989996 0.05376499
v -0.00718498 0.01989996 0.05344998
v -0.01034200 0.01989996 0.05289995
v -0.01034200 0.00537598 0.05289995
v -0.00697195 0.02139997 0.05196595
v -0.00718498 0.01989996 0.05344998
v 0.00553298 0.01989996 0.05376499
v -0.02130895 0.02139997 0.04775595
v -0.02193200 0.01989996 0.04911994
v -0.01034200 0.01989996 0.05289995
v -0.02423799 0.00529999 0.04799997
v -0.01034200 0.00529999 0.05289995
v -0.01034200 0.00537598 0.05289995
v -0.01034200 0.01989996 0.05289995
v -0.02193200 0.01989996 0.04911994
v -0.02423799 0.01989996 0.04799997
v -0.03387999 0.02139997 0.03967696
v -0.03486198 0.01989996 0.04080998
v -0.02423799 0.01989996 0.04799997
v -0.03629297 0.00529999 0.03952598
v -0.03486198 0.01989996 0.04080998
v -0.03629297 0.01989996 0.03952598
v -0.04366600 0.02139997 0.02838397
v -0.04492795 0.01989996 0.02919495
v -0.03629297 0.01989996 0.03952598
v -0.04987299 0.02139997 0.01479095
v -0.05131298 0.01989996 0.01521396
v -0.04560798 0.01989996 0.02810800
v -0.04560798 0.00529999 0.02810800
v -0.04492795 0.01989996 0.02919495
v -0.04560798 0.01989996 0.02810800
v -0.05148899 0.00529999 0.01459795
v -0.05131298 0.01989996 0.01521396
v -0.05148899 0.01989996 0.01459795
v -0.05199998 0.02139997 -0.00000000
v -0.05349999 0.01989996 -0.00000000
v -0.05148899 0.01989996 0.01459795
v -0.05349999 0.00529998 -0.00000000
v -0.05349999 0.01989996 -0.00000000
v -0.04987299 0.02139997 -0.01479095
v -0.05131298 0.01989996 -0.01521396
v -0.05148899 0.01989996 -0.01459795
v -0.05148899 0.00529998 -0.01459795
v -0.05148899 0.01989996 -0.01459795
v -0.04560798 0.00529998 -0.02810800
v -0.05131298 0.01989996 -0.01521396
v -0.04560798 0.01989996 -0.02810800
v -0.03629297 0.00529998 -0.03952598
v -0.04492795 0.01989996 -0.02919495
v -0.03629297 0.01989996 -0.03952598
v -0.02423799 0.00529998 -0.04799997
v -0.03486198 0.01989996 -0.04080998
v -0.02423799 0.01989996 -0.04799997
v -0.02193200 0.01989996 -0.04911994
v -0.01034200 0.01989996 -0.05289995
v -0.01034200 0.00537598 -0.05289995
v -0.01034200 0.00529998 -0.05289995
v 0.00553298 0.00537598 -0.05376499
v -0.01034200 0.00537598 -0.05289995
v -0.01034200 0.01989996 -0.05289995
v -0.00718498 0.01989996 -0.05344998
v 0.00553298 0.01989996 -0.05376499
v -0.02130895 0.02139997 -0.04775595
v -0.00697195 0.02139997 -0.05196595
v -0.00718498 0.01989996 -0.05344998
v -0.01034200 0.01989996 -0.05289995
v -0.02193200 0.01989996 -0.04911994
v 0.00797194 0.02139997 -0.05196595
v 0.00818497 0.01989996 -0.05344998
v 0.00553298 0.01989996 -0.05376499
v -0.03387999 0.02139997 -0.03967696
v -0.02423799 0.01989996 -0.04799997
v -0.03486198 0.01989996 -0.04080998
v -0.04366600 0.02139997 -0.02838397
v -0.03629297 0.01989996 -0.03952598
v -0.04492795 0.01989996 -0.02919495
v -0.04560798 0.01989996 -0.02810800
v 0.02230900 0.02139997 -0.04775595
v 0.02293199 0.01989996 -0.04911994
v 0.02097195 0.01989996 -0.04996895
v 0.00818497 0.01989996 -0.05344998
v 0.02097195 0.01989996 -0.04996895
v 0.02097195 0.00537598 -0.04996895
v 0.02293199 0.01989996 -0.04911994
v 0.03463596 0.01989996 -0.04184198
v 0.03463596 0.00537598 -0.04184198
v 0.03487998 0.02139997 -0.03967696
v 0.03586298 0.01989996 -0.04080998
v 0.03463596 0.01989996 -0.04184198
v 0.03586298 0.01989996 -0.04080998
v 0.04534095 0.01989996 -0.03008699
v 0.04534095 0.00537598 -0.03008699
v 0.04592800 0.01989996 -0.02919495
v 0.05215996 0.01989996 -0.01572495
v 0.05215996 0.00537598 -0.01572495
v 0.04534095 0.01989996 -0.03008699
v 0.05231297 0.01989996 -0.01521396
v 0.05439895 -0.00149995 -0.00330198
v 0.05439895 0.00537598 -0.00330198
v -0.04939395 0.02139997 -0.01464998
v -0.05149996 0.02139997 -0.00000000
v -0.05129998 0.02120000 -0.00000000
v -0.04920196 0.02120000 -0.01459395
v -0.04920196 0.02120000 0.01459395
v -0.05129998 0.02120000 -0.00000000
v -0.05149996 0.02139997 -0.00000000
v -0.04939395 0.02139997 0.01464998
v -0.04324495 0.02139997 0.02811294
v -0.04307699 0.02120000 0.02800500
v -0.04307699 0.02099996 0.02800500
v -0.04920196 0.02099996 0.01459395
v -0.04920196 0.02120000 0.01459395
v -0.04307699 0.02120000 0.02800500
v -0.05129998 0.02099996 -0.00000000
v -0.05129998 0.02120000 -0.00000000
v -0.05129998 0.02099996 -0.00000000
v -0.04920196 0.02099996 0.01459395
v -0.04307699 0.02099996 0.02800500
v -0.03342199 0.02099996 0.03914797
v -0.02101796 0.02099996 0.04711896
v -0.00687200 0.02099996 0.05127298
v 0.00787199 0.02099996 0.05127298
v 0.02201896 0.02099996 0.04711896
v 0.03442198 0.02099996 0.03914797
v 0.04407697 0.02099996 0.02800500
v 0.05020195 0.02099996 0.01459395
v 0.05229997 0.02099996 -0.00000000
v 0.05020195 0.02099996 -0.01459395
v 0.04407697 0.02099996 -0.02800500
v 0.03442198 0.02099996 -0.03914797
v 0.02201896 0.02099996 -0.04711896
v 0.00787199 0.02099996 -0.05127298
v -0.00687200 0.02099996 -0.05127298
v -0.02101796 0.02099996 -0.04711896
v -0.03342199 0.02099996 -0.03914797
v -0.04307699 0.02099996 -0.02800500
v -0.04920196 0.02099996 -0.01459395
v -0.03342199 0.02099996 0.03914797
v -0.03342199 0.02120000 0.03914797
v -0.02101796 0.02099996 0.04711896
v -0.02101796 0.02120000 0.04711896
v -0.03355300 0.02139997 0.03929895
v -0.03342199 0.02120000 0.03914797
v -0.02110195 0.02139997 0.04730099
v -0.02101796 0.02120000 0.04711896
v -0.00690097 0.02139997 0.05147099
v -0.00687200 0.02120000 0.05127298
v -0.00687200 0.02099996 0.05127298
v -0.00687200 0.02120000 0.05127298
v 0.00790095 0.02139997 0.05147099
v 0.00787199 0.02120000 0.05127298
v 0.00787199 0.02099996 0.05127298
v 0.00787199 0.02120000 0.05127298
v 0.02201896 0.02099996 0.04711896
v 0.02201896 0.02120000 0.04711896
v 0.03442198 0.02099996 0.03914797
v 0.03442198 0.02120000 0.03914797
v 0.02210199 0.02139997 0.04730099
v 0.02201896 0.02120000 0.04711896
v 0.03455299 0.02139997 0.03929895
v 0.03442198 0.02120000 0.03914797
v 0.04424500 0.02139997 0.02811294
v 0.04407697 0.02120000 0.02800500
v 0.04407697 0.02099996 0.02800500
v 0.04407697 0.02120000 0.02800500
v 0.05020195 0.02099996 0.01459395
v 0.05020195 0.02120000 0.01459395
v 0.05039399 0.02139997 0.01464998
v 0.05020195 0.02120000 0.01459395
v 0.05249994 0.02139997 -0.00000000
v 0.05229997 0.02120000 -0.00000000
v 0.05229997 0.02099996 -0.00000000
v 0.05229997 0.02120000 -0.00000000
v 0.05020195 0.02099996 -0.01459395
v 0.05020195 0.02120000 -0.01459395
v 0.05039399 0.02139997 -0.01464998
v 0.05020195 0.02120000 -0.01459395
v 0.04424500 0.02139997 -0.02811294
v 0.04407697 0.02120000 -0.02800500
v 0.04407697 0.02099996 -0.02800500
v 0.04407697 0.02120000 -0.02800500
v 0.03442198 0.02099996 -0.03914797
v 0.03442198 0.02120000 -0.03914797
v 0.03455299 0.02139997 -0.03929895
v 0.03442198 0.02120000 -0.03914797
v 0.02210199 0.02139997 -0.04730099
v 0.02201896 0.02120000 -0.04711896
v 0.00790095 0.02139997 -0.05147099
v 0.00787199 0.02120000 -0.05127298
v 0.02201896 0.02099996 -0.04711896
v 0.02201896 0.02120000 -0.04711896
v 0.00787199 0.02099996 -0.05127298
v 0.00787199 0.02120000 -0.05127298
v -0.00687200 0.02099996 -0.05127298
v -0.00687200 0.02120000 -0.05127298
v -0.02101796 0.02099996 -0.04711896
v -0.02101796 0.02120000 -0.04711896
v -0.03342199 0.02099996 -0.03914797
v -0.03342199 0.02120000 -0.03914797
v -0.04307699 0.02099996 -0.02800500
v -0.04307699 0.02120000 -0.02800500
v -0.02110195 0.02139997 -0.04730099
v -0.03355300 0.02139997 -0.03929895
v -0.03342199 0.02120000 -0.03914797
v -0.02101796 0.02120000 -0.04711896
v -0.04324495 0.02139997 -0.02811294
v -0.04307699 0.02120000 -0.02800500
v -0.04920196 0.02099996 -0.01459395
v -0.04920196 0.02120000 -0.01459395
v -0.05129998 0.02120000 -0.00000000
v -0.05129998 0.02099996 -0.00000000
v -0.00690097 0.02139997 -0.05147099
v -0.00687200 0.02120000 -0.05127298
v -0.05078500 -0.03359997 -0.01505899
v -0.05294996 -0.03359997 0.00000000
v -0.05294996 -0.00769997 0.00000000
v -0.05078500 -0.00769997 -0.01505899
v 0.05394995 -0.00769997 0.00000000
v 0.05178499 -0.00769997 -0.01505899
v 0.04546499 -0.00769997 -0.02889698
v 0.03550195 -0.00769997 -0.04039496
v 0.02270400 -0.00769997 -0.04861998
v 0.00810695 -0.00769997 -0.05290597
v -0.00710696 -0.00769997 -0.05290597
v -0.02170395 -0.00769997 -0.04861998
v -0.03450196 -0.00769997 -0.04039496
v -0.04446500 -0.00769997 -0.02889698
v -0.05078500 -0.00769997 -0.01505899
v -0.05294996 -0.00769997 0.00000000
v -0.05078500 -0.00769996 0.01505899
v -0.04446500 -0.00769996 0.02889698
v -0.03450196 -0.00769996 0.04039496
v -0.02170395 -0.00769996 0.04861998
v -0.00710696 -0.00769996 0.05290597
v 0.00810695 -0.00769996 0.05290597
v 0.02270400 -0.00769996 0.04861998
v 0.03550195 -0.00769996 0.04039496
v 0.04546499 -0.00769996 0.02889698
v 0.05178499 -0.00769996 0.01505899
v -0.05078500 -0.00769996 0.01505899
v -0.05294996 -0.00769997 0.00000000
v -0.05294996 -0.03359997 0.00000000
v -0.05078500 -0.03359997 0.01505899
v -0.05078500 -0.03359997 0.01505899
v -0.05294996 -0.03359997 0.00000000
v -0.05194997 -0.03459995 0.00000000
v -0.04982495 -0.03459995 0.01477700
v -0.04982495 -0.03459995 -0.01477700
v -0.05194997 -0.03459995 0.00000000
v -0.05294996 -0.03359997 0.00000000
v -0.05078500 -0.03359997 -0.01505899
v -0.05194997 -0.03459995 0.00000000
v -0.04982495 -0.03459995 -0.01477700
v -0.04362398 -0.03459995 -0.02835696
v -0.03384697 -0.03459995 -0.03963899
v -0.02128899 -0.03459995 -0.04771000
v -0.00696498 -0.03459995 -0.05191600
v 0.00796497 -0.03459995 -0.05191600
v 0.02228897 -0.03459995 -0.04771000
v 0.03484797 -0.03459995 -0.03963899
v 0.04462397 -0.03459995 -0.02835696
v 0.05082499 -0.03459995 -0.01477700
v 0.05294996 -0.03459995 0.00000000
v 0.05082499 -0.03459995 0.01477700
v 0.04462397 -0.03459995 0.02835696
v 0.03484797 -0.03459995 0.03963899
v 0.02228897 -0.03459995 0.04771000
v 0.00796497 -0.03459994 0.05191600
v -0.00696498 -0.03459994 0.05191600
v -0.02128797 -0.03459995 0.04771000
v -0.03384697 -0.03459995 0.03963899
v -0.04362398 -0.03459995 0.02835696
v -0.04982495 -0.03459995 0.01477700
v -0.04446500 -0.03359997 -0.02889698
v -0.04362398 -0.03459995 -0.02835696
v -0.03450196 -0.03359997 -0.04039496
v -0.03384697 -0.03459995 -0.03963899
v -0.04446500 -0.03359997 -0.02889698
v -0.04446500 -0.00769997 -0.02889698
v -0.03450196 -0.03359997 -0.04039496
v -0.03450196 -0.00769997 -0.04039496
v -0.02170395 -0.03359997 -0.04861998
v -0.02170395 -0.00769997 -0.04861998
v -0.02170395 -0.03359997 -0.04861998
v -0.02128899 -0.03459995 -0.04771000
v -0.00710696 -0.03359997 -0.05290597
v -0.00710696 -0.00769997 -0.05290597
v -0.00710696 -0.03359997 -0.05290597
v -0.00696498 -0.03459995 -0.05191600
v 0.00810695 -0.03359997 -0.05290597
v 0.00796497 -0.03459995 -0.05191600
v 0.02270400 -0.03359997 -0.04861998
v 0.02228897 -0.03459995 -0.04771000
v 0.00810695 -0.03359997 -0.05290597
v 0.00810695 -0.00769997 -0.05290597
v 0.02270400 -0.03359997 -0.04861998
v 0.02270400 -0.00769997 -0.04861998
v 0.03550195 -0.03359997 -0.04039496
v 0.03550195 -0.00769997 -0.04039496
v 0.03550195 -0.03359997 -0.04039496
v 0.03484797 -0.03459995 -0.03963899
v 0.04546499 -0.03359997 -0.02889698
v 0.04546499 -0.00769997 -0.02889698
v 0.04546499 -0.03359997 -0.02889698
v 0.04462397 -0.03459995 -0.02835696
v 0.05178499 -0.03359997 -0.01505899
v 0.05178499 -0.00769997 -0.01505899
v 0.05394995 -0.00769997 0.00000000
v 0.05394995 -0.03359997 0.00000000
v 0.05178499 -0.03359997 -0.01505899
v 0.05394995 -0.03359997 0.00000000
v 0.05294996 -0.03459995 0.00000000
v 0.05082499 -0.03459995 -0.01477700
v 0.05178499 -0.03359997 0.01505899
v 0.05394995 -0.03359997 0.00000000
v 0.05394995 -0.00769997 0.00000000
v 0.05178499 -0.00769996 0.01505899
v 0.05178499 -0.03359997 0.01505899
v 0.05082499 -0.03459995 0.01477700
v 0.04546499 -0.03359997 0.02889698
v 0.04462397 -0.03459995 0.02835696
v 0.03550195 -0.03359997 0.04039496
v 0.03484797 -0.03459995 0.03963899
v 0.03550195 -0.03359997 0.04039496
v 0.04546499 -0.03359997 0.02889698
v 0.04546499 -0.00769996 0.02889698
v 0.03550195 -0.00769996 0.04039496
v 0.02270400 -0.03359997 0.04861998
v 0.02270400 -0.00769996 0.04861998
v 0.00810695 -0.03359997 0.05290597
v 0.00810695 -0.00769996 0.05290597
v 0.02270400 -0.03359997 0.04861998
v 0.00810695 -0.03359997 0.05290597
v 0.00796497 -0.03459994 0.05191600
v 0.02228897 -0.03459995 0.04771000
v -0.00710696 -0.03359997 0.05290597
v -0.00696498 -0.03459994 0.05191600
v -0.02170395 -0.03359997 0.04861998
v -0.02128797 -0.03459995 0.04771000
v -0.02170395 -0.03359997 0.04861998
v -0.00710696 -0.03359997 0.05290597
v -0.00710696 -0.00769996 0.05290597
v -0.02170395 -0.00769996 0.04861998
v -0.03450196 -0.03359997 0.04039496
v -0.03450196 -0.00769996 0.04039496
v -0.04446500 -0.03359997 0.02889698
v -0.04446500 -0.00769996 0.02889698
v -0.03450196 -0.03359997 0.04039496
v -0.04446500 -0.03359997 0.02889698
v -0.04362398 -0.03459995 0.02835696
v -0.03384697 -0.03459995 0.03963899
v -0.01487499 -0.00769996 0.05177295
v 0.00033500 -0.00769996 0.05400794
v 0.00031300 -0.00569999 0.06099998
v -0.01686495 -0.00569999 0.05847597
v 0.00033500 -0.00769996 0.05400794
v -0.01487499 -0.00769996 0.05177295
v -0.02883797 -0.00769996 0.04534494
v -0.04042398 -0.00769996 0.03524196
v -0.04869598 -0.00769996 0.02228498
v -0.05298095 -0.00769997 0.00752300
v -0.05293399 -0.00769997 -0.00784999
v -0.04855799 -0.00769997 -0.02258598
v -0.04020798 -0.00769997 -0.03549200
v -0.02855998 -0.00769997 -0.04552298
v -0.01455700 -0.00769997 -0.05186599
v 0.00066500 -0.00769997 -0.05400794
v 0.01587498 -0.00769997 -0.05177295
v 0.02983796 -0.00769997 -0.04534494
v 0.04142397 -0.00769997 -0.03524196
v 0.04969596 -0.00769997 -0.02228498
v 0.05398094 -0.00769997 -0.00752300
v 0.05393397 -0.00769997 0.00784999
v 0.04955798 -0.00769996 0.02258598
v 0.04120796 -0.00769996 0.03549200
v 0.02955996 -0.00769996 0.04552298
v 0.01555699 -0.00769996 0.05186599
v 0.01750695 -0.00569999 0.05858099
v 0.00031300 -0.00569999 0.06099998
v 0.00033500 -0.00769996 0.05400794
v 0.01555699 -0.00769996 0.05186599
v 0.01750695 0.00329996 0.05858099
v 0.00031300 0.00329996 0.06099998
v 0.00031300 -0.00569999 0.06099998
v 0.01750695 -0.00569999 0.05858099
v -0.01686495 -0.00569999 0.05847597
v 0.00031300 -0.00569999 0.06099998
v 0.00031300 0.00329996 0.06099998
v -0.01686495 0.00329996 0.05847597
v -0.01686495 0.00329996 0.05847597
v 0.00031300 0.00329996 0.06099998
v 0.00033500 0.00529999 0.05400794
v -0.01487499 0.00529999 0.05177295
v 0.01555699 0.00529999 0.05186599
v 0.00033500 0.00529999 0.05400794
v 0.00031300 0.00329996 0.06099998
v 0.01750695 0.00329996 0.05858099
v 0.03332197 -0.00569999 0.05141699
v 0.03332197 0.00329995 0.05141699
v 0.03332197 0.00329995 0.05141699
v 0.02955996 0.00529999 0.04552298
v 0.04647797 0.00329995 0.04008799
v 0.04120796 0.00529999 0.03549200
v 0.04647797 -0.00569999 0.04008799
v 0.04647797 0.00329995 0.04008799
v 0.02955996 -0.00769996 0.04552298
v 0.03332197 -0.00569999 0.05141699
v 0.04120796 -0.00769996 0.03549200
v 0.04647797 -0.00569999 0.04008799
v 0.04955798 -0.00769996 0.02258598
v 0.05590999 -0.00569999 0.02550995
v 0.05590999 -0.00569999 0.02550995
v 0.05590999 0.00329995 0.02550995
v 0.05393397 -0.00769997 0.00784999
v 0.06085199 -0.00569999 0.00886595
v 0.06085199 -0.00569999 0.00886595
v 0.06085199 0.00329995 0.00886595
v 0.05590999 0.00329995 0.02550995
v 0.04955798 0.00529999 0.02258598
v 0.06085199 0.00329995 0.00886595
v 0.05393397 0.00529999 0.00784999
v 0.06090497 -0.00569999 -0.00849700
v 0.06090497 0.00329995 -0.00849700
v 0.06090497 0.00329995 -0.00849700
v 0.05398094 0.00529998 -0.00752300
v 0.00033500 0.00529999 0.05400794
v 0.01555699 0.00529999 0.05186599
v 0.02955996 0.00529999 0.04552298
v 0.04120796 0.00529999 0.03549200
v 0.04955798 0.00529999 0.02258598
v 0.05393397 0.00529999 0.00784999
v 0.05398094 0.00529998 -0.00752300
v 0.04969596 0.00529998 -0.02228498
v 0.04142397 0.00529998 -0.03524196
v 0.02983796 0.00529998 -0.04534494
v 0.01587498 0.00529998 -0.05177295
v 0.00066500 0.00529998 -0.05400794
v -0.01455700 0.00529998 -0.05186599
v -0.02855998 0.00529998 -0.04552298
v -0.04020798 0.00529998 -0.03549200
v -0.04855799 0.00529998 -0.02258598
v -0.05293399 0.00529998 -0.00784999
v -0.05298095 0.00529999 0.00752300
v -0.04869598 0.00529999 0.02228498
v -0.04042398 0.00529999 0.03524196
v -0.02883797 0.00529999 0.04534494
v -0.01487499 0.00529999 0.05177295
v 0.05606496 0.00329995 -0.02516996
v 0.04969596 0.00529998 -0.02228498
v 0.04672294 0.00329995 -0.03980499
v 0.04142397 0.00529998 -0.03524196
v 0.05606496 -0.00569999 -0.02516996
v 0.05606496 0.00329995 -0.02516996
v 0.04672294 -0.00570000 -0.03980499
v 0.04672294 0.00329995 -0.03980499
v 0.05398094 -0.00769997 -0.00752300
v 0.04969596 -0.00769997 -0.02228498
v 0.05606496 -0.00569999 -0.02516996
v 0.06090497 -0.00569999 -0.00849700
v 0.04142397 -0.00769997 -0.03524196
v 0.04672294 -0.00570000 -0.03980499
v 0.02983796 -0.00769997 -0.04534494
v 0.03363597 -0.00570000 -0.05121499
v 0.03363597 -0.00570000 -0.05121499
v 0.03363597 0.00329995 -0.05121499
v 0.01587498 -0.00769997 -0.05177295
v 0.01786500 -0.00570000 -0.05847597
v 0.01786500 -0.00570000 -0.05847597
v 0.01786500 0.00329995 -0.05847597
v 0.03363597 0.00329995 -0.05121499
v 0.02983796 0.00529998 -0.04534494
v 0.01786500 0.00329995 -0.05847597
v 0.01587498 0.00529998 -0.05177295
v 0.00068700 0.00329995 -0.06099998
v 0.00066500 0.00529998 -0.05400794
v 0.00068700 -0.00570000 -0.06099998
v 0.00068700 0.00329995 -0.06099998
v -0.01650696 0.00329995 -0.05858099
v -0.01455700 0.00529998 -0.05186599
v -0.01650696 -0.00570000 -0.05858099
v -0.01650696 0.00329995 -0.05858099
v 0.00066500 -0.00769997 -0.05400794
v 0.00068700 -0.00570000 -0.06099998
v -0.01455700 -0.00769997 -0.05186599
v -0.01650696 -0.00570000 -0.05858099
v -0.02855998 -0.00769997 -0.04552298
v -0.03232198 -0.00570000 -0.05141699
v -0.03232198 -0.00570000 -0.05141699
v -0.03232198 0.00329995 -0.05141699
v -0.04020798 -0.00769997 -0.03549200
v -0.04547798 -0.00570000 -0.04008698
v -0.04547798 -0.00570000 -0.04008698
v -0.04547798 0.00329995 -0.04008698
v -0.03232198 0.00329995 -0.05141699
v -0.02855998 0.00529998 -0.04552298
v -0.04547798 0.00329995 -0.04008698
v -0.04020798 0.00529998 -0.03549200
v -0.05491000 0.00329995 -0.02550995
v -0.04855799 0.00529998 -0.02258598
v -0.05491000 -0.00569999 -0.02550995
v -0.05491000 0.00329995 -0.02550995
v -0.05985200 0.00329995 -0.00886595
v -0.05293399 0.00529998 -0.00784999
v -0.05985200 -0.00569999 -0.00886595
v -0.05985200 0.00329995 -0.00886595
v -0.04855799 -0.00769997 -0.02258598
v -0.05491000 -0.00569999 -0.02550995
v -0.05293399 -0.00769997 -0.00784999
v -0.05985200 -0.00569999 -0.00886595
v -0.05298095 -0.00769997 0.00752300
v -0.05990499 -0.00569999 0.00849700
v -0.05990499 -0.00569999 0.00849700
v -0.05990499 0.00329995 0.00849700
v -0.04869598 -0.00769996 0.02228498
v -0.05506497 -0.00569999 0.02516996
v -0.05506497 -0.00569999 0.02516996
v -0.05506497 0.00329995 0.02516996
v -0.05990499 0.00329995 0.00849700
v -0.05298095 0.00529999 0.00752300
v -0.05506497 0.00329995 0.02516996
v -0.04869598 0.00529999 0.02228498
v -0.04572296 0.00329995 0.03980499
v -0.04042398 0.00529999 0.03524196
v -0.04572296 -0.00569999 0.03980499
v -0.04572296 0.00329995 0.03980499
v -0.03263598 0.00329995 0.05121499
v -0.02883797 0.00529999 0.04534494
v -0.03263598 -0.00569999 0.05121499
v -0.03263598 0.00329995 0.05121499
v -0.04042398 -0.00769996 0.03524196
v -0.04572296 -0.00569999 0.03980499
v -0.02883797 -0.00769996 0.04534494
v -0.03263598 -0.00569999 0.05121499
vt 0.95202398 1.00000000
vt 1.00000000 1.00000000
vt 1.00000000 0.00000000
vt 0.95202398 0.00000000
vt 0.52739900 0.02739900
vt 0.65943599 0.05426198
vt 0.77855700 0.11723600
vt 0.87511098 0.21121900
vt 0.94127500 0.32859799
vt 0.97169000 0.45986199
vt 0.96389103 0.59437799
vt 0.91851097 0.72124797
vt 0.83922601 0.83019501
vt 0.73245800 0.91238999
vt 0.60685802 0.96117699
vt 0.47260100 0.97260100
vt 0.34056401 0.94573802
vt 0.22144289 0.88276398
vt 0.12488900 0.78878099
vt 0.05872499 0.67140198
vt 0.02831000 0.54013801
vt 0.03610897 0.40562201
vt 0.08148896 0.27875200
vt 0.16077401 0.16980501
vt 0.26754200 0.08761000
vt 0.39314201 0.03882294
vt 0.04797595 0.00000000
vt 0.00000000 0.00000000
vt 0.00000000 1.00000000
vt 0.04797595 1.00000000
vt 0.04797595 1.00000000
vt 0.00000000 1.00000000
vt 1.00000000 1.00000000
vt 0.95202398 1.00000000
vt 0.90744400 0.00000000
vt 0.90744400 1.00000000
vt 0.90744400 1.00000000
vt 0.86422199 0.00000000
vt 0.86422199 1.00000000
vt 0.86422199 1.00000000
vt 0.54797602 0.00000000
vt 0.59255600 0.00000000
vt 0.59255600 1.00000000
vt 0.54797602 1.00000000
vt 0.63577801 0.00000000
vt 0.63577801 1.00000000
vt 0.82055300 0.00000000
vt 0.82055300 1.00000000
vt 0.67944700 0.00000000
vt 0.67944700 1.00000000
vt 0.00000000 0.50000000
vt 0.02025300 0.35913399
vt 0.07937300 0.22968000
vt 0.17257001 0.12212500
vt 0.29229301 0.04518395
vt 0.42884299 0.00508898
vt 0.57115698 0.00508898
vt 0.70770699 0.04518395
vt 0.82743001 0.12212500
vt 0.92062700 0.22968000
vt 0.97974700 0.35913399
vt 1.00000000 0.50000000
vt 0.97974700 0.64086598
vt 0.92062700 0.77032000
vt 0.82743001 0.87787497
vt 0.70770699 0.95481598
vt 0.57115698 0.99491102
vt 0.42884299 0.99491102
vt 0.29229301 0.95481598
vt 0.17257001 0.87787497
vt 0.07937300 0.77032000
vt 0.02025300 0.64086598
vt 0.72544098 0.00000000
vt 0.72544098 1.00000000
vt 0.77455902 0.00000000
vt 0.77455902 1.00000000
vt 0.82055300 0.00000000
vt 0.82055300 1.00000000
vt 0.86422199 0.00000000
vt 0.86422199 1.00000000
vt 0.90744400 0.00000000
vt 0.90744400 1.00000000
vt 0.95202398 0.00000000
vt 0.95202398 1.00000000
vt 0.54797602 0.00000000
vt 0.59255600 0.00000000
vt 0.59255600 1.00000000
vt 0.54797602 1.00000000
vt 0.63577801 0.00000000
vt 0.63577801 1.00000000
vt 1.00000000 0.00000000
vt 1.00000000 1.00000000
vt 0.50000000 0.00000000
vt 0.50000000 1.00000000
vt 0.50000000 1.00000000
vt 0.54797602 1.00000000
vt 0.59255600 1.00000000
vt 0.45202401 0.00000000
vt 0.45202401 1.00000000
vt 0.40744400 0.00000000
vt 0.40744400 1.00000000
vt 0.45202401 1.00000000
vt 0.40744400 1.00000000
vt 0.36422199 0.00000000
vt 0.36422199 1.00000000
vt 0.36422199 1.00000000
vt 0.32055300 0.00000000
vt 0.32055300 1.00000000
vt 0.32055300 1.00000000
vt 0.27455899 0.00000000
vt 0.27455899 1.00000000
vt 0.22544099 0.00000000
vt 0.22544099 1.00000000
vt 0.27455899 1.00000000
vt 0.22544099 1.00000000
vt 0.17944691 0.00000000
vt 0.22544099 0.00000000
vt 0.22544099 1.00000000
vt 0.17944691 1.00000000
vt 0.27455899 0.00000000
vt 0.27455899 1.00000000
vt 0.13577799 0.00000000
vt 0.13577799 1.00000000
vt 0.09255599 0.00000000
vt 0.09255599 1.00000000
vt 0.04797595 0.00000000
vt 0.04797595 1.00000000
vt 0.00000000 1.00000000
vt 0.00000000 0.00000000
vt 0.32055300 0.00000000
vt 0.32055300 1.00000000
vt 0.17944691 0.00000000
vt 0.17944691 1.00000000
vt 0.36422199 0.00000000
vt 0.36422199 1.00000000
vt 0.40744400 0.00000000
vt 0.40744400 1.00000000
vt 0.09255599 0.00000000
vt 0.13577799 0.00000000
vt 0.13577799 1.00000000
vt 0.09255599 1.00000000
vt 0.45202401 0.00000000
vt 0.45202401 1.00000000
vt 0.09255599 1.00000000
vt 0.13577799 1.00000000
vt 0.17944691 1.00000000
vt 0.50000000 0.00000000
vt 0.50000000 1.00000000
vt 0.63577801 1.00000000
vt 0.67944700 0.00000000
vt 0.67944700 1.00000000
vt 0.72544098 0.00000000
vt 0.72544098 1.00000000
vt 0.77455902 0.00000000
vt 0.77455902 1.00000000
vt 0.72544098 1.00000000
vt 0.67944700 1.00000000
vt 0.77455902 1.00000000
vt 0.82055300 1.00000000
vt 0.67368501 0.00000000
vt 1.00000000 0.00000000
vt 1.00000000 1.00000000
vt 0.67368501 1.00000000
vt 0.08719998 0.48178399
vt 0.10859100 0.35431099
vt 0.16186000 0.23752090
vt 0.24310200 0.13997900
vt 0.34635800 0.06883698
vt 0.46404901 0.02931499
vt 0.58755302 0.02430397
vt 0.70781797 0.05417597
vt 0.81602001 0.11674000
vt 0.90422398 0.20740999
vt 0.96596199 0.31953400
vt 0.99115002 0.41731301
vt 0.99941802 0.51821601
vt 0.97802800 0.64568901
vt 0.92475802 0.76247901
vt 0.84351701 0.86002100
vt 0.74026102 0.93116301
vt 0.62256902 0.97068501
vt 0.49906600 0.97569603
vt 0.37880000 0.94582403
vt 0.27059799 0.88326001
vt 0.18239400 0.79259002
vt 0.12065700 0.68046600
vt 0.11381100 0.67088997
vt 0.10336800 0.66604298
vt 0.09199398 0.66716099
vt 0.03952997 0.68715602
vt 0.03497695 0.68755299
vt 0.03086096 0.68547899
vt 0.02831697 0.68150502
vt 0.00818294 0.59880298
vt 0.00008900 0.51387799
vt 0.00118196 0.50923300
vt 0.00437295 0.50580901
vt 0.00878096 0.50455201
vt 0.06461197 0.50455201
vt 0.07566499 0.50152898
vt 0.08389496 0.49323401
vt 0.20144500 0.00000000
vt 0.00000000 0.00000000
vt 0.00000000 1.00000000
vt 0.20144500 1.00000000
vt 0.32631499 1.00000000
vt 0.00000000 1.00000000
vt 0.00000000 0.00000000
vt 0.32631499 0.00000000
vt 0.79855603 1.00000000
vt 1.00000000 1.00000000
vt 1.00000000 0.00000700
vt 0.80213302 0.00000700
vt 0.79855603 0.00000700
vt 0.39470699 0.00000000
vt 0.39470699 1.00000000
vt 0.60529399 1.00000000
vt 0.60528803 1.00000000
vt 0.61228698 0.00000700
vt 0.60529399 0.00000700
vt 0.58719200 0.00000000
vt 0.58719200 1.00000000
vt 0.41280901 1.00000000
vt 0.41280100 1.00000000
vt 0.42346099 0.00000700
vt 0.42237300 0.00000000
vt 0.42237300 0.75893599
vt 0.41280901 0.75893599
vt 0.78618699 0.00000000
vt 0.58721101 1.00000000
vt 0.78618699 1.00000000
vt 0.21381401 1.00000000
vt 0.21380401 1.00000000
vt 0.40880200 0.75893599
vt 0.39520001 0.75893599
vt 0.37242401 0.75893599
vt 0.34482199 0.75893599
vt 0.21381401 0.75893599
vt 1.00000000 0.17600890
vt 1.00000000 0.12429900
vt 1.00000000 0.00000000
vt 0.00309998 0.00000000
vt 0.00064900 0.17600890
vt 1.00000000 0.35201901
vt 0.00005200 0.25991401
vt 0.00010400 0.35201901
vt 1.00000000 0.64537603
vt 0.00059800 0.43942600
vt 0.00243497 0.59503001
vt 0.00342399 0.64537603
vt 0.00016700 0.20150200
vt 0.00017700 0.35147300
vt 0.00016900 0.40126300
vt 0.99977702 0.40126300
vt 0.99976802 0.29723999
vt 0.99979800 0.20150200
vt 0.00017600 0.52809101
vt 0.00017100 0.60045999
vt 0.99979502 0.60045999
vt 0.00017200 0.70455402
vt 0.00016500 0.80102497
vt 0.99978298 0.80102497
vt 0.99976498 0.66419297
vt 0.00737095 0.76292300
vt 0.00886196 0.79070902
vt 0.01080298 0.82032299
vt 0.01336395 0.85227197
vt 0.01671099 0.88710898
vt 0.02072495 0.92498201
vt 0.02431899 0.96400702
vt 0.02532297 0.98261100
vt 0.02553796 0.99146700
vt 0.02556896 0.99576801
vt 0.02556598 0.99788600
vt 0.02555894 0.99893397
vt 0.02555400 0.99945599
vt 0.02555197 0.99971700
vt 0.02555096 0.99984801
vt 0.02555298 0.99991697
vt 0.02555495 0.99995399
vt 0.02557200 0.99997401
vt 0.11891100 0.99999899
vt 1.00000000 0.99997997
vt 0.00017800 0.88203001
vt 0.00000000 0.99998999
vt 0.00017600 0.99998999
vt 1.00000000 0.99998999
vt 0.99997097 0.99999601
vt 0.99992198 0.99999899
vt 0.99983197 0.99998200
vt 0.99981600 0.99995500
vt 0.99979800 0.99989903
vt 0.99980402 0.99978900
vt 0.99980301 0.99956799
vt 0.99978399 0.99912602
vt 0.99978298 0.99824202
vt 0.99978298 0.99647403
vt 0.99978298 0.99293900
vt 0.99978298 0.98587000
vt 0.99978000 0.97174299
vt 0.99977303 0.94353402
vt 0.99982297 0.91526902
vt 0.99979901 0.88687098
vt 0.99978799 0.85834002
vt 0.99978697 0.82971501
vt 0.03306496 0.66462398
vt 0.03151798 0.72340202
vt 0.02631098 0.81434101
vt 0.99980998 0.81434101
vt 0.99997801 0.74253398
vt 0.99962801 0.66462398
vt 0.01753795 0.90778202
vt 0.01432496 1.00000000
vt 0.99736297 1.00000000
vt 0.99765903 0.93521899
vt 1.00000000 1.00000000
vt 0.99977899 0.00000500
vt 0.00038400 0.00000000
vt 0.00020800 0.00000000
vt 0.00000000 0.99999797
vt 0.50978100 0.99368602
vt 0.46439201 0.99443799
vt 0.00000000 1.00000000
vt 0.00000000 0.59153903
vt 0.50978100 0.58759201
vt 0.99995703 0.50068301
vt 0.99995500 0.30010599
vt 1.00000000 0.00000000
vt 0.00348794 0.00000000
vt 0.00347495 0.50068301
vt 0.00000000 0.00001500
vt 0.00003000 1.00000000
vt 0.99336100 0.99961299
vt 0.99999797 0.00000000
vt 0.99349397 0.00000000
vt 0.00001800 0.00001100
vt 0.00000300 0.25547501
vt 0.00001200 0.97147900
vt 0.00001500 0.99790102
vt 0.00001500 1.00000000
vt 0.99998802 1.00000000
vt 0.99994898 0.74182701
vt 0.68190002 0.58613098
vt 0.78507000 0.54442698
vt 0.89084703 0.40228799
vt 1.00000000 0.00000000
vt 1.00000000 0.36988601
vt 0.97618902 0.67496699
vt 0.94392502 0.90354401
vt 0.91143602 0.98474699
vt 0.00014100 0.66662800
vt 0.00014600 1.00000000
vt 0.99866003 1.00000000
vt 0.99868900 0.66662800
vt 0.00011500 0.33284700
vt 0.99869800 0.55284101
vt 0.99865901 0.33284700
vt 0.99866700 0.21576890
vt 0.99873102 0.01559394
vt 0.99866199 0.00000000
vt 0.00014800 0.00126499
vt 0.04618096 0.49999201
vt 0.07321095 0.40773800
vt 0.12517799 0.26290599
vt 0.33106700 0.26290599
vt 0.33106700 0.49999201
vt 0.00276899 0.73708099
vt 0.33106700 0.73708099
vt 0.33106700 1.00000000
vt 0.00580299 1.00000000
vt 0.00007400 0.76730502
vt 1.00000000 0.00000000
vt 0.26887700 0.00000000
vt 0.15336201 0.13411300
vt 0.05105894 0.50943100
vt 0.00197196 0.80304003
vt 0.00000000 1.00000000
vt 0.22737899 1.00000000
vt 0.23222300 0.99065500
vt 0.40042999 0.72210300
vt 1.00000000 0.72210300
vt 0.76760900 1.00000000
vt 0.38380700 1.00000000
vt 0.00000000 1.00000000
vt 0.00000000 0.82857102
vt 0.24825899 0.79027700
vt 0.47803199 0.67824501
vt 0.67220998 0.50081700
vt 0.81633401 0.27120599
vt 0.89373302 0.03666198
vt 0.90200597 0.01773595
vt 0.91676199 0.00466198
vt 0.93510902 0.00000000
vt 1.00000000 0.00000000
vt 0.88009602 0.31399399
vt 0.79538101 0.64985102
vt 0.66349000 1.00000000
vt 0.66349000 0.73708099
vt 0.99969202 0.73708099
vt 0.99948299 1.00000000
vt 0.50000000 0.34108099
vt 0.50000000 0.00000000
vt 0.00000000 0.00000000
vt 0.00000000 0.34108099
vt 1.00000000 0.65869600
vt 1.00000000 0.65893698
vt 1.00000000 1.00000000
vt 0.75220400 1.00000000
vt 0.74931699 1.00000000
vt 0.74931699 0.65869600
vt 0.99985301 0.49999201
vt 0.99969500 0.73425901
vt 0.66349000 0.49999201
vt 0.50046498 1.00000000
vt 0.49935701 1.00000000
vt 0.49935701 0.65869600
vt 0.49935701 0.34131199
vt 0.74931699 0.34131199
vt 1.00000000 0.34131199
vt 0.50000000 0.65891898
vt 0.00000000 0.34132299
vt 0.00000000 0.65872502
vt 0.00000000 0.65891898
vt 0.74931699 0.00005700
vt 1.00000000 0.00005700
vt 1.00000000 0.34111801
vt 0.00000000 1.00000000
vt 0.50000000 1.00000000
vt 1.00000000 1.00000000
vt 1.00000000 0.65891898
vt 1.00000000 0.34108099
vt 0.99999899 0.00000000
vt 0.50000000 0.00000000
vt 0.50000000 0.34108099
vt 0.50000000 0.65891898
vt 0.00000000 0.65891898
vt 0.00000000 0.65872502
vt 0.00000000 0.34132299
vt 0.00000000 0.34108099
vt 0.00000000 0.00000000
vt 1.00000000 0.00000000
vt 0.93510902 0.00000000
vt 0.91676199 0.00466198
vt 0.90200597 0.01773595
vt 0.89373302 0.03666198
vt 0.81633401 0.27120599
vt 0.67220998 0.50081700
vt 0.47803199 0.67824501
vt 0.24825899 0.79027700
vt 0.38380700 1.00000000
vt 0.76760900 1.00000000
vt 0.79538101 0.64985102
vt 0.88009602 0.31399399
vt 0.74931699 0.65869600
vt 0.74931699 1.00000000
vt 0.75220400 1.00000000
vt 1.00000000 1.00000000
vt 1.00000000 0.65893698
vt 1.00000000 0.65869600
vt 0.66349000 0.73708099
vt 0.66349000 1.00000000
vt 0.99948299 1.00000000
vt 0.99969202 0.73708099
vt 0.33106700 0.73708099
vt 0.33106700 1.00000000
vt 0.66349000 0.49999201
vt 0.99969500 0.73425901
vt 0.99985301 0.49999201
vt 0.33106700 0.49999201
vt 0.04618096 0.49999201
vt 0.00276899 0.73708099
vt 0.00007400 0.76730502
vt 0.00580299 1.00000000
vt 0.00011500 0.33284700
vt 0.00014800 0.00126499
vt 0.99866199 0.00000000
vt 0.99873102 0.01559394
vt 0.99866700 0.21576890
vt 0.99865901 0.33284700
vt 1.00000000 0.72210300
vt 0.40042999 0.72210300
vt 0.23222300 0.99065500
vt 0.22737899 1.00000000
vt 0.00000000 1.00000000
vt 0.00197196 0.80304003
vt 0.05105894 0.50943100
vt 0.15336201 0.13411300
vt 0.26887700 0.00000000
vt 1.00000000 0.00000000
vt 0.50978100 0.99368602
vt 0.91143602 0.98474699
vt 0.94392502 0.90354401
vt 0.97618902 0.67496699
vt 1.00000000 0.36988601
vt 1.00000000 0.00000000
vt 0.89084703 0.40228799
vt 0.78507000 0.54442698
vt 0.68190002 0.58613098
vt 0.50978100 0.58759201
vt 0.99994999 0.66687900
vt 0.99995899 0.73496598
vt 0.99996102 1.00000000
vt 0.00008700 0.97257799
vt 0.00035800 0.66687900
vt 0.00054100 0.50000602
vt 0.00030700 0.73541099
vt 0.92936498 0.73541099
vt 0.94109899 0.67273301
vt 0.95117199 0.50000602
vt 0.00065700 0.26459900
vt 0.95462602 0.45668700
vt 0.97293198 0.26459900
vt 0.99995899 0.33320600
vt 0.99995601 0.36901301
vt 0.00008400 0.33320600
vt 0.97540498 0.24082001
vt 0.98741502 0.12616999
vt 0.99346900 0.06694298
vt 0.99737102 0.02744400
vt 0.99756801 0.02541500
vt 0.99761802 0.02489799
vt 0.99762303 0.02484595
vt 0.99762303 0.02484595
vt 0.99762303 0.02484595
vt 0.99762303 0.02484595
vt 0.99764103 0.02466398
vt 0.99850202 0.01573795
vt 1.00000000 0.00000000
vt 0.50090802 0.00000000
vt 0.00064100 0.00000000
vt 0.00008700 0.00000000
vt 0.99996102 0.00000000
vt 0.99996001 0.01978898
vt 0.99995798 0.03118395
vt 0.99995798 0.03141200
vt 0.99995798 0.03141796
vt 0.99995798 0.03141796
vt 0.99995798 0.03141796
vt 0.99995798 0.03142297
vt 0.99996001 0.03475695
vt 0.99995798 0.08662497
vt 0.99995297 0.16779891
vt 0.99995703 0.50068301
vt 0.99995500 1.00000000
vt 0.00347495 1.00000000
vt 0.00327599 0.55069500
vt 0.00347495 0.50068301
vt 0.00000000 0.59153903
vt 0.00000000 1.00000000
vt 0.46439201 0.99443799
vt 0.00348794 0.00000000
vt 1.00000000 0.00000000
vt 0.99995500 0.30010599
vt 0.49812800 0.50639802
vt 0.49812800 0.99811399
vt 0.99404502 0.99248701
vt 0.99801600 0.64820701
vt 0.99890000 0.50639802
vt 0.49812800 0.25319901
vt 0.99975199 0.29072499
vt 1.00000000 0.28013799
vt 0.99271297 0.25319901
vt 0.49812800 0.00000000
vt 0.03606796 0.00000000
vt 0.02847397 0.50639802
vt 0.00000000 0.99990100
vt 0.49812800 0.99811399
vt 0.49812800 0.50639802
vt 0.50090802 0.00000000
vt 1.00000000 0.00000000
vt 0.99850202 0.01573795
vt 0.99764103 0.02466398
vt 0.99762398 0.02484196
vt 0.99762303 0.02484595
vt 0.99762303 0.02484595
vt 0.99762303 0.02484595
vt 0.99761802 0.02489799
vt 0.99756801 0.02541500
vt 0.99737102 0.02744400
vt 0.99346900 0.06694298
vt 0.98741502 0.12616999
vt 0.97540498 0.24082001
vt 0.97293198 0.26459900
vt 0.99890000 0.50639802
vt 0.99801600 0.64820701
vt 0.99404502 0.99248701
vt 0.00347495 0.50068301
vt 0.00327599 0.55069500
vt 0.00347495 1.00000000
vt 0.99995500 1.00000000
vt 0.99995703 0.50068301
vt 0.99995899 0.33320600
vt 0.99995297 0.16779891
vt 0.99995798 0.08662497
vt 0.99996001 0.03475695
vt 0.99995798 0.03142297
vt 0.99995798 0.03142297
vt 0.99995798 0.03141796
vt 0.99995798 0.03141796
vt 0.99995798 0.03141796
vt 0.99995798 0.03141200
vt 0.99995798 0.03118395
vt 0.99996001 0.01978898
vt 0.00008700 0.00000000
vt 0.00008400 0.33320600
vt 0.99995500 0.30010599
vt 1.00000000 0.00000000
vt 0.00348794 0.00000000
vt 0.99271297 0.25319901
vt 1.00000000 0.28013799
vt 0.99975199 0.29072499
vt 0.49812800 0.25319901
vt 1.00000000 1.00000000
vt 0.99977899 0.00000500
vt 0.00038400 0.00000000
vt 0.00020800 0.00000000
vt 0.00000000 0.99999797
vt 0.00374395 0.50000000
vt 0.00479597 0.55570900
vt 0.00622100 0.61432701
vt 0.00825095 0.67715502
vt 0.01129996 0.74618697
vt 0.01602095 0.82442898
vt 0.02233397 0.91327900
vt 0.02479696 0.95846200
vt 0.02541500 0.97982502
vt 0.02553695 0.99004501
vt 0.02554994 0.99505299
vt 0.02554398 0.99752200
vt 0.02553695 0.99874598
vt 0.02553397 0.99935699
vt 0.02553194 0.99966300
vt 0.02553194 0.99981701
vt 0.02553397 0.99989998
vt 0.02553796 0.99996102
vt 0.02555197 0.99996299
vt 0.11889300 0.99999899
vt 1.00000000 0.99997097
vt 1.00000000 0.50000000
vt 0.00017500 0.49963000
vt 0.00016100 0.54045701
vt 0.00000000 0.99998701
vt 0.00017600 0.99998701
vt 1.00000000 0.99998701
vt 0.99997997 0.99999303
vt 0.99993801 0.99999702
vt 0.99984503 0.99998301
vt 0.99982101 0.99995399
vt 0.99980199 0.99989402
vt 0.99980003 0.99977499
vt 0.99980497 0.99953699
vt 0.99979001 0.99905998
vt 0.99978298 0.99810702
vt 0.99978298 0.99620098
vt 0.99978298 0.99238998
vt 0.99978298 0.98476899
vt 0.99977797 0.96953398
vt 0.99978101 0.93910199
vt 0.99980402 0.87822300
vt 0.99978697 0.81681001
vt 0.99978399 0.75508201
vt 0.99978399 0.69316697
vt 0.99976897 0.63119102
vt 0.99978203 0.56925100
vt 0.99978101 0.49963000
vt 0.01951396 0.45812500
vt 0.00325996 0.86461103
vt 0.00000000 1.00000000
vt 0.99732500 1.00000000
vt 0.99762499 0.90489298
vt 0.99937499 0.45812500
vt 0.99917400 0.42453799
vt 0.99113601 0.00000000
vt 0.01267498 0.00021600
vt 0.01979798 0.40192801
vt 0.99994999 0.50086600
vt 0.99994999 0.43268400
vt 0.99994600 0.21661501
vt 0.99994701 0.10578900
vt 0.99994701 0.10578900
vt 0.99994701 0.10578900
vt 0.99994701 0.10578900
vt 0.99994701 0.10578900
vt 0.99994701 0.10578700
vt 0.99994701 0.10493500
vt 0.99994898 0.10120900
vt 0.99994802 0.09418296
vt 0.99994802 0.08104997
vt 0.99994701 0.05381798
vt 0.99993002 0.00000000
vt 0.00018400 0.00000200
vt 0.00000000 0.43122500
vt 0.00003900 0.50086600
vt 0.00004700 0.97792399
vt 0.99994802 1.00000000
vt 0.99994802 0.75345600
vt 0.99995100 0.68102503
vt 0.99994898 0.67605299
vt 0.99994898 0.67605299
vt 0.99994898 0.67604703
vt 0.99994802 0.67587203
vt 0.99994802 0.67469198
vt 0.99994802 0.67234600
vt 0.99994898 0.65425402
vt 0.99994999 0.62175500
vt 0.99997997 0.97770000
vt 0.98742700 1.00000000
vt 0.00000000 0.97034299
vt 0.00000000 0.00000000
vt 0.03025597 0.27248499
vt 0.11261900 0.47119999
vt 0.16624001 0.52513897
vt 0.22519900 0.54504400
vt 0.98261398 0.56878698
vt 0.99991399 0.60218000
vt 0.98669899 0.50000000
vt 0.98852497 0.44039100
vt 0.99127001 0.33750999
vt 0.99195498 0.31010300
vt 0.99233299 0.29486001
vt 0.99238199 0.29288301
vt 0.99240601 0.29188901
vt 0.99241000 0.29174101
vt 0.99241000 0.29173601
vt 0.99241000 0.29173601
vt 0.99251300 0.28754601
vt 0.99402303 0.22619800
vt 1.00000000 0.00000000
vt 0.09628897 0.10779600
vt 0.03895598 0.50000000
vt 0.00001400 0.34092599
vt 0.00000000 0.00000900
vt 0.39419201 0.00000400
vt 0.72151601 0.00000400
vt 0.73124200 0.17831700
vt 0.75799298 0.34092599
vt 0.00001400 0.65907103
vt 0.00001400 0.65883499
vt 0.00001400 0.34117401
vt 0.85842699 0.65907103
vt 0.00000000 0.34117001
vt 0.00000000 0.00000300
vt 0.99998897 0.00000000
vt 0.99999499 0.34092200
vt 0.99999499 0.34117001
vt 0.99997801 0.65883499
vt 0.00000000 0.65883499
vt 0.00000000 0.34132600
vt 0.99997801 0.65907103
vt 0.99995500 1.00000000
vt 0.00000000 1.00000000
vt 1.00000000 1.00000000
vt 0.00001400 0.99999702
vt 0.27171201 0.04540497
vt 0.16742100 0.02219295
vt 0.03605794 0.00111794
vt 0.02333498 0.00063100
vt 0.01145499 0.00251800
vt 0.00304299 0.00637197
vt 0.00000000 0.01135200
vt 0.00000000 0.25567600
vt 0.00000000 0.50000000
vt 0.00000000 0.74432403
vt 0.00000000 0.98864800
vt 0.00304299 0.99362803
vt 0.01145499 0.99748200
vt 0.02333498 0.99936903
vt 0.03605794 0.99888200
vt 0.16742100 0.97780699
vt 0.27171201 0.95459503
vt 0.27171201 1.00000000
vt 0.30964199 0.99118602
vt 0.61310899 0.89359701
vt 0.83973402 0.76714402
vt 0.97289598 0.62110102
vt 1.00000000 0.50000000
vt 0.97289598 0.37889901
vt 0.83973998 0.23286000
vt 0.61312598 0.10641000
vt 0.30967301 0.00882095
vt 0.27171201 0.00000000
vt 1.00000000 0.12893590
vt 0.00000000 0.00000000
vt 0.00284499 0.43959501
vt 0.21381401 1.00000000
vt 0.21380401 1.00000000
vt 0.41280901 1.00000000
vt 0.41280901 0.00000000
vt 0.39093599 0.00000000
vt 0.37130001 0.00000000
vt 0.34482199 0.00000000
vt 0.21381401 0.00000000
vt 0.60529399 0.00000000
vt 0.41280100 1.00000000
vt 0.60529399 1.00000000
vt 0.78618699 0.00000000
vt 0.58719200 0.00000000
vt 0.58719200 1.00000000
vt 0.58721101 1.00000000
vt 0.78618699 1.00000000
vt 0.78621298 1.00000000
vt 0.99998802 1.00000000
vt 0.99998802 0.00000000
vt 0.39470699 0.00000000
vt 0.39470699 1.00000000
vt 0.20144500 0.00000000
vt 0.20144500 1.00000000
vt 0.79855603 0.00000000
vt 0.79855603 1.00000000
vt 1.00000000 1.00000000
vt 1.00000000 0.00000000
vt 0.00000000 0.00000000
vt 0.00000000 1.00000000
vt 0.50000000 1.00000000
vt 1.00000000 1.00000000
vt 1.00000000 0.00000000
vt 0.50000000 0.00000000
vt 0.00000000 0.00000000
vt 0.00000000 1.00000000
vt 0.79855502 0.00000000
vt 1.00000000 0.00000000
vt 1.00000000 1.00000000
vt 0.79855502 1.00000000
vt 0.60529202 1.00000000
vt 0.60529202 0.00000000
vt 0.41280699 1.00000000
vt 0.41280699 0.00000000
vt 0.21381190 0.00000000
vt 0.34479901 0.00000000
vt 0.37130001 0.00000000
vt 0.39091501 0.00000000
vt 0.21381190 1.00000000
vt 0.58719200 1.00000000
vt 0.39470699 1.00000000
vt 0.39470699 0.00000000
vt 0.58719200 0.00000000
vt 0.78618699 1.00000000
vt 0.78618801 1.00000000
vt 0.78618699 0.00000000
vt 0.21380401 1.00000000
vt 0.00000000 1.00000000
vt 0.00000000 0.00000000
vt 0.17804401 0.00000000
vt 0.99998802 0.00000000
vt 0.99998802 1.00000000
vt 0.78621298 1.00000000
vt 0.17804401 0.75893599
vt 0.00003500 0.75893599
vt 0.49812800 0.50639802
vt 0.49812800 0.25319901
vt 0.49812800 0.00000000
vt 0.03606796 0.00000000
vt 0.02847397 0.50639802
vt 0.49812800 0.00000000
vt 0.49812800 0.25319901
vt 0.49812800 0.50639802
vt 0.59504497 0.00000000
vt 0.95993000 0.00000000
vt 0.99271297 0.25319901
vt 1.00000000 0.28013799
vt 0.99975199 0.29072499
vt 0.99890000 0.50639802
vt 0.99801600 0.64820701
vt 0.99404502 0.99248701
vt 0.49812800 0.99811399
vt 0.00000000 0.99990100
vt 0.00065700 0.26459900
vt 0.00064100 0.00000000
vt 0.50090802 0.00000000
vt 1.00000000 0.00000000
vt 0.99850202 0.01573795
vt 0.99764103 0.02466398
vt 0.99762398 0.02484196
vt 0.99762303 0.02484595
vt 0.99762303 0.02484595
vt 0.99762303 0.02484595
vt 0.99761802 0.02489799
vt 0.99756801 0.02541500
vt 0.99737102 0.02744400
vt 0.99346900 0.06694298
vt 0.98741502 0.12616999
vt 0.97540498 0.24082001
vt 0.97293198 0.26459900
vt 0.99995899 0.33320600
vt 0.99995297 0.16779891
vt 0.99995798 0.08662497
vt 0.99996001 0.03475695
vt 0.99995798 0.03142297
vt 0.99995798 0.03142297
vt 0.99995798 0.03141796
vt 0.99995798 0.03141796
vt 0.99995798 0.03141796
vt 0.99995798 0.03141200
vt 0.99995798 0.03118395
vt 0.99996001 0.01978898
vt 0.99996102 0.00000000
vt 0.00008700 0.00000000
vt 0.00008400 0.33320600
vt 0.00327599 0.55069500
vt 0.00347495 1.00000000
vt 0.99995500 1.00000000
vt 0.00035800 0.66687900
vt 0.99994999 0.66687900
vt 0.99995601 0.36901301
vt 0.95462602 0.45668700
vt 0.95117199 0.50000602
vt 0.00054100 0.50000602
vt 0.00008700 0.97257799
vt 0.99996102 1.00000000
vt 0.99995899 0.73496598
vt 0.94109899 0.67273301
vt 0.92936498 0.73541099
vt 0.00030700 0.73541099
vt 0.95117199 0.50000602
vt 0.95462602 0.45668700
vt 0.97293198 0.26459900
vt 0.92936498 0.73541099
vt 0.94109899 0.67273301
vt 0.00000000 1.00000000
vt 0.91360098 1.00000000
vt 0.91571301 0.85882300
vt 0.91571301 0.85882300
vt 0.91360098 1.00000000
vt 0.00000000 1.00000000
vt 1.00000000 1.00000000
vt 1.00000000 0.00000000
vt 0.00000000 0.11107800
vt 0.65195101 1.00000000
vt 0.69815600 1.00000000
vt 0.99997401 1.00000000
vt 0.99997401 0.00000000
vt 0.65195101 0.00000000
vt 1.00000000 0.50000203
vt 0.00000000 0.50000298
vt 0.00000000 0.41887200
vt 0.00000000 0.00000000
vt 1.00000000 0.00000000
vt 0.00000000 0.00000000
vt 0.00000000 0.41887200
vt 0.00000000 0.50000298
vt 0.00000000 1.00000000
vt 0.65195101 0.00000000
vt 0.99997401 0.00000000
vt 0.99997401 1.00000000
vt 0.69815600 1.00000000
vt 0.65195101 1.00000000
vt 1.00000000 0.72210300
vt 0.40042999 0.72210300
vt 0.23222300 0.99065500
vt 0.22737899 1.00000000
vt 0.00000000 1.00000000
vt 0.00197196 0.80304003
vt 0.05105894 0.50943100
vt 0.15336201 0.13411300
vt 0.26887700 0.00000000
vt 1.00000000 0.00000000
vt 0.00000000 0.11107800
vt 1.00000000 0.00000000
vt 0.93510902 0.00000000
vt 0.91676199 0.00466198
vt 0.90200597 0.01773595
vt 0.89373302 0.03666198
vt 0.81633401 0.27120599
vt 0.67220998 0.50081700
vt 0.47803199 0.67824501
vt 0.24825899 0.79027700
vt 0.00000000 0.82857102
vt 0.00000000 1.00000000
vt 0.38380700 1.00000000
vt 0.76760900 1.00000000
vt 0.79538101 0.64985102
vt 0.88009602 0.31399399
vt 0.33106700 0.73708099
vt 0.00276899 0.73708099
vt 0.00007400 0.76730502
vt 0.00580299 1.00000000
vt 0.33106700 1.00000000
vt 0.00011500 0.33284700
vt 0.00014800 0.00126499
vt 0.99866199 0.00000000
vt 0.99873102 0.01559394
vt 0.99866700 0.21576890
vt 0.99865901 0.33284700
vt 0.33106700 0.49999201
vt 0.04618096 0.49999201
vt 0.33106700 0.26290599
vt 0.12517799 0.26290599
vt 0.07321095 0.40773800
vt 0.99869800 0.55284101
vt 0.99868900 0.66662800
vt 0.00014100 0.66662800
vt 0.33106700 0.00000000
vt 0.24201100 0.00000000
vt 0.23805200 0.01000797
vt 0.23406200 0.00000000
vt 0.23239490 0.00000000
vt 0.15236691 0.19490799
vt 0.66349000 0.26290599
vt 0.66349000 0.00000000
vt 0.61566001 0.00000000
vt 0.66349000 0.49999201
vt 0.00226396 0.50837499
vt 0.00351399 0.99350601
vt 0.03004300 1.00000000
vt 0.25531900 0.88398200
vt 0.75703001 0.50837499
vt 0.81259698 0.44491401
vt 1.00000000 0.00177699
vt 0.15298299 0.00000000
vt 0.00000000 0.30991000
vt 0.00232995 0.32972300
vt 0.99995399 0.26290599
vt 0.99995500 0.00000000
vt 0.24945000 0.65869600
vt 0.00000000 0.65869600
vt 0.00000000 0.65885103
vt 0.00000000 1.00000000
vt 0.24820100 1.00000000
vt 0.24945000 1.00000000
vt 0.99999499 0.34117001
vt 0.99999499 0.34092200
vt 0.99998897 0.00000000
vt 0.00000000 0.00000300
vt 0.00000000 0.34117001
vt 0.75799298 0.34092599
vt 0.73124200 0.17831700
vt 0.72151601 0.00000400
vt 0.39419201 0.00000400
vt 0.00000000 0.00000900
vt 0.00001400 0.34092599
vt 0.98669899 0.50000000
vt 0.97723901 0.71254098
vt 0.96806800 0.85073602
vt 0.96806800 0.85073602
vt 0.96806800 0.85073602
vt 0.96806800 0.85073602
vt 0.96806800 0.85073602
vt 0.96806800 0.85073900
vt 0.96798700 0.85191202
vt 0.96763200 0.85705602
vt 0.96696597 0.86682099
vt 0.96573102 0.88533199
vt 0.96332902 0.92436498
vt 0.96042502 0.99998099
vt 0.00000000 1.00000000
vt 0.03895598 0.50000000
vt 0.00003900 0.50086600
vt 0.00000000 0.43122500
vt 0.00018400 0.00000200
vt 0.99993002 0.00000000
vt 0.99994701 0.05381798
vt 0.99994802 0.08104997
vt 0.99994802 0.09418296
vt 0.99994898 0.10120900
vt 0.99994701 0.10493500
vt 0.99994701 0.10577900
vt 0.99994701 0.10578700
vt 0.99994701 0.10578900
vt 0.99994701 0.10578900
vt 0.99994701 0.10578900
vt 0.99994701 0.10578900
vt 0.99994600 0.21661501
vt 0.99994999 0.43268400
vt 0.99994999 0.50086600
vt 0.99999797 0.00000000
vt 0.99336100 0.99961299
vt 0.00003000 1.00000000
vt 0.00000000 0.00001500
vt 0.09628897 0.10779600
vt 1.00000000 0.00000000
vt 0.99402303 0.22619800
vt 0.99251300 0.28754601
vt 0.99241000 0.29173601
vt 0.99241000 0.29173601
vt 0.99241000 0.29174101
vt 0.99240601 0.29188901
vt 0.99238199 0.29288301
vt 0.99233299 0.29486001
vt 0.99195498 0.31010300
vt 0.99127001 0.33750999
vt 0.98852497 0.44039100
vt 0.99994999 0.62175500
vt 0.99994898 0.65425402
vt 0.99994802 0.67234600
vt 0.99994802 0.67469198
vt 0.99994802 0.67587203
vt 0.99994898 0.67604703
vt 0.99994898 0.67605299
vt 0.99994898 0.67605299
vt 0.99994898 0.67605299
vt 0.99995100 0.68102503
vt 0.99994802 0.75345600
vt 0.99994802 1.00000000
vt 0.00004700 0.97792399
vt 0.00000000 0.02965700
vt 0.98742700 0.00000000
vt 0.99997997 0.02230000
vt 0.99991399 0.39782000
vt 0.98261398 0.43121299
vt 0.22519900 0.45495600
vt 0.16624001 0.47486100
vt 0.11261900 0.52880001
vt 0.03025597 0.72751498
vt 0.00000000 1.00000000
vt 0.85842699 0.65907103
vt 0.00001400 0.34117401
vt 0.00001400 0.65883499
vt 0.00001400 0.65907103
vt 0.00001400 0.99999702
vt 1.00000000 1.00000000
vt 0.00000000 0.65883499
vt 0.00000000 1.00000000
vt 0.99995500 1.00000000
vt 0.99997801 0.65907103
vt 0.99997801 0.65883499
vt 0.24945000 0.34131199
vt 0.24945000 0.00005700
vt 0.00000000 0.00005700
vt 0.00000000 0.34131199
vt 0.49935701 0.34131199
vt 0.49935701 0.00005700
vt 0.49935701 0.65869600
vt 0.49935701 1.00000000
vt 0.74931699 0.65869600
vt 0.74931699 0.34131199
vt 0.50046498 1.00000000
vt 0.74931699 1.00000000
vt 0.99985301 0.49999201
vt 0.99985403 0.49897000
vt 0.99995399 0.26412499
vt 0.66349000 0.73708099
vt 0.99969202 0.73708099
vt 0.99969500 0.73425901
vt 0.75220400 1.00000000
vt 1.00000000 1.00000000
vt 1.00000000 0.65893698
vt 1.00000000 0.65869600
vt 0.66349000 1.00000000
vt 0.99948299 1.00000000
vt 0.00000000 0.34108099
vt 0.00000000 0.00000000
vt 0.50000000 0.00000000
vt 0.50000000 0.34108099
vt 0.99999899 0.00000000
vt 1.00000000 0.34108099
vt 0.50000000 0.34108099
vt 0.50000000 0.00000000
vt 0.76760900 1.00000000
vt 0.38380700 1.00000000
vt 0.24825899 0.79027700
vt 0.47803199 0.67824501
vt 0.67220998 0.50081700
vt 0.81633401 0.27120599
vt 0.89373302 0.03666198
vt 0.90200597 0.01773595
vt 0.91676199 0.00466198
vt 0.93510902 0.00000000
vt 1.00000000 0.00000000
vt 0.88009602 0.31399399
vt 0.79538101 0.64985102
vt 0.20768100 1.00000000
vt 0.00000000 1.00000000
vt 0.00000000 0.00000000
vt 0.20768100 0.00000000
vt 0.20768100 0.00000000
vt 0.20768100 1.00000000
vt 0.40378299 1.00000000
vt 0.40378299 0.00000000
vt 0.59621698 1.00000000
vt 0.59621698 0.00000000
vt 0.79231900 1.00000000
vt 0.79231900 0.00000000
vt 0.97637701 1.00000000
vt 0.99388897 0.98986298
vt 1.00000000 0.98214298
vt 1.00000000 0.50000000
vt 1.00000000 0.01785695
vt 0.99388897 0.01013696
vt 0.97637701 0.00000000
vt 0.32993600 0.00000000
vt 0.00000000 0.00000000
vt 0.32993600 0.57219201
vt 0.41926599 1.00000000
vt 0.65195101 1.00000000
vt 0.65195101 0.00000000
vt 0.69815600 1.00000000
vt 0.99997401 1.00000000
vt 0.99997401 0.00000000
vt 1.00000000 0.00000000
vt 0.26887700 0.00000000
vt 0.15336201 0.13411300
vt 0.05105894 0.50943100
vt 0.00197196 0.80304003
vt 0.00000000 1.00000000
vt 0.22737899 1.00000000
vt 0.23222300 0.99065500
vt 0.40042999 0.72210300
vt 1.00000000 0.72210300
vt 0.33106700 1.00000000
vt 0.00580299 1.00000000
vt 0.00007400 0.76730502
vt 0.00276899 0.73708099
vt 0.33106700 0.73708099
vt 0.99865901 0.33284700
vt 0.99866700 0.21576890
vt 0.99873102 0.01559394
vt 0.99866199 0.00000000
vt 0.00014800 0.00126499
vt 0.00011500 0.33284700
vt 0.04618096 0.49999201
vt 0.33106700 0.49999201
vt 0.07321095 0.40773800
vt 0.12517799 0.26290599
vt 0.33106700 0.26290599
vt 0.66349000 0.26290599
vt 0.66349000 0.49999201
vt 0.66349000 0.73708099
vt 0.99995399 0.26290599
vt 0.99995399 0.26412499
vt 0.99985403 0.49897000
vt 0.99985301 0.49999201
vt 0.99969500 0.73425901
vt 0.99969202 0.73708099
vt 0.74931699 1.00000000
vt 0.50046498 1.00000000
vt 0.49935701 1.00000000
vt 0.49935701 0.65869600
vt 0.74931699 0.65869600
vt 1.00000000 0.65869600
vt 1.00000000 0.65893698
vt 1.00000000 1.00000000
vt 0.75220400 1.00000000
vt 0.99948299 1.00000000
vt 0.66349000 1.00000000
vt 0.00000000 0.00000000
vt 0.00000000 0.34108099
vt 0.50000000 0.65891898
vt 0.00000000 0.34132299
vt 0.00000000 0.65872502
vt 0.00000000 0.65891898
vt 1.00000000 0.65891898
vt 0.00000000 1.00000000
vt 0.50000000 1.00000000
vt 1.00000000 1.00000000
vt 0.50000000 1.00000000
vt 0.50000000 0.65891898
vt 0.00000000 1.00000000
vt 0.00000000 0.65891898
vt 1.00000000 0.34131199
vt 1.00000000 0.34111801
vt 1.00000000 0.00005700
vt 0.74931699 0.00005700
vt 0.00000000 0.65872502
vt 0.00000000 0.34132299
vt 0.74931699 0.00005700
vt 1.00000000 0.00005700
vt 1.00000000 0.34111801
vt 1.00000000 0.34131199
vt 0.74931699 0.34131199
vt 0.49935701 0.00005700
vt 0.49935701 0.34131199
vt 0.24945000 0.00005700
vt 0.24945000 0.34131199
vt 0.00000000 0.34131199
vt 0.00000000 0.00005700
vt 0.24945000 0.65869600
vt 0.00000000 0.65869600
vt 0.24945000 1.00000000
vt 0.24820100 1.00000000
vt 0.00000000 1.00000000
vt 0.00000000 0.65885103
vt 0.66349000 0.00000000
vt 0.99995500 0.00000000
vt 0.00226396 0.50837499
vt 0.00232995 0.32972300
vt 0.00000000 0.30991000
vt 0.15298299 0.00000000
vt 1.00000000 0.00177699
vt 0.81259698 0.44491401
vt 0.75703001 0.50837499
vt 0.33106700 0.00000000
vt 0.61566001 0.00000000
vt 0.25531900 0.88398200
vt 0.03004300 1.00000000
vt 0.00351399 0.99350601
vt 0.15236691 0.19490799
vt 0.23239490 0.00000000
vt 0.23406200 0.00000000
vt 0.23805200 0.01000797
vt 0.24201100 0.00000000
vt 1.00000000 0.00000000
vt 0.61919099 0.79119301
vt 0.33169800 0.99817002
vt 0.04190999 0.82622898
vt 0.00000000 0.77215701
vt 0.99349397 0.00000000
vt 0.00001800 0.00001100
vt 0.00000300 0.25547501
vt 0.00001200 0.97147900
vt 0.00001500 0.99790102
vt 0.00001500 1.00000000
vt 0.99998802 1.00000000
vt 0.99994898 0.74182701
vt 0.00126898 1.00000000
vt 0.00000000 0.35407400
vt 1.00000000 0.00000000
vt 0.00014100 0.66662800
vt 0.00014600 1.00000000
vt 0.99866003 1.00000000
vt 0.99868900 0.66662800
vt 0.50978100 0.58759201
vt 0.68190002 0.58613098
vt 0.78507000 0.54442698
vt 0.89084703 0.40228799
vt 1.00000000 0.00000000
vt 1.00000000 0.36988601
vt 0.97618902 0.67496699
vt 0.94392502 0.90354401
vt 0.91143602 0.98474699
vt 0.50978100 0.99368602
vt 0.99869800 0.55284101
vt 0.46439201 0.99443799
vt 0.00000000 1.00000000
vt 0.00000000 0.59153903
vt 0.00000000 0.00001500
vt 0.00003000 1.00000000
vt 0.99336100 0.99961299
vt 0.99999797 0.00000000
vt 0.00000000 1.00000000
vt 0.96042502 0.99998099
vt 0.96332902 0.92436498
vt 0.96573102 0.88533199
vt 0.96696597 0.86682099
vt 0.96763200 0.85705602
vt 0.96798700 0.85191202
vt 0.96806699 0.85074902
vt 0.96806800 0.85073900
vt 0.96806800 0.85073602
vt 0.96806800 0.85073602
vt 0.96806800 0.85073602
vt 0.96806800 0.85073602
vt 0.97723901 0.71254098
vt 0.00035800 0.66687900
vt 0.00008700 0.97257799
vt 0.99996102 1.00000000
vt 0.99995899 0.73496598
vt 0.99994999 0.66687900
vt 0.95117199 0.50000602
vt 0.94109899 0.67273301
vt 0.92936498 0.73541099
vt 0.91571301 0.85882300
vt 0.91360098 1.00000000
vt 0.00000000 1.00000000
vt 0.91360098 1.00000000
vt 0.91571301 0.85882300
vt 0.00000000 0.11107800
vt 1.00000000 0.00000000
vt 1.00000000 1.00000000
vt 0.00000000 1.00000000
vt 0.00000000 1.00000000
vt 0.00000000 0.11107800
vt 0.00000000 0.50000298
vt 1.00000000 0.50000203
vt 0.00000000 0.50000298
vt 1.00000000 0.00000000
vt 0.00000000 0.00000000
vt 0.00000000 0.41887200
vt 0.00000000 0.41887200
vt 0.00000000 0.00000000
vt 0.32993600 0.00000000
vt 0.65195101 0.00000000
vt 0.65195101 1.00000000
vt 0.41926599 1.00000000
vt 0.32993600 0.57219201
vt 0.99997401 0.00000000
vt 0.99997401 1.00000000
vt 0.69815600 1.00000000
vt 0.00000000 0.00000000
vt 0.95462602 0.45668700
vt 0.99995601 0.36901301
vt 0.40378299 0.00000000
vt 0.40378299 1.00000000
vt 0.59621698 0.00000000
vt 0.59621698 1.00000000
vt 0.79231900 0.00000000
vt 0.79231900 1.00000000
vt 0.97637701 0.00000000
vt 0.99388897 0.01013696
vt 1.00000000 0.01785695
vt 1.00000000 0.50000000
vt 1.00000000 0.98214298
vt 0.99388897 0.98986298
vt 0.97637701 1.00000000
vt 0.32993600 0.00000000
vt 0.00000000 0.00000000
vt 0.32993600 0.57219201
vt 0.41926599 1.00000000
vt 0.32993600 0.57219201
vt 0.00000000 0.00000000
vt 0.32993600 0.00000000
vt 0.41926599 1.00000000
vt 0.00000000 0.34132600
vt 0.01951396 0.45812500
vt 0.01979798 0.40192801
vt 0.01267498 0.00021600
vt 0.99113601 0.00000000
vt 0.99917400 0.42453799
vt 0.99937499 0.45812500
vt 0.00017500 0.49963000
vt 0.00017300 0.00288498
vt 0.99978101 0.00000000
vt 0.99978101 0.49963000
vt 0.99978203 0.56925100
vt 0.99976897 0.63119102
vt 0.99978399 0.69316697
vt 0.99978399 0.75508201
vt 0.99978697 0.81681001
vt 0.99980402 0.87822300
vt 0.99978101 0.93910199
vt 0.99977797 0.96953398
vt 0.99978298 0.98476899
vt 0.99978298 0.99238998
vt 0.99978298 0.99620098
vt 0.99978298 0.99810702
vt 0.99979001 0.99905998
vt 0.99980497 0.99953699
vt 0.99980003 0.99977499
vt 0.99980199 0.99989402
vt 0.99982101 0.99995399
vt 0.99986601 0.99999100
vt 0.99995703 0.99999601
vt 1.00000000 0.99998701
vt 0.00017600 0.99998701
vt 0.00000000 0.99998701
vt 0.00016100 0.54045701
vt 0.99762499 0.90489298
vt 0.99732500 1.00000000
vt 0.00000000 1.00000000
vt 0.00325996 0.86461103
vt 0.00000000 0.99999797
vt 0.00020800 0.00000000
vt 0.00038400 0.00000000
vt 0.99977899 0.00000500
vt 1.00000000 1.00000000
vt 0.50978100 0.58759201
vt 0.00000000 0.59153903
vt 0.00000000 1.00000000
vt 0.46439201 0.99443799
vt 0.50978100 0.99368602
vt 0.00347495 0.50068301
vt 0.00348794 0.00000000
vt 1.00000000 0.00000000
vt 0.99995500 0.30010599
vt 0.99995703 0.50068301
vt 0.99998802 1.00000000
vt 0.00001500 1.00000000
vt 0.00001500 0.99790102
vt 0.00001200 0.97147900
vt 0.00000300 0.25547501
vt 0.00001800 0.00001100
vt 0.99349397 0.00000000
vt 0.99994898 0.74182701
vt 0.91143602 0.98474699
vt 0.94392502 0.90354401
vt 0.97618902 0.67496699
vt 1.00000000 0.36988601
vt 1.00000000 0.00000000
vt 0.89084703 0.40228799
vt 0.78507000 0.54442698
vt 0.68190002 0.58613098
vt 0.99866003 1.00000000
vt 0.00014600 1.00000000
vt 1.00000000 0.00000000
vt 0.00000000 0.35407400
vt 0.00126898 1.00000000
vt 0.00000000 0.77215701
vt 0.04190999 0.82622898
vt 0.33169800 0.99817002
vt 0.61919099 0.79119301
vt 1.00000000 0.00000000
vt 0.99995500 1.00000000
vt 0.00347495 1.00000000
vt 0.00327599 0.55069500
vt 0.00008400 0.33320600
vt 0.00008700 0.00000000
vt 0.99996102 0.00000000
vt 0.99996001 0.01978898
vt 0.99995798 0.03118395
vt 0.99995798 0.03141200
vt 0.99995798 0.03141796
vt 0.99995798 0.03141796
vt 0.99995798 0.03141796
vt 0.99995798 0.03142297
vt 0.99996001 0.03475695
vt 0.99995798 0.08662497
vt 0.99995297 0.16779891
vt 0.99995899 0.33320600
vt 0.99995601 0.36901301
vt 0.99994999 0.66687900
vt 0.00035800 0.66687900
vt 0.99995899 0.73496598
vt 0.99996102 1.00000000
vt 0.00008700 0.97257799
vt 0.97540498 0.24082001
vt 0.98741502 0.12616999
vt 0.99346900 0.06694298
vt 0.99737102 0.02744400
vt 0.99756801 0.02541500
vt 0.99761802 0.02489799
vt 0.99762303 0.02484595
vt 0.99762303 0.02484595
vt 0.99762303 0.02484595
vt 0.99762303 0.02484595
vt 0.99764103 0.02466398
vt 0.99850202 0.01573795
vt 1.00000000 0.00000000
vt 0.50090802 0.00000000
vt 0.49812800 0.99811399
vt 0.99404502 0.99248701
vt 0.99801600 0.64820701
vt 0.99890000 0.50639802
vt 0.99975199 0.29072499
vt 1.00000000 0.28013799
vt 0.99271297 0.25319901
vt 0.95993000 0.00000000
vt 0.59511501 0.00000000
vt 1.00000000 0.50000000
vt 1.00000000 0.99997097
vt 0.11889300 0.99999899
vt 0.02555197 0.99996299
vt 0.02554899 0.99999100
vt 0.02553600 0.99994600
vt 0.02553397 0.99989998
vt 0.02553194 0.99981701
vt 0.02553194 0.99966300
vt 0.02553397 0.99935699
vt 0.02553695 0.99874598
vt 0.02554398 0.99752200
vt 0.02554994 0.99505299
vt 0.02553695 0.99004501
vt 0.02541500 0.97982502
vt 0.02479696 0.95846200
vt 0.02233397 0.91327900
vt 0.01602095 0.82442898
vt 0.01129996 0.74618697
vt 0.00825095 0.67715502
vt 0.00622100 0.61432701
vt 0.00479597 0.55570900
vt 0.00374395 0.50000000
vt 0.00284499 0.43959501
vt 0.00000000 0.00000000
vt 1.00000000 0.12893590
vt 0.20144500 1.00000000
vt 0.20144500 0.00000000
vt 0.00000000 1.00000000
vt 0.00000000 0.00000000
vt 0.50000000 0.00000000
vt 0.50000000 1.00000000
vt 1.00000000 1.00000000
vt 1.00000000 0.00000000
vt 0.78618699 0.00000000
vt 0.78618699 1.00000000
vt 0.21381190 1.00000000
vt 0.21380401 1.00000000
vt 0.00000000 1.00000000
vt 0.00000000 0.75893599
vt 0.17804401 0.75893599
vt 0.21381190 0.75893599
vt 0.17804401 0.00000000
vt 0.00003500 0.00000000
vt 0.78618801 1.00000000
vt 0.58719200 1.00000000
vt 0.58719200 0.00000000
vt 0.34479901 0.75893599
vt 0.37242401 0.75893599
vt 0.39520001 0.75893599
vt 0.40880200 0.75893599
vt 0.41280699 0.75893599
vt 0.41280699 1.00000000
vt 0.39470699 1.00000000
vt 0.39470699 0.00000000
vt 0.42235199 0.75893599
vt 0.42235199 0.00000000
vt 0.42344099 0.00000700
vt 0.60529202 0.00000700
vt 0.60529202 1.00000000
vt 0.20144500 1.00000000
vt 0.20144500 0.00000000
vt 0.61228698 0.00000700
vt 0.79855502 0.00000700
vt 0.79855502 1.00000000
vt 0.32753900 1.00000000
vt 0.31540701 1.00000000
vt 0.00000000 1.00000000
vt 0.00000000 0.00000000
vt 0.32753900 0.00000000
vt 0.65681398 1.00000000
vt 0.65060800 1.00000000
vt 0.65681398 0.00000000
vt 0.80213302 0.00000700
vt 1.00000000 0.00000700
vt 1.00000000 1.00000000
vt 1.00000000 0.00000000
vt 1.00000000 1.00000000
vt 0.32631499 0.00000000
vt 0.00000000 0.00000000
vt 0.00000000 1.00000000
vt 0.32631499 1.00000000
vt 0.32631499 0.00000000
vt 0.00000000 0.00000000
vt 0.00000000 1.00000000
vt 0.32631499 1.00000000
vt 0.64739901 0.00000000
vt 0.64739901 1.00000000
vt 0.64739901 1.00000000
vt 0.64739901 0.00000000
vt 0.67368501 0.00000000
vt 0.35260099 0.00000000
vt 0.35260099 1.00000000
vt 0.67368501 1.00000000
vt 1.00000000 1.00000000
vt 1.00000000 0.00000000
vt 0.00000000 1.00000000
vt 0.00000000 0.00000000
vt 0.00000000 0.00000000
vt 0.00000000 1.00000000
vt 0.00000000 1.00000000
vt 1.00000000 1.00000000
vt 1.00000000 0.00000000
vt 0.00000000 0.00000000
vt 0.64877200 0.00000000
vt 1.00000000 0.00000000
vt 1.00000000 1.00000000
vt 0.64877200 1.00000000
vt 0.32896200 1.00000000
vt 0.32896200 0.00000000
vt 0.00000000 1.00000000
vt 0.00000000 0.00000000
vt 1.00000000 1.00000000
vt 0.00019500 1.00000000
vt 0.00019500 0.00000000
vt 1.00000000 0.00000000
vt 1.00000000 0.00000000
vt 1.00000000 1.00000000
vt 0.32896200 0.00000000
vt 0.00000000 0.00000000
vt 0.00000000 1.00000000
vt 0.32896200 1.00000000
vt 0.32896200 0.00000000
vt 0.00000000 0.00000000
vt 0.00000000 1.00000000
vt 0.32896200 1.00000000
vt 1.00000000 0.00000000
vt 0.00019500 0.00000000
vt 0.00019500 1.00000000
vt 1.00000000 1.00000000
vt 0.67103797 1.00000000
vt 1.00000000 1.00000000
vt 1.00000000 0.00000000
vt 0.67103797 0.00000000
vt 0.00000000 1.00000000
vt 0.99980497 1.00000000
vt 0.99980497 0.00000000
vt 0.00000000 0.00000000
vt 0.64877200 0.00000000
vt 0.64877200 1.00000000
vt 0.35122800 0.00000000
vt 0.35122800 1.00000000
vt 1.00000000 0.03709596
vt 1.00000000 0.00000000
vt 0.68946201 0.19987400
vt 0.45764101 0.45631301
vt 0.32092801 0.75118703
vt 0.30635101 0.77360600
vt 0.27953699 0.78762001
vt 0.24733400 0.78965002
vt 0.06597298 0.76478601
vt 0.04540395 0.76625001
vt 0.02862995 0.77562201
vt 0.02028298 0.79031199
vt 0.00000000 1.00000000
vt 0.32702699 1.00000000
vt 0.37241101 0.71760702
vt 0.50577003 0.45257899
vt 0.71890599 0.22121599
vt 0.99870700 0.03774797
vt 0.00000000 0.00000000
vt 0.00000000 1.00000000
vt 1.00000000 1.00000000
vt 1.00000000 0.00000000
vt 1.00000000 0.00000000
vt 0.00000000 0.00000000
vt 0.00000000 1.00000000
vt 1.00000000 1.00000000
vt 1.00000000 1.00000000
vt 1.00000000 0.00000000
vt 0.00000000 0.00000000
vt 1.00000000 0.00000000
vt 1.00000000 1.00000000
vt 0.00000000 1.00000000
vt 0.64877200 1.00000000
vt 1.00000000 1.00000000
vt 1.00000000 0.00000000
vt 0.64877200 0.00000000
vt 0.64739901 0.00000000
vt 1.00000000 0.00000000
vt 1.00000000 1.00000000
vt 0.64739901 1.00000000
vt 0.35260099 1.00000000
vt 0.00000000 1.00000000
vt 0.00000000 0.00000000
vt 0.35260099 0.00000000
vt 0.64739901 1.00000000
vt 0.32631499 1.00000000
vt 0.32631499 0.00000000
vt 0.64739901 0.00000000
vt 1.00000000 0.00000000
vt 1.00000000 1.00000000
vt 0.00000000 1.00000000
vt 0.00000000 0.00000000
vt 0.65681398 1.00000000
vt 1.00000000 1.00000000
vt 1.00000000 0.00000000
vt 0.65681398 0.00000000
vt 0.32753900 0.00000000
vt 0.32753900 1.00000000
vt 0.65059698 1.00000000
vt 0.00000000 0.00000000
vt 0.00000000 1.00000000
vt 0.31538600 1.00000000
vt 0.98410302 0.23009600
vt 0.96218002 0.01200497
vt 0.96205503 0.00000000
vt 0.00000000 0.00000000
vt 0.01974499 0.23009600
vt 1.00000000 1.00000000
vt 1.00000000 0.00000000
vt 0.00000500 1.00000000
vt 0.00004800 0.79960299
vt 0.00003500 0.81577402
vt 0.00004300 1.00000000
vt 0.99986303 1.00000000
vt 0.99986303 0.87448299
vt 0.99999797 0.79960299
vt 0.00000000 0.00000800
vt 0.00000100 1.00000000
vt 1.00000000 1.00000000
vt 0.99999702 0.00000000
vt 0.75980198 0.00000000
vt 1.00000000 0.00000000
vt 1.00000000 1.00000000
vt 0.75980198 1.00000000
vt 0.51841497 0.00000000
vt 0.51841497 1.00000000
vt 0.51841497 0.00000000
vt 0.75980198 0.00000000
vt 0.75980198 1.00000000
vt 0.51841497 1.00000000
vt 1.00000000 0.00000000
vt 1.00000000 1.00000000
vt 0.26811400 0.00000000
vt 0.26811400 1.00000000
vt 0.26811400 0.00000000
vt 0.26811400 1.00000000
vt 0.75980198 1.00000000
vt 0.51841497 1.00000000
vt 0.51841497 0.65892100
vt 0.75980198 0.65892100
vt 0.26811400 1.00000000
vt 0.26811400 0.65892100
vt 0.00000000 1.00000000
vt 0.00000000 0.65892100
vt 0.00000000 1.00000000
vt 0.00000000 0.00000000
vt 0.26811400 0.65891898
vt 0.26811400 1.00000000
vt 0.26811400 0.00000000
vt 0.26811400 1.00000000
vt 0.51841497 0.65891898
vt 0.51841497 1.00000000
vt 0.51841497 1.00000000
vt 0.51841497 0.00000000
vt 0.26811400 0.00000000
vt 0.00000000 0.00000000
vt 0.00000000 1.00000000
vt 0.26811400 1.00000000
vt 0.51841497 1.00000000
vt 0.51841497 0.00000000
vt 0.75980198 1.00000000
vt 0.75980198 0.00000000
vt 0.75980198 1.00000000
vt 0.75980198 0.00000000
vt 1.00000000 1.00000000
vt 1.00000000 0.00000000
vt 1.00000000 1.00000000
vt 1.00000000 0.00000000
vt 0.75980198 0.65891898
vt 0.75980198 1.00000000
vt 1.00000000 1.00000000
vt 1.00000000 0.65891898
vt 0.75980198 0.34108099
vt 0.51841497 0.34108099
vt 1.00000000 0.34108099
vt 1.00000000 0.34096399
vt 0.81080103 0.00001200
vt 0.62028402 0.00000100
vt 0.33537599 0.00000500
vt 0.00000000 0.00000900
vt 0.00001100 0.34096399
vt 1.00000000 0.65903699
vt 0.00001100 0.34117401
vt 0.00001100 0.65883499
vt 0.00001100 0.65903699
vt 0.00001100 0.99999702
vt 1.00000000 1.00000000
vt 1.00000000 0.00000000
vt 0.75980198 0.00000000
vt 0.00000000 0.65883499
vt 0.00000000 1.00000000
vt 0.99995500 1.00000000
vt 0.99997801 0.65903699
vt 0.99997801 0.65883499
vt 0.00000000 0.34117001
vt 0.00000000 0.34132600
vt 0.99999499 0.34117001
vt 0.24945000 0.34131199
vt 0.24945000 0.00005700
vt 0.00000000 0.00005700
vt 0.00000000 0.34131199
vt 0.24945000 0.65869600
vt 0.00000000 0.65869600
vt 0.49935701 0.34131199
vt 0.49935701 0.00005700
vt 0.49935701 0.65869600
vt 0.00000000 0.65885103
vt 0.00000000 1.00000000
vt 0.24820100 1.00000000
vt 0.24945000 1.00000000
vt 0.49935701 1.00000000
vt 0.50046498 1.00000000
vt 0.74931699 0.34131199
vt 1.00000000 0.34131199
vt 1.00000000 0.34111801
vt 1.00000000 0.00005700
vt 0.74931699 0.00005700
vt 0.50000000 1.00000000
vt 0.00000000 1.00000000
vt 1.00000000 0.02174597
vt 1.00000000 0.51087302
vt 0.00000000 1.00000000
vt 0.04548597 0.73662001
vt 0.17914601 0.48943600
vt 0.39276201 0.27365100
vt 0.67319399 0.10253500
vt 0.81543100 0.04344797
vt 0.96024901 0.00125694
vt 0.97427499 0.00028200
vt 0.98737198 0.00405997
vt 0.99664497 0.01177597
vt 0.96024901 0.00125694
vt 0.81543100 0.04344797
vt 0.67319399 0.10253500
vt 0.39276201 0.27365100
vt 0.17914601 0.48943600
vt 0.04548597 0.73662001
vt 1.00000000 0.51087302
vt 1.00000000 0.02174597
vt 0.99664497 0.01177597
vt 0.98737198 0.00405997
vt 0.97427499 0.00028200
vt 0.00000000 0.34108400
vt 0.00000000 0.00003300
vt 0.26811400 0.00003300
vt 0.26811400 0.34108400
vt 0.26811400 0.34108099
vt 0.26811400 0.00000000
vt 0.51841497 0.00000000
vt 0.51841497 0.00003300
vt 0.51841497 0.34108400
vt 0.75980198 0.00003300
vt 0.75980198 0.34108400
vt 1.00000000 0.00003300
vt 1.00000000 0.34108400
vt 1.00000000 0.65892100
vt 1.00000000 1.00000000
vt 0.00001100 0.34096399
vt 0.00000000 0.00000900
vt 0.33537599 0.00000500
vt 0.62028402 0.00000100
vt 0.81080103 0.00001200
vt 1.00000000 0.34096399
vt 0.00001100 0.65903699
vt 0.00001100 0.65883499
vt 0.00001100 0.34117401
vt 1.00000000 0.65903699
vt 0.00000000 0.34117001
vt 0.00000000 0.00000300
vt 0.99998897 0.00000000
vt 0.99999499 0.34096000
vt 0.99999499 0.34117001
vt 0.99997801 0.65883499
vt 0.00000000 0.65883499
vt 0.00000000 0.34132600
vt 0.24945000 1.00000000
vt 0.24820100 1.00000000
vt 0.00000000 1.00000000
vt 0.00000000 0.65885103
vt 0.00000000 0.65869600
vt 0.24945000 0.65869600
vt 0.66349000 0.00000000
vt 0.99995500 0.00000000
vt 0.99995399 0.26290599
vt 0.66349000 0.26290599
vt 0.00226396 0.50837499
vt 0.00232995 0.32972300
vt 0.00000000 0.30991000
vt 0.15298299 0.00000000
vt 1.00000000 0.00177699
vt 0.81259698 0.44491401
vt 0.75703001 0.50837499
vt 0.99995399 0.26412499
vt 0.99985403 0.49897000
vt 0.33106700 0.00000000
vt 0.61566001 0.00000000
vt 0.15236691 0.19490799
vt 0.23239490 0.00000000
vt 0.23406200 0.00000000
vt 0.23805200 0.01000797
vt 0.24201100 0.00000000
vt 0.25531900 0.88398200
vt 0.03004300 1.00000000
vt 0.00351399 0.99350601
vt 1.00000000 0.00000000
vt 0.61919099 0.79119301
vt 0.33169800 0.99817002
vt 0.04190999 0.82622898
vt 0.00000000 0.77215701
vt 0.00126898 1.00000000
vt 0.00000000 0.35407400
vt 1.00000000 0.00000000
vt 0.24945000 0.34131199
vt 0.00000000 0.34131199
vt 0.00000000 0.00005700
vt 0.24945000 0.00005700
vt 0.49935701 0.00005700
vt 0.99997801 0.65903699
vt 0.99995500 1.00000000
vt 0.00000000 1.00000000
vt 1.00000000 1.00000000
vt 0.00001100 0.99999702
vt 0.04211199 0.64014798
vt 0.00000000 1.00000000
vt 0.95166701 0.99998701
vt 0.95568502 0.93539602
vt 0.95877999 0.90312201
vt 0.95921803 0.89875799
vt 0.95923901 0.89855200
vt 0.95924002 0.89853299
vt 0.95924002 0.89853299
vt 0.95924097 0.89853299
vt 0.95924097 0.89853299
vt 0.95924097 0.89853299
vt 0.95924097 0.89853299
vt 0.96001297 0.89090598
vt 0.96199900 0.87132001
vt 0.97145200 0.76544499
vt 0.97862202 0.64014798
vt 0.99986398 0.19966300
vt 0.99985802 0.10034700
vt 0.99984199 0.08433896
vt 0.99986202 0.07825899
vt 0.99986202 0.07825899
vt 0.99986202 0.07825899
vt 0.99986202 0.07825899
vt 0.99986202 0.07825899
vt 0.99986202 0.07824397
vt 0.99986202 0.07808095
vt 0.99986303 0.07463896
vt 0.99986100 0.04977899
vt 0.99984401 0.00000000
vt 0.00018300 0.00000100
vt 0.00004400 0.09411096
vt 0.00002100 0.19966300
vt 0.00001200 0.27444300
vt 0.00003100 0.40046799
vt 0.99986899 0.40046799
vt 0.99987000 0.34473100
vt 0.10420700 0.35435200
vt 0.98047101 0.59600401
vt 0.98335898 0.51859200
vt 0.98335999 0.51854599
vt 0.98336101 0.51853597
vt 0.98336101 0.51853597
vt 0.98336101 0.51853597
vt 0.98336101 0.51853597
vt 0.98341203 0.51711202
vt 0.98352200 0.51403201
vt 0.98391002 0.50313997
vt 0.98479402 0.47856599
vt 0.98618698 0.44024301
vt 0.98948801 0.35435200
vt 0.00003400 0.45426199
vt 0.00003700 0.59998500
vt 0.99985701 0.59998500
vt 0.99986303 0.55153102
vt 0.99991202 0.51998502
vt 0.99986702 0.50593501
vt 0.99986398 0.50195903
vt 0.99986303 0.50011998
vt 0.99986303 0.50011998
vt 0.99986303 0.50011998
vt 0.99986303 0.50011998
vt 0.99986303 0.50004703
vt 0.00003000 0.63436401
vt 0.99985999 0.70243102
vt 0.13401400 0.17717589
vt 0.99333698 0.26137099
vt 0.99666601 0.17717589
vt 0.99999702 0.00798094
vt 1.00000000 0.00000000
vt 0.14065900 0.00000000
vt 0.02128696 0.24666500
vt 0.03063595 0.39415899
vt 0.99493402 0.39415899
vt 0.98683202 0.25905800
vt 0.03160196 0.42128399
vt 0.03371900 0.53087002
vt 0.99827898 0.53087002
vt 0.99624503 0.43397501
vt 0.99979103 0.12744500
vt 0.99977899 0.00000000
vt 0.00017600 0.00000000
vt 0.00017500 0.17341800
vt 0.03387796 0.57055300
vt 0.99896097 0.58528602
vt 0.66349000 0.26290599
vt 0.99985403 0.49897000
vt 0.99995399 0.26412499
vt 0.99995399 0.26290599
vt 0.99995500 0.00000000
vt 0.66349000 0.00000000
vt 0.75703001 0.50837499
vt 0.81259698 0.44491401
vt 1.00000000 0.00177699
vt 0.15298299 0.00000000
vt 0.00000000 0.30991000
vt 0.00232995 0.32972300
vt 0.00226396 0.50837499
vt 0.99999499 0.34096000
vt 0.99998897 0.00000000
vt 0.00000000 0.00000300
vt 0.97862202 0.64014798
vt 0.97145200 0.76544499
vt 0.96199900 0.87132001
vt 0.96001297 0.89090598
vt 0.95924097 0.89853299
vt 0.95924097 0.89853299
vt 0.95924097 0.89853299
vt 0.95924097 0.89853299
vt 0.95924002 0.89853299
vt 0.95923901 0.89855200
vt 0.95921803 0.89875799
vt 0.95877999 0.90312201
vt 0.95568502 0.93539602
vt 0.95166701 0.99998701
vt 0.00000000 1.00000000
vt 0.04211199 0.64014798
vt 0.99999797 0.00000000
vt 0.99336100 0.99961299
vt 0.00003000 1.00000000
vt 0.00000000 0.00001500
vt 0.00002100 0.19966300
vt 0.00004400 0.09411096
vt 0.00018300 0.00000100
vt 0.99984401 0.00000000
vt 0.99986100 0.04977899
vt 0.99986303 0.07463896
vt 0.99986202 0.07808095
vt 0.99986202 0.07824397
vt 0.99986202 0.07825899
vt 0.99986202 0.07825899
vt 0.99986202 0.07825899
vt 0.99986202 0.07825899
vt 0.99986202 0.07825899
vt 0.99986202 0.07825899
vt 0.99984199 0.08433896
vt 0.99985802 0.10034700
vt 0.99986398 0.19966300
vt 0.99998802 1.00000000
vt 0.00001500 1.00000000
vt 0.00001500 0.99790102
vt 0.00001200 0.97147900
vt 0.00000300 0.25547501
vt 0.00001800 0.00001100
vt 0.99349397 0.00000000
vt 0.99994898 0.74182701
vt 0.00351399 0.99350601
vt 0.03004300 1.00000000
vt 0.25531900 0.88398200
vt 0.00000000 0.77215701
vt 0.04190999 0.82622898
vt 0.33169800 0.99817002
vt 0.61919099 0.79119301
vt 1.00000000 0.00000000
vt 1.00000000 0.00000000
vt 0.00000000 0.35407400
vt 0.00126898 1.00000000
vt 0.33106700 0.26290599
vt 0.33106700 0.00000000
vt 0.24201100 0.00000000
vt 0.23805200 0.01000797
vt 0.23406200 0.00000000
vt 0.23239490 0.00000000
vt 0.15236691 0.19490799
vt 0.12517799 0.26290599
vt 0.99868900 0.66662800
vt 0.99866003 1.00000000
vt 0.00014600 1.00000000
vt 0.00014100 0.66662800
vt 0.99869800 0.55284101
vt 0.07321095 0.40773800
vt 0.61566001 0.00000000
vt 0.99980998 0.81434101
vt 0.99765903 0.93521899
vt 0.99736297 1.00000000
vt 0.01432496 1.00000000
vt 0.01753795 0.90778202
vt 0.02631098 0.81434101
vt 0.99987000 0.34473100
vt 0.99986899 0.40046799
vt 0.00003100 0.40046799
vt 0.00001200 0.27444300
vt 0.98948801 0.35435200
vt 0.98618698 0.44024301
vt 0.98479402 0.47856599
vt 0.98391002 0.50313997
vt 0.98352200 0.51403201
vt 0.98341203 0.51711202
vt 0.98336101 0.51853597
vt 0.98336101 0.51853597
vt 0.98336101 0.51853597
vt 0.98336101 0.51853597
vt 0.98335898 0.51859200
vt 0.98047101 0.59600401
vt 0.10420700 0.35435200
vt 0.99986303 0.50004703
vt 0.99986303 0.50010800
vt 0.99986303 0.50011998
vt 0.99986303 0.50011998
vt 0.99986303 0.50011998
vt 0.99986303 0.50011998
vt 0.99986398 0.50195903
vt 0.99986702 0.50593501
vt 0.99991202 0.51998502
vt 0.99986303 0.55153102
vt 0.99985701 0.59998500
vt 0.00003700 0.59998500
vt 0.00003400 0.45426199
vt 0.99985999 0.70243102
vt 0.99999797 0.79960299
vt 0.00004800 0.79960299
vt 0.00003000 0.63436401
vt 0.99666601 0.17717589
vt 0.99333698 0.26137099
vt 0.13401400 0.17717589
vt 0.14065900 0.00000000
vt 1.00000000 0.00000000
vt 0.99999702 0.00798094
vt 0.99986303 0.87448299
vt 0.99986303 1.00000000
vt 0.00004300 1.00000000
vt 0.00003500 0.81577402
vt 0.99999702 0.00000000
vt 1.00000000 1.00000000
vt 0.00000100 1.00000000
vt 0.00000000 0.00000800
vt 0.01974499 0.23009600
vt 0.00000000 0.00000000
vt 0.96205503 0.00000000
vt 0.96218002 0.01200497
vt 0.98410302 0.23009600
vt 0.99870700 0.03774797
vt 0.71890599 0.22121599
vt 0.50577003 0.45257899
vt 0.37241101 0.71760702
vt 0.02028298 0.79031199
vt 0.02862995 0.77562201
vt 0.04540395 0.76625001
vt 0.06597298 0.76478601
vt 0.24733400 0.78965002
vt 0.27953699 0.78762001
vt 0.30635101 0.77360600
vt 0.32092801 0.75118703
vt 0.45764101 0.45631301
vt 0.68946201 0.19987400
vt 1.00000000 0.00000000
vt 1.00000000 0.03709596
vt 0.00000500 1.00000000
vt 1.00000000 0.00000000
vt 1.00000000 1.00000000
vt 0.00016700 0.20150200
vt 0.00017500 0.17341800
vt 0.00017600 0.00000000
vt 0.99977899 0.00000000
vt 0.99979103 0.12744500
vt 0.99979800 0.20150200
vt 0.98683202 0.25905800
vt 0.99493402 0.39415899
vt 0.03063595 0.39415899
vt 0.02128696 0.24666500
vt 0.99976802 0.29723999
vt 0.99977702 0.40126300
vt 0.00016900 0.40126300
vt 0.00017700 0.35147300
vt 0.99624503 0.43397501
vt 0.99827898 0.53087002
vt 0.03371900 0.53087002
vt 0.03160196 0.42128399
vt 0.99979502 0.60045999
vt 0.00017100 0.60045999
vt 0.00017600 0.52809101
vt 0.99896097 0.58528602
vt 0.99962801 0.66462398
vt 0.03306496 0.66462398
vt 0.03387796 0.57055300
vt 0.99976498 0.66419297
vt 0.99978298 0.80102497
vt 0.00016500 0.80102497
vt 0.00017200 0.70455402
vt 0.99997801 0.74253398
vt 0.03151798 0.72340202
vt 0.99978697 0.82971501
vt 0.99978799 0.85834002
vt 0.99979901 0.88687098
vt 0.99982297 0.91526902
vt 0.99977303 0.94353402
vt 0.99978000 0.97174299
vt 0.99978298 0.98587000
vt 0.99978298 0.99293900
vt 0.99978298 0.99647403
vt 0.99978298 0.99824202
vt 0.99978399 0.99912602
vt 0.99980301 0.99956799
vt 0.99980402 0.99978900
vt 0.99979800 0.99989903
vt 0.99981600 0.99995500
vt 0.99983197 0.99998200
vt 0.99987900 0.99999601
vt 0.99995297 0.99999702
vt 1.00000000 0.99998999
vt 0.00017600 0.99998999
vt 0.00000000 0.99998999
vt 0.00017800 0.88203001
vt 0.00000000 0.99999797
vt 0.00020800 0.00000000
vt 0.00038400 0.00000000
vt 0.99977899 0.00000500
vt 1.00000000 1.00000000
vt 1.00000000 0.64537603
vt 1.00000000 0.99997997
vt 0.11891100 0.99999899
vt 0.02557200 0.99997401
vt 0.02556794 0.99999398
vt 0.02555495 0.99995399
vt 0.02555298 0.99991697
vt 0.02555096 0.99984801
vt 0.02555197 0.99971700
vt 0.02555400 0.99945599
vt 0.02555894 0.99893397
vt 0.02556598 0.99788600
vt 0.02556896 0.99576801
vt 0.02553796 0.99146700
vt 0.02532297 0.98261100
vt 0.02431899 0.96400702
vt 0.02072495 0.92498201
vt 0.01671099 0.88710898
vt 0.01336395 0.85227197
vt 0.01080298 0.82032299
vt 0.00886196 0.79070902
vt 0.00737095 0.76292300
vt 0.00342399 0.64537603
vt 0.95993000 0.00000000
vt 0.59511501 0.00000000
vt 0.00243497 0.59503001
vt 0.00059800 0.43942600
vt 0.00010400 0.35201901
vt 1.00000000 0.35201901
vt 0.00005200 0.25991401
vt 0.00064900 0.17600890
vt 1.00000000 0.17600890
vt 0.00309998 0.00000000
vt 1.00000000 0.00000000
vt 1.00000000 0.12406200
vt 0.00000000 0.00000000
vt 0.00000000 1.00000000
vt 0.67103797 0.00000000
vt 1.00000000 0.00000000
vt 1.00000000 1.00000000
vt 0.67103797 1.00000000
vt 0.32896200 1.00000000
vt 0.00000000 1.00000000
vt 0.00000000 0.00000000
vt 0.32896200 0.00000000
vt 1.00000000 1.00000000
vt 1.00000000 0.00000000
vt 0.64877200 1.00000000
vt 0.64877200 0.00000000
vt 0.35122800 1.00000000
vt 0.35122800 0.00000000
vt 0.00000000 1.00000000
vt 0.00000000 0.00000000
vt 1.00000000 0.00000000
vt 1.00000000 1.00000000
vt 1.00000000 1.00000000
vt 0.00000000 1.00000000
vt 0.00000000 0.00000000
vt 1.00000000 0.00000000
vt 1.00000000 0.00000000
vt 1.00000000 1.00000000
vt 1.00000000 1.00000000
vt 1.00000000 0.00000000
vt 1.00000000 1.00000000
vt 1.00000000 0.00000000
vt 0.49812800 0.00000000
vt 0.59504497 0.00000000
vt 0.95993000 0.00000000
vt 0.99978101 0.00000000
vt 0.00017300 0.00288498
vt 0.99523801 0.50000000
vt 0.97517800 0.36047599
vt 0.91662103 0.23225400
vt 0.82431197 0.12572400
vt 0.70572901 0.04951494
vt 0.57047898 0.00980300
vt 0.42952099 0.00980300
vt 0.29427099 0.04951494
vt 0.17568800 0.12572400
vt 0.08337897 0.23225400
vt 0.02482199 0.36047599
vt 0.00476199 0.50000000
vt 0.00000000 0.50000000
vt 0.02025300 0.35913399
vt 0.07937300 0.22968000
vt 0.17257001 0.12212500
vt 0.29229301 0.04518395
vt 0.42884299 0.00508898
vt 0.57115698 0.00508898
vt 0.70770699 0.04518395
vt 0.82743001 0.12212500
vt 0.92062700 0.22968000
vt 0.97974700 0.35913399
vt 1.00000000 0.50000000
vt 0.90744400 0.00000000
vt 0.95202398 0.00000000
vt 0.95202398 1.00000000
vt 0.95043600 1.00000000
vt 0.90744400 1.00000000
vt 1.00000000 0.00000000
vt 1.00000000 1.00000000
vt 0.02482199 0.63952398
vt 0.08337897 0.76774597
vt 0.17568800 0.87427598
vt 0.29427099 0.95048499
vt 0.42952099 0.99019700
vt 0.57047898 0.99019700
vt 0.70572901 0.95048499
vt 0.82431197 0.87427598
vt 0.91662103 0.76774597
vt 0.97517800 0.63952398
vt 0.97974700 0.64086598
vt 0.92062700 0.77032000
vt 0.82743001 0.87787497
vt 0.70770699 0.95481598
vt 0.57115698 0.99491102
vt 0.42884299 0.99491102
vt 0.29229301 0.95481598
vt 0.17257001 0.87787497
vt 0.07937300 0.77032000
vt 0.02025300 0.64086598
vt 0.04797595 1.00000000
vt 0.00000000 1.00000000
vt 0.00000000 0.00000000
vt 0.04797595 0.00000000
vt 0.09255599 0.00000000
vt 0.09255599 1.00000000
vt 0.04956400 1.00000000
vt 0.41286600 0.32129201
vt 0.48121601 0.32129201
vt 0.48121601 0.00000000
vt 0.50000000 0.00000000
vt 0.50000000 1.00000000
vt 0.41565701 1.00000000
vt 0.41286600 1.00000000
vt 0.33198300 0.32129201
vt 0.33728501 1.00000000
vt 0.33198300 1.00000000
vt 0.13577799 0.00000000
vt 0.13577799 1.00000000
vt 0.09557199 1.00000000
vt 0.25341401 0.32129201
vt 0.26130000 1.00000000
vt 0.25341401 1.00000000
vt 0.17944691 0.00000000
vt 0.17944691 1.00000000
vt 0.14026400 1.00000000
vt 0.17365301 0.32129201
vt 0.18453000 1.00000000
vt 0.17365301 1.00000000
vt 0.22544099 0.00000000
vt 0.22544099 1.00000000
vt 0.18563300 1.00000000
vt 0.08897495 0.32129201
vt 0.10367100 1.00000000
vt 0.08897495 1.00000000
vt 0.01731997 1.00000000
vt 0.00000000 1.00000000
vt 0.00000000 0.32129201
vt 0.27455899 0.00000000
vt 0.27455899 1.00000000
vt 0.23379990 1.00000000
vt 0.32055300 0.00000000
vt 0.32055300 1.00000000
vt 0.28441101 1.00000000
vt 0.10384100 1.00000000
vt 0.00000000 1.00000000
vt 0.00000000 0.99481899
vt 0.00000000 0.00000000
vt 0.08636599 0.00000000
vt 0.10384100 0.00000000
vt 0.36422199 0.00000000
vt 0.36422199 1.00000000
vt 0.32791999 1.00000000
vt 0.20189101 1.00000000
vt 0.18932000 0.00000000
vt 0.20189101 0.00000000
vt 0.40744400 0.00000000
vt 0.40744400 1.00000000
vt 0.36959901 1.00000000
vt 0.45202401 0.00000000
vt 0.45202401 1.00000000
vt 0.41107199 1.00000000
vt 0.29810899 1.00000000
vt 0.28974500 0.00000000
vt 0.29810899 0.00000000
vt 0.39615899 1.00000000
vt 0.39181900 0.00000000
vt 0.39615899 0.00000000
vt 0.50000000 0.00000000
vt 0.50000000 1.00000000
vt 0.45393401 1.00000000
vt 0.50000000 1.00000000
vt 0.50000000 0.00000000
vt 0.54797602 0.00000000
vt 0.54797602 1.00000000
vt 0.54606599 1.00000000
vt 0.60384101 1.00000000
vt 0.60384101 0.00000000
vt 0.70189101 1.00000000
vt 0.60818100 0.00000000
vt 0.70189101 0.00000000
vt 0.79810899 1.00000000
vt 0.71025503 0.00000000
vt 0.79810899 0.00000000
vt 0.89615899 1.00000000
vt 0.81067997 0.00000000
vt 0.89615899 0.00000000
vt 0.91363400 0.00000000
vt 1.00000000 0.00000000
vt 1.00000000 0.99481899
vt 1.00000000 1.00000000
vt 0.91102499 0.32129201
vt 1.00000000 0.32129201
vt 1.00000000 1.00000000
vt 0.98268002 1.00000000
vt 0.91102499 1.00000000
vt 0.67944700 0.00000000
vt 0.72544098 0.00000000
vt 0.72544098 1.00000000
vt 0.71558899 1.00000000
vt 0.67944700 1.00000000
vt 0.77455902 0.00000000
vt 0.77455902 1.00000000
vt 0.76620001 1.00000000
vt 0.63577801 0.00000000
vt 0.67207998 1.00000000
vt 0.63577801 1.00000000
vt 0.59255600 0.00000000
vt 0.63040102 1.00000000
vt 0.59255600 1.00000000
vt 0.58892798 1.00000000
vt 0.82055300 0.00000000
vt 0.82055300 1.00000000
vt 0.81436700 1.00000000
vt 0.89632899 1.00000000
vt 0.82634699 1.00000000
vt 0.82634699 0.32129201
vt 0.81546998 1.00000000
vt 0.74658602 1.00000000
vt 0.74658602 0.32129201
vt 0.86422199 0.00000000
vt 0.86422199 1.00000000
vt 0.85973603 1.00000000
vt 0.73869997 1.00000000
vt 0.66801703 1.00000000
vt 0.66801703 0.32129201
vt 0.66271502 1.00000000
vt 0.58713400 1.00000000
vt 0.58713400 0.32129201
vt 0.90442801 1.00000000
vt 0.58434302 1.00000000
vt 0.51878399 0.00000000
vt 0.51878399 0.32129201
vt 0.95202398 1.00000000
vt 1.00000000 1.00000000
vt 1.00000000 0.00000000
vt 0.95202398 0.00000000
vt 0.04797595 0.00000000
vt 0.00000000 0.00000000
vt 0.00000000 1.00000000
vt 0.04797595 1.00000000
vt 0.09255599 1.00000000
vt 0.09255599 0.00000000
vt 0.09255599 0.00000000
vt 0.04797595 0.00000000
vt 0.04797595 1.00000000
vt 0.09255599 1.00000000
vt 0.00000000 0.00000000
vt 0.00000000 1.00000000
vt 1.00000000 0.50000000
vt 0.97974700 0.64086598
vt 0.92062700 0.77032000
vt 0.82743001 0.87787497
vt 0.70770699 0.95481598
vt 0.57115698 0.99491102
vt 0.42884299 0.99491102
vt 0.29229301 0.95481598
vt 0.17257001 0.87787497
vt 0.07937300 0.77032000
vt 0.02025300 0.64086598
vt 0.00000000 0.50000000
vt 0.02025300 0.35913399
vt 0.07937300 0.22968000
vt 0.17257001 0.12212500
vt 0.29229301 0.04518395
vt 0.42884299 0.00508898
vt 0.57115698 0.00508898
vt 0.70770699 0.04518395
vt 0.82743001 0.12212500
vt 0.92062700 0.22968000
vt 0.97974700 0.35913399
vt 0.13577799 0.00000000
vt 0.13577799 1.00000000
vt 0.17944691 0.00000000
vt 0.17944691 1.00000000
vt 0.13577799 1.00000000
vt 0.13577799 0.00000000
vt 0.17944691 1.00000000
vt 0.17944691 0.00000000
vt 0.22544099 1.00000000
vt 0.22544099 0.00000000
vt 0.22544099 0.00000000
vt 0.22544099 1.00000000
vt 0.27455899 1.00000000
vt 0.27455899 0.00000000
vt 0.27455899 0.00000000
vt 0.27455899 1.00000000
vt 0.32055300 0.00000000
vt 0.32055300 1.00000000
vt 0.36422199 0.00000000
vt 0.36422199 1.00000000
vt 0.32055300 1.00000000
vt 0.32055300 0.00000000
vt 0.36422199 1.00000000
vt 0.36422199 0.00000000
vt 0.40744400 1.00000000
vt 0.40744400 0.00000000
vt 0.40744400 0.00000000
vt 0.40744400 1.00000000
vt 0.45202401 0.00000000
vt 0.45202401 1.00000000
vt 0.45202401 1.00000000
vt 0.45202401 0.00000000
vt 0.50000000 1.00000000
vt 0.50000000 0.00000000
vt 0.50000000 0.00000000
vt 0.50000000 1.00000000
vt 0.54797602 0.00000000
vt 0.54797602 1.00000000
vt 0.54797602 1.00000000
vt 0.54797602 0.00000000
vt 0.59255600 1.00000000
vt 0.59255600 0.00000000
vt 0.59255600 0.00000000
vt 0.59255600 1.00000000
vt 0.63577801 0.00000000
vt 0.63577801 1.00000000
vt 0.63577801 1.00000000
vt 0.63577801 0.00000000
vt 0.67944700 1.00000000
vt 0.67944700 0.00000000
vt 0.72544098 1.00000000
vt 0.72544098 0.00000000
vt 0.67944700 0.00000000
vt 0.67944700 1.00000000
vt 0.72544098 0.00000000
vt 0.72544098 1.00000000
vt 0.77455902 0.00000000
vt 0.77455902 1.00000000
vt 0.82055300 0.00000000
vt 0.82055300 1.00000000
vt 0.86422199 0.00000000
vt 0.86422199 1.00000000
vt 0.90744400 0.00000000
vt 0.90744400 1.00000000
vt 0.82055300 1.00000000
vt 0.86422199 1.00000000
vt 0.86422199 0.00000000
vt 0.82055300 0.00000000
vt 0.90744400 1.00000000
vt 0.90744400 0.00000000
vt 0.95202398 0.00000000
vt 0.95202398 1.00000000
vt 1.00000000 1.00000000
vt 1.00000000 0.00000000
vt 0.77455902 1.00000000
vt 0.77455902 0.00000000
vt 0.09595197 0.00000000
vt 0.00000000 0.00000000
vt 0.00000000 1.00000000
vt 0.09595197 1.00000000
vt 0.00000000 0.50000000
vt 0.02025300 0.64086598
vt 0.07937300 0.77032000
vt 0.17257001 0.87787497
vt 0.29229301 0.95481598
vt 0.42884299 0.99491102
vt 0.57115698 0.99491102
vt 0.70770699 0.95481598
vt 0.82743001 0.87787497
vt 0.92062700 0.77032000
vt 0.97974700 0.64086598
vt 1.00000000 0.50000000
vt 0.97974700 0.35913399
vt 0.92062700 0.22968000
vt 0.82743001 0.12212500
vt 0.70770699 0.04518395
vt 0.57115698 0.00508898
vt 0.42884299 0.00508898
vt 0.29229301 0.04518395
vt 0.17257001 0.12212500
vt 0.07937300 0.22968000
vt 0.02025300 0.35913399
vt 0.90404803 1.00000000
vt 1.00000000 1.00000000
vt 1.00000000 0.00000000
vt 0.90404803 0.00000000
vt 0.04797595 1.00000000
vt 0.00000000 1.00000000
vt 0.00000000 0.00000000
vt 0.04797595 0.00000000
vt 0.95202398 0.00000000
vt 1.00000000 0.00000000
vt 1.00000000 1.00000000
vt 0.95202398 1.00000000
vt 1.00000000 0.50000000
vt 0.97974700 0.35913399
vt 0.92062700 0.22968000
vt 0.82743001 0.12212500
vt 0.70770699 0.04518395
vt 0.57115698 0.00508898
vt 0.42884299 0.00508898
vt 0.29229301 0.04518395
vt 0.17257001 0.12212500
vt 0.07937300 0.22968000
vt 0.02025300 0.35913399
vt 0.00000000 0.50000000
vt 0.02025300 0.64086598
vt 0.07937300 0.77032000
vt 0.17257001 0.87787497
vt 0.29229301 0.95481598
vt 0.42884299 0.99491102
vt 0.57115698 0.99491102
vt 0.70770699 0.95481598
vt 0.82743001 0.87787497
vt 0.92062700 0.77032000
vt 0.97974700 0.64086598
vt 0.90744400 1.00000000
vt 0.90744400 0.00000000
vt 0.86422199 1.00000000
vt 0.86422199 0.00000000
vt 0.18511100 0.00000000
vt 0.18511100 1.00000000
vt 0.27155599 0.00000000
vt 0.27155599 1.00000000
vt 0.35889301 0.00000000
vt 0.35889301 1.00000000
vt 0.82055300 1.00000000
vt 0.82055300 0.00000000
vt 0.45088199 0.00000000
vt 0.45088199 1.00000000
vt 0.77455902 1.00000000
vt 0.77455902 0.00000000
vt 0.72544098 1.00000000
vt 0.72544098 0.00000000
vt 0.67944700 1.00000000
vt 0.67944700 0.00000000
vt 0.54911798 0.00000000
vt 0.54911798 1.00000000
vt 0.64110702 0.00000000
vt 0.64110702 1.00000000
vt 0.72844398 0.00000000
vt 0.72844398 1.00000000
vt 0.63577801 1.00000000
vt 0.63577801 0.00000000
vt 0.81488901 0.00000000
vt 0.81488901 1.00000000
vt 0.59255600 1.00000000
vt 0.59255600 0.00000000
vt 0.90404803 0.00000000
vt 0.90404803 1.00000000
vt 1.00000000 1.00000000
vt 1.00000000 0.00000000
vt 0.54797602 1.00000000
vt 0.50000000 1.00000000
vt 0.50000000 0.00000000
vt 0.54797602 0.00000000
vt 0.09595197 0.00000000
vt 0.00000000 0.00000000
vt 0.00000000 1.00000000
vt 0.09595197 1.00000000
vt 0.45202401 1.00000000
vt 0.45202401 0.00000000
vt 0.40744400 1.00000000
vt 0.40744400 0.00000000
vt 0.36422199 1.00000000
vt 0.36422199 0.00000000
vt 0.27155599 0.00000000
vt 0.18511100 0.00000000
vt 0.18511100 1.00000000
vt 0.27155599 1.00000000
vt 0.35889301 0.00000000
vt 0.35889301 1.00000000
vt 0.45088199 0.00000000
vt 0.45088199 1.00000000
vt 0.32055300 1.00000000
vt 0.27455899 1.00000000
vt 0.27455899 0.00000000
vt 0.32055300 0.00000000
vt 0.22544099 1.00000000
vt 0.22544099 0.00000000
vt 0.17944691 1.00000000
vt 0.17944691 0.00000000
vt 0.64110702 0.00000000
vt 0.54911798 0.00000000
vt 0.54911798 1.00000000
vt 0.64110702 1.00000000
vt 0.72844398 0.00000000
vt 0.72844398 1.00000000
vt 0.81488901 0.00000000
vt 0.81488901 1.00000000
vt 0.13577799 1.00000000
vt 0.09255599 1.00000000
vt 0.09255599 0.00000000
vt 0.13577799 0.00000000
vt 1.00000000 0.95202398
vt 1.00000000 1.00000000
vt 0.00000000 1.00000000
vt 0.00000000 0.95202398
vt 0.50152600 0.99847400
vt 0.64190102 0.97785199
vt 0.77077901 0.91851699
vt 0.87772101 0.82527697
vt 0.95406199 0.70568502
vt 0.99361700 0.56942898
vt 0.99318302 0.42754900
vt 0.95279300 0.29153800
vt 0.87572199 0.17241600
vt 0.76821101 0.07983195
vt 0.63897097 0.02128797
vt 0.49847400 0.00152600
vt 0.35809901 0.02214795
vt 0.22922100 0.08148300
vt 0.12227900 0.17472300
vt 0.04593795 0.29431501
vt 0.00638294 0.43057099
vt 0.00681698 0.57245100
vt 0.04720598 0.70846200
vt 0.12427800 0.82758403
vt 0.23178890 0.92016798
vt 0.36102900 0.97871202
vt 0.00000000 0.04797595
vt 0.00000000 0.00000000
vt 1.00000000 0.00000000
vt 1.00000000 0.04797595
vt 0.95202398 0.00000000
vt 1.00000000 0.00000000
vt 1.00000000 1.00000000
vt 0.95202398 1.00000000
vt 0.04797595 1.00000000
vt 0.00000000 1.00000000
vt 0.00000000 0.00000000
vt 0.04797595 0.00000000
vt 0.00000000 0.95202398
vt 0.00000000 1.00000000
vt 1.00000000 1.00000000
vt 1.00000000 0.95202398
vt 1.00000000 0.04797595
vt 1.00000000 0.00000000
vt 0.00000000 0.00000000
vt 0.00000000 0.04797595
vt 0.90744400 1.00000000
vt 0.90744400 0.00000000
vt 0.00000000 0.09255599
vt 1.00000000 0.09255599
vt 0.00000000 0.13577799
vt 1.00000000 0.13577799
vt 0.86422199 1.00000000
vt 0.86422199 0.00000000
vt 1.00000000 0.09255599
vt 0.00000000 0.09255599
vt 1.00000000 0.13577799
vt 0.00000000 0.13577799
vt 1.00000000 0.17944691
vt 0.00000000 0.17944691
vt 0.82055300 1.00000000
vt 0.82055300 0.00000000
vt 1.00000000 0.22544099
vt 0.00000000 0.22544099
vt 0.77455902 1.00000000
vt 0.77455902 0.00000000
vt 0.00000000 0.17944691
vt 1.00000000 0.17944691
vt 0.00000000 0.22544099
vt 1.00000000 0.22544099
vt 0.72544098 1.00000000
vt 0.72544098 0.00000000
vt 0.00000000 0.27455899
vt 1.00000000 0.27455899
vt 0.50152600 0.99847400
vt 0.36102900 0.97871202
vt 0.23178890 0.92016798
vt 0.12427800 0.82758403
vt 0.04720598 0.70846200
vt 0.00681698 0.57245100
vt 0.00638294 0.43057099
vt 0.04593795 0.29431501
vt 0.12227900 0.17472300
vt 0.22922100 0.08148300
vt 0.35809901 0.02214795
vt 0.49847400 0.00152600
vt 0.63897097 0.02128797
vt 0.76821101 0.07983195
vt 0.87572199 0.17241600
vt 0.95279300 0.29153800
vt 0.99318302 0.42754900
vt 0.99361700 0.56942898
vt 0.95406199 0.70568502
vt 0.87772101 0.82527697
vt 0.77077901 0.91851699
vt 0.64190102 0.97785199
vt 0.00000000 0.32055300
vt 1.00000000 0.32055300
vt 0.00000000 0.36422199
vt 1.00000000 0.36422199
vt 0.67944700 1.00000000
vt 0.67944700 0.00000000
vt 0.63577801 1.00000000
vt 0.63577801 0.00000000
vt 1.00000000 0.27455899
vt 1.00000000 0.32055300
vt 0.00000000 0.32055300
vt 0.00000000 0.27455899
vt 1.00000000 0.36422199
vt 0.00000000 0.36422199
vt 1.00000000 0.40744400
vt 0.00000000 0.40744400
vt 0.59255600 1.00000000
vt 0.59255600 0.00000000
vt 1.00000000 0.45202401
vt 0.00000000 0.45202401
vt 0.54797602 1.00000000
vt 0.54797602 0.00000000
vt 0.00000000 0.40744400
vt 1.00000000 0.40744400
vt 0.00000000 0.45202401
vt 1.00000000 0.45202401
vt 0.00000000 0.50000000
vt 1.00000000 0.50000000
vt 0.50000000 1.00000000
vt 0.50000000 0.00000000
vt 0.00000000 0.54797602
vt 1.00000000 0.54797602
vt 0.45202401 1.00000000
vt 0.45202401 0.00000000
vt 1.00000000 0.50000000
vt 0.00000000 0.50000000
vt 1.00000000 0.54797602
vt 0.00000000 0.54797602
vt 1.00000000 0.59255600
vt 0.00000000 0.59255600
vt 0.40744400 1.00000000
vt 0.40744400 0.00000000
vt 1.00000000 0.63577801
vt 0.00000000 0.63577801
vt 0.36422199 1.00000000
vt 0.36422199 0.00000000
vt 0.00000000 0.59255600
vt 1.00000000 0.59255600
vt 0.00000000 0.63577801
vt 1.00000000 0.63577801
vt 0.00000000 0.67944700
vt 1.00000000 0.67944700
vt 0.32055300 1.00000000
vt 0.32055300 0.00000000
vt 0.00000000 0.72544098
vt 1.00000000 0.72544098
vt 0.27455899 1.00000000
vt 0.27455899 0.00000000
vt 1.00000000 0.67944700
vt 0.00000000 0.67944700
vt 1.00000000 0.72544098
vt 0.00000000 0.72544098
vt 1.00000000 0.77455902
vt 0.00000000 0.77455902
vt 0.22544099 1.00000000
vt 0.22544099 0.00000000
vt 1.00000000 0.82055300
vt 0.00000000 0.82055300
vt 0.17944691 1.00000000
vt 0.17944691 0.00000000
vt 0.00000000 0.77455902
vt 1.00000000 0.77455902
vt 0.00000000 0.82055300
vt 1.00000000 0.82055300
vt 0.00000000 0.86422199
vt 1.00000000 0.86422199
vt 0.13577799 1.00000000
vt 0.13577799 0.00000000
vt 0.00000000 0.90744400
vt 1.00000000 0.90744400
vt 0.09255599 1.00000000
vt 0.09255599 0.00000000
vt 1.00000000 0.86422199
vt 0.00000000 0.86422199
vt 1.00000000 0.90744400
vt 0.00000000 0.90744400
f 1/1 2/2 3/3
f 1/1 3/3 4/4
f 5/5 6/6 7/7
f 5/5 7/7 8/8
f 5/5 8/8 9/9
f 5/5 9/9 10/10
f 5/5 10/10 11/11
f 5/5 11/11 12/12
f 5/5 12/12 13/13
f 5/5 13/13 14/14
f 5/5 14/14 15/15
f 5/5 15/15 16/16
f 5/5 16/16 17/17
f 5/5 17/17 18/18
f 5/5 18/18 19/19
f 5/5 19/19 20/20
f 5/5 20/20 21/21
f 5/5 21/21 22/22
f 5/5 22/22 23/23
f 5/5 23/23 24/24
f 5/5 24/24 25/25
f 5/5 25/25 26/26
f 27/27 28/28 29/29
f 27/27 29/29 30/30
f 31/31 32/32 28/28
f 31/31 28/28 27/27
f 4/4 3/3 33/33
f 4/4 33/33 34/34
f 4/4 35/35 36/36
f 4/4 36/36 1/1
f 35/35 4/4 34/34
f 35/35 34/34 37/37
f 35/35 38/38 39/39
f 35/35 39/39 36/36
f 38/38 35/35 37/37
f 38/38 37/37 40/40
f 41/41 42/42 43/43
f 41/41 43/43 44/44
f 42/42 45/45 46/46
f 42/42 46/46 43/43
f 47/47 38/38 40/40
f 47/47 40/40 48/48
f 45/45 49/49 50/50
f 45/45 50/50 46/46
f 51/51 52/52 53/53
f 51/51 53/53 54/54
f 51/51 54/54 55/55
f 51/51 55/55 56/56
f 51/51 56/56 57/57
f 51/51 57/57 58/58
f 51/51 58/58 59/59
f 51/51 59/59 60/60
f 51/51 60/60 61/61
f 51/51 61/61 62/62
f 51/51 62/62 63/63
f 51/51 63/63 64/64
f 51/51 64/64 65/65
f 51/51 65/65 66/66
f 51/51 66/66 67/67
f 51/51 67/67 68/68
f 51/51 68/68 69/69
f 51/51 69/69 70/70
f 51/51 70/70 71/71
f 51/51 71/71 72/72
f 49/49 73/73 74/74
f 49/49 74/74 50/50
f 73/73 75/75 76/76
f 73/73 76/76 74/74
f 75/75 77/77 78/78
f 75/75 78/78 76/76
f 77/77 79/79 80/80
f 77/77 80/80 78/78
f 79/79 81/81 82/82
f 79/79 82/82 80/80
f 81/81 83/83 84/84
f 81/81 84/84 82/82
f 85/85 86/86 87/87
f 85/85 87/87 88/88
f 86/86 89/89 90/90
f 86/86 90/90 87/87
f 83/83 91/91 92/92
f 83/83 92/92 84/84
f 93/93 85/85 88/88
f 93/93 88/88 94/94
f 85/85 93/93 95/95
f 85/85 95/95 96/96
f 86/86 85/85 96/96
f 86/86 96/96 97/97
f 93/93 98/98 99/99
f 93/93 99/99 95/95
f 98/98 100/100 101/101
f 98/98 101/101 99/99
f 98/98 93/93 94/94
f 98/98 94/94 102/102
f 100/100 98/98 102/102
f 100/100 102/102 103/103
f 100/100 104/104 105/105
f 100/100 105/105 101/101
f 104/104 100/100 103/103
f 104/104 103/103 106/106
f 104/104 107/107 108/108
f 104/104 108/108 105/105
f 107/107 104/104 106/106
f 107/107 106/106 109/109
f 107/107 110/110 111/111
f 107/107 111/111 108/108
f 110/110 112/112 113/113
f 110/110 113/113 111/111
f 112/112 110/110 114/114
f 112/112 114/114 115/115
f 110/110 107/107 109/109
f 110/110 109/109 114/114
f 116/116 117/117 118/118
f 116/116 118/118 119/119
f 117/117 120/120 121/121
f 117/117 121/121 118/118
f 122/122 116/116 119/119
f 122/122 119/119 123/123
f 124/124 122/122 123/123
f 124/124 123/123 125/125
f 126/126 124/124 125/125
f 126/126 125/125 127/127
f 127/127 128/128 129/129
f 127/127 129/129 126/126
f 120/120 130/130 131/131
f 120/120 131/131 121/121
f 132/132 112/112 115/115
f 132/132 115/115 133/133
f 130/130 134/134 135/135
f 130/130 135/135 131/131
f 134/134 136/136 137/137
f 134/134 137/137 135/135
f 138/138 139/139 140/140
f 138/138 140/140 141/141
f 139/139 132/132 133/133
f 139/139 133/133 140/140
f 136/136 142/142 143/143
f 136/136 143/143 137/137
f 27/27 138/138 141/141
f 27/27 141/141 31/31
f 139/139 138/138 144/144
f 139/139 144/144 145/145
f 138/138 27/27 30/30
f 138/138 30/30 144/144
f 132/132 139/139 145/145
f 132/132 145/145 146/146
f 112/112 132/132 146/146
f 112/112 146/146 113/113
f 142/142 147/147 148/148
f 142/142 148/148 143/143
f 147/147 41/41 44/44
f 147/147 44/44 148/148
f 89/89 86/86 97/97
f 89/89 97/97 149/149
f 150/150 89/89 149/149
f 150/150 149/149 151/151
f 152/152 150/150 151/151
f 152/152 151/151 153/153
f 154/154 152/152 153/153
f 154/154 153/153 155/155
f 150/150 152/152 156/156
f 150/150 156/156 157/157
f 152/152 154/154 158/158
f 152/152 158/158 156/156
f 47/47 154/154 155/155
f 47/47 155/155 159/159
f 154/154 47/47 48/48
f 154/154 48/48 158/158
f 38/38 47/47 159/159
f 38/38 159/159 39/39
f 89/89 150/150 157/157
f 89/89 157/157 90/90
f 160/160 161/161 162/162
f 160/160 162/162 163/163
f 164/164 165/165 166/166
f 164/164 166/166 167/167
f 164/164 167/167 168/168
f 164/164 168/168 169/169
f 164/164 169/169 170/170
f 164/164 170/170 171/171
f 164/164 171/171 172/172
f 164/164 172/172 173/173
f 164/164 173/173 174/174
f 164/164 174/174 175/175
f 164/164 175/175 176/176
f 164/164 176/176 177/177
f 164/164 177/177 178/178
f 164/164 178/178 179/179
f 164/164 179/179 180/180
f 164/164 180/180 181/181
f 164/164 181/181 182/182
f 164/164 182/182 183/183
f 164/164 183/183 184/184
f 164/164 184/184 185/185
f 164/164 185/185 186/186
f 164/164 186/186 187/187
f 164/164 187/187 188/188
f 164/164 188/188 189/189
f 164/164 189/189 190/190
f 164/164 190/190 191/191
f 164/164 191/191 192/192
f 164/164 192/192 193/193
f 164/164 193/193 194/194
f 164/164 194/194 195/195
f 164/164 195/195 196/196
f 164/164 196/196 197/197
f 164/164 197/197 198/198
f 164/164 198/198 199/199
f 164/164 199/199 200/200
f 164/164 200/200 201/201
f 202/202 203/203 204/204
f 202/202 204/204 205/205
f 206/206 207/207 208/208
f 206/206 208/208 209/209
f 210/210 211/211 212/212
f 210/210 212/212 213/213
f 210/210 213/213 214/214
f 215/215 202/202 205/205
f 215/215 205/205 216/216
f 217/217 218/218 210/210
f 217/217 210/210 214/214
f 217/217 214/214 219/219
f 217/217 219/219 220/220
f 221/221 215/215 216/216
f 221/221 216/216 216/216
f 221/221 216/216 222/222
f 223/223 224/224 217/217
f 223/223 217/217 220/220
f 223/223 220/220 225/225
f 223/223 225/225 226/226
f 223/223 226/226 227/227
f 223/223 227/227 228/228
f 229/229 221/221 222/222
f 229/229 222/222 230/230
f 229/229 230/230 231/231
f 232/232 233/233 223/223
f 232/232 223/223 228/228
f 232/232 228/228 234/234
f 232/232 234/234 235/235
f 232/232 235/235 236/236
f 232/232 236/236 237/237
f 232/232 237/237 238/238
f 239/239 240/240 241/241
f 239/239 241/241 242/242
f 239/239 242/242 243/243
f 244/244 239/239 243/243
f 244/244 243/243 245/245
f 244/244 245/245 246/246
f 247/247 244/244 246/246
f 247/247 246/246 248/248
f 247/247 248/248 249/249
f 247/247 249/249 250/250
f 251/251 252/252 253/253
f 251/251 253/253 254/254
f 251/251 254/254 255/255
f 251/251 255/255 256/256
f 253/253 257/257 258/258
f 253/253 258/258 259/259
f 253/253 259/259 254/254
f 258/258 260/260 261/261
f 258/258 261/261 262/262
f 258/258 262/262 263/263
f 258/258 263/263 259/259
f 250/250 264/264 265/265
f 250/250 265/265 266/266
f 250/250 266/266 267/267
f 250/250 267/267 268/268
f 250/250 268/268 269/269
f 250/250 269/269 270/270
f 250/250 270/270 271/271
f 250/250 271/271 272/272
f 250/250 272/272 273/273
f 250/250 273/273 274/274
f 250/250 274/274 275/275
f 250/250 275/275 276/276
f 250/250 276/276 277/277
f 250/250 277/277 278/278
f 250/250 278/278 279/279
f 250/250 279/279 280/280
f 250/250 280/280 280/280
f 250/250 280/280 280/280
f 250/250 280/280 280/280
f 250/250 280/280 280/280
f 250/250 280/280 280/280
f 250/250 280/280 280/280
f 250/250 280/280 280/280
f 250/250 280/280 280/280
f 250/250 280/280 280/280
f 250/250 280/280 281/281
f 250/250 281/281 282/282
f 250/250 282/282 283/283
f 250/250 283/283 247/247
f 261/261 284/284 285/285
f 261/261 285/285 286/286
f 261/261 286/286 287/287
f 261/261 287/287 288/288
f 261/261 288/288 288/288
f 261/261 288/288 289/289
f 261/261 289/289 289/289
f 261/261 289/289 289/289
f 261/261 289/289 289/289
f 261/261 289/289 289/289
f 261/261 289/289 289/289
f 261/261 289/289 289/289
f 261/261 289/289 290/290
f 261/261 290/290 291/291
f 261/261 291/291 292/292
f 261/261 292/292 293/293
f 261/261 293/293 294/294
f 261/261 294/294 295/295
f 261/261 295/295 296/296
f 261/261 296/296 297/297
f 261/261 297/297 298/298
f 261/261 298/298 299/299
f 261/261 299/299 300/300
f 261/261 300/300 301/301
f 261/261 301/301 302/302
f 261/261 302/302 303/303
f 261/261 303/303 304/304
f 261/261 304/304 305/305
f 261/261 305/305 262/262
f 306/306 307/307 308/308
f 306/306 308/308 309/309
f 306/306 309/309 310/310
f 306/306 310/310 311/311
f 308/308 312/312 313/313
f 308/308 313/313 314/314
f 308/308 314/314 315/315
f 308/308 315/315 309/309
f 316/316 317/317 318/318
f 316/316 318/318 319/319
f 316/316 319/319 320/320
f 321/321 322/322 323/323
f 321/321 323/323 324/324
f 321/321 324/324 325/325
f 326/326 327/327 328/328
f 326/326 328/328 329/329
f 326/326 329/329 330/330
f 331/331 332/332 333/333
f 331/331 333/333 334/334
f 335/335 336/336 337/337
f 335/335 337/337 338/338
f 335/335 338/338 339/339
f 335/335 339/339 340/340
f 335/335 340/340 341/341
f 335/335 341/341 342/342
f 325/325 343/343 344/344
f 325/325 344/344 345/345
f 325/325 345/345 346/346
f 325/325 346/346 347/347
f 325/325 347/347 348/348
f 325/325 348/348 349/349
f 325/325 349/349 350/350
f 325/325 350/350 321/321
f 351/351 352/352 353/353
f 351/351 353/353 354/354
f 355/355 351/351 354/354
f 355/355 354/354 356/356
f 355/355 356/356 357/357
f 357/357 358/358 359/359
f 357/357 359/359 360/360
f 357/357 360/360 361/361
f 357/357 361/361 355/355
f 362/362 363/363 364/364
f 362/362 364/364 365/365
f 362/362 365/365 366/366
f 367/367 362/362 366/366
f 367/367 366/366 368/368
f 369/369 370/370 371/371
f 369/369 371/371 367/367
f 369/369 367/367 368/368
f 372/372 373/373 374/374
f 372/372 374/374 375/375
f 372/372 375/375 376/376
f 372/372 376/376 377/377
f 372/372 377/377 378/378
f 372/372 378/378 379/379
f 372/372 379/379 380/380
f 372/372 380/380 381/381
f 382/382 383/383 384/384
f 382/382 384/384 385/385
f 382/382 385/385 386/386
f 382/382 386/386 387/387
f 382/382 387/387 388/388
f 382/382 388/388 389/389
f 382/382 389/389 390/390
f 382/382 390/390 391/391
f 382/382 391/391 392/392
f 382/382 392/392 393/393
f 382/382 393/393 394/394
f 382/382 394/394 395/395
f 382/382 395/395 396/396
f 397/397 369/369 368/368
f 397/397 368/368 398/398
f 399/399 400/400 397/397
f 399/399 397/397 398/398
f 401/401 402/402 403/403
f 401/401 403/403 404/404
f 405/405 406/406 407/407
f 405/405 407/407 408/408
f 405/405 408/408 409/409
f 405/405 409/409 410/410
f 411/411 412/412 399/399
f 411/411 399/399 398/398
f 411/411 398/398 413/413
f 409/409 414/414 415/415
f 409/409 415/415 416/416
f 409/409 416/416 410/410
f 417/417 418/418 410/410
f 417/417 410/410 416/416
f 419/419 405/405 410/410
f 419/419 410/410 418/418
f 420/420 401/401 404/404
f 420/420 404/404 421/421
f 420/420 421/421 422/422
f 420/420 422/422 423/423
f 424/424 425/425 426/426
f 424/424 426/426 419/419
f 424/424 419/419 418/418
f 420/420 423/423 427/427
f 420/420 427/427 428/428
f 420/420 428/428 429/429
f 420/420 429/429 430/430
f 401/401 420/420 430/430
f 401/401 430/430 431/431
f 401/401 431/431 432/432
f 401/401 432/432 402/402
f 433/433 432/432 431/431
f 433/433 431/431 434/434
f 431/431 430/430 435/435
f 431/431 435/435 434/434
f 436/436 437/437 438/438
f 436/436 438/438 439/439
f 436/436 439/439 434/434
f 436/436 434/434 435/435
f 439/439 440/440 433/433
f 439/439 433/433 434/434
f 441/441 442/442 443/443
f 441/441 443/443 444/444
f 441/441 444/444 445/445
f 441/441 445/445 446/446
f 441/441 446/446 447/447
f 441/441 447/447 448/448
f 441/441 448/448 449/449
f 441/441 449/449 385/385
f 441/441 385/385 384/384
f 441/441 384/384 450/450
f 441/441 450/450 451/451
f 441/441 451/451 452/452
f 441/441 452/452 453/453
f 454/454 455/455 456/456
f 454/454 456/456 457/457
f 454/454 457/457 458/458
f 454/454 458/458 459/459
f 460/460 461/461 462/462
f 460/460 462/462 463/463
f 460/460 464/464 465/465
f 460/460 465/465 461/461
f 466/466 460/460 463/463
f 466/466 463/463 467/467
f 466/466 467/467 468/468
f 464/464 460/460 466/466
f 464/464 466/466 469/469
f 464/464 469/469 470/470
f 464/464 470/470 471/471
f 464/464 471/471 472/472
f 464/464 472/472 473/473
f 464/464 473/473 465/465
f 474/474 475/475 476/476
f 474/474 476/476 477/477
f 474/474 477/477 478/478
f 474/474 478/478 479/479
f 480/480 481/481 482/482
f 480/480 482/482 483/483
f 480/480 483/483 484/484
f 480/480 484/484 485/485
f 480/480 485/485 486/486
f 480/480 486/486 487/487
f 480/480 487/487 488/488
f 480/480 488/488 489/489
f 490/490 491/491 492/492
f 490/490 492/492 493/493
f 490/490 493/493 494/494
f 490/490 494/494 495/495
f 490/490 495/495 496/496
f 490/490 496/496 497/497
f 490/490 497/497 498/498
f 490/490 498/498 499/499
f 500/500 501/501 502/502
f 500/500 502/502 503/503
f 500/500 503/503 504/504
f 505/505 506/506 507/507
f 505/505 507/507 508/508
f 505/505 508/508 509/509
f 510/510 505/505 509/509
f 510/510 509/509 511/511
f 510/510 511/511 512/512
f 513/513 514/514 500/500
f 513/513 500/500 504/504
f 513/513 504/504 515/515
f 512/512 516/516 517/517
f 512/512 517/517 518/518
f 512/512 518/518 519/519
f 512/512 519/519 520/520
f 512/512 520/520 521/521
f 512/512 521/521 522/522
f 512/512 522/522 523/523
f 512/512 523/523 523/523
f 512/512 523/523 523/523
f 512/512 523/523 523/523
f 512/512 523/523 524/524
f 512/512 524/524 525/525
f 512/512 525/525 525/525
f 512/512 525/525 525/525
f 512/512 525/525 525/525
f 512/512 525/525 522/522
f 512/512 522/522 526/526
f 512/512 526/526 527/527
f 512/512 527/527 528/528
f 512/512 528/528 529/529
f 512/512 529/529 530/530
f 512/512 530/530 510/510
f 515/515 531/531 532/532
f 515/515 532/532 533/533
f 515/515 533/533 534/534
f 515/515 534/534 535/535
f 515/515 535/535 535/535
f 515/515 535/535 535/535
f 515/515 535/535 535/535
f 515/515 535/535 536/536
f 515/515 536/536 537/537
f 515/515 537/537 537/537
f 515/515 537/537 537/537
f 515/515 537/537 537/537
f 515/515 537/537 538/538
f 515/515 538/538 535/535
f 515/515 535/535 536/536
f 515/515 536/536 539/539
f 515/515 539/539 540/540
f 515/515 540/540 541/541
f 515/515 541/541 542/542
f 515/515 542/542 513/513
f 543/543 544/544 545/545
f 543/543 545/545 546/546
f 543/543 546/546 547/547
f 499/499 548/548 549/549
f 499/499 549/549 550/550
f 499/499 550/550 490/490
f 547/547 551/551 552/552
f 547/547 552/552 553/553
f 547/547 553/553 543/543
f 554/554 555/555 556/556
f 554/554 556/556 557/557
f 554/554 557/557 558/558
f 559/559 554/554 558/558
f 559/559 558/558 560/560
f 559/559 560/560 561/561
f 559/559 561/561 562/562
f 554/554 559/559 563/563
f 554/554 563/563 564/564
f 554/554 564/564 565/565
f 554/554 565/565 566/566
f 554/554 566/566 555/555
f 567/567 566/566 565/565
f 567/567 565/565 568/568
f 510/510 530/530 569/569
f 510/510 569/569 570/570
f 510/510 570/570 571/571
f 510/510 571/571 572/572
f 510/510 572/572 573/573
f 510/510 573/573 573/573
f 510/510 573/573 573/573
f 510/510 573/573 573/573
f 510/510 573/573 574/574
f 510/510 574/574 575/575
f 510/510 575/575 575/575
f 510/510 575/575 575/575
f 510/510 575/575 575/575
f 510/510 575/575 576/576
f 510/510 576/576 573/573
f 510/510 573/573 577/577
f 510/510 577/577 578/578
f 510/510 578/578 579/579
f 510/510 579/579 580/580
f 510/510 580/580 581/581
f 510/510 581/581 582/582
f 510/510 582/582 583/583
f 584/584 585/585 586/586
f 584/584 586/586 567/567
f 584/584 567/567 568/568
f 587/587 588/588 589/589
f 587/587 589/589 590/590
f 587/587 590/590 591/591
f 592/592 593/593 594/594
f 592/592 594/594 595/595
f 592/592 595/595 596/596
f 592/592 596/596 597/597
f 592/592 597/597 598/598
f 592/592 598/598 599/599
f 592/592 599/599 599/599
f 592/592 599/599 599/599
f 592/592 599/599 599/599
f 592/592 599/599 600/600
f 592/592 600/600 597/597
f 592/592 597/597 597/597
f 592/592 597/597 597/597
f 592/592 597/597 597/597
f 592/592 597/597 601/601
f 592/592 601/601 602/602
f 592/592 602/602 603/603
f 592/592 603/603 570/570
f 592/592 570/570 604/604
f 592/592 604/604 605/605
f 591/591 606/606 607/607
f 591/591 607/607 608/608
f 591/591 608/608 587/587
f 609/609 610/610 611/611
f 609/609 611/611 584/584
f 609/609 584/584 568/568
f 609/609 568/568 612/612
f 613/613 614/614 615/615
f 613/613 615/615 616/616
f 613/613 616/616 617/617
f 618/618 619/619 620/620
f 618/618 620/620 621/621
f 618/618 621/621 622/622
f 618/618 622/622 623/623
f 618/618 623/623 624/624
f 618/618 624/624 625/625
f 618/618 625/625 626/626
f 618/618 626/626 627/627
f 618/618 627/627 628/628
f 618/618 628/628 629/629
f 618/618 629/629 630/630
f 618/618 630/630 631/631
f 618/618 631/631 632/632
f 618/618 632/632 633/633
f 618/618 633/633 634/634
f 618/618 634/634 634/634
f 618/618 634/634 635/635
f 618/618 635/635 635/635
f 618/618 635/635 635/635
f 618/618 635/635 635/635
f 618/618 635/635 635/635
f 618/618 635/635 635/635
f 618/618 635/635 635/635
f 618/618 635/635 635/635
f 618/618 635/635 635/635
f 618/618 635/635 636/636
f 618/618 636/636 637/637
f 618/618 637/637 638/638
f 618/618 638/638 639/639
f 640/640 641/641 642/642
f 640/640 642/642 643/643
f 640/640 643/643 644/644
f 640/640 644/644 645/645
f 640/640 645/645 645/645
f 640/640 645/645 646/646
f 640/640 646/646 646/646
f 640/640 646/646 646/646
f 640/640 646/646 646/646
f 640/640 646/646 646/646
f 640/640 646/646 646/646
f 640/640 646/646 646/646
f 640/640 646/646 647/647
f 640/640 647/647 648/648
f 640/640 648/648 649/649
f 640/640 649/649 650/650
f 640/640 650/650 651/651
f 640/640 651/651 652/652
f 640/640 652/652 653/653
f 640/640 653/653 654/654
f 640/640 654/654 655/655
f 640/640 655/655 656/656
f 640/640 656/656 657/657
f 640/640 657/657 658/658
f 640/640 658/658 659/659
f 640/640 659/659 660/660
f 640/640 660/660 661/661
f 640/640 661/661 662/662
f 640/640 662/662 663/663
f 640/640 663/663 664/664
f 640/640 664/664 665/665
f 666/666 667/667 668/668
f 666/666 668/668 669/669
f 666/666 669/669 670/670
f 666/666 670/670 671/671
f 671/671 672/672 673/673
f 671/671 673/673 674/674
f 671/671 674/674 675/675
f 671/671 675/675 666/666
f 676/676 677/677 678/678
f 676/676 678/678 679/679
f 676/676 679/679 680/680
f 676/676 680/680 681/681
f 676/676 681/681 681/681
f 676/676 681/681 681/681
f 676/676 681/681 681/681
f 676/676 681/681 682/682
f 676/676 682/682 683/683
f 676/676 683/683 683/683
f 676/676 683/683 684/684
f 676/676 684/684 682/682
f 676/676 682/682 685/685
f 676/676 685/685 686/686
f 676/676 686/686 687/687
f 676/676 687/687 688/688
f 676/676 688/688 689/689
f 676/676 689/689 690/690
f 676/676 690/690 691/691
f 676/676 691/691 692/692
f 676/676 692/692 693/693
f 693/693 694/694 695/695
f 693/693 695/695 696/696
f 693/693 696/696 697/697
f 693/693 697/697 698/698
f 693/693 698/698 699/699
f 693/693 699/699 699/699
f 693/693 699/699 699/699
f 693/693 699/699 699/699
f 693/693 699/699 699/699
f 693/693 699/699 699/699
f 693/693 699/699 699/699
f 693/693 699/699 699/699
f 693/693 699/699 699/699
f 693/693 699/699 700/700
f 693/693 700/700 701/701
f 693/693 701/701 702/702
f 693/693 702/702 703/703
f 693/693 703/703 704/704
f 693/693 704/704 705/705
f 693/693 705/705 676/676
f 706/706 707/707 708/708
f 706/706 708/708 709/709
f 706/706 709/709 710/710
f 706/706 710/710 711/711
f 706/706 711/711 712/712
f 706/706 712/712 713/713
f 706/706 713/713 714/714
f 706/706 714/714 715/715
f 716/716 717/717 718/718
f 716/716 718/718 719/719
f 716/716 719/719 720/720
f 716/716 720/720 721/721
f 716/716 721/721 722/722
f 716/716 722/722 723/723
f 716/716 723/723 723/723
f 716/716 723/723 723/723
f 716/716 723/723 723/723
f 716/716 723/723 723/723
f 716/716 723/723 723/723
f 716/716 723/723 723/723
f 716/716 723/723 723/723
f 716/716 723/723 723/723
f 716/716 723/723 724/724
f 716/716 724/724 725/725
f 716/716 725/725 726/726
f 716/716 726/726 727/727
f 716/716 727/727 728/728
f 716/716 728/728 729/729
f 716/716 729/729 730/730
f 731/731 732/732 733/733
f 731/731 733/733 734/734
f 731/731 734/734 735/735
f 731/731 735/735 736/736
f 737/737 738/738 739/739
f 737/737 739/739 731/731
f 737/737 731/731 736/736
f 737/737 736/736 740/740
f 741/741 742/742 743/743
f 741/741 743/743 744/744
f 741/741 744/744 745/745
f 745/745 746/746 747/747
f 745/745 747/747 748/748
f 745/745 748/748 741/741
f 746/746 749/749 750/750
f 746/746 750/750 751/751
f 746/746 751/751 747/747
f 740/740 752/752 753/753
f 740/740 753/753 737/737
f 754/754 755/755 756/756
f 754/754 756/756 757/757
f 754/754 757/757 758/758
f 754/754 758/758 759/759
f 754/754 759/759 760/760
f 754/754 760/760 761/761
f 754/754 761/761 762/762
f 754/754 762/762 763/763
f 754/754 763/763 764/764
f 754/754 764/764 765/765
f 754/754 765/765 766/766
f 754/754 766/766 767/767
f 754/754 767/767 768/768
f 754/754 768/768 769/769
f 754/754 769/769 770/770
f 754/754 770/770 771/771
f 754/754 771/771 772/772
f 754/754 772/772 773/773
f 754/754 773/773 774/774
f 754/754 774/774 775/775
f 754/754 775/775 776/776
f 754/754 776/776 777/777
f 754/754 777/777 778/778
f 754/754 778/778 779/779
f 754/754 779/779 780/780
f 754/754 780/780 781/781
f 639/639 782/782 783/783
f 639/639 783/783 784/784
f 639/639 784/784 618/618
f 785/785 786/786 787/787
f 785/785 787/787 788/788
f 785/785 788/788 789/789
f 785/785 789/789 790/790
f 785/785 790/790 791/791
f 785/785 791/791 792/792
f 793/793 788/788 787/787
f 793/793 787/787 794/794
f 793/793 794/794 795/795
f 796/796 797/797 798/798
f 796/796 798/798 799/799
f 796/796 799/799 800/800
f 800/800 801/801 802/802
f 800/800 802/802 803/803
f 800/800 803/803 796/796
f 797/797 804/804 805/805
f 797/797 805/805 805/805
f 797/797 805/805 798/798
f 804/804 806/806 807/807
f 804/804 807/807 805/805
f 808/808 793/793 795/795
f 808/808 795/795 795/795
f 808/808 795/795 809/809
f 809/809 810/810 811/811
f 809/809 811/811 808/808
f 806/806 812/812 813/813
f 806/806 813/813 807/807
f 814/814 815/815 816/816
f 814/814 816/816 817/817
f 817/817 818/818 819/819
f 817/817 819/819 814/814
f 820/820 821/821 822/822
f 820/820 822/822 823/823
f 823/823 824/824 825/825
f 823/823 825/825 820/820
f 824/824 826/826 827/827
f 824/824 827/827 825/825
f 828/828 829/829 830/830
f 828/828 830/830 831/831
f 828/828 831/831 827/827
f 828/828 827/827 826/826
f 828/828 826/826 832/832
f 833/833 834/834 835/835
f 833/833 835/835 836/836
f 837/837 838/838 833/833
f 837/837 833/833 836/836
f 837/837 836/836 839/839
f 832/832 840/840 841/841
f 832/832 841/841 842/842
f 832/832 842/842 843/843
f 832/832 843/843 828/828
f 839/839 844/844 845/845
f 839/839 845/845 837/837
f 231/231 846/846 845/845
f 231/231 845/845 844/844
f 231/231 844/844 229/229
f 238/238 847/847 848/848
f 238/238 848/848 841/841
f 238/238 841/841 232/232
f 849/849 850/850 851/851
f 849/849 851/851 852/852
f 849/849 852/852 853/853
f 853/853 852/852 854/854
f 853/853 854/854 855/855
f 853/853 855/855 856/856
f 854/854 857/857 858/858
f 854/854 858/858 859/859
f 854/854 859/859 855/855
f 859/859 860/860 861/861
f 859/859 861/861 862/862
f 859/859 862/862 856/856
f 859/859 856/856 855/855
f 862/862 863/863 864/864
f 862/862 864/864 865/865
f 862/862 865/865 856/856
f 865/865 866/866 853/853
f 865/865 853/853 856/856
f 867/867 868/868 869/869
f 867/867 869/869 870/870
f 867/867 870/870 871/871
f 867/867 871/871 872/872
f 867/867 872/872 873/873
f 867/867 873/873 873/873
f 867/867 873/873 873/873
f 867/867 873/873 873/873
f 867/867 873/873 874/874
f 867/867 874/874 875/875
f 867/867 875/875 875/875
f 867/867 875/875 875/875
f 867/867 875/875 875/875
f 867/867 875/875 876/876
f 867/867 876/876 873/873
f 867/867 873/873 877/877
f 867/867 877/877 878/878
f 867/867 878/878 879/879
f 867/867 879/879 880/880
f 867/867 880/880 881/881
f 867/867 881/881 882/882
f 867/867 882/882 883/883
f 884/884 885/885 886/886
f 884/884 886/886 887/887
f 884/884 887/887 888/888
f 884/884 888/888 889/889
f 884/884 889/889 890/890
f 884/884 890/890 891/891
f 884/884 891/891 891/891
f 884/884 891/891 891/891
f 884/884 891/891 891/891
f 884/884 891/891 892/892
f 884/884 892/892 889/889
f 884/884 889/889 889/889
f 884/884 889/889 889/889
f 884/884 889/889 889/889
f 884/884 889/889 893/893
f 884/884 893/893 894/894
f 884/884 894/894 895/895
f 884/884 895/895 896/896
f 884/884 896/896 897/897
f 884/884 897/897 898/898
f 330/330 899/899 900/900
f 330/330 900/900 901/901
f 330/330 901/901 326/326
f 898/898 902/902 903/903
f 898/898 903/903 904/904
f 898/898 904/904 884/884
f 883/883 905/905 906/906
f 883/883 906/906 907/907
f 883/883 907/907 867/867
f 902/902 908/908 909/909
f 902/902 909/909 910/910
f 902/902 910/910 903/903
f 906/906 911/911 912/912
f 906/906 912/912 913/913
f 906/906 913/913 907/907
f 867/867 907/907 914/914
f 867/867 914/914 915/915
f 867/867 915/915 916/916
f 907/907 913/913 917/917
f 907/907 917/917 918/918
f 907/907 918/918 914/914
f 913/913 919/919 920/920
f 913/913 920/920 921/921
f 913/913 921/921 917/917
f 912/912 922/922 923/923
f 912/912 923/923 919/919
f 912/912 919/919 913/913
f 924/924 925/925 926/926
f 924/924 926/926 927/927
f 928/928 929/929 930/930
f 928/928 930/930 931/931
f 928/928 931/931 932/932
f 933/933 925/925 924/924
f 933/933 924/924 934/934
f 934/934 935/935 936/936
f 934/934 936/936 937/937
f 934/934 937/937 933/933
f 933/933 937/937 938/938
f 933/933 938/938 939/939
f 933/933 939/939 940/940
f 940/940 941/941 925/925
f 940/940 925/925 933/933
f 942/942 943/943 944/944
f 942/942 944/944 945/945
f 942/942 945/945 946/946
f 947/947 948/948 949/949
f 947/947 949/949 950/950
f 947/947 950/950 951/951
f 947/947 951/951 952/952
f 947/947 952/952 953/953
f 947/947 953/953 954/954
f 947/947 954/954 955/955
f 947/947 955/955 956/956
f 957/957 926/926 925/925
f 957/957 925/925 941/941
f 958/958 959/959 960/960
f 958/958 960/960 961/961
f 958/958 961/961 962/962
f 958/958 962/962 963/963
f 958/958 963/963 964/964
f 958/958 964/964 965/965
f 958/958 965/965 966/966
f 958/958 966/966 967/967
f 958/958 967/967 968/968
f 958/958 968/968 969/969
f 958/958 969/969 970/970
f 958/958 970/970 971/971
f 958/958 971/971 972/972
f 973/973 974/974 975/975
f 973/973 975/975 976/976
f 973/973 976/976 977/977
f 978/978 979/979 980/980
f 978/978 980/980 981/981
f 978/978 981/981 982/982
f 978/978 982/982 983/983
f 973/973 984/984 985/985
f 973/973 985/985 974/974
f 984/984 986/986 987/987
f 984/984 987/987 988/988
f 984/984 988/988 985/985
f 983/983 989/989 990/990
f 983/983 990/990 991/991
f 983/983 991/991 978/978
f 986/986 992/992 993/993
f 986/986 993/993 994/994
f 986/986 994/994 995/995
f 986/986 995/995 996/996
f 986/986 996/996 997/997
f 986/986 997/997 987/987
f 986/986 998/998 999/999
f 986/986 999/999 1000/1000
f 986/986 1000/1000 992/992
f 984/984 1001/1001 998/998
f 984/984 998/998 986/986
f 1002/1002 1003/1003 1004/1004
f 1002/1002 1004/1004 1005/1005
f 1002/1002 1005/1005 1006/1006
f 1006/1006 1007/1007 1008/1008
f 1006/1006 1008/1008 1009/1009
f 1006/1006 1009/1009 1010/1010
f 1006/1006 1010/1010 1011/1011
f 1006/1006 1011/1011 1002/1002
f 998/998 1012/1012 1013/1013
f 998/998 1013/1013 999/999
f 1014/1014 1015/1015 1016/1016
f 1014/1014 1016/1016 1017/1017
f 1014/1014 1017/1017 1018/1018
f 1014/1014 1018/1018 1019/1019
f 1020/1020 1021/1021 1022/1022
f 1020/1020 1022/1022 1023/1023
f 1020/1020 1023/1023 1024/1024
f 1025/1025 1026/1026 1027/1027
f 1025/1025 1027/1027 1028/1028
f 1025/1025 1028/1028 1029/1029
f 1025/1025 1029/1029 1030/1030
f 1031/1031 1032/1032 1033/1033
f 1031/1031 1033/1033 1034/1034
f 1031/1031 1034/1034 1035/1035
f 1031/1031 1035/1035 1035/1035
f 1031/1031 1035/1035 1035/1035
f 1031/1031 1035/1035 1035/1035
f 1031/1031 1035/1035 1036/1036
f 1031/1031 1036/1036 1037/1037
f 1031/1031 1037/1037 1037/1037
f 1031/1031 1037/1037 1038/1038
f 1031/1031 1038/1038 1036/1036
f 1031/1031 1036/1036 1039/1039
f 1031/1031 1039/1039 1040/1040
f 1031/1031 1040/1040 1041/1041
f 1031/1031 1041/1041 1042/1042
f 1031/1031 1042/1042 1043/1043
f 1031/1031 1043/1043 1044/1044
f 1031/1031 1044/1044 1045/1045
f 1031/1031 1045/1045 1046/1046
f 1047/1047 1048/1048 1049/1049
f 1047/1047 1049/1049 1050/1050
f 1047/1047 1050/1050 1051/1051
f 1047/1047 1051/1051 1052/1052
f 1047/1047 1052/1052 1053/1053
f 1047/1047 1053/1053 1054/1054
f 1047/1047 1054/1054 1055/1055
f 1047/1047 1055/1055 1056/1056
f 1047/1047 1056/1056 1057/1057
f 1047/1047 1057/1057 1057/1057
f 1047/1047 1057/1057 1058/1058
f 1047/1047 1058/1058 1059/1059
f 1047/1047 1059/1059 1059/1059
f 1047/1047 1059/1059 1059/1059
f 1047/1047 1059/1059 1059/1059
f 1047/1047 1059/1059 1056/1056
f 1047/1047 1056/1056 1060/1060
f 1047/1047 1060/1060 1061/1061
f 1047/1047 1061/1061 1062/1062
f 1047/1047 1062/1062 1063/1063
f 1047/1047 1063/1063 1064/1064
f 1065/1065 1066/1066 1067/1067
f 1065/1065 1067/1067 1068/1068
f 1046/1046 1069/1069 1070/1070
f 1046/1046 1070/1070 1071/1071
f 1046/1046 1071/1071 1072/1072
f 1046/1046 1072/1072 1073/1073
f 1046/1046 1073/1073 1074/1074
f 1046/1046 1074/1074 1074/1074
f 1046/1046 1074/1074 1074/1074
f 1046/1046 1074/1074 1074/1074
f 1046/1046 1074/1074 1074/1074
f 1046/1046 1074/1074 1074/1074
f 1046/1046 1074/1074 1074/1074
f 1046/1046 1074/1074 1074/1074
f 1046/1046 1074/1074 1074/1074
f 1046/1046 1074/1074 1075/1075
f 1046/1046 1075/1075 1076/1076
f 1046/1046 1076/1076 1077/1077
f 1046/1046 1077/1077 1078/1078
f 1046/1046 1078/1078 1079/1079
f 1046/1046 1079/1079 1080/1080
f 1046/1046 1080/1080 1081/1081
f 1046/1046 1081/1081 1031/1031
f 1064/1064 1082/1082 1083/1083
f 1064/1064 1083/1083 1084/1084
f 1064/1064 1084/1084 1085/1085
f 1064/1064 1085/1085 1086/1086
f 1064/1064 1086/1086 1087/1087
f 1064/1064 1087/1087 1088/1088
f 1064/1064 1088/1088 1088/1088
f 1064/1064 1088/1088 1088/1088
f 1064/1064 1088/1088 1088/1088
f 1064/1064 1088/1088 1088/1088
f 1064/1064 1088/1088 1088/1088
f 1064/1064 1088/1088 1088/1088
f 1064/1064 1088/1088 1088/1088
f 1064/1064 1088/1088 1089/1089
f 1064/1064 1089/1089 1090/1090
f 1064/1064 1090/1090 1091/1091
f 1064/1064 1091/1091 1092/1092
f 1064/1064 1092/1092 1093/1093
f 1064/1064 1093/1093 1094/1094
f 1064/1064 1094/1094 1047/1047
f 1095/1095 1096/1096 1097/1097
f 1095/1095 1097/1097 1098/1098
f 1095/1095 1098/1098 1099/1099
f 1095/1095 1099/1099 1100/1100
f 1095/1095 1100/1100 1101/1101
f 1095/1095 1101/1101 1102/1102
f 1095/1095 1102/1102 1103/1103
f 1095/1095 1103/1103 1104/1104
f 1105/1105 1025/1025 1030/1030
f 1105/1105 1030/1030 1106/1106
f 1105/1105 1106/1106 1107/1107
f 1105/1105 1107/1107 1108/1108
f 1108/1108 1109/1109 1110/1110
f 1108/1108 1110/1110 1105/1105
f 1111/1111 1112/1112 1113/1113
f 1111/1111 1113/1113 1114/1114
f 1111/1111 1114/1114 1115/1115
f 1116/1116 1117/1117 1118/1118
f 1116/1116 1118/1118 1119/1119
f 1116/1116 1120/1120 1121/1121
f 1116/1116 1121/1121 1117/1117
f 1014/1014 1116/1116 1119/1119
f 1014/1014 1119/1119 1015/1015
f 1014/1014 1122/1122 1120/1120
f 1014/1014 1120/1120 1116/1116
f 1122/1122 1014/1014 1019/1019
f 1122/1122 1019/1019 1123/1123
f 1122/1122 1124/1124 1125/1125
f 1122/1122 1125/1125 1120/1120
f 1124/1124 1122/1122 1123/1123
f 1124/1124 1123/1123 1126/1126
f 1124/1124 1126/1126 1127/1127
f 998/998 1001/1001 1128/1128
f 998/998 1128/1128 1129/1129
f 998/998 1129/1129 1130/1130
f 998/998 1130/1130 1012/1012
f 1001/1001 1131/1131 1132/1132
f 1001/1001 1132/1132 1133/1133
f 1001/1001 1133/1133 1128/1128
f 1124/1124 1127/1127 1134/1134
f 1124/1124 1134/1134 1135/1135
f 1124/1124 1135/1135 1136/1136
f 1124/1124 1136/1136 1137/1137
f 1131/1131 1138/1138 1139/1139
f 1131/1131 1139/1139 1132/1132
f 973/973 1131/1131 1001/1001
f 973/973 1001/1001 984/984
f 1131/1131 973/973 977/977
f 1131/1131 977/977 1138/1138
f 1140/1140 1141/1141 1142/1142
f 1140/1140 1142/1142 1143/1143
f 1142/1142 1144/1144 1145/1145
f 1142/1142 1145/1145 1143/1143
f 1146/1146 1145/1145 1144/1144
f 1146/1146 1144/1144 1147/1147
f 1148/1148 1149/1149 968/968
f 1148/1148 968/968 967/967
f 1148/1148 967/967 1150/1150
f 1148/1148 1150/1150 1151/1151
f 1148/1148 1151/1151 1152/1152
f 1148/1148 1152/1152 1153/1153
f 1148/1148 1153/1153 1154/1154
f 1148/1148 1154/1154 1155/1155
f 1148/1148 1155/1155 1156/1156
f 1148/1148 1156/1156 1157/1157
f 1148/1148 1157/1157 1158/1158
f 1148/1148 1158/1158 1159/1159
f 1148/1148 1159/1159 1160/1160
f 1161/1161 1162/1162 1163/1163
f 1161/1161 1163/1163 1164/1164
f 1165/1165 1163/1163 1162/1162
f 1165/1165 1162/1162 1166/1166
f 1166/1166 1167/1167 1168/1168
f 1166/1166 1168/1168 1165/1165
f 1167/1167 1169/1169 1170/1170
f 1167/1167 1170/1170 1168/1168
f 1169/1169 1171/1171 1172/1172
f 1169/1169 1172/1172 1170/1170
f 1171/1171 1173/1173 1174/1174
f 1171/1171 1174/1174 1175/1175
f 1171/1171 1175/1175 1176/1176
f 1171/1171 1176/1176 1177/1177
f 1171/1171 1177/1177 1178/1178
f 1171/1171 1178/1178 1179/1179
f 1171/1171 1179/1179 1172/1172
f 1180/1180 1181/1181 1182/1182
f 1182/1182 1183/1183 1184/1184
f 1182/1182 1184/1184 1185/1185
f 1182/1182 1185/1185 1180/1180
f 1184/1184 1186/1186 1187/1187
f 1184/1184 1187/1187 1188/1188
f 1184/1184 1188/1188 1185/1185
f 1189/1189 1190/1190 1191/1191
f 1189/1189 1191/1191 1192/1192
f 1189/1189 1192/1192 1193/1193
f 1189/1189 1193/1193 1194/1194
f 1189/1189 1194/1194 1195/1195
f 1189/1189 1195/1195 1196/1196
f 1189/1189 1196/1196 1197/1197
f 1189/1189 1197/1197 1198/1198
f 1199/1199 1200/1200 1201/1201
f 1199/1199 1201/1201 1202/1202
f 1199/1199 1202/1202 1203/1203
f 1204/1204 1205/1205 1206/1206
f 1204/1204 1206/1206 1207/1207
f 1204/1204 1207/1207 1208/1208
f 1204/1204 1208/1208 1209/1209
f 1202/1202 1210/1210 1211/1211
f 1202/1202 1211/1211 1203/1203
f 1210/1210 1212/1212 1213/1213
f 1210/1210 1213/1213 1214/1214
f 1210/1210 1214/1214 1211/1211
f 1214/1214 1215/1215 1216/1216
f 1214/1214 1216/1216 1211/1211
f 1211/1211 1216/1216 1217/1217
f 1211/1211 1217/1217 1203/1203
f 1218/1218 1219/1219 1220/1220
f 1218/1218 1220/1220 1221/1221
f 1218/1218 1221/1221 1216/1216
f 1218/1218 1216/1216 1215/1215
f 1221/1221 1222/1222 1223/1223
f 1221/1221 1223/1223 1217/1217
f 1221/1221 1217/1217 1216/1216
f 1224/1224 1225/1225 1226/1226
f 1224/1224 1226/1226 1227/1227
f 1224/1224 1227/1227 1228/1228
f 1229/1229 1230/1230 1231/1231
f 1229/1229 1231/1231 1232/1232
f 1229/1229 1232/1232 1224/1224
f 1229/1229 1224/1224 1228/1228
f 1223/1223 1233/1233 1234/1234
f 1223/1223 1234/1234 1217/1217
f 1146/1146 1147/1147 1235/1235
f 1146/1146 1235/1235 1236/1236
f 1237/1237 1146/1146 1236/1236
f 1237/1237 1236/1236 1238/1238
f 1237/1237 1238/1238 1239/1239
f 1237/1237 1239/1239 1240/1240
f 1146/1146 1237/1237 1241/1241
f 1146/1146 1241/1241 1145/1145
f 1237/1237 1240/1240 1242/1242
f 1237/1237 1242/1242 1243/1243
f 1237/1237 1243/1243 1244/1244
f 1237/1237 1244/1244 1241/1241
f 1241/1241 1244/1244 1245/1245
f 1241/1241 1245/1245 1246/1246
f 1245/1245 1247/1247 1248/1248
f 1245/1245 1248/1248 1246/1246
f 1125/1125 1249/1249 1250/1250
f 1125/1125 1250/1250 1251/1251
f 1125/1125 1251/1251 1252/1252
f 1120/1120 1125/1125 1252/1252
f 1120/1120 1252/1252 1121/1121
f 1125/1125 1124/1124 1137/1137
f 1125/1125 1137/1137 1249/1249
f 1248/1248 1253/1253 1254/1254
f 1248/1248 1254/1254 1140/1140
f 1248/1248 1140/1140 1143/1143
f 1248/1248 1143/1143 1246/1246
f 1145/1145 1241/1241 1246/1246
f 1145/1145 1246/1246 1143/1143
f 1255/1255 1256/1256 1257/1257
f 1255/1255 1257/1257 1258/1258
f 1255/1255 1258/1258 1259/1259
f 1260/1260 1255/1255 1259/1259
f 1260/1260 1259/1259 1261/1261
f 1262/1262 1260/1260 1261/1261
f 1262/1262 1261/1261 1263/1263
f 1264/1264 1265/1265 1262/1262
f 1264/1264 1262/1262 1263/1263
f 1263/1263 1261/1261 1227/1227
f 1263/1263 1227/1227 1266/1266
f 1267/1267 1264/1264 1263/1263
f 1267/1267 1263/1263 1266/1266
f 1226/1226 1268/1268 1266/1266
f 1226/1226 1266/1266 1227/1227
f 1268/1268 1269/1269 1270/1270
f 1268/1268 1270/1270 1271/1271
f 1268/1268 1271/1271 1267/1267
f 1268/1268 1267/1267 1266/1266
f 1272/1272 1273/1273 1218/1218
f 1272/1272 1218/1218 1215/1215
f 1274/1274 1275/1275 1276/1276
f 1274/1274 1276/1276 1277/1277
f 1274/1274 1277/1277 1278/1278
f 1274/1274 1278/1278 1279/1279
f 1274/1274 1279/1279 1280/1280
f 1281/1281 1282/1282 1272/1272
f 1281/1281 1272/1272 1215/1215
f 1281/1281 1215/1215 1214/1214
f 1280/1280 1283/1283 1284/1284
f 1280/1280 1284/1284 1285/1285
f 1280/1280 1285/1285 1274/1274
f 1213/1213 1286/1286 1287/1287
f 1213/1213 1287/1287 1288/1288
f 1213/1213 1288/1288 1289/1289
f 1213/1213 1289/1289 1290/1290
f 1213/1213 1290/1290 1281/1281
f 1213/1213 1281/1281 1214/1214
f 1291/1291 1292/1292 1293/1293
f 1291/1291 1293/1293 1294/1294
f 1291/1291 1294/1294 1295/1295
f 1296/1296 1297/1297 1298/1298
f 1296/1296 1298/1298 1299/1299
f 1296/1296 1299/1299 1300/1300
f 1296/1296 1300/1300 1301/1301
f 1296/1296 1301/1301 1302/1302
f 1296/1296 1302/1302 1303/1303
f 1304/1304 1305/1305 1306/1306
f 1307/1307 1308/1308 1309/1309
f 1307/1307 1309/1309 1310/1310
f 1311/1311 1312/1312 1313/1313
f 1311/1311 1313/1313 1314/1314
f 1311/1311 1314/1314 1315/1315
f 1311/1311 1315/1315 1316/1316
f 1311/1311 1316/1316 1317/1317
f 1311/1311 1317/1317 1318/1318
f 1311/1311 1318/1318 1319/1319
f 1311/1311 1319/1319 1320/1320
f 1209/1209 1307/1307 1310/1310
f 1209/1209 1310/1310 1321/1321
f 1209/1209 1321/1321 1204/1204
f 1320/1320 1322/1322 1323/1323
f 1320/1320 1323/1323 1324/1324
f 1320/1320 1324/1324 1311/1311
f 1325/1325 1326/1326 1327/1327
f 1325/1325 1327/1327 1328/1328
f 730/730 1329/1329 1330/1330
f 730/730 1330/1330 1331/1331
f 730/730 1331/1331 1332/1332
f 730/730 1332/1332 1333/1333
f 730/730 1333/1333 1334/1334
f 730/730 1334/1334 1335/1335
f 730/730 1335/1335 1336/1336
f 730/730 1336/1336 1337/1337
f 730/730 1337/1337 1337/1337
f 730/730 1337/1337 1338/1338
f 730/730 1338/1338 1339/1339
f 730/730 1339/1339 1339/1339
f 730/730 1339/1339 1339/1339
f 730/730 1339/1339 1339/1339
f 730/730 1339/1339 1336/1336
f 730/730 1336/1336 1340/1340
f 730/730 1340/1340 1341/1341
f 730/730 1341/1341 1342/1342
f 730/730 1342/1342 716/716
f 1261/1261 1259/1259 1228/1228
f 1261/1261 1228/1228 1227/1227
f 1258/1258 1229/1229 1228/1228
f 1258/1258 1228/1228 1259/1259
f 1234/1234 1199/1199 1203/1203
f 1234/1234 1203/1203 1217/1217
f 1343/1343 1344/1344 1345/1345
f 1343/1343 1345/1345 1346/1346
f 1343/1343 1346/1346 1347/1347
f 1348/1348 1349/1349 1350/1350
f 1348/1348 1350/1350 506/506
f 1348/1348 506/506 505/505
f 1350/1350 1351/1351 1352/1352
f 1350/1350 1352/1352 1353/1353
f 1350/1350 1353/1353 506/506
f 506/506 1353/1353 1354/1354
f 506/506 1354/1354 1355/1355
f 506/506 1355/1355 507/507
f 1356/1356 1357/1357 1358/1358
f 1356/1356 1358/1358 1359/1359
f 1360/1360 1358/1358 1357/1357
f 1360/1360 1357/1357 1361/1361
f 1362/1362 1359/1359 1358/1358
f 1362/1362 1358/1358 1363/1363
f 1363/1363 1358/1358 1360/1360
f 1363/1363 1360/1360 1364/1364
f 1363/1363 1365/1365 1366/1366
f 1363/1363 1366/1366 1367/1367
f 1363/1363 1367/1367 1362/1362
f 1364/1364 1368/1368 1369/1369
f 1364/1364 1369/1369 1365/1365
f 1364/1364 1365/1365 1363/1363
f 1370/1370 1371/1371 1372/1372
f 1370/1370 1372/1372 1373/1373
f 1370/1370 1373/1373 1374/1374
f 1371/1371 1375/1375 1376/1376
f 1371/1371 1376/1376 1377/1377
f 1371/1371 1377/1377 1372/1372
f 1374/1374 1378/1378 1370/1370
f 583/583 1379/1379 1348/1348
f 583/583 1348/1348 505/505
f 583/583 505/505 510/510
f 605/605 1343/1343 1347/1347
f 605/605 1347/1347 1380/1380
f 605/605 1380/1380 592/592
f 1164/1164 1381/1381 1382/1382
f 1164/1164 1382/1382 1161/1161
f 1381/1381 1383/1383 1384/1384
f 1381/1381 1384/1384 1382/1382
f 1383/1383 1385/1385 1386/1386
f 1383/1383 1386/1386 1384/1384
f 1385/1385 1387/1387 1388/1388
f 1385/1385 1388/1388 1389/1389
f 1385/1385 1389/1389 1390/1390
f 1385/1385 1390/1390 1391/1391
f 1385/1385 1391/1391 1392/1392
f 1385/1385 1392/1392 1393/1393
f 1385/1385 1393/1393 1386/1386
f 1394/1394 1395/1395 1396/1396
f 1396/1396 1397/1397 928/928
f 1396/1396 928/928 932/932
f 1396/1396 932/932 1394/1394
f 1398/1398 1399/1399 1400/1400
f 1400/1400 942/942 946/946
f 1400/1400 946/946 1401/1401
f 1400/1400 1401/1401 1398/1398
f 1024/1024 1402/1402 1111/1111
f 1024/1024 1111/1111 1115/1115
f 1024/1024 1115/1115 1020/1020
f 1403/1403 1404/1404 1405/1405
f 1403/1403 1405/1405 1406/1406
f 1403/1403 1406/1406 1407/1407
f 1403/1403 1407/1407 1408/1408
f 1409/1409 1410/1410 1411/1411
f 1409/1409 1411/1411 1412/1412
f 1412/1412 1413/1413 1414/1414
f 1412/1412 1414/1414 1415/1415
f 1412/1412 1415/1415 1416/1416
f 1412/1412 1416/1416 1417/1417
f 1412/1412 1417/1417 1418/1418
f 1412/1412 1418/1418 1419/1419
f 1412/1412 1419/1419 1420/1420
f 1412/1412 1420/1420 1421/1421
f 1412/1412 1421/1421 1422/1422
f 1412/1412 1422/1422 1423/1423
f 1412/1412 1423/1423 1424/1424
f 1412/1412 1424/1424 1425/1425
f 1412/1412 1425/1425 1426/1426
f 1412/1412 1426/1426 1427/1427
f 1412/1412 1427/1427 1428/1428
f 1412/1412 1428/1428 1429/1429
f 1412/1412 1429/1429 1429/1429
f 1412/1412 1429/1429 1430/1430
f 1412/1412 1430/1430 1430/1430
f 1412/1412 1430/1430 1430/1430
f 1412/1412 1430/1430 1430/1430
f 1412/1412 1430/1430 1430/1430
f 1412/1412 1430/1430 1430/1430
f 1412/1412 1430/1430 1430/1430
f 1412/1412 1430/1430 1431/1431
f 1412/1412 1431/1431 1431/1431
f 1412/1412 1431/1431 1432/1432
f 1412/1412 1432/1432 1433/1433
f 1412/1412 1433/1433 1434/1434
f 1412/1412 1434/1434 1435/1435
f 1412/1412 1435/1435 1409/1409
f 1408/1408 1436/1436 1437/1437
f 1408/1408 1437/1437 1438/1438
f 1408/1408 1438/1438 1439/1439
f 1408/1408 1439/1439 1403/1403
f 1440/1440 1441/1441 1442/1442
f 1440/1440 1442/1442 1443/1443
f 1440/1440 1443/1443 1444/1444
f 1445/1445 1446/1446 1447/1447
f 1445/1445 1447/1447 1448/1448
f 1445/1445 1448/1448 1449/1449
f 1450/1450 1451/1451 1452/1452
f 1450/1450 1452/1452 1453/1453
f 1450/1450 1453/1453 1454/1454
f 1455/1455 1456/1456 1457/1457
f 1455/1455 1457/1457 1458/1458
f 1455/1455 1458/1458 1459/1459
f 1455/1455 1459/1459 1460/1460
f 1455/1455 1460/1460 1461/1461
f 1455/1455 1461/1461 1462/1462
f 1449/1449 1463/1463 1464/1464
f 1449/1449 1464/1464 1465/1465
f 1449/1449 1465/1465 1466/1466
f 1449/1449 1466/1466 1467/1467
f 1449/1449 1467/1467 1468/1468
f 1449/1449 1468/1468 1469/1469
f 1449/1449 1469/1469 1470/1470
f 1449/1449 1470/1470 1445/1445
f 990/990 1471/1471 1472/1472
f 990/990 1472/1472 991/991
f 1473/1473 1474/1474 1475/1475
f 1476/1476 1477/1477 1478/1478
f 1476/1476 1478/1478 1479/1479
f 1476/1476 1479/1479 1480/1480
f 1454/1454 1481/1481 1482/1482
f 1454/1454 1482/1482 1483/1483
f 1454/1454 1483/1483 1450/1450
f 1484/1484 1485/1485 1486/1486
f 1484/1484 1486/1486 1487/1487
f 1484/1484 1487/1487 1488/1488
f 1484/1484 1488/1488 1489/1489
f 1484/1484 1489/1489 1489/1489
f 1484/1484 1489/1489 1489/1489
f 1484/1484 1489/1489 1489/1489
f 1484/1484 1489/1489 1490/1490
f 1484/1484 1490/1490 1491/1491
f 1484/1484 1491/1491 1491/1491
f 1484/1484 1491/1491 1491/1491
f 1484/1484 1491/1491 1491/1491
f 1484/1484 1491/1491 1492/1492
f 1484/1484 1492/1492 1489/1489
f 1484/1484 1489/1489 1490/1490
f 1484/1484 1490/1490 1493/1493
f 1484/1484 1493/1493 1494/1494
f 1484/1484 1494/1494 1495/1495
f 1484/1484 1495/1495 1496/1496
f 1484/1484 1496/1496 1497/1497
f 1497/1497 1498/1498 1499/1499
f 1497/1497 1499/1499 1500/1500
f 1497/1497 1500/1500 1484/1484
f 1499/1499 1501/1501 1502/1502
f 1499/1499 1502/1502 1503/1503
f 1499/1499 1503/1503 1500/1500
f 916/916 1504/1504 1505/1505
f 916/916 1505/1505 1506/1506
f 916/916 1506/1506 1507/1507
f 916/916 1507/1507 1508/1508
f 916/916 1508/1508 1509/1509
f 916/916 1509/1509 1510/1510
f 916/916 1510/1510 1511/1511
f 916/916 1511/1511 1511/1511
f 916/916 1511/1511 1511/1511
f 916/916 1511/1511 1511/1511
f 916/916 1511/1511 1512/1512
f 916/916 1512/1512 1513/1513
f 916/916 1513/1513 1513/1513
f 916/916 1513/1513 1513/1513
f 916/916 1513/1513 1513/1513
f 916/916 1513/1513 1510/1510
f 916/916 1510/1510 1514/1514
f 916/916 1514/1514 1515/1515
f 916/916 1515/1515 1516/1516
f 916/916 1516/1516 1517/1517
f 916/916 1517/1517 868/868
f 916/916 868/868 867/867
f 849/849 1518/1518 1519/1519
f 849/849 1519/1519 1520/1520
f 849/849 1520/1520 1521/1521
f 849/849 853/853 866/866
f 849/849 866/866 1518/1518
f 850/850 849/849 1521/1521
f 850/850 1521/1521 1522/1522
f 850/850 1522/1522 1523/1523
f 850/850 1523/1523 1524/1524
f 850/850 1524/1524 1525/1525
f 850/850 1525/1525 1526/1526
f 850/850 1526/1526 851/851
f 1527/1527 1528/1528 1529/1529
f 1527/1527 1529/1529 1530/1530
f 1527/1527 1530/1530 1531/1531
f 1527/1527 1531/1531 1531/1531
f 1527/1527 1531/1531 1531/1531
f 1527/1527 1531/1531 1531/1531
f 1527/1527 1531/1531 1531/1531
f 1527/1527 1531/1531 1531/1531
f 1527/1527 1531/1531 1531/1531
f 1527/1527 1531/1531 1531/1531
f 1527/1527 1531/1531 1531/1531
f 1527/1527 1531/1531 1532/1532
f 1527/1527 1532/1532 1533/1533
f 1527/1527 1533/1533 1534/1534
f 1527/1527 1534/1534 1535/1535
f 1527/1527 1535/1535 1536/1536
f 1527/1527 1536/1536 1537/1537
f 1527/1527 1537/1537 1538/1538
f 1527/1527 1538/1538 1539/1539
f 1527/1527 1539/1539 1540/1540
f 1527/1527 1540/1540 1541/1541
f 1527/1527 1541/1541 1542/1542
f 1527/1527 1542/1542 1543/1543
f 1527/1527 1543/1543 1544/1544
f 1527/1527 1544/1544 1545/1545
f 1527/1527 1545/1545 1546/1546
f 1527/1527 1546/1546 1547/1547
f 1527/1527 1547/1547 1548/1548
f 1527/1527 1548/1548 1549/1549
f 1549/1549 1550/1550 1551/1551
f 1549/1549 1551/1551 1552/1552
f 1549/1549 1552/1552 1527/1527
f 834/834 1553/1553 1554/1554
f 834/834 1554/1554 835/835
f 1553/1553 1555/1555 1556/1556
f 1553/1553 1556/1556 1554/1554
f 1557/1557 1556/1556 1555/1555
f 1557/1557 1555/1555 1558/1558
f 1558/1558 1559/1559 1560/1560
f 1558/1558 1560/1560 1557/1557
f 1561/1561 803/803 802/802
f 1561/1561 802/802 1562/1562
f 1563/1563 1564/1564 1565/1565
f 1563/1563 1565/1565 1566/1566
f 1563/1563 1566/1566 1567/1567
f 1563/1563 1567/1567 1568/1568
f 792/792 1569/1569 1570/1570
f 792/792 1570/1570 1565/1565
f 792/792 1565/1565 785/785
f 1562/1562 1571/1571 1572/1572
f 1562/1562 1572/1572 1573/1573
f 1562/1562 1573/1573 1561/1561
f 1568/1568 1574/1574 1575/1575
f 1568/1568 1575/1575 1576/1576
f 1568/1568 1576/1576 1577/1577
f 1568/1568 1577/1577 1578/1578
f 1568/1568 1578/1578 1579/1579
f 1568/1568 1579/1579 1563/1563
f 1572/1572 1580/1580 1581/1581
f 1572/1572 1581/1581 1573/1573
f 1578/1578 1582/1582 1583/1583
f 1578/1578 1583/1583 1584/1584
f 1578/1578 1584/1584 1585/1585
f 1578/1578 1585/1585 1586/1586
f 1578/1578 1586/1586 1579/1579
f 1580/1580 1587/1587 1588/1588
f 1580/1580 1588/1588 1581/1581
f 1585/1585 1589/1589 1590/1590
f 1585/1585 1590/1590 1591/1591
f 1585/1585 1591/1591 1586/1586
f 1592/1592 1593/1593 1594/1594
f 1592/1592 1594/1594 1595/1595
f 1592/1592 1595/1595 1596/1596
f 1597/1597 1598/1598 1592/1592
f 1597/1597 1592/1592 1596/1596
f 1597/1597 1596/1596 1599/1599
f 1590/1590 1600/1600 1601/1601
f 1590/1590 1601/1601 1602/1602
f 1590/1590 1602/1602 1591/1591
f 1599/1599 1603/1603 1604/1604
f 1599/1599 1604/1604 1597/1597
f 1605/1605 1606/1606 1607/1607
f 1605/1605 1607/1607 1608/1608
f 1609/1609 1610/1610 1611/1611
f 1609/1609 1611/1611 1612/1612
f 1613/1613 1605/1605 1608/1608
f 1613/1613 1608/1608 1614/1614
f 1612/1612 1615/1615 1616/1616
f 1612/1612 1616/1616 1609/1609
f 1617/1617 1618/1618 1619/1619
f 1617/1617 1619/1619 1620/1620
f 1620/1620 1621/1621 1622/1622
f 1620/1620 1622/1622 1617/1617
f 1587/1587 1623/1623 1624/1624
f 1587/1587 1624/1624 1588/1588
f 1618/1618 1625/1625 1626/1626
f 1618/1618 1626/1626 1619/1619
f 1627/1627 1628/1628 1629/1629
f 1627/1627 1629/1629 1630/1630
f 1631/1631 1632/1632 1633/1633
f 1631/1631 1633/1633 1634/1634
f 1634/1634 1635/1635 1636/1636
f 1634/1634 1636/1636 1631/1631
f 1635/1635 1637/1637 1638/1638
f 1635/1635 1638/1638 1636/1636
f 1639/1639 1640/1640 1641/1641
f 1639/1639 1641/1641 1642/1642
f 1643/1643 1641/1641 1640/1640
f 1643/1643 1640/1640 1644/1644
f 1645/1645 1646/1646 1647/1647
f 1645/1645 1647/1647 1648/1648
f 1649/1649 1650/1650 1651/1651
f 1649/1649 1651/1651 1652/1652
f 1653/1653 1654/1654 1655/1655
f 1653/1653 1655/1655 1656/1656
f 1657/1657 1658/1658 1659/1659
f 1657/1657 1659/1659 1660/1660
f 1661/1661 1662/1662 1663/1663
f 1661/1661 1663/1663 1664/1664
f 1665/1665 1649/1649 1652/1652
f 1665/1665 1652/1652 1666/1666
f 1660/1660 1667/1667 1668/1668
f 1660/1660 1668/1668 1657/1657
f 1669/1669 1670/1670 1671/1671
f 1669/1669 1671/1671 1672/1672
f 1669/1669 1672/1672 1673/1673
f 1669/1669 1673/1673 1674/1674
f 1669/1669 1674/1674 1675/1675
f 1669/1669 1675/1675 1676/1676
f 1669/1669 1676/1676 1677/1677
f 1669/1669 1677/1677 1678/1678
f 1669/1669 1678/1678 1679/1679
f 1669/1669 1679/1679 1680/1680
f 1669/1669 1680/1680 1681/1681
f 1669/1669 1681/1681 1682/1682
f 1669/1669 1682/1682 1683/1683
f 1669/1669 1683/1683 1684/1684
f 1669/1669 1684/1684 1685/1685
f 1669/1669 1685/1685 1686/1686
f 1667/1667 1687/1687 1688/1688
f 1667/1667 1688/1688 1668/1668
f 1689/1689 1688/1688 1687/1687
f 1689/1689 1687/1687 1690/1690
f 1691/1691 1692/1692 1693/1693
f 1691/1691 1693/1693 1694/1694
f 1666/1666 1695/1695 1696/1696
f 1666/1666 1696/1696 1665/1665
f 1697/1697 1698/1698 1699/1699
f 1697/1697 1699/1699 1700/1700
f 1701/1701 1702/1702 1703/1703
f 1701/1701 1703/1703 1704/1704
f 1705/1705 1706/1706 1707/1707
f 1705/1705 1707/1707 1708/1708
f 1709/1709 1710/1710 1711/1711
f 1709/1709 1711/1711 1712/1712
f 163/163 1709/1709 1712/1712
f 163/163 1712/1712 160/160
f 209/209 1705/1705 1708/1708
f 209/209 1708/1708 206/206
f 1713/1713 1714/1714 1715/1715
f 1713/1713 1715/1715 1716/1716
f 1716/1716 1717/1717 1718/1718
f 1716/1716 1718/1718 1713/1713
f 1714/1714 1719/1719 1720/1720
f 1714/1714 1720/1720 1715/1715
f 1721/1721 1722/1722 1723/1723
f 1721/1721 1723/1723 1724/1724
f 1724/1724 1725/1725 1726/1726
f 1724/1724 1726/1726 1727/1727
f 1724/1724 1727/1727 1721/1721
f 1725/1725 1728/1728 1729/1729
f 1725/1725 1729/1729 1730/1730
f 1725/1725 1730/1730 1726/1726
f 1731/1731 1732/1732 1733/1733
f 1731/1731 1733/1733 1734/1734
f 1731/1731 1734/1734 1735/1735
f 1736/1736 1737/1737 1728/1728
f 1736/1736 1728/1728 1738/1738
f 1739/1739 1740/1740 1741/1741
f 1739/1739 1741/1741 1742/1742
f 1739/1739 1742/1742 1743/1743
f 1739/1739 1743/1743 1744/1744
f 1745/1745 1746/1746 1747/1747
f 1745/1745 1747/1747 1748/1748
f 1749/1749 1750/1750 1751/1751
f 1749/1749 1751/1751 1752/1752
f 1753/1753 1749/1749 1752/1752
f 1753/1753 1752/1752 1754/1754
f 1755/1755 1756/1756 1757/1757
f 1755/1755 1757/1757 1758/1758
f 1756/1756 1759/1759 1760/1760
f 1756/1756 1760/1760 1757/1757
f 1761/1761 1753/1753 1754/1754
f 1761/1761 1754/1754 1762/1762
f 1763/1763 1755/1755 1758/1758
f 1763/1763 1758/1758 1764/1764
f 1765/1765 1766/1766 1767/1767
f 1765/1765 1767/1767 1768/1768
f 1766/1766 1769/1769 1770/1770
f 1766/1766 1770/1770 1767/1767
f 1769/1769 1771/1771 1772/1772
f 1769/1769 1772/1772 1770/1770
f 1764/1764 1773/1773 1774/1774
f 1764/1764 1774/1774 1763/1763
f 1775/1775 1772/1772 1771/1771
f 1775/1775 1771/1771 1776/1776
f 1777/1777 1774/1774 1773/1773
f 1777/1777 1773/1773 1778/1778
f 1779/1779 1775/1775 1776/1776
f 1779/1779 1776/1776 1780/1780
f 1778/1778 1781/1781 1782/1782
f 1778/1778 1782/1782 1777/1777
f 1783/1783 1784/1784 1785/1785
f 1783/1783 1785/1785 1786/1786
f 1786/1786 1787/1787 1788/1788
f 1786/1786 1788/1788 1783/1783
f 1787/1787 1789/1789 1790/1790
f 1787/1787 1790/1790 1788/1788
f 1781/1781 1791/1791 1792/1792
f 1781/1781 1792/1792 1782/1782
f 1789/1789 1793/1793 1794/1794
f 1789/1789 1794/1794 1790/1790
f 1791/1791 1795/1795 1796/1796
f 1791/1791 1796/1796 1792/1792
f 1797/1797 1779/1779 1780/1780
f 1797/1797 1780/1780 1798/1798
f 1797/1797 1798/1798 1799/1799
f 1797/1797 1799/1799 1800/1800
f 1779/1779 1797/1797 1801/1801
f 1779/1779 1801/1801 1802/1802
f 1801/1801 1797/1797 1800/1800
f 1801/1801 1800/1800 1803/1803
f 1804/1804 1796/1796 1805/1805
f 1804/1804 1805/1805 1806/1806
f 1804/1804 1806/1806 1807/1807
f 1804/1804 1807/1807 1808/1808
f 1804/1804 1808/1808 1809/1809
f 1810/1810 1804/1804 1809/1809
f 1810/1810 1809/1809 1811/1811
f 1810/1810 1811/1811 1812/1812
f 1810/1810 1812/1812 1813/1813
f 1813/1813 1814/1814 1815/1815
f 1813/1813 1815/1815 1810/1810
f 1801/1801 1803/1803 1816/1816
f 1801/1801 1816/1816 1817/1817
f 1818/1818 1819/1819 1820/1820
f 1818/1818 1820/1820 1821/1821
f 1818/1818 1821/1821 1822/1822
f 1823/1823 1824/1824 1818/1818
f 1823/1823 1818/1818 1822/1822
f 1823/1823 1822/1822 1825/1825
f 1826/1826 1827/1827 1828/1828
f 1826/1826 1828/1828 1829/1829
f 1830/1830 1826/1826 1829/1829
f 1830/1830 1829/1829 1831/1831
f 1826/1826 1832/1832 1833/1833
f 1826/1826 1833/1833 1827/1827
f 1830/1830 1834/1834 1832/1832
f 1830/1830 1832/1832 1826/1826
f 1830/1830 1831/1831 1835/1835
f 1830/1830 1835/1835 1836/1836
f 1830/1830 1836/1836 1837/1837
f 1830/1830 1837/1837 1838/1838
f 1834/1834 1830/1830 1838/1838
f 1834/1834 1838/1838 1839/1839
f 454/454 1834/1834 1839/1839
f 454/454 1839/1839 1840/1840
f 454/454 1840/1840 455/455
f 1834/1834 454/454 1841/1841
f 1834/1834 1841/1841 1832/1832
f 1841/1841 454/454 459/459
f 1841/1841 459/459 1842/1842
f 1841/1841 1842/1842 1843/1843
f 1841/1841 1843/1843 1844/1844
f 1841/1841 1844/1844 1845/1845
f 1846/1846 1847/1847 436/436
f 1846/1846 436/436 435/435
f 1848/1848 1849/1849 429/429
f 1848/1848 429/429 1850/1850
f 1848/1848 1850/1850 1851/1851
f 1848/1848 1851/1851 1852/1852
f 1848/1848 1852/1852 1853/1853
f 1848/1848 1853/1853 1854/1854
f 1848/1848 1854/1854 1855/1855
f 1848/1848 1855/1855 1856/1856
f 1848/1848 1856/1856 1857/1857
f 1848/1848 1857/1857 1858/1858
f 1848/1848 1858/1858 1859/1859
f 1832/1832 1841/1841 1845/1845
f 1832/1832 1845/1845 1833/1833
f 430/430 429/429 1846/1846
f 430/430 1846/1846 435/435
f 1860/1860 1861/1861 1862/1862
f 1860/1860 1862/1862 1863/1863
f 1860/1860 1863/1863 1864/1864
f 1860/1860 1864/1864 1865/1865
f 1860/1860 1865/1865 1850/1850
f 1860/1860 1850/1850 429/429
f 1860/1860 429/429 1866/1866
f 1860/1860 1866/1866 1867/1867
f 1860/1860 1867/1867 1868/1868
f 1860/1860 1868/1868 1869/1869
f 1860/1860 1869/1869 1870/1870
f 1871/1871 1872/1872 1873/1873
f 1871/1871 1873/1873 1874/1874
f 1875/1875 1876/1876 1872/1872
f 1875/1875 1872/1872 1871/1871
f 1775/1775 1875/1875 1871/1871
f 1775/1775 1871/1871 1772/1772
f 1772/1772 1871/1871 1874/1874
f 1772/1772 1874/1874 1770/1770
f 1875/1875 1802/1802 1877/1877
f 1875/1875 1877/1877 1876/1876
f 1775/1775 1779/1779 1802/1802
f 1775/1775 1802/1802 1875/1875
f 1802/1802 1801/1801 1817/1817
f 1802/1802 1817/1817 1877/1877
f 1873/1873 1878/1878 1879/1879
f 1873/1873 1879/1879 1874/1874
f 1874/1874 1879/1879 1767/1767
f 1874/1874 1767/1767 1770/1770
f 1878/1878 1880/1880 1881/1881
f 1878/1878 1881/1881 1879/1879
f 1879/1879 1881/1881 1768/1768
f 1879/1879 1768/1768 1767/1767
f 1880/1880 1882/1882 1883/1883
f 1880/1880 1883/1883 1881/1881
f 1883/1883 1884/1884 1768/1768
f 1883/1883 1768/1768 1881/1881
f 1884/1884 1885/1885 1765/1765
f 1884/1884 1765/1765 1768/1768
f 1886/1886 1887/1887 1888/1888
f 1886/1886 1888/1888 1889/1889
f 1886/1886 1889/1889 1890/1890
f 1886/1886 1890/1890 1759/1759
f 1886/1886 1759/1759 1891/1891
f 1892/1892 1893/1893 1894/1894
f 1892/1892 1894/1894 1886/1886
f 1892/1892 1886/1886 1891/1891
f 1892/1892 1891/1891 1895/1895
f 1896/1896 1897/1897 1898/1898
f 1896/1896 1898/1898 1899/1899
f 1896/1896 1899/1899 1900/1900
f 1900/1900 1901/1901 1902/1902
f 1900/1900 1902/1902 1903/1903
f 1900/1900 1903/1903 1896/1896
f 1904/1904 1905/1905 1906/1906
f 1904/1904 1906/1906 1907/1907
f 1904/1904 1907/1907 1908/1908
f 1904/1904 1908/1908 1909/1909
f 1910/1910 1911/1911 1912/1912
f 1910/1910 1912/1912 1913/1913
f 1914/1914 1915/1915 1916/1916
f 1914/1914 1916/1916 1917/1917
f 1914/1914 1917/1917 1918/1918
f 1914/1914 1918/1918 1919/1919
f 1914/1914 1919/1919 1920/1920
f 1912/1912 1921/1921 1922/1922
f 1912/1912 1922/1922 411/411
f 1912/1912 411/411 413/413
f 1912/1912 413/413 1913/1913
f 365/365 1913/1913 413/413
f 365/365 413/413 366/366
f 1923/1923 1924/1924 1910/1910
f 1923/1923 1910/1910 1913/1913
f 1923/1923 1913/1913 365/365
f 366/366 413/413 398/398
f 366/366 398/398 368/368
f 364/364 1925/1925 1926/1926
f 364/364 1926/1926 1927/1927
f 364/364 1927/1927 1928/1928
f 364/364 1928/1928 1929/1929
f 364/364 1929/1929 1923/1923
f 364/364 1923/1923 365/365
f 1920/1920 1930/1930 1931/1931
f 1920/1920 1931/1931 1932/1932
f 1920/1920 1932/1932 1914/1914
f 1933/1933 1934/1934 1935/1935
f 1933/1933 1935/1935 1936/1936
f 1933/1933 1936/1936 1937/1937
f 1938/1938 1939/1939 1940/1940
f 415/415 1904/1904 1909/1909
f 415/415 1909/1909 416/416
f 1941/1941 417/417 416/416
f 1941/1941 416/416 1909/1909
f 1908/1908 1942/1942 1941/1941
f 1908/1908 1941/1941 1909/1909
f 1942/1942 1943/1943 1944/1944
f 1942/1942 1944/1944 1941/1941
f 1944/1944 1945/1945 417/417
f 1944/1944 417/417 1941/1941
f 1945/1945 424/424 418/418
f 1945/1945 418/418 417/417
f 1901/1901 1946/1946 1947/1947
f 1901/1901 1947/1947 1948/1948
f 1901/1901 1948/1948 1902/1902
f 1895/1895 1949/1949 1950/1950
f 1895/1895 1950/1950 1892/1892
f 1951/1951 1952/1952 1953/1953
f 1951/1951 1953/1953 1954/1954
f 1951/1951 1954/1954 1955/1955
f 1951/1951 1955/1955 1956/1956
f 1951/1951 1956/1956 1957/1957
f 1951/1951 1957/1957 1958/1958
f 1951/1951 1958/1958 1958/1958
f 1951/1951 1958/1958 1958/1958
f 1951/1951 1958/1958 1958/1958
f 1951/1951 1958/1958 1958/1958
f 1951/1951 1958/1958 1958/1958
f 1951/1951 1958/1958 1958/1958
f 1951/1951 1958/1958 1959/1959
f 1951/1951 1959/1959 1960/1960
f 1951/1951 1960/1960 1961/1961
f 1951/1951 1961/1961 1962/1962
f 1951/1951 1962/1962 1963/1963
f 1951/1951 1963/1963 1964/1964
f 1951/1951 1964/1964 1965/1965
f 1951/1951 1965/1965 1966/1966
f 1951/1951 1966/1966 1967/1967
f 1968/1968 1969/1969 1970/1970
f 1968/1968 1970/1970 1971/1971
f 1968/1968 1971/1971 1972/1972
f 1968/1968 1972/1972 1973/1973
f 1968/1968 1973/1973 1974/1974
f 1968/1968 1974/1974 1975/1975
f 1968/1968 1975/1975 1975/1975
f 1968/1968 1975/1975 1975/1975
f 1968/1968 1975/1975 1975/1975
f 1968/1968 1975/1975 1975/1975
f 1968/1968 1975/1975 1975/1975
f 1968/1968 1975/1975 1975/1975
f 1968/1968 1975/1975 1975/1975
f 1968/1968 1975/1975 1976/1976
f 1968/1968 1976/1976 1977/1977
f 1968/1968 1977/1977 1978/1978
f 1968/1968 1978/1978 1979/1979
f 1968/1968 1979/1979 1980/1980
f 1968/1968 1980/1980 1981/1981
f 1968/1968 1981/1981 1982/1982
f 1968/1968 1982/1982 1983/1983
f 1983/1983 1984/1984 1985/1985
f 1983/1983 1985/1985 1986/1986
f 1983/1983 1986/1986 1987/1987
f 1983/1983 1987/1987 1968/1968
f 1988/1988 1951/1951 1967/1967
f 1988/1988 1967/1967 1989/1989
f 1988/1988 1989/1989 1990/1990
f 1988/1988 1990/1990 1991/1991
f 1988/1988 1991/1991 1991/1991
f 1988/1988 1991/1991 1991/1991
f 1988/1988 1991/1991 1991/1991
f 1988/1988 1991/1991 1991/1991
f 1988/1988 1991/1991 1991/1991
f 1988/1988 1991/1991 1991/1991
f 1988/1988 1991/1991 1991/1991
f 1988/1988 1991/1991 1992/1992
f 1988/1988 1992/1992 1993/1993
f 1988/1988 1993/1993 1994/1994
f 1988/1988 1994/1994 1995/1995
f 1988/1988 1995/1995 1996/1996
f 1988/1988 1996/1996 1997/1997
f 1988/1988 1997/1997 1998/1998
f 1988/1988 1998/1998 1999/1999
f 1988/1988 1999/1999 2000/2000
f 1988/1988 2000/2000 2001/2001
f 1985/1985 2002/2002 2003/2003
f 1985/1985 2003/2003 2004/2004
f 1985/1985 2004/2004 2005/2005
f 1985/1985 2005/2005 2006/2006
f 1985/1985 2006/2006 2007/2007
f 1985/1985 2007/2007 2008/2008
f 1985/1985 2008/2008 2009/2009
f 1985/1985 2009/2009 2010/2010
f 1985/1985 2010/2010 2011/2011
f 1985/1985 2011/2011 2012/2012
f 1985/1985 2012/2012 2012/2012
f 1985/1985 2012/2012 2012/2012
f 1985/1985 2012/2012 2012/2012
f 1985/1985 2012/2012 2012/2012
f 1985/1985 2012/2012 2012/2012
f 1985/1985 2012/2012 2012/2012
f 1985/1985 2012/2012 2012/2012
f 1985/1985 2012/2012 2012/2012
f 1985/1985 2012/2012 2013/2013
f 1985/1985 2013/2013 1986/1986
f 2003/2003 2014/2014 1739/1739
f 2003/2003 1739/1739 1744/1744
f 2003/2003 1744/1744 2015/2015
f 2003/2003 2015/2015 2004/2004
f 2016/2016 1988/1988 2001/2001
f 2016/2016 2001/2001 2017/2017
f 2016/2016 2017/2017 2018/2018
f 2018/2018 2019/2019 2020/2020
f 2018/2018 2020/2020 2021/2021
f 2018/2018 2021/2021 2016/2016
f 1735/1735 2022/2022 2023/2023
f 1735/1735 2023/2023 2024/2024
f 1735/1735 2024/2024 2025/2025
f 1735/1735 2025/2025 1731/1731
f 2023/2023 2026/2026 2027/2027
f 2023/2023 2027/2027 2028/2028
f 2023/2023 2028/2028 2029/2029
f 2023/2023 2029/2029 2024/2024
f 256/256 2030/2030 2031/2031
f 256/256 2031/2031 2032/2032
f 256/256 2032/2032 2033/2033
f 256/256 2033/2033 251/251
f 2027/2027 2034/2034 306/306
f 2027/2027 306/306 311/311
f 2027/2027 311/311 2035/2035
f 2027/2027 2035/2035 2028/2028
f 2036/2036 466/466 468/468
f 2036/2036 468/468 2037/2037
f 2036/2036 2037/2037 2038/2038
f 2036/2036 2038/2038 2039/2039
f 2036/2036 2039/2039 2040/2040
f 2036/2036 2040/2040 2041/2041
f 2042/2042 2043/2043 2044/2044
f 2042/2042 2044/2044 2045/2045
f 2042/2042 2045/2045 2046/2046
f 2042/2042 2046/2046 2047/2047
f 2042/2042 2047/2047 2048/2048
f 1825/1825 2049/2049 2050/2050
f 1825/1825 2050/2050 2051/2051
f 1825/1825 2051/2051 1823/1823
f 2052/2052 2053/2053 2054/2054
f 2052/2052 2054/2054 2055/2055
f 2052/2052 2055/2055 2056/2056
f 2052/2052 2056/2056 2057/2057
f 2052/2052 2057/2057 2058/2058
f 2052/2052 2058/2058 2059/2059
f 2052/2052 2059/2059 2060/2060
f 2052/2052 2060/2060 2060/2060
f 2052/2052 2060/2060 2060/2060
f 2052/2052 2060/2060 2060/2060
f 2052/2052 2060/2060 2060/2060
f 2052/2052 2060/2060 2060/2060
f 2052/2052 2060/2060 2060/2060
f 2052/2052 2060/2060 2060/2060
f 2052/2052 2060/2060 2061/2061
f 2052/2052 2061/2061 2062/2062
f 2052/2052 2062/2062 2063/2063
f 2052/2052 2063/2063 2064/2064
f 2052/2052 2064/2064 2065/2065
f 2052/2052 2065/2065 2066/2066
f 2052/2052 2066/2066 2067/2067
f 2068/2068 2069/2069 2070/2070
f 2068/2068 2070/2070 2071/2071
f 2072/2072 2073/2073 2074/2074
f 2072/2072 2074/2074 2075/2075
f 2072/2072 2075/2075 2076/2076
f 2072/2072 2076/2076 2077/2077
f 2072/2072 2077/2077 2078/2078
f 2072/2072 2078/2078 2079/2079
f 2072/2072 2079/2079 2080/2080
f 2072/2072 2080/2080 2080/2080
f 2072/2072 2080/2080 2080/2080
f 2072/2072 2080/2080 2080/2080
f 2072/2072 2080/2080 2080/2080
f 2072/2072 2080/2080 2080/2080
f 2072/2072 2080/2080 2080/2080
f 2072/2072 2080/2080 2081/2081
f 2072/2072 2081/2081 2082/2082
f 2072/2072 2082/2082 2083/2083
f 2072/2072 2083/2083 2084/2084
f 2072/2072 2084/2084 2085/2085
f 2072/2072 2085/2085 2086/2086
f 2072/2072 2086/2086 2087/2087
f 2072/2072 2087/2087 2088/2088
f 2089/2089 2090/2090 2091/2091
f 2089/2089 2091/2091 2092/2092
f 2089/2089 2092/2092 2093/2093
f 2089/2089 2093/2093 2094/2094
f 2089/2089 2094/2094 2095/2095
f 2089/2089 2095/2095 2096/2096
f 2048/2048 2097/2097 2098/2098
f 2048/2048 2098/2098 2099/2099
f 2048/2048 2099/2099 2042/2042
f 2100/2100 2101/2101 2102/2102
f 2100/2100 2102/2102 2103/2103
f 2100/2100 2103/2103 2104/2104
f 2105/2105 2106/2106 2107/2107
f 2108/2108 2109/2109 2110/2110
f 2108/2108 2110/2110 2111/2111
f 2108/2108 2111/2111 2112/2112
f 2108/2108 2112/2112 2113/2113
f 2108/2108 2113/2113 2114/2114
f 2108/2108 2114/2114 2115/2115
f 2116/2116 2117/2117 2118/2118
f 2116/2116 2118/2118 2119/2119
f 479/479 2120/2120 2116/2116
f 479/479 2116/2116 2119/2119
f 479/479 2119/2119 474/474
f 469/469 2108/2108 2115/2115
f 469/469 2115/2115 2121/2121
f 469/469 2121/2121 470/470
f 2108/2108 2036/2036 2041/2041
f 2108/2108 2041/2041 2122/2122
f 2108/2108 2122/2122 2109/2109
f 469/469 466/466 2036/2036
f 469/469 2036/2036 2108/2108
f 2123/2123 2124/2124 2125/2125
f 2123/2123 2125/2125 2126/2126
f 2123/2123 2126/2126 2127/2127
f 2123/2123 2127/2127 2128/2128
f 2088/2088 2129/2129 2130/2130
f 2088/2088 2130/2130 2131/2131
f 2088/2088 2131/2131 2132/2132
f 2088/2088 2132/2132 2072/2072
f 2133/2133 2134/2134 2135/2135
f 2133/2133 2135/2135 2136/2136
f 2133/2133 2136/2136 2137/2137
f 2133/2133 2137/2137 2138/2138
f 2133/2133 2138/2138 2139/2139
f 2133/2133 2139/2139 2140/2140
f 2133/2133 2140/2140 2141/2141
f 2133/2133 2141/2141 2142/2142
f 2133/2133 2142/2142 2142/2142
f 2133/2133 2142/2142 2142/2142
f 2133/2133 2142/2142 2142/2142
f 2133/2133 2142/2142 2142/2142
f 2133/2133 2142/2142 2142/2142
f 2133/2133 2142/2142 2142/2142
f 2133/2133 2142/2142 2142/2142
f 2133/2133 2142/2142 2142/2142
f 2133/2133 2142/2142 2143/2143
f 2133/2133 2143/2143 2144/2144
f 2133/2133 2144/2144 2052/2052
f 2133/2133 2052/2052 2067/2067
f 2133/2133 2067/2067 2145/2145
f 2130/2130 2146/2146 2147/2147
f 2130/2130 2147/2147 2147/2147
f 2130/2130 2147/2147 2147/2147
f 2130/2130 2147/2147 2147/2147
f 2130/2130 2147/2147 2147/2147
f 2130/2130 2147/2147 2147/2147
f 2130/2130 2147/2147 2147/2147
f 2130/2130 2147/2147 2147/2147
f 2130/2130 2147/2147 2148/2148
f 2130/2130 2148/2148 2149/2149
f 2130/2130 2149/2149 2150/2150
f 2130/2130 2150/2150 2151/2151
f 2130/2130 2151/2151 2152/2152
f 2130/2130 2152/2152 2153/2153
f 2130/2130 2153/2153 2154/2154
f 2130/2130 2154/2154 2155/2155
f 2130/2130 2155/2155 2156/2156
f 2130/2130 2156/2156 2157/2157
f 2130/2130 2157/2157 2158/2158
f 2130/2130 2158/2158 2131/2131
f 2156/2156 2159/2159 2160/2160
f 2156/2156 2160/2160 2161/2161
f 2156/2156 2161/2161 2162/2162
f 2156/2156 2162/2162 2157/2157
f 2163/2163 2164/2164 2133/2133
f 2163/2163 2133/2133 2145/2145
f 2163/2163 2145/2145 2165/2165
f 2165/2165 2166/2166 2167/2167
f 2165/2165 2167/2167 2168/2168
f 2165/2165 2168/2168 2163/2163
f 2160/2160 2169/2169 2170/2170
f 2160/2160 2170/2170 2171/2171
f 2160/2160 2171/2171 2172/2172
f 2160/2160 2172/2172 2161/2161
f 2173/2173 2174/2174 2175/2175
f 2173/2173 2175/2175 2176/2176
f 2177/2177 2178/2178 2179/2179
f 2177/2177 2179/2179 2180/2180
f 2177/2177 2180/2180 2181/2181
f 2182/2182 2183/2183 2184/2184
f 2182/2182 2184/2184 2185/2185
f 2182/2182 2185/2185 1682/1682
f 2182/2182 1682/1682 1681/1681
f 2182/2182 1681/1681 2186/2186
f 2182/2182 2186/2186 2187/2187
f 2182/2182 2187/2187 2188/2188
f 2182/2182 2188/2188 2189/2189
f 2182/2182 2189/2189 2190/2190
f 2182/2182 2190/2190 2191/2191
f 2182/2182 2191/2191 2192/2192
f 2182/2182 2192/2192 2193/2193
f 2182/2182 2193/2193 2194/2194
f 2182/2182 2194/2194 2195/2195
f 2182/2182 2195/2195 2196/2196
f 2182/2182 2196/2196 2197/2197
f 2198/2198 1595/1595 2199/2199
f 2198/2198 2199/2199 2200/2200
f 2201/2201 2202/2202 2203/2203
f 2201/2201 2203/2203 2204/2204
f 2201/2201 2204/2204 2205/2205
f 2201/2201 2205/2205 2206/2206
f 2181/2181 2207/2207 2208/2208
f 2181/2181 2208/2208 2209/2209
f 2181/2181 2209/2209 2210/2210
f 2181/2181 2210/2210 2177/2177
f 2206/2206 2211/2211 2212/2212
f 2206/2206 2212/2212 2213/2213
f 2206/2206 2213/2213 2214/2214
f 2206/2206 2214/2214 2201/2201
f 2208/2208 2215/2215 2216/2216
f 2208/2208 2216/2216 2217/2217
f 2208/2208 2217/2217 2218/2218
f 2208/2208 2218/2218 2209/2209
f 2212/2212 2219/2219 2220/2220
f 2212/2212 2220/2220 2221/2221
f 2212/2212 2221/2221 2213/2213
f 2216/2216 2222/2222 2223/2223
f 2216/2216 2223/2223 2224/2224
f 2216/2216 2224/2224 2225/2225
f 2216/2216 2225/2225 2217/2217
f 2219/2219 2226/2226 2227/2227
f 2219/2219 2227/2227 2228/2228
f 2219/2219 2228/2228 2229/2229
f 2219/2219 2229/2229 2220/2220
f 2223/2223 2230/2230 2123/2123
f 2223/2223 2123/2123 2128/2128
f 2223/2223 2128/2128 2231/2231
f 2223/2223 2231/2231 2224/2224
f 2227/2227 2232/2232 2233/2233
f 2227/2227 2233/2233 2234/2234
f 2227/2227 2234/2234 2235/2235
f 2227/2227 2235/2235 2236/2236
f 2227/2227 2236/2236 2237/2237
f 2227/2227 2237/2237 2238/2238
f 2227/2227 2238/2238 2239/2239
f 2227/2227 2239/2239 2240/2240
f 2227/2227 2240/2240 2241/2241
f 2227/2227 2241/2241 2242/2242
f 2227/2227 2242/2242 2243/2243
f 2227/2227 2243/2243 2244/2244
f 2227/2227 2244/2244 2245/2245
f 2227/2227 2245/2245 2246/2246
f 2227/2227 2246/2246 2247/2247
f 2227/2227 2247/2247 2248/2248
f 2227/2227 2248/2248 2248/2248
f 2227/2227 2248/2248 2248/2248
f 2227/2227 2248/2248 2248/2248
f 2227/2227 2248/2248 2248/2248
f 2227/2227 2248/2248 2248/2248
f 2227/2227 2248/2248 2248/2248
f 2227/2227 2248/2248 2249/2249
f 2227/2227 2249/2249 2249/2249
f 2227/2227 2249/2249 2250/2250
f 2227/2227 2250/2250 2251/2251
f 2227/2227 2251/2251 2252/2252
f 2227/2227 2252/2252 2253/2253
f 2227/2227 2253/2253 2228/2228
f 2254/2254 2255/2255 2256/2256
f 2254/2254 2256/2256 2257/2257
f 2254/2254 2257/2257 2258/2258
f 2259/2259 2260/2260 2261/2261
f 2259/2259 2261/2261 2262/2262
f 2259/2259 2262/2262 2263/2263
f 2259/2259 2263/2263 2263/2263
f 2259/2259 2263/2263 2263/2263
f 2259/2259 2263/2263 2263/2263
f 2259/2259 2263/2263 2263/2263
f 2259/2259 2263/2263 2263/2263
f 2259/2259 2263/2263 2263/2263
f 2259/2259 2263/2263 2263/2263
f 2259/2259 2263/2263 2263/2263
f 2259/2259 2263/2263 2264/2264
f 2259/2259 2264/2264 2265/2265
f 2259/2259 2265/2265 2266/2266
f 2259/2259 2266/2266 2267/2267
f 2259/2259 2267/2267 2268/2268
f 2259/2259 2268/2268 2269/2269
f 2259/2259 2269/2269 2270/2270
f 2259/2259 2270/2270 2271/2271
f 2259/2259 2271/2271 2272/2272
f 2259/2259 2272/2272 2273/2273
f 2259/2259 2273/2273 2274/2274
f 2259/2259 2274/2274 2275/2275
f 2259/2259 2275/2275 2276/2276
f 2259/2259 2276/2276 2277/2277
f 2259/2259 2277/2277 2278/2278
f 2259/2259 2278/2278 2279/2279
f 2259/2259 2279/2279 2280/2280
f 2259/2259 2280/2280 2281/2281
f 559/559 562/562 2282/2282
f 559/559 2282/2282 2283/2283
f 559/559 2283/2283 563/563
f 2281/2281 2284/2284 2285/2285
f 2281/2281 2285/2285 2286/2286
f 2281/2281 2286/2286 2287/2287
f 2281/2281 2287/2287 2259/2259
f 2286/2286 2288/2288 2289/2289
f 2286/2286 2289/2289 2290/2290
f 2286/2286 2290/2290 2287/2287
f 2289/2289 2291/2291 2292/2292
f 2289/2289 2292/2292 2293/2293
f 2289/2289 2293/2293 2290/2290
f 1762/1762 1785/1785 1784/1784
f 1762/1762 1784/1784 1761/1761
f 2294/2294 1663/1663 1662/1662
f 2294/2294 1662/1662 2295/2295
f 2296/2296 2297/2297 2298/2298
f 2296/2296 2298/2298 2299/2299
f 2300/2300 2301/2301 2302/2302
f 2300/2300 2302/2302 2303/2303
f 2304/2304 1655/1655 1654/1654
f 2304/2304 1654/1654 2305/2305
f 2306/2306 2300/2300 2303/2303
f 2306/2306 2303/2303 2307/2307
f 2299/2299 2308/2308 2309/2309
f 2299/2299 2309/2309 2296/2296
f 2308/2308 2310/2310 2311/2311
f 2308/2308 2311/2311 2309/2309
f 2307/2307 2312/2312 2313/2313
f 2307/2307 2313/2313 2306/2306
f 2314/2314 2315/2315 2316/2316
f 2314/2314 2316/2316 2317/2317
f 2318/2318 2311/2311 2310/2310
f 2318/2318 2310/2310 2319/2319
f 1614/1614 2320/2320 2321/2321
f 1614/1614 2321/2321 1613/1613
f 1615/1615 2322/2322 2323/2323
f 1615/1615 2323/2323 1616/1616
f 1704/1704 1645/1645 1648/1648
f 1704/1704 1648/1648 1701/1701
f 565/565 564/564 2324/2324
f 565/565 2324/2324 612/612
f 565/565 612/612 568/568
f 2324/2324 2325/2325 2326/2326
f 2324/2324 2326/2326 609/609
f 2324/2324 609/609 612/612
f 665/665 2327/2327 2328/2328
f 665/665 2328/2328 640/640
f 2329/2329 2330/2330 2331/2331
f 2329/2329 2331/2331 2332/2332
f 2329/2329 2332/2332 2333/2333
f 2329/2329 2333/2333 2334/2334
f 2329/2329 2334/2334 2335/2335
f 2329/2329 2335/2335 2336/2336
f 2329/2329 2336/2336 2337/2337
f 2329/2329 2337/2337 2338/2338
f 2329/2329 2338/2338 2339/2339
f 2329/2329 2339/2339 2340/2340
f 2329/2329 2340/2340 2341/2341
f 2329/2329 2341/2341 2342/2342
f 2329/2329 2342/2342 2343/2343
f 2329/2329 2343/2343 2344/2344
f 2329/2329 2344/2344 2345/2345
f 2329/2329 2345/2345 2346/2346
f 2329/2329 2346/2346 2347/2347
f 2329/2329 2347/2347 2348/2348
f 2329/2329 2348/2348 2349/2349
f 2329/2329 2349/2349 2350/2350
f 2329/2329 2350/2350 2351/2351
f 2329/2329 2351/2351 2352/2352
f 2353/2353 2354/2354 2355/2355
f 2353/2353 2355/2355 2356/2356
f 2353/2353 2356/2356 2357/2357
f 2354/2354 2358/2358 2359/2359
f 2354/2354 2359/2359 2355/2355
f 2340/2340 2360/2360 2361/2361
f 2340/2340 2361/2361 2362/2362
f 2340/2340 2362/2362 2363/2363
f 2340/2340 2363/2363 2364/2364
f 2340/2340 2364/2364 2365/2365
f 2340/2340 2365/2365 2366/2366
f 2340/2340 2366/2366 2367/2367
f 2340/2340 2367/2367 2368/2368
f 2340/2340 2368/2368 2369/2369
f 2340/2340 2369/2369 2329/2329
f 2340/2340 2329/2329 2352/2352
f 2340/2340 2352/2352 2370/2370
f 2340/2340 2370/2370 2371/2371
f 2340/2340 2371/2371 2372/2372
f 2340/2340 2372/2372 2373/2373
f 2340/2340 2373/2373 2374/2374
f 2340/2340 2374/2374 2375/2375
f 2340/2340 2375/2375 2376/2376
f 2340/2340 2376/2376 2377/2377
f 2340/2340 2377/2377 2378/2378
f 2340/2340 2378/2378 2379/2379
f 2340/2340 2379/2379 2341/2341
f 2380/2380 2381/2381 2382/2382
f 2380/2380 2382/2382 2383/2383
f 2383/2383 2384/2384 2385/2385
f 2383/2383 2385/2385 2386/2386
f 2383/2383 2386/2386 2380/2380
f 2387/2387 2388/2388 2389/2389
f 2387/2387 2389/2389 2390/2390
f 2387/2387 2390/2390 2391/2391
f 2387/2387 2391/2391 2392/2392
f 2387/2387 2392/2392 2393/2393
f 2394/2394 2387/2387 2393/2393
f 2394/2394 2393/2393 2395/2395
f 2394/2394 2395/2395 2396/2396
f 2384/2384 2397/2397 2398/2398
f 2384/2384 2398/2398 2399/2399
f 2384/2384 2399/2399 2385/2385
f 2400/2400 2394/2394 2396/2396
f 2400/2400 2396/2396 2401/2401
f 2400/2400 2401/2401 2402/2402
f 2397/2397 2403/2403 2404/2404
f 2397/2397 2404/2404 2405/2405
f 2397/2397 2405/2405 2398/2398
f 2406/2406 2400/2400 2402/2402
f 2406/2406 2402/2402 2407/2407
f 2406/2406 2407/2407 2408/2408
f 2403/2403 2409/2409 2410/2410
f 2403/2403 2410/2410 2411/2411
f 2403/2403 2411/2411 2404/2404
f 2412/2412 2406/2406 2408/2408
f 2412/2412 2408/2408 2413/2413
f 2412/2412 2413/2413 2414/2414
f 2414/2414 2415/2415 2416/2416
f 2414/2414 2416/2416 2417/2417
f 2414/2414 2417/2417 2412/2412
f 2409/2409 2418/2418 2419/2419
f 2409/2409 2419/2419 2420/2420
f 2409/2409 2420/2420 2410/2410
f 2418/2418 2421/2421 2422/2422
f 2418/2418 2422/2422 2423/2423
f 2418/2418 2423/2423 2419/2419
f 2424/2424 2425/2425 2426/2426
f 2424/2424 2426/2426 2427/2427
f 2424/2424 2427/2427 2428/2428
f 2424/2424 2428/2428 2429/2429
f 2421/2421 2430/2430 2431/2431
f 2421/2421 2431/2431 2432/2432
f 2421/2421 2432/2432 2422/2422
f 2433/2433 2424/2424 2429/2429
f 2433/2433 2429/2429 2434/2434
f 2433/2433 2434/2434 2435/2435
f 2430/2430 2436/2436 2437/2437
f 2430/2430 2437/2437 2438/2438
f 2430/2430 2438/2438 2431/2431
f 2436/2436 2439/2439 2440/2440
f 2436/2436 2440/2440 2441/2441
f 2436/2436 2441/2441 2437/2437
f 2442/2442 2433/2433 2435/2435
f 2442/2442 2435/2435 2443/2443
f 2442/2442 2443/2443 2444/2444
f 2445/2445 2442/2442 2444/2444
f 2445/2445 2444/2444 2446/2446
f 2445/2445 2446/2446 2447/2447
f 2439/2439 2448/2448 2449/2449
f 2439/2439 2449/2449 2450/2450
f 2439/2439 2450/2450 2440/2440
f 2451/2451 2445/2445 2447/2447
f 2451/2451 2447/2447 2452/2452
f 2448/2448 2453/2453 2454/2454
f 2448/2448 2454/2454 2455/2455
f 2448/2448 2455/2455 2449/2449
f 2456/2456 2451/2451 2452/2452
f 2456/2456 2452/2452 2457/2457
f 2458/2458 2456/2456 2457/2457
f 2458/2458 2457/2457 2459/2459
f 2458/2458 2459/2459 2460/2460
f 2461/2461 2458/2458 2460/2460
f 2461/2461 2460/2460 2462/2462
f 2461/2461 2462/2462 2463/2463
f 2464/2464 2461/2461 2463/2463
f 2464/2464 2463/2463 2465/2465
f 2464/2464 2465/2465 2466/2466
f 2466/2466 2467/2467 2468/2468
f 2466/2466 2468/2468 2469/2469
f 2466/2466 2469/2469 2470/2470
f 2466/2466 2470/2470 2464/2464
f 2471/2471 2472/2472 2473/2473
f 2471/2471 2473/2473 2474/2474
f 2471/2471 2474/2474 2475/2475
f 2476/2476 2477/2477 2478/2478
f 2476/2476 2478/2478 2479/2479
f 2476/2476 2479/2479 2480/2480
f 2477/2477 2481/2481 2482/2482
f 2477/2477 2482/2482 2483/2483
f 2477/2477 2483/2483 2478/2478
f 2484/2484 2476/2476 2480/2480
f 2484/2484 2480/2480 2485/2485
f 2484/2484 2485/2485 2486/2486
f 2487/2487 2484/2484 2486/2486
f 2487/2487 2486/2486 2488/2488
f 2487/2487 2488/2488 2489/2489
f 2453/2453 2487/2487 2489/2489
f 2453/2453 2489/2489 2490/2490
f 2453/2453 2490/2490 2454/2454
f 2481/2481 2491/2491 2492/2492
f 2481/2481 2492/2492 2493/2493
f 2481/2481 2493/2493 2482/2482
f 2475/2475 2494/2494 2495/2495
f 2475/2475 2495/2495 2496/2496
f 2475/2475 2496/2496 2471/2471
f 2495/2495 2497/2497 2498/2498
f 2495/2495 2498/2498 2499/2499
f 2495/2495 2499/2499 2496/2496
f 2491/2491 2500/2500 2501/2501
f 2491/2491 2501/2501 2502/2502
f 2491/2491 2502/2502 2492/2492
f 2498/2498 2503/2503 2504/2504
f 2498/2498 2504/2504 2505/2505
f 2498/2498 2505/2505 2499/2499
f 2504/2504 2506/2506 2507/2507
f 2504/2504 2507/2507 2508/2508
f 2504/2504 2508/2508 2505/2505
f 2500/2500 2353/2353 2357/2357
f 2500/2500 2357/2357 2509/2509
f 2500/2500 2509/2509 2501/2501
f 2507/2507 2510/2510 2391/2391
f 2507/2507 2391/2391 2390/2390
f 2507/2507 2390/2390 2511/2511
f 2507/2507 2511/2511 2512/2512
f 2507/2507 2512/2512 2508/2508
f 2513/2513 2514/2514 2515/2515
f 2513/2513 2515/2515 2516/2516
f 2517/2517 2518/2518 2519/2519
f 2517/2517 2519/2519 2520/2520
f 2520/2520 2521/2521 2522/2522
f 2520/2520 2522/2522 2517/2517
f 2523/2523 2524/2524 2525/2525
f 2523/2523 2525/2525 2526/2526
f 2524/2524 2527/2527 2528/2528
f 2524/2524 2528/2528 2525/2525
f 2529/2529 2530/2530 2531/2531
f 2529/2529 2531/2531 2532/2532
f 2529/2529 2532/2532 2533/2533
f 2529/2529 2533/2533 2534/2534
f 2529/2529 2534/2534 2535/2535
f 2529/2529 2535/2535 2536/2536
f 2529/2529 2536/2536 2537/2537
f 2529/2529 2537/2537 2538/2538
f 2529/2529 2538/2538 2539/2539
f 2529/2529 2539/2539 2540/2540
f 2529/2529 2540/2540 2541/2541
f 2529/2529 2541/2541 2542/2542
f 2529/2529 2542/2542 2543/2543
f 2529/2529 2543/2543 2544/2544
f 2529/2529 2544/2544 2545/2545
f 2529/2529 2545/2545 2546/2546
f 2529/2529 2546/2546 2547/2547
f 2529/2529 2547/2547 2548/2548
f 2529/2529 2548/2548 2549/2549
f 2529/2529 2549/2549 2550/2550
f 2551/2551 2523/2523 2526/2526
f 2551/2551 2526/2526 2552/2552
f 2553/2553 2551/2551 2552/2552
f 2553/2553 2552/2552 2554/2554
f 2521/2521 2555/2555 2556/2556
f 2521/2521 2556/2556 2522/2522
f 2555/2555 2557/2557 2558/2558
f 2555/2555 2558/2558 2556/2556
f 2557/2557 2559/2559 2560/2560
f 2557/2557 2560/2560 2558/2558
f 2561/2561 2553/2553 2554/2554
f 2561/2561 2554/2554 2562/2562
f 2559/2559 2563/2563 2564/2564
f 2559/2559 2564/2564 2560/2560
f 2565/2565 2561/2561 2562/2562
f 2565/2565 2562/2562 2566/2566
f 2567/2567 2565/2565 2566/2566
f 2567/2567 2566/2566 2568/2568
f 2569/2569 2567/2567 2568/2568
f 2569/2569 2568/2568 2570/2570
f 2563/2563 2571/2571 2572/2572
f 2563/2563 2572/2572 2564/2564
f 2571/2571 2573/2573 2574/2574
f 2571/2571 2574/2574 2572/2572
f 2573/2573 2575/2575 2576/2576
f 2573/2573 2576/2576 2574/2574
f 2577/2577 2569/2569 2570/2570
f 2577/2577 2570/2570 2578/2578
f 2579/2579 2577/2577 2578/2578
f 2579/2579 2578/2578 2580/2580
f 2575/2575 2581/2581 2582/2582
f 2575/2575 2582/2582 2576/2576
f 2581/2581 2583/2583 2584/2584
f 2581/2581 2584/2584 2582/2582
f 2585/2585 2579/2579 2580/2580
f 2585/2585 2580/2580 2586/2586
f 2587/2587 2585/2585 2586/2586
f 2587/2587 2586/2586 2588/2588
f 2583/2583 2589/2589 2590/2590
f 2583/2583 2590/2590 2584/2584
f 2589/2589 2591/2591 2592/2592
f 2589/2589 2592/2592 2590/2590
f 2593/2593 2587/2587 2588/2588
f 2593/2593 2588/2588 2594/2594
f 2595/2595 2593/2593 2594/2594
f 2595/2595 2594/2594 2596/2596
f 2591/2591 2597/2597 2598/2598
f 2591/2591 2598/2598 2592/2592
f 2597/2597 2599/2599 2600/2600
f 2597/2597 2600/2600 2598/2598
f 2599/2599 2601/2601 2602/2602
f 2599/2599 2602/2602 2600/2600
f 2603/2603 2595/2595 2596/2596
f 2603/2603 2596/2596 2604/2604
f 2605/2605 2603/2603 2604/2604
f 2605/2605 2604/2604 2606/2606
f 2607/2607 2605/2605 2606/2606
f 2607/2607 2606/2606 2608/2608
f 2609/2609 2607/2607 2608/2608
f 2609/2609 2608/2608 2610/2610
f 2611/2611 2609/2609 2610/2610
f 2611/2611 2610/2610 2612/2612
f 2613/2613 2611/2611 2612/2612
f 2613/2613 2612/2612 2614/2614
f 2615/2615 2616/2616 2617/2617
f 2615/2615 2617/2617 2618/2618
f 2616/2616 2619/2619 2620/2620
f 2616/2616 2620/2620 2617/2617
f 2619/2619 2513/2513 2516/2516
f 2619/2619 2516/2516 2620/2620
f 2621/2621 2613/2613 2614/2614
f 2621/2621 2614/2614 2622/2622
f 2622/2622 2623/2623 2624/2624
f 2622/2622 2624/2624 2621/2621
f 2625/2625 2615/2615 2618/2618
f 2625/2625 2618/2618 2626/2626
f 2601/2601 2625/2625 2626/2626
f 2601/2601 2626/2626 2602/2602
f 2627/2627 2628/2628 2629/2629
f 2627/2627 2629/2629 2630/2630
f 2631/2631 2632/2632 2633/2633
f 2631/2631 2633/2633 2634/2634
f 2631/2631 2634/2634 2635/2635
f 2631/2631 2635/2635 2636/2636
f 2631/2631 2636/2636 2637/2637
f 2631/2631 2637/2637 2638/2638
f 2631/2631 2638/2638 2639/2639
f 2631/2631 2639/2639 2640/2640
f 2631/2631 2640/2640 2641/2641
f 2631/2631 2641/2641 2642/2642
f 2631/2631 2642/2642 2643/2643
f 2631/2631 2643/2643 2644/2644
f 2631/2631 2644/2644 2645/2645
f 2631/2631 2645/2645 2646/2646
f 2631/2631 2646/2646 2647/2647
f 2631/2631 2647/2647 2648/2648
f 2631/2631 2648/2648 2649/2649
f 2631/2631 2649/2649 2650/2650
f 2631/2631 2650/2650 2651/2651
f 2631/2631 2651/2651 2652/2652
f 2653/2653 2654/2654 2655/2655
f 2653/2653 2655/2655 2656/2656
f 2657/2657 2658/2658 2659/2659
f 2657/2657 2659/2659 2660/2660
f 2661/2661 2662/2662 2663/2663
f 2661/2661 2663/2663 2664/2664
f 2665/2665 2666/2666 2667/2667
f 2665/2665 2667/2667 2668/2668
f 2665/2665 2668/2668 2669/2669
f 2665/2665 2669/2669 2670/2670
f 2665/2665 2670/2670 2671/2671
f 2665/2665 2671/2671 2672/2672
f 2665/2665 2672/2672 2673/2673
f 2665/2665 2673/2673 2674/2674
f 2665/2665 2674/2674 2675/2675
f 2665/2665 2675/2675 2676/2676
f 2665/2665 2676/2676 2677/2677
f 2665/2665 2677/2677 2678/2678
f 2665/2665 2678/2678 2679/2679
f 2665/2665 2679/2679 2680/2680
f 2665/2665 2680/2680 2681/2681
f 2665/2665 2681/2681 2682/2682
f 2665/2665 2682/2682 2683/2683
f 2665/2665 2683/2683 2684/2684
f 2665/2665 2684/2684 2685/2685
f 2665/2665 2685/2685 2686/2686
f 2664/2664 2687/2687 2688/2688
f 2664/2664 2688/2688 2661/2661
f 2687/2687 2689/2689 2690/2690
f 2687/2687 2690/2690 2688/2688
f 2691/2691 2627/2627 2630/2630
f 2691/2691 2630/2630 2692/2692
f 2693/2693 2691/2691 2692/2692
f 2693/2693 2692/2692 2694/2694
f 2695/2695 2693/2693 2694/2694
f 2695/2695 2694/2694 2696/2696
f 2689/2689 2697/2697 2698/2698
f 2689/2689 2698/2698 2690/2690
f 2699/2699 2695/2695 2696/2696
f 2699/2699 2696/2696 2700/2700
f 2697/2697 2701/2701 2702/2702
f 2697/2697 2702/2702 2698/2698
f 2701/2701 2703/2703 2704/2704
f 2701/2701 2704/2704 2702/2702
f 2703/2703 2705/2705 2706/2706
f 2703/2703 2706/2706 2704/2704
f 2707/2707 2699/2699 2700/2700
f 2707/2707 2700/2700 2708/2708
f 2709/2709 2707/2707 2708/2708
f 2709/2709 2708/2708 2710/2710
f 2711/2711 2709/2709 2710/2710
f 2711/2711 2710/2710 2712/2712
f 2705/2705 2713/2713 2714/2714
f 2705/2705 2714/2714 2706/2706
f 2715/2715 2711/2711 2712/2712
f 2715/2715 2712/2712 2716/2716
f 2713/2713 2717/2717 2718/2718
f 2713/2713 2718/2718 2714/2714
f 2719/2719 2715/2715 2716/2716
f 2719/2719 2716/2716 2720/2720
f 2720/2720 2721/2721 2722/2722
f 2720/2720 2722/2722 2719/2719
f 2723/2723 2724/2724 2725/2725
f 2723/2723 2725/2725 2726/2726
f 2717/2717 2723/2723 2726/2726
f 2717/2717 2726/2726 2718/2718
f 2727/2727 2728/2728 2729/2729
f 2727/2727 2729/2729 2730/2730
f 2724/2724 2731/2731 2732/2732
f 2724/2724 2732/2732 2725/2725
f 2731/2731 2733/2733 2734/2734
f 2731/2731 2734/2734 2732/2732
f 2733/2733 2735/2735 2736/2736
f 2733/2733 2736/2736 2734/2734
f 2737/2737 2738/2738 2739/2739
f 2737/2737 2739/2739 2740/2740
f 2738/2738 2727/2727 2730/2730
f 2738/2738 2730/2730 2739/2739
f 2741/2741 2737/2737 2740/2740
f 2741/2741 2740/2740 2742/2742
f 2743/2743 2741/2741 2742/2742
f 2743/2743 2742/2742 2744/2744
f 2745/2745 2746/2746 2747/2747
f 2745/2745 2747/2747 2748/2748
f 2735/2735 2745/2745 2748/2748
f 2735/2735 2748/2748 2736/2736
f 2746/2746 2749/2749 2750/2750
f 2746/2746 2750/2750 2747/2747
f 2749/2749 2751/2751 2752/2752
f 2749/2749 2752/2752 2750/2750
f 2753/2753 2754/2754 2755/2755
f 2753/2753 2755/2755 2756/2756
f 2754/2754 2743/2743 2744/2744
f 2754/2754 2744/2744 2755/2755
f 2757/2757 2753/2753 2756/2756
f 2757/2757 2756/2756 2758/2758
f 2759/2759 2757/2757 2758/2758
f 2759/2759 2758/2758 2760/2760
f 2761/2761 2762/2762 2763/2763
f 2761/2761 2763/2763 2764/2764
f 2751/2751 2761/2761 2764/2764
f 2751/2751 2764/2764 2752/2752
f 2762/2762 2657/2657 2660/2660
f 2762/2762 2660/2660 2763/2763
f 2656/2656 2759/2759 2760/2760
f 2656/2656 2760/2760 2653/2653
f 2765/2765 2766/2766 2767/2767
f 2765/2765 2767/2767 2768/2768
f 2769/2769 2770/2770 2771/2771
f 2769/2769 2771/2771 2772/2772
f 2769/2769 2772/2772 2773/2773
f 2769/2769 2773/2773 2774/2774
f 2769/2769 2774/2774 2775/2775
f 2769/2769 2775/2775 2776/2776
f 2769/2769 2776/2776 2777/2777
f 2769/2769 2777/2777 2778/2778
f 2769/2769 2778/2778 2779/2779
f 2769/2769 2779/2779 2780/2780
f 2769/2769 2780/2780 2781/2781
f 2769/2769 2781/2781 2782/2782
f 2769/2769 2782/2782 2783/2783
f 2769/2769 2783/2783 2784/2784
f 2769/2769 2784/2784 2785/2785
f 2769/2769 2785/2785 2786/2786
f 2769/2769 2786/2786 2787/2787
f 2769/2769 2787/2787 2788/2788
f 2769/2769 2788/2788 2789/2789
f 2769/2769 2789/2789 2790/2790
f 2791/2791 2792/2792 2793/2793
f 2791/2791 2793/2793 2794/2794
f 2795/2795 2796/2796 2797/2797
f 2795/2795 2797/2797 2798/2798
f 2799/2799 2800/2800 2801/2801
f 2799/2799 2801/2801 2802/2802
f 2803/2803 2804/2804 2805/2805
f 2803/2803 2805/2805 2806/2806
f 2807/2807 2808/2808 2809/2809
f 2807/2807 2809/2809 2810/2810
f 2798/2798 2811/2811 2812/2812
f 2798/2798 2812/2812 2795/2795
f 2810/2810 2813/2813 2814/2814
f 2810/2810 2814/2814 2807/2807
f 2813/2813 2815/2815 2816/2816
f 2813/2813 2816/2816 2814/2814
f 2811/2811 2817/2817 2818/2818
f 2811/2811 2818/2818 2812/2812
f 2794/2794 2819/2819 2820/2820
f 2794/2794 2820/2820 2791/2791
f 2819/2819 2821/2821 2822/2822
f 2819/2819 2822/2822 2820/2820
f 2821/2821 2823/2823 2824/2824
f 2821/2821 2824/2824 2822/2822
f 2817/2817 2825/2825 2826/2826
f 2817/2817 2826/2826 2818/2818
f 2823/2823 2827/2827 2828/2828
f 2823/2823 2828/2828 2824/2824
f 2825/2825 2829/2829 2830/2830
f 2825/2825 2830/2830 2826/2826
f 2815/2815 2831/2831 2832/2832
f 2815/2815 2832/2832 2816/2816
f 2831/2831 2833/2833 2834/2834
f 2831/2831 2834/2834 2832/2832
f 2829/2829 2835/2835 2836/2836
f 2829/2829 2836/2836 2830/2830
f 2833/2833 2837/2837 2838/2838
f 2833/2833 2838/2838 2834/2834
f 2839/2839 2840/2840 2841/2841
f 2839/2839 2841/2841 2842/2842
f 2839/2839 2842/2842 2843/2843
f 2839/2839 2843/2843 2844/2844
f 2839/2839 2844/2844 2845/2845
f 2839/2839 2845/2845 2846/2846
f 2839/2839 2846/2846 2847/2847
f 2839/2839 2847/2847 2848/2848
f 2839/2839 2848/2848 2849/2849
f 2839/2839 2849/2849 2850/2850
f 2839/2839 2850/2850 2851/2851
f 2839/2839 2851/2851 2852/2852
f 2839/2839 2852/2852 2853/2853
f 2839/2839 2853/2853 2854/2854
f 2839/2839 2854/2854 2855/2855
f 2839/2839 2855/2855 2856/2856
f 2839/2839 2856/2856 2857/2857
f 2839/2839 2857/2857 2858/2858
f 2839/2839 2858/2858 2859/2859
f 2839/2839 2859/2859 2860/2860
f 2837/2837 2861/2861 2862/2862
f 2837/2837 2862/2862 2838/2838
f 2861/2861 2863/2863 2864/2864
f 2861/2861 2864/2864 2862/2862
f 2835/2835 2865/2865 2866/2866
f 2835/2835 2866/2866 2836/2836
f 2865/2865 2867/2867 2868/2868
f 2865/2865 2868/2868 2866/2866
f 2869/2869 2870/2870 2871/2871
f 2869/2869 2871/2871 2872/2872
f 2870/2870 2873/2873 2874/2874
f 2870/2870 2874/2874 2871/2871
f 2873/2873 2875/2875 2876/2876
f 2873/2873 2876/2876 2874/2874
f 2867/2867 2877/2877 2878/2878
f 2867/2867 2878/2878 2868/2868
f 2875/2875 2879/2879 2880/2880
f 2875/2875 2880/2880 2876/2876
f 2877/2877 2881/2881 2882/2882
f 2877/2877 2882/2882 2878/2878
f 2863/2863 2883/2883 2884/2884
f 2863/2863 2884/2884 2864/2864
f 2883/2883 2885/2885 2886/2886
f 2883/2883 2886/2886 2884/2884
f 2885/2885 2887/2887 2888/2888
f 2885/2885 2888/2888 2886/2886
f 2881/2881 2889/2889 2890/2890
f 2881/2881 2890/2890 2882/2882
f 2887/2887 2891/2891 2892/2892
f 2887/2887 2892/2892 2888/2888
f 2889/2889 2893/2893 2894/2894
f 2889/2889 2894/2894 2890/2890
f 2879/2879 2895/2895 2896/2896
f 2879/2879 2896/2896 2880/2880
f 2895/2895 2897/2897 2898/2898
f 2895/2895 2898/2898 2896/2896
f 2897/2897 2899/2899 2900/2900
f 2897/2897 2900/2900 2898/2898
f 2893/2893 2901/2901 2902/2902
f 2893/2893 2902/2902 2894/2894
f 2899/2899 2903/2903 2904/2904
f 2899/2899 2904/2904 2900/2900
f 2901/2901 2905/2905 2906/2906
f 2901/2901 2906/2906 2902/2902
f 2891/2891 2907/2907 2908/2908
f 2891/2891 2908/2908 2892/2892
f 2907/2907 2909/2909 2910/2910
f 2907/2907 2910/2910 2908/2908
f 2909/2909 2911/2911 2912/2912
f 2909/2909 2912/2912 2910/2910
f 2905/2905 2913/2913 2914/2914
f 2905/2905 2914/2914 2906/2906
f 2911/2911 2915/2915 2916/2916
f 2911/2911 2916/2916 2912/2912
f 2913/2913 2917/2917 2918/2918
f 2913/2913 2918/2918 2914/2914
f 2903/2903 2919/2919 2920/2920
f 2903/2903 2920/2920 2904/2904
f 2919/2919 2921/2921 2922/2922
f 2919/2919 2922/2922 2920/2920
f 2921/2921 2923/2923 2924/2924
f 2921/2921 2924/2924 2922/2922
f 2917/2917 2925/2925 2926/2926
f 2917/2917 2926/2926 2918/2918
f 2923/2923 2927/2927 2928/2928
f 2923/2923 2928/2928 2924/2924
f 2925/2925 2929/2929 2930/2930
f 2925/2925 2930/2930 2926/2926
f 2915/2915 2931/2931 2932/2932
f 2915/2915 2932/2932 2916/2916
f 2931/2931 2933/2933 2934/2934
f 2931/2931 2934/2934 2932/2932
f 2933/2933 2935/2935 2936/2936
f 2933/2933 2936/2936 2934/2934
f 2929/2929 2937/2937 2938/2938
f 2929/2929 2938/2938 2930/2930
f 2935/2935 2939/2939 2940/2940
f 2935/2935 2940/2940 2936/2936
f 2937/2937 2941/2941 2942/2942
f 2937/2937 2942/2942 2938/2938
f 2927/2927 2943/2943 2944/2944
f 2927/2927 2944/2944 2928/2928
f 2943/2943 2945/2945 2946/2946
f 2943/2943 2946/2946 2944/2944
f 2945/2945 2765/2765 2768/2768
f 2945/2945 2768/2768 2946/2946
f 2941/2941 2799/2799 2802/2802
f 2941/2941 2802/2802 2942/2942
f 2939/2939 2803/2803 2806/2806
f 2939/2939 2806/2806 2940/2940
f 2827/2827 2869/2869 2872/2872
f 2827/2827 2872/2872 2828/2828

