# https://github.com/mikedh/trimesh
mtllib material.mtl

o _PROTECTIVE_SLEEVE_BLEG2_01_-_brep_1__026-mesh
usemtl material_0
v -0.06279309 -0.01811785 0.05916126
v -0.07008817 -0.01798847 0.05018458
v -0.06280530 -0.01798847 0.05917317
v -0.06284192 -0.01786787 0.05920709
v -0.05480887 -0.01786787 0.06682606
v -0.05476596 -0.01811785 0.06677460
v -0.05477688 -0.01798846 0.06678773
v -0.06279309 -0.02298775 0.05916126
v -0.07007450 -0.02298775 0.05017439
v -0.07007450 -0.01811785 0.05017439
v -0.08552205 -0.02298775 0.00814814
v -0.08353022 -0.02298775 0.00796747
v -0.08380452 -0.02298775 -0.00312970
v -0.05476596 -0.02298775 0.06677460
v -0.04583273 -0.01811785 0.07330115
v -0.04583273 -0.02298775 0.07330115
v -0.03568259 -0.01811785 0.07884700
v -0.03569009 -0.01798847 0.07886232
v -0.05476596 -0.01811785 0.06677460
v -0.04584222 -0.01798847 0.07331531
v -0.03571106 -0.01786787 0.07890761
v -0.05477688 -0.01798846 0.06678773
v -0.04586905 -0.01786787 0.07335743
v -0.05480887 -0.01786787 0.06682606
v -0.04591174 -0.01776430 0.07342444
v -0.03574441 -0.01776430 0.07897974
v -0.06290018 -0.01776430 0.05926117
v -0.05485974 -0.01776430 0.06688710
v -0.05492605 -0.01768485 0.06696663
v -0.06297610 -0.01768485 0.05933161
v -0.05485974 -0.01776430 0.06688710
v -0.04596735 -0.01768485 0.07351179
v -0.06306451 -0.01763489 0.05941358
v -0.05500326 -0.01763489 0.06705928
v -0.05500326 -0.01763489 0.06705928
v -0.05492605 -0.01768485 0.06696663
v -0.05508615 -0.01761785 0.06715864
v -0.06315967 -0.01761785 0.05950129
v -0.05508615 -0.01761785 0.06715864
v -0.04603210 -0.01763489 0.07361354
v -0.07027857 -0.01768485 0.05031880
v -0.07037714 -0.01763489 0.05038825
v -0.07048316 -0.01761785 0.05046247
v -0.05508615 -0.01761785 0.06715864
v -0.06315967 -0.01761785 0.05950129
v -0.07085062 -0.01761785 0.06663539
v -0.07623384 -0.01763489 0.04082392
v -0.07634839 -0.01761785 0.04088410
v -0.08091243 -0.01763489 0.03030616
v -0.08103398 -0.01761785 0.03035066
v -0.07612714 -0.01768485 0.04076771
v -0.08079924 -0.01768485 0.03026459
v -0.07019394 -0.01776430 0.05025910
v -0.07603551 -0.01776430 0.04071943
v -0.07012900 -0.01786787 0.05021333
v -0.07596521 -0.01786787 0.04068237
v -0.08070205 -0.01776430 0.03022883
v -0.08062748 -0.01786787 0.03020142
v -0.08389743 -0.01776430 0.01940546
v -0.08399846 -0.01768485 0.01942823
v -0.08566788 -0.01776430 0.00816138
v -0.08381993 -0.01786787 0.01938794
v -0.08377121 -0.01798847 0.01937695
v -0.08058059 -0.01798847 0.03018421
v -0.08553901 -0.01798847 0.00814966
v -0.08581984 -0.01798847 -0.00321246
v -0.08558876 -0.01786787 0.00815418
v -0.08594913 -0.01776430 -0.00321777
v -0.08375460 -0.01811785 0.01937318
v -0.08580282 -0.01811785 -0.00321173
v -0.08552205 -0.01811785 0.00814814
v -0.08552205 -0.02298775 0.00814814
v -0.08580282 -0.02298775 -0.00321173
v -0.08460875 -0.02298775 -0.01441425
v -0.08460875 -0.01811785 -0.01441425
v -0.08191021 -0.01811785 -0.02555438
v -0.08462552 -0.01798847 -0.01441736
v -0.08191021 -0.02298775 -0.02555438
v -0.07788707 -0.02298775 -0.03597150
v -0.07788707 -0.01811785 -0.03597150
v -0.08192641 -0.01798847 -0.02555963
v -0.08467473 -0.01786787 -0.01442590
v -0.07794768 -0.01786787 -0.03599994
v -0.08197407 -0.01786787 -0.02557459
v -0.08475302 -0.01776430 -0.01443945
v -0.08204989 -0.01776430 -0.02559839
v -0.08214869 -0.01768485 -0.02562940
v -0.08485506 -0.01768485 -0.01445709
v -0.07801982 -0.01776430 -0.03603332
v -0.08226375 -0.01763489 -0.02566547
v -0.08497388 -0.01763489 -0.01447766
v -0.07822326 -0.01763489 -0.03612738
v -0.08238727 -0.01761785 -0.02570404
v -0.07834089 -0.01761785 -0.03618133
v -0.07276298 -0.01761785 -0.04639020
v -0.07265359 -0.01763489 -0.04632104
v -0.06619874 -0.01761785 -0.05537506
v -0.06609935 -0.01763489 -0.05529217
v -0.07811381 -0.01768485 -0.03607678
v -0.07255188 -0.01768485 -0.04625629
v -0.07246451 -0.01776430 -0.04620062
v -0.06592717 -0.01776430 -0.05514862
v -0.07239750 -0.01786787 -0.04615796
v -0.06586613 -0.01786787 -0.05509778
v -0.05830121 -0.01776430 -0.06318909
v -0.06600673 -0.01768485 -0.05521496
v -0.04935887 -0.01768485 -0.07056751
v -0.05837165 -0.01768485 -0.06326501
v -0.04925340 -0.01786787 -0.07041791
v -0.05824720 -0.01786787 -0.06313086
v -0.05821324 -0.01798847 -0.06309424
v -0.06582777 -0.01798847 -0.05506579
v -0.04922462 -0.01798847 -0.07037708
v -0.03969919 -0.01798847 -0.07620996
v -0.03975950 -0.01776430 -0.07632440
v -0.04929917 -0.01776430 -0.07048285
v -0.05820133 -0.01811785 -0.06308203
v -0.04921449 -0.01811785 -0.07036341
v -0.04921449 -0.02298775 -0.07036341
v -0.03969111 -0.02298775 -0.07619495
v -0.03969111 -0.01811785 -0.07619495
v -0.06581470 -0.01811785 -0.05505487
v -0.05820133 -0.02298775 -0.06308203
v -0.07234121 -0.01811785 -0.04612164
v -0.06581470 -0.02298775 -0.05505487
v -0.07234121 -0.02298775 -0.04612164
v -0.07235535 -0.01798847 -0.04613116
v -0.07790236 -0.01798847 -0.03597900
v -0.02921821 -0.02298775 -0.08085358
v -0.02921821 -0.01811785 -0.08085358
v -0.01841322 -0.02298775 -0.08404352
v -0.01841322 -0.01811785 -0.08404352
v -0.02922428 -0.01798847 -0.08086951
v -0.01841703 -0.01798847 -0.08406012
v -0.00718976 -0.01798847 -0.08582795
v -0.00718821 -0.02298775 -0.08581099
v -0.00718821 -0.01811785 -0.08581099
v -0.01842805 -0.01786787 -0.08410884
v -0.02924150 -0.01786787 -0.08091638
v -0.00719425 -0.01786787 -0.08587770
v -0.01844554 -0.01776430 -0.08418634
v -0.02926893 -0.01776430 -0.08099097
v -0.00720145 -0.01776430 -0.08595679
v -0.02930464 -0.01768485 -0.08108814
v -0.01846830 -0.01768485 -0.08428736
v -0.01849485 -0.01763489 -0.08440497
v -0.02934626 -0.01763489 -0.08120137
v -0.00722169 -0.01763489 -0.08618007
v -0.02939070 -0.01761785 -0.08132289
v -0.01852327 -0.01761785 -0.08453125
v -0.00723337 -0.01761785 -0.08630890
v 0.06305243 -0.01761785 -0.07454506
v 0.04735010 -0.01761785 -0.07305189
v 0.05633499 -0.01761785 -0.06648762
v 0.00419213 -0.01761785 -0.08659131
v 0.00418689 -0.01763489 -0.08646199
v 0.01545944 -0.01761785 -0.08539032
v 0.01543759 -0.01763489 -0.08526282
v -0.00721079 -0.01768485 -0.08605994
v 0.01541702 -0.01768485 -0.08514399
v 0.00418194 -0.01768485 -0.08634150
v 0.00417770 -0.01776430 -0.08623804
v 0.01538583 -0.01786787 -0.08496364
v 0.00417443 -0.01786787 -0.08615863
v 0.02655829 -0.01776430 -0.08233882
v 0.01539938 -0.01776430 -0.08504194
v 0.02658930 -0.01768485 -0.08243763
v 0.03703671 -0.01768485 -0.07840272
v 0.02653452 -0.01786787 -0.08226294
v 0.03699325 -0.01776430 -0.07830873
v 0.02651956 -0.01798847 -0.08221534
v 0.01537732 -0.01798847 -0.08491443
v 0.03693893 -0.01798847 -0.07819130
v 0.04709106 -0.01798847 -0.07264429
v 0.03695990 -0.01786787 -0.07823658
v 0.04711789 -0.01786787 -0.07268641
v 0.03693143 -0.01811785 -0.07817598
v 0.02651434 -0.01811785 -0.08219910
v 0.04708157 -0.01811785 -0.07263013
v 0.03693143 -0.02298775 -0.07817598
v 0.04708157 -0.02298775 -0.07263013
v 0.05601480 -0.02298775 -0.06610358
v 0.05601480 -0.01811785 -0.06610358
v 0.05601480 -0.01811785 -0.06610358
v 0.06405414 -0.01798846 -0.05850215
v 0.05602573 -0.01798846 -0.06611670
v 0.06404193 -0.02298775 -0.05849024
v 0.06404193 -0.01811785 -0.05849024
v 0.07132334 -0.02298774 -0.04950337
v 0.07132334 -0.01811785 -0.04950337
v 0.07133701 -0.01798846 -0.04951356
v 0.05605771 -0.01786787 -0.06615503
v 0.06409076 -0.01786787 -0.05853608
v 0.06414902 -0.01776429 -0.05859015
v 0.05610858 -0.01776429 -0.06621608
v 0.07144278 -0.01776429 -0.04958808
v 0.07716986 -0.01798846 -0.03998810
v 0.07137784 -0.01786786 -0.04954231
v 0.07728437 -0.01776429 -0.04004841
v 0.07152741 -0.01768485 -0.04964776
v 0.06422495 -0.01768485 -0.05866059
v 0.07737598 -0.01768484 -0.04009668
v 0.08204811 -0.01768484 -0.02959358
v 0.08187631 -0.01786786 -0.02953040
v 0.07721405 -0.01786786 -0.04001135
v 0.07162598 -0.01763488 -0.04971723
v 0.07748267 -0.01763488 -0.04015289
v 0.08195090 -0.01776429 -0.02955781
v 0.08524729 -0.01768484 -0.01875720
v 0.08216129 -0.01763488 -0.02963513
v 0.08691672 -0.01776429 -0.00749036
v 0.08514627 -0.01776429 -0.01873444
v 0.08701987 -0.01768484 -0.00749970
v 0.08536493 -0.01763488 -0.01878376
v 0.08549118 -0.01761785 -0.01881221
v 0.08713996 -0.01763488 -0.00751056
v 0.08726883 -0.01761784 -0.00752228
v 0.08228281 -0.01761785 -0.02967964
v 0.08755124 -0.01761784 0.00390319
v 0.08742195 -0.01763488 0.00389801
v 0.08730146 -0.01768484 0.00389306
v 0.08635028 -0.01761785 0.01517053
v 0.08622272 -0.01763488 0.01514868
v 0.08610389 -0.01768484 0.01512811
v 0.08719797 -0.01776429 0.00388879
v 0.08600187 -0.01776429 0.01511047
v 0.08683760 -0.01786786 -0.00748316
v 0.08711859 -0.01786786 0.00388556
v 0.08322290 -0.01786786 0.02624561
v 0.08592356 -0.01786786 0.01509692
v 0.08339753 -0.01768484 0.02630042
v 0.07919655 -0.01786786 0.03667096
v 0.08329872 -0.01776429 0.02626941
v 0.07936264 -0.01768484 0.03674780
v 0.08351262 -0.01763488 0.02633649
v 0.07947208 -0.01763488 0.03679840
v 0.07371335 -0.01776429 0.04687164
v 0.07926865 -0.01776429 0.03670434
v 0.07390245 -0.01763488 0.04699206
v 0.06717601 -0.01776429 0.05581964
v 0.07380069 -0.01768485 0.04692731
v 0.06734819 -0.01763488 0.05596319
v 0.05955005 -0.01776429 0.06386011
v 0.06725557 -0.01768485 0.05588599
v 0.05970249 -0.01763488 0.06402442
v 0.05060770 -0.01768485 0.07123853
v 0.05962048 -0.01768485 0.06393603
v 0.06744758 -0.01761785 0.05604608
v 0.05979020 -0.01761785 0.06411963
v 0.05067716 -0.01763488 0.07133710
v 0.05075140 -0.01761785 0.07144306
v 0.04111279 -0.01763489 0.07719379
v 0.04117297 -0.01761785 0.07730835
v 0.04105658 -0.01768485 0.07708705
v 0.03059509 -0.01763489 0.08187239
v 0.03063953 -0.01761785 0.08199390
v 0.03055347 -0.01768485 0.08175917
v 0.05054800 -0.01776429 0.07115387
v 0.03051776 -0.01776430 0.08166199
v 0.04100834 -0.01776430 0.07699542
v 0.05050224 -0.01786787 0.07108893
v 0.04097128 -0.01786787 0.07692517
v 0.03049033 -0.01786787 0.08158740
v 0.01969437 -0.01776430 0.08485736
v 0.01967688 -0.01786787 0.08477985
v 0.00845029 -0.01776430 0.08662781
v 0.01971713 -0.01768485 0.08495838
v 0.00847052 -0.01763489 0.08685109
v 0.01974368 -0.01763489 0.08507599
v -0.00292886 -0.01776430 0.08690906
v 0.00845963 -0.01768485 0.08673096
v -0.00293805 -0.01763489 0.08713301
v -0.01416818 -0.01768485 0.08581501
v -0.00293310 -0.01768485 0.08701252
v -0.01415054 -0.01776430 0.08571296
v -0.02534045 -0.01768485 0.08310866
v -0.01418875 -0.01763489 0.08593384
v -0.02530945 -0.01776430 0.08300983
v -0.03578787 -0.01768485 0.07907374
v -0.02537656 -0.01763489 0.08322371
v -0.02541513 -0.01761785 0.08334723
v -0.03589245 -0.01761785 0.07930079
v -0.03583850 -0.01763489 0.07918317
v -0.04610126 -0.01761785 0.07372291
v -0.01421060 -0.01761785 0.08606135
v -0.00294330 -0.01761785 0.08726233
v 0.01977210 -0.01761785 0.08520227
v 0.00848221 -0.01761785 0.08697992
v -0.01413699 -0.01786787 0.08563466
v -0.02528568 -0.01786787 0.08293397
v -0.02527072 -0.01798847 0.08288637
v -0.01412848 -0.01798847 0.08558545
v -0.00292560 -0.01786787 0.08682966
v -0.00292355 -0.01798847 0.08677980
v 0.00844309 -0.01786787 0.08654872
v 0.00843860 -0.01798847 0.08649897
v 0.01966586 -0.01798847 0.08473114
v -0.00292279 -0.01811785 0.08676276
v 0.00843705 -0.01811785 0.08648201
v 0.01966205 -0.01811785 0.08471454
v 0.03046704 -0.01811785 0.08152460
v 0.03047311 -0.01798847 0.08154053
v 0.04094803 -0.01798847 0.07688098
v 0.04093995 -0.01811785 0.07686597
v 0.03046704 -0.02298775 0.08152460
v 0.01966205 -0.02298775 0.08471454
v 0.08677088 -0.02298774 -0.00747712
v 0.08477906 -0.02298774 -0.00729645
v 0.08505336 -0.02298774 0.00380072
v 0.05046333 -0.01811785 0.07103443
v 0.04093995 -0.02298775 0.07686597
v 0.05945017 -0.01811785 0.06375305
v 0.05046333 -0.02298775 0.07103443
v 0.05047345 -0.01798847 0.07104810
v 0.05946208 -0.01798847 0.06376526
v 0.06706354 -0.01811785 0.05572589
v 0.05945017 -0.02298775 0.06375305
v 0.06707660 -0.01798846 0.05573682
v 0.06711496 -0.01786786 0.05576880
v 0.05949603 -0.01786787 0.06380188
v 0.07360419 -0.01798846 0.04680218
v 0.07364634 -0.01786786 0.04682898
v 0.07915120 -0.01798846 0.03665002
v 0.08317524 -0.01798846 0.02623065
v 0.07359006 -0.01811785 0.04679266
v 0.07913591 -0.01811785 0.03664252
v 0.08315903 -0.01811785 0.02622540
v 0.08587433 -0.01798846 0.01508838
v 0.08585762 -0.01811785 0.01508527
v 0.08706868 -0.01798846 0.00388348
v 0.08705167 -0.01811785 0.00388275
v 0.08585762 -0.02298774 0.01508527
v 0.08315903 -0.02298774 0.02622540
v 0.08677088 -0.01811785 -0.00747712
v 0.08705167 -0.02298774 0.00388275
v 0.08500345 -0.01811785 -0.01870215
v 0.08677088 -0.02298774 -0.00747712
v 0.08678784 -0.01798846 -0.00747864
v 0.08502005 -0.01798846 -0.01870594
v 0.08181351 -0.01811785 -0.02950709
v 0.08500345 -0.02298774 -0.01870215
v 0.08182944 -0.01798846 -0.02951318
v 0.08506877 -0.01786786 -0.01871693
v 0.07715488 -0.01811785 -0.03998005
v 0.07715488 -0.02298774 -0.03998005
v 0.08181351 -0.02298774 -0.02950709
v 0.07913591 -0.02298774 0.03664252
v 0.07359006 -0.02298774 0.04679266
v 0.06706354 -0.02298774 0.05572589
v 0.00843705 -0.02298775 0.08648201
v 0.00278608 -0.02298775 0.08680848
v -0.01412537 -0.02298775 0.08556868
v -0.01412537 -0.01811785 0.08556868
v -0.02526550 -0.02298775 0.08287012
v -0.02526550 -0.01811785 0.08287012
v -0.03568259 -0.02298775 0.07884700
v -0.00284079 -0.02231786 0.08476442
v -0.00284079 -0.02298775 0.08476442
v 0.00273609 -0.02298775 0.08480915
v -0.01378433 -0.02231786 0.08359797
v -0.01378433 -0.02231786 0.08359797
v -0.00283944 -0.02205903 0.08473041
v -0.01377872 -0.02205903 0.08356440
v -0.00284079 -0.02231786 0.08476442
v 0.00825333 -0.02205903 0.08445624
v 0.00825641 -0.02231786 0.08449018
v 0.01922189 -0.02298775 0.08276355
v 0.01922189 -0.02231786 0.08276355
v 0.01922189 -0.02231786 0.08276355
v 0.00825641 -0.02231786 0.08449018
v 0.01919244 -0.02181785 0.08263288
v 0.01921445 -0.02205903 0.08273030
v 0.00824430 -0.02181785 0.08435669
v 0.00822995 -0.02161072 0.08419844
v 0.01915747 -0.02161072 0.08247785
v -0.00282882 -0.02161072 0.08447174
v 0.00821125 -0.02145182 0.08399219
v 0.01911191 -0.02145182 0.08227576
v 0.01905881 -0.02135192 0.08204053
v 0.00818946 -0.02135192 0.08375196
v -0.00282034 -0.02145182 0.08426484
v -0.01365811 -0.02135192 0.08286757
v -0.00281045 -0.02135192 0.08402382
v -0.01373456 -0.02161072 0.08330934
v -0.00279977 -0.02131786 0.08376526
v 0.00816608 -0.02131786 0.08349427
v -0.01361380 -0.02131786 0.08261261
v -0.02436758 -0.02131786 0.08000763
v -0.02444516 -0.02135192 0.08025452
v -0.01369925 -0.02145182 0.08310524
v -0.03442337 -0.02131786 0.07612404
v -0.03463357 -0.02145182 0.07657770
v -0.02451737 -0.02145182 0.08048469
v -0.02457935 -0.02161072 0.08068232
v -0.03472052 -0.02161072 0.07676570
v -0.01376169 -0.02181785 0.08346595
v -0.02462692 -0.02181785 0.08083394
v -0.02465683 -0.02205903 0.08092927
v -0.03482916 -0.02205903 0.07700062
v -0.04468695 -0.02181785 0.07150087
v -0.03478723 -0.02181785 0.07690992
v -0.05339947 -0.02181783 0.06513556
v -0.04474063 -0.02205903 0.07158510
v -0.04460159 -0.02161072 0.07136677
v -0.05329770 -0.02161075 0.06501349
v -0.05329770 -0.02161075 0.06501349
v -0.06122830 -0.02181785 0.05771034
v -0.05339947 -0.02181783 0.06513556
v -0.05346344 -0.02205903 0.06521229
v -0.06130154 -0.02205903 0.05777826
v -0.05348526 -0.02231786 0.06523848
v -0.05346344 -0.02205903 0.06521229
v -0.05348526 -0.02231786 0.06523848
v -0.06132678 -0.02231786 0.05780116
v -0.06833008 -0.02181785 0.04894520
v -0.06841175 -0.02205903 0.04900276
v -0.06843982 -0.02231786 0.04902204
v -0.07410631 -0.02205903 0.03970313
v -0.07413655 -0.02231786 0.03971887
v -0.06132678 -0.02298775 0.05780116
v -0.06843982 -0.02231786 0.04902204
v -0.06843982 -0.02298775 0.04902204
v -0.07413655 -0.02231786 0.03971887
v -0.07413655 -0.02298775 0.03971887
v -0.07868747 -0.02231786 0.02948810
v -0.07868747 -0.02298775 0.02948810
v -0.08180365 -0.02231786 0.01893298
v -0.08180365 -0.02298775 0.01893298
v -0.07865541 -0.02205903 0.02947657
v -0.07868747 -0.02231786 0.02948810
v -0.08177040 -0.02205903 0.01892555
v -0.08180365 -0.02231786 0.01893298
v -0.07401793 -0.02181785 0.03965656
v -0.07856166 -0.02181785 0.02944208
v -0.07841246 -0.02161072 0.02938727
v -0.07387732 -0.02161072 0.03958252
v -0.08151790 -0.02161072 0.01886859
v -0.07369406 -0.02145182 0.03948596
v -0.07821807 -0.02145182 0.02931580
v -0.08323851 -0.02161072 0.00794104
v -0.08167293 -0.02181785 0.01890357
v -0.08303223 -0.02145182 0.00792237
v -0.08131586 -0.02145182 0.01882300
v -0.08108057 -0.02135192 0.01876990
v -0.07799169 -0.02135192 0.02923262
v -0.08279203 -0.02135192 0.00790058
v -0.08330490 -0.02145182 -0.00310925
v -0.08082817 -0.02131786 0.01871290
v -0.08280536 -0.02131786 -0.00308868
v -0.08253431 -0.02131786 0.00787720
v -0.06139713 -0.02131786 -0.05137640
v -0.05428919 -0.02131786 -0.05886999
v -0.05616114 -0.02131786 -0.06088257
v -0.08165271 -0.02131786 -0.01390271
v -0.08306392 -0.02135192 -0.00309936
v -0.07904774 -0.02131786 -0.02465649
v -0.08190764 -0.02135192 -0.01394702
v -0.07516414 -0.02131786 -0.03471228
v -0.07929460 -0.02135192 -0.02473407
v -0.08214531 -0.02145182 -0.01398816
v -0.07539885 -0.02135192 -0.03482123
v -0.07952475 -0.02145182 -0.02480628
v -0.07002869 -0.02135192 -0.04464972
v -0.07561776 -0.02145182 -0.03492248
v -0.06981061 -0.02131786 -0.04451044
v -0.07040684 -0.02161072 -0.04489050
v -0.07580575 -0.02161072 -0.03500940
v -0.07972236 -0.02161072 -0.02486829
v -0.07594999 -0.02181785 -0.03507611
v -0.07987401 -0.02181785 -0.02491583
v -0.07996934 -0.02205903 -0.02494574
v -0.07054091 -0.02181785 -0.04497589
v -0.07604068 -0.02205903 -0.03511810
v -0.07607177 -0.02231786 -0.03513202
v -0.07065416 -0.02231786 -0.04504748
v -0.07062520 -0.02205903 -0.04502954
v -0.08000188 -0.02298775 -0.02495581
v -0.07607177 -0.02231786 -0.03513202
v -0.07607177 -0.02298775 -0.03513202
v -0.07065416 -0.02231786 -0.04504748
v -0.07065416 -0.02298775 -0.04504748
v -0.06427855 -0.02231786 -0.05377417
v -0.06427855 -0.02298775 -0.05377417
v -0.05684120 -0.02231786 -0.06161572
v -0.05684120 -0.02298775 -0.06161572
v -0.06427855 -0.02231786 -0.05377417
v -0.06425236 -0.02205903 -0.05375238
v -0.05681833 -0.02205903 -0.06159045
v -0.05684120 -0.02231786 -0.06161572
v -0.04806214 -0.02231786 -0.06872876
v -0.04806214 -0.02298775 -0.06872876
v -0.04804281 -0.02205903 -0.06870069
v -0.04806214 -0.02231786 -0.06872876
v -0.05675038 -0.02181785 -0.06151721
v -0.06417563 -0.02181785 -0.05368835
v -0.03874320 -0.02205903 -0.07439521
v -0.03875895 -0.02231786 -0.07442542
v -0.04798527 -0.02181785 -0.06861902
v -0.02851664 -0.02205903 -0.07894435
v -0.02852821 -0.02231786 -0.07897638
v -0.03869663 -0.02181785 -0.07430683
v -0.03862256 -0.02161072 -0.07416620
v -0.04789369 -0.02161072 -0.06848908
v -0.02842735 -0.02161072 -0.07870137
v -0.01790864 -0.02161072 -0.08180683
v -0.02848215 -0.02181785 -0.07885054
v -0.01796562 -0.02205903 -0.08205928
v -0.03852604 -0.02145182 -0.07398297
v -0.01786307 -0.02145182 -0.08160474
v -0.02835587 -0.02145182 -0.07850696
v -0.02827269 -0.02135192 -0.07828058
v -0.03841361 -0.02135192 -0.07376959
v -0.01780998 -0.02135192 -0.08136951
v -0.00696241 -0.02145182 -0.08332117
v -0.00694062 -0.02135192 -0.08308094
v 0.00406918 -0.02145182 -0.08359382
v 0.00407766 -0.02161072 -0.08380072
v -0.00698111 -0.02161072 -0.08352742
v 0.00404861 -0.02131786 -0.08309424
v -0.00691724 -0.02131786 -0.08282325
v -0.01775297 -0.02131786 -0.08111708
v 0.01486264 -0.02131786 -0.08194159
v 0.00405929 -0.02135192 -0.08335279
v 0.02561643 -0.02131786 -0.07933661
v 0.01490695 -0.02135192 -0.08219655
v 0.02569400 -0.02135192 -0.07958351
v 0.01494809 -0.02145182 -0.08243422
v 0.01498340 -0.02161072 -0.08263832
v 0.02582819 -0.02161072 -0.08001130
v 0.03588241 -0.02145182 -0.07590668
v 0.02576621 -0.02145182 -0.07981366
v 0.03596936 -0.02161072 -0.07609468
v 0.04573920 -0.02145182 -0.07052106
v 0.03578119 -0.02135192 -0.07568776
v 0.03567221 -0.02131786 -0.07545302
v 0.04547034 -0.02131786 -0.07009955
v 0.05409375 -0.02131786 -0.06379939
v 0.04560968 -0.02135192 -0.07031758
v 0.05409375 -0.02131786 -0.06379939
v 0.06203192 -0.02135192 -0.05662634
v 0.05425946 -0.02135192 -0.06399812
v 0.07105945 -0.02131785 0.04518146
v 0.06874094 -0.02131785 0.04370526
v 0.06264816 -0.02131785 0.05204480
v 0.05233371 -0.02131786 -0.06168823
v 0.04335074 -0.02146618 -0.06675763
v 0.05155963 -0.02146618 -0.06075971
v 0.05233371 -0.02131786 -0.06168823
v 0.05894086 -0.02146618 -0.05375903
v 0.05982736 -0.02131785 -0.05458082
v 0.04399972 -0.02131786 -0.06777748
v 0.03401712 -0.02146618 -0.07185834
v 0.03452423 -0.02131786 -0.07295563
v 0.02443774 -0.02146618 -0.07555884
v 0.03353973 -0.02190237 -0.07082631
v 0.02409732 -0.02190237 -0.07447388
v 0.04273993 -0.02190237 -0.06579847
v 0.03311590 -0.02260053 -0.06992280
v 0.04219913 -0.02260053 -0.06495978
v 0.03866193 -0.02852526 -0.05940376
v 0.04219913 -0.02260053 -0.06495978
v 0.03312045 -0.02260053 -0.06992073
v 0.03035159 -0.02852526 -0.06394458
v 0.03311590 -0.02260053 -0.06992280
v 0.02379843 -0.02260053 -0.07352173
v 0.02758667 -0.03444999 -0.05796661
v 0.03512323 -0.03444999 -0.05384876
v 0.02182254 -0.02852526 -0.06723871
v 0.01985098 -0.03444999 -0.06095428
v 0.02758551 -0.03444999 -0.05796716
v 0.02727988 -0.03526671 -0.05730554
v 0.03473208 -0.03526671 -0.05323383
v 0.01963156 -0.03526671 -0.06025934
v 0.02705682 -0.03622245 -0.05682080
v 0.01947315 -0.03622245 -0.05974982
v 0.02596860 -0.04236271 -0.05446771
v 0.02705566 -0.03622245 -0.05682135
v 0.03444525 -0.03622245 -0.05278387
v 0.02597214 -0.04236271 -0.05446606
v 0.02596860 -0.04236271 -0.05446771
v 0.01869714 -0.04236271 -0.05727612
v 0.02582657 -0.04303737 -0.05415069
v 0.03906628 -0.04303737 -0.04577435
v 0.03928870 -0.04236271 -0.04604115
v 0.03305371 -0.04236271 -0.05059644
v 0.03251886 -0.04365171 -0.04999689
v 0.03878100 -0.04365171 -0.04543219
v 0.01086533 -0.04303737 -0.05881696
v 0.02563931 -0.04365171 -0.05374652
v 0.00719958 -0.04365171 -0.03765857
v 0.00808649 -0.04365171 -0.03738202
v 0.01078921 -0.04365171 -0.05837806
v 0.03552597 -0.04365171 -0.00883087
v 0.03470328 -0.04365171 -0.00839923
v 0.03571881 -0.04365171 0.00279700
v -0.00871720 -0.04365171 -0.03023663
v 0.00368384 -0.04365171 -0.03210138
v -0.00822055 -0.04365171 -0.03102173
v 0.01006598 -0.04361785 -0.03355078
v 0.01009930 -0.04365171 -0.03354498
v 0.01015033 -0.04365171 -0.03424084
v 0.00990118 -0.04361785 -0.03536798
v 0.01013690 -0.04365171 -0.03447333
v 0.00993295 -0.04365171 -0.03537970
v 0.00908865 -0.04361785 -0.03299768
v 0.00870483 -0.04361785 -0.03239093
v 0.00979202 -0.04361785 -0.03267224
v 0.00982275 -0.04365171 -0.03265808
v 0.00979202 -0.04361785 -0.03267224
v 0.00932608 -0.04365171 -0.03187299
v 0.00930008 -0.04361785 -0.03189465
v 0.00864304 -0.04365171 -0.03124310
v 0.00862354 -0.04361785 -0.03127075
v 0.00782031 -0.04365171 -0.03081152
v 0.00780862 -0.04361785 -0.03084326
v 0.00691391 -0.04365171 -0.03060761
v 0.00599145 -0.04361785 -0.03067853
v 0.00691086 -0.04361785 -0.03064130
v 0.00311923 -0.04361785 -0.03475299
v 0.00385385 -0.04361785 -0.03390350
v 0.00388287 -0.04361785 -0.03462085
v 0.00511291 -0.04361785 -0.03095252
v 0.00598563 -0.04365171 -0.03064520
v 0.00431369 -0.04365171 -0.03141840
v 0.00509869 -0.04365171 -0.03092175
v 0.00368384 -0.04365171 -0.03210138
v 0.00433536 -0.04361785 -0.03144440
v 0.00371152 -0.04361785 -0.03212091
v 0.00325226 -0.04365171 -0.03292413
v 0.00328403 -0.04361785 -0.03293579
v 0.00308200 -0.04361785 -0.03383349
v 0.00304831 -0.04365171 -0.03383044
v 0.00303485 -0.04365171 -0.03406293
v 0.00311923 -0.04361785 -0.03475299
v 0.00336246 -0.04365171 -0.03564569
v 0.00339316 -0.04361785 -0.03563153
v 0.00385910 -0.04365171 -0.03643078
v 0.00388510 -0.04361785 -0.03640912
v 0.00454217 -0.04365171 -0.03706067
v 0.00456167 -0.04361785 -0.03703302
v 0.00536490 -0.04365171 -0.03749225
v 0.00537655 -0.04361785 -0.03746051
v 0.00627127 -0.04365171 -0.03769623
v 0.00627435 -0.04361785 -0.03766247
v 0.00719372 -0.04361785 -0.03762524
v 0.00719958 -0.04365171 -0.03765857
v 0.00807230 -0.04361785 -0.03735126
v 0.00808649 -0.04365171 -0.03738202
v 0.00887152 -0.04365171 -0.03688537
v 0.00950134 -0.04365171 -0.03620239
v 0.00884982 -0.04361785 -0.03685937
v 0.00947369 -0.04361785 -0.03618286
v 0.00773270 -0.04365171 -0.03661719
v 0.00706155 -0.04361785 -0.03686163
v 0.00705579 -0.04365171 -0.03682825
v 0.00634729 -0.04365171 -0.03685693
v 0.00634421 -0.04361785 -0.03689062
v 0.00565555 -0.04365171 -0.03670129
v 0.00564386 -0.04361785 -0.03673303
v 0.00502765 -0.04365171 -0.03637189
v 0.00500815 -0.04361785 -0.03639953
v 0.00412729 -0.04365171 -0.03529199
v 0.00437262 -0.04365171 -0.03258691
v 0.00683792 -0.04365171 -0.03144684
v 0.00450638 -0.04365171 -0.03589117
v 0.00448038 -0.04361785 -0.03591284
v 0.00412729 -0.04365171 -0.03529199
v 0.00409659 -0.04361785 -0.03530615
v 0.00391623 -0.04365171 -0.03461505
v 0.00388287 -0.04361785 -0.03462085
v 0.00385385 -0.04361785 -0.03390350
v 0.00388754 -0.04365171 -0.03390655
v 0.00404321 -0.04365171 -0.03321484
v 0.00401144 -0.04361785 -0.03320312
v 0.00437262 -0.04365171 -0.03258691
v 0.00434494 -0.04361785 -0.03256744
v 0.00483163 -0.04361785 -0.03203967
v 0.00485330 -0.04365171 -0.03206567
v 0.00543829 -0.04361785 -0.03165588
v 0.00545251 -0.04365171 -0.03168659
v 0.00612366 -0.04361785 -0.03144214
v 0.00612942 -0.04365171 -0.03147553
v 0.00684097 -0.04361785 -0.03141315
v 0.00683792 -0.04365171 -0.03144684
v 0.00754135 -0.04361785 -0.03157074
v 0.00752969 -0.04365171 -0.03160248
v 0.00817709 -0.04361785 -0.03190424
v 0.00815759 -0.04365171 -0.03193195
v 0.00870483 -0.04361785 -0.03239093
v 0.00867883 -0.04365171 -0.03241260
v 0.00908865 -0.04361785 -0.03299768
v 0.00905792 -0.04365171 -0.03301190
v 0.00926898 -0.04365171 -0.03368878
v 0.00930234 -0.04361785 -0.03368304
v 0.00929764 -0.04365171 -0.03439722
v 0.00933136 -0.04361785 -0.03440027
v 0.00917374 -0.04361785 -0.03510071
v 0.00914197 -0.04365171 -0.03508905
v 0.00884018 -0.04361785 -0.03573645
v 0.00881253 -0.04365171 -0.03571698
v 0.00835358 -0.04361785 -0.03626410
v 0.00833188 -0.04365171 -0.03623810
v 0.00774692 -0.04361785 -0.03664789
v -0.00814209 -0.04361785 -0.03373163
v -0.00811032 -0.04365171 -0.03374335
v -0.00812555 -0.04365171 -0.03378400
v -0.00917179 -0.04365171 -0.03524902
v -0.00856961 -0.04361785 -0.03454657
v -0.00854193 -0.04365171 -0.03456604
v -0.00997098 -0.04361785 -0.03571496
v -0.00917179 -0.04365171 -0.03524902
v -0.00995679 -0.04365171 -0.03574567
v -0.00871192 -0.04361785 -0.03276391
v -0.00874097 -0.04361785 -0.03204663
v -0.00797733 -0.04361785 -0.03191443
v -0.01084949 -0.04361785 -0.03598889
v -0.01084372 -0.04365171 -0.03602228
v -0.01176895 -0.04361785 -0.03602612
v -0.01267841 -0.04365171 -0.03585589
v -0.01177200 -0.04365171 -0.03605987
v -0.01350113 -0.04365171 -0.03542432
v -0.01266678 -0.04361785 -0.03582416
v -0.01415817 -0.04361785 -0.03477276
v -0.01348163 -0.04361785 -0.03539667
v -0.01418945 -0.04361785 -0.03226715
v -0.01416040 -0.04361785 -0.03298450
v -0.01496127 -0.04361785 -0.03219714
v -0.01418417 -0.04365171 -0.03479443
v -0.01465012 -0.04361785 -0.03399518
v -0.01483505 -0.04365171 -0.03361621
v -0.01492404 -0.04361785 -0.03311670
v -0.02830896 -0.04365171 -0.02498554
v -0.02748627 -0.04365171 -0.02541711
v -0.02330331 -0.04365171 -0.03340454
v 0.03309903 -0.04365171 -0.02679889
v 0.02577020 -0.04365171 -0.02426843
v 0.03224774 -0.04365171 -0.01507996
v -0.02294986 -0.04361785 -0.02329291
v -0.02291809 -0.04365171 -0.02330457
v -0.02305911 -0.04365171 -0.02363550
v -0.02274786 -0.04361785 -0.02239514
v -0.02355097 -0.04361785 -0.01981952
v -0.02376242 -0.04361785 -0.02092249
v -0.02414624 -0.04361785 -0.02031580
v -0.02275174 -0.04365171 -0.02146991
v -0.02271414 -0.04365171 -0.02239819
v -0.02305902 -0.04361785 -0.02059717
v -0.02302832 -0.04365171 -0.02058295
v -0.02298523 -0.04365171 -0.02067987
v -0.02355097 -0.04361785 -0.01981952
v -0.02420801 -0.04365171 -0.01916797
v -0.02352496 -0.04365171 -0.01979785
v -0.02504242 -0.04361785 -0.01876819
v -0.02422754 -0.04361785 -0.01919568
v -0.02594019 -0.04361785 -0.01856616
v -0.02503076 -0.04365171 -0.01873639
v -0.02685965 -0.04361785 -0.01860346
v -0.02593713 -0.04365171 -0.01853247
v -0.02773816 -0.04361785 -0.01887738
v -0.02686545 -0.04365171 -0.01857007
v -0.02853735 -0.04365171 -0.01934332
v -0.02775235 -0.04365171 -0.01884668
v -0.02853735 -0.04365171 -0.01934332
v -0.02913953 -0.04361785 -0.02004578
v -0.02916721 -0.04365171 -0.02002631
v -0.02956702 -0.04361785 -0.02086066
v -0.02959879 -0.04365171 -0.02084900
v -0.02976904 -0.04361785 -0.02175842
v -0.02980277 -0.04365171 -0.02175537
v -0.02896594 -0.04361785 -0.02433405
v -0.02875449 -0.04361785 -0.02323108
v -0.02837070 -0.04361785 -0.02383777
v -0.02973184 -0.04361785 -0.02267786
v -0.02976520 -0.04365171 -0.02268366
v -0.02945792 -0.04361785 -0.02355634
v -0.02948865 -0.04365171 -0.02357056
v -0.02899194 -0.04365171 -0.02435571
v -0.02896594 -0.04361785 -0.02433405
v -0.02830896 -0.04365171 -0.02498554
v -0.02828946 -0.04361785 -0.02495789
v -0.02748627 -0.04365171 -0.02541711
v -0.02747458 -0.04361785 -0.02538538
v -0.02657990 -0.04365171 -0.02562109
v -0.02657684 -0.04361785 -0.02558740
v -0.02565738 -0.04361785 -0.02555017
v -0.02565161 -0.04365171 -0.02558350
v -0.02477890 -0.04361785 -0.02527625
v -0.02476468 -0.04365171 -0.02530695
v -0.02400122 -0.04361785 -0.02478430
v -0.02397955 -0.04365171 -0.02481024
v -0.02337738 -0.04361785 -0.02410779
v -0.02334970 -0.04365171 -0.02412726
v -0.02451917 -0.04365171 -0.02416303
v -0.02510419 -0.04361785 -0.02457282
v -0.02511841 -0.04365171 -0.02454211
v -0.02401080 -0.04361785 -0.02366126
v -0.02451917 -0.04365171 -0.02416303
v -0.02403845 -0.04365171 -0.02364172
v -0.02601312 -0.04365171 -0.01937170
v -0.02379315 -0.04365171 -0.02093671
v -0.02403845 -0.04365171 -0.02364172
v -0.02578952 -0.04361785 -0.02478650
v -0.02579532 -0.04365171 -0.02475317
v -0.02650684 -0.04361785 -0.02481555
v -0.02650378 -0.04365171 -0.02478186
v -0.02719553 -0.04365171 -0.02462616
v -0.02720722 -0.04361785 -0.02465796
v -0.02784293 -0.04361785 -0.02432446
v -0.02782343 -0.04365171 -0.02429675
v -0.02837070 -0.04361785 -0.02383777
v -0.02834470 -0.04365171 -0.02381610
v -0.02875449 -0.04361785 -0.02323108
v -0.02872376 -0.04365171 -0.02321686
v -0.02896817 -0.04361785 -0.02254572
v -0.02893482 -0.04365171 -0.02253992
v -0.02899722 -0.04361785 -0.02182843
v -0.02896350 -0.04365171 -0.02183148
v -0.02883960 -0.04361785 -0.02112805
v -0.02880783 -0.04365171 -0.02113971
v -0.02847846 -0.04365171 -0.02051184
v -0.02850610 -0.04361785 -0.02049231
v -0.02799774 -0.04365171 -0.01999054
v -0.02739856 -0.04365171 -0.01961151
v -0.02801941 -0.04361785 -0.01996454
v -0.02741275 -0.04361785 -0.01958075
v -0.02672165 -0.04365171 -0.01940039
v -0.02672742 -0.04361785 -0.01936707
v -0.02601007 -0.04361785 -0.01933801
v -0.02601312 -0.04365171 -0.01937170
v -0.02532141 -0.04365171 -0.01952741
v -0.02530972 -0.04361785 -0.01949561
v -0.02469351 -0.04365171 -0.01985675
v -0.02467401 -0.04361785 -0.01982910
v -0.02417224 -0.04365171 -0.02033746
v -0.02414624 -0.04361785 -0.02031580
v -0.02379315 -0.04365171 -0.02093671
v -0.02376242 -0.04361785 -0.02092249
v -0.02354874 -0.04361785 -0.02160785
v -0.02358209 -0.04365171 -0.02161365
v -0.02351968 -0.04361785 -0.02232513
v -0.02355341 -0.04365171 -0.02232208
v -0.02367731 -0.04361785 -0.02302551
v -0.02370908 -0.04365171 -0.02301386
v -0.02868234 -0.04365171 0.01208917
v -0.02216434 -0.04365171 0.01215906
v -0.02888629 -0.04365171 0.01118286
v -0.03038962 -0.04361785 -0.00503155
v -0.03035626 -0.04365171 -0.00502576
v -0.03030524 -0.04365171 -0.00572162
v -0.03066354 -0.04361785 -0.00415308
v -0.03270871 -0.04361785 -0.00812872
v -0.03210202 -0.04361785 -0.00774487
v -0.03160574 -0.04361785 -0.00834015
v -0.03501730 -0.04361785 -0.00313666
v -0.03562393 -0.04361785 -0.00352045
v -0.03534268 -0.04361785 -0.00243329
v -0.03115549 -0.04361785 -0.00337543
v -0.03063284 -0.04365171 -0.00413885
v -0.03181256 -0.04365171 -0.00272388
v -0.03112949 -0.04365171 -0.00335376
v -0.03183206 -0.04361785 -0.00275152
v -0.03263528 -0.04365171 -0.00229230
v -0.03354471 -0.04361785 -0.00212207
v -0.03264694 -0.04361785 -0.00232403
v -0.03446417 -0.04361785 -0.00215930
v -0.03354166 -0.04365171 -0.00208838
v -0.03534268 -0.04361785 -0.00243329
v -0.03446997 -0.04365171 -0.00212598
v -0.03614191 -0.04365171 -0.00289917
v -0.03535687 -0.04365171 -0.00240253
v -0.03614191 -0.04365171 -0.00289917
v -0.03674405 -0.04361785 -0.00360168
v -0.03677173 -0.04365171 -0.00358215
v -0.03720331 -0.04365171 -0.00440484
v -0.03717154 -0.04361785 -0.00441656
v -0.03740729 -0.04365171 -0.00531122
v -0.03737356 -0.04361785 -0.00531427
v -0.03742071 -0.04365171 -0.00554376
v -0.03733636 -0.04361785 -0.00623376
v -0.03709317 -0.04365171 -0.00712646
v -0.03706244 -0.04361785 -0.00711224
v -0.03659646 -0.04365171 -0.00791156
v -0.03657046 -0.04361785 -0.00788989
v -0.03589398 -0.04361785 -0.00851373
v -0.03591348 -0.04365171 -0.00854144
v -0.03507910 -0.04361785 -0.00894122
v -0.03509079 -0.04365171 -0.00897302
v -0.03418442 -0.04365171 -0.00917694
v -0.03418136 -0.04361785 -0.00914325
v -0.03326190 -0.04361785 -0.00910602
v -0.03325613 -0.04365171 -0.00913940
v -0.03238342 -0.04361785 -0.00883215
v -0.03236920 -0.04365171 -0.00886285
v -0.03160574 -0.04361785 -0.00834015
v -0.03095422 -0.04365171 -0.00768317
v -0.03160574 -0.04361785 -0.00834015
v -0.03098190 -0.04361785 -0.00766363
v -0.03052264 -0.04365171 -0.00686047
v -0.03055441 -0.04361785 -0.00684875
v -0.03031867 -0.04365171 -0.00595410
v -0.03656802 -0.04365171 -0.00538733
v -0.03657269 -0.04361785 -0.00610156
v -0.03660174 -0.04361785 -0.00538428
v -0.03653937 -0.04365171 -0.00609582
v -0.03635901 -0.04361785 -0.00678692
v -0.03139768 -0.04365171 -0.00449261
v -0.03164301 -0.04365171 -0.00719763
v -0.03632828 -0.04365171 -0.00677270
v -0.03641235 -0.04365171 -0.00469562
v -0.03644412 -0.04361785 -0.00468390
v -0.03608298 -0.04365171 -0.00406769
v -0.03611063 -0.04361785 -0.00404822
v -0.03562393 -0.04361785 -0.00352045
v -0.03560226 -0.04365171 -0.00354645
v -0.03501730 -0.04361785 -0.00313666
v -0.03500308 -0.04365171 -0.00316736
v -0.03433194 -0.04361785 -0.00292297
v -0.03432617 -0.04365171 -0.00295630
v -0.03361459 -0.04361785 -0.00289392
v -0.03361764 -0.04365171 -0.00292761
v -0.03292593 -0.04365171 -0.00308325
v -0.03291424 -0.04361785 -0.00305151
v -0.03229803 -0.04365171 -0.00341266
v -0.03227853 -0.04361785 -0.00338501
v -0.03177676 -0.04365171 -0.00389337
v -0.03175076 -0.04361785 -0.00387170
v -0.03136697 -0.04361785 -0.00447839
v -0.03139768 -0.04365171 -0.00449261
v -0.03118662 -0.04365171 -0.00516949
v -0.03115326 -0.04361785 -0.00516376
v -0.03115793 -0.04365171 -0.00587799
v -0.03112421 -0.04361785 -0.00588104
v -0.03128183 -0.04361785 -0.00658142
v -0.03131360 -0.04365171 -0.00656976
v -0.03164301 -0.04365171 -0.00719763
v -0.03161533 -0.04361785 -0.00721716
v -0.03212369 -0.04365171 -0.00771887
v -0.03272293 -0.04365171 -0.00809796
v -0.03210202 -0.04361785 -0.00774487
v -0.03270871 -0.04361785 -0.00812872
v -0.03339404 -0.04361785 -0.00834241
v -0.03339984 -0.04365171 -0.00830902
v -0.03411136 -0.04361785 -0.00837140
v -0.03410831 -0.04365171 -0.00833771
v -0.03480005 -0.04365171 -0.00818207
v -0.03481174 -0.04361785 -0.00821381
v -0.03542795 -0.04365171 -0.00785266
v -0.03544745 -0.04361785 -0.00788031
v -0.03594922 -0.04365171 -0.00737195
v -0.03597522 -0.04361785 -0.00739361
v -0.03632828 -0.04365171 -0.00677270
v -0.05916278 -0.04303738 0.00575635
v -0.05871915 -0.04365171 0.00571613
v -0.05872220 -0.04365171 -0.00501123
v -0.05852850 -0.04303738 -0.00990289
v -0.05345865 -0.04365171 -0.02467706
v -0.05386285 -0.04303738 -0.02486432
v -0.04514166 -0.04365171 -0.03782306
v -0.04548379 -0.04303738 -0.03810828
v -0.03396240 -0.04303738 -0.04873224
v -0.03370553 -0.04365171 -0.04836835
v -0.04575195 -0.04236271 -0.03832910
v -0.05030774 -0.04236271 -0.03209344
v -0.03416434 -0.04236271 -0.04901489
v -0.04043750 -0.04236271 -0.04393231
v -0.04220279 -0.03622245 -0.04583105
v -0.04774323 -0.03622245 -0.03998926
v -0.04575058 -0.04236271 -0.03833075
v -0.04774524 -0.03622245 -0.03998688
v -0.05249643 -0.03622245 -0.03348303
v -0.05653210 -0.03622245 -0.02609650
v -0.05417825 -0.04236271 -0.02500989
v -0.05249463 -0.03622245 -0.03348584
v -0.04815509 -0.03526672 -0.04032855
v -0.05294638 -0.03526672 -0.03376984
v -0.04256590 -0.03526672 -0.04622198
v -0.04871283 -0.03444999 -0.04079761
v -0.05355948 -0.03444999 -0.03416382
v -0.05911514 -0.02852526 -0.03770160
v -0.04871487 -0.03444999 -0.04079516
v -0.05377171 -0.02852526 -0.04501526
v -0.04306131 -0.03444999 -0.04675653
v -0.04753851 -0.02852526 -0.05158716
v -0.05201743 -0.02260053 -0.05641626
v -0.05882884 -0.02260053 -0.04923505
v -0.05883061 -0.02260053 -0.04923291
v -0.06466981 -0.02260053 -0.04124084
v -0.06365588 -0.02852526 -0.02939124
v -0.05767789 -0.03444999 -0.02662634
v -0.05356131 -0.03444999 -0.03416101
v -0.06467116 -0.02260053 -0.04123871
v -0.06963318 -0.02260053 -0.03215753
v -0.06467116 -0.02260053 -0.04123871
v -0.06551137 -0.02190237 -0.04177716
v -0.07053876 -0.02190237 -0.03257678
v -0.05883061 -0.02260053 -0.04923291
v -0.05959532 -0.02190237 -0.04987408
v -0.07157087 -0.02146618 -0.03305414
v -0.06647053 -0.02146618 -0.04238794
v -0.06139713 -0.02131786 -0.05137640
v -0.06046866 -0.02146618 -0.05060229
v -0.06749039 -0.02131786 -0.04303686
v -0.07418596 -0.02190237 -0.02313422
v -0.07527095 -0.02146618 -0.02347455
v -0.07266820 -0.02131786 -0.03356122
v -0.07642438 -0.02131786 -0.02383630
v -0.07775284 -0.02146618 -0.01323029
v -0.07894400 -0.02131786 -0.01343628
v -0.07885119 -0.02146618 -0.00292840
v -0.07771503 -0.02190237 -0.00288177
v -0.07663237 -0.02190237 -0.01303638
v -0.07564940 -0.02260053 -0.01286420
v -0.07323445 -0.02260053 -0.02283337
v -0.06694996 -0.02852526 -0.02086212
v -0.07323445 -0.02260053 -0.02283337
v -0.07564911 -0.02260053 -0.01286603
v -0.06915944 -0.02852526 -0.01174127
v -0.07564940 -0.02260053 -0.01286420
v -0.07671795 -0.02260053 -0.00284076
v -0.07671801 -0.02260053 -0.00283917
v -0.07746077 -0.02190237 0.00741541
v -0.07013716 -0.02852526 -0.00256909
v -0.07671801 -0.02260053 -0.00283917
v -0.07646692 -0.02260053 0.00732526
v -0.06990729 -0.02852526 0.00673175
v -0.06334781 -0.03444999 0.00613690
v -0.06355643 -0.03444999 -0.00229480
v -0.06355627 -0.03444999 -0.00229889
v -0.06267020 -0.03444999 -0.01061407
v -0.06846022 -0.02852526 0.01592224
v -0.06203531 -0.03444999 0.01447266
v -0.06334741 -0.03444999 0.00614124
v -0.07646679 -0.02260053 0.00732666
v -0.07488539 -0.02260053 0.01737067
v -0.07646679 -0.02260053 0.00732666
v -0.07585884 -0.02190237 0.01759033
v -0.07488515 -0.02260053 0.01737177
v -0.07296746 -0.02190237 0.02738464
v -0.07488515 -0.02260053 0.01737177
v -0.07203086 -0.02260053 0.02704022
v -0.07203054 -0.02260053 0.02704108
v -0.06874475 -0.02190237 0.03687776
v -0.06975083 -0.02146618 0.03740772
v -0.07403476 -0.02146618 0.02777692
v -0.07082041 -0.02131786 0.03797101
v -0.07516944 -0.02131786 0.02819380
v -0.07696808 -0.02146618 0.01784058
v -0.07814730 -0.02131786 0.01810657
v -0.07859323 -0.02146618 0.00751807
v -0.07979712 -0.02131786 0.00762720
v -0.08005900 -0.02131786 -0.00297796
v -0.06537635 -0.02131786 0.04686176
v -0.05857870 -0.02131786 0.05525166
v -0.06438809 -0.02146618 0.04616559
v -0.05108487 -0.02131786 0.06235925
v -0.05769220 -0.02146618 0.05442981
v -0.05108487 -0.02131786 0.06235925
v -0.04209640 -0.02146618 0.06743213
v -0.05031079 -0.02146618 0.06143073
v -0.05031079 -0.02146618 0.06143073
v -0.05685852 -0.02190237 0.05365656
v -0.04958264 -0.02190237 0.06055737
v -0.04148566 -0.02190237 0.06647297
v -0.04274530 -0.02131786 0.06845203
v -0.03276266 -0.02146618 0.07253199
v -0.03228537 -0.02190237 0.07149988
v -0.03186707 -0.02260053 0.07059382
v -0.04095029 -0.02260053 0.06563080
v -0.02254498 -0.02260053 0.07419423
v -0.02284290 -0.02190237 0.07514667
v -0.02318323 -0.02146618 0.07623163
v -0.02910275 -0.02852526 0.06461560
v -0.03186707 -0.02260053 0.07059382
v -0.03186615 -0.02260053 0.07059424
v -0.03741308 -0.02852526 0.06007478
v -0.04095029 -0.02260053 0.06563080
v -0.04094940 -0.02260053 0.06563135
v -0.02633783 -0.03444999 0.05863763
v -0.02634161 -0.03444999 0.05863586
v -0.02057370 -0.02852526 0.06790973
v -0.01860214 -0.03444999 0.06162531
v -0.01860596 -0.03444999 0.06162415
v -0.01838788 -0.03526672 0.06092871
v -0.02603595 -0.03526672 0.05797430
v -0.03387530 -0.03444999 0.05451917
v -0.03348779 -0.03526672 0.05390192
v -0.03387900 -0.03444999 0.05451685
v -0.04050836 -0.03444999 0.04967303
v -0.04472598 -0.02852526 0.05473200
v -0.04004169 -0.03526672 0.04911329
v -0.04050836 -0.03444999 0.04967303
v -0.04593124 -0.03526672 0.04352783
v -0.04646573 -0.03444999 0.04402325
v -0.04472598 -0.02852526 0.05473200
v -0.04646933 -0.03444999 0.04401935
v -0.05127777 -0.03526672 0.03693017
v -0.05129794 -0.02852526 0.04849884
v -0.05187356 -0.03444999 0.03734985
v -0.04894360 -0.02260053 0.05979089
v -0.05725955 -0.02852526 0.04114087
v -0.05612707 -0.02260053 0.05297767
v -0.04894360 -0.02260053 0.05979089
v -0.04958264 -0.02190237 0.06055737
v -0.05612707 -0.02260053 0.05297767
v -0.06345871 -0.02190237 0.04551045
v -0.06786157 -0.02260053 0.03641316
v -0.06203424 -0.02852526 0.03334350
v -0.06264316 -0.02260053 0.04493530
v -0.06584845 -0.02852526 0.02476892
v -0.07203054 -0.02260053 0.02704108
v -0.06786191 -0.02260053 0.03641255
v -0.05620700 -0.03444999 0.03027362
v -0.05966489 -0.03444999 0.02250086
v -0.05187649 -0.03444999 0.03734570
v -0.05620471 -0.03444999 0.03027802
v -0.05555987 -0.03526672 0.02993836
v -0.05898080 -0.03526672 0.02224951
v -0.05084473 -0.03622245 0.03661835
v -0.05509012 -0.03622245 0.02968530
v -0.04554382 -0.03622245 0.04316089
v -0.04872586 -0.04236271 0.03512445
v -0.05084186 -0.03622245 0.03662244
v -0.05279636 -0.04236271 0.02847693
v -0.05508786 -0.03622245 0.02968951
v -0.04364310 -0.04236271 0.04139776
v -0.03803985 -0.04236271 0.04671216
v -0.03781744 -0.04303738 0.04644537
v -0.05604825 -0.04236271 0.02116650
v -0.05279636 -0.04236271 0.02847693
v -0.05572241 -0.04303738 0.02104614
v -0.04844186 -0.04303738 0.03492444
v -0.03753216 -0.04365171 0.04610321
v -0.04807794 -0.04365171 0.03466755
v -0.05530435 -0.04365171 0.02089233
v -0.03753216 -0.04365171 0.04610321
v -0.02406677 -0.04365171 0.02995184
v -0.02469663 -0.04365171 0.02926886
v -0.05759143 -0.04365171 0.01304468
v -0.03578436 -0.04365171 0.01249957
v -0.03573721 -0.04361785 0.01272900
v -0.03570001 -0.04361785 0.01180951
v -0.03545679 -0.04365171 0.01091681
v -0.03542605 -0.04361785 0.01093097
v -0.03496011 -0.04365171 0.01013171
v -0.03493411 -0.04361785 0.01015338
v -0.03427707 -0.04365171 0.00950183
v -0.03425757 -0.04361785 0.00952948
v -0.03345434 -0.04365171 0.00907025
v -0.03344266 -0.04361785 0.00910199
v -0.03254794 -0.04365171 0.00886633
v -0.03254489 -0.04361785 0.00890003
v -0.03162543 -0.04361785 0.00893726
v -0.03161966 -0.04365171 0.00890393
v -0.03074695 -0.04361785 0.00921124
v -0.03073273 -0.04365171 0.00918048
v -0.02994772 -0.04365171 0.00967713
v -0.02931787 -0.04365171 0.01036011
v -0.02996939 -0.04361785 0.00970313
v -0.02934555 -0.04361785 0.01037964
v -0.02888629 -0.04365171 0.01118286
v -0.02871603 -0.04361785 0.01209222
v -0.02891806 -0.04361785 0.01119452
v -0.02875327 -0.04361785 0.01301172
v -0.02871991 -0.04365171 0.01301752
v -0.02866888 -0.04365171 0.01232166
v -0.02899649 -0.04365171 0.01390442
v -0.03197827 -0.04361785 0.01514935
v -0.03269559 -0.04361785 0.01512036
v -0.03190839 -0.04361785 0.01592120
v -0.02902719 -0.04361785 0.01389026
v -0.02949313 -0.04365171 0.01468951
v -0.02951914 -0.04361785 0.01466785
v -0.03017621 -0.04365171 0.01531940
v -0.03019571 -0.04361785 0.01529175
v -0.03099893 -0.04365171 0.01575098
v -0.03190839 -0.04361785 0.01592120
v -0.03101059 -0.04361785 0.01571924
v -0.03283362 -0.04365171 0.01591730
v -0.03190534 -0.04365171 0.01595496
v -0.03370633 -0.04361785 0.01560999
v -0.03282785 -0.04361785 0.01588397
v -0.03450555 -0.04365171 0.01514410
v -0.03372055 -0.04365171 0.01564075
v -0.03513537 -0.04365171 0.01446112
v -0.03448389 -0.04361785 0.01511810
v -0.03510773 -0.04361785 0.01444159
v -0.03556698 -0.04365171 0.01363843
v -0.03553522 -0.04361785 0.01362671
v -0.03577093 -0.04365171 0.01273206
v -0.03247500 -0.04361785 0.00967188
v -0.03175766 -0.04361785 0.00970093
v -0.03254489 -0.04361785 0.00890003
v -0.03444662 -0.04365171 0.01397559
v -0.03480780 -0.04361785 0.01335937
v -0.03447430 -0.04361785 0.01399506
v -0.03477603 -0.04365171 0.01334766
v -0.03496539 -0.04361785 0.01265900
v -0.03247195 -0.04365171 0.00970557
v -0.03469192 -0.04365171 0.01127051
v -0.03198132 -0.04365171 0.01511566
v -0.03398761 -0.04361785 0.01452283
v -0.03396591 -0.04365171 0.01449683
v -0.03338095 -0.04361785 0.01490662
v -0.03336673 -0.04365171 0.01487592
v -0.03269559 -0.04361785 0.01512036
v -0.03268982 -0.04365171 0.01508697
v -0.03197827 -0.04361785 0.01514935
v -0.03198132 -0.04365171 0.01511566
v -0.03127792 -0.04361785 0.01499176
v -0.03128958 -0.04365171 0.01496002
v -0.03066168 -0.04365171 0.01463062
v -0.03064218 -0.04361785 0.01465826
v -0.03014041 -0.04365171 0.01414990
v -0.03011441 -0.04361785 0.01417157
v -0.02976132 -0.04365171 0.01355072
v -0.02973062 -0.04361785 0.01356488
v -0.02955026 -0.04365171 0.01287378
v -0.02951691 -0.04361785 0.01287958
v -0.02948789 -0.04361785 0.01216223
v -0.02952158 -0.04365171 0.01216528
v -0.02967725 -0.04365171 0.01147357
v -0.02964548 -0.04361785 0.01146185
v -0.03000665 -0.04365171 0.01084564
v -0.02997897 -0.04361785 0.01082617
v -0.03046567 -0.04361785 0.01029840
v -0.03048734 -0.04365171 0.01032440
v -0.03107233 -0.04361785 0.00991461
v -0.03108655 -0.04365171 0.00994532
v -0.03175766 -0.04361785 0.00970093
v -0.03176346 -0.04365171 0.00973425
v -0.03247500 -0.04361785 0.00967188
v -0.03247195 -0.04365171 0.00970557
v -0.03317535 -0.04361785 0.00982947
v -0.03316370 -0.04365171 0.00986121
v -0.03379159 -0.04365171 0.01019061
v -0.03381110 -0.04361785 0.01016296
v -0.03431287 -0.04365171 0.01067133
v -0.03433887 -0.04361785 0.01064966
v -0.03469192 -0.04365171 0.01127051
v -0.03472266 -0.04361785 0.01125635
v -0.03490301 -0.04365171 0.01194745
v -0.03493637 -0.04361785 0.01194165
v -0.03493167 -0.04365171 0.01265594
v 0.01419342 -0.04365171 0.02995642
v 0.01497842 -0.04365171 0.03045306
v 0.02416693 -0.04365171 0.02397559
v -0.02187680 -0.04365171 0.02366065
v -0.02210614 -0.04361785 0.02370776
v -0.02118668 -0.04361785 0.02374506
v -0.02029398 -0.04365171 0.02398828
v -0.02030817 -0.04361785 0.02401898
v -0.01950897 -0.04365171 0.02448493
v -0.01950897 -0.04365171 0.02448493
v -0.01890680 -0.04361785 0.02518738
v -0.01887912 -0.04365171 0.02516791
v -0.01847928 -0.04361785 0.02600226
v -0.01827728 -0.04361785 0.02690003
v -0.01844751 -0.04365171 0.02599060
v -0.01954022 -0.04361785 0.02563391
v -0.01920673 -0.04361785 0.02626965
v -0.01847928 -0.04361785 0.02600226
v -0.01828116 -0.04365171 0.02782526
v -0.01824356 -0.04365171 0.02689697
v -0.01831451 -0.04361785 0.02781952
v -0.01855774 -0.04365171 0.02871222
v -0.01908038 -0.04361785 0.02947565
v -0.01858844 -0.04361785 0.02869800
v -0.02403552 -0.04361785 0.02880286
v -0.02436902 -0.04361785 0.02816711
v -0.02509647 -0.04361785 0.02843451
v -0.01973743 -0.04365171 0.03012720
v -0.01905438 -0.04365171 0.02949732
v -0.01975696 -0.04361785 0.03009955
v -0.02056018 -0.04365171 0.03055878
v -0.02146961 -0.04361785 0.03072900
v -0.02057184 -0.04361785 0.03052698
v -0.02238907 -0.04361785 0.03069171
v -0.02239487 -0.04365171 0.03072510
v -0.02169894 -0.04365171 0.03077612
v -0.02326758 -0.04361785 0.03041779
v -0.02404511 -0.04361785 0.02992590
v -0.02328177 -0.04365171 0.03044849
v -0.02406677 -0.04365171 0.02995184
v -0.02466898 -0.04361785 0.02924939
v -0.02469663 -0.04365171 0.02926886
v -0.02509647 -0.04361785 0.02843451
v -0.02512824 -0.04365171 0.02844617
v -0.02529846 -0.04361785 0.02753674
v -0.02533218 -0.04365171 0.02753980
v -0.02529459 -0.04365171 0.02661151
v -0.02526123 -0.04361785 0.02661725
v -0.02501804 -0.04365171 0.02572455
v -0.02498731 -0.04361785 0.02573877
v -0.02452136 -0.04365171 0.02493945
v -0.02449536 -0.04361785 0.02496112
v -0.02381882 -0.04361785 0.02433728
v -0.02383832 -0.04365171 0.02430957
v -0.02300391 -0.04361785 0.02390979
v -0.02301560 -0.04365171 0.02387799
v -0.02210919 -0.04365171 0.02367407
v -0.02387412 -0.04365171 0.02547907
v -0.02428391 -0.04361785 0.02606409
v -0.02425317 -0.04365171 0.02607831
v -0.02337232 -0.04361785 0.02497070
v -0.02390012 -0.04361785 0.02545740
v -0.02154254 -0.04365171 0.02992346
v -0.01932257 -0.04365171 0.02835846
v -0.01956787 -0.04365171 0.02565344
v -0.02449759 -0.04361785 0.02674945
v -0.02446423 -0.04365171 0.02675525
v -0.02452664 -0.04361785 0.02746674
v -0.02449292 -0.04365171 0.02746368
v -0.02436902 -0.04361785 0.02816711
v -0.02433725 -0.04365171 0.02815546
v -0.02400787 -0.04365171 0.02878333
v -0.02403552 -0.04361785 0.02880286
v -0.02352716 -0.04365171 0.02930463
v -0.02292798 -0.04365171 0.02968366
v -0.02354883 -0.04361785 0.02933063
v -0.02294217 -0.04361785 0.02971442
v -0.02225107 -0.04365171 0.02989478
v -0.02225684 -0.04361785 0.02992810
v -0.02153949 -0.04361785 0.02995715
v -0.02154254 -0.04365171 0.02992346
v -0.02085083 -0.04365171 0.02976776
v -0.02083914 -0.04361785 0.02979956
v -0.02022293 -0.04365171 0.02943842
v -0.02020343 -0.04361785 0.02946607
v -0.01970166 -0.04365171 0.02895770
v -0.01967566 -0.04361785 0.02897937
v -0.01932257 -0.04365171 0.02835846
v -0.01929184 -0.04361785 0.02837268
v -0.01911151 -0.04365171 0.02768158
v -0.01907816 -0.04361785 0.02768732
v -0.01908283 -0.04365171 0.02697308
v -0.01904910 -0.04361785 0.02697003
v -0.01920673 -0.04361785 0.02626965
v -0.01923850 -0.04365171 0.02628131
v -0.01956787 -0.04365171 0.02565344
v -0.01954022 -0.04361785 0.02563391
v -0.02004858 -0.04365171 0.02513214
v -0.02064777 -0.04365171 0.02475311
v -0.02002692 -0.04361785 0.02510614
v -0.02063358 -0.04361785 0.02472235
v -0.02132468 -0.04365171 0.02454199
v -0.02131891 -0.04361785 0.02450867
v -0.02203626 -0.04361785 0.02447961
v -0.02203320 -0.04365171 0.02451331
v -0.02272492 -0.04365171 0.02466901
v -0.02273660 -0.04361785 0.02463721
v -0.02335281 -0.04365171 0.02499835
v 0.02118201 -0.04365171 0.05626398
v 0.01392734 -0.04365171 0.03652692
v 0.01302097 -0.04365171 0.03673089
v -0.00961230 -0.04303738 0.05948871
v -0.00953622 -0.04365171 0.05904980
v -0.02107242 -0.04365171 0.05583197
v -0.02457349 -0.04303738 0.05482367
v -0.03753216 -0.04365171 0.04610321
v -0.03781744 -0.04303738 0.04644537
v -0.02471903 -0.04236271 0.05513905
v -0.01744757 -0.04236271 0.05794733
v -0.03803985 -0.04236271 0.04671216
v -0.03180417 -0.04236271 0.05126788
v -0.03180417 -0.04236271 0.05126788
v -0.03319659 -0.03622245 0.05345477
v -0.02581168 -0.03622245 0.05749011
v -0.02471903 -0.04236271 0.05513905
v -0.02580722 -0.03622245 0.05749220
v -0.01822803 -0.03622245 0.06041962
v -0.01744757 -0.04236271 0.05794733
v -0.01822354 -0.03622245 0.06042109
v -0.01011786 -0.03622245 0.06238483
v -0.01020905 -0.03526672 0.06291058
v -0.01011346 -0.03622245 0.06238562
v -0.00198419 -0.03526671 0.06378784
v -0.01032950 -0.03444999 0.06362939
v -0.01145282 -0.02852526 0.07011927
v -0.01033322 -0.03444999 0.06362872
v -0.00228070 -0.02852526 0.07109706
v -0.00201047 -0.03444999 0.06451619
v -0.00201407 -0.03444999 0.06451606
v -0.02254498 -0.02260053 0.07419423
v -0.02254407 -0.02260053 0.07419452
v -0.01257584 -0.02260053 0.07660926
v -0.01257492 -0.02260053 0.07660939
v -0.01257584 -0.02260053 0.07660926
v -0.01274527 -0.02190237 0.07759266
v -0.00255081 -0.02260053 0.07767792
v -0.00259091 -0.02190237 0.07867505
v -0.01293918 -0.02146618 0.07871315
v -0.00263754 -0.02146618 0.07981122
v 0.00761499 -0.02260053 0.07742676
v 0.00770597 -0.02190237 0.07842054
v 0.00780866 -0.02146618 0.07955298
v -0.00268704 -0.02131786 0.08101899
v -0.01314511 -0.02131786 0.07990430
v 0.01839685 -0.02131786 0.07910694
v 0.00791785 -0.02131786 0.08075690
v 0.01788062 -0.02190237 0.07681848
v 0.01813089 -0.02146618 0.07792768
v 0.02848377 -0.02131786 0.07612897
v 0.02767459 -0.02190237 0.07392700
v 0.02806690 -0.02146618 0.07499433
v 0.03826069 -0.02131786 0.07177991
v 0.04715115 -0.02131786 0.06633594
v 0.03769740 -0.02146618 0.07071033
v 0.04579977 -0.02190237 0.06441834
v 0.04645495 -0.02146618 0.06534772
v 0.03716742 -0.02190237 0.06970429
v 0.04522397 -0.02260053 0.06360327
v 0.03670157 -0.02260053 0.06882178
v 0.03363197 -0.02852526 0.06299438
v 0.03670157 -0.02260053 0.06882178
v 0.03670218 -0.02260053 0.06882147
v 0.02505734 -0.02852526 0.06680854
v 0.02732944 -0.02260053 0.07299066
v 0.02733014 -0.02260053 0.07299042
v 0.02732944 -0.02260053 0.07299066
v 0.01621069 -0.02852526 0.06942029
v 0.01766016 -0.02260053 0.07584523
v 0.01766092 -0.02260053 0.07584503
v 0.03056213 -0.03444999 0.05716711
v 0.03055963 -0.03444999 0.05716846
v 0.02278491 -0.03444999 0.06062659
v 0.02278207 -0.03444999 0.06062762
v 0.01476111 -0.03444999 0.06299536
v 0.01475796 -0.03444999 0.06299603
v 0.00702021 -0.02852526 0.07086725
v 0.00761499 -0.02260053 0.07742676
v 0.00761582 -0.02260053 0.07742670
v 0.01766016 -0.02260053 0.07584523
v -0.00255081 -0.02260053 0.07767792
v -0.00254992 -0.02260053 0.07767792
v 0.02253082 -0.03526671 0.05994354
v 0.01459766 -0.03526671 0.06228509
v 0.03022009 -0.03526671 0.05652362
v 0.01448389 -0.03622245 0.06176379
v 0.02234998 -0.03622245 0.05944153
v 0.03721246 -0.03526671 0.05224237
v 0.02997427 -0.03622245 0.05604999
v 0.02145554 -0.04236271 0.05700812
v 0.02997131 -0.03622245 0.05605157
v 0.01391330 -0.04236271 0.05923480
v 0.02234662 -0.03622245 0.05944275
v 0.00604651 -0.04303737 0.06012256
v 0.00607788 -0.04236271 0.06046850
v 0.01391330 -0.04236271 0.05923480
v 0.02133582 -0.04303737 0.05668207
v 0.02145554 -0.04236271 0.05700812
v 0.02876596 -0.04236271 0.05375622
v 0.03495679 -0.04365171 0.04903766
v 0.02118201 -0.04365171 0.05626398
v 0.00600629 -0.04365171 0.05967895
v 0.03521368 -0.04303737 0.04940155
v 0.04639212 -0.04365171 0.03849213
v 0.05511258 -0.04303737 0.02553345
v 0.05470837 -0.04365171 0.02534619
v 0.05017273 -0.04365171 0.03343500
v 0.03541357 -0.04236271 0.04968561
v 0.04168671 -0.04236271 0.04460297
v 0.04673425 -0.04303737 0.03877734
v 0.04700107 -0.04236271 0.03899982
v 0.05155679 -0.04236271 0.03276410
v 0.05542798 -0.04236271 0.02567896
v 0.05823627 -0.04236271 0.01840753
v 0.05977765 -0.04303737 0.01057227
v 0.05155679 -0.04236271 0.03276410
v 0.05374371 -0.03622245 0.03415649
v 0.05778019 -0.03622245 0.02676917
v 0.05542798 -0.04236271 0.02567896
v 0.05778111 -0.03622245 0.02676715
v 0.06070935 -0.03622245 0.01918543
v 0.05823627 -0.04236271 0.01840753
v 0.06070996 -0.03622245 0.01918347
v 0.06267422 -0.03622245 0.01107513
v 0.06121844 -0.03526671 0.01934522
v 0.06319999 -0.03526671 0.01116632
v 0.06267453 -0.03622245 0.01107343
v 0.06407688 -0.03526671 0.00294140
v 0.06191438 -0.03444998 0.01956165
v 0.06391836 -0.03444998 0.01128894
v 0.07040828 -0.02852525 0.01241229
v 0.06391809 -0.03444998 0.01129047
v 0.06819880 -0.02852526 0.02153314
v 0.06191385 -0.03444998 0.01956329
v 0.05892673 -0.03444999 0.02729736
v 0.05826434 -0.03526671 0.02699341
v 0.06490474 -0.02852526 0.03006226
v 0.05892593 -0.03444999 0.02729907
v 0.06036398 -0.02852526 0.03837262
v 0.06591999 -0.02260053 0.04190973
v 0.06592026 -0.02260053 0.04190930
v 0.07088306 -0.02260053 0.03282629
v 0.07448334 -0.02260053 0.02350421
v 0.07088306 -0.02260053 0.03282629
v 0.07543555 -0.02190236 0.02380280
v 0.07448334 -0.02260053 0.02350421
v 0.06592026 -0.02260053 0.04190930
v 0.07178879 -0.02190237 0.03324530
v 0.07652054 -0.02146618 0.02414319
v 0.06676185 -0.02190237 0.04244562
v 0.07282087 -0.02146618 0.03372259
v 0.07391822 -0.02131785 0.03422961
v 0.06874094 -0.02131785 0.04370526
v 0.06772104 -0.02146618 0.04305633
v 0.06264816 -0.02131785 0.05204480
v 0.06171967 -0.02146618 0.05127069
v 0.06084628 -0.02190237 0.05054254
v 0.05471893 -0.02146618 0.05865192
v 0.05554075 -0.02131785 0.05953845
v 0.05394563 -0.02190237 0.05781830
v 0.06007945 -0.02260053 0.04990393
v 0.05326626 -0.02260053 0.05708728
v 0.04878735 -0.02852526 0.05225818
v 0.05326626 -0.02260053 0.05708728
v 0.05326669 -0.02260053 0.05708691
v 0.05502054 -0.02852526 0.04568628
v 0.06007945 -0.02260053 0.04990393
v 0.06007977 -0.02260053 0.04990356
v 0.04996167 -0.03444999 0.04146863
v 0.04996024 -0.03444999 0.04147040
v 0.05480832 -0.03444999 0.03483484
v 0.05480719 -0.03444999 0.03483661
v 0.05419230 -0.03526671 0.03444543
v 0.04940048 -0.03526671 0.04100372
v 0.04430795 -0.03444999 0.04742956
v 0.04381076 -0.03526671 0.04689673
v 0.04430613 -0.03444999 0.04743127
v 0.03763425 -0.03444999 0.05283667
v 0.04344980 -0.03622245 0.04650372
v 0.03690735 -0.03622245 0.05180463
v 0.03541357 -0.04236271 0.04968561
v 0.04344769 -0.03622245 0.04650568
v 0.02876596 -0.04236271 0.05375622
v 0.03690479 -0.03622245 0.05180640
v 0.04168671 -0.04236271 0.04460297
v 0.04899067 -0.03622245 0.04066199
v 0.04899237 -0.03622245 0.04065991
v 0.05374237 -0.03622245 0.03415857
v 0.04142938 -0.02852526 0.05821979
v 0.03763208 -0.03444999 0.05283819
v 0.04522450 -0.02260053 0.06360290
v 0.06591999 -0.02260053 0.04190973
v 0.07767398 -0.02131785 0.02450482
v 0.07900206 -0.02146618 0.01389911
v 0.07788160 -0.02190236 0.01370520
v 0.08019321 -0.02131785 0.01410504
v 0.08010010 -0.02146618 0.00359747
v 0.08130793 -0.02131785 0.00364697
v 0.07984192 -0.02146618 -0.00684876
v 0.07870944 -0.02190236 -0.00674604
v 0.07896393 -0.02190236 0.00355084
v 0.07771561 -0.02260053 -0.00665577
v 0.07796686 -0.02260053 0.00351001
v 0.07115613 -0.02852525 -0.00606073
v 0.07796686 -0.02260053 0.00351001
v 0.07771561 -0.02260053 -0.00665577
v 0.07138599 -0.02852525 0.00324011
v 0.07689830 -0.02260053 0.01353503
v 0.07613397 -0.02260053 -0.01670087
v 0.07710739 -0.02190236 -0.01692066
v 0.06970906 -0.02852525 -0.01525122
v 0.07613397 -0.02260053 -0.01670087
v 0.06459665 -0.03444998 -0.00546588
v 0.06459674 -0.03444998 -0.00546479
v 0.06328415 -0.03444998 -0.01380164
v 0.06328436 -0.03444998 -0.01380072
v 0.06257342 -0.03526671 -0.01364038
v 0.06387094 -0.03526671 -0.00539899
v 0.06480513 -0.03444998 0.00296991
v 0.06480506 -0.03444998 0.00297125
v 0.06354379 -0.03622245 0.00291791
v 0.06333938 -0.03622245 -0.00535211
v 0.06023151 -0.03526671 -0.02157343
v 0.06205270 -0.03622245 -0.01352399
v 0.06091534 -0.03444999 -0.02182544
v 0.05681125 -0.03526671 -0.02926257
v 0.05973041 -0.03622245 -0.02139002
v 0.05952371 -0.04236271 -0.01295337
v 0.05973071 -0.03622245 -0.02138922
v 0.06075745 -0.04236271 -0.00511798
v 0.06205295 -0.03622245 -0.01352289
v 0.06041150 -0.04303737 -0.00508661
v 0.06075745 -0.04236271 -0.00511798
v 0.05952371 -0.04236271 -0.01295337
v 0.06095343 -0.04236271 0.00281158
v 0.06333951 -0.03622245 -0.00535077
v 0.06011993 -0.04236271 0.01063135
v 0.06095343 -0.04236271 0.00281158
v 0.05655289 -0.04365171 -0.02022211
v 0.05996786 -0.04365171 -0.00504633
v 0.05997104 -0.04365171 0.00568225
v 0.02955774 -0.04365171 0.02565662
v 0.02873502 -0.04365171 0.02608820
v 0.02778845 -0.04365171 0.03399469
v 0.03858520 -0.04361785 0.00690478
v 0.03861856 -0.04365171 0.00691052
v 0.03866955 -0.04365171 0.00621478
v 0.03834201 -0.04365171 0.00779748
v 0.03831128 -0.04361785 0.00778326
v 0.03784531 -0.04365171 0.00858258
v 0.03451074 -0.04361785 0.00977704
v 0.03536020 -0.04361785 0.00904242
v 0.03464285 -0.04361785 0.00901343
v 0.03714282 -0.04361785 0.00918475
v 0.03781930 -0.04361785 0.00856091
v 0.03632794 -0.04361785 0.00961224
v 0.03716232 -0.04365171 0.00921246
v 0.03543326 -0.04365171 0.00984796
v 0.03633963 -0.04365171 0.00964404
v 0.03451074 -0.04361785 0.00977704
v 0.03543021 -0.04361785 0.00981427
v 0.03363226 -0.04361785 0.00950317
v 0.03450497 -0.04365171 0.00981042
v 0.03285458 -0.04361785 0.00901117
v 0.03361804 -0.04365171 0.00953387
v 0.03220306 -0.04365171 0.00835419
v 0.03285458 -0.04361785 0.00901117
v 0.03223074 -0.04361785 0.00833465
v 0.03177149 -0.04365171 0.00753149
v 0.03180325 -0.04361785 0.00751977
v 0.03156751 -0.04365171 0.00662512
v 0.03160123 -0.04361785 0.00662207
v 0.03155408 -0.04365171 0.00639264
v 0.03163846 -0.04361785 0.00570258
v 0.03626608 -0.04361785 0.00380768
v 0.03687277 -0.04361785 0.00419147
v 0.03659152 -0.04361785 0.00310431
v 0.03160510 -0.04365171 0.00569678
v 0.03191238 -0.04361785 0.00482410
v 0.03188168 -0.04365171 0.00480987
v 0.02741837 -0.04365171 0.01919006
v 0.02718903 -0.04361785 0.01923718
v 0.02810849 -0.04361785 0.01927448
v 0.02811429 -0.04365171 0.01924109
v 0.02898700 -0.04361785 0.01954840
v 0.02900119 -0.04365171 0.01951770
v 0.02978619 -0.04365171 0.02001434
v 0.02978619 -0.04365171 0.02001434
v 0.03038840 -0.04361785 0.02071680
v 0.03041605 -0.04365171 0.02069733
v 0.03081589 -0.04361785 0.02153168
v 0.02909174 -0.04361785 0.02499548
v 0.02845602 -0.04361785 0.02532898
v 0.02953824 -0.04361785 0.02562897
v 0.03101788 -0.04361785 0.02242944
v 0.03084766 -0.04365171 0.02152002
v 0.03101401 -0.04365171 0.02335468
v 0.03105161 -0.04365171 0.02242639
v 0.03098065 -0.04361785 0.02334894
v 0.03073746 -0.04365171 0.02424164
v 0.03070673 -0.04361785 0.02422742
v 0.03024078 -0.04365171 0.02502673
v 0.03021478 -0.04361785 0.02500507
v 0.02955774 -0.04365171 0.02565662
v 0.02953824 -0.04361785 0.02562897
v 0.02873502 -0.04365171 0.02608820
v 0.02872333 -0.04361785 0.02605640
v 0.02782861 -0.04365171 0.02629211
v 0.02690610 -0.04361785 0.02622113
v 0.02690033 -0.04365171 0.02625452
v 0.02759622 -0.04365171 0.02630554
v 0.01589899 -0.04361785 0.03466614
v 0.01592972 -0.04365171 0.03468036
v 0.01608389 -0.04365171 0.03428723
v 0.01543301 -0.04365171 0.03546545
v 0.01543829 -0.04361785 0.03293817
v 0.01540924 -0.04361785 0.03365552
v 0.01617291 -0.04361785 0.03378766
v 0.01473053 -0.04361785 0.03606763
v 0.01540701 -0.04361785 0.03544379
v 0.01391565 -0.04361785 0.03649512
v 0.01475003 -0.04365171 0.03609534
v 0.00996076 -0.04361785 0.03343494
v 0.00998981 -0.04361785 0.03271765
v 0.00922617 -0.04361785 0.03258545
v 0.01301791 -0.04361785 0.03669714
v 0.01392734 -0.04365171 0.03652692
v 0.01209268 -0.04365171 0.03669330
v 0.01302097 -0.04365171 0.03673089
v 0.01121997 -0.04361785 0.03638605
v 0.01209845 -0.04361785 0.03665991
v 0.01044229 -0.04361785 0.03589404
v 0.01120575 -0.04365171 0.03641675
v 0.01042062 -0.04365171 0.03592004
v 0.00981845 -0.04361785 0.03521759
v 0.00979077 -0.04365171 0.03523706
v 0.00937439 -0.04365171 0.03445502
v 0.00939093 -0.04361785 0.03440265
v -0.00187039 -0.04361785 0.03542401
v -0.00183703 -0.04365171 0.03542981
v -0.00178601 -0.04365171 0.03473395
v -0.00183316 -0.04361785 0.03450452
v -0.00200342 -0.04365171 0.03359515
v -0.00203519 -0.04361785 0.03360681
v -0.00284772 -0.04361785 0.03597717
v -0.00323154 -0.04361785 0.03658386
v -0.00214432 -0.04361785 0.03630255
v -0.00211362 -0.04365171 0.03631671
v -0.00214432 -0.04361785 0.03630255
v -0.00261026 -0.04365171 0.03710181
v -0.00263626 -0.04361785 0.03708014
v -0.00329333 -0.04365171 0.03773169
v -0.00331283 -0.04361785 0.03770404
v -0.00411606 -0.04365171 0.03816327
v -0.00412771 -0.04361785 0.03813153
v -0.00502243 -0.04365171 0.03836725
v -0.00594488 -0.04361785 0.03829626
v -0.00502551 -0.04361785 0.03833349
v -0.00682345 -0.04361785 0.03802228
v -0.00595074 -0.04365171 0.03832959
v -0.00762268 -0.04365171 0.03755640
v -0.00683764 -0.04365171 0.03805304
v -0.00762268 -0.04365171 0.03755640
v -0.00822485 -0.04361785 0.03685394
v -0.00825250 -0.04365171 0.03687341
v -0.00881714 -0.04361785 0.03422186
v -0.00808252 -0.04361785 0.03507129
v -0.00805350 -0.04361785 0.03435400
v -0.00865234 -0.04361785 0.03603906
v -0.00868411 -0.04365171 0.03605072
v -0.00885434 -0.04361785 0.03514130
v -0.00888806 -0.04365171 0.03514435
v -0.00890149 -0.04365171 0.03491186
v -0.00881714 -0.04361785 0.03422186
v -0.00857394 -0.04365171 0.03332916
v -0.00854321 -0.04361785 0.03334332
v -0.00807724 -0.04365171 0.03254401
v -0.00805124 -0.04361785 0.03256567
v -0.00739426 -0.04365171 0.03191419
v -0.00737475 -0.04361785 0.03194183
v -0.00657156 -0.04365171 0.03148254
v -0.00655987 -0.04361785 0.03151434
v -0.00566519 -0.04365171 0.03127863
v -0.00566214 -0.04361785 0.03131232
v -0.00474267 -0.04361785 0.03134955
v -0.00473691 -0.04365171 0.03131616
v -0.00384997 -0.04365171 0.03159271
v -0.00386420 -0.04361785 0.03162347
v -0.00306485 -0.04365171 0.03208942
v -0.00243500 -0.04365171 0.03277240
v -0.00308652 -0.04361785 0.03211542
v -0.00246268 -0.04361785 0.03279193
v -0.00488061 -0.04365171 0.03214654
v -0.00559213 -0.04361785 0.03208417
v -0.00558908 -0.04365171 0.03211786
v -0.00420370 -0.04365171 0.03235760
v -0.00487485 -0.04361785 0.03211316
v -0.00287845 -0.04365171 0.03596295
v -0.00312378 -0.04365171 0.03325793
v -0.00780905 -0.04365171 0.03368286
v -0.00628082 -0.04365171 0.03227350
v -0.00629251 -0.04361785 0.03224176
v -0.00690872 -0.04365171 0.03260290
v -0.00692822 -0.04361785 0.03257526
v -0.00742999 -0.04365171 0.03308362
v -0.00745599 -0.04361785 0.03306195
v -0.00783978 -0.04361785 0.03366864
v -0.00780905 -0.04365171 0.03368286
v -0.00802014 -0.04365171 0.03435974
v -0.00805350 -0.04361785 0.03435400
v -0.00804880 -0.04365171 0.03506824
v -0.00808252 -0.04361785 0.03507129
v -0.00792493 -0.04361785 0.03577167
v -0.00789316 -0.04365171 0.03576001
v -0.00756375 -0.04365171 0.03638788
v -0.00759140 -0.04361785 0.03640741
v -0.00708304 -0.04365171 0.03690912
v -0.00648382 -0.04365171 0.03728821
v -0.00710473 -0.04361785 0.03693512
v -0.00649801 -0.04361785 0.03731897
v -0.00580691 -0.04365171 0.03749927
v -0.00581268 -0.04361785 0.03753265
v -0.00509845 -0.04365171 0.03752795
v -0.00509537 -0.04361785 0.03756164
v -0.00440668 -0.04365171 0.03737231
v -0.00439502 -0.04361785 0.03740405
v -0.00377878 -0.04365171 0.03704291
v -0.00375928 -0.04361785 0.03707056
v -0.00325754 -0.04365171 0.03656219
v -0.00323154 -0.04361785 0.03658386
v -0.00287845 -0.04365171 0.03596295
v -0.00284772 -0.04361785 0.03597717
v -0.00266739 -0.04365171 0.03528607
v -0.00263403 -0.04361785 0.03529181
v -0.00263870 -0.04365171 0.03457757
v -0.00260501 -0.04361785 0.03457452
v -0.00279437 -0.04365171 0.03388586
v -0.00276260 -0.04361785 0.03387414
v -0.00312378 -0.04365171 0.03325793
v -0.00309610 -0.04361785 0.03323846
v -0.00358279 -0.04361785 0.03271069
v -0.00360446 -0.04365171 0.03273669
v -0.00418948 -0.04361785 0.03232690
v 0.00915522 -0.04365171 0.03350799
v 0.00918894 -0.04361785 0.03350494
v 0.00922617 -0.04361785 0.03258545
v 0.00919281 -0.04365171 0.03257965
v 0.00950009 -0.04361785 0.03170697
v 0.00946939 -0.04365171 0.03169275
v 0.00999204 -0.04361785 0.03092932
v 0.00996604 -0.04365171 0.03090765
v 0.01064908 -0.04365171 0.03027777
v 0.01066861 -0.04361785 0.03030542
v 0.01148346 -0.04361785 0.02987799
v 0.01147183 -0.04365171 0.02984619
v 0.01238126 -0.04361785 0.02967597
v 0.01237820 -0.04365171 0.02964227
v 0.01330072 -0.04361785 0.02971320
v 0.01330649 -0.04365171 0.02967987
v 0.01419342 -0.04365171 0.02995642
v 0.01417923 -0.04361785 0.02998718
v 0.01497842 -0.04365171 0.03045306
v 0.01560828 -0.04365171 0.03113605
v 0.01495676 -0.04361785 0.03047907
v 0.01558060 -0.04361785 0.03115558
v 0.01603986 -0.04365171 0.03195874
v 0.01600809 -0.04361785 0.03197046
v 0.01624384 -0.04365171 0.03286511
v 0.01621011 -0.04361785 0.03286816
v 0.01620627 -0.04365171 0.03379339
v 0.01113455 -0.04365171 0.03096655
v 0.01175076 -0.04361785 0.03060541
v 0.01111505 -0.04361785 0.03093890
v 0.01176245 -0.04365171 0.03063721
v 0.01245114 -0.04361785 0.03044782
v 0.01245419 -0.04365171 0.03048151
v 0.01023422 -0.04365171 0.03204651
v 0.01294485 -0.04365171 0.03589160
v 0.01061331 -0.04365171 0.03144727
v 0.01058731 -0.04361785 0.03142560
v 0.01023422 -0.04365171 0.03204651
v 0.01020349 -0.04361785 0.03203229
v 0.01002316 -0.04365171 0.03272339
v 0.00998981 -0.04361785 0.03271765
v 0.00999448 -0.04365171 0.03343188
v 0.00996076 -0.04361785 0.03343494
v 0.01011838 -0.04361785 0.03413531
v 0.01015015 -0.04365171 0.03412366
v 0.01047952 -0.04365171 0.03475152
v 0.01045187 -0.04361785 0.03477106
v 0.01096024 -0.04365171 0.03527276
v 0.01155942 -0.04365171 0.03565185
v 0.01093857 -0.04361785 0.03529877
v 0.01154523 -0.04361785 0.03568255
v 0.01223633 -0.04365171 0.03586291
v 0.01223056 -0.04361785 0.03589630
v 0.01294485 -0.04365171 0.03589160
v 0.01294791 -0.04361785 0.03592535
v 0.01363657 -0.04365171 0.03573596
v 0.01364825 -0.04361785 0.03576770
v 0.01426447 -0.04365171 0.03540655
v 0.01428397 -0.04361785 0.03543420
v 0.01481174 -0.04361785 0.03494751
v 0.01478577 -0.04365171 0.03492584
v 0.01519556 -0.04361785 0.03434088
v 0.01516483 -0.04365171 0.03432666
v 0.01540924 -0.04361785 0.03365552
v 0.01537588 -0.04365171 0.03364972
v 0.01543829 -0.04361785 0.03293817
v 0.01540457 -0.04365171 0.03294122
v 0.01524890 -0.04365171 0.03224951
v 0.01528067 -0.04361785 0.03223779
v 0.01491952 -0.04365171 0.03162158
v 0.01494717 -0.04361785 0.03160211
v 0.01446048 -0.04361785 0.03107434
v 0.01383960 -0.04365171 0.03072125
v 0.01446048 -0.04361785 0.03107434
v 0.01385379 -0.04361785 0.03069055
v 0.01316269 -0.04365171 0.03051019
v 0.01316846 -0.04361785 0.03047687
v 0.01245419 -0.04365171 0.03048151
v 0.02601340 -0.04365171 0.02597791
v 0.02525006 -0.04361785 0.02545532
v 0.02602759 -0.04361785 0.02594721
v 0.02479981 -0.04361785 0.02049054
v 0.02501126 -0.04361785 0.02159351
v 0.02539508 -0.04361785 0.02098682
v 0.02522839 -0.04365171 0.02548126
v 0.02462622 -0.04361785 0.02477881
v 0.02459854 -0.04365171 0.02479828
v 0.02419870 -0.04361785 0.02396393
v 0.02416693 -0.04365171 0.02397559
v 0.02399670 -0.04361785 0.02306616
v 0.02396298 -0.04365171 0.02306921
v 0.02400058 -0.04365171 0.02214093
v 0.02403394 -0.04361785 0.02214667
v 0.02427716 -0.04365171 0.02125397
v 0.02430786 -0.04361785 0.02126819
v 0.02479981 -0.04361785 0.02049054
v 0.02477380 -0.04365171 0.02046887
v 0.02545685 -0.04365171 0.01983899
v 0.02547638 -0.04361785 0.01986670
v 0.02629126 -0.04361785 0.01943921
v 0.02627960 -0.04365171 0.01940741
v 0.02718597 -0.04365171 0.01920349
v 0.02636719 -0.04365171 0.02521307
v 0.02574634 -0.04361785 0.02486005
v 0.02635300 -0.04361785 0.02524384
v 0.02525964 -0.04361785 0.02433228
v 0.02576801 -0.04365171 0.02483405
v 0.02528729 -0.04365171 0.02431274
v 0.02775263 -0.04365171 0.02545288
v 0.02997260 -0.04365171 0.02388788
v 0.02972730 -0.04365171 0.02118286
v 0.02704410 -0.04365171 0.02542420
v 0.02703833 -0.04361785 0.02545752
v 0.02775568 -0.04361785 0.02548657
v 0.02775263 -0.04365171 0.02545288
v 0.02844434 -0.04365171 0.02529718
v 0.02845602 -0.04361785 0.02532898
v 0.02907224 -0.04365171 0.02496784
v 0.02909174 -0.04361785 0.02499548
v 0.02959354 -0.04365171 0.02448712
v 0.02961954 -0.04361785 0.02450879
v 0.03000333 -0.04361785 0.02390210
v 0.02997260 -0.04365171 0.02388788
v 0.03018366 -0.04365171 0.02321100
v 0.03021701 -0.04361785 0.02321674
v 0.03021234 -0.04365171 0.02250250
v 0.03024606 -0.04361785 0.02249945
v 0.03008844 -0.04361785 0.02179907
v 0.03005667 -0.04365171 0.02181073
v 0.02972730 -0.04365171 0.02118286
v 0.02975494 -0.04361785 0.02116333
v 0.02924658 -0.04365171 0.02066156
v 0.02864740 -0.04365171 0.02028253
v 0.02926825 -0.04361785 0.02063556
v 0.02866159 -0.04361785 0.02025177
v 0.02797049 -0.04365171 0.02007141
v 0.02797626 -0.04361785 0.02003809
v 0.02725891 -0.04361785 0.02000903
v 0.02726196 -0.04365171 0.02004273
v 0.02657025 -0.04365171 0.02019843
v 0.02655856 -0.04361785 0.02016663
v 0.02594235 -0.04365171 0.02052777
v 0.02592285 -0.04361785 0.02050012
v 0.02542108 -0.04365171 0.02100848
v 0.02539508 -0.04361785 0.02098682
v 0.02504199 -0.04365171 0.02160773
v 0.02501126 -0.04361785 0.02159351
v 0.02479758 -0.04361785 0.02227887
v 0.02483093 -0.04365171 0.02228467
v 0.02476852 -0.04361785 0.02299616
v 0.02480225 -0.04365171 0.02299310
v 0.02492615 -0.04361785 0.02369653
v 0.02495792 -0.04365171 0.02368488
v 0.03240433 -0.04361785 0.00404645
v 0.03237833 -0.04365171 0.00402478
v 0.03306140 -0.04365171 0.00339490
v 0.03308090 -0.04361785 0.00342254
v 0.03384341 -0.04365171 0.00297858
v 0.03389578 -0.04361785 0.00299505
v 0.03388412 -0.04365171 0.00296332
v 0.03479355 -0.04361785 0.00279309
v 0.03479050 -0.04365171 0.00275940
v 0.03571301 -0.04361785 0.00283032
v 0.03571881 -0.04365171 0.00279700
v 0.03659152 -0.04361785 0.00310431
v 0.03660571 -0.04365171 0.00307355
v 0.03739075 -0.04365171 0.00357019
v 0.03739075 -0.04365171 0.00357019
v 0.03799289 -0.04361785 0.00427270
v 0.03802057 -0.04365171 0.00425317
v 0.03845215 -0.04365171 0.00507587
v 0.03842038 -0.04361785 0.00508758
v 0.03865613 -0.04365171 0.00598224
v 0.03287439 -0.04361785 -0.00826624
v 0.03286862 -0.04365171 -0.00823285
v 0.03356442 -0.04365171 -0.00818189
v 0.03198172 -0.04365171 -0.00850940
v 0.03199591 -0.04361785 -0.00854016
v 0.03119656 -0.04365171 -0.00900611
v 0.03469162 -0.04361785 -0.00843103
v 0.03505994 -0.04361785 -0.00949195
v 0.03442422 -0.04361785 -0.00915845
v 0.03056674 -0.04365171 -0.00968903
v 0.03121823 -0.04361785 -0.00903211
v 0.03059442 -0.04361785 -0.00970856
v 0.03013513 -0.04365171 -0.01051178
v 0.03016690 -0.04361785 -0.01052344
v 0.02996487 -0.04361785 -0.01142120
v 0.02993118 -0.04365171 -0.01141815
v 0.02996875 -0.04365171 -0.01234644
v 0.03000211 -0.04361785 -0.01234070
v 0.03024530 -0.04365171 -0.01323340
v 0.03027603 -0.04361785 -0.01321918
v 0.03074197 -0.04365171 -0.01401849
v 0.03076798 -0.04361785 -0.01399683
v 0.03142502 -0.04365171 -0.01464838
v 0.03144452 -0.04361785 -0.01462073
v 0.03224774 -0.04365171 -0.01507996
v 0.03225943 -0.04361785 -0.01504822
v 0.03322711 -0.04361785 -0.01447833
v 0.03394443 -0.04361785 -0.01444934
v 0.03315719 -0.04361785 -0.01525018
v 0.03315414 -0.04365171 -0.01528394
v 0.03315719 -0.04361785 -0.01525018
v 0.03338653 -0.04365171 -0.01529730
v 0.03407666 -0.04361785 -0.01521295
v 0.03496936 -0.04365171 -0.01496973
v 0.03495517 -0.04361785 -0.01493896
v 0.03575439 -0.04365171 -0.01447308
v 0.03575439 -0.04365171 -0.01447308
v 0.03635657 -0.04361785 -0.01377063
v 0.03638422 -0.04365171 -0.01379010
v 0.03678406 -0.04361785 -0.01295575
v 0.03698605 -0.04361785 -0.01205798
v 0.03681583 -0.04365171 -0.01296741
v 0.03694885 -0.04361785 -0.01113855
v 0.03701977 -0.04365171 -0.01206103
v 0.03670566 -0.04365171 -0.01024585
v 0.03698221 -0.04365171 -0.01113275
v 0.03667493 -0.04361785 -0.01026001
v 0.03620895 -0.04365171 -0.00946070
v 0.03618295 -0.04361785 -0.00948236
v 0.03552597 -0.04365171 -0.00883087
v 0.03469162 -0.04361785 -0.00843103
v 0.03550647 -0.04361785 -0.00885852
v 0.03379385 -0.04361785 -0.00822901
v 0.03470328 -0.04365171 -0.00839923
v 0.03618051 -0.04365171 -0.01198492
v 0.03605664 -0.04361785 -0.01268835
v 0.03602487 -0.04365171 -0.01267670
v 0.03569546 -0.04365171 -0.01330457
v 0.03572311 -0.04361785 -0.01332410
v 0.03521475 -0.04365171 -0.01382581
v 0.03521475 -0.04365171 -0.01382581
v 0.03462979 -0.04361785 -0.01423560
v 0.03461557 -0.04365171 -0.01420489
v 0.03394443 -0.04361785 -0.01444934
v 0.03393866 -0.04365171 -0.01441595
v 0.03101016 -0.04365171 -0.01287970
v 0.03125549 -0.04365171 -0.01017462
v 0.03372079 -0.04365171 -0.00903455
v 0.03322711 -0.04361785 -0.01447833
v 0.03323016 -0.04365171 -0.01444464
v 0.03252676 -0.04361785 -0.01432074
v 0.03253842 -0.04365171 -0.01428900
v 0.03191052 -0.04365171 -0.01395959
v 0.03189102 -0.04361785 -0.01398724
v 0.03138925 -0.04365171 -0.01347888
v 0.03136325 -0.04361785 -0.01350055
v 0.03101016 -0.04365171 -0.01287970
v 0.03097946 -0.04361785 -0.01289386
v 0.03079910 -0.04365171 -0.01220276
v 0.03076575 -0.04361785 -0.01220856
v 0.03073673 -0.04361785 -0.01149121
v 0.03077042 -0.04365171 -0.01149426
v 0.03092609 -0.04365171 -0.01080255
v 0.03089432 -0.04361785 -0.01079083
v 0.03125549 -0.04365171 -0.01017462
v 0.03122781 -0.04361785 -0.01015515
v 0.03171451 -0.04361785 -0.00962738
v 0.03173618 -0.04365171 -0.00965338
v 0.03232120 -0.04361785 -0.00924359
v 0.03233542 -0.04365171 -0.00927429
v 0.03300656 -0.04361785 -0.00902985
v 0.03301233 -0.04365171 -0.00906324
v 0.03372385 -0.04361785 -0.00900086
v 0.03372079 -0.04365171 -0.00903455
v 0.03441254 -0.04365171 -0.00919019
v 0.03442422 -0.04361785 -0.00915845
v 0.03504043 -0.04365171 -0.00951960
v 0.03505994 -0.04361785 -0.00949195
v 0.03556171 -0.04365171 -0.01000030
v 0.03558771 -0.04361785 -0.00997864
v 0.03597150 -0.04361785 -0.01058533
v 0.03594079 -0.04365171 -0.01059955
v 0.03615185 -0.04365171 -0.01127643
v 0.03618521 -0.04361785 -0.01127069
v 0.03621423 -0.04361785 -0.01198798
v 0.03243545 -0.04365171 0.00584051
v 0.03261578 -0.04361785 0.00514941
v 0.03240210 -0.04361785 0.00583478
v 0.03240677 -0.04365171 0.00654901
v 0.03237305 -0.04361785 0.00655206
v 0.03264651 -0.04365171 0.00516363
v 0.03289184 -0.04365171 0.00786865
v 0.03535715 -0.04365171 0.00900873
v 0.03253067 -0.04361785 0.00725244
v 0.03256244 -0.04365171 0.00724078
v 0.03289184 -0.04365171 0.00786865
v 0.03286417 -0.04361785 0.00788818
v 0.03337253 -0.04365171 0.00838989
v 0.03397171 -0.04365171 0.00876898
v 0.03335086 -0.04361785 0.00841589
v 0.03395752 -0.04361785 0.00879968
v 0.03464862 -0.04365171 0.00898004
v 0.03464285 -0.04361785 0.00901343
v 0.03536020 -0.04361785 0.00904242
v 0.03535715 -0.04365171 0.00900873
v 0.03604886 -0.04365171 0.00885309
v 0.03606055 -0.04361785 0.00888483
v 0.03667676 -0.04365171 0.00852368
v 0.03669626 -0.04361785 0.00855133
v 0.03719806 -0.04365171 0.00804297
v 0.03722406 -0.04361785 0.00806464
v 0.03757712 -0.04365171 0.00744379
v 0.03760785 -0.04361785 0.00745795
v 0.03778818 -0.04365171 0.00676684
v 0.03782153 -0.04361785 0.00677264
v 0.03785058 -0.04361785 0.00605530
v 0.03781686 -0.04365171 0.00605835
v 0.03766122 -0.04365171 0.00536664
v 0.03769299 -0.04361785 0.00535492
v 0.03733182 -0.04365171 0.00473871
v 0.03735947 -0.04361785 0.00471924
v 0.03687277 -0.04361785 0.00419147
v 0.03625189 -0.04365171 0.00383838
v 0.03687277 -0.04361785 0.00419147
v 0.03626608 -0.04361785 0.00380768
v 0.03557498 -0.04365171 0.00362732
v 0.03558075 -0.04361785 0.00359399
v 0.03486343 -0.04361785 0.00356494
v 0.03486648 -0.04365171 0.00359863
v 0.03417474 -0.04365171 0.00375427
v 0.03416305 -0.04361785 0.00372253
v 0.03354684 -0.04365171 0.00408368
v 0.03352734 -0.04361785 0.00405603
v 0.03302560 -0.04365171 0.00456439
v 0.03299960 -0.04361785 0.00454272
v 0.03264651 -0.04365171 0.00516363
v 0.05697095 -0.04303737 -0.02037592
v 0.04932654 -0.04365171 -0.03399682
v 0.04969046 -0.04303737 -0.03425372
v 0.03878100 -0.04365171 -0.04543219
v 0.05729703 -0.04236271 -0.02049561
v 0.05404513 -0.04236271 -0.02780603
v 0.04489191 -0.04236271 -0.04072675
v 0.03928870 -0.04236271 -0.04604115
v 0.03906628 -0.04303737 -0.04577435
v 0.05404513 -0.04236271 -0.02780603
v 0.05209363 -0.03622245 -0.03594720
v 0.04997455 -0.04236271 -0.03445367
v 0.04679269 -0.03622245 -0.04248982
v 0.04489191 -0.04236271 -0.04072675
v 0.04094885 -0.03622245 -0.04803241
v 0.04718378 -0.03526671 -0.04285284
v 0.04129053 -0.03526671 -0.04844226
v 0.05252972 -0.03526671 -0.03625470
v 0.04771823 -0.03444999 -0.04334827
v 0.05312543 -0.03444999 -0.03667456
v 0.04175720 -0.03444999 -0.04900201
v 0.03512414 -0.03444999 -0.05384814
v 0.03444614 -0.03622245 -0.05278333
v 0.04129053 -0.03526671 -0.04844226
v 0.04175720 -0.03444999 -0.04900201
v 0.04597482 -0.02852526 -0.05406097
v 0.05254678 -0.02852526 -0.04782782
v 0.05019244 -0.02260053 -0.05911987
v 0.04597482 -0.02852526 -0.05406097
v 0.05019244 -0.02260053 -0.05911987
v 0.04220358 -0.02260053 -0.06495691
v 0.05019244 -0.02260053 -0.05911987
v 0.04220358 -0.02260053 -0.06495691
v 0.05019244 -0.02260053 -0.05911987
v 0.05810718 -0.02190237 -0.05298573
v 0.05083148 -0.02190237 -0.05988635
v 0.05155963 -0.02146618 -0.06075971
v 0.05083148 -0.02190237 -0.05988635
v 0.05737582 -0.02260053 -0.05230676
v 0.06470725 -0.02190237 -0.04483984
v 0.06563663 -0.02146618 -0.04549500
v 0.06662485 -0.02131785 -0.04619122
v 0.07099927 -0.02146618 -0.03673750
v 0.07206885 -0.02131785 -0.03730073
v 0.07528321 -0.02146618 -0.02710700
v 0.07641788 -0.02131785 -0.02752388
v 0.06999323 -0.02190237 -0.03620746
v 0.06389184 -0.02260053 -0.04426454
v 0.06911038 -0.02260053 -0.03574220
v 0.07421591 -0.02190236 -0.02671467
v 0.07327936 -0.02260053 -0.02637012
v 0.07821662 -0.02146618 -0.01717096
v 0.07327936 -0.02260053 -0.02637012
v 0.06709729 -0.02852526 -0.02409790
v 0.06911038 -0.02260053 -0.03574220
v 0.06328308 -0.02852526 -0.03267249
v 0.06091559 -0.03444999 -0.02182471
v 0.05745584 -0.03444999 -0.02960260
v 0.05745608 -0.03444999 -0.02960211
v 0.05850839 -0.02852526 -0.04046985
v 0.06389184 -0.02260053 -0.04426454
v 0.05737582 -0.02260053 -0.05230676
v 0.07939582 -0.02131785 -0.01743695
v 0.08104581 -0.02131785 -0.00695789
v 0.05633890 -0.03622245 -0.02901434
v 0.03305371 -0.04236271 -0.05059644
v 0.05729703 -0.04236271 -0.02049561
v 0.05633920 -0.03622245 -0.02901379
v 0.06011993 -0.04236271 0.01063135
v 0.06354373 -0.03622245 0.00291943
v 0.07689830 -0.02260053 0.01353503
v -0.00967138 -0.04236271 0.05983105
v -0.00185165 -0.04236271 0.06066455
v -0.00185165 -0.04236271 0.06066455
v -0.00195797 -0.03622245 0.06325488
v 0.00630805 -0.03622245 0.06305084
v 0.00607788 -0.04236271 0.06046850
v 0.00631205 -0.03622245 0.06305047
v 0.01448019 -0.03622245 0.06176465
v 0.00635620 -0.03526671 0.06358227
v 0.00642539 -0.03444999 0.06430774
v 0.00642200 -0.03444999 0.06430805
v -0.00967138 -0.04236271 0.05983105
v -0.00196222 -0.03622245 0.06325470
v -0.02354492 -0.02131786 0.07738508
v -0.03326971 -0.02131786 0.07362935
v -0.03970001 -0.03622245 0.04870343
v -0.03320093 -0.03622245 0.05345203
v -0.03970001 -0.03622245 0.04870343
v -0.04004169 -0.03526672 0.04911329
v -0.04554028 -0.03622245 0.04316467
v -0.04364310 -0.04236271 0.04139776
v -0.05950860 -0.04236271 0.00578876
v -0.05827490 -0.04236271 0.01362421
v -0.06080292 -0.03622245 0.01419916
v -0.05848163 -0.03622245 0.02206091
v -0.05604849 -0.04236271 0.02116583
v -0.05950860 -0.04236271 0.00578876
v -0.06209057 -0.03622245 0.00602289
v -0.06209021 -0.03622245 0.00602710
v -0.06229513 -0.03622245 -0.00224310
v -0.05950873 -0.04236271 0.00578772
v -0.06282828 -0.03526672 -0.00226495
v -0.06262161 -0.03526672 0.00607538
v -0.06080389 -0.03622245 0.01419482
v -0.06132339 -0.03526672 0.01431665
v -0.06195206 -0.03526672 -0.01048999
v -0.06229495 -0.03622245 -0.00224713
v -0.06266952 -0.03444999 -0.01061792
v -0.05997122 -0.03526672 -0.01866907
v -0.06142563 -0.03622245 -0.01040271
v -0.05946103 -0.03622245 -0.01851276
v -0.05701777 -0.03526672 -0.02631751
v -0.06066554 -0.03444999 -0.01889063
v -0.06066666 -0.03444999 -0.01888702
v -0.05767938 -0.03444999 -0.02662311
v -0.06963414 -0.02260053 -0.03215552
v -0.07323384 -0.02260053 -0.02283533
v -0.05417899 -0.04236271 -0.02500830
v -0.05653357 -0.03622245 -0.02609332
v -0.05417899 -0.04236271 -0.02500830
v -0.05698730 -0.04236271 -0.01773682
v -0.05946214 -0.03622245 -0.01850928
v -0.05887082 -0.04236271 -0.00996197
v -0.05887103 -0.04236271 -0.00996057
v -0.05970459 -0.04236271 -0.00214081
v -0.05887103 -0.04236271 -0.00996057
v -0.06142630 -0.03622245 -0.01039886
v -0.05966650 -0.03444999 0.02249646
v -0.06203433 -0.03444999 0.01447705
v -0.05604825 -0.04236271 0.02116650
v -0.05848004 -0.03622245 0.02206525
v -0.04894360 -0.02260053 0.05979089
v -0.05284491 -0.02131786 0.06447040
v -0.04436084 -0.02135192 0.07098859
v -0.04422150 -0.02131786 0.07077057
v -0.05284491 -0.02131786 0.06447040
v -0.06078308 -0.02135192 0.05729736
v -0.05301062 -0.02135192 0.06466913
v -0.03453235 -0.02135192 0.07635878
v -0.04449036 -0.02145182 0.07119208
v -0.05316507 -0.02145182 0.06485438
v -0.05301062 -0.02135192 0.06466913
v -0.05316507 -0.02145182 0.06485438
v -0.06095993 -0.02145182 0.05746137
v -0.06111178 -0.02161072 0.05760224
v -0.06783377 -0.02135192 0.04859527
v -0.06820020 -0.02161072 0.04885365
v -0.06803092 -0.02145182 0.04873425
v -0.06059366 -0.02131786 0.05712103
v -0.06762250 -0.02131786 0.04844587
v -0.07348067 -0.02135192 0.03937354
v -0.07325180 -0.02131786 0.03925282
v -0.07774887 -0.02131786 0.02914313
v -0.06963414 -0.02260053 -0.03215552
v -0.05346745 -0.02146618 -0.05798340
v -0.05428919 -0.02131786 -0.05886999
v -0.04520289 -0.02146618 -0.06467896
v -0.04589906 -0.02131786 -0.06566724
v -0.03644480 -0.02146618 -0.07004132
v -0.03700802 -0.02131786 -0.07111090
v -0.02681385 -0.02146618 -0.07432483
v -0.02723066 -0.02131786 -0.07545954
v -0.01687735 -0.02146618 -0.07725775
v -0.01714329 -0.02131786 -0.07843695
v -0.00655478 -0.02146618 -0.07888245
v -0.00666388 -0.02131786 -0.08008638
v 0.00394134 -0.02131786 -0.08034778
v 0.00389175 -0.02146618 -0.07913997
v 0.00384503 -0.02190237 -0.07800380
v -0.00645215 -0.02190237 -0.07774994
v -0.01662718 -0.02190237 -0.07614850
v 0.01399957 -0.02190237 -0.07692073
v 0.01439960 -0.02131786 -0.07923230
v 0.01419357 -0.02146618 -0.07804114
v 0.02479950 -0.02131786 -0.07671229
v 0.01382468 -0.02260053 -0.07593824
v 0.02379382 -0.02260053 -0.07352321
v 0.02379382 -0.02260053 -0.07352321
v 0.01382916 -0.02260053 -0.07593744
v 0.01270166 -0.02852526 -0.06944825
v 0.01382468 -0.02260053 -0.07593824
v 0.00380398 -0.02260053 -0.07700673
v 0.01157834 -0.03444999 -0.06295837
v 0.01984958 -0.03444999 -0.06095471
v 0.00352954 -0.02852526 -0.07042604
v 0.00325931 -0.03444999 -0.06384515
v 0.01157669 -0.03444999 -0.06295862
v 0.01145258 -0.03526671 -0.06224048
v 0.00322760 -0.03526671 -0.06311706
v 0.01136307 -0.03622245 -0.06171448
v 0.00320752 -0.03622245 -0.06258386
v 0.01092096 -0.04236271 -0.05915991
v 0.01136145 -0.03622245 -0.06171473
v 0.01947174 -0.03622245 -0.05975024
v 0.01092444 -0.04236271 -0.05915931
v 0.01092096 -0.04236271 -0.05915991
v 0.00310116 -0.04236271 -0.05999347
v 0.00320569 -0.03622245 -0.06258392
v -0.00506253 -0.03622245 -0.06237952
v -0.00482523 -0.04236271 -0.05979785
v -0.00482840 -0.04236271 -0.05979755
v -0.01266388 -0.04236271 -0.05856390
v -0.00479386 -0.04303738 -0.05945190
v -0.01992999 -0.04365171 -0.05559412
v -0.00475366 -0.04365171 -0.05900830
v 0.01078921 -0.04365171 -0.05837806
v -0.02381839 -0.04365171 -0.05400745
v -0.02020615 -0.04236271 -0.05633728
v -0.02751663 -0.04236271 -0.05308545
v -0.02008380 -0.04303738 -0.05601221
v -0.01323657 -0.03622245 -0.06109241
v -0.02110056 -0.03622245 -0.05877069
v -0.02020349 -0.04236271 -0.05633826
v -0.00482840 -0.04236271 -0.05979755
v -0.00506455 -0.03622245 -0.06237933
v -0.01323444 -0.03622245 -0.06109289
v -0.00511274 -0.03526671 -0.06291077
v -0.01335410 -0.03526672 -0.06161291
v -0.00517655 -0.03444999 -0.06363672
v -0.01351227 -0.03444999 -0.06232434
v -0.01496185 -0.02852526 -0.06874927
v -0.00517859 -0.03444999 -0.06363653
v -0.00577137 -0.02852526 -0.07019623
v 0.00325744 -0.03444999 -0.06384521
v 0.00379965 -0.02260053 -0.07700690
v -0.00636207 -0.02260053 -0.07675611
v -0.00636615 -0.02260053 -0.07675574
v -0.01640753 -0.02260053 -0.07517505
v -0.00636615 -0.02260053 -0.07675574
v -0.01641132 -0.02260053 -0.07517420
v -0.02642161 -0.02190237 -0.07325751
v -0.01641132 -0.02260053 -0.07517420
v -0.02607719 -0.02260053 -0.07232093
v -0.02608061 -0.02260053 -0.07231964
v -0.03591490 -0.02190237 -0.06903522
v -0.03545273 -0.02260053 -0.06815076
v -0.04454777 -0.02190237 -0.06374951
v -0.02380850 -0.02852526 -0.06613751
v -0.02608061 -0.02260053 -0.07231964
v -0.03544972 -0.02260053 -0.06815235
v -0.03238313 -0.02852526 -0.06232336
v -0.03545273 -0.02260053 -0.06815076
v -0.04397254 -0.02260053 -0.06293408
v -0.04397513 -0.02260053 -0.06293225
v -0.05269415 -0.02190237 -0.05714972
v -0.04018054 -0.02852526 -0.05754877
v -0.04397513 -0.02260053 -0.06293225
v -0.05201526 -0.02260053 -0.05641827
v -0.05201743 -0.02260053 -0.05641626
v -0.04305911 -0.03444999 -0.04675854
v -0.03638770 -0.03444999 -0.05216406
v -0.03638541 -0.03444999 -0.05216565
v -0.02931564 -0.03444999 -0.05649487
v -0.03596803 -0.03526672 -0.05156824
v -0.02897604 -0.03526672 -0.05585004
v -0.04220062 -0.03622245 -0.04583301
v -0.03565809 -0.03622245 -0.05113391
v -0.02872495 -0.03622245 -0.05537921
v -0.02128705 -0.03526672 -0.05927063
v -0.02931329 -0.03444999 -0.05649609
v -0.02153607 -0.03444999 -0.05995557
v -0.02020615 -0.04236271 -0.05633728
v -0.02110281 -0.03622245 -0.05876990
v -0.02872723 -0.03622245 -0.05537805
v -0.03416229 -0.04236271 -0.04901636
v -0.03416434 -0.04236271 -0.04901489
v -0.03566031 -0.03622245 -0.05113232
v -0.02153836 -0.03444999 -0.05995471
v -0.01351447 -0.03444999 -0.06232385
v 0.00379965 -0.02260053 -0.07700690
v 0.01947897 -0.04365171 -0.02645844
v 0.01952612 -0.04361785 -0.02622900
v 0.01956336 -0.04361785 -0.02714850
v 0.01980658 -0.04365171 -0.02804120
v 0.01983728 -0.04361785 -0.02802698
v 0.02032922 -0.04361785 -0.02880463
v 0.02030322 -0.04365171 -0.02882629
v 0.02098627 -0.04365171 -0.02945618
v 0.02100580 -0.04361785 -0.02942853
v 0.02180902 -0.04365171 -0.02988776
v 0.02182068 -0.04361785 -0.02985596
v 0.02271845 -0.04361785 -0.03005798
v 0.02271539 -0.04365171 -0.03009168
v 0.02363791 -0.04361785 -0.03002069
v 0.02364371 -0.04365171 -0.03005408
v 0.02451642 -0.04361785 -0.02974677
v 0.02453061 -0.04365171 -0.02977747
v 0.02529395 -0.04361785 -0.02925488
v 0.02531561 -0.04365171 -0.02928082
v 0.02591779 -0.04361785 -0.02857837
v 0.02594547 -0.04365171 -0.02859790
v 0.02637705 -0.04365171 -0.02777515
v 0.02528436 -0.04361785 -0.02813184
v 0.02561786 -0.04361785 -0.02749609
v 0.02634528 -0.04361785 -0.02776349
v 0.02654730 -0.04361785 -0.02686572
v 0.02634528 -0.04361785 -0.02776349
v 0.02651010 -0.04361785 -0.02594629
v 0.02654346 -0.04365171 -0.02594049
v 0.02659445 -0.04365171 -0.02663629
v 0.02623618 -0.04361785 -0.02506781
v 0.02577020 -0.04365171 -0.02426843
v 0.02626691 -0.04365171 -0.02505359
v 0.02574420 -0.04361785 -0.02429010
v 0.02508722 -0.04365171 -0.02363861
v 0.02077948 -0.04361785 -0.02383991
v 0.02188245 -0.04361785 -0.02405133
v 0.02127576 -0.04361785 -0.02443512
v 0.02460169 -0.04365171 -0.02432739
v 0.02514896 -0.04361785 -0.02478638
v 0.02512296 -0.04365171 -0.02480805
v 0.02550201 -0.04365171 -0.02540729
v 0.02553275 -0.04361785 -0.02539313
v 0.02550201 -0.04365171 -0.02540729
v 0.02525671 -0.04365171 -0.02811237
v 0.02057141 -0.04365171 -0.02768744
v 0.02571307 -0.04365171 -0.02608423
v 0.02574643 -0.04361785 -0.02607843
v 0.02577548 -0.04361785 -0.02679572
v 0.02574176 -0.04365171 -0.02679266
v 0.02561786 -0.04361785 -0.02749609
v 0.02558609 -0.04365171 -0.02748444
v 0.02528436 -0.04361785 -0.02813184
v 0.02525671 -0.04365171 -0.02811237
v 0.02479767 -0.04361785 -0.02865961
v 0.02417682 -0.04365171 -0.02901263
v 0.02479767 -0.04361785 -0.02865961
v 0.02419101 -0.04361785 -0.02904340
v 0.02349991 -0.04365171 -0.02922376
v 0.02350568 -0.04361785 -0.02925708
v 0.02278833 -0.04361785 -0.02928613
v 0.02279138 -0.04365171 -0.02925244
v 0.02209967 -0.04365171 -0.02909674
v 0.02208798 -0.04361785 -0.02912854
v 0.02147177 -0.04365171 -0.02876740
v 0.02145227 -0.04361785 -0.02879504
v 0.02095050 -0.04365171 -0.02828668
v 0.02092450 -0.04361785 -0.02830835
v 0.02057141 -0.04365171 -0.02768744
v 0.02054068 -0.04361785 -0.02770166
v 0.02036035 -0.04365171 -0.02701056
v 0.02032700 -0.04361785 -0.02701630
v 0.02033167 -0.04365171 -0.02630206
v 0.02029794 -0.04361785 -0.02629901
v 0.02045557 -0.04361785 -0.02559863
v 0.02048734 -0.04365171 -0.02561029
v 0.02081671 -0.04365171 -0.02498242
v 0.02078906 -0.04361785 -0.02496289
v 0.02129743 -0.04365171 -0.02446112
v 0.02129743 -0.04365171 -0.02446112
v 0.02188245 -0.04361785 -0.02405133
v 0.02189667 -0.04365171 -0.02408203
v 0.02256778 -0.04361785 -0.02383765
v 0.02257358 -0.04365171 -0.02387097
v 0.02328510 -0.04361785 -0.02380859
v 0.02328204 -0.04365171 -0.02384229
v 0.02397379 -0.04365171 -0.02399799
v 0.02398547 -0.04361785 -0.02396619
v 0.02462119 -0.04361785 -0.02429968
v 0.02506772 -0.04361785 -0.02366626
v 0.02426453 -0.04365171 -0.02320703
v 0.02425284 -0.04361785 -0.02323877
v 0.02335816 -0.04365171 -0.02300305
v 0.02243564 -0.04361785 -0.02307398
v 0.02335510 -0.04361785 -0.02303674
v 0.02155716 -0.04361785 -0.02334790
v 0.02242987 -0.04365171 -0.02304065
v 0.02077948 -0.04361785 -0.02383991
v 0.02154294 -0.04365171 -0.02331720
v 0.02075781 -0.04365171 -0.02381390
v 0.02015564 -0.04361785 -0.02451636
v 0.02012796 -0.04365171 -0.02449689
v 0.01972812 -0.04361785 -0.02533124
v 0.01969635 -0.04365171 -0.02531958
v 0.01949240 -0.04365171 -0.02622595
v -0.01495740 -0.04365171 -0.03312244
v -0.01496127 -0.04361785 -0.03219714
v -0.01479105 -0.04365171 -0.03128778
v -0.01499499 -0.04365171 -0.03219409
v -0.01433179 -0.04361785 -0.03048456
v -0.01475928 -0.04361785 -0.03129944
v -0.01435944 -0.04365171 -0.03046503
v -0.01370792 -0.04361785 -0.02980805
v -0.01293039 -0.04361785 -0.02931616
v -0.01372958 -0.04365171 -0.02978204
v -0.01294458 -0.04365171 -0.02928540
v -0.01205188 -0.04361785 -0.02904218
v -0.01205765 -0.04365171 -0.02900885
v -0.01112936 -0.04365171 -0.02897125
v -0.01113242 -0.04361785 -0.02900494
v -0.01022299 -0.04365171 -0.02917517
v -0.01023462 -0.04361785 -0.02920697
v -0.00940024 -0.04365171 -0.02960675
v -0.00941977 -0.04361785 -0.02963440
v -0.01051364 -0.04365171 -0.02996613
v -0.01120230 -0.04361785 -0.02977680
v -0.01050195 -0.04361785 -0.02993439
v -0.00988574 -0.04365171 -0.03029553
v -0.00986624 -0.04361785 -0.03026788
v -0.00936447 -0.04365171 -0.03077625
v -0.00933847 -0.04361785 -0.03075458
v -0.00898538 -0.04365171 -0.03137549
v -0.00895465 -0.04361785 -0.03136127
v -0.00877433 -0.04365171 -0.03205237
v -0.00874097 -0.04361785 -0.03204663
v -0.00874564 -0.04365171 -0.03276086
v -0.00871192 -0.04361785 -0.03276391
v -0.00886954 -0.04361785 -0.03346429
v -0.00890131 -0.04365171 -0.03345264
v -0.00923069 -0.04365171 -0.03408050
v -0.00920304 -0.04361785 -0.03410004
v -0.00971140 -0.04365171 -0.03460174
v -0.01031058 -0.04365171 -0.03498083
v -0.00968973 -0.04361785 -0.03462775
v -0.01029639 -0.04361785 -0.03501153
v -0.01098749 -0.04365171 -0.03519189
v -0.01098172 -0.04361785 -0.03522528
v -0.01169601 -0.04365171 -0.03522058
v -0.01169907 -0.04361785 -0.03525433
v -0.01120535 -0.04365171 -0.02981049
v -0.00898538 -0.04365171 -0.03137549
v -0.00923069 -0.04365171 -0.03408050
v -0.01238773 -0.04365171 -0.03506494
v -0.01239941 -0.04361785 -0.03509668
v -0.01301562 -0.04365171 -0.03473553
v -0.01303513 -0.04361785 -0.03476318
v -0.01356290 -0.04361785 -0.03427649
v -0.01353693 -0.04365171 -0.03425482
v -0.01394672 -0.04361785 -0.03366986
v -0.01391598 -0.04365171 -0.03365564
v -0.01416040 -0.04361785 -0.03298450
v -0.01412704 -0.04365171 -0.03297870
v -0.01418945 -0.04361785 -0.03226715
v -0.01415573 -0.04365171 -0.03227020
v -0.01400006 -0.04365171 -0.03157849
v -0.01403183 -0.04361785 -0.03156677
v -0.01367068 -0.04365171 -0.03095056
v -0.01369833 -0.04361785 -0.03093109
v -0.01321164 -0.04361785 -0.03040332
v -0.01259079 -0.04365171 -0.03005023
v -0.01321164 -0.04361785 -0.03040332
v -0.01260498 -0.04361785 -0.03001953
v -0.01191388 -0.04365171 -0.02983917
v -0.01191965 -0.04361785 -0.02980585
v -0.01120535 -0.04365171 -0.02981049
v -0.00874320 -0.04361785 -0.03025830
v -0.00871720 -0.04365171 -0.03023663
v -0.00822055 -0.04365171 -0.03102173
v -0.00825125 -0.04361785 -0.03103595
v -0.00794397 -0.04365171 -0.03190863
v -0.00797733 -0.04361785 -0.03191443
v -0.00790637 -0.04365171 -0.03283697
v -0.00794010 -0.04361785 -0.03283392
v 0.05441391 -0.02145182 -0.06418336
v 0.06220877 -0.02145182 -0.05679035
v 0.05441391 -0.02145182 -0.06418336
v 0.05425946 -0.02135192 -0.06399812
v 0.05454654 -0.02161075 -0.06434247
v 0.06236063 -0.02161071 -0.05693121
v 0.05454654 -0.02161075 -0.06434247
v 0.05464831 -0.02181783 -0.06446454
v 0.04585043 -0.02161072 -0.07069575
v 0.06247714 -0.02181785 -0.05703932
v 0.05464831 -0.02181783 -0.06446454
v 0.04598947 -0.02205903 -0.07091408
v 0.04593579 -0.02181785 -0.07082985
v 0.05471228 -0.02205903 -0.06454127
v 0.06255038 -0.02205903 -0.05710724
v 0.05473410 -0.02231786 -0.06456746
v 0.05471228 -0.02205903 -0.06454127
v 0.05473410 -0.02231786 -0.06456746
v 0.06257562 -0.02231785 -0.05713014
v 0.05473410 -0.02231786 -0.06456746
v 0.04600741 -0.02298775 -0.07094307
v 0.04600741 -0.02231786 -0.07094307
v 0.05473410 -0.02298775 -0.06456746
v 0.06257562 -0.02231785 -0.05713014
v 0.06257562 -0.02298775 -0.05713014
v 0.06968866 -0.02231785 -0.04835101
v 0.06966059 -0.02205903 -0.04833172
v 0.06968866 -0.02231785 -0.04835101
v 0.07538538 -0.02231785 -0.03904786
v 0.06968866 -0.02298774 -0.04835101
v 0.07535517 -0.02205903 -0.03903211
v 0.07538538 -0.02231785 -0.03904786
v 0.06957892 -0.02181784 -0.04827418
v 0.07526676 -0.02181784 -0.03898554
v 0.07512616 -0.02161071 -0.03891150
v 0.06944904 -0.02161071 -0.04818263
v 0.06927976 -0.02145182 -0.04806323
v 0.06908261 -0.02135192 -0.04792426
v 0.07494290 -0.02145181 -0.03881495
v 0.07924051 -0.02135192 -0.02856160
v 0.07472953 -0.02135192 -0.03870252
v 0.07966133 -0.02161071 -0.02871625
v 0.06887134 -0.02131785 -0.04777485
v 0.07450064 -0.02131785 -0.03858180
v 0.07899771 -0.02131785 -0.02847212
v 0.08232941 -0.02135192 -0.01809889
v 0.07946692 -0.02145181 -0.02864478
v 0.08207701 -0.02131785 -0.01804187
v 0.08404087 -0.02135192 -0.00722956
v 0.08428107 -0.02145181 -0.00725135
v 0.08256470 -0.02145181 -0.01815198
v 0.08276673 -0.02161071 -0.01819758
v 0.07981050 -0.02181784 -0.02877107
v 0.08448735 -0.02161071 -0.00727002
v 0.08292176 -0.02181784 -0.01823254
v 0.08301924 -0.02205902 -0.01825452
v 0.07990425 -0.02205902 -0.02880554
v 0.08464563 -0.02181784 -0.00728437
v 0.08476068 -0.02161071 0.00378875
v 0.08501929 -0.02205902 0.00379937
v 0.08474512 -0.02205902 -0.00729340
v 0.08359825 -0.02161071 0.01469452
v 0.08491948 -0.02181784 0.00379528
v 0.08385328 -0.02205902 0.01473865
v 0.08112285 -0.02181784 0.02558685
v 0.08375483 -0.02181784 0.01472162
v 0.08121817 -0.02205902 0.02561676
v 0.08097120 -0.02161071 0.02553931
v 0.07719883 -0.02181784 0.03574713
v 0.08125074 -0.02231785 0.02562683
v 0.07732062 -0.02231785 0.03580304
v 0.07728952 -0.02205902 0.03578912
v 0.07732062 -0.02231785 0.03580304
v 0.08125074 -0.02298774 0.02562683
v 0.08125074 -0.02231785 0.02562683
v 0.08388688 -0.02298774 0.01474426
v 0.08388688 -0.02231785 0.01474426
v 0.07190300 -0.02231785 0.04571850
v 0.07732062 -0.02298774 0.03580304
v 0.07190300 -0.02231785 0.04571850
v 0.07187404 -0.02205903 0.04570056
v 0.06552739 -0.02231785 0.05444519
v 0.07190300 -0.02298774 0.04571850
v 0.06552739 -0.02231785 0.05444519
v 0.06550119 -0.02205903 0.05442340
v 0.05809004 -0.02231785 0.06228674
v 0.06552739 -0.02298775 0.05444519
v 0.04931097 -0.02231786 0.06939978
v 0.05809004 -0.02298775 0.06228674
v 0.05806717 -0.02205903 0.06226147
v 0.05809004 -0.02231785 0.06228674
v 0.04929166 -0.02205903 0.06937171
v 0.04931097 -0.02231786 0.06939978
v 0.05799922 -0.02181785 0.06218823
v 0.06542447 -0.02181785 0.05435937
v 0.06530240 -0.02161071 0.05425763
v 0.04914253 -0.02161072 0.06916010
v 0.05789114 -0.02161071 0.06207172
v 0.05775028 -0.02145182 0.06191986
v 0.06514332 -0.02145182 0.05412500
v 0.03987140 -0.02161072 0.07483722
v 0.04923410 -0.02181785 0.06929004
v 0.04902319 -0.02145182 0.06899085
v 0.05758624 -0.02135192 0.06174304
v 0.04888422 -0.02135192 0.06879370
v 0.03977488 -0.02145182 0.07465399
v 0.02952152 -0.02135192 0.07895160
v 0.03966245 -0.02135192 0.07444062
v 0.02967618 -0.02161072 0.07937239
v 0.02960471 -0.02145182 0.07917798
v 0.03994547 -0.02181785 0.07497785
v 0.02973099 -0.02181785 0.07952156
v 0.02976547 -0.02205903 0.07961536
v 0.03999204 -0.02205903 0.07506623
v 0.04000778 -0.02231786 0.07509644
v 0.02977704 -0.02231786 0.07964740
v 0.02977704 -0.02231786 0.07964740
v 0.04000778 -0.02298775 0.07509644
v 0.04000778 -0.02231786 0.07509644
v 0.04931097 -0.02298775 0.06939978
v 0.02977704 -0.02298775 0.07964740
v 0.03954173 -0.02131786 0.07421173
v 0.02943204 -0.02131786 0.07870880
v 0.04873480 -0.02131786 0.06858246
v 0.05740997 -0.02131785 0.06155359
v 0.06475928 -0.02131785 0.05380487
v 0.06495804 -0.02135192 0.05397058
v 0.07127753 -0.02135192 0.04532074
v 0.07105945 -0.02131785 0.04518146
v 0.07148099 -0.02145181 0.04545032
v 0.07165567 -0.02161071 0.04556152
v 0.07686658 -0.02145181 0.03559350
v 0.07705458 -0.02161071 0.03568042
v 0.07664769 -0.02135192 0.03549225
v 0.08077356 -0.02145181 0.02547730
v 0.08054343 -0.02135192 0.02540509
v 0.08339415 -0.02145181 0.01465918
v 0.08315651 -0.02135192 0.01461804
v 0.08455374 -0.02145181 0.00378027
v 0.08431276 -0.02135192 0.00377038
v 0.08405417 -0.02131785 0.00375970
v 0.08378314 -0.02131785 -0.00720618
v 0.08290152 -0.02131785 0.01457373
v 0.08029657 -0.02131785 0.02532752
v 0.07641298 -0.02131785 0.03538330
v 0.07178975 -0.02181784 0.04564691
v 0.01900180 -0.02131786 0.08178810
v 0.08505336 -0.02298774 0.00380072
v 0.08505336 -0.02231785 0.00380072
v 0.08388688 -0.02231785 0.01474426
v 0.08477906 -0.02298774 -0.00729645
v 0.08477906 -0.02231785 -0.00729645
v 0.08505336 -0.02231785 0.00380072
v 0.08305249 -0.02298774 -0.01826196
v 0.08305249 -0.02231785 -0.01826196
v 0.08305249 -0.02231785 -0.01826196
v 0.08477906 -0.02231785 -0.00729645
v 0.07993631 -0.02298774 -0.02881708
v 0.07993631 -0.02231785 -0.02881708
v 0.07993631 -0.02231785 -0.02881708
v 0.07538538 -0.02298774 -0.03904786
v 0.06184250 -0.02131785 -0.05645001
v 0.03609195 -0.02298775 -0.07636066
v 0.02591571 -0.02298775 -0.08029078
v 0.03609195 -0.02231786 -0.07636066
v 0.03609195 -0.02231786 -0.07636066
v 0.02590567 -0.02205903 -0.08025824
v 0.03607800 -0.02205903 -0.07632960
v 0.04600741 -0.02231786 -0.07094307
v 0.02587576 -0.02181785 -0.08016292
v 0.03603607 -0.02181785 -0.07623890
v 0.01501053 -0.02181785 -0.08279493
v 0.01502756 -0.02205903 -0.08289338
v 0.00408419 -0.02181785 -0.08395955
v 0.00408828 -0.02205903 -0.08405939
v 0.01503317 -0.02231786 -0.08292695
v 0.02591571 -0.02231786 -0.08029078
v 0.00408963 -0.02298775 -0.08409340
v 0.01503317 -0.02231786 -0.08292695
v 0.01503317 -0.02298775 -0.08292695
v 0.02591571 -0.02231786 -0.08029078
v -0.00148725 -0.02298775 -0.08413813
v -0.00700757 -0.02231786 -0.08381916
v 0.00408963 -0.02231786 -0.08409340
v -0.01797305 -0.02298775 -0.08209253
v -0.00700757 -0.02298775 -0.08381916
v -0.01797305 -0.02231786 -0.08209253
v -0.00700449 -0.02205903 -0.08378522
v -0.00700757 -0.02231786 -0.08381916
v 0.00408963 -0.02231786 -0.08409340
v -0.01794360 -0.02181785 -0.08196186
v -0.00699546 -0.02181785 -0.08368567
v -0.02852821 -0.02298775 -0.07897638
v -0.01797305 -0.02231786 -0.08209253
v -0.03875895 -0.02298775 -0.07442542
v -0.02852821 -0.02231786 -0.07897638
v -0.03875895 -0.02231786 -0.07442542
v -0.00153724 -0.02298775 -0.08613746
v 0.00417163 -0.01811785 -0.08609175
v 0.01537421 -0.02298775 -0.08489766
v 0.01537421 -0.01811785 -0.08489766
v 0.02651434 -0.02298775 -0.08219910
v 0.00417239 -0.01798847 -0.08610878
v -0.02818321 -0.02131786 -0.07803778
v -0.03829289 -0.02131786 -0.07354071
v -0.04748596 -0.02131786 -0.06791144
v -0.04763537 -0.02135192 -0.06812268
v -0.04777436 -0.02145182 -0.06831983
v -0.05633740 -0.02135192 -0.06107202
v -0.05650144 -0.02145182 -0.06124884
v -0.05616114 -0.02131786 -0.06088257
v -0.05664231 -0.02161072 -0.06140069
v -0.06405356 -0.02161072 -0.05358661
v -0.06389448 -0.02145182 -0.05345398
v -0.07023215 -0.02145182 -0.04477930
v -0.06370921 -0.02135192 -0.05329956
v -0.06351045 -0.02131786 -0.05313385
v -0.08263805 -0.02298775 -0.01407324
v -0.08000188 -0.02231786 -0.02495581
v -0.08380452 -0.02298775 -0.00312970
v -0.08263805 -0.02231786 -0.01407324
v -0.08353022 -0.02298775 0.00796747
v -0.08380452 -0.02231786 -0.00312970
v -0.08263805 -0.02231786 -0.01407324
v -0.08377045 -0.02205903 -0.00312835
v -0.08260444 -0.02205903 -0.01406763
v -0.08380452 -0.02231786 -0.00312970
v -0.08349628 -0.02205903 0.00796442
v -0.08353022 -0.02231786 0.00796747
v -0.08353022 -0.02231786 0.00796747
v -0.08339679 -0.02181785 0.00795539
v -0.08351184 -0.02161072 -0.00311773
v -0.08367064 -0.02181785 -0.00312426
v -0.08234941 -0.02161072 -0.01402350
v -0.08250600 -0.02181785 -0.01405060
v -0.08000188 -0.02231786 -0.02495581
v -0.05348526 -0.02298775 0.06523848
v -0.06132678 -0.02231786 0.05780116
v -0.05348526 -0.02231786 0.06523848
v -0.04475857 -0.02298775 0.07161409
v -0.04475857 -0.02231786 0.07161409
v -0.03484311 -0.02298775 0.07703168
v -0.03484311 -0.02231786 0.07703168
v -0.04475857 -0.02231786 0.07161409
v -0.02466687 -0.02298775 0.08096180
v -0.02466687 -0.02231786 0.08096180
v -0.03484311 -0.02231786 0.07703168
v -0.01378433 -0.02298775 0.08359797
v -0.02466687 -0.02231786 0.08096180
v -0.00283536 -0.02181785 0.08463057
v 0.07401181 -0.01761785 0.04706122
v 0.07958973 -0.01761785 0.03685235
v 0.08363611 -0.01761785 0.02637506
v 0.07550496 -0.01761785 0.06276355
v 0.06726964 -0.01768218 0.07217652
v 0.07589409 -0.01768217 0.06308252
v 0.06692708 -0.01761785 0.07180792
v 0.05708869 -0.01768218 0.08042603
v 0.07625571 -0.01787101 0.06338397
v 0.06758945 -0.01787101 0.07252198
v 0.05735959 -0.01787101 0.08081110
v 0.07625571 -0.01787101 0.06338397
v 0.07092737 -0.02133640 0.07611945
v 0.08002518 -0.02133640 0.06652631
v 0.06758945 -0.01787101 0.07252198
v 0.06018769 -0.02133640 0.08482172
v 0.05735959 -0.01787101 0.08081110
v 0.04880652 -0.02133640 0.09179145
v 0.04629968 -0.01768218 0.08703314
v 0.04651896 -0.01787101 0.08744977
v 0.04651896 -0.01787101 0.08744977
v 0.03629078 -0.02133640 0.09735932
v 0.03443509 -0.01768218 0.09231128
v 0.03459733 -0.01787102 0.09275325
v 0.03459733 -0.01787102 0.09275325
v 0.02337790 -0.02133640 0.10117190
v 0.02219409 -0.01768218 0.09592554
v 0.02229764 -0.01787102 0.09638483
v 0.03426130 -0.01761785 0.09183911
v 0.04606500 -0.01761785 0.08658808
v 0.02208325 -0.01761785 0.09543476
v 0.00947721 -0.01768218 0.09792823
v 0.00951972 -0.01787102 0.09839711
v -0.00337176 -0.01761785 0.09774385
v 0.00943174 -0.01761785 0.09742714
v -0.01599802 -0.01761785 0.09639821
v -0.00339245 -0.01768218 0.09824659
v -0.00341168 -0.01787102 0.09871698
v -0.01616409 -0.01787102 0.09735792
v -0.01608405 -0.01768218 0.09689399
v -0.02855396 -0.01761785 0.09335689
v -0.02884543 -0.01787102 0.09428621
v -0.02870471 -0.01768218 0.09383693
v -0.01616409 -0.01787102 0.09735792
v -0.00361291 -0.02133640 0.10362031
v -0.00341168 -0.01787102 0.09871698
v -0.02884543 -0.01787102 0.09428621
v -0.01700107 -0.02133640 0.10219350
v -0.04070373 -0.01787102 0.08970656
v -0.03031439 -0.02133640 0.09896863
v -0.04070373 -0.01787102 0.08970656
v -0.04050653 -0.01768218 0.08927907
v -0.05225815 -0.01787102 0.08339351
v -0.04276398 -0.02133640 0.09416066
v -0.05225815 -0.01787102 0.08339351
v -0.05200571 -0.01768218 0.08299617
v -0.04029492 -0.01761785 0.08882258
v -0.05173508 -0.01761785 0.08257197
v -0.06180359 -0.01761785 0.07521608
v -0.06242724 -0.01787102 0.07596412
v -0.06212579 -0.01768218 0.07560248
v -0.06180359 -0.01761785 0.07521608
v -0.07121915 -0.01768217 0.06697786
v -0.06212579 -0.01768218 0.07560248
v -0.06242724 -0.01787102 0.07596412
v -0.07156467 -0.01787102 0.06729774
v -0.07085062 -0.01761785 0.06663539
v -0.07946808 -0.01768217 0.05679693
v -0.07985317 -0.01787102 0.05706782
v -0.07156467 -0.01787102 0.06729774
v -0.08386391 -0.02133640 0.05989582
v -0.07516225 -0.02133640 0.07063550
v -0.06242724 -0.01787102 0.07596412
v -0.06556980 -0.02133643 0.07973347
v -0.07985317 -0.01787102 0.05706782
v -0.09083307 -0.02133640 0.04851465
v -0.08607466 -0.01768217 0.04600794
v -0.08649129 -0.01787102 0.04622724
v -0.08718759 -0.02575861 0.06223884
v -0.07814362 -0.02575861 0.07340101
v -0.09712297 -0.03093881 0.05182813
v -0.08967450 -0.03093881 0.06399201
v -0.08037439 -0.03093881 0.07547029
v -0.06817380 -0.02575863 0.08285689
v -0.07012220 -0.03093874 0.08519398
v -0.06556980 -0.02133643 0.07973347
v -0.05707831 -0.02575861 0.09096315
v -0.05489426 -0.02133640 0.08753290
v -0.07012220 -0.03093874 0.08519398
v -0.06817380 -0.02575863 0.08285689
v -0.04447082 -0.02575861 0.09785164
v -0.04574795 -0.03093880 0.10061330
v -0.03153149 -0.02575861 0.10284881
v -0.03244217 -0.03093880 0.10575201
v -0.05972333 -0.03664408 0.09511744
v -0.04653796 -0.03664408 0.10232171
v -0.03300549 -0.03664408 0.10754790
v -0.01769446 -0.02575861 0.10620051
v -0.01821326 -0.03093880 0.10919871
v -0.01853418 -0.03664408 0.11105321
v -0.00398147 -0.03664408 0.11260421
v -0.00390432 -0.03093880 0.11072361
v -0.00377960 -0.02575861 0.10768341
v 0.01060532 -0.03093880 0.11036471
v 0.01033044 -0.02575861 0.10733440
v 0.00996308 -0.02133640 0.10328450
v 0.00951972 -0.01787102 0.09839711
v 0.02229764 -0.01787102 0.09638483
v 0.02427302 -0.02575861 0.10513871
v 0.03769386 -0.02575861 0.10117620
v 0.03874369 -0.03093880 0.10403200
v 0.02494276 -0.03093880 0.10810691
v 0.03939308 -0.03664408 0.10579860
v 0.01077537 -0.03664408 0.11223910
v 0.02535704 -0.03664408 0.10994281
v 0.03961259 -0.04261785 0.10639650
v 0.02549714 -0.04261785 0.11056421
v 0.01083290 -0.04261785 0.11287350
v 0.03961259 -0.04261785 0.10639650
v 0.02535704 -0.04859164 0.10994281
v 0.03939308 -0.04859163 0.10579860
v 0.02549714 -0.04261785 0.11056421
v 0.01077537 -0.04859164 0.11223910
v 0.02494276 -0.05429690 0.10810691
v 0.03874369 -0.05429690 0.10403200
v 0.02427302 -0.05947710 0.10513871
v 0.03769386 -0.05947710 0.10117620
v 0.01033045 -0.05947710 0.10733440
v 0.03629078 -0.06389932 0.09735932
v 0.02337791 -0.06389932 0.10117190
v 0.01060533 -0.05429690 0.11036471
v -0.00377960 -0.05947710 0.10768341
v 0.00996308 -0.06389932 0.10328450
v -0.01821326 -0.05429690 0.10919871
v -0.00390432 -0.05429690 0.11072361
v -0.01700107 -0.06389932 0.10219350
v -0.00361291 -0.06389932 0.10362031
v -0.03244217 -0.05429690 0.10575201
v -0.01769446 -0.05947710 0.10620051
v -0.03153149 -0.05947710 0.10284881
v -0.04447082 -0.05947710 0.09785164
v -0.04276398 -0.06389932 0.09416066
v -0.03031439 -0.06389932 0.09896863
v -0.01617233 -0.06736468 0.09735651
v -0.02885346 -0.06736468 0.09428364
v -0.02884543 -0.06736468 0.09428621
v -0.02871268 -0.06755352 0.09383442
v -0.01609226 -0.06755352 0.09689252
v -0.04070373 -0.06736468 0.08970656
v -0.04051407 -0.06755352 0.08927559
v -0.04071130 -0.06736468 0.08970308
v -0.05489426 -0.06389932 0.08753290
v -0.05225815 -0.06736468 0.08339351
v -0.05201272 -0.06755352 0.08299164
v -0.05226523 -0.06736468 0.08338898
v -0.05225815 -0.06736468 0.08339351
v -0.06556980 -0.06389928 0.07973347
v -0.05707831 -0.05947710 0.09096315
v -0.06817380 -0.05947709 0.08285689
v -0.07012220 -0.05429697 0.08519398
v -0.05871249 -0.05429690 0.09352980
v -0.04574795 -0.05429690 0.10061330
v -0.05972333 -0.04859164 0.09511744
v -0.04653796 -0.04859164 0.10232171
v -0.07132743 -0.04859170 0.08663959
v -0.03300549 -0.04859164 0.10754790
v -0.04680481 -0.04261785 0.10290001
v -0.03319595 -0.04261785 0.10815561
v -0.06006494 -0.04261785 0.09565498
v -0.04680481 -0.04261785 0.10290001
v -0.06006494 -0.04261785 0.09565498
v -0.07173529 -0.04261785 0.08712880
v -0.07173529 -0.04261785 0.08712880
v -0.07132743 -0.03664402 0.08663959
v -0.07173529 -0.04261785 0.08712880
v -0.08175453 -0.04859164 0.07675001
v -0.07132743 -0.04859170 0.08663959
v -0.07173529 -0.04261785 0.08712880
v -0.08175428 -0.03664408 0.07675026
v -0.08222171 -0.04261785 0.07718287
v -0.07132743 -0.03664402 0.08663959
v -0.05871249 -0.03093880 0.09352980
v -0.09121282 -0.03664408 0.06507643
v -0.09173369 -0.04261785 0.06544294
v -0.09878816 -0.03664408 0.05270539
v -0.09173416 -0.04261785 0.06544233
v -0.09173369 -0.04261785 0.06544294
v -0.09173416 -0.04261785 0.06544233
v -0.09121327 -0.04859164 0.06507576
v -0.09935176 -0.04261785 0.05300202
v -0.09878873 -0.04859164 0.05270429
v -0.08967496 -0.05429690 0.06399134
v -0.08037465 -0.05429690 0.07547004
v -0.09712351 -0.05429690 0.05182710
v -0.08718804 -0.05947710 0.06223823
v -0.07814386 -0.05947710 0.07340076
v -0.09443146 -0.05947710 0.05040901
v -0.08386434 -0.06389932 0.05989521
v -0.07516248 -0.06389932 0.07063527
v -0.09083359 -0.06389932 0.04851374
v -0.07984876 -0.06736468 0.05707411
v -0.08648786 -0.06736468 0.04623377
v -0.09179189 -0.06736469 0.03431233
v -0.09640090 -0.06389932 0.03599775
v -0.10021780 -0.05947710 0.03740064
v -0.10021300 -0.06389932 0.02308473
v -0.09542398 -0.06736469 0.02201282
v -0.09179477 -0.06736469 0.03430451
v -0.09496469 -0.06755355 0.02190925
v -0.09134990 -0.06755355 0.03415009
v -0.08649178 -0.06736468 0.04622632
v -0.08607123 -0.06755355 0.04601441
v -0.09087778 -0.06761786 0.03397627
v -0.09447393 -0.06761786 0.02179841
v -0.08562621 -0.06761785 0.04577979
v -0.07084519 -0.06761785 0.06664125
v -0.06315967 -0.06761785 0.05950129
v -0.05508615 -0.06761785 0.06715864
v -0.07905277 -0.06761785 0.05651288
v -0.07084519 -0.06761785 0.06664125
v -0.07946369 -0.06755355 0.05680317
v -0.07985356 -0.06736468 0.05706727
v -0.07156488 -0.06736468 0.06729750
v -0.07121369 -0.06755355 0.06698372
v -0.07155918 -0.06736468 0.06730366
v -0.06556980 -0.06389928 0.07973347
v -0.06242724 -0.06736468 0.07596412
v -0.06212579 -0.06755352 0.07560248
v -0.06242724 -0.06736468 0.07596412
v -0.05226523 -0.06736468 0.08338898
v -0.06180359 -0.06761785 0.07521608
v -0.06212579 -0.06755352 0.07560248
v -0.06180359 -0.06761785 0.07521608
v -0.05174209 -0.06761785 0.08256752
v -0.04030243 -0.06761785 0.08881910
v -0.02856189 -0.06761785 0.09335438
v -0.01600617 -0.06761785 0.09639679
v -0.00340078 -0.06755352 0.09824623
v -0.01616408 -0.06736468 0.09735792
v -0.00338006 -0.06761785 0.09774347
v 0.00946891 -0.06755352 0.09792897
v -0.00341168 -0.06736468 0.09871698
v -0.00342007 -0.06736468 0.09871663
v 0.00951142 -0.06736468 0.09839783
v 0.00951972 -0.06736468 0.09839711
v 0.02218595 -0.06755352 0.09592743
v 0.02228947 -0.06736468 0.09638666
v 0.02229765 -0.06736468 0.09638483
v 0.03442732 -0.06755352 0.09231415
v 0.03425352 -0.06761785 0.09184198
v 0.02207514 -0.06761785 0.09543660
v 0.00942350 -0.06761785 0.09742786
v 0.03459733 -0.06736468 0.09275325
v 0.04629228 -0.06755352 0.08703705
v 0.04605766 -0.06761785 0.08659192
v 0.05679167 -0.06761785 0.08001984
v 0.06692100 -0.06761785 0.07181360
v 0.05708192 -0.06755352 0.08043085
v 0.05735960 -0.06736468 0.08081110
v 0.06726350 -0.06755352 0.07218219
v 0.04651896 -0.06736468 0.08744977
v 0.05735276 -0.06736468 0.08081592
v 0.06018769 -0.06389932 0.08482172
v 0.04880653 -0.06389932 0.09179145
v 0.06758330 -0.06736468 0.07252765
v 0.07092738 -0.06389932 0.07611945
v 0.06758945 -0.06736468 0.07252198
v 0.07588878 -0.06755352 0.06308893
v 0.07625035 -0.06736468 0.06339038
v 0.08002518 -0.06389932 0.06652631
v 0.07625571 -0.06736468 0.06338397
v 0.08328281 -0.06755352 0.05296912
v 0.07550230 -0.06761785 0.06276672
v 0.07550496 -0.06761785 0.06276355
v 0.05633499 -0.06761785 -0.06648762
v 0.04735010 -0.06761785 -0.07305189
v 0.05298392 -0.06761785 -0.08190095
v 0.08285866 -0.06761785 0.05269849
v 0.08956624 -0.06755352 0.04147021
v 0.08910975 -0.06761785 0.04125860
v 0.09412459 -0.06755352 0.02966864
v 0.08368471 -0.06736468 0.05321454
v 0.08999724 -0.06736468 0.04165985
v 0.08999373 -0.06736468 0.04166742
v 0.09445140 -0.06389932 0.04371991
v 0.08782417 -0.06389932 0.05585046
v 0.09457383 -0.06736468 0.02980939
v 0.09925889 -0.06389932 0.03127014
v 0.09457634 -0.06736468 0.02980139
v 0.09718217 -0.06755352 0.01704810
v 0.09764609 -0.06736468 0.01712811
v 0.10248321 -0.06389932 0.01795667
v 0.09764753 -0.06736468 0.01711993
v 0.09853531 -0.06755352 0.00435656
v 0.09668644 -0.06761785 0.01696204
v 0.09364454 -0.06761785 0.02951782
v 0.09900606 -0.06736468 0.00436743
v 0.09821750 -0.06755352 -0.00851313
v 0.09803257 -0.06761785 0.00433581
v 0.09868561 -0.06736468 -0.00856397
v 0.09621541 -0.06755352 -0.02123011
v 0.09572458 -0.06761785 -0.02111927
v 0.09771641 -0.06761785 -0.00846772
v 0.09212947 -0.06761785 -0.03329749
v 0.08687891 -0.06761785 -0.04510139
v 0.09260167 -0.06755352 -0.03347125
v 0.09667283 -0.06736468 -0.02134181
v 0.09304075 -0.06736468 -0.03364131
v 0.08732402 -0.06755352 -0.04533607
v 0.09304361 -0.06736468 -0.03363349
v 0.09764670 -0.06389932 -0.03533497
v 0.10145990 -0.06389932 -0.02242231
v 0.08774060 -0.06736468 -0.04555531
v 0.09207831 -0.06389932 -0.04785047
v 0.08773671 -0.06736468 -0.04556275
v 0.08071735 -0.06755352 -0.05612538
v 0.08110242 -0.06736468 -0.05639625
v 0.08510813 -0.06389932 -0.05923133
v 0.09567604 -0.05947710 -0.04974610
v 0.08843161 -0.05947710 -0.06157465
v 0.10146351 -0.05947710 -0.03673823
v 0.09091841 -0.05429690 -0.06332801
v 0.09836795 -0.05429690 -0.05116444
v 0.10431930 -0.05429690 -0.03778816
v 0.10542660 -0.05947710 -0.02331758
v 0.10839470 -0.05429690 -0.02398744
v 0.10762291 -0.05947710 -0.00937507
v 0.09667466 -0.06736468 -0.02133363
v 0.10357300 -0.06389932 -0.00900751
v 0.10390941 -0.06389932 0.00456842
v 0.09868638 -0.06736468 -0.00855567
v 0.09900571 -0.06736468 0.00437579
v 0.10797251 -0.05947710 0.00473498
v 0.11101271 -0.05429690 0.00485955
v 0.11065320 -0.05429690 -0.00965009
v 0.10948841 -0.05429690 0.01916858
v 0.11134301 -0.04859163 0.01948938
v 0.11289331 -0.04859163 0.00493664
v 0.11252761 -0.04859163 -0.00982020
v 0.10313901 -0.05947710 0.03248706
v 0.10649020 -0.05947710 0.01864990
v 0.10783821 -0.04859163 0.03396088
v 0.11197060 -0.04261785 0.01959772
v 0.11352961 -0.04261785 0.00496264
v 0.10844601 -0.04261785 0.03415124
v 0.11197060 -0.04261785 0.01959772
v 0.11289331 -0.03664407 0.00493664
v 0.11134301 -0.03664407 0.01948938
v 0.10844601 -0.04261785 0.03415124
v 0.10783821 -0.03664408 0.03396088
v 0.11101271 -0.03093880 0.00485955
v 0.10948841 -0.03093880 0.01916858
v 0.10319091 -0.04261785 0.04776037
v 0.10261261 -0.03664408 0.04749353
v 0.10604240 -0.03093880 0.03339764
v 0.10090420 -0.03093880 0.04670361
v 0.09540892 -0.03664408 0.06067920
v 0.09594648 -0.04261785 0.06102081
v 0.09594648 -0.04261785 0.06102081
v 0.10261261 -0.04859163 0.04749353
v 0.10319091 -0.04261785 0.04776037
v 0.08742078 -0.04261785 0.07269153
v 0.08693156 -0.03664408 0.07228369
v 0.08742078 -0.04261785 0.07269153
v 0.09540892 -0.04859163 0.06067920
v 0.10090421 -0.05429690 0.04670361
v 0.08693156 -0.04859163 0.07228369
v 0.09382124 -0.05429690 0.05966846
v 0.09814244 -0.05947710 0.04542663
v 0.08314872 -0.05947710 0.06913019
v 0.09125452 -0.05947710 0.05803436
v 0.08548588 -0.05429690 0.07107855
v 0.07369304 -0.05947710 0.07910071
v 0.06428410 -0.05429690 0.09063220
v 0.07576240 -0.05429690 0.08133136
v 0.06253086 -0.05947710 0.08814533
v 0.07704243 -0.04859163 0.08271118
v 0.06536860 -0.04859163 0.09217047
v 0.05070194 -0.05947710 0.09538922
v 0.05299745 -0.04859163 0.09974640
v 0.07747520 -0.04261785 0.08317853
v 0.06573515 -0.04261785 0.09269135
v 0.07747520 -0.04261785 0.08317853
v 0.06536860 -0.03664408 0.09217047
v 0.06573515 -0.04261785 0.09269135
v 0.05299745 -0.03664408 0.09974640
v 0.05329417 -0.04261785 0.10031000
v 0.05329417 -0.04261785 0.10031000
v 0.06428409 -0.03093880 0.09063220
v 0.05212018 -0.03093880 0.09808124
v 0.05070194 -0.02575861 0.09538922
v 0.06253086 -0.02575861 0.08814533
v 0.07369304 -0.02575861 0.07910071
v 0.07576240 -0.03093880 0.08133136
v 0.07704243 -0.03664408 0.08271118
v 0.08548588 -0.03093880 0.07107855
v 0.08314872 -0.02575861 0.06913019
v 0.09382123 -0.03093880 0.05966846
v 0.09125452 -0.02575860 0.05803436
v 0.08782416 -0.02133639 0.05585046
v 0.09814244 -0.02575860 0.04542663
v 0.09445140 -0.02133639 0.04371991
v 0.08368471 -0.01787101 0.05321454
v 0.08999724 -0.01787101 0.04165985
v 0.09925889 -0.02133639 0.03127014
v 0.09457634 -0.01787101 0.02980139
v 0.10313901 -0.02575860 0.03248706
v 0.08368471 -0.01787101 0.05321454
v 0.08956971 -0.01768217 0.04146271
v 0.08328731 -0.01768217 0.05296210
v 0.08999724 -0.01787101 0.04165985
v 0.09412709 -0.01768217 0.02966065
v 0.10248320 -0.02133639 0.01795667
v 0.09764753 -0.01787101 0.01711993
v 0.09457634 -0.01787101 0.02980139
v 0.09718361 -0.01768217 0.01703986
v 0.09364705 -0.01761784 0.02950989
v 0.09668785 -0.01761784 0.01695386
v 0.08911319 -0.01761784 0.04125110
v 0.09853566 -0.01768217 0.00434820
v 0.09803290 -0.01761784 0.00432751
v 0.09821677 -0.01768217 -0.00852143
v 0.09771567 -0.01761784 -0.00847596
v 0.09900605 -0.01787101 0.00436743
v 0.09764753 -0.01787101 0.01711993
v 0.10390941 -0.02133639 0.00456842
v 0.09900605 -0.01787101 0.00436743
v 0.10357300 -0.02133639 -0.00900751
v 0.09868561 -0.01787101 -0.00856397
v 0.09667282 -0.01787101 -0.02134181
v 0.10145990 -0.02133639 -0.02242231
v 0.09667282 -0.01787101 -0.02134181
v 0.09868561 -0.01787101 -0.00856397
v 0.09304074 -0.01787101 -0.03364131
v 0.09764670 -0.02133639 -0.03533497
v 0.09304074 -0.01787101 -0.03364131
v 0.09621356 -0.01768217 -0.02123823
v 0.09572275 -0.01761784 -0.02112739
v 0.09212662 -0.01761784 -0.03330525
v 0.09259880 -0.01768217 -0.03347907
v 0.08687503 -0.01761785 -0.04510877
v 0.08732010 -0.01768217 -0.04534345
v 0.08773670 -0.01787101 -0.04556275
v 0.08109760 -0.01787101 -0.05640307
v 0.08030161 -0.01761785 -0.05584187
v 0.08071256 -0.01768217 -0.05613215
v 0.07280802 -0.01787101 -0.06663264
v 0.07209403 -0.01761785 -0.06597023
v 0.07246256 -0.01768217 -0.06631276
v 0.06305243 -0.01761785 -0.07454506
v 0.06337463 -0.01768218 -0.07493146
v 0.06367609 -0.01787101 -0.07529310
v 0.06305243 -0.01761785 -0.07454506
v 0.05325479 -0.01768217 -0.08232490
v 0.05298419 -0.01761785 -0.08190076
v 0.06367609 -0.01787101 -0.07529310
v 0.06337463 -0.01768218 -0.07493146
v 0.06367609 -0.01787101 -0.07529310
v 0.07640534 -0.02133640 -0.06997065
v 0.06681864 -0.02133642 -0.07906245
v 0.06367609 -0.01787101 -0.07529310
v 0.05614337 -0.02133640 -0.08686171
v 0.05350726 -0.01787101 -0.08272230
v 0.05350726 -0.01787101 -0.08272230
v 0.04175598 -0.01768217 -0.08860768
v 0.04401349 -0.02133640 -0.09348933
v 0.04195318 -0.01787102 -0.08903522
v 0.03156427 -0.02133640 -0.09829731
v 0.03009528 -0.01787102 -0.09361481
v 0.04195318 -0.01787102 -0.08903522
v 0.02995453 -0.01768217 -0.09316553
v 0.03278143 -0.02575861 -0.10217740
v 0.04572037 -0.02575861 -0.09718030
v 0.03369214 -0.03093880 -0.10508060
v 0.05996164 -0.03093880 -0.09285859
v 0.04699750 -0.03093880 -0.09994202
v 0.06681864 -0.02133642 -0.07906245
v 0.05832745 -0.02575861 -0.09029194
v 0.07137104 -0.03093874 -0.08452296
v 0.06942264 -0.02575863 -0.08218586
v 0.07938648 -0.02575861 -0.07273646
v 0.06942264 -0.02575863 -0.08218586
v 0.08161707 -0.03093880 -0.07480592
v 0.07137104 -0.03093874 -0.08452296
v 0.09091840 -0.03093880 -0.06332801
v 0.08843161 -0.02575860 -0.06157465
v 0.07280802 -0.01787101 -0.06663264
v 0.08510813 -0.02133639 -0.05923133
v 0.08109760 -0.01787101 -0.05640307
v 0.09207831 -0.02133639 -0.04785047
v 0.09567603 -0.02575860 -0.04974610
v 0.08773670 -0.01787101 -0.04556275
v 0.10146350 -0.02575860 -0.03673823
v 0.10542660 -0.02575860 -0.02331758
v 0.09836795 -0.03093880 -0.05116444
v 0.10431930 -0.03093880 -0.03778816
v 0.11023070 -0.03664407 -0.02440181
v 0.10608580 -0.03664408 -0.03843762
v 0.10003310 -0.03664408 -0.05204176
v 0.10762291 -0.02575860 -0.00937507
v 0.10839470 -0.03093880 -0.02398744
v 0.11065320 -0.03093880 -0.00965009
v 0.11252761 -0.03664407 -0.00982020
v 0.10797251 -0.02575860 0.00473498
v 0.10649020 -0.02575860 0.01864990
v 0.11085200 -0.04261785 -0.02454194
v 0.11316191 -0.04261785 -0.00987775
v 0.11352961 -0.04261785 0.00496264
v 0.11085200 -0.04261785 -0.02454194
v 0.11023070 -0.04859163 -0.02440181
v 0.11316191 -0.04261785 -0.00987775
v 0.10668370 -0.04261785 -0.03865717
v 0.10608580 -0.04859163 -0.03843762
v 0.10059671 -0.04261785 -0.05233851
v 0.10003310 -0.04859163 -0.05204176
v 0.10668370 -0.04261785 -0.03865717
v 0.10059671 -0.04261785 -0.05233851
v 0.09297748 -0.04261785 -0.06477913
v 0.09297748 -0.04261785 -0.06477913
v 0.09245664 -0.04859163 -0.06441254
v 0.08346414 -0.04261785 -0.07651881
v 0.08299686 -0.04859163 -0.07608601
v 0.08346414 -0.04261785 -0.07651881
v 0.09245664 -0.03664408 -0.06441254
v 0.08299686 -0.03664408 -0.07608601
v 0.07257627 -0.03664402 -0.08596857
v 0.07298413 -0.04261785 -0.08645778
v 0.06132193 -0.04261785 -0.09497877
v 0.06131412 -0.04261785 -0.09498378
v 0.06097250 -0.03664408 -0.09444624
v 0.07257627 -0.03664402 -0.08596857
v 0.04806235 -0.04261785 -0.10222491
v 0.04778750 -0.03664408 -0.10165031
v 0.03445398 -0.04261785 -0.10748180
v 0.03425546 -0.03664408 -0.10687651
v 0.04805435 -0.04261785 -0.10222861
v 0.04779544 -0.04859163 -0.10164670
v 0.03426349 -0.04859164 -0.10687401
v 0.06131412 -0.04261785 -0.09498378
v 0.06098025 -0.04859163 -0.09444130
v 0.04700531 -0.05429690 -0.09993843
v 0.03370001 -0.05429690 -0.10507821
v 0.03444592 -0.04261785 -0.10748431
v 0.01979239 -0.04859164 -0.11038061
v 0.01947134 -0.05429690 -0.10852611
v 0.01895227 -0.05947710 -0.10552791
v 0.03278909 -0.05947710 -0.10217501
v 0.01825858 -0.06389932 -0.10152101
v 0.04572793 -0.05947710 -0.09717676
v 0.03157166 -0.06389932 -0.09829500
v 0.05833487 -0.05947710 -0.09028724
v 0.04402078 -0.06389932 -0.09348591
v 0.06681864 -0.06389928 -0.07906245
v 0.06942264 -0.05947709 -0.08218586
v 0.07137104 -0.05429697 -0.08452296
v 0.05996927 -0.05429690 -0.09285371
v 0.06942264 -0.05947709 -0.08218586
v 0.08161707 -0.05429690 -0.07480592
v 0.07938648 -0.05947710 -0.07273646
v 0.06681864 -0.06389928 -0.07906245
v 0.07640534 -0.06389932 -0.06997065
v 0.06367609 -0.06736468 -0.07529310
v 0.05615051 -0.06389932 -0.08685712
v 0.06367609 -0.06736468 -0.07529310
v 0.07280802 -0.06736468 -0.06663264
v 0.07281372 -0.06736468 -0.06662648
v 0.07280802 -0.06736468 -0.06663264
v 0.07281372 -0.06736468 -0.06662648
v 0.07246823 -0.06755352 -0.06630665
v 0.08109761 -0.06736468 -0.05640307
v 0.06305243 -0.06761785 -0.07454506
v 0.07209967 -0.06761785 -0.06596412
v 0.08030638 -0.06761785 -0.05583509
v 0.06305243 -0.06761785 -0.07454506
v 0.05325452 -0.06755355 -0.08232509
v 0.06337463 -0.06755352 -0.07493146
v 0.05298392 -0.06761785 -0.08190095
v 0.04175537 -0.06755355 -0.08860798
v 0.04154376 -0.06761785 -0.08815156
v 0.02995352 -0.06755355 -0.09316585
v 0.04196014 -0.06736468 -0.08903206
v 0.03010230 -0.06736468 -0.09361262
v 0.04195257 -0.06736468 -0.08903554
v 0.05350699 -0.06736468 -0.08272249
v 0.05351407 -0.06736468 -0.08271796
v 0.03009427 -0.06736468 -0.09361519
v 0.01742117 -0.06736468 -0.09668550
v 0.01733289 -0.06755355 -0.09622291
v 0.01741293 -0.06736468 -0.09668690
v 0.00487057 -0.06389932 -0.10294890
v 0.00466891 -0.06736468 -0.09804561
v 0.00464129 -0.06755355 -0.09757551
v 0.00466052 -0.06736468 -0.09804596
v -0.00870551 -0.06389932 -0.10261431
v -0.00907251 -0.05947710 -0.10666420
v 0.00503759 -0.05947710 -0.10701201
v -0.00934714 -0.05429690 -0.10969451
v 0.00516259 -0.05429690 -0.11005221
v -0.02301523 -0.05947710 -0.10446971
v -0.02368472 -0.05429690 -0.10743790
v -0.02212048 -0.06389932 -0.10050290
v -0.00951703 -0.04859164 -0.11156901
v -0.02409886 -0.04859164 -0.10927391
v 0.00523989 -0.04859164 -0.11193271
v -0.00958167 -0.04261785 -0.11220260
v 0.00525836 -0.04261785 -0.11256951
v -0.00957450 -0.04261785 -0.11220331
v -0.00952415 -0.03664408 -0.11156840
v 0.00523233 -0.03664408 -0.11193300
v -0.02423893 -0.04261785 -0.10989521
v -0.02410548 -0.03664408 -0.10927240
v -0.00935416 -0.03093880 -0.10969391
v -0.02369123 -0.03093880 -0.10743641
v 0.00515512 -0.03093880 -0.11005250
v -0.00907935 -0.02575861 -0.10666360
v -0.02302156 -0.02575861 -0.10446830
v 0.00503036 -0.02575861 -0.10701230
v 0.01946362 -0.03093880 -0.10852730
v 0.01894479 -0.02575861 -0.10552920
v 0.01978458 -0.03664408 -0.11038201
v 0.01825137 -0.02133640 -0.10152221
v 0.00486358 -0.02133640 -0.10294921
v 0.01741431 -0.01787102 -0.09668666
v 0.00466226 -0.01787102 -0.09804584
v 0.01741431 -0.01787102 -0.09668666
v 0.00464303 -0.01768217 -0.09757544
v 0.01733426 -0.01768217 -0.09622266
v 0.03009528 -0.01787102 -0.09361481
v 0.02980377 -0.01761785 -0.09268555
v 0.01724823 -0.01761785 -0.09572700
v 0.00462231 -0.01761785 -0.09707277
v 0.00466226 -0.01787102 -0.09804584
v -0.00822629 -0.01768217 -0.09725734
v -0.00818085 -0.01761785 -0.09675629
v -0.02083204 -0.01761785 -0.09476429
v -0.02094285 -0.01768217 -0.09525502
v -0.03300987 -0.01761785 -0.09116907
v -0.03318366 -0.01768217 -0.09164118
v -0.04481339 -0.01761785 -0.08591852
v -0.04504804 -0.01768217 -0.08636354
v -0.04526734 -0.01787102 -0.08678022
v -0.03334586 -0.01787102 -0.09208319
v -0.02104640 -0.01787102 -0.09571437
v -0.04526734 -0.01787102 -0.08678022
v -0.03503919 -0.02133640 -0.09668927
v -0.04755476 -0.02133640 -0.09112201
v -0.03334586 -0.01787102 -0.09208319
v -0.02212657 -0.02133640 -0.10050151
v -0.03644218 -0.02575861 -0.10050621
v -0.04945008 -0.02575861 -0.09471985
v -0.05086820 -0.03093880 -0.09741188
v -0.03749192 -0.03093880 -0.10336210
v -0.05174543 -0.03664408 -0.09907709
v -0.03814126 -0.03664408 -0.10512870
v -0.05203678 -0.04261785 -0.09964350
v -0.03835475 -0.04261785 -0.10572880
v -0.06303205 -0.03093881 -0.08996344
v -0.06411650 -0.03664408 -0.09150171
v -0.06447847 -0.04261785 -0.09202582
v -0.05204212 -0.04261785 -0.09964070
v -0.05174015 -0.04859164 -0.09907984
v -0.06411195 -0.04859164 -0.09150495
v -0.03836073 -0.04261785 -0.10572660
v -0.03813529 -0.04859164 -0.10513090
v -0.06302760 -0.05429690 -0.08996656
v -0.03748606 -0.05429690 -0.10336420
v -0.05086302 -0.05429690 -0.09741461
v -0.04944502 -0.05947710 -0.09472248
v -0.06127458 -0.05947710 -0.08747956
v -0.03643646 -0.05947710 -0.10050820
v -0.05893168 -0.06389932 -0.08415576
v -0.04754986 -0.06389932 -0.09112458
v -0.03334848 -0.06736468 -0.09208222
v -0.03503370 -0.06389932 -0.09669129
v -0.04527012 -0.06736468 -0.08677875
v -0.02104880 -0.06736468 -0.09571382
v -0.00827088 -0.06736468 -0.09772609
v -0.02104062 -0.06736468 -0.09571564
v -0.00822837 -0.06755355 -0.09725715
v -0.02094522 -0.06755355 -0.09525452
v -0.03334065 -0.06736468 -0.09208515
v -0.03318625 -0.06755355 -0.09164026
v -0.02083441 -0.06761785 -0.09476374
v -0.00818290 -0.06761785 -0.09675612
v -0.03301246 -0.06761785 -0.09116809
v 0.00462060 -0.06761785 -0.09707283
v 0.01724686 -0.06761785 -0.09572719
v 0.02980280 -0.06761785 -0.09268586
v -0.00826258 -0.06736468 -0.09772681
v -0.04481616 -0.06761785 -0.08591706
v -0.05554957 -0.06761785 -0.07934406
v -0.04505082 -0.06755355 -0.08636206
v -0.06567824 -0.06761785 -0.07113690
v -0.05583984 -0.06755355 -0.07975501
v -0.07425612 -0.06761785 -0.06209253
v -0.07464519 -0.06755355 -0.06241150
v -0.06602076 -0.06755355 -0.07150543
v -0.07425876 -0.06761785 -0.06208929
v -0.08203841 -0.06755355 -0.05229108
v -0.08161426 -0.06761785 -0.05202045
v -0.08832083 -0.06755355 -0.04079169
v -0.08786435 -0.06761786 -0.04058008
v -0.09287819 -0.06755355 -0.02898962
v -0.09239818 -0.06761786 -0.02883887
v -0.09593470 -0.06755355 -0.01636884
v -0.09332499 -0.06736469 -0.02913837
v -0.09639727 -0.06736469 -0.01645709
v -0.09332750 -0.06736469 -0.02913037
v -0.10123281 -0.06389932 -0.01729431
v -0.09800740 -0.06389932 -0.03060748
v -0.08874837 -0.06736469 -0.04098883
v -0.09319887 -0.06389932 -0.04305688
v -0.10523980 -0.05947710 -0.01798785
v -0.09688978 -0.05947710 -0.04476385
v -0.10188750 -0.05947710 -0.03182477
v -0.10823791 -0.05429690 -0.01850678
v -0.10479071 -0.05429690 -0.03273559
v -0.10658651 -0.04859164 -0.03329895
v -0.11009250 -0.04859164 -0.01882776
v -0.10135971 -0.04859164 -0.04683118
v -0.09415494 -0.04859164 -0.06001630
v -0.09965146 -0.05429690 -0.04604114
v -0.09000078 -0.05947710 -0.05737109
v -0.08567663 -0.04859164 -0.07162000
v -0.09256734 -0.05429690 -0.05900537
v -0.08189406 -0.05947710 -0.06846619
v -0.09469485 -0.04261785 -0.06035419
v -0.08616888 -0.04261785 -0.07202417
v -0.09469247 -0.04261785 -0.06035791
v -0.09415729 -0.03664408 -0.06001257
v -0.08567968 -0.03664408 -0.07161634
v -0.08616579 -0.04261785 -0.07202790
v -0.07579036 -0.03664408 -0.08204315
v -0.07622310 -0.04261785 -0.08251050
v -0.07578656 -0.04859164 -0.08204669
v -0.07621928 -0.04261785 -0.08251404
v -0.08423405 -0.03093881 -0.07041114
v -0.07451037 -0.03093881 -0.08066327
v -0.08189696 -0.02575861 -0.06846271
v -0.06127891 -0.02575861 -0.08747650
v -0.07244110 -0.02575861 -0.07843250
v -0.07877354 -0.02133640 -0.06585871
v -0.06967558 -0.02133640 -0.07545117
v -0.05893586 -0.02133640 -0.08415283
v -0.06633778 -0.01787102 -0.07185358
v -0.05610792 -0.01787102 -0.08014209
v -0.06633778 -0.01787102 -0.07185358
v -0.05583701 -0.01768217 -0.07975696
v -0.05610792 -0.01787102 -0.08014209
v -0.06567543 -0.01761785 -0.07113953
v -0.06601793 -0.01768217 -0.07150806
v -0.05554676 -0.01761785 -0.07934607
v -0.07425612 -0.01761785 -0.06209253
v -0.07464254 -0.01768217 -0.06241467
v -0.08203601 -0.01768217 -0.05229486
v -0.08161187 -0.01761785 -0.05202423
v -0.07500419 -0.01787102 -0.06271619
v -0.08831879 -0.01768217 -0.04079608
v -0.08786235 -0.01761785 -0.04058447
v -0.08243342 -0.01787102 -0.05254736
v -0.08243342 -0.01787102 -0.05254736
v -0.09320041 -0.02133640 -0.04305353
v -0.08874634 -0.01787102 -0.04099328
v -0.07500419 -0.01787102 -0.06271619
v -0.08657278 -0.02133640 -0.05518347
v -0.09000303 -0.02575861 -0.05736749
v -0.09689136 -0.02575861 -0.04476044
v -0.09965310 -0.03093881 -0.04603760
v -0.09256966 -0.03093881 -0.05900171
v -0.10136140 -0.03664408 -0.04682757
v -0.10479181 -0.03093881 -0.03273218
v -0.10188850 -0.02575861 -0.03182147
v -0.10658761 -0.03664408 -0.03329553
v -0.11009301 -0.03664408 -0.01882465
v -0.10823851 -0.03093881 -0.01850372
v -0.10524031 -0.02575861 -0.01798486
v -0.10672340 -0.02575861 -0.00407043
v -0.10976361 -0.03093881 -0.00419519
v -0.11164421 -0.03664408 -0.00427240
v -0.11228041 -0.04261785 -0.00430120
v -0.11072011 -0.04261785 -0.01893616
v -0.11072071 -0.04261785 -0.01893298
v -0.11164400 -0.04859164 -0.00427520
v -0.10719540 -0.04261785 -0.03348596
v -0.10719430 -0.04261785 -0.03348944
v -0.10193970 -0.04261785 -0.04709442
v -0.10193801 -0.04261785 -0.04709808
v -0.10976350 -0.05429690 -0.00419793
v -0.11228051 -0.04261785 -0.00429840
v -0.11127961 -0.04859164 0.01048170
v -0.10940520 -0.05429690 0.01031178
v -0.10637490 -0.05947710 0.01003700
v -0.10672330 -0.05947710 -0.00407312
v -0.10266021 -0.06389932 -0.00390625
v -0.10232500 -0.06389932 0.00966980
v -0.09775721 -0.06736469 -0.00369641
v -0.09639869 -0.06736469 -0.01644891
v -0.09775685 -0.06736469 -0.00370477
v -0.09728676 -0.06755355 -0.00367718
v -0.09743753 -0.06736469 0.00922669
v -0.09696788 -0.06755355 0.00919245
v -0.09743679 -0.06736469 0.00923499
v -0.09542581 -0.06736469 0.02200465
v -0.09678408 -0.06761786 -0.00365649
v -0.09646682 -0.06761786 0.00914698
v -0.09543901 -0.06761786 -0.01628284
v -0.10417980 -0.05947710 0.02397962
v -0.10714801 -0.05429690 0.02464923
v -0.10307370 -0.05429690 0.03845038
v -0.10898391 -0.04859164 0.02506349
v -0.10484030 -0.04859164 0.03909968
v -0.10960480 -0.04261785 0.02520552
v -0.11191370 -0.04261785 0.01054164
v -0.10960530 -0.04261785 0.02520356
v -0.10898350 -0.03664408 0.02506538
v -0.11127941 -0.03664408 0.01048408
v -0.11191401 -0.04261785 0.01053919
v -0.10940500 -0.03093881 0.01031410
v -0.10714750 -0.03093881 0.02465119
v -0.10417940 -0.02575861 0.02398152
v -0.10637471 -0.02575861 0.01003926
v -0.10232480 -0.02133640 0.00967200
v -0.10021261 -0.02133640 0.02308650
v -0.10266031 -0.02133640 -0.00390368
v -0.09775696 -0.01787102 -0.00370233
v -0.09743735 -0.01787102 0.00922876
v -0.09639775 -0.01787102 -0.01645435
v -0.09332593 -0.01787102 -0.02913538
v -0.10123331 -0.02133640 -0.01729144
v -0.09639775 -0.01787102 -0.01645435
v -0.09728653 -0.01768217 -0.00368310
v -0.09593375 -0.01768217 -0.01637433
v -0.09332593 -0.01787102 -0.02913538
v -0.09287662 -0.01768217 -0.02899457
v -0.08874634 -0.01787102 -0.04099328
v -0.09800838 -0.02133640 -0.03060437
v -0.09239663 -0.01761785 -0.02884381
v -0.09543806 -0.01761785 -0.01628827
v -0.09678383 -0.01761785 -0.00366241
v -0.09696843 -0.01768217 0.00918622
v -0.09646738 -0.01761785 0.00914075
v -0.09447538 -0.01761785 0.02179200
v -0.09496614 -0.01768217 0.02190277
v -0.09542543 -0.01787102 0.02200635
v -0.09743735 -0.01787102 0.00922876
v -0.09775696 -0.01787102 -0.00370233
v -0.09542543 -0.01787102 0.02200635
v -0.09179430 -0.01787102 0.03430578
v -0.09179430 -0.01787102 0.03430578
v -0.09640039 -0.02133640 0.03599909
v -0.08649129 -0.01787102 0.04622724
v -0.09135228 -0.01768217 0.03414356
v -0.10021720 -0.02575861 0.03740211
v -0.09443093 -0.02575861 0.05040998
v -0.10307320 -0.03093881 0.03845185
v -0.10483970 -0.03664408 0.03910121
v -0.09935234 -0.04261785 0.05300099
v -0.10543821 -0.04261785 0.03931916
v -0.10543760 -0.04261785 0.03932069
v -0.09088015 -0.01761785 0.03396980
v -0.08562960 -0.01761785 0.04577332
v -0.07905713 -0.01761785 0.05650666
v -0.06448304 -0.04261785 -0.09202259
v -0.08423105 -0.05429690 -0.07041474
v -0.07450664 -0.05429690 -0.08066675
v -0.07243748 -0.05947710 -0.07843592
v -0.07877073 -0.06389932 -0.06586206
v -0.06967206 -0.06389932 -0.07545441
v -0.08657059 -0.06389932 -0.05518689
v -0.06634061 -0.06736468 -0.07185095
v -0.07500686 -0.06736468 -0.06271295
v -0.08243584 -0.06736468 -0.05254352
v -0.08243135 -0.06736468 -0.05255060
v -0.07500151 -0.06736468 -0.06271936
v -0.08874489 -0.06736469 -0.04099640
v -0.06633445 -0.06736468 -0.07185663
v -0.05611075 -0.06736468 -0.08014008
v -0.05610391 -0.06736468 -0.08014490
v -0.04526270 -0.06736468 -0.08678266
v -0.06619873 -0.06761785 -0.05537506
v -0.05845364 -0.06760082 -0.06335339
v -0.06609935 -0.06760082 -0.05529217
v -0.07265358 -0.06760082 -0.04632104
v -0.07276297 -0.06761785 -0.04639020
v -0.07822326 -0.06760082 -0.03612738
v -0.07834089 -0.06761785 -0.03618133
v -0.07255188 -0.06755087 -0.04625629
v -0.06600673 -0.06755087 -0.05521496
v -0.07811380 -0.06755087 -0.03607678
v -0.08214869 -0.06755087 -0.02562940
v -0.08226375 -0.06760082 -0.02566547
v -0.08238727 -0.06761785 -0.02570404
v -0.07246451 -0.06747140 -0.04620062
v -0.07801982 -0.06747140 -0.03603332
v -0.08475302 -0.06747140 -0.01443945
v -0.08204988 -0.06747140 -0.02559839
v -0.08485506 -0.06755087 -0.01445709
v -0.08617311 -0.06760082 -0.00322699
v -0.08497388 -0.06760082 -0.01447766
v -0.08605260 -0.06755087 -0.00322204
v -0.08594913 -0.06747140 -0.00321777
v -0.08577101 -0.06755087 0.00817072
v -0.08589112 -0.06760082 0.00818158
v -0.08586975 -0.06736785 -0.00321454
v -0.08467472 -0.06736785 -0.01442590
v -0.08558876 -0.06736785 0.00815418
v -0.08462551 -0.06724725 -0.01441736
v -0.08581983 -0.06724725 -0.00321246
v -0.08553900 -0.06724725 0.00814966
v -0.08381993 -0.06736785 0.01938794
v -0.08566788 -0.06747140 0.00816138
v -0.08377120 -0.06724725 0.01937695
v -0.08062747 -0.06736785 0.03020142
v -0.08389743 -0.06747140 0.01940546
v -0.08399845 -0.06755087 0.01942823
v -0.08070204 -0.06747140 0.03022883
v -0.08411608 -0.06760082 0.01945477
v -0.08091243 -0.06760082 0.03030616
v -0.08424234 -0.06761785 0.01948322
v -0.08103397 -0.06761785 0.03035066
v -0.08079924 -0.06755087 0.03026459
v -0.07623383 -0.06760082 0.04082392
v -0.07634839 -0.06761785 0.04088410
v -0.07048316 -0.06761785 0.05046247
v -0.07037714 -0.06760082 0.05038825
v -0.06315967 -0.06761785 0.05950129
v -0.06306451 -0.06760082 0.05941358
v -0.07612714 -0.06755087 0.04076771
v -0.07027857 -0.06755087 0.05031880
v -0.07019394 -0.06747140 0.05025910
v -0.07603551 -0.06747140 0.04071943
v -0.06290018 -0.06747140 0.05926117
v -0.07012900 -0.06736785 0.05021333
v -0.07596521 -0.06736785 0.04068237
v -0.08058058 -0.06724725 0.03018421
v -0.07592102 -0.06724725 0.04065912
v -0.07008817 -0.06724725 0.05018458
v -0.06284192 -0.06736785 0.05920709
v -0.07007450 -0.06711785 0.05017439
v -0.07590602 -0.06711785 0.04065106
v -0.06279309 -0.06711785 0.05916126
v 0.08705167 -0.06711785 0.00388275
v 0.04093995 -0.06711785 0.07686597
v -0.04583273 -0.06711785 0.07330115
v -0.05476596 -0.06711785 0.06677460
v -0.06280530 -0.06724725 0.05917317
v -0.05476596 -0.06711785 0.06677460
v -0.04584222 -0.06724725 0.07331531
v -0.05477688 -0.06724725 0.06678773
v -0.04586905 -0.06736785 0.07335743
v -0.05480887 -0.06736785 0.06682606
v -0.05480887 -0.06736785 0.06682606
v -0.05477688 -0.06724725 0.06678773
v -0.04591174 -0.06747140 0.07342444
v -0.05485974 -0.06747140 0.06688710
v -0.05492605 -0.06755087 0.06696663
v -0.05485974 -0.06747140 0.06688710
v -0.04596735 -0.06755087 0.07351179
v -0.05492605 -0.06755087 0.06696663
v -0.06297610 -0.06755087 0.05933161
v -0.05500326 -0.06760082 0.06705928
v -0.04603210 -0.06760082 0.07361354
v -0.05508615 -0.06761785 0.06715864
v -0.04610126 -0.06761785 0.07372291
v -0.05508615 -0.06761785 0.06715864
v -0.05500326 -0.06760082 0.06705928
v -0.03583850 -0.06760082 0.07918317
v -0.03589245 -0.06761785 0.07930079
v -0.02537656 -0.06760082 0.08322371
v -0.02541513 -0.06761785 0.08334723
v -0.03578787 -0.06755087 0.07907374
v -0.02530945 -0.06747140 0.08300983
v -0.03574441 -0.06747140 0.07897974
v -0.02528568 -0.06736785 0.08293397
v -0.03571106 -0.06736785 0.07890761
v -0.01413699 -0.06736785 0.08563466
v -0.01415054 -0.06747140 0.08571296
v -0.02534045 -0.06755087 0.08310866
v -0.00292886 -0.06747140 0.08690906
v -0.01416818 -0.06755087 0.08581501
v -0.00293804 -0.06760082 0.08713301
v -0.01418875 -0.06760082 0.08593384
v 0.00845963 -0.06755087 0.08673096
v -0.00293310 -0.06755087 0.08701252
v 0.00845029 -0.06747140 0.08662781
v 0.01971714 -0.06755087 0.08495838
v 0.00847053 -0.06760082 0.08685109
v 0.01969438 -0.06747140 0.08485736
v 0.03055348 -0.06755087 0.08175917
v 0.01974368 -0.06760082 0.08507599
v 0.03051777 -0.06747140 0.08166199
v 0.04105659 -0.06755087 0.07708705
v 0.04111280 -0.06760082 0.07719379
v 0.03059510 -0.06760082 0.08187239
v 0.03063954 -0.06761785 0.08199390
v 0.04117298 -0.06761785 0.07730835
v 0.05075141 -0.06761785 0.07144306
v 0.05067716 -0.06760082 0.07133710
v 0.05979020 -0.06761785 0.06411963
v 0.05970249 -0.06760082 0.06402442
v 0.05060771 -0.06755087 0.07123853
v 0.05054801 -0.06747140 0.07115387
v 0.04100834 -0.06747140 0.07699542
v 0.05955006 -0.06747140 0.06386011
v 0.05050224 -0.06736785 0.07108893
v 0.04097129 -0.06736785 0.07692517
v 0.06711497 -0.06736785 0.05576880
v 0.05949604 -0.06736785 0.06380188
v 0.06725557 -0.06755087 0.05588599
v 0.05962049 -0.06755087 0.06393603
v 0.07364634 -0.06736785 0.04682898
v 0.06717601 -0.06747140 0.05581964
v 0.07380070 -0.06755087 0.04692731
v 0.06734819 -0.06760082 0.05596319
v 0.07371336 -0.06747140 0.04687164
v 0.07936265 -0.06755087 0.03674780
v 0.07390245 -0.06760082 0.04699206
v 0.08329872 -0.06747140 0.02626941
v 0.07926865 -0.06747140 0.03670434
v 0.08339753 -0.06755087 0.02630042
v 0.07947208 -0.06760082 0.03679840
v 0.08600187 -0.06747140 0.01511047
v 0.08610389 -0.06755087 0.01512811
v 0.08351262 -0.06760082 0.02633649
v 0.08730147 -0.06755087 0.00389306
v 0.08742195 -0.06760082 0.00389801
v 0.08622272 -0.06760082 0.01514868
v 0.08363611 -0.06761785 0.02637506
v 0.08635029 -0.06761785 0.01517053
v 0.08755124 -0.06761785 0.00390319
v 0.08713997 -0.06760082 -0.00751056
v 0.08726883 -0.06761785 -0.00752228
v 0.08549118 -0.06761785 -0.01881221
v 0.08536493 -0.06760082 -0.01878376
v 0.08701987 -0.06755087 -0.00749970
v 0.08228281 -0.06761785 -0.02967964
v 0.08216130 -0.06760082 -0.02963513
v 0.07759723 -0.06761785 -0.04021308
v 0.07748268 -0.06760082 -0.04015289
v 0.08524730 -0.06755087 -0.01875720
v 0.08204811 -0.06755087 -0.02959358
v 0.07737598 -0.06755087 -0.04009668
v 0.07162598 -0.06760082 -0.04971723
v 0.07173200 -0.06761785 -0.04979144
v 0.06440851 -0.06761785 -0.05883027
v 0.06431336 -0.06760082 -0.05874256
v 0.07152741 -0.06755087 -0.04964776
v 0.05633499 -0.06761785 -0.06648762
v 0.05625210 -0.06760082 -0.06638826
v 0.05633499 -0.06761785 -0.06648762
v 0.04728094 -0.06760082 -0.07294252
v 0.04735010 -0.06761785 -0.07305189
v 0.05625210 -0.06760082 -0.06638826
v 0.04721619 -0.06755087 -0.07284076
v 0.05617490 -0.06755087 -0.06629561
v 0.06422495 -0.06755087 -0.05866059
v 0.05610858 -0.06747140 -0.06621608
v 0.05617490 -0.06755087 -0.06629561
v 0.06414902 -0.06747140 -0.05859015
v 0.05610858 -0.06747140 -0.06621608
v 0.07144278 -0.06747140 -0.04958808
v 0.05605771 -0.06736785 -0.06615503
v 0.06409076 -0.06736785 -0.05853608
v 0.07137784 -0.06736785 -0.04954231
v 0.07728437 -0.06747140 -0.04004841
v 0.07721405 -0.06736785 -0.04001135
v 0.07716986 -0.06724725 -0.03998810
v 0.07133702 -0.06724725 -0.04951356
v 0.07132334 -0.06711785 -0.04950337
v 0.07715488 -0.06711785 -0.03998005
v 0.06404193 -0.06711785 -0.05849024
v 0.05601480 -0.06711785 -0.06610358
v 0.06405414 -0.06724725 -0.05850215
v 0.05601480 -0.06711785 -0.06610358
v 0.04709106 -0.06724725 -0.07264429
v 0.05602573 -0.06724725 -0.06611670
v 0.04708157 -0.06711785 -0.07263013
v 0.03693893 -0.06724725 -0.07819130
v 0.03695990 -0.06736785 -0.07823658
v 0.04711789 -0.06736785 -0.07268641
v 0.05605771 -0.06736785 -0.06615503
v 0.03699325 -0.06747140 -0.07830873
v 0.04716058 -0.06747140 -0.07275342
v 0.02653452 -0.06736785 -0.08226294
v 0.02655829 -0.06747140 -0.08233882
v 0.03703671 -0.06755087 -0.07840272
v 0.02662540 -0.06760082 -0.08255269
v 0.03708734 -0.06760082 -0.07851216
v 0.03714130 -0.06761785 -0.07862977
v 0.02666397 -0.06761785 -0.08267621
v 0.01543759 -0.06760082 -0.08526282
v 0.01545944 -0.06761785 -0.08539032
v 0.00418689 -0.06760082 -0.08646199
v 0.00419214 -0.06761785 -0.08659131
v 0.02658930 -0.06755087 -0.08243763
v 0.01541702 -0.06755087 -0.08514399
v 0.01539938 -0.06747140 -0.08504194
v 0.00417770 -0.06747140 -0.08623804
v 0.01538583 -0.06736785 -0.08496364
v -0.00719425 -0.06736785 -0.08587770
v 0.00417444 -0.06736785 -0.08615863
v -0.00721079 -0.06755087 -0.08605994
v 0.00418194 -0.06755087 -0.08634150
v -0.00720145 -0.06747140 -0.08595679
v -0.01846829 -0.06755087 -0.08428736
v -0.01842804 -0.06736785 -0.08410884
v 0.00417239 -0.06724725 -0.08610878
v -0.01841702 -0.06724725 -0.08406012
v -0.00718976 -0.06724725 -0.08582795
v 0.00417163 -0.06711785 -0.08609175
v -0.01841321 -0.06711785 -0.08404352
v -0.00718820 -0.06711785 -0.08581099
v -0.02921820 -0.06711785 -0.08085358
v -0.03969111 -0.06711785 -0.07619495
v -0.02922427 -0.06724725 -0.08086951
v -0.03972244 -0.06736785 -0.07625415
v -0.02924149 -0.06736785 -0.08091638
v -0.01844553 -0.06747140 -0.08418634
v -0.02926892 -0.06747140 -0.08099097
v -0.02930463 -0.06755087 -0.08108814
v -0.03980774 -0.06755087 -0.07641603
v -0.03986395 -0.06760082 -0.07652278
v -0.02934625 -0.06760082 -0.08120137
v -0.01849484 -0.06760082 -0.08440497
v -0.04929916 -0.06747140 -0.07048285
v -0.03975949 -0.06747140 -0.07632440
v -0.04942831 -0.06760082 -0.07066608
v -0.03992413 -0.06761785 -0.07663733
v -0.04950256 -0.06761785 -0.07077204
v -0.05854136 -0.06761785 -0.06344861
v -0.04935886 -0.06755087 -0.07056751
v -0.05837164 -0.06755087 -0.06326501
v -0.05830121 -0.06747140 -0.06318909
v -0.04925340 -0.06736785 -0.07041791
v -0.06586612 -0.06736785 -0.05509778
v -0.05824719 -0.06736785 -0.06313086
v -0.07239750 -0.06736785 -0.04615796
v -0.06592717 -0.06747140 -0.05514862
v -0.07235535 -0.06724725 -0.04613116
v -0.06582776 -0.06724725 -0.05506579
v -0.07790236 -0.06724725 -0.03597900
v -0.08192641 -0.06724725 -0.02555963
v -0.07794768 -0.06736785 -0.03599994
v -0.07234121 -0.06711785 -0.04612164
v -0.07788707 -0.06711785 -0.03597150
v -0.08191021 -0.06711785 -0.02555438
v -0.08460875 -0.06711785 -0.01441425
v -0.08197406 -0.06736785 -0.02557459
v -0.08580281 -0.06711785 -0.00321173
v -0.08375460 -0.06711785 0.01937318
v -0.08552205 -0.06711785 0.00814814
v -0.08056467 -0.06711785 0.03017811
v -0.06581470 -0.06711785 -0.05505487
v -0.05821323 -0.06724725 -0.06309424
v -0.05820132 -0.06711785 -0.06308203
v -0.04922461 -0.06724725 -0.07037708
v -0.04921449 -0.06711785 -0.07036341
v -0.03969919 -0.06724725 -0.07620996
v -0.02939069 -0.06761785 -0.08132289
v -0.01852326 -0.06761785 -0.08453125
v -0.00722168 -0.06760082 -0.08618007
v -0.00723337 -0.06761785 -0.08630890
v 0.01537421 -0.06711785 -0.08489766
v 0.01537732 -0.06724725 -0.08491443
v 0.02651434 -0.06711785 -0.08219910
v 0.02651956 -0.06724725 -0.08221534
v 0.03693143 -0.06711785 -0.07817598
v 0.05602573 -0.06724725 -0.06611670
v 0.08182944 -0.06724725 -0.02951318
v 0.08181351 -0.06711785 -0.02950709
v 0.08502005 -0.06724725 -0.01870594
v 0.08500345 -0.06711785 -0.01870215
v 0.08678785 -0.06724725 -0.00747864
v 0.08677089 -0.06711785 -0.00747712
v 0.08683760 -0.06736785 -0.00748316
v 0.08187632 -0.06736785 -0.02953040
v 0.08506877 -0.06736785 -0.01871693
v 0.08691672 -0.06747140 -0.00749036
v 0.08514628 -0.06747140 -0.01873444
v 0.08195090 -0.06747140 -0.02955781
v 0.08719797 -0.06747140 0.00388879
v 0.08711860 -0.06736785 0.00388556
v 0.08592357 -0.06736785 0.01509692
v 0.08587433 -0.06724725 0.01508838
v 0.08706868 -0.06724725 0.00388348
v 0.08317524 -0.06724725 0.02623065
v 0.08322291 -0.06736785 0.02624561
v 0.07919655 -0.06736785 0.03667096
v 0.07915120 -0.06724725 0.03665002
v 0.07360419 -0.06724725 0.04680218
v 0.06707661 -0.06724725 0.05573682
v 0.06706354 -0.06711785 0.05572589
v 0.07359006 -0.06711785 0.04679266
v 0.07913591 -0.06711785 0.03664252
v 0.08315903 -0.06711785 0.02622540
v 0.08585762 -0.06711785 0.01508527
v 0.08705167 -0.06711785 0.00388275
v 0.05946208 -0.06724725 0.06376526
v 0.05945017 -0.06711785 0.06375305
v 0.05047346 -0.06724725 0.07104810
v 0.05046333 -0.06711785 0.07103443
v 0.04094804 -0.06724725 0.07688098
v 0.04093995 -0.06711785 0.07686597
v 0.03047312 -0.06724725 0.08154053
v 0.03049034 -0.06736785 0.08158740
v 0.03046705 -0.06711785 0.08152460
v 0.01967689 -0.06736785 0.08477985
v 0.01966587 -0.06724725 0.08473114
v 0.00844309 -0.06736785 0.08654872
v 0.00843860 -0.06724725 0.08649897
v -0.00292355 -0.06724725 0.08677980
v -0.00292559 -0.06736785 0.08682966
v -0.00292279 -0.06711785 0.08676276
v 0.01966206 -0.06711785 0.08471454
v 0.00843705 -0.06711785 0.08648201
v -0.01412537 -0.06711785 0.08556868
v -0.01412848 -0.06724725 0.08558545
v -0.02526550 -0.06711785 0.08287012
v -0.02527072 -0.06724725 0.08288637
v -0.03568259 -0.06711785 0.07884700
v -0.03569009 -0.06724725 0.07886232
v -0.04583273 -0.06711785 0.07330115
v 0.07958973 -0.06761785 0.03685235
v 0.07401182 -0.06761785 0.04706122
v 0.06744758 -0.06761785 0.05604608
v 0.01977211 -0.06761785 0.08520227
v -0.00294329 -0.06761785 0.08726233
v 0.00848221 -0.06761785 0.08697992
v -0.01421060 -0.06761785 0.08606135
v -0.08630240 -0.06761785 -0.00323217
v -0.08602001 -0.06761785 0.00819330
v -0.08510144 -0.06761785 -0.01449951
v -0.02424556 -0.04261785 -0.10989370
v -0.02104640 -0.01787102 -0.09571437
v -0.00871204 -0.02133640 -0.10261371
v -0.00826880 -0.01787102 -0.09772626
v -0.00826880 -0.01787102 -0.09772626
v 0.04154440 -0.01761785 -0.08815126
v 0.00526596 -0.04261785 -0.11256911
v 0.01990079 -0.04261785 -0.11100821
v 0.01989291 -0.04261785 -0.11100960
v 0.07257627 -0.04859169 -0.08596857
v 0.07137104 -0.05429697 -0.08452296
v 0.07298413 -0.04261785 -0.08645778
v 0.07298413 -0.04261785 -0.08645778
v 0.06132193 -0.04261785 -0.09497877
v 0.07257627 -0.04859169 -0.08596857
v 0.08286310 -0.01761785 0.05269147
v 0.07550760 -0.01761785 0.06276031
v 0.05212019 -0.05429690 0.09808124
v 0.04651154 -0.06736468 0.08745368
v 0.03458949 -0.06736468 0.09275618
v 0.08368019 -0.06736468 0.05322162
v 0.10604240 -0.05429690 0.03339764
v -0.06817380 -0.05947709 0.08285689
v -0.07012220 -0.05429697 0.08519398
v -0.01853418 -0.04859164 0.11105321
v -0.01864249 -0.04261785 0.11168091
v -0.03319595 -0.04261785 0.10815561
v -0.01864249 -0.04261785 0.11168091
v -0.00398147 -0.04859164 0.11260421
v -0.00400750 -0.04261785 0.11324051
v -0.00400750 -0.04261785 0.11324051
v 0.01083290 -0.04261785 0.11287350
v -0.06242724 -0.01787102 0.07596412
v 0.05679841 -0.01761785 0.08001508
v 0.07759723 -0.01761785 -0.04021308
v 0.07173200 -0.01761785 -0.04979144
v 0.06440851 -0.01761785 -0.05883027
v 0.06431336 -0.01763488 -0.05874256
v 0.05617490 -0.01768485 -0.06629561
v 0.05625210 -0.01763488 -0.06638826
v 0.05633499 -0.01761785 -0.06648762
v 0.05633499 -0.01761785 -0.06648762
v 0.04728094 -0.01763489 -0.07294252
v 0.05625210 -0.01763488 -0.06638826
v 0.04721619 -0.01768485 -0.07284076
v 0.05617490 -0.01768485 -0.06629561
v 0.04735010 -0.01761785 -0.07305189
v 0.03708734 -0.01763489 -0.07851216
v 0.03714130 -0.01761785 -0.07862977
v 0.02662540 -0.01763489 -0.08255269
v 0.05610858 -0.01776429 -0.06621608
v 0.04716058 -0.01776429 -0.07275342
v 0.05605771 -0.01786787 -0.06615503
v 0.02666397 -0.01761785 -0.08267621
v 0.05602573 -0.01798846 -0.06611670
v -0.03992414 -0.01761785 -0.07663733
v -0.04950257 -0.01761785 -0.07077204
v -0.03986395 -0.01763489 -0.07652278
v -0.05854136 -0.01761785 -0.06344861
v -0.04942832 -0.01763489 -0.07066608
v -0.05845365 -0.01763489 -0.06335339
v -0.03980775 -0.01768485 -0.07641603
v -0.03972244 -0.01786787 -0.07625415
v -0.08510144 -0.01761785 -0.01449951
v -0.08617311 -0.01763489 -0.00322699
v -0.08630240 -0.01761785 -0.00323217
v -0.08589113 -0.01763489 0.00818158
v -0.08424234 -0.01761785 0.01948322
v -0.08602002 -0.01761785 0.00819330
v -0.08577102 -0.01768485 0.00817072
v -0.08411609 -0.01763489 0.01945477
v -0.08605260 -0.01768485 -0.00322204
v -0.08586975 -0.01786787 -0.00321454
v -0.08056467 -0.01811785 0.03017811
v -0.08375460 -0.02298775 0.01937318
v -0.07590602 -0.01811785 0.04065106
v -0.08056467 -0.02298775 0.03017811
v -0.07590602 -0.02298775 0.04065106
v -0.07592102 -0.01798847 0.04065912
v -0.05476596 -0.02298775 0.06677460
v -0.00148725 -0.02298775 -0.08413813
v -0.00153724 -0.02298775 -0.08613746
v -0.00700757 -0.02298775 -0.08381916
v -0.00718821 -0.02298775 -0.08581099
v -0.01841322 -0.02298775 -0.08404352
v -0.01797305 -0.02298775 -0.08209253
v -0.02921821 -0.02298775 -0.08085358
v -0.03969111 -0.02298775 -0.07619495
v -0.02852821 -0.02298775 -0.07897638
v -0.04921449 -0.02298775 -0.07036341
v -0.03875895 -0.02298775 -0.07442542
v -0.05820133 -0.02298775 -0.06308203
v -0.05684120 -0.02298775 -0.06161572
v -0.06581470 -0.02298775 -0.05505487
v -0.07234121 -0.02298775 -0.04612164
v -0.06427855 -0.02298775 -0.05377417
v -0.07788707 -0.02298775 -0.03597150
v -0.07065416 -0.02298775 -0.04504748
v -0.08191021 -0.02298775 -0.02555438
v -0.08000188 -0.02298775 -0.02495581
v -0.08460875 -0.02298775 -0.01441425
v -0.08580282 -0.02298775 -0.00321173
v -0.08263805 -0.02298775 -0.01407324
v -0.08375460 -0.02298775 0.01937318
v -0.08180365 -0.02298775 0.01893298
v -0.08056467 -0.02298775 0.03017811
v -0.07590602 -0.02298775 0.04065106
v -0.07413655 -0.02298775 0.03971887
v -0.07007450 -0.02298775 0.05017439
v -0.06843982 -0.02298775 0.04902204
v -0.06279309 -0.02298775 0.05916126
v -0.06132678 -0.02298775 0.05780116
v -0.05476596 -0.02298775 0.06677460
v -0.04583273 -0.02298775 0.07330115
v -0.04475857 -0.02298775 0.07161409
v -0.03568259 -0.02298775 0.07884700
v -0.03484311 -0.02298775 0.07703168
v -0.02526550 -0.02298775 0.08287012
v -0.02466687 -0.02298775 0.08096180
v -0.01412537 -0.02298775 0.08556868
v -0.00292279 -0.02298775 0.08676276
v -0.01378433 -0.02298775 0.08359797
v 0.00278608 -0.02298775 0.08680848
v -0.00284079 -0.02298775 0.08476442
v 0.00273609 -0.02298775 0.08480915
v -0.04806214 -0.02298775 -0.06872876
v -0.05348526 -0.02298775 0.06523848
v -0.07607177 -0.02298775 -0.03513202
v -0.07868747 -0.02298775 0.02948810
v -0.06619874 -0.01761785 -0.05537506
v -0.07425612 -0.01761785 -0.06209253
v -0.08161187 -0.01761785 -0.05202423
v -0.08786235 -0.01761785 -0.04058447
v -0.07276298 -0.01761785 -0.04639020
v -0.09239663 -0.01761785 -0.02884381
v -0.07834089 -0.01761785 -0.03618133
v -0.09543806 -0.01761785 -0.01628827
v -0.08510144 -0.01761785 -0.01449951
v -0.09678383 -0.01761785 -0.00366241
v -0.09646738 -0.01761785 0.00914075
v -0.08630240 -0.01761785 -0.00323217
v -0.09447538 -0.01761785 0.02179200
v -0.08602002 -0.01761785 0.00819330
v -0.09088015 -0.01761785 0.03396980
v -0.08103398 -0.01761785 0.03035066
v -0.08562960 -0.01761785 0.04577332
v -0.07905713 -0.01761785 0.05650666
v -0.07634839 -0.01761785 0.04088410
v -0.07048316 -0.01761785 0.05046247
v -0.06180359 -0.01761785 0.07521608
v -0.05173508 -0.01761785 0.08257197
v -0.04610126 -0.01761785 0.07372291
v -0.04029492 -0.01761785 0.08882258
v -0.03589245 -0.01761785 0.07930079
v -0.02855396 -0.01761785 0.09335689
v -0.01599802 -0.01761785 0.09639821
v -0.01421060 -0.01761785 0.08606135
v -0.00337176 -0.01761785 0.09774385
v -0.00294330 -0.01761785 0.08726233
v 0.00943174 -0.01761785 0.09742714
v 0.00848221 -0.01761785 0.08697992
v 0.02208325 -0.01761785 0.09543476
v 0.01977210 -0.01761785 0.08520227
v 0.03426130 -0.01761785 0.09183911
v 0.03063953 -0.01761785 0.08199390
v 0.04606500 -0.01761785 0.08658808
v 0.04117297 -0.01761785 0.07730835
v 0.05679841 -0.01761785 0.08001508
v 0.05075140 -0.01761785 0.07144306
v 0.06692708 -0.01761785 0.07180792
v 0.05979020 -0.01761785 0.06411963
v 0.06744758 -0.01761785 0.05604608
v -0.08238727 -0.01761785 -0.02570404
v -0.08424234 -0.01761785 0.01948322
v -0.02541513 -0.01761785 0.08334723
v 0.08286310 -0.01761785 0.05269147
v 0.07401181 -0.01761785 0.04706122
v 0.08911319 -0.01761784 0.04125110
v 0.07958973 -0.01761785 0.03685235
v 0.09364705 -0.01761784 0.02950989
v 0.08363611 -0.01761785 0.02637506
v 0.09668785 -0.01761784 0.01695386
v 0.08635028 -0.01761785 0.01517053
v 0.09803290 -0.01761784 0.00432751
v 0.08755124 -0.01761784 0.00390319
v 0.09771567 -0.01761784 -0.00847596
v 0.08726883 -0.01761784 -0.00752228
v 0.09572275 -0.01761784 -0.02112739
v 0.08549118 -0.01761785 -0.01881221
v 0.09212662 -0.01761784 -0.03330525
v 0.08228281 -0.01761785 -0.02967964
v 0.08687503 -0.01761785 -0.04510877
v 0.07759723 -0.01761785 -0.04021308
v 0.08030161 -0.01761785 -0.05584187
v 0.07173200 -0.01761785 -0.04979144
v 0.07209403 -0.01761785 -0.06597023
v 0.06440851 -0.01761785 -0.05883027
v 0.05298419 -0.01761785 -0.08190076
v 0.04154440 -0.01761785 -0.08815126
v 0.03714130 -0.01761785 -0.07862977
v 0.02980377 -0.01761785 -0.09268555
v 0.02666397 -0.01761785 -0.08267621
v 0.01724823 -0.01761785 -0.09572700
v 0.00462231 -0.01761785 -0.09707277
v 0.00419213 -0.01761785 -0.08659131
v -0.00818085 -0.01761785 -0.09675629
v -0.00723337 -0.01761785 -0.08630890
v -0.02083204 -0.01761785 -0.09476429
v -0.01852327 -0.01761785 -0.08453125
v -0.03300987 -0.01761785 -0.09116907
v -0.04481339 -0.01761785 -0.08591852
v -0.03992414 -0.01761785 -0.07663733
v -0.05554676 -0.01761785 -0.07934607
v -0.04950257 -0.01761785 -0.07077204
v -0.06567543 -0.01761785 -0.07113953
v -0.05854136 -0.01761785 -0.06344861
v -0.02939070 -0.01761785 -0.08132289
v 0.01545944 -0.01761785 -0.08539032
v 0.05601480 -0.02298775 -0.06610358
v 0.00825641 -0.02298775 0.08449018
v 0.00843705 -0.02298775 0.08648201
v 0.01966205 -0.02298775 0.08471454
v 0.01922189 -0.02298775 0.08276355
v 0.03046704 -0.02298775 0.08152460
v 0.04093995 -0.02298775 0.07686597
v 0.02977704 -0.02298775 0.07964740
v 0.05046333 -0.02298775 0.07103443
v 0.04000778 -0.02298775 0.07509644
v 0.05945017 -0.02298775 0.06375305
v 0.05809004 -0.02298775 0.06228674
v 0.06706354 -0.02298774 0.05572589
v 0.07359006 -0.02298774 0.04679266
v 0.06552739 -0.02298775 0.05444519
v 0.07913591 -0.02298774 0.03664252
v 0.07190300 -0.02298774 0.04571850
v 0.08315903 -0.02298774 0.02622540
v 0.08125074 -0.02298774 0.02562683
v 0.08585762 -0.02298774 0.01508527
v 0.08705167 -0.02298774 0.00388275
v 0.08388688 -0.02298774 0.01474426
v 0.08500345 -0.02298774 -0.01870215
v 0.08305249 -0.02298774 -0.01826196
v 0.08181351 -0.02298774 -0.02950709
v 0.07715488 -0.02298774 -0.03998005
v 0.07538538 -0.02298774 -0.03904786
v 0.07132334 -0.02298774 -0.04950337
v 0.06968866 -0.02298774 -0.04835101
v 0.06404193 -0.02298775 -0.05849024
v 0.06257562 -0.02298775 -0.05713014
v 0.05601480 -0.02298775 -0.06610358
v 0.04708157 -0.02298775 -0.07263013
v 0.04600741 -0.02298775 -0.07094307
v 0.03693143 -0.02298775 -0.07817598
v 0.03609195 -0.02298775 -0.07636066
v 0.02651434 -0.02298775 -0.08219910
v 0.02591571 -0.02298775 -0.08029078
v 0.01537421 -0.02298775 -0.08489766
v 0.00417163 -0.02298775 -0.08609175
v 0.01503317 -0.02298775 -0.08292695
v 0.00408963 -0.02298775 -0.08409340
v 0.04931097 -0.02298775 0.06939978
v 0.05473410 -0.02298775 -0.06456746
v 0.07732062 -0.02298774 0.03580304
v 0.07993631 -0.02298774 -0.02881708
v -0.00292279 -0.02298775 0.08676276
v 0.00825641 -0.02298775 0.08449018
v 0.05233371 -0.02131786 -0.06168823
v 0.05409375 -0.02131786 -0.06379939
v 0.04399972 -0.02131786 -0.06777748
v 0.04547034 -0.02131786 -0.07009955
v 0.03567221 -0.02131786 -0.07545302
v 0.03452423 -0.02131786 -0.07295563
v 0.02561643 -0.02131786 -0.07933661
v 0.02479950 -0.02131786 -0.07671229
v 0.01486264 -0.02131786 -0.08194159
v 0.01439960 -0.02131786 -0.07923230
v 0.00404861 -0.02131786 -0.08309424
v 0.00394134 -0.02131786 -0.08034778
v -0.00691724 -0.02131786 -0.08282325
v -0.00666388 -0.02131786 -0.08008638
v -0.01775297 -0.02131786 -0.08111708
v -0.01714329 -0.02131786 -0.07843695
v -0.02818321 -0.02131786 -0.07803778
v -0.02723066 -0.02131786 -0.07545954
v -0.03829289 -0.02131786 -0.07354071
v -0.03700802 -0.02131786 -0.07111090
v -0.04748596 -0.02131786 -0.06791144
v -0.04589906 -0.02131786 -0.06566724
v -0.06351045 -0.02131786 -0.05313385
v -0.06981061 -0.02131786 -0.04451044
v -0.06749039 -0.02131786 -0.04303686
v -0.07516414 -0.02131786 -0.03471228
v -0.07266820 -0.02131786 -0.03356122
v -0.07904774 -0.02131786 -0.02465649
v -0.07642438 -0.02131786 -0.02383630
v -0.08165271 -0.02131786 -0.01390271
v -0.07894400 -0.02131786 -0.01343628
v -0.08280536 -0.02131786 -0.00308868
v -0.08005900 -0.02131786 -0.00297796
v -0.08253431 -0.02131786 0.00787720
v -0.07979712 -0.02131786 0.00762720
v -0.08082817 -0.02131786 0.01871290
v -0.07814730 -0.02131786 0.01810657
v -0.07774887 -0.02131786 0.02914313
v -0.07516944 -0.02131786 0.02819380
v -0.07325180 -0.02131786 0.03925282
v -0.07082041 -0.02131786 0.03797101
v -0.06762250 -0.02131786 0.04844587
v -0.06537635 -0.02131786 0.04686176
v -0.06059366 -0.02131786 0.05712103
v -0.05857870 -0.02131786 0.05525166
v -0.05284491 -0.02131786 0.06447040
v -0.05108487 -0.02131786 0.06235925
v -0.04274530 -0.02131786 0.06845203
v -0.04422150 -0.02131786 0.07077057
v -0.03442337 -0.02131786 0.07612404
v -0.03326971 -0.02131786 0.07362935
v -0.02436758 -0.02131786 0.08000763
v -0.01361380 -0.02131786 0.08261261
v -0.02354492 -0.02131786 0.07738508
v -0.00279977 -0.02131786 0.08376526
v -0.01314511 -0.02131786 0.07990430
v 0.00816608 -0.02131786 0.08349427
v 0.00791785 -0.02131786 0.08075690
v 0.01900180 -0.02131786 0.08178810
v 0.02943204 -0.02131786 0.07870880
v 0.01839685 -0.02131786 0.07910694
v 0.03954173 -0.02131786 0.07421173
v 0.02848377 -0.02131786 0.07612897
v 0.04873480 -0.02131786 0.06858246
v 0.04715115 -0.02131786 0.06633594
v 0.05740997 -0.02131785 0.06155359
v 0.07641298 -0.02131785 0.03538330
v 0.07391822 -0.02131785 0.03422961
v 0.08029657 -0.02131785 0.02532752
v 0.07767398 -0.02131785 0.02450482
v 0.08290152 -0.02131785 0.01457373
v 0.08019321 -0.02131785 0.01410504
v 0.08405417 -0.02131785 0.00375970
v 0.08378314 -0.02131785 -0.00720618
v 0.08104581 -0.02131785 -0.00695789
v 0.08207701 -0.02131785 -0.01804187
v 0.07939582 -0.02131785 -0.01743695
v 0.07899771 -0.02131785 -0.02847212
v 0.07641788 -0.02131785 -0.02752388
v 0.07450064 -0.02131785 -0.03858180
v 0.06887134 -0.02131785 -0.04777485
v 0.06662485 -0.02131785 -0.04619122
v 0.06184250 -0.02131785 -0.05645001
v 0.05982736 -0.02131785 -0.05458082
v 0.07206885 -0.02131785 -0.03730073
v -0.00268704 -0.02131786 0.08101899
v 0.08130793 -0.02131785 0.00364697
v 0.03826069 -0.02131786 0.07177991
v 0.05554075 -0.02131785 0.05953845
v 0.02379843 -0.02260053 -0.07352173
v 0.03312045 -0.02260053 -0.06992073
v 0.01869714 -0.04236271 -0.05727612
v 0.01092444 -0.04236271 -0.05915931
v 0.02597214 -0.04236271 -0.05446606
v -0.00812555 -0.04365171 -0.03378400
v 0.00303485 -0.04365171 -0.03406293
v 0.00308587 -0.04365171 -0.03475879
v 0.00336246 -0.04365171 -0.03564569
v -0.00854193 -0.04365171 -0.03456604
v 0.00385910 -0.04365171 -0.03643078
v -0.00917179 -0.04365171 -0.03524902
v -0.00995679 -0.04365171 -0.03574567
v 0.00454217 -0.04365171 -0.03706067
v -0.00475366 -0.04365171 -0.05900830
v 0.00536490 -0.04365171 -0.03749225
v -0.01084372 -0.04365171 -0.03602228
v 0.00627127 -0.04365171 -0.03769623
v -0.01177200 -0.04365171 -0.03605987
v -0.01992999 -0.04365171 -0.05559412
v -0.01483505 -0.04365171 -0.03361621
v -0.01468085 -0.04365171 -0.03400940
v -0.02381839 -0.04365171 -0.05400745
v -0.01267841 -0.04365171 -0.03585589
v -0.01350113 -0.04365171 -0.03542432
v -0.01418417 -0.04365171 -0.03479443
v 0.03251886 -0.04365171 -0.04999689
v 0.02563931 -0.04365171 -0.05374652
v 0.03289877 -0.04365171 -0.03480951
v 0.00887152 -0.04365171 -0.03688537
v 0.01015033 -0.04365171 -0.03424084
v 0.01013690 -0.04365171 -0.03447333
v 0.00993295 -0.04365171 -0.03537970
v 0.00950134 -0.04365171 -0.03620239
v 0.03866955 -0.04365171 0.00621478
v 0.05997104 -0.04365171 0.00568225
v 0.03865613 -0.04365171 0.00598224
v 0.05996786 -0.04365171 -0.00504633
v 0.03845215 -0.04365171 0.00507587
v 0.05655289 -0.04365171 -0.02022211
v 0.03698221 -0.04365171 -0.01113275
v 0.04932654 -0.04365171 -0.03399682
v 0.03575439 -0.04365171 -0.01447308
v 0.03878100 -0.04365171 -0.04543219
v 0.03802057 -0.04365171 0.00425317
v 0.03670566 -0.04365171 -0.01024585
v 0.03338653 -0.04365171 -0.01529730
v 0.03408243 -0.04365171 -0.01524628
v 0.03496936 -0.04365171 -0.01496973
v 0.03701977 -0.04365171 -0.01206103
v 0.03739075 -0.04365171 0.00357019
v 0.03660571 -0.04365171 0.00307355
v 0.03620895 -0.04365171 -0.00946070
v 0.03638422 -0.04365171 -0.01379010
v 0.03681583 -0.04365171 -0.01296741
v 0.03479050 -0.04365171 0.00275940
v 0.03388412 -0.04365171 0.00296332
v 0.03356442 -0.04365171 -0.00818189
v 0.03384341 -0.04365171 0.00297858
v 0.03379690 -0.04365171 -0.00819532
v 0.02659445 -0.04365171 -0.02663629
v 0.02658102 -0.04365171 -0.02686878
v 0.02594547 -0.04365171 -0.02859790
v 0.02637705 -0.04365171 -0.02777515
v 0.02271539 -0.04365171 -0.03009168
v 0.01009930 -0.04365171 -0.03354498
v 0.02030322 -0.04365171 -0.02882629
v 0.02180902 -0.04365171 -0.02988776
v 0.02098627 -0.04365171 -0.02945618
v 0.00982275 -0.04365171 -0.03265808
v 0.00932608 -0.04365171 -0.03187299
v 0.01980658 -0.04365171 -0.02804120
v 0.00864304 -0.04365171 -0.03124310
v 0.01947897 -0.04365171 -0.02645844
v 0.02531561 -0.04365171 -0.02928082
v 0.00782031 -0.04365171 -0.03081152
v 0.00691391 -0.04365171 -0.03060761
v 0.02453061 -0.04365171 -0.02977747
v 0.02364371 -0.04365171 -0.03005408
v 0.01953000 -0.04365171 -0.02715424
v 0.00598563 -0.04365171 -0.03064520
v -0.02310309 -0.04365171 -0.02539398
v -0.01112936 -0.04365171 -0.02897125
v -0.01022299 -0.04365171 -0.02917517
v -0.01495740 -0.04365171 -0.03312244
v -0.01479105 -0.04365171 -0.03128778
v -0.01499499 -0.04365171 -0.03219409
v 0.00509869 -0.04365171 -0.03092175
v 0.00431369 -0.04365171 -0.03141840
v -0.00940024 -0.04365171 -0.02960675
v 0.00325226 -0.04365171 -0.03292413
v -0.01435944 -0.04365171 -0.03046503
v -0.01372958 -0.04365171 -0.02978204
v 0.00304831 -0.04365171 -0.03383044
v -0.00790637 -0.04365171 -0.03283697
v -0.00811032 -0.04365171 -0.03374335
v -0.01294458 -0.04365171 -0.02928540
v -0.01205765 -0.04365171 -0.02900885
v -0.00794397 -0.04365171 -0.03190863
v 0.01010318 -0.04361785 -0.03447027
v 0.00719372 -0.04361785 -0.03762524
v 0.00706155 -0.04361785 -0.03686163
v 0.00774692 -0.04361785 -0.03664789
v 0.00807230 -0.04361785 -0.03735126
v 0.00835358 -0.04361785 -0.03626410
v 0.00884982 -0.04361785 -0.03685937
v 0.00990118 -0.04361785 -0.03536798
v 0.00947369 -0.04361785 -0.03618286
v 0.00917374 -0.04361785 -0.03510071
v 0.00884018 -0.04361785 -0.03573645
v 0.01006598 -0.04361785 -0.03355078
v 0.01010318 -0.04361785 -0.03447027
v 0.00930234 -0.04361785 -0.03368304
v 0.00933136 -0.04361785 -0.03440027
v 0.00930008 -0.04361785 -0.03189465
v 0.00780862 -0.04361785 -0.03084326
v 0.00862354 -0.04361785 -0.03127075
v 0.00754135 -0.04361785 -0.03157074
v 0.00817709 -0.04361785 -0.03190424
v 0.00599145 -0.04361785 -0.03067853
v 0.00691086 -0.04361785 -0.03064130
v 0.00612366 -0.04361785 -0.03144214
v 0.00684097 -0.04361785 -0.03141315
v 0.00543829 -0.04361785 -0.03165588
v 0.00511291 -0.04361785 -0.03095252
v 0.00483163 -0.04361785 -0.03203967
v 0.00433536 -0.04361785 -0.03144440
v 0.00328403 -0.04361785 -0.03293579
v 0.00371152 -0.04361785 -0.03212091
v 0.00401144 -0.04361785 -0.03320312
v 0.00434494 -0.04361785 -0.03256744
v 0.00308200 -0.04361785 -0.03383349
v 0.00388510 -0.04361785 -0.03640912
v 0.00339316 -0.04361785 -0.03563153
v 0.00448038 -0.04361785 -0.03591284
v 0.00409659 -0.04361785 -0.03530615
v 0.00537655 -0.04361785 -0.03746051
v 0.00456167 -0.04361785 -0.03703302
v 0.00564386 -0.04361785 -0.03673303
v 0.00500815 -0.04361785 -0.03639953
v 0.00627435 -0.04361785 -0.03766247
v 0.00634421 -0.04361785 -0.03689062
v 0.00433536 -0.04361785 -0.03144440
v 0.00431369 -0.04365171 -0.03141840
v 0.00308587 -0.04365171 -0.03475879
v 0.00884982 -0.04361785 -0.03685937
v 0.00887152 -0.04365171 -0.03688537
v 0.00881253 -0.04365171 -0.03571698
v 0.00833188 -0.04365171 -0.03623810
v 0.00634729 -0.04365171 -0.03685693
v 0.00773270 -0.04365171 -0.03661719
v 0.00705579 -0.04365171 -0.03682825
v 0.00565555 -0.04365171 -0.03670129
v 0.00502765 -0.04365171 -0.03637189
v 0.00450638 -0.04365171 -0.03589117
v 0.00391623 -0.04365171 -0.03461505
v 0.00388754 -0.04365171 -0.03390655
v 0.00404321 -0.04365171 -0.03321484
v 0.00485330 -0.04365171 -0.03206567
v 0.00612942 -0.04365171 -0.03147553
v 0.00545251 -0.04365171 -0.03168659
v 0.00752969 -0.04365171 -0.03160248
v 0.00815759 -0.04365171 -0.03193195
v 0.00867883 -0.04365171 -0.03241260
v 0.00905792 -0.04365171 -0.03301190
v 0.00926898 -0.04365171 -0.03368878
v 0.00929764 -0.04365171 -0.03439722
v 0.00914197 -0.04365171 -0.03508905
v 0.00485330 -0.04365171 -0.03206567
v 0.00483163 -0.04361785 -0.03203967
v 0.00833188 -0.04365171 -0.03623810
v 0.00835358 -0.04361785 -0.03626410
v -0.00919345 -0.04361785 -0.03522302
v -0.00919345 -0.04361785 -0.03522302
v -0.01266678 -0.04361785 -0.03582416
v -0.01239941 -0.04361785 -0.03509668
v -0.01169907 -0.04361785 -0.03525433
v -0.01176895 -0.04361785 -0.03602612
v -0.01098172 -0.04361785 -0.03522528
v -0.01084949 -0.04361785 -0.03598889
v -0.00919345 -0.04361785 -0.03522302
v -0.00997098 -0.04361785 -0.03571496
v -0.00968973 -0.04361785 -0.03462775
v -0.01029639 -0.04361785 -0.03501153
v -0.00814209 -0.04361785 -0.03373163
v -0.00856961 -0.04361785 -0.03454657
v -0.00886954 -0.04361785 -0.03346429
v -0.00920304 -0.04361785 -0.03410004
v -0.00794010 -0.04361785 -0.03283392
v -0.00874320 -0.04361785 -0.03025830
v -0.00825125 -0.04361785 -0.03103595
v -0.00933847 -0.04361785 -0.03075458
v -0.00895465 -0.04361785 -0.03136127
v -0.01023462 -0.04361785 -0.02920697
v -0.00941977 -0.04361785 -0.02963440
v -0.01050195 -0.04361785 -0.02993439
v -0.00986624 -0.04361785 -0.03026788
v -0.01120230 -0.04361785 -0.02977680
v -0.01113242 -0.04361785 -0.02900494
v -0.01191965 -0.04361785 -0.02980585
v -0.01205188 -0.04361785 -0.02904218
v -0.01370792 -0.04361785 -0.02980805
v -0.01293039 -0.04361785 -0.02931616
v -0.01321164 -0.04361785 -0.03040332
v -0.01260498 -0.04361785 -0.03001953
v -0.01475928 -0.04361785 -0.03129944
v -0.01433179 -0.04361785 -0.03048456
v -0.01403183 -0.04361785 -0.03156677
v -0.01369833 -0.04361785 -0.03093109
v -0.01492404 -0.04361785 -0.03311670
v -0.01415817 -0.04361785 -0.03477276
v -0.01465012 -0.04361785 -0.03399518
v -0.01394672 -0.04361785 -0.03366986
v -0.01356290 -0.04361785 -0.03427649
v -0.01348163 -0.04361785 -0.03539667
v -0.01303513 -0.04361785 -0.03476318
v -0.01468085 -0.04365171 -0.03400940
v -0.02261612 -0.04365171 -0.00591382
v -0.02298523 -0.04365171 -0.02067987
v -0.02302832 -0.04365171 -0.02058295
v -0.02352496 -0.04365171 -0.01979785
v -0.03031867 -0.04365171 -0.00595410
v -0.03030524 -0.04365171 -0.00572162
v -0.03052264 -0.04365171 -0.00686047
v -0.02420801 -0.04365171 -0.01916797
v -0.02503076 -0.04365171 -0.01873639
v -0.03095422 -0.04365171 -0.00768317
v -0.03158408 -0.04365171 -0.00836615
v -0.02686545 -0.04365171 -0.01857007
v -0.02593713 -0.04365171 -0.01853247
v -0.03236920 -0.04365171 -0.00886285
v -0.02775235 -0.04365171 -0.01884668
v -0.03325613 -0.04365171 -0.00913940
v -0.02853735 -0.04365171 -0.01934332
v -0.02916721 -0.04365171 -0.02002631
v -0.03418442 -0.04365171 -0.00917694
v -0.03509079 -0.04365171 -0.00897302
v -0.02959879 -0.04365171 -0.02084900
v -0.02980277 -0.04365171 -0.02175537
v -0.03591348 -0.04365171 -0.00854144
v -0.05345865 -0.04365171 -0.02467706
v -0.02976520 -0.04365171 -0.02268366
v -0.03659646 -0.04365171 -0.00791156
v -0.02948865 -0.04365171 -0.02357056
v -0.04514166 -0.04365171 -0.03782306
v -0.03709317 -0.04365171 -0.00712646
v -0.05808960 -0.04365171 -0.00982678
v -0.05872220 -0.04365171 -0.00501123
v -0.03742071 -0.04365171 -0.00554376
v -0.03736972 -0.04365171 -0.00623950
v -0.03370553 -0.04365171 -0.04836835
v -0.02334970 -0.04365171 -0.02412726
v -0.02305911 -0.04365171 -0.02363550
v -0.02565161 -0.04365171 -0.02558350
v -0.02476468 -0.04365171 -0.02530695
v -0.02397955 -0.04365171 -0.02481024
v -0.02899194 -0.04365171 -0.02435571
v -0.02657990 -0.04365171 -0.02562109
v 0.03286862 -0.04365171 -0.00823285
v 0.03198172 -0.04365171 -0.00850940
v 0.03306140 -0.04365171 0.00339490
v 0.03237833 -0.04365171 0.00402478
v 0.03119656 -0.04365171 -0.00900611
v 0.02710123 -0.04365171 0.00650397
v 0.03056674 -0.04365171 -0.00968903
v 0.03188168 -0.04365171 0.00480987
v 0.03013513 -0.04365171 -0.01051178
v 0.03155408 -0.04365171 0.00639264
v 0.03160510 -0.04365171 0.00569678
v 0.02993118 -0.04365171 -0.01141815
v 0.02154294 -0.04365171 -0.02331720
v 0.02075781 -0.04365171 -0.02381390
v -0.02227484 -0.04365171 0.00773822
v 0.02242987 -0.04365171 -0.02304065
v 0.02012796 -0.04365171 -0.02449689
v -0.02275174 -0.04365171 -0.02146991
v 0.01969635 -0.04365171 -0.02531958
v 0.02996875 -0.04365171 -0.01234644
v -0.02271414 -0.04365171 -0.02239819
v -0.02291809 -0.04365171 -0.02330457
v 0.01949240 -0.04365171 -0.02622595
v 0.03024530 -0.04365171 -0.01323340
v 0.03074197 -0.04365171 -0.01401849
v 0.02335816 -0.04365171 -0.02300305
v 0.03142502 -0.04365171 -0.01464838
v 0.02426453 -0.04365171 -0.02320703
v 0.02508722 -0.04365171 -0.02363861
v 0.03315414 -0.04365171 -0.01528394
v 0.02654346 -0.04365171 -0.02594049
v 0.02626691 -0.04365171 -0.02505359
v -0.02400122 -0.04361785 -0.02478430
v -0.02449750 -0.04361785 -0.02418903
v -0.02337738 -0.04361785 -0.02410779
v -0.02401080 -0.04361785 -0.02366126
v -0.02367731 -0.04361785 -0.02302551
v -0.02294986 -0.04361785 -0.02329291
v -0.02278510 -0.04361785 -0.02147565
v -0.02274786 -0.04361785 -0.02239514
v -0.02351968 -0.04361785 -0.02232513
v -0.02305902 -0.04361785 -0.02059717
v -0.02504242 -0.04361785 -0.01876819
v -0.02422754 -0.04361785 -0.01919568
v -0.02530972 -0.04361785 -0.01949561
v -0.02685965 -0.04361785 -0.01860346
v -0.02594019 -0.04361785 -0.01856616
v -0.02672742 -0.04361785 -0.01936707
v -0.02601007 -0.04361785 -0.01933801
v -0.02851569 -0.04361785 -0.01936932
v -0.02773816 -0.04361785 -0.01887738
v -0.02801941 -0.04361785 -0.01996454
v -0.02741275 -0.04361785 -0.01958075
v -0.02467401 -0.04361785 -0.01982910
v -0.02354874 -0.04361785 -0.02160785
v -0.02278510 -0.04361785 -0.02147565
v -0.02851569 -0.04361785 -0.01936932
v -0.02851569 -0.04361785 -0.01936932
v -0.02850610 -0.04361785 -0.02049231
v -0.02913953 -0.04361785 -0.02004578
v -0.02883960 -0.04361785 -0.02112805
v -0.02956702 -0.04361785 -0.02086066
v -0.02973184 -0.04361785 -0.02267786
v -0.02976904 -0.04361785 -0.02175842
v -0.02899722 -0.04361785 -0.02182843
v -0.02945792 -0.04361785 -0.02355634
v -0.02896817 -0.04361785 -0.02254572
v -0.02747458 -0.04361785 -0.02538538
v -0.02828946 -0.04361785 -0.02495789
v -0.02784293 -0.04361785 -0.02432446
v -0.02565738 -0.04361785 -0.02555017
v -0.02657684 -0.04361785 -0.02558740
v -0.02650684 -0.04361785 -0.02481555
v -0.02578952 -0.04361785 -0.02478650
v -0.02477890 -0.04361785 -0.02527625
v -0.02510419 -0.04361785 -0.02457282
v -0.02720722 -0.04361785 -0.02465796
v -0.02397955 -0.04365171 -0.02481024
v -0.02400122 -0.04361785 -0.02478430
v -0.02449750 -0.04361785 -0.02418903
v -0.02449750 -0.04361785 -0.02418903
v -0.02451917 -0.04365171 -0.02416303
v -0.02511841 -0.04365171 -0.02454211
v -0.02579532 -0.04365171 -0.02475317
v -0.02719553 -0.04365171 -0.02462616
v -0.02650378 -0.04365171 -0.02478186
v -0.02782343 -0.04365171 -0.02429675
v -0.02834470 -0.04365171 -0.02381610
v -0.02872376 -0.04365171 -0.02321686
v -0.02893482 -0.04365171 -0.02253992
v -0.02847846 -0.04365171 -0.02051184
v -0.02896350 -0.04365171 -0.02183148
v -0.02880783 -0.04365171 -0.02113971
v -0.02799774 -0.04365171 -0.01999054
v -0.02739856 -0.04365171 -0.01961151
v -0.02672165 -0.04365171 -0.01940039
v -0.02532141 -0.04365171 -0.01952741
v -0.02469351 -0.04365171 -0.01985675
v -0.02417224 -0.04365171 -0.02033746
v -0.02358209 -0.04365171 -0.02161365
v -0.02355341 -0.04365171 -0.02232208
v -0.02370908 -0.04365171 -0.02301386
v -0.02801941 -0.04361785 -0.01996454
v -0.02799774 -0.04365171 -0.01999054
v -0.03740729 -0.04365171 -0.00531122
v -0.05871915 -0.04365171 0.00571613
v -0.03720331 -0.04365171 -0.00440484
v -0.05759143 -0.04365171 0.01304468
v -0.03545679 -0.04365171 0.01091681
v -0.03578436 -0.04365171 0.01249957
v -0.03573334 -0.04365171 0.01180371
v -0.03677173 -0.04365171 -0.00358215
v -0.03496011 -0.04365171 0.01013171
v -0.03614191 -0.04365171 -0.00289917
v -0.03427707 -0.04365171 0.00950183
v -0.03535687 -0.04365171 -0.00240253
v -0.03345434 -0.04365171 0.00907025
v -0.03446997 -0.04365171 -0.00212598
v -0.03254794 -0.04365171 0.00886633
v -0.03354166 -0.04365171 -0.00208838
v -0.03161966 -0.04365171 0.00890393
v -0.03263528 -0.04365171 -0.00229230
v -0.03181256 -0.04365171 -0.00272388
v -0.03073273 -0.04365171 0.00918048
v -0.03112949 -0.04365171 -0.00335376
v -0.02994772 -0.04365171 0.00967713
v -0.03063284 -0.04365171 -0.00413885
v -0.02931787 -0.04365171 0.01036011
v -0.03035626 -0.04365171 -0.00502576
v -0.02866888 -0.04365171 0.01232166
v -0.03035239 -0.04361785 -0.00595105
v -0.03733636 -0.04361785 -0.00623376
v -0.03657269 -0.04361785 -0.00610156
v -0.03635901 -0.04361785 -0.00678692
v -0.03706244 -0.04361785 -0.00711224
v -0.03597522 -0.04361785 -0.00739361
v -0.03657046 -0.04361785 -0.00788989
v -0.03507910 -0.04361785 -0.00894122
v -0.03589398 -0.04361785 -0.00851373
v -0.03544745 -0.04361785 -0.00788031
v -0.03326190 -0.04361785 -0.00910602
v -0.03418136 -0.04361785 -0.00914325
v -0.03339404 -0.04361785 -0.00834241
v -0.03411136 -0.04361785 -0.00837140
v -0.03238342 -0.04361785 -0.00883215
v -0.03055441 -0.04361785 -0.00684875
v -0.03098190 -0.04361785 -0.00766363
v -0.03128183 -0.04361785 -0.00658142
v -0.03161533 -0.04361785 -0.00721716
v -0.03038962 -0.04361785 -0.00503155
v -0.03035239 -0.04361785 -0.00595105
v -0.03112421 -0.04361785 -0.00588104
v -0.03115326 -0.04361785 -0.00516376
v -0.03481174 -0.04361785 -0.00821381
v -0.03136697 -0.04361785 -0.00447839
v -0.03066354 -0.04361785 -0.00415308
v -0.03175076 -0.04361785 -0.00387170
v -0.03115549 -0.04361785 -0.00337543
v -0.03264694 -0.04361785 -0.00232403
v -0.03183206 -0.04361785 -0.00275152
v -0.03291424 -0.04361785 -0.00305151
v -0.03227853 -0.04361785 -0.00338501
v -0.03446417 -0.04361785 -0.00215930
v -0.03354471 -0.04361785 -0.00212207
v -0.03433194 -0.04361785 -0.00292297
v -0.03361459 -0.04361785 -0.00289392
v -0.03612021 -0.04361785 -0.00292517
v -0.03717154 -0.04361785 -0.00441656
v -0.03674405 -0.04361785 -0.00360168
v -0.03644412 -0.04361785 -0.00468390
v -0.03611063 -0.04361785 -0.00404822
v -0.03737356 -0.04361785 -0.00531427
v -0.03660174 -0.04361785 -0.00538428
v -0.03612021 -0.04361785 -0.00292517
v -0.03612021 -0.04361785 -0.00292517
v -0.03736972 -0.04365171 -0.00623950
v -0.03158408 -0.04365171 -0.00836615
v -0.03158408 -0.04365171 -0.00836615
v -0.03212369 -0.04365171 -0.00771887
v -0.03272293 -0.04365171 -0.00809796
v -0.03339984 -0.04365171 -0.00830902
v -0.03410831 -0.04365171 -0.00833771
v -0.03480005 -0.04365171 -0.00818207
v -0.03542795 -0.04365171 -0.00785266
v -0.03594922 -0.04365171 -0.00737195
v -0.03653937 -0.04365171 -0.00609582
v -0.03656802 -0.04365171 -0.00538733
v -0.03641235 -0.04365171 -0.00469562
v -0.03608298 -0.04365171 -0.00406769
v -0.03560226 -0.04365171 -0.00354645
v -0.03361764 -0.04365171 -0.00292761
v -0.03500308 -0.04365171 -0.00316736
v -0.03432617 -0.04365171 -0.00295630
v -0.03292593 -0.04365171 -0.00308325
v -0.03229803 -0.04365171 -0.00341266
v -0.03177676 -0.04365171 -0.00389337
v -0.03118662 -0.04365171 -0.00516949
v -0.03115793 -0.04365171 -0.00587799
v -0.03131360 -0.04365171 -0.00656976
v -0.03560226 -0.04365171 -0.00354645
v -0.03562393 -0.04361785 -0.00352045
v -0.03210202 -0.04361785 -0.00774487
v -0.03212369 -0.04365171 -0.00771887
v -0.05808960 -0.04365171 -0.00982678
v -0.05417825 -0.04236271 -0.02500989
v -0.03416229 -0.04236271 -0.04901636
v -0.04043750 -0.04236271 -0.04393231
v -0.05030774 -0.04236271 -0.03209344
v -0.05249643 -0.03622245 -0.03348303
v -0.05356131 -0.03444999 -0.03416101
v -0.06963318 -0.02260053 -0.03215753
v -0.06466981 -0.02260053 -0.04124084
v -0.05882884 -0.02260053 -0.04923505
v -0.07671795 -0.02260053 -0.00284076
v -0.07564911 -0.02260053 -0.01286603
v -0.07323384 -0.02260053 -0.02283533
v -0.07646692 -0.02260053 0.00732526
v -0.07488539 -0.02260053 0.01737067
v -0.07203086 -0.02260053 0.02704022
v -0.06786191 -0.02260053 0.03641255
v -0.03186615 -0.02260053 0.07059424
v -0.04094940 -0.02260053 0.06563135
v -0.04894360 -0.02260053 0.05979089
v -0.02254407 -0.02260053 0.07419452
v -0.06264316 -0.02260053 0.04493530
v -0.06786157 -0.02260053 0.03641316
v -0.04872586 -0.04236271 0.03512445
v -0.05604849 -0.04236271 0.02116583
v -0.02187680 -0.04365171 0.02366065
v -0.02210919 -0.04365171 0.02367407
v -0.02871991 -0.04365171 0.01301752
v -0.02899649 -0.04365171 0.01390442
v -0.02301560 -0.04365171 0.02387799
v -0.02949313 -0.04365171 0.01468951
v -0.02383832 -0.04365171 0.02430957
v -0.03017621 -0.04365171 0.01531940
v -0.02452136 -0.04365171 0.02493945
v -0.03099893 -0.04365171 0.01575098
v -0.02501804 -0.04365171 0.02572455
v -0.03190534 -0.04365171 0.01595496
v -0.02529459 -0.04365171 0.02661151
v -0.03283362 -0.04365171 0.01591730
v -0.02533218 -0.04365171 0.02753980
v -0.03372055 -0.04365171 0.01564075
v -0.02512824 -0.04365171 0.02844617
v -0.04807794 -0.04365171 0.03466755
v -0.03450555 -0.04365171 0.01514410
v -0.03513537 -0.04365171 0.01446112
v -0.05530435 -0.04365171 0.02089233
v -0.03577093 -0.04365171 0.01273206
v -0.03556698 -0.04365171 0.01363843
v -0.02438626 -0.04365171 0.05441943
v -0.02158762 -0.04365171 0.03522900
v -0.02107242 -0.04365171 0.05583197
v -0.02169894 -0.04365171 0.03077612
v -0.02239487 -0.04365171 0.03072510
v -0.02328177 -0.04365171 0.03044849
v -0.03573334 -0.04365171 0.01180371
v -0.02996939 -0.04361785 0.00970313
v -0.02994772 -0.04365171 0.00967713
v -0.02868234 -0.04365171 0.01208917
v -0.02891806 -0.04361785 0.01119452
v -0.02964548 -0.04361785 0.01146185
v -0.02948789 -0.04361785 0.01216223
v -0.02871603 -0.04361785 0.01209222
v -0.02951691 -0.04361785 0.01287958
v -0.02875327 -0.04361785 0.01301172
v -0.02951914 -0.04361785 0.01466785
v -0.02902719 -0.04361785 0.01389026
v -0.03011441 -0.04361785 0.01417157
v -0.02973062 -0.04361785 0.01356488
v -0.03101059 -0.04361785 0.01571924
v -0.03019571 -0.04361785 0.01529175
v -0.03127792 -0.04361785 0.01499176
v -0.03064218 -0.04361785 0.01465826
v -0.03282785 -0.04361785 0.01588397
v -0.03448389 -0.04361785 0.01511810
v -0.03370633 -0.04361785 0.01560999
v -0.03398761 -0.04361785 0.01452283
v -0.03338095 -0.04361785 0.01490662
v -0.03553522 -0.04361785 0.01362671
v -0.03510773 -0.04361785 0.01444159
v -0.03480780 -0.04361785 0.01335937
v -0.03447430 -0.04361785 0.01399506
v -0.03448389 -0.04361785 0.01511810
v -0.03450555 -0.04365171 0.01514410
v -0.03496539 -0.04361785 0.01265900
v -0.03573721 -0.04361785 0.01272900
v -0.03493637 -0.04361785 0.01194165
v -0.03570001 -0.04361785 0.01180951
v -0.03493411 -0.04361785 0.01015338
v -0.03542605 -0.04361785 0.01093097
v -0.03433887 -0.04361785 0.01064966
v -0.03472266 -0.04361785 0.01125635
v -0.03344266 -0.04361785 0.00910199
v -0.03425757 -0.04361785 0.00952948
v -0.03317535 -0.04361785 0.00982947
v -0.03381110 -0.04361785 0.01016296
v -0.03162543 -0.04361785 0.00893726
v -0.02996939 -0.04361785 0.00970313
v -0.03074695 -0.04361785 0.00921124
v -0.03046567 -0.04361785 0.01029840
v -0.03107233 -0.04361785 0.00991461
v -0.02934555 -0.04361785 0.01037964
v -0.02997897 -0.04361785 0.01082617
v -0.03000665 -0.04365171 0.01084564
v -0.03048734 -0.04365171 0.01032440
v -0.03176346 -0.04365171 0.00973425
v -0.03108655 -0.04365171 0.00994532
v -0.03316370 -0.04365171 0.00986121
v -0.03379159 -0.04365171 0.01019061
v -0.03431287 -0.04365171 0.01067133
v -0.03490301 -0.04365171 0.01194745
v -0.03493167 -0.04365171 0.01265594
v -0.03477603 -0.04365171 0.01334766
v -0.03396591 -0.04365171 0.01449683
v -0.03444662 -0.04365171 0.01397559
v -0.03336673 -0.04365171 0.01487592
v -0.03268982 -0.04365171 0.01508697
v -0.03128958 -0.04365171 0.01496002
v -0.03066168 -0.04365171 0.01463062
v -0.03014041 -0.04365171 0.01414990
v -0.02976132 -0.04365171 0.01355072
v -0.02955026 -0.04365171 0.01287378
v -0.02967725 -0.04365171 0.01147357
v -0.02952158 -0.04365171 0.01216528
v -0.03396591 -0.04365171 0.01449683
v -0.03398761 -0.04361785 0.01452283
v -0.03048734 -0.04365171 0.01032440
v -0.03046567 -0.04361785 0.01029840
v -0.02146655 -0.04365171 0.03076270
v -0.00890149 -0.04365171 0.03491186
v -0.01973743 -0.04365171 0.03012720
v -0.01905438 -0.04365171 0.02949732
v -0.00885049 -0.04365171 0.03421606
v -0.02056018 -0.04365171 0.03055878
v -0.00857394 -0.04365171 0.03332916
v -0.00807724 -0.04365171 0.03254401
v -0.01855774 -0.04365171 0.02871222
v -0.00739426 -0.04365171 0.03191419
v -0.01828116 -0.04365171 0.02782526
v -0.00657156 -0.04365171 0.03148254
v -0.01824356 -0.04365171 0.02689697
v -0.00566519 -0.04365171 0.03127863
v -0.01844751 -0.04365171 0.02599060
v -0.00473691 -0.04365171 0.03131616
v -0.01887912 -0.04365171 0.02516791
v -0.00384997 -0.04365171 0.03159271
v 0.01147183 -0.04365171 0.02984619
v -0.01950897 -0.04365171 0.02448493
v -0.02029398 -0.04365171 0.02398828
v -0.02118091 -0.04365171 0.02371167
v 0.02718597 -0.04365171 0.01920349
v 0.02741837 -0.04365171 0.01919006
v 0.02627960 -0.04365171 0.01940741
v 0.02545685 -0.04365171 0.01983899
v 0.02477380 -0.04365171 0.02046887
v -0.00306485 -0.04365171 0.03208942
v 0.01064908 -0.04365171 0.03027777
v -0.00243500 -0.04365171 0.03277240
v 0.00996604 -0.04365171 0.03090765
v 0.02427716 -0.04365171 0.02125397
v 0.02400058 -0.04365171 0.02214093
v 0.01237820 -0.04365171 0.02964227
v -0.00200342 -0.04365171 0.03359515
v 0.00946939 -0.04365171 0.03169275
v -0.00179947 -0.04365171 0.03450146
v -0.00178601 -0.04365171 0.03473395
v 0.00915522 -0.04365171 0.03350799
v 0.00937439 -0.04365171 0.03445502
v 0.00935916 -0.04365171 0.03441437
v 0.00919281 -0.04365171 0.03257965
v 0.02396298 -0.04365171 0.02306921
v 0.01330649 -0.04365171 0.02967987
v 0.02459854 -0.04365171 0.02479828
v 0.02759622 -0.04365171 0.02630554
v 0.02690033 -0.04365171 0.02625452
v 0.01620627 -0.04365171 0.03379339
v 0.01608389 -0.04365171 0.03428723
v 0.01624384 -0.04365171 0.03286511
v 0.02601340 -0.04365171 0.02597791
v 0.02522839 -0.04365171 0.02548126
v 0.01603986 -0.04365171 0.03195874
v 0.01560828 -0.04365171 0.03113605
v -0.02118091 -0.04365171 0.02371167
v -0.01953064 -0.04361785 0.02451093
v -0.01953064 -0.04361785 0.02451093
v -0.02449536 -0.04361785 0.02496112
v -0.02390012 -0.04361785 0.02545740
v -0.02381882 -0.04361785 0.02433728
v -0.02337232 -0.04361785 0.02497070
v -0.02273660 -0.04361785 0.02463721
v -0.02300391 -0.04361785 0.02390979
v -0.02118668 -0.04361785 0.02374506
v -0.02210614 -0.04361785 0.02370776
v -0.02131891 -0.04361785 0.02450867
v -0.02203626 -0.04361785 0.02447961
v -0.01953064 -0.04361785 0.02451093
v -0.02030817 -0.04361785 0.02401898
v -0.02002692 -0.04361785 0.02510614
v -0.02063358 -0.04361785 0.02472235
v -0.01890680 -0.04361785 0.02518738
v -0.01831451 -0.04361785 0.02781952
v -0.01827728 -0.04361785 0.02690003
v -0.01907816 -0.04361785 0.02768732
v -0.01904910 -0.04361785 0.02697003
v -0.01908038 -0.04361785 0.02947565
v -0.01858844 -0.04361785 0.02869800
v -0.01929184 -0.04361785 0.02837268
v -0.01967566 -0.04361785 0.02897937
v -0.02020343 -0.04361785 0.02946607
v -0.01975696 -0.04361785 0.03009955
v -0.02083914 -0.04361785 0.02979956
v -0.02057184 -0.04361785 0.03052698
v -0.02238907 -0.04361785 0.03069171
v -0.02146961 -0.04361785 0.03072900
v -0.02225684 -0.04361785 0.02992810
v -0.02153949 -0.04361785 0.02995715
v -0.02404511 -0.04361785 0.02992590
v -0.02326758 -0.04361785 0.03041779
v -0.02354883 -0.04361785 0.02933063
v -0.02294217 -0.04361785 0.02971442
v -0.02466898 -0.04361785 0.02924939
v -0.02526123 -0.04361785 0.02661725
v -0.02529846 -0.04361785 0.02753674
v -0.02449759 -0.04361785 0.02674945
v -0.02452664 -0.04361785 0.02746674
v -0.02498731 -0.04361785 0.02573877
v -0.02428391 -0.04361785 0.02606409
v -0.02146655 -0.04365171 0.03076270
v -0.02406677 -0.04365171 0.02995184
v -0.02404511 -0.04361785 0.02992590
v -0.02004858 -0.04365171 0.02513214
v -0.02064777 -0.04365171 0.02475311
v -0.02132468 -0.04365171 0.02454199
v -0.02272492 -0.04365171 0.02466901
v -0.02203320 -0.04365171 0.02451331
v -0.02335281 -0.04365171 0.02499835
v -0.02425317 -0.04365171 0.02607831
v -0.02387412 -0.04365171 0.02547907
v -0.02446423 -0.04365171 0.02675525
v -0.02400787 -0.04365171 0.02878333
v -0.02449292 -0.04365171 0.02746368
v -0.02433725 -0.04365171 0.02815546
v -0.02352716 -0.04365171 0.02930463
v -0.02292798 -0.04365171 0.02968366
v -0.02225107 -0.04365171 0.02989478
v -0.02085083 -0.04365171 0.02976776
v -0.02022293 -0.04365171 0.02943842
v -0.01970166 -0.04365171 0.02895770
v -0.01911151 -0.04365171 0.02768158
v -0.01908283 -0.04365171 0.02697308
v -0.01923850 -0.04365171 0.02628131
v -0.02354883 -0.04361785 0.02933063
v -0.02352716 -0.04365171 0.02930463
v -0.02002692 -0.04361785 0.02510614
v -0.02004858 -0.04365171 0.02513214
v -0.00183703 -0.04365171 0.03542981
v -0.00211362 -0.04365171 0.03631671
v 0.00979077 -0.04365171 0.03523706
v -0.00261026 -0.04365171 0.03710181
v 0.01042062 -0.04365171 0.03592004
v 0.01120575 -0.04365171 0.03641675
v -0.00329333 -0.04365171 0.03773169
v 0.00600629 -0.04365171 0.05967895
v -0.00411606 -0.04365171 0.03816327
v 0.01209268 -0.04365171 0.03669330
v -0.00502243 -0.04365171 0.03836725
v -0.00953622 -0.04365171 0.05904980
v 0.01592972 -0.04365171 0.03468036
v 0.04639212 -0.04365171 0.03849213
v 0.05017273 -0.04365171 0.03343500
v 0.03495679 -0.04365171 0.04903766
v -0.00683764 -0.04365171 0.03805304
v -0.00762268 -0.04365171 0.03755640
v -0.00888806 -0.04365171 0.03514435
v -0.00868411 -0.04365171 0.03605072
v -0.00595074 -0.04365171 0.03832959
v 0.01543301 -0.04365171 0.03546545
v 0.01475003 -0.04365171 0.03609534
v -0.00825250 -0.04365171 0.03687341
v -0.02438626 -0.04365171 0.05441943
v -0.00196222 -0.03622245 0.06325470
v -0.00201407 -0.03444999 0.06451606
v -0.01257492 -0.02260053 0.07660939
v -0.00254992 -0.02260053 0.07767792
v 0.00761582 -0.02260053 0.07742670
v 0.04522450 -0.02260053 0.06360290
v 0.03670218 -0.02260053 0.06882147
v 0.02733014 -0.02260053 0.07299042
v 0.04522397 -0.02260053 0.06360327
v 0.01766092 -0.02260053 0.07584503
v 0.02278207 -0.03444999 0.06062762
v 0.02234662 -0.03622245 0.05944275
v 0.05933871 -0.04365171 0.01049615
v 0.06007977 -0.02260053 0.04990356
v 0.05326669 -0.02260053 0.05708691
v 0.04430613 -0.03444999 0.04743127
v 0.04344769 -0.03622245 0.04650568
v 0.03156751 -0.04365171 0.00662512
v 0.03220306 -0.04365171 0.00835419
v 0.03283292 -0.04365171 0.00903717
v 0.02811429 -0.04365171 0.01924109
v 0.03177149 -0.04365171 0.00753149
v 0.02900119 -0.04365171 0.01951770
v 0.02978619 -0.04365171 0.02001434
v 0.03361804 -0.04365171 0.00953387
v 0.03041605 -0.04365171 0.02069733
v 0.03450497 -0.04365171 0.00981042
v 0.03084766 -0.04365171 0.02152002
v 0.03543326 -0.04365171 0.00984796
v 0.03105161 -0.04365171 0.02242639
v 0.03633963 -0.04365171 0.00964404
v 0.03101401 -0.04365171 0.02335468
v 0.05470837 -0.04365171 0.02534619
v 0.03716232 -0.04365171 0.00921246
v 0.03073746 -0.04365171 0.02424164
v 0.03784531 -0.04365171 0.00858258
v 0.03834201 -0.04365171 0.00779748
v 0.05933871 -0.04365171 0.01049615
v 0.03861856 -0.04365171 0.00691052
v 0.03024078 -0.04365171 0.02502673
v 0.02782861 -0.04365171 0.02629211
v 0.03862240 -0.04361785 0.00598529
v 0.03858520 -0.04361785 0.00690478
v 0.03782153 -0.04361785 0.00677264
v 0.03760785 -0.04361785 0.00745795
v 0.03831128 -0.04361785 0.00778326
v 0.03722406 -0.04361785 0.00806464
v 0.03781930 -0.04361785 0.00856091
v 0.03632794 -0.04361785 0.00961224
v 0.03714282 -0.04361785 0.00918475
v 0.03669626 -0.04361785 0.00855133
v 0.03543021 -0.04361785 0.00981427
v 0.03606055 -0.04361785 0.00888483
v 0.03285458 -0.04361785 0.00901117
v 0.03363226 -0.04361785 0.00950317
v 0.03395752 -0.04361785 0.00879968
v 0.03180325 -0.04361785 0.00751977
v 0.03223074 -0.04361785 0.00833465
v 0.03253067 -0.04361785 0.00725244
v 0.03286417 -0.04361785 0.00788818
v 0.03163846 -0.04361785 0.00570258
v 0.03160123 -0.04361785 0.00662207
v 0.03237305 -0.04361785 0.00655206
v 0.03240210 -0.04361785 0.00583478
v 0.03335086 -0.04361785 0.00841589
v 0.03283292 -0.04365171 0.00903717
v 0.03283292 -0.04365171 0.00903717
v 0.03261578 -0.04361785 0.00514941
v 0.03191238 -0.04361785 0.00482410
v 0.03299960 -0.04361785 0.00454272
v 0.03240433 -0.04361785 0.00404645
v 0.03389578 -0.04361785 0.00299505
v 0.03308090 -0.04361785 0.00342254
v 0.03416305 -0.04361785 0.00372253
v 0.03352734 -0.04361785 0.00405603
v 0.03571301 -0.04361785 0.00283032
v 0.03479355 -0.04361785 0.00279309
v 0.03558075 -0.04361785 0.00359399
v 0.03486343 -0.04361785 0.00356494
v 0.03736905 -0.04361785 0.00359619
v 0.03842038 -0.04361785 0.00508758
v 0.03799289 -0.04361785 0.00427270
v 0.03769299 -0.04361785 0.00535492
v 0.03735947 -0.04361785 0.00471924
v 0.03862240 -0.04361785 0.00598529
v 0.03785058 -0.04361785 0.00605530
v 0.02976453 -0.04361785 0.02004034
v 0.02976453 -0.04361785 0.02004034
v 0.02976453 -0.04361785 0.02004034
v 0.02926825 -0.04361785 0.02063556
v 0.02975494 -0.04361785 0.02116333
v 0.03038840 -0.04361785 0.02071680
v 0.03008844 -0.04361785 0.02179907
v 0.03081589 -0.04361785 0.02153168
v 0.03098065 -0.04361785 0.02334894
v 0.03101788 -0.04361785 0.02242944
v 0.03024606 -0.04361785 0.02249945
v 0.03021478 -0.04361785 0.02500507
v 0.03070673 -0.04361785 0.02422742
v 0.02961954 -0.04361785 0.02450879
v 0.03000333 -0.04361785 0.02390210
v 0.02872333 -0.04361785 0.02605640
v 0.02690610 -0.04361785 0.02622113
v 0.02782556 -0.04361785 0.02625842
v 0.02703833 -0.04361785 0.02545752
v 0.02775568 -0.04361785 0.02548657
v 0.02525006 -0.04361785 0.02545532
v 0.02602759 -0.04361785 0.02594721
v 0.02574634 -0.04361785 0.02486005
v 0.02635300 -0.04361785 0.02524384
v 0.03021701 -0.04361785 0.02321674
v 0.02782556 -0.04361785 0.02625842
v 0.01617291 -0.04361785 0.03378766
v 0.01148346 -0.04361785 0.02987799
v 0.01175076 -0.04361785 0.03060541
v 0.01245114 -0.04361785 0.03044782
v 0.01238126 -0.04361785 0.02967597
v 0.01316846 -0.04361785 0.03047687
v 0.01330072 -0.04361785 0.02971320
v 0.01495676 -0.04361785 0.03047907
v 0.01417923 -0.04361785 0.02998718
v 0.01446048 -0.04361785 0.03107434
v 0.01385379 -0.04361785 0.03069055
v 0.01600809 -0.04361785 0.03197046
v 0.01558060 -0.04361785 0.03115558
v 0.01528067 -0.04361785 0.03223779
v 0.01494717 -0.04361785 0.03160211
v 0.01621011 -0.04361785 0.03286816
v 0.01540701 -0.04361785 0.03544379
v 0.01589899 -0.04361785 0.03466614
v 0.01519556 -0.04361785 0.03434088
v 0.01481174 -0.04361785 0.03494751
v 0.01391565 -0.04361785 0.03649512
v 0.01473053 -0.04361785 0.03606763
v 0.01428397 -0.04361785 0.03543420
v 0.01364825 -0.04361785 0.03576770
v 0.01294791 -0.04361785 0.03592535
v 0.01301791 -0.04361785 0.03669714
v 0.01223056 -0.04361785 0.03589630
v 0.01209845 -0.04361785 0.03665991
v 0.01044229 -0.04361785 0.03589404
v 0.01121997 -0.04361785 0.03638605
v 0.01154523 -0.04361785 0.03568255
v 0.00939093 -0.04361785 0.03440265
v 0.00981845 -0.04361785 0.03521759
v 0.01011838 -0.04361785 0.03413531
v 0.01045187 -0.04361785 0.03477106
v 0.00918894 -0.04361785 0.03350494
v 0.00999204 -0.04361785 0.03092932
v 0.00950009 -0.04361785 0.03170697
v 0.01058731 -0.04361785 0.03142560
v 0.01020349 -0.04361785 0.03203229
v 0.01066861 -0.04361785 0.03030542
v 0.01111505 -0.04361785 0.03093890
v 0.01093857 -0.04361785 0.03529877
v 0.01042062 -0.04365171 0.03592004
v 0.01044229 -0.04361785 0.03589404
v 0.00935916 -0.04365171 0.03441437
v -0.00179947 -0.04365171 0.03450146
v -0.00474267 -0.04361785 0.03134955
v -0.00487485 -0.04361785 0.03211316
v -0.00386420 -0.04361785 0.03162347
v -0.00418948 -0.04361785 0.03232690
v -0.00358279 -0.04361785 0.03271069
v -0.00308652 -0.04361785 0.03211542
v -0.00203519 -0.04361785 0.03360681
v -0.00246268 -0.04361785 0.03279193
v -0.00276260 -0.04361785 0.03387414
v -0.00309610 -0.04361785 0.03323846
v -0.00187039 -0.04361785 0.03542401
v -0.00183316 -0.04361785 0.03450452
v -0.00263403 -0.04361785 0.03529181
v -0.00260501 -0.04361785 0.03457452
v -0.00263626 -0.04361785 0.03708014
v -0.00412771 -0.04361785 0.03813153
v -0.00331283 -0.04361785 0.03770404
v -0.00439502 -0.04361785 0.03740405
v -0.00375928 -0.04361785 0.03707056
v -0.00594488 -0.04361785 0.03829626
v -0.00502551 -0.04361785 0.03833349
v -0.00581268 -0.04361785 0.03753265
v -0.00509537 -0.04361785 0.03756164
v -0.00760098 -0.04361785 0.03753039
v -0.00760098 -0.04361785 0.03753039
v -0.00649801 -0.04361785 0.03731897
v -0.00682345 -0.04361785 0.03802228
v -0.00710473 -0.04361785 0.03693512
v -0.00760098 -0.04361785 0.03753039
v -0.00865234 -0.04361785 0.03603906
v -0.00822485 -0.04361785 0.03685394
v -0.00759140 -0.04361785 0.03640741
v -0.00885434 -0.04361785 0.03514130
v -0.00792493 -0.04361785 0.03577167
v -0.00805124 -0.04361785 0.03256567
v -0.00854321 -0.04361785 0.03334332
v -0.00745599 -0.04361785 0.03306195
v -0.00655987 -0.04361785 0.03151434
v -0.00737475 -0.04361785 0.03194183
v -0.00629251 -0.04361785 0.03224176
v -0.00692822 -0.04361785 0.03257526
v -0.00566214 -0.04361785 0.03131232
v -0.00559213 -0.04361785 0.03208417
v -0.00783978 -0.04361785 0.03366864
v -0.00885049 -0.04365171 0.03421606
v -0.00308652 -0.04361785 0.03211542
v -0.00306485 -0.04365171 0.03208942
v -0.00360446 -0.04365171 0.03273669
v -0.00420370 -0.04365171 0.03235760
v -0.00488061 -0.04365171 0.03214654
v -0.00558908 -0.04365171 0.03211786
v -0.00628082 -0.04365171 0.03227350
v -0.00690872 -0.04365171 0.03260290
v -0.00742999 -0.04365171 0.03308362
v -0.00802014 -0.04365171 0.03435974
v -0.00804880 -0.04365171 0.03506824
v -0.00789316 -0.04365171 0.03576001
v -0.00756375 -0.04365171 0.03638788
v -0.00708304 -0.04365171 0.03690912
v -0.00648382 -0.04365171 0.03728821
v -0.00580691 -0.04365171 0.03749927
v -0.00509845 -0.04365171 0.03752795
v -0.00440668 -0.04365171 0.03737231
v -0.00377878 -0.04365171 0.03704291
v -0.00325754 -0.04365171 0.03656219
v -0.00266739 -0.04365171 0.03528607
v -0.00279437 -0.04365171 0.03388586
v -0.00263870 -0.04365171 0.03457757
v -0.00710473 -0.04361785 0.03693512
v -0.00708304 -0.04365171 0.03690912
v -0.00360446 -0.04365171 0.03273669
v -0.00358279 -0.04361785 0.03271069
v 0.01495676 -0.04361785 0.03047907
v 0.01497842 -0.04365171 0.03045306
v 0.01491952 -0.04365171 0.03162158
v 0.01443881 -0.04365171 0.03110034
v 0.01383960 -0.04365171 0.03072125
v 0.01316269 -0.04365171 0.03051019
v 0.01176245 -0.04365171 0.03063721
v 0.01113455 -0.04365171 0.03096655
v 0.01061331 -0.04365171 0.03144727
v 0.01002316 -0.04365171 0.03272339
v 0.00999448 -0.04365171 0.03343188
v 0.01015015 -0.04365171 0.03412366
v 0.01096024 -0.04365171 0.03527276
v 0.01047952 -0.04365171 0.03475152
v 0.01155942 -0.04365171 0.03565185
v 0.01223633 -0.04365171 0.03586291
v 0.01363657 -0.04365171 0.03573596
v 0.01426447 -0.04365171 0.03540655
v 0.01478577 -0.04365171 0.03492584
v 0.01537588 -0.04365171 0.03364972
v 0.01516483 -0.04365171 0.03432666
v 0.01540457 -0.04365171 0.03294122
v 0.01524890 -0.04365171 0.03224951
v 0.01093857 -0.04361785 0.03529877
v 0.01096024 -0.04365171 0.03527276
v 0.01443881 -0.04365171 0.03110034
v 0.01443881 -0.04365171 0.03110034
v 0.02522839 -0.04365171 0.02548126
v 0.02462622 -0.04361785 0.02477881
v 0.02525964 -0.04361785 0.02433228
v 0.02492615 -0.04361785 0.02369653
v 0.02419870 -0.04361785 0.02396393
v 0.02403394 -0.04361785 0.02214667
v 0.02399670 -0.04361785 0.02306616
v 0.02476852 -0.04361785 0.02299616
v 0.02430786 -0.04361785 0.02126819
v 0.02629126 -0.04361785 0.01943921
v 0.02547638 -0.04361785 0.01986670
v 0.02655856 -0.04361785 0.02016663
v 0.02810849 -0.04361785 0.01927448
v 0.02718903 -0.04361785 0.01923718
v 0.02797626 -0.04361785 0.02003809
v 0.02725891 -0.04361785 0.02000903
v 0.02898700 -0.04361785 0.01954840
v 0.02866159 -0.04361785 0.02025177
v 0.02592285 -0.04361785 0.02050012
v 0.02479758 -0.04361785 0.02227887
v 0.02525006 -0.04361785 0.02545532
v 0.02576801 -0.04365171 0.02483405
v 0.02574634 -0.04361785 0.02486005
v 0.02924658 -0.04365171 0.02066156
v 0.02864740 -0.04365171 0.02028253
v 0.02797049 -0.04365171 0.02007141
v 0.02657025 -0.04365171 0.02019843
v 0.02726196 -0.04365171 0.02004273
v 0.02594235 -0.04365171 0.02052777
v 0.02542108 -0.04365171 0.02100848
v 0.02504199 -0.04365171 0.02160773
v 0.02483093 -0.04365171 0.02228467
v 0.02528729 -0.04365171 0.02431274
v 0.02480225 -0.04365171 0.02299310
v 0.02495792 -0.04365171 0.02368488
v 0.02576801 -0.04365171 0.02483405
v 0.02636719 -0.04365171 0.02521307
v 0.02704410 -0.04365171 0.02542420
v 0.02844434 -0.04365171 0.02529718
v 0.02907224 -0.04365171 0.02496784
v 0.02959354 -0.04365171 0.02448712
v 0.03018366 -0.04365171 0.02321100
v 0.03021234 -0.04365171 0.02250250
v 0.03005667 -0.04365171 0.02181073
v 0.02926825 -0.04361785 0.02063556
v 0.02924658 -0.04365171 0.02066156
v 0.03736905 -0.04361785 0.00359619
v 0.03736905 -0.04361785 0.00359619
v 0.03379690 -0.04365171 -0.00819532
v 0.03121823 -0.04361785 -0.00903211
v 0.03678406 -0.04361785 -0.01295575
v 0.03605664 -0.04361785 -0.01268835
v 0.03698605 -0.04361785 -0.01205798
v 0.03621423 -0.04361785 -0.01198798
v 0.03618521 -0.04361785 -0.01127069
v 0.03694885 -0.04361785 -0.01113855
v 0.03618295 -0.04361785 -0.00948236
v 0.03667493 -0.04361785 -0.01026001
v 0.03558771 -0.04361785 -0.00997864
v 0.03597150 -0.04361785 -0.01058533
v 0.03550647 -0.04361785 -0.00885852
v 0.03287439 -0.04361785 -0.00826624
v 0.03379385 -0.04361785 -0.00822901
v 0.03300656 -0.04361785 -0.00902985
v 0.03121823 -0.04361785 -0.00903211
v 0.03199591 -0.04361785 -0.00854016
v 0.03171451 -0.04361785 -0.00962738
v 0.03232120 -0.04361785 -0.00924359
v 0.03016690 -0.04361785 -0.01052344
v 0.03059442 -0.04361785 -0.00970856
v 0.03122781 -0.04361785 -0.01015515
v 0.03089432 -0.04361785 -0.01079083
v 0.03372385 -0.04361785 -0.00900086
v 0.03119656 -0.04365171 -0.00900611
v 0.02996487 -0.04361785 -0.01142120
v 0.03073673 -0.04361785 -0.01149121
v 0.03076575 -0.04361785 -0.01220856
v 0.03000211 -0.04361785 -0.01234070
v 0.03076798 -0.04361785 -0.01399683
v 0.03027603 -0.04361785 -0.01321918
v 0.03136325 -0.04361785 -0.01350055
v 0.03097946 -0.04361785 -0.01289386
v 0.03225943 -0.04361785 -0.01504822
v 0.03144452 -0.04361785 -0.01462073
v 0.03252676 -0.04361785 -0.01432074
v 0.03189102 -0.04361785 -0.01398724
v 0.03407666 -0.04361785 -0.01521295
v 0.03573273 -0.04361785 -0.01444708
v 0.03495517 -0.04361785 -0.01493896
v 0.03523645 -0.04361785 -0.01385181
v 0.03462979 -0.04361785 -0.01423560
v 0.03635657 -0.04361785 -0.01377063
v 0.03572311 -0.04361785 -0.01332410
v 0.03408243 -0.04365171 -0.01524628
v 0.03573273 -0.04361785 -0.01444708
v 0.03573273 -0.04361785 -0.01444708
v 0.03523645 -0.04361785 -0.01385181
v 0.03523645 -0.04361785 -0.01385181
v 0.03569546 -0.04365171 -0.01330457
v 0.03521475 -0.04365171 -0.01382581
v 0.03323016 -0.04365171 -0.01444464
v 0.03461557 -0.04365171 -0.01420489
v 0.03393866 -0.04365171 -0.01441595
v 0.03253842 -0.04365171 -0.01428900
v 0.03191052 -0.04365171 -0.01395959
v 0.03138925 -0.04365171 -0.01347888
v 0.03079910 -0.04365171 -0.01220276
v 0.03077042 -0.04365171 -0.01149426
v 0.03092609 -0.04365171 -0.01080255
v 0.03173618 -0.04365171 -0.00965338
v 0.03233542 -0.04365171 -0.00927429
v 0.03301233 -0.04365171 -0.00906324
v 0.03441254 -0.04365171 -0.00919019
v 0.03504043 -0.04365171 -0.00951960
v 0.03556171 -0.04365171 -0.01000030
v 0.03594079 -0.04365171 -0.01059955
v 0.03615185 -0.04365171 -0.01127643
v 0.03618051 -0.04365171 -0.01198492
v 0.03602487 -0.04365171 -0.01267670
v 0.03173618 -0.04365171 -0.00965338
v 0.03171451 -0.04361785 -0.00962738
v 0.03733182 -0.04365171 0.00473871
v 0.03685110 -0.04365171 0.00421747
v 0.03486648 -0.04365171 0.00359863
v 0.03625189 -0.04365171 0.00383838
v 0.03557498 -0.04365171 0.00362732
v 0.03417474 -0.04365171 0.00375427
v 0.03354684 -0.04365171 0.00408368
v 0.03302560 -0.04365171 0.00456439
v 0.03243545 -0.04365171 0.00584051
v 0.03240677 -0.04365171 0.00654901
v 0.03256244 -0.04365171 0.00724078
v 0.03337253 -0.04365171 0.00838989
v 0.03397171 -0.04365171 0.00876898
v 0.03464862 -0.04365171 0.00898004
v 0.03604886 -0.04365171 0.00885309
v 0.03667676 -0.04365171 0.00852368
v 0.03719806 -0.04365171 0.00804297
v 0.03778818 -0.04365171 0.00676684
v 0.03757712 -0.04365171 0.00744379
v 0.03781686 -0.04365171 0.00605835
v 0.03766122 -0.04365171 0.00536664
v 0.03335086 -0.04361785 0.00841589
v 0.03337253 -0.04365171 0.00838989
v 0.03685110 -0.04365171 0.00421747
v 0.03685110 -0.04365171 0.00421747
v 0.04997455 -0.04236271 -0.03445367
v 0.04094885 -0.03622245 -0.04803241
v -0.05950873 -0.04236271 0.00578772
v -0.05827490 -0.04236271 0.01362421
v -0.05970459 -0.04236271 -0.00214081
v -0.06080292 -0.03622245 0.01419916
v -0.06203433 -0.03444999 0.01447705
v -0.06267020 -0.03444999 -0.01061407
v -0.06142630 -0.03622245 -0.01039886
v -0.05698730 -0.04236271 -0.01773682
v -0.05887082 -0.04236271 -0.00996197
v 0.00380398 -0.02260053 -0.07700673
v 0.01382916 -0.02260053 -0.07593744
v 0.00310116 -0.04236271 -0.05999347
v -0.00482523 -0.04236271 -0.05979785
v -0.02020349 -0.04236271 -0.05633826
v -0.01266388 -0.04236271 -0.05856390
v -0.01640753 -0.02260053 -0.07517505
v -0.00636207 -0.02260053 -0.07675611
v -0.02607719 -0.02260053 -0.07232093
v -0.03544972 -0.02260053 -0.06815235
v -0.04397254 -0.02260053 -0.06293408
v -0.05201526 -0.02260053 -0.05641827
v -0.02751663 -0.04236271 -0.05308545
v 0.01953000 -0.04365171 -0.02715424
v 0.02531561 -0.04365171 -0.02928082
v 0.02529395 -0.04361785 -0.02925488
v 0.02032922 -0.04361785 -0.02880463
v 0.02092450 -0.04361785 -0.02830835
v 0.02145227 -0.04361785 -0.02879504
v 0.02100580 -0.04361785 -0.02942853
v 0.02208798 -0.04361785 -0.02912854
v 0.02182068 -0.04361785 -0.02985596
v 0.02363791 -0.04361785 -0.03002069
v 0.02271845 -0.04361785 -0.03005798
v 0.02350568 -0.04361785 -0.02925708
v 0.02278833 -0.04361785 -0.02928613
v 0.02529395 -0.04361785 -0.02925488
v 0.02451642 -0.04361785 -0.02974677
v 0.02479767 -0.04361785 -0.02865961
v 0.02419101 -0.04361785 -0.02904340
v 0.02591779 -0.04361785 -0.02857837
v 0.02651010 -0.04361785 -0.02594629
v 0.02654730 -0.04361785 -0.02686572
v 0.02577548 -0.04361785 -0.02679572
v 0.02574643 -0.04361785 -0.02607843
v 0.02574420 -0.04361785 -0.02429010
v 0.02623618 -0.04361785 -0.02506781
v 0.02514896 -0.04361785 -0.02478638
v 0.02553275 -0.04361785 -0.02539313
v 0.02658102 -0.04365171 -0.02686878
v 0.02462119 -0.04361785 -0.02429968
v 0.02506772 -0.04361785 -0.02366626
v 0.02398547 -0.04361785 -0.02396619
v 0.02425284 -0.04361785 -0.02323877
v 0.02243564 -0.04361785 -0.02307398
v 0.02335510 -0.04361785 -0.02303674
v 0.02328510 -0.04361785 -0.02380859
v 0.02155716 -0.04361785 -0.02334790
v 0.02256778 -0.04361785 -0.02383765
v 0.01972812 -0.04361785 -0.02533124
v 0.02015564 -0.04361785 -0.02451636
v 0.02078906 -0.04361785 -0.02496289
v 0.01956336 -0.04361785 -0.02714850
v 0.01952612 -0.04361785 -0.02622900
v 0.02032700 -0.04361785 -0.02701630
v 0.02045557 -0.04361785 -0.02559863
v 0.02029794 -0.04361785 -0.02629901
v 0.01983728 -0.04361785 -0.02802698
v 0.02054068 -0.04361785 -0.02770166
v 0.02477600 -0.04365171 -0.02863361
v 0.02417682 -0.04365171 -0.02901263
v 0.02349991 -0.04365171 -0.02922376
v 0.02209967 -0.04365171 -0.02909674
v 0.02279138 -0.04365171 -0.02925244
v 0.02147177 -0.04365171 -0.02876740
v 0.02095050 -0.04365171 -0.02828668
v 0.02036035 -0.04365171 -0.02701056
v 0.02033167 -0.04365171 -0.02630206
v 0.02048734 -0.04365171 -0.02561029
v 0.02081671 -0.04365171 -0.02498242
v 0.02129743 -0.04365171 -0.02446112
v 0.02189667 -0.04365171 -0.02408203
v 0.02257358 -0.04365171 -0.02387097
v 0.02328204 -0.04365171 -0.02384229
v 0.02397379 -0.04365171 -0.02399799
v 0.02460169 -0.04365171 -0.02432739
v 0.02512296 -0.04365171 -0.02480805
v 0.02571307 -0.04365171 -0.02608423
v 0.02558609 -0.04365171 -0.02748444
v 0.02574176 -0.04365171 -0.02679266
v 0.02477600 -0.04365171 -0.02863361
v 0.02477600 -0.04365171 -0.02863361
v 0.02127576 -0.04361785 -0.02443512
v 0.02127576 -0.04361785 -0.02443512
v 0.02075781 -0.04365171 -0.02381390
v 0.02077948 -0.04361785 -0.02383991
v -0.01372958 -0.04365171 -0.02978204
v -0.01370792 -0.04361785 -0.02980805
v -0.00968973 -0.04361785 -0.03462775
v -0.00971140 -0.04365171 -0.03460174
v -0.00971140 -0.04365171 -0.03460174
v -0.01169601 -0.04365171 -0.03522058
v -0.01031058 -0.04365171 -0.03498083
v -0.01098749 -0.04365171 -0.03519189
v -0.01238773 -0.04365171 -0.03506494
v -0.01301562 -0.04365171 -0.03473553
v -0.01353693 -0.04365171 -0.03425482
v -0.01391598 -0.04365171 -0.03365564
v -0.01412704 -0.04365171 -0.03297870
v -0.01400006 -0.04365171 -0.03157849
v -0.01415573 -0.04365171 -0.03227020
v -0.01367068 -0.04365171 -0.03095056
v -0.01318997 -0.04365171 -0.03042932
v -0.01259079 -0.04365171 -0.03005023
v -0.01191388 -0.04365171 -0.02983917
v -0.01051364 -0.04365171 -0.02996613
v -0.00988574 -0.04365171 -0.03029553
v -0.00936447 -0.04365171 -0.03077625
v -0.00877433 -0.04365171 -0.03205237
v -0.00874564 -0.04365171 -0.03276086
v -0.00890131 -0.04365171 -0.03345264
v -0.01318997 -0.04365171 -0.03042932
v -0.01318997 -0.04365171 -0.03042932
v 0.05473410 -0.02298775 -0.06456746
v 0.05473410 -0.02231786 -0.06456746
v 0.00417163 -0.02298775 -0.08609175
v -0.05348526 -0.02231786 0.06523848
v -0.05348526 -0.02298775 0.06523848
v -0.02884543 -0.06736468 0.09428621
v -0.01616408 -0.06736468 0.09735792
v -0.04070373 -0.06736468 0.08970656
v -0.01617233 -0.06736468 0.09735651
v -0.02885346 -0.06736468 0.09428364
v -0.04071130 -0.06736468 0.08970308
v -0.08222171 -0.04261785 0.07718287
v -0.09935176 -0.04261785 0.05300202
v -0.09935234 -0.04261785 0.05300099
v -0.07985356 -0.06736468 0.05706727
v -0.07156488 -0.06736468 0.06729750
v -0.08649178 -0.06736468 0.04622632
v -0.09179477 -0.06736469 0.03430451
v -0.09542581 -0.06736469 0.02200465
v -0.09179189 -0.06736469 0.03431233
v -0.09542398 -0.06736469 0.02201282
v -0.08648786 -0.06736468 0.04623377
v 0.06744758 -0.06761785 0.05604608
v 0.06692100 -0.06761785 0.07181360
v 0.05979020 -0.06761785 0.06411963
v 0.05679167 -0.06761785 0.08001984
v 0.05075141 -0.06761785 0.07144306
v 0.04605766 -0.06761785 0.08659192
v 0.04117298 -0.06761785 0.07730835
v 0.03425352 -0.06761785 0.09184198
v 0.03063954 -0.06761785 0.08199390
v 0.02207514 -0.06761785 0.09543660
v 0.01977211 -0.06761785 0.08520227
v 0.00942350 -0.06761785 0.09742786
v 0.00848221 -0.06761785 0.08697992
v -0.00338006 -0.06761785 0.09774347
v -0.00294329 -0.06761785 0.08726233
v -0.01600617 -0.06761785 0.09639679
v -0.01421060 -0.06761785 0.08606135
v -0.02856189 -0.06761785 0.09335438
v -0.02541513 -0.06761785 0.08334723
v -0.04030243 -0.06761785 0.08881910
v -0.03589245 -0.06761785 0.07930079
v -0.05174209 -0.06761785 0.08256752
v -0.04610126 -0.06761785 0.07372291
v -0.06180359 -0.06761785 0.07521608
v -0.07905277 -0.06761785 0.05651288
v -0.07048316 -0.06761785 0.05046247
v -0.08562621 -0.06761785 0.04577979
v -0.09087778 -0.06761786 0.03397627
v -0.07634839 -0.06761785 0.04088410
v -0.09447393 -0.06761786 0.02179841
v -0.08103397 -0.06761785 0.03035066
v -0.09646682 -0.06761786 0.00914698
v -0.08424234 -0.06761785 0.01948322
v -0.08602001 -0.06761785 0.00819330
v -0.09678408 -0.06761786 -0.00365649
v -0.09543901 -0.06761786 -0.01628284
v -0.08630240 -0.06761785 -0.00323217
v -0.09239818 -0.06761786 -0.02883887
v -0.08510144 -0.06761785 -0.01449951
v -0.08786435 -0.06761786 -0.04058008
v -0.08238727 -0.06761785 -0.02570404
v -0.07834089 -0.06761785 -0.03618133
v -0.08161426 -0.06761785 -0.05202045
v -0.07425876 -0.06761785 -0.06208929
v -0.07276297 -0.06761785 -0.04639020
v -0.07425612 -0.06761785 -0.06209253
v -0.06619873 -0.06761785 -0.05537506
v -0.07984876 -0.06736468 0.05707411
v -0.07155918 -0.06736468 0.06730366
v -0.00342007 -0.06736468 0.09871663
v 0.00951142 -0.06736468 0.09839783
v -0.00341168 -0.06736468 0.09871698
v 0.00951972 -0.06736468 0.09839711
v 0.02228947 -0.06736468 0.09638666
v 0.02229765 -0.06736468 0.09638483
v 0.03458949 -0.06736468 0.09275618
v 0.04651154 -0.06736468 0.08745368
v 0.06758330 -0.06736468 0.07252765
v 0.05735276 -0.06736468 0.08081592
v 0.04651896 -0.06736468 0.08744977
v 0.05735960 -0.06736468 0.08081110
v 0.06758945 -0.06736468 0.07252198
v 0.08368019 -0.06736468 0.05322162
v -0.06567824 -0.06761785 -0.07113690
v -0.05554957 -0.06761785 -0.07934406
v -0.05854136 -0.06761785 -0.06344861
v -0.04481616 -0.06761785 -0.08591706
v -0.04950256 -0.06761785 -0.07077204
v -0.03301246 -0.06761785 -0.09116809
v -0.03992413 -0.06761785 -0.07663733
v -0.02083441 -0.06761785 -0.09476374
v -0.02939069 -0.06761785 -0.08132289
v -0.00818290 -0.06761785 -0.09675612
v -0.01852326 -0.06761785 -0.08453125
v 0.00462060 -0.06761785 -0.09707283
v -0.00723337 -0.06761785 -0.08630890
v 0.01724686 -0.06761785 -0.09572719
v 0.01545944 -0.06761785 -0.08539032
v 0.02980280 -0.06761785 -0.09268586
v 0.04154376 -0.06761785 -0.08815156
v 0.02666397 -0.06761785 -0.08267621
v 0.03714130 -0.06761785 -0.07862977
v 0.06305243 -0.06761785 -0.07454506
v 0.07209967 -0.06761785 -0.06596412
v 0.06440851 -0.06761785 -0.05883027
v 0.08030638 -0.06761785 -0.05583509
v 0.07173200 -0.06761785 -0.04979144
v 0.08687891 -0.06761785 -0.04510139
v 0.09212947 -0.06761785 -0.03329749
v 0.08228281 -0.06761785 -0.02967964
v 0.09572458 -0.06761785 -0.02111927
v 0.08549118 -0.06761785 -0.01881221
v 0.09771641 -0.06761785 -0.00846772
v 0.08726883 -0.06761785 -0.00752228
v 0.09803257 -0.06761785 0.00433581
v 0.08755124 -0.06761785 0.00390319
v 0.09668644 -0.06761785 0.01696204
v 0.08635029 -0.06761785 0.01517053
v 0.09364454 -0.06761785 0.02951782
v 0.08363611 -0.06761785 0.02637506
v 0.08910975 -0.06761785 0.04125860
v 0.07958973 -0.06761785 0.03685235
v 0.08285866 -0.06761785 0.05269849
v 0.07401182 -0.06761785 0.04706122
v 0.00419214 -0.06761785 -0.08659131
v 0.07759723 -0.06761785 -0.04021308
v 0.08999373 -0.06736468 0.04166742
v 0.09457383 -0.06736468 0.02980939
v 0.08368471 -0.06736468 0.05321454
v 0.08999724 -0.06736468 0.04165985
v 0.09457634 -0.06736468 0.02980139
v 0.09764609 -0.06736468 0.01712811
v 0.09764753 -0.06736468 0.01711993
v 0.09900571 -0.06736468 0.00437579
v 0.09868638 -0.06736468 -0.00855567
v 0.09667466 -0.06736468 -0.02133363
v 0.09304361 -0.06736468 -0.03363349
v 0.08774060 -0.06736468 -0.04555531
v 0.09667283 -0.06736468 -0.02134181
v 0.09304075 -0.06736468 -0.03364131
v 0.08773671 -0.06736468 -0.04556275
v 0.08110242 -0.06736468 -0.05639625
v 0.08109761 -0.06736468 -0.05640307
v 0.09868561 -0.06736468 -0.00856397
v 0.09900606 -0.06736468 0.00436743
v 0.07298413 -0.04261785 -0.08645778
v 0.04805435 -0.04261785 -0.10222861
v 0.03444592 -0.04261785 -0.10748431
v 0.03445398 -0.04261785 -0.10748180
v 0.04806235 -0.04261785 -0.10222491
v 0.01990079 -0.04261785 -0.11100821
v 0.05351407 -0.06736468 -0.08271796
v 0.06337463 -0.06755352 -0.07493146
v 0.04195257 -0.06736468 -0.08903554
v 0.05350699 -0.06736468 -0.08272249
v 0.03009427 -0.06736468 -0.09361519
v 0.04196014 -0.06736468 -0.08903206
v 0.03010230 -0.06736468 -0.09361262
v 0.01742117 -0.06736468 -0.09668550
v 0.01741293 -0.06736468 -0.09668690
v 0.00466891 -0.06736468 -0.09804561
v 0.00466052 -0.06736468 -0.09804596
v -0.00826258 -0.06736468 -0.09772681
v -0.02423893 -0.04261785 -0.10989521
v -0.00957450 -0.04261785 -0.11220331
v 0.00526596 -0.04261785 -0.11256911
v 0.00525836 -0.04261785 -0.11256951
v -0.00958167 -0.04261785 -0.11220260
v -0.02424556 -0.04261785 -0.10989370
v -0.03836073 -0.04261785 -0.10572660
v -0.05204212 -0.04261785 -0.09964070
v -0.06448304 -0.04261785 -0.09202259
v -0.06447847 -0.04261785 -0.09202582
v -0.05203678 -0.04261785 -0.09964350
v -0.03835475 -0.04261785 -0.10572880
v -0.03334065 -0.06736468 -0.09208515
v -0.04526270 -0.06736468 -0.08678266
v -0.05610391 -0.06736468 -0.08014490
v -0.02104062 -0.06736468 -0.09571564
v -0.02104880 -0.06736468 -0.09571382
v -0.00827088 -0.06736468 -0.09772609
v -0.03334848 -0.06736468 -0.09208222
v -0.09332750 -0.06736469 -0.02913037
v -0.08874837 -0.06736469 -0.04098883
v -0.09639869 -0.06736469 -0.01644891
v -0.09332499 -0.06736469 -0.02913837
v -0.09639727 -0.06736469 -0.01645709
v -0.08874489 -0.06736469 -0.04099640
v -0.10193801 -0.04261785 -0.04709808
v -0.09469247 -0.04261785 -0.06035791
v -0.08616579 -0.04261785 -0.07202790
v -0.08616888 -0.04261785 -0.07202417
v -0.09469485 -0.04261785 -0.06035419
v -0.07622310 -0.04261785 -0.08251050
v -0.07621928 -0.04261785 -0.08251404
v -0.11072071 -0.04261785 -0.01893298
v -0.11228051 -0.04261785 -0.00429840
v -0.10719540 -0.04261785 -0.03348596
v -0.11228041 -0.04261785 -0.00430120
v -0.11072011 -0.04261785 -0.01893616
v -0.10719430 -0.04261785 -0.03348944
v -0.10193970 -0.04261785 -0.04709442
v -0.11191401 -0.04261785 0.01053919
v -0.09775685 -0.06736469 -0.00370477
v -0.09743753 -0.06736469 0.00922669
v -0.09775721 -0.06736469 -0.00369641
v -0.09743679 -0.06736469 0.00923499
v -0.10543821 -0.04261785 0.03931916
v -0.10960530 -0.04261785 0.02520356
v -0.11191370 -0.04261785 0.01054164
v -0.10960480 -0.04261785 0.02520552
v -0.10543760 -0.04261785 0.03932069
v -0.06633445 -0.06736468 -0.07185663
v -0.08243135 -0.06736468 -0.05255060
v -0.08243584 -0.06736468 -0.05254352
v -0.06634061 -0.06736468 -0.07185095
v -0.05611075 -0.06736468 -0.08014008
v -0.04527012 -0.06736468 -0.08677875
v -0.05476596 -0.06711785 0.06677460
v -0.06279309 -0.06711785 0.05916126
v -0.07007450 -0.06711785 0.05017439
v -0.07590602 -0.06711785 0.04065106
v -0.08056467 -0.06711785 0.03017811
v -0.08580281 -0.06711785 -0.00321173
v -0.08375460 -0.06711785 0.01937318
v -0.08552205 -0.06711785 0.00814814
v -0.08460875 -0.06711785 -0.01441425
v -0.07234121 -0.06711785 -0.04612164
v -0.08191021 -0.06711785 -0.02555438
v -0.07788707 -0.06711785 -0.03597150
v -0.06581470 -0.06711785 -0.05505487
v -0.03969111 -0.06711785 -0.07619495
v -0.05820132 -0.06711785 -0.06308203
v -0.04921449 -0.06711785 -0.07036341
v -0.02921820 -0.06711785 -0.08085358
v 0.00417163 -0.06711785 -0.08609175
v -0.01841321 -0.06711785 -0.08404352
v -0.00718820 -0.06711785 -0.08581099
v 0.01537421 -0.06711785 -0.08489766
v 0.04708157 -0.06711785 -0.07263013
v 0.02651434 -0.06711785 -0.08219910
v 0.03693143 -0.06711785 -0.07817598
v 0.05601480 -0.06711785 -0.06610358
v 0.06404193 -0.06711785 -0.05849024
v 0.07132334 -0.06711785 -0.04950337
v 0.07715488 -0.06711785 -0.03998005
v 0.08181351 -0.06711785 -0.02950709
v 0.08500345 -0.06711785 -0.01870215
v 0.08677089 -0.06711785 -0.00747712
v 0.08585762 -0.06711785 0.01508527
v 0.08315903 -0.06711785 0.02622540
v 0.07913591 -0.06711785 0.03664252
v 0.07359006 -0.06711785 0.04679266
v 0.06706354 -0.06711785 0.05572589
v 0.05945017 -0.06711785 0.06375305
v 0.05046333 -0.06711785 0.07103443
v 0.03046705 -0.06711785 0.08152460
v -0.00292279 -0.06711785 0.08676276
v 0.01966206 -0.06711785 0.08471454
v 0.00843705 -0.06711785 0.08648201
v -0.01412537 -0.06711785 0.08556868
v -0.02526550 -0.06711785 0.08287012
v -0.03568259 -0.06711785 0.07884700
v 0.01989291 -0.04261785 -0.11100960
v 0.03459733 -0.06736468 0.09275325
vt 0.04413902 0.00003273
vt 0.08827805 0.17655811
vt 0.04413902 0.17655811
vt 0.04413902 0.34108359
vt 0.00000000 0.34108359
vt 0.00000000 0.00003273
vt 0.00000000 0.17655811
vt 0.04413902 1.00000000
vt 0.08827805 1.00000000
vt 0.08827805 0.00000000
vt 0.14644660 0.52317309
vt 0.15462120 0.52263731
vt 0.15463400 0.47716811
vt 1.00000000 1.00000000
vt 0.95586097 0.00000000
vt 0.95586097 1.00000000
vt 0.91172189 0.00000000
vt 0.91172189 0.17655811
vt 1.00000000 0.00003273
vt 0.95586097 0.17655811
vt 0.91172189 0.34108359
vt 1.00000000 0.17655811
vt 0.95586097 0.34108359
vt 1.00000000 0.34108359
vt 0.95586097 0.50000238
vt 0.91172189 0.50000238
vt 0.04413902 0.50000238
vt 0.00000000 0.50000238
vt 0.00000000 0.65892071
vt 0.04413902 0.65892071
vt 1.00000000 0.50000238
vt 0.95586097 0.65892071
vt 0.04413902 0.82344460
vt 0.00000000 0.82344460
vt 1.00000000 0.82344460
vt 1.00000000 0.65892071
vt 0.00000000 1.00000000
vt 0.04413902 1.00000000
vt 1.00000000 1.00000000
vt 0.95586097 0.82344460
vt 0.08827805 0.65892071
vt 0.08827805 0.82344460
vt 0.08827805 1.00000000
vt 0.94619852 0.50000000
vt 0.94254923 0.55694991
vt 0.99591070 0.56381691
vt 0.12940930 0.82344460
vt 0.12940930 1.00000000
vt 0.17054050 0.82344460
vt 0.17054050 1.00000000
vt 0.12940930 0.65892071
vt 0.17054050 0.65892071
vt 0.08827805 0.50000238
vt 0.12940930 0.50000238
vt 0.08827805 0.34108359
vt 0.12940930 0.34108359
vt 0.17054050 0.50000238
vt 0.17054050 0.34108359
vt 0.21027020 0.50000238
vt 0.21027020 0.65892071
vt 0.25000000 0.50000238
vt 0.21027020 0.34108359
vt 0.21027020 0.17655811
vt 0.17054050 0.17655811
vt 0.25000000 0.17655811
vt 0.28972971 0.17655811
vt 0.25000000 0.34108359
vt 0.28972971 0.50000238
vt 0.21027020 0.00003273
vt 0.28972971 0.00003273
vt 0.25000000 0.00003273
vt 0.25000000 1.00000000
vt 0.28972971 1.00000000
vt 0.32945949 1.00000000
vt 0.32945949 0.00000000
vt 0.37059069 0.00003273
vt 0.32945949 0.17655811
vt 0.37059069 1.00000000
vt 0.41172189 1.00000000
vt 0.41172189 0.00000000
vt 0.37059069 0.17655811
vt 0.32945949 0.34108359
vt 0.41172189 0.34108359
vt 0.37059069 0.34108359
vt 0.32945949 0.50000238
vt 0.37059069 0.50000238
vt 0.37059069 0.65892071
vt 0.32945949 0.65892071
vt 0.41172189 0.50000238
vt 0.37059069 0.82344460
vt 0.32945949 0.82344460
vt 0.41172189 0.82344460
vt 0.37059069 1.00000000
vt 0.41172189 1.00000000
vt 0.45586091 1.00000000
vt 0.45586091 0.82344460
vt 0.50000000 1.00000000
vt 0.50000000 0.82344460
vt 0.41172189 0.65892071
vt 0.45586091 0.65892071
vt 0.45586091 0.50000238
vt 0.50000000 0.50000238
vt 0.45586091 0.34108359
vt 0.50000000 0.34108359
vt 0.54413903 0.50000238
vt 0.50000000 0.65892071
vt 0.58827811 0.65892071
vt 0.54413903 0.65892071
vt 0.58827811 0.34108359
vt 0.54413903 0.34108359
vt 0.54413903 0.17655811
vt 0.50000000 0.17655811
vt 0.58827811 0.17655811
vt 0.62940931 0.17655811
vt 0.62940931 0.50000238
vt 0.58827811 0.50000238
vt 0.54413903 0.00003273
vt 0.58827811 0.00003273
vt 0.58827811 1.00000000
vt 0.62940931 1.00000000
vt 0.62940931 0.00000000
vt 0.50000000 0.00000000
vt 0.54413903 1.00000000
vt 0.45586091 0.00000000
vt 0.50000000 1.00000000
vt 0.45586091 1.00000000
vt 0.45586091 0.17655811
vt 0.41172189 0.17655811
vt 0.67054051 1.00000000
vt 0.67054051 0.00000000
vt 0.71027023 1.00000000
vt 0.71027023 0.00000000
vt 0.67054051 0.17655811
vt 0.71027023 0.17655811
vt 0.75000000 0.17655811
vt 0.75000000 1.00000000
vt 0.75000000 0.00000000
vt 0.71027023 0.34108359
vt 0.67054051 0.34108359
vt 0.75000000 0.34108359
vt 0.71027023 0.50000238
vt 0.67054051 0.50000238
vt 0.75000000 0.50000238
vt 0.67054051 0.65892071
vt 0.71027023 0.65892071
vt 0.71027023 0.82344460
vt 0.67054051 0.82344460
vt 0.75000000 0.82344460
vt 0.67054051 1.00000000
vt 0.71027023 1.00000000
vt 0.75000000 1.00000000
vt 0.00000000 0.50000000
vt 0.05745083 0.55694991
vt 0.05380153 0.50000000
vt 0.78972977 1.00000000
vt 0.78972977 0.82344460
vt 0.82945949 1.00000000
vt 0.82945949 0.82344460
vt 0.75000000 0.65892071
vt 0.82945949 0.65892071
vt 0.78972977 0.65892071
vt 0.78972977 0.50000238
vt 0.82945949 0.34108359
vt 0.78972977 0.34108359
vt 0.87059069 0.50000238
vt 0.82945949 0.50000238
vt 0.87059069 0.65892071
vt 0.91172189 0.65892071
vt 0.87059069 0.34108359
vt 0.91172189 0.50000238
vt 0.87059069 0.17655811
vt 0.82945949 0.17655811
vt 0.91172189 0.17655811
vt 0.95586097 0.17655811
vt 0.91172189 0.34108359
vt 0.95586097 0.34108359
vt 0.91172189 0.00003273
vt 0.87059069 0.00003273
vt 0.95586097 0.00003273
vt 0.91172189 1.00000000
vt 0.95586097 1.00000000
vt 1.00000000 1.00000000
vt 1.00000000 0.00003273
vt 0.00000000 0.00003273
vt 0.04413902 0.17655811
vt 0.00000000 0.17655811
vt 0.04413902 1.00000000
vt 0.04413902 0.00000000
vt 0.08827805 1.00000000
vt 0.08827805 0.00000000
vt 0.08827805 0.17655811
vt 0.00000000 0.34108359
vt 0.04413902 0.34108359
vt 0.04413902 0.50000238
vt 0.00000000 0.50000238
vt 0.08827805 0.50000238
vt 0.12940930 0.17655811
vt 0.08827805 0.34108359
vt 0.12940930 0.50000238
vt 0.08827805 0.65892071
vt 0.04413902 0.65892071
vt 0.12940930 0.65892071
vt 0.17054050 0.65892071
vt 0.17054050 0.34108359
vt 0.12940930 0.34108359
vt 0.08827805 0.82344460
vt 0.12940930 0.82344460
vt 0.17054050 0.50000238
vt 0.21027020 0.65892071
vt 0.17054050 0.82344460
vt 0.25000000 0.50000238
vt 0.21027020 0.50000238
vt 0.25000000 0.65892071
vt 0.21027020 0.82344460
vt 0.21027020 1.00000000
vt 0.25000000 0.82344460
vt 0.25000000 1.00000000
vt 0.17054050 1.00000000
vt 0.28972971 1.00000000
vt 0.28972971 0.82344460
vt 0.28972971 0.65892071
vt 0.32945949 1.00000000
vt 0.32945949 0.82344460
vt 0.32945949 0.65892071
vt 0.28972971 0.50000238
vt 0.32945949 0.50000238
vt 0.25000000 0.34108359
vt 0.28972971 0.34108359
vt 0.37059069 0.34108359
vt 0.32945949 0.34108359
vt 0.37059069 0.65892071
vt 0.41172189 0.34108359
vt 0.37059069 0.50000238
vt 0.41172189 0.65892071
vt 0.37059069 0.82344460
vt 0.41172189 0.82344460
vt 0.45586091 0.50000238
vt 0.41172189 0.50000238
vt 0.45586091 0.82344460
vt 0.50000000 0.50000238
vt 0.45586091 0.65892071
vt 0.50000000 0.82344460
vt 0.54413903 0.50000238
vt 0.50000000 0.65892071
vt 0.54413903 0.82344460
vt 0.58827811 0.65892071
vt 0.54413903 0.65892071
vt 0.50000000 1.00000000
vt 0.54413903 1.00000000
vt 0.58827811 0.82344460
vt 0.58827811 1.00000000
vt 0.62940931 0.82344460
vt 0.62940931 1.00000000
vt 0.62940931 0.65892071
vt 0.67054051 0.82344460
vt 0.67054051 1.00000000
vt 0.67054051 0.65892071
vt 0.58827811 0.50000238
vt 0.67054051 0.50000238
vt 0.62940931 0.50000238
vt 0.58827811 0.34108359
vt 0.62940931 0.34108359
vt 0.67054051 0.34108359
vt 0.71027023 0.50000238
vt 0.71027023 0.34108359
vt 0.75000000 0.50000238
vt 0.71027023 0.65892071
vt 0.75000000 0.82344460
vt 0.71027023 0.82344460
vt 0.78972977 0.50000238
vt 0.75000000 0.65892071
vt 0.78972977 0.82344460
vt 0.82945949 0.65892071
vt 0.78972977 0.65892071
vt 0.82945949 0.50000238
vt 0.87059069 0.65892071
vt 0.82945949 0.82344460
vt 0.87059069 0.50000238
vt 0.91172189 0.65892071
vt 0.87059069 0.82344460
vt 0.87059069 1.00000000
vt 0.91172189 1.00000000
vt 0.91172189 0.82344460
vt 0.95586097 1.00000000
vt 0.82945949 1.00000000
vt 0.78972977 1.00000000
vt 0.71027023 1.00000000
vt 0.75000000 1.00000000
vt 0.82945949 0.34108359
vt 0.87059069 0.34108359
vt 0.87059069 0.17655811
vt 0.82945949 0.17655811
vt 0.78972977 0.34108359
vt 0.78972977 0.17655811
vt 0.75000000 0.34108359
vt 0.75000000 0.17655811
vt 0.71027023 0.17655811
vt 0.78972977 0.00003273
vt 0.75000000 0.00003273
vt 0.71027023 0.00003273
vt 0.67054051 0.00003273
vt 0.67054051 0.17655811
vt 0.62940931 0.17655811
vt 0.62940931 0.00003273
vt 0.67054051 1.00000000
vt 0.71027023 1.00000000
vt 0.85355341 0.47682691
vt 0.84537882 0.47736269
vt 0.84536600 0.52283192
vt 0.58827811 0.00000000
vt 0.62940931 1.00000000
vt 0.54413903 0.00000000
vt 0.58827811 1.00000000
vt 0.58827811 0.17655811
vt 0.54413903 0.17655811
vt 0.50000000 0.00000000
vt 0.54413903 1.00000000
vt 0.50000000 0.17655811
vt 0.50000000 0.34108359
vt 0.54413903 0.34108359
vt 0.45586091 0.17655811
vt 0.45586091 0.34108359
vt 0.41172189 0.17655811
vt 0.37059069 0.17655811
vt 0.45586091 0.00003273
vt 0.41172189 0.00003273
vt 0.37059069 0.00003273
vt 0.32945949 0.17655811
vt 0.32945949 0.00003273
vt 0.28972971 0.17655811
vt 0.28972971 0.00003273
vt 0.32945949 1.00000000
vt 0.37059069 1.00000000
vt 0.25000000 0.00000000
vt 0.28972971 1.00000000
vt 0.21027020 0.00000000
vt 0.25000000 1.00000000
vt 0.25000000 0.17655811
vt 0.21027020 0.17655811
vt 0.17054050 0.00000000
vt 0.21027020 1.00000000
vt 0.17054050 0.17655811
vt 0.21027020 0.34108359
vt 0.12940930 0.00003273
vt 0.12940930 1.00000000
vt 0.17054050 1.00000000
vt 0.41172189 1.00000000
vt 0.45586091 1.00000000
vt 0.50000000 1.00000000
vt 0.75000000 1.00000000
vt 0.76975828 1.00000000
vt 0.82945949 1.00000000
vt 0.82945949 0.00000000
vt 0.87059069 1.00000000
vt 0.87059069 0.00000000
vt 0.91172189 1.00000000
vt 0.78972977 0.00000000
vt 0.78972977 1.00000000
vt 0.76975828 1.00000000
vt 0.82945949 0.00000000
vt 0.82945949 1.00000000
vt 0.78972977 0.82344472
vt 0.82945949 0.82344472
vt 0.78972977 1.00000000
vt 0.75000000 0.82344472
vt 0.75000000 0.00000000
vt 0.71027023 1.00000000
vt 0.71027023 0.00000000
vt 0.71027023 1.00000000
vt 0.75000000 1.00000000
vt 0.71027023 0.65892088
vt 0.71027023 0.82344472
vt 0.75000000 0.65892088
vt 0.75000000 0.50000268
vt 0.71027023 0.50000268
vt 0.78972977 0.50000268
vt 0.75000000 0.34108391
vt 0.71027023 0.34108391
vt 0.71027023 0.17655841
vt 0.75000000 0.17655841
vt 0.78972977 0.34108391
vt 0.82945949 0.17655841
vt 0.78972977 0.17655841
vt 0.82945949 0.50000268
vt 0.78972977 0.00003636
vt 0.75000000 0.00003636
vt 0.82945949 0.00003636
vt 0.87059069 0.00003636
vt 0.87059069 0.17655841
vt 0.82945949 0.34108391
vt 0.91172189 0.00003636
vt 0.91172189 0.34108391
vt 0.87059069 0.34108391
vt 0.87059069 0.50000268
vt 0.91172189 0.50000268
vt 0.82945949 0.65892088
vt 0.87059069 0.65892088
vt 0.87059069 0.82344472
vt 0.91172189 0.82344472
vt 0.95586097 0.65892088
vt 0.91172189 0.65892088
vt 1.00000000 0.65892088
vt 0.95586097 0.82344472
vt 0.95586097 0.50000268
vt 1.00000000 0.50000268
vt 0.00000000 0.50000268
vt 0.04413902 0.65892088
vt 0.00000000 0.65892088
vt 0.00000000 0.82344472
vt 0.04413902 0.82344472
vt 1.00000000 1.00000000
vt 1.00000000 0.82344472
vt 0.00000000 1.00000000
vt 0.04413902 1.00000000
vt 0.08827805 0.65892088
vt 0.08827805 0.82344472
vt 0.08827805 1.00000000
vt 0.12940930 0.82344472
vt 0.12940930 1.00000000
vt 0.04413902 1.00000000
vt 0.08827805 0.00000000
vt 0.08827805 1.00000000
vt 0.12940930 0.00000000
vt 0.12940930 1.00000000
vt 0.17054050 0.00000000
vt 0.17054050 1.00000000
vt 0.21027020 0.00000000
vt 0.21027020 1.00000000
vt 0.17054050 0.82344472
vt 0.17054050 1.00000000
vt 0.21027020 0.82344472
vt 0.21027020 1.00000000
vt 0.12940930 0.65892088
vt 0.17054050 0.65892088
vt 0.17054050 0.50000268
vt 0.12940930 0.50000268
vt 0.21027020 0.50000268
vt 0.12940930 0.34108391
vt 0.17054050 0.34108391
vt 0.25000000 0.50000268
vt 0.21027020 0.65892088
vt 0.25000000 0.34108391
vt 0.21027020 0.34108391
vt 0.21027020 0.17655841
vt 0.17054050 0.17655841
vt 0.25000000 0.17655841
vt 0.28972971 0.34108391
vt 0.21027020 0.00003636
vt 0.28972971 0.00003636
vt 0.25000000 0.00003636
vt 0.49997950 0.98354149
vt 0.43826181 0.97958392
vt 0.43618321 0.99591070
vt 0.32945949 0.00003636
vt 0.28972971 0.17655841
vt 0.37059069 0.00003636
vt 0.32945949 0.17655841
vt 0.41172189 0.00003636
vt 0.37059069 0.17655841
vt 0.32945949 0.34108391
vt 0.41172189 0.17655841
vt 0.37059069 0.34108391
vt 0.45586091 0.17655841
vt 0.41172189 0.34108391
vt 0.45586091 0.00003636
vt 0.45586091 0.50000268
vt 0.41172189 0.50000268
vt 0.37059069 0.50000268
vt 0.41172189 0.65892088
vt 0.37059069 0.65892088
vt 0.37059069 0.82344472
vt 0.45586091 0.65892088
vt 0.41172189 0.82344472
vt 0.41172189 1.00000000
vt 0.45586091 1.00000000
vt 0.45586091 0.82344472
vt 0.37059069 1.00000000
vt 0.41172189 0.00000000
vt 0.41172189 1.00000000
vt 0.45586091 0.00000000
vt 0.45586091 1.00000000
vt 0.50000000 0.00000000
vt 0.50000000 1.00000000
vt 0.54413903 0.00000000
vt 0.54413903 1.00000000
vt 0.50000000 1.00000000
vt 0.50000000 0.82344472
vt 0.54413903 0.82344472
vt 0.54413903 1.00000000
vt 0.58827811 0.00000000
vt 0.58827811 1.00000000
vt 0.58827811 0.82344472
vt 0.58827811 1.00000000
vt 0.54413903 0.65892088
vt 0.50000000 0.65892088
vt 0.62940931 0.82344472
vt 0.62940931 1.00000000
vt 0.58827811 0.65892088
vt 0.67054051 0.82344472
vt 0.67054051 1.00000000
vt 0.62940931 0.65892088
vt 0.62940931 0.50000268
vt 0.58827811 0.50000268
vt 0.67054051 0.50000268
vt 0.71027023 0.50000268
vt 0.67054051 0.65892088
vt 0.71027023 0.82344472
vt 0.62940931 0.34108391
vt 0.71027023 0.34108391
vt 0.67054051 0.34108391
vt 0.67054051 0.17655841
vt 0.62940931 0.17655841
vt 0.71027023 0.17655841
vt 0.75000000 0.34108391
vt 0.75000000 0.17655841
vt 0.78972977 0.34108391
vt 0.78972977 0.50000268
vt 0.75000000 0.50000268
vt 0.78972977 0.00003636
vt 0.75000000 0.00003636
vt 0.71027023 0.00003636
vt 0.82945949 0.00003636
vt 0.78972977 0.17655841
vt 0.87059069 0.00003636
vt 0.82945949 0.17655841
vt 0.87059069 0.17655841
vt 0.82945949 0.34108391
vt 0.82945949 0.50000268
vt 0.87059069 0.50000268
vt 0.91172189 0.34108391
vt 0.87059069 0.34108391
vt 0.91172189 0.50000268
vt 0.95586097 0.34108391
vt 0.91172189 0.17655841
vt 0.91172189 0.00003636
vt 0.95586097 0.00003636
vt 1.00000000 0.00003636
vt 0.95586097 0.17655841
vt 0.00000000 0.00003636
vt 0.04413902 0.17655841
vt 0.00000000 0.17655841
vt 0.43618321 0.00408929
vt 0.43828380 0.02041321
vt 0.50000000 0.01645851
vt 0.99997002 1.00000000
vt 0.95585978 0.64722288
vt 0.99997002 0.64722288
vt 0.00000000 1.00000000
vt 0.04413902 0.64722288
vt 0.04413902 1.00000000
vt 0.95585978 1.00000000
vt 0.91171968 0.64722288
vt 0.91171968 1.00000000
vt 0.87058800 0.64722288
vt 0.91171968 0.31767100
vt 0.87058800 0.31767100
vt 0.95585978 0.31767100
vt 0.91172612 0.00000000
vt 0.95586562 0.00000000
vt 0.04413920 0.50000000
vt 0.04413920 1.00000000
vt 0.08825290 1.00000000
vt 0.08827841 0.50000000
vt 0.08827841 1.00000000
vt 0.12938580 1.00000000
vt 0.08827841 0.00000000
vt 0.04414016 0.00000000
vt 0.12940970 0.50000000
vt 0.12940970 0.00000000
vt 0.08828037 0.00000000
vt 0.08827769 0.49540591
vt 0.04413884 0.49540591
vt 0.12940870 0.49540591
vt 0.08827382 1.00000000
vt 0.12940530 1.00000000
vt 0.08827841 0.00000000
vt 0.08828037 1.00000000
vt 0.04414016 1.00000000
vt 0.08825290 0.00000000
vt 0.91172612 0.00000000
vt 0.87059462 0.00000000
vt 0.91171968 0.50447100
vt 0.99997002 0.50447100
vt 0.99997002 0.00000000
vt 0.95586562 0.00000000
vt 0.95513582 1.00000000
vt 0.99997002 1.00000000
vt 0.82945633 0.50447100
vt 0.91171968 1.00000000
vt 0.54473031 0.27512971
vt 0.54996139 0.27690560
vt 0.56914771 0.15250090
vt 0.70882660 0.45069879
vt 0.70387208 0.45314211
vt 0.70824492 0.51984662
vt 0.44901371 0.31688270
vt 0.52300608 0.30764091
vt 0.45208260 0.31228980
vt 0.32945880 0.00000000
vt 0.32945880 1.00000000
vt 0.26975831 1.00000000
vt 0.17054000 0.00000000
vt 0.24999940 1.00000000
vt 0.17054000 1.00000000
vt 0.57390112 0.77582318
vt 0.64277589 0.74729508
vt 0.59474123 0.85355163
vt 0.41172141 1.00000000
vt 0.41172141 0.00000000
vt 0.50000000 1.00000000
vt 0.49999210 0.00000000
vt 0.58827722 1.00000000
vt 0.58827722 0.00000000
vt 0.67053902 1.00000000
vt 0.67053902 0.00000000
vt 0.74999827 1.00000000
vt 0.82945782 0.00000000
vt 0.74999827 0.00000000
vt 0.49999431 0.13397460
vt 0.57390630 0.22417819
vt 0.49999821 0.21444820
vt 0.91172081 0.00000000
vt 0.82945782 1.00000000
vt 0.99998420 1.00000000
vt 0.91172081 1.00000000
vt 0.08827787 1.00000000
vt 0.00000000 0.00000000
vt 0.08827787 0.00000000
vt 0.17054000 1.00000000
vt 0.17054000 0.00000000
vt 0.24999601 0.00000000
vt 0.24999940 1.00000000
vt 0.26975831 1.00000000
vt 0.32945880 0.00000000
vt 0.41172141 1.00000000
vt 0.41172141 0.00000000
vt 0.50000000 1.00000000
vt 0.49999210 0.00000000
vt 0.58827722 1.00000000
vt 0.58827722 0.00000000
vt 0.67053902 1.00000000
vt 0.67053902 0.00000000
vt 0.74999827 1.00000000
vt 0.74999827 0.00000000
vt 0.82945782 0.00000000
vt 0.82945782 1.00000000
vt 0.91172081 0.00000000
vt 0.91172081 1.00000000
vt 0.99998420 1.00000000
vt 0.08827787 1.00000000
vt 0.00000000 0.00000000
vt 0.08827787 0.00000000
vt 0.08827853 0.00000000
vt 0.17054109 1.00000000
vt 0.17054109 0.00000000
vt 0.25000069 0.00000000
vt 0.25000069 1.00000000
vt 0.32946000 0.00000000
vt 0.32946000 1.00000000
vt 0.41172230 0.00000000
vt 0.41172230 1.00000000
vt 0.18222851 0.34328929
vt 0.20540020 0.69684500
vt 0.52317309 0.85355341
vt 0.50000000 0.00000000
vt 0.50000000 1.00000000
vt 0.58827829 0.00000000
vt 0.58827829 1.00000000
vt 0.67054081 0.00000000
vt 0.67054081 1.00000000
vt 0.75000018 1.00000000
vt 0.75000018 0.00000000
vt 0.82945973 0.00000000
vt 0.82945973 1.00000000
vt 0.91172200 0.00000000
vt 0.91172200 1.00000000
vt 1.00000000 1.00000000
vt 0.00000605 0.00000000
vt 0.08827829 1.00000000
vt 0.08827829 0.00000000
vt 0.17054071 1.00000000
vt 0.17054071 0.00000000
vt 0.25000009 1.00000000
vt 0.25000009 0.00000000
vt 0.32945940 1.00000000
vt 0.32945940 0.00000000
vt 0.41172171 1.00000000
vt 0.41172171 0.00000000
vt 0.50000000 1.00000000
vt 0.49999499 0.00000000
vt 0.58827740 1.00000000
vt 0.58827740 0.00000000
vt 0.67053932 0.00000000
vt 0.67053932 1.00000000
vt 0.74998951 0.00000000
vt 0.74999851 1.00000000
vt 0.82945788 1.00000000
vt 0.82945788 0.00000000
vt 0.91172081 1.00000000
vt 0.91172081 0.00000000
vt 0.99998403 1.00000000
vt 0.00000605 0.00000000
vt 0.08827853 1.00000000
vt 0.17054000 0.00000000
vt 0.17054000 1.00000000
vt 0.16679610 1.00000000
vt 0.00000000 1.00000000
vt 0.08827787 0.00000000
vt 0.08827787 1.00000000
vt 0.91172081 0.00000000
vt 0.99998420 1.00000000
vt 0.91172081 1.00000000
vt 0.57390630 0.77582181
vt 0.64277750 0.74729413
vt 0.68301761 0.81698447
vt 0.82945782 0.00000000
vt 0.82945782 1.00000000
vt 0.74999827 0.00000000
vt 0.67053902 1.00000000
vt 0.74999827 1.00000000
vt 0.58827722 1.00000000
vt 0.67053902 0.00000000
vt 0.49999210 0.00000000
vt 0.58827722 0.00000000
vt 0.42609379 0.22417819
vt 0.35722259 0.25270581
vt 0.40526560 0.14644660
vt 0.50000000 1.00000000
vt 0.41172141 0.00000000
vt 0.37388229 1.00000000
vt 0.32945880 0.00000000
vt 0.33177450 0.34518549
vt 0.33672911 0.34274220
vt 0.36278051 0.29588431
vt 0.69707000 0.34353110
vt 0.65312952 0.35748380
vt 0.69026828 0.41306531
vt 0.17054000 0.00000000
vt 0.17054000 1.00000000
vt 0.13926470 1.00000000
vt 0.24999601 0.00000000
vt 1.00000000 0.50000000
vt 0.87678039 0.60095477
vt 0.89007092 0.50000000
vt 0.32945880 1.00000000
vt 0.24999940 1.00000000
vt 0.41172141 0.00000000
vt 0.41172141 1.00000000
vt 0.40212509 1.00000000
vt 0.49999210 0.00000000
vt 0.58827722 1.00000000
vt 0.50000000 1.00000000
vt 0.67053902 0.00000000
vt 0.58827722 0.00000000
vt 0.74999827 0.00000000
vt 0.67053902 1.00000000
vt 0.82945782 0.00000000
vt 0.74999827 1.00000000
vt 0.91172081 0.00000000
vt 0.82945782 1.00000000
vt 0.99998420 1.00000000
vt 0.91172081 1.00000000
vt 0.00000000 1.00000000
vt 0.08827805 0.00000000
vt 0.08827805 1.00000000
vt 0.17054050 0.00000000
vt 0.17054050 1.00000000
vt 0.25000000 0.00000000
vt 0.25000000 1.00000000
vt 0.00000000 0.50000000
vt 0.12322030 0.39904249
vt 0.10992900 0.50000000
vt 0.32945949 0.00000000
vt 0.32945949 1.00000000
vt 0.41172189 0.00000000
vt 0.41172189 1.00000000
vt 0.50000000 1.00000000
vt 0.50000000 0.00000000
vt 0.58827811 1.00000000
vt 0.58827811 0.00000000
vt 0.67054051 1.00000000
vt 0.67054051 0.00000000
vt 0.75000000 1.00000000
vt 0.75000000 0.00000000
vt 0.82945949 0.00000000
vt 0.82945949 1.00000000
vt 0.91172189 0.00000000
vt 0.91172189 1.00000000
vt 1.00000000 0.00000000
vt 0.00000000 1.00000000
vt 0.08827787 0.00000000
vt 0.08827787 1.00000000
vt 0.00000000 0.00000000
vt 0.08827805 1.00000000
vt 0.08827805 0.00000000
vt 0.91172200 1.00000000
vt 1.00000000 0.00000000
vt 0.91172200 0.00000000
vt 0.52317309 0.85355341
vt 0.81777161 0.65671080
vt 0.79459977 0.30315500
vt 0.17054050 1.00000000
vt 0.17054050 0.00000000
vt 0.25000000 1.00000000
vt 0.25000000 0.00000000
vt 0.32945949 0.00000000
vt 0.32945949 1.00000000
vt 0.41172189 1.00000000
vt 0.41172189 0.00000000
vt 0.50000000 1.00000000
vt 0.50000000 0.00000000
vt 0.58827811 1.00000000
vt 0.58827811 0.00000000
vt 0.67054051 1.00000000
vt 0.67054051 0.00000000
vt 0.75000000 1.00000000
vt 0.75000000 0.00000000
vt 0.82945949 1.00000000
vt 0.82945949 0.00000000
vt 0.91172189 0.00000000
vt 0.91172189 1.00000000
vt 1.00000000 0.00000000
vt 0.08827853 0.00000000
vt 0.00000605 1.00000000
vt 0.08827853 1.00000000
vt 0.17054109 0.00000000
vt 0.17054109 1.00000000
vt 0.25000069 1.00000000
vt 0.25000069 0.00000000
vt 0.32946000 0.00000000
vt 0.32946000 1.00000000
vt 0.41172230 0.00000000
vt 0.41172230 1.00000000
vt 0.50000000 0.00000000
vt 0.50000000 1.00000000
vt 0.58827829 0.00000000
vt 0.58827829 1.00000000
vt 0.67054081 1.00000000
vt 0.67054081 0.00000000
vt 0.75000018 1.00000000
vt 0.75000018 0.00000000
vt 0.82945973 1.00000000
vt 0.82945973 0.00000000
vt 0.32404611 0.56551218
vt 0.36278051 0.56689632
vt 0.32296839 0.56009430
vt 0.32945880 0.00000000
vt 0.32945880 1.00000000
vt 0.26975831 1.00000000
vt 0.41172141 0.00000000
vt 0.57390642 0.77582181
vt 0.64277589 0.74729508
vt 0.68301272 0.81698728
vt 0.42608920 0.22417940
vt 0.35722411 0.25270489
vt 0.40525091 0.14645050
vt 0.49999210 0.00000000
vt 0.41172141 1.00000000
vt 0.58827722 1.00000000
vt 0.50000000 1.00000000
vt 0.58827722 0.00000000
vt 0.67053902 1.00000000
vt 0.74999827 0.00000000
vt 0.67053902 0.00000000
vt 0.82945782 0.00000000
vt 0.74999827 1.00000000
vt 0.91172081 0.00000000
vt 0.82945782 1.00000000
vt 0.99998420 1.00000000
vt 0.91172081 1.00000000
vt 0.00000000 1.00000000
vt 0.08827805 0.00000000
vt 0.08827805 1.00000000
vt 0.17054050 1.00000000
vt 0.17054050 0.00000000
vt 0.25000000 1.00000000
vt 0.25000000 0.00000000
vt 0.26975831 1.00000000
vt 0.32945949 0.00000000
vt 0.41172189 1.00000000
vt 0.41172189 0.00000000
vt 0.50000000 1.00000000
vt 0.50000000 0.00000000
vt 0.58827811 0.00000000
vt 0.58827811 1.00000000
vt 0.67054051 0.00000000
vt 0.67054051 1.00000000
vt 0.75000000 1.00000000
vt 0.75000000 0.00000000
vt 0.82945949 0.00000000
vt 0.82945949 1.00000000
vt 0.91172189 0.00000000
vt 0.91172189 1.00000000
vt 1.00000000 0.00000000
vt 0.08827787 1.00000000
vt 0.00000000 0.00000000
vt 0.08827787 0.00000000
vt 0.17054000 1.00000000
vt 0.17054000 0.00000000
vt 0.24999940 1.00000000
vt 0.75000000 0.00000000
vt 0.67054051 1.00000000
vt 0.75000000 1.00000000
vt 0.67054051 0.00000000
vt 0.58827811 1.00000000
vt 0.81777161 0.65671080
vt 0.79459977 0.30315500
vt 0.18222730 0.34329149
vt 0.82945949 0.00000000
vt 0.82945949 1.00000000
vt 0.91172189 0.00000000
vt 0.91172189 1.00000000
vt 1.00000000 1.00000000
vt 0.00000605 0.00000000
vt 0.08827853 1.00000000
vt 0.08827853 0.00000000
vt 0.17054109 1.00000000
vt 0.17054109 0.00000000
vt 0.25000069 1.00000000
vt 0.25000069 0.00000000
vt 0.32946000 0.00000000
vt 0.32946000 1.00000000
vt 0.41172230 0.00000000
vt 0.41172230 1.00000000
vt 0.50000000 0.00000000
vt 0.50000000 1.00000000
vt 0.58827829 1.00000000
vt 0.58827829 0.00000000
vt 0.67054081 0.00000000
vt 0.67054081 1.00000000
vt 0.75000018 0.00000000
vt 0.75000018 1.00000000
vt 0.82945973 1.00000000
vt 0.82945973 0.00000000
vt 0.91172200 0.00000000
vt 0.91172200 1.00000000
vt 1.00000000 0.00000000
vt 0.08827805 0.00000000
vt 0.00000000 1.00000000
vt 0.08827805 1.00000000
vt 0.17054050 1.00000000
vt 0.17054050 0.00000000
vt 0.25000000 1.00000000
vt 0.25000000 0.00000000
vt 0.32945949 0.00000000
vt 0.32945949 1.00000000
vt 0.41172189 0.00000000
vt 0.41172189 1.00000000
vt 0.50000000 0.00000000
vt 0.50000000 1.00000000
vt 0.58827811 0.00000000
vt 0.24999890 0.50447100
vt 0.24999890 1.00000000
vt 0.30455640 1.00000000
vt 0.32945830 0.50447100
vt 0.41172099 1.00000000
vt 0.41172099 0.50447100
vt 0.50000000 1.00000000
vt 0.50000000 0.50447100
vt 0.58827651 0.50447100
vt 0.58827651 1.00000000
vt 0.50000250 0.00000000
vt 0.45586321 0.00000000
vt 0.58828080 0.00000000
vt 0.54414171 0.00000000
vt 0.45587420 1.00000000
vt 0.50000000 1.00000000
vt 0.49998501 0.00000000
vt 0.50001502 1.00000000
vt 0.54415452 1.00000000
vt 0.58827817 1.00000000
vt 0.58826667 0.00000000
vt 0.54413682 1.00000000
vt 0.50000000 0.49540591
vt 0.54413819 0.49540591
vt 0.45586050 0.49540591
vt 0.49999741 0.00000000
vt 0.54413682 0.00000000
vt 0.54413921 0.50000000
vt 0.50001502 0.00000000
vt 0.50000000 0.50000000
vt 0.45587420 0.00000000
vt 0.45586109 0.50000000
vt 0.45586109 1.00000000
vt 0.49998501 1.00000000
vt 0.50000000 1.00000000
vt 0.54412591 1.00000000
vt 0.58827817 0.50000000
vt 0.58827817 0.00000000
vt 0.54415452 0.00000000
vt 0.54413921 1.00000000
vt 0.58826667 1.00000000
vt 0.45586321 0.00000000
vt 0.45586050 0.31767100
vt 0.41172099 0.31767100
vt 0.50000250 0.00000000
vt 0.50000000 0.31767100
vt 0.41172099 0.64722288
vt 0.45586050 0.64722288
vt 0.50000000 1.00000000
vt 0.50000000 0.64722288
vt 0.45586050 1.00000000
vt 0.37058961 0.31767100
vt 0.37058961 0.64722288
vt 0.41172099 1.00000000
vt 0.37058961 1.00000000
vt 0.32945830 0.64722288
vt 0.32945830 1.00000000
vt 0.28972861 0.64722288
vt 0.28972861 0.31767100
vt 0.32945830 0.31767100
vt 0.32946089 0.00000000
vt 0.37059239 0.00000000
vt 0.62940949 0.50000000
vt 0.62940949 1.00000000
vt 0.67053181 1.00000000
vt 0.67054069 0.50000000
vt 0.67054069 1.00000000
vt 0.71026272 1.00000000
vt 0.28973100 0.00000000
vt 0.24999890 0.31767100
vt 0.71027052 0.50000000
vt 0.71027052 1.00000000
vt 0.74999362 1.00000000
vt 0.75000018 0.50000000
vt 0.75000018 0.00000000
vt 0.71028852 0.00000000
vt 0.71027052 0.00000000
vt 0.67055792 0.00000000
vt 0.78972989 0.50000000
vt 0.78972989 0.00000000
vt 0.75001919 0.00000000
vt 0.75000018 1.00000000
vt 0.78972441 1.00000000
vt 0.25000110 0.00000000
vt 0.21026930 0.31767100
vt 0.21027111 0.00000000
vt 0.17053971 0.31767100
vt 0.78972989 1.00000000
vt 0.82945508 1.00000000
vt 0.17054120 0.00000000
vt 0.12940870 0.31767100
vt 0.12940870 0.64722288
vt 0.17053971 0.64722288
vt 0.12940870 1.00000000
vt 0.17053971 1.00000000
vt 0.21026930 0.64722288
vt 0.21026930 1.00000000
vt 0.24999890 0.64722288
vt 0.24999890 1.00000000
vt 0.28972861 1.00000000
vt 0.08827769 1.00000000
vt 0.04413884 1.00000000
vt 0.08827769 0.64722288
vt 0.00000000 1.00000000
vt 0.04413884 0.64722288
vt 1.00000000 1.00000000
vt 0.95586097 0.64722288
vt 1.00000000 0.64722288
vt 0.00000000 0.64722288
vt 0.04413884 0.31767100
vt 1.00000000 0.31767100
vt 0.95586097 0.31767100
vt 0.95586097 1.00000000
vt 0.91172189 0.64722288
vt 0.91172189 0.31767100
vt 0.91172612 0.00000000
vt 0.95586562 0.00000000
vt 0.87059462 0.00000000
vt 0.87059069 0.31767100
vt 0.87059069 0.64722288
vt 0.08827841 0.50000000
vt 0.08827841 1.00000000
vt 0.08827805 1.00000000
vt 0.04413920 0.50000000
vt 0.04413920 1.00000000
vt 0.04413902 1.00000000
vt 0.08827841 0.00000000
vt 0.08825290 0.00000000
vt 0.12940970 0.50000000
vt 0.12940970 0.00000000
vt 0.12938580 0.00000000
vt 0.12941191 0.49540591
vt 0.08828026 0.49540591
vt 0.04413437 0.00000000
vt 0.04414010 0.49540591
vt 0.04411143 0.00000000
vt 0.00000504 0.00000000
vt 0.00000504 0.50000000
vt 0.00003000 0.49540591
vt 0.99997002 0.00000000
vt 0.95585978 0.49540591
vt 0.95585978 0.00000000
vt 1.00000000 0.50000000
vt 0.95586079 0.00000000
vt 0.91171968 0.49540591
vt 0.95586097 0.50000000
vt 0.91174698 0.00000000
vt 1.00000000 1.00000000
vt 0.91172200 0.50000000
vt 0.95586097 1.00000000
vt 0.00000000 0.00000000
vt 0.00000000 0.31767100
vt 0.04413884 0.00000000
vt 0.08827769 0.31767100
vt 0.12940980 0.00000000
vt 0.87059081 0.50000000
vt 0.91172200 1.00000000
vt 0.82945961 0.50000000
vt 0.82945961 1.00000000
vt 0.87058741 1.00000000
vt 0.87059081 0.00000000
vt 0.82948118 0.00000000
vt 0.91172200 0.00000000
vt 0.87061411 0.00000000
vt 0.87058800 0.49540591
vt 0.82945633 0.49540591
vt 0.91172153 1.00000000
vt 0.87059021 1.00000000
vt 0.95586079 1.00000000
vt 0.91172200 0.00000000
vt 0.91174698 1.00000000
vt 0.87059081 0.00000000
vt 0.87061411 1.00000000
vt 0.04413920 0.00000000
vt 0.00000000 0.00000000
vt 0.00000000 0.50447100
vt 0.17054120 0.00000000
vt 0.12940980 0.00000000
vt 0.17053971 0.50447100
vt 0.08827769 0.50447100
vt 0.00000000 1.00000000
vt 0.08827769 1.00000000
vt 0.17053971 1.00000000
vt 0.26638591 0.76638591
vt 0.34882781 0.67237878
vt 0.34518540 0.66822541
vt 0.21238101 1.00000000
vt 0.26975831 1.00000000
vt 0.24999601 0.00000000
vt 0.32945880 0.00000000
vt 0.41172141 1.00000000
vt 0.41172141 0.00000000
vt 0.50000000 1.00000000
vt 0.49999210 0.00000000
vt 0.58827722 1.00000000
vt 0.58827722 0.00000000
vt 0.67053902 1.00000000
vt 0.67053902 0.00000000
vt 0.74999827 1.00000000
vt 0.74999827 0.00000000
vt 0.82945782 0.00000000
vt 0.82945782 1.00000000
vt 0.91172081 0.00000000
vt 0.91172081 1.00000000
vt 0.99998420 1.00000000
vt 0.08827787 1.00000000
vt 0.00000000 0.00000000
vt 0.08827787 0.00000000
vt 0.17054000 1.00000000
vt 0.24999601 0.00000000
vt 0.17054000 0.00000000
vt 0.32945880 0.00000000
vt 0.32945880 1.00000000
vt 0.26975831 1.00000000
vt 0.41172141 1.00000000
vt 0.42609379 0.22417819
vt 0.35722050 0.25270709
vt 0.40525380 0.14644980
vt 0.41172141 0.00000000
vt 0.50000000 1.00000000
vt 0.49999210 0.00000000
vt 0.58827722 1.00000000
vt 0.58827722 0.00000000
vt 0.67053902 1.00000000
vt 0.74999827 0.00000000
vt 0.67053902 0.00000000
vt 0.82945782 1.00000000
vt 0.74999827 1.00000000
vt 0.91172081 0.00000000
vt 0.82945782 0.00000000
vt 0.99998420 1.00000000
vt 0.91172081 1.00000000
vt 0.08827787 1.00000000
vt 0.00000000 0.00000000
vt 0.08827787 0.00000000
vt 0.17054000 1.00000000
vt 0.17054000 0.00000000
vt 0.24999940 1.00000000
vt 0.57390630 0.77582181
vt 0.64277953 0.74729288
vt 0.59474617 0.85355020
vt 0.91172200 0.00000000
vt 0.82945973 1.00000000
vt 0.91172200 1.00000000
vt 0.82945973 0.00000000
vt 0.75000018 1.00000000
vt 0.47682691 0.14644660
vt 0.18222851 0.34328929
vt 0.52317309 0.85355341
vt 1.00000000 1.00000000
vt 0.00000605 0.00000000
vt 0.08827853 1.00000000
vt 0.08827853 0.00000000
vt 0.17054109 1.00000000
vt 0.17054109 0.00000000
vt 0.25000069 1.00000000
vt 0.25000069 0.00000000
vt 0.32946000 1.00000000
vt 0.32946000 0.00000000
vt 0.41172230 0.00000000
vt 0.41172230 1.00000000
vt 0.50000000 0.00000000
vt 0.50000000 1.00000000
vt 0.58827829 0.00000000
vt 0.58827829 1.00000000
vt 0.67054081 0.00000000
vt 0.67054081 1.00000000
vt 0.75000018 1.00000000
vt 0.75000018 0.00000000
vt 0.82945973 0.00000000
vt 0.82945973 1.00000000
vt 0.91172200 0.00000000
vt 0.91172200 1.00000000
vt 1.00000000 1.00000000
vt 0.00000605 0.00000000
vt 0.08827853 1.00000000
vt 0.08827853 0.00000000
vt 0.17054109 1.00000000
vt 0.17054109 0.00000000
vt 0.25000069 1.00000000
vt 0.25000069 0.00000000
vt 0.32946000 1.00000000
vt 0.32946000 0.00000000
vt 0.41172230 0.00000000
vt 0.41172230 1.00000000
vt 0.50000000 0.00000000
vt 0.50000000 1.00000000
vt 0.58827829 0.00000000
vt 0.58827829 1.00000000
vt 0.67054081 0.00000000
vt 0.67054081 1.00000000
vt 0.75000018 0.00000000
vt 0.57625651 0.67809129
vt 0.58084887 0.68115997
vt 0.63643050 0.64402151
vt 0.76975828 1.00000000
vt 0.74999827 0.00000000
vt 0.82945782 0.00000000
vt 0.91172081 1.00000000
vt 0.91172081 0.00000000
vt 0.99998420 1.00000000
vt 0.00000000 1.00000000
vt 0.08827787 0.00000000
vt 0.08827787 1.00000000
vt 0.17054000 0.00000000
vt 0.24999601 0.00000000
vt 0.17054000 1.00000000
vt 0.87677950 0.39904201
vt 0.83781087 0.30496380
vt 0.93301100 0.24999700
vt 0.32945880 1.00000000
vt 0.24999940 1.00000000
vt 0.32945880 0.00000000
vt 0.41172141 1.00000000
vt 0.49999210 0.00000000
vt 0.41172141 0.00000000
vt 0.12322050 0.60095799
vt 0.16218910 0.69503617
vt 0.06698900 0.75000298
vt 0.58827722 1.00000000
vt 0.50000000 1.00000000
vt 0.58827722 0.00000000
vt 0.67053902 1.00000000
vt 0.74999827 0.00000000
vt 0.67053902 0.00000000
vt 0.82945782 0.00000000
vt 0.82945782 1.00000000
vt 0.76975828 1.00000000
vt 0.91172081 0.00000000
vt 0.99998420 0.00000000
vt 0.91172081 1.00000000
vt 0.00000000 1.00000000
vt 0.08827787 0.00000000
vt 0.08827787 1.00000000
vt 0.17054000 0.00000000
vt 0.17054000 1.00000000
vt 0.24999601 0.00000000
vt 0.24999940 1.00000000
vt 0.32945880 1.00000000
vt 0.32945880 0.00000000
vt 0.41172141 1.00000000
vt 0.41172141 0.00000000
vt 0.50000000 1.00000000
vt 0.49999210 0.00000000
vt 0.58827722 0.00000000
vt 0.58827722 1.00000000
vt 0.67053902 0.00000000
vt 0.67053902 1.00000000
vt 0.74999827 1.00000000
vt 0.50000000 0.00000000
vt 0.58827829 1.00000000
vt 0.58827829 0.00000000
vt 0.41172230 1.00000000
vt 0.50000000 1.00000000
vt 0.52317309 0.85355341
vt 0.81777161 0.65671080
vt 0.79459977 0.30315500
vt 0.67054081 1.00000000
vt 0.67054081 0.00000000
vt 0.75000018 1.00000000
vt 0.75000018 0.00000000
vt 0.82945973 1.00000000
vt 0.82945973 0.00000000
vt 0.91172200 0.00000000
vt 0.91172200 1.00000000
vt 1.00000000 0.00000000
vt 0.08827853 0.00000000
vt 0.00000605 1.00000000
vt 0.08827853 1.00000000
vt 0.17054109 0.00000000
vt 0.17054109 1.00000000
vt 0.25000069 1.00000000
vt 0.25000069 0.00000000
vt 0.32946000 0.00000000
vt 0.32946000 1.00000000
vt 0.41172230 0.00000000
vt 0.41172230 1.00000000
vt 0.50000000 0.00000000
vt 0.50000000 1.00000000
vt 0.58827829 0.00000000
vt 0.58827829 1.00000000
vt 0.67054081 0.00000000
vt 0.67054081 1.00000000
vt 0.75000018 0.00000000
vt 0.75000018 1.00000000
vt 0.82945973 1.00000000
vt 0.82945973 0.00000000
vt 0.91172200 0.00000000
vt 0.91172200 1.00000000
vt 1.00000000 0.00000000
vt 0.08827853 0.00000000
vt 0.00000605 1.00000000
vt 0.08827853 1.00000000
vt 0.17054109 0.00000000
vt 0.17054109 1.00000000
vt 0.25000069 1.00000000
vt 0.25000069 0.00000000
vt 0.32946000 0.00000000
vt 0.32946000 1.00000000
vt 0.41172230 0.00000000
vt 0.61389011 0.83550870
vt 0.57369840 0.71710831
vt 0.56828028 0.71818602
vt 0.82945949 0.50447100
vt 0.82945949 1.00000000
vt 0.89231652 1.00000000
vt 0.91172189 0.50447100
vt 1.00000000 1.00000000
vt 1.00000000 0.50447100
vt 0.91172189 0.00000000
vt 0.87059069 0.00000000
vt 1.00000000 0.00000000
vt 0.95586097 0.00000000
vt 0.04413902 0.00000000
vt 0.04413902 1.00000000
vt 0.08825290 1.00000000
vt 0.08827805 0.00000000
vt 0.08827805 1.00000000
vt 0.12938580 1.00000000
vt 0.12940930 0.00000000
vt 0.12940930 1.00000000
vt 0.17051880 1.00000000
vt 0.17054370 0.49540591
vt 0.17054050 1.00000000
vt 0.21027350 0.49540591
vt 0.17053680 0.00000000
vt 0.17054100 0.50000000
vt 0.17051880 0.00000000
vt 0.21027081 0.50000000
vt 0.21027081 0.00000000
vt 0.21024980 0.00000000
vt 0.12940970 1.00000000
vt 0.12940930 1.00000000
vt 0.17054100 1.00000000
vt 0.17054050 1.00000000
vt 0.82946312 0.00000000
vt 0.82945949 0.31767100
vt 0.78973317 0.00000000
vt 0.78972977 0.31767100
vt 0.82945949 0.64722288
vt 0.78972977 0.64722288
vt 0.75000322 0.00000000
vt 0.75000000 0.31767100
vt 0.75000000 0.64722288
vt 0.78972977 1.00000000
vt 0.82945949 1.00000000
vt 0.71027023 1.00000000
vt 0.75000000 1.00000000
vt 0.71027023 0.31767100
vt 0.71027023 0.64722288
vt 0.67054051 1.00000000
vt 0.67054051 0.31767100
vt 0.67054051 0.64722288
vt 0.62940931 1.00000000
vt 0.58827811 1.00000000
vt 0.62940931 0.64722288
vt 0.58827811 0.31767100
vt 0.58827811 0.64722288
vt 0.62940931 0.31767100
vt 0.58828080 0.00000000
vt 0.62941211 0.00000000
vt 0.37059110 0.50000000
vt 0.37059110 1.00000000
vt 0.37059069 1.00000000
vt 0.32946000 0.50000000
vt 0.32946000 1.00000000
vt 0.32945949 1.00000000
vt 0.67054337 0.00000000
vt 0.28973031 0.50000000
vt 0.28973031 1.00000000
vt 0.28972971 1.00000000
vt 0.37059110 0.00000000
vt 0.37057400 0.00000000
vt 0.32946000 0.00000000
vt 0.32944220 0.00000000
vt 0.28973031 0.00000000
vt 0.28971139 0.00000000
vt 0.25000051 0.50000000
vt 0.25000051 1.00000000
vt 0.25000000 1.00000000
vt 0.71027333 0.00000000
vt 0.21027081 1.00000000
vt 0.21027020 1.00000000
vt 0.32946220 0.49540591
vt 0.28973281 0.49540591
vt 0.37059289 0.49540591
vt 0.28972971 1.00000000
vt 0.32945949 1.00000000
vt 0.41172361 0.49540591
vt 0.37059069 1.00000000
vt 0.32945949 0.00000000
vt 0.37057400 1.00000000
vt 0.28972971 0.00000000
vt 0.32944220 1.00000000
vt 0.75000000 0.50447100
vt 0.75000000 0.00000000
vt 0.71027029 0.00000000
vt 0.67054051 0.50447100
vt 0.67054051 0.00000000
vt 0.62940931 0.00000000
vt 0.58827811 1.00000000
vt 0.67054051 1.00000000
vt 0.75000000 1.00000000
vt 0.58827811 0.50447100
vt 0.50000000 1.00000000
vt 0.41172189 0.50447100
vt 0.41172189 1.00000000
vt 0.46329209 1.00000000
vt 0.58827811 0.00000000
vt 0.54413903 0.00000000
vt 0.50000000 0.50447100
vt 0.50000000 0.00000000
vt 0.45586100 0.00000000
vt 0.41172189 0.00000000
vt 0.37059069 0.00000000
vt 0.32945949 0.50447100
vt 0.54413903 0.00000000
vt 0.54413903 1.00000000
vt 0.58826667 1.00000000
vt 0.58827811 0.00000000
vt 0.58827811 1.00000000
vt 0.62939918 1.00000000
vt 0.62940931 0.00000000
vt 0.62940931 1.00000000
vt 0.67053181 1.00000000
vt 0.62941039 0.49540591
vt 0.67054170 0.49540591
vt 0.67054051 1.00000000
vt 0.71027142 0.49540591
vt 0.62940758 0.00000000
vt 0.67053902 0.00000000
vt 0.67054069 0.50000000
vt 0.67053181 0.00000000
vt 0.62940949 0.50000000
vt 0.62939918 0.00000000
vt 0.58827621 0.00000000
vt 0.58827901 0.49540591
vt 0.58827817 0.50000000
vt 0.58826667 0.00000000
vt 0.54413921 0.50000000
vt 0.54413921 1.00000000
vt 0.54413903 1.00000000
vt 0.58827817 1.00000000
vt 0.62940949 1.00000000
vt 0.41172189 0.00000000
vt 0.37059069 0.31767100
vt 0.37059069 0.00000000
vt 0.45586091 0.00000000
vt 0.41172189 0.31767100
vt 0.37059069 0.64722288
vt 0.45586091 0.31767100
vt 0.41172189 0.64722288
vt 0.41172189 1.00000000
vt 0.45586091 1.00000000
vt 0.45586091 0.64722288
vt 0.50000000 1.00000000
vt 0.50000000 0.64722288
vt 0.50000000 0.31767100
vt 0.54413903 0.64722288
vt 0.54413903 1.00000000
vt 0.54413903 0.31767100
vt 0.50000250 0.00000000
vt 0.54414171 0.00000000
vt 0.45586109 0.50000000
vt 0.45586109 1.00000000
vt 0.45586100 1.00000000
vt 0.50000000 0.50000000
vt 0.50000000 1.00000000
vt 0.50000000 1.00000000
vt 0.50000000 0.00000000
vt 0.49998501 0.00000000
vt 0.54413921 0.00000000
vt 0.54412591 0.00000000
vt 0.54413950 0.49540591
vt 0.50000000 0.49540591
vt 0.45585841 0.00000000
vt 0.45586181 0.49540591
vt 0.45584550 0.00000000
vt 0.41171920 0.00000000
vt 0.45586100 1.00000000
vt 0.41172189 1.00000000
vt 0.41172189 0.00000000
vt 0.45584550 1.00000000
vt 0.37059069 0.00000000
vt 0.41170591 1.00000000
vt 0.45586091 0.00000000
vt 0.49998501 1.00000000
vt 0.50000000 1.00000000
vt 0.54412591 1.00000000
vt 0.41172221 0.50000000
vt 0.41170591 0.00000000
vt 0.41172189 1.00000000
vt 0.45586321 0.00000000
vt 0.37059069 1.00000000
vt 0.32945949 0.64722288
vt 0.32945949 0.31767100
vt 0.32945949 1.00000000
vt 0.28972971 0.64722288
vt 0.28972971 1.00000000
vt 0.25000000 0.64722288
vt 0.25000000 0.31767100
vt 0.28972971 0.31767100
vt 0.25000000 0.00000000
vt 0.28972971 0.00000000
vt 0.75000018 0.50000000
vt 0.71027052 1.00000000
vt 0.75000018 1.00000000
vt 0.71027052 0.50000000
vt 0.67054069 1.00000000
vt 0.21027020 0.00000000
vt 0.21027020 0.31767100
vt 0.78972989 0.50000000
vt 0.78972989 1.00000000
vt 0.75000018 0.00000000
vt 0.74999362 0.00000000
vt 0.78972989 0.00000000
vt 0.78972441 0.00000000
vt 0.78973073 0.49540591
vt 0.75000107 0.49540591
vt 0.71026897 0.00000000
vt 0.71026272 0.00000000
vt 0.71027029 1.00000000
vt 0.75000000 1.00000000
vt 0.82946032 0.49540591
vt 0.78972971 1.00000000
vt 0.82945877 0.00000000
vt 0.87059128 0.49540591
vt 0.82945949 1.00000000
vt 0.78972977 0.00000000
vt 0.82945508 1.00000000
vt 0.75000000 0.00000000
vt 0.78972441 1.00000000
vt 0.25000000 0.50447100
vt 0.25000000 0.00000000
vt 0.21027020 0.00000000
vt 0.71027023 0.00000000
vt 0.74999362 1.00000000
vt 0.32945949 0.00000000
vt 0.28972971 0.00000000
vt 0.17054050 1.00000000
vt 0.25000000 1.00000000
vt 0.30455640 1.00000000
vt 0.66822499 0.65481478
vt 0.66327041 0.65725797
vt 0.65646881 0.70411581
vt 0.32945949 0.00000000
vt 0.32945949 1.00000000
vt 0.26975831 1.00000000
vt 0.41172189 1.00000000
vt 0.41172189 0.00000000
vt 0.50000000 1.00000000
vt 0.50000018 0.86602539
vt 0.42609379 0.77582181
vt 0.50000417 0.78555173
vt 0.58827811 0.00000000
vt 0.50000000 0.00000000
vt 0.67054051 0.00000000
vt 0.58827811 1.00000000
vt 0.75000000 1.00000000
vt 0.67054051 1.00000000
vt 0.82945949 0.00000000
vt 0.75000000 0.00000000
vt 0.91172189 0.00000000
vt 0.82945949 1.00000000
vt 1.00000000 0.00000000
vt 0.91172189 1.00000000
vt 0.08827787 1.00000000
vt 0.00000000 0.00000000
vt 0.08827787 0.00000000
vt 0.17054000 1.00000000
vt 0.17054000 0.00000000
vt 0.24999940 1.00000000
vt 0.24999601 0.00000000
vt 0.26975831 1.00000000
vt 0.32945880 0.00000000
vt 0.42609349 0.22417830
vt 0.35722411 0.25270489
vt 0.40525091 0.14645050
vt 0.32945880 1.00000000
vt 0.41172141 0.00000000
vt 0.41172141 1.00000000
vt 0.76975828 1.00000000
vt 0.74999827 0.00000000
vt 0.82945782 0.00000000
vt 0.82945782 1.00000000
vt 0.91172081 0.00000000
vt 0.91172081 1.00000000
vt 0.99998420 1.00000000
vt 0.00000000 1.00000000
vt 0.08827787 0.00000000
vt 0.08827787 1.00000000
vt 0.17054000 0.00000000
vt 0.12322130 0.60096133
vt 0.16219071 0.69503909
vt 0.01704031 0.62942171
vt 0.24999601 0.00000000
vt 0.17054000 1.00000000
vt 0.32945880 1.00000000
vt 0.24999940 1.00000000
vt 0.32945880 0.00000000
vt 0.41172141 1.00000000
vt 0.41172141 0.00000000
vt 0.50000000 1.00000000
vt 0.49999210 0.00000000
vt 0.58827722 1.00000000
vt 0.58827722 0.00000000
vt 0.67053902 1.00000000
vt 0.67053902 0.00000000
vt 0.74999827 1.00000000
vt 0.82945782 0.00000000
vt 0.82945782 1.00000000
vt 0.76975828 1.00000000
vt 0.41172189 0.00000000
vt 0.41172189 1.00000000
vt 0.37388229 1.00000000
vt 0.50000000 1.00000000
vt 0.42609379 0.22417819
vt 0.35722259 0.25270581
vt 0.31698710 0.18301280
vt 0.58827811 0.00000000
vt 0.50000000 0.00000000
vt 0.67054051 0.00000000
vt 0.58827811 1.00000000
vt 0.57390630 0.77582181
vt 0.64277601 0.74729502
vt 0.68301761 0.81698447
vt 0.75000000 0.00000000
vt 0.67054051 1.00000000
vt 0.82945949 1.00000000
vt 0.75000000 1.00000000
vt 0.91172189 0.00000000
vt 0.82945949 0.00000000
vt 1.00000000 0.00000000
vt 0.91172189 1.00000000
vt 0.00000000 1.00000000
vt 0.08827787 0.00000000
vt 0.08827787 1.00000000
vt 0.16679610 1.00000000
vt 0.17054000 0.00000000
vt 0.32945880 0.00000000
vt 0.32945880 1.00000000
vt 0.26975831 1.00000000
vt 0.24999601 0.00000000
vt 0.17054000 1.00000000
vt 0.17054000 0.00000000
vt 0.42609349 0.22417830
vt 0.35722411 0.25270489
vt 0.40525880 0.14644840
vt 0.41172141 1.00000000
vt 0.41172141 0.00000000
vt 0.50000000 1.00000000
vt 0.49999210 0.00000000
vt 0.58827722 1.00000000
vt 0.58827722 0.00000000
vt 0.67053902 1.00000000
vt 0.67053902 0.00000000
vt 0.74999827 1.00000000
vt 0.82945782 0.00000000
vt 0.74999827 0.00000000
vt 0.91172081 0.00000000
vt 0.82945782 1.00000000
vt 0.99998420 1.00000000
vt 0.91172081 1.00000000
vt 0.00000000 1.00000000
vt 0.08827805 0.00000000
vt 0.08827805 1.00000000
vt 0.50000018 0.86602539
vt 0.42609379 0.77582181
vt 0.50000018 0.78555173
vt 0.17054050 0.00000000
vt 0.17054050 1.00000000
vt 0.25000000 0.00000000
vt 0.25000000 1.00000000
vt 0.26975831 1.00000000
vt 0.32945949 0.00000000
vt 0.41172189 1.00000000
vt 0.41172189 0.00000000
vt 0.50000000 1.00000000
vt 0.50000000 0.00000000
vt 0.58827811 1.00000000
vt 0.58827811 0.00000000
vt 0.67054051 1.00000000
vt 0.67054051 0.00000000
vt 0.75000000 1.00000000
vt 0.75000000 0.00000000
vt 0.82945949 0.00000000
vt 0.82945949 1.00000000
vt 0.91172189 1.00000000
vt 0.91172189 0.00000000
vt 1.00000000 1.00000000
vt 0.08827787 1.00000000
vt 0.00000000 0.00000000
vt 0.08827787 0.00000000
vt 0.17054050 0.00000000
vt 0.25000000 1.00000000
vt 0.25000000 0.00000000
vt 0.08827805 0.00000000
vt 0.17054050 1.00000000
vt 0.81777263 0.65670848
vt 0.79459947 0.30315450
vt 0.18222730 0.34329149
vt 0.32945949 0.00000000
vt 0.32945949 1.00000000
vt 0.41172189 0.00000000
vt 0.41172189 1.00000000
vt 0.50000000 0.00000000
vt 0.50000000 1.00000000
vt 0.58827811 1.00000000
vt 0.58827811 0.00000000
vt 0.67054051 0.00000000
vt 0.67054051 1.00000000
vt 0.75000000 0.00000000
vt 0.75000000 1.00000000
vt 0.82945949 1.00000000
vt 0.82945949 0.00000000
vt 0.91172189 0.00000000
vt 0.91172189 1.00000000
vt 1.00000000 0.00000000
vt 0.08827805 0.00000000
vt 0.00000000 1.00000000
vt 0.08827805 1.00000000
vt 0.17054050 0.00000000
vt 0.17054050 1.00000000
vt 0.25000000 0.00000000
vt 0.25000000 1.00000000
vt 0.32945949 0.00000000
vt 0.32945949 1.00000000
vt 0.41172189 0.00000000
vt 0.41172189 1.00000000
vt 0.50000000 0.00000000
vt 0.50000000 1.00000000
vt 0.58827811 0.00000000
vt 0.58827811 1.00000000
vt 0.67054051 0.00000000
vt 0.67054051 1.00000000
vt 0.75000000 0.00000000
vt 0.75000000 1.00000000
vt 0.82945949 0.00000000
vt 0.82945949 1.00000000
vt 0.91172189 0.00000000
vt 0.91172189 1.00000000
vt 1.00000000 1.00000000
vt 0.00000000 0.00000000
vt 0.08827805 1.00000000
vt 0.24999940 1.00000000
vt 0.24999601 0.00000000
vt 0.32945880 0.00000000
vt 0.32945880 1.00000000
vt 0.41172141 0.00000000
vt 0.41172141 1.00000000
vt 0.49999210 0.00000000
vt 0.50000000 1.00000000
vt 0.58827722 1.00000000
vt 0.58827722 0.00000000
vt 0.67053902 0.00000000
vt 0.67053902 1.00000000
vt 0.74999827 0.00000000
vt 0.74999827 1.00000000
vt 0.82945782 0.00000000
vt 0.82945782 1.00000000
vt 0.91172081 1.00000000
vt 0.91172081 0.00000000
vt 0.99998420 1.00000000
vt 0.08827805 1.00000000
vt 0.00000000 0.00000000
vt 0.08827805 0.00000000
vt 0.17054050 1.00000000
vt 0.17054050 0.00000000
vt 0.25000000 1.00000000
vt 0.25000000 0.00000000
vt 0.32945949 1.00000000
vt 0.41172189 0.00000000
vt 0.32945949 1.00000000
vt 0.41172189 1.00000000
vt 0.32945949 0.00000000
vt 0.25000000 1.00000000
vt 0.47682691 0.14644660
vt 0.18222730 0.34329149
vt 0.52317309 0.85355341
vt 0.50000000 0.00000000
vt 0.50000000 1.00000000
vt 0.58827811 0.00000000
vt 0.58827811 1.00000000
vt 0.67054051 0.00000000
vt 0.67054051 1.00000000
vt 0.75000000 0.00000000
vt 0.75000000 1.00000000
vt 0.82945949 1.00000000
vt 0.82945949 0.00000000
vt 0.91172189 0.00000000
vt 0.91172189 1.00000000
vt 1.00000000 0.00000000
vt 0.08827853 0.00000000
vt 0.00000605 1.00000000
vt 0.08827853 1.00000000
vt 0.17054109 0.00000000
vt 0.17054109 1.00000000
vt 0.25000069 0.00000000
vt 0.25000069 1.00000000
vt 0.32946000 0.00000000
vt 0.32946000 1.00000000
vt 0.41172230 0.00000000
vt 0.41172230 1.00000000
vt 0.50000000 1.00000000
vt 0.50000000 0.00000000
vt 0.58827829 1.00000000
vt 0.58827829 0.00000000
vt 0.67054081 1.00000000
vt 0.67054081 0.00000000
vt 0.75000018 1.00000000
vt 0.75000018 0.00000000
vt 0.82945973 0.00000000
vt 0.82945973 1.00000000
vt 0.91172200 0.00000000
vt 0.91172200 1.00000000
vt 1.00000000 1.00000000
vt 0.08827805 0.00000000
vt 0.00000000 1.00000000
vt 0.08827805 1.00000000
vt 0.17054050 0.00000000
vt 0.17054050 1.00000000
vt 0.25000000 0.00000000
vt 0.91172081 1.00000000
vt 0.99998420 0.00000000
vt 0.91172081 0.00000000
vt 1.00000000 0.50000000
vt 0.87678039 0.60095477
vt 0.89007092 0.50000000
vt 0.00000000 1.00000000
vt 0.08827787 0.00000000
vt 0.08827787 1.00000000
vt 0.17054000 0.00000000
vt 0.17054000 1.00000000
vt 0.24999601 0.00000000
vt 0.24999940 1.00000000
vt 0.32945880 1.00000000
vt 0.32945880 0.00000000
vt 0.41172141 1.00000000
vt 0.41172141 0.00000000
vt 0.49999210 0.00000000
vt 0.50000000 1.00000000
vt 0.58827722 1.00000000
vt 0.58827722 0.00000000
vt 0.67053902 0.00000000
vt 0.67053902 1.00000000
vt 0.74999827 1.00000000
vt 0.08827853 0.00000000
vt 0.00000605 1.00000000
vt 0.08827853 1.00000000
vt 0.91172200 1.00000000
vt 1.00000000 0.00000000
vt 0.91172200 0.00000000
vt 0.52317309 0.85355341
vt 0.81777161 0.65671080
vt 0.79459977 0.30315500
vt 0.17054109 0.00000000
vt 0.17054109 1.00000000
vt 0.25000069 1.00000000
vt 0.25000069 0.00000000
vt 0.32946000 0.00000000
vt 0.32946000 1.00000000
vt 0.41172230 0.00000000
vt 0.41172230 1.00000000
vt 0.50000000 0.00000000
vt 0.50000000 1.00000000
vt 0.58827829 1.00000000
vt 0.58827829 0.00000000
vt 0.67054081 0.00000000
vt 0.67054081 1.00000000
vt 0.75000018 0.00000000
vt 0.75000018 1.00000000
vt 0.82945973 1.00000000
vt 0.82945973 0.00000000
vt 0.91172200 0.00000000
vt 0.91172200 1.00000000
vt 1.00000000 0.00000000
vt 0.08827853 0.00000000
vt 0.00000605 1.00000000
vt 0.08827853 1.00000000
vt 0.17054109 0.00000000
vt 0.17054109 1.00000000
vt 0.25000069 1.00000000
vt 0.25000069 0.00000000
vt 0.32946000 0.00000000
vt 0.32946000 1.00000000
vt 0.41172230 0.00000000
vt 0.41172230 1.00000000
vt 0.50000000 0.00000000
vt 0.50000000 1.00000000
vt 0.58827829 0.00000000
vt 0.58827829 1.00000000
vt 0.67054081 1.00000000
vt 0.67054081 0.00000000
vt 0.75000018 1.00000000
vt 0.75000018 0.00000000
vt 0.82945973 1.00000000
vt 0.82945973 0.00000000
vt 0.49999210 0.00000000
vt 0.50000000 1.00000000
vt 0.58827722 1.00000000
vt 0.58827722 0.00000000
vt 0.66679621 1.00000000
vt 0.67053902 0.00000000
vt 0.67053902 1.00000000
vt 0.74999827 0.00000000
vt 0.74999827 1.00000000
vt 0.82945782 0.00000000
vt 0.82945782 1.00000000
vt 0.91172081 0.00000000
vt 0.91172081 1.00000000
vt 0.99998420 1.00000000
vt 0.00000000 1.00000000
vt 0.08827805 0.00000000
vt 0.08827805 1.00000000
vt 0.17054050 1.00000000
vt 0.17054050 0.00000000
vt 0.25000000 1.00000000
vt 0.82945949 0.00000000
vt 0.82945949 1.00000000
vt 0.76975828 1.00000000
vt 0.91172189 1.00000000
vt 0.91172189 0.00000000
vt 1.00000000 1.00000000
vt 0.49999979 0.86602539
vt 0.42609349 0.77582181
vt 0.49999979 0.78555173
vt 0.08827829 1.00000000
vt 0.00000581 0.00000000
vt 0.08827829 0.00000000
vt 0.17054071 1.00000000
vt 0.17054071 0.00000000
vt 0.25000009 0.00000000
vt 0.25000009 1.00000000
vt 0.32945940 1.00000000
vt 0.32945940 0.00000000
vt 0.41172171 1.00000000
vt 0.41172171 0.00000000
vt 0.50000000 1.00000000
vt 0.49999499 0.00000000
vt 0.58827740 1.00000000
vt 0.58827740 0.00000000
vt 0.67053932 1.00000000
vt 0.67053932 0.00000000
vt 0.42609379 0.22417819
vt 0.35722050 0.25270709
vt 0.40525529 0.14644940
vt 0.74999851 1.00000000
vt 0.74999851 0.00000000
vt 0.76975828 1.00000000
vt 0.82945800 0.00000000
vt 0.91172081 1.00000000
vt 0.91172081 0.00000000
vt 0.99998420 1.00000000
vt 0.00000000 1.00000000
vt 0.08827805 0.00000000
vt 0.08827805 1.00000000
vt 0.17054050 0.00000000
vt 0.25000000 0.00000000
vt 0.17054050 1.00000000
vt 0.32945949 0.00000000
vt 0.25000000 1.00000000
vt 0.41172189 1.00000000
vt 0.32945949 1.00000000
vt 0.41172189 0.00000000
vt 0.50000000 1.00000000
vt 0.50000000 0.00000000
vt 0.58827811 1.00000000
vt 0.67054051 0.00000000
vt 0.58827811 0.00000000
vt 0.75000000 0.00000000
vt 0.67054051 1.00000000
vt 0.75000000 0.00000000
vt 0.82945949 1.00000000
vt 0.82945949 0.00000000
vt 0.91172189 0.00000000
vt 0.91172189 1.00000000
vt 1.00000000 0.00000000
vt 0.00000605 0.00000000
vt 0.08827853 1.00000000
vt 0.08827853 0.00000000
vt 0.17054109 1.00000000
vt 0.17054109 0.00000000
vt 0.18222851 0.34328929
vt 0.20540020 0.69684500
vt 0.52317309 0.85355341
vt 0.25000069 1.00000000
vt 0.25000069 0.00000000
vt 0.32946000 1.00000000
vt 0.32946000 0.00000000
vt 0.41172230 0.00000000
vt 0.41172230 1.00000000
vt 0.50000000 0.00000000
vt 0.50000000 1.00000000
vt 0.58827829 0.00000000
vt 0.58827829 1.00000000
vt 0.67054081 0.00000000
vt 0.67054081 1.00000000
vt 0.75000018 1.00000000
vt 0.75000018 0.00000000
vt 0.82945973 0.00000000
vt 0.82945973 1.00000000
vt 0.91172200 0.00000000
vt 0.91172200 1.00000000
vt 1.00000000 1.00000000
vt 0.00000000 0.00000000
vt 0.08827805 1.00000000
vt 0.08827805 0.00000000
vt 0.17054050 1.00000000
vt 0.17054050 0.00000000
vt 0.25000000 1.00000000
vt 0.25000000 0.00000000
vt 0.32945949 0.00000000
vt 0.32945949 1.00000000
vt 0.41172189 0.00000000
vt 0.41172189 1.00000000
vt 0.50000000 0.00000000
vt 0.50000000 1.00000000
vt 0.58827811 1.00000000
vt 0.58827811 0.00000000
vt 0.67054051 0.00000000
vt 0.67054051 1.00000000
vt 0.75000000 1.00000000
vt 0.67054051 0.00000000
vt 0.58827811 1.00000000
vt 0.67054051 1.00000000
vt 0.75000000 0.00000000
vt 0.75000000 1.00000000
vt 0.18222730 0.34329149
vt 0.20540050 0.69684541
vt 0.52317309 0.85355341
vt 0.82945949 1.00000000
vt 0.82945949 0.00000000
vt 0.91172189 0.00000000
vt 0.91172189 1.00000000
vt 1.00000000 0.00000000
vt 0.08827853 0.00000000
vt 0.00000605 1.00000000
vt 0.08827853 1.00000000
vt 0.17054109 0.00000000
vt 0.17054109 1.00000000
vt 0.25000069 1.00000000
vt 0.25000069 0.00000000
vt 0.32946000 0.00000000
vt 0.32946000 1.00000000
vt 0.41172230 0.00000000
vt 0.41172230 1.00000000
vt 0.50000000 0.00000000
vt 0.50000000 1.00000000
vt 0.58827829 0.00000000
vt 0.58827829 1.00000000
vt 0.67054081 0.00000000
vt 0.67054081 1.00000000
vt 0.75000018 1.00000000
vt 0.75000018 0.00000000
vt 0.82945973 0.00000000
vt 0.82945973 1.00000000
vt 0.91172200 0.00000000
vt 0.91172200 1.00000000
vt 1.00000000 1.00000000
vt 0.08827805 0.00000000
vt 0.00000000 1.00000000
vt 0.08827805 1.00000000
vt 0.17054050 0.00000000
vt 0.17054050 1.00000000
vt 0.25000000 1.00000000
vt 0.25000000 0.00000000
vt 0.32945949 0.00000000
vt 0.32945949 1.00000000
vt 0.41172189 0.00000000
vt 0.41172189 1.00000000
vt 0.50000000 0.00000000
vt 0.50000000 1.00000000
vt 0.58827811 0.00000000
vt 0.17054050 0.50447100
vt 0.08827805 1.00000000
vt 0.08827805 0.50447100
vt 0.00000000 1.00000000
vt 0.17054050 0.00000000
vt 0.12940930 0.00000000
vt 0.04413902 0.00000000
vt 0.00000000 0.00000000
vt 0.00000000 0.50447100
vt 0.87059069 0.00000000
vt 0.91172189 1.00000000
vt 0.91172189 0.00000000
vt 0.95586097 1.00000000
vt 0.95586097 0.00000000
vt 1.00000000 1.00000000
vt 0.95586121 0.49540591
vt 1.00000000 0.49540490
vt 0.91172230 0.49540591
vt 0.95586121 0.00000000
vt 0.91172230 0.00000000
vt 1.00000000 0.00000000
vt 0.04413437 0.00000000
vt 0.04413437 1.00000000
vt 0.00000000 0.49540591
vt 0.00000504 0.00000000
vt 0.00000504 0.50000000
vt 0.95586097 0.50000000
vt 1.00000000 1.00000000
vt 1.00000000 0.50000000
vt 0.00000504 1.00000000
vt 0.04411143 1.00000000
vt 0.99997002 0.00000000
vt 0.95585978 0.00000000
vt 0.00000000 0.00000000
vt 0.04413902 0.31767100
vt 0.00000000 0.31767100
vt 0.00000000 0.64722288
vt 0.99997002 0.31767100
vt 0.04413902 0.00000000
vt 0.08827805 0.31767100
vt 0.08827805 0.64722288
vt 0.08827805 1.00000000
vt 0.12940930 0.64722288
vt 0.12940930 1.00000000
vt 0.17054050 0.64722288
vt 0.17054050 1.00000000
vt 0.12940930 0.31767100
vt 0.08827805 0.00000000
vt 0.12940930 0.00000000
vt 0.17054050 0.31767100
vt 0.17054050 0.00000000
vt 0.21027020 0.64722288
vt 0.82945961 1.00000000
vt 0.82945961 0.50000000
vt 0.87059081 1.00000000
vt 0.87059081 0.50000000
vt 0.82945508 0.00000000
vt 0.87059081 0.00000000
vt 0.87058741 0.00000000
vt 0.91172200 0.50000000
vt 0.91172200 1.00000000
vt 0.95586097 1.00000000
vt 0.21027020 1.00000000
vt 0.25000000 1.00000000
vt 0.87059069 1.00000000
vt 0.04413920 0.00000000
vt 0.82945949 0.00000000
vt 0.87058741 1.00000000
vt 0.67054051 0.00000000
vt 0.71026272 1.00000000
vt 0.32945949 0.00000000
vt 0.82945949 0.00000000
vt 0.78972971 0.00000000
vt 0.21027020 0.00000000
vt 0.21027020 1.00000000
vt 0.24998081 1.00000000
vt 0.25000000 0.00000000
vt 0.25000000 1.00000000
vt 0.28971139 1.00000000
vt 0.25000331 0.49540591
vt 0.24999671 0.00000000
vt 0.24998081 0.00000000
vt 0.17054050 0.00000000
vt 0.21024980 1.00000000
vt 0.87059069 1.00000000
vt 0.91172189 1.00000000
vt 0.00000000 1.00000000
vt 0.04411143 1.00000000
vt 0.99997002 1.00000000
vt 0.99997002 0.49540490
vt 0.95588851 1.00000000
vt 0.95586097 0.00000000
vt 0.25000110 0.00000000
vt 0.21027111 0.00000000
vt 0.78975022 1.00000000
vt 0.82945961 1.00000000
vt 0.82945508 0.00000000
vt 0.75000018 0.00000000
vt 0.75000018 1.00000000
vt 0.75001919 1.00000000
vt 0.71028852 1.00000000
vt 0.74999362 0.00000000
vt 0.71026731 0.49540591
vt 0.74999672 0.49540591
vt 0.78972882 1.00000000
vt 0.78972650 0.49540591
vt 0.67053783 0.49540591
vt 0.71026897 1.00000000
vt 0.67053902 0.00000000
vt 0.62940711 0.49540591
vt 0.67053902 1.00000000
vt 0.62940758 1.00000000
vt 0.58827651 0.49540591
vt 0.62940758 0.00000000
vt 0.62942600 0.00000000
vt 0.58829409 0.00000000
vt 0.58827817 1.00000000
vt 0.62939918 1.00000000
vt 0.58827817 0.00000000
vt 0.58829409 1.00000000
vt 0.41172379 0.00000000
vt 0.37059239 0.00000000
vt 0.62942600 1.00000000
vt 0.67053181 0.00000000
vt 0.32946089 0.00000000
vt 0.28973100 0.00000000
vt 0.67054069 0.00000000
vt 0.67055792 1.00000000
vt 0.82945961 0.00000000
vt 0.78975022 0.00000000
vt 0.82945961 0.00000000
vt 0.82948118 1.00000000
vt 0.00000504 1.00000000
vt 1.00000000 0.00003636
vt 0.95586097 0.17655841
vt 0.95586097 0.00003636
vt 0.00000000 0.00003636
vt 0.04413902 0.17655841
vt 0.00000000 0.17655841
vt 0.91172189 0.17655841
vt 0.95586097 0.34108391
vt 1.00000000 0.34108391
vt 1.00000000 0.17655841
vt 0.00000000 0.34108391
vt 0.04413902 0.34108391
vt 0.04413902 0.50000268
vt 0.08827805 0.17655841
vt 0.08827805 0.50000268
vt 0.08827805 0.34108391
vt 0.04413902 0.00003636
vt 0.08827805 0.00003636
vt 0.12940930 0.17655841
vt 0.12940930 0.00003636
vt 0.17054050 0.00003636
vt 0.41172379 0.00000000
vt 0.54413819 0.64722288
vt 0.54413819 1.00000000
vt 0.58827651 0.64722288
vt 0.58827651 1.00000000
vt 0.62940711 0.64722288
vt 0.62940711 1.00000000
vt 0.67053783 0.64722288
vt 0.67053783 1.00000000
vt 0.71026731 0.64722288
vt 0.71026731 1.00000000
vt 0.74999672 0.64722288
vt 0.74999672 1.00000000
vt 0.78972650 1.00000000
vt 0.78972650 0.64722288
vt 0.78972650 0.31767100
vt 0.74999672 0.31767100
vt 0.71026731 0.31767100
vt 0.82945633 0.31767100
vt 0.82945633 1.00000000
vt 0.82945633 0.64722288
vt 0.87058800 1.00000000
vt 0.82946312 0.00000000
vt 0.87059462 0.00000000
vt 0.12940970 1.00000000
vt 0.17051880 1.00000000
vt 0.17054100 0.50000000
vt 0.17054100 1.00000000
vt 0.21024980 1.00000000
vt 0.17054100 0.00000000
vt 0.12941261 0.00000000
vt 0.21027081 0.50000000
vt 0.21027081 0.00000000
vt 0.17054480 0.00000000
vt 0.17053971 0.49540591
vt 0.21026930 0.49540591
vt 0.17053680 1.00000000
vt 0.21026680 1.00000000
vt 0.17054100 0.00000000
vt 0.17054480 1.00000000
vt 0.12941261 1.00000000
vt 0.17051880 0.00000000
vt 0.82946312 0.00000000
vt 0.78973317 0.00000000
vt 0.21027561 1.00000000
vt 0.25000051 1.00000000
vt 0.24998081 0.00000000
vt 0.75000322 0.00000000
vt 0.71027333 0.00000000
vt 0.74999672 0.50447100
vt 0.67053783 1.00000000
vt 0.74999672 1.00000000
vt 0.82945633 1.00000000
vt 0.64880627 1.00000000
vt 0.67054337 0.00000000
vt 0.62941211 0.00000000
vt 0.67053783 0.50447100
vt 0.28973731 1.00000000
vt 0.32946000 1.00000000
vt 0.32944220 0.00000000
vt 0.25000051 0.00000000
vt 0.25000641 1.00000000
vt 0.28972670 1.00000000
vt 0.24999890 0.49540591
vt 0.28972861 0.49540591
vt 0.24999671 0.00000000
vt 0.28972670 0.00000000
vt 0.28973031 0.50000000
vt 0.25000641 0.00000000
vt 0.25000051 0.50000000
vt 0.21027561 0.00000000
vt 0.21027081 1.00000000
vt 0.24998081 1.00000000
vt 0.25000051 1.00000000
vt 0.28971139 1.00000000
vt 0.75000322 0.00000000
vt 0.71027333 0.00000000
vt 0.67053783 0.31767100
vt 0.28973031 1.00000000
vt 0.32944220 1.00000000
vt 0.67054337 0.00000000
vt 0.62940711 0.31767100
vt 0.62941211 0.00000000
vt 0.58827651 0.31767100
vt 0.32946000 0.50000000
vt 0.32946000 1.00000000
vt 0.37057400 1.00000000
vt 0.37059110 0.50000000
vt 0.37059110 1.00000000
vt 0.41170591 1.00000000
vt 0.58828080 0.00000000
vt 0.54413819 0.31767100
vt 0.41172221 0.50000000
vt 0.41172221 1.00000000
vt 0.45584550 1.00000000
vt 0.54414171 0.00000000
vt 0.45586109 0.00000000
vt 0.41173330 0.00000000
vt 0.41172221 0.00000000
vt 0.37060079 0.00000000
vt 0.41172099 0.49540591
vt 0.37058961 0.49540591
vt 0.45585841 1.00000000
vt 0.41171920 1.00000000
vt 0.37058789 1.00000000
vt 0.32945830 0.49540591
vt 0.37058789 0.00000000
vt 0.32945660 0.00000000
vt 0.32946000 0.00000000
vt 0.32946819 1.00000000
vt 0.37060079 1.00000000
vt 0.41170591 0.00000000
vt 0.41172221 0.00000000
vt 0.41173330 1.00000000
vt 0.32946819 0.00000000
vt 0.28973731 0.00000000
vt 0.78973317 0.00000000
vt 0.26975831 1.00000000
vt 0.24999601 0.00000000
vt 0.32945880 0.00000000
vt 0.41172141 1.00000000
vt 0.41172141 0.00000000
vt 0.49999210 0.00000000
vt 0.50000000 1.00000000
vt 0.58827722 1.00000000
vt 0.58827722 0.00000000
vt 0.67053902 1.00000000
vt 0.67053902 0.00000000
vt 0.74999827 0.00000000
vt 0.74999827 1.00000000
vt 0.82945782 0.00000000
vt 0.82945782 1.00000000
vt 0.91172081 0.00000000
vt 0.91172081 1.00000000
vt 0.99998420 0.00000000
vt 0.00000000 1.00000000
vt 0.08827805 0.00000000
vt 0.08827805 1.00000000
vt 0.17054050 1.00000000
vt 0.12322030 0.60095751
vt 0.16218850 0.69503528
vt 0.06698715 0.74999982
vt 0.25000000 0.00000000
vt 0.17054050 0.00000000
vt 0.32945949 0.00000000
vt 0.32945949 1.00000000
vt 0.26975831 1.00000000
vt 0.41172189 0.00000000
vt 0.50000000 1.00000000
vt 0.41172189 1.00000000
vt 0.50000000 0.00000000
vt 0.58827811 1.00000000
vt 1.00000000 0.50000000
vt 0.87677968 0.60095751
vt 0.89007092 0.50000000
vt 0.41172189 0.00000000
vt 0.50000000 1.00000000
vt 0.50000000 0.00000000
vt 0.58827811 0.00000000
vt 0.58827811 1.00000000
vt 0.81777263 0.65670848
vt 0.79459947 0.30315450
vt 0.18222851 0.34328929
vt 0.67054051 0.00000000
vt 0.67054051 1.00000000
vt 0.75000000 1.00000000
vt 0.75000000 0.00000000
vt 0.82945949 1.00000000
vt 0.82945949 0.00000000
vt 0.91172189 1.00000000
vt 0.91172189 0.00000000
vt 1.00000000 1.00000000
vt 0.08827853 0.00000000
vt 0.00000605 1.00000000
vt 0.08827853 1.00000000
vt 0.17054109 0.00000000
vt 0.17054109 1.00000000
vt 0.25000069 1.00000000
vt 0.25000069 0.00000000
vt 0.32946000 0.00000000
vt 0.32946000 1.00000000
vt 0.41172230 0.00000000
vt 0.41172230 1.00000000
vt 0.50000000 0.00000000
vt 0.50000000 1.00000000
vt 0.58827829 0.00000000
vt 0.58827829 1.00000000
vt 0.67054081 0.00000000
vt 0.67054081 1.00000000
vt 0.75000018 0.00000000
vt 0.75000018 1.00000000
vt 0.82945973 1.00000000
vt 0.82945973 0.00000000
vt 0.91172200 0.00000000
vt 0.91172200 1.00000000
vt 1.00000000 0.00000000
vt 0.00000000 0.00000000
vt 0.08827805 1.00000000
vt 0.08827805 0.00000000
vt 0.17054050 1.00000000
vt 0.17054050 0.00000000
vt 0.25000000 1.00000000
vt 0.25000000 0.00000000
vt 0.32945949 0.00000000
vt 0.32945949 1.00000000
vt 0.41172189 1.00000000
vt 0.58827811 0.00000000
vt 0.67054051 1.00000000
vt 0.67054051 0.00000000
vt 0.75000000 1.00000000
vt 0.82945949 0.00000000
vt 0.75000000 0.00000000
vt 0.91172189 0.00000000
vt 0.82945949 1.00000000
vt 1.00000000 0.00000000
vt 0.91172189 1.00000000
vt 0.00000000 1.00000000
vt 0.08827787 0.00000000
vt 0.08827787 1.00000000
vt 0.17054000 0.00000000
vt 0.17054000 1.00000000
vt 0.24999940 1.00000000
vt 0.32945880 1.00000000
vt 0.24999601 0.00000000
vt 0.17054000 1.00000000
vt 0.24999940 1.00000000
vt 0.08827787 0.00000000
vt 0.17054000 0.00000000
vt 0.08827787 1.00000000
vt 0.00000000 0.00000000
vt 0.91172081 0.00000000
vt 0.99998420 1.00000000
vt 0.91172081 1.00000000
vt 0.82945782 0.00000000
vt 0.82945782 1.00000000
vt 0.74999827 1.00000000
vt 0.74999827 0.00000000
vt 0.67053902 1.00000000
vt 0.67053902 0.00000000
vt 0.58827722 1.00000000
vt 0.58827722 0.00000000
vt 0.32946000 0.00000000
vt 0.25000069 1.00000000
vt 0.32946000 1.00000000
vt 0.41172230 0.00000000
vt 0.41172230 1.00000000
vt 0.50000000 0.00000000
vt 0.50000000 1.00000000
vt 0.58827829 0.00000000
vt 0.58827829 1.00000000
vt 0.67054081 0.00000000
vt 0.67054081 1.00000000
vt 0.75000018 0.00000000
vt 0.75000018 1.00000000
vt 0.82945973 1.00000000
vt 0.82945973 0.00000000
vt 0.91172200 0.00000000
vt 0.91172200 1.00000000
vt 1.00000000 0.00000000
vt 0.08827853 0.00000000
vt 0.00000605 1.00000000
vt 0.08827853 1.00000000
vt 0.17054109 0.00000000
vt 0.17054109 1.00000000
vt 0.25000069 0.00000000
vt 0.25000069 1.00000000
vt 0.52317309 0.85355341
vt 0.81777161 0.65671080
vt 0.79459977 0.30315500
vt 0.32946000 0.00000000
vt 0.32946000 1.00000000
vt 0.41172230 0.00000000
vt 0.41172230 1.00000000
vt 0.50000000 1.00000000
vt 0.50000000 0.00000000
vt 0.58827829 1.00000000
vt 0.58827829 0.00000000
vt 0.67054081 1.00000000
vt 0.67054081 0.00000000
vt 0.75000018 1.00000000
vt 0.75000018 0.00000000
vt 0.82945973 0.00000000
vt 0.82945973 1.00000000
vt 0.91172200 0.00000000
vt 0.91172200 1.00000000
vt 1.00000000 1.00000000
vt 0.08827853 0.00000000
vt 0.00000605 1.00000000
vt 0.08827853 1.00000000
vt 0.17054109 0.00000000
vt 0.17054109 1.00000000
vt 0.25000069 0.00000000
vt 0.49999210 0.00000000
vt 0.50000000 1.00000000
vt 0.41172141 1.00000000
vt 0.41172141 0.00000000
vt 0.32945880 1.00000000
vt 0.32945880 0.00000000
vt 0.24999940 1.00000000
vt 0.24999601 0.00000000
vt 0.00000000 0.34108391
vt 0.04413902 0.34108391
vt 1.00000000 0.34108391
vt 1.00000000 0.17655841
vt 1.00000000 0.50000268
vt 0.04413902 0.50000268
vt 0.00000000 0.50000268
vt 1.00000000 0.65892088
vt 0.95586097 0.50000268
vt 0.04413902 0.65892088
vt 0.00000000 0.65892088
vt 0.95586097 0.82344472
vt 0.95586097 0.65892088
vt 0.00000000 0.82344472
vt 0.04413902 0.82344472
vt 1.00000000 1.00000000
vt 1.00000000 0.82344472
vt 0.00000000 1.00000000
vt 0.04413902 1.00000000
vt 1.00000000 0.00000000
vt 0.95586097 1.00000000
vt 0.95586097 0.00000000
vt 0.00000000 1.00000000
vt 0.04413902 0.00000000
vt 0.04413902 1.00000000
vt 0.08827805 0.00000000
vt 0.08827805 0.82344472
vt 0.08827805 1.00000000
vt 0.12940930 0.00000000
vt 0.08827805 1.00000000
vt 0.12940930 0.82344472
vt 0.12940930 1.00000000
vt 0.08827805 0.65892088
vt 0.12940930 0.65892088
vt 0.12940930 0.50000268
vt 0.08827805 0.50000268
vt 0.08827805 0.34108391
vt 0.08827805 0.17655841
vt 0.12940930 0.34108391
vt 0.17054050 0.17655841
vt 0.12940930 0.17655841
vt 0.17054050 0.50000268
vt 0.08827805 0.00003636
vt 0.12940930 0.00003636
vt 0.17054050 0.00003636
vt 0.21027020 0.17655841
vt 0.17054050 0.34108391
vt 0.21027020 0.00003636
vt 0.25000000 0.17655841
vt 0.25000000 0.34108391
vt 0.21027020 0.34108391
vt 0.21027020 0.50000268
vt 0.17054050 0.65892088
vt 0.25000000 0.50000268
vt 0.21027020 0.65892088
vt 0.21027020 0.82344472
vt 0.17054050 0.82344472
vt 0.25000000 0.65892088
vt 0.28972971 0.50000268
vt 0.28972971 0.82344472
vt 0.25000000 0.82344472
vt 0.32945949 0.50000268
vt 0.28972971 0.65892088
vt 0.32945949 0.82344472
vt 0.37059069 0.65892088
vt 0.32945949 0.65892088
vt 0.37059069 0.82344472
vt 0.37059069 0.50000268
vt 0.41172189 0.65892088
vt 0.37059069 1.00000000
vt 0.41172189 1.00000000
vt 0.41172189 0.82344472
vt 0.41172189 0.00000000
vt 0.37059069 1.00000000
vt 0.37059069 0.00000000
vt 0.32945949 1.00000000
vt 0.32945949 0.00000000
vt 0.45586091 0.00000000
vt 0.41172189 1.00000000
vt 0.45586091 1.00000000
vt 0.45586091 0.82344472
vt 0.50000000 0.00000000
vt 0.45586091 1.00000000
vt 0.50000000 1.00000000
vt 0.50000000 0.82344472
vt 0.54413903 0.00000000
vt 0.50000000 1.00000000
vt 0.58827811 0.00000000
vt 0.54413903 1.00000000
vt 0.54413903 0.82344472
vt 0.54413903 1.00000000
vt 0.58827811 0.82344472
vt 0.58827811 1.00000000
vt 0.54413903 0.65892088
vt 0.50000000 0.65892088
vt 0.50000000 0.50000268
vt 0.58827811 0.50000268
vt 0.54413903 0.50000268
vt 0.54413903 0.34108391
vt 0.50000000 0.34108391
vt 0.62940931 0.50000268
vt 0.58827811 0.65892088
vt 0.58827811 0.34108391
vt 0.54413903 0.17655841
vt 0.58827811 0.17655841
vt 0.62940931 0.34108391
vt 0.67054051 0.17655841
vt 0.62940931 0.17655841
vt 0.67054051 0.50000268
vt 0.67054051 0.34108391
vt 0.62940931 0.65892088
vt 0.67054051 0.65892088
vt 0.67054051 0.82344472
vt 0.62940931 0.82344472
vt 0.62940931 1.00000000
vt 0.67054051 1.00000000
vt 0.67054051 0.00000000
vt 0.62940931 1.00000000
vt 0.62940931 0.00000000
vt 0.58827811 1.00000000
vt 0.67054051 1.00000000
vt 0.62940931 0.00003636
vt 0.67054051 0.00003636
vt 0.58827811 0.00003636
vt 0.54413903 0.00003636
vt 0.50000000 0.00003636
vt 0.50000000 0.17655841
vt 0.45586091 0.17655841
vt 0.45586091 0.00003636
vt 0.45586091 0.34108391
vt 0.45586091 0.50000268
vt 0.41172189 0.34108391
vt 0.41172189 0.50000268
vt 0.41172189 0.17655841
vt 0.37059069 0.34108391
vt 0.37059069 0.17655841
vt 0.32945949 0.34108391
vt 0.32945949 0.17655841
vt 0.28972971 0.34108391
vt 0.28972971 0.17655841
vt 0.28972971 0.00003636
vt 0.25000000 0.00003636
vt 0.32945949 0.00003636
vt 0.37059069 0.00003636
vt 0.41172189 0.00003636
vt 0.45586091 0.65892088
vt 0.71027023 0.00003636
vt 0.28972971 1.00000000
vt 0.28972971 0.00000000
vt 0.32945949 1.00000000
vt 0.25000000 1.00000000
vt 0.25000000 0.00000000
vt 0.28972971 1.00000000
vt 0.21027020 1.00000000
vt 0.21027020 0.00000000
vt 0.21027020 1.00000000
vt 0.25000000 1.00000000
vt 0.17054050 1.00000000
vt 0.17054050 0.00000000
vt 0.17054050 1.00000000
vt 0.12940930 1.00000000
vt 0.04413902 0.00003636
vt 0.91172189 1.00000000
vt 0.87059069 1.00000000
vt 0.91172189 0.00000000
vt 0.91172189 1.00000000
vt 0.87059069 0.82344472
vt 0.91172189 0.82344472
vt 0.95586097 1.00000000
vt 0.87059069 0.65892088
vt 0.91172189 0.65892088
vt 0.82945949 0.65892088
vt 0.82945949 0.82344472
vt 0.78972977 0.65892088
vt 0.78972977 0.82344472
vt 0.82945949 1.00000000
vt 0.87059069 1.00000000
vt 0.78972977 1.00000000
vt 0.82945949 0.00000000
vt 0.82945949 1.00000000
vt 0.87059069 0.00000000
vt 0.76975828 1.00000000
vt 0.75000000 0.00000000
vt 0.78972977 0.00000000
vt 0.71027023 1.00000000
vt 0.75000000 1.00000000
vt 0.71027023 1.00000000
vt 0.75000000 0.82344472
vt 0.75000000 1.00000000
vt 0.78972977 1.00000000
vt 0.71027023 0.65892088
vt 0.75000000 0.65892088
vt 0.67054051 1.00000000
vt 0.71027023 0.00000000
vt 0.62940931 1.00000000
vt 0.67054051 0.00000000
vt 0.62940931 0.00000000
vt 0.76975828 1.00000000
vt 0.78972977 0.00000000
vt 0.82945949 1.00000000
vt 0.82945949 0.00000000
vt 0.87059069 1.00000000
vt 0.78972977 0.17655811
vt 0.67054051 0.00003636
vt 0.62940931 0.00003636
vt 0.58827811 0.00003636
vt 0.58827811 0.17655841
vt 0.58827811 0.34108391
vt 0.54413903 0.17655841
vt 0.54413903 0.34108391
vt 0.54413903 0.00003636
vt 0.54413903 0.50000268
vt 0.50000000 0.50000268
vt 0.50000000 0.34108391
vt 0.45586091 0.34108391
vt 0.50000000 0.17655841
vt 0.50000000 0.00003636
vt 0.32945949 1.00000000
vt 0.37059069 0.00000000
vt 0.28972971 1.00000000
vt 0.32945949 0.00000000
vt 0.25000000 1.00000000
vt 0.28972971 0.00000000
vt 0.32945949 1.00000000
vt 0.28972971 0.82344472
vt 0.32945949 0.82344472
vt 0.28972971 1.00000000
vt 0.25000000 0.82344472
vt 0.25000000 0.00000000
vt 0.25000000 1.00000000
vt 0.25000000 0.65892088
vt 0.28972971 0.50000268
vt 0.28972971 0.65892088
vt 0.32945949 0.50000268
vt 0.32945949 0.65892088
vt 0.37059069 1.00000000
vt 0.00000000 1.00000000
vt 0.04413902 0.00000000
vt 1.00000000 0.00000000
vt 0.95586097 1.00000000
vt 0.95586097 0.00000000
vt 0.91172189 1.00000000
vt 0.91172189 0.00000000
vt 0.95586097 1.00000000
vt 0.87059069 1.00000000
vt 0.87059069 0.00000000
vt 0.91172189 1.00000000
vt 0.82945949 1.00000000
vt 0.87059069 1.00000000
vt 0.78972977 0.65892088
vt 0.45586091 1.00000000
vt 0.41172189 1.00000000
vt 0.37059069 1.00000000
vt 0.50000000 0.00000000
vt 0.54413950 0.51738298
vt 0.50000000 0.51738298
vt 0.54413950 0.00000000
vt 0.58827901 0.51738298
vt 0.50000000 1.00000000
vt 0.54413950 1.00000000
vt 0.58827901 1.00000000
vt 0.50000000 0.00000000
vt 0.54413950 0.19349250
vt 0.50000000 0.19349250
vt 0.54413950 0.00000000
vt 0.58827901 0.19349250
vt 0.58827901 0.00000000
vt 0.62941039 0.19349250
vt 0.62941039 0.51738298
vt 0.62941039 1.00000000
vt 0.62941039 0.00000000
vt 0.67054170 0.19349250
vt 0.67054170 0.51738298
vt 0.67054170 1.00000000
vt 0.67054170 0.00000000
vt 0.71027142 0.19349250
vt 0.71027142 0.51738298
vt 0.71027142 1.00000000
vt 0.67054170 0.00000000
vt 0.62941039 0.00000000
vt 0.71027142 0.00000000
vt 0.75000107 0.51738298
vt 0.75000107 1.00000000
vt 0.78973073 0.00000000
vt 0.75000107 0.00000000
vt 0.82946032 0.00000000
vt 0.78973073 0.51738298
vt 0.78973073 1.00000000
vt 0.82946032 1.00000000
vt 0.82946032 0.51738298
vt 0.87059128 0.00000000
vt 0.87059128 1.00000000
vt 0.87059128 0.51738298
vt 0.82946032 0.00000000
vt 0.78973073 0.19349250
vt 0.78973073 0.00000000
vt 0.87059128 0.00000000
vt 0.82946032 0.19349250
vt 0.91172230 0.00000000
vt 0.87059128 0.19349250
vt 0.91172230 1.00000000
vt 0.91172230 0.51738298
vt 0.95586121 0.00000000
vt 0.91172230 0.19349250
vt 0.95586121 1.00000000
vt 0.95586121 0.51738298
vt 0.91172230 0.00000000
vt 0.95586121 0.00000000
vt 1.00000000 0.00000000
vt 1.00000000 1.00000000
vt 1.00000000 0.51738298
vt 0.00000000 0.00009998
vt 0.04413902 0.51738542
vt 0.00000000 0.51738542
vt 0.00000000 1.00000000
vt 0.04413902 1.00000000
vt 0.04413902 0.00009998
vt 0.08827805 0.51738542
vt 0.08827805 1.00000000
vt 0.04413902 0.00000000
vt 0.08827805 0.19349250
vt 0.04413902 0.19349250
vt 0.00000000 0.00000000
vt 0.00000000 0.19349250
vt 0.08827805 0.00000000
vt 0.12940930 0.19349250
vt 0.12940930 0.51738542
vt 0.12940930 1.00000000
vt 0.08827805 0.38566259
vt 0.04413902 0.38566259
vt 0.12940930 0.58089679
vt 0.08827805 0.58089679
vt 0.04413902 0.58089679
vt 0.00000000 0.38566259
vt 0.00000000 0.58089679
vt 1.00000000 0.19349250
vt 0.95586121 0.38566259
vt 0.95586121 0.19349250
vt 1.00000000 0.58089679
vt 1.00000000 0.38566259
vt 0.91172230 0.38566259
vt 0.91172230 0.58089679
vt 0.87059128 0.38566259
vt 0.87059128 0.58089679
vt 0.95586121 0.78386807
vt 0.91172230 0.78386807
vt 0.87059128 0.78386807
vt 0.82946032 0.38566259
vt 0.82946032 0.58089679
vt 0.82946032 0.78386807
vt 0.78973073 0.78386807
vt 0.78973073 0.58089679
vt 0.78973073 0.38566259
vt 0.75000107 0.58089679
vt 0.75000107 0.38566259
vt 0.75000107 0.19349250
vt 0.75000107 0.00000000
vt 0.71027142 0.00000000
vt 0.71027142 0.38566259
vt 0.67054170 0.38566259
vt 0.67054170 0.58089679
vt 0.71027142 0.58089679
vt 0.67054170 0.78386807
vt 0.75000107 0.78386807
vt 0.71027142 0.78386807
vt 0.67054170 1.00000000
vt 0.71027142 1.00000000
vt 0.75000107 1.00000000
vt 0.67054170 0.00000000
vt 0.71027142 0.21613190
vt 0.67054170 0.21613190
vt 0.71027142 0.00000000
vt 0.75000107 0.21613190
vt 0.71027142 0.41910321
vt 0.67054170 0.41910321
vt 0.71027142 0.61433738
vt 0.67054170 0.61433738
vt 0.75000107 0.61433738
vt 0.67054170 0.80650753
vt 0.71027142 0.80650753
vt 0.75000107 0.41910321
vt 0.78973073 0.61433738
vt 0.75000107 0.80650753
vt 0.82946032 0.41910321
vt 0.78973073 0.41910321
vt 0.82946032 0.80650753
vt 0.78973073 0.80650753
vt 0.87059128 0.41910321
vt 0.82946032 0.61433738
vt 0.87059128 0.61433738
vt 0.91172230 0.61433738
vt 0.91172230 0.80650753
vt 0.87059128 0.80650753
vt 0.82948118 1.00000000
vt 0.87061411 1.00000000
vt 0.12941261 1.00000000
vt 0.12941191 0.51738298
vt 0.17054370 0.51738298
vt 0.08828037 1.00000000
vt 0.08828026 0.51738298
vt 0.91174698 1.00000000
vt 0.95586121 0.80650753
vt 0.04414016 1.00000000
vt 0.04414010 0.51738298
vt 0.95588851 1.00000000
vt 0.95586121 1.00000000
vt 1.00000000 0.80650753
vt 0.95586121 0.61433738
vt 1.00000000 0.61433738
vt 1.00000000 0.41910321
vt 0.95586121 0.41910321
vt 0.91172230 0.41910321
vt 0.95586121 0.21613190
vt 0.91172230 0.21613190
vt 1.00000000 0.21613190
vt 0.87059128 0.21613190
vt 0.91172230 0.00000000
vt 0.87059128 0.00000000
vt 0.95586121 0.00000000
vt 0.91172230 1.00000000
vt 0.95586121 1.00000000
vt 1.00000000 0.00000000
vt 1.00000000 1.00000000
vt 1.00000000 0.78386807
vt 0.00000000 0.00000000
vt 0.04413884 0.21613190
vt 0.00000000 0.21613190
vt 0.00000000 1.00000000
vt 0.04413902 0.78386807
vt 0.04413902 1.00000000
vt 0.00000000 0.78386807
vt 0.95586121 0.58089679
vt 0.08827805 0.78386807
vt 0.08827805 1.00000000
vt 0.12940930 0.78386807
vt 0.08828037 1.00000000
vt 0.08827805 0.00000000
vt 0.08827769 0.00000000
vt 0.08827769 0.21613190
vt 0.12940930 0.00000000
vt 0.12940870 0.21613190
vt 0.08827769 0.41910321
vt 0.04413884 0.41910321
vt 0.12940870 0.41910321
vt 0.08827769 0.61433738
vt 0.04413884 0.61433738
vt 0.12940870 0.61433738
vt 0.08827769 0.80650753
vt 0.04413884 0.80650753
vt 0.12940870 0.80650753
vt 0.08825290 1.00000000
vt 0.12938580 1.00000000
vt 0.17051880 1.00000000
vt 0.17053971 0.80650753
vt 0.17053971 0.61433738
vt 0.21026930 0.80650753
vt 0.21024980 1.00000000
vt 0.82945508 1.00000000
vt 0.78972650 0.51738542
vt 0.82945633 0.51738542
vt 0.87058741 1.00000000
vt 0.87058800 0.51738542
vt 0.82945633 0.00009998
vt 0.78972650 0.00009998
vt 0.87058800 0.00009998
vt 0.00408405 0.56377631
vt 0.05745083 0.55694991
vt 0.05380153 0.50000000
vt 0.91171968 0.00009998
vt 0.95585978 0.00009998
vt 0.91171968 0.51738542
vt 0.91171962 1.00000000
vt 0.95585978 1.00000000
vt 0.95585978 0.51738542
vt 0.04411143 1.00000000
vt 0.00000000 0.80650753
vt 0.99997002 1.00000000
vt 0.99997002 0.51738542
vt 0.00003000 1.00000000
vt 0.04414010 1.00000000
vt 0.00003000 0.00000000
vt 0.00003000 0.51738298
vt 0.99997002 0.00009998
vt 0.04414010 0.00000000
vt 0.08828026 0.00000000
vt 0.12941191 0.00000000
vt 0.17054370 0.00000000
vt 0.21027350 0.51738298
vt 0.17054480 1.00000000
vt 0.21027350 0.00000000
vt 0.25000331 0.51738298
vt 0.21027561 1.00000000
vt 0.78975022 1.00000000
vt 0.75001919 1.00000000
vt 0.25000641 1.00000000
vt 0.28973281 0.51738298
vt 0.71028852 1.00000000
vt 0.28973731 1.00000000
vt 0.32946220 0.51738298
vt 0.32946220 0.00000000
vt 0.28973281 0.00000000
vt 0.25000331 0.00000000
vt 0.32946819 1.00000000
vt 0.37059289 0.51738298
vt 0.37059289 0.00000000
vt 0.41172361 0.00000000
vt 0.45586181 0.00000000
vt 0.41172361 0.51738298
vt 0.41173330 1.00000000
vt 0.45586181 0.51738298
vt 0.37060079 1.00000000
vt 0.58829409 1.00000000
vt 0.58827901 0.80650753
vt 0.62941039 0.80650753
vt 0.54415452 1.00000000
vt 0.54413950 0.80650753
vt 0.45587420 1.00000000
vt 0.50000000 0.51738298
vt 0.50001502 1.00000000
vt 0.50000000 0.80650753
vt 0.50001502 1.00000000
vt 0.54413950 0.51738298
vt 0.50000000 0.00000000
vt 0.50000000 0.00000000
vt 0.94619852 0.50000000
vt 0.94254923 0.55694991
vt 0.99591053 0.56381851
vt 0.54413950 0.00000000
vt 0.58827901 0.51738298
vt 0.58827901 0.00000000
vt 0.62941039 0.51738298
vt 0.54415452 1.00000000
vt 0.58829409 1.00000000
vt 0.41173330 1.00000000
vt 0.41172361 0.80650753
vt 0.45586181 0.80650753
vt 0.37060079 1.00000000
vt 0.37059289 0.80650753
vt 0.62942600 1.00000000
vt 0.67054170 0.51738298
vt 0.32946819 1.00000000
vt 0.32946220 0.80650753
vt 0.67055792 1.00000000
vt 0.71027142 0.51738298
vt 0.67054170 0.00000000
vt 0.62941039 0.00000000
vt 0.71028852 1.00000000
vt 0.75000107 0.51738298
vt 0.71027142 0.00000000
vt 0.75001919 1.00000000
vt 0.78973073 0.51738298
vt 0.78973073 0.00000000
vt 0.75000107 0.00000000
vt 0.82946032 0.00000000
vt 0.87059128 0.00000000
vt 0.82946032 0.51738298
vt 0.78975022 1.00000000
vt 0.82948118 1.00000000
vt 0.87059128 0.51738298
vt 0.17054480 1.00000000
vt 0.17054370 0.80650753
vt 0.21027350 0.80650753
vt 0.12941261 1.00000000
vt 0.12941191 0.80650753
vt 0.87061411 1.00000000
vt 0.91172230 0.51738298
vt 0.08828037 1.00000000
vt 0.08828026 0.80650753
vt 0.12941191 0.61433738
vt 0.08828026 0.61433738
vt 0.17054370 0.61433738
vt 0.08828026 0.41910321
vt 0.12941191 0.41910321
vt 0.17054370 0.41910321
vt 0.21027350 0.61433738
vt 0.21027350 0.41910321
vt 0.25000331 0.61433738
vt 0.21027561 1.00000000
vt 0.25000331 0.80650753
vt 0.28973281 0.80650753
vt 0.25000641 1.00000000
vt 0.28973731 1.00000000
vt 0.28973281 0.61433738
vt 0.28973281 0.41910321
vt 0.25000331 0.41910321
vt 0.32946220 0.41910321
vt 0.32946220 0.21613190
vt 0.28973281 0.21613190
vt 0.25000331 0.21613190
vt 0.37059289 0.61433738
vt 0.32946220 0.61433738
vt 0.37059289 0.21613190
vt 0.32946220 0.00000000
vt 0.28973281 0.00000000
vt 0.37059289 0.00000000
vt 0.32946220 1.00000000
vt 0.28973281 0.78386807
vt 0.32946220 0.78386807
vt 0.37059289 1.00000000
vt 0.37059289 0.78386807
vt 0.28973281 0.58089679
vt 0.32946220 0.58089679
vt 0.41172361 1.00000000
vt 0.41172361 0.78386807
vt 0.37059289 0.58089679
vt 0.41172361 0.58089679
vt 0.45586181 0.78386807
vt 0.45586181 1.00000000
vt 0.45586181 0.00000000
vt 0.41172361 0.21613190
vt 0.41172361 0.00000000
vt 0.50000000 1.00000000
vt 0.50000000 0.78386807
vt 0.50000000 0.00000000
vt 0.45586181 0.21613190
vt 0.41172361 0.41910321
vt 0.50000000 0.21613190
vt 0.45586181 0.41910321
vt 0.41172361 0.61433738
vt 0.50000000 0.61433738
vt 0.45586181 0.61433738
vt 0.50000000 0.41910321
vt 0.54413950 0.61433738
vt 0.58827901 0.41910321
vt 0.54413950 0.41910321
vt 0.58827901 0.61433738
vt 0.54413950 0.21613190
vt 0.58827901 0.21613190
vt 0.62941039 0.61433738
vt 0.62941039 0.21613190
vt 0.54413950 0.00000000
vt 0.58827901 0.00000000
vt 0.54413950 1.00000000
vt 0.58827901 0.78386807
vt 0.58827901 1.00000000
vt 0.62941039 0.78386807
vt 0.62941039 1.00000000
vt 0.62941039 0.00000000
vt 0.58827901 0.58089679
vt 0.62941039 0.58089679
vt 0.62941039 0.38566259
vt 0.58827901 0.38566259
vt 0.54413950 0.38566259
vt 0.54413950 0.58089679
vt 0.54413950 0.78386807
vt 0.50000000 0.58089679
vt 0.50000000 0.38566259
vt 0.45586181 0.58089679
vt 0.45586181 0.38566259
vt 0.45586181 0.19349250
vt 0.41172361 0.38566259
vt 0.41172361 0.19349250
vt 0.45586181 0.00000000
vt 0.41172361 0.00000000
vt 0.37059289 0.19349250
vt 0.37059289 0.00000000
vt 0.37059289 0.38566259
vt 0.45586181 1.00000000
vt 0.41172361 0.51738298
vt 0.45586181 0.51738298
vt 0.41172361 1.00000000
vt 0.37059289 0.51738298
vt 0.32946220 0.19349250
vt 0.32946220 0.00000000
vt 0.37059289 1.00000000
vt 0.32946220 0.51738298
vt 0.37059289 0.00000000
vt 0.32946220 0.00000000
vt 0.41172361 0.00000000
vt 0.28973281 0.51738298
vt 0.28973281 0.00000000
vt 0.25000331 0.51738298
vt 0.25000331 0.00000000
vt 0.28973281 1.00000000
vt 0.32946220 1.00000000
vt 0.28973281 0.19349250
vt 0.28973281 0.00000000
vt 0.25000331 0.19349250
vt 0.25000331 0.00000000
vt 0.21027350 0.00000000
vt 0.21027350 0.19349250
vt 0.21027350 1.00000000
vt 0.25000331 1.00000000
vt 0.17054370 0.00000000
vt 0.17054370 0.19349250
vt 0.17054370 1.00000000
vt 0.21027350 0.51738298
vt 0.21027350 0.00000000
vt 0.17054370 0.00000000
vt 0.17054370 0.51738298
vt 0.12941191 0.00000000
vt 0.12941191 0.51738298
vt 0.12941191 1.00000000
vt 0.08828026 1.00000000
vt 0.08828026 0.00000000
vt 0.08828026 0.51738298
vt 0.04414010 1.00000000
vt 0.04414010 0.00000000
vt 0.04414010 0.51738298
vt 0.00003000 0.00000000
vt 0.00003000 0.51738298
vt 0.00003000 1.00000000
vt 1.00000000 0.00009998
vt 0.95586097 0.51738542
vt 0.95586097 0.00009998
vt 1.00000000 1.00000000
vt 1.00000000 0.51738542
vt 0.00003000 0.00000000
vt 0.04414010 0.19349250
vt 0.00003000 0.19349250
vt 1.00000000 0.00000000
vt 0.95586097 0.19349250
vt 0.95586097 0.00000000
vt 0.95586097 1.00000000
vt 0.91172189 0.51738542
vt 0.91172189 0.19349250
vt 0.91172189 0.00000000
vt 0.87059069 0.19349250
vt 0.87059069 0.00000000
vt 0.91172189 1.00000000
vt 0.87059069 0.51738542
vt 0.87059069 0.38566259
vt 0.91172189 0.38566259
vt 0.87059069 0.58089679
vt 0.95586097 0.58089679
vt 0.91172189 0.58089679
vt 1.00000000 0.19349250
vt 0.95586097 0.38566259
vt 1.00000000 0.58089679
vt 1.00000000 0.38566259
vt 0.04414010 0.38566259
vt 0.00003000 0.38566259
vt 0.04414010 0.58089679
vt 0.00003000 0.58089679
vt 0.08828026 0.58089679
vt 0.08828026 0.38566259
vt 0.04414010 0.00000000
vt 0.08828026 0.19349250
vt 0.08828026 0.00000000
vt 0.12941191 0.19349250
vt 0.12941191 0.38566259
vt 0.12941191 0.00000000
vt 0.17054370 0.38566259
vt 0.21027350 0.38566259
vt 0.12941191 0.58089679
vt 0.17054370 0.58089679
vt 0.21027350 0.78386807
vt 0.17054370 0.78386807
vt 0.12941191 0.78386807
vt 0.25000331 0.38566259
vt 0.21027350 0.58089679
vt 0.25000331 0.58089679
vt 0.25000331 0.78386807
vt 0.28973281 0.38566259
vt 0.32946220 0.38566259
vt 0.21027350 1.00000000
vt 0.25000331 1.00000000
vt 0.28973281 1.00000000
vt 0.21027350 0.00000000
vt 0.21027350 0.21613190
vt 0.25000331 0.00000000
vt 0.17054370 0.00000000
vt 0.17054370 0.21613190
vt 0.12941191 0.00000000
vt 0.12941191 0.21613190
vt 0.17054370 1.00000000
vt 0.12941191 1.00000000
vt 0.08828026 1.00000000
vt 0.08828026 0.00000000
vt 0.08828026 0.21613190
vt 0.04414010 0.00000000
vt 0.04414010 0.21613190
vt 0.04414010 1.00000000
vt 0.08828026 0.78386807
vt 0.04414010 0.78386807
vt 0.00003000 0.78386807
vt 0.00003000 1.00000000
vt 0.95588851 1.00000000
vt 0.95586097 1.00000000
vt 0.95586097 0.78386807
vt 1.00000000 0.78386807
vt 0.91174698 1.00000000
vt 0.91172189 0.78386807
vt 0.87061411 1.00000000
vt 0.87059069 0.78386807
vt 0.91172189 0.00000000
vt 0.91171968 0.21613190
vt 0.87058800 0.21613190
vt 0.95586097 0.00000000
vt 0.95585978 0.21613190
vt 0.91171968 0.41910321
vt 0.87058800 0.41910321
vt 0.87059069 0.00000000
vt 0.82945633 0.21613190
vt 0.82945633 0.41910321
vt 0.82945633 0.61433738
vt 0.87058800 0.61433738
vt 0.82945633 0.80650753
vt 0.91171968 0.61433738
vt 0.87058800 0.80650753
vt 0.95585978 0.61433738
vt 0.91171968 0.80650753
vt 0.99997002 0.80650753
vt 0.99997002 0.61433738
vt 0.99997002 0.41910321
vt 0.95585978 0.41910321
vt 0.00003000 0.61433738
vt 0.04414010 0.41910321
vt 0.04414010 0.61433738
vt 0.00003000 0.80650753
vt 0.04414010 0.80650753
vt 0.99997002 1.00000000
vt 0.95585978 0.80650753
vt 0.00003000 1.00000000
vt 0.04414010 1.00000000
vt 0.04414016 1.00000000
vt 0.95588851 1.00000000
vt 0.95586121 1.00000000
vt 0.95586121 0.51738298
vt 0.91174698 1.00000000
vt 1.00000000 0.00000000
vt 0.95586121 0.00000000
vt 0.91172230 0.00000000
vt 0.00000000 0.00009998
vt 0.04413884 0.51738542
vt 0.00000000 0.51738542
vt 0.04413884 0.00009998
vt 0.08827769 0.51738542
vt 0.08827769 0.00009998
vt 0.12940870 0.51738542
vt 0.08825290 1.00000000
vt 0.12938580 1.00000000
vt 0.91171962 1.00000000
vt 0.95585978 1.00000000
vt 0.04411143 1.00000000
vt 0.87058741 1.00000000
vt 0.17051880 1.00000000
vt 0.17053971 0.51738542
vt 0.82945508 1.00000000
vt 0.78972650 0.80650753
vt 0.21024980 1.00000000
vt 0.21026930 0.51738542
vt 0.78972441 1.00000000
vt 0.74999672 0.80650753
vt 0.74999672 0.61433738
vt 0.78972650 0.61433738
vt 0.74999672 0.41910321
vt 0.78972650 0.41910321
vt 0.71026731 0.61433738
vt 0.71026731 0.41910321
vt 0.71026731 0.80650753
vt 0.74999672 0.21613190
vt 0.71026731 0.21613190
vt 0.78972650 0.21613190
vt 0.75000000 0.00000000
vt 0.78972971 0.00000000
vt 0.75001919 1.00000000
vt 0.75000000 0.78386807
vt 0.78972977 0.78386807
vt 0.71028852 1.00000000
vt 0.71027023 0.78386807
vt 0.75000000 0.58089679
vt 0.71027023 0.58089679
vt 0.78972977 0.58089679
vt 0.75000000 0.38566259
vt 0.71027023 0.38566259
vt 0.78972977 0.38566259
vt 0.82945949 0.58089679
vt 0.82945949 0.38566259
vt 0.82945949 0.78386807
vt 0.82945949 0.19349250
vt 0.78972977 0.19349250
vt 0.82945949 0.00000000
vt 0.78972977 0.00000000
vt 0.82945949 1.00000000
vt 0.78972977 0.51738542
vt 0.82945949 0.51738542
vt 0.87059069 1.00000000
vt 0.87059069 0.00009998
vt 0.82945949 0.00009998
vt 0.78972977 0.00009998
vt 0.78972977 1.00000000
vt 0.75000000 0.51738542
vt 0.75000000 0.00009998
vt 0.71027023 0.00009998
vt 0.71027023 0.51738542
vt 0.67054051 0.00009998
vt 0.67054051 0.51738542
vt 0.62940931 0.00009998
vt 0.62940931 0.51738542
vt 0.62940931 1.00000000
vt 0.67054051 1.00000000
vt 0.71027023 1.00000000
vt 0.62940931 0.00000000
vt 0.67054051 0.19349250
vt 0.62940931 0.19349250
vt 0.67054051 0.00000000
vt 0.71027023 0.19349250
vt 0.67054051 0.38566259
vt 0.62940931 0.38566259
vt 0.62940931 0.58089679
vt 0.67054051 0.58089679
vt 0.62940931 0.78386807
vt 0.67054051 0.78386807
vt 0.62942600 1.00000000
vt 0.67055792 1.00000000
vt 0.58827811 0.58089679
vt 0.58827811 0.78386807
vt 0.58829409 1.00000000
vt 0.62940931 0.00000000
vt 0.62940711 0.21613190
vt 0.58827651 0.21613190
vt 0.67054051 0.00000000
vt 0.67053783 0.21613190
vt 0.58827651 0.41910321
vt 0.67053783 0.41910321
vt 0.62940711 0.41910321
vt 0.62940711 0.61433738
vt 0.58827651 0.61433738
vt 0.67053783 0.61433738
vt 0.58827651 0.80650753
vt 0.62940711 0.80650753
vt 0.67053181 1.00000000
vt 0.67053783 0.80650753
vt 0.62939918 1.00000000
vt 0.71026272 1.00000000
vt 0.74999362 1.00000000
vt 0.28971139 1.00000000
vt 0.24999890 0.51738542
vt 0.28972861 0.51738542
vt 0.32944220 1.00000000
vt 0.32945830 0.51738542
vt 0.28972861 0.00009998
vt 0.24999890 0.00009998
vt 0.32945830 0.00009998
vt 0.21026930 0.00009998
vt 0.17053971 0.00009998
vt 0.12940870 0.00009998
vt 0.24998081 1.00000000
vt 0.37058961 0.00009998
vt 0.41172099 0.00009998
vt 0.37058961 0.51738542
vt 0.45586050 0.00009998
vt 0.41172099 0.51738542
vt 0.50000000 0.00000000
vt 0.50000000 0.51738542
vt 0.45586050 0.51738542
vt 0.50000000 0.00009998
vt 0.54413819 0.51738542
vt 0.54413819 0.00009998
vt 0.58827651 0.51738542
vt 0.58827651 0.00009998
vt 0.62940711 0.51738542
vt 0.62940711 0.00009998
vt 0.67053783 0.51738542
vt 0.62939918 1.00000000
vt 0.67053181 1.00000000
vt 0.37057400 1.00000000
vt 0.32945830 0.80650753
vt 0.37058961 0.80650753
vt 0.41170591 1.00000000
vt 0.41172099 0.80650753
vt 0.32945830 0.61433738
vt 0.41172099 0.61433738
vt 0.37058961 0.61433738
vt 0.32945830 0.41910321
vt 0.37058961 0.41910321
vt 0.37058961 0.21613190
vt 0.32945830 0.21613190
vt 0.41172099 0.21613190
vt 0.45586050 0.21613190
vt 0.41172099 0.41910321
vt 0.45586050 0.61433738
vt 0.50000000 0.21613190
vt 0.45586050 0.41910321
vt 0.50000000 0.61433738
vt 0.45586100 0.00000000
vt 0.50000000 0.00000000
vt 0.45587420 1.00000000
vt 0.45586091 0.78386807
vt 0.50000000 0.78386807
vt 0.50001502 1.00000000
vt 0.54413903 0.78386807
vt 0.54413903 0.00000000
vt 0.54413819 0.21613190
vt 0.54415452 1.00000000
vt 0.50000000 0.58089679
vt 0.54413903 0.58089679
vt 0.50000000 0.38566259
vt 0.58827811 0.38566259
vt 0.54413903 0.38566259
vt 0.50000000 0.19349250
vt 0.54413903 0.19349250
vt 0.58827811 0.19349250
vt 0.54413903 0.00000000
vt 0.58827811 0.00000000
vt 0.54413903 1.00000000
vt 0.58827811 0.51738542
vt 0.58827811 1.00000000
vt 0.54413903 0.00009998
vt 0.54413903 0.51738542
vt 0.58827811 0.00009998
vt 0.50000000 0.00009998
vt 0.50000000 0.51738542
vt 0.45586091 0.51738542
vt 0.45586091 0.00009998
vt 0.50000000 1.00000000
vt 0.41172189 0.51738542
vt 0.41172189 0.00009998
vt 0.45586091 1.00000000
vt 0.45586091 0.00000000
vt 0.41172189 0.19349250
vt 0.41172189 0.00000000
vt 0.50000000 0.00000000
vt 0.45586091 0.19349250
vt 0.45586091 0.38566259
vt 0.41172189 0.38566259
vt 0.41172189 0.58089679
vt 0.45586091 0.58089679
vt 0.41172189 0.78386807
vt 0.37059069 0.58089679
vt 0.37059069 0.38566259
vt 0.37059069 0.78386807
vt 0.32945949 0.78386807
vt 0.32945949 0.58089679
vt 0.32945949 0.38566259
vt 0.28972971 0.38566259
vt 0.28972971 0.58089679
vt 0.28972971 0.78386807
vt 0.28973731 1.00000000
vt 0.32946819 1.00000000
vt 0.32945949 0.00000000
vt 0.28972861 0.21613190
vt 0.37059069 0.00000000
vt 0.37060079 1.00000000
vt 0.41172189 0.00000000
vt 0.41173330 1.00000000
vt 0.28972861 0.41910321
vt 0.28972971 0.00000000
vt 0.24999890 0.21613190
vt 0.24999890 0.41910321
vt 0.24999890 0.61433738
vt 0.28972861 0.61433738
vt 0.28972861 0.80650753
vt 0.24999890 0.80650753
vt 0.28971139 1.00000000
vt 0.32944220 1.00000000
vt 0.71026272 1.00000000
vt 0.71026731 0.51738542
vt 0.74999362 1.00000000
vt 0.74999672 0.51738542
vt 0.24998081 1.00000000
vt 0.78972441 1.00000000
vt 0.71026731 0.00009998
vt 0.74999672 0.00009998
vt 0.67053783 0.00009998
vt 0.21026930 0.61433738
vt 0.21026930 0.41910321
vt 0.17053971 0.41910321
vt 0.21026930 0.21613190
vt 0.17053971 0.21613190
vt 0.21027020 0.00000000
vt 0.25000000 0.00000000
vt 0.21027561 1.00000000
vt 0.21027020 0.78386807
vt 0.25000000 0.78386807
vt 0.25000641 1.00000000
vt 0.25000000 0.58089679
vt 0.21027020 0.58089679
vt 0.21027020 0.38566259
vt 0.25000000 0.38566259
vt 0.25000000 0.19349250
vt 0.21027020 0.19349250
vt 0.28972971 0.19349250
vt 0.28972971 0.00000000
vt 0.25000000 0.00000000
vt 0.32945949 0.00000000
vt 0.37059069 0.00000000
vt 0.32945949 0.19349250
vt 0.32945949 1.00000000
vt 0.28972971 0.51738542
vt 0.32945949 0.51738542
vt 0.37059069 1.00000000
vt 0.37059069 0.51738542
vt 0.41172189 1.00000000
vt 0.37059069 0.19349250
vt 0.37059069 0.00009998
vt 0.32945949 0.00009998
vt 0.28972971 0.00009998
vt 0.25000000 0.51738542
vt 0.25000000 0.00009998
vt 0.21027020 0.00009998
vt 0.21027020 0.51738542
vt 0.21027020 1.00000000
vt 0.25000000 1.00000000
vt 0.28972971 1.00000000
vt 0.21027020 0.00000000
vt 0.17054050 1.00000000
vt 0.17054050 0.00000000
vt 0.17054050 0.19349250
vt 0.12940930 0.00000000
vt 0.17054050 0.51738542
vt 0.17054050 0.38566259
vt 0.12940930 0.38566259
vt 0.17054050 0.58089679
vt 0.17054050 0.78386807
vt 0.12941261 1.00000000
vt 0.17054480 1.00000000
vt 0.17054050 0.00000000
vt 0.17054050 0.00009998
vt 0.12940930 0.00009998
vt 0.08827805 0.00009998
vt 0.58827811 0.00000000
vt 0.50000000 0.41910321
vt 0.54413819 0.41910321
vt 0.54413819 0.61433738
vt 0.50000000 0.80650753
vt 0.54413819 0.80650753
vt 0.45586050 0.80650753
vt 0.54412591 1.00000000
vt 0.49998501 1.00000000
vt 0.45584550 1.00000000
vt 0.54412591 1.00000000
vt 0.49998501 1.00000000
vt 0.58826667 1.00000000
vt 0.45584550 1.00000000
vt 0.58826667 1.00000000
vt 0.41170591 1.00000000
vt 0.37057400 1.00000000
vt 0.50000000 1.00000000
vt 0.45586091 0.82344460
vt 0.50000000 0.82344460
vt 0.54413903 0.82344460
vt 0.54413903 1.00000000
vt 0.58827811 0.82344460
vt 0.58827811 1.00000000
vt 0.54413903 0.65892071
vt 0.50000000 0.65892071
vt 0.58827811 0.65892071
vt 0.62940931 0.65892071
vt 0.62940931 0.82344460
vt 0.62940931 1.00000000
vt 0.54413903 0.50000238
vt 0.58827811 0.50000238
vt 0.67054051 0.50000238
vt 0.62940931 0.50000238
vt 0.67054051 0.65892071
vt 0.71027023 0.82344460
vt 0.67054051 0.82344460
vt 0.71027023 0.65892071
vt 0.71027023 0.50000238
vt 0.75000000 0.65892071
vt 0.75000000 0.82344460
vt 0.71027023 0.34108359
vt 0.67054051 0.34108359
vt 0.75000000 0.34108359
vt 0.67054051 0.17655811
vt 0.71027023 0.17655811
vt 0.75000000 0.17655811
vt 0.78972977 0.34108359
vt 0.75000000 0.50000238
vt 0.78972977 0.17655811
vt 0.82945949 0.34108359
vt 0.78972977 0.50000238
vt 0.78972977 0.65892071
vt 0.82945949 0.50000238
vt 0.78972977 0.82344460
vt 0.82945949 0.82344460
vt 0.78972977 1.00000000
vt 0.82945949 1.00000000
vt 0.82945949 0.65892071
vt 0.87059069 0.82344460
vt 0.87059069 1.00000000
vt 0.91172189 1.00000000
vt 0.91172189 0.82344460
vt 0.95586097 1.00000000
vt 0.95586097 0.82344460
vt 0.87059069 0.65892071
vt 0.91172189 0.65892071
vt 0.91172189 0.50000238
vt 0.87059069 0.50000238
vt 0.95586097 0.50000238
vt 0.91172189 0.34108359
vt 0.87059069 0.34108359
vt 0.82945949 0.17655811
vt 0.87059069 0.17655811
vt 0.91172189 0.17655811
vt 0.95586097 0.34108359
vt 0.91172189 0.00003273
vt 0.87059069 0.00003273
vt 0.95586097 0.00003273
vt 0.14645970 0.52337229
vt 0.34274870 0.81750441
vt 0.69770372 0.79402423
vt 1.00000000 0.00003273
vt 0.95586097 0.17655811
vt 0.00000000 0.00003273
vt 0.04413902 0.17655811
vt 0.00000000 0.17655811
vt 0.04413902 0.34108359
vt 0.00000000 0.34108359
vt 1.00000000 0.34108359
vt 1.00000000 0.17655811
vt 0.04413902 0.50000238
vt 0.00000000 0.50000238
vt 1.00000000 0.65892071
vt 1.00000000 0.50000238
vt 0.04413902 0.65892071
vt 0.00000000 0.65892071
vt 0.95586097 0.65892071
vt 0.00000000 0.82344460
vt 0.04413902 0.82344460
vt 0.00000000 1.00000000
vt 0.04413902 1.00000000
vt 1.00000000 1.00000000
vt 1.00000000 0.82344460
vt 0.08827805 0.82344460
vt 0.08827805 1.00000000
vt 0.12940930 0.82344460
vt 0.12940930 1.00000000
vt 0.08827805 0.65892071
vt 0.12940930 0.50000238
vt 0.08827805 0.50000238
vt 0.12940930 0.34108359
vt 0.08827805 0.34108359
vt 0.17054050 0.34108359
vt 0.17054050 0.50000238
vt 0.12940930 0.65892071
vt 0.21027020 0.50000238
vt 0.17054050 0.65892071
vt 0.21027020 0.82344460
vt 0.17054050 0.82344460
vt 0.25000000 0.65892071
vt 0.21027020 0.65892071
vt 0.25000000 0.50000238
vt 0.28972971 0.65892071
vt 0.25000000 0.82344460
vt 0.28972971 0.50000238
vt 0.32945949 0.65892071
vt 0.28972971 0.82344460
vt 0.32945949 0.50000238
vt 0.37059069 0.65892071
vt 0.37059069 0.82344460
vt 0.32945949 0.82344460
vt 0.32945949 1.00000000
vt 0.37059069 1.00000000
vt 0.41172189 1.00000000
vt 0.41172189 0.82344460
vt 0.45586091 1.00000000
vt 0.45586091 0.82344460
vt 0.41172189 0.65892071
vt 0.41172189 0.50000238
vt 0.37059069 0.50000238
vt 0.45586091 0.50000238
vt 0.41172189 0.34108359
vt 0.37059069 0.34108359
vt 0.50000000 0.34108359
vt 0.45586091 0.34108359
vt 0.50000000 0.65892071
vt 0.45586091 0.65892071
vt 0.54413903 0.34108359
vt 0.50000000 0.50000238
vt 0.54413903 0.65892071
vt 0.50000000 0.82344460
vt 0.54413903 0.50000238
vt 0.58827811 0.65892071
vt 0.54413903 0.82344460
vt 0.62940931 0.50000238
vt 0.58827811 0.50000238
vt 0.62940931 0.65892071
vt 0.58827811 0.82344460
vt 0.67054051 0.50000238
vt 0.67054051 0.65892071
vt 0.62940931 0.82344460
vt 0.71027023 0.65892071
vt 0.71027023 0.82344460
vt 0.67054051 0.82344460
vt 0.62940931 1.00000000
vt 0.67054051 1.00000000
vt 0.71027023 1.00000000
vt 0.75000000 0.82344460
vt 0.75000000 1.00000000
vt 0.78972977 1.00000000
vt 0.78972977 0.82344460
vt 0.75000000 0.65892071
vt 0.82945949 1.00000000
vt 0.82945949 0.82344460
vt 0.87059069 1.00000000
vt 0.87059069 0.82344460
vt 0.78972977 0.65892071
vt 0.82945949 0.65892071
vt 0.87059069 0.65892071
vt 0.91172189 0.82344460
vt 0.91172189 1.00000000
vt 0.95586097 1.00000000
vt 0.95586097 0.82344460
vt 0.91172189 0.65892071
vt 1.00000000 1.00000000
vt 1.00000000 0.82344460
vt 0.00000000 1.00000000
vt 0.04413902 0.82344460
vt 0.04413902 1.00000000
vt 0.00000000 0.82344460
vt 0.04413902 0.65892071
vt 1.00000000 0.65892071
vt 0.95586097 0.65892071
vt 0.00000000 0.50000238
vt 0.00000000 0.65892071
vt 0.95586097 0.50000238
vt 1.00000000 0.50000238
vt 0.91172189 0.50000238
vt 1.00000000 0.34108359
vt 0.95586097 0.34108359
vt 0.91172189 0.34108359
vt 0.87059069 0.50000238
vt 0.87059069 0.34108359
vt 0.87059069 0.17655811
vt 0.91172189 0.17655811
vt 0.91172189 0.00003273
vt 0.87059069 0.00003273
vt 0.95586097 0.00003273
vt 1.00000000 0.00003273
vt 0.95586097 0.17655811
vt 0.00000000 0.00003273
vt 0.04413902 0.17655811
vt 0.00000000 0.17655811
vt 0.04413902 0.00003273
vt 0.08827805 0.17655811
vt 0.08827805 0.34108359
vt 0.04413902 0.34108359
vt 0.00000000 0.34108359
vt 0.08827805 0.50000238
vt 0.04413902 0.50000238
vt 0.12940930 0.34108359
vt 0.12940930 0.50000238
vt 0.08827805 0.65892071
vt 0.12940930 0.82344460
vt 0.08827805 0.82344460
vt 0.08827805 1.00000000
vt 0.12940930 1.00000000
vt 0.17054050 0.82344460
vt 0.17054050 1.00000000
vt 0.21027020 0.82344460
vt 0.21027020 1.00000000
vt 0.12940930 0.65892071
vt 0.17054050 0.65892071
vt 0.17054050 0.50000238
vt 0.21027020 0.50000238
vt 0.17054050 0.34108359
vt 0.25000000 0.34108359
vt 0.21027020 0.34108359
vt 0.25000000 0.65892071
vt 0.21027020 0.65892071
vt 0.25000000 0.50000238
vt 0.28972971 0.65892071
vt 0.28972971 0.34108359
vt 0.21027020 0.17655811
vt 0.28972971 0.17655811
vt 0.25000000 0.17655811
vt 0.21027020 0.00003273
vt 0.28972971 0.00003273
vt 0.25000000 0.00003273
vt 0.32945949 0.00003273
vt 0.37059069 0.00003273
vt 0.32945949 0.17655811
vt 0.37059069 0.34108359
vt 0.32945949 0.34108359
vt 0.28972971 0.50000238
vt 0.32945949 0.50000238
vt 0.32945949 0.65892071
vt 0.37059069 0.65892071
vt 0.37059069 0.82344460
vt 0.32945949 0.82344460
vt 0.28972971 0.82344460
vt 0.41172189 0.50000238
vt 0.37059069 0.50000238
vt 0.41172189 0.82344460
vt 0.37059069 1.00000000
vt 0.41172189 1.00000000
vt 0.45586091 1.00000000
vt 0.41172189 0.65892071
vt 0.45586091 0.65892071
vt 0.45586091 0.50000238
vt 0.41172189 0.34108359
vt 0.50000000 0.34108359
vt 0.45586091 0.34108359
vt 0.54413903 0.34108359
vt 0.50000000 0.50000238
vt 0.54413903 0.17655811
vt 0.50000000 0.17655811
vt 0.58827811 0.17655811
vt 0.62940931 0.17655811
vt 0.58827811 0.34108359
vt 0.54413903 0.00003273
vt 0.58827811 0.00003273
vt 0.62940931 0.00003273
vt 0.67054051 0.00003273
vt 0.62940931 0.34108359
vt 0.71027023 0.00003273
vt 0.78972977 0.00003273
vt 0.75000000 0.00003273
vt 0.82945949 0.00003273
vt 0.50000000 0.00003273
vt 0.45586091 0.17655811
vt 0.45586091 0.00003273
vt 0.41172189 0.17655811
vt 0.41172189 0.00003273
vt 0.37059069 0.17655811
vt 0.32945949 1.00000000
vt 0.28972971 1.00000000
vt 0.25000000 0.82344460
vt 0.25000000 1.00000000
vt 0.17054050 0.00003273
vt 0.17054050 0.17655811
vt 0.12940930 0.00003273
vt 0.12940930 0.17655811
vt 0.08827805 0.00003273
vt 1.00000000 0.17655811
vt 0.82945949 0.17655811
vt 0.82945949 0.00003273
vt 0.78972977 0.17655811
vt 0.78972977 0.00003273
vt 0.75000000 0.17655811
vt 0.75000000 0.00003273
vt 0.75000000 0.34108359
vt 0.82945949 0.34108359
vt 0.78972977 0.34108359
vt 0.75000000 0.50000238
vt 0.78972977 0.50000238
vt 0.82945949 0.50000238
vt 0.71027023 0.50000238
vt 0.71027023 0.34108359
vt 0.67054051 0.34108359
vt 0.67054051 0.17655811
vt 0.71027023 0.17655811
vt 0.62940931 0.17655811
vt 0.62940931 0.34108359
vt 0.58827811 0.34108359
vt 0.58827811 0.17655811
vt 0.54413903 0.17655811
vt 0.50000000 0.17655811
vt 0.50000000 0.00003273
vt 0.54413903 0.00003273
vt 0.58827811 0.00003273
vt 0.62940931 0.00003273
vt 0.67054051 0.00003273
vt 0.71027023 0.00003273
vt 0.45586091 0.17655811
vt 0.45586091 0.00003273
vt 0.41172189 0.17655811
vt 0.41172189 0.00003273
vt 0.37059069 0.17655811
vt 0.37059069 0.00003273
vt 0.32945949 0.17655811
vt 0.32945949 0.34108359
vt 0.32945949 0.00003273
vt 0.28972971 0.34108359
vt 0.28972971 0.17655811
vt 0.25000000 0.34108359
vt 0.25000000 0.17655811
vt 0.21027020 0.17655811
vt 0.21027020 0.34108359
vt 0.21027020 0.00003273
vt 0.28972971 0.00003273
vt 0.25000000 0.00003273
vt 0.17054050 0.00003273
vt 0.17054050 0.17655811
vt 0.12940930 0.00003273
vt 0.12940930 0.17655811
vt 0.08827805 0.00003273
vt 0.08827805 0.17655811
vt 0.04413902 0.00003273
vt 0.58827811 1.00000000
vt 0.54413903 1.00000000
vt 0.50000000 1.00000000
vt 0.28972971 1.00000000
vt 0.21027020 1.00000000
vt 0.25000000 1.00000000
vt 0.17054050 1.00000000
vt 0.71027023 1.00000000
vt 0.75000000 1.00000000
vt 0.67054051 1.00000000
vt 0.71027029 0.00000000
vt 0.71027023 0.00000000
vt 0.75000000 0.19349250
vt 0.75000000 0.00000000
vt 0.75000000 1.00000000
vt 0.91172189 0.00009998
vt 0.78975022 1.00000000
vt 0.82948118 1.00000000
vt 0.82945949 0.00000000
vt 0.00003000 0.21613190
vt 0.00003000 0.41910321
vt 0.00003000 0.00000000
vt 0.99997002 0.00000000
vt 0.95585978 0.00000000
vt 0.99997002 0.21613190
vt 0.45586181 0.00000000
vt 0.50000000 0.00000000
vt 0.62941039 0.41910321
vt 0.62942600 1.00000000
vt 0.67055792 1.00000000
vt 0.45587420 1.00000000
vt 0.37059289 0.41910321
vt 0.00000000 0.61433738
vt 0.00000000 0.41910321
vt 0.82946032 0.21613190
vt 0.82946032 0.00000000
vt 0.87059128 1.00000000
vt 0.82946032 1.00000000
vt 0.78973073 0.21613190
vt 0.78973073 0.00000000
vt 0.78973073 1.00000000
vt 0.75000107 0.00000000
vt 1.00000000 0.00000000
vt 0.58827901 0.00000000
vt 0.12940930 1.00000000
vt 0.08827805 1.00000000
vt 0.04413902 1.00000000
vt 0.04413902 0.82344460
vt 0.00000000 0.65892071
vt 0.00000000 0.82344460
vt 0.00000000 1.00000000
vt 1.00000000 1.00000000
vt 0.95586097 0.82344460
vt 1.00000000 0.82344460
vt 0.95586097 0.65892071
vt 1.00000000 0.65892071
vt 0.95586097 1.00000000
vt 0.91172189 0.82344460
vt 0.91172189 1.00000000
vt 0.87059069 0.82344460
vt 1.00000000 0.50000238
vt 0.95586097 0.50000238
vt 1.00000000 0.34108359
vt 0.87059069 1.00000000
vt 1.00000000 0.17655811
vt 0.62940931 1.00000000
vt 0.58827811 1.00000000
vt 0.62940931 0.82344460
vt 0.54413903 1.00000000
vt 0.58827811 0.82344460
vt 0.54413903 0.82344460
vt 0.62940931 0.65892071
vt 0.62940931 0.34108359
vt 0.32945949 1.00000000
vt 0.28972971 0.82344460
vt 0.28972971 1.00000000
vt 0.25000000 0.82344460
vt 0.21027020 1.00000000
vt 0.25000000 1.00000000
vt 0.25000000 0.65892071
vt 0.21027020 0.82344460
vt 0.28972971 0.65892071
vt 0.28972971 0.34108359
vt 0.17054050 0.00000000
vt 0.21027020 1.00000000
vt 0.12940930 0.00000000
vt 0.17054050 1.00000000
vt 0.12940930 1.00000000
vt 0.12940930 0.17655811
vt 0.00000000 1.00000000
vt 0.50000000 0.15388089
vt 0.50000000 0.14568870
vt 0.47736269 0.15462120
vt 0.47682691 0.14644660
vt 0.43068141 0.15253501
vt 0.43228409 0.16056880
vt 0.38611001 0.16449130
vt 0.34274870 0.18249559
vt 0.38874319 0.17224880
vt 0.30315450 0.20540050
vt 0.34638461 0.18983680
vt 0.26560980 0.23429669
vt 0.27102920 0.24044010
vt 0.23361410 0.26638591
vt 0.20597580 0.30229631
vt 0.23977330 0.27178741
vt 0.18222730 0.34329149
vt 0.21277399 0.30686751
vt 0.16468650 0.38553670
vt 0.17243940 0.38818321
vt 0.15249600 0.43087691
vt 0.14645970 0.47662771
vt 0.16053081 0.43247521
vt 0.15253501 0.56931871
vt 0.16056880 0.56771588
vt 0.16449130 0.61389011
vt 0.18249559 0.65725130
vt 0.18983680 0.65361542
vt 0.20540050 0.69684541
vt 0.21221200 0.69229412
vt 0.23429669 0.73439020
vt 0.24044010 0.72897083
vt 0.26638591 0.76638591
vt 0.30229631 0.79402423
vt 0.30686751 0.78722602
vt 0.34329149 0.81777263
vt 0.34691480 0.81042528
vt 0.38553670 0.83531350
vt 0.38818321 0.82756060
vt 0.43087691 0.84750402
vt 0.47662771 0.85354030
vt 0.43247521 0.83946919
vt 0.50000000 0.85431123
vt 0.47716811 0.84536600
vt 0.50000000 0.84611911
vt 0.30770591 0.21221200
vt 0.27178741 0.76022673
vt 0.18957470 0.34691480
vt 0.17224880 0.61125678
vt 0.50000000 0.94619852
vt 0.50000000 1.00000000
vt 0.56381691 0.99591070
vt 0.62940907 0.98296303
vt 0.55694991 0.94254923
vt 0.69055158 0.96226633
vt 0.61548430 0.93099469
vt 0.74999982 0.93301290
vt 0.72309899 0.88641930
vt 0.80415720 0.89684808
vt 0.85355341 0.85355341
vt 0.77142888 0.85414600
vt 0.89684808 0.80415720
vt 0.81550992 0.81550992
vt 0.93301290 0.74999982
vt 0.88641930 0.72309899
vt 0.96226633 0.69055158
vt 0.98296303 0.62940907
vt 0.91252488 0.67004770
vt 0.93099469 0.61548430
vt 1.00000000 0.50000000
vt 0.99591053 0.43618149
vt 0.94254923 0.44305000
vt 0.98296207 0.37058750
vt 0.93099469 0.38451570
vt 0.96226418 0.30944350
vt 0.93300933 0.24999410
vt 0.88641930 0.27690101
vt 0.89684272 0.19583580
vt 0.85414600 0.22857110
vt 0.85354590 0.14643911
vt 0.81550992 0.18449000
vt 0.80414730 0.10314430
vt 0.77142888 0.14585391
vt 0.74998748 0.06698006
vt 0.72309899 0.11358070
vt 0.69053680 0.03772765
vt 0.67004770 0.08747500
vt 0.62939209 0.01703238
vt 0.61548430 0.06900531
vt 0.56379741 0.00408679
vt 0.55694991 0.05745083
vt 0.50000000 0.05380153
vt 0.67004770 0.91252488
vt 0.85414600 0.77142888
vt 0.91252488 0.32995230
vt 0.43616030 0.00409222
vt 0.44305000 0.05745083
vt 0.37056699 0.01704335
vt 0.38451570 0.06900531
vt 0.30942380 0.03774386
vt 0.32995230 0.08747500
vt 0.24997580 0.06700128
vt 0.27690101 0.11358070
vt 0.19581890 0.10317020
vt 0.22857110 0.14585391
vt 0.14642410 0.14646910
vt 0.18449000 0.18449000
vt 0.10313140 0.19586959
vt 0.14585391 0.22857110
vt 0.06696945 0.25003091
vt 0.11358070 0.27690101
vt 0.03771948 0.30948290
vt 0.08747500 0.32995230
vt 0.01702690 0.37062839
vt 0.06900531 0.38451570
vt 0.00408405 0.43622380
vt 0.05745083 0.44305000
vt 0.00408929 0.56381691
vt 0.01703697 0.62940907
vt 0.06900531 0.61548430
vt 0.03773373 0.69055158
vt 0.08747500 0.67004770
vt 0.06698715 0.74999982
vt 0.10315190 0.80415720
vt 0.14585391 0.77142888
vt 0.14644660 0.85355341
vt 0.18449000 0.81550992
vt 0.19584280 0.89684808
vt 0.22857110 0.85414600
vt 0.25000021 0.93301290
vt 0.30944839 0.96226633
vt 0.32995230 0.91252488
vt 0.37059090 0.98296303
vt 0.38451570 0.93099469
vt 0.43618321 0.99591070
vt 0.44305000 0.94254923
vt 0.27690101 0.88641930
vt 0.11358070 0.72309899
vt 0.00000000 1.00000000
vt 0.52263731 0.84537882
vt 0.52317309 0.85355341
vt 0.56931871 0.84746498
vt 0.56771588 0.83943111
vt 0.61389011 0.83550870
vt 0.65725130 0.81750441
vt 0.61125678 0.82775122
vt 0.69684541 0.79459947
vt 0.65361542 0.81016332
vt 0.73439020 0.76570332
vt 0.72897083 0.75955993
vt 0.76638591 0.73361421
vt 0.79402423 0.69770372
vt 0.76022673 0.72821271
vt 0.81777263 0.65670848
vt 0.78722602 0.69313252
vt 0.83531350 0.61446333
vt 0.82756060 0.61181682
vt 0.84750402 0.56912303
vt 0.85354030 0.52337229
vt 0.83946919 0.56752491
vt 0.84746498 0.43068141
vt 0.83943111 0.43228409
vt 0.83550870 0.38611001
vt 0.81750441 0.34274870
vt 0.81016332 0.34638461
vt 0.79459947 0.30315450
vt 0.78778797 0.30770591
vt 0.76570332 0.26560980
vt 0.75955993 0.27102920
vt 0.73361421 0.23361410
vt 0.69770372 0.20597580
vt 0.69313252 0.21277399
vt 0.65670848 0.18222730
vt 0.65308511 0.18957470
vt 0.61446333 0.16468650
vt 0.61181682 0.17243940
vt 0.56912303 0.15249600
vt 0.52337229 0.14645970
vt 0.56752491 0.16053081
vt 0.52283192 0.15463400
vt 0.69229412 0.78778797
vt 0.72821271 0.23977330
vt 0.81042528 0.65308511
vt 0.82775122 0.38874319
vt 0.78972977 1.00000000
vt 0.75000000 1.00000000
vt 0.01645851 0.50000000
vt 0.00000000 0.50000000
vt 0.02040815 0.56167692
vt 0.00408929 0.56381691
vt 0.01703697 0.62940907
vt 0.03292495 0.62511313
vt 0.03773373 0.69055158
vt 0.05293643 0.68424582
vt 0.06698715 0.74999982
vt 0.08122354 0.74174088
vt 0.10315190 0.80415720
vt 0.11619510 0.79411930
vt 0.14644660 0.85355341
vt 0.15806280 0.84189367
vt 0.19584280 0.89684808
vt 0.20583160 0.88376731
vt 0.25000021 0.93301290
vt 0.25820580 0.91874570
vt 0.30944839 0.96226633
vt 0.31569701 0.94704002
vt 0.37059090 0.98296303
vt 0.37482750 0.96705908
vt 0.50000000 1.00000000
vt 0.56381691 0.99591070
vt 0.56169742 0.97958922
vt 0.62940907 0.98296303
vt 0.62513292 0.96706980
vt 0.69055158 0.96226633
vt 0.68426490 0.94705570
vt 0.74999982 0.93301290
vt 0.74175870 0.91876620
vt 0.80415720 0.89684808
vt 0.79413569 0.88379240
vt 0.85355341 0.85355341
vt 0.84190822 0.84192270
vt 0.89684808 0.80415720
vt 0.88377982 0.79415202
vt 0.93301290 0.74999982
vt 0.91875601 0.74177641
vt 0.96226633 0.69055158
vt 0.94704783 0.68428397
vt 0.98296303 0.62940907
vt 0.96706438 0.62515271
vt 0.99591070 0.56381691
vt 0.97958660 0.56171781
vt 1.00000000 0.50000000
vt 0.98354149 0.50000000
vt 0.97958678 0.43828380
vt 0.99591070 0.43618321
vt 0.98296303 0.37059090
vt 0.96706527 0.37485060
vt 0.96226633 0.30944839
vt 0.93301290 0.25000021
vt 0.94704980 0.31572071
vt 0.89684808 0.19584280
vt 0.91875941 0.25822949
vt 0.85355341 0.14644660
vt 0.84191543 0.15808450
vt 0.80415720 0.10315190
vt 0.74999982 0.06698715
vt 0.79414523 0.11621490
vt 0.69055158 0.03773373
vt 0.74177051 0.08124065
vt 0.62940907 0.01703697
vt 0.62514943 0.03293466
vt 0.56381691 0.00408929
vt 0.37059090 0.01703697
vt 0.37485060 0.03293466
vt 0.30944839 0.03773373
vt 0.31572071 0.05295020
vt 0.25000021 0.06698715
vt 0.25822949 0.08124065
vt 0.19584280 0.10315190
vt 0.14644660 0.14644660
vt 0.15808450 0.15808450
vt 0.10315190 0.19584280
vt 0.11621490 0.20585480
vt 0.06698715 0.25000021
vt 0.08124065 0.25822949
vt 0.03773373 0.30944839
vt 0.01703697 0.37059090
vt 0.03293466 0.37485060
vt 0.00408929 0.43618321
vt 0.02041321 0.43828380
vt 0.05295020 0.31572071
vt 0.88378501 0.20585480
vt 0.20585480 0.11621490
vt 0.68427920 0.05295020
vt 0.56171608 0.02041321
vt 0.87058800 0.00000000
vt 0.91171968 0.00000000
vt 0.12940970 0.00000000
vt 0.82945633 0.00000000
vt 0.91171968 0.00000000
vt 0.45305759 0.29588431
vt 0.51943982 0.29588431
vt 0.51984638 0.29175559
vt 0.52162230 0.28652450
vt 0.45069879 0.29117349
vt 0.52469122 0.28193161
vt 0.44705641 0.28702000
vt 0.44246399 0.28395140
vt 0.52884501 0.27828890
vt 0.47684941 0.14644510
vt 0.53379971 0.27584571
vt 0.43723291 0.28217539
vt 0.53921783 0.27476820
vt 0.43172041 0.28181389
vt 0.38612890 0.16448490
vt 0.41314989 0.29588431
vt 0.41412491 0.29357019
vt 0.36278051 0.17333961
vt 0.42630231 0.28289151
vt 0.42134759 0.28533471
vt 0.41719380 0.28897730
vt 0.69707000 0.20555080
vt 0.65673321 0.18223950
vt 0.69707000 0.29588431
vt 0.55455381 0.27997431
vt 0.56176251 0.29588431
vt 0.56171721 0.29450020
vt 0.56063950 0.28908229
vt 0.55819631 0.28412771
vt 0.72527713 0.54060107
vt 0.85197759 0.54060107
vt 0.72523183 0.53921711
vt 0.85355341 0.47682691
vt 0.72415411 0.53379911
vt 0.83550870 0.38611001
vt 0.71782482 0.43723211
vt 0.79459947 0.30315450
vt 0.71102262 0.41719380
vt 0.73361421 0.23361410
vt 0.72171080 0.52884448
vt 0.71604902 0.44246319
vt 0.69707000 0.41194239
vt 0.70119911 0.41234910
vt 0.70643020 0.41412511
vt 0.71818602 0.43171969
vt 0.71806842 0.52469122
vt 0.71347600 0.52162248
vt 0.71297991 0.44705641
vt 0.71466500 0.42134711
vt 0.71710831 0.42630169
vt 0.70273238 0.51948512
vt 0.69731420 0.52056259
vt 0.69707000 0.45426509
vt 0.69707000 0.52064729
vt 0.69845402 0.45421979
vt 0.65838081 0.34353110
vt 0.65833563 0.34214711
vt 0.65481448 0.33177450
vt 0.65725780 0.33672911
vt 0.63583618 0.32241511
vt 0.56135583 0.30001301
vt 0.62130952 0.32957849
vt 0.63041800 0.32349259
vt 0.62546331 0.32593590
vt 0.55958003 0.30524409
vt 0.55651110 0.30983689
vt 0.61824059 0.33417141
vt 0.55235732 0.31347960
vt 0.61605817 0.34353110
vt 0.65117222 0.32762119
vt 0.54740268 0.31592280
vt 0.54198438 0.31700039
vt 0.64657968 0.32455251
vt 0.64134872 0.32277659
vt 0.61646479 0.33940241
vt 0.53647202 0.31663889
vt 0.36278051 0.34353110
vt 0.43448710 0.32404611
vt 0.43990520 0.32296860
vt 0.41234910 0.29880130
vt 0.41306540 0.30973199
vt 0.41198769 0.30431399
vt 0.53124088 0.31486291
vt 0.52664852 0.31179419
vt 0.44485989 0.32052541
vt 0.52056283 0.30268621
vt 0.41550869 0.31468660
vt 0.41915110 0.31884000
vt 0.51948512 0.29726830
vt 0.45421979 0.30154601
vt 0.45314211 0.29612800
vt 0.42374349 0.32190871
vt 0.42897460 0.32368460
vt 0.45385841 0.30705869
vt 0.24999601 0.00000000
vt 0.13397621 0.50000000
vt 0.21444950 0.50000000
vt 0.22417940 0.57391077
vt 0.14645050 0.59474909
vt 0.25270489 0.64277589
vt 0.18301269 0.68301272
vt 0.31698951 0.81698853
vt 0.24118170 0.75881982
vt 0.35721529 0.74729002
vt 0.29807621 0.70190728
vt 0.50000572 0.86602539
vt 0.40526560 0.85355341
vt 0.49999321 0.78555173
vt 0.42609379 0.77582181
vt 0.68301272 0.81698728
vt 0.81699270 0.68300343
vt 0.75882560 0.75881249
vt 0.74729443 0.64277703
vt 0.70191360 0.70191753
vt 0.86602378 0.50000000
vt 0.85355657 0.59472251
vt 0.78555048 0.50000000
vt 0.77582181 0.57390630
vt 0.77582091 0.42609030
vt 0.85354942 0.40525091
vt 0.74729508 0.35722411
vt 0.81698728 0.31698731
vt 0.68301052 0.18301140
vt 0.75881833 0.24118020
vt 0.64277530 0.25270459
vt 0.70191550 0.29808429
vt 0.59473437 0.14644660
vt 0.31698731 0.18301269
vt 0.40525880 0.14644840
vt 0.35722411 0.25270489
vt 0.42609161 0.22417870
vt 0.18300730 0.31699660
vt 0.24117440 0.24118750
vt 0.25270340 0.35722679
vt 0.29808259 0.29808629
vt 0.14644340 0.40527749
vt 0.22417819 0.42609379
vt 0.99998420 0.00000000
vt 0.00000000 1.00000000
vt 0.32945880 1.00000000
vt 0.99998420 0.00000000
vt 0.00000000 1.00000000
vt 0.79459161 0.30314270
vt 0.73361421 0.23361410
vt 0.47682691 0.14644660
vt 0.65671343 0.18222980
vt 0.56912798 0.15249699
vt 0.38611379 0.16449010
vt 0.30315751 0.20539850
vt 0.23361410 0.26638591
vt 0.15249640 0.43087500
vt 0.14644660 0.52317309
vt 0.16449100 0.61388910
vt 0.26638591 0.76638591
vt 0.43087459 0.84750348
vt 0.34328780 0.81777078
vt 0.61389130 0.83550823
vt 0.69684809 0.79459780
vt 0.76638591 0.73361421
vt 0.81777573 0.65670228
vt 0.84750563 0.56911451
vt 0.85355341 0.47682691
vt 0.83550471 0.38609821
vt 1.00000000 0.00000000
vt 0.00000605 1.00000000
vt 0.99998403 0.00000000
vt 0.00000605 1.00000000
vt 0.00000000 0.00000000
vt 0.99998420 0.00000000
vt 0.13397621 0.50000000
vt 0.21444950 0.50000000
vt 0.22417819 0.57390630
vt 0.14644980 0.59474617
vt 0.25270709 0.64277953
vt 0.18301959 0.68302470
vt 0.31698731 0.81698728
vt 0.24119180 0.75882977
vt 0.35722411 0.74729508
vt 0.29808781 0.70191890
vt 0.50000250 0.86602539
vt 0.40526670 0.85355371
vt 0.50000072 0.78555173
vt 0.42609391 0.77582192
vt 0.59473437 0.85355341
vt 0.81698728 0.68301272
vt 0.75882411 0.75881398
vt 0.74729508 0.64277589
vt 0.70191717 0.70191401
vt 0.86602378 0.50000000
vt 0.85355580 0.59472537
vt 0.78555048 0.50000000
vt 0.77582252 0.57390368
vt 0.77582181 0.42609379
vt 0.85355020 0.40525380
vt 0.74729288 0.35722050
vt 0.81698042 0.31697530
vt 0.68301272 0.18301269
vt 0.75880831 0.24117009
vt 0.64277589 0.25270489
vt 0.70191222 0.29808110
vt 0.49999750 0.13397460
vt 0.59473330 0.14644630
vt 0.49999940 0.21444820
vt 0.57390612 0.22417811
vt 0.31698239 0.18301550
vt 0.18301269 0.31698731
vt 0.24117590 0.24118599
vt 0.29808280 0.29808611
vt 0.25270489 0.35722411
vt 0.14644420 0.40527460
vt 0.22417749 0.42609629
vt 0.41172141 1.00000000
vt 0.36278051 0.45939890
vt 0.36278051 0.37157050
vt 0.36251000 0.37214029
vt 0.35944110 0.37673321
vt 0.31700030 0.45801491
vt 0.31704560 0.45939890
vt 0.31592259 0.45259690
vt 0.35528731 0.38037589
vt 0.35033271 0.38281909
vt 0.31347939 0.44764230
vt 0.30983689 0.44348890
vt 0.33940199 0.38353509
vt 0.34491441 0.38389659
vt 0.30524370 0.44041979
vt 0.33417091 0.38175920
vt 0.30001271 0.43864411
vt 0.32957849 0.37869051
vt 0.32593611 0.37453720
vt 0.29450020 0.43828279
vt 0.28908220 0.43936050
vt 0.32349280 0.36958259
vt 0.32241511 0.36416450
vt 0.28412759 0.44180381
vt 0.18223290 0.34328029
vt 0.32277641 0.35865211
vt 0.27997431 0.44544619
vt 0.32455209 0.35342100
vt 0.23362400 0.26637459
vt 0.27690521 0.45003939
vt 0.15249801 0.43086711
vt 0.14802240 0.45939890
vt 0.27472290 0.45939890
vt 0.27512950 0.45527050
vt 0.30316910 0.20539080
vt 0.36112630 0.35102391
vt 0.36278051 0.35399061
vt 0.34765950 0.34202579
vt 0.35289061 0.34380141
vt 0.35748380 0.34687060
vt 0.32762119 0.34882781
vt 0.34214711 0.34166440
vt 0.69294161 0.45385849
vt 0.68771052 0.45208281
vt 0.69235963 0.52300578
vt 0.68820578 0.52664852
vt 0.68311727 0.44901371
vt 0.65646881 0.54060107
vt 0.67947513 0.44486061
vt 0.68513691 0.53124142
vt 0.67703170 0.43990600
vt 0.68295437 0.54060107
vt 0.68336099 0.53647238
vt 0.67595392 0.43448779
vt 0.62786001 0.36251020
vt 0.62326682 0.35944110
vt 0.36278051 0.54060107
vt 0.63309109 0.36428589
vt 0.61962438 0.35528770
vt 0.36428580 0.36690921
vt 0.61718112 0.35033309
vt 0.67631531 0.42897531
vt 0.36464721 0.36139649
vt 0.36356959 0.35597861
vt 0.61610341 0.34491521
vt 0.67809099 0.42374420
vt 0.68115997 0.41915110
vt 0.63860351 0.36464721
vt 0.68531370 0.41550851
vt 0.64402157 0.36356950
vt 0.64897621 0.36112621
vt 0.69568658 0.41198769
vt 0.65797430 0.34765950
vt 0.65619850 0.35289061
vt 0.50000000 1.00000000
vt 0.50000000 0.89007092
vt 0.62941092 0.98296261
vt 0.60095799 0.87677950
vt 0.69503617 0.83781087
vt 0.75000298 0.93301100
vt 0.93301660 0.74999332
vt 0.85355341 0.85355341
vt 0.77582181 0.77582181
vt 0.98296541 0.62940007
vt 0.93300539 0.24998730
vt 0.98295963 0.37057829
vt 0.83780921 0.30496091
vt 0.74998361 0.06697779
vt 0.85354161 0.14643469
vt 0.69503051 0.16218570
vt 0.77582181 0.22417819
vt 0.50000000 0.00000000
vt 0.62938941 0.01703166
vt 0.50000000 0.10992900
vt 0.60095161 0.12321870
vt 0.87677872 0.39903870
vt 0.83781260 0.69503331
vt 0.32945880 0.00000000
vt 0.99998420 0.00000000
vt 0.00000000 0.00000000
vt 0.39904249 0.12322030
vt 0.37059090 0.01703697
vt 0.30496469 0.16218850
vt 0.25000021 0.06698715
vt 0.06698715 0.25000021
vt 0.14644660 0.14644660
vt 0.22417819 0.22417819
vt 0.01703697 0.37059090
vt 0.16218850 0.30496469
vt 0.06698715 0.74999982
vt 0.01703697 0.62940907
vt 0.12322030 0.60095751
vt 0.25000021 0.93301290
vt 0.14644660 0.85355341
vt 0.22417819 0.77582181
vt 0.30496469 0.83781153
vt 0.37059090 0.98296303
vt 0.39904249 0.87677968
vt 0.16218850 0.69503528
vt 1.00000000 1.00000000
vt 0.00000000 0.00000000
vt 0.00000000 1.00000000
vt 1.00000000 1.00000000
vt 0.73361421 0.23361410
vt 0.65670848 0.18222730
vt 0.56912303 0.15249600
vt 0.38611001 0.16449130
vt 0.47682691 0.14644660
vt 0.30315450 0.20540050
vt 0.23361410 0.26638591
vt 0.18222730 0.34329149
vt 0.15249600 0.43087691
vt 0.20540050 0.69684541
vt 0.14644660 0.52317309
vt 0.16449130 0.61389011
vt 0.26638591 0.76638591
vt 0.34328660 0.81777018
vt 0.43087199 0.84750301
vt 0.61388618 0.83551002
vt 0.69684249 0.79460150
vt 0.76638591 0.73361421
vt 0.84750360 0.56912512
vt 0.85355341 0.47682691
vt 0.83550900 0.38611090
vt 1.00000000 1.00000000
vt 0.00000605 0.00000000
vt 0.27476820 0.46078289
vt 0.14644609 0.52316558
vt 0.27584600 0.46620101
vt 0.15206189 0.56689632
vt 0.28395119 0.55753642
vt 0.28176871 0.56689632
vt 0.28217530 0.56276762
vt 0.27828929 0.47115549
vt 0.28702000 0.55294359
vt 0.28193161 0.47530881
vt 0.29117379 0.54930091
vt 0.28652409 0.47837749
vt 0.29612851 0.54685771
vt 0.29175511 0.48015350
vt 0.30154669 0.54578012
vt 0.29726759 0.48051500
vt 0.30705920 0.54614162
vt 0.30268580 0.47943741
vt 0.30764040 0.47699419
vt 0.31229031 0.54791760
vt 0.31179419 0.47335151
vt 0.31688270 0.55098629
vt 0.31486320 0.46875870
vt 0.32052511 0.55513972
vt 0.31663901 0.46352759
vt 0.32409129 0.56689632
vt 0.24999601 0.00000000
vt 0.13397621 0.50000000
vt 0.21444950 0.50000000
vt 0.22417830 0.57390642
vt 0.14644670 0.59473461
vt 0.25270489 0.64277589
vt 0.18301269 0.68301272
vt 0.31698710 0.81698722
vt 0.24118070 0.75881881
vt 0.29808429 0.70191538
vt 0.50000018 0.86602539
vt 0.40526560 0.85355341
vt 0.50000018 0.78555173
vt 0.42609379 0.77582181
vt 0.59473461 0.85355330
vt 0.81698853 0.68301052
vt 0.75881982 0.75881833
vt 0.74729538 0.64277530
vt 0.70191568 0.70191550
vt 0.86602378 0.50000000
vt 0.85355341 0.59473437
vt 0.77582181 0.57390630
vt 0.78555048 0.50000000
vt 0.35722399 0.74729502
vt 0.77582121 0.42609161
vt 0.85355163 0.40525880
vt 0.74729508 0.35722411
vt 0.81698728 0.31698731
vt 0.68300343 0.18300730
vt 0.75881249 0.24117440
vt 0.64277321 0.25270340
vt 0.70191371 0.29808259
vt 0.49998611 0.13397460
vt 0.59472251 0.14644340
vt 0.49999571 0.21444820
vt 0.57390630 0.22417819
vt 0.31698731 0.18301269
vt 0.18301280 0.31698710
vt 0.24118111 0.24118070
vt 0.25270501 0.35722399
vt 0.29808459 0.29808429
vt 0.14644660 0.40526560
vt 0.22417819 0.42609379
vt 0.99998420 0.00000000
vt 0.00000000 0.00000000
vt 0.32945949 1.00000000
vt 1.00000000 1.00000000
vt 0.00000000 1.00000000
vt 0.73361421 0.23361410
vt 0.65670848 0.18222730
vt 0.56912303 0.15249600
vt 0.47682691 0.14644660
vt 0.38611001 0.16449130
vt 0.30315450 0.20540050
vt 0.23361410 0.26638591
vt 0.15249600 0.43087691
vt 0.14644660 0.52317309
vt 0.16449130 0.61389011
vt 0.20540050 0.69684541
vt 0.26638591 0.76638591
vt 0.52317309 0.85355341
vt 0.34328660 0.81777018
vt 0.43087199 0.84750301
vt 0.61388618 0.83551002
vt 0.69684249 0.79460150
vt 0.76638591 0.73361421
vt 0.84750360 0.56912512
vt 0.85355341 0.47682691
vt 0.83550900 0.38611090
vt 1.00000000 0.00000000
vt 0.00000605 1.00000000
vt 1.00000000 1.00000000
vt 0.00000000 0.00000000
vt 0.32945830 1.00000000
vt 0.41172099 0.00000000
vt 0.58827651 0.00000000
vt 0.45586109 0.00000000
vt 0.54413921 0.00000000
vt 0.54413819 1.00000000
vt 0.54413819 0.00000000
vt 0.41172099 0.00000000
vt 0.45586050 0.00000000
vt 0.50000000 0.00000000
vt 0.28972861 0.00000000
vt 0.32945830 0.00000000
vt 0.37058961 0.00000000
vt 0.24999890 0.00000000
vt 0.21026930 0.00000000
vt 0.17053971 0.00000000
vt 0.12940870 0.00000000
vt 0.91172189 0.00000000
vt 0.95586097 0.00000000
vt 1.00000000 0.00000000
vt 0.87059069 0.00000000
vt 0.08827769 0.00000000
vt 0.87059081 1.00000000
vt 0.08827769 0.00000000
vt 0.17053971 0.00000000
vt 0.36278051 0.63530749
vt 0.36139721 0.63535267
vt 0.32368469 0.57102501
vt 0.32190889 0.57625598
vt 0.35597900 0.63643032
vt 0.31884000 0.58084887
vt 0.35102430 0.63887352
vt 0.31468621 0.58449161
vt 0.34687060 0.64251620
vt 0.30973160 0.58693480
vt 0.34380159 0.64710897
vt 0.30431330 0.58801228
vt 0.34202579 0.65234011
vt 0.29880080 0.58765078
vt 0.34166440 0.65785283
vt 0.29356980 0.58587492
vt 0.34274209 0.66327077
vt 0.20539910 0.69684339
vt 0.28897730 0.58280623
vt 0.28533500 0.57865280
vt 0.16448970 0.61388540
vt 0.28181389 0.56828028
vt 0.28289160 0.57369822
vt 0.34329149 0.81777263
vt 0.36278051 0.70411581
vt 0.36278051 0.82666081
vt 0.36278051 0.67763019
vt 0.35865131 0.67722350
vt 0.35342029 0.67544752
vt 0.32945880 1.00000000
vt 0.99998420 0.00000000
vt 0.00000000 1.00000000
vt 0.24999940 1.00000000
vt 0.86602378 0.50000000
vt 0.78555048 0.50000000
vt 0.77582181 0.42609379
vt 0.85355341 0.40526560
vt 0.74729413 0.35722259
vt 0.81698447 0.31698239
vt 0.68301272 0.18301269
vt 0.75881398 0.24117590
vt 0.64277589 0.25270489
vt 0.70191401 0.29808280
vt 0.49998930 0.13397460
vt 0.59472537 0.14644420
vt 0.49999690 0.21444820
vt 0.57390368 0.22417749
vt 0.31697530 0.18301959
vt 0.18301269 0.31698731
vt 0.24117009 0.24119180
vt 0.25270489 0.35722411
vt 0.29808110 0.29808781
vt 0.13397621 0.50000000
vt 0.14644630 0.40526670
vt 0.21444950 0.50000000
vt 0.22417811 0.42609391
vt 0.99998420 0.00000000
vt 0.00000000 1.00000000
vt 0.22417819 0.57390630
vt 0.14644660 0.59473437
vt 0.25270581 0.64277750
vt 0.18301550 0.68301761
vt 0.31698731 0.81698728
vt 0.24118599 0.75882411
vt 0.35722411 0.74729508
vt 0.29808611 0.70191717
vt 0.50001073 0.86602539
vt 0.40527460 0.85355580
vt 0.50000310 0.78555173
vt 0.42609629 0.77582252
vt 0.68302470 0.81698042
vt 0.81698728 0.68301272
vt 0.75882977 0.75880831
vt 0.74729508 0.64277589
vt 0.70191890 0.70191222
vt 0.85355371 0.59473330
vt 0.77582192 0.57390612
vt 0.79459977 0.30315500
vt 0.73361421 0.23361410
vt 0.56912798 0.15249699
vt 0.65671343 0.18222980
vt 0.38611379 0.16449010
vt 0.30315751 0.20539850
vt 0.23361410 0.26638591
vt 0.15249640 0.43087500
vt 0.14644660 0.52317309
vt 0.16449100 0.61388910
vt 0.26638591 0.76638591
vt 0.20540020 0.69684500
vt 0.34328660 0.81777018
vt 0.43087199 0.84750301
vt 0.61388618 0.83551002
vt 0.69684249 0.79460150
vt 0.76638591 0.73361421
vt 0.81777161 0.65671080
vt 0.84750360 0.56912512
vt 0.83550900 0.38611090
vt 0.85355341 0.47682691
vt 1.00000000 0.00000000
vt 0.00000605 1.00000000
vt 1.00000000 0.00000000
vt 0.00000605 1.00000000
vt 0.36416379 0.67758501
vt 0.43823749 0.70411581
vt 0.37453669 0.67406422
vt 0.37869051 0.67042148
vt 0.43864411 0.69998741
vt 0.36958200 0.67650741
vt 0.44041979 0.69475633
vt 0.44348890 0.69016308
vt 0.38175941 0.66582870
vt 0.44764221 0.68652070
vt 0.38353521 0.66059750
vt 0.45259669 0.68407738
vt 0.38389659 0.65508479
vt 0.45801491 0.68299967
vt 0.38281891 0.64966691
vt 0.46352729 0.68336087
vt 0.38037559 0.64471233
vt 0.46875831 0.68513668
vt 0.56009471 0.67703152
vt 0.37673321 0.64055890
vt 0.37214071 0.63749021
vt 0.36690971 0.63571417
vt 0.65508550 0.61610341
vt 0.65646881 0.61605817
vt 0.64966732 0.61718100
vt 0.64471263 0.61962408
vt 0.64055890 0.62326682
vt 0.47335151 0.68820578
vt 0.55514008 0.67947471
vt 0.47699389 0.69235921
vt 0.55098629 0.68311727
vt 0.63748997 0.62785971
vt 0.63571411 0.63309079
vt 0.56551301 0.67595392
vt 0.47943720 0.69731379
vt 0.54791743 0.68771023
vt 0.48051491 0.70273173
vt 0.48056021 0.70411581
vt 0.54578018 0.69845402
vt 0.54694241 0.70411581
vt 0.54685777 0.70387203
vt 0.54614162 0.69294131
vt 0.63535279 0.63860351
vt 0.57102537 0.67631543
vt 0.63887382 0.64897609
vt 0.65646881 0.65838081
vt 0.65233970 0.65797412
vt 0.58765101 0.70119840
vt 0.58685011 0.70411581
vt 0.58801228 0.69568592
vt 0.64710861 0.65619820
vt 0.64251620 0.65312952
vt 0.58693463 0.69026792
vt 0.58449131 0.68531340
vt 0.82945782 1.00000000
vt 0.99998420 0.00000000
vt 0.00000000 0.00000000
vt 0.50000000 1.00000000
vt 0.50000000 0.89007092
vt 0.62942171 0.98295963
vt 0.60096133 0.87677872
vt 0.69503909 0.83780921
vt 0.75001258 0.93300539
vt 0.93302220 0.74998361
vt 0.85356528 0.85354161
vt 0.83781421 0.69503051
vt 0.77582181 0.77582181
vt 1.00000000 0.50000000
vt 0.98296827 0.62938941
vt 0.89007092 0.50000000
vt 0.87678123 0.60095161
vt 0.98296261 0.37058911
vt 0.74999332 0.06698340
vt 0.85355341 0.14644660
vt 0.69503331 0.16218740
vt 0.77582181 0.22417819
vt 0.50000000 0.00000000
vt 0.62940007 0.01703453
vt 0.60095477 0.12321960
vt 0.50000000 0.10992900
vt 0.39903870 0.12322130
vt 0.37057829 0.01704031
vt 0.30496091 0.16219071
vt 0.24998730 0.06699460
vt 0.06697779 0.25001639
vt 0.14643469 0.14645851
vt 0.16218570 0.30496961
vt 0.22417819 0.22417819
vt 0.00000000 0.50000000
vt 0.01703166 0.37061071
vt 0.10992900 0.50000000
vt 0.12321870 0.39904839
vt 0.01703745 0.62941092
vt 0.25000671 0.93301660
vt 0.14644660 0.85355341
vt 0.30496660 0.83781260
vt 0.22417819 0.77582181
vt 0.37059990 0.98296541
vt 0.39904520 0.87678039
vt 0.74999827 1.00000000
vt 0.99998420 1.00000000
vt 0.00000000 0.00000000
vt 0.73361421 0.23361410
vt 0.65671343 0.18222980
vt 0.56912798 0.15249699
vt 0.38611379 0.16449010
vt 0.47682691 0.14644660
vt 0.30315751 0.20539850
vt 0.18222851 0.34328929
vt 0.23361410 0.26638591
vt 0.15249640 0.43087500
vt 0.20540020 0.69684500
vt 0.14644660 0.52317309
vt 0.16449100 0.61388910
vt 0.26638591 0.76638591
vt 0.34328660 0.81777018
vt 0.43087199 0.84750301
vt 0.61388618 0.83551002
vt 0.69684249 0.79460150
vt 0.76638591 0.73361421
vt 0.84750360 0.56912512
vt 0.85355341 0.47682691
vt 0.83550900 0.38611090
vt 1.00000000 1.00000000
vt 0.00000605 0.00000000
vt 1.00000000 1.00000000
vt 0.00000605 0.00000000
vt 0.48015359 0.70824450
vt 0.47837770 0.71347553
vt 0.54930121 0.70882660
vt 0.47530881 0.71806842
vt 0.55294359 0.71297991
vt 0.55753678 0.71604902
vt 0.47115511 0.72171098
vt 0.52317309 0.85355341
vt 0.46620041 0.72415429
vt 0.56276792 0.71782482
vt 0.46078220 0.72523183
vt 0.43087691 0.84750402
vt 0.58587527 0.70642942
vt 0.76638591 0.73361421
vt 0.78960848 0.70411581
vt 0.69684541 0.79459947
vt 0.45003861 0.72309440
vt 0.44544619 0.72002572
vt 0.43828279 0.70549983
vt 0.43936050 0.71091777
vt 0.45526969 0.72487032
vt 0.58280623 0.71102262
vt 0.57865292 0.71466500
vt 0.44180381 0.71587241
vt 0.91172189 1.00000000
vt 0.21027350 1.00000000
vt 0.21027350 0.00000000
vt 0.82945949 0.00000000
vt 0.78972977 0.00000000
vt 0.75000000 0.00000000
vt 0.58827811 0.00000000
vt 0.62940931 0.00000000
vt 0.67054051 0.00000000
vt 0.41172221 1.00000000
vt 0.71027023 0.00000000
vt 0.32946220 0.00000000
vt 0.32946220 1.00000000
vt 0.32945949 1.00000000
vt 0.50000000 0.00000000
vt 0.54413903 0.00000000
vt 0.45586181 0.00000000
vt 0.45586181 1.00000000
vt 0.68299967 0.54198521
vt 0.68652058 0.55235767
vt 0.69016308 0.55651110
vt 0.66059798 0.61646491
vt 0.68407732 0.54740310
vt 0.66582912 0.61824077
vt 0.67042148 0.62130952
vt 0.69475633 0.55958021
vt 0.67406392 0.62546289
vt 0.69998741 0.56135589
vt 0.67650717 0.63041753
vt 0.70549983 0.56171721
vt 0.67758489 0.63583553
vt 0.71091777 0.56063950
vt 0.67722350 0.64134818
vt 0.81777263 0.65670848
vt 0.71587241 0.55819619
vt 0.67544770 0.64657933
vt 0.72002572 0.55455381
vt 0.72309482 0.54996061
vt 0.84750402 0.56912303
vt 0.72487050 0.54472947
vt 0.67237878 0.65117222
vt 0.65785211 0.65833563
vt 0.25000000 0.00000000
vt 0.13397621 0.50000000
vt 0.21444950 0.50000000
vt 0.22417870 0.57390851
vt 0.14644670 0.59473461
vt 0.25270489 0.64277589
vt 0.18301269 0.68301272
vt 0.31698710 0.81698722
vt 0.24118070 0.75881881
vt 0.29808629 0.70191741
vt 0.40526560 0.85355341
vt 0.35722679 0.74729657
vt 0.68301272 0.81698728
vt 0.59473461 0.85355330
vt 0.57391077 0.77582061
vt 0.81698853 0.68301052
vt 0.75881982 0.75881833
vt 0.74729502 0.64277601
vt 0.70191538 0.70191580
vt 0.86602378 0.50000000
vt 0.85355341 0.59473437
vt 0.77582181 0.57390630
vt 0.78555048 0.50000000
vt 0.64277589 0.74729508
vt 1.00000000 1.00000000
vt 0.00000000 1.00000000
vt 0.77582181 0.42609349
vt 0.85355163 0.40525880
vt 0.74729508 0.35722411
vt 0.81698728 0.31698731
vt 0.68300343 0.18300730
vt 0.75881249 0.24117440
vt 0.64277601 0.25270501
vt 0.70191580 0.29808459
vt 0.49998611 0.13397460
vt 0.59472251 0.14644340
vt 0.49999979 0.21444820
vt 0.57390630 0.22417819
vt 0.31698731 0.18301269
vt 0.18301280 0.31698710
vt 0.24118111 0.24118070
vt 0.25270459 0.35722470
vt 0.29808429 0.29808459
vt 0.14644660 0.40526560
vt 0.22417819 0.42609379
vt 0.99998420 0.00000000
vt 0.00000000 0.00000000
vt 0.50000000 0.00000000
vt 0.50000000 0.10992900
vt 0.39904201 0.12322050
vt 0.37058911 0.01703745
vt 0.30496380 0.16218910
vt 0.24999700 0.06698900
vt 0.06698340 0.25000671
vt 0.14644660 0.14644660
vt 0.22417819 0.22417819
vt 0.00000000 0.50000000
vt 0.01703453 0.37059990
vt 0.10992900 0.50000000
vt 0.12321960 0.39904520
vt 0.06699460 0.75001258
vt 0.25001639 0.93302220
vt 0.14645851 0.85356528
vt 0.30496961 0.83781421
vt 0.22417819 0.77582181
vt 0.50000000 1.00000000
vt 0.37061071 0.98296827
vt 0.50000000 0.89007092
vt 0.39904839 0.87678123
vt 0.16218740 0.30496660
vt 0.74999827 0.00000000
vt 0.32945949 0.00000000
vt 0.86602378 0.50000000
vt 0.78555048 0.50000000
vt 0.77582181 0.42609379
vt 0.85355020 0.40525380
vt 0.74729502 0.35722399
vt 0.81698042 0.31697530
vt 0.68301272 0.18301269
vt 0.75880831 0.24117009
vt 0.64277589 0.25270489
vt 0.70191538 0.29808429
vt 0.50000018 0.13397460
vt 0.59473461 0.14644670
vt 0.49999940 0.21444820
vt 0.57390612 0.22417811
vt 0.40526560 0.14644660
vt 0.18301269 0.31698731
vt 0.24118070 0.24118111
vt 0.29808280 0.29808611
vt 0.25270489 0.35722411
vt 0.13397621 0.50000000
vt 0.14644670 0.40526530
vt 0.22417749 0.42609629
vt 0.21444950 0.50000000
vt 0.22417819 0.57390630
vt 0.14644660 0.59473437
vt 0.25270709 0.64277953
vt 0.18301280 0.68301290
vt 0.31698731 0.81698728
vt 0.24118111 0.75881928
vt 0.29808781 0.70191890
vt 0.50000250 0.86602539
vt 0.40526670 0.85355371
vt 0.49999979 0.78555173
vt 0.42609349 0.77582181
vt 0.59473437 0.85355341
vt 0.81698728 0.68301272
vt 0.75882411 0.75881398
vt 0.74729508 0.64277589
vt 0.70191580 0.70191538
vt 0.85355580 0.59472537
vt 0.77582181 0.57390642
vt 0.35722411 0.74729508
vt 1.00000000 1.00000000
vt 0.00000000 0.00000000
vt 0.17054000 1.00000000
vt 0.24999940 1.00000000
vt 0.86602378 0.50000000
vt 0.78555048 0.50000000
vt 0.85355330 0.40526530
vt 0.77582181 0.42609349
vt 0.74729508 0.35722411
vt 0.81698728 0.31698731
vt 0.68301052 0.18301140
vt 0.75881833 0.24118020
vt 0.64277601 0.25270501
vt 0.70191580 0.29808459
vt 0.49999431 0.13397460
vt 0.59473437 0.14644660
vt 0.49999979 0.21444820
vt 0.57390630 0.22417819
vt 0.31698731 0.18301269
vt 0.18300730 0.31699660
vt 0.24117440 0.24118750
vt 0.25270501 0.35722399
vt 0.29808459 0.29808429
vt 0.13397621 0.50000000
vt 0.14644340 0.40527749
vt 0.21444950 0.50000000
vt 0.22417819 0.42609379
vt 0.99998420 0.00000000
vt 0.00000000 0.00000000
vt 0.22417830 0.57390642
vt 0.14645050 0.59474909
vt 0.25270489 0.64277589
vt 0.18301269 0.68301272
vt 0.31698710 0.81698722
vt 0.24118070 0.75881881
vt 0.29808429 0.70191538
vt 0.40526560 0.85355341
vt 0.35722399 0.74729502
vt 0.68301272 0.81698728
vt 0.59473461 0.85355330
vt 0.64277589 0.74729508
vt 0.81698722 0.68301290
vt 0.75881881 0.75881928
vt 0.74729502 0.64277601
vt 0.70191538 0.70191580
vt 0.85355341 0.59473437
vt 0.77582181 0.57390630
vt 0.57390642 0.77582181
vt 0.32945949 1.00000000
vt 1.00000000 0.00000000
vt 0.00000000 1.00000000
vt 0.73361421 0.23361410
vt 0.65670848 0.18222730
vt 0.56912303 0.15249600
vt 0.47682691 0.14644660
vt 0.38611001 0.16449130
vt 0.30315450 0.20540050
vt 0.23361410 0.26638591
vt 0.15249600 0.43087691
vt 0.14644660 0.52317309
vt 0.16449130 0.61389011
vt 0.20540050 0.69684541
vt 0.26638591 0.76638591
vt 0.34329149 0.81777263
vt 0.43087691 0.84750402
vt 0.52317309 0.85355341
vt 0.61389011 0.83550870
vt 0.69684541 0.79459947
vt 0.76638591 0.73361421
vt 0.84750402 0.56912303
vt 0.83550870 0.38611001
vt 0.85355341 0.47682691
vt 1.00000000 1.00000000
vt 0.00000000 0.00000000
vt 1.00000000 0.00000000
vt 0.00000000 1.00000000
vt 0.99998420 0.00000000
vt 0.00000000 1.00000000
vt 0.79459977 0.30315500
vt 0.73361421 0.23361410
vt 0.65670848 0.18222730
vt 0.56912303 0.15249600
vt 0.38611001 0.16449130
vt 0.30315450 0.20540050
vt 0.23361410 0.26638591
vt 0.15249600 0.43087691
vt 0.14644660 0.52317309
vt 0.16449130 0.61389011
vt 0.26638591 0.76638591
vt 0.20540050 0.69684541
vt 0.34328660 0.81777018
vt 0.43087199 0.84750301
vt 0.61388618 0.83551002
vt 0.69684249 0.79460150
vt 0.76638591 0.73361421
vt 0.84750360 0.56912512
vt 0.81777161 0.65671080
vt 0.85355341 0.47682691
vt 0.83550900 0.38611090
vt 1.00000000 1.00000000
vt 0.00000605 0.00000000
vt 1.00000000 0.00000000
vt 0.00000000 0.00000000
vt 0.99998420 1.00000000
vt 0.62941092 0.98296261
vt 0.60095799 0.87677950
vt 0.69503617 0.83781087
vt 0.75000298 0.93301100
vt 0.93301660 0.74999332
vt 0.85355341 0.85355341
vt 0.77582181 0.77582181
vt 0.98296541 0.62940007
vt 0.93300539 0.24998730
vt 0.98295963 0.37057829
vt 0.83780921 0.30496091
vt 0.74998361 0.06697779
vt 0.85354161 0.14643469
vt 0.69503051 0.16218570
vt 0.77582181 0.22417819
vt 0.62938941 0.01703166
vt 0.60095161 0.12321870
vt 0.87677872 0.39903870
vt 0.83781260 0.69503331
vt 0.00000000 0.00000000
vt 0.00000605 0.00000000
vt 1.00000000 1.00000000
vt 0.73361421 0.23361410
vt 0.65671343 0.18222980
vt 0.56912798 0.15249699
vt 0.38611379 0.16449010
vt 0.47682691 0.14644660
vt 0.30315751 0.20539850
vt 0.23361410 0.26638591
vt 0.18222851 0.34328929
vt 0.15249640 0.43087500
vt 0.20540020 0.69684500
vt 0.14644660 0.52317309
vt 0.16449100 0.61388910
vt 0.26638591 0.76638591
vt 0.34328660 0.81777018
vt 0.43087199 0.84750301
vt 0.61388618 0.83551002
vt 0.69684249 0.79460150
vt 0.76638591 0.73361421
vt 0.84750360 0.56912512
vt 0.85355341 0.47682691
vt 0.83550900 0.38611090
vt 1.00000000 1.00000000
vt 0.00000605 0.00000000
vt 0.99998420 0.00000000
vt 0.00000000 0.00000000
vt 0.75000000 1.00000000
vt 1.00000000 0.00000000
vt 0.13397621 0.50000000
vt 0.21444950 0.50000000
vt 0.14644660 0.59473437
vt 0.22417819 0.57390630
vt 0.25270501 0.64277601
vt 0.18301280 0.68301290
vt 0.31698731 0.81698728
vt 0.24118111 0.75881928
vt 0.35722411 0.74729508
vt 0.29808459 0.70191580
vt 0.40526530 0.85355330
vt 0.68301290 0.81698722
vt 0.59473437 0.85355341
vt 0.64277601 0.74729502
vt 0.81698728 0.68301272
vt 0.75881928 0.75881881
vt 0.74729508 0.64277589
vt 0.70191580 0.70191538
vt 0.86602378 0.50000000
vt 0.85355222 0.59473872
vt 0.77582192 0.57390612
vt 0.78555048 0.50000000
vt 0.57390630 0.77582181
vt 0.00000581 1.00000000
vt 0.85355341 0.40526560
vt 0.77582181 0.42609379
vt 0.74729413 0.35722259
vt 0.81698650 0.31698591
vt 0.68301272 0.18301269
vt 0.75881648 0.24117830
vt 0.64277589 0.25270489
vt 0.70191401 0.29808280
vt 0.49999130 0.13397460
vt 0.59472781 0.14644490
vt 0.49999690 0.21444820
vt 0.57390368 0.22417749
vt 0.31697610 0.18301910
vt 0.18301269 0.31698731
vt 0.24117050 0.24119140
vt 0.25270489 0.35722411
vt 0.29808110 0.29808781
vt 0.14644670 0.40526530
vt 0.22417830 0.42609349
vt 0.82945800 1.00000000
vt 0.99998420 0.00000000
vt 0.00000000 0.00000000
vt 1.00000000 1.00000000
vt 0.00000605 1.00000000
vt 0.79459947 0.30315450
vt 0.73361421 0.23361410
vt 0.47682691 0.14644660
vt 0.65671343 0.18222980
vt 0.56912798 0.15249699
vt 0.38611379 0.16449010
vt 0.30315751 0.20539850
vt 0.23361410 0.26638591
vt 0.15249640 0.43087500
vt 0.14644660 0.52317309
vt 0.16449100 0.61388910
vt 0.26638591 0.76638591
vt 0.34329149 0.81777263
vt 0.43087691 0.84750402
vt 0.61389011 0.83550870
vt 0.69684541 0.79459947
vt 0.76638591 0.73361421
vt 0.81777263 0.65670848
vt 0.84750402 0.56912303
vt 0.85355341 0.47682691
vt 0.83550870 0.38611001
vt 1.00000000 0.00000000
vt 0.00000000 1.00000000
vt 0.79459977 0.30315500
vt 0.73361421 0.23361410
vt 0.47682691 0.14644660
vt 0.65670848 0.18222730
vt 0.56912303 0.15249600
vt 0.38611001 0.16449130
vt 0.30315450 0.20540050
vt 0.23361410 0.26638591
vt 0.15249600 0.43087691
vt 0.14644660 0.52317309
vt 0.16449130 0.61389011
vt 0.26638591 0.76638591
vt 0.34328660 0.81777018
vt 0.43087199 0.84750301
vt 0.61388618 0.83551002
vt 0.69684249 0.79460150
vt 0.76638591 0.73361421
vt 0.84750360 0.56912512
vt 0.81777161 0.65671080
vt 0.85355341 0.47682691
vt 0.83550900 0.38611090
vt 1.00000000 1.00000000
vt 0.00000605 0.00000000
vt 1.00000000 0.00000000
vt 0.00000000 0.00000000
vt 0.08827805 0.00000000
vt 0.00000000 1.00000000
vt 0.24999890 0.00000000
vt 0.78972989 0.00000000
vt 0.71027052 0.00000000
vt 0.78972650 1.00000000
vt 0.78972650 0.00000000
vt 0.67053783 0.00000000
vt 0.67053783 1.00000000
vt 0.62940949 0.00000000
vt 0.32945830 0.00000000
vt 0.78972650 0.00000000
vt 0.82945633 0.00000000
vt 0.21027081 0.00000000
vt 0.74999672 0.00000000
vt 0.67053783 0.00000000
vt 0.28973031 0.00000000
vt 0.71026731 0.00000000
vt 0.74999672 0.00000000
vt 0.67053783 0.00000000
vt 0.62940711 0.00000000
vt 0.58827651 0.00000000
vt 0.54413819 0.00000000
vt 0.37059110 0.00000000
vt 0.32945880 1.00000000
vt 0.99998420 1.00000000
vt 0.00000000 0.00000000
vt 0.50000000 0.00000000
vt 0.50000000 0.10992900
vt 0.39903870 0.12322130
vt 0.37057829 0.01704031
vt 0.30496091 0.16219071
vt 0.24998730 0.06699460
vt 0.06697779 0.25001639
vt 0.14643469 0.14645851
vt 0.16218570 0.30496961
vt 0.22417819 0.22417819
vt 0.00000000 0.50000000
vt 0.01703166 0.37061071
vt 0.10992900 0.50000000
vt 0.12321870 0.39904839
vt 0.01703697 0.62940907
vt 0.25000021 0.93301290
vt 0.14644660 0.85355341
vt 0.22417819 0.77582181
vt 0.30496469 0.83781153
vt 0.50000000 1.00000000
vt 0.37059090 0.98296303
vt 0.50000000 0.89007092
vt 0.39904249 0.87677968
vt 0.25000000 1.00000000
vt 0.60095751 0.87677968
vt 0.62940907 0.98296303
vt 0.69503528 0.83781153
vt 0.74999982 0.93301290
vt 0.93301290 0.74999982
vt 0.85355341 0.85355341
vt 0.77582181 0.77582181
vt 0.98296303 0.62940907
vt 0.83781153 0.69503528
vt 0.93301100 0.24999700
vt 0.98296261 0.37058911
vt 0.87677950 0.39904201
vt 0.74999332 0.06698340
vt 0.85355341 0.14644660
vt 0.69503331 0.16218740
vt 0.83781087 0.30496380
vt 0.77582181 0.22417819
vt 0.62940007 0.01703453
vt 0.60095477 0.12321960
vt 0.73361421 0.23361410
vt 0.65671343 0.18222980
vt 0.56912798 0.15249699
vt 0.38611379 0.16449010
vt 0.47682691 0.14644660
vt 0.30315751 0.20539850
vt 0.23361410 0.26638591
vt 0.15249640 0.43087500
vt 0.14644660 0.52317309
vt 0.16449100 0.61388910
vt 0.20540020 0.69684500
vt 0.26638591 0.76638591
vt 0.34329149 0.81777263
vt 0.43087691 0.84750402
vt 0.52317309 0.85355341
vt 0.61389011 0.83550870
vt 0.69684541 0.79459947
vt 0.76638591 0.73361421
vt 0.84750402 0.56912303
vt 0.83550870 0.38611001
vt 0.85355341 0.47682691
vt 1.00000000 0.00000000
vt 0.00000605 0.00000000
vt 1.00000000 1.00000000
vt 0.00000000 1.00000000
vt 1.00000000 1.00000000
vt 0.00000000 0.00000000
vt 0.00000000 1.00000000
vt 0.99998420 0.00000000
vt 1.00000000 1.00000000
vt 0.00000605 0.00000000
vt 0.73361421 0.23361410
vt 0.47682691 0.14644660
vt 0.65671343 0.18222980
vt 0.56912798 0.15249699
vt 0.38611379 0.16449010
vt 0.30315751 0.20539850
vt 0.23361410 0.26638591
vt 0.18222851 0.34328929
vt 0.15249640 0.43087500
vt 0.16449100 0.61388910
vt 0.14644660 0.52317309
vt 0.20540020 0.69684500
vt 0.26638591 0.76638591
vt 0.34328660 0.81777018
vt 0.43087199 0.84750301
vt 0.61388618 0.83551002
vt 0.69684249 0.79460150
vt 0.76638591 0.73361421
vt 0.84750360 0.56912512
vt 0.85355341 0.47682691
vt 0.83550900 0.38611090
vt 1.00000000 0.00000000
vt 0.00000605 0.00000000
vt 1.00000000 1.00000000
vt 0.00000000 0.00000000
vt 0.78972977 1.00000000
vt 0.00000000 0.00000000
vt 1.00000000 1.00000000
vt 0.87059128 1.00000000
vt 0.82946032 1.00000000
vt 0.91172230 1.00000000
vt 0.17054370 1.00000000
vt 0.12941191 1.00000000
vt 0.08828026 1.00000000
vt 0.04413884 0.00000000
vt 0.12940930 1.00000000
vt 0.12940870 0.00000000
vt 0.08827769 1.00000000
vt 0.04413884 1.00000000
vt 0.12940870 1.00000000
vt 0.17053971 1.00000000
vt 0.21026930 1.00000000
vt 0.82945633 1.00000000
vt 0.78972650 1.00000000
vt 0.87058800 1.00000000
vt 0.50000000 0.05380153
vt 0.43616030 0.00409222
vt 0.44305000 0.05745083
vt 0.37056699 0.01704335
vt 0.38451570 0.06900531
vt 0.30942380 0.03774386
vt 0.32995230 0.08747500
vt 0.24997580 0.06700128
vt 0.27690101 0.11358070
vt 0.19581890 0.10317020
vt 0.22857110 0.14585391
vt 0.14642410 0.14646910
vt 0.18449000 0.18449000
vt 0.10313140 0.19586959
vt 0.14585391 0.22857110
vt 0.06696945 0.25003091
vt 0.11358070 0.27690101
vt 0.03771948 0.30948290
vt 0.08747500 0.32995230
vt 0.01702690 0.37062839
vt 0.06900531 0.38451570
vt 0.00408405 0.43622380
vt 0.05745083 0.44305000
vt 0.00000000 0.50000000
vt 0.01702690 0.62937158
vt 0.06900531 0.61548430
vt 0.03771948 0.69051713
vt 0.06696945 0.74996912
vt 0.08747500 0.67004770
vt 0.10313140 0.80413038
vt 0.11358070 0.72309899
vt 0.14642410 0.85353088
vt 0.14585391 0.77142888
vt 0.18449000 0.81550992
vt 0.19581890 0.89682972
vt 0.24997580 0.93299872
vt 0.22857110 0.85414600
vt 0.30942380 0.96225607
vt 0.27690101 0.88641930
vt 0.37056699 0.98295671
vt 0.32995230 0.91252488
vt 0.38451570 0.93099469
vt 0.43616030 0.99590778
vt 0.49997881 1.00000000
vt 0.44305000 0.94254923
vt 0.50000000 1.00000000
vt 0.50000000 0.94619852
vt 0.91171968 1.00000000
vt 0.95585978 1.00000000
vt 0.21027350 1.00000000
vt 0.25000331 1.00000000
vt 0.78973073 1.00000000
vt 0.75000107 1.00000000
vt 0.28973281 1.00000000
vt 0.71027142 1.00000000
vt 0.32946220 1.00000000
vt 0.37059289 1.00000000
vt 0.45586181 1.00000000
vt 0.41172361 1.00000000
vt 0.62941039 1.00000000
vt 0.58827901 1.00000000
vt 0.54413950 1.00000000
vt 0.54413950 1.00000000
vt 0.56379741 0.99591321
vt 0.62939209 0.98296762
vt 0.55694991 0.94254923
vt 0.69053680 0.96227241
vt 0.61548430 0.93099469
vt 0.74998748 0.93301988
vt 0.67004770 0.91252488
vt 0.80414730 0.89685571
vt 0.72309899 0.88641930
vt 0.85354590 0.85356092
vt 0.77142888 0.85414600
vt 0.89684272 0.80416417
vt 0.81550992 0.81550992
vt 0.93300933 0.75000590
vt 0.88641930 0.72309899
vt 0.96226418 0.69055653
vt 0.98296207 0.62941247
vt 0.91252488 0.67004770
vt 0.93099469 0.61548430
vt 1.00000000 0.50000000
vt 0.99591053 0.43618149
vt 0.94254923 0.44305000
vt 0.98296207 0.37058750
vt 0.93099469 0.38451570
vt 0.96226418 0.30944350
vt 0.93300933 0.24999410
vt 0.88641930 0.27690101
vt 0.89684272 0.19583580
vt 0.85414600 0.22857110
vt 0.85354590 0.14643911
vt 0.81550992 0.18449000
vt 0.80414730 0.10314430
vt 0.77142888 0.14585391
vt 0.74998748 0.06698006
vt 0.72309899 0.11358070
vt 0.69053680 0.03772765
vt 0.67004770 0.08747500
vt 0.62939209 0.01703238
vt 0.61548430 0.06900531
vt 0.56379741 0.00408679
vt 0.55694991 0.05745083
vt 0.85414600 0.77142888
vt 0.91252488 0.32995230
vt 0.58827901 1.00000000
vt 0.62941039 1.00000000
vt 0.45586181 1.00000000
vt 0.41172361 1.00000000
vt 0.37059289 1.00000000
vt 0.67054170 1.00000000
vt 0.32946220 1.00000000
vt 0.71027142 1.00000000
vt 0.75000107 1.00000000
vt 0.78973073 1.00000000
vt 0.82946032 1.00000000
vt 0.87059128 1.00000000
vt 0.21027350 1.00000000
vt 0.17054370 1.00000000
vt 0.12941191 1.00000000
vt 0.91172230 1.00000000
vt 0.08828026 1.00000000
vt 0.25000331 1.00000000
vt 0.28973281 1.00000000
vt 1.00000000 1.00000000
vt 0.91172189 1.00000000
vt 0.87059069 1.00000000
vt 0.87058800 0.00000000
vt 0.91171968 0.00000000
vt 0.82945633 0.00000000
vt 0.95585978 1.00000000
vt 1.00000000 0.51738298
vt 0.08827769 1.00000000
vt 0.04413884 1.00000000
vt 0.12940870 1.00000000
vt 0.91171968 1.00000000
vt 0.87058800 1.00000000
vt 0.82945633 1.00000000
vt 0.17053971 1.00000000
vt 0.78972650 1.00000000
vt 0.21026930 1.00000000
vt 0.74999672 1.00000000
vt 0.71026731 0.00000000
vt 0.74999672 0.00000000
vt 0.78972650 0.00000000
vt 0.78972977 1.00000000
vt 0.75000000 1.00000000
vt 0.71027023 1.00000000
vt 0.67054051 1.00000000
vt 0.62940931 1.00000000
vt 0.58827811 1.00000000
vt 0.58827651 0.00000000
vt 0.62940711 0.00000000
vt 0.67053783 0.00000000
vt 0.67053783 1.00000000
vt 0.62940711 1.00000000
vt 0.58827651 1.00000000
vt 0.71026731 1.00000000
vt 0.28972861 1.00000000
vt 0.24999890 1.00000000
vt 0.32945830 1.00000000
vt 0.62940711 1.00000000
vt 0.58827651 1.00000000
vt 0.67053783 1.00000000
vt 0.37058961 1.00000000
vt 0.32945830 1.00000000
vt 0.41172099 1.00000000
vt 0.41172099 0.00000000
vt 0.45586050 0.00000000
vt 0.50000000 0.00000000
vt 0.50000000 1.00000000
vt 0.45586091 1.00000000
vt 0.54413903 1.00000000
vt 0.54413819 0.00000000
vt 0.32945949 1.00000000
vt 0.28972971 1.00000000
vt 0.37059069 1.00000000
vt 0.28972861 0.00000000
vt 0.32945830 0.00000000
vt 0.37058961 0.00000000
vt 0.41172189 1.00000000
vt 0.24999890 0.00000000
vt 0.28972861 1.00000000
vt 0.24999890 1.00000000
vt 0.71026731 1.00000000
vt 0.74999672 1.00000000
vt 0.17053971 0.00000000
vt 0.21026930 0.00000000
vt 0.25000000 1.00000000
vt 0.21027020 1.00000000
vt 0.17054050 1.00000000
vt 0.54413819 1.00000000
vt 0.45586050 1.00000000
vt 0.54413819 1.00000000
vt 0.45586050 1.00000000
vt 0.41172099 1.00000000
vt 0.37058961 1.00000000
vt 0.73361421 0.76638591
vt 0.76570332 0.73439020
vt 0.79459947 0.69684541
vt 0.81750441 0.65725130
vt 0.83550870 0.61389011
vt 0.85354030 0.47662771
vt 0.84746498 0.56931871
vt 0.85355341 0.52317309
vt 0.84750402 0.43087691
vt 0.79402423 0.30229631
vt 0.83531350 0.38553670
vt 0.81777263 0.34329149
vt 0.76638591 0.26638591
vt 0.65725130 0.18249559
vt 0.73439020 0.23429669
vt 0.69684541 0.20540050
vt 0.61389011 0.16449130
vt 0.47662771 0.14645970
vt 0.56931871 0.15253501
vt 0.52317309 0.14644660
vt 0.43087691 0.15249600
vt 0.30229631 0.20597580
vt 0.38553670 0.16468650
vt 0.34329149 0.18222730
vt 0.26638591 0.23361410
vt 0.23429669 0.26560980
vt 0.20540050 0.30315450
vt 0.18249559 0.34274870
vt 0.16449130 0.38611001
vt 0.15253501 0.43068141
vt 0.14644660 0.47682691
vt 0.15249600 0.56912303
vt 0.16468650 0.61446333
vt 0.18222730 0.65670848
vt 0.20597580 0.69770372
vt 0.23361410 0.73361421
vt 0.26560980 0.76570332
vt 0.30315450 0.79459947
vt 0.38611001 0.83550870
vt 0.52337229 0.85354030
vt 0.43068141 0.84746498
vt 0.47682691 0.85355341
vt 0.56912303 0.84750402
vt 0.61446333 0.83531350
vt 0.65670848 0.81777263
vt 0.82945949 1.00000000
vt 0.67054170 1.00000000
f 1/1 2/2 3/3
f 2/2 4/4 3/3
f 5/5 3/3 4/4
f 6/6 3/3 7/7
f 6/6 8/8 1/1
f 1/1 9/9 10/10
f 11/11 12/12 13/13
f 14/14 15/15 16/16
f 17/17 16/16 15/15
f 15/15 18/18 17/17
f 19/19 20/20 15/15
f 20/20 21/21 18/18
f 22/22 23/23 20/20
f 24/24 25/25 23/23
f 23/23 26/26 21/21
f 5/5 27/27 28/28
f 29/29 27/27 30/30
f 31/31 32/32 25/25
f 29/29 33/33 34/34
f 35/35 32/32 36/36
f 37/37 33/33 38/38
f 39/39 40/40 35/35
f 41/41 33/33 30/30
f 38/38 42/42 43/43
f 44/44 45/45 46/46
f 43/43 47/47 48/48
f 48/48 49/49 50/50
f 51/51 42/42 41/41
f 52/52 47/47 51/51
f 53/53 51/51 41/41
f 54/54 52/52 51/51
f 55/55 54/54 53/53
f 56/56 57/57 54/54
f 58/58 59/59 57/57
f 57/57 60/60 52/52
f 61/61 60/60 59/59
f 62/62 61/61 59/59
f 63/63 58/58 64/64
f 65/65 62/62 63/63
f 66/66 67/67 65/65
f 67/67 68/68 61/61
f 69/69 65/65 63/63
f 70/70 65/65 71/71
f 69/69 72/72 71/71
f 71/71 73/73 70/70
f 70/70 74/74 75/75
f 75/75 66/66 70/70
f 76/76 77/77 75/75
f 75/75 78/78 76/76
f 76/76 79/79 80/80
f 80/80 81/81 76/76
f 81/81 82/82 77/77
f 81/81 83/83 84/84
f 84/84 85/85 82/82
f 83/83 86/86 84/84
f 85/85 87/87 88/88
f 89/89 87/87 86/86
f 88/88 90/90 91/91
f 87/87 92/92 90/90
f 93/93 91/91 90/90
f 94/94 90/90 92/92
f 95/95 92/92 96/96
f 97/97 96/96 98/98
f 99/99 96/96 92/92
f 100/100 98/98 96/96
f 101/101 99/99 89/89
f 102/102 100/100 101/101
f 103/103 102/102 101/101
f 103/103 89/89 83/83
f 104/104 105/105 102/102
f 105/105 106/106 102/102
f 105/105 107/107 108/108
f 109/109 105/105 110/110
f 111/111 104/104 112/112
f 113/113 110/110 111/111
f 114/114 109/109 113/113
f 109/109 115/115 116/116
f 117/117 113/113 111/111
f 118/118 114/114 113/113
f 117/117 119/119 118/118
f 118/118 120/120 121/121
f 122/122 123/123 117/117
f 124/124 125/125 122/122
f 80/80 126/126 124/124
f 122/122 127/127 124/124
f 124/124 128/128 80/80
f 128/128 103/103 83/83
f 127/127 104/104 103/103
f 122/122 111/111 112/112
f 121/121 129/129 130/130
f 130/130 131/131 132/132
f 121/121 133/133 114/114
f 130/130 134/134 133/133
f 132/132 135/135 134/134
f 132/132 136/136 137/137
f 133/133 138/138 139/139
f 134/134 140/140 138/138
f 139/139 141/141 142/142
f 138/138 143/143 141/141
f 141/141 144/144 142/142
f 143/143 145/145 141/141
f 144/144 146/146 147/147
f 145/145 148/148 146/146
f 149/149 146/146 150/150
f 150/150 148/148 151/151
f 152/152 153/153 154/154
f 155/155 148/148 156/156
f 157/157 156/156 158/158
f 159/159 156/156 148/148
f 160/160 156/156 161/161
f 162/162 159/159 143/143
f 162/162 160/160 161/161
f 140/140 162/162 143/143
f 163/163 162/162 164/164
f 163/163 165/165 166/166
f 166/166 167/167 160/160
f 165/165 168/168 167/167
f 169/169 170/170 165/165
f 171/171 163/163 172/172
f 173/173 169/169 171/171
f 174/174 175/175 173/173
f 176/176 170/170 175/175
f 177/177 171/171 178/178
f 179/179 173/173 177/177
f 178/178 180/180 177/177
f 177/177 181/181 179/179
f 182/182 179/179 181/181
f 183/183 174/174 179/179
f 184/184 185/185 186/186
f 184/184 187/187 188/188
f 188/188 189/189 190/190
f 188/188 191/191 185/185
f 192/192 185/185 193/193
f 191/191 193/193 185/185
f 192/192 194/194 195/195
f 193/193 196/196 194/194
f 197/197 198/198 191/191
f 198/198 199/199 196/196
f 194/194 200/200 201/201
f 196/196 202/202 200/200
f 199/199 203/203 202/202
f 204/204 199/199 205/205
f 202/202 206/206 200/200
f 203/203 207/207 202/202
f 208/208 209/209 203/203
f 209/209 210/210 203/203
f 211/211 209/209 212/212
f 213/213 214/214 209/209
f 215/215 216/216 217/217
f 218/218 214/214 215/215
f 219/219 216/216 220/220
f 221/221 216/216 213/213
f 222/222 220/220 223/223
f 224/224 220/220 221/221
f 225/225 213/213 211/211
f 226/226 221/221 225/225
f 227/227 225/225 211/211
f 228/228 226/226 225/225
f 229/229 226/226 230/230
f 226/226 231/231 224/224
f 232/232 233/233 229/229
f 233/233 234/234 231/231
f 224/224 235/235 223/223
f 231/231 236/236 235/235
f 237/237 234/234 238/238
f 234/234 239/239 236/236
f 240/240 241/241 237/237
f 241/241 242/242 239/239
f 243/243 244/244 240/240
f 244/244 245/245 242/242
f 243/243 246/246 247/247
f 246/246 245/245 247/247
f 248/248 245/245 249/249
f 249/249 250/250 251/251
f 251/251 252/252 253/253
f 254/254 250/250 246/246
f 253/253 255/255 256/256
f 257/257 252/252 254/254
f 258/258 254/254 246/246
f 259/259 254/254 260/260
f 261/261 260/260 258/258
f 262/262 259/259 260/260
f 263/263 264/264 259/259
f 264/264 257/257 259/259
f 265/265 266/266 264/264
f 266/266 267/267 264/264
f 267/267 268/268 269/269
f 257/257 269/269 255/255
f 270/270 271/271 266/266
f 271/271 272/272 268/268
f 270/270 273/273 274/274
f 273/273 272/272 274/274
f 275/275 276/276 273/273
f 276/276 277/277 273/273
f 278/278 279/279 276/276
f 279/279 280/280 276/276
f 281/281 277/277 280/280
f 282/282 280/280 283/283
f 284/284 283/283 40/40
f 32/32 283/283 279/279
f 285/285 272/272 277/277
f 286/286 268/268 272/272
f 287/287 268/268 288/288
f 256/256 269/269 287/287
f 289/289 278/278 275/275
f 290/290 26/26 278/278
f 291/291 289/289 292/292
f 18/18 290/290 291/291
f 292/292 293/293 294/294
f 289/289 270/270 293/293
f 294/294 295/295 296/296
f 295/295 270/270 266/266
f 297/297 295/295 265/265
f 298/298 296/296 299/299
f 300/300 296/296 297/297
f 301/301 297/297 302/302
f 302/302 265/265 263/263
f 302/302 262/262 303/303
f 304/304 302/302 303/303
f 304/304 305/305 301/301
f 301/301 306/306 300/300
f 307/307 308/308 309/309
f 310/310 311/311 304/304
f 312/312 313/313 310/310
f 310/310 303/303 314/314
f 312/312 314/314 315/315
f 316/316 317/317 312/312
f 316/316 315/315 318/318
f 315/315 319/319 318/318
f 314/314 320/320 315/315
f 319/319 243/243 240/240
f 261/261 243/243 320/320
f 303/303 261/261 314/314
f 321/321 319/319 322/322
f 322/322 240/240 237/237
f 323/323 322/322 232/232
f 322/322 238/238 232/232
f 324/324 232/232 229/229
f 325/325 323/323 326/326
f 326/326 324/324 327/327
f 327/327 328/328 329/329
f 324/324 230/230 328/328
f 328/328 228/228 330/330
f 329/329 330/330 331/331
f 331/331 332/332 329/329
f 329/329 333/333 327/327
f 334/334 335/335 331/331
f 336/336 337/337 334/334
f 331/331 338/338 334/334
f 336/336 338/338 339/339
f 340/340 341/341 336/336
f 340/340 339/339 342/342
f 339/339 204/204 342/342
f 339/339 227/227 343/343
f 204/204 212/212 208/208
f 343/343 211/211 212/212
f 330/330 227/227 338/338
f 342/342 205/205 197/197
f 344/344 342/342 197/197
f 190/190 197/197 191/191
f 190/190 345/345 344/344
f 344/344 346/346 340/340
f 327/327 347/347 326/326
f 326/326 348/348 325/325
f 325/325 349/349 316/316
f 316/316 321/321 325/325
f 300/300 350/350 299/299
f 299/299 350/350 351/351
f 298/298 352/352 353/353
f 353/353 354/354 355/355
f 353/353 294/294 298/298
f 355/355 292/292 353/353
f 355/355 356/356 17/17
f 17/17 291/291 355/355
f 357/357 358/358 359/359
f 360/360 358/358 357/357
f 361/361 362/362 363/363
f 364/364 365/365 362/362
f 366/366 367/367 368/368
f 369/369 365/365 370/370
f 371/371 365/365 372/372
f 373/373 362/362 365/365
f 374/374 371/371 375/375
f 376/376 373/373 374/374
f 377/377 375/375 378/378
f 377/377 376/376 374/374
f 379/379 377/377 378/378
f 380/380 381/381 377/377
f 382/382 381/381 383/383
f 381/381 384/384 376/376
f 385/385 380/380 386/386
f 387/387 383/383 385/385
f 388/388 382/382 387/387
f 389/389 390/390 382/382
f 391/391 389/389 388/388
f 389/389 392/392 393/393
f 390/390 394/394 384/384
f 393/393 395/395 394/394
f 394/394 396/396 384/384
f 395/395 397/397 394/394
f 396/396 398/398 363/363
f 397/397 399/399 398/398
f 395/395 400/400 401/401
f 400/400 399/399 401/401
f 402/402 403/403 400/400
f 402/402 404/404 405/405
f 406/406 407/407 408/408
f 409/409 407/407 410/410
f 411/411 403/403 412/412
f 413/413 410/410 414/414
f 415/415 410/410 407/407
f 414/414 416/416 417/417
f 415/415 418/418 416/416
f 417/417 418/418 419/419
f 420/420 421/421 422/422
f 422/422 423/423 424/424
f 424/424 425/425 426/426
f 426/426 427/427 428/428
f 419/419 429/429 430/430
f 430/430 431/431 432/432
f 433/433 429/429 418/418
f 434/434 431/431 429/429
f 435/435 433/433 436/436
f 437/437 434/434 435/435
f 438/438 435/435 436/436
f 439/439 437/437 435/435
f 440/440 441/441 437/437
f 442/442 437/437 443/443
f 444/444 439/439 445/445
f 444/444 442/442 443/443
f 446/446 447/447 442/442
f 447/447 440/440 442/442
f 448/448 446/446 444/444
f 449/449 446/446 450/450
f 451/451 452/452 453/453
f 454/454 455/455 449/449
f 456/456 457/457 454/454
f 458/458 459/459 456/456
f 459/459 460/460 457/457
f 461/461 462/462 459/459
f 463/463 464/464 461/461
f 465/465 461/461 458/458
f 464/464 466/466 467/467
f 464/464 468/468 462/462
f 468/468 469/469 470/470
f 466/466 469/469 467/467
f 469/469 471/471 470/470
f 472/472 473/473 469/469
f 474/474 471/471 473/473
f 475/475 473/473 476/476
f 477/477 478/478 479/479
f 479/479 480/480 481/481
f 481/481 482/482 483/483
f 483/483 484/484 485/485
f 486/486 476/476 487/487
f 486/486 488/488 489/489
f 485/485 490/490 491/491
f 489/489 492/492 493/493
f 494/494 487/487 495/495
f 494/494 492/492 488/488
f 493/493 496/496 497/497
f 498/498 496/496 492/492
f 497/497 499/499 500/500
f 501/501 499/499 496/496
f 502/502 498/498 503/503
f 504/504 501/501 502/502
f 505/505 506/506 504/504
f 506/506 507/507 499/499
f 508/508 504/504 502/502
f 509/509 504/504 510/510
f 511/511 508/508 512/512
f 511/511 509/509 510/510
f 513/513 514/514 509/509
f 514/514 505/505 509/509
f 515/515 516/516 514/514
f 514/514 517/517 518/518
f 519/519 515/515 520/520
f 521/521 515/515 513/513
f 522/522 523/523 519/519
f 524/524 525/525 522/522
f 525/525 516/516 523/523
f 526/526 527/527 525/525
f 516/516 528/528 517/517
f 527/527 529/529 528/528
f 526/526 530/530 531/531
f 531/531 532/532 529/529
f 533/533 532/532 530/530
f 534/534 533/533 530/530
f 535/535 526/526 524/524
f 536/536 534/534 535/535
f 537/537 538/538 536/536
f 539/539 540/540 541/541
f 542/542 543/543 544/544
f 545/545 546/546 547/547
f 548/548 549/549 550/550
f 551/551 552/552 546/546
f 553/553 554/554 552/552
f 555/555 554/554 556/556
f 557/557 552/552 555/555
f 558/558 555/555 556/556
f 559/559 557/557 555/555
f 560/560 561/561 562/562
f 563/563 564/564 565/565
f 563/563 566/566 567/567
f 568/568 569/569 570/570
f 566/566 571/571 572/572
f 569/569 573/573 571/571
f 574/574 572/572 571/571
f 575/575 571/571 573/573
f 576/576 574/574 577/577
f 578/578 574/574 579/579
f 580/580 581/581 582/582
f 583/583 584/584 585/585
f 586/586 587/587 583/583
f 588/588 589/589 582/582
f 590/590 591/591 592/592
f 593/593 594/594 595/595
f 596/596 597/597 598/598
f 599/599 600/600 601/601
f 602/602 603/603 604/604
f 605/605 606/606 607/607
f 599/599 608/608 600/600
f 609/609 610/610 608/608
f 611/611 612/612 610/610
f 613/613 614/614 612/612
f 615/615 616/616 614/614
f 617/617 616/616 618/618
f 619/619 620/620 621/621
f 622/622 623/623 617/617
f 622/622 624/624 625/625
f 626/626 627/627 628/628
f 629/629 628/628 630/630
f 629/629 631/631 632/632
f 633/633 631/631 634/634
f 635/635 634/634 636/636
f 637/637 636/636 638/638
f 639/639 638/638 640/640
f 641/641 640/640 642/642
f 643/643 642/642 644/644
f 643/643 645/645 646/646
f 646/646 647/647 648/648
f 647/647 649/649 648/648
f 650/650 651/651 652/652
f 652/652 604/604 650/650
f 653/653 654/654 655/655
f 656/656 654/654 657/657
f 658/658 657/657 659/659
f 660/660 659/659 661/661
f 662/662 663/663 664/664
f 665/665 661/661 666/666
f 667/667 666/666 668/668
f 669/669 668/668 670/670
f 669/669 671/671 672/672
f 673/673 671/671 674/674
f 675/675 674/674 676/676
f 677/677 675/675 676/676
f 678/678 679/679 680/680
f 680/680 681/681 682/682
f 682/682 683/683 684/684
f 684/684 685/685 686/686
f 686/686 687/687 688/688
f 688/688 689/689 690/690
f 690/690 691/691 692/692
f 693/693 691/691 694/694
f 695/695 694/694 696/696
f 695/695 697/697 698/698
f 698/698 699/699 700/700
f 701/701 700/700 699/699
f 702/702 703/703 653/653
f 704/704 705/705 706/706
f 707/707 708/708 709/709
f 710/710 711/711 712/712
f 713/713 714/714 715/715
f 712/712 716/716 710/710
f 717/717 718/718 716/716
f 719/719 718/718 720/720
f 721/721 722/722 719/719
f 721/721 723/723 724/724
f 725/725 726/726 727/727
f 728/728 729/729 723/723
f 730/730 731/731 729/729
f 732/732 733/733 734/734
f 735/735 736/736 737/737
f 738/738 739/739 740/740
f 741/741 739/739 738/738
f 742/742 743/743 744/744
f 741/741 745/745 746/746
f 747/747 748/748 749/749
f 750/750 748/748 747/747
f 750/750 751/751 752/752
f 753/753 751/751 754/754
f 755/755 756/756 753/753
f 757/757 758/758 755/755
f 759/759 760/760 757/757
f 759/759 761/761 762/762
f 763/763 764/764 765/765
f 765/765 766/766 767/767
f 767/767 768/768 769/769
f 770/770 771/771 772/772
f 769/769 773/773 774/774
f 774/774 775/775 776/776
f 777/777 775/775 778/778
f 779/779 778/778 780/780
f 781/781 780/780 782/782
f 783/783 782/782 784/784
f 783/783 785/785 786/786
f 786/786 787/787 788/788
f 789/789 788/788 787/787
f 790/790 791/791 792/792
f 793/793 794/794 795/795
f 796/796 797/797 798/798
f 799/799 800/800 801/801
f 795/795 802/802 803/803
f 803/803 804/804 805/805
f 806/806 804/804 807/807
f 806/806 808/808 809/809
f 809/809 810/810 811/811
f 811/811 812/812 813/813
f 813/813 814/814 815/815
f 815/815 816/816 817/817
f 817/817 818/818 819/819
f 820/820 818/818 821/821
f 821/821 822/822 820/820
f 823/823 824/824 825/825
f 826/826 825/825 827/827
f 826/826 828/828 829/829
f 830/830 828/828 831/831
f 832/832 831/831 833/833
f 834/834 833/833 835/835
f 836/836 835/835 837/837
f 836/836 838/838 839/839
f 839/839 840/840 841/841
f 841/841 842/842 843/843
f 798/798 842/842 796/796
f 844/844 845/845 846/846
f 847/847 848/848 849/849
f 850/850 848/848 847/847
f 851/851 852/852 853/853
f 854/854 855/855 856/856
f 857/857 858/858 850/850
f 857/857 859/859 860/860
f 861/861 862/862 859/859
f 863/863 862/862 864/864
f 865/865 866/866 863/863
f 867/867 868/868 865/865
f 867/867 869/869 870/870
f 871/871 872/872 873/873
f 874/874 872/872 875/875
f 876/876 875/875 877/877
f 878/878 877/877 879/879
f 880/880 879/879 881/881
f 882/882 881/881 883/883
f 882/882 884/884 885/885
f 885/885 886/886 887/887
f 888/888 886/886 889/889
f 888/888 890/890 891/891
f 891/891 892/892 893/893
f 894/894 893/893 892/892
f 895/895 896/896 897/897
f 897/897 898/898 895/895
f 899/899 900/900 898/898
f 901/901 902/902 903/903
f 904/904 905/905 902/902
f 906/906 907/907 908/908
f 909/909 903/903 910/910
f 911/911 910/910 912/912
f 913/913 911/911 912/912
f 914/914 915/915 916/916
f 916/916 917/917 918/918
f 918/918 919/919 920/920
f 921/921 919/919 922/922
f 923/923 922/922 924/924
f 925/925 924/924 926/926
f 925/925 927/927 928/928
f 929/929 927/927 930/930
f 931/931 930/930 932/932
f 931/931 933/933 934/934
f 935/935 933/933 936/936
f 936/936 937/937 935/935
f 938/938 939/939 940/940
f 938/938 941/941 942/942
f 942/942 943/943 944/944
f 945/945 943/943 946/946
f 947/947 946/946 948/948
f 949/949 948/948 950/950
f 949/949 905/905 951/951
f 952/952 953/953 954/954
f 955/955 956/956 957/957
f 957/957 958/958 959/959
f 960/960 958/958 961/961
f 962/962 963/963 959/959
f 964/964 965/965 960/960
f 966/966 967/967 968/968
f 962/962 967/967 969/969
f 970/970 971/971 972/972
f 973/973 974/974 975/975
f 967/967 976/976 974/974
f 977/977 974/974 976/976
f 978/978 975/975 974/974
f 979/979 978/978 980/980
f 981/981 977/977 982/982
f 983/983 984/984 985/985
f 981/981 986/986 987/987
f 988/988 989/989 990/990
f 979/979 991/991 992/992
f 993/993 994/994 995/995
f 996/996 997/997 994/994
f 994/994 998/998 995/995
f 997/997 999/999 994/994
f 1000/1000 999/999 1001/1001
f 1002/1002 998/998 999/999
f 1003/1003 998/998 1004/1004
f 1005/1005 1004/1004 998/998
f 1006/1006 1007/1007 1004/1004
f 1008/1008 1009/1009 1007/1007
f 1010/1010 1007/1007 1009/1009
f 1011/1011 1004/1004 1007/1007
f 1012/1012 1011/1011 1010/1010
f 1013/1013 1003/1003 1011/1011
f 1014/1014 1015/1015 1016/1016
f 1017/1017 1018/1018 1019/1019
f 1020/1020 1010/1010 1021/1021
f 1022/1022 1023/1023 1024/1024
f 1025/1025 1026/1026 1027/1027
f 1022/1022 1028/1028 1029/1029
f 1030/1030 1031/1031 1032/1032
f 1025/1025 1033/1033 1034/1034
f 1035/1035 1021/1021 1036/1036
f 1037/1037 1036/1036 1038/1038
f 1030/1030 1039/1039 1040/1040
f 1041/1041 1038/1038 1042/1042
f 1038/1038 1043/1043 1042/1042
f 1036/1036 1044/1044 1038/1038
f 1045/1045 1044/1044 1046/1046
f 1046/1046 1047/1047 1048/1048
f 1048/1048 1049/1049 1050/1050
f 1051/1051 1049/1049 1009/1009
f 1021/1021 1047/1047 1036/1036
f 1021/1021 1009/1009 1049/1049
f 1052/1052 1043/1043 1045/1045
f 1053/1053 1054/1054 1052/1052
f 1055/1055 1056/1056 1053/1053
f 1057/1057 1058/1058 1059/1059
f 1060/1060 1061/1061 1056/1056
f 1062/1062 1058/1058 1063/1063
f 1064/1064 1065/1065 1058/1058
f 1063/1063 1065/1065 1066/1066
f 1067/1067 1063/1063 1066/1066
f 1068/1068 1062/1062 1063/1063
f 1069/1069 1066/1066 1070/1070
f 1070/1070 1065/1065 1071/1071
f 1072/1072 1073/1073 1074/1074
f 1075/1075 1076/1076 1077/1077
f 1072/1072 1078/1078 1079/1079
f 1080/1080 1081/1081 1082/1082
f 1078/1078 1083/1083 1084/1084
f 1085/1085 1084/1084 1086/1086
f 1087/1087 1088/1088 1089/1089
f 1088/1088 1086/1086 1090/1090
f 1091/1091 1092/1092 1093/1093
f 1094/1094 1091/1091 1093/1093
f 1095/1095 1092/1092 1096/1096
f 1097/1097 1095/1095 1098/1098
f 1097/1097 1099/1099 1094/1094
f 1100/1100 1101/1101 1097/1097
f 1102/1102 1061/1061 1103/1103
f 1104/1104 1105/1105 1061/1061
f 1106/1106 1042/1042 1105/1105
f 1107/1107 1108/1108 1100/1100
f 1042/1042 1054/1054 1105/1105
f 1105/1105 1056/1056 1061/1061
f 1109/1109 1110/1110 1111/1111
f 1107/1107 1112/1112 1113/1113
f 1100/1100 1114/1114 1115/1115
f 1112/1112 1116/1116 1117/1117
f 1114/1114 1096/1096 1116/1116
f 1118/1118 1116/1116 1096/1096
f 1119/1119 1117/1117 1116/1116
f 1120/1120 1096/1096 1092/1092
f 1121/1121 1118/1118 1122/1122
f 1123/1123 1119/1119 1124/1124
f 1125/1125 1126/1126 1127/1127
f 1128/1128 1129/1129 1130/1130
f 1131/1131 1132/1132 1133/1133
f 1130/1130 1133/1133 1134/1134
f 1135/1135 1136/1136 1137/1137
f 1130/1130 1134/1134 1138/1138
f 1139/1139 1140/1140 1141/1141
f 1142/1142 1141/1141 1143/1143
f 1144/1144 1143/1143 1145/1145
f 1146/1146 1145/1145 1147/1147
f 1148/1148 1147/1147 1149/1149
f 1150/1150 1149/1149 1151/1151
f 1150/1150 1152/1152 1153/1153
f 1153/1153 1154/1154 1155/1155
f 1154/1154 1156/1156 1155/1155
f 1157/1157 1158/1158 1159/1159
f 1159/1159 1160/1160 1157/1157
f 1161/1161 1160/1160 1162/1162
f 1163/1163 1164/1164 1165/1165
f 1163/1163 1166/1166 1164/1164
f 1167/1167 1168/1168 1169/1169
f 1170/1170 1171/1171 1166/1166
f 1172/1172 1173/1173 1171/1171
f 1174/1174 1175/1175 1173/1173
f 1176/1176 1175/1175 1177/1177
f 1176/1176 1178/1178 1179/1179
f 1180/1180 1178/1178 1181/1181
f 1180/1180 1182/1182 1183/1183
f 1184/1184 1185/1185 1186/1186
f 1187/1187 1186/1186 1188/1188
f 1189/1189 1188/1188 1140/1140
f 1190/1190 1191/1191 1192/1192
f 1193/1193 1194/1194 1195/1195
f 1196/1196 1197/1197 1194/1194
f 1198/1198 1199/1199 1200/1200
f 1201/1201 1193/1193 1195/1195
f 1202/1202 1203/1203 1204/1204
f 1204/1204 1205/1205 1206/1206
f 1206/1206 1207/1207 1208/1208
f 1208/1208 1209/1209 1210/1210
f 1211/1211 1209/1209 1212/1212
f 1213/1213 1212/1212 1214/1214
f 1215/1215 1214/1214 1216/1216
f 1217/1217 1216/1216 1218/1218
f 1217/1217 1219/1219 1220/1220
f 1221/1221 1219/1219 1222/1222
f 1223/1223 1222/1222 1224/1224
f 1225/1225 1223/1223 1224/1224
f 1226/1226 1227/1227 1228/1228
f 1228/1228 1229/1229 1230/1230
f 1230/1230 1231/1231 1232/1232
f 1232/1232 1233/1233 1234/1234
f 1235/1235 1233/1233 1236/1236
f 1237/1237 1236/1236 1238/1238
f 1239/1239 1238/1238 1240/1240
f 1241/1241 1240/1240 1242/1242
f 1241/1241 1197/1197 1243/1243
f 1244/1244 1245/1245 1246/1246
f 1247/1247 1248/1248 1249/1249
f 1250/1250 1249/1249 1251/1251
f 1251/1251 1252/1252 1250/1250
f 1253/1253 1254/1254 1255/1255
f 1256/1256 1255/1255 1254/1254
f 1257/1257 1258/1258 1256/1256
f 1259/1259 1260/1260 1261/1261
f 1257/1257 1262/1262 1263/1263
f 1264/1264 1265/1265 1262/1262
f 1266/1266 1265/1265 1267/1267
f 1268/1268 1269/1269 1270/1270
f 1266/1266 1271/1271 1272/1272
f 1273/1273 1274/1274 1271/1271
f 1275/1275 1274/1274 1276/1276
f 1277/1277 1278/1278 1279/1279
f 1280/1280 1278/1278 1277/1277
f 1281/1281 1282/1282 1280/1280
f 1283/1283 1284/1284 1285/1285
f 1285/1285 1286/1286 1287/1287
f 1287/1287 1288/1288 1289/1289
f 1290/1290 1288/1288 1291/1291
f 1292/1292 1291/1291 1293/1293
f 1294/1294 1293/1293 1295/1295
f 1294/1294 1296/1296 1297/1297
f 1297/1297 1298/1298 1299/1299
f 1300/1300 1298/1298 1248/1248
f 1301/1301 1302/1302 1303/1303
f 1301/1301 1304/1304 1305/1305
f 1306/1306 1307/1307 1308/1308
f 1303/1303 1309/1309 1310/1310
f 1310/1310 1311/1311 1312/1312
f 1312/1312 1313/1313 1314/1314
f 1315/1315 1313/1313 1316/1316
f 1316/1316 1317/1317 1315/1315
f 1318/1318 1319/1319 1320/1320
f 1321/1321 1320/1320 1322/1322
f 1321/1321 1323/1323 1324/1324
f 1325/1325 1323/1323 1326/1326
f 1327/1327 1326/1326 1328/1328
f 1329/1329 1328/1328 1330/1330
f 1331/1331 1330/1330 1332/1332
f 1333/1333 1332/1332 1334/1334
f 1335/1335 1334/1334 1336/1336
f 1335/1335 1337/1337 1338/1338
f 1339/1339 1337/1337 1340/1340
f 1340/1340 1341/1341 1339/1339
f 1342/1342 1343/1343 1344/1344
f 1345/1345 1344/1344 1346/1346
f 1345/1345 1347/1347 1348/1348
f 1349/1349 1347/1347 1350/1350
f 1351/1351 1350/1350 1304/1304
f 1352/1352 1353/1353 1354/1354
f 1355/1355 1356/1356 1357/1357
f 1358/1358 1359/1359 1360/1360
f 1358/1358 1361/1361 1362/1362
f 1360/1360 1363/1363 1364/1364
f 1365/1365 1366/1366 1367/1367
f 1368/1368 1369/1369 1370/1370
f 1371/1371 1372/1372 1373/1373
f 1372/1372 1083/1083 1374/1374
f 1375/1375 1374/1374 1376/1376
f 1377/1377 1376/1376 1374/1374
f 1081/1081 1374/1374 1083/1083
f 1369/1369 1084/1084 1083/1083
f 1378/1378 1377/1377 1379/1379
f 1380/1380 1381/1381 1382/1382
f 1080/1080 1383/1383 1384/1384
f 1378/1378 1385/1385 1386/1386
f 1387/1387 1070/1070 1388/1388
f 1389/1389 1388/1388 1390/1390
f 1070/1070 1391/1391 1388/1388
f 1390/1390 1391/1391 1392/1392
f 1393/1393 1390/1390 1394/1394
f 1390/1390 1395/1395 1394/1394
f 1396/1396 1395/1395 1392/1392
f 1397/1397 1392/1392 1391/1391
f 1398/1398 1395/1395 1399/1399
f 1400/1400 1395/1395 1401/1401
f 1402/1402 1401/1401 1398/1398
f 1403/1403 1401/1401 1404/1404
f 1405/1405 1404/1404 1402/1402
f 1406/1406 1407/1407 1405/1405
f 1408/1408 1407/1407 1409/1409
f 1403/1403 1407/1407 1410/1410
f 1411/1411 1410/1410 1408/1408
f 1412/1412 1403/1403 1410/1410
f 1413/1413 1414/1414 1415/1415
f 1416/1416 1417/1417 1418/1418
f 1419/1419 1400/1400 1403/1403
f 1420/1420 1421/1421 1422/1422
f 1413/1413 1423/1423 1424/1424
f 1416/1416 1425/1425 1426/1426
f 1420/1420 1427/1427 1428/1428
f 1429/1429 1430/1430 1431/1431
f 1432/1432 1394/1394 1400/1400
f 1380/1380 1433/1433 1434/1434
f 1427/1427 1435/1435 1436/1436
f 1425/1425 1437/1437 1435/1435
f 1438/1438 1436/1436 1435/1435
f 1439/1439 1435/1435 1437/1437
f 1423/1423 1440/1440 1437/1437
f 1441/1441 1437/1437 1440/1440
f 1442/1442 1439/1439 1443/1443
f 1444/1444 1438/1438 1445/1445
f 1446/1446 1447/1447 1448/1448
f 1449/1449 1450/1450 1451/1451
f 1449/1449 1452/1452 1453/1453
f 1446/1446 1453/1453 1454/1454
f 1446/1446 1356/1356 1355/1355
f 1455/1455 1456/1456 1452/1452
f 1457/1457 1458/1458 1459/1459
f 1455/1455 1460/1460 1461/1461
f 1462/1462 1463/1463 1464/1464
f 1457/1457 1465/1465 1466/1466
f 1467/1467 1458/1458 1457/1457
f 1468/1468 1469/1469 1470/1470
f 1471/1471 1472/1472 1473/1473
f 1474/1474 1475/1475 1476/1476
f 1475/1475 1477/1477 1478/1478
f 1479/1479 1478/1478 1480/1480
f 1481/1481 1478/1478 1477/1477
f 1482/1482 1480/1480 1478/1478
f 1483/1483 1482/1482 1484/1484
f 1485/1485 1481/1481 1486/1486
f 1487/1487 1477/1477 1488/1488
f 1489/1489 1487/1487 1490/1490
f 1491/1491 1492/1492 1493/1493
f 1485/1485 1494/1494 1495/1495
f 1496/1496 1497/1497 1498/1498
f 1499/1499 1500/1500 1496/1496
f 1500/1500 1501/1501 1497/1497
f 1502/1502 1503/1503 1500/1500
f 1504/1504 1501/1501 1503/1503
f 1505/1505 1503/1503 1506/1506
f 1507/1507 1506/1506 1508/1508
f 1502/1502 1508/1508 1506/1506
f 1509/1509 1510/1510 1508/1508
f 1507/1507 1510/1510 1511/1511
f 1511/1511 1409/1409 1406/1406
f 1512/1512 1409/1409 1510/1510
f 1513/1513 1512/1512 1509/1509
f 1514/1514 1408/1408 1512/1512
f 1515/1515 1516/1516 1517/1517
f 1518/1518 1519/1519 1520/1520
f 1518/1518 1521/1521 1522/1522
f 1491/1491 1523/1523 1524/1524
f 1521/1521 1525/1525 1526/1526
f 1527/1527 1526/1526 1528/1528
f 1515/1515 1527/1527 1529/1529
f 1530/1530 1528/1528 1440/1440
f 1531/1531 1528/1528 1526/1526
f 1532/1532 1440/1440 1528/1528
f 1533/1533 1532/1532 1534/1534
f 1535/1535 1441/1441 1536/1536
f 1537/1537 1531/1531 1538/1538
f 1539/1539 1526/1526 1525/1525
f 1463/1463 1539/1539 1540/1540
f 1469/1469 1525/1525 1488/1488
f 1472/1472 1488/1488 1477/1477
f 1523/1523 1488/1488 1525/1525
f 1541/1541 1530/1530 1542/1542
f 1541/1541 1543/1543 1516/1516
f 1544/1544 1509/1509 1502/1502
f 1545/1545 1546/1546 1501/1501
f 1497/1497 1546/1546 1547/1547
f 1548/1548 1549/1549 1546/1546
f 1550/1550 1551/1551 1549/1549
f 1552/1552 1549/1549 1551/1551
f 1547/1547 1549/1549 1553/1553
f 1554/1554 1553/1553 1552/1552
f 1555/1555 1547/1547 1553/1553
f 1556/1556 1557/1557 1558/1558
f 1559/1559 1560/1560 1557/1557
f 1561/1561 1552/1552 1562/1562
f 1563/1563 1558/1558 1564/1564
f 1556/1556 1565/1565 1566/1566
f 1563/1563 1567/1567 1568/1568
f 1565/1565 1569/1569 1570/1570
f 1571/1571 1570/1570 1480/1480
f 1559/1559 1571/1571 1572/1572
f 1573/1573 1480/1480 1570/1570
f 1574/1574 1570/1570 1569/1569
f 1567/1567 1575/1575 1569/1569
f 1576/1576 1569/1569 1575/1575
f 1577/1577 1578/1578 1575/1575
f 1579/1579 1575/1575 1578/1578
f 1580/1580 1576/1576 1581/1581
f 1582/1582 1574/1574 1583/1583
f 1584/1584 1585/1585 1586/1586
f 1587/1587 1573/1573 1588/1588
f 1467/1467 1589/1589 1590/1590
f 1584/1584 1591/1591 1592/1592
f 1584/1584 1592/1592 1593/1593
f 1594/1594 1595/1595 1596/1596
f 1597/1597 1598/1598 1599/1599
f 1597/1597 1600/1600 1598/1598
f 1601/1601 1602/1602 1600/1600
f 1603/1603 1604/1604 1605/1605
f 1606/1606 1602/1602 1607/1607
f 1608/1608 1609/1609 1606/1606
f 1608/1608 1610/1610 1611/1611
f 1612/1612 1610/1610 1613/1613
f 1614/1614 1615/1615 1612/1612
f 1616/1616 1617/1617 1614/1614
f 1618/1618 1619/1619 1620/1620
f 1621/1621 1620/1620 1622/1622
f 1623/1623 1622/1622 1624/1624
f 1625/1625 1624/1624 1626/1626
f 1627/1627 1628/1628 1629/1629
f 1630/1630 1631/1631 1632/1632
f 1633/1633 1634/1634 1635/1635
f 1636/1636 1637/1637 1638/1638
f 1637/1637 1639/1639 1638/1638
f 1640/1640 1641/1641 1642/1642
f 1643/1643 1642/1642 1641/1641
f 1644/1644 1645/1645 1646/1646
f 1647/1647 1648/1648 1643/1643
f 1647/1647 1649/1649 1650/1650
f 1651/1651 1652/1652 1649/1649
f 1653/1653 1654/1654 1652/1652
f 1655/1655 1656/1656 1654/1654
f 1657/1657 1658/1658 1656/1656
f 1659/1659 1660/1660 1658/1658
f 1661/1661 1662/1662 1663/1663
f 1664/1664 1665/1665 1666/1666
f 1664/1664 1667/1667 1665/1665
f 1668/1668 1669/1669 1670/1670
f 1671/1671 1667/1667 1672/1672
f 1673/1673 1674/1674 1671/1671
f 1675/1675 1676/1676 1677/1677
f 1678/1678 1679/1679 1673/1673
f 1678/1678 1680/1680 1681/1681
f 1682/1682 1680/1680 1683/1683
f 1684/1684 1685/1685 1682/1682
f 1686/1686 1687/1687 1688/1688
f 1689/1689 1687/1687 1690/1690
f 1691/1691 1692/1692 1693/1693
f 1694/1694 1695/1695 1696/1696
f 1697/1697 1698/1698 1699/1699
f 1691/1691 1700/1700 1692/1692
f 1701/1701 1702/1702 1700/1700
f 1703/1703 1704/1704 1702/1702
f 1705/1705 1706/1706 1704/1704
f 1707/1707 1708/1708 1706/1706
f 1709/1709 1708/1708 1710/1710
f 1711/1711 1712/1712 1709/1709
f 1711/1711 1713/1713 1714/1714
f 1715/1715 1716/1716 1717/1717
f 1718/1718 1719/1719 1720/1720
f 1717/1717 1721/1721 1722/1722
f 1722/1722 1723/1723 1724/1724
f 1725/1725 1723/1723 1726/1726
f 1727/1727 1726/1726 1728/1728
f 1729/1729 1728/1728 1730/1730
f 1731/1731 1730/1730 1732/1732
f 1733/1733 1732/1732 1734/1734
f 1735/1735 1734/1734 1736/1736
f 1735/1735 1737/1737 1738/1738
f 1739/1739 1737/1737 1740/1740
f 1740/1740 1741/1741 1739/1739
f 1742/1742 1743/1743 1744/1744
f 1744/1744 1695/1695 1742/1742
f 1745/1745 1746/1746 1747/1747
f 1748/1748 1749/1749 1745/1745
f 1750/1750 1751/1751 1752/1752
f 1753/1753 1746/1746 1754/1754
f 1755/1755 1754/1754 1756/1756
f 1757/1757 1756/1756 1758/1758
f 1757/1757 1759/1759 1760/1760
f 1761/1761 1759/1759 1762/1762
f 1763/1763 1762/1762 1764/1764
f 1763/1763 1765/1765 1766/1766
f 1767/1767 1765/1765 1768/1768
f 1768/1768 1769/1769 1767/1767
f 1770/1770 1771/1771 1772/1772
f 1773/1773 1772/1772 1774/1774
f 1775/1775 1774/1774 1776/1776
f 1777/1777 1776/1776 1778/1778
f 1779/1779 1778/1778 1780/1780
f 1781/1781 1780/1780 1782/1782
f 1783/1783 1782/1782 1784/1784
f 1785/1785 1784/1784 1786/1786
f 1787/1787 1786/1786 1788/1788
f 1789/1789 1788/1788 1790/1790
f 1791/1791 1790/1790 1792/1792
f 1793/1793 1791/1791 1792/1792
f 1794/1794 1795/1795 1748/1748
f 1796/1796 1690/1690 1797/1797
f 1796/1796 1798/1798 1799/1799
f 1799/1799 1800/1800 1801/1801
f 1801/1801 1802/1802 1803/1803
f 1804/1804 1802/1802 1805/1805
f 1804/1804 1806/1806 1807/1807
f 1807/1807 1808/1808 1809/1809
f 1809/1809 1810/1810 1811/1811
f 1812/1812 1810/1810 1813/1813
f 1813/1813 1814/1814 1812/1812
f 1815/1815 1816/1816 1817/1817
f 1817/1817 1818/1818 1815/1815
f 1819/1819 1820/1820 1818/1818
f 1821/1821 1822/1822 1820/1820
f 1823/1823 1824/1824 1825/1825
f 1826/1826 1827/1827 1824/1824
f 1828/1828 1829/1829 1830/1830
f 1831/1831 1825/1825 1832/1832
f 1833/1833 1832/1832 1834/1834
f 1835/1835 1834/1834 1836/1836
f 1837/1837 1836/1836 1838/1838
f 1837/1837 1839/1839 1840/1840
f 1841/1841 1839/1839 1842/1842
f 1842/1842 1843/1843 1841/1841
f 1844/1844 1845/1845 1846/1846
f 1847/1847 1846/1846 1848/1848
f 1849/1849 1848/1848 1850/1850
f 1851/1851 1850/1850 1852/1852
f 1853/1853 1852/1852 1854/1854
f 1853/1853 1855/1855 1856/1856
f 1856/1856 1857/1857 1858/1858
f 1858/1858 1859/1859 1860/1860
f 1860/1860 1861/1861 1862/1862
f 1863/1863 1861/1861 1864/1864
f 1865/1865 1864/1864 1866/1866
f 1867/1867 1865/1865 1866/1866
f 1868/1868 1869/1869 1870/1870
f 1871/1871 1870/1870 1872/1872
f 1871/1871 1827/1827 1873/1873
f 1661/1661 1874/1874 1662/1662
f 1875/1875 1874/1874 1876/1876
f 1877/1877 1878/1878 1879/1879
f 1880/1880 1881/1881 1882/1882
f 1882/1882 1883/1883 1884/1884
f 1884/1884 1885/1885 1886/1886
f 1887/1887 1885/1885 1888/1888
f 1889/1889 1888/1888 1890/1890
f 1889/1889 1891/1891 1892/1892
f 1893/1893 1891/1891 1894/1894
f 1893/1893 1895/1895 1896/1896
f 1896/1896 1634/1634 1897/1897
f 1898/1898 1899/1899 1900/1900
f 1901/1901 1902/1902 1903/1903
f 1904/1904 1905/1905 1906/1906
f 1907/1907 1900/1900 1908/1908
f 1907/1907 1909/1909 1910/1910
f 1911/1911 1909/1909 1912/1912
f 1913/1913 1912/1912 1914/1914
f 1915/1915 1914/1914 1916/1916
f 1915/1915 1917/1917 1918/1918
f 1919/1919 1917/1917 1920/1920
f 1921/1921 1920/1920 1922/1922
f 1921/1921 1923/1923 1924/1924
f 1925/1925 1923/1923 1926/1926
f 1926/1926 1927/1927 1925/1925
f 1928/1928 1929/1929 1930/1930
f 1931/1931 1930/1930 1932/1932
f 1931/1931 1933/1933 1934/1934
f 1935/1935 1933/1933 1936/1936
f 1937/1937 1936/1936 1938/1938
f 1939/1939 1938/1938 1940/1940
f 1941/1941 1940/1940 1942/1942
f 1941/1941 1943/1943 1944/1944
f 1944/1944 1945/1945 1946/1946
f 1946/1946 1947/1947 1948/1948
f 1903/1903 1947/1947 1901/1901
f 1632/1632 1949/1949 1950/1950
f 1951/1951 1949/1949 1952/1952
f 1953/1953 1952/1952 1954/1954
f 1955/1955 1956/1956 1957/1957
f 1957/1957 1958/1958 1959/1959
f 1959/1959 1960/1960 1961/1961
f 1960/1960 1962/1962 1961/1961
f 1963/1963 1964/1964 1965/1965
f 1964/1964 1966/1966 1965/1965
f 1967/1967 1968/1968 1966/1966
f 1969/1969 1970/1970 1971/1971
f 1969/1969 1972/1972 1970/1970
f 1973/1973 1974/1974 1972/1972
f 1975/1975 1976/1976 1977/1977
f 1978/1978 1979/1979 1980/1980
f 1981/1981 1980/1980 1982/1982
f 1981/1981 1983/1983 1984/1984
f 1985/1985 1983/1983 1986/1986
f 1987/1987 1986/1986 1988/1988
f 1989/1989 1988/1988 1990/1990
f 1991/1991 1990/1990 1992/1992
f 1993/1993 1992/1992 1994/1994
f 1995/1995 1996/1996 1997/1997
f 1998/1998 1994/1994 1999/1999
f 2000/2000 1999/1999 2001/2001
f 2002/2002 2001/2001 2003/2003
f 2003/2003 2004/2004 2002/2002
f 2005/2005 2006/2006 2007/2007
f 2008/2008 2007/2007 2006/2006
f 2009/2009 2010/2010 2008/2008
f 2011/2011 2012/2012 2009/2009
f 2011/2011 2013/2013 2014/2014
f 2015/2015 2016/2016 2013/2013
f 2017/2017 2018/2018 2016/2016
f 2019/2019 2018/2018 2020/2020
f 2021/2021 2022/2022 2019/2019
f 2023/2023 2024/2024 2025/2025
f 2026/2026 2024/2024 2027/2027
f 2027/2027 2028/2028 2026/2026
f 2029/2029 2030/2030 2031/2031
f 2031/2031 2032/2032 2033/2033
f 2034/2034 2035/2035 2036/2036
f 2033/2033 2037/2037 2038/2038
f 2038/2038 2039/2039 2040/2040
f 2041/2041 2039/2039 2042/2042
f 2043/2043 2042/2042 2044/2044
f 2045/2045 2044/2044 2046/2046
f 2047/2047 2046/2046 2048/2048
f 2047/2047 2049/2049 2050/2050
f 2051/2051 2049/2049 2052/2052
f 2053/2053 2052/2052 2054/2054
f 2055/2055 2053/2053 2054/2054
f 2056/2056 2057/2057 2058/2058
f 2058/2058 2059/2059 2060/2060
f 2060/2060 2061/2061 2062/2062
f 2063/2063 2061/2061 2064/2064
f 2065/2065 2064/2064 2066/2066
f 2067/2067 2066/2066 2068/2068
f 2067/2067 2069/2069 2070/2070
f 2071/2071 2069/2069 2072/2072
f 2023/2023 2072/2072 2073/2073
f 2074/2074 2075/2075 2076/2076
f 2077/2077 2076/2076 2078/2078
f 2079/2079 2080/2080 2081/2081
f 2077/2077 2082/2082 2083/2083
f 2084/2084 2082/2082 2085/2085
f 2085/2085 2086/2086 2084/2084
f 2087/2087 2088/2088 2089/2089
f 2090/2090 2089/2089 2091/2091
f 2090/2090 2092/2092 2093/2093
f 2094/2094 2092/2092 2095/2095
f 2096/2096 2095/2095 2097/2097
f 2098/2098 2097/2097 2099/2099
f 2100/2100 2099/2099 2101/2101
f 2102/2102 2101/2101 2103/2103
f 2102/2102 2104/2104 2105/2105
f 2106/2106 2104/2104 2107/2107
f 2108/2108 2107/2107 2109/2109
f 2110/2110 2108/2108 2109/2109
f 2111/2111 2112/2112 2113/2113
f 2114/2114 2113/2113 2115/2115
f 2114/2114 2116/2116 2117/2117
f 2118/2118 2116/2116 2119/2119
f 2120/2120 2119/2119 2121/2121
f 2122/2122 2121/2121 2123/2123
f 2124/2124 2123/2123 2075/2075
f 2125/2125 2126/2126 1591/1591
f 2127/2127 2128/2128 2126/2126
f 2125/2125 2129/2129 2130/2130
f 2131/2131 2132/2132 2133/2133
f 2134/2134 2135/2135 2136/2136
f 2136/2136 2137/2137 2138/2138
f 2139/2139 2138/2138 2137/2137
f 2139/2139 2140/2140 2141/2141
f 2137/2137 2142/2142 2140/2140
f 2143/2143 2142/2142 2144/2144
f 2145/2145 2140/2140 2143/2143
f 2146/2146 567/567 572/572
f 2147/2147 2148/2148 572/572
f 560/560 2149/2149 2150/2150
f 2151/2151 2145/2145 2143/2143
f 2151/2151 2152/2152 2153/2153
f 2150/2150 2154/2154 2155/2155
f 2156/2156 557/557 2157/2157
f 2158/2158 2159/2159 2160/2160
f 2161/2161 2159/2159 549/549
f 2162/2162 546/546 557/557
f 2163/2163 2164/2164 2159/2159
f 2164/2164 549/549 2159/2159
f 550/550 2165/2165 2166/2166
f 2166/2166 2167/2167 2168/2168
f 2164/2164 2167/2167 2165/2165
f 2168/2168 2169/2169 2170/2170
f 2171/2171 2169/2169 2167/2167
f 2172/2172 2171/2171 2164/2164
f 2173/2173 2174/2174 2171/2171
f 2175/2175 1562/1562 2174/2174
f 2174/2174 2176/2176 2169/2169
f 1563/1563 2177/2177 2178/2178
f 2178/2178 2179/2179 2180/2180
f 2178/2178 1577/1577 2181/2181
f 2180/2180 2182/2182 2183/2183
f 2182/2182 2142/2142 1578/1578
f 2180/2180 2144/2144 2182/2182
f 2184/2184 2143/2143 2144/2144
f 2180/2180 2185/2185 2184/2184
f 2184/2184 2186/2186 2151/2151
f 1562/1562 1551/1551 2176/2176
f 2187/2187 1551/1551 2188/2188
f 2170/2170 2176/2176 2187/2187
f 2189/2189 1578/1578 2142/2142
f 2132/2132 2147/2147 2190/2190
f 2191/2191 1579/1579 2192/2192
f 2193/2193 1479/1479 2194/2194
f 2195/2195 1497/1497 1547/1547
f 1483/1483 1495/1495 1560/1560
f 1355/1355 2196/2196 2197/2197
f 2198/2198 2199/2199 2200/2200
f 2201/2201 2202/2202 2203/2203
f 2202/2202 2204/2204 1436/1436
f 2199/2199 1376/1376 2204/2204
f 1381/1381 2204/2204 1376/1376
f 2205/2205 1436/1436 2204/2204
f 1429/1429 2205/2205 2206/2206
f 2207/2207 1375/1375 2208/2208
f 2209/2209 1391/1391 1071/1071
f 2210/2210 1071/1071 1065/1065
f 1366/1366 1086/1086 1084/1084
f 1126/1126 2211/2211 2212/2212
f 2211/2211 1086/1086 2212/2212
f 2213/2213 1092/1092 2214/2214
f 2215/2215 1363/1363 2216/2216
f 2217/2217 2218/2218 952/952
f 2219/2219 2220/2220 2221/2221
f 2222/2222 2223/2223 2224/2224
f 2225/2225 2223/2223 2226/2226
f 2223/2223 2227/2227 2228/2228
f 2229/2229 2228/2228 2230/2230
f 1031/1031 2230/2230 2228/2228
f 1026/1026 2228/2228 2227/2227
f 1028/1028 2227/2227 2231/2231
f 2232/2232 2231/2231 2227/2227
f 2233/2233 2231/2231 2234/2234
f 2235/2235 2234/2234 2231/2231
f 2236/2236 2237/2237 2234/2234
f 2238/2238 2234/2234 2237/2237
f 1017/1017 2233/2233 2239/2239
f 1014/1014 2238/2238 2240/2240
f 989/989 2237/2237 975/975
f 988/988 2241/2241 2242/2242
f 971/971 975/975 2237/2237
f 2243/2243 971/971 2244/2244
f 2245/2245 2246/2246 957/957
f 2247/2247 2235/2235 2248/2248
f 2249/2249 2250/2250 955/955
f 2251/2251 2235/2235 2252/2252
f 1109/1109 2253/2253 2254/2254
f 2253/2253 1117/1117 2230/2230
f 2220/2220 2230/2230 1117/1117
f 2255/2255 2220/2220 2256/2256
f 1075/1075 2257/2257 1076/1076
f 2258/2258 2259/2259 2260/2260
f 2261/2261 2262/2262 2263/2263
f 2260/2260 2264/2264 391/391
f 2264/2264 2265/2265 392/392
f 2266/2266 2259/2259 2267/2267
f 405/405 2265/2265 2266/2266
f 2265/2265 395/395 392/392
f 2268/2268 2262/2262 2269/2269
f 2268/2268 2270/2270 406/406
f 2271/2271 2269/2269 2262/2262
f 2269/2269 2272/2272 2270/2270
f 2270/2270 415/415 407/407
f 2273/2273 436/436 2272/2272
f 436/436 415/415 2272/2272
f 2271/2271 438/438 2273/2273
f 2274/2274 2271/2271 2262/2262
f 2275/2275 2276/2276 2271/2271
f 2277/2277 445/445 2276/2276
f 2278/2278 444/444 445/445
f 445/445 438/438 2276/2276
f 2279/2279 995/995 1003/1003
f 1000/1000 2280/2280 2281/2281
f 2281/2281 2282/2282 2283/2283
f 2283/2283 2284/2284 2285/2285
f 2285/2285 2286/2286 2287/2287
f 2287/2287 2288/2288 2289/2289
f 2289/2289 2290/2290 2291/2291
f 2292/2292 2290/2290 2293/2293
f 2294/2294 2290/2290 2295/2295
f 2295/2295 2288/2288 2296/2296
f 2297/2297 2293/2293 2294/2294
f 2298/2298 2293/2293 2299/2299
f 556/556 2299/2299 2297/2297
f 2300/2300 2299/2299 554/554
f 2301/2301 2297/2297 2294/2294
f 2302/2302 556/556 2297/2297
f 568/568 2303/2303 2304/2304
f 2305/2305 2306/2306 2307/2307
f 2305/2305 2308/2308 2309/2309
f 2310/2310 2311/2311 2312/2312
f 2308/2308 2313/2313 573/573
f 2311/2311 2314/2314 2313/2313
f 2315/2315 573/573 2313/2313
f 2316/2316 2313/2313 2314/2314
f 2317/2317 2315/2315 2318/2318
f 2319/2319 2315/2315 2320/2320
f 2321/2321 2322/2322 588/588
f 2323/2323 2324/2324 2325/2325
f 2326/2326 2327/2327 2328/2328
f 2328/2328 2329/2329 2330/2330
f 2328/2328 2331/2331 588/588
f 960/960 961/961 2332/2332
f 2333/2333 2334/2334 2335/2335
f 2336/2336 2337/2337 2338/2338
f 2339/2339 2324/2324 2340/2340
f 2341/2341 2342/2342 2343/2343
f 2324/2324 2314/2314 2342/2342
f 2344/2344 2342/2342 2314/2314
f 2345/2345 2343/2343 2342/2342
f 2346/2346 2345/2345 2347/2347
f 2348/2348 2344/2344 2349/2349
f 2310/2310 2350/2350 2351/2351
f 2348/2348 2352/2352 2353/2353
f 2354/2354 2295/2295 2296/2296
f 2355/2355 2296/2296 2356/2356
f 2346/2346 2357/2357 2358/2358
f 2359/2359 2356/2356 2360/2360
f 2356/2356 2284/2284 2360/2360
f 2296/2296 2286/2286 2356/2356
f 2361/2361 2360/2360 2362/2362
f 2360/2360 2282/2282 2362/2362
f 2363/2363 2364/2364 2365/2365
f 2366/2366 2367/2367 2368/2368
f 2369/2369 2362/2362 2370/2370
f 2371/2371 2372/2372 2373/2373
f 2374/2374 2370/2370 997/997
f 2370/2370 1001/1001 997/997
f 2370/2370 2282/2282 2280/2280
f 983/983 2375/2375 2376/2376
f 2371/2371 2377/2377 2378/2378
f 2377/2377 2379/2379 2380/2380
f 2375/2375 976/976 2379/2379
f 2381/2381 2379/2379 976/976
f 2382/2382 2380/2380 2379/2379
f 2383/2383 2384/2384 2380/2380
f 2385/2385 2380/2380 2384/2384
f 2386/2386 2384/2384 2343/2343
f 2337/2337 2343/2343 2384/2384
f 2387/2387 2337/2337 2388/2388
f 2389/2389 2382/2382 2390/2390
f 2391/2391 2382/2382 2392/2392
f 2366/2366 2385/2385 2393/2393
f 2363/2363 2386/2386 2394/2394
f 2395/2395 2294/2294 2295/2295
f 2396/2396 2397/2397 2398/2398
f 2399/2399 2398/2398 2400/2400
f 2399/2399 2401/2401 2402/2402
f 2403/2403 2401/2401 2404/2404
f 2405/2405 2404/2404 2406/2406
f 2405/2405 2407/2407 2408/2408
f 2408/2408 2409/2409 2410/2410
f 2410/2410 2411/2411 2412/2412
f 2413/2413 2412/2412 2411/2411
f 2414/2414 2415/2415 2416/2416
f 2415/2415 2417/2417 2416/2416
f 2418/2418 2419/2419 2420/2420
f 2421/2421 2417/2417 2422/2422
f 2423/2423 2424/2424 2425/2425
f 2426/2426 2424/2424 2423/2423
f 2426/2426 2427/2427 2428/2428
f 2429/2429 2430/2430 2427/2427
f 2431/2431 2432/2432 2433/2433
f 2434/2434 2435/2435 2436/2436
f 2437/2437 2435/2435 2438/2438
f 2439/2439 2440/2440 2441/2441
f 2442/2442 2438/2438 2443/2443
f 2442/2442 2444/2444 2445/2445
f 2445/2445 2446/2446 2447/2447
f 2447/2447 2448/2448 2449/2449
f 2450/2450 2449/2449 2448/2448
f 2451/2451 2452/2452 2453/2453
f 2454/2454 2453/2453 2455/2455
f 2454/2454 2456/2456 2457/2457
f 2458/2458 2456/2456 2459/2459
f 2460/2460 2459/2459 2461/2461
f 2462/2462 2461/2461 2463/2463
f 2464/2464 2463/2463 2465/2465
f 2466/2466 2465/2465 2467/2467
f 2468/2468 2467/2467 2469/2469
f 2468/2468 2470/2470 2471/2471
f 2472/2472 2470/2470 2473/2473
f 2473/2473 2474/2474 2472/2472
f 2475/2475 2476/2476 2477/2477
f 2477/2477 2478/2478 2479/2479
f 2479/2479 2480/2480 2481/2481
f 2482/2482 2480/2480 2483/2483
f 2482/2482 2484/2484 2434/2434
f 2485/2485 2486/2486 2430/2430
f 2487/2487 2488/2488 2486/2486
f 2489/2489 2488/2488 2490/2490
f 2491/2491 2492/2492 2489/2489
f 2493/2493 2494/2494 2491/2491
f 2495/2495 2496/2496 2497/2497
f 2497/2497 2498/2498 2499/2499
f 2499/2499 2397/2397 2500/2500
f 2501/2501 2502/2502 731/731
f 2503/2503 2502/2502 2504/2504
f 2503/2503 2505/2505 2506/2506
f 2507/2507 2508/2508 2505/2505
f 2509/2509 2510/2510 2511/2511
f 2512/2512 2511/2511 2513/2513
f 2512/2512 2514/2514 2515/2515
f 2515/2515 2516/2516 2517/2517
f 2517/2517 2518/2518 2519/2519
f 2520/2520 2521/2521 2522/2522
f 2523/2523 2522/2522 2524/2524
f 2525/2525 2524/2524 2526/2526
f 2527/2527 2526/2526 2528/2528
f 2529/2529 2528/2528 2530/2530
f 2531/2531 2530/2530 2532/2532
f 2531/2531 2533/2533 2534/2534
f 2535/2535 2533/2533 2536/2536
f 2536/2536 2537/2537 2535/2535
f 2538/2538 2539/2539 2540/2540
f 2541/2541 2540/2540 2542/2542
f 2543/2543 2542/2542 2544/2544
f 2545/2545 2546/2546 2547/2547
f 2548/2548 2544/2544 2549/2549
f 2550/2550 2549/2549 2551/2551
f 2550/2550 2552/2552 2553/2553
f 2553/2553 2554/2554 2555/2555
f 2555/2555 2556/2556 2557/2557
f 2557/2557 2558/2558 2559/2559
f 2560/2560 2558/2558 2561/2561
f 2562/2562 2561/2561 2563/2563
f 2564/2564 2562/2562 2563/2563
f 2565/2565 2566/2566 2567/2567
f 2568/2568 2567/2567 2569/2569
f 2568/2568 2521/2521 2570/2570
f 2571/2571 2518/2518 2572/2572
f 2571/2571 2573/2573 2574/2574
f 2574/2574 2575/2575 2576/2576
f 2576/2576 2577/2577 2578/2578
f 704/704 2577/2577 705/705
f 2579/2579 540/540 2580/2580
f 2581/2581 538/538 2582/2582
f 2583/2583 533/533 2581/2581
f 2579/2579 2584/2584 2585/2585
f 2586/2586 2587/2587 2583/2583
f 2585/2585 2588/2588 2589/2589
f 2586/2586 2590/2590 2591/2591
f 2592/2592 2588/2588 2593/2593
f 2594/2594 2590/2590 2595/2595
f 2596/2596 2593/2593 2597/2597
f 2598/2598 2599/2599 2600/2600
f 2601/2601 2602/2602 2603/2603
f 2604/2604 2603/2603 2602/2602
f 2597/2597 2605/2605 2606/2606
f 2607/2607 2608/2608 2604/2604
f 2606/2606 2609/2609 2610/2610
f 2611/2611 2593/2593 2588/2588
f 2612/2612 2605/2605 2611/2611
f 2613/2613 2611/2611 2614/2614
f 2584/2584 2611/2611 2588/2588
f 2580/2580 2614/2614 2584/2584
f 2615/2615 2613/2613 2614/2614
f 2616/2616 2580/2580 540/540
f 2616/2616 2617/2617 2615/2615
f 2618/2618 2617/2617 2619/2619
f 2617/2617 2620/2620 2613/2613
f 2621/2621 2619/2619 2616/2616
f 2622/2622 2618/2618 2619/2619
f 2623/2623 2624/2624 2618/2618
f 2624/2624 2625/2625 2618/2618
f 2626/2626 2627/2627 2624/2624
f 2624/2624 2628/2628 2629/2629
f 2625/2625 2630/2630 2620/2620
f 2628/2628 2630/2630 2629/2629
f 2630/2630 2631/2631 2620/2620
f 2632/2632 2633/2633 2630/2630
f 2631/2631 2634/2634 2635/2635
f 2636/2636 2634/2634 2633/2633
f 2637/2637 2636/2636 2632/2632
f 2636/2636 2638/2638 2639/2639
f 2640/2640 2641/2641 2637/2637
f 2641/2641 2642/2642 2638/2638
f 2640/2640 2643/2643 2644/2644
f 2644/2644 2645/2645 2642/2642
f 2646/2646 2647/2647 2643/2643
f 2647/2647 2645/2645 2643/2643
f 2648/2648 2642/2642 2645/2645
f 2649/2649 2645/2645 2650/2650
f 2651/2651 2652/2652 2653/2653
f 2653/2653 2654/2654 2655/2655
f 2656/2656 2657/2657 2651/2651
f 2658/2658 2650/2650 2659/2659
f 2660/2660 2661/2661 2656/2656
f 2662/2662 2659/2659 2663/2663
f 2664/2664 2665/2665 2660/2660
f 2666/2666 2667/2667 2664/2664
f 2662/2662 2668/2668 2669/2669
f 2669/2669 2670/2670 2671/2671
f 2672/2672 2663/2663 2673/2673
f 2672/2672 2670/2670 2668/2668
f 2674/2674 2672/2672 2673/2673
f 2675/2675 2672/2672 2676/2676
f 2677/2677 2675/2675 2676/2676
f 2678/2678 2676/2676 2674/2674
f 2679/2679 2680/2680 2675/2675
f 2681/2681 2679/2679 2675/2675
f 2682/2682 2681/2681 2677/2677
f 2683/2683 2684/2684 2681/2681
f 2685/2685 2684/2684 2686/2686
f 2684/2684 2687/2687 2679/2679
f 2685/2685 378/378 2688/2688
f 378/378 2687/2687 2688/2688
f 2687/2687 2689/2689 2679/2679
f 375/375 2690/2690 2687/2687
f 2690/2690 372/372 2691/2691
f 2689/2689 2691/2691 2692/2692
f 2680/2680 2692/2692 2670/2670
f 2671/2671 2692/2692 2693/2693
f 2693/2693 2691/2691 2694/2694
f 2695/2695 2696/2696 2697/2697
f 2697/2697 2698/2698 2666/2666
f 368/368 2699/2699 2695/2695
f 2694/2694 372/372 369/369
f 2700/2700 2685/2685 2686/2686
f 2701/2701 379/379 2685/2685
f 2702/2702 2686/2686 2683/2683
f 2703/2703 2683/2683 2682/2682
f 2704/2704 2682/2682 2705/2705
f 2705/2705 2677/2677 2678/2678
f 2704/2704 2706/2706 2707/2707
f 2706/2706 2678/2678 2708/2708
f 2708/2708 2674/2674 2709/2709
f 2710/2710 2709/2709 2711/2711
f 2706/2706 2710/2710 2712/2712
f 2712/2712 2713/2713 2714/2714
f 2713/2713 2711/2711 2646/2646
f 2709/2709 2647/2647 2711/2711
f 2714/2714 2715/2715 2716/2716
f 2713/2713 2640/2640 2715/2715
f 2716/2716 2717/2717 2718/2718
f 2715/2715 2637/2637 2717/2717
f 2627/2627 2717/2717 2628/2628
f 2717/2717 2632/2632 2628/2628
f 2719/2719 2627/2627 2720/2720
f 2721/2721 2718/2718 2719/2719
f 2722/2722 2716/2716 2721/2721
f 2723/2723 2714/2714 2722/2722
f 2707/2707 2712/2712 2723/2723
f 2674/2674 2724/2724 2709/2709
f 2724/2724 2650/2650 2647/2647
f 2673/2673 2659/2659 2724/2724
f 2725/2725 380/380 379/379
f 2655/2655 2726/2726 2727/2727
f 2728/2728 2638/2638 2642/2642
f 2727/2727 2729/2729 2730/2730
f 2731/2731 2639/2639 2638/2638
f 2730/2730 2732/2732 2733/2733
f 2734/2734 2639/2639 2735/2735
f 2733/2733 2736/2736 2737/2737
f 2738/2738 2634/2634 2734/2734
f 2737/2737 2739/2739 2607/2607
f 2610/2610 2635/2635 2738/2738
f 2612/2612 2635/2635 2609/2609
f 2620/2620 2612/2612 2613/2613
f 2740/2740 2616/2616 540/540
f 2741/2741 2600/2600 2599/2599
f 2742/2742 2743/2743 2741/2741
f 2744/2744 2745/2745 2746/2746
f 2747/2747 2746/2746 2590/2590
f 2748/2748 2746/2746 2745/2745
f 2591/2591 2746/2746 2749/2749
f 532/532 2748/2748 529/529
f 532/532 2591/2591 2749/2749
f 529/529 2750/2750 528/528
f 2750/2750 2745/2745 2751/2751
f 528/528 2752/2752 517/517
f 2752/2752 2751/2751 2753/2753
f 2754/2754 2753/2753 2751/2751
f 2755/2755 2751/2751 2745/2745
f 2756/2756 2757/2757 2758/2758
f 2758/2758 2759/2759 2742/2742
f 2760/2760 2761/2761 2762/2762
f 2763/2763 2761/2761 2764/2764
f 2765/2765 2766/2766 2767/2767
f 2768/2768 2766/2766 2753/2753
f 2769/2769 2766/2766 507/507
f 2770/2770 2753/2753 2766/2766
f 518/518 2769/2769 505/505
f 517/517 2770/2770 518/518
f 500/500 507/507 2765/2765
f 2771/2771 2772/2772 2763/2763
f 2773/2773 2774/2774 2771/2771
f 491/491 2775/2775 2773/2773
f 137/137 136/136 2776/2776
f 2777/2777 2778/2778 2779/2779
f 2779/2779 2780/2780 178/178
f 2779/2779 2781/2781 2777/2777
f 178/178 172/172 2779/2779
f 172/172 164/164 2781/2781
f 2781/2781 140/140 135/135
f 2777/2777 135/135 137/137
f 2782/2782 513/513 511/511
f 2783/2783 511/511 512/512
f 2784/2784 512/512 2785/2785
f 2785/2785 508/508 2786/2786
f 2787/2787 2786/2786 2788/2788
f 2789/2789 2785/2785 2787/2787
f 2788/2788 503/503 2790/2790
f 2786/2786 502/502 503/503
f 503/503 494/494 2790/2790
f 2791/2791 494/494 495/495
f 2792/2792 2790/2790 2791/2791
f 2793/2793 2791/2791 466/466
f 2791/2791 472/472 466/466
f 495/495 476/476 472/472
f 463/463 2792/2792 2793/2793
f 2794/2794 2788/2788 2792/2792
f 2795/2795 463/463 465/465
f 2795/2795 2787/2787 2794/2794
f 2796/2796 2797/2797 477/477
f 2798/2798 2799/2799 2796/2796
f 2800/2800 2801/2801 2798/2798
f 2802/2802 2803/2803 2804/2804
f 2805/2805 2806/2806 2803/2803
f 428/428 2807/2807 2800/2800
f 432/432 2806/2806 2808/2808
f 2809/2809 431/431 441/441
f 2809/2809 2803/2803 2806/2806
f 2810/2810 2809/2809 440/440
f 2811/2811 2804/2804 2803/2803
f 2812/2812 2811/2811 2810/2810
f 2812/2812 470/470 2813/2813
f 2813/2813 471/471 2804/2804
f 460/460 2810/2810 447/447
f 462/462 2812/2812 460/460
f 457/457 447/447 455/455
f 2814/2814 2804/2804 471/471
f 2815/2815 2816/2816 420/420
f 2817/2817 2818/2818 2819/2819
f 2819/2819 2820/2820 2821/2821
f 2822/2822 399/399 403/403
f 2821/2821 2823/2823 2824/2824
f 2825/2825 398/398 399/399
f 2824/2824 2826/2826 360/360
f 2827/2827 363/363 398/398
f 2828/2828 363/363 362/362
f 384/384 2828/2828 376/376
f 26/26 32/32 279/279
f 248/248 239/239 242/242
f 2829/2829 236/236 239/239
f 2830/2830 235/235 236/236
f 2831/2831 223/223 235/235
f 2832/2832 2833/2833 2834/2834
f 2835/2835 2836/2836 2833/2833
f 2837/2837 2833/2833 2838/2838
f 2838/2838 2836/2836 2839/2839
f 2840/2840 2841/2841 2842/2842
f 2843/2843 2844/2844 2841/2841
f 2845/2845 2846/2846 2844/2844
f 2839/2839 2847/2847 2848/2848
f 2849/2849 2850/2850 2846/2846
f 2848/2848 2851/2851 2852/2852
f 2853/2853 2854/2854 2850/2850
f 2852/2852 2855/2855 2856/2856
f 2857/2857 2855/2855 2851/2851
f 2858/2858 2851/2851 2847/2847
f 2859/2859 2860/2860 2855/2855
f 2856/2856 2860/2860 2861/2861
f 2862/2862 2860/2860 2863/2863
f 2864/2864 2865/2865 2862/2862
f 2866/2866 2860/2860 2865/2865
f 2867/2867 2865/2865 2868/2868
f 2869/2869 2868/2868 2864/2864
f 2870/2870 2868/2868 2871/2871
f 2872/2872 2873/2873 2874/2874
f 2875/2875 2876/2876 2872/2872
f 2877/2877 2878/2878 2875/2875
f 2879/2879 2871/2871 2880/2880
f 2881/2881 2882/2882 2877/2877
f 2883/2883 2880/2880 2884/2884
f 2885/2885 2871/2871 2869/2869
f 2886/2886 2880/2880 2885/2885
f 2887/2887 2884/2884 2886/2886
f 2888/2888 2884/2884 2889/2889
f 2890/2890 2891/2891 2892/2892
f 2893/2893 2891/2891 2894/2894
f 2895/2895 2896/2896 2891/2891
f 2894/2894 2896/2896 2897/2897
f 2898/2898 2899/2899 2900/2900
f 2901/2901 2900/2900 2902/2902
f 2903/2903 2904/2904 2899/2899
f 2897/2897 2905/2905 2906/2906
f 2904/2904 2907/2907 2899/2899
f 2899/2899 2908/2908 2900/2900
f 2907/2907 2909/2909 2910/2910
f 2908/2908 2910/2910 2911/2911
f 2912/2912 2911/2911 2913/2913
f 2912/2912 2900/2900 2908/2908
f 2914/2914 2915/2915 2916/2916
f 2917/2917 2915/2915 2918/2918
f 2916/2916 2919/2919 2882/2882
f 2915/2915 2920/2920 2919/2919
f 2882/2882 2921/2921 2878/2878
f 2919/2919 2922/2922 2921/2921
f 2920/2920 2923/2923 2924/2924
f 2920/2920 2925/2925 2922/2922
f 2926/2926 2922/2922 2927/2927
f 2922/2922 2928/2928 2927/2927
f 2927/2927 2929/2929 2930/2930
f 2931/2931 2927/2927 2930/2930
f 2876/2876 2921/2921 2926/2926
f 2876/2876 2931/2931 2873/2873
f 2931/2931 2932/2932 2933/2933
f 2934/2934 2931/2931 2933/2933
f 2874/2874 2934/2934 2935/2935
f 2936/2936 2934/2934 2854/2854
f 2854/2854 2933/2933 2937/2937
f 2850/2850 2937/2937 2938/2938
f 2937/2937 2939/2939 2938/2938
f 2933/2933 2940/2940 2937/2937
f 2940/2940 2941/2941 2939/2939
f 2940/2940 2942/2942 2943/2943
f 2944/2944 2943/2943 2945/2945
f 2945/2945 2942/2942 2946/2946
f 2947/2947 2948/2948 2949/2949
f 2950/2950 2951/2951 2948/2948
f 2949/2949 2952/2952 2953/2953
f 2951/2951 2952/2952 2948/2948
f 2953/2953 2954/2954 2955/2955
f 2952/2952 2956/2956 2954/2954
f 2954/2954 2957/2957 2955/2955
f 2956/2956 2958/2958 2954/2954
f 2959/2959 2960/2960 2956/2956
f 2960/2960 2961/2961 2956/2956
f 2962/2962 2960/2960 2963/2963
f 2960/2960 2964/2964 2965/2965
f 2966/2966 2967/2967 2962/2962
f 2968/2968 2964/2964 2967/2967
f 2966/2966 2969/2969 2968/2968
f 2968/2968 2970/2970 2971/2971
f 2972/2972 2964/2964 2971/2971
f 2973/2973 2971/2971 2970/2970
f 2974/2974 2975/2975 2976/2976
f 2977/2977 2978/2978 2975/2975
f 2979/2979 2970/2970 2980/2980
f 2981/2981 2982/2982 2978/2978
f 2983/2983 2984/2984 2980/2980
f 2985/2985 2986/2986 2987/2987
f 2969/2969 2980/2980 2970/2970
f 2988/2988 2986/2986 2989/2989
f 2990/2990 2986/2986 2969/2969
f 2991/2991 2990/2990 2992/2992
f 2993/2993 2989/2989 2991/2991
f 2994/2994 2990/2990 2966/2966
f 2995/2995 2994/2994 2996/2996
f 2997/2997 2992/2992 2995/2995
f 2998/2998 2925/2925 2924/2924
f 2999/2999 2924/2924 2923/2923
f 3000/3000 2991/2991 2997/2997
f 3001/3001 2923/2923 3002/3002
f 3003/3003 3004/3004 3005/3005
f 3006/3006 3007/3007 3008/3008
f 3009/3009 2911/2911 3007/3007
f 3002/3002 3010/3010 2917/2917
f 3008/3008 3011/3011 3012/3012
f 2910/2910 3007/3007 2911/2911
f 2910/2910 3013/3013 3011/3011
f 3014/3014 3011/3011 3013/3013
f 3015/3015 3016/3016 3017/3017
f 3018/3018 3019/3019 3017/3017
f 3004/3004 3020/3020 3021/3021
f 3017/3017 3022/3022 3020/3020
f 3021/3021 3023/3023 3024/3024
f 3020/3020 3025/3025 3023/3023
f 3024/3024 3026/3026 3027/3027
f 3023/3023 3028/3028 3026/3026
f 3029/3029 3027/3027 3026/3026
f 3030/3030 3026/3026 3028/3028
f 3031/3031 3028/3028 3032/3032
f 3025/3025 3032/3032 3028/3028
f 3033/3033 3034/3034 3032/3032
f 3035/3035 3032/3032 3034/3034
f 3036/3036 3037/3037 3038/3038
f 3039/3039 3038/3038 3040/3040
f 3041/3041 3037/3037 3042/3042
f 3043/3043 3038/3038 3041/3041
f 3044/3044 3045/3045 3046/3046
f 3047/3047 3040/3040 3043/3043
f 3048/3048 3049/3049 3047/3047
f 3050/3050 3040/3040 3049/3049
f 3051/3051 3049/3049 3052/3052
f 3053/3053 3054/3054 3027/3027
f 3055/3055 3052/3052 3056/3056
f 3057/3057 2982/2982 3058/3058
f 3059/3059 2982/2982 3060/3060
f 3061/3061 3052/3052 3048/3048
f 3062/3062 2978/2978 2982/2982
f 3063/3063 2975/2975 2978/2978
f 3064/3064 2976/2976 2975/2975
f 3065/3065 3066/3066 2976/2976
f 3067/3067 2976/2976 3066/3066
f 3068/3068 3069/3069 3066/3066
f 3070/3070 3066/3066 3069/3069
f 3071/3071 2965/2965 2964/2964
f 3072/3072 2961/2961 2965/2965
f 3073/3073 3069/3069 3074/3074
f 3075/3075 2958/2958 2961/2961
f 3076/3076 3074/3074 3077/3077
f 3078/3078 3074/3074 3079/3079
f 3079/3079 3069/3069 3080/3080
f 3081/3081 3077/3077 3082/3082
f 3083/3083 3077/3077 3078/3078
f 3084/3084 3082/3082 3083/3083
f 3085/3085 3086/3086 3084/3084
f 3087/3087 3086/3086 3088/3088
f 3089/3089 3082/3082 3086/3086
f 3090/3090 3091/3091 3092/3092
f 3093/3093 3094/3094 3091/3091
f 3095/3095 3088/3088 3096/3096
f 3097/3097 3098/3098 3094/3094
f 3099/3099 3096/3096 3100/3100
f 3101/3101 3088/3088 3085/3085
f 3102/3102 3100/3100 3096/3096
f 3103/3103 3104/3104 3105/3105
f 3106/3106 3107/3107 3100/3100
f 3108/3108 3109/3109 3107/3107
f 3110/3110 3100/3100 3107/3107
f 3111/3111 3107/3107 3109/3109
f 3112/3112 3113/3113 3114/3114
f 3115/3115 3116/3116 3113/3113
f 3117/3117 3109/3109 3118/3118
f 3119/3119 3120/3120 3116/3116
f 3121/3121 3118/3118 3122/3122
f 3123/3123 3122/3122 3118/3118
f 3124/3124 3118/3118 3109/3109
f 3125/3125 3122/3122 3126/3126
f 3127/3127 3126/3126 3122/3122
f 3128/3128 3126/3126 3129/3129
f 3130/3130 3126/3126 3131/3131
f 3132/3132 3129/3129 3130/3130
f 3133/3133 3134/3134 3132/3132
f 3135/3135 3129/3129 3134/3134
f 3136/3136 3134/3134 3137/3137
f 3138/3138 3139/3139 3140/3140
f 3141/3141 3142/3142 3139/3139
f 3143/3143 3137/3137 3144/3144
f 3145/3145 3146/3146 3142/3142
f 3147/3147 3146/3146 3148/3148
f 3149/3149 3142/3142 3147/3147
f 3150/3150 3147/3147 3148/3148
f 3151/3151 3149/3149 3147/3147
f 3152/3152 3153/3153 3149/3149
f 3153/3153 3139/3139 3149/3149
f 3154/3154 3155/3155 3153/3153
f 3155/3155 3140/3140 3153/3153
f 3156/3156 3140/3140 3157/3157
f 3155/3155 3158/3158 3157/3157
f 3159/3159 3157/3157 3158/3158
f 3160/3160 3158/3158 3120/3120
f 3161/3161 3120/3120 3158/3158
f 3162/3162 3155/3155 3163/3163
f 3164/3164 3161/3161 3162/3162
f 3165/3165 3162/3162 3166/3166
f 3167/3167 3162/3162 3163/3163
f 3164/3164 3168/3168 3169/3169
f 3170/3170 3164/3164 3165/3165
f 3171/3171 3166/3166 3172/3172
f 3173/3173 3165/3165 3171/3171
f 3174/3174 3175/3175 3176/3176
f 3177/3177 3176/3176 3178/3178
f 3179/3179 3176/3176 3175/3175
f 3180/3180 3178/3178 3176/3176
f 3181/3181 3178/3178 3182/3182
f 3183/3183 3182/3182 3178/3178
f 3184/3184 3185/3185 3182/3182
f 3186/3186 3182/3182 3185/3185
f 3187/3187 3188/3188 3189/3189
f 3189/3189 3170/3170 3173/3173
f 3190/3190 3185/3185 3191/3191
f 3192/3192 3193/3193 3187/3187
f 3193/3193 3194/3194 3188/3188
f 3195/3195 3196/3196 3193/3193
f 3196/3196 3197/3197 3194/3194
f 3196/3196 3198/3198 3199/3199
f 3197/3197 3114/3114 3113/3113
f 3198/3198 3114/3114 3199/3199
f 3200/3200 3201/3201 3198/3198
f 3198/3198 3094/3094 3098/3098
f 3202/3202 3201/3201 3203/3203
f 3204/3204 3094/3094 3201/3201
f 3205/3205 3200/3200 3195/3195
f 3206/3206 3203/3203 3205/3205
f 3202/3202 3207/3207 3204/3204
f 3208/3208 3202/3202 3206/3206
f 3209/3209 3206/3206 3205/3205
f 3210/3210 3208/3208 3206/3206
f 3211/3211 3212/3212 3213/3213
f 3213/3213 3214/3214 3215/3215
f 3215/3215 2941/2941 2944/2944
f 3216/3216 2949/2949 3208/3208
f 3217/3217 3214/3214 3212/3212
f 2939/2939 3214/3214 3218/3218
f 3219/3219 3217/3217 3220/3220
f 3219/3219 2939/2939 3218/3218
f 3221/3221 3217/3217 3222/3222
f 3222/3222 3212/3212 3223/3223
f 3221/3221 3224/3224 3225/3225
f 3224/3224 3223/3223 3191/3191
f 3226/3226 3191/3191 3185/3185
f 3225/3225 3226/3226 3227/3227
f 2841/2841 3225/3225 2842/2842
f 3228/3228 3225/3225 3227/3227
f 3229/3229 3226/3226 3184/3184
f 3228/3228 3229/3229 3230/3230
f 2840/2840 3228/3228 3231/3231
f 3231/3231 3230/3230 3232/3232
f 3232/3232 3233/3233 3234/3234
f 3230/3230 3235/3235 3233/3233
f 3236/3236 3237/3237 3238/3238
f 3239/3239 3240/3240 3237/3237
f 3234/3234 3241/3241 3242/3242
f 3243/3243 3244/3244 3240/3240
f 3245/3245 3244/3244 3246/3246
f 3247/3247 3240/3240 3245/3245
f 3246/3246 3248/3248 3249/3249
f 3249/3249 3250/3250 3251/3251
f 3252/3252 3250/3250 3248/3248
f 3253/3253 3248/3248 3244/3244
f 3242/3242 3254/3254 3255/3255
f 3255/3255 3256/3256 3257/3257
f 3258/3258 3256/3256 3259/3259
f 3260/3260 3250/3250 3261/3261
f 3262/3262 3259/3259 3263/3263
f 3264/3264 3265/3265 3260/3260
f 3266/3266 3250/3250 3265/3265
f 3267/3267 3265/3265 3268/3268
f 3269/3269 3268/3268 3270/3270
f 3271/3271 3268/3268 3264/3264
f 3272/3272 3270/3270 3271/3271
f 3273/3273 3270/3270 3274/3274
f 3275/3275 3274/3274 3272/3272
f 3276/3276 3274/3274 3277/3277
f 3278/3278 3277/3277 3279/3279
f 3280/3280 3277/3277 3275/3275
f 3281/3281 3282/3282 3283/3283
f 3284/3284 3282/3282 3285/3285
f 3286/3286 3287/3287 3288/3288
f 3289/3289 3290/3290 3291/3291
f 3292/3292 3293/3293 3282/3282
f 3291/3291 3294/3294 3295/3295
f 3295/3295 3296/3296 3297/3297
f 3298/3298 3299/3299 3293/3293
f 3294/3294 3300/3300 3296/3296
f 3290/3290 3301/3301 3294/3294
f 3301/3301 3302/3302 3300/3300
f 3301/3301 3303/3303 3304/3304
f 3305/3305 3306/3306 3290/3290
f 3307/3307 3306/3306 3308/3308
f 3288/3288 3309/3309 3310/3310
f 3310/3310 3311/3311 3312/3312
f 3309/3309 3313/3313 3311/3311
f 3287/3287 3314/3314 3309/3309
f 3315/3315 3316/3316 3287/3287
f 3317/3317 3318/3318 3316/3316
f 3316/3316 3319/3319 3314/3314
f 3320/3320 3263/3263 3318/3318
f 3318/3318 3321/3321 3319/3319
f 3263/3263 3322/3322 3321/3321
f 3321/3321 3323/3323 3319/3319
f 3322/3322 3324/3324 3321/3321
f 3324/3324 3325/3325 3326/3326
f 3324/3324 3327/3327 3323/3323
f 3328/3328 3329/3329 3322/3322
f 3330/3330 3325/3325 3329/3329
f 3328/3328 3179/3179 3330/3330
f 3179/3179 3331/3331 3330/3330
f 3332/3332 3180/3180 3179/3179
f 3254/3254 3328/3328 3256/3256
f 3241/3241 3332/3332 3254/3254
f 3235/3235 3180/3180 3333/3333
f 3233/3233 3333/3333 3241/3241
f 3235/3235 3184/3184 3183/3183
f 3334/3334 3331/3331 3335/3335
f 3336/3336 3331/3331 3175/3175
f 3337/3337 3167/3167 3338/3338
f 3172/3172 3167/3167 3339/3339
f 3338/3338 3163/3163 3154/3154
f 3340/3340 3338/3338 3341/3341
f 3338/3338 3152/3152 3341/3341
f 3342/3342 3341/3341 3343/3343
f 3343/3343 3152/3152 3151/3151
f 3344/3344 3325/3325 3334/3334
f 3345/3345 3326/3326 3344/3344
f 3346/3346 3327/3327 3345/3345
f 3347/3347 3343/3343 3348/3348
f 3349/3349 3348/3348 3350/3350
f 3351/3351 3352/3352 3346/3346
f 3313/3313 3353/3353 3311/3311
f 3323/3323 3352/3352 3313/3313
f 3319/3319 3313/3313 3314/3314
f 3354/3354 3311/3311 3353/3353
f 3355/3355 3353/3353 3351/3351
f 3356/3356 3357/3357 3358/3358
f 3359/3359 3303/3303 3307/3307
f 3360/3360 3361/3361 3358/3358
f 3303/3303 3361/3361 3304/3304
f 3362/3362 3363/3363 3361/3361
f 3302/3302 3361/3361 3363/3363
f 3364/3364 3365/3365 3366/3366
f 3367/3367 3368/3368 3365/3365
f 3368/3368 3369/3369 3365/3365
f 3365/3365 3370/3370 3366/3366
f 3371/3371 3366/3366 3372/3372
f 3366/3366 3373/3373 3372/3372
f 3370/3370 3374/3374 3373/3373
f 3369/3369 3375/3375 3370/3370
f 3375/3375 3376/3376 3374/3374
f 3377/3377 3378/3378 3375/3375
f 3379/3379 3380/3380 3377/3377
f 3369/3369 3379/3379 3377/3377
f 3381/3381 3379/3379 3382/3382
f 3383/3383 3379/3379 3384/3384
f 3385/3385 3386/3386 3387/3387
f 3388/3388 3387/3387 3389/3389
f 3390/3390 3391/3391 3381/3381
f 3392/3392 3389/3389 3393/3393
f 3394/3394 3389/3389 3146/3146
f 3148/3148 3389/3389 3387/3387
f 3395/3395 3396/3396 3397/3397
f 3398/3398 3144/3144 3397/3397
f 3399/3399 3397/3397 3400/3400
f 3400/3400 3144/3144 3401/3401
f 3401/3401 3137/3137 3133/3133
f 3402/3402 3403/3403 3404/3404
f 3405/3405 3406/3406 3403/3403
f 3407/3407 3408/3408 3406/3406
f 3409/3409 3403/3403 3406/3406
f 3410/3410 3406/3406 3408/3408
f 3411/3411 3378/3378 3380/3380
f 3412/3412 3380/3380 3391/3391
f 3413/3413 3404/3404 3403/3403
f 3414/3414 3376/3376 3378/3378
f 3415/3415 3408/3408 3416/3416
f 3417/3417 3418/3418 3376/3376
f 3419/3419 3416/3416 3420/3420
f 3421/3421 3422/3422 3418/3418
f 3423/3423 3418/3418 3422/3422
f 3374/3374 3418/3418 3424/3424
f 3425/3425 3424/3424 3423/3423
f 3426/3426 3374/3374 3424/3424
f 3425/3425 3427/3427 3428/3428
f 3427/3427 3422/3422 3429/3429
f 3430/3430 3428/3428 3431/3431
f 3432/3432 3425/3425 3430/3430
f 3433/3433 3430/3430 3431/3431
f 3434/3434 3432/3432 3430/3430
f 3435/3435 3436/3436 3437/3437
f 3438/3438 3439/3439 3436/3436
f 3440/3440 3439/3439 3441/3441
f 3442/3442 3436/3436 3440/3440
f 3443/3443 3442/3442 3440/3440
f 3443/3443 3441/3441 3444/3444
f 3445/3445 3446/3446 3442/3442
f 3446/3446 3437/3437 3442/3442
f 3447/3447 3302/3302 3446/3446
f 3446/3446 3363/3363 3448/3448
f 3449/3449 3445/3445 3450/3450
f 3296/3296 3447/3447 3449/3449
f 3451/3451 3450/3450 3452/3452
f 3297/3297 3449/3449 3451/3451
f 3453/3453 3454/3454 3455/3455
f 3456/3456 3455/3455 3299/3299
f 3457/3457 3455/3455 3458/3458
f 3458/3458 3454/3454 3459/3459
f 3460/3460 3461/3461 3454/3454
f 3459/3459 3461/3461 3462/3462
f 3463/3463 3461/3461 3464/3464
f 3465/3465 3464/3464 3466/3466
f 3467/3467 3466/3466 3468/3468
f 3469/3469 3466/3466 3470/3470
f 3470/3470 3464/3464 3471/3471
f 3472/3472 3473/3473 3474/3474
f 3475/3475 3476/3476 3473/3473
f 3474/3474 3477/3477 3478/3478
f 3476/3476 3477/3477 3473/3473
f 3477/3477 3479/3479 3478/3478
f 3477/3477 3441/3441 3480/3480
f 3476/3476 3443/3443 3444/3444
f 3480/3480 3481/3481 3479/3479
f 3480/3480 3439/3439 3482/3482
f 3483/3483 3481/3481 3482/3482
f 3484/3484 3482/3482 3439/3439
f 3485/3485 3481/3481 3486/3486
f 3487/3487 3486/3486 3481/3481
f 3488/3488 3489/3489 3490/3490
f 3491/3491 3492/3492 3489/3489
f 3489/3489 3493/3493 3490/3490
f 3489/3489 3494/3494 3495/3495
f 3493/3493 3496/3496 3497/3497
f 3495/3495 3498/3498 3496/3496
f 3496/3496 3499/3499 3497/3497
f 3498/3498 3500/3500 3496/3496
f 3501/3501 3500/3500 3502/3502
f 3503/3503 3499/3499 3500/3500
f 3504/3504 3502/3502 3429/3429
f 3498/3498 3429/3429 3502/3502
f 3505/3505 3429/3429 3422/3422
f 3506/3506 3507/3507 3508/3508
f 3509/3509 3508/3508 3510/3510
f 3511/3511 3507/3507 3512/3512
f 3513/3513 3508/3508 3511/3511
f 3514/3514 3507/3507 3420/3420
f 3515/3515 3420/3420 3416/3416
f 3516/3516 3416/3416 3408/3408
f 3517/3517 3420/3420 3507/3507
f 3518/3518 3510/3510 3513/3513
f 3519/3519 3520/3520 3518/3518
f 3521/3521 3522/3522 3519/3519
f 3523/3523 3524/3524 3525/3525
f 3526/3526 3527/3527 3524/3524
f 3528/3528 3529/3529 3527/3527
f 3530/3530 3531/3531 3529/3529
f 3532/3532 3533/3533 3531/3531
f 3534/3534 3529/3529 3531/3531
f 3535/3535 3531/3531 3533/3533
f 3536/3536 3537/3537 3538/3538
f 3539/3539 3538/3538 3540/3540
f 3541/3541 3538/3538 3537/3537
f 3542/3542 3538/3538 3543/3543
f 3544/3544 3543/3543 3541/3541
f 3545/3545 3542/3542 3543/3543
f 3546/3546 3544/3544 3547/3547
f 3548/3548 3545/3545 3546/3546
f 3549/3549 3550/3550 3548/3548
f 3550/3550 3551/3551 3542/3542
f 3552/3552 3553/3553 3549/3549
f 3553/3553 3554/3554 3551/3551
f 3555/3555 3549/3549 3548/3548
f 3556/3556 3552/3552 3549/3549
f 3557/3557 3558/3558 3559/3559
f 3560/3560 3559/3559 3561/3561
f 3562/3562 3563/3563 3552/3552
f 3564/3564 3561/3561 3486/3486
f 3565/3565 3561/3561 3559/3559
f 3566/3566 3486/3486 3561/3561
f 3567/3567 3566/3566 3565/3565
f 3568/3568 3566/3566 3569/3569
f 3570/3570 3569/3569 3567/3567
f 3571/3571 3568/3568 3569/3569
f 3478/3478 3485/3485 3568/3568
f 3572/3572 3478/3478 3568/3568
f 3573/3573 3572/3572 3571/3571
f 3574/3574 3474/3474 3572/3572
f 3575/3575 3576/3576 3577/3577
f 3577/3577 3468/3468 3469/3469
f 3578/3578 3576/3576 3579/3579
f 3580/3580 3468/3468 3576/3576
f 3581/3581 3579/3579 3582/3582
f 3581/3581 3583/3583 3584/3584
f 3585/3585 3579/3579 3575/3575
f 3585/3585 3583/3583 3582/3582
f 3584/3584 3586/3586 3587/3587
f 3588/3588 3586/3586 3583/3583
f 3589/3589 3590/3590 3591/3591
f 3592/3592 3593/3593 3589/3589
f 3590/3590 3594/3594 3595/3595
f 3593/3593 3567/3567 3594/3594
f 3594/3594 3596/3596 3595/3595
f 3567/3567 3597/3597 3594/3594
f 3596/3596 3558/3558 3598/3598
f 3597/3597 3559/3559 3558/3558
f 3595/3595 3599/3599 3600/3600
f 3599/3599 3598/3598 3601/3601
f 3599/3599 3602/3602 3603/3603
f 3600/3600 3603/3603 3604/3604
f 3605/3605 3603/3603 3606/3606
f 3603/3603 3607/3607 3606/3606
f 3608/3608 3607/3607 3602/3602
f 3609/3609 3602/3602 3601/3601
f 3610/3610 3547/3547 3611/3611
f 3612/3612 3546/3546 3547/3547
f 3613/3613 3601/3601 3598/3598
f 3614/3614 3548/3548 3546/3546
f 3615/3615 3598/3598 3558/3558
f 3611/3611 3544/3544 3616/3616
f 3617/3617 3611/3611 3618/3618
f 3618/3618 3616/3616 3619/3619
f 3616/3616 3620/3620 3619/3619
f 3544/3544 3621/3621 3616/3616
f 3620/3620 3622/3622 3623/3623
f 3621/3621 3537/3537 3622/3622
f 3624/3624 3623/3623 3622/3622
f 3625/3625 3622/3622 3537/3537
f 3626/3626 3533/3533 3627/3627
f 3628/3628 3627/3627 3629/3629
f 3630/3630 3034/3034 3623/3623
f 3631/3631 3629/3629 3037/3037
f 3632/3632 3629/3629 3627/3627
f 3042/3042 3629/3629 3633/3633
f 3634/3634 3627/3627 3533/3533
f 3635/3635 3623/3623 3034/3034
f 3619/3619 3635/3635 3636/3636
f 3636/3636 3033/3033 3637/3637
f 3638/3638 3637/3637 3639/3639
f 3618/3618 3636/3636 3638/3638
f 3640/3640 3638/3638 3639/3639
f 3641/3641 3618/3618 3638/3638
f 3642/3642 3643/3643 3644/3644
f 3645/3645 3644/3644 3607/3607
f 3646/3646 3643/3643 3647/3647
f 3606/3606 3644/3644 3646/3646
f 3648/3648 3646/3646 3647/3647
f 3649/3649 3606/3606 3646/3646
f 3650/3650 3648/3648 3651/3651
f 3652/3652 3649/3649 3650/3650
f 3652/3652 3604/3604 3605/3605
f 3653/3653 3650/3650 3654/3654
f 3655/3655 3652/3652 3653/3653
f 3656/3656 3657/3657 3655/3655
f 3657/3657 3600/3600 3604/3604
f 3658/3658 3659/3659 3660/3660
f 3661/3661 3660/3660 3662/3662
f 3663/3663 3662/3662 3586/3586
f 3591/3591 3664/3664 3656/3656
f 3665/3665 3660/3660 3666/3666
f 3587/3587 3662/3662 3665/3665
f 3666/3666 3659/3659 3667/3667
f 3667/3667 3668/3668 3669/3669
f 3670/3670 3668/3668 3671/3671
f 3672/3672 3668/3668 3673/3673
f 3674/3674 3668/3668 3659/3659
f 3675/3675 3650/3650 3651/3651
f 3676/3676 3671/3671 3672/3672
f 3677/3677 3651/3651 3678/3678
f 3679/3679 3678/3678 2904/2904
f 2906/2906 3680/3680 3676/3676
f 2904/2904 3681/3681 3682/3682
f 3678/3678 3648/3648 3681/3681
f 3681/3681 2909/2909 3682/3682
f 3648/3648 3683/3683 3681/3681
f 3647/3647 3684/3684 3683/3683
f 2909/2909 3684/3684 3013/3013
f 3685/3685 3013/3013 3684/3684
f 3686/3686 3684/3684 3643/3643
f 3687/3687 3639/3639 3019/3019
f 3688/3688 3671/3671 3680/3680
f 3689/3689 3680/3680 2905/2905
f 3690/3690 2905/2905 2896/2896
f 3664/3664 3595/3595 3600/3600
f 3019/3019 3637/3637 3022/3022
f 3637/3637 3025/3025 3022/3022
f 3592/3592 3571/3571 3570/3570
f 3691/3691 3490/3490 3563/3563
f 3563/3563 3692/3692 3552/3552
f 3563/3563 3493/3493 3693/3693
f 3693/3693 3554/3554 3692/3692
f 3493/3493 3694/3694 3693/3693
f 3694/3694 3695/3695 3554/3554
f 3497/3497 3696/3696 3694/3694
f 3554/3554 3697/3697 3551/3551
f 3698/3698 3695/3695 3696/3696
f 3699/3699 3697/3697 3695/3695
f 3700/3700 3540/3540 3697/3697
f 3551/3551 3540/3540 3542/3542
f 3701/3701 3524/3524 3527/3527
f 3702/3702 3525/3525 3524/3524
f 3703/3703 3527/3527 3529/3529
f 3704/3704 3522/3522 3525/3525
f 3705/3705 3696/3696 3499/3499
f 3706/3706 3520/3520 3522/3522
f 3707/3707 3510/3510 3520/3520
f 3708/3708 3709/3709 3710/3710
f 3708/3708 3711/3711 3712/3712
f 3712/3712 3713/3713 3714/3714
f 3715/3715 3710/3710 3716/3716
f 3717/3717 3711/3711 3715/3715
f 3718/3718 3713/3713 3717/3717
f 3714/3714 3719/3719 3720/3720
f 3721/3721 3717/3717 3715/3715
f 3722/3722 3718/3718 3717/3717
f 3723/3723 3718/3718 3724/3724
f 3725/3725 3719/3719 3718/3718
f 3725/3725 3726/3726 3727/3727
f 3723/3723 3728/3728 3725/3725
f 3729/3729 3730/3730 3728/3728
f 3728/3728 3731/3731 3726/3726
f 3732/3732 3723/3723 3733/3733
f 3734/3734 3729/3729 3732/3732
f 3735/3735 3732/3732 3733/3733
f 3736/3736 3734/3734 3732/3732
f 3737/3737 3738/3738 3734/3734
f 3738/3738 3739/3739 3734/3734
f 3740/3740 3741/3741 3738/3738
f 3741/3741 3742/3742 3738/3738
f 3739/3739 3743/3743 3730/3730
f 3744/3744 3743/3743 3742/3742
f 3730/3730 3745/3745 3731/3731
f 3743/3743 3746/3746 3745/3745
f 3747/3747 3731/3731 3745/3745
f 3748/3748 3745/3745 3746/3746
f 3749/3749 3750/3750 3746/3746
f 3751/3751 3746/3746 3750/3750
f 3752/3752 3750/3750 3753/3753
f 3754/3754 3753/3753 3755/3755
f 3756/3756 3753/3753 3750/3750
f 3757/3757 3755/3755 3753/3753
f 3758/3758 3756/3756 3759/3759
f 3760/3760 3757/3757 3758/3758
f 3759/3759 3749/3749 3744/3744
f 3761/3761 3759/3759 3762/3762
f 3762/3762 3744/3744 3741/3741
f 3763/3763 3762/3762 3741/3741
f 3764/3764 3761/3761 3762/3762
f 3765/3765 3766/3766 3761/3761
f 3766/3766 3758/3758 3761/3761
f 3767/3767 3764/3764 3768/3768
f 3769/3769 3765/3765 3767/3767
f 3770/3770 3771/3771 3772/3772
f 3773/3773 3774/3774 3769/3769
f 3775/3775 3776/3776 3777/3777
f 3777/3777 3778/3778 3779/3779
f 3780/3780 3774/3774 3781/3781
f 3780/3780 3760/3760 3766/3766
f 3779/3779 3782/3782 3783/3783
f 3784/3784 3760/3760 3785/3785
f 3783/3783 3786/3786 3787/3787
f 3784/3784 3755/3755 3788/3788
f 3789/3789 3786/3786 3790/3790
f 3791/3791 3790/3790 3792/3792
f 3793/3793 3755/3755 3794/3794
f 3792/3792 3795/3795 3796/3796
f 3796/3796 3797/3797 3798/3798
f 3799/3799 3797/3797 3795/3795
f 3799/3799 3790/3790 3786/3786
f 3800/3800 3799/3799 3801/3801
f 3801/3801 3786/3786 3782/3782
f 3802/3802 3801/3801 3803/3803
f 3778/3778 3801/3801 3782/3782
f 3804/3804 3800/3800 3802/3802
f 3805/3805 3806/3806 3800/3800
f 3804/3804 3807/3807 3805/3805
f 3807/3807 3808/3808 3805/3805
f 3808/3808 3809/3809 3810/3810
f 3806/3806 3810/3810 3797/3797
f 3807/3807 3811/3811 3812/3812
f 3811/3811 3809/3809 3812/3812
f 3813/3813 3814/3814 3811/3811
f 3814/3814 3815/3815 3811/3811
f 3816/3816 3817/3817 3814/3814
f 3817/3817 3818/3818 3814/3814
f 3819/3819 3820/3820 3817/3817
f 3817/3817 3821/3821 3822/3822
f 3823/3823 3818/3818 3822/3822
f 3824/3824 3822/3822 3821/3821
f 3825/3825 3821/3821 3826/3826
f 3827/3827 3826/3826 3828/3828
f 3829/3829 3828/3828 3826/3826
f 3820/3820 3826/3826 3821/3821
f 3830/3830 3820/3820 3831/3831
f 3832/3832 3829/3829 3830/3830
f 3833/3833 3832/3832 3830/3830
f 3833/3833 3831/3831 3834/3834
f 3835/3835 3832/3832 3836/3836
f 3832/3832 3837/3837 3838/3838
f 3839/3839 3840/3840 3835/3835
f 3840/3840 3841/3841 3837/3837
f 3841/3841 3842/3842 3837/3837
f 3837/3837 3828/3828 3838/3838
f 3843/3843 3844/3844 3841/3841
f 3844/3844 3845/3845 3841/3841
f 3846/3846 3844/3844 3847/3847
f 3848/3848 3849/3849 3844/3844
f 3850/3850 3848/3848 3846/3846
f 3851/3851 3852/3852 3848/3848
f 3850/3850 3853/3853 3851/3851
f 3851/3851 3854/3854 3855/3855
f 3856/3856 3855/3855 3857/3857
f 3857/3857 3854/3854 3858/3858
f 3858/3858 3859/3859 3860/3860
f 3853/3853 3859/3859 3854/3854
f 3861/3861 3859/3859 3862/3862
f 3863/3863 3862/3862 3859/3859
f 3864/3864 3862/3862 3865/3865
f 3866/3866 3865/3865 3867/3867
f 3868/3868 3865/3865 3862/3862
f 3869/3869 3867/3867 3865/3865
f 3870/3870 3871/3871 3867/3867
f 3872/3872 3867/3867 3871/3871
f 3873/3873 3871/3871 3874/3874
f 3875/3875 3874/3874 3871/3871
f 3876/3876 3874/3874 3877/3877
f 3878/3878 3879/3879 3880/3880
f 3881/3881 3882/3882 3879/3879
f 3883/3883 3874/3874 3884/3884
f 3885/3885 3882/3882 3886/3886
f 3883/3883 3887/3887 3888/3888
f 3887/3887 3875/3875 3889/3889
f 3890/3890 3887/3887 3891/3891
f 3891/3891 3889/3889 3892/3892
f 3889/3889 3870/3870 3893/3893
f 3892/3892 3893/3893 3894/3894
f 3895/3895 3892/3892 3894/3894
f 3896/3896 3891/3891 3892/3892
f 3897/3897 3895/3895 3898/3898
f 3899/3899 3896/3896 3897/3897
f 3900/3900 3901/3901 3899/3899
f 3902/3902 3903/3903 3904/3904
f 3905/3905 3906/3906 3903/3903
f 3903/3903 3907/3907 3908/3908
f 3904/3904 3908/3908 3909/3909
f 3908/3908 3910/3910 3911/3911
f 3909/3909 3911/3911 3885/3885
f 3906/3906 3912/3912 3907/3907
f 3912/3912 3910/3910 3907/3907
f 3913/3913 3914/3914 3910/3910
f 3910/3910 3882/3882 3911/3911
f 3914/3914 3879/3879 3882/3882
f 3914/3914 3915/3915 3916/3916
f 3880/3880 3916/3916 3917/3917
f 3917/3917 3915/3915 3918/3918
f 3918/3918 3919/3919 3920/3920
f 3920/3920 3921/3921 3922/3922
f 3923/3923 3919/3919 3915/3915
f 3924/3924 3921/3921 3919/3919
f 3925/3925 3923/3923 3913/3913
f 3926/3926 3924/3924 3925/3925
f 3927/3927 3926/3926 3925/3925
f 3927/3927 3913/3913 3912/3912
f 3928/3928 3926/3926 3929/3929
f 3926/3926 3930/3930 3931/3931
f 3932/3932 3933/3933 3930/3930
f 3934/3934 3932/3932 3928/3928
f 3935/3935 3928/3928 3929/3929
f 3936/3936 3928/3928 3937/3937
f 3938/3938 3937/3937 3935/3935
f 3939/3939 3937/3937 3940/3940
f 3941/3941 3936/3936 3939/3939
f 3942/3942 3943/3943 3941/3941
f 3943/3943 3934/3934 3936/3936
f 3943/3943 3944/3944 3945/3945
f 3945/3945 3946/3946 3934/3934
f 3944/3944 3947/3947 3945/3945
f 3946/3946 3948/3948 3933/3933
f 3947/3947 3949/3949 3948/3948
f 3948/3948 3950/3950 3951/3951
f 3948/3948 3952/3952 3933/3933
f 3953/3953 3949/3949 3954/3954
f 3949/3949 3955/3955 3950/3950
f 3956/3956 3951/3951 3950/3950
f 3957/3957 3950/3950 3955/3955
f 3958/3958 3955/3955 3709/3709
f 3959/3959 3709/3709 3955/3955
f 3716/3716 3709/3709 3960/3960
f 3961/3961 3959/3959 3953/3953
f 3961/3961 3716/3716 3960/3960
f 3962/3962 3961/3961 3953/3953
f 3963/3963 3961/3961 3964/3964
f 3965/3965 3966/3966 3963/3963
f 3966/3966 3715/3715 3716/3716
f 3965/3965 3722/3722 3721/3721
f 3967/3967 3963/3963 3968/3968
f 3969/3969 3965/3965 3967/3967
f 3970/3970 3971/3971 3969/3969
f 3971/3971 3724/3724 3722/3722
f 3972/3972 3969/3969 3967/3967
f 3973/3973 3970/3970 3969/3969
f 3974/3974 3735/3735 3970/3970
f 3975/3975 3736/3736 3735/3735
f 3970/3970 3733/3733 3976/3976
f 3977/3977 3737/3737 3736/3736
f 3978/3978 3737/3737 3979/3979
f 3980/3980 3740/3740 3978/3978
f 3768/3768 3763/3763 3980/3980
f 3981/3981 3967/3967 3968/3968
f 3981/3981 3982/3982 3983/3983
f 3983/3983 3984/3984 3985/3985
f 3985/3985 3986/3986 3942/3942
f 3984/3984 3964/3964 3962/3962
f 3986/3986 3962/3962 3944/3944
f 3962/3962 3954/3954 3944/3944
f 3982/3982 3963/3963 3964/3964
f 3976/3976 3723/3723 3724/3724
f 3987/3987 3952/3952 3951/3951
f 3988/3988 3989/3989 3952/3952
f 3933/3933 3989/3989 3930/3930
f 3922/3922 3989/3989 3990/3990
f 3930/3930 3921/3921 3931/3931
f 3991/3991 3935/3935 3992/3992
f 3993/3993 3992/3992 3994/3994
f 3995/3995 3994/3994 3906/3906
f 3994/3994 3927/3927 3912/3912
f 3992/3992 3929/3929 3927/3927
f 3890/3890 3901/3901 3996/3996
f 3898/3898 3997/3997 3998/3998
f 3998/3998 3999/3999 4000/4000
f 4000/4000 4001/4001 4002/4002
f 3999/3999 4003/4003 4001/4001
f 3999/3999 4004/4004 4005/4005
f 4005/4005 4006/4006 4003/4003
f 4004/4004 4007/4007 4005/4005
f 4006/4006 3868/3868 3863/3863
f 4008/4008 3868/3868 4007/4007
f 4004/4004 3893/3893 4008/4008
f 3893/3893 3869/3869 4008/4008
f 4003/4003 4009/4009 4010/4010
f 4009/4009 3863/3863 3853/3853
f 4010/4010 3850/3850 4011/4011
f 4012/4012 4010/4010 4011/4011
f 4013/4013 4003/4003 4010/4010
f 4014/4014 4011/4011 4015/4015
f 4015/4015 3850/3850 3846/3846
f 4014/4014 4016/4016 4017/4017
f 4016/4016 3846/3846 3847/3847
f 4017/4017 3839/3839 4018/4018
f 3839/3839 3847/3847 3843/3843
f 4018/4018 3835/3835 4019/4019
f 4020/4020 4018/4018 4019/4019
f 4021/4021 4017/4017 4018/4018
f 4022/4022 4014/4014 4017/4017
f 4023/4023 4012/4012 4014/4014
f 4024/4024 4013/4013 4012/4012
f 4025/4025 4001/4001 4013/4013
f 4020/4020 4026/4026 4027/4027
f 4027/4027 4028/4028 4029/4029
f 4028/4028 3836/3836 3833/3833
f 4026/4026 3835/3835 3836/3836
f 4030/4030 3833/3833 3834/3834
f 4029/4029 4030/4030 4031/4031
f 4032/4032 3834/3834 4033/4033
f 4031/4031 4032/4032 4034/4034
f 3834/3834 3819/3819 4033/4033
f 4032/4032 4035/4035 4036/4036
f 4033/4033 3816/3816 4035/4035
f 4036/4036 4037/4037 4038/4038
f 4035/4035 3813/3813 4037/4037
f 4039/4039 4037/4037 4040/4040
f 4037/4037 3807/3807 4040/4040
f 4041/4041 4038/4038 4039/4039
f 4042/4042 4038/4038 4043/4043
f 4034/4034 4036/4036 4042/4042
f 4044/4044 4039/4039 4045/4045
f 4046/4046 4045/4045 4047/4047
f 4048/4048 4047/4047 4049/4049
f 4049/4049 3802/3802 3803/3803
f 4047/4047 3804/3804 3802/3802
f 3776/3776 3803/3803 3778/3778
f 4050/4050 4049/4049 3776/3776
f 4045/4045 4040/4040 3804/3804
f 3997/3997 3894/3894 4004/4004
f 4051/4051 3852/3852 3856/3856
f 4052/4052 3849/3849 4051/4051
f 4053/4053 3845/3845 4052/4052
f 4053/4053 3828/3828 3842/3842
f 4054/4054 3815/3815 3818/3818
f 4055/4055 3815/3815 4056/4056
f 4057/4057 3809/3809 4055/4055
f 3798/3798 3810/3810 4057/4057
f 4058/4058 3731/3731 4059/4059
f 4060/4060 3726/3726 4058/4058
f 3720/3720 3727/3727 4060/4060
f 3494/3494 3427/3427 3498/3498
f 3492/3492 3428/3428 3494/3494
f 4061/4061 3431/3431 3492/3492
f 4062/4062 4063/4063 3476/3476
f 3452/3452 4063/4063 4064/4064
f 4063/4063 3445/3445 3443/3443
f 3471/3471 3461/3461 4065/4065
f 4066/4066 3299/3299 3457/3457
f 3283/3283 3293/3293 4066/4066
f 4067/4067 3437/3437 3448/3448
f 4068/4068 3448/3448 3363/3363
f 4069/4069 3372/3372 3432/3432
f 3372/3372 3426/3426 3432/3432
f 3150/3150 3387/3387 3386/3386
f 4070/4070 3386/3386 4071/4071
f 3350/3350 3150/3150 3386/3386
f 4072/4072 3350/3350 4070/4070
f 4073/4073 3368/3368 4074/4074
f 4075/4075 3384/3384 3368/3368
f 3348/3348 3151/3151 3150/3150
f 3259/3259 3328/3328 3322/3322
f 4076/4076 3237/3237 3247/3247
f 4077/4077 3238/3238 4076/4076
f 2837/2837 3238/3238 2834/2834
f 3190/3190 3223/3223 3211/3211
f 2841/2841 3220/3220 3221/3221
f 2846/2846 3220/3220 2844/2844
f 2850/2850 3219/3219 2846/2846
f 3192/3192 3205/3205 3195/3195
f 3208/3208 2953/2953 4078/4078
f 2953/2953 3207/3207 4078/4078
f 3204/3204 3092/3092 3091/3091
f 3207/3207 2957/2957 3092/3092
f 4079/4079 3092/3092 2957/2957
f 4080/4080 2957/2957 2958/2958
f 4081/4081 3114/3114 3098/3098
f 3194/3194 3168/3168 4082/4082
f 3168/3168 3113/3113 3116/3116
f 3169/3169 3116/3116 3120/3120
f 3188/3188 4082/4082 3170/3170
f 4083/4083 3027/3027 3054/3054
f 4083/4083 3021/3021 3024/3024
f 3005/3005 3021/3021 4084/4084
f 2996/2996 4085/4085 4086/4086
f 4087/4087 2928/2928 2925/2925
f 4088/4088 2929/2929 2928/2928
f 4086/4086 4089/4089 4090/4090
f 4091/4091 2942/2942 2929/2929
f 4090/4090 2951/2951 4092/4092
f 4089/4089 2959/2959 2951/2951
f 4089/4089 2962/2962 2963/2963
f 2932/2932 2929/2929 2942/2942
f 4085/4085 2966/2966 2962/2962
f 4093/4093 2916/2916 2881/2881
f 4094/4094 2847/2847 2836/2836
f 4095/4095 210/210 218/218
f 4096/4096 207/207 4095/4095
f 4097/4097 206/206 4096/4096
f 200/200 4098/4098 201/201
f 4099/4099 4098/4098 4100/4100
f 4101/4101 4098/4098 4097/4097
f 4102/4102 4103/4103 4104/4104
f 4104/4104 4105/4105 4106/4106
f 4107/4107 4108/4108 4103/4103
f 4109/4109 4110/4110 4108/4108
f 168/168 4110/4110 167/167
f 4105/4105 4108/4108 168/168
f 170/170 4105/4105 168/168
f 4111/4111 4105/4105 4112/4112
f 4113/4113 4112/4112 176/176
f 4099/4099 194/194 201/201
f 167/167 158/158 160/160
f 4114/4114 158/158 4110/4110
f 4115/4115 176/176 174/174
f 4116/4116 147/147 149/149
f 4117/4117 4118/4118 4116/4116
f 4119/4119 4120/4120 4117/4117
f 107/107 4121/4121 108/108
f 4122/4122 4120/4120 107/107
f 116/116 4122/4122 107/107
f 144/144 4118/4118 4122/4122
f 142/142 4122/4122 115/115
f 4123/4123 142/142 115/115
f 106/106 4121/4121 98/98
f 97/97 4121/4121 4119/4119
f 133/133 4123/4123 114/114
f 4124/4124 4125/4125 91/91
f 4126/4126 4127/4127 4125/4125
f 4128/4128 4127/4127 4129/4129
f 4130/4130 4131/4131 60/60
f 4132/4132 4127/4127 4130/4130
f 68/68 4130/4130 61/61
f 88/88 4125/4125 4132/4132
f 85/85 4132/4132 68/68
f 4133/4133 85/85 68/68
f 50/50 4131/4131 4128/4128
f 60/60 49/49 52/52
f 77/77 4133/4133 66/66
f 4134/4134 4135/4135 69/69
f 4136/4136 4137/4137 4134/4134
f 10/10 4138/4138 4136/4136
f 4136/4136 64/64 4139/4139
f 10/10 4139/4139 2/2
f 4139/4139 55/55 2/2
f 64/64 56/56 4139/4139
f 4134/4134 63/63 64/64
f 4/4 53/53 27/27
f 27/27 41/41 30/30
f 1/1 10/10 2/2
f 2/2 55/55 4/4
f 5/5 7/7 3/3
f 6/6 1/1 3/3
f 6/6 4140/4140 8/8
f 1/1 8/8 9/9
f 4141/4141 4142/4142 4143/4143
f 4142/4142 4144/4144 4143/4143
f 4144/4144 4145/4145 4146/4146
f 4145/4145 4147/4147 4146/4146
f 4147/4147 4148/4148 4149/4149
f 4148/4148 4150/4150 4151/4151
f 4149/4149 4148/4148 4151/4151
f 4150/4150 4152/4152 4153/4153
f 4152/4152 4154/4154 4153/4153
f 4154/4154 4155/4155 4156/4156
f 4155/4155 4157/4157 4158/4158
f 4156/4156 4155/4155 4158/4158
f 4157/4157 4159/4159 4160/4160
f 4159/4159 4161/4161 4160/4160
f 4161/4161 4162/4162 4163/4163
f 4162/4162 11/11 13/13
f 4163/4163 4162/4162 13/13
f 11/11 4164/4164 4165/4165
f 4164/4164 4166/4166 4165/4165
f 4166/4166 4167/4167 4168/4168
f 4167/4167 4169/4169 4170/4170
f 4169/4169 4171/4171 4172/4172
f 4171/4171 4173/4173 4172/4172
f 4173/4173 4174/4174 4175/4175
f 4174/4174 4176/4176 4177/4177
f 4176/4176 4178/4178 4179/4179
f 4178/4178 4180/4180 4179/4179
f 4180/4180 4181/4181 4182/4182
f 4181/4181 4183/4183 4184/4184
f 4182/4182 4181/4181 4184/4184
f 4183/4183 4185/4185 4184/4184
f 4146/4146 4143/4143 4144/4144
f 4180/4180 4182/4182 4179/4179
f 4149/4149 4146/4146 4147/4147
f 4176/4176 4179/4179 4177/4177
f 4174/4174 4177/4177 4175/4175
f 4186/4186 4151/4151 4150/4150
f 4153/4153 4186/4186 4150/4150
f 4173/4173 4175/4175 4187/4187
f 4173/4173 4187/4187 4172/4172
f 4156/4156 4153/4153 4154/4154
f 4169/4169 4172/4172 4170/4170
f 4167/4167 4170/4170 4168/4168
f 4188/4188 4158/4158 4157/4157
f 4160/4160 4188/4188 4157/4157
f 4166/4166 4168/4168 4189/4189
f 4166/4166 4189/4189 4165/4165
f 4163/4163 4160/4160 4161/4161
f 11/11 4165/4165 12/12
f 14/14 19/19 15/15
f 17/17 356/356 16/16
f 15/15 20/20 18/18
f 19/19 22/22 20/20
f 20/20 23/23 21/21
f 22/22 24/24 23/23
f 24/24 31/31 25/25
f 23/23 25/25 26/26
f 5/5 4/4 27/27
f 29/29 28/28 27/27
f 31/31 36/36 32/32
f 29/29 30/30 33/33
f 35/35 40/40 32/32
f 37/37 34/34 33/33
f 39/39 284/284 40/40
f 41/41 42/42 33/33
f 38/38 33/33 42/42
f 4190/4190 4191/4191 4192/4192
f 4192/4192 4193/4193 4194/4194
f 4193/4193 4195/4195 4196/4196
f 4194/4194 4193/4193 4196/4196
f 4195/4195 4197/4197 4198/4198
f 4197/4197 4199/4199 4198/4198
f 4199/4199 4200/4200 4201/4201
f 4200/4200 4202/4202 4203/4203
f 4201/4201 4200/4200 4203/4203
f 4202/4202 4204/4204 4205/4205
f 4204/4204 4206/4206 4205/4205
f 4206/4206 4207/4207 4208/4208
f 4207/4207 46/46 4209/4209
f 4208/4208 4207/4207 4209/4209
f 46/46 4210/4210 44/44
f 4210/4210 4211/4211 4212/4212
f 4211/4211 4213/4213 4214/4214
f 4213/4213 4215/4215 4214/4214
f 4215/4215 4216/4216 4217/4217
f 4216/4216 4218/4218 4219/4219
f 4218/4218 4220/4220 4221/4221
f 4220/4220 4222/4222 4223/4223
f 4221/4221 4220/4220 4223/4223
f 4222/4222 4224/4224 4225/4225
f 4224/4224 4226/4226 4227/4227
f 4226/4226 4228/4228 4229/4229
f 4228/4228 4230/4230 4231/4231
f 4229/4229 4228/4228 4231/4231
f 4230/4230 2832/2832 4232/4232
f 4230/4230 4232/4232 4231/4231
f 4224/4224 4227/4227 4225/4225
f 4216/4216 4219/4219 4217/4217
f 4210/4210 4212/4212 44/44
f 4205/4205 4206/4206 4208/4208
f 4198/4198 4199/4199 4201/4201
f 4190/4190 4192/4192 4194/4194
f 4226/4226 4229/4229 4227/4227
f 4233/4233 4196/4196 4195/4195
f 4233/4233 4195/4195 4198/4198
f 4222/4222 4225/4225 4223/4223
f 4218/4218 4221/4221 4219/4219
f 4234/4234 4203/4203 4202/4202
f 4205/4205 4234/4234 4202/4202
f 4215/4215 4217/4217 4235/4235
f 4211/4211 4214/4214 4212/4212
f 4215/4215 4235/4235 4214/4214
f 45/45 4209/4209 46/46
f 43/43 42/42 47/47
f 48/48 47/47 49/49
f 51/51 47/47 42/42
f 52/52 49/49 47/47
f 53/53 54/54 51/51
f 54/54 57/57 52/52
f 55/55 56/56 54/54
f 56/56 58/58 57/57
f 58/58 62/62 59/59
f 57/57 59/59 60/60
f 61/61 4130/4130 60/60
f 62/62 67/67 61/61
f 63/63 62/62 58/58
f 65/65 67/67 62/62
f 66/66 4133/4133 67/67
f 67/67 4133/4133 68/68
f 69/69 71/71 65/65
f 70/70 66/66 65/65
f 69/69 4135/4135 72/72
f 71/71 72/72 73/73
f 70/70 73/73 74/74
f 75/75 77/77 66/66
f 76/76 81/81 77/77
f 75/75 74/74 78/78
f 76/76 78/78 79/79
f 80/80 128/128 81/81
f 81/81 84/84 82/82
f 81/81 128/128 83/83
f 84/84 86/86 85/85
f 83/83 89/89 86/86
f 85/85 86/86 87/87
f 89/89 99/99 87/87
f 88/88 87/87 90/90
f 87/87 99/99 92/92
f 93/93 4124/4124 91/91
f 94/94 93/93 90/90
f 95/95 94/94 92/92
f 97/97 95/95 96/96
f 99/99 100/100 96/96
f 100/100 106/106 98/98
f 101/101 100/100 99/99
f 102/102 106/106 100/100
f 103/103 104/104 102/102
f 103/103 101/101 89/89
f 104/104 110/110 105/105
f 105/105 108/108 106/106
f 105/105 116/116 107/107
f 109/109 116/116 105/105
f 111/111 110/110 104/104
f 113/113 109/109 110/110
f 114/114 4123/4123 109/109
f 109/109 4123/4123 115/115
f 117/117 118/118 113/113
f 118/118 121/121 114/114
f 117/117 123/123 119/119
f 118/118 119/119 120/120
f 122/122 125/125 123/123
f 124/124 126/126 125/125
f 80/80 79/79 126/126
f 122/122 112/112 127/127
f 124/124 127/127 128/128
f 128/128 127/127 103/103
f 127/127 112/112 104/104
f 122/122 117/117 111/111
f 121/121 120/120 129/129
f 130/130 129/129 131/131
f 121/121 130/130 133/133
f 130/130 132/132 134/134
f 132/132 137/137 135/135
f 132/132 131/131 136/136
f 133/133 134/134 138/138
f 134/134 135/135 140/140
f 139/139 138/138 141/141
f 138/138 140/140 143/143
f 141/141 145/145 144/144
f 143/143 159/159 145/145
f 144/144 145/145 146/146
f 145/145 159/159 148/148
f 149/149 147/147 146/146
f 150/150 146/146 148/148
f 4232/4232 2832/2832 4077/4077
f 4077/4077 4236/4236 4237/4237
f 4236/4236 4238/4238 4239/4239
f 4238/4238 4240/4240 4241/4241
f 4240/4240 4242/4242 4243/4243
f 4238/4238 4241/4241 4239/4239
f 4242/4242 4244/4244 4245/4245
f 4244/4244 4246/4246 4247/4247
f 4245/4245 4244/4244 4247/4247
f 4246/4246 4248/4248 4249/4249
f 4248/4248 4250/4250 4251/4251
f 4246/4246 4249/4249 4247/4247
f 4250/4250 4252/4252 4253/4253
f 4252/4252 4254/4254 4255/4255
f 4253/4253 4252/4252 4255/4255
f 4254/4254 4256/4256 4257/4257
f 4256/4256 152/152 154/154
f 4254/4254 4257/4257 4255/4255
f 152/152 4258/4258 153/153
f 4258/4258 4259/4259 4260/4260
f 4259/4259 4261/4261 4262/4262
f 4261/4261 4263/4263 4262/4262
f 4263/4263 4264/4264 4265/4265
f 4264/4264 4266/4266 4267/4267
f 4266/4266 4268/4268 4269/4269
f 4268/4268 4270/4270 4269/4269
f 4270/4270 4271/4271 4272/4272
f 4271/4271 4273/4273 4274/4274
f 4273/4273 4275/4275 4274/4274
f 4275/4275 4191/4191 4276/4276
f 4274/4274 4275/4275 4276/4276
f 4191/4191 4190/4190 4276/4276
f 4271/4271 4274/4274 4272/4272
f 4264/4264 4267/4267 4265/4265
f 4258/4258 4260/4260 153/153
f 4236/4236 4239/4239 4237/4237
f 4237/4237 4232/4232 4077/4077
f 4241/4241 4240/4240 4243/4243
f 4270/4270 4272/4272 4277/4277
f 4270/4270 4277/4277 4269/4269
f 4245/4245 4243/4243 4242/4242
f 4266/4266 4269/4269 4267/4267
f 4249/4249 4248/4248 4251/4251
f 4263/4263 4265/4265 4278/4278
f 4259/4259 4262/4262 4260/4260
f 4263/4263 4278/4278 4262/4262
f 4251/4251 4250/4250 4253/4253
f 4257/4257 4256/4256 154/154
f 155/155 151/151 148/148
f 157/157 155/155 156/156
f 159/159 161/161 156/156
f 160/160 158/158 156/156
f 162/162 161/161 159/159
f 162/162 166/166 160/160
f 140/140 164/164 162/162
f 163/163 166/166 162/162
f 163/163 169/169 165/165
f 166/166 165/165 167/167
f 165/165 170/170 168/168
f 169/169 175/175 170/170
f 171/171 169/169 163/163
f 173/173 175/175 169/169
f 174/174 176/176 175/175
f 176/176 4112/4112 170/170
f 177/177 173/173 171/171
f 179/179 174/174 173/173
f 178/178 2780/2780 180/180
f 177/177 180/180 181/181
f 182/182 183/183 179/179
f 183/183 4115/4115 174/174
f 184/184 188/188 185/185
f 184/184 4279/4279 187/187
f 188/188 187/187 189/189
f 188/188 190/190 191/191
f 192/192 186/186 185/185
f 191/191 198/198 193/193
f 192/192 193/193 194/194
f 193/193 198/198 196/196
f 197/197 205/205 198/198
f 198/198 205/205 199/199
f 194/194 196/196 200/200
f 196/196 199/199 202/202
f 199/199 208/208 203/203
f 204/204 208/208 199/199
f 202/202 207/207 206/206
f 203/203 210/210 207/207
f 208/208 212/212 209/209
f 209/209 214/214 210/210
f 211/211 213/213 209/209
f 213/213 216/216 214/214
f 215/215 214/214 216/216
f 218/218 210/210 214/214
f 219/219 217/217 216/216
f 221/221 220/220 216/216
f 222/222 219/219 220/220
f 224/224 223/223 220/220
f 225/225 221/221 213/213
f 226/226 224/224 221/221
f 227/227 228/228 225/225
f 228/228 230/230 226/226
f 229/229 233/233 226/226
f 226/226 233/233 231/231
f 232/232 238/238 233/233
f 233/233 238/238 234/234
f 224/224 231/231 235/235
f 231/231 234/234 236/236
f 237/237 241/241 234/234
f 234/234 241/241 239/239
f 240/240 244/244 241/241
f 241/241 244/244 242/242
f 243/243 247/247 244/244
f 244/244 247/247 245/245
f 243/243 258/258 246/246
f 246/246 250/250 245/245
f 248/248 242/242 245/245
f 249/249 245/245 250/250
f 251/251 250/250 252/252
f 254/254 252/252 250/250
f 253/253 252/252 255/255
f 257/257 255/255 252/252
f 258/258 260/260 254/254
f 259/259 257/257 254/254
f 261/261 262/262 260/260
f 262/262 263/263 259/259
f 263/263 265/265 264/264
f 264/264 267/267 257/257
f 265/265 295/295 266/266
f 266/266 271/271 267/267
f 267/267 271/271 268/268
f 257/257 267/267 269/269
f 270/270 274/274 271/271
f 271/271 274/274 272/272
f 270/270 275/275 273/273
f 273/273 277/277 272/272
f 275/275 278/278 276/276
f 276/276 280/280 277/277
f 278/278 26/26 279/279
f 279/279 283/283 280/280
f 281/281 285/285 277/277
f 282/282 281/281 280/280
f 284/284 282/282 283/283
f 32/32 40/40 283/283
f 285/285 286/286 272/272
f 286/286 288/288 268/268
f 287/287 269/269 268/268
f 256/256 255/255 269/269
f 289/289 290/290 278/278
f 290/290 21/21 26/26
f 291/291 290/290 289/289
f 18/18 21/21 290/290
f 292/292 289/289 293/293
f 289/289 275/275 270/270
f 294/294 293/293 295/295
f 295/295 293/293 270/270
f 297/297 296/296 295/295
f 298/298 294/294 296/296
f 300/300 299/299 296/296
f 301/301 300/300 297/297
f 302/302 297/297 265/265
f 302/302 263/263 262/262
f 304/304 301/301 302/302
f 304/304 311/311 305/305
f 301/301 305/305 306/306
f 4185/4185 4183/4183 4280/4280
f 4183/4183 4281/4281 4280/4280
f 4281/4281 4282/4282 4283/4283
f 4282/4282 4284/4284 4283/4283
f 4284/4284 4285/4285 4286/4286
f 4285/4285 4287/4287 4288/4288
f 4286/4286 4285/4285 4288/4288
f 4287/4287 4289/4289 4290/4290
f 4289/4289 4291/4291 4290/4290
f 4291/4291 4292/4292 4293/4293
f 4292/4292 4294/4294 4295/4295
f 4293/4293 4292/4292 4295/4295
f 4294/4294 4296/4296 4297/4297
f 4296/4296 4298/4298 4297/4297
f 4298/4298 4299/4299 4300/4300
f 4299/4299 307/307 309/309
f 4300/4300 4299/4299 309/309
f 307/307 4301/4301 4302/4302
f 4301/4301 4303/4303 4302/4302
f 4303/4303 4304/4304 4305/4305
f 4304/4304 4306/4306 4307/4307
f 4306/4306 4308/4308 4309/4309
f 4308/4308 4310/4310 4309/4309
f 4310/4310 4311/4311 4312/4312
f 4311/4311 4313/4313 4314/4314
f 4313/4313 4315/4315 4316/4316
f 4315/4315 4317/4317 4316/4316
f 4317/4317 4318/4318 4319/4319
f 4318/4318 4142/4142 4320/4320
f 4319/4319 4318/4318 4320/4320
f 4142/4142 4141/4141 4320/4320
f 4283/4283 4280/4280 4281/4281
f 4317/4317 4319/4319 4316/4316
f 4286/4286 4283/4283 4284/4284
f 4313/4313 4316/4316 4314/4314
f 4311/4311 4314/4314 4312/4312
f 4321/4321 4288/4288 4287/4287
f 4290/4290 4321/4321 4287/4287
f 4310/4310 4312/4312 4322/4322
f 4310/4310 4322/4322 4309/4309
f 4293/4293 4290/4290 4291/4291
f 4306/4306 4309/4309 4307/4307
f 4304/4304 4307/4307 4305/4305
f 4323/4323 4295/4295 4294/4294
f 4297/4297 4323/4323 4294/4294
f 4303/4303 4305/4305 4324/4324
f 4303/4303 4324/4324 4302/4302
f 4300/4300 4297/4297 4298/4298
f 307/307 4302/4302 308/308
f 310/310 313/313 311/311
f 312/312 317/317 313/313
f 310/310 304/304 303/303
f 312/312 310/310 314/314
f 316/316 349/349 317/317
f 316/316 312/312 315/315
f 315/315 320/320 319/319
f 314/314 261/261 320/320
f 319/319 320/320 243/243
f 261/261 258/258 243/243
f 303/303 262/262 261/261
f 321/321 318/318 319/319
f 322/322 319/319 240/240
f 323/323 321/321 322/322
f 322/322 237/237 238/238
f 324/324 323/323 232/232
f 325/325 321/321 323/323
f 326/326 323/323 324/324
f 327/327 324/324 328/328
f 324/324 229/229 230/230
f 328/328 230/230 228/228
f 329/329 328/328 330/330
f 331/331 335/335 332/332
f 329/329 332/332 333/333
f 334/334 337/337 335/335
f 336/336 341/341 337/337
f 331/331 330/330 338/338
f 336/336 334/334 338/338
f 340/340 346/346 341/341
f 340/340 336/336 339/339
f 339/339 343/343 204/204
f 339/339 338/338 227/227
f 204/204 343/343 212/212
f 343/343 227/227 211/211
f 330/330 228/228 227/227
f 342/342 204/204 205/205
f 344/344 340/340 342/342
f 190/190 344/344 197/197
f 190/190 189/189 345/345
f 344/344 345/345 346/346
f 327/327 333/333 347/347
f 326/326 347/347 348/348
f 325/325 348/348 349/349
f 316/316 318/318 321/321
f 300/300 306/306 350/350
f 4325/4325 298/298 351/351
f 298/298 299/299 351/351
f 298/298 4325/4325 352/352
f 353/353 352/352 354/354
f 353/353 292/292 294/294
f 355/355 291/291 292/292
f 355/355 354/354 356/356
f 17/17 18/18 291/291
f 4326/4326 366/366 359/359
f 366/366 357/357 359/359
f 360/360 2826/2826 358/358
f 361/361 364/364 362/362
f 364/364 370/370 365/365
f 366/366 4326/4326 367/367
f 369/369 372/372 365/365
f 371/371 373/373 365/365
f 373/373 2828/2828 362/362
f 374/374 373/373 371/371
f 376/376 2828/2828 373/373
f 377/377 374/374 375/375
f 377/377 381/381 376/376
f 379/379 380/380 377/377
f 380/380 383/383 381/381
f 382/382 390/390 381/381
f 381/381 390/390 384/384
f 385/385 383/383 380/380
f 387/387 382/382 383/383
f 388/388 389/389 382/382
f 389/389 393/393 390/390
f 391/391 2264/2264 389/389
f 389/389 2264/2264 392/392
f 390/390 393/393 394/394
f 393/393 392/392 395/395
f 394/394 397/397 396/396
f 395/395 401/401 397/397
f 396/396 397/397 398/398
f 397/397 401/401 399/399
f 395/395 404/404 400/400
f 400/400 403/403 399/399
f 402/402 412/412 403/403
f 402/402 400/400 404/404
f 406/406 2270/2270 407/407
f 409/409 408/408 407/407
f 411/411 2822/2822 403/403
f 413/413 409/409 410/410
f 415/415 416/416 410/410
f 414/414 410/410 416/416
f 415/415 433/433 418/418
f 417/417 416/416 418/418
f 420/420 2816/2816 421/421
f 422/422 421/421 423/423
f 424/424 423/423 425/425
f 426/426 425/425 427/427
f 419/419 418/418 429/429
f 430/430 429/429 431/431
f 433/433 434/434 429/429
f 434/434 441/441 431/431
f 435/435 434/434 433/433
f 437/437 441/441 434/434
f 438/438 439/439 435/435
f 439/439 443/443 437/437
f 440/440 2809/2809 441/441
f 442/442 440/440 437/437
f 444/444 443/443 439/439
f 444/444 446/446 442/442
f 446/446 455/455 447/447
f 447/447 2810/2810 440/440
f 448/448 450/450 446/446
f 449/449 455/455 446/446
f 4327/4327 4328/4328 4329/4329
f 4328/4328 4330/4330 4329/4329
f 4330/4330 4331/4331 4332/4332
f 4331/4331 4333/4333 4334/4334
f 4332/4332 4331/4331 4334/4334
f 4333/4333 4335/4335 4336/4336
f 4335/4335 4337/4337 4338/4338
f 4333/4333 4336/4336 4334/4334
f 4337/4337 4339/4339 4340/4340
f 4339/4339 4341/4341 4342/4342
f 4340/4340 4339/4339 4342/4342
f 4341/4341 4343/4343 4344/4344
f 4343/4343 4345/4345 4346/4346
f 4341/4341 4344/4344 4342/4342
f 4345/4345 4347/4347 4348/4348
f 4347/4347 453/453 452/452
f 4348/4348 4347/4347 452/452
f 453/453 4349/4349 451/451
f 4349/4349 4350/4350 4351/4351
f 451/451 4349/4349 4351/4351
f 4350/4350 4352/4352 4353/4353
f 4352/4352 4354/4354 4355/4355
f 4354/4354 4356/4356 4357/4357
f 4356/4356 4358/4358 4359/4359
f 4357/4357 4356/4356 4359/4359
f 4358/4358 4360/4360 4361/4361
f 4360/4360 4362/4362 4363/4363
f 4362/4362 4364/4364 4365/4365
f 4364/4364 4366/4366 4367/4367
f 4365/4365 4364/4364 4367/4367
f 4366/4366 4368/4368 4369/4369
f 4368/4368 4370/4370 4371/4371
f 4370/4370 4372/4372 4373/4373
f 4370/4370 4373/4373 4371/4371
f 4332/4332 4329/4329 4330/4330
f 4368/4368 4371/4371 4369/4369
f 4366/4366 4369/4369 4367/4367
f 4336/4336 4335/4335 4338/4338
f 4362/4362 4365/4365 4363/4363
f 4340/4340 4338/4338 4337/4337
f 4360/4360 4363/4363 4361/4361
f 4358/4358 4361/4361 4359/4359
f 4344/4344 4343/4343 4346/4346
f 4354/4354 4357/4357 4355/4355
f 4348/4348 4346/4346 4345/4345
f 4352/4352 4355/4355 4353/4353
f 4350/4350 4353/4353 4351/4351
f 454/454 457/457 455/455
f 456/456 459/459 457/457
f 458/458 461/461 459/459
f 459/459 462/462 460/460
f 461/461 464/464 462/462
f 463/463 2793/2793 464/464
f 465/465 463/463 461/461
f 464/464 2793/2793 466/466
f 464/464 467/467 468/468
f 468/468 467/467 469/469
f 466/466 472/472 469/469
f 469/469 473/473 471/471
f 472/472 476/476 473/473
f 474/474 2814/2814 471/471
f 475/475 474/474 473/473
f 477/477 2797/2797 478/478
f 479/479 478/478 480/480
f 481/481 480/480 482/482
f 483/483 482/482 484/484
f 486/486 475/475 476/476
f 486/486 487/487 488/488
f 485/485 484/484 490/490
f 489/489 488/488 492/492
f 494/494 488/488 487/487
f 494/494 498/498 492/492
f 493/493 492/492 496/496
f 498/498 501/501 496/496
f 497/497 496/496 499/499
f 501/501 506/506 499/499
f 502/502 501/501 498/498
f 504/504 506/506 501/501
f 505/505 2769/2769 506/506
f 506/506 2769/2769 507/507
f 508/508 510/510 504/504
f 509/509 505/505 504/504
f 511/511 510/510 508/508
f 511/511 513/513 509/509
f 513/513 515/515 514/514
f 514/514 518/518 505/505
f 515/515 523/523 516/516
f 514/514 516/516 517/517
f 519/519 523/523 515/515
f 521/521 520/520 515/515
f 522/522 525/525 523/523
f 524/524 526/526 525/525
f 525/525 527/527 516/516
f 526/526 531/531 527/527
f 516/516 527/527 528/528
f 527/527 531/531 529/529
f 526/526 534/534 530/530
f 531/531 530/530 532/532
f 533/533 2587/2587 532/532
f 534/534 538/538 533/533
f 535/535 534/534 526/526
f 536/536 538/538 534/534
f 537/537 2582/2582 538/538
f 539/539 2740/2740 540/540
f 4373/4373 4372/4372 4374/4374
f 4372/4372 4375/4375 4374/4374
f 4375/4375 4376/4376 4377/4377
f 4376/4376 4378/4378 4377/4377
f 4378/4378 4379/4379 4380/4380
f 4379/4379 4381/4381 4382/4382
f 4380/4380 4379/4379 4382/4382
f 4381/4381 4383/4383 4384/4384
f 4383/4383 4385/4385 4384/4384
f 4385/4385 4386/4386 4387/4387
f 4386/4386 4388/4388 4389/4389
f 4387/4387 4386/4386 4389/4389
f 4388/4388 4390/4390 4391/4391
f 4390/4390 4392/4392 4391/4391
f 4392/4392 2704/2704 544/544
f 2704/2704 542/542 544/544
f 542/542 4393/4393 4394/4394
f 4393/4393 4395/4395 4396/4396
f 4395/4395 4397/4397 4398/4398
f 4397/4397 4399/4399 4398/4398
f 4399/4399 4400/4400 4401/4401
f 4400/4400 4402/4402 4403/4403
f 4402/4402 4404/4404 4405/4405
f 4404/4404 4406/4406 4405/4405
f 4406/4406 4407/4407 4408/4408
f 4407/4407 4409/4409 4410/4410
f 4409/4409 4328/4328 4327/4327
f 4409/4409 4327/4327 4410/4410
f 4377/4377 4374/4374 4375/4375
f 4407/4407 4410/4410 4408/4408
f 4380/4380 4377/4377 4378/4378
f 4406/4406 4408/4408 4411/4411
f 4406/4406 4411/4411 4405/4405
f 4402/4402 4405/4405 4403/4403
f 4412/4412 4382/4382 4381/4381
f 4384/4384 4412/4412 4381/4381
f 4400/4400 4403/4403 4401/4401
f 4387/4387 4384/4384 4385/4385
f 4399/4399 4401/4401 4413/4413
f 4399/4399 4413/4413 4398/4398
f 4395/4395 4398/4398 4396/4396
f 4414/4414 4389/4389 4388/4388
f 4391/4391 4414/4414 4388/4388
f 4393/4393 4396/4396 4394/4394
f 4415/4415 4391/4391 4392/4392
f 542/542 4394/4394 543/543
f 544/544 4415/4415 4392/4392
f 545/545 551/551 546/546
f 548/548 2161/2161 549/549
f 551/551 553/553 552/552
f 553/553 2300/2300 554/554
f 555/555 552/552 554/554
f 557/557 546/546 552/552
f 556/556 4416/4416 558/558
f 558/558 4417/4417 555/555
f 555/555 4417/4417 559/559
f 559/559 2157/2157 557/557
f 564/564 563/563 562/562
f 563/563 560/560 562/562
f 2303/2303 568/568 565/565
f 568/568 563/563 565/565
f 2146/2146 560/560 567/567
f 560/560 563/563 567/567
f 566/566 563/563 570/570
f 563/563 568/568 570/570
f 572/572 567/567 566/566
f 566/566 570/570 571/571
f 571/571 570/570 569/569
f 569/569 2309/2309 573/573
f 571/571 577/577 574/574
f 574/574 578/578 572/572
f 573/573 2319/2319 575/575
f 575/575 577/577 571/571
f 575/575 4418/4418 577/577
f 4418/4418 576/576 577/577
f 574/574 576/576 579/579
f 579/579 2190/2190 578/578
f 2190/2190 2147/2147 578/578
f 4419/4419 588/588 581/581
f 588/588 582/582 581/581
f 582/582 4420/4420 580/580
f 4420/4420 582/582 585/585
f 582/582 583/583 585/585
f 583/583 582/582 586/586
f 582/582 589/589 586/586
f 588/588 2331/2331 589/589
f 4421/4421 4422/4422 4423/4423
f 4421/4421 4423/4423 4424/4424
f 4425/4425 4421/4421 4424/4424
f 4425/4425 4424/4424 4426/4426
f 4427/4427 4425/4425 4426/4426
f 4427/4427 4426/4426 4428/4428
f 4426/4426 4429/4429 4428/4428
f 4428/4428 4429/4429 4430/4430
f 4429/4429 4431/4431 4430/4430
f 4432/4432 4428/4428 4430/4430
f 4431/4431 4433/4433 592/592
f 4430/4430 4431/4431 592/592
f 4434/4434 4432/4432 4435/4435
f 734/734 4436/4436 4437/4437
f 4435/4435 4438/4438 4439/4439
f 4438/4438 734/734 4440/4440
f 4440/4440 734/734 4441/4441
f 4430/4430 4435/4435 4432/4432
f 4434/4434 4435/4435 4439/4439
f 4442/4442 4443/4443 4444/4444
f 4443/4443 592/592 4445/4445
f 4446/4446 4444/4444 4447/4447
f 4447/4447 4444/4444 4448/4448
f 4448/4448 4444/4444 4443/4443
f 734/734 4437/4437 4441/4441
f 4449/4449 4448/4448 4443/4443
f 4438/4438 4440/4440 4439/4439
f 4445/4445 4449/4449 4443/4443
f 591/591 4445/4445 592/592
f 592/592 4433/4433 590/590
f 4450/4450 4451/4451 4452/4452
f 4451/4451 4453/4453 4454/4454
f 4452/4452 4451/4451 4454/4454
f 4453/4453 4455/4455 4456/4456
f 4455/4455 4457/4457 4458/4458
f 4457/4457 4459/4459 4444/4444
f 4459/4459 4442/4442 4444/4444
f 4454/4454 4453/4453 4460/4460
f 4453/4453 4456/4456 4461/4461
f 4457/4457 4444/4444 735/735
f 735/735 4462/4462 4463/4463
f 735/735 4463/4463 4464/4464
f 4456/4456 4455/4455 4465/4465
f 4460/4460 4453/4453 4461/4461
f 4457/4457 735/735 4458/4458
f 735/735 4464/4464 4458/4458
f 4466/4466 4460/4460 4461/4461
f 4467/4467 4466/4466 4468/4468
f 4458/4458 4469/4469 4455/4455
f 4469/4469 4470/4470 4455/4455
f 595/595 4467/4467 593/593
f 4471/4471 595/595 594/594
f 4466/4466 4461/4461 4468/4468
f 4470/4470 4465/4465 4455/4455
f 4472/4472 4471/4471 4473/4473
f 4473/4473 4474/4474 4472/4472
f 4475/4475 4473/4473 4471/4471
f 4467/4467 4468/4468 593/593
f 594/594 4475/4475 4471/4471
f 4476/4476 735/735 4477/4477
f 735/735 4444/4444 4478/4478
f 4477/4477 735/735 4479/4479
f 4444/4444 4446/4446 4480/4480
f 4446/4446 4481/4481 4482/4482
f 4483/4483 4446/4446 4484/4484
f 4446/4446 4483/4483 4480/4480
f 4481/4481 4485/4485 4482/4482
f 4479/4479 735/735 4478/4478
f 4484/4484 4446/4446 4482/4482
f 4485/4485 4486/4486 4487/4487
f 4486/4486 4488/4488 4489/4489
f 4490/4490 4478/4478 4444/4444
f 4488/4488 4491/4491 4489/4489
f 4482/4482 4485/4485 4487/4487
f 4491/4491 4492/4492 4489/4489
f 4493/4493 4490/4490 4444/4444
f 4494/4494 4493/4493 4444/4444
f 4480/4480 4494/4494 4444/4444
f 4487/4487 4486/4486 4495/4495
f 4495/4495 4486/4486 4489/4489
f 4492/4492 4496/4496 4489/4489
f 4497/4497 4489/4489 4498/4498
f 4489/4489 4496/4496 4499/4499
f 4436/4436 734/734 4500/4500
f 734/734 4497/4497 4501/4501
f 4500/4500 734/734 4502/4502
f 4502/4502 734/734 4501/4501
f 4489/4489 4499/4499 4498/4498
f 4496/4496 4503/4503 4499/4499
f 4503/4503 4504/4504 4505/4505
f 4499/4499 4503/4503 4505/4505
f 4504/4504 597/597 596/596
f 597/597 4506/4506 598/598
f 4507/4507 4501/4501 4497/4497
f 4508/4508 4507/4507 4497/4497
f 4509/4509 4422/4422 4510/4510
f 4422/4422 4421/4421 4511/4511
f 4422/4422 4511/4511 4510/4510
f 4512/4512 4508/4508 4497/4497
f 4513/4513 4512/4512 4497/4497
f 4506/4506 4509/4509 4510/4510
f 4498/4498 4513/4513 4497/4497
f 4506/4506 4510/4510 4514/4514
f 4506/4506 4514/4514 598/598
f 4505/4505 4504/4504 596/596
f 603/603 4515/4515 601/601
f 4515/4515 599/599 601/601
f 602/602 4515/4515 603/603
f 4516/4516 4517/4517 4518/4518
f 4516/4516 4518/4518 4519/4519
f 4518/4518 4520/4520 4519/4519
f 4521/4521 4519/4519 4520/4520
f 4522/4522 4523/4523 4524/4524
f 4523/4523 4521/4521 4525/4525
f 4526/4526 4527/4527 4528/4528
f 4527/4527 4522/4522 4529/4529
f 4530/4530 607/607 606/606
f 607/607 4526/4526 605/605
f 605/605 4526/4526 4528/4528
f 4531/4531 4532/4532 4533/4533
f 4532/4532 4530/4530 4534/4534
f 4533/4533 4532/4532 4534/4534
f 4535/4535 4536/4536 4537/4537
f 4536/4536 4531/4531 4538/4538
f 4538/4538 4531/4531 4533/4533
f 4538/4538 4537/4537 4536/4536
f 4527/4527 4529/4529 4528/4528
f 4523/4523 4525/4525 4524/4524
f 4525/4525 4521/4521 4520/4520
f 4522/4522 4524/4524 4529/4529
f 606/606 4534/4534 4530/4530
f 599/599 609/609 608/608
f 609/609 611/611 610/610
f 611/611 613/613 612/612
f 613/613 615/615 614/614
f 615/615 618/618 616/616
f 617/617 623/623 616/616
f 4535/4535 4537/4537 4539/4539
f 4535/4535 4539/4539 4540/4540
f 4539/4539 4541/4541 4540/4540
f 4542/4542 4540/4540 4541/4541
f 4543/4543 4544/4544 4545/4545
f 4544/4544 4542/4542 4541/4541
f 4546/4546 4544/4544 4541/4541
f 619/619 4547/4547 620/620
f 4547/4547 4543/4543 620/620
f 4548/4548 4549/4549 4550/4550
f 4549/4549 619/619 4551/4551
f 4551/4551 619/619 621/621
f 4552/4552 4553/4553 4554/4554
f 4553/4553 4548/4548 4555/4555
f 4554/4554 4553/4553 4555/4555
f 4516/4516 4556/4556 4517/4517
f 4556/4556 4552/4552 4557/4557
f 4557/4557 4552/4552 4554/4554
f 4557/4557 4517/4517 4556/4556
f 4544/4544 4546/4546 4545/4545
f 4543/4543 4545/4545 620/620
f 4550/4550 4555/4555 4548/4548
f 4551/4551 4550/4550 4549/4549
f 622/622 625/625 623/623
f 622/622 4558/4558 624/624
f 626/626 4559/4559 627/627
f 629/629 626/626 628/628
f 629/629 630/630 631/631
f 634/634 4560/4560 633/633
f 633/633 632/632 631/631
f 635/635 4560/4560 634/634
f 637/637 635/635 636/636
f 639/639 637/637 638/638
f 641/641 639/639 640/640
f 643/643 641/641 642/642
f 643/643 644/644 645/645
f 646/646 645/645 647/647
f 647/647 4561/4561 649/649
f 650/650 4562/4562 651/651
f 652/652 602/602 604/604
f 653/653 703/703 654/654
f 656/656 655/655 654/654
f 658/658 656/656 657/657
f 660/660 658/658 659/659
f 4563/4563 4564/4564 4565/4565
f 4564/4564 4566/4566 4567/4567
f 4565/4565 4564/4564 4567/4567
f 4565/4565 4568/4568 4569/4569
f 4569/4569 4570/4570 4565/4565
f 4570/4570 662/662 4565/4565
f 662/662 4571/4571 663/663
f 4571/4571 4572/4572 4573/4573
f 663/663 4571/4571 4573/4573
f 663/663 4574/4574 4575/4575
f 4574/4574 4576/4576 4575/4575
f 4575/4575 664/664 663/663
f 664/664 4577/4577 4578/4578
f 4578/4578 4579/4579 4580/4580
f 4580/4580 4581/4581 4582/4582
f 4582/4582 4583/4583 4563/4563
f 664/664 4578/4578 4580/4580
f 4580/4580 4582/4582 664/664
f 4582/4582 4563/4563 664/664
f 4563/4563 4565/4565 664/664
f 4565/4565 662/662 664/664
f 665/665 660/660 661/661
f 667/667 665/665 666/666
f 669/669 667/667 668/668
f 669/669 670/670 671/671
f 673/673 672/672 671/671
f 675/675 673/673 674/674
f 677/677 4584/4584 675/675
f 678/678 4585/4585 679/679
f 680/680 679/679 681/681
f 682/682 681/681 683/683
f 684/684 683/683 685/685
f 686/686 685/685 687/687
f 688/688 687/687 689/689
f 690/690 689/689 691/691
f 693/693 692/692 691/691
f 695/695 693/693 694/694
f 695/695 696/696 697/697
f 698/698 697/697 699/699
f 701/701 4586/4586 700/700
f 702/702 4587/4587 703/703
f 709/709 708/708 706/706
f 708/708 704/704 706/706
f 707/707 4588/4588 708/708
f 710/710 4589/4589 711/711
f 4590/4590 4591/4591 4592/4592
f 4590/4590 4592/4592 4593/4593
f 4592/4592 4594/4594 4593/4593
f 4595/4595 4593/4593 4594/4594
f 4596/4596 4597/4597 4598/4598
f 4597/4597 4595/4595 4599/4599
f 4600/4600 4601/4601 4602/4602
f 4601/4601 4596/4596 4603/4603
f 715/715 4604/4604 713/713
f 4604/4604 4600/4600 713/713
f 713/713 4600/4600 4602/4602
f 4605/4605 4606/4606 4607/4607
f 4606/4606 715/715 4608/4608
f 4607/4607 4606/4606 4608/4608
f 4609/4609 4610/4610 4611/4611
f 4610/4610 4605/4605 4612/4612
f 4612/4612 4605/4605 4607/4607
f 4612/4612 4611/4611 4610/4610
f 4601/4601 4603/4603 4602/4602
f 4597/4597 4599/4599 4598/4598
f 4599/4599 4595/4595 4594/4594
f 4596/4596 4598/4598 4603/4603
f 714/714 4608/4608 715/715
f 712/712 717/717 716/716
f 717/717 720/720 718/718
f 719/719 722/722 718/718
f 721/721 724/724 722/722
f 721/721 728/728 723/723
f 4609/4609 4611/4611 4613/4613
f 4609/4609 4613/4613 4614/4614
f 4613/4613 4615/4615 4614/4614
f 4616/4616 4614/4614 4615/4615
f 4617/4617 4618/4618 4619/4619
f 4618/4618 4616/4616 4620/4620
f 4621/4621 4622/4622 4623/4623
f 4622/4622 4617/4617 4624/4624
f 4625/4625 727/727 726/726
f 727/727 4621/4621 725/725
f 725/725 4621/4621 4623/4623
f 4626/4626 4627/4627 4628/4628
f 4627/4627 4625/4625 4628/4628
f 4626/4626 4628/4628 4629/4629
f 4590/4590 4630/4630 4591/4591
f 4630/4630 4626/4626 4631/4631
f 4631/4631 4626/4626 4629/4629
f 4631/4631 4591/4591 4630/4630
f 4622/4622 4624/4624 4623/4623
f 4618/4618 4620/4620 4619/4619
f 4620/4620 4616/4616 4615/4615
f 4617/4617 4619/4619 4624/4624
f 726/726 4628/4628 4625/4625
f 728/728 4632/4632 729/729
f 729/729 4632/4632 730/730
f 730/730 2501/2501 731/731
f 4633/4633 4634/4634 4635/4635
f 4633/4633 4635/4635 4636/4636
f 4637/4637 4638/4638 4633/4633
f 4639/4639 4637/4637 4633/4633
f 4633/4633 4636/4636 4640/4640
f 4633/4633 4640/4640 4641/4641
f 4642/4642 4639/4639 4633/4633
f 4643/4643 4642/4642 4644/4644
f 4642/4642 4633/4633 4645/4645
f 4644/4644 4642/4642 4645/4645
f 4633/4633 4641/4641 4645/4645
f 4646/4646 4643/4643 4647/4647
f 4647/4647 4643/4643 4644/4644
f 4648/4648 4646/4646 4649/4649
f 4649/4649 4646/4646 4647/4647
f 4648/4648 4649/4649 4650/4650
f 4651/4651 4648/4648 4650/4650
f 4651/4651 4650/4650 4652/4652
f 4650/4650 4653/4653 4652/4652
f 4652/4652 4653/4653 4654/4654
f 4655/4655 4652/4652 4654/4654
f 4655/4655 4654/4654 4656/4656
f 4654/4654 4657/4657 4656/4656
f 4658/4658 4655/4655 4656/4656
f 4657/4657 4659/4659 4660/4660
f 4656/4656 4657/4657 4660/4660
f 4661/4661 4658/4658 4662/4662
f 4663/4663 4664/4664 4662/4662
f 4664/4664 4665/4665 4662/4662
f 4656/4656 4662/4662 4658/4658
f 4661/4661 4662/4662 4665/4665
f 4666/4666 4660/4660 734/734
f 734/734 4438/4438 4666/4666
f 4667/4667 4668/4668 4497/4497
f 4497/4497 734/734 4669/4669
f 4497/4497 4670/4670 4671/4671
f 4660/4660 4659/4659 4672/4672
f 4667/4667 4497/4497 4671/4671
f 4670/4670 4497/4497 4669/4669
f 4660/4660 4672/4672 732/732
f 4669/4669 734/734 4673/4673
f 4673/4673 734/734 733/733
f 4660/4660 732/732 734/734
f 4474/4474 4473/4473 4674/4674
f 4474/4474 4674/4674 4675/4675
f 4676/4676 4474/4474 4675/4675
f 4676/4676 4675/4675 4677/4677
f 4675/4675 4678/4678 4677/4677
f 4677/4677 4678/4678 4679/4679
f 4678/4678 4680/4680 4679/4679
f 4681/4681 4677/4677 4679/4679
f 4680/4680 4682/4682 4679/4679
f 4679/4679 4683/4683 4684/4684
f 4684/4684 4681/4681 4679/4679
f 4682/4682 4685/4685 4686/4686
f 4679/4679 4682/4682 4687/4687
f 4688/4688 4679/4679 4633/4633
f 4686/4686 4685/4685 4689/4689
f 4634/4634 4633/4633 4690/4690
f 4687/4687 4682/4682 4686/4686
f 4691/4691 4634/4634 4692/4692
f 4685/4685 4693/4693 4689/4689
f 4694/4694 4691/4691 4692/4692
f 4679/4679 4687/4687 4633/4633
f 4497/4497 4668/4668 4695/4695
f 4633/4633 4687/4687 4690/4690
f 4497/4497 4695/4695 4694/4694
f 4696/4696 4489/4489 4694/4694
f 4489/4489 4497/4497 4694/4694
f 4692/4692 4696/4696 4694/4694
f 4693/4693 4697/4697 4689/4689
f 4690/4690 4692/4692 4634/4634
f 4697/4697 4698/4698 4699/4699
f 4689/4689 4697/4697 4699/4699
f 4698/4698 4700/4700 4701/4701
f 4700/4700 737/737 4702/4702
f 4703/4703 4462/4462 735/735
f 4699/4699 4698/4698 4701/4701
f 737/737 4703/4703 735/735
f 735/735 4476/4476 4704/4704
f 735/735 4704/4704 4705/4705
f 4701/4701 4700/4700 4702/4702
f 4702/4702 737/737 736/736
f 735/735 4705/4705 736/736
f 792/792 791/791 740/740
f 791/791 738/738 740/740
f 741/741 746/746 739/739
f 4706/4706 4707/4707 4708/4708
f 4707/4707 4709/4709 4708/4708
f 4709/4709 4710/4710 4708/4708
f 4711/4711 4708/4708 4710/4710
f 4712/4712 4713/4713 4714/4714
f 4713/4713 4711/4711 4710/4710
f 4714/4714 4713/4713 4710/4710
f 742/742 4715/4715 743/743
f 4715/4715 4712/4712 743/743
f 4716/4716 4717/4717 4718/4718
f 4717/4717 742/742 744/744
f 4719/4719 4720/4720 4721/4721
f 4720/4720 4716/4716 4722/4722
f 4721/4721 4720/4720 4722/4722
f 4723/4723 4724/4724 4725/4725
f 4724/4724 4719/4719 4726/4726
f 4726/4726 4719/4719 4721/4721
f 4726/4726 4725/4725 4724/4724
f 4717/4717 744/744 4727/4727
f 4712/4712 4714/4714 4728/4728
f 4712/4712 4728/4728 743/743
f 4718/4718 4722/4722 4716/4716
f 4727/4727 4718/4718 4717/4717
f 741/741 4729/4729 745/745
f 745/745 4729/4729 749/749
f 4729/4729 747/747 749/749
f 750/750 752/752 748/748
f 750/750 754/754 751/751
f 753/753 756/756 751/751
f 755/755 758/758 756/756
f 757/757 760/760 758/758
f 759/759 762/762 760/760
f 759/759 4730/4730 761/761
f 763/763 4731/4731 764/764
f 765/765 764/764 766/766
f 767/767 766/766 768/768
f 4723/4723 4725/4725 4732/4732
f 4723/4723 4732/4732 4733/4733
f 4732/4732 4734/4734 4735/4735
f 4733/4733 4732/4732 4735/4735
f 4736/4736 4737/4737 4738/4738
f 4737/4737 4735/4735 4738/4738
f 770/770 4739/4739 771/771
f 4739/4739 4736/4736 4740/4740
f 771/771 4739/4739 4740/4740
f 4741/4741 4742/4742 4743/4743
f 4742/4742 770/770 772/772
f 4744/4744 4745/4745 4746/4746
f 4745/4745 4741/4741 4746/4746
f 4744/4744 4746/4746 4747/4747
f 4706/4706 4748/4748 4749/4749
f 4748/4748 4744/4744 4747/4747
f 4749/4749 4707/4707 4706/4706
f 4747/4747 4749/4749 4748/4748
f 4742/4742 772/772 4743/4743
f 4738/4738 4735/4735 4734/4734
f 4736/4736 4738/4738 4740/4740
f 4750/4750 4746/4746 4741/4741
f 4743/4743 4750/4750 4741/4741
f 769/769 768/768 773/773
f 774/774 773/773 775/775
f 777/777 776/776 775/775
f 779/779 777/777 778/778
f 781/781 779/779 780/780
f 783/783 781/781 782/782
f 783/783 784/784 785/785
f 786/786 785/785 787/787
f 789/789 4751/4751 788/788
f 790/790 4752/4752 791/791
f 793/793 4753/4753 794/794
f 796/796 4754/4754 797/797
f 801/801 4755/4755 4756/4756
f 4756/4756 4757/4757 4758/4758
f 4757/4757 4759/4759 4758/4758
f 4758/4758 4760/4760 801/801
f 4760/4760 4761/4761 4762/4762
f 4762/4762 4763/4763 4764/4764
f 4763/4763 4765/4765 4766/4766
f 4764/4764 4763/4763 4766/4766
f 4764/4764 4767/4767 4768/4768
f 4768/4768 4769/4769 799/799
f 799/799 4770/4770 800/800
f 4770/4770 4771/4771 4772/4772
f 800/800 4770/4770 4772/4772
f 800/800 4773/4773 801/801
f 4773/4773 4774/4774 4775/4775
f 801/801 4773/4773 4775/4775
f 801/801 4756/4756 4758/4758
f 4760/4760 4762/4762 801/801
f 4764/4764 4768/4768 799/799
f 4762/4762 4764/4764 801/801
f 4764/4764 799/799 801/801
f 795/795 794/794 802/802
f 803/803 802/802 804/804
f 806/806 805/805 804/804
f 806/806 807/807 808/808
f 809/809 808/808 810/810
f 811/811 810/810 812/812
f 813/813 812/812 814/814
f 815/815 814/814 816/816
f 817/817 816/816 818/818
f 820/820 819/819 818/818
f 821/821 4776/4776 822/822
f 823/823 4777/4777 824/824
f 826/826 823/823 825/825
f 826/826 827/827 828/828
f 830/830 829/829 828/828
f 832/832 830/830 831/831
f 834/834 832/832 833/833
f 836/836 834/834 835/835
f 836/836 837/837 838/838
f 839/839 838/838 840/840
f 841/841 840/840 842/842
f 798/798 843/843 842/842
f 4664/4664 4663/4663 4778/4778
f 4663/4663 4779/4779 4780/4780
f 4778/4778 4663/4663 4780/4780
f 4779/4779 4781/4781 4782/4782
f 4781/4781 4783/4783 4784/4784
f 4781/4781 4784/4784 4782/4782
f 4779/4779 4782/4782 4785/4785
f 4782/4782 4786/4786 4787/4787
f 4785/4785 4780/4780 4779/4779
f 4787/4787 4785/4785 4782/4782
f 4786/4786 4788/4788 4789/4789
f 4786/4786 4789/4789 4787/4787
f 4788/4788 4790/4790 4791/4791
f 4791/4791 4789/4789 4788/4788
f 4790/4790 4792/4792 4793/4793
f 4790/4790 4793/4793 4791/4791
f 4792/4792 4794/4794 4795/4795
f 4795/4795 4793/4793 4792/4792
f 4796/4796 4795/4795 4794/4794
f 4796/4796 4794/4794 4797/4797
f 4798/4798 4796/4796 4688/4688
f 4796/4796 4797/4797 4688/4688
f 4797/4797 4799/4799 4688/4688
f 4800/4800 4798/4798 4633/4633
f 4798/4798 4688/4688 4633/4633
f 4799/4799 4801/4801 4688/4688
f 4633/4633 4638/4638 4802/4802
f 4802/4802 4800/4800 4633/4633
f 4801/4801 846/846 4688/4688
f 4803/4803 845/845 844/844
f 845/845 4688/4688 846/846
f 900/900 4804/4804 849/849
f 4804/4804 847/847 849/849
f 850/850 858/858 848/848
f 4805/4805 4806/4806 4807/4807
f 4805/4805 4807/4807 4808/4808
f 4807/4807 4809/4809 4808/4808
f 4810/4810 4808/4808 4809/4809
f 4811/4811 4812/4812 4813/4813
f 4812/4812 4810/4810 4813/4813
f 4814/4814 4815/4815 4816/4816
f 4815/4815 4811/4811 4817/4817
f 853/853 4818/4818 851/851
f 4818/4818 4814/4814 851/851
f 851/851 4814/4814 4816/4816
f 4819/4819 4820/4820 4821/4821
f 4820/4820 853/853 4822/4822
f 4821/4821 4820/4820 4822/4822
f 4823/4823 4824/4824 4825/4825
f 4824/4824 4819/4819 4825/4825
f 4825/4825 4819/4819 4821/4821
f 4825/4825 4826/4826 4823/4823
f 4815/4815 4817/4817 4816/4816
f 4813/4813 4810/4810 4809/4809
f 4811/4811 4813/4813 4827/4827
f 4811/4811 4827/4827 4817/4817
f 852/852 4822/4822 853/853
f 4823/4823 4826/4826 4828/4828
f 4823/4823 4828/4828 4829/4829
f 4828/4828 4830/4830 4829/4829
f 4831/4831 4829/4829 4830/4830
f 4832/4832 4833/4833 4834/4834
f 4833/4833 4831/4831 4835/4835
f 4836/4836 4837/4837 4838/4838
f 4837/4837 4832/4832 4839/4839
f 4840/4840 856/856 855/855
f 856/856 4836/4836 854/854
f 854/854 4836/4836 4838/4838
f 4841/4841 4842/4842 4843/4843
f 4842/4842 4840/4840 855/855
f 4843/4843 4842/4842 4844/4844
f 4805/4805 4845/4845 4806/4806
f 4845/4845 4841/4841 4846/4846
f 4846/4846 4841/4841 4843/4843
f 4846/4846 4806/4806 4845/4845
f 4837/4837 4839/4839 4838/4838
f 4833/4833 4835/4835 4834/4834
f 4835/4835 4831/4831 4830/4830
f 4844/4844 4842/4842 855/855
f 4832/4832 4834/4834 4839/4839
f 857/857 860/860 858/858
f 857/857 861/861 859/859
f 861/861 864/864 862/862
f 863/863 866/866 862/862
f 865/865 868/868 866/866
f 867/867 870/870 868/868
f 867/867 4847/4847 869/869
f 871/871 4848/4848 872/872
f 874/874 873/873 872/872
f 876/876 874/874 875/875
f 879/879 4849/4849 878/878
f 878/878 876/876 877/877
f 880/880 4849/4849 879/879
f 882/882 880/880 881/881
f 882/882 883/883 884/884
f 885/885 884/884 886/886
f 888/888 887/887 886/886
f 888/888 889/889 890/890
f 891/891 890/890 892/892
f 894/894 4850/4850 893/893
f 895/895 4851/4851 896/896
f 897/897 899/899 898/898
f 899/899 4804/4804 900/900
f 901/901 904/904 902/902
f 904/904 951/951 905/905
f 907/907 4852/4852 4853/4853
f 4853/4853 4854/4854 4855/4855
f 4855/4855 4856/4856 4857/4857
f 4857/4857 4858/4858 908/908
f 908/908 4859/4859 4860/4860
f 4860/4860 4861/4861 908/908
f 4861/4861 4862/4862 4863/4863
f 908/908 4861/4861 4864/4864
f 4863/4863 4865/4865 4866/4866
f 4864/4864 4863/4863 4866/4866
f 4864/4864 4867/4867 4868/4868
f 4868/4868 4869/4869 4864/4864
f 4869/4869 906/906 4864/4864
f 906/906 4870/4870 907/907
f 4870/4870 4871/4871 907/907
f 4871/4871 4872/4872 907/907
f 907/907 4853/4853 908/908
f 4853/4853 4855/4855 908/908
f 4855/4855 4857/4857 908/908
f 4864/4864 4861/4861 4863/4863
f 4864/4864 906/906 908/908
f 909/909 901/901 903/903
f 911/911 909/909 910/910
f 913/913 4873/4873 911/911
f 914/914 4874/4874 915/915
f 916/916 915/915 917/917
f 918/918 917/917 919/919
f 921/921 920/920 919/919
f 923/923 921/921 922/922
f 925/925 923/923 924/924
f 925/925 926/926 927/927
f 929/929 928/928 927/927
f 931/931 929/929 930/930
f 931/931 932/932 933/933
f 935/935 934/934 933/933
f 936/936 4875/4875 937/937
f 938/938 4876/4876 939/939
f 938/938 940/940 941/941
f 942/942 941/941 943/943
f 945/945 944/944 943/943
f 947/947 945/945 946/946
f 949/949 947/947 948/948
f 949/949 950/950 905/905
f 4877/4877 955/955 954/954
f 955/955 952/952 954/954
f 955/955 4877/4877 956/956
f 957/957 956/956 958/958
f 960/960 959/959 958/958
f 4878/4878 957/957 963/963
f 957/957 959/959 963/963
f 959/959 968/968 962/962
f 968/968 959/959 965/965
f 959/959 960/960 965/965
f 960/960 4879/4879 964/964
f 967/967 962/962 968/968
f 968/968 4880/4880 966/966
f 4880/4880 2381/2381 966/966
f 973/973 4881/4881 969/969
f 4881/4881 962/962 969/969
f 971/971 2243/2243 972/972
f 972/972 4881/4881 970/970
f 4881/4881 973/973 970/970
f 975/975 4882/4882 973/973
f 973/973 969/969 974/974
f 974/974 969/969 967/967
f 967/967 966/966 976/976
f 976/976 982/982 977/977
f 977/977 980/980 974/974
f 974/974 980/980 978/978
f 978/978 4883/4883 975/975
f 977/977 981/981 980/980
f 981/981 979/979 980/980
f 2375/2375 983/983 982/982
f 983/983 981/981 982/982
f 986/986 981/981 985/985
f 981/981 983/983 985/985
f 991/991 979/979 987/987
f 979/979 981/981 987/987
f 978/978 979/979 990/990
f 979/979 988/988 990/990
f 2241/2241 988/988 992/992
f 988/988 979/979 992/992
f 995/995 4884/4884 993/993
f 993/993 4885/4885 994/994
f 994/994 4885/4885 996/996
f 996/996 4886/4886 997/997
f 994/994 999/999 998/998
f 997/997 1001/1001 999/999
f 1000/1000 1002/1002 999/999
f 1002/1002 1005/1005 998/998
f 1003/1003 995/995 998/998
f 1005/1005 1006/1006 1004/1004
f 1006/1006 1008/1008 1007/1007
f 1008/1008 1051/1051 1009/1009
f 1010/1010 1011/1011 1007/1007
f 1011/1011 1003/1003 1004/1004
f 1010/1010 4887/4887 1012/1012
f 1012/1012 4888/4888 1011/1011
f 1011/1011 4888/4888 1013/1013
f 1013/1013 4889/4889 1003/1003
f 1018/1018 1017/1017 1016/1016
f 1017/1017 1014/1014 1016/1016
f 1023/1023 1022/1022 1019/1019
f 1022/1022 1017/1017 1019/1019
f 1021/1021 4890/4890 1020/1020
f 1020/1020 4887/4887 1010/1010
f 1033/1033 1025/1025 1024/1024
f 1025/1025 1022/1022 1024/1024
f 1028/1028 1022/1022 1027/1027
f 1022/1022 1025/1025 1027/1027
f 2233/2233 1017/1017 1029/1029
f 1017/1017 1022/1022 1029/1029
f 1026/1026 1025/1025 1032/1032
f 1025/1025 1030/1030 1032/1032
f 1039/1039 1030/1030 1034/1034
f 1030/1030 1025/1025 1034/1034
f 1036/1036 4891/4891 1035/1035
f 1035/1035 4890/4890 1021/1021
f 1038/1038 4892/4892 1037/1037
f 1037/1037 4891/4891 1036/1036
f 1110/1110 1109/1109 1040/1040
f 1109/1109 1030/1030 1040/1040
f 1042/1042 4893/4893 1041/1041
f 1041/1041 4892/4892 1038/1038
f 1038/1038 1044/1044 1043/1043
f 1036/1036 1047/1047 1044/1044
f 1045/1045 1043/1043 1044/1044
f 1046/1046 1044/1044 1047/1047
f 1048/1048 1047/1047 1049/1049
f 1051/1051 1050/1050 1049/1049
f 1021/1021 1049/1049 1047/1047
f 1021/1021 1010/1010 1009/1009
f 1052/1052 1054/1054 1043/1043
f 1053/1053 1056/1056 1054/1054
f 1055/1055 1060/1060 1056/1056
f 1057/1057 1064/1064 1058/1058
f 1060/1060 1103/1103 1061/1061
f 1062/1062 1059/1059 1058/1058
f 1064/1064 2210/2210 1065/1065
f 1063/1063 1058/1058 1065/1065
f 1066/1066 4894/4894 1067/1067
f 1067/1067 4895/4895 1063/1063
f 1063/1063 4895/4895 1068/1068
f 1068/1068 4896/4896 1062/1062
f 1070/1070 4897/4897 1069/1069
f 1069/1069 4894/4894 1066/1066
f 1070/1070 1066/1066 1065/1065
f 1383/1383 1080/1080 1074/1074
f 1080/1080 1072/1072 1074/1074
f 1073/1073 1072/1072 1077/1077
f 1072/1072 1075/1075 1077/1077
f 1085/1085 1075/1075 1079/1079
f 1075/1075 1072/1072 1079/1079
f 1078/1078 1072/1072 1082/1082
f 1072/1072 1080/1080 1082/1082
f 1084/1084 1079/1079 1078/1078
f 1078/1078 1082/1082 1083/1083
f 1086/1086 1087/1087 1085/1085
f 1085/1085 1079/1079 1084/1084
f 1089/1089 1075/1075 1087/1087
f 1075/1075 1085/1085 1087/1087
f 1088/1088 1087/1087 1086/1086
f 1091/1091 2214/2214 1092/1092
f 1095/1095 1097/1097 1093/1093
f 1097/1097 1094/1094 1093/1093
f 1096/1096 1098/1098 1095/1095
f 1095/1095 1093/1093 1092/1092
f 1114/1114 1100/1100 1098/1098
f 1100/1100 1097/1097 1098/1098
f 1097/1097 1101/1101 1099/1099
f 1100/1100 1108/1108 1101/1101
f 1102/1102 1104/1104 1061/1061
f 1104/1104 4898/4898 1105/1105
f 1105/1105 4898/4898 1106/1106
f 1106/1106 4893/4893 1042/1042
f 1107/1107 4899/4899 1108/1108
f 1042/1042 1043/1043 1054/1054
f 1105/1105 1054/1054 1056/1056
f 4899/4899 1107/1107 1111/1111
f 1107/1107 1109/1109 1111/1111
f 2253/2253 1109/1109 1113/1113
f 1109/1109 1107/1107 1113/1113
f 1112/1112 1107/1107 1115/1115
f 1107/1107 1100/1100 1115/1115
f 1117/1117 1113/1113 1112/1112
f 1112/1112 1115/1115 1116/1116
f 1116/1116 1115/1115 1114/1114
f 1114/1114 1098/1098 1096/1096
f 1096/1096 1122/1122 1118/1118
f 1118/1118 1124/1124 1116/1116
f 1116/1116 1124/1124 1119/1119
f 1119/1119 2256/2256 1117/1117
f 1092/1092 2215/2215 1120/1120
f 1120/1120 1122/1122 1096/1096
f 1120/1120 2216/2216 1122/1122
f 2216/2216 1121/1121 1122/1122
f 1118/1118 1121/1121 1124/1124
f 1121/1121 1123/1123 1124/1124
f 1127/1127 1131/1131 1125/1125
f 1131/1131 4900/4900 1125/1125
f 4900/4900 1131/1131 1129/1129
f 1131/1131 1130/1130 1129/1129
f 1130/1130 4901/4901 1128/1128
f 1131/1131 1127/1127 1132/1132
f 1130/1130 1131/1131 1133/1133
f 4902/4902 845/845 4903/4903
f 845/845 4803/4803 4904/4904
f 845/845 4904/4904 4905/4905
f 4903/4903 845/845 4906/4906
f 845/845 4905/4905 4907/4907
f 4906/4906 845/845 4907/4907
f 4908/4908 4906/4906 4907/4907
f 4908/4908 4907/4907 4909/4909
f 4910/4910 4908/4908 4909/4909
f 4910/4910 4909/4909 4911/4911
f 4912/4912 4910/4910 4911/4911
f 4912/4912 4911/4911 4913/4913
f 4914/4914 4912/4912 4913/4913
f 4914/4914 4913/4913 4915/4915
f 4916/4916 4914/4914 4915/4915
f 4916/4916 4915/4915 4917/4917
f 4918/4918 4916/4916 4919/4919
f 4916/4916 4917/4917 4919/4919
f 4917/4917 4920/4920 4919/4919
f 1137/1137 4918/4918 1135/1135
f 4918/4918 4919/4919 1135/1135
f 4920/4920 4921/4921 4922/4922
f 4919/4919 4920/4920 4922/4922
f 4923/4923 4783/4783 4781/4781
f 4781/4781 4922/4922 4923/4923
f 4923/4923 4922/4922 4924/4924
f 1135/1135 4925/4925 4926/4926
f 4925/4925 4927/4927 4926/4926
f 4926/4926 4928/4928 4929/4929
f 4926/4926 4929/4929 4930/4930
f 1135/1135 4926/4926 1136/1136
f 1136/1136 4926/4926 4930/4930
f 4924/4924 4922/4922 4921/4921
f 953/953 952/952 1138/1138
f 952/952 1130/1130 1138/1138
f 1141/1141 4931/4931 1139/1139
f 1139/1139 1189/1189 1140/1140
f 1142/1142 4931/4931 1141/1141
f 1144/1144 1142/1142 1143/1143
f 1146/1146 1144/1144 1145/1145
f 1148/1148 1146/1146 1147/1147
f 1150/1150 1148/1148 1149/1149
f 1150/1150 1151/1151 1152/1152
f 1153/1153 1152/1152 1154/1154
f 1154/1154 4932/4932 1156/1156
f 1157/1157 4933/4933 1158/1158
f 1159/1159 1162/1162 1160/1160
f 1161/1161 4934/4934 1160/1160
f 4934/4934 1161/1161 1165/1165
f 1161/1161 1163/1163 1165/1165
f 1163/1163 1170/1170 1166/1166
f 4935/4935 4936/4936 4937/4937
f 4935/4935 4937/4937 4938/4938
f 4937/4937 4939/4939 4938/4938
f 4940/4940 4938/4938 4939/4939
f 4941/4941 4942/4942 4943/4943
f 4942/4942 4940/4940 4944/4944
f 4945/4945 4946/4946 4947/4947
f 4946/4946 4941/4941 4948/4948
f 4949/4949 1169/1169 1168/1168
f 1169/1169 4945/4945 1167/1167
f 1167/1167 4945/4945 4947/4947
f 4950/4950 4951/4951 4952/4952
f 4951/4951 4949/4949 4953/4953
f 4952/4952 4951/4951 4953/4953
f 4954/4954 4955/4955 4956/4956
f 4955/4955 4950/4950 4952/4952
f 4957/4957 4956/4956 4955/4955
f 4952/4952 4957/4957 4955/4955
f 4946/4946 4948/4948 4947/4947
f 4942/4942 4944/4944 4943/4943
f 4944/4944 4940/4940 4939/4939
f 4941/4941 4943/4943 4948/4948
f 1168/1168 4953/4953 4949/4949
f 1170/1170 1172/1172 1171/1171
f 1172/1172 1174/1174 1173/1173
f 1174/1174 1177/1177 1175/1175
f 1176/1176 1179/1179 1175/1175
f 1176/1176 1181/1181 1178/1178
f 1180/1180 1183/1183 1178/1178
f 1180/1180 4958/4958 1182/1182
f 1184/1184 4959/4959 1185/1185
f 1187/1187 1184/1184 1186/1186
f 1189/1189 1187/1187 1188/1188
f 4954/4954 4956/4956 4960/4960
f 4954/4954 4960/4960 4961/4961
f 4960/4960 4962/4962 4961/4961
f 4963/4963 4961/4961 4962/4962
f 4964/4964 4965/4965 4966/4966
f 4965/4965 4963/4963 4967/4967
f 4968/4968 4969/4969 4970/4970
f 4969/4969 4964/4964 4971/4971
f 4972/4972 1192/1192 1191/1191
f 1192/1192 4968/4968 1190/1190
f 1190/1190 4968/4968 4970/4970
f 4973/4973 4974/4974 4975/4975
f 4974/4974 4972/4972 4976/4976
f 4975/4975 4974/4974 4976/4976
f 4935/4935 4977/4977 4936/4936
f 4977/4977 4973/4973 4975/4975
f 4978/4978 4936/4936 4977/4977
f 4975/4975 4978/4978 4977/4977
f 4969/4969 4971/4971 4970/4970
f 4965/4965 4967/4967 4966/4966
f 4967/4967 4963/4963 4962/4962
f 4964/4964 4966/4966 4971/4971
f 1191/1191 4976/4976 4972/4972
f 1193/1193 1196/1196 1194/1194
f 1196/1196 1243/1243 1197/1197
f 4979/4979 4980/4980 4981/4981
f 4980/4980 4982/4982 4981/4981
f 4981/4981 1198/1198 4979/4979
f 1198/1198 4983/4983 4984/4984
f 4984/4984 4985/4985 1198/1198
f 4985/4985 1199/1199 1198/1198
f 1199/1199 4986/4986 4987/4987
f 4987/4987 4988/4988 4989/4989
f 4988/4988 4990/4990 4989/4989
f 4989/4989 4991/4991 4992/4992
f 1200/1200 4989/4989 4992/4992
f 1200/1200 4993/4993 4994/4994
f 4994/4994 4995/4995 4979/4979
f 4995/4995 4996/4996 4997/4997
f 4979/4979 4995/4995 4998/4998
f 4997/4997 4999/4999 4998/4998
f 4995/4995 4997/4997 4998/4998
f 1199/1199 4987/4987 1200/1200
f 1200/1200 4987/4987 4989/4989
f 1200/1200 4994/4994 4979/4979
f 4979/4979 1198/1198 1200/1200
f 1201/1201 5000/5000 1193/1193
f 1202/1202 5001/5001 1203/1203
f 1204/1204 1203/1203 1205/1205
f 1206/1206 1205/1205 1207/1207
f 1208/1208 1207/1207 1209/1209
f 1211/1211 1210/1210 1209/1209
f 1213/1213 1211/1211 1212/1212
f 1215/1215 1213/1213 1214/1214
f 1217/1217 1215/1215 1216/1216
f 1217/1217 1218/1218 1219/1219
f 1221/1221 1220/1220 1219/1219
f 1223/1223 1221/1221 1222/1222
f 1225/1225 5002/5002 1223/1223
f 1226/1226 5003/5003 1227/1227
f 1228/1228 1227/1227 1229/1229
f 1230/1230 1229/1229 1231/1231
f 1232/1232 1231/1231 1233/1233
f 1235/1235 1234/1234 1233/1233
f 1237/1237 1235/1235 1236/1236
f 1239/1239 1237/1237 1238/1238
f 1241/1241 1239/1239 1240/1240
f 1241/1241 1242/1242 1197/1197
f 4928/4928 4926/4926 5004/5004
f 4926/4926 5005/5005 5006/5006
f 5006/5006 5005/5005 5007/5007
f 5005/5005 5008/5008 5007/5007
f 5004/5004 4926/4926 5009/5009
f 5009/5009 4926/4926 5006/5006
f 5008/5008 5010/5010 5007/5007
f 5010/5010 5011/5011 5012/5012
f 5007/5007 5010/5010 5012/5012
f 5011/5011 5013/5013 5014/5014
f 5012/5012 5011/5011 5014/5014
f 5013/5013 5015/5015 5016/5016
f 5014/5014 5013/5013 5016/5016
f 5015/5015 5017/5017 5018/5018
f 5016/5016 5015/5015 5018/5018
f 5017/5017 5019/5019 845/845
f 5018/5018 5017/5017 5020/5020
f 5019/5019 5021/5021 5022/5022
f 5020/5020 5017/5017 845/845
f 845/845 5019/5019 4688/4688
f 5023/5023 5020/5020 845/845
f 5024/5024 5023/5023 845/845
f 845/845 4902/4902 5025/5025
f 845/845 5025/5025 5024/5024
f 4679/4679 4688/4688 5022/5022
f 5022/5022 4688/4688 5019/5019
f 5026/5026 5027/5027 4679/4679
f 5028/5028 5026/5026 4679/4679
f 5029/5029 5028/5028 4679/4679
f 5030/5030 5029/5029 4679/4679
f 5021/5021 5031/5031 5032/5032
f 5022/5022 5021/5021 5032/5032
f 5031/5031 5033/5033 5034/5034
f 5035/5035 5030/5030 4679/4679
f 5036/5036 5035/5035 5037/5037
f 5035/5035 4679/4679 5037/5037
f 5037/5037 4679/4679 5022/5022
f 5033/5033 5038/5038 5039/5039
f 5040/5040 5041/5041 5042/5042
f 5041/5041 5043/5043 5044/5044
f 5032/5032 5031/5031 5034/5034
f 5038/5038 5040/5040 5045/5045
f 5041/5041 5044/5044 5042/5042
f 5046/5046 5036/5036 5047/5047
f 1246/1246 5046/5046 1244/1244
f 5040/5040 5042/5042 5045/5045
f 5045/5045 5039/5039 5038/5038
f 5048/5048 1246/1246 1245/1245
f 5036/5036 5037/5037 5047/5047
f 5039/5039 5034/5034 5033/5033
f 1596/1596 5049/5049 5050/5050
f 5051/5051 5052/5052 1596/1596
f 5053/5053 5051/5051 1596/1596
f 1596/1596 5050/5050 5054/5054
f 1596/1596 5054/5054 5055/5055
f 5056/5056 5053/5053 1596/1596
f 5057/5057 5056/5056 5055/5055
f 5056/5056 1596/1596 5055/5055
f 5055/5055 5048/5048 5057/5057
f 1245/1245 5057/5057 5048/5048
f 5046/5046 5047/5047 1244/1244
f 1249/1249 5058/5058 1247/1247
f 1247/1247 1300/1300 1248/1248
f 1250/1250 5058/5058 1249/1249
f 1251/1251 5059/5059 1252/1252
f 1253/1253 5060/5060 1254/1254
f 1256/1256 1258/1258 1255/1255
f 1257/1257 1263/1263 1258/1258
f 5061/5061 5062/5062 5063/5063
f 5062/5062 5064/5064 5063/5063
f 5064/5064 5065/5065 5063/5063
f 5066/5066 5063/5063 5065/5065
f 5067/5067 5068/5068 5069/5069
f 5068/5068 5066/5066 5070/5070
f 5071/5071 5072/5072 5073/5073
f 5072/5072 5067/5067 5074/5074
f 1261/1261 5075/5075 1259/1259
f 5075/5075 5071/5071 1259/1259
f 1259/1259 5071/5071 5073/5073
f 5076/5076 5077/5077 5078/5078
f 5077/5077 1261/1261 1260/1260
f 5078/5078 5077/5077 5079/5079
f 5080/5080 5081/5081 5082/5082
f 5081/5081 5076/5076 5082/5082
f 5082/5082 5076/5076 5078/5078
f 5082/5082 5083/5083 5080/5080
f 5072/5072 5074/5074 5073/5073
f 5068/5068 5070/5070 5069/5069
f 5070/5070 5066/5066 5065/5065
f 5079/5079 5077/5077 1260/1260
f 5067/5067 5069/5069 5074/5074
f 1257/1257 1264/1264 1262/1262
f 1264/1264 1267/1267 1265/1265
f 1266/1266 1272/1272 1265/1265
f 5080/5080 5083/5083 5084/5084
f 5080/5080 5084/5084 5085/5085
f 5084/5084 5086/5086 5085/5085
f 5087/5087 5085/5085 5086/5086
f 5088/5088 5089/5089 5090/5090
f 5089/5089 5087/5087 5091/5091
f 5092/5092 5093/5093 5094/5094
f 5093/5093 5088/5088 5095/5095
f 1270/1270 5096/5096 1268/1268
f 5096/5096 5092/5092 5094/5094
f 5097/5097 5098/5098 5099/5099
f 5098/5098 1270/1270 1269/1269
f 5099/5099 5098/5098 5100/5100
f 5061/5061 5101/5101 5062/5062
f 5101/5101 5097/5097 5102/5102
f 5102/5102 5097/5097 5099/5099
f 5102/5102 5062/5062 5101/5101
f 5096/5096 5094/5094 1268/1268
f 5093/5093 5095/5095 5094/5094
f 5089/5089 5091/5091 5090/5090
f 5091/5091 5087/5087 5086/5086
f 5100/5100 5098/5098 1269/1269
f 5088/5088 5090/5090 5095/5095
f 1266/1266 1273/1273 1271/1271
f 1273/1273 1276/1276 1274/1274
f 1275/1275 5103/5103 1274/1274
f 5103/5103 1275/1275 1279/1279
f 1275/1275 1277/1277 1279/1279
f 1280/1280 1282/1282 1278/1278
f 1281/1281 5104/5104 1282/1282
f 1283/1283 5105/5105 1284/1284
f 1285/1285 1284/1284 1286/1286
f 1287/1287 1286/1286 1288/1288
f 1290/1290 1289/1289 1288/1288
f 1292/1292 1290/1290 1291/1291
f 1294/1294 1292/1292 1293/1293
f 1294/1294 1295/1295 1296/1296
f 1297/1297 1296/1296 1298/1298
f 1300/1300 1299/1299 1298/1298
f 1301/1301 1305/1305 1302/1302
f 1301/1301 1351/1351 1304/1304
f 1308/1308 5106/5106 5107/5107
f 5107/5107 5108/5108 5109/5109
f 5108/5108 5110/5110 5109/5109
f 5109/5109 5111/5111 5112/5112
f 5111/5111 5113/5113 5112/5112
f 5112/5112 5114/5114 5115/5115
f 5114/5114 5116/5116 5117/5117
f 5115/5115 5114/5114 5117/5117
f 5115/5115 5118/5118 5119/5119
f 5119/5119 5120/5120 1306/1306
f 1306/1306 5121/5121 1307/1307
f 5121/5121 5122/5122 5123/5123
f 1307/1307 5121/5121 5123/5123
f 1307/1307 5124/5124 5125/5125
f 5125/5125 5126/5126 1307/1307
f 5126/5126 1308/1308 1307/1307
f 1308/1308 5107/5107 5109/5109
f 5109/5109 5112/5112 1308/1308
f 5115/5115 5119/5119 1306/1306
f 5112/5112 5115/5115 1308/1308
f 5115/5115 1306/1306 1308/1308
f 1303/1303 1302/1302 1309/1309
f 1310/1310 1309/1309 1311/1311
f 1312/1312 1311/1311 1313/1313
f 1315/1315 1314/1314 1313/1313
f 1316/1316 5127/5127 1317/1317
f 1318/1318 5128/5128 1319/1319
f 1321/1321 1318/1318 1320/1320
f 1321/1321 1322/1322 1323/1323
f 1325/1325 1324/1324 1323/1323
f 1327/1327 1325/1325 1326/1326
f 1329/1329 1327/1327 1328/1328
f 1331/1331 1329/1329 1330/1330
f 1333/1333 1331/1331 1332/1332
f 1335/1335 1333/1333 1334/1334
f 1335/1335 1336/1336 1337/1337
f 1339/1339 1338/1338 1337/1337
f 1340/1340 5129/5129 1341/1341
f 1342/1342 5130/5130 1343/1343
f 1345/1345 1342/1342 1344/1344
f 1345/1345 1346/1346 1347/1347
f 1349/1349 1348/1348 1347/1347
f 1351/1351 1349/1349 1350/1350
f 5043/5043 5041/5041 5131/5131
f 5043/5043 5131/5131 5132/5132
f 5133/5133 5043/5043 5132/5132
f 5133/5133 5132/5132 5134/5134
f 5135/5135 5133/5133 5134/5134
f 5135/5135 5134/5134 5136/5136
f 5134/5134 5137/5137 5136/5136
f 5136/5136 5137/5137 5138/5138
f 5137/5137 5139/5139 5138/5138
f 5140/5140 5136/5136 5138/5138
f 5139/5139 5141/5141 5142/5142
f 5138/5138 5139/5139 5142/5142
f 1354/1354 5140/5140 1352/1352
f 1596/1596 5052/5052 5143/5143
f 5144/5144 5145/5145 1596/1596
f 1352/1352 5146/5146 1596/1596
f 5146/5146 5144/5144 1596/1596
f 5138/5138 1352/1352 5140/5140
f 5142/5142 5147/5147 4927/4927
f 4926/4926 4927/4927 5148/5148
f 5148/5148 4927/4927 5147/5147
f 5149/5149 5005/5005 4926/4926
f 5150/5150 5149/5149 4926/4926
f 5147/5147 5142/5142 5151/5151
f 1596/1596 5143/5143 5152/5152
f 1596/1596 5152/5152 5153/5153
f 5154/5154 5150/5150 4926/4926
f 5148/5148 5154/5154 4926/4926
f 1352/1352 1596/1596 5153/5153
f 1352/1352 5153/5153 1353/1353
f 5151/5151 5142/5142 5141/5141
f 5155/5155 1358/1358 1357/1357
f 1358/1358 1355/1355 1357/1357
f 1358/1358 5155/5155 1359/1359
f 2196/2196 1355/1355 1362/1362
f 1355/1355 1358/1358 1362/1362
f 1361/1361 1358/1358 1364/1364
f 1358/1358 1360/1360 1364/1364
f 1369/1369 1368/1368 1367/1367
f 1368/1368 1365/1365 1367/1367
f 1372/1372 1371/1371 1370/1370
f 1371/1371 1368/1368 1370/1370
f 1375/1375 2207/2207 1373/1373
f 2207/2207 1371/1371 1373/1373
f 1374/1374 1373/1373 1372/1372
f 1372/1372 1370/1370 1083/1083
f 1376/1376 5156/5156 1375/1375
f 1375/1375 1373/1373 1374/1374
f 1374/1374 1379/1379 1377/1377
f 1377/1377 5157/5157 1376/1376
f 1083/1083 1082/1082 1081/1081
f 1081/1081 1379/1379 1374/1374
f 1083/1083 1370/1370 1369/1369
f 1369/1369 1367/1367 1084/1084
f 1081/1081 1080/1080 1379/1379
f 1080/1080 1378/1378 1379/1379
f 1377/1377 1378/1378 1382/1382
f 1378/1378 1380/1380 1382/1382
f 1385/1385 1378/1378 1384/1384
f 1378/1378 1080/1080 1384/1384
f 1433/1433 1380/1380 1386/1386
f 1380/1380 1378/1378 1386/1386
f 1388/1388 5158/5158 1387/1387
f 1387/1387 4897/4897 1070/1070
f 1390/1390 5159/5159 1389/1389
f 1389/1389 5158/5158 1388/1388
f 1070/1070 1071/1071 1391/1391
f 1390/1390 1388/1388 1391/1391
f 1394/1394 5160/5160 1393/1393
f 1393/1393 5159/5159 1390/1390
f 1390/1390 1392/1392 1395/1395
f 1396/1396 1399/1399 1395/1395
f 1397/1397 1396/1396 1392/1392
f 1398/1398 1401/1401 1395/1395
f 1400/1400 1394/1394 1395/1395
f 1402/1402 1404/1404 1401/1401
f 1403/1403 1400/1400 1401/1401
f 1405/1405 1407/1407 1404/1404
f 1406/1406 1409/1409 1407/1407
f 1408/1408 1410/1410 1407/1407
f 1403/1403 1404/1404 1407/1407
f 1408/1408 5161/5161 1411/1411
f 1411/1411 5162/5162 1410/1410
f 1410/1410 5162/5162 1412/1412
f 1412/1412 5163/5163 1403/1403
f 5164/5164 1541/1541 1415/1415
f 1541/1541 1413/1413 1415/1415
f 1414/1414 1413/1413 1418/1418
f 1413/1413 1416/1416 1418/1418
f 1403/1403 5163/5163 1419/1419
f 1419/1419 5165/5165 1400/1400
f 1417/1417 1416/1416 1422/1422
f 1416/1416 1420/1420 1422/1422
f 1425/1425 1416/1416 1424/1424
f 1416/1416 1413/1413 1424/1424
f 1427/1427 1420/1420 1426/1426
f 1420/1420 1416/1416 1426/1426
f 2205/2205 1429/1429 1428/1428
f 1429/1429 1420/1420 1428/1428
f 1421/1421 1420/1420 1431/1431
f 1420/1420 1429/1429 1431/1431
f 1400/1400 5165/5165 1432/1432
f 1432/1432 5160/5160 1394/1394
f 1430/1430 1429/1429 1434/1434
f 1429/1429 1380/1380 1434/1434
f 1436/1436 1428/1428 1427/1427
f 1427/1427 5166/5166 1435/1435
f 1435/1435 5166/5166 1425/1425
f 1425/1425 1424/1424 1437/1437
f 1435/1435 5167/5167 1438/1438
f 1438/1438 2203/2203 1436/1436
f 1437/1437 1443/1443 1439/1439
f 1439/1439 5167/5167 1435/1435
f 1437/1437 1424/1424 1423/1423
f 1423/1423 1542/1542 1440/1440
f 1440/1440 1536/1536 1441/1441
f 1441/1441 1443/1443 1437/1437
f 1441/1441 1535/1535 1443/1443
f 1535/1535 1442/1442 1443/1443
f 1439/1439 1442/1442 1445/1445
f 1442/1442 1444/1444 1445/1445
f 1450/1450 1449/1449 1448/1448
f 1449/1449 1446/1446 1448/1448
f 1460/1460 1455/1455 1451/1451
f 1455/1455 1449/1449 1451/1451
f 1449/1449 1455/1455 1452/1452
f 1446/1446 1449/1449 1453/1453
f 1446/1446 1454/1454 1356/1356
f 1455/1455 1462/1462 1456/1456
f 1456/1456 1462/1462 1459/1459
f 1462/1462 1457/1457 1459/1459
f 1463/1463 1462/1462 1461/1461
f 1462/1462 1455/1455 1461/1461
f 1465/1465 1457/1457 1464/1464
f 1457/1457 1462/1462 1464/1464
f 1589/1589 1467/1467 1466/1466
f 1467/1467 1457/1457 1466/1466
f 1467/1467 5168/5168 1458/1458
f 1472/1472 1471/1471 1470/1470
f 1471/1471 1468/1468 1470/1470
f 1475/1475 1474/1474 1473/1473
f 1474/1474 1471/1471 1473/1473
f 1479/1479 2193/2193 1476/1476
f 2193/2193 1474/1474 1476/1476
f 1478/1478 1476/1476 1475/1475
f 1475/1475 1473/1473 1477/1477
f 1480/1480 2194/2194 1479/1479
f 1479/1479 1476/1476 1478/1478
f 1477/1477 1486/1486 1481/1481
f 1481/1481 1484/1484 1478/1478
f 1478/1478 1484/1484 1482/1482
f 1482/1482 1572/1572 1480/1480
f 1481/1481 1485/1485 1484/1484
f 1485/1485 1483/1483 1484/1484
f 1487/1487 1489/1489 1486/1486
f 1489/1489 1485/1485 1486/1486
f 1488/1488 1490/1490 1487/1487
f 1487/1487 1486/1486 1477/1477
f 1523/1523 1491/1491 1490/1490
f 1491/1491 1489/1489 1490/1490
f 1494/1494 1489/1489 1493/1493
f 1489/1489 1491/1491 1493/1493
f 1485/1485 1489/1489 1494/1494
f 1496/1496 1500/1500 1497/1497
f 1499/1499 1502/1502 1500/1500
f 1500/1500 1503/1503 1501/1501
f 1502/1502 1506/1506 1503/1503
f 1504/1504 1545/1545 1501/1501
f 1505/1505 1504/1504 1503/1503
f 1507/1507 1505/1505 1506/1506
f 1502/1502 1509/1509 1508/1508
f 1509/1509 1512/1512 1510/1510
f 1507/1507 1508/1508 1510/1510
f 1511/1511 1510/1510 1409/1409
f 1512/1512 1408/1408 1409/1409
f 1509/1509 5169/5169 1513/1513
f 1513/1513 5170/5170 1512/1512
f 1512/1512 5170/5170 1514/1514
f 1514/1514 5161/5161 1408/1408
f 1519/1519 1518/1518 1517/1517
f 1518/1518 1515/1515 1517/1517
f 1492/1492 1491/1491 1520/1520
f 1491/1491 1518/1518 1520/1520
f 1527/1527 1515/1515 1522/1522
f 1515/1515 1518/1518 1522/1522
f 1521/1521 1518/1518 1524/1524
f 1518/1518 1491/1491 1524/1524
f 1526/1526 1522/1522 1521/1521
f 1521/1521 1524/1524 1525/1525
f 1528/1528 5171/5171 1527/1527
f 1527/1527 1522/1522 1526/1526
f 1530/1530 1541/1541 1529/1529
f 1541/1541 1515/1515 1529/1529
f 1440/1440 1542/1542 1530/1530
f 1530/1530 5171/5171 1528/1528
f 1526/1526 1538/1538 1531/1531
f 1531/1531 5172/5172 1528/1528
f 1528/1528 5172/5172 1532/1532
f 1532/1532 1536/1536 1440/1440
f 1531/1531 1537/1537 1534/1534
f 1537/1537 1533/1533 1534/1534
f 1532/1532 1533/1533 1536/1536
f 1533/1533 1535/1535 1536/1536
f 1539/1539 1463/1463 1538/1538
f 1463/1463 1537/1537 1538/1538
f 1525/1525 1540/1540 1539/1539
f 1539/1539 1538/1538 1526/1526
f 1469/1469 1468/1468 1540/1540
f 1468/1468 1463/1463 1540/1540
f 1488/1488 1470/1470 1469/1469
f 1469/1469 1540/1540 1525/1525
f 1477/1477 1473/1473 1472/1472
f 1472/1472 1470/1470 1488/1488
f 1525/1525 1524/1524 1523/1523
f 1523/1523 1490/1490 1488/1488
f 1423/1423 1413/1413 1542/1542
f 1413/1413 1541/1541 1542/1542
f 1516/1516 1515/1515 1541/1541
f 1541/1541 5164/5164 1543/1543
f 1502/1502 1499/1499 1544/1544
f 1544/1544 5169/5169 1509/1509
f 1545/1545 1548/1548 1546/1546
f 1497/1497 1501/1501 1546/1546
f 1548/1548 1550/1550 1549/1549
f 1550/1550 2188/2188 1551/1551
f 1552/1552 1553/1553 1549/1549
f 1547/1547 1546/1546 1549/1549
f 1554/1554 1555/1555 1553/1553
f 1555/1555 2195/2195 1547/1547
f 1556/1556 1559/1559 1557/1557
f 1559/1559 1483/1483 1560/1560
f 1561/1561 1554/1554 1552/1552
f 1563/1563 1556/1556 1558/1558
f 1571/1571 1559/1559 1566/1566
f 1559/1559 1556/1556 1566/1566
f 1565/1565 1556/1556 1568/1568
f 1556/1556 1563/1563 1568/1568
f 1570/1570 1566/1566 1565/1565
f 1565/1565 1568/1568 1569/1569
f 1480/1480 1572/1572 1571/1571
f 1571/1571 1566/1566 1570/1570
f 1482/1482 1483/1483 1572/1572
f 1483/1483 1559/1559 1572/1572
f 1570/1570 1588/1588 1573/1573
f 1573/1573 2194/2194 1480/1480
f 1569/1569 1583/1583 1574/1574
f 1574/1574 1588/1588 1570/1570
f 1569/1569 1568/1568 1567/1567
f 1567/1567 2181/2181 1575/1575
f 1575/1575 1581/1581 1576/1576
f 1576/1576 1583/1583 1569/1569
f 1575/1575 2181/2181 1577/1577
f 1577/1577 2183/2183 1578/1578
f 1578/1578 2192/2192 1579/1579
f 1579/1579 1581/1581 1575/1575
f 1579/1579 2191/2191 1581/1581
f 2191/2191 1580/1580 1581/1581
f 1576/1576 1580/1580 1583/1583
f 1580/1580 1582/1582 1583/1583
f 2129/2129 2125/2125 1586/1586
f 2125/2125 1584/1584 1586/1586
f 1574/1574 1582/1582 1588/1588
f 1582/1582 1587/1587 1588/1588
f 1585/1585 1584/1584 1590/1590
f 1584/1584 1467/1467 1590/1590
f 1584/1584 2125/2125 1591/1591
f 5168/5168 1467/1467 1593/1593
f 1467/1467 1584/1584 1593/1593
f 4683/4683 4679/4679 5173/5173
f 4679/4679 5027/5027 5174/5174
f 5174/5174 5027/5027 5175/5175
f 5027/5027 5176/5176 5175/5175
f 5173/5173 4679/4679 5177/5177
f 5177/5177 4679/4679 5174/5174
f 5176/5176 5178/5178 5175/5175
f 5178/5178 5179/5179 5180/5180
f 5175/5175 5178/5178 5180/5180
f 5179/5179 5181/5181 5182/5182
f 5180/5180 5179/5179 5182/5182
f 5181/5181 5183/5183 5184/5184
f 5182/5182 5181/5181 5184/5184
f 5183/5183 5185/5185 5186/5186
f 5184/5184 5183/5183 5186/5186
f 5185/5185 5187/5187 5188/5188
f 5186/5186 5185/5185 5189/5189
f 5187/5187 5190/5190 5145/5145
f 5189/5189 5185/5185 5188/5188
f 5188/5188 5187/5187 5145/5145
f 5191/5191 5189/5189 5188/5188
f 5192/5192 5191/5191 5193/5193
f 5192/5192 5193/5193 5194/5194
f 4451/4451 4450/4450 5193/5193
f 4450/4450 5194/5194 5193/5193
f 5188/5188 5193/5193 5191/5191
f 1596/1596 5145/5145 5195/5195
f 1596/1596 5195/5195 1594/1594
f 5196/5196 5049/5049 1596/1596
f 1595/1595 5196/5196 1596/1596
f 5145/5145 5190/5190 5195/5195
f 1968/1968 5197/5197 1599/1599
f 5197/5197 1597/1597 1599/1599
f 1597/1597 1601/1601 1600/1600
f 1601/1601 1607/1607 1602/1602
f 5198/5198 5199/5199 5200/5200
f 5198/5198 5200/5200 5201/5201
f 5200/5200 5202/5202 5201/5201
f 5203/5203 5201/5201 5202/5202
f 5204/5204 5205/5205 5206/5206
f 5205/5205 5203/5203 5202/5202
f 5206/5206 5205/5205 5202/5202
f 1603/1603 5207/5207 1604/1604
f 5207/5207 5204/5204 5208/5208
f 1604/1604 5207/5207 5208/5208
f 5209/5209 5210/5210 5211/5211
f 5210/5210 1603/1603 1605/1605
f 5212/5212 5213/5213 5214/5214
f 5213/5213 5209/5209 5215/5215
f 5214/5214 5213/5213 5215/5215
f 5216/5216 5217/5217 5218/5218
f 5217/5217 5212/5212 5218/5218
f 5218/5218 5212/5212 5214/5214
f 5218/5218 5219/5219 5216/5216
f 5210/5210 1605/1605 5211/5211
f 5204/5204 5206/5206 5208/5208
f 5220/5220 5215/5215 5209/5209
f 5211/5211 5220/5220 5209/5209
f 1606/1606 1609/1609 1602/1602
f 1608/1608 1611/1611 1609/1609
f 1608/1608 1613/1613 1610/1610
f 1612/1612 1615/1615 1610/1610
f 1614/1614 1617/1617 1615/1615
f 1616/1616 5221/5221 1617/1617
f 1618/1618 5222/5222 1619/1619
f 1621/1621 1618/1618 1620/1620
f 1623/1623 1621/1621 1622/1622
f 1626/1626 1630/1630 1625/1625
f 1625/1625 1623/1623 1624/1624
f 5216/5216 5219/5219 5223/5223
f 5216/5216 5223/5223 5224/5224
f 5223/5223 5225/5225 5224/5224
f 5226/5226 5224/5224 5225/5225
f 5227/5227 5228/5228 5229/5229
f 5228/5228 5226/5226 5230/5230
f 5231/5231 5232/5232 5233/5233
f 5232/5232 5227/5227 5234/5234
f 5235/5235 1629/1629 1628/1628
f 1629/1629 5231/5231 1627/1627
f 1627/1627 5231/5231 5233/5233
f 5236/5236 5237/5237 5238/5238
f 5237/5237 5235/5235 1628/1628
f 5238/5238 5237/5237 5239/5239
f 5198/5198 5240/5240 5241/5241
f 5240/5240 5236/5236 5241/5241
f 5241/5241 5236/5236 5238/5238
f 5241/5241 5199/5199 5198/5198
f 5232/5232 5234/5234 5233/5233
f 5228/5228 5230/5230 5229/5229
f 5230/5230 5226/5226 5225/5225
f 5239/5239 5237/5237 1628/1628
f 5227/5227 5229/5229 5234/5234
f 1630/1630 1626/1626 1631/1631
f 1635/1635 1636/1636 1633/1633
f 1633/1633 1897/1897 1634/1634
f 1636/1636 1635/1635 1637/1637
f 1637/1637 5242/5242 1639/1639
f 1640/1640 5243/5243 1641/1641
f 1643/1643 1648/1648 1642/1642
f 5244/5244 5245/5245 5246/5246
f 5244/5244 5246/5246 5247/5247
f 5246/5246 5248/5248 5247/5247
f 5249/5249 5247/5247 5248/5248
f 5250/5250 5251/5251 5252/5252
f 5251/5251 5249/5249 5248/5248
f 5252/5252 5251/5251 5248/5248
f 5253/5253 5254/5254 5255/5255
f 5254/5254 5250/5250 5256/5256
f 5257/5257 1646/1646 1645/1645
f 1646/1646 5253/5253 1644/1644
f 1644/1644 5253/5253 5255/5255
f 5258/5258 5259/5259 5260/5260
f 5259/5259 5257/5257 5261/5261
f 5260/5260 5259/5259 5261/5261
f 5262/5262 5263/5263 5264/5264
f 5263/5263 5258/5258 5265/5265
f 5265/5265 5258/5258 5260/5260
f 5265/5265 5264/5264 5263/5263
f 5254/5254 5256/5256 5255/5255
f 5250/5250 5252/5252 5266/5266
f 5250/5250 5266/5266 5256/5256
f 1645/1645 5261/5261 5257/5257
f 1647/1647 1650/1650 1648/1648
f 1647/1647 1651/1651 1649/1649
f 1651/1651 1653/1653 1652/1652
f 1653/1653 1655/1655 1654/1654
f 1655/1655 1657/1657 1656/1656
f 1657/1657 1659/1659 1658/1658
f 1659/1659 5267/5267 1660/1660
f 1660/1660 5267/5267 1663/1663
f 5267/5267 1661/1661 1663/1663
f 1822/1822 5268/5268 1666/1666
f 5268/5268 1664/1664 1666/1666
f 1664/1664 1672/1672 1667/1667
f 5269/5269 5270/5270 5271/5271
f 5269/5269 5271/5271 5272/5272
f 5271/5271 5273/5273 5272/5272
f 5274/5274 5272/5272 5273/5273
f 5275/5275 5276/5276 5277/5277
f 5276/5276 5274/5274 5278/5278
f 5279/5279 5280/5280 5281/5281
f 5280/5280 5275/5275 5277/5277
f 5282/5282 5280/5280 5277/5277
f 1670/1670 5283/5283 1668/1668
f 5283/5283 5279/5279 1668/1668
f 1668/1668 5279/5279 5281/5281
f 5284/5284 5285/5285 5286/5286
f 5285/5285 1670/1670 1669/1669
f 5284/5284 5286/5286 5287/5287
f 5288/5288 5289/5289 5290/5290
f 5289/5289 5284/5284 5287/5287
f 5290/5290 5291/5291 5288/5288
f 5287/5287 5290/5290 5289/5289
f 5280/5280 5282/5282 5281/5281
f 5276/5276 5278/5278 5277/5277
f 5278/5278 5274/5274 5273/5273
f 5286/5286 5285/5285 1669/1669
f 1671/1671 1674/1674 1667/1667
f 1673/1673 1679/1679 1674/1674
f 5288/5288 5291/5291 5292/5292
f 5288/5288 5292/5292 5293/5293
f 5292/5292 5294/5294 5295/5295
f 5293/5293 5292/5292 5295/5295
f 5296/5296 5297/5297 5298/5298
f 5297/5297 5295/5295 5294/5294
f 5298/5298 5297/5297 5294/5294
f 5299/5299 5300/5300 5301/5301
f 5300/5300 5296/5296 5302/5302
f 1677/1677 5303/5303 1675/1675
f 5303/5303 5299/5299 1675/1675
f 1675/1675 5299/5299 5301/5301
f 5304/5304 5305/5305 5306/5306
f 5305/5305 1677/1677 5307/5307
f 5306/5306 5305/5305 5307/5307
f 5269/5269 5308/5308 5270/5270
f 5308/5308 5304/5304 5309/5309
f 5309/5309 5304/5304 5306/5306
f 5309/5309 5270/5270 5308/5308
f 5300/5300 5302/5302 5301/5301
f 5296/5296 5298/5298 5310/5310
f 5296/5296 5310/5310 5302/5302
f 1676/1676 5307/5307 1677/1677
f 1678/1678 1681/1681 1679/1679
f 1678/1678 1683/1683 1680/1680
f 1682/1682 1685/1685 1680/1680
f 1684/1684 5311/5311 1685/1685
f 1686/1686 5312/5312 1687/1687
f 1690/1690 5313/5313 1689/1689
f 1689/1689 1688/1688 1687/1687
f 5314/5314 1694/1694 1693/1693
f 1694/1694 1691/1691 1693/1693
f 1694/1694 5314/5314 1695/1695
f 5315/5315 5316/5316 5317/5317
f 5316/5316 5318/5318 5317/5317
f 5318/5318 5319/5319 5317/5317
f 5320/5320 5317/5317 5319/5319
f 5321/5321 5322/5322 5323/5323
f 5322/5322 5320/5320 5319/5319
f 5324/5324 5322/5322 5319/5319
f 5325/5325 5326/5326 5327/5327
f 5326/5326 5321/5321 5328/5328
f 5329/5329 1699/1699 1698/1698
f 1699/1699 5325/5325 1697/1697
f 1697/1697 5325/5325 5327/5327
f 5330/5330 5331/5331 5332/5332
f 5331/5331 5329/5329 5333/5333
f 5332/5332 5331/5331 5333/5333
f 5334/5334 5335/5335 5336/5336
f 5335/5335 5330/5330 5337/5337
f 5337/5337 5330/5330 5332/5332
f 5337/5337 5336/5336 5335/5335
f 5326/5326 5328/5328 5327/5327
f 5322/5322 5324/5324 5323/5323
f 5321/5321 5323/5323 5328/5328
f 1698/1698 5333/5333 5329/5329
f 1691/1691 1701/1701 1700/1700
f 1701/1701 1703/1703 1702/1702
f 1703/1703 1705/1705 1704/1704
f 1705/1705 1707/1707 1706/1706
f 1707/1707 1710/1710 1708/1708
f 1709/1709 1712/1712 1708/1708
f 1711/1711 1714/1714 1712/1712
f 1711/1711 5338/5338 1713/1713
f 1715/1715 5339/5339 1716/1716
f 5334/5334 5336/5336 5340/5340
f 5334/5334 5340/5340 5341/5341
f 5340/5340 5342/5342 5341/5341
f 5343/5343 5341/5341 5342/5342
f 5344/5344 5345/5345 5346/5346
f 5345/5345 5343/5343 5346/5346
f 1718/1718 5347/5347 1719/1719
f 5347/5347 5344/5344 5348/5348
f 1719/1719 5347/5347 5348/5348
f 5349/5349 5350/5350 5351/5351
f 5350/5350 1718/1718 1720/1720
f 5352/5352 5353/5353 5354/5354
f 5353/5353 5349/5349 5355/5355
f 5354/5354 5353/5353 5355/5355
f 5315/5315 5356/5356 5316/5316
f 5356/5356 5352/5352 5354/5354
f 5357/5357 5316/5316 5356/5356
f 5354/5354 5357/5357 5356/5356
f 5350/5350 1720/1720 5358/5358
f 5346/5346 5343/5343 5342/5342
f 5344/5344 5346/5346 5348/5348
f 5351/5351 5355/5355 5349/5349
f 5358/5358 5351/5351 5350/5350
f 1717/1717 1716/1716 1721/1721
f 1722/1722 1721/1721 1723/1723
f 1726/1726 5359/5359 1725/1725
f 1725/1725 1724/1724 1723/1723
f 1727/1727 5359/5359 1726/1726
f 1729/1729 1727/1727 1728/1728
f 1731/1731 1729/1729 1730/1730
f 1733/1733 1731/1731 1732/1732
f 1735/1735 1733/1733 1734/1734
f 1735/1735 1736/1736 1737/1737
f 1739/1739 1738/1738 1737/1737
f 1740/1740 5360/5360 1741/1741
f 1742/1742 5361/5361 1743/1743
f 1744/1744 1696/1696 1695/1695
f 1745/1745 1749/1749 1746/1746
f 1748/1748 1795/1795 1749/1749
f 1751/1751 5362/5362 5363/5363
f 5363/5363 5364/5364 5365/5365
f 5365/5365 5366/5366 5367/5367
f 5367/5367 5368/5368 1752/1752
f 1752/1752 5369/5369 5370/5370
f 5370/5370 5371/5371 5372/5372
f 5372/5372 5373/5373 5370/5370
f 5373/5373 5374/5374 5375/5375
f 5376/5376 5373/5373 5375/5375
f 5376/5376 5377/5377 5378/5378
f 5378/5378 5379/5379 5376/5376
f 5379/5379 1750/1750 5376/5376
f 1750/1750 5380/5380 5381/5381
f 5380/5380 5382/5382 5381/5381
f 5381/5381 1751/1751 1750/1750
f 1751/1751 5363/5363 1752/1752
f 5363/5363 5365/5365 1752/1752
f 5365/5365 5367/5367 1752/1752
f 1752/1752 5370/5370 5376/5376
f 5376/5376 5370/5370 5373/5373
f 5376/5376 1750/1750 1752/1752
f 1753/1753 1747/1747 1746/1746
f 1755/1755 1753/1753 1754/1754
f 1757/1757 1755/1755 1756/1756
f 1757/1757 1758/1758 1759/1759
f 1761/1761 1760/1760 1759/1759
f 1763/1763 1761/1761 1762/1762
f 1763/1763 1764/1764 1765/1765
f 1767/1767 1766/1766 1765/1765
f 1768/1768 5383/5383 1769/1769
f 1770/1770 5384/5384 1771/1771
f 1773/1773 1770/1770 1772/1772
f 1775/1775 1773/1773 1774/1774
f 1777/1777 1775/1775 1776/1776
f 1779/1779 1777/1777 1778/1778
f 1781/1781 1779/1779 1780/1780
f 1783/1783 1781/1781 1782/1782
f 1785/1785 1783/1783 1784/1784
f 1787/1787 1785/1785 1786/1786
f 1789/1789 1787/1787 1788/1788
f 1791/1791 1789/1789 1790/1790
f 1793/1793 5385/5385 1791/1791
f 1794/1794 5386/5386 1795/1795
f 1796/1796 5313/5313 1690/1690
f 1796/1796 1797/1797 1798/1798
f 1799/1799 1798/1798 1800/1800
f 1801/1801 1800/1800 1802/1802
f 1804/1804 1803/1803 1802/1802
f 1804/1804 1805/1805 1806/1806
f 1807/1807 1806/1806 1808/1808
f 1809/1809 1808/1808 1810/1810
f 1812/1812 1811/1811 1810/1810
f 1813/1813 5387/5387 1814/1814
f 1815/1815 5388/5388 1816/1816
f 1817/1817 1819/1819 1818/1818
f 1819/1819 1821/1821 1820/1820
f 1821/1821 5268/5268 1822/1822
f 1823/1823 1826/1826 1824/1824
f 1826/1826 1873/1873 1827/1827
f 5389/5389 5390/5390 1828/1828
f 5390/5390 5391/5391 5392/5392
f 1828/1828 5390/5390 5392/5392
f 1828/1828 5393/5393 1829/1829
f 5393/5393 5394/5394 5395/5395
f 1829/1829 5393/5393 5395/5395
f 1829/1829 5396/5396 5397/5397
f 5397/5397 5398/5398 5399/5399
f 5398/5398 5400/5400 5399/5399
f 5399/5399 5401/5401 5402/5402
f 1830/1830 5399/5399 5402/5402
f 1830/1830 5403/5403 5404/5404
f 5404/5404 5405/5405 5406/5406
f 5405/5405 5407/5407 5406/5406
f 5406/5406 5408/5408 5409/5409
f 5409/5409 5389/5389 5404/5404
f 1829/1829 5397/5397 1830/1830
f 1830/1830 5397/5397 5399/5399
f 1830/1830 5404/5404 5389/5389
f 5406/5406 5409/5409 5404/5404
f 5389/5389 1828/1828 1830/1830
f 1831/1831 1823/1823 1825/1825
f 1833/1833 1831/1831 1832/1832
f 1835/1835 1833/1833 1834/1834
f 1837/1837 1835/1835 1836/1836
f 1837/1837 1838/1838 1839/1839
f 1841/1841 1840/1840 1839/1839
f 1842/1842 5410/5410 1843/1843
f 1844/1844 5411/5411 1845/1845
f 1847/1847 1844/1844 1846/1846
f 1849/1849 1847/1847 1848/1848
f 1851/1851 1849/1849 1850/1850
f 1853/1853 1851/1851 1852/1852
f 1853/1853 1854/1854 1855/1855
f 1856/1856 1855/1855 1857/1857
f 1858/1858 1857/1857 1859/1859
f 1860/1860 1859/1859 1861/1861
f 1863/1863 1862/1862 1861/1861
f 1865/1865 1863/1863 1864/1864
f 1867/1867 5412/5412 1865/1865
f 1868/1868 5413/5413 1869/1869
f 1871/1871 1868/1868 1870/1870
f 1871/1871 1872/1872 1827/1827
f 1661/1661 1876/1876 1874/1874
f 1875/1875 5414/5414 1874/1874
f 5262/5262 5264/5264 5415/5415
f 5264/5264 5416/5416 5415/5415
f 5416/5416 5417/5417 5415/5415
f 5418/5418 5415/5415 5417/5417
f 5419/5419 5420/5420 5421/5421
f 5420/5420 5418/5418 5417/5417
f 5421/5421 5420/5420 5417/5417
f 1877/1877 5422/5422 1878/1878
f 5422/5422 5419/5419 1878/1878
f 5423/5423 5424/5424 5425/5425
f 5424/5424 1877/1877 1879/1879
f 5426/5426 5427/5427 5428/5428
f 5427/5427 5423/5423 5429/5429
f 5428/5428 5427/5427 5429/5429
f 5244/5244 5430/5430 5245/5245
f 5430/5430 5426/5426 5431/5431
f 5431/5431 5426/5426 5428/5428
f 5431/5431 5245/5245 5430/5430
f 5424/5424 1879/1879 5432/5432
f 5419/5419 5421/5421 5433/5433
f 5419/5419 5433/5433 1878/1878
f 5425/5425 5429/5429 5423/5423
f 5432/5432 5425/5425 5424/5424
f 1880/1880 5434/5434 1881/1881
f 1882/1882 1881/1881 1883/1883
f 1884/1884 1883/1883 1885/1885
f 1887/1887 1886/1886 1885/1885
f 1889/1889 1887/1887 1888/1888
f 1889/1889 1890/1890 1891/1891
f 1893/1893 1892/1892 1891/1891
f 1893/1893 1894/1894 1895/1895
f 1896/1896 1895/1895 1634/1634
f 1898/1898 5435/5435 1899/1899
f 1901/1901 5436/5436 1902/1902
f 1906/1906 5437/5437 5438/5438
f 5438/5438 5439/5439 5440/5440
f 5439/5439 5441/5441 5440/5440
f 5440/5440 5442/5442 5443/5443
f 5444/5444 5440/5440 5443/5443
f 5444/5444 5445/5445 5446/5446
f 5445/5445 5447/5447 5448/5448
f 5446/5446 5445/5445 5448/5448
f 5446/5446 5449/5449 5450/5450
f 5450/5450 5451/5451 1904/1904
f 1904/1904 5452/5452 1905/1905
f 5452/5452 5453/5453 1905/1905
f 5453/5453 5454/5454 1905/1905
f 1905/1905 5455/5455 5456/5456
f 5456/5456 5457/5457 1905/1905
f 5457/5457 1906/1906 1905/1905
f 1906/1906 5438/5438 5440/5440
f 5440/5440 5444/5444 1906/1906
f 5446/5446 5450/5450 1904/1904
f 5444/5444 5446/5446 1906/1906
f 5446/5446 1904/1904 1906/1906
f 1907/1907 1898/1898 1900/1900
f 1907/1907 1908/1908 1909/1909
f 1911/1911 1910/1910 1909/1909
f 1913/1913 1911/1911 1912/1912
f 1915/1915 1913/1913 1914/1914
f 1915/1915 1916/1916 1917/1917
f 1919/1919 1918/1918 1917/1917
f 1921/1921 1919/1919 1920/1920
f 1921/1921 1922/1922 1923/1923
f 1925/1925 1924/1924 1923/1923
f 1926/1926 5458/5458 1927/1927
f 1928/1928 5459/5459 1929/1929
f 1931/1931 1928/1928 1930/1930
f 1931/1931 1932/1932 1933/1933
f 1935/1935 1934/1934 1933/1933
f 1937/1937 1935/1935 1936/1936
f 1939/1939 1937/1937 1938/1938
f 1941/1941 1939/1939 1940/1940
f 1941/1941 1942/1942 1943/1943
f 1944/1944 1943/1943 1945/1945
f 1946/1946 1945/1945 1947/1947
f 1903/1903 1948/1948 1947/1947
f 1632/1632 1631/1631 1949/1949
f 1951/1951 1950/1950 1949/1949
f 1954/1954 1955/1955 1953/1953
f 1953/1953 1951/1951 1952/1952
f 1955/1955 1954/1954 1956/1956
f 1957/1957 1956/1956 1958/1958
f 1959/1959 1958/1958 1960/1960
f 1960/1960 5460/5460 1962/1962
f 1963/1963 5461/5461 1964/1964
f 1964/1964 1967/1967 1966/1966
f 1967/1967 5197/5197 1968/1968
f 5462/5462 2021/2021 1971/1971
f 2021/2021 1969/1969 1971/1971
f 1969/1969 1973/1973 1972/1972
f 1973/1973 5463/5463 1974/1974
f 5464/5464 5465/5465 5466/5466
f 5465/5465 5467/5467 5466/5466
f 5467/5467 5468/5468 5466/5466
f 5469/5469 5466/5466 5468/5468
f 5470/5470 5471/5471 5472/5472
f 5471/5471 5469/5469 5473/5473
f 1975/1975 5474/5474 1976/1976
f 5474/5474 5470/5470 1976/1976
f 5475/5475 5476/5476 5477/5477
f 5476/5476 1975/1975 1977/1977
f 5478/5478 5479/5479 5480/5480
f 5479/5479 5475/5475 5477/5477
f 5480/5480 5479/5479 5481/5481
f 5482/5482 5483/5483 5484/5484
f 5483/5483 5478/5478 5480/5480
f 5484/5484 5485/5485 5482/5482
f 5480/5480 5484/5484 5483/5483
f 5476/5476 1977/1977 5486/5486
f 5471/5471 5473/5473 5472/5472
f 5473/5473 5469/5469 5468/5468
f 5481/5481 5479/5479 5477/5477
f 5470/5470 5472/5472 1976/1976
f 5486/5486 5477/5477 5476/5476
f 1978/1978 5487/5487 1979/1979
f 1981/1981 1978/1978 1980/1980
f 1981/1981 1982/1982 1983/1983
f 1985/1985 1984/1984 1983/1983
f 1987/1987 1985/1985 1986/1986
f 1989/1989 1987/1987 1988/1988
f 1991/1991 1989/1989 1990/1990
f 1993/1993 1991/1991 1992/1992
f 5482/5482 5485/5485 5488/5488
f 5485/5485 5489/5489 5488/5488
f 5489/5489 5490/5490 5488/5488
f 5491/5491 5488/5488 5490/5490
f 5492/5492 5493/5493 5494/5494
f 5493/5493 5491/5491 5490/5490
f 5495/5495 5493/5493 5490/5490
f 5496/5496 5497/5497 5498/5498
f 5497/5497 5492/5492 5499/5499
f 5500/5500 1997/1997 1996/1996
f 1997/1997 5496/5496 1995/1995
f 1995/1995 5496/5496 5498/5498
f 5501/5501 5502/5502 5503/5503
f 5502/5502 5500/5500 5504/5504
f 5503/5503 5502/5502 5504/5504
f 5464/5464 5505/5505 5506/5506
f 5505/5505 5501/5501 5506/5506
f 5506/5506 5501/5501 5503/5503
f 5506/5506 5465/5465 5464/5464
f 5497/5497 5499/5499 5498/5498
f 5493/5493 5495/5495 5494/5494
f 5492/5492 5494/5494 5499/5499
f 1996/1996 5504/5504 5500/5500
f 1998/1998 1993/1993 1994/1994
f 2001/2001 5507/5507 2000/2000
f 2000/2000 1998/1998 1999/1999
f 2002/2002 5507/5507 2001/2001
f 2003/2003 5508/5508 2004/2004
f 2005/2005 5509/5509 2006/2006
f 2008/2008 2010/2010 2007/2007
f 2009/2009 2012/2012 2010/2010
f 2011/2011 2014/2014 2012/2012
f 2011/2011 2015/2015 2013/2013
f 2015/2015 2017/2017 2016/2016
f 2017/2017 2020/2020 2018/2018
f 2019/2019 2022/2022 2018/2018
f 2021/2021 5462/5462 2022/2022
f 2023/2023 2073/2073 2024/2024
f 2026/2026 2025/2025 2024/2024
f 2027/2027 5510/5510 2028/2028
f 2029/2029 5511/5511 2030/2030
f 2031/2031 2030/2030 2032/2032
f 5512/5512 5513/5513 5514/5514
f 5513/5513 5515/5515 5516/5516
f 5514/5514 5513/5513 5516/5516
f 5514/5514 5517/5517 5518/5518
f 5518/5518 5519/5519 5514/5514
f 5519/5519 2034/2034 5514/5514
f 2034/2034 5520/5520 2035/2035
f 5520/5520 5521/5521 5522/5522
f 2035/2035 5520/5520 5522/5522
f 2035/2035 5523/5523 5524/5524
f 5524/5524 5525/5525 2035/2035
f 5525/5525 2036/2036 2035/2035
f 2036/2036 5526/5526 5527/5527
f 5527/5527 5528/5528 2036/2036
f 5528/5528 5529/5529 2036/2036
f 5529/5529 5530/5530 5531/5531
f 5531/5531 5532/5532 5512/5512
f 5529/5529 5531/5531 2036/2036
f 5531/5531 5512/5512 2036/2036
f 5512/5512 5514/5514 2036/2036
f 5514/5514 2034/2034 2036/2036
f 2033/2033 2032/2032 2037/2037
f 2038/2038 2037/2037 2039/2039
f 2041/2041 2040/2040 2039/2039
f 2043/2043 2041/2041 2042/2042
f 2045/2045 2043/2043 2044/2044
f 2047/2047 2045/2045 2046/2046
f 2047/2047 2048/2048 2049/2049
f 2051/2051 2050/2050 2049/2049
f 2053/2053 2051/2051 2052/2052
f 2055/2055 5533/5533 2053/2053
f 2056/2056 5534/5534 2057/2057
f 2058/2058 2057/2057 2059/2059
f 2060/2060 2059/2059 2061/2061
f 2063/2063 2062/2062 2061/2061
f 2065/2065 2063/2063 2064/2064
f 2067/2067 2065/2065 2066/2066
f 2067/2067 2068/2068 2069/2069
f 2071/2071 2070/2070 2069/2069
f 2023/2023 2071/2071 2072/2072
f 2074/2074 2124/2124 2075/2075
f 2077/2077 2074/2074 2076/2076
f 5535/5535 5536/5536 5537/5537
f 5536/5536 5538/5538 5539/5539
f 5537/5537 5536/5536 5539/5539
f 5537/5537 5540/5540 5541/5541
f 5541/5541 5542/5542 5537/5537
f 5542/5542 2079/2079 5537/5537
f 2079/2079 5543/5543 2080/2080
f 5543/5543 5544/5544 2080/2080
f 5544/5544 5545/5545 2080/2080
f 2080/2080 5546/5546 2081/2081
f 5546/5546 5547/5547 5548/5548
f 2081/2081 5546/5546 5548/5548
f 2081/2081 5549/5549 5550/5550
f 5550/5550 5551/5551 5552/5552
f 5551/5551 5553/5553 5552/5552
f 5552/5552 5554/5554 2081/2081
f 5554/5554 5555/5555 5535/5535
f 2081/2081 5550/5550 5552/5552
f 5554/5554 5535/5535 2081/2081
f 5535/5535 5537/5537 2081/2081
f 5537/5537 2079/2079 2081/2081
f 2077/2077 2078/2078 2082/2082
f 2084/2084 2083/2083 2082/2082
f 2085/2085 5556/5556 2086/2086
f 2087/2087 5557/5557 2088/2088
f 2090/2090 2087/2087 2089/2089
f 2090/2090 2091/2091 2092/2092
f 2094/2094 2093/2093 2092/2092
f 2096/2096 2094/2094 2095/2095
f 2098/2098 2096/2096 2097/2097
f 2100/2100 2098/2098 2099/2099
f 2102/2102 2100/2100 2101/2101
f 2102/2102 2103/2103 2104/2104
f 2106/2106 2105/2105 2104/2104
f 2108/2108 2106/2106 2107/2107
f 2110/2110 5558/5558 2108/2108
f 2111/2111 5559/5559 2112/2112
f 2114/2114 2111/2111 2113/2113
f 2114/2114 2115/2115 2116/2116
f 2118/2118 2117/2117 2116/2116
f 2120/2120 2118/2118 2119/2119
f 2122/2122 2120/2120 2121/2121
f 2124/2124 2122/2122 2123/2123
f 2125/2125 2127/2127 2126/2126
f 2127/2127 2133/2133 2128/2128
f 5560/5560 2127/2127 2130/2130
f 2127/2127 2125/2125 2130/2130
f 2133/2133 2127/2127 2131/2131
f 2127/2127 5560/5560 2131/2131
f 2134/2134 2189/2189 2135/2135
f 2136/2136 2135/2135 2137/2137
f 2139/2139 584/584 2138/2138
f 2139/2139 2137/2137 2140/2140
f 2137/2137 2135/2135 2142/2142
f 2143/2143 2140/2140 2142/2142
f 2145/2145 2141/2141 2140/2140
f 572/572 2148/2148 2146/2146
f 2148/2148 2149/2149 2146/2146
f 572/572 578/578 2147/2147
f 2147/2147 5561/5561 2148/2148
f 560/560 2146/2146 2149/2149
f 2151/2151 2153/2153 2145/2145
f 2151/2151 2186/2186 2152/2152
f 561/561 560/560 2155/2155
f 560/560 2150/2150 2155/2155
f 2156/2156 2162/2162 557/557
f 2158/2158 2163/2163 2159/2159
f 2161/2161 2160/2160 2159/2159
f 2162/2162 547/547 546/546
f 2163/2163 2172/2172 2164/2164
f 2164/2164 2165/2165 549/549
f 550/550 549/549 2165/2165
f 2166/2166 2165/2165 2167/2167
f 2164/2164 2171/2171 2167/2167
f 2168/2168 2167/2167 2169/2169
f 2171/2171 2174/2174 2169/2169
f 2172/2172 2173/2173 2171/2171
f 2173/2173 2175/2175 2174/2174
f 2175/2175 1561/1561 1562/1562
f 2174/2174 1562/1562 2176/2176
f 1563/1563 1564/1564 2177/2177
f 2178/2178 2177/2177 2179/2179
f 1567/1567 1563/1563 2181/2181
f 1563/1563 2178/2178 2181/2181
f 1577/1577 2178/2178 2183/2183
f 2178/2178 2180/2180 2183/2183
f 1578/1578 2183/2183 2182/2182
f 2182/2182 2144/2144 2142/2142
f 2180/2180 2184/2184 2144/2144
f 2184/2184 2151/2151 2143/2143
f 2180/2180 2179/2179 2185/2185
f 2184/2184 2185/2185 2186/2186
f 1562/1562 1552/1552 1551/1551
f 2187/2187 2176/2176 1551/1551
f 2170/2170 2169/2169 2176/2176
f 2142/2142 2135/2135 2189/2189
f 2189/2189 2192/2192 1578/1578
f 2132/2132 5561/5561 2147/2147
f 2189/2189 2134/2134 2192/2192
f 2134/2134 2191/2191 2192/2192
f 1573/1573 1587/1587 2194/2194
f 1587/1587 2193/2193 2194/2194
f 2195/2195 1498/1498 1497/1497
f 1483/1483 1485/1485 1495/1495
f 1447/1447 1446/1446 2197/2197
f 1446/1446 1355/1355 2197/2197
f 2202/2202 2201/2201 2200/2200
f 2201/2201 2198/2198 2200/2200
f 1438/1438 1444/1444 2203/2203
f 1444/1444 2201/2201 2203/2203
f 1436/1436 2203/2203 2202/2202
f 2202/2202 2200/2200 2204/2204
f 2204/2204 2200/2200 2199/2199
f 2199/2199 5156/5156 1376/1376
f 1376/1376 5157/5157 1381/1381
f 1381/1381 2206/2206 2204/2204
f 2204/2204 2206/2206 2205/2205
f 2205/2205 1428/1428 1436/1436
f 1381/1381 1380/1380 2206/2206
f 1380/1380 1429/1429 2206/2206
f 2199/2199 2198/2198 2208/2208
f 2198/2198 2207/2207 2208/2208
f 2209/2209 1397/1397 1391/1391
f 2210/2210 2209/2209 1071/1071
f 1084/1084 1367/1367 1366/1366
f 1366/1366 2212/2212 1086/1086
f 1366/1366 1365/1365 2212/2212
f 1365/1365 1126/1126 2212/2212
f 2211/2211 1090/1090 1086/1086
f 2213/2213 2215/2215 1092/1092
f 2216/2216 1120/1120 2215/2215
f 2215/2215 2213/2213 1363/1363
f 4901/4901 1130/1130 2218/2218
f 1130/1130 952/952 2218/2218
f 952/952 5562/5562 2217/2217
f 2220/2220 2255/2255 2221/2221
f 2221/2221 5563/5563 2219/2219
f 5563/5563 2229/2229 2219/2219
f 2229/2229 5563/5563 2224/2224
f 5563/5563 2222/2222 2224/2224
f 2223/2223 2222/2222 2226/2226
f 2226/2226 5564/5564 2225/2225
f 5564/5564 2232/2232 2225/2225
f 2228/2228 2224/2224 2223/2223
f 2223/2223 2225/2225 2227/2227
f 2230/2230 5565/5565 2229/2229
f 2229/2229 2224/2224 2228/2228
f 2228/2228 1032/1032 1031/1031
f 1031/1031 5566/5566 2230/2230
f 2227/2227 1027/1027 1026/1026
f 1026/1026 1032/1032 2228/2228
f 2231/2231 5567/5567 1028/1028
f 1028/1028 1027/1027 2227/2227
f 2227/2227 2225/2225 2232/2232
f 2232/2232 5568/5568 2231/2231
f 2234/2234 2239/2239 2233/2233
f 2233/2233 5567/5567 2231/2231
f 2231/2231 5568/5568 2235/2235
f 2235/2235 2247/2247 2234/2234
f 2234/2234 2247/2247 2236/2236
f 2236/2236 2244/2244 2237/2237
f 2237/2237 2240/2240 2238/2238
f 2238/2238 2239/2239 2234/2234
f 2238/2238 1014/1014 2239/2239
f 1014/1014 1017/1017 2239/2239
f 989/989 988/988 2240/2240
f 988/988 1014/1014 2240/2240
f 975/975 4883/4883 989/989
f 989/989 2240/2240 2237/2237
f 1015/1015 1014/1014 2242/2242
f 1014/1014 988/988 2242/2242
f 2237/2237 2244/2244 971/971
f 971/971 4882/4882 975/975
f 2236/2236 5569/5569 2244/2244
f 5569/5569 2243/2243 2244/2244
f 5570/5570 955/955 2246/2246
f 955/955 957/957 2246/2246
f 957/957 4878/4878 2245/2245
f 2235/2235 2251/2251 2248/2248
f 2248/2248 5569/5569 2247/2247
f 5569/5569 2236/2236 2247/2247
f 5562/5562 952/952 2250/2250
f 952/952 955/955 2250/2250
f 955/955 5570/5570 2249/2249
f 2232/2232 5564/5564 2252/2252
f 5564/5564 2251/2251 2252/2252
f 1031/1031 1030/1030 2254/2254
f 1030/1030 1109/1109 2254/2254
f 2230/2230 5566/5566 2253/2253
f 2253/2253 1113/1113 1117/1117
f 1117/1117 2256/2256 2220/2220
f 2220/2220 5565/5565 2230/2230
f 1119/1119 1123/1123 2256/2256
f 1123/1123 2255/2255 2256/2256
f 1075/1075 1089/1089 2257/2257
f 2258/2258 2267/2267 2259/2259
f 2261/2261 2274/2274 2262/2262
f 2260/2260 2259/2259 2264/2264
f 2264/2264 2259/2259 2265/2265
f 2266/2266 2265/2265 2259/2259
f 405/405 404/404 2265/2265
f 2265/2265 404/404 395/395
f 2268/2268 2263/2263 2262/2262
f 2268/2268 2269/2269 2270/2270
f 2271/2271 2273/2273 2269/2269
f 2269/2269 2273/2273 2272/2272
f 2270/2270 2272/2272 415/415
f 2273/2273 438/438 436/436
f 436/436 433/433 415/415
f 2271/2271 2276/2276 438/438
f 2274/2274 2275/2275 2271/2271
f 2275/2275 2277/2277 2276/2276
f 2277/2277 2278/2278 445/445
f 2278/2278 448/448 444/444
f 445/445 439/439 438/438
f 1003/1003 4889/4889 2279/2279
f 2279/2279 4884/4884 995/995
f 1000/1000 1001/1001 2280/2280
f 2281/2281 2280/2280 2282/2282
f 2283/2283 2282/2282 2284/2284
f 2285/2285 2284/2284 2286/2286
f 2287/2287 2286/2286 2288/2288
f 2289/2289 2288/2288 2290/2290
f 2292/2292 2291/2291 2290/2290
f 2294/2294 2293/2293 2290/2290
f 2295/2295 2290/2290 2288/2288
f 2297/2297 2299/2299 2293/2293
f 2298/2298 2292/2292 2293/2293
f 556/556 554/554 2299/2299
f 2300/2300 2298/2298 2299/2299
f 2294/2294 5571/5571 2301/2301
f 2301/2301 5572/5572 2297/2297
f 2297/2297 5572/5572 2302/2302
f 2302/2302 4416/4416 556/556
f 2306/2306 2305/2305 2304/2304
f 2305/2305 568/568 2304/2304
f 2350/2350 2310/2310 2307/2307
f 2310/2310 2305/2305 2307/2307
f 569/569 568/568 2309/2309
f 568/568 2305/2305 2309/2309
f 2308/2308 2305/2305 2312/2312
f 2305/2305 2310/2310 2312/2312
f 573/573 2309/2309 2308/2308
f 2308/2308 2312/2312 2313/2313
f 2313/2313 2312/2312 2311/2311
f 2311/2311 2349/2349 2314/2314
f 2313/2313 2318/2318 2315/2315
f 2315/2315 2319/2319 573/573
f 2314/2314 2323/2323 2316/2316
f 2316/2316 2318/2318 2313/2313
f 2316/2316 5573/5573 2318/2318
f 5573/5573 2317/2317 2318/2318
f 2315/2315 2317/2317 2320/2320
f 2320/2320 4418/4418 2319/2319
f 4418/4418 575/575 2319/2319
f 5574/5574 2328/2328 2322/2322
f 2328/2328 588/588 2322/2322
f 588/588 4419/4419 2321/2321
f 2324/2324 2339/2339 2325/2325
f 2325/2325 5573/5573 2323/2323
f 5573/5573 2316/2316 2323/2323
f 5575/5575 2335/2335 2327/2327
f 2335/2335 2328/2328 2327/2327
f 2328/2328 5574/5574 2326/2326
f 2328/2328 2335/2335 2329/2329
f 2328/2328 2330/2330 2331/2331
f 2329/2329 2335/2335 2332/2332
f 2335/2335 960/960 2332/2332
f 4879/4879 960/960 2334/2334
f 960/960 2335/2335 2334/2334
f 2335/2335 5575/5575 2333/2333
f 2337/2337 2387/2387 2338/2338
f 2338/2338 5576/5576 2336/2336
f 5576/5576 2341/2341 2336/2336
f 2341/2341 5576/5576 2340/2340
f 5576/5576 2339/2339 2340/2340
f 2343/2343 2336/2336 2341/2341
f 2341/2341 2340/2340 2342/2342
f 2342/2342 2340/2340 2324/2324
f 2324/2324 2323/2323 2314/2314
f 2314/2314 2349/2349 2344/2344
f 2344/2344 2347/2347 2342/2342
f 2342/2342 2347/2347 2345/2345
f 2345/2345 2394/2394 2343/2343
f 2344/2344 2348/2348 2347/2347
f 2348/2348 2346/2346 2347/2347
f 2311/2311 2310/2310 2349/2349
f 2310/2310 2348/2348 2349/2349
f 2352/2352 2348/2348 2351/2351
f 2348/2348 2310/2310 2351/2351
f 2357/2357 2346/2346 2353/2353
f 2346/2346 2348/2348 2353/2353
f 2296/2296 5577/5577 2354/2354
f 2354/2354 5578/5578 2295/2295
f 2356/2356 5579/5579 2355/2355
f 2355/2355 5577/5577 2296/2296
f 2364/2364 2363/2363 2358/2358
f 2363/2363 2346/2346 2358/2358
f 2360/2360 5580/5580 2359/2359
f 2359/2359 5579/5579 2356/2356
f 2356/2356 2286/2286 2284/2284
f 2296/2296 2288/2288 2286/2286
f 2362/2362 5581/5581 2361/2361
f 2361/2361 5580/5580 2360/2360
f 2360/2360 2284/2284 2282/2282
f 2367/2367 2366/2366 2365/2365
f 2366/2366 2363/2363 2365/2365
f 2372/2372 2371/2371 2368/2368
f 2371/2371 2366/2366 2368/2368
f 2370/2370 5582/5582 2369/2369
f 2369/2369 5581/5581 2362/2362
f 984/984 983/983 2373/2373
f 983/983 2371/2371 2373/2373
f 997/997 4886/4886 2374/2374
f 2374/2374 5582/5582 2370/2370
f 2370/2370 2280/2280 1001/1001
f 2370/2370 2362/2362 2282/2282
f 2377/2377 2371/2371 2376/2376
f 2371/2371 983/983 2376/2376
f 2385/2385 2366/2366 2378/2378
f 2366/2366 2371/2371 2378/2378
f 2380/2380 2378/2378 2377/2377
f 2377/2377 2376/2376 2379/2379
f 2379/2379 2376/2376 2375/2375
f 2375/2375 982/982 976/976
f 976/976 966/966 2381/2381
f 2381/2381 2392/2392 2379/2379
f 2379/2379 2392/2392 2382/2382
f 2382/2382 2389/2389 2380/2380
f 2380/2380 2389/2389 2383/2383
f 2383/2383 2388/2388 2384/2384
f 2384/2384 2393/2393 2385/2385
f 2385/2385 2378/2378 2380/2380
f 2343/2343 2394/2394 2386/2386
f 2386/2386 2393/2393 2384/2384
f 2384/2384 2388/2388 2337/2337
f 2337/2337 2336/2336 2343/2343
f 2383/2383 5583/5583 2388/2388
f 5583/5583 2387/2387 2388/2388
f 2382/2382 2391/2391 2390/2390
f 2390/2390 5583/5583 2389/2389
f 5583/5583 2383/2383 2389/2389
f 2381/2381 4880/4880 2392/2392
f 4880/4880 2391/2391 2392/2392
f 2386/2386 2363/2363 2393/2393
f 2363/2363 2366/2366 2393/2393
f 2345/2345 2346/2346 2394/2394
f 2346/2346 2363/2363 2394/2394
f 2295/2295 5578/5578 2395/2395
f 2395/2395 5571/5571 2294/2294
f 2398/2398 5584/5584 2396/2396
f 2396/2396 2500/2500 2397/2397
f 2399/2399 5584/5584 2398/2398
f 2399/2399 2400/2400 2401/2401
f 2403/2403 2402/2402 2401/2401
f 2405/2405 2403/2403 2404/2404
f 2405/2405 2406/2406 2407/2407
f 2408/2408 2407/2407 2409/2409
f 2410/2410 2409/2409 2411/2411
f 2413/2413 5585/5585 2412/2412
f 2414/2414 5586/5586 2415/2415
f 2415/2415 2422/2422 2417/2417
f 5587/5587 5588/5588 5589/5589
f 5587/5587 5589/5589 5590/5590
f 5589/5589 5591/5591 5590/5590
f 5592/5592 5590/5590 5591/5591
f 5593/5593 5594/5594 5595/5595
f 5594/5594 5592/5592 5596/5596
f 5597/5597 5598/5598 5599/5599
f 5598/5598 5593/5593 5600/5600
f 2420/2420 5601/5601 2418/2418
f 5601/5601 5597/5597 5599/5599
f 5602/5602 5603/5603 5604/5604
f 5603/5603 2420/2420 5604/5604
f 5602/5602 5604/5604 5605/5605
f 5606/5606 5607/5607 5608/5608
f 5607/5607 5602/5602 5605/5605
f 5609/5609 5608/5608 5607/5607
f 5605/5605 5609/5609 5607/5607
f 5601/5601 5599/5599 2418/2418
f 5598/5598 5600/5600 5599/5599
f 5594/5594 5596/5596 5595/5595
f 5596/5596 5592/5592 5591/5591
f 5593/5593 5595/5595 5600/5600
f 2419/2419 5604/5604 2420/2420
f 2421/2421 5610/5610 2417/2417
f 5610/5610 2421/2421 2425/2425
f 2421/2421 2423/2423 2425/2425
f 2426/2426 2428/2428 2424/2424
f 2426/2426 2429/2429 2427/2427
f 2429/2429 2485/2485 2430/2430
f 5606/5606 5608/5608 5611/5611
f 5606/5606 5611/5611 5612/5612
f 5611/5611 5613/5613 5612/5612
f 5614/5614 5612/5612 5613/5613
f 5615/5615 5616/5616 5617/5617
f 5616/5616 5614/5614 5617/5617
f 2431/2431 5618/5618 2432/2432
f 5618/5618 5615/5615 5619/5619
f 2432/2432 5618/5618 5619/5619
f 5620/5620 5621/5621 5622/5622
f 5621/5621 2431/2431 5622/5622
f 5622/5622 2431/2431 2433/2433
f 5623/5623 5624/5624 5625/5625
f 5624/5624 5620/5620 5626/5626
f 5625/5625 5624/5624 5627/5627
f 5587/5587 5628/5628 5629/5629
f 5628/5628 5623/5623 5629/5629
f 5629/5629 5623/5623 5625/5625
f 5629/5629 5588/5588 5587/5587
f 5617/5617 5614/5614 5613/5613
f 5627/5627 5624/5624 5626/5626
f 5615/5615 5617/5617 5619/5619
f 5622/5622 5626/5626 5620/5620
f 2434/2434 2484/2484 2435/2435
f 2437/2437 2436/2436 2435/2435
f 2440/2440 5630/5630 5631/5631
f 5631/5631 5632/5632 5633/5633
f 5632/5632 5634/5634 5633/5633
f 5633/5633 5635/5635 5636/5636
f 2441/2441 5633/5633 5636/5636
f 2441/2441 5637/5637 5638/5638
f 5638/5638 5639/5639 2441/2441
f 5639/5639 5640/5640 2441/2441
f 5640/5640 5641/5641 5642/5642
f 5642/5642 5643/5643 5640/5640
f 5643/5643 5644/5644 5640/5640
f 5644/5644 5645/5645 2439/2439
f 5645/5645 5646/5646 2439/2439
f 5646/5646 5647/5647 2439/2439
f 2439/2439 5648/5648 5649/5649
f 5648/5648 5650/5650 5649/5649
f 5649/5649 2440/2440 2439/2439
f 2440/2440 5631/5631 2441/2441
f 2441/2441 5631/5631 5633/5633
f 2441/2441 5640/5640 5644/5644
f 5644/5644 2439/2439 2441/2441
f 2442/2442 2437/2437 2438/2438
f 2442/2442 2443/2443 2444/2444
f 2445/2445 2444/2444 2446/2446
f 2447/2447 2446/2446 2448/2448
f 2450/2450 5651/5651 2449/2449
f 2451/2451 5652/5652 2452/2452
f 2454/2454 2451/2451 2453/2453
f 2454/2454 2455/2455 2456/2456
f 2458/2458 2457/2457 2456/2456
f 2460/2460 2458/2458 2459/2459
f 2462/2462 2460/2460 2461/2461
f 2464/2464 2462/2462 2463/2463
f 2466/2466 2464/2464 2465/2465
f 2468/2468 2466/2466 2467/2467
f 2468/2468 2469/2469 2470/2470
f 2472/2472 2471/2471 2470/2470
f 2473/2473 5653/5653 2474/2474
f 2475/2475 5654/5654 2476/2476
f 2477/2477 2476/2476 2478/2478
f 2479/2479 2478/2478 2480/2480
f 2482/2482 2481/2481 2480/2480
f 2482/2482 2483/2483 2484/2484
f 2485/2485 2487/2487 2486/2486
f 2487/2487 2490/2490 2488/2488
f 2489/2489 2492/2492 2488/2488
f 2491/2491 2494/2494 2492/2492
f 2493/2493 5655/5655 2494/2494
f 2495/2495 5656/5656 2496/2496
f 2497/2497 2496/2496 2498/2498
f 2499/2499 2498/2498 2397/2397
f 2501/2501 2504/2504 2502/2502
f 2503/2503 2506/2506 2502/2502
f 2503/2503 2507/2507 2505/2505
f 2507/2507 5657/5657 2508/2508
f 2509/2509 5658/5658 2510/2510
f 2512/2512 2509/2509 2511/2511
f 2512/2512 2513/2513 2514/2514
f 2515/2515 2514/2514 2516/2516
f 2517/2517 2516/2516 2518/2518
f 2520/2520 2570/2570 2521/2521
f 2523/2523 2520/2520 2522/2522
f 2525/2525 2523/2523 2524/2524
f 2527/2527 2525/2525 2526/2526
f 2529/2529 2527/2527 2528/2528
f 2531/2531 2529/2529 2530/2530
f 2531/2531 2532/2532 2533/2533
f 2535/2535 2534/2534 2533/2533
f 2536/2536 5659/5659 2537/2537
f 2538/2538 5660/5660 2539/2539
f 2541/2541 2538/2538 2540/2540
f 2543/2543 2541/2541 2542/2542
f 2547/2547 5661/5661 5662/5662
f 5661/5661 5663/5663 5664/5664
f 5662/5662 5661/5661 5664/5664
f 5662/5662 5665/5665 5666/5666
f 5666/5666 5667/5667 5668/5668
f 5668/5668 5669/5669 5670/5670
f 5669/5669 5671/5671 5670/5670
f 5670/5670 5672/5672 5673/5673
f 5668/5668 5670/5670 2545/2545
f 5673/5673 5674/5674 5675/5675
f 2545/2545 5673/5673 5675/5675
f 2545/2545 5676/5676 5677/5677
f 5677/5677 5678/5678 2545/2545
f 5678/5678 2546/2546 2545/2545
f 2546/2546 5679/5679 5680/5680
f 5680/5680 5681/5681 2546/2546
f 5681/5681 2547/2547 2546/2546
f 5662/5662 5666/5666 5668/5668
f 2545/2545 5670/5670 5673/5673
f 2547/2547 5662/5662 2545/2545
f 5662/5662 5668/5668 2545/2545
f 2548/2548 2543/2543 2544/2544
f 2550/2550 2548/2548 2549/2549
f 2550/2550 2551/2551 2552/2552
f 2553/2553 2552/2552 2554/2554
f 2555/2555 2554/2554 2556/2556
f 2557/2557 2556/2556 2558/2558
f 2560/2560 2559/2559 2558/2558
f 2562/2562 2560/2560 2561/2561
f 2564/2564 5682/5682 2562/2562
f 2565/2565 5683/5683 2566/2566
f 2568/2568 2565/2565 2567/2567
f 2568/2568 2569/2569 2521/2521
f 2571/2571 2519/2519 2518/2518
f 2571/2571 2572/2572 2573/2573
f 2574/2574 2573/2573 2575/2575
f 2576/2576 2575/2575 2577/2577
f 704/704 2578/2578 2577/2577
f 2579/2579 541/541 540/540
f 2581/2581 533/533 538/538
f 2583/2583 2587/2587 533/533
f 2579/2579 2580/2580 2584/2584
f 2586/2586 2591/2591 2587/2587
f 2585/2585 2584/2584 2588/2588
f 2586/2586 2595/2595 2590/2590
f 2592/2592 2589/2589 2588/2588
f 2594/2594 2747/2747 2590/2590
f 2596/2596 2592/2592 2593/2593
f 2598/2598 5684/5684 2599/2599
f 2601/2601 5685/5685 2602/2602
f 2604/2604 2608/2608 2603/2603
f 2597/2597 2593/2593 2605/2605
f 2607/2607 2739/2739 2608/2608
f 2606/2606 2605/2605 2609/2609
f 2611/2611 2605/2605 2593/2593
f 2612/2612 2609/2609 2605/2605
f 2613/2613 2612/2612 2611/2611
f 2584/2584 2614/2614 2611/2611
f 2580/2580 2615/2615 2614/2614
f 2615/2615 2617/2617 2613/2613
f 2616/2616 2615/2615 2580/2580
f 2616/2616 2619/2619 2617/2617
f 2618/2618 2625/2625 2617/2617
f 2617/2617 2625/2625 2620/2620
f 2621/2621 2622/2622 2619/2619
f 2622/2622 2623/2623 2618/2618
f 2623/2623 2626/2626 2624/2624
f 2624/2624 2629/2629 2625/2625
f 2626/2626 2720/2720 2627/2627
f 2624/2624 2627/2627 2628/2628
f 2625/2625 2629/2629 2630/2630
f 2628/2628 2632/2632 2630/2630
f 2630/2630 2633/2633 2631/2631
f 2632/2632 2636/2636 2633/2633
f 2631/2631 2633/2633 2634/2634
f 2636/2636 2639/2639 2634/2634
f 2637/2637 2641/2641 2636/2636
f 2636/2636 2641/2641 2638/2638
f 2640/2640 2644/2644 2641/2641
f 2641/2641 2644/2644 2642/2642
f 2640/2640 2646/2646 2643/2643
f 2644/2644 2643/2643 2645/2645
f 2646/2646 2711/2711 2647/2647
f 2647/2647 2650/2650 2645/2645
f 2648/2648 2728/2728 2642/2642
f 2649/2649 2648/2648 2645/2645
f 2651/2651 2657/2657 2652/2652
f 2653/2653 2652/2652 2654/2654
f 2656/2656 2661/2661 2657/2657
f 2658/2658 2649/2649 2650/2650
f 2660/2660 2665/2665 2661/2661
f 2662/2662 2658/2658 2659/2659
f 2664/2664 2667/2667 2665/2665
f 2666/2666 2698/2698 2667/2667
f 2662/2662 2663/2663 2668/2668
f 2669/2669 2668/2668 2670/2670
f 2672/2672 2668/2668 2663/2663
f 2672/2672 2680/2680 2670/2670
f 2674/2674 2676/2676 2672/2672
f 2675/2675 2680/2680 2672/2672
f 2677/2677 2681/2681 2675/2675
f 2678/2678 2677/2677 2676/2676
f 2679/2679 2689/2689 2680/2680
f 2681/2681 2684/2684 2679/2679
f 2682/2682 2683/2683 2681/2681
f 2683/2683 2686/2686 2684/2684
f 2685/2685 2688/2688 2684/2684
f 2684/2684 2688/2688 2687/2687
f 2685/2685 379/379 378/378
f 378/378 375/375 2687/2687
f 2687/2687 2690/2690 2689/2689
f 375/375 371/371 2690/2690
f 2690/2690 371/371 372/372
f 2689/2689 2690/2690 2691/2691
f 2680/2680 2689/2689 2692/2692
f 2671/2671 2670/2670 2692/2692
f 2693/2693 2692/2692 2691/2691
f 2695/2695 2699/2699 2696/2696
f 2697/2697 2696/2696 2698/2698
f 368/368 367/367 2699/2699
f 2694/2694 2691/2691 372/372
f 2700/2700 2701/2701 2685/2685
f 2701/2701 2725/2725 379/379
f 2702/2702 2700/2700 2686/2686
f 2703/2703 2702/2702 2683/2683
f 2704/2704 2703/2703 2682/2682
f 2705/2705 2682/2682 2677/2677
f 2704/2704 2705/2705 2706/2706
f 2706/2706 2705/2705 2678/2678
f 2708/2708 2678/2678 2674/2674
f 2710/2710 2708/2708 2709/2709
f 2706/2706 2708/2708 2710/2710
f 2712/2712 2710/2710 2713/2713
f 2713/2713 2710/2710 2711/2711
f 2709/2709 2724/2724 2647/2647
f 2714/2714 2713/2713 2715/2715
f 2713/2713 2646/2646 2640/2640
f 2716/2716 2715/2715 2717/2717
f 2715/2715 2640/2640 2637/2637
f 2627/2627 2718/2718 2717/2717
f 2717/2717 2637/2637 2632/2632
f 2719/2719 2718/2718 2627/2627
f 2721/2721 2716/2716 2718/2718
f 2722/2722 2714/2714 2716/2716
f 2723/2723 2712/2712 2714/2714
f 2707/2707 2706/2706 2712/2712
f 2674/2674 2673/2673 2724/2724
f 2724/2724 2659/2659 2650/2650
f 2673/2673 2663/2663 2659/2659
f 2725/2725 386/386 380/380
f 2655/2655 2654/2654 2726/2726
f 2728/2728 2731/2731 2638/2638
f 2727/2727 2726/2726 2729/2729
f 2731/2731 2735/2735 2639/2639
f 2730/2730 2729/2729 2732/2732
f 2734/2734 2634/2634 2639/2639
f 2733/2733 2732/2732 2736/2736
f 2738/2738 2635/2635 2634/2634
f 2737/2737 2736/2736 2739/2739
f 2610/2610 2609/2609 2635/2635
f 2612/2612 2631/2631 2635/2635
f 2620/2620 2631/2631 2612/2612
f 2740/2740 2621/2621 2616/2616
f 2741/2741 2743/2743 2600/2600
f 2742/2742 2759/2759 2743/2743
f 2744/2744 2755/2755 2745/2745
f 2747/2747 2744/2744 2746/2746
f 2748/2748 2749/2749 2746/2746
f 2591/2591 2590/2590 2746/2746
f 532/532 2749/2749 2748/2748
f 532/532 2587/2587 2591/2591
f 529/529 2748/2748 2750/2750
f 2750/2750 2748/2748 2745/2745
f 528/528 2750/2750 2752/2752
f 2752/2752 2750/2750 2751/2751
f 2754/2754 2768/2768 2753/2753
f 2755/2755 2754/2754 2751/2751
f 2756/2756 2762/2762 2757/2757
f 2758/2758 2757/2757 2759/2759
f 2762/2762 2756/2756 2760/2760
f 2760/2760 2764/2764 2761/2761
f 2763/2763 2772/2772 2761/2761
f 2765/2765 507/507 2766/2766
f 2768/2768 2767/2767 2766/2766
f 2769/2769 2770/2770 2766/2766
f 2770/2770 2752/2752 2753/2753
f 518/518 2770/2770 2769/2769
f 517/517 2752/2752 2770/2770
f 500/500 499/499 507/507
f 2771/2771 2774/2774 2772/2772
f 2773/2773 2775/2775 2774/2774
f 491/491 490/490 2775/2775
f 5686/5686 2777/2777 2776/2776
f 2777/2777 137/137 2776/2776
f 2777/2777 5686/5686 2778/2778
f 2779/2779 2778/2778 2780/2780
f 2779/2779 172/172 2781/2781
f 178/178 171/171 172/172
f 172/172 163/163 164/164
f 2781/2781 164/164 140/140
f 2777/2777 2781/2781 135/135
f 2782/2782 521/521 513/513
f 2783/2783 2782/2782 511/511
f 2784/2784 2783/2783 512/512
f 2785/2785 512/512 508/508
f 2787/2787 2785/2785 2786/2786
f 2789/2789 2784/2784 2785/2785
f 2788/2788 2786/2786 503/503
f 2786/2786 508/508 502/502
f 503/503 498/498 494/494
f 2791/2791 2790/2790 494/494
f 2792/2792 2788/2788 2790/2790
f 2793/2793 2792/2792 2791/2791
f 2791/2791 495/495 472/472
f 495/495 487/487 476/476
f 463/463 2794/2794 2792/2792
f 2794/2794 2787/2787 2788/2788
f 2795/2795 2794/2794 463/463
f 2795/2795 2789/2789 2787/2787
f 2796/2796 2799/2799 2797/2797
f 2798/2798 2801/2801 2799/2799
f 2800/2800 2807/2807 2801/2801
f 2802/2802 2805/2805 2803/2803
f 2805/2805 2808/2808 2806/2806
f 428/428 427/427 2807/2807
f 432/432 431/431 2806/2806
f 2809/2809 2806/2806 431/431
f 2809/2809 2811/2811 2803/2803
f 2810/2810 2811/2811 2809/2809
f 2811/2811 2813/2813 2804/2804
f 2812/2812 2813/2813 2811/2811
f 2812/2812 468/468 470/470
f 2813/2813 470/470 471/471
f 460/460 2812/2812 2810/2810
f 462/462 468/468 2812/2812
f 457/457 460/460 447/447
f 2814/2814 2802/2802 2804/2804
f 2815/2815 5687/5687 2816/2816
f 2817/2817 5688/5688 2818/2818
f 2819/2819 2818/2818 2820/2820
f 2822/2822 2825/2825 399/399
f 2821/2821 2820/2820 2823/2823
f 2825/2825 2827/2827 398/398
f 2824/2824 2823/2823 2826/2826
f 2827/2827 361/361 363/363
f 2828/2828 396/396 363/363
f 384/384 396/396 2828/2828
f 26/26 25/25 32/32
f 248/248 2829/2829 239/239
f 2829/2829 2830/2830 236/236
f 2830/2830 2831/2831 235/235
f 2831/2831 222/222 223/223
f 2834/2834 4077/4077 2832/2832
f 2832/2832 2835/2835 2833/2833
f 2835/2835 4094/4094 2836/2836
f 2837/2837 2834/2834 2833/2833
f 2838/2838 2833/2833 2836/2836
f 2840/2840 2843/2843 2841/2841
f 2843/2843 2845/2845 2844/2844
f 2845/2845 2849/2849 2846/2846
f 2839/2839 2836/2836 2847/2847
f 2849/2849 2853/2853 2850/2850
f 2848/2848 2847/2847 2851/2851
f 2853/2853 2936/2936 2854/2854
f 2852/2852 2851/2851 2855/2855
f 2857/2857 2859/2859 2855/2855
f 2858/2858 2857/2857 2851/2851
f 2859/2859 2863/2863 2860/2860
f 2856/2856 2855/2855 2860/2860
f 2862/2862 2865/2865 2860/2860
f 2864/2864 2868/2868 2865/2865
f 2866/2866 2861/2861 2860/2860
f 2867/2867 2866/2866 2865/2865
f 2869/2869 2871/2871 2868/2868
f 2870/2870 2867/2867 2868/2868
f 2872/2872 2876/2876 2873/2873
f 2875/2875 2878/2878 2876/2876
f 2877/2877 2882/2882 2878/2878
f 2879/2879 2870/2870 2871/2871
f 2881/2881 2916/2916 2882/2882
f 2883/2883 2879/2879 2880/2880
f 2885/2885 2880/2880 2871/2871
f 2886/2886 2884/2884 2880/2880
f 2887/2887 2889/2889 2884/2884
f 2888/2888 2883/2883 2884/2884
f 2890/2890 2895/2895 2891/2891
f 2893/2893 2892/2892 2891/2891
f 2895/2895 3690/3690 2896/2896
f 2894/2894 2891/2891 2896/2896
f 2898/2898 2903/2903 2899/2899
f 2901/2901 2898/2898 2900/2900
f 2903/2903 3679/3679 2904/2904
f 2897/2897 2896/2896 2905/2905
f 2904/2904 3682/3682 2907/2907
f 2899/2899 2907/2907 2908/2908
f 2907/2907 3682/3682 2909/2909
f 2908/2908 2907/2907 2910/2910
f 2912/2912 2908/2908 2911/2911
f 2912/2912 2902/2902 2900/2900
f 2914/2914 2918/2918 2915/2915
f 2917/2917 3010/3010 2915/2915
f 2916/2916 2915/2915 2919/2919
f 2915/2915 3010/3010 2920/2920
f 2882/2882 2919/2919 2921/2921
f 2919/2919 2920/2920 2922/2922
f 2920/2920 3010/3010 2923/2923
f 2920/2920 2924/2924 2925/2925
f 2926/2926 2921/2921 2922/2922
f 2922/2922 2925/2925 2928/2928
f 2927/2927 2928/2928 2929/2929
f 2931/2931 2926/2926 2927/2927
f 2876/2876 2878/2878 2921/2921
f 2876/2876 2926/2926 2931/2931
f 2931/2931 2930/2930 2932/2932
f 2934/2934 2873/2873 2931/2931
f 2874/2874 2873/2873 2934/2934
f 2936/2936 2935/2935 2934/2934
f 2854/2854 2934/2934 2933/2933
f 2850/2850 2854/2854 2937/2937
f 2937/2937 2940/2940 2939/2939
f 2933/2933 2932/2932 2940/2940
f 2940/2940 2943/2943 2941/2941
f 2940/2940 2932/2932 2942/2942
f 2944/2944 2941/2941 2943/2943
f 2945/2945 2943/2943 2942/2942
f 2947/2947 2950/2950 2948/2948
f 2950/2950 4092/4092 2951/2951
f 2949/2949 2948/2948 2952/2952
f 2951/2951 2959/2959 2952/2952
f 2953/2953 2952/2952 2954/2954
f 2952/2952 2959/2959 2956/2956
f 2954/2954 2958/2958 2957/2957
f 2956/2956 2961/2961 2958/2958
f 2959/2959 2963/2963 2960/2960
f 2960/2960 2965/2965 2961/2961
f 2962/2962 2967/2967 2960/2960
f 2960/2960 2967/2967 2964/2964
f 2966/2966 2968/2968 2967/2967
f 2968/2968 2971/2971 2964/2964
f 2966/2966 2990/2990 2969/2969
f 2968/2968 2969/2969 2970/2970
f 2971/2971 5689/5689 2972/2972
f 2972/2972 5690/5690 2964/2964
f 2970/2970 5691/5691 2973/2973
f 2973/2973 5689/5689 2971/2971
f 2976/2976 5692/5692 2974/2974
f 2974/2974 5693/5693 2975/2975
f 2975/2975 5693/5693 2977/2977
f 2977/2977 5694/5694 2978/2978
f 2980/2980 2984/2984 2979/2979
f 2979/2979 5691/5691 2970/2970
f 2978/2978 5694/5694 2981/2981
f 2981/2981 3058/3058 2982/2982
f 2980/2980 2985/2985 2983/2983
f 2985/2985 3055/3055 2983/2983
f 2985/2985 2980/2980 2986/2986
f 2969/2969 2986/2986 2980/2980
f 2988/2988 2987/2987 2986/2986
f 2990/2990 2989/2989 2986/2986
f 2991/2991 2989/2989 2990/2990
f 2993/2993 2988/2988 2989/2989
f 2994/2994 2992/2992 2990/2990
f 2995/2995 2992/2992 2994/2994
f 2997/2997 2991/2991 2992/2992
f 2998/2998 4087/4087 2925/2925
f 2999/2999 2998/2998 2924/2924
f 3000/3000 2993/2993 2991/2991
f 3001/3001 2999/2999 2923/2923
f 3003/3003 5695/5695 3004/3004
f 3006/3006 3009/3009 3007/3007
f 3009/3009 2913/2913 2911/2911
f 3002/3002 2923/2923 3010/3010
f 3008/3008 3007/3007 3011/3011
f 2910/2910 3011/3011 3007/3007
f 2910/2910 2909/2909 3013/3013
f 3013/3013 5696/5696 3014/3014
f 3014/3014 3012/3012 3011/3011
f 3004/3004 5695/5695 3017/3017
f 5695/5695 3015/3015 3017/3017
f 3017/3017 3016/3016 3018/3018
f 3018/3018 5697/5697 3019/3019
f 3004/3004 3017/3017 3020/3020
f 3017/3017 3019/3019 3022/3022
f 3021/3021 3020/3020 3023/3023
f 3020/3020 3022/3022 3025/3025
f 3024/3024 3023/3023 3026/3026
f 3023/3023 3025/3025 3028/3028
f 3026/3026 5698/5698 3029/3029
f 3029/3029 5699/5699 3027/3027
f 3028/3028 5700/5700 3030/3030
f 3030/3030 5698/5698 3026/3026
f 3032/3032 5701/5701 3031/3031
f 3031/3031 5700/5700 3028/3028
f 3025/3025 3033/3033 3032/3032
f 3033/3033 3635/3635 3034/3034
f 3034/3034 5702/5702 3035/3035
f 3035/3035 5701/5701 3032/3032
f 3038/3038 5703/5703 3036/3036
f 3036/3036 5704/5704 3037/3037
f 3040/3040 5705/5705 3039/3039
f 3039/3039 5703/5703 3038/3038
f 3041/3041 3038/3038 3037/3037
f 3043/3043 3040/3040 3038/3038
f 5706/5706 3102/3102 3101/3101
f 3101/3101 5707/5707 5708/5708
f 5707/5707 5709/5709 5710/5710
f 5709/5709 5711/5711 5712/5712
f 5711/5711 5713/5713 5714/5714
f 5709/5709 5712/5712 5710/5710
f 5713/5713 5715/5715 5716/5716
f 5715/5715 5717/5717 5718/5718
f 5716/5716 5715/5715 5718/5718
f 5717/5717 5719/5719 5720/5720
f 5719/5719 5721/5721 5722/5722
f 5717/5717 5720/5720 5718/5718
f 5721/5721 5723/5723 5724/5724
f 5723/5723 5725/5725 5726/5726
f 5724/5724 5723/5723 5726/5726
f 5725/5725 5727/5727 5728/5728
f 5727/5727 5729/5729 3046/3046
f 5725/5725 5728/5728 5726/5726
f 5729/5729 3044/3044 3046/3046
f 3044/3044 5730/5730 3045/3045
f 3045/3045 5730/5730 5731/5731
f 5730/5730 5732/5732 5731/5731
f 5732/5732 5733/5733 5734/5734
f 5733/5733 5735/5735 5736/5736
f 5735/5735 5737/5737 5738/5738
f 5738/5738 5737/5737 5739/5739
f 5737/5737 5740/5740 5739/5739
f 5740/5740 5741/5741 5742/5742
f 5741/5741 5743/5743 5744/5744
f 5743/5743 5745/5745 5746/5746
f 5746/5746 5745/5745 5747/5747
f 5745/5745 5748/5748 5747/5747
f 5748/5748 5749/5749 5750/5750
f 5749/5749 5751/5751 5752/5752
f 5749/5749 5752/5752 5750/5750
f 5748/5748 5750/5750 5747/5747
f 5740/5740 5742/5742 5739/5739
f 5732/5732 5734/5734 5731/5731
f 5707/5707 5710/5710 5708/5708
f 5708/5708 5706/5706 3101/3101
f 5712/5712 5711/5711 5714/5714
f 5743/5743 5746/5746 5744/5744
f 5716/5716 5714/5714 5713/5713
f 5741/5741 5744/5744 5742/5742
f 5720/5720 5719/5719 5722/5722
f 5735/5735 5738/5738 5736/5736
f 5733/5733 5736/5736 5734/5734
f 5722/5722 5721/5721 5724/5724
f 5728/5728 5727/5727 3046/3046
f 3047/3047 3049/3049 3040/3040
f 3048/3048 3052/3052 3049/3049
f 3049/3049 5753/5753 3050/3050
f 3050/3050 5705/5705 3040/3040
f 3052/3052 5754/5754 3051/3051
f 3051/3051 5753/5753 3049/3049
f 3027/3027 5699/5699 3053/3053
f 3053/3053 3057/3057 3054/3054
f 3055/3055 5754/5754 3052/3052
f 3057/3057 3060/3060 2982/2982
f 3059/3059 3062/3062 2982/2982
f 3061/3061 3056/3056 3052/3052
f 3062/3062 3063/3063 2978/2978
f 3063/3063 3064/3064 2975/2975
f 3064/3064 3065/3065 2976/2976
f 3065/3065 3068/3068 3066/3066
f 3066/3066 5755/5755 3067/3067
f 3067/3067 5692/5692 2976/2976
f 3068/3068 3080/3080 3069/3069
f 3069/3069 5756/5756 3070/3070
f 3070/3070 5755/5755 3066/3066
f 2964/2964 5690/5690 3071/3071
f 3071/3071 5757/5757 2965/2965
f 2965/2965 5757/5757 3072/3072
f 3072/3072 5758/5758 2961/2961
f 3074/3074 5759/5759 3073/3073
f 3073/3073 5756/5756 3069/3069
f 2961/2961 5758/5758 3075/3075
f 3075/3075 5760/5760 2958/2958
f 3077/3077 5761/5761 3076/3076
f 3076/3076 5759/5759 3074/3074
f 3078/3078 3077/3077 3074/3074
f 3079/3079 3074/3074 3069/3069
f 3082/3082 5762/5762 3081/3081
f 3081/3081 5761/5761 3077/3077
f 3083/3083 3082/3082 3077/3077
f 3084/3084 3086/3086 3082/3082
f 3085/3085 3088/3088 3086/3086
f 3088/3088 5763/5763 3087/3087
f 3087/3087 5764/5764 3086/3086
f 3086/3086 5764/5764 3089/3089
f 3089/3089 5762/5762 3082/3082
f 3092/3092 5765/5765 3090/3090
f 3090/3090 5766/5766 3091/3091
f 3091/3091 5766/5766 3093/3093
f 3093/3093 5767/5767 3094/3094
f 3096/3096 3097/3097 3095/3095
f 3095/3095 5763/5763 3088/3088
f 3094/3094 5767/5767 3097/3097
f 3097/3097 3099/3099 3098/3098
f 3100/3100 5768/5768 3099/3099
f 3099/3099 3097/3097 3096/3096
f 3101/3101 3096/3096 3088/3088
f 3096/3096 3101/3101 3102/3102
f 3102/3102 3106/3106 3100/3100
f 5752/5752 5751/5751 5769/5769
f 5769/5769 5770/5770 5771/5771
f 5770/5770 5772/5772 5773/5773
f 5771/5771 5770/5770 5773/5773
f 5772/5772 5774/5774 5775/5775
f 5774/5774 5776/5776 5777/5777
f 5776/5776 5778/5778 5779/5779
f 5778/5778 5780/5780 5781/5781
f 5779/5779 5778/5778 5781/5781
f 5780/5780 5782/5782 5783/5783
f 5782/5782 5784/5784 5783/5783
f 5784/5784 5785/5785 5786/5786
f 5785/5785 3105/3105 5787/5787
f 5786/5786 5785/5785 5787/5787
f 3105/3105 5788/5788 3103/3103
f 5788/5788 5789/5789 5790/5790
f 5789/5789 5791/5791 5792/5792
f 5791/5791 5793/5793 5792/5792
f 5793/5793 5794/5794 5795/5795
f 5794/5794 5796/5796 5797/5797
f 5796/5796 5798/5798 5799/5799
f 5798/5798 5800/5800 5801/5801
f 5799/5799 5798/5798 5801/5801
f 5800/5800 5802/5802 5803/5803
f 5802/5802 5804/5804 5805/5805
f 5804/5804 5806/5806 5807/5807
f 5806/5806 5808/5808 5809/5809
f 5807/5807 5806/5806 5809/5809
f 5808/5808 3102/3102 5706/5706
f 5808/5808 5706/5706 5809/5809
f 5802/5802 5805/5805 5803/5803
f 5794/5794 5797/5797 5795/5795
f 5788/5788 5790/5790 3103/3103
f 5783/5783 5784/5784 5786/5786
f 5774/5774 5777/5777 5775/5775
f 5777/5777 5776/5776 5779/5779
f 5752/5752 5769/5769 5771/5771
f 5804/5804 5807/5807 5805/5805
f 5775/5775 5773/5773 5772/5772
f 5800/5800 5803/5803 5801/5801
f 5796/5796 5799/5799 5797/5797
f 5810/5810 5781/5781 5780/5780
f 5783/5783 5810/5810 5780/5780
f 5793/5793 5795/5795 5811/5811
f 5789/5789 5792/5792 5790/5790
f 5793/5793 5811/5811 5792/5792
f 3104/3104 5787/5787 3105/3105
f 3106/3106 3108/3108 3107/3107
f 3108/3108 3124/3124 3109/3109
f 3107/3107 5812/5812 3110/3110
f 3110/3110 5768/5768 3100/3100
f 3109/3109 5813/5813 3111/3111
f 3111/3111 5812/5812 3107/3107
f 3114/3114 5814/5814 3112/3112
f 3112/3112 5815/5815 3113/3113
f 3113/3113 5815/5815 3115/3115
f 3115/3115 5816/5816 3116/3116
f 3118/3118 5817/5817 3117/3117
f 3117/3117 5813/5813 3109/3109
f 3116/3116 5816/5816 3119/3119
f 3119/3119 5818/5818 3120/3120
f 3122/3122 5819/5819 3121/3121
f 3121/3121 5817/5817 3118/3118
f 3123/3123 3127/3127 3122/3122
f 3124/3124 3123/3123 3118/3118
f 3126/3126 5820/5820 3125/3125
f 3125/3125 5819/5819 3122/3122
f 3127/3127 3131/3131 3126/3126
f 3129/3129 5821/5821 3128/3128
f 3128/3128 5820/5820 3126/3126
f 3130/3130 3129/3129 3126/3126
f 3132/3132 3134/3134 3129/3129
f 3133/3133 3137/3137 3134/3134
f 3134/3134 5822/5822 3135/3135
f 3135/3135 5821/5821 3129/3129
f 3137/3137 5823/5823 3136/3136
f 3136/3136 5822/5822 3134/3134
f 3140/3140 5824/5824 3138/3138
f 3138/3138 5825/5825 3139/3139
f 3139/3139 5825/5825 3141/3141
f 3141/3141 5826/5826 3142/3142
f 3144/3144 5827/5827 3143/3143
f 3143/3143 5823/5823 3137/3137
f 3142/3142 5826/5826 3145/3145
f 3145/3145 5828/5828 3146/3146
f 3147/3147 3142/3142 3146/3146
f 3149/3149 3139/3139 3142/3142
f 3150/3150 3151/3151 3147/3147
f 3151/3151 3152/3152 3149/3149
f 3152/3152 3154/3154 3153/3153
f 3153/3153 3140/3140 3139/3139
f 3154/3154 3163/3163 3155/3155
f 3155/3155 3157/3157 3140/3140
f 3157/3157 5829/5829 3156/3156
f 3156/3156 5824/5824 3140/3140
f 3155/3155 3161/3161 3158/3158
f 3158/3158 5830/5830 3159/3159
f 3159/3159 5829/5829 3157/3157
f 3120/3120 5818/5818 3160/3160
f 3160/3160 5830/5830 3158/3158
f 3161/3161 3169/3169 3120/3120
f 3162/3162 3161/3161 3155/3155
f 3164/3164 3169/3169 3161/3161
f 3165/3165 3164/3164 3162/3162
f 3167/3167 3166/3166 3162/3162
f 3164/3164 4082/4082 3168/3168
f 3170/3170 4082/4082 3164/3164
f 3171/3171 3165/3165 3166/3166
f 3173/3173 3170/3170 3165/3165
f 3174/3174 3336/3336 3175/3175
f 3177/3177 3174/3174 3176/3176
f 3179/3179 3180/3180 3176/3176
f 3180/3180 3183/3183 3178/3178
f 3181/3181 3177/3177 3178/3178
f 3183/3183 3184/3184 3182/3182
f 3184/3184 3226/3226 3185/3185
f 3186/3186 3181/3181 3182/3182
f 3187/3187 3193/3193 3188/3188
f 3189/3189 3188/3188 3170/3170
f 3190/3190 3186/3186 3185/3185
f 3192/3192 3195/3195 3193/3193
f 3193/3193 3196/3196 3194/3194
f 3195/3195 3200/3200 3196/3196
f 3196/3196 3199/3199 3197/3197
f 3196/3196 3200/3200 3198/3198
f 3197/3197 3199/3199 3114/3114
f 3198/3198 3098/3098 3114/3114
f 3200/3200 3203/3203 3201/3201
f 3198/3198 3201/3201 3094/3094
f 3202/3202 3204/3204 3201/3201
f 3204/3204 3091/3091 3094/3094
f 3205/3205 3203/3203 3200/3200
f 3206/3206 3202/3202 3203/3203
f 3202/3202 4078/4078 3207/3207
f 3208/3208 4078/4078 3202/3202
f 3209/3209 3210/3210 3206/3206
f 3210/3210 3216/3216 3208/3208
f 3211/3211 3223/3223 3212/3212
f 3213/3213 3212/3212 3214/3214
f 3215/3215 3214/3214 2941/2941
f 3216/3216 2947/2947 2949/2949
f 3217/3217 3218/3218 3214/3214
f 2939/2939 2941/2941 3214/3214
f 3219/3219 3218/3218 3217/3217
f 3219/3219 2938/2938 2939/2939
f 3221/3221 3220/3220 3217/3217
f 3222/3222 3217/3217 3212/3212
f 3221/3221 3222/3222 3224/3224
f 3224/3224 3222/3222 3223/3223
f 3226/3226 3224/3224 3191/3191
f 3225/3225 3224/3224 3226/3226
f 2841/2841 3221/3221 3225/3225
f 3228/3228 2842/2842 3225/3225
f 3229/3229 3227/3227 3226/3226
f 3228/3228 3227/3227 3229/3229
f 2840/2840 2842/2842 3228/3228
f 3231/3231 3228/3228 3230/3230
f 3232/3232 3230/3230 3233/3233
f 3230/3230 3229/3229 3235/3235
f 3236/3236 3239/3239 3237/3237
f 3239/3239 3243/3243 3240/3240
f 3234/3234 3233/3233 3241/3241
f 3243/3243 3253/3253 3244/3244
f 3245/3245 3240/3240 3244/3244
f 3247/3247 3237/3237 3240/3240
f 3246/3246 3244/3244 3248/3248
f 3249/3249 3248/3248 3250/3250
f 3252/3252 3261/3261 3250/3250
f 3253/3253 3252/3252 3248/3248
f 3242/3242 3241/3241 3254/3254
f 3255/3255 3254/3254 3256/3256
f 3258/3258 3257/3257 3256/3256
f 3260/3260 3265/3265 3250/3250
f 3262/3262 3258/3258 3259/3259
f 3264/3264 3268/3268 3265/3265
f 3266/3266 3251/3251 3250/3250
f 3267/3267 3266/3266 3265/3265
f 3269/3269 3267/3267 3268/3268
f 3271/3271 3270/3270 3268/3268
f 3272/3272 3274/3274 3270/3270
f 3273/3273 3269/3269 3270/3270
f 3275/3275 3277/3277 3274/3274
f 3276/3276 3273/3273 3274/3274
f 3278/3278 3276/3276 3277/3277
f 3280/3280 3279/3279 3277/3277
f 3281/3281 3285/3285 3282/3282
f 3284/3284 3292/3292 3282/3282
f 3286/3286 3315/3315 3287/3287
f 3289/3289 3305/3305 3290/3290
f 3292/3292 3298/3298 3293/3293
f 3291/3291 3290/3290 3294/3294
f 3295/3295 3294/3294 3296/3296
f 3298/3298 3456/3456 3299/3299
f 3294/3294 3301/3301 3300/3300
f 3290/3290 3306/3306 3301/3301
f 3301/3301 3304/3304 3302/3302
f 3301/3301 3306/3306 3303/3303
f 3305/3305 3308/3308 3306/3306
f 3307/3307 3303/3303 3306/3306
f 3288/3288 3287/3287 3309/3309
f 3310/3310 3309/3309 3311/3311
f 3309/3309 3314/3314 3313/3313
f 3287/3287 3316/3316 3314/3314
f 3315/3315 3317/3317 3316/3316
f 3317/3317 3320/3320 3318/3318
f 3316/3316 3318/3318 3319/3319
f 3320/3320 3262/3262 3263/3263
f 3318/3318 3263/3263 3321/3321
f 3263/3263 3259/3259 3322/3322
f 3321/3321 3324/3324 3323/3323
f 3322/3322 3329/3329 3324/3324
f 3324/3324 3329/3329 3325/3325
f 3324/3324 3326/3326 3327/3327
f 3328/3328 3330/3330 3329/3329
f 3330/3330 3331/3331 3325/3325
f 3328/3328 3332/3332 3179/3179
f 3179/3179 3175/3175 3331/3331
f 3332/3332 3333/3333 3180/3180
f 3254/3254 3332/3332 3328/3328
f 3241/3241 3333/3333 3332/3332
f 3235/3235 3183/3183 3180/3180
f 3233/3233 3235/3235 3333/3333
f 3235/3235 3229/3229 3184/3184
f 3334/3334 3325/3325 3331/3331
f 3336/3336 3335/3335 3331/3331
f 3337/3337 3339/3339 3167/3167
f 3172/3172 3166/3166 3167/3167
f 3338/3338 3167/3167 3163/3163
f 3340/3340 3337/3337 3338/3338
f 3338/3338 3154/3154 3152/3152
f 3342/3342 3340/3340 3341/3341
f 3343/3343 3341/3341 3152/3152
f 3344/3344 3326/3326 3325/3325
f 3345/3345 3327/3327 3326/3326
f 3346/3346 3352/3352 3327/3327
f 3347/3347 3342/3342 3343/3343
f 3349/3349 3347/3347 3348/3348
f 3351/3351 3353/3353 3352/3352
f 3313/3313 3352/3352 3353/3353
f 3323/3323 3327/3327 3352/3352
f 3319/3319 3323/3323 3313/3313
f 3354/3354 3312/3312 3311/3311
f 3355/3355 3354/3354 3353/3353
f 3358/3358 3359/3359 3356/3356
f 3359/3359 5831/5831 3356/3356
f 3359/3359 3358/3358 3303/3303
f 3358/3358 3357/3357 3360/3360
f 3360/3360 5832/5832 3361/3361
f 3303/3303 3358/3358 3361/3361
f 3361/3361 5832/5832 3362/3362
f 3362/3362 5833/5833 3363/3363
f 3302/3302 3304/3304 3361/3361
f 3366/3366 5834/5834 3364/3364
f 3364/3364 5835/5835 3365/3365
f 3365/3365 5835/5835 3367/3367
f 3367/3367 4074/4074 3368/3368
f 3368/3368 3384/3384 3369/3369
f 3365/3365 3369/3369 3370/3370
f 3372/3372 5836/5836 3371/3371
f 3371/3371 5834/5834 3366/3366
f 3366/3366 3370/3370 3373/3373
f 3370/3370 3375/3375 3374/3374
f 3369/3369 3377/3377 3375/3375
f 3375/3375 3378/3378 3376/3376
f 3377/3377 3380/3380 3378/3378
f 3379/3379 3391/3391 3380/3380
f 3369/3369 3384/3384 3379/3379
f 3381/3381 3391/3391 3379/3379
f 3383/3383 3382/3382 3379/3379
f 3385/3385 4071/4071 3386/3386
f 3388/3388 3385/3385 3387/3387
f 3390/3390 5837/5837 3391/3391
f 3392/3392 3388/3388 3389/3389
f 3146/3146 5828/5828 3394/3394
f 3394/3394 3393/3393 3389/3389
f 3148/3148 3146/3146 3389/3389
f 3397/3397 5838/5838 3395/3395
f 5838/5838 3390/3390 3395/3395
f 3397/3397 3396/3396 3398/3398
f 3398/3398 5827/5827 3144/3144
f 3399/3399 5838/5838 3397/3397
f 3400/3400 3397/3397 3144/3144
f 3401/3401 3144/3144 3137/3137
f 3402/3402 3405/3405 3403/3403
f 3405/3405 3407/3407 3406/3406
f 3407/3407 3516/3516 3408/3408
f 3406/3406 5839/5839 3409/3409
f 3409/3409 5840/5840 3403/3403
f 3408/3408 5841/5841 3410/3410
f 3410/3410 5839/5839 3406/3406
f 3380/3380 5842/5842 3411/3411
f 3411/3411 5843/5843 3378/3378
f 3391/3391 5837/5837 3412/3412
f 3412/3412 5842/5842 3380/3380
f 3403/3403 5840/5840 3413/3413
f 3413/3413 3392/3392 3404/3404
f 3378/3378 5843/5843 3414/3414
f 3414/3414 5844/5844 3376/3376
f 3416/3416 5845/5845 3415/3415
f 3415/3415 5841/5841 3408/3408
f 3376/3376 5844/5844 3417/3417
f 3417/3417 5846/5846 3418/3418
f 3420/3420 5847/5847 3419/3419
f 3419/3419 5845/5845 3416/3416
f 3418/3418 5846/5846 3421/3421
f 3421/3421 5848/5848 3422/3422
f 3423/3423 3424/3424 3418/3418
f 3374/3374 3376/3376 3418/3418
f 3425/3425 3426/3426 3424/3424
f 3426/3426 3373/3373 3374/3374
f 3425/3425 3423/3423 3427/3427
f 3427/3427 3423/3423 3422/3422
f 3430/3430 3425/3425 3428/3428
f 3432/3432 3426/3426 3425/3425
f 3431/3431 5849/5849 3433/3433
f 3433/3433 5850/5850 3430/3430
f 3430/3430 5850/5850 3434/3434
f 3434/3434 5851/5851 3432/3432
f 3437/3437 5852/5852 3435/3435
f 3435/3435 5853/5853 3436/3436
f 3436/3436 5853/5853 3438/3438
f 3438/3438 5854/5854 3439/3439
f 3440/3440 3436/3436 3439/3439
f 3442/3442 3437/3437 3436/3436
f 3443/3443 3445/3445 3442/3442
f 3443/3443 3440/3440 3441/3441
f 3445/3445 3447/3447 3446/3446
f 3446/3446 3448/3448 3437/3437
f 3447/3447 3300/3300 3302/3302
f 3446/3446 3302/3302 3363/3363
f 3449/3449 3447/3447 3445/3445
f 3296/3296 3300/3300 3447/3447
f 3451/3451 3449/3449 3450/3450
f 3297/3297 3296/3296 3449/3449
f 3453/3453 3460/3460 3454/3454
f 3456/3456 3453/3453 3455/3455
f 3457/3457 3299/3299 3455/3455
f 3458/3458 3455/3455 3454/3454
f 3460/3460 4065/4065 3461/3461
f 3459/3459 3454/3454 3461/3461
f 3463/3463 3462/3462 3461/3461
f 3465/3465 3463/3463 3464/3464
f 3467/3467 3465/3465 3466/3466
f 3469/3469 3468/3468 3466/3466
f 3470/3470 3466/3466 3464/3464
f 3472/3472 3475/3475 3473/3473
f 3475/3475 4062/4062 3476/3476
f 3474/3474 3473/3473 3477/3477
f 3476/3476 3444/3444 3477/3477
f 3477/3477 3480/3480 3479/3479
f 3477/3477 3444/3444 3441/3441
f 3476/3476 4063/4063 3443/3443
f 3480/3480 3482/3482 3481/3481
f 3480/3480 3441/3441 3439/3439
f 3482/3482 5855/5855 3483/3483
f 3483/3483 5856/5856 3481/3481
f 3439/3439 5854/5854 3484/3484
f 3484/3484 5855/5855 3482/3482
f 3485/3485 3479/3479 3481/3481
f 3481/3481 5856/5856 3487/3487
f 3487/3487 5857/5857 3486/3486
f 3490/3490 5858/5858 3488/3488
f 3488/3488 5859/5859 3489/3489
f 3489/3489 5859/5859 3491/3491
f 3491/3491 5860/5860 3492/3492
f 3489/3489 3495/3495 3493/3493
f 3489/3489 3492/3492 3494/3494
f 3493/3493 3495/3495 3496/3496
f 3495/3495 3494/3494 3498/3498
f 3496/3496 3500/3500 3499/3499
f 3498/3498 3502/3502 3500/3500
f 3502/3502 5861/5861 3501/3501
f 3501/3501 5862/5862 3500/3500
f 3500/3500 5862/5862 3503/3503
f 3503/3503 5863/5863 3499/3499
f 3429/3429 5864/5864 3504/3504
f 3504/3504 5861/5861 3502/3502
f 3498/3498 3427/3427 3429/3429
f 3422/3422 5848/5848 3505/3505
f 3505/3505 5864/5864 3429/3429
f 3508/3508 5865/5865 3506/3506
f 3506/3506 5866/5866 3507/3507
f 3510/3510 5867/5867 3509/3509
f 3509/3509 5865/5865 3508/3508
f 3511/3511 3508/3508 3507/3507
f 3513/3513 3510/3510 3508/3508
f 3514/3514 3512/3512 3507/3507
f 3515/3515 3514/3514 3420/3420
f 3516/3516 3515/3515 3416/3416
f 3507/3507 5866/5866 3517/3517
f 3517/3517 5847/5847 3420/3420
f 3518/3518 3520/3520 3510/3510
f 3519/3519 3522/3522 3520/3520
f 3521/3521 3525/3525 3522/3522
f 3525/3525 3521/3521 3523/3523
f 3523/3523 3526/3526 3524/3524
f 3526/3526 3528/3528 3527/3527
f 3528/3528 3530/3530 3529/3529
f 3530/3530 3532/3532 3531/3531
f 3532/3532 3634/3634 3533/3533
f 3531/3531 5868/5868 3534/3534
f 3534/3534 5869/5869 3529/3529
f 3533/3533 5870/5870 3535/3535
f 3535/3535 5868/5868 3531/3531
f 3538/3538 5871/5871 3536/3536
f 3536/3536 5872/5872 3537/3537
f 3540/3540 5873/5873 3539/3539
f 3539/3539 5871/5871 3538/3538
f 3541/3541 3543/3543 3538/3538
f 3542/3542 3540/3540 3538/3538
f 3544/3544 3545/3545 3543/3543
f 3545/3545 3550/3550 3542/3542
f 3546/3546 3545/3545 3544/3544
f 3548/3548 3550/3550 3545/3545
f 3549/3549 3553/3553 3550/3550
f 3550/3550 3553/3553 3551/3551
f 3552/3552 3692/3692 3553/3553
f 3553/3553 3692/3692 3554/3554
f 3548/3548 5874/5874 3555/3555
f 3555/3555 5875/5875 3549/3549
f 3549/3549 5875/5875 3556/3556
f 3556/3556 5876/5876 3552/3552
f 3559/3559 5877/5877 3557/3557
f 3557/3557 5878/5878 3558/3558
f 3561/3561 5879/5879 3560/3560
f 3560/3560 5877/5877 3559/3559
f 3552/3552 5876/5876 3562/3562
f 3562/3562 5880/5880 3563/3563
f 3486/3486 5857/5857 3564/3564
f 3564/3564 5879/5879 3561/3561
f 3565/3565 3566/3566 3561/3561
f 3566/3566 3485/3485 3486/3486
f 3567/3567 3569/3569 3566/3566
f 3568/3568 3485/3485 3566/3566
f 3570/3570 3571/3571 3569/3569
f 3571/3571 3572/3572 3568/3568
f 3478/3478 3479/3479 3485/3485
f 3572/3572 3474/3474 3478/3478
f 3573/3573 3574/3574 3572/3572
f 3574/3574 3472/3472 3474/3474
f 3575/3575 3579/3579 3576/3576
f 3577/3577 3576/3576 3468/3468
f 3578/3578 3580/3580 3576/3576
f 3580/3580 3467/3467 3468/3468
f 3581/3581 3578/3578 3579/3579
f 3581/3581 3582/3582 3583/3583
f 3585/3585 3582/3582 3579/3579
f 3585/3585 3588/3588 3583/3583
f 3584/3584 3583/3583 3586/3586
f 3588/3588 3663/3663 3586/3586
f 3589/3589 3593/3593 3590/3590
f 3592/3592 3570/3570 3593/3593
f 3590/3590 3593/3593 3594/3594
f 3593/3593 3570/3570 3567/3567
f 3594/3594 3597/3597 3596/3596
f 3567/3567 3565/3565 3597/3597
f 3596/3596 3597/3597 3558/3558
f 3597/3597 3565/3565 3559/3559
f 3595/3595 3596/3596 3599/3599
f 3599/3599 3596/3596 3598/3598
f 3599/3599 3601/3601 3602/3602
f 3600/3600 3599/3599 3603/3603
f 3605/3605 3604/3604 3603/3603
f 3603/3603 3602/3602 3607/3607
f 3602/3602 5881/5881 3608/3608
f 3608/3608 5882/5882 3607/3607
f 3601/3601 5883/5883 3609/3609
f 3609/3609 5881/5881 3602/3602
f 3611/3611 5884/5884 3610/3610
f 3610/3610 5885/5885 3547/3547
f 3547/3547 5885/5885 3612/3612
f 3612/3612 5886/5886 3546/3546
f 3598/3598 5887/5887 3613/3613
f 3613/3613 5883/5883 3601/3601
f 3546/3546 5886/5886 3614/3614
f 3614/3614 5874/5874 3548/3548
f 3558/3558 5878/5878 3615/3615
f 3615/3615 5887/5887 3598/3598
f 3611/3611 3547/3547 3544/3544
f 3618/3618 5888/5888 3617/3617
f 3617/3617 5884/5884 3611/3611
f 3618/3618 3611/3611 3616/3616
f 3616/3616 3621/3621 3620/3620
f 3544/3544 3541/3541 3621/3621
f 3620/3620 3621/3621 3622/3622
f 3621/3621 3541/3541 3537/3537
f 3622/3622 5889/5889 3624/3624
f 3624/3624 5890/5890 3623/3623
f 3537/3537 5872/5872 3625/3625
f 3625/3625 5889/5889 3622/3622
f 3627/3627 5891/5891 3626/3626
f 3626/3626 5870/5870 3533/3533
f 3629/3629 5892/5892 3628/3628
f 3628/3628 5891/5891 3627/3627
f 3623/3623 5890/5890 3630/3630
f 3630/3630 5702/5702 3034/3034
f 3037/3037 5704/5704 3631/3631
f 3631/3631 5892/5892 3629/3629
f 3632/3632 3633/3633 3629/3629
f 3042/3042 3037/3037 3629/3629
f 3634/3634 3632/3632 3627/3627
f 3635/3635 3620/3620 3623/3623
f 3619/3619 3620/3620 3635/3635
f 3636/3636 3635/3635 3033/3033
f 3638/3638 3636/3636 3637/3637
f 3618/3618 3619/3619 3636/3636
f 3639/3639 5893/5893 3640/3640
f 3640/3640 5894/5894 3638/3638
f 3638/3638 5894/5894 3641/3641
f 3641/3641 5888/5888 3618/3618
f 3644/3644 5895/5895 3642/3642
f 3642/3642 5896/5896 3643/3643
f 3607/3607 5882/5882 3645/3645
f 3645/3645 5895/5895 3644/3644
f 3646/3646 3644/3644 3643/3643
f 3606/3606 3607/3607 3644/3644
f 3648/3648 3649/3649 3646/3646
f 3649/3649 3605/3605 3606/3606
f 3650/3650 3649/3649 3648/3648
f 3652/3652 3605/3605 3649/3649
f 3652/3652 3657/3657 3604/3604
f 3653/3653 3652/3652 3650/3650
f 3655/3655 3657/3657 3652/3652
f 3656/3656 3664/3664 3657/3657
f 3657/3657 3664/3664 3600/3600
f 3658/3658 3674/3674 3659/3659
f 3661/3661 3658/3658 3660/3660
f 3663/3663 3661/3661 3662/3662
f 3591/3591 3590/3590 3664/3664
f 3665/3665 3662/3662 3660/3660
f 3587/3587 3586/3586 3662/3662
f 3666/3666 3660/3660 3659/3659
f 3667/3667 3659/3659 3668/3668
f 3670/3670 3669/3669 3668/3668
f 3672/3672 3671/3671 3668/3668
f 3674/3674 3673/3673 3668/3668
f 3675/3675 3654/3654 3650/3650
f 3676/3676 3680/3680 3671/3671
f 3677/3677 3675/3675 3651/3651
f 3679/3679 3677/3677 3678/3678
f 2906/2906 2905/2905 3680/3680
f 2904/2904 3678/3678 3681/3681
f 3678/3678 3651/3651 3648/3648
f 3681/3681 3683/3683 2909/2909
f 3648/3648 3647/3647 3683/3683
f 3647/3647 3643/3643 3684/3684
f 2909/2909 3683/3683 3684/3684
f 3684/3684 5897/5897 3685/3685
f 3685/3685 5696/5696 3013/3013
f 3643/3643 5896/5896 3686/3686
f 3686/3686 5897/5897 3684/3684
f 3019/3019 5697/5697 3687/3687
f 3687/3687 5893/5893 3639/3639
f 3688/3688 3670/3670 3671/3671
f 3689/3689 3688/3688 3680/3680
f 3690/3690 3689/3689 2905/2905
f 3664/3664 3590/3590 3595/3595
f 3019/3019 3639/3639 3637/3637
f 3637/3637 3033/3033 3025/3025
f 3592/3592 3573/3573 3571/3571
f 3563/3563 5880/5880 3691/3691
f 3691/3691 5858/5858 3490/3490
f 3563/3563 3693/3693 3692/3692
f 3563/3563 3490/3490 3493/3493
f 3693/3693 3694/3694 3554/3554
f 3493/3493 3497/3497 3694/3694
f 3694/3694 3696/3696 3695/3695
f 3497/3497 3499/3499 3696/3696
f 3554/3554 3695/3695 3697/3697
f 3696/3696 5898/5898 3698/3698
f 3698/3698 3702/3702 3695/3695
f 3695/3695 3702/3702 3699/3699
f 3699/3699 5899/5899 3697/3697
f 3697/3697 5899/5899 3700/3700
f 3700/3700 5873/5873 3540/3540
f 3551/3551 3697/3697 3540/3540
f 3527/3527 5900/5900 3701/3701
f 3701/3701 3699/3699 3524/3524
f 3524/3524 3699/3699 3702/3702
f 3702/3702 5901/5901 3525/3525
f 3529/3529 5869/5869 3703/3703
f 3703/3703 5900/5900 3527/3527
f 3525/3525 5901/5901 3704/3704
f 3704/3704 5902/5902 3522/3522
f 3499/3499 5863/5863 3705/3705
f 3705/3705 5898/5898 3696/3696
f 3522/3522 5902/5902 3706/3706
f 3706/3706 5903/5903 3520/3520
f 3520/3520 5903/5903 3707/3707
f 3707/3707 5867/5867 3510/3510
f 3708/3708 3958/3958 3709/3709
f 3708/3708 3710/3710 3711/3711
f 3712/3712 3711/3711 3713/3713
f 3715/3715 3711/3711 3710/3710
f 3717/3717 3713/3713 3711/3711
f 3718/3718 3719/3719 3713/3713
f 3714/3714 3713/3713 3719/3719
f 3721/3721 3722/3722 3717/3717
f 3722/3722 3724/3724 3718/3718
f 3723/3723 3725/3725 3718/3718
f 3725/3725 3727/3727 3719/3719
f 3725/3725 3728/3728 3726/3726
f 3723/3723 3729/3729 3728/3728
f 3729/3729 3739/3739 3730/3730
f 3728/3728 3730/3730 3731/3731
f 3732/3732 3729/3729 3723/3723
f 3734/3734 3739/3739 3729/3729
f 3735/3735 3736/3736 3732/3732
f 3736/3736 3737/3737 3734/3734
f 3737/3737 3740/3740 3738/3738
f 3738/3738 3742/3742 3739/3739
f 3740/3740 3763/3763 3741/3741
f 3741/3741 3744/3744 3742/3742
f 3739/3739 3742/3742 3743/3743
f 3744/3744 3749/3749 3743/3743
f 3730/3730 3743/3743 3745/3745
f 3743/3743 3749/3749 3746/3746
f 3747/3747 4059/4059 3731/3731
f 3748/3748 3747/3747 3745/3745
f 3749/3749 3756/3756 3750/3750
f 3751/3751 3748/3748 3746/3746
f 3752/3752 3751/3751 3750/3750
f 3754/3754 3752/3752 3753/3753
f 3756/3756 3757/3757 3753/3753
f 3757/3757 3788/3788 3755/3755
f 3758/3758 3757/3757 3756/3756
f 3760/3760 3788/3788 3757/3757
f 3759/3759 3756/3756 3749/3749
f 3761/3761 3758/3758 3759/3759
f 3762/3762 3759/3759 3744/3744
f 3763/3763 3764/3764 3762/3762
f 3764/3764 3765/3765 3761/3761
f 3765/3765 3774/3774 3766/3766
f 3766/3766 3760/3760 3758/3758
f 3767/3767 3765/3765 3764/3764
f 3769/3769 3774/3774 3765/3765
f 3772/3772 5904/5904 5905/5905
f 5905/5905 5906/5906 5907/5907
f 5907/5907 5908/5908 5909/5909
f 5908/5908 5910/5910 5909/5909
f 5910/5910 5911/5911 5909/5909
f 5909/5909 5912/5912 5913/5913
f 5912/5912 5914/5914 5913/5913
f 5914/5914 5915/5915 5913/5913
f 5913/5913 5916/5916 5917/5917
f 5916/5916 5918/5918 5917/5917
f 5918/5918 5919/5919 5917/5917
f 5917/5917 5920/5920 5921/5921
f 5920/5920 5922/5922 5921/5921
f 5922/5922 5923/5923 5921/5921
f 5921/5921 5924/5924 5925/5925
f 5924/5924 5926/5926 5925/5925
f 5926/5926 5927/5927 5925/5925
f 5925/5925 5928/5928 5929/5929
f 5929/5929 5930/5930 5931/5931
f 5931/5931 5932/5932 3770/3770
f 5932/5932 5933/5933 3770/3770
f 5933/5933 5934/5934 3770/3770
f 3770/3770 5935/5935 5936/5936
f 5936/5936 5937/5937 5938/5938
f 5938/5938 5939/5939 3771/3771
f 5939/5939 5940/5940 3771/3771
f 5940/5940 5941/5941 3771/3771
f 3771/3771 5942/5942 5943/5943
f 5942/5942 5944/5944 5943/5943
f 5944/5944 5945/5945 5943/5943
f 5943/5943 5946/5946 3772/3772
f 5946/5946 5947/5947 3772/3772
f 5947/5947 5948/5948 3772/3772
f 3772/3772 5905/5905 5909/5909
f 5905/5905 5907/5907 5909/5909
f 5925/5925 5929/5929 3770/3770
f 5929/5929 5931/5931 3770/3770
f 3770/3770 5936/5936 3771/3771
f 5936/5936 5938/5938 3771/3771
f 5909/5909 5913/5913 5917/5917
f 5917/5917 5921/5921 5925/5925
f 3771/3771 5943/5943 3772/3772
f 3772/3772 5909/5909 3770/3770
f 5909/5909 5917/5917 3770/3770
f 5917/5917 5925/5925 3770/3770
f 3773/3773 3781/3781 3774/3774
f 3775/3775 4050/4050 3776/3776
f 3777/3777 3776/3776 3778/3778
f 3780/3780 3766/3766 3774/3774
f 3780/3780 3785/3785 3760/3760
f 3779/3779 3778/3778 3782/3782
f 3784/3784 3788/3788 3760/3760
f 3783/3783 3782/3782 3786/3786
f 3784/3784 3794/3794 3755/3755
f 3789/3789 3787/3787 3786/3786
f 3791/3791 3789/3789 3790/3790
f 3793/3793 3754/3754 3755/3755
f 3792/3792 3790/3790 3795/3795
f 3796/3796 3795/3795 3797/3797
f 3799/3799 3806/3806 3797/3797
f 3799/3799 3795/3795 3790/3790
f 3800/3800 3806/3806 3799/3799
f 3801/3801 3799/3799 3786/3786
f 3802/3802 3800/3800 3801/3801
f 3778/3778 3803/3803 3801/3801
f 3804/3804 3805/3805 3800/3800
f 3805/3805 3808/3808 3806/3806
f 3804/3804 4040/4040 3807/3807
f 3807/3807 3812/3812 3808/3808
f 3808/3808 3812/3812 3809/3809
f 3806/3806 3808/3808 3810/3810
f 3807/3807 3813/3813 3811/3811
f 3811/3811 3815/3815 3809/3809
f 3813/3813 3816/3816 3814/3814
f 3814/3814 3818/3818 3815/3815
f 3816/3816 3819/3819 3817/3817
f 3817/3817 3822/3822 3818/3818
f 3819/3819 3831/3831 3820/3820
f 3817/3817 3820/3820 3821/3821
f 3823/3823 4054/4054 3818/3818
f 3824/3824 3823/3823 3822/3822
f 3825/3825 3824/3824 3821/3821
f 3827/3827 3825/3825 3826/3826
f 3829/3829 3838/3838 3828/3828
f 3820/3820 3829/3829 3826/3826
f 3830/3830 3829/3829 3820/3820
f 3832/3832 3838/3838 3829/3829
f 3833/3833 3836/3836 3832/3832
f 3833/3833 3830/3830 3831/3831
f 3835/3835 3840/3840 3832/3832
f 3832/3832 3840/3840 3837/3837
f 3839/3839 3843/3843 3840/3840
f 3840/3840 3843/3843 3841/3841
f 3841/3841 3845/3845 3842/3842
f 3837/3837 3842/3842 3828/3828
f 3843/3843 3847/3847 3844/3844
f 3844/3844 3849/3849 3845/3845
f 3846/3846 3848/3848 3844/3844
f 3848/3848 3852/3852 3849/3849
f 3850/3850 3851/3851 3848/3848
f 3851/3851 3855/3855 3852/3852
f 3850/3850 4009/4009 3853/3853
f 3851/3851 3853/3853 3854/3854
f 3856/3856 3852/3852 3855/3855
f 3857/3857 3855/3855 3854/3854
f 3858/3858 3854/3854 3859/3859
f 3853/3853 3863/3863 3859/3859
f 3861/3861 3860/3860 3859/3859
f 3863/3863 3868/3868 3862/3862
f 3864/3864 3861/3861 3862/3862
f 3866/3866 3864/3864 3865/3865
f 3868/3868 3869/3869 3865/3865
f 3869/3869 3870/3870 3867/3867
f 3870/3870 3875/3875 3871/3871
f 3872/3872 3866/3866 3867/3867
f 3873/3873 3872/3872 3871/3871
f 3875/3875 3884/3884 3874/3874
f 3876/3876 3873/3873 3874/3874
f 3878/3878 3881/3881 3879/3879
f 3881/3881 3886/3886 3882/3882
f 3883/3883 3877/3877 3874/3874
f 3885/3885 3911/3911 3882/3882
f 3883/3883 3884/3884 3887/3887
f 3887/3887 3884/3884 3875/3875
f 3890/3890 3888/3888 3887/3887
f 3891/3891 3887/3887 3889/3889
f 3889/3889 3875/3875 3870/3870
f 3892/3892 3889/3889 3893/3893
f 3895/3895 3896/3896 3892/3892
f 3896/3896 3901/3901 3891/3891
f 3897/3897 3896/3896 3895/3895
f 3899/3899 3901/3901 3896/3896
f 3900/3900 3996/3996 3901/3901
f 3902/3902 3905/3905 3903/3903
f 3905/3905 3995/3995 3906/3906
f 3903/3903 3906/3906 3907/3907
f 3904/3904 3903/3903 3908/3908
f 3908/3908 3907/3907 3910/3910
f 3909/3909 3908/3908 3911/3911
f 3906/3906 3994/3994 3912/3912
f 3912/3912 3913/3913 3910/3910
f 3913/3913 3923/3923 3914/3914
f 3910/3910 3914/3914 3882/3882
f 3914/3914 3916/3916 3879/3879
f 3914/3914 3923/3923 3915/3915
f 3880/3880 3879/3879 3916/3916
f 3917/3917 3916/3916 3915/3915
f 3918/3918 3915/3915 3919/3919
f 3920/3920 3919/3919 3921/3921
f 3923/3923 3924/3924 3919/3919
f 3924/3924 3931/3931 3921/3921
f 3925/3925 3924/3924 3923/3923
f 3926/3926 3931/3931 3924/3924
f 3927/3927 3929/3929 3926/3926
f 3927/3927 3925/3925 3913/3913
f 3928/3928 3932/3932 3926/3926
f 3926/3926 3932/3932 3930/3930
f 3932/3932 3946/3946 3933/3933
f 3934/3934 3946/3946 3932/3932
f 3935/3935 3937/3937 3928/3928
f 3936/3936 3934/3934 3928/3928
f 3938/3938 3940/3940 3937/3937
f 3939/3939 3936/3936 3937/3937
f 3941/3941 3943/3943 3936/3936
f 3942/3942 3986/3986 3943/3943
f 3943/3943 3945/3945 3934/3934
f 3943/3943 3986/3986 3944/3944
f 3945/3945 3947/3947 3946/3946
f 3944/3944 3954/3954 3947/3947
f 3946/3946 3947/3947 3948/3948
f 3947/3947 3954/3954 3949/3949
f 3948/3948 3949/3949 3950/3950
f 3948/3948 3951/3951 3952/3952
f 3953/3953 3959/3959 3949/3949
f 3949/3949 3959/3959 3955/3955
f 3956/3956 3987/3987 3951/3951
f 3957/3957 3956/3956 3950/3950
f 3958/3958 3957/3957 3955/3955
f 3959/3959 3960/3960 3709/3709
f 3716/3716 3710/3710 3709/3709
f 3961/3961 3960/3960 3959/3959
f 3961/3961 3966/3966 3716/3716
f 3962/3962 3964/3964 3961/3961
f 3963/3963 3966/3966 3961/3961
f 3965/3965 3721/3721 3966/3966
f 3966/3966 3721/3721 3715/3715
f 3965/3965 3971/3971 3722/3722
f 3967/3967 3965/3965 3963/3963
f 3969/3969 3971/3971 3965/3965
f 3970/3970 3976/3976 3971/3971
f 3971/3971 3976/3976 3724/3724
f 3972/3972 3973/3973 3969/3969
f 3973/3973 3974/3974 3970/3970
f 3974/3974 3975/3975 3735/3735
f 3975/3975 3977/3977 3736/3736
f 3970/3970 3735/3735 3733/3733
f 3977/3977 3979/3979 3737/3737
f 3978/3978 3740/3740 3737/3737
f 3980/3980 3763/3763 3740/3740
f 3768/3768 3764/3764 3763/3763
f 3981/3981 3972/3972 3967/3967
f 3981/3981 3968/3968 3982/3982
f 3983/3983 3982/3982 3984/3984
f 3985/3985 3984/3984 3986/3986
f 3984/3984 3982/3982 3964/3964
f 3986/3986 3984/3984 3962/3962
f 3962/3962 3953/3953 3954/3954
f 3982/3982 3968/3968 3963/3963
f 3976/3976 3733/3733 3723/3723
f 3987/3987 3988/3988 3952/3952
f 3988/3988 3990/3990 3989/3989
f 3933/3933 3952/3952 3989/3989
f 3922/3922 3921/3921 3989/3989
f 3930/3930 3989/3989 3921/3921
f 3991/3991 3938/3938 3935/3935
f 3993/3993 3991/3991 3992/3992
f 3995/3995 3993/3993 3994/3994
f 3994/3994 3992/3992 3927/3927
f 3992/3992 3935/3935 3929/3929
f 3890/3890 3891/3891 3901/3901
f 3898/3898 3895/3895 3997/3997
f 3998/3998 3997/3997 3999/3999
f 4000/4000 3999/3999 4001/4001
f 3999/3999 4005/4005 4003/4003
f 3999/3999 3997/3997 4004/4004
f 4005/4005 4007/4007 4006/4006
f 4004/4004 4008/4008 4007/4007
f 4006/4006 4007/4007 3868/3868
f 4008/4008 3869/3869 3868/3868
f 4004/4004 3894/3894 3893/3893
f 3893/3893 3870/3870 3869/3869
f 4003/4003 4006/4006 4009/4009
f 4009/4009 4006/4006 3863/3863
f 4010/4010 4009/4009 3850/3850
f 4012/4012 4013/4013 4010/4010
f 4013/4013 4001/4001 4003/4003
f 4014/4014 4012/4012 4011/4011
f 4015/4015 4011/4011 3850/3850
f 4014/4014 4015/4015 4016/4016
f 4016/4016 4015/4015 3846/3846
f 4017/4017 4016/4016 3839/3839
f 3839/3839 4016/4016 3847/3847
f 4018/4018 3839/3839 3835/3835
f 4020/4020 4021/4021 4018/4018
f 4021/4021 4022/4022 4017/4017
f 4022/4022 4023/4023 4014/4014
f 4023/4023 4024/4024 4012/4012
f 4024/4024 4025/4025 4013/4013
f 4025/4025 4002/4002 4001/4001
f 4020/4020 4019/4019 4026/4026
f 4027/4027 4026/4026 4028/4028
f 4028/4028 4026/4026 3836/3836
f 4026/4026 4019/4019 3835/3835
f 4030/4030 4028/4028 3833/3833
f 4029/4029 4028/4028 4030/4030
f 4032/4032 4030/4030 3834/3834
f 4031/4031 4030/4030 4032/4032
f 3834/3834 3831/3831 3819/3819
f 4032/4032 4033/4033 4035/4035
f 4033/4033 3819/3819 3816/3816
f 4036/4036 4035/4035 4037/4037
f 4035/4035 3816/3816 3813/3813
f 4039/4039 4038/4038 4037/4037
f 4037/4037 3813/3813 3807/3807
f 4041/4041 4043/4043 4038/4038
f 4042/4042 4036/4036 4038/4038
f 4034/4034 4032/4032 4036/4036
f 4044/4044 4041/4041 4039/4039
f 4046/4046 4044/4044 4045/4045
f 4048/4048 4046/4046 4047/4047
f 4049/4049 4047/4047 3802/3802
f 4047/4047 4045/4045 3804/3804
f 3776/3776 4049/4049 3803/3803
f 4050/4050 4048/4048 4049/4049
f 4045/4045 4039/4039 4040/4040
f 3997/3997 3895/3895 3894/3894
f 4051/4051 3849/3849 3852/3852
f 4052/4052 3845/3845 3849/3849
f 4053/4053 3842/3842 3845/3845
f 4053/4053 3827/3827 3828/3828
f 4054/4054 4056/4056 3815/3815
f 4055/4055 3809/3809 3815/3815
f 4057/4057 3810/3810 3809/3809
f 3798/3798 3797/3797 3810/3810
f 4058/4058 3726/3726 3731/3731
f 4060/4060 3727/3727 3726/3726
f 3720/3720 3719/3719 3727/3727
f 3494/3494 3428/3428 3427/3427
f 3492/3492 3431/3431 3428/3428
f 3492/3492 5860/5860 4061/4061
f 4061/4061 5849/5849 3431/3431
f 4062/4062 4064/4064 4063/4063
f 3452/3452 3450/3450 4063/4063
f 4063/4063 3450/3450 3445/3445
f 3471/3471 3464/3464 3461/3461
f 4066/4066 3293/3293 3299/3299
f 3283/3283 3282/3282 3293/3293
f 3448/3448 5949/5949 4067/4067
f 4067/4067 5852/5852 3437/3437
f 3363/3363 5833/5833 4068/4068
f 4068/4068 5949/5949 3448/3448
f 3432/3432 5851/5851 4069/4069
f 4069/4069 5836/5836 3372/3372
f 3372/3372 3373/3373 3426/3426
f 3150/3150 3148/3148 3387/3387
f 4070/4070 3350/3350 3386/3386
f 3350/3350 3348/3348 3150/3150
f 4072/4072 3349/3349 3350/3350
f 4073/4073 4075/4075 3368/3368
f 4075/4075 3383/3383 3384/3384
f 3348/3348 3343/3343 3151/3151
f 3259/3259 3256/3256 3328/3328
f 4076/4076 3238/3238 3237/3237
f 4077/4077 2834/2834 3238/3238
f 2837/2837 3236/3236 3238/3238
f 3190/3190 3191/3191 3223/3223
f 2841/2841 2844/2844 3220/3220
f 2846/2846 3219/3219 3220/3220
f 2850/2850 2938/2938 3219/3219
f 3192/3192 3209/3209 3205/3205
f 3208/3208 2949/2949 2953/2953
f 2953/2953 2955/2955 3207/3207
f 3204/3204 3207/3207 3092/3092
f 3207/3207 2955/2955 2957/2957
f 2957/2957 5950/5950 4079/4079
f 4079/4079 5765/5765 3092/3092
f 2958/2958 5760/5760 4080/4080
f 4080/4080 5950/5950 2957/2957
f 3098/3098 3099/3099 4081/4081
f 4081/4081 5814/5814 3114/3114
f 3194/3194 3197/3197 3168/3168
f 3168/3168 3197/3197 3113/3113
f 3169/3169 3168/3168 3116/3116
f 3188/3188 3194/3194 4082/4082
f 4083/4083 3024/3024 3027/3027
f 4083/4083 4084/4084 3021/3021
f 3005/3005 3004/3004 3021/3021
f 2996/2996 2994/2994 4085/4085
f 4087/4087 4088/4088 2928/2928
f 4088/4088 4091/4091 2929/2929
f 4086/4086 4085/4085 4089/4089
f 4091/4091 2946/2946 2942/2942
f 4090/4090 4089/4089 2951/2951
f 4089/4089 2963/2963 2959/2959
f 4089/4089 4085/4085 2962/2962
f 2932/2932 2930/2930 2929/2929
f 4085/4085 2994/2994 2966/2966
f 4093/4093 2914/2914 2916/2916
f 4094/4094 2858/2858 2847/2847
f 4095/4095 207/207 210/210
f 4096/4096 206/206 207/207
f 4097/4097 4098/4098 206/206
f 200/200 206/206 4098/4098
f 4099/4099 201/201 4098/4098
f 4101/4101 4100/4100 4098/4098
f 4102/4102 4107/4107 4103/4103
f 4104/4104 4103/4103 4105/4105
f 4107/4107 4109/4109 4108/4108
f 4109/4109 4114/4114 4110/4110
f 168/168 4108/4108 4110/4110
f 4105/4105 4103/4103 4108/4108
f 170/170 4112/4112 4105/4105
f 4111/4111 4106/4106 4105/4105
f 4113/4113 4111/4111 4112/4112
f 4099/4099 195/195 194/194
f 167/167 4110/4110 158/158
f 4114/4114 157/157 158/158
f 4115/4115 4113/4113 176/176
f 4116/4116 4118/4118 147/147
f 4117/4117 4120/4120 4118/4118
f 4119/4119 4121/4121 4120/4120
f 107/107 4120/4120 4121/4121
f 4122/4122 4118/4118 4120/4120
f 116/116 115/115 4122/4122
f 144/144 147/147 4118/4118
f 142/142 144/144 4122/4122
f 4123/4123 139/139 142/142
f 106/106 108/108 4121/4121
f 97/97 98/98 4121/4121
f 133/133 139/139 4123/4123
f 4124/4124 4126/4126 4125/4125
f 4126/4126 4129/4129 4127/4127
f 4128/4128 4131/4131 4127/4127
f 4130/4130 4127/4127 4131/4131
f 4132/4132 4125/4125 4127/4127
f 68/68 4132/4132 4130/4130
f 88/88 91/91 4125/4125
f 85/85 88/88 4132/4132
f 4133/4133 82/82 85/85
f 50/50 49/49 4131/4131
f 60/60 4131/4131 49/49
f 77/77 82/82 4133/4133
f 4134/4134 4137/4137 4135/4135
f 4136/4136 4138/4138 4137/4137
f 10/10 9/9 4138/4138
f 4136/4136 4134/4134 64/64
f 10/10 4136/4136 4139/4139
f 4139/4139 56/56 55/55
f 64/64 58/58 56/56
f 4134/4134 69/69 63/63
f 4/4 55/55 53/53
f 27/27 53/53 41/41

